tree
version=v4
num_class=1
num_tree_per_iteration=1
label_index=0
max_feature_idx=140
objective=lambdarank
feature_names=age buga1 chulNo ilsu rating rcDist wgBudam wg wg_diff n_run hr_starts hr_winrate hr_plcrate jk_starts jk_winrate jk_plcrate tr_starts tr_winrate tr_plcrate ow_starts ow_winrate ow_plcrate hr_rest_days hr_last_dist hr_dist_chg hr_dist_starts hr_dist_winrate waterRate spRating stRating tool_n ill_n clinic_30d train_days_14 train_runs_14 train_sec_14 wg__z age__pr rating__z hr_winrate__z jk_winrate__z tr_winrate__z hr_rest_days__z train_runs_14__z hr_style hr_style_sd race_style_mean race_style_sd race_front_n race_front_ratio is_front pace_conflict style_vs_race jkhr_starts jkhr_winrate wgBudam_chg hr_style__missing hr_style_sd__missing race_style_sd__missing oh_sex_거 oh_sex_수 oh_sex_암 oh_weather_눈 oh_weather_맑음 oh_weather_비 oh_weather_흐림 oh_rcDay_금요일 oh_rcDay_월요일 oh_rcDay_일요일 oh_rcDay_토요일 oh_budam_마령 oh_budam_별정B oh_budam_핸디캡 oh_born_뉴질랜드 oh_born_미국 oh_born_일본 oh_born_캐나다 oh_born_한국 oh_born_한국_포 oh_born_호주 oh_meet_부경 te_jkName te_trName te_owName te_rank tool_3_4편자 tool_BlueBond편자 tool_BlueBond편자_오른앞다리 tool_BlueBond편자_왼앞다리 tool_Cornell_Collar tool_JR러깅재갈 tool_Triabit러깅재갈 tool_가지재갈 tool_계란형큰고리재갈 tool_고무가지재갈 tool_고정마팅게일변형샅바 tool_구각자극판 tool_귀가면_출장 tool_눈가리개_BF tool_눈가면 tool_눈가면_오른쪽 tool_눈가면_왼쪽 tool_망사가면 tool_망사눈가면 tool_망사눈가면_오른쪽 tool_망사눈가면_왼쪽 tool_반가지재갈 tool_반가지큰고리재갈 tool_보조선진입마 tool_양뒷다리편자미착용 tool_양털뺨굴레 tool_양털코굴레 tool_에퀼락스편자 tool_쿠션편자_Cushion tool_패드편자_Hoof_Pad tool_패드편자_Hoof_Rim_Pad tool_혀보정끈 tool_혀보정재갈 tool_혀보정큰고리재갈 ageCond_2세 ageCond_3세 ageCond_3세이상 ageCond_4세이상 ageCond_남3/북2 ageCond_남3/북3 ageCond_남4이하/북3 hr_last_finpct hr_prev_rating wg_diff__pr wgBudam__pr hr_winrate__pr jk_winrate__pr hr_rest_days__pr hr_style_n hr_last_finpct__missing hr_prev_rating__missing age__z__missing rating__pr__missing jk_winrate__pr__missing tr_winrate__pr__missing hr_rest_days__pr__missing
feature_infos=[-1.3752059930365912:5.7692420224723415] [-0.15475850491289181:18.239119996258552] [-1.5443211772760823:3.1448006789131573] [-1.6155062191623151:1.6542908933812244] [-1.4887401166858736:6.4330038683042092] [-1.7790662851715373:3.8474443899946129] [-2.2952435337662762:3.0046606562079639] [-3.7655061906992353:4.1450800983777283] [-5.1997315362515586:6.9460428505279568] [-3.0273038484171182:4.2813857926550325] [-1.1758523796620859:6.9917007549452634] [-0.53322997667732419:5.3482524253431212] [-1.0955177404860803:2.5991314850111582] [-1.4635991021195269:3.1788216851865414] [-1.6010207529192917:15.173749163119258] [-2.4381359669601816:6.0977228010517193] [-1.46355477699409:3.6592857210509377] [-2.005640932657176:19.006555594476897] [-3.2904330479453976:8.2537968499906267] [-0.97755405380645521:4.8567414380048461] [-1.1527935587903355:10.758221502227046] [-1.9703489915678976:4.8838000832524822] [-0.92315572931946521:16.983819065261944] [-1.885399056384496:4.143104059218893] [-6.8191332156509672:6.5834783348885217] [-0.84242167268340662:8.6731568872903999] [-0.38250296475268991:4.7872554295343095] [-1.1427673204615441:2.2447985597188991] [-1.2097048751234341:3.1200808539153666] [-0.19677245488288189:8.3348111381396031] [-2.8708293537083498:0.97176439029072437] [-3.8888495089653499:2.5088363511954483] [-0.47530703878638059:12.321707387198815] [-4.816679550282438:1.3833082716401039] [-3.3149208123011387:5.886001342564243] [-3.5466446051082761:14.241765723746504] [-2.9795471348946858:3.0058407479690792] [-1.8939728913311755:1.8939728913311755] [-3.724536547973913:3.9838006895686529] [-2.7556581904770217:4.793759794800212] [-2.7117873488734068:3.28078229037098] [-2.8452611459548409:3.4607169837379579] [-3.1270460001162572:4.0368361462266327] [-2.9195939423851791:3.1960569218802681] [-2.7969305581812525:2.918527049427226] [-3.3606353536274574:7.1054317567647578] [-5.1061964764960299:5.3008914785613221] [-4.4223499650498521:7.6325378530933641] [-0.7682407854267399:4.9999951624038284] [-1.5697036469593251:5.0880098020363809] [-0.3781195777854745:2.6446660229990746] [-0.3032702652035581:8.338639213513412] [-4.1646264585188:4.3388952325923551] [-0.65718381238157886:8.9497810673581544] [-0.34852655375619951:4.2757056005458525] [-4.8977040591280296:4.9063172400549684] [-0.95178345593490321:1.0506591533656524] [-1.0998247562582908:0.90923576170634279] [-0.85275602984449184:1.1726683424124944] [-0.52786442482771934:1.8944258278560309] [-0.75978155227311839:1.3161677813947903] [-0.84414875814115775:1.1846253285997028] [-0.076218295352814505:13.120209463764551] [-2.0250680546240041:0.49381056489267999] [-0.22608647785144209:4.4230862876155044] [-0.40621500892541518:2.461750496726745] [-0.54835112585128665:1.8236490322647767] [-0.082885179586331695:12.064883070663054] [-0.93777133306358917:1.06635803926008] [-0.64543975671285614:1.5493312731351951] [-0.099869951101050902:10.013021824634462] [-0.082518361008840996:12.118515052581566] [-1.4056550291916632:0.71141210270848643] [-0.072139469913866897:13.86203698466289] [-0.33241262851266062:3.0083092946088632] none none [-2.303496361993012:0.43412267390550102] [-0.23344893742973941:4.2835919966479512] [-0.036310750118029797:27.540053475883909] [-0.83870167677504603:1.1923190661132024] [-1.7209585711490305:3.8371312242008471] [-2.4631622576291154:3.2185255715937044] [-2.1839452576380243:4.3626429647007274] [-6.469462219824778:16.125887015291099] [-0.045156425841404897:22.145242484693693] [-0.31629542446278969:3.1616012204363821] [-0.046468365810659197:21.520016522091964] [-0.0492937978459227:20.28652779251648] [-0.042411989245429202:23.578238554508967] [-0.1430402539891614:6.9910390404911684] [-0.33096746480869582:3.0214450250510736] [-0.051091480151926799:19.572734965328401] [-0.94347875329945019:1.0599072809036651] none none [-0.196803804952464:5.0812025724885768] [-0.039857071622474899:25.08965057623832] [-0.23649786327818059:4.2283680120346361] [-0.2381160177234361:4.1996334793464714] [-0.062009914627714997:16.126453422870139] [-0.033741286938181701:29.637280932174448] [-0.80527220365977803:1.2418161156627892] [-1.1099768589237355:0.90091968310909443] [-0.072557445480240595:13.782183115478162] [-0.044822491494788702:22.310227893428525] none [-0.43524184845632979:2.2975731849928844] none none [-0.059782067094951603:16.727424269416844] [-0.17699207224053529:5.6499705740547652] [-0.037127936489458099:26.933896535939532] [-0.14807861447045001:6.753169615856689] none none [-0.4477755731327665:2.2332616158664318] none [-0.042411989245429202:23.578238554508967] [0:1] [0:1] [0:1] none [0:1] [0:1] none [-1.6559300880657957:1.7568446503825952] [-1.5691245251467056:6.9714964660761911] [-1.5858669789459467:1.5858669789459467] [-1.7206271258092962:1.7206271258092962] [-1.9892917463197144:2.2337988336575378] [-1.5796623201509503:1.5851913972038465] [-1.6307001191816015:1.7284648568469383] [-0.71725016310733591:7.5782977145047106] [0:1] [0:1] [0:1] [0:1] [0:1] [0:1] [0:1]
tree_sizes=13791 13822 13837 13821 13841 13801 13803 13877 13831 13857 13847 13824 13766 13870 13845 13843 13827 13850 13806 13830 13839 13796 13866 13876 13866 13856 13859 13861 13871 13821 13871 13867 13852 13864 13867 13887 13816 13860 13867 13892 13896 13834 13887 13840 13877 13854 13919 13839 13871 13865 13886 13867 13877 13893

Tree=0
num_leaves=127
num_cat=0
split_feature=40 37 37 38 32 14 38 32 38 38 18 81 18 32 37 37 18 7 32 2 7 7 38 39 35 52 81 18 14 74 37 32 37 18 37 35 21 44 46 82 43 55 53 52 0 2 34 52 44 8 2 19 52 18 39 46 21 81 33 128 8 18 43 82 16 7 18 128 21 21 131 7 38 7 21 40 18 81 45 39 49 81 37 43 6 130 3 7 7 16 131 7 128 35 18 53 40 19 22 8 2 19 3 43 24 22 35 130 37 24 83 32 16 34 127 19 21 37 16 4 23 83 19 16 46 49
split_gain=313.999 107.834 91.9432 45.9279 39.801 30.3303 28.5364 27.8891 21.1509 20.5877 15.591 15.2041 14.3933 12.2187 10.1978 10.1361 9.79638 9.65979 9.53833 9.20119 8.85623 8.84975 8.96203 8.2548 7.64787 7.44191 7.4057 6.83899 6.37111 6.13122 6.04857 5.60636 7.36729 5.56219 5.11886 5.10668 5.345 4.98609 7.0007 4.96617 4.90897 4.86645 4.78996 4.72152 4.71595 5.01734 5.63054 4.66502 4.62336 4.53694 4.51934 4.50024 5.6599 4.53328 4.495 4.839 5.68215 4.47635 4.45202 4.29544 4.2793 4.11229 4.0597 4.03662 3.94834 3.94637 3.93885 3.93458 3.91594 3.81162 3.79928 3.7891 3.75973 3.72913 3.6952 3.88755 3.54524 4.3833 3.44857 3.44061 3.42039 3.40362 3.378 3.30419 5.50688 3.70073 3.26629 3.24493 3.22645 3.19552 3.1773 3.17351 3.15142 3.11426 3.10024 3.04269 4.30924 4.05107 3.03163 2.99894 2.99836 3.04293 2.98053 2.94217 2.93848 2.92362 2.88051 2.87862 2.87322 4.55304 3.45836 4.02166 2.86497 3.33985 2.838 3.45943 2.90425 2.82974 2.81563 2.81273 2.80537 3.25004 3.10995 2.94484 2.80066 2.79113
threshold=-0.14763447996911425 -0.71934547314982122 -0.55466348960412992 -0.30335787393190733 -0.25466885902801512 1.2973808504186823 -0.0058115177798417498 -0.25466885902801512 0.065214478590303507 0.16303472114529829 0.10558164092141496 1.4050136464674872 0.93050127479136135 -0.25466885902801512 0.78464591212291557 1.1206006273709455 0.3329847810037887 0.38086391734352082 1.0000000180025095e-35 -1.3880171154031073 -0.49809011477614173 -1.0331056125881102 -1.2656299609526196 1.644968403490698 -0.48975526351555781 0.19728844630778988 1.201457470032848 -0.68338143120972028 0.70173565250282743 1.0000000180025095e-35 0.65387159343576295 -0.25466885902801512 -1.2869302979557984 0.19875046544250943 0.55466348960413014 -1.1537927242818655 -0.40330682490492192 -0.11527973867947193 0.32320752529234464 -0.53932995291155705 0.48659318510037414 -2.2716269254182975 1.0000000180025095e-35 -0.82654512130141755 1.403190457439105 -0.76280086791120894 -0.703848308893395 -0.012190142550805598 -1.1197150338622166 1.0194902883042172 -1.3880171154031073 -0.68050767759151942 1.0000000180025095e-35 1.0000000180025095e-35 -0.50027117896809103 -0.79004661812709587 -0.51572727529478912 -0.84469228239515093 -0.78668746603278572 -1.0001774696761367 -0.59019065452198372 1.7373066470302512 -0.29076520934768868 1.4039671130798312 0.043991794212780107 1.3362487348648933 0.77179806241684912 1.5330047463144156 1.1945371510487868 -0.59645928862399111 1.3666657833864913 -1.7591980739043531 -0.085392147331955728 -0.039505402365883041 -1.6551740605375738 1.7169399786609707 0.46449126639377469 -0.13544158089441735 -1.4995753981683568 1.048933135880681 0.17038054993727972 -0.93461251078714402 -0.55466348960412992 0.0083801831351897529 1.0000000180025095e-35 -0.55452379286590436 -1.0705400337383917 0.83944862975377965 -0.53630550747699657 -0.22652123538695726 1.2830917241836162 0.4572947027452306 1.2573659618785724 0.48102432325897698 -0.027217278335915446 -0.39032367683325286 0.17929370596031444 0.27918061479519579 -0.36599225886577441 -1.1755291791860565 -1.3880171154031073 0.91897280971967288 0.1515053517576784 0.82960742196397141 1.0000000180025095e-35 -0.39190683888687633 0.31119713761493711 -0.61358799678167009 -1.2114047389358491 -0.42243224834802934 -0.73082004475615736 -0.25466885902801512 0.032720417979457704 -0.20650116538715826 0.36528963098497608 -0.65004138259511579 0.2110556408478049 -1.2114047389358491 -0.40686325512011551 -0.43927830670855483 -0.26234052526050677 -0.056539339331538145 -0.54340935010770297 -0.22652123538695726 0.061866242461442657 0.28926829009791732
decision_type=2 2 2 2 2 2 2 2 2 2 2 2 2 2 2 2 2 2 2 2 2 2 2 2 2 2 2 2 2 2 2 2 2 2 2 2 2 2 2 2 2 2 2 2 2 2 2 2 2 2 2 2 2 2 2 2 2 2 2 2 2 2 2 2 2 2 2 2 2 2 2 2 2 2 2 2 2 2 2 2 2 2 2 2 2 2 2 2 2 2 2 2 2 2 2 2 2 2 2 2 2 2 2 2 2 2 2 2 2 2 2 2 2 2 2 2 2 2 2 2 2 2 2 2 2 2
left_child=2 6 8 13 9 7 11 10 12 14 24 21 18 26 16 17 19 51 41 -4 102 60 62 57 28 35 33 79 91 108 -22 32 92 48 120 -12 69 38 -16 -15 66 -1 -14 78 45 46 -35 72 -3 61 80 52 99 -53 86 -56 -57 -10 -20 90 -2 103 -23 124 -48 76 -31 95 104 -37 -36 -55 -21 106 -26 83 77 89 -29 -11 -43 -63 -41 85 -85 88 -19 -69 -76 -52 -34 -5 -8 -44 -87 96 -38 -98 -30 -6 -86 -102 -9 -18 -50 -59 -61 -60 -24 -110 111 -111 -13 -114 115 -32 -117 -62 -80 -28 -7 122 -122 -123 -27 -84
right_child=1 3 4 5 15 34 31 20 23 27 25 112 42 39 37 -17 49 54 58 47 30 22 29 -25 74 63 119 43 98 40 114 -33 59 44 70 36 67 -39 -40 82 -42 50 93 -45 -46 -47 64 -49 68 -51 65 53 -54 71 55 56 -58 105 107 73 117 81 -64 -65 -66 -67 -68 87 -70 -71 -72 -73 -74 -75 75 -77 -78 -79 118 -81 -82 -83 125 84 100 94 -88 -89 -90 -91 -92 -93 -94 -95 -96 -97 97 -99 -100 -101 101 -103 -104 -105 -106 -107 -108 -109 109 110 -112 -113 113 -115 -116 116 -118 -119 -120 -121 121 123 -124 -125 -126 -127
leaf_value=0.012173512698251256 0.007826780415616779 0.00053531275350363007 -0.038548777014198538 -0.030511915993355749 0.01646866510056904 0.031679612871052379 0.035551644047011374 0.0090563180409914956 -0.006331808065686971 -0.028097711826156457 -0.014654860665971277 0.038867660043025665 0.020831778454480372 -0.015318764199820966 -0.028853809975282516 -0.023805559058559748 -0.015769693501413221 0.014152284463711674 -0.020599818867807679 -0.021236919476683262 0.022489368416914825 -0.027030995242816224 0.022626522582006335 0.027177479510746335 -0.023515882947072179 -0.004562904417580285 0.021984723851731058 -0.02077098753727178 0.014221615973390009 -0.026396402859362133 -0.015582008777668577 0.035035573515440177 -0.01212790283069359 0.024709158423349628 -0.010419889411760369 0.0025003017054705166 -0.0080626025895623246 -0.035903416235830883 0.0037757586994318962 -0.015964227292747768 0.014563316749176233 -0.034515551639454731 -0.019727933170410002 -0.012362744925838498 -0.035039691653361599 -0.017487633735339025 -0.027228044904328494 -0.024817403254907146 -0.036614008287084956 -0.033445399988027681 -0.011769991661063678 -0.020952304154365137 0.019057828697765455 0.022351317783708712 -0.013437855695619434 -0.0062123599905472048 0.022309673868218385 -0.0029816913963837382 -0.010229378256109598 0 0 0.029496493441274387 0.0026333985097684535 0.011588399164400794 0.0094188667096172379 0.0095039792241302379 0.011541248472624189 -0.023596721463315165 0.0031317063769530648 -0.029308427264306859 0.0159787540989558 -0.008291284037505401 0.00091325715158936866 0.026919836335876211 0.019477540502124181 0.02110346801314442 0.0031913078736526741 0.0030638322766420975 0.023096171989866063 0.007795618901429489 -0.0070563771190469511 -0.0053103877857146728 0.019372541872891641 -0.01842581941477001 -0.0089518439684309267 -0.021625393848132762 -0.020411422878466461 0.014075681711118533 -0.0088984737370903441 -0.029194355460595293 0.01939425464060842 -0.0057860480794929454 0.011272099731944948 0.015878171199256618 0.0032520050937052771 0.020477707918170635 0.019877385126936962 -0.0030622466350102712 -0.01411665811105867 -0.01343889237100585 0.012607605552240497 -0.010048601953524533 -0.0071828934795327756 0.0026107472452344561 -0.017418754818646277 0.015660505048783364 0.023660511755008419 0.0118495514984257 -0.0084097343331530176 -0.013636300642080577 0.019375015476467663 0.019526142592145801 0.0019904680665707043 0.029703920619938744 -0.019641439499052442 6.2500702277713577e-05 0.032337983107803489 -0.028673741453175201 -0.0012183836631962475 -0.006595792968315025 -0.0056057452683507232 0.032484127929571838 0.01906858058109839 0.010070792743050637 -0.027755078705486182 -0.0039767045886063774
leaf_weight=5.4371491055935612 8.7939798422157782 4.8617340503260484 42.431620843708515 25.104214137420062 2.7165408674627587 36.495257233269513 46.619078842923045 23.861299137584865 14.933605802245436 29.837956013157967 7.0400805659592143 21.838371448684484 22.952175148762766 9.0057119401171786 21.218340380582962 22.693131654523313 37.411941347178072 2.6824341248720884 4.6715418649837366 12.074007720686497 82.94290283229202 5.139293220825496 60.441407750360668 28.309814822860062 7.1847555367276064 11.09252204932273 4.1455348618328571 3.1369857164099839 5.8363003507256508 6.7347290273755807 3.0037121176719657 106.68010015971959 6.9546939395368081 6.8423627950251094 6.3003498949110517 14.183209056034686 9.739454575814305 117.49391539627686 7.5661415047943583 3.1257490050047663 8.783994944766162 15.158989891409876 4.6065243314951649 98.585192499216646 5.145725341513752 15.241621015593408 4.3305577374994773 91.396240346133709 32.618563827127218 6.9247432271949938 23.68641996989026 30.604283521417528 9.5812802035361511 3.1862361226230886 4.8371192673221222 7.3662719763815359 27.846420417539779 8.7475051237270218 5.520332843065261 12.32406336348504 4.6686529610306025 3.3132835272699594 11.906762343831359 5.5635520261712363 4.3403728529810905 6.7613569404929867 2.7979739792644978 3.8743325415998688 2.7935009039938441 3.354862635023891 14.112820589914918 25.971006657462567 13.910268071107565 29.477384805679321 4.9709901753813019 4.9320852085947982 9.2341938940808159 8.2099162489175779 6.7161870896816263 2.0540582835674277 6.6852253451943389 5.2539928294718248 17.054395441897217 9.948798503726719 9.6557765305042249 21.209569147787988 6.6751981461420637 2.5932271350175142 8.0384966079145652 19.407226257026203 3.5007138838991523 6.7324551735073319 7.0900836307555428 2.6482530795037746 5.1046900087967542 42.586462422274053 24.496870242059231 8.8894203053787333 5.7532652467489225 15.593493899330497 31.720888313837349 5.4484586901962748 16.121877141296864 9.1867734370753151 13.861818351782857 37.489395751617849 6.4502597968094042 28.691071359440684 7.2073254846036425 6.5707681868225318 45.232823190279305 4.8120657447725534 6.6633207574486759 10.081169364973901 3.1850333157926789 4.9678214471787197 4.4996260646730661 7.518179511651395 8.9433846101164782 6.7500164299271983 7.8172936690971282 17.586196463555101 8.6822049934416992 9.7060291022062284 8.3709313953295332 5.5182945430278769
leaf_count=60 99 72 250 418 27 333 417 293 189 493 110 193 236 134 329 376 550 29 73 250 873 77 622 269 110 144 38 52 70 102 43 931 93 38 101 176 135 2005 104 51 86 90 79 1449 81 330 42 1827 522 130 441 476 104 29 72 113 291 106 82 150 63 25 148 61 31 100 32 68 34 59 162 364 221 286 49 53 144 129 66 22 33 78 200 139 48 360 105 30 121 401 35 99 78 23 67 457 248 120 82 247 454 99 209 120 205 410 65 354 111 95 501 50 77 101 50 66 33 123 112 96 107 154 101 113 138 75
internal_value=-0.000225249 0.0105688 -0.0130652 0.00296994 -0.0188246 0.00694276 0.0221162 0.00345578 0.00234374 -0.0228626 -0.00178056 0.0143316 -0.00405485 -0.0125479 -0.0266903 -0.00566587 -0.0223752 -0.00249007 -0.00830711 -0.0263308 0.0144977 0.0105426 0.0129516 0.0139962 -0.00844851 0.00533911 -0.0177883 -0.0132867 -0.0189604 0.0154083 0.0192919 0.0297901 0.0245208 -0.0205984 0.0216914 0.00853065 0.0101644 -0.0330196 -0.0203374 0.00268032 -0.000613368 -0.0134159 0.0143009 -0.00974792 -0.0108517 -0.00573422 0.0059914 -0.0216004 -0.0266936 -0.0118905 -0.0151277 -0.00845291 0.00137981 -0.0130385 0.00798681 0.0123543 0.0162534 0.00750856 0.00406926 0.0165964 -0.00740512 -0.00858409 -0.0071463 -0.00919072 -0.00949654 -0.010918 -0.0149378 0.0130398 -0.0293971 -0.00467533 0.00758483 -0.00421313 -0.00967359 0.0203061 -0.00406765 -0.00243826 -0.0133651 -0.0164065 0.00374662 -0.025528 -0.02692 0.00951322 0.00943777 -0.0038823 0.000720128 -0.0104546 -0.00980406 -0.00822774 0.00234637 -0.0201692 -0.000539986 -0.02571 0.032666 -0.00601804 -0.0167472 0.0147556 0.00870103 0.0137708 0 -0.00822327 0.00515096 0.0090317 0.00241971 -0.0121043 -0.03144 0.0120816 0.00893409 0.00801237 0.01778 0.0128657 0.0157251 0.000585484 0.0312782 0.0195783 0.00183919 0.00859866 0.0173127 -0.0183839 0.00979014 0.00496031 0.0251038 0.0189717 0.00755441 0.0252569 -0.015553 0.0136106
internal_weight=2036.99 1106.63 930.359 668.344 677.208 532.708 438.287 432.008 253.151 517.455 293.426 219.191 163.67 135.636 368.181 159.753 221.903 137.06 133.463 159.812 138.582 180.608 159.627 89.4803 151.641 141.785 100.932 149.274 43.4262 142.581 98.5991 219.096 112.416 90.0363 100.7 116.758 109.718 146.278 28.7845 34.7042 18.3167 94.5805 30.207 117.382 35.9006 30.7549 15.5133 117.381 54.1356 62.0907 89.1433 87.6528 27.8913 59.7615 49.4074 40.0498 35.2127 61.1705 38.8829 58.7071 20.9808 55.166 17.0461 25.027 8.67093 67.2991 9.5327 92.1798 49.2739 17.5381 20.4132 29.1572 25.9843 48.2517 108.215 101.03 60.5378 51.3036 18.7966 31.892 21.8442 8.56728 25.6984 96.0977 56.7739 39.3237 9.35763 6.46756 13.0095 43.0936 10.4554 31.8367 53.7092 7.25478 26.3143 85.7122 43.1257 33.3863 11.5896 18.31 46.8251 37.1693 39.9832 46.5987 46.4804 46.2369 18.7743 34.2114 124.264 63.823 56.6157 11.3828 38.5829 16.7445 15.6562 12.4712 9.46745 12.1868 15.6596 10.8956 80.287 43.7917 16.4995 27.2922 19.4635 22.5727
internal_count=26572 13037 13535 8502 10316 6553 4535 5482 3219 8083 3915 2480 2245 1949 5889 2233 3451 1857 1907 2548 1567 2109 1824 974 2169 1746 1489 2194 669 1599 1065 2055 1124 1355 1071 1403 1293 2438 433 460 220 1398 338 1679 522 441 111 2298 833 903 1338 1247 378 869 610 476 404 705 509 629 285 773 225 343 73 1215 134 1058 761 235 263 393 471 501 1500 1390 1115 971 230 515 123 103 326 1337 740 597 134 98 170 842 128 517 495 102 427 960 503 368 152 274 601 553 502 670 727 516 215 436 1379 757 646 145 371 178 192 142 99 186 178 134 808 475 208 267 282 275
is_linear=0
shrinkage=0.03


Tree=1
num_leaves=127
num_cat=0
split_feature=126 15 37 32 40 12 126 18 37 38 40 37 40 38 37 39 126 129 86 35 7 43 0 132 2 126 45 44 126 10 30 132 128 24 129 4 39 29 132 20 52 129 37 2 7 131 103 32 126 21 21 34 82 81 52 37 21 15 39 31 2 38 7 2 35 65 126 7 126 8 52 38 82 28 38 21 83 38 7 128 43 40 38 83 2 129 82 15 16 16 18 32 35 18 103 128 82 52 98 37 7 39 11 11 45 21 129 42 43 0 15 37 15 15 83 12 48 21 34 4 34 12 127 132 49 40
split_gain=1278.65 414.517 249.356 133.28 105.471 98.5223 80.5568 72.9957 66.6489 62.9873 57.5418 39.9013 39.4553 38.2962 57.0549 37.2861 36.7602 33.9409 33.7844 32.8296 30.673 32.7746 29.5061 31.4055 29.0927 28.9966 27.6359 29.0306 27.2386 25.6666 25.6304 25.4063 24.7778 24.6048 24.1476 24.1205 23.7691 23.7094 22.9714 22.4724 22.3059 22.284 22.1714 21.96 21.8607 21.8391 21.8132 21.6881 25.2188 21.4828 21.0224 26.0637 20.9505 20.2302 20.1985 19.689 20.4479 19.8106 19.3117 20.2175 18.8912 18.8786 18.5092 18.2788 17.8925 17.7965 17.6145 20.1387 19.2769 18.6115 17.5789 17.5167 17.6027 17.4591 16.9618 16.9503 16.8793 16.8464 16.8211 16.8098 17.0477 16.3667 16.2195 16.1895 20.1473 18.093 16.1046 16.0189 15.6481 20.1762 16.1184 15.5784 15.495 18.6658 15.4294 16.0708 16.0234 15.2932 15.1929 15.0354 14.9512 14.83 21.5684 19.4485 14.6051 15.3382 14.5962 17.3622 14.6761 14.5468 14.4749 17.318 14.3971 14.9099 18.8227 14.3632 14.3411 14.7496 14.5634 14.3143 14.2728 15.92 14.0014 13.8593 13.838 13.7936
threshold=-0.26238040319936934 0.16134118740977241 0.22359402189326383 -0.25466885902801512 1.8217733746865161 0.96989380571202888 0.71988617216173789 1.5212932838073148 -0.85133124913371006 -0.35886364787859354 0.82966324120532164 -1.5639624632961975 -0.13797753141710831 -0.074010269983597374 -1.3651363047906524 1.7037556290972036 0.75738919126556647 -0.66674301125110214 1.0000000180025095e-35 -0.61297870984332625 1.3744641275657481 -0.85132080613490457 0.60936290016033456 -0.27176519706096486 -1.0754089916571583 0.98386575663146403 1.9250765398362679 1.0000000180025095e-35 0.5786248002039841 0.97947414197040905 1.0000000180025095e-35 0.45262815922071403 0.58568950926980989 1.4051965994528104 -0.52280593438051692 -0.7778143744431737 -0.48250827284481945 -0.13989523092939862 1.3618893138279511 0.9502553984481199 -0.21990673272647329 -0.7128312378352798 -0.39232295606145767 -1.0754089916571583 -0.23058236587015743 0.69350642128245532 1.0000000180025095e-35 -0.25466885902801512 1.4310797889852489 0.5210303463857523 0.47836398586500345 0.53951954987219708 -0.073328582244525736 -0.81477453616294726 -1.3277907107845601 -0.98340900126811026 0.62413440474850124 -1.4715517277663082 -0.55730101623084638 1.0000000180025095e-35 1.0000000180025095e-35 -1.2028611744134847 -1.4152595395966592 -0.76280086791120894 0.50024507450241107 1.0000000180025095e-35 -0.65647462894876696 -0.30701315127186724 -1.3301652266684492 0.43415176364014396 -1.5876865957912809 0.78883266177705347 -0.16778563753516412 1.0000000180025095e-35 2.288116685005313 -0.36234926206920653 -0.34731515235341448 1.0306771825178294 -0.88024404178469062 -0.93830462920968516 -0.77449024737885919 -0.19244766901813312 0.6747081992294407 0.074416707122013273 1.0000000180025095e-35 -0.26628753137524824 0.34547690491196986 2.081326286063935 0.99642308592852225 2.1799175904273742 -0.80197867573102977 -0.25466885902801512 0.81514943734004164 -0.30287227213097284 1.0000000180025095e-35 0.76650237315720771 -0.94380558419696114 -1.3277907107845601 1.0000000180025095e-35 -1.2114047389358491 0.34264852464266587 1.3998602273869243 0.73622041754758516 1.2538358300904267 0.94935485828719657 0.85249400776231921 0.46404792180917381 0.21505726434393599 0.44824920705912913 1.0000000180025095e-35 0.15462061131509011 0.55466348960413014 -0.73566091902083863 -0.38755080702013422 0.24722377918009958 1.2346303505945648 -0.47982898803521146 -0.11729373005135624 0.53951954987219708 0.034672188119911608 -0.703848308893395 1.5016033327310965 -0.7296617781461644 -1.0923723986642073 -0.86694500512088934 1.8659895278224019
decision_type=2 2 2 2 2 2 2 2 2 2 2 2 2 2 2 2 2 2 2 2 2 2 2 2 2 2 2 2 2 2 2 2 2 2 2 2 2 2 2 2 2 2 2 2 2 2 2 2 2 2 2 2 2 2 2 2 2 2 2 2 2 2 2 2 2 2 2 2 2 2 2 2 2 2 2 2 2 2 2 2 2 2 2 2 2 2 2 2 2 2 2 2 2 2 2 2 2 2 2 2 2 2 2 2 2 2 2 2 2 2 2 2 2 2 2 2 2 2 2 2 2 2 2 2 2 2
left_child=2 3 5 7 6 10 11 8 25 110 17 86 74 14 125 24 34 44 26 46 21 87 23 58 41 45 27 47 55 32 62 36 91 -33 -10 82 122 -21 79 -27 -17 -5 -23 -31 -1 71 -15 48 49 -8 64 -52 123 -36 -40 -26 57 -57 -13 -60 -59 -37 -25 -54 -32 -29 68 -68 69 -38 -55 72 -2 75 98 -44 -20 -75 -61 104 -81 -18 -12 115 -85 -86 -3 -6 90 -90 -64 -14 93 -80 -24 96 -96 -63 -11 -69 -58 102 -82 -104 105 -39 108 -108 -49 -51 -4 -112 -74 -114 -115 -16 117 -101 -118 -56 -48 -122 -19 -46 -43 -7
right_child=1 4 9 15 20 13 18 -9 16 12 35 22 29 19 83 40 81 31 76 37 -22 42 94 30 28 39 -28 65 -30 43 50 33 -34 -35 53 61 66 38 54 -41 -42 124 73 -45 52 -47 120 106 -50 109 51 -53 63 70 119 56 100 60 59 78 -62 97 88 -65 -66 -67 67 99 -70 -71 -72 -73 112 77 -76 -77 -78 -79 92 80 101 -83 -84 84 85 -87 -88 -89 89 -91 -92 -93 -94 -95 95 -97 -98 -99 -100 116 -102 -103 103 -105 -106 -107 107 -109 -110 -111 111 -113 113 114 -116 -117 118 -119 -120 -121 121 -123 -124 -125 -126 -127
leaf_value=-0.011907047360028683 -0.030325640451886706 0.0035666071427620529 -0.02794433756963045 -0.022144864711755374 -0.026774986413244464 0.019969537923690644 -0.021359139369624868 -0.002620318783944232 -0.032685964736372766 -0.013019919149833917 0.010254433672893496 -0.020138795317387957 0.0126175400172251 0.023369803570165815 0.01186776620771173 0.032882166972151516 -0.039484626908547649 0.016239655540839656 -0.019221435893361082 0.033588581568247053 -0.013684094216170947 0.027558011957577015 -0.028913237362673878 -0.027153520542212282 0.0087098362696525766 -0.03206773171771736 0.012515882173527457 -0.036486513403294826 -0.023130291928081814 0.017814063009578305 -0.0091957904596480979 -0.0018908948868871236 -0.0021167579140304632 0.029796328575068962 -0.031465760469785199 -0.010386300432289979 0.0018942093141557821 0.016771903956906697 0.031199344222015951 0.0122076965350099 -0.0061236944416487443 0.027019663856778543 0.032580795936651252 -0.020386498170751114 0.015695981680875659 0.022418692290745303 0.016759847942181723 -0.0032271003562824455 -0.038296357795496699 0.016177151080991756 -0.010162927086864452 0.024131516525805488 0.032574148218004625 0.015486069019637864 0.013533477364595332 0.017253945690795976 -0.0098164446450960119 -0.00640163337485373 -0.016124095374404006 -0.0072689638994778739 -0.027884529490530007 0.03324112440509009 -0.014819483839575201 0.0042798706650150039 -0.030941177790643589 -0.0058026528318666608 -0.0080416149909927695 0.032977133562264942 0.025890677223370198 0.026178433040425629 -0.018201701262856872 0.013850883310742346 -0.028009238777379836 -0.036256249061072041 0.019817640622952572 0.0069927807636232138 0.01856459054320286 0.011339068328843469 0.0050282572933608447 0.0091983568940952869 0.029097321021806004 -0.026906358552120032 -0.020304131618440004 0.019160891608180471 0.0061616750920496432 -0.028228748812224789 0.034622930196306495 0.012326343755364053 -0.027027663350269283 0.023439445018435871 0.012356056922875232 0.033362512327978898 -0.0031932431624574608 0.030108873908650465 0.01566816808566926 0.020598055826862628 -0.028009560587741882 0.019230271173497026 0.019352843336445102 -0.030271356491431638 0.024130684193367211 0.0339984427554232 -0.014038151993584705 0.021477456084015654 0.036381199119068112 -0.010149380628095638 0.017294992067891701 -0.017860012621459719 -0.033462110336045521 -0.016170142163205149 0.02126158729159526 -0.018777651468072473 0.021763741405934473 0.011945581701940848 -0.042486483341560514 -0.019615279740310392 0.00056340001495207845 0.0083646636676489323 0.033331506718478697 -0.014381479427869315 0.0061359503938952925 -0.028926507460025296 -0.010080852452086069 -0.018235376308087674 0.0014571854524261362 0.039310806650092935
leaf_weight=122.74750302359462 38.220379538834095 24.282927297055721 99.239364773035049 25.941928528249264 20.870578400790691 144.2843893840909 101.06578468158841 116.63955944404006 261.0737660638988 203.90451326221228 100.57541003078222 16.097758919000626 132.00492271780968 56.045929033309221 17.266967423260212 27.799031481146812 384.93595977500081 25.630176186561584 13.54139122366905 283.21927886083722 32.827765516936779 153.6399525180459 45.940584693104029 15.265749990940092 48.69836114346981 74.185724973678589 26.748578887432814 97.827433090656996 197.2621034309268 18.102772064507008 101.43142549134791 211.27680477872491 79.706261955201626 23.603279430419207 117.17920400202274 16.39149821922183 80.828021384775639 62.419245757162571 24.594661235809326 11.315046742558478 23.656414657831192 25.825862675905228 35.230960801243782 45.795225169509649 13.713204123079775 22.548238657414913 23.502193905413151 43.398166790604591 49.235474340617657 28.899798646569252 56.345678944140673 29.565973751246929 30.266522914171219 13.826358437538145 32.318334110081196 13.235748052597044 24.784381449222565 60.191083274781704 18.424126453697681 23.393562369048595 98.890798535197973 87.263741567730904 21.235781624913216 61.934106193482876 51.828385792672634 21.350339066237211 50.128648202866316 28.891794458031654 190.12180838361382 43.193992182612419 284.75043521821499 23.061844103038311 15.581057798117397 11.804783485829832 16.398959025740623 68.605244591832161 38.864514857530594 13.143457368016241 37.376646637916565 43.148688353598118 131.91847057268023 139.0225238353014 17.471641287207603 65.691829025745392 43.697464119642973 18.88500665128231 40.585050001740456 15.656601473689078 23.932778961956501 9.0499427504837495 170.50213743746281 43.911672681570053 22.557266980409622 99.741557791829109 9.7429720163345319 14.723768565803764 25.415950149297714 426.69423931837082 12.993971373885868 13.246257595717905 20.333820804953575 262.99905242025852 23.050744093954563 31.818117588758469 20.858320727944374 26.289223819971085 41.868319630622864 16.943622007966042 21.049098528921604 20.49097540974617 12.742711909115313 32.291185759007931 21.831088297069069 11.889233119785791 9.3654764965176565 45.23229094222188 22.661897275596857 22.670590601861477 26.039071105420589 31.80696152895689 22.388220392167568 22.436810411512852 56.283639773726463 40.492637496441603 67.24329736083746 45.485486507415771
leaf_count=533 192 47 675 126 60 307 427 395 1708 1140 222 69 403 107 59 50 2599 85 59 512 77 233 237 54 132 315 78 398 879 52 326 641 292 52 768 49 214 106 35 26 63 55 58 190 49 40 42 123 226 62 152 58 52 47 61 37 102 234 65 95 471 128 82 185 179 77 199 43 455 85 1460 57 66 43 58 141 92 35 113 88 231 708 37 170 135 86 58 31 95 22 468 90 65 199 32 49 139 793 57 55 45 357 60 54 28 65 82 44 67 84 43 181 55 39 37 196 67 71 56 71 48 50 222 175 224 53
internal_value=7.31937e-05 -0.0120396 0.0122528 -0.0207411 -0.00107409 0.0158026 -0.00481798 -0.0254926 -0.0273545 -0.00399409 0.0108889 0.000835312 0.000619015 0.0214762 0.0132004 -0.00912982 -0.0301811 0.00658052 -0.0141064 0.0243249 0.0135628 0.0164106 -0.00102436 0.00112647 -0.0112994 -0.012388 -0.0166599 -0.018456 -0.0146918 0.00746296 -0.00316171 0.00969714 0.0117126 0.00139348 -0.0254626 0.0179314 0.0131678 0.0261805 0.0230967 -0.0261003 0.0151173 0.00189685 0.0198672 -0.00941004 -0.00261086 -0.00401499 0.00967009 -0.013696 -0.019785 -0.0134947 -0.0100957 0.00174664 0.00519064 -0.0208519 0.00866738 -0.00836267 -0.0122224 -0.0169141 0.0105545 0.0131088 -0.0198657 0.0206607 0.00374953 0.01385 -0.0167219 -0.0311086 0.0157235 0.00764656 0.0198836 0.0105176 -0.0165852 -0.00915312 -0.0147449 0.0105274 -0.00873339 0.0159312 0.00856763 -0.0115954 0.0161387 0.0251985 0.0275794 -0.0362105 0.00557383 0.00157418 0.00767328 -0.00444962 0.0232734 -0.0100532 0.00597313 -0.0128097 0.00926941 0.0179721 0.0196107 0.0233798 -0.0165446 -0.00475009 -0.0157244 0.0216749 -0.0109868 0.0146108 0.00560925 0.0293118 0.022551 0.00651922 0.0143074 0.008736 -0.00372731 0.00698747 -0.0135084 0.00264297 -0.0215736 -0.00716729 -0.00420596 0.00477402 -0.0127354 -0.0108201 0.00799281 -0.00623718 0.0184621 -0.000274851 -0.00169894 -0.0115971 -0.00171266 -0.00946812 0.00879426 0.0248029
internal_weight=7798.37 3909.79 3888.58 2179.29 1730.5 3191.48 1378.72 1545.43 1428.79 697.092 1712.13 857.44 552.818 1479.36 380.543 633.863 1200.79 1063.73 521.283 1098.81 351.779 318.952 792.572 696.749 582.407 227.998 468.878 442.129 463.396 319.521 479.158 794.576 255.623 234.88 676.83 648.397 559.696 974.441 691.222 85.5008 51.4554 119.011 282.424 63.898 269.154 142.497 124.373 322.951 199.692 150.457 239.171 85.9117 146.406 415.756 88.72 266.134 217.436 172.318 217.591 201.493 159.082 530.349 239.986 92.2006 153.26 119.178 477.782 163.638 314.144 124.022 298.577 119.949 96.8872 128.784 233.297 103.836 52.4059 24.9482 183.069 602.502 492.935 523.958 118.047 190.774 128.274 62.5825 64.868 36.5272 224.721 32.9827 191.738 175.917 159.675 137.118 95.8233 49.8827 35.1589 513.958 216.898 113.51 45.1182 449.786 186.787 54.8689 109.567 88.7085 123.259 58.8119 64.4473 49.3908 144.273 45.0339 58.6669 43.0858 21.2547 62.4993 84.6178 35.9168 48.701 64.1253 68.3272 44.825 81.9138 54.2058 93.0692 189.77
internal_count=26601 16031 10570 10930 5101 7389 4423 8512 8117 3181 4468 2604 2282 2921 1006 2418 7290 3239 1819 1915 678 601 2499 2042 2305 827 1668 1590 1900 1027 1436 2245 785 693 3983 1229 1552 1668 1156 341 113 405 510 242 994 486 247 1115 799 573 715 210 461 2275 167 1021 889 742 606 537 705 970 721 237 505 475 1245 491 754 299 1507 446 389 277 1255 199 151 78 472 989 790 3307 259 646 391 221 105 91 667 117 550 493 377 312 457 220 171 921 1197 292 147 702 345 114 199 171 316 126 190 146 899 224 197 131 76 255 249 126 123 132 140 98 307 224 279 360
is_linear=0
shrinkage=0.03


Tree=2
num_leaves=127
num_cat=0
split_feature=126 15 0 12 40 15 126 15 129 39 129 18 129 43 44 129 52 0 42 39 4 38 18 4 40 20 0 132 83 40 4 9 82 36 45 43 8 10 47 44 40 18 2 45 39 18 132 43 39 49 35 0 83 129 13 52 43 21 126 27 46 3 36 44 2 40 13 5 132 103 53 19 15 83 103 128 13 43 86 18 84 10 129 126 21 38 27 40 40 132 86 84 15 36 12 43 36 18 129 15 52 15 84 126 3 36 52 128 129 6 22 9 40 81 18 84 0 82 4 39 14 83 20 129 131 40
split_gain=947.884 415.567 145.024 131.186 87.2027 65.9986 63.2741 60.3227 59.9294 55.8417 42.5001 42.3884 39.8092 30.737 30.0522 29.2781 28.016 26.8917 24.372 24.3361 24.289 23.8946 23.7881 23.4363 22.8736 22.0826 21.4726 21.3143 22.9267 22.5414 21.1778 20.2258 19.9987 19.3893 18.4166 18.3791 18.2095 18.2019 17.9673 17.6211 17.576 17.4189 17.4062 16.9047 16.7282 16.6333 16.4592 16.3197 16.7454 15.6218 15.5574 15.2392 15.2224 15.0663 14.7534 14.7437 14.5446 14.4471 14.3852 14.9862 14.3403 14.2789 14.3587 14.3352 14.2923 14.2079 14.1922 14.1755 15.7671 14.1502 14.7004 14.0023 15.6875 13.7284 13.5476 21.1619 21.5453 13.4681 13.3937 13.2924 13.1727 13.0044 14.1316 12.8704 12.8639 12.7984 12.6547 14.6119 20.1849 12.6308 12.5621 14.8923 12.5353 14.8187 14.7806 17.0665 12.5286 12.4161 17.076 12.4073 12.3704 12.2995 12.2867 12.2577 13.4297 12.7966 12.2427 12.229 12.1408 14.472 12.1172 12.052 31.0161 12.3768 11.9254 11.8779 11.8332 14.9698 11.7882 11.7605 14.1032 11.7598 12.0083 13.8952 11.7561 11.7224
threshold=-0.4777102378871847 0.25985322049328519 1.0000000180025095e-35 -0.22101393221012353 -0.2882781779422452 1.4243997335174943 0.2671413915360753 1.0480146983638916 0.16424168019088733 1.5420510631806867 0.50389794398700838 1.5723125602429227 -0.78811941776579653 -0.13085000851730436 -0.79630046448961345 -0.52280593438051692 1.3265719927548603 -1.0000000180025095e-35 2.1779762563094609 1.644968403490698 2.2013030216214733 -0.61419239039799089 0.93050127479136135 -0.84552158799009758 -0.58405832311927375 0.37912019947501568 0.60936290016033456 1.2181301777964488 0.55479701496349687 0.82966324120532164 0.44091546940145449 -0.99711228145263198 1.5485203124851019 -1.0448524272572774 1.7382816712066358 -0.44956841218370297 0.87315565713819876 -0.15490823783616722 -1.0691627396354919 0.13227926636364543 2.3298076836478159 -1.3695182445319205 1.1128478745644867 -2.4070491919097932 0.73685311388203945 0.073836587272635465 -1.0923723986642073 1.4745693874424366 -0.28675979749365282 -0.86694500512088934 -0.072164695404786941 0.60936290016033456 0.26151088722817151 -1.4208208841910095 0.84356038116030485 -0.86294127165997891 0.53709210081374248 0.6469350628078584 0.10733686013253946 0.26871846294697393 0.09752270453357291 -0.47603146782138456 0.96165415967751955 -0.55813577897198885 -1.0754089916571583 1.1147763729353102 -0.044457154426085894 1.0341890524115385 0.19520963104603259 1.0000000180025095e-35 0.67711686536005089 -0.46724361261669389 1.1352516651698703 0.87194746480565821 1.0000000180025095e-35 1.0383652838336559 1.2145044150128477 1.1704834794138634 1.0000000180025095e-35 1.0927445873382451 0.75933379275198631 -0.38178471379748241 0.94721392279400662 1.3966073168797095 0.40090388869114724 0.3863528858661 -0.10767774596196412 1.1639593696504256 0.053395120715109108 0.73471188477182869 1.0000000180025095e-35 0.96638751781267584 2.081326286063935 -1.3314331350111728 0.52550960720083317 -1.0058093088289073 0.81784707404004497 -0.84792382560440183 1.0077958879740165 -0.9080527844426789 -1.6052070088961632 -0.30236589027700106 -0.18968453458900042 0.75738919126556647 -0.97145527275222399 0.96165415967751955 2.4364550631779904 -1.2831105556926294 -0.32848336038177456 0.50192812205346182 -0.41782141890797819 1.0000000180025095e-35 0.24785683375141629 -0.10411767455542004 1.2078396316414926 -0.006899216283135349 0.60936290016033456 0.52252398724796811 -0.23615666606778349 -0.15606891161421033 0.2610606749817368 0.50615381977435592 0.041027357142685156 0.29980624161828656 -0.70852834239420059 -0.020377324438350098
decision_type=2 2 2 2 2 2 2 2 2 2 2 2 2 2 2 2 2 2 2 2 2 2 2 2 2 2 2 2 2 2 2 2 2 2 2 2 2 2 2 2 2 2 2 2 2 2 2 2 2 2 2 2 2 2 2 2 2 2 2 2 2 2 2 2 2 2 2 2 2 2 2 2 2 2 2 2 2 2 2 2 2 2 2 2 2 2 2 2 2 2 2 2 2 2 2 2 2 2 2 2 2 2 2 2 2 2 2 2 2 2 2 2 2 2 2 2 2 2 2 2 2 2 2 2 2 2
left_child=2 3 5 6 51 8 27 11 23 20 18 15 -8 36 35 90 21 30 24 38 26 40 125 31 25 34 33 28 29 43 41 -1 92 65 -5 -14 83 42 -15 110 58 -17 45 -2 67 111 -40 48 -25 -30 -24 60 -18 -26 80 -43 -56 100 59 -9 -4 62 -55 -63 -65 -6 108 68 -39 103 81 72 -11 -37 -50 107 -77 99 -19 -27 -46 82 -71 -12 -52 -73 87 88 -28 -44 91 119 93 -23 95 -95 -80 98 -35 -48 -47 -62 -66 -57 -105 -106 124 -76 -45 -110 -7 113 118 -10 -51 -101 -22 -118 -113 -3 -121 122 123 -94 -53 -16
right_child=1 7 4 10 9 39 12 16 37 71 13 -13 14 19 22 17 52 78 -20 -21 116 32 50 47 53 79 86 -29 49 -31 -32 -33 -34 97 -36 73 -38 44 46 -41 -42 55 89 66 54 57 77 -49 74 114 84 106 -54 61 56 69 -58 -59 -60 -61 101 63 -64 64 102 -67 -68 -69 -70 70 -72 85 -74 -75 75 76 -78 -79 96 -81 -82 -83 -84 -85 -86 -87 -88 -89 -90 -91 -92 -93 121 94 -96 -97 -98 -99 -100 115 -102 -103 -104 104 105 -107 -108 -109 109 -111 -112 112 -114 -115 -116 -117 117 -119 -120 120 -122 -123 -124 -125 -126 -127
leaf_value=0.018423477346428081 0.017239680528400587 -0.027012392581353808 -0.0091044829812236515 -0.028250404214414698 -0.025571462813134157 0.014203834324187391 -0.040153254799220432 0.012366124013395041 0.035339135684102713 0.020330389663680608 -0.0058604521114806211 0.018165833897025266 -0.029526743976636606 0.020127781074692503 -0.033489903255014442 -0.030728908612693902 -0.034147149227994396 -0.014719663155295692 -0.037808381249777104 0.024811186002383571 0.030727941330481647 -0.017945139720936861 -0.03187111612728559 -0.0083614578273098275 -0.033347171855277885 -0.015504690935173999 0.011625503405998699 -0.036498132788535455 0.024216657435779859 0.017276299749529576 0.027647003146529812 -0.0084145701504834379 0.025661975671338669 -0.030500296507574982 0.018444763919814346 -0.004319953633799424 -0.036084476771757606 0.0075032709665740294 0.018574642237568478 0.0097480238581979933 0.022046710168293293 0.017536159126668709 0.014280393522977483 -0.024363324394032618 0.030359506085847816 0.036108916959841302 0.0034377472453615645 0.02585396574231328 0.015604192972046361 -0.012963119872345783 0.020171942045587251 -0.012729451816119309 0.003809474409262307 -0.020633864133070921 -0.011206553204280888 0.010456423274737567 0.022279408664039768 0.033812091225425847 -0.034155042011188498 -0.027859625791607622 -0.001130924906964204 0.012570138326025306 0.0047558111861729256 0.0090732968796615361 0.0036441970697576875 0.0089386646523590303 -0.030338699103715366 0.020329929928656509 -0.016311016669306292 -0.0086035461826415756 0.021021201918032428 0.013085091274513854 -0.013081005532138956 0.035142648261046461 -0.013692416339307156 -0.024750928075555366 0.020823129528753318 0.0043813728217928539 -0.011502956591666441 0.011777378013595127 0.0026660378798241658 -0.018694853611979523 0.020585593326970072 -0.035040310666155053 -0.020479079919170324 0.034880420718964182 -0.02118536984852315 0.017684525004562416 -0.025317375798095967 -0.013202365278451889 0.0033922517874111248 0.016705337658040397 0.026191816165410348 -0.020318330566380518 0.019321919239983821 0.0064081237872104227 0.023645596010284008 0.0095737649419433621 0.010955895981421059 -0.035275792013950286 0.017697431778886823 0.027000588690726929 -0.016414109559055343 0.018880955836495988 -0.03654086318430478 0.0072009934001280515 0.021905224697967525 0.011943371435058057 0.0037729234797170014 -0.020279829194352207 0.029630216924846575 -0.028537466020402611 0.023433537540948693 0.012201616273129269 0.026213217693578327 -0.010807185137347125 0.01922961281230923 -0.01380736486426183 0.001877028420789873 0.02273937421866791 -0.017219675799321963 0.0019060276466335449 0.036063963003755334 0.0041280545290121136 -0.032404722020697843 -0.021108201254192323
leaf_weight=30.274801485240459 10.341772198677061 106.62475165352225 149.65892385691404 179.70055763795972 28.597907103598118 55.790982402861118 255.15000699087977 21.170599222183228 43.954927787184715 43.003435552120209 133.12047210708261 71.170111894607544 20.855454821139574 30.526195980608463 307.18527050316334 14.837976567447184 20.33822362869978 174.40083222091198 41.287104591727257 38.652824856340885 38.870405793190002 21.060961231589317 13.615164831280707 49.349297061562538 21.126154690980911 47.296950470656157 21.690482810139656 37.732882335782051 20.075178936123848 15.647335961461065 25.852769874036312 130.34416690468788 72.506317354738712 16.403483439236879 7.2023184932768336 38.425120927393436 25.619331661611795 70.58077497780323 23.368857152760029 56.707459405064583 13.267000921070574 43.727198570966721 76.38469609618187 68.775775339454412 84.36114227771759 42.28296884894371 26.748668823391199 50.749788507819176 201.87397703528404 41.477798126637936 18.880173429846767 94.243077762424946 16.592541828751564 101.66115303337574 23.903356097638607 115.13615321740508 20.954066373407841 159.51572781056166 21.018750429153442 12.343148626387118 43.120879147201777 41.708611980080605 24.275026559829712 39.162679102271795 36.465346060693264 16.041020914912224 86.359806392341852 37.704687029123306 37.451723366975784 56.222678653895855 14.358028449118136 36.148307640105486 16.839367806911469 8.9241784363985044 17.631404884159565 34.667894199490547 11.724262088537214 52.832598857581615 17.910200025886297 23.098372314125299 19.422191679477692 73.514440188184381 19.185720477253199 14.332580976188181 9.8178108930587751 89.521871760487556 47.239028789103031 23.520695529878139 31.383009105920792 17.738531321287155 24.545925430953503 8.8685170933604223 48.71418921649456 22.267358217388391 73.71295204013586 280.89388295263052 16.6335728764534 303.86260923370719 17.467037878930569 28.348730176687241 171.00648462027311 19.519593320786953 104.22758520394564 9.617832772433756 15.966977618634703 8.7275109738111478 6.1221951097249976 169.54699439555407 47.55689062923193 41.038233082741499 401.14276584982872 16.081055819988251 60.634277403354645 42.706891238689423 7.3745308965444556 50.613083191215992 38.311659075319767 17.044314049184322 34.08266282081604 9.3787066563963872 33.139416426420212 43.740392088890076 31.446645841002464 54.872356422245502 39.720675647258759 99.996609535068274
leaf_count=68 36 540 726 1200 135 104 1951 69 77 96 601 187 131 96 2155 62 102 832 263 84 68 81 91 189 140 284 82 236 61 42 53 483 153 81 32 184 148 186 77 119 26 99 177 440 146 65 120 111 512 218 62 548 54 526 57 320 35 268 104 47 186 143 98 151 149 41 546 73 125 201 34 88 48 22 57 113 25 200 78 84 41 281 46 97 45 148 233 61 157 55 82 30 90 92 171 768 46 843 48 152 350 60 544 25 74 30 27 456 195 211 650 62 116 85 20 238 103 67 104 30 159 100 48 132 264 515
internal_value=8.91912e-05 -0.0100189 0.0118711 -0.018376 0.0031927 0.0164216 -0.0254509 0.00158674 0.0134873 0.00875155 -0.0109069 -0.00384046 -0.030372 -0.0034613 -0.0254774 -0.00585067 0.00777694 -0.00266092 -0.0156234 0.00323372 0.00428346 0.0090984 -0.0282917 0.0067668 -0.0140973 -0.0209664 0.00165863 -0.0152843 -0.0128112 -0.0167463 0.00191885 -0.00325466 0.01087 0.00517945 -0.0263465 -0.00674626 -0.0131544 0.0183519 -0.000776071 0.0258253 -0.0077338 4.99272e-05 0.0211181 -0.0189129 0.0120482 0.0230961 -0.00439116 0.00977846 0.00803969 0.00256335 -0.00661043 -0.00918671 -0.0173638 -0.00925086 0.0191058 0.00142191 0.00451493 0.0268598 -0.0152995 -0.00274009 -0.00406718 -0.00768584 -0.0157173 -0.00305721 -0.00674725 -0.0131804 -0.0205233 0.0047484 -0.000798815 -0.000870406 -0.00696353 0.0230964 0.0108189 0.00362874 0.00992022 0.00494923 -0.0129738 -0.00789027 -0.0113478 -0.0064712 0.0252804 -0.00980384 -0.000965639 -0.0089339 0.00594259 0.0287876 -0.00914331 -0.00150047 -0.010228 0.00898509 -0.0163521 -0.0194402 0.00896394 0.00596179 0.00734968 0.00437484 0.00552651 0.00764671 -0.0093342 -0.0140352 0.0215128 0.00787461 -0.0112051 0.00576877 -0.0097265 -0.0212863 -0.0168402 0.00945272 -0.0149604 -0.00743709 0.0277884 0.0158756 0.00914784 0.0242405 -0.00658187 -0.0199607 0.0181876 0.00893967 -0.00818156 -0.0217064 -0.00801653 0.0155595 0.0199135 0.014684 -0.0187823 -0.0305157
internal_weight=7161.27 3854.37 3306.9 2240.61 1138.33 2168.57 1149.23 1613.76 1654.93 785.945 1091.38 859.819 772.85 424.163 517.7 788.649 753.945 606.092 667.212 251.091 600.432 717.015 449.495 696.163 625.925 257.298 506.205 376.38 338.647 269.72 397.147 160.619 649.215 382.372 186.903 68.2048 173.072 958.766 212.438 513.641 67.7995 371.295 664.388 254.072 294.378 570.265 181.912 535.544 484.794 68.9275 42.3131 352.385 36.9308 368.627 148.641 356.457 44.8574 372.805 54.5325 33.5137 212.299 347.5 125.936 221.564 179.856 44.6389 243.731 145.737 108.032 312.729 163.281 185.513 59.8428 47.3493 435.445 233.571 46.3922 158.543 208.945 70.3953 103.783 148.923 75.4084 147.453 28.698 125.67 123.833 76.5942 53.0735 94.1232 182.557 158.011 576.709 397.935 376.874 303.161 34.5438 337.733 33.8705 105.71 213.289 62.6405 140.693 149.448 34.3123 24.6945 140.086 187.178 157.371 88.5951 456.934 197.46 110.798 86.6618 48.8523 78.9618 94.2264 55.356 50.1637 149.143 42.5181 178.774 135.033 103.587 133.964 407.182
internal_count=26853 17834 9019 12588 4110 4909 7161 5246 4036 2299 5427 3209 5156 1813 3205 3022 2037 2181 3614 967 1919 1881 2868 2014 3351 1600 1681 2005 1769 1470 1225 551 1635 1148 1232 337 846 2022 883 873 246 1172 1359 1428 663 1127 787 1463 1352 299 198 1811 156 1751 279 1110 92 683 220 116 972 1611 624 987 844 176 1392 384 311 1011 562 380 144 206 1163 651 138 710 956 368 187 528 247 698 107 236 533 300 239 232 841 759 1482 1112 1031 860 124 972 129 510 415 246 693 449 129 104 839 513 846 406 754 444 282 162 238 390 238 170 166 729 189 370 270 222 812 2670
is_linear=0
shrinkage=0.03


Tree=3
num_leaves=127
num_cat=0
split_feature=126 40 37 126 37 37 40 38 37 11 40 14 129 38 20 10 37 129 37 40 35 44 132 41 44 36 36 33 40 43 19 7 2 41 8 81 38 27 21 38 21 7 23 8 83 18 18 35 44 14 14 37 34 81 17 45 40 127 4 35 55 39 13 7 26 26 41 84 83 81 83 43 84 83 18 35 39 36 5 43 18 41 27 44 91 132 55 39 48 14 43 21 18 6 34 13 129 49 43 9 13 84 27 83 20 43 5 131 39 129 9 18 35 60 27 44 6 7 2 7 8 63 129 41 20 18
split_gain=771.181 255.836 167.318 111.092 77.1085 69.6154 64.7905 62.4066 62.2329 45.7806 33.4269 32.2531 38.4444 31.9125 31.616 29.0763 26.4832 26.4626 29.5114 24.863 23.0408 22.329 21.4794 21.2071 30.8421 20.7978 20.4814 20.0756 20.0018 19.7819 19.7664 20.7098 18.5768 18.468 18.3296 17.9829 17.7646 17.2443 17.185 16.8689 16.7194 16.201 16.0962 21.3429 16.0462 15.9191 15.8906 15.8271 15.6991 15.6828 15.5882 15.4783 15.4454 15.414 15.2038 14.4382 16.3959 17.6631 21.094 17.1775 15.894 14.2753 18.1884 15.9383 14.9348 14.2431 13.8981 13.8706 15.5092 13.7376 14.7967 13.9256 13.7089 13.4096 13.2499 17.7181 13.2324 14.8053 13.1087 12.9722 12.9495 12.8736 12.8408 13.8144 12.7295 13.4754 12.5657 15.7062 12.5323 12.5054 12.4282 12.3246 12.5472 15.6238 12.2308 12.056 14.8277 11.9526 13.3581 12.2813 12.5183 11.9514 11.9272 11.8922 11.8641 11.8264 11.8481 11.8196 14.385 11.6339 11.6253 11.5992 11.5598 11.5978 11.5048 11.4485 11.3054 11.2711 11.2372 11.1554 11.133 11.0754 13.3849 14.396 11.0604 11.0198
threshold=-0.16622682921927603 0.076874999286263471 0.22359402189326383 0.80392702860804455 -1.1600583959403445 -0.44718804378652738 -0.098948733179726092 -0.074010269983597374 0.22359402189326383 1.0529880044736444 0.16765367852899174 1.0834013876801472 0.14990312080914306 0.40525870070135844 0.20443467915182037 0.97947414197040905 0.78464591212291557 0.32848336038177478 -1.8308404616201359 1.7169399786609707 -0.32624722896524966 -0.14414425435001152 1.3618893138279511 0.74053756073674271 -2.3809516359824747 0.28090469851243899 -1.1796945494435103 1.073308880543977 1.9825280034083115 -0.12049949260998873 -0.26921269514007012 -0.68916707828041612 1.0000000180025095e-35 -0.07368395605240434 1.4584941818022721 1.4656127417176867 -0.36660764703165266 -0.10767774596196412 -0.25365021498696322 1.4895238847139316 1.1030695274026507 1.2980333421640384 -0.26234052526050677 -0.44385602335596552 0.65418856815181736 0.47870660349166988 0.006645839350924501 0.72773451387675292 0.16903082127314822 0.67381209183272717 -0.64909998741359731 -1.5323962484406779 1.2855402651315522 -0.32088368637077425 0.3971563435013829 0.38329394599702288 1.9825280034083115 0.94926371585491787 -0.57469273380240238 0.090816743221043508 0.5295220172054157 1.1698257658203002 -0.73576194478764323 0.49551009544608554 0.31463112174964752 0.74581731971471044 0.17084340067473944 0.15294767796110748 0.87194746480565821 -0.69312776089286243 0.93061211316989234 -0.040695640240733043 0.0042499775405813005 -0.91280006065913033 0.45096381419676485 0.62557490452809006 -0.48784961459013482 0.9038480781705126 1.0000000180025095e-35 -0.78655936154410788 1.1763507425441773 -0.21609633501675093 1.3979070896737886 1.0000000180025095e-35 1.0000000180025095e-35 1.0000000180025095e-35 -0.52090883627847673 -0.32252386327238886 -0.47982898803521146 0.34672059460404314 1.2938474906226245 0.0048289688209074508 -0.31852949901497513 0.79636724371869738 0.53951954987219708 0.017366851216004505 0.14990312080914306 -0.86694500512088934 1.1704834794138634 -0.99711228145263198 -1.241594718222929 0.28344507927678858 -0.29587585041643322 0.15892207011567783 -1.0089980262085823 0.75772778047447342 -0.26423648801141963 0.41635337658985894 1.644968403490698 0.32848336038177478 1.0000000180025095e-35 -0.35660625541653329 -0.40286693597674678 1.0000000180025095e-35 -0.67227205932537137 0.13227926636364543 0.50192812205346182 -0.19236697316930254 -1.3880171154031073 -0.15415158046844765 0.72682102597218046 1.0000000180025095e-35 -1.0000000180025095e-35 -0.52067923934629923 -0.20091327954432478 1.6722628131561645
decision_type=2 2 2 2 2 2 2 2 2 2 2 2 2 2 2 2 2 2 2 2 2 2 2 2 2 2 2 2 2 2 2 2 2 2 2 2 2 2 2 2 2 2 2 2 2 2 2 2 2 2 2 2 2 2 2 2 2 2 2 2 2 2 2 2 2 2 2 2 2 2 2 2 2 2 2 2 2 2 2 2 2 2 2 2 2 2 2 2 2 2 2 2 2 2 2 2 2 2 2 2 2 2 2 2 2 2 2 2 2 2 2 2 2 2 2 2 2 2 2 2 2 2 2 2 2 2
left_child=2 3 4 5 17 13 39 28 9 11 20 12 38 125 46 29 25 18 -1 90 -9 79 26 24 -20 32 -19 41 61 48 31 -26 54 52 69 45 -11 105 53 -4 107 97 67 -44 120 49 -5 118 73 -32 -28 -48 -14 -3 -7 56 57 58 59 -31 110 63 -63 102 -64 76 -56 -8 104 70 -27 114 -49 -12 75 -45 81 -78 121 -16 -55 -65 83 -17 -22 -86 -75 -88 -83 -46 -10 92 -60 -94 -79 96 -34 -13 99 -99 -101 117 -6 -76 -69 106 -38 -25 -109 -18 -57 -89 -81 -114 -71 -15 -24 -21 -35 -113 -33 -40 123 -123 -61 -2
right_child=1 8 6 14 7 16 42 10 19 36 15 27 33 115 21 82 109 22 23 101 84 -23 116 40 30 34 50 -29 -30 55 35 44 95 47 -36 -37 37 -39 78 -41 -42 -43 43 74 89 -47 51 72 -50 -51 -52 -53 -54 80 66 60 -58 -59 91 124 -62 62 64 65 -66 -67 -68 68 -70 71 -72 -73 -74 86 103 -77 77 94 -80 112 -82 88 -84 -85 85 -87 87 111 -90 -91 -92 -93 93 -95 -96 -97 -98 98 -100 100 -102 -103 -104 -105 -106 -107 -108 108 -110 -111 -112 119 113 -115 -116 -117 -118 -119 -120 -121 -122 122 -124 -125 -126 -127
leaf_value=0.028395768604041111 -0.0097947779038564785 0.013882795701975949 -0.017526432075082792 -0.039151329332471119 -0.0053362173719451586 -0.019247925595312174 0.017071178880848907 -0.0042145527835402664 -0.020671382598825463 -0.0036225439441559108 -0.010431314321023432 0.021093500957651098 -0.012518826714866748 0.018791827124623288 -0.036084136523312889 -0.017605343166473091 -0.033276104344930744 0.00076496797941385977 0.035153151679048082 -0.0086260497937521025 0.011116190229812604 -0.026431186126554391 -0.013335148882633241 -0.00019227335478235884 -0.03869028377283381 -0.022131521445124105 0.00070663210285245659 0.026423890659648636 0.017774930227110661 0.022283772049363621 0.016265725619094049 0.012147816612162476 -0.031876332909526482 0.025612346872870895 -0.034337261052403131 0.028289936680813199 -0.02014434431280324 0.035958846593111854 0.010145807818402835 7.5206493569735915e-05 0.036108145668700325 -0.020598217477049874 0.012670383539422013 -0.023775075170066648 0 -0.022192026481821923 0.016797388801150923 0.0068196996977167709 -0.0057597218686933375 -0.013583123445994319 0.028893237052068508 -0.028358454625723489 0.012925255857831665 -0.028587170549885053 0.035845182155600501 -0.019162659180564985 0.032422981338962063 -0.008439592268648129 0.028572724275508898 0.0075650055354284365 0.022404945771325957 -0.022716197406658339 -0.0043784734220850526 -0.030524773357794025 0.023434596231460585 -0.023654597332670748 -0.0056658823989974832 0.018184463644016515 0.025468370254963672 0.0071453083708182472 0.015389520031821887 0.011257712847605232 -0.023932935346326342 -0.0064400135671070164 0.022035502125506978 0.0048676981388305124 0.030043420623142629 -0.023378002914021107 -0.021926103873174747 0.020923557333913916 0.0099308859723808846 0.028778592341865472 0.021320953239413801 0.011562101129948708 0.0088927220712007714 -0.024383117482281086 -0.0064154737055462357 0.0018687799668806382 -0.016890833732776393 -0.039091249303649621 0.00019288120178587894 0.029288233356194768 -0.0094847427077713303 0.022103705545763339 0.01677522851111557 -0.040168959833053783 -0.0075675423659984304 -0.020545665291702282 0.021030535666855601 0.012763657318220196 -0.0042685077234410956 -0.016507518098903863 -0.021307435464773875 -0.010046879991015636 -0.016180916538733412 0.026699930978331697 0.012887944580355288 0.027755699195115689 0.0019034736740326428 -0.019186250673207762 0.0094570035303678645 0.013849153893722412 -0.023393510285590609 0.013332216566578349 -0.022378647676479641 -0.012576867541338403 0.016347206764151818 0.024763132876724551 0.0063803958975235785 0.02950659645501778 -0.016882623708991094 -0.028649609924300115 -0.029913132564283251 0.0018351977716895723 -0.028723657479093511 0.0098582528929404695
leaf_weight=108.25705631822348 204.14427933841944 9.0924794375896436 251.47795229032636 256.83067112602293 90.525561910122633 91.879410494118929 114.58692248538136 148.1824803352356 219.12876047566533 30.490543734282255 18.851440913975239 38.985441908240318 111.07897133380175 70.689919866621494 8.1811087913811189 43.484254479408264 125.99697008728981 27.446845397353172 27.744417086243629 13.218106776475905 394.43542794883251 115.88855509459972 18.492388859391212 38.060603335499763 14.889118656516073 49.099241901189089 18.748292088508606 40.036092810332775 41.474113024771214 22.290778703987598 62.767007663846016 55.420085128396749 49.569597043097019 31.287184912711382 18.629834938794374 34.814152449369431 13.691680416464804 46.452496990561485 40.143454052507877 60.373284742236137 39.984968811273575 21.374155104160309 62.113156761974096 61.743739679455757 14.485484302043917 16.977923408150673 6.4607924818992606 24.167781576514244 44.018325321376324 20.129444494843483 402.50414753705263 142.21668518520892 25.590182267129421 93.471346359699965 7.6440477445721617 20.02059905230999 115.45663259923458 19.160119913518429 36.201836533844471 13.234029993414881 45.112097926437855 14.749634824693201 27.463770885020494 12.773993670940397 44.3503183349967 15.427662912756203 44.186957512050867 10.734910465776919 14.973664999008177 19.80190883949399 10.808971282094715 66.332925450056791 26.222692519426346 21.166903253644705 19.331308428198099 27.500974409282207 28.911990962922573 11.215154998004438 42.507636852562428 18.364987693727016 7.9628866240382186 10.222465313971044 15.786771729588507 20.807606294751167 23.521911539137363 18.793906599283218 21.893519684672356 28.065477542579174 9.4476880282163602 14.30528552085161 28.747364405542612 162.82211757451296 28.329602442681789 26.11856722086668 14.464420311152933 46.362884994596243 42.965695317834616 21.959749318659306 30.89277908205986 66.253615722060204 90.742876492440701 16.697356335818768 80.237924855202436 20.27688018232584 38.716196276247501 28.589661791920662 28.126530922949314 61.174146644771099 28.737627990543842 103.16805549897254 31.49968659132719 76.373765714466572 18.012317597866058 12.096284084022047 26.929366320371628 11.425704475492237 27.287390239536762 24.921359397470951 194.80698446929455 98.994402810931206 14.063856184482573 15.708331782370804 19.610354691743851 82.84758597612381 15.36989541351795 28.384904526174068
leaf_count=193 1047 32 1676 2193 419 613 323 540 1296 114 56 80 477 202 64 138 1080 58 44 46 1102 831 44 115 62 325 44 80 89 51 180 139 379 72 129 54 40 87 133 286 67 76 202 305 41 56 25 77 119 56 652 1074 83 530 18 45 176 51 70 33 85 61 99 80 117 77 240 35 40 89 48 283 101 53 59 113 72 49 217 70 25 29 32 53 67 76 64 67 45 45 130 288 78 50 46 383 241 62 65 161 246 62 408 79 172 54 69 110 64 675 78 164 109 43 170 47 57 56 596 167 48 89 91 336 45 79
internal_value=-2.64507e-05 -0.0110704 0.00932235 -0.019405 0.0124103 -0.0134137 -0.00406652 0.00881565 -0.00210223 0.00100669 0.0116088 -0.00122397 -0.00469114 -0.00166564 -0.0299097 0.0151593 -0.018655 0.0189592 0.0143812 -0.0142158 0.00597239 -0.0189335 0.0240227 0.0108978 0.00572664 -0.01454 0.026018 0.00685215 -0.00169058 0.0167953 0.00229258 -0.0069016 -0.0197107 0.00130382 -0.00683504 0.0100335 0.016594 0.0218802 -0.0126348 -0.0141199 0.019281 0.00385445 0.00441451 -0.00163097 -0.00171401 0.00342254 -0.0345147 0.0057639 0.010679 0.00890637 0.0276505 -0.026277 -0.00767356 -0.0221072 -0.0119819 0.020296 0.0226155 0.0190172 0.0207774 0.00301541 0.00960417 -0.00398579 0.00655941 -0.0073494 0.0128428 0.00197143 0.000962001 0.0108536 -0.0002511 -0.00367535 -0.015171 0.00246904 -0.00927958 0.0134287 -0.00859248 -0.0149594 0.00676499 0.015695 -0.00732271 -0.0033522 -0.0254667 -0.00819131 -0.00206107 -0.00808705 0.00943724 -0.00603869 0.0153003 0.0173753 0.00694221 -0.0201815 -0.0182485 0.0243062 0.0151031 0.00573936 -0.000867583 -0.0275429 -0.020823 0.00604092 0.00314346 -2.73755e-05 0.00293549 0.00395991 -0.0129386 0.00569452 -0.0084488 0.0121761 0.00178491 0.0137609 0.0196376 -0.0270569 -0.00176048 0.0199692 0.00272917 -0.00858805 -0.00991772 0.0142922 0.00426436 0.01319 0.00915601 0.0228219 0.00607321 -0.00326971 -0.0078993 -0.00323246 -0.0121444 -0.00735094
internal_weight=6720.25 3080.88 3639.38 1596.07 2957.55 1018.02 681.829 1911.26 1484.81 1182.09 1509.99 1034.74 724.498 314.645 578.051 925.058 703.376 1046.29 551.811 302.713 584.934 172.543 494.479 443.554 275.597 474.211 448.699 310.245 401.265 844.98 247.852 113.164 282.609 413.154 191.602 134.689 147.351 116.86 311.344 311.851 167.957 270.209 369.978 190.966 98.2747 99.8744 405.508 276.485 309.364 82.8965 421.252 148.677 136.669 110.527 143.71 535.616 438.984 323.527 304.367 50.8947 96.6324 359.791 86.5637 273.227 71.8141 102.463 51.831 179.012 64.4248 172.972 59.9082 113.064 50.3905 265.346 128.853 89.2447 87.0357 54.5916 200.817 56.6547 101.434 32.4441 80.0786 64.2919 436.751 42.3158 246.494 225.327 19.6702 28.7908 247.876 253.472 90.65 54.4482 25.6796 138.898 92.5353 248.834 209.849 178.956 156.996 54.8368 170.763 39.6082 49.4511 70.4079 41.8182 127.972 89.9118 229.165 51.5203 203.434 48.4736 30.1086 46.7313 82.1156 45.7798 38.1395 226.094 175.368 69.4839 158.31 118.166 98.5559 28.6039 232.529
internal_count=26798 16040 10758 10457 7468 6048 3290 5339 5583 3993 3748 3629 2859 1375 4409 1963 4673 2129 1274 1590 1785 1117 855 1081 725 2918 754 770 1591 1740 681 335 1874 1406 1044 346 364 250 1453 1962 356 690 1328 758 273 292 3292 846 690 236 696 1099 560 587 871 1050 842 666 615 129 208 1502 277 1225 216 398 258 570 247 915 373 542 178 571 556 418 321 167 866 286 555 154 223 191 1245 143 515 462 74 86 1426 486 198 128 95 1003 620 614 534 469 407 164 827 138 207 163 109 289 174 1755 123 398 222 152 259 249 101 102 668 331 187 649 516 425 78 1126
is_linear=0
shrinkage=0.03


Tree=4
num_leaves=127
num_cat=0
split_feature=126 40 37 37 37 126 37 38 40 39 18 40 129 36 38 52 10 126 4 82 4 19 19 27 129 44 129 39 38 40 83 22 37 38 13 133 7 18 2 43 18 45 4 130 43 129 24 17 40 130 126 26 40 16 2 18 47 43 18 11 36 21 126 45 22 37 37 36 38 4 37 130 126 129 9 4 40 35 128 42 43 13 130 40 81 16 55 49 44 13 45 126 44 2 40 25 35 129 40 39 86 2 24 126 36 14 37 35 133 35 17 16 43 22 126 40 132 36 35 17 35 132 22 45 81 22
split_gain=650.796 217.685 168.734 92.3433 67.4165 53.3264 51.7865 61.7632 48.8468 40.0897 35.3257 35.1733 33.8993 31.5676 30.8497 29.3801 24.3856 23.3106 22.1182 21.1632 21.1201 24.3847 21.0235 20.5443 20.0166 19.5907 19.3537 19.0452 18.0725 17.93 17.4432 17.2276 17.4975 20.5899 17.0572 19.3483 16.9175 18.3055 16.8814 16.7119 16.5432 16.3586 16.8058 18.0365 16.0875 15.9783 15.699 15.6682 15.443 15.234 19.0244 15.3652 14.7162 19.2943 14.4869 15.2574 20.5453 14.4863 14.3128 18.4303 14.2986 14.2379 15.487 13.9359 13.8418 15.7757 13.7854 13.7835 13.6787 13.526 13.3807 13.2601 13.1491 15.1948 14.7475 13.1056 13.0404 12.6582 12.6414 12.5864 12.4077 12.38 12.4079 12.1515 12.0127 12.3289 11.8851 14.6768 11.8326 11.8033 11.6617 11.61 11.407 11.3786 11.3582 11.3555 11.3279 11.1998 11.1502 11.4683 11.1072 11.0969 11.0719 11.0433 11.1922 11.0318 15.2098 10.8418 10.8231 10.7867 10.7727 11.9454 14.6069 10.7059 11.1875 11.3281 10.4793 13.1733 13.1449 12.3738 10.4526 10.3576 12.1087 10.3454 11.5239 28.4785
threshold=-0.16622682921927603 -0.020377324438350098 0.33001042803497765 0.78464591212291557 -0.71934547314982122 0.87521117628342748 -1.1944942666918206 -0.11929029105644369 -0.14763447996911425 0.56716804888128469 0.34692119838967744 -0.14763447996911425 -0.55148305314400525 -0.83246888467584002 0.40525870070135844 -1.3655687741644633 0.97947414197040905 0.22281964168609616 -0.23615666606778349 -0.62086205338217415 -0.43927830670855483 0.081149697318571926 1.8481948071099847 0.26871846294697393 -0.32848336038177456 -0.45855230290132953 -0.66674301125110214 -0.45973804791509526 0.5084555343926066 -1.1515956678748365 0.8538579431856318 -0.029102718591449844 0.85133124913371028 -0.31374847334777783 0.32086651527717608 1.0000000180025095e-35 -0.30701315127186724 -0.92173958831402791 0.48763162707258817 0.48659318510037414 -0.021761398625882247 -1.0846883912950598 0.44091546940145449 0.34513887983437802 0.9428828979433308 0.16424168019088733 1.0000000180025095e-35 -0.55215738008966631 0.51634321893821389 1.9845191813672141 -0.73551508284789635 1.1883082396652831 0.82966324120532164 -0.49703426498669462 -1.0754089916571583 0.19875046544250943 -0.42569522798610887 1.2938474906226245 -0.40694781719979128 0.36030292670655101 0.28090469851243899 1.1256343427848152 0.80392702860804455 -0.26501366580762781 -0.18459019871806112 -0.65387159343576295 -0.51079874948022619 0.042165216229326653 -0.31374847334777783 -0.23615666606778349 -1.0426416421974649 2.0646044995238344 -0.70301246629124503 0.46404792180917381 1.0000000180025095e-35 -0.64239994734932615 2.1803923311071465 0.81514943734004164 -1.4344887673192881 0.68079470136509823 0.82960742196397141 -0.83692849947470038 1.284669890177802 -0.29886032189492467 2.1799123586734463 0.52866097224564312 1.2298092528613442 -0.16418636328245387 -0.72489749962743399 0.13539449835090459 1.1170254928804788 0.46064655260652365 0.20011653396782017 -1.0754089916571583 -1.0577313083492734 0.63413362110563232 0.66138342739256983 -1.0000000180025095e-35 0.67726251283505678 1.1290543867658938 1.0000000180025095e-35 1.0000000180025095e-35 0.79598698351919694 -0.83555154516954788 -1.2153434106798719 0.7400177717588613 -1.7131845698859267 0.62557490452809006 -0.38094416806900971 -0.20223388875076478 -0.36786439947245791 -1.1620454627527157 0.9428828979433308 -0.28824851880246866 0.2671413915360753 -0.2882781779422452 -1.2827866038072171 -0.10007857013854489 -0.23488283606837862 -0.60336560422839625 1.3625459008345515 0.20920615177948498 -0.055017298612551745 0.21488007783784552 0.08137756786117796 -0.41782141890797819
decision_type=2 2 2 2 2 2 2 2 2 2 2 2 2 2 2 2 2 2 2 2 2 2 2 2 2 2 2 2 2 2 2 2 2 2 2 2 2 2 2 2 2 2 2 2 2 2 2 2 2 2 2 2 2 2 2 2 2 2 2 2 2 2 2 2 2 2 2 2 2 2 2 2 2 2 2 2 2 2 2 2 2 2 2 2 2 2 2 2 2 2 2 2 2 2 2 2 2 2 2 2 2 2 2 2 2 2 2 2 2 2 2 2 2 2 2 2 2 2 2 2 2 2 2 2 2 2
left_child=2 3 6 5 12 14 29 20 27 -7 15 39 17 25 19 79 30 18 -3 60 21 -8 45 28 -23 -13 110 -4 38 -1 64 32 97 -34 120 -36 49 -38 91 72 -11 -12 61 -44 -41 46 93 -21 -27 50 51 -31 116 -54 80 90 -57 69 -29 -60 -2 62 -43 -42 65 -15 96 -20 76 -40 -16 -48 86 -74 -75 -32 105 78 -72 -6 -49 -52 -83 94 85 -55 -9 -88 -64 -65 113 -14 -68 -22 -46 -18 109 -10 99 -25 -62 -37 -30 104 -50 -39 -107 -96 -19 -66 -17 -112 -113 114 115 -56 118 -118 -28 -119 -33 -51 -123 124 -67 -126
right_child=1 4 8 -5 10 9 7 11 31 40 41 13 23 16 70 26 95 108 67 47 22 24 -24 98 -26 48 52 58 102 36 75 34 33 -35 35 101 37 68 57 44 63 42 43 -45 83 -47 71 54 103 121 81 -53 53 84 55 56 -58 -59 59 -61 100 -63 88 89 66 123 92 -69 -70 -71 77 -73 73 74 -76 -77 -78 -79 -80 -81 -82 82 -84 -85 -86 -87 87 -89 -90 -91 -92 -93 -94 -95 107 -97 -98 -99 -100 -101 -102 -103 -104 -105 -106 106 -108 -109 -110 -111 111 112 -114 -115 -116 -117 117 119 -120 -121 -122 122 -124 -125 125 -127
leaf_value=-0.014361028380392781 -0.031115240165775743 -0.022555539089832682 -0.023507652964464408 -0.032436361923998569 0.015129779240531367 -0.029680445636038711 -0.021462124674045877 0.0069379057825754865 -0.0016459632023415531 -0.023452940195730146 -0.026016849277976772 0.019557849059536801 0.015022706376798608 0.025907240724401235 0.017061966710982712 -0.034266936747390224 0.01059037219564527 -0.0048752852414810132 -0.0029634167847466665 0.0076345124150207734 0.030823983620833845 -0.01227195712289191 -0.029909990418260455 -0.0033476365074215112 0.02220396096283948 -0.019497457487996785 -0.016543827165723852 -0.021359288889362411 0.019397022743135518 0.026722998763935205 0.0079572849930400324 -0.027284065323552063 -0.031677795661308517 0.003154607071956062 0.02536304918027954 0.0099811712529094595 -0.0035974615279087954 0.0157030700378945 -0.0039661260696177147 0.022549417708356657 0.02841581372480842 0.01125192296381641 -0.026080923571148159 0.010011727297280741 -0.016629397144692092 -0.01455084795028899 -0.0088546969075226824 -0.0081427746177127579 0.02094949259042124 -0.015213028168636756 0.022470059848118017 0.0030466328646107884 0.006128083044204616 -0.018118808589169887 -0.013637330390031651 0.012720533166660358 -0.013167028106075845 0.015587635108765697 0.0068455163541442316 -0.018682941332337121 -0.0173436610033194 -0.014334978505970229 0.024885884294552078 -0.026892149631305571 -0.011437702719932568 0.02818442636207464 0.019957833840978646 0.029014475830073189 0.024249315358692833 -0.039841740773764164 0.029285872896595077 0.029317555393277586 -0.027739993208698265 0.020103635646273262 -0.017207872194138451 0.028041953223999445 0.033846593232814096 -0.028345312233580708 -0.0032548474271723426 -0.019318786570513117 0.015907592959934626 -0.023357280477875796 0.012374189272125857 -0.01997252925096862 -0.032818469208341958 0.0031021515698465485 0.010763162497706926 -0.032516886654648587 -0.013479944546811585 0.010305608808406553 0.0054243991908088183 -0.0052842417425709113 -0.0025595495511421666 0.0099570996555386222 0.020775470762160474 -0.012511626427503706 -0.020865078693283995 0.019263013700933276 0.025029147723959803 0.026359828203308143 0.01587228203122357 -0.033754100269018698 -0.005673051983383276 -0.011522906439059465 -0.0053712122127585731 0.023656579299358434 -0.014643269265018926 -0.0061943050840677421 -0.028185226791281024 0.014734862319784018 0.012585384466100592 -0.030252664996956051 0.0066171396252502632 -0.029349148645960596 -0.028026543806018 0.025207820561950835 -0.027853045345367301 -0.027388721928812518 0.019490202336105111 -0.0059187926199615716 0.0090474124984623334 0.022833666313926537 -0.0087960516938490937 -0.0024968780435168218 -0.01693937156449361 0.017601423601854974
leaf_weight=14.664660409092901 81.454242940992117 16.62568037956953 117.86167315393686 333.49859327450395 48.596189681440592 261.87016049027443 80.67226830124855 150.76829835399985 29.760106109082699 24.334622845053673 18.578782204538584 45.023869350552559 53.536019839346409 166.4649959616363 40.538987874984741 53.706973325461149 43.56829509884119 33.003539048135281 19.476997651159763 42.066778969019651 30.539595745503902 31.585574332624674 14.58118776977062 31.807737194001675 27.312317736446857 36.37368007004261 19.369708582758904 46.356725629419088 85.489511653780937 109.52785461395979 35.57440610229969 39.572237379848957 16.352732840925455 126.15736494585872 20.176755607128143 8.3068055287003535 26.633845396339893 131.85400446504354 17.48426321148872 70.041024401783943 15.94390621781349 198.6940842512995 33.687273599207401 18.623223498463631 12.655180051922796 28.368634682148695 53.954725295305252 59.953539151698351 36.497764706611633 26.011149562895298 14.21980384737253 32.496976472437382 86.199074015021324 49.593718096613884 16.273933943361047 33.494577610865235 137.47560883685946 9.6707326024770719 75.356157150119543 37.15376122482121 47.834891282021999 29.14132122695446 7.6757225319743148 12.318717509508135 20.88788179308176 52.216734386980534 96.649390771985054 29.784294836223125 490.66305742412806 20.81512171775103 11.464686959981917 8.6160478442907316 29.155233468860388 17.665101587772369 18.473392441868782 210.38894359022379 27.084811985492706 14.240978773683308 76.560017794370651 10.848573110997675 27.244827169924974 21.806058451533318 13.262137591838835 15.405184358358381 20.562132596969604 47.150510385632515 11.468773379921915 15.559761859476565 42.772085506469011 17.114531941711903 13.065750095993279 46.31007993966341 24.990771904587746 103.55983720719814 47.770626522600651 32.554574698209763 18.206545263528824 95.504180811345577 101.60480044782162 17.199637994170189 10.20454680547118 11.279330510646103 18.724710516631603 28.654036529362202 22.946228355169296 12.8601106852293 27.511588707566261 17.763166129589081 40.599164880812168 39.173345528542995 10.572709012776611 38.494671236723661 12.224492236971853 95.671570740640163 19.198659118264914 10.084915202111004 78.592532090842724 32.864044480025768 15.47890557348728 89.159467009827495 7.9941262155771247 22.857880987226963 19.114616170525551 30.502228900790215 25.081407725811005 122.62615631520748
leaf_count=58 653 68 898 3066 166 2207 397 477 127 167 97 108 130 310 105 406 115 159 61 182 79 144 78 124 87 137 117 334 212 222 86 181 121 462 55 32 67 322 60 182 51 612 195 61 50 134 242 333 79 71 32 80 288 218 120 145 800 24 388 245 322 125 23 80 59 110 208 64 883 93 34 20 168 52 92 391 43 78 368 49 102 75 30 54 73 183 35 74 212 77 71 170 73 395 124 111 55 265 213 34 41 56 52 81 63 22 91 65 201 95 44 284 56 697 152 32 509 206 61 432 26 43 43 86 71 259
internal_value=0.000332586 -0.010155 0.00905168 -0.0186566 -0.0022252 -0.0143262 0.0121461 0.00920199 -0.00497147 -0.0243137 -0.00698965 0.0119432 0.00622611 0.0147559 -0.00980082 -0.0113202 0.016949 -0.00647241 0.00641308 -0.0128073 -0.0016015 -0.0108423 0.00379116 0.0106379 0.00376903 0.00281928 -0.0134724 -0.0143982 0.00534674 0.0176989 0.0184163 0.00238607 0.00616415 -0.00101432 -0.00910321 0.00528721 0.0181979 0.0205868 -0.00138998 0.00439151 -0.00397648 0.000620074 0.00220002 -0.0132284 0.0117728 0.00611073 0.00916476 -0.00962159 -0.0033191 0.0115306 0.0158464 0.0213857 -0.0105472 -0.00458472 -0.011403 -0.0143065 -0.0080335 -0.0158491 -0.00751647 -0.00164855 -0.0230239 0.00514791 0.00748695 0.00668405 0.0155808 0.0188342 0.00904494 0.0165039 0.0215286 -0.024058 0.00268642 -0.00317266 -0.000592729 -0.0120127 0.00100006 0.0251932 0.014728 -0.00309316 0.00123104 0.00857774 -0.000499144 -0.000163363 -0.0097927 0.00352324 -0.0124673 -0.00781967 0.00362806 -0.0143164 -0.00721396 -0.0055363 -0.0211415 0.0056153 0.0153241 0.0149245 0.00838413 0.000637587 -0.000746135 0.014298 0.0193785 0.00733714 -0.0112829 -0.0154757 0.0148529 0.00347076 0.0108189 0.011526 -0.0020937 0.0134369 -0.0179787 0.00554528 -0.0244253 -0.0153417 -0.0213521 -0.0236412 -0.0112171 0.00149335 -0.0156465 -0.0182725 -0.000357496 -0.0119012 -0.0210558 -0.000624607 0.00848993 0.0136217 0.016096 0.0116416
internal_weight=6403.33 2906.63 3496.7 1401.91 1504.72 1068.41 2864.87 1874.3 631.832 331.582 962.586 1495.11 542.132 1088.38 736.829 613.414 918.886 139.49 65.887 594.024 379.19 139.57 239.62 402.643 58.8979 169.496 553.969 276.728 252.03 990.569 842.763 355.104 267.774 142.51 87.3293 39.7629 975.904 716.607 147.816 406.726 69.7118 349.172 330.594 52.3105 163.635 225.039 196.67 454.53 124.472 259.296 191.313 142.025 438.97 203.505 412.463 325.265 170.97 47.9701 158.867 112.51 139.494 278.283 249.142 45.3772 596.799 396.892 199.908 49.2613 689.974 38.2994 142.805 62.5708 243.091 65.2937 36.1385 245.963 199.311 102.266 88.0247 59.4448 87.1984 49.288 35.0682 93.5942 117.306 96.7442 177.797 27.0285 50.4478 29.4332 154.295 99.8461 121.64 134.099 78.189 76.1229 78.2678 125.264 150.612 49.0074 58.0394 19.5861 104.214 88.098 59.444 172.226 40.3717 65.5338 73.6027 60.0612 114.999 61.2919 50.7192 141.229 45.5575 26.3588 235.465 200.616 34.8486 122.024 47.5664 67.9836 41.9725 230.427 199.924 147.708
internal_count=26683 15965 10718 9883 6082 6817 7528 5446 3190 2582 4417 3870 1665 2497 4235 3092 2029 553 193 3650 1576 628 948 1112 231 468 2877 1865 741 2082 1803 1325 975 583 350 143 2024 1428 477 1373 375 1325 1228 256 475 870 736 2634 360 596 439 302 2087 762 2452 2017 945 177 967 633 1016 972 847 208 1326 836 490 125 1361 153 585 262 898 312 144 477 478 480 402 215 435 137 105 293 474 401 586 109 235 157 1072 300 281 474 239 226 209 392 371 158 363 88 264 223 142 435 113 189 360 154 790 384 340 1001 304 152 1325 1147 178 638 207 157 86 526 440 330
is_linear=0
shrinkage=0.03


Tree=5
num_leaves=127
num_cat=0
split_feature=12 15 32 37 37 137 15 52 15 12 10 6 22 32 7 41 46 38 21 38 38 17 41 13 37 37 20 22 12 40 44 33 55 38 18 18 2 38 84 32 17 81 16 27 14 41 84 38 46 131 36 13 36 35 45 46 13 52 34 36 27 37 36 37 21 40 37 22 84 21 46 41 81 6 34 31 4 41 35 45 39 40 81 83 10 17 38 83 17 21 7 113 22 49 45 47 91 12 131 25 16 30 69 4 133 2 2 15 21 16 6 41 3 7 20 27 19 55 3 7 6 133 41 20 38 38
split_gain=596.819 241.538 109.469 99.8198 92.2704 77.2214 50.5014 49.6866 44.2874 36.1399 32.1229 29.6445 27.6953 23.2319 23.155 22.4344 21.8534 21.1494 21.4251 21.0201 20.224 21.1721 20.1034 19.8483 17.4238 17.2577 16.3901 16.2278 16.0368 18.7278 15.9318 15.3959 15.292 15.1276 15.0126 14.6285 14.6184 14.0864 15.399 13.9814 18.0806 14.3662 13.5941 15.2879 13.5377 13.4425 13.4116 13.2904 12.9698 13.5354 13.0855 12.9686 15.0235 12.4528 12.3082 12.2656 12.1318 12.0913 12.0142 11.9042 13.0166 12.938 13.9641 11.8456 15.3335 11.7632 11.5876 11.4859 17.882 11.4138 11.2162 11.1725 11.0988 11.0762 11.0295 11.0621 11.0282 10.991 10.8656 10.8576 10.8065 10.4876 12.8013 10.45 10.6067 19.4097 10.4335 10.4138 11.5277 10.3027 11.8944 11.7404 13.3094 10.4341 10.2453 10.0893 10.1179 10.0389 13.434 12.763 9.98983 9.97713 12.6748 13.476 9.94278 9.88435 9.88287 13.9775 12.1205 10.2109 9.70539 9.681 9.66163 9.63635 9.61685 9.58094 11.2188 9.53158 9.45574 10.7982 9.37225 11.0224 9.36698 9.28218 11.2535 9.24307
threshold=0.34575242839750436 0.14619833952647143 -0.25466885902801512 0.78464591212291557 -1.1093269792082598 1.0000000180025095e-35 1.0947173848700442 -1.1363553425274506 1.4784757748999329 -0.37079808471546816 1.0000000180025095e-35 1.0908063653839331 1.2407117024425429 1.0691602195221777 -0.5745209001778514 1.3701810565837607 -1.5014733222619936 -1.0079946215097542 1.4434423112011676 1.0000000180025095e-35 -0.89057370978195416 1.229268444338578 0.70024871533758837 -0.94933578246031958 0.82673419859694175 -1.0000000180025095e-35 0.52743339668667188 -0.41782141890797819 1.4765265280331512 2.4377907054828705 0.81131288096551446 -0.78668746603278572 -1.5713396897623693 1.3439453307446738 -0.33948719224812457 -1.3695182445319205 -0.76280086791120894 -0.10803203433170114 0.30221437311058769 -0.25466885902801512 -0.89879545680518913 2.6287500910715549 -0.44067738382008276 1.0215108807648503 1.9948080560341845 -0.84528306295837863 -0.065448998429705876 0.69420715208765538 -0.90386511935396319 0.27849043056872208 -0.41397456889407086 -0.92685432586319572 0.43492242566337369 -0.30518339198614391 1.2802233902130777 0.92785589630134335 0.9784491207430478 -0.70891328157093725 -0.20650116538715826 -0.045872646086735698 -0.10767774596196412 -1.5323962484406779 0.33709836636362928 -0.39232295606145767 -0.27823428599710626 1.3629395572932903 -1.5323962484406779 -0.1586756186969592 -0.16137009810396266 -0.07882424688772334 2.1061335979208091 -1.3173554208397011 -0.99744209113415949 -0.97026748627271597 0.78819312162531541 1.0000000180025095e-35 1.9304741674337782 0.98265792112586769 -0.20223388875076478 0.70716049680568982 1.1698257658203002 -0.18324311625089704 -0.24640927717482494 1.340217655200177 -0.15490823783616722 0.7635786041362308 1.22934219185201 -1.3410739776481977 -1.0038031346118392 0.80726721675413471 -0.077720795066737888 1.0000000180025095e-35 -0.34007767884467249 2.7895134922640539 0.75187886980582619 -0.644275487619548 1.0000000180025095e-35 1.3313596919483806 0.50386637710762416 -0.35023657475372694 -1.0493317004194915 -0.94953248170881266 1.0000000180025095e-35 -0.84552158799009758 0.29166782200764263 0.48763162707258817 0.1750235033266388 1.1152082920439936 0.7177537966402473 -0.50830564122001698 1.3852454870491688 -0.55382190775253615 1.1753812152814131 -0.49809011477614173 0.93741396474859517 0.45691656740144299 -0.65004138259511579 -2.6217705432462615 0.58087264936440597 -0.76559786368212601 -0.97026748627271597 1.4126878054687302 1.8165637348160082 0.62014019347820892 0.65278913301921115 1.0564019838712604
decision_type=2 2 2 2 2 2 2 2 2 2 2 2 2 2 2 2 2 2 2 2 2 2 2 2 2 2 2 2 2 2 2 2 2 2 2 2 2 2 2 2 2 2 2 2 2 2 2 2 2 2 2 2 2 2 2 2 2 2 2 2 2 2 2 2 2 2 2 2 2 2 2 2 2 2 2 2 2 2 2 2 2 2 2 2 2 2 2 2 2 2 2 2 2 2 2 2 2 2 2 2 2 2 2 2 2 2 2 2 2 2 2 2 2 2 2 2 2 2 2 2 2 2 2 2 2 2
left_child=1 3 4 7 32 8 11 23 12 26 14 22 15 20 55 19 -8 53 25 58 21 46 35 -1 48 120 72 -24 29 104 34 -25 83 -5 -13 -3 42 38 -16 40 71 44 -18 57 125 -39 -11 -30 -17 122 -51 -37 80 -12 70 97 -15 -44 -6 106 -61 -62 -63 64 112 74 -29 78 -69 -59 118 -38 -9 -33 75 -54 95 89 113 -60 87 82 -47 84 85 -2 -66 -53 -89 91 -91 92 -65 -94 -32 -21 -97 99 -99 -4 -35 -83 103 -103 -10 -75 -34 108 109 -108 -41 -78 -22 -7 -36 -64 -117 -55 -28 -120 121 -19 -50 124 -104 -42
right_child=2 6 10 33 5 67 16 9 28 13 17 30 -14 56 37 24 36 18 -20 76 63 -23 27 31 -26 -27 54 66 47 -31 94 73 59 100 114 51 39 45 -40 110 41 -43 43 -45 -46 81 -48 -49 49 50 -52 52 65 117 -56 -57 -58 69 79 60 61 62 115 77 86 -67 -68 68 -70 -71 -72 -73 -74 105 -76 -77 111 -79 -80 -81 -82 101 -84 -85 -86 -87 -88 88 -90 90 -92 -93 93 -95 -96 96 -98 98 -100 -101 -102 102 123 -105 -106 -107 107 -109 -110 -111 -112 -113 -114 -115 -116 116 -118 -119 119 -121 -122 -123 -124 -125 -126 -127
leaf_value=-0.018167429194320323 -0.026228636250953053 -0.028806924572496576 -0.021437790148567566 -0.029990110651029318 -0.030256912335471439 0.023769639191438582 -0.020319742644773413 -0.029919744294587339 -0.01777688705222194 -0.0041734788364386419 -0.040198478390932872 -0.0082888785210778349 -0.034745616358950453 0.010374925268294328 0.0047917178110061694 -0.012532925198522353 0.021564072915590218 -0.010049945276452371 -0.014127698960514823 -0.014067566500444459 -0.022541238536501813 0.013016054337754508 0.018810177689686812 -0.015823591720681009 -0.030990960584131168 0.0003739590995286067 -0.024441386464762672 0.019200242778281709 0.0062868176367259204 0.023373109955961462 -0.025234241187594326 -0.0053597775473384268 0.017260558683432736 0.010269775891262255 0.014735466145882822 0.0013198143702978541 -0.0075070206952364054 0.0081924269331402136 0.023594849334394541 0.015211775219274934 -0.0056542064181711741 0.011601141068223813 0.033230553982308078 -0.023750110731673536 -0.021130178306127172 0.021869782881973259 -0.038327997655414635 0.035356404094975043 0.0120237094304696 -0.0007170531173035648 0.032202518514244174 0.0048270771499598613 0.016175037435820491 0.02450928107662043 0.023147722087287471 0.032645454555881734 -0.015094112172208461 -0.012949343361379897 -0.017506617472296714 0.027107961492469079 0.026510921167034952 0.024691536782761599 0.012769620226293467 -0.0055746558438392168 -0.001904403355390352 -0.02905603225159906 -0.0057210649647038685 0.01940186359840727 -0.020004643266518428 0.014530809535636928 0.024124823955391186 0.023386633023894605 -0.018818797821501747 0.02252413057784353 0.010196592412104263 -0.012547596174132966 0.00035189313630167279 -0.00073149110113305974 0.028184633958374762 0.0053814921018556418 0.0027936190379287099 0.039014191346494427 -0.0089406570139401263 -0.017466788225310562 0.021544596477937335 0.02245816464523092 0.018540690713594862 0.0091862461871589068 -0.022299063993873061 -0.020181074934865924 0.017323022030374696 0.022690715787581864 -0.024913946309182689 0.017432528029300703 0.014230108783168126 0.0014002205232190874 -0.01953890214784422 -0.0036586643489635311 0.023455670831960786 0.007316636924837726 -0.019424398799015696 0.0076989661174055174 0.017809467840385829 0.031844962372109049 0.0085596198472402754 0.0013658198254985876 0.0037522752465582619 0.016820913150824995 0.012570264635901395 -0.031940672406137939 -0.010671782538004364 -0.031429112383010591 0.013179252532322525 -0.0094806790049201204 -0.0094633597262251679 0.0071257024799829521 -0.028273857556623067 -0.011107814859530628 -0.031790739151866851 0.0038970677408395374 0.019422925846757807 0.025163327684507335 -0.020489191477039769 0.028106777424783725 -0.012573894717307924 0.01387140114583427
leaf_weight=30.563038263469934 15.35171999782324 35.510290000587702 20.449229519814253 391.00872597098351 50.54622408375144 14.23968741297722 24.687875539064407 110.28434769622982 33.426382705569267 13.383249618113039 8.5735820606350881 38.582559559494257 31.662130441516638 75.109836917370558 74.461663071066141 18.899448420852423 111.17405838891864 21.779980413615704 24.554501958191395 59.963231485337019 42.580302536487579 10.47059730812907 35.446205072104931 19.859354339540005 9.599978141486643 65.276381887495518 41.229974467307329 17.714956402778625 26.032294452190399 24.07942008972168 21.673243280500177 25.426586389541626 105.11303040757775 11.656626306474207 145.65458278357983 88.569036912173033 13.13213926181197 39.674394190311432 84.449612211436033 125.03630032390356 115.24489788338542 48.802915524691343 15.83256148546934 12.598786212503908 42.776644691824913 69.384014897048473 52.890361007302999 32.278654962778091 18.286058917641643 14.601616177707909 39.134541854262352 15.319809723645447 13.614622447639702 8.4287033528089541 9.3850273042917234 17.337533675134182 20.596871599555016 21.030490592122078 77.904006395488977 149.35851100459695 42.207765676081181 22.730356611311436 19.821315724402666 51.218100074678659 113.7392346970737 13.949739314615725 161.03991059586406 26.43585417419672 15.644531622529028 34.487483628094196 6.4487984627485266 43.112825900316238 373.86886670812964 70.229913860559464 48.954441741108894 68.738862574100494 12.974165089428423 57.025652941316366 89.29116190969944 23.670493975281715 23.431188177317381 75.299823846668005 13.935174807906149 17.329515345394611 27.36536268889904 12.405765138566492 26.90300927311182 10.46312905102968 175.16630609333515 12.34310068190098 16.693734228610992 5.3938336372375479 146.16950130462646 4.6747175976634017 7.1716674342751494 231.65948407351971 21.797582224011421 24.906100135296583 45.144631661474705 38.347146920859814 55.032685352489352 24.133648462593555 26.723886713385582 222.7378369756043 19.690579060465097 28.176632408052683 10.899742968380453 37.011178806424141 16.196087814867496 18.567767359316349 13.694799229502676 23.571241930127144 7.2839459069073191 15.183638002723454 15.600961208343504 13.287902966141703 17.878931380808353 22.86264056712389 8.8202792033553106 33.097410906106234 257.1449127048254 11.314632274210451 12.580304019153116 27.612522274255753 17.15326763689518 25.830124594271183
leaf_count=173 56 243 75 3626 394 32 115 911 122 80 55 182 194 308 260 83 283 88 75 274 232 40 113 117 73 290 272 40 69 50 109 137 270 64 455 381 61 108 199 325 439 116 30 45 123 164 467 60 66 52 84 70 49 25 31 35 104 78 500 302 81 46 45 291 468 61 642 65 57 89 20 110 2570 232 180 316 62 283 177 114 72 114 54 52 64 26 66 50 991 87 72 17 1058 18 27 902 109 76 95 109 411 58 54 376 55 113 33 73 45 72 46 137 28 51 58 33 66 125 64 162 598 29 61 54 44 76
internal_value=1.32777e-05 -0.00825119 0.0105504 -0.015545 0.00499856 -0.000614166 0.000369047 -0.011585 -0.0045137 -0.0136928 0.0171055 -0.00408106 -0.00778373 -0.00883502 0.0205614 -0.00633707 0.00680764 0.0103028 0.0124875 -0.00905572 -0.0111655 -0.0254197 -0.00711418 0.00338427 0.005679 0.0143687 -0.0191318 0.000547629 0.0110167 0.00193479 0.00528541 0.00808288 0.0150594 -0.0277193 0.0083143 -0.0104387 0.00791872 0.0229093 0.014888 0.00478416 0.00100111 -0.00269346 0.0147137 0.0054593 -0.00654638 0.0253371 -0.03164 0.022754 0.00937292 0.0143908 0.0233529 -0.00894907 -0.0114146 -0.0102488 -0.00785528 0.00960884 0.00476335 0.0109154 -0.0183398 0.017103 0.0212188 0.0134386 0.00565925 -0.00885155 -0.00298343 -0.0038335 -0.00314155 0.0182513 0.0045575 0.00402317 -0.0113555 0.016116 -0.0214101 0.0120369 -0.000931901 -0.00762611 -0.00497087 -0.012627 0.0230017 -0.0121432 -0.0162703 0.0267368 0.0166362 0.0021803 0.00861157 -0.00434024 0.00208858 -0.0185109 -0.0204686 -0.0154676 0.00113963 -0.0178007 -0.0190028 -0.0234757 -0.0151737 -0.00310816 -0.000458487 0.00625841 0.0138573 -0.00282518 -0.0141148 0.0288194 0.0262841 0.0295372 -0.00798069 0.0165708 0.0111912 0.0033246 -0.00767616 -0.0189499 0.0125771 -0.0203576 -0.0171078 0.00676488 0.0123319 -0.00307933 -0.0133358 -0.000959113 -0.014397 -0.00410819 0.0174937 0.00228598 -0.00136067 0.0147565 0.00584909 -0.00198558
internal_weight=6165.97 3455.61 2710.36 1871.56 1468.68 943.153 1584.04 1413.87 782.358 1239.61 1241.69 936.602 646.851 656.476 821.75 615.188 647.442 419.935 380.07 502.086 560.769 76.7442 707.918 174.256 113.102 355.516 583.135 214.201 135.507 77.1964 228.683 143.692 525.525 457.698 199.838 493.717 622.754 675.566 158.911 427.631 288.9 232.655 195.123 83.9493 183.852 516.655 66.2736 58.3109 103.502 84.6025 53.7362 458.207 369.638 39.8649 98.9815 146.185 95.7067 71.3505 152.121 453.073 265.285 115.926 73.7185 484.025 190.506 145.258 178.755 160.795 42.0804 55.518 89.5965 56.245 484.153 123.833 131.308 82.3535 349.966 293.519 118.714 101.575 224.38 476.98 83.3192 72.4524 55.1228 27.7575 140.642 200.949 185.629 236.493 29.0368 207.456 202.062 150.844 28.8449 313.42 253.457 128.847 70.0507 58.7964 66.6893 393.661 318.361 246.871 53.117 98.4065 187.788 82.6748 45.6636 29.4675 138.731 36.5454 49.8642 29.4233 161.256 50.9882 31.1668 31.2913 83.1477 41.9177 290.24 33.0946 30.8664 71.4897 43.8772 141.075
internal_count=26764 18497 8267 12522 5107 3843 5975 8421 3461 7649 3160 4039 3105 3619 1875 2911 1936 1285 1080 2492 3207 587 3208 772 419 1005 4030 795 356 227 831 599 1264 4101 695 2413 1821 1485 459 1296 925 754 525 242 638 1026 547 129 346 263 136 2170 1789 205 549 390 412 197 1008 1066 573 271 190 2620 794 606 682 382 122 167 518 171 3481 482 545 365 1484 1826 260 614 1183 918 218 198 146 82 534 1111 1041 1543 159 1384 1367 1076 136 1285 1011 355 171 184 475 700 586 434 177 345 493 223 150 105 371 199 260 83 513 144 99 150 498 226 715 117 127 152 98 515
is_linear=0
shrinkage=0.03


Tree=6
num_leaves=127
num_cat=0
split_feature=126 15 12 12 40 15 52 41 38 28 40 39 35 11 127 0 38 43 18 61 44 126 4 82 129 35 131 36 2 42 9 8 0 52 13 18 82 42 18 36 10 43 13 44 52 33 43 52 39 126 19 7 28 81 14 18 52 129 13 15 126 43 126 44 128 81 42 45 42 17 42 128 126 128 34 15 22 35 3 53 39 39 39 36 14 38 0 38 22 2 18 81 19 0 52 52 40 83 41 83 14 10 19 19 42 126 126 41 19 52 34 61 34 19 42 27 52 82 38 43 48 16 13 126 127 2
split_gain=482.279 233.405 109.779 69.7951 54.1297 41.8205 38.8491 36.3674 34.149 31.551 28.355 28.1998 26.128 25.3776 31.8571 21.898 21.3186 21.2748 20.6977 19.8632 19.5421 18.9494 18.3528 18.5635 18.3407 20.9858 18.1562 17.8163 17.4385 19.9943 16.7629 16.7356 16.4048 16.0605 18.1702 15.4359 15.0959 24.437 16.4308 16.3636 14.9094 14.6513 14.4264 14.3933 14.3165 14.2368 14.08 13.9124 13.79 17.6582 13.7135 13.5701 13.4535 20.9648 13.4529 13.4222 13.9741 13.3267 15.866 14.4592 13.2579 13.4124 12.7847 12.7604 14.4061 17.307 12.5248 12.391 12.3893 12.1988 12.1877 12.1463 12.1437 12.1322 12.5251 12.11 12.0614 11.9947 15.4858 11.8176 11.798 11.79 16.1872 12.2585 13.1382 12.7947 11.3285 16.295 14.5138 13.3582 11.5498 11.2745 10.9892 10.9516 11.597 10.917 13.3631 11.5517 10.4535 10.4315 10.35 10.3063 10.2036 11.1869 10.1826 13.0716 11.4233 11.6279 10.3918 19.9152 11.1339 9.87062 14.0843 11.8069 11.8512 9.76541 11.0199 10.6291 9.76196 9.68828 10.417 9.719 20.3563 12.8718 13.4387 12.7926
threshold=-0.16622682921927603 0.32368145309388657 0.64885998981834325 -0.22101393221012353 -0.16690754707127872 1.8219766965622417 -0.38361525285071968 1.2247763960672693 -0.36660764703165266 -0.66848165899358392 -0.2882781779422452 1.644968403490698 -0.30518339198614391 0.73622041754758516 1.0222604764636605 0.60936290016033456 -1.2028611744134847 -0.19520097742508297 1.7373066470302512 1.0000000180025095e-35 0.27070637585271545 0.46064655260652365 -0.91322880153702124 0.7402733792212256 0.16424168019088733 1.524474147611427 0.89444951444783927 -0.92714932763323665 0.48763162707258817 1.0000000180025095e-35 -0.99711228145263198 -1.0291945480200384 1.0000000180025095e-35 -0.72795849914137034 -0.21868844305379545 -0.056797531012498993 0.23327931012272868 0.086255563300898966 -0.050915191433431893 -0.020924591564176347 0.97947414197040905 0.82960742196397141 -0.16248480156098591 0.20011653396782017 1.3265719927548603 -0.78668746603278572 1.1370243317383084 0.22834085496974679 1.8981100272905833 0.71988617216173789 1.1931694646873059 -0.53630550747699657 -0.66848165899358392 0.046152098361204555 2.8749655887550722 0.25723497272584261 -1.3780439835174618 -0.16424168019088742 0.6243661793383477 1.3440750005570892 -1.2530330703323049 -0.19520097742508297 1.2505538924809108 0.30297438146565636 -0.20484115144718476 0.19473821424235538 -0.30772323455748868 1.5156499531186931 -0.40935658150190629 1.7510944685722747 -0.38396372617440927 0.46443247240559887 -1.061279944245243 1.3095416720083957 -1.2011954523996318 0.73258923230224593 0.022726441450753854 1.4188916647536594 0.74601391767468572 1.0000000180025095e-35 1.2563137303598089 1.3528359083529338 1.0045086284552496 0.50687741923206098 1.8411032554247238 -0.11929029105644369 1.0000000180025095e-35 0.22207493307858714 -0.52147973899238564 1.0000000180025095e-35 -0.37510473195219368 -0.35612986751823333 -0.63480823509691409 1.0000000180025095e-35 -1.213390858041101 -0.96130800085923218 0.14552551365058622 -0.38565658957370519 0.31862247638960806 -1.0281520610437795 2.314872988627287 -0.8355376657201129 -0.5738756451041066 0.21824802480238845 1.4831647830262178 -0.61897160984493838 -1.061279944245243 0.30602363806883287 -0.39107787512568476 -0.41284211932498366 -0.703848308893395 1.0000000180025095e-35 -1.4498690241527503 -0.43677731762029026 -0.41951465624724754 -0.86047016377984054 -1.4791608537708845 -0.89159905609127754 0.14593575034797437 -0.88360187102192966 -0.47982898803521146 0.60756060587889993 -0.066938611023209735 -1.29569275456291 1.0000000180025095e-35 0.1750235033266388
decision_type=2 2 2 2 2 2 2 2 2 2 2 2 2 2 2 2 2 2 2 2 2 2 2 2 2 2 2 2 2 2 2 2 2 2 2 2 2 2 2 2 2 2 2 2 2 2 2 2 2 2 2 2 2 2 2 2 2 2 2 2 2 2 2 2 2 2 2 2 2 2 2 2 2 2 2 2 2 2 2 2 2 2 2 2 2 2 2 2 2 2 2 2 2 2 2 2 2 2 2 2 2 2 2 2 2 2 2 2 2 2 2 2 2 2 2 2 2 2 2 2 2 2 2 2 2 2
left_child=2 3 4 7 15 8 19 10 111 63 21 12 86 14 18 22 -6 67 33 48 41 -2 -1 60 30 45 36 -8 29 40 -13 -30 73 34 -10 -15 37 38 39 51 95 101 -39 50 62 -26 55 76 49 79 52 -14 -31 -54 77 56 -38 59 -59 68 61 -24 -9 64 65 72 80 104 -32 70 -34 -40 -4 74 -29 -20 -47 81 -79 -5 -17 82 83 85 -85 -35 87 88 -11 -88 -89 -43 -66 94 -21 -19 118 -98 -92 -33 -61 -12 -78 -104 105 106 -18 -108 109 -107 -111 113 -113 114 -3 117 -117 -62 -97 120 -28 122 125 -124 -125 -121
right_child=1 5 9 6 16 -7 27 44 13 11 20 24 26 35 -16 66 17 28 75 93 -22 -23 23 -25 25 -27 119 32 31 43 57 99 69 54 -36 -37 46 42 71 -41 -42 91 -44 -45 -46 47 -48 -49 -50 -51 -52 -53 53 -55 -56 -57 -58 58 -60 100 115 -63 -64 -65 92 -67 -68 -69 -70 -71 -72 -73 -74 -75 -76 -77 102 78 -80 -81 -82 -83 -84 84 -86 -87 89 90 -90 -91 98 -93 -94 -95 -96 96 97 -99 -100 -101 -102 -103 103 -105 -106 108 107 -109 -110 110 -112 112 -114 -115 -116 116 -118 -119 -120 121 -122 -123 123 124 -126 -127
leaf_value=-0.018613176285101892 -0.020579298898680567 0.022398042448837512 0.013706041922418187 0.023697560230732457 -0.016644629502742824 0.01229265040338896 -0.024378922695007878 0.0061404028807780309 -0.0060827361953054689 0.022901650650251279 -0.02832198218541758 0.025935151251452564 0.0083867848005971194 -0.010091622975432585 -0.026879820986342829 -0.01410229550655338 -0.0049383517793635057 0.031911597362084342 0.036030412731998633 -0.018163958749011153 -0.028432805084872313 -0.034367097555372685 -0.016604954320181043 0.013584831411245247 0.00062284447141478438 -0.003945412284987404 0.017037018860411136 0.009661933865613077 0.025740584324301142 0.0086055687083179747 0.016312240871292821 0.01817748679184315 -0.010452249155788487 0.01253281188017929 0.022790280988164054 0.018295353854774855 0.016651128262823518 -0.026141124782040257 0.033506227281793796 0.017035166682946228 -0.00083776128574970538 0.023556489728439524 0.0061311229042867428 0.019050849973584572 -0.038631613716411502 0.028534317030601646 -0.018387906230420793 0.0043144373709990544 0.02749720485153823 -0.011835161831891559 0.01941542485774056 -0.035403692705726415 0.011277162042226407 -0.031078342650853623 0.030101180652614024 0.0076754692798731115 -0.02794915244009178 -0.027316074536109593 0.012132197927666108 0.037943774271320903 -0.027553514392728812 0.015054672678222145 -0.021683685662891732 0.0072514368738028226 0.017399222870410784 0.025170477236897974 -0.030801850064089462 -0.025258327909411314 -0.0038625883407844832 0.0057571624735686701 -0.025532125989533739 0.0052875515335101819 -0.020445197509504572 -0.025765916292487305 -0.0077125025483714199 0.0040411538528166103 0.029820402090517169 0.022660483170569429 -0.018234768530486421 -0.0083938952618169711 0.026607518410540123 -0.0369455966422991 0.029904591286270706 0.0029907404083801435 -0.031625026252628023 -0.01308140511998789 0.0018634912728543161 0.033048565037073513 -0.016454467396045676 -0.020921288313027708 -0.0086719117284368621 -0.0069494355549472682 0.035241239189900728 -0.026028587071825617 0.017498796093733341 -0.012441282497369305 0.0093299032487430909 0.026188405011318288 0.015757352162818091 -0.0039260487733539231 0.0073972205859033583 -0.010214754416428841 -0.016225024609002249 0.015950162446377952 0.022427934889438811 0.030451167654255654 0.00036681889434287123 0.018963711630527093 -0.020308816213967251 0.0023987240353025617 -0.037002474588830978 0.015175861631151154 -0.033680892701168377 -0.018655797180295242 -0.010995361271228646 0.010265614441891181 -0.016294352799031964 0.0084606825110463638 0.020511752228131942 0.010092217283487899 -0.020367568796072832 0.026537108498357213 0.014200345986864173 -0.030563841959244401 0.0042166748776996865 0.028786169793493702
leaf_weight=57.62522504478693 139.36274937354028 15.559405185282229 19.706106096506119 36.447387024760246 36.39970251172781 241.78675020486116 118.67248607240617 61.130350828170776 32.793087176978588 9.4885778948664647 44.74609936401248 42.370376832783222 12.425639972090723 20.041063588112593 41.14850240200758 61.400378091260791 75.451933715492487 55.725555561482906 20.563338667154312 15.059916764497759 95.186650119721889 296.69774646870792 14.916320415213702 66.723226618021727 26.801350101828575 30.468574538826942 12.05494884029031 43.213844984769821 22.887175604701042 24.697899140417576 41.990477662533522 21.04492200165987 82.777474515140057 18.322795182466507 46.111849017441273 98.307726468890905 8.1567958444356936 19.173130869865417 60.216334242373705 47.985495891422033 34.422209542244673 14.666103869676588 31.641576088964939 35.759818993508816 8.9893569611012918 238.70479432493448 30.952705044299364 31.64781840890646 27.36663618683815 38.056006882339716 18.184651650488377 11.279633592814205 14.4218463152647 33.310185424983501 9.2687679752707464 126.45711478963494 20.106595374643803 21.036970738321543 14.824892297387121 21.629665181040764 7.830519523471593 48.663903921842575 18.529640881344676 48.750721387565136 49.302669234573841 52.040661074221134 43.808580696582794 15.469650879502295 74.351969864219427 17.901893403381109 125.75238831527531 18.58169324323535 16.096673011779785 27.098573882132769 238.59360998123884 22.078787475824356 20.157663840800524 27.966610886156559 10.763313397765158 13.504756856709717 6.1696207597851744 10.012159757316111 10.375264048576353 132.32994942367077 9.6544698625802976 200.46506076492369 45.577090963721275 17.924267537891865 42.467885661870241 45.314948432147503 25.109486319124699 34.768367383629084 107.81104595586658 26.288620352745056 15.781729664653538 21.715603344142437 59.899956606328487 103.05072158202529 38.794899165630341 148.09471014514565 19.443757899105549 81.686173932626843 14.666366390883921 24.589441701769829 18.50212587043643 12.731116995215414 59.889667198061943 60.948354579508305 41.811576195061207 14.875845510512589 10.083466097712519 5.4641915038228026 38.165976162999868 53.635282523930073 21.599881589412689 15.281845815479754 109.19800616428256 43.514158297330141 11.558708012104033 61.576304823160172 12.742995932698248 75.643342826515436 34.375119127333164 16.335303634405136 22.843954883515835 75.882367260754108
leaf_count=383 1176 61 38 131 212 637 911 303 109 25 315 91 53 81 267 481 254 110 44 77 738 3057 88 245 66 75 34 191 57 63 113 63 619 73 122 258 20 109 159 155 143 62 107 101 86 462 124 83 61 227 44 58 44 123 20 422 111 67 39 34 60 166 135 117 111 100 377 70 229 91 1029 72 55 185 1329 67 42 90 57 69 20 44 29 513 33 977 188 37 179 241 72 205 189 189 58 82 167 224 93 497 41 564 46 54 58 31 219 158 188 61 48 23 278 348 123 57 626 188 33 155 46 160 77 55 58 165
internal_value=-8.40216e-05 -0.00944161 0.00767742 -0.0166449 0.00142609 0.00131722 -0.0105124 -0.0229894 -0.00183193 0.0125187 -0.0252589 0.0107893 0.00744185 0.00079552 -0.00174201 -0.00683082 0.00555762 0.00646178 0.000176161 0.00212728 -0.0174989 -0.0300246 -0.00323496 -0.000279236 0.015727 0.0197526 0.0103015 -0.013849 0.00973203 0.0132017 0.00904695 0.0022289 -0.0114681 -0.0015185 0.0108271 0.0134189 0.00592584 0.0115953 0.0176449 0.00704807 0.0175787 -0.0114367 -0.00625727 0.00319954 -0.00477275 0.0217914 -0.000234049 0.0234957 0.00928405 0.00334156 -0.00316288 -0.0129181 -0.00905958 -0.0182506 -0.00381522 0.00347323 -0.0148459 0.00521484 -0.0110405 0.00898331 -0.00419613 0.00743856 -0.000483129 0.0215432 0.0243342 0.0142871 -0.0184146 5.66297e-05 0.00347033 -0.0176013 -0.0196388 0.0270391 -0.00170493 -0.00692036 -0.00501286 0.0200082 0.0255007 -0.00464077 0.011047 0.0149682 -0.0100076 -0.0062674 -0.0053347 -0.00643629 0.000411285 -0.0108754 -0.00144075 0.00408819 -0.00891365 -0.00956745 0.0123878 0.00232913 0.0298068 -0.0121853 0 0.0201 0.0165856 0.0201043 0.0061266 -0.00106755 0.0240741 -0.0168187 0.0129921 0.00375023 0.00147851 0 0.00415409 0.00985001 -0.0101905 0.00119137 -0.0142159 -0.015639 -0.027292 -0.0097703 0.0031291 -0.00843861 -0.012954 0.00248943 -0.000642176 0.0156923 -0.00211234 0.017245 0.0137903 0.00097979 -0.0106097 0.020567
internal_weight=5974.26 2708.69 3265.57 1622.28 1426.07 1086.41 826.515 795.763 844.627 1839.5 707.114 1545.79 923.108 710.203 591.854 475.132 950.937 914.538 550.705 172.505 271.053 436.06 363.753 306.128 622.684 387.036 698.431 654.01 604.774 412.747 235.648 192.027 535.338 508.063 78.9049 118.349 386.977 201.304 150.489 71.6908 286.373 175.867 50.8147 126.374 88.6493 356.567 185.673 329.766 115.375 88.0082 90.6146 23.7053 72.4299 47.732 429.158 154.721 28.2634 193.278 35.8619 157.416 239.405 63.5802 79.66 293.708 244.957 87.8434 111.379 309.764 116.342 226.432 208.53 78.798 35.8028 308.906 281.807 42.6421 298.118 419.89 38.7299 49.9521 67.57 381.16 371.148 360.772 141.984 218.788 224.677 133.785 51.9565 90.892 81.8287 49.4345 157.114 57.1303 30.8416 251.951 196.225 162.951 63.9044 169.14 41.0734 126.432 59.4135 39.2558 294.294 275.792 196.29 120.838 79.502 37.6904 24.9593 134.425 43.6302 90.7946 37.1593 175.825 124.48 51.3447 33.2743 311.454 24.7979 286.656 211.013 73.5544 39.1793 137.459
internal_count=26830 16062 10768 11808 5741 4254 5167 6641 3617 5027 6117 4417 2975 2784 2445 2691 3050 2838 2178 812 1884 4233 1813 1430 1442 828 2140 4355 1751 1134 614 617 3444 2067 231 339 1390 713 497 266 759 1146 216 375 524 753 677 687 488 427 274 111 230 167 1836 553 131 523 106 417 1185 254 438 610 493 193 878 1087 342 1739 1648 231 93 1705 1520 111 604 1816 147 200 501 1669 1625 1596 546 1050 835 406 204 429 202 267 300 324 135 616 506 391 165 560 75 879 142 100 1017 959 631 377 328 140 109 833 301 532 184 931 683 248 115 750 80 670 510 190 113 320
is_linear=0
shrinkage=0.03


Tree=7
num_leaves=127
num_cat=0
split_feature=126 131 37 37 126 32 32 37 37 40 40 7 38 18 13 4 32 40 6 37 41 14 52 18 37 39 18 35 128 35 37 38 83 40 52 12 129 13 38 37 19 83 46 132 82 37 37 27 40 127 52 2 4 43 129 13 16 52 128 128 9 38 0 43 4 12 52 41 37 40 22 43 35 130 130 128 8 130 82 16 19 2 132 12 14 19 13 14 43 13 16 129 131 126 46 129 18 54 20 83 131 3 41 131 37 22 3 23 21 131 38 82 20 132 41 3 5 21 42 43 52 51 131 41 29 20
split_gain=450.485 198.589 96.3592 84.3847 56.3635 50.9428 45.912 39.8605 36.4384 36.1276 25.7914 23.2978 22.6438 21.8113 21.2804 20.8802 19.4888 18.2022 17.811 20.5427 20.4881 16.7873 16.292 15.4302 15.183 19.7401 14.9273 14.6758 14.5428 14.2162 16.9911 14.3918 14.1211 13.4975 14.6381 13.0906 12.927 12.8888 12.8231 12.7652 14.6278 16.3004 12.9391 12.7539 12.5146 12.3865 12.3549 12.3434 15.1529 12.3021 12.1852 12.1584 12.045 12.042 11.9433 11.8606 11.8483 11.7672 11.7186 11.7131 11.6917 11.6047 11.5698 11.3262 14.3566 11.3094 13.2441 11.2293 11.2115 11.0369 11.0288 11.9023 11.0199 10.96 10.9082 11.0277 11.3821 13.1576 11.4261 10.9077 12.0785 10.9049 13.9487 12.2081 13.7994 10.8496 19.3437 10.7971 10.7595 10.6029 10.5822 10.5693 10.5281 10.46 10.816 10.3196 10.3006 10.1105 10.0477 12.3015 10.0056 9.8444 9.75721 9.75228 12.9537 9.6887 9.63908 9.62469 9.58142 9.55941 9.50922 9.46551 9.41997 12.4137 10.1509 9.31308 9.3119 9.30059 10.2323 9.23646 9.15843 9.14022 9.05603 9.03127 8.97384 8.93834
threshold=-0.4777102378871847 0.55421632261099585 0.55466348960413014 0.65387159343576295 0.98386575663146403 -0.25466885902801512 -0.25466885902801512 -0.98340900126811026 -1.5639624632961975 -0.29886032189492467 1.8217733746865161 -0.19236697316930254 -0.34981237336176269 0.46449126639377469 0.47261634730776181 -0.91322880153702124 -0.25466885902801512 -1.3005832055118229 -0.67582836460748041 -1.4806057920327043 1.7003999144595565 0.15534112641417103 -1.2881323899441062 0.67163672835329968 -0.71934547314982122 -0.27533582579828036 1.3914928013559862 1.4578597631650048 1.1761846760515775 0.53052434015987548 -0.57547637851985722 -1.1565073826941892 0.095668008568220261 -0.11827156162107515 -0.94070287611445569 1.068749820528234 -0.32848336038177456 -0.10066079591889544 -1.1476024178381761 -0.85133124913371006 0.23348117230059026 -0.37008689719000337 -0.0028510235892785997 -1.0103997684945132 -1.3946805115067749 -1.2114047389358491 -1.318496512811318 -0.10767774596196412 -0.15771873690065921 -0.21868445388496552 -2.4495528858568365 1.0000000180025095e-35 -0.84552158799009758 0.42268923450384904 -1.0000000180025095e-35 -0.20744771475523358 -0.7562759183531097 -0.43314584680406076 -0.16739706999984985 -1.2397452176680614 -1.8091889082384265 -0.0058115177798417498 1.403190457439105 -0.19520097742508297 1.1856948184176164 0.34575242839750436 -0.13509561366213388 -0.94384765137949145 -0.39232295606145767 2.4377907054828705 0.51510346185168998 -0.61494464003754146 0.60372117366226796 1.7880281613266058 -1.312514409784898 1.1040073968816015 -0.15118676102392903 -0.12702610862141217 -0.46745757132153681 0.43285427426240269 1.1627031696909023 -0.45019274416525973 -1.2641245761626141 1.1958752887886497 0.041438458319899958 1.832961659611783 1.7821611940902244 -0.027862908061261047 1.0170958522086215 -1.1741503484315576 -0.74500454211978739 1.0077958879740165 -0.5044235572034873 -0.12190507936929694 0.7311572986967273 -0.75106739618659735 -0.031841272894702143 0.33748590869520345 -0.90845861907874415 -0.17691753629515425 1.1763977920455189 -1.0044835264142797 -1.2437589289368238 1.204800325406395 -0.199919360751624 0.61876178193609754 -0.74025749711783217 -0.26234052526050677 0.26273371049841165 -1.2455944277634992 1.735736812006561 -0.20543046190933281 0.45142457715547246 -0.93487308843283268 -0.75484853894841086 -0.60814448246960839 1.4669975658858576 0.90460693757209276 -0.77572646742923757 -0.89488724987997692 0.28889883384459364 1.0000000180025095e-35 0.21469670709931385 0.84127105267143076 -0.13989523092939862 0.041027357142685156
decision_type=2 2 2 2 2 2 2 2 2 2 2 2 2 2 2 2 2 2 2 2 2 2 2 2 2 2 2 2 2 2 2 2 2 2 2 2 2 2 2 2 2 2 2 2 2 2 2 2 2 2 2 2 2 2 2 2 2 2 2 2 2 2 2 2 2 2 2 2 2 2 2 2 2 2 2 2 2 2 2 2 2 2 2 2 2 2 2 2 2 2 2 2 2 2 2 2 2 2 2 2 2 2 2 2 2 2 2 2 2 2 2 2 2 2 2 2 2 2 2 2 2 2 2 2 2 2
left_child=2 3 5 4 7 9 8 14 125 27 26 13 -4 79 67 87 61 111 19 55 22 -8 53 95 28 57 36 29 38 31 -31 -1 -30 34 -14 -18 106 56 -19 54 41 -41 -43 -32 -23 -16 52 81 -49 -39 -40 -15 -24 98 -12 -11 121 -26 123 -33 -46 -5 70 91 74 124 -67 -2 100 102 71 117 107 -25 -65 76 77 122 -79 80 -9 82 -48 84 -83 -62 -87 -7 97 -63 109 -13 -80 -73 110 -6 -54 -50 -20 -100 -58 -97 -27 104 -84 -69 -10 -44 -85 -61 120 -17 -103 -114 -115 -108 -98 118 -38 -72 -95 -21 -76 -35 -60 -3
right_child=1 6 12 16 23 15 21 11 10 18 39 63 33 51 45 17 35 24 20 37 -22 44 46 73 25 69 -28 -29 32 30 43 59 -34 58 -36 -37 62 49 50 40 -42 42 72 -45 60 -47 47 48 88 -51 -52 -53 96 -55 -56 -57 68 -59 65 90 85 89 -64 64 -66 66 -68 105 -70 -71 119 93 -74 -75 75 -77 -78 78 92 -81 -82 83 103 108 -86 86 -88 -89 -90 -91 -92 -93 -94 94 -96 101 116 -99 99 -101 -102 112 -104 -105 -106 -107 115 -109 -110 -111 -112 -113 113 114 -116 -117 -118 -119 -120 -121 -122 -123 -124 -125 -126 -127
leaf_value=-0.033774338728333048 -0.017748033942520072 0.00097455820125600257 -0.021042832594067983 -0.033630013223937369 -0.033655295695540891 -0.013829130359381318 -0.0086604065726175253 -0.02007867516385782 -0.029288492616020175 0.00054815288047883935 -0.003922217435356431 -0.016190608209174798 0.013226628043851763 0.0042329471068345108 -0.024125437891495939 0.0075302026114204739 -0.015200193222490891 0.0016185247585753649 0.031495449077122803 -5.8609135424150905e-05 0.02405828600967198 -0.019852110956088957 -0.0034030825505817594 -0.013669464645200758 -0.031694201131359886 -0.0048793258822601411 0.0039347138505560833 -0.032184410221316205 -0.0087444614246084875 0.023904607684318655 0.023609187183815057 -0.024648259069564686 0.01603318026035784 0.01498284104976004 -0.014158129826560705 0.03069733190287971 0.0018401262193489345 0.0012492709237943843 0.043371942649704232 -0.014462213219984798 -0.021257425282216375 -0.015017196313276339 0.025914286535211276 -0.018355726978326926 -0.015273363983101819 0.003380880520894739 0.035075060379865332 -0.020055738793497754 0.020317501306211648 -0.024957828667318192 0.021744932223034048 -0.016238546031611078 0.034316132719167947 0.027700567218814122 0.02540083862888794 0.025724259755755218 0.0050755250228296722 0.002456429750502572 -0.0011646849568740379 -0.013796414765251676 0.01356722325160121 -0.0060472674810417371 -0.02594205649391499 -0.031388101413184738 -0.026198387366333113 -0.021814308457429151 0.013578850869265812 0.01466794303239918 -0.010649639905174398 -0.0082731103957973604 0.0038242514952133949 0.011928777255348154 0.035027718637691434 0.020113972149844037 0.0018503293904964541 -0.012065174973776852 0.011565749112545607 -0.032796380976125999 0.0098906365473235558 -0.033962122761735651 0.0097457515022769479 0.0084524451917253347 -0.021920950516883638 0.026899597452783235 -0.019049159334360775 -0.017028292342438172 0.026516071835866756 0.0081475489998136599 -0.0024591154519584724 -0.026390907461063547 -0.0055656920962789116 0.0036847878658698655 -0.019636599302324632 -0.00013357339433994487 -0.021446206605041103 -0.0082338578149626085 0.019396731954265379 -0.00038479534690937206 -0.019508207639775909 0.01203299689364626 0.039061840257821431 -0.029321366124365533 0.017340558421783971 0.014413346591744322 0.010532627723229987 -0.01275068051815741 0.016211282153302725 -0.0027775843131902277 -0.0022750494794237606 0.017977843726654039 0.02158484536917088 -0.034584890353554554 0.018572534199014067 0.0096891100942540619 -0.034463076881356837 -0.014926480472642409 -0.0062653438809971021 0.011260775308498214 -0.0275485490194971 -0.02737031033837534 -0.022677294589800227 -0.032490595190686915 0.03873923983318775 -0.012137950235296084 -0.028833881472080054 0.028239300201821995
leaf_weight=14.155329674482344 11.24658567458391 15.635534755885599 70.002325363457203 223.96329335309565 89.266606844961643 27.625128794461489 47.652028914541006 170.96876619197428 43.461365129798651 29.770800463855267 17.700499314814806 122.88396071642637 20.096968334168196 56.895648401230574 30.602200701832771 9.0672160871326941 59.15482622012496 27.267255440354347 13.618932716548441 30.557577691972256 97.653142277151346 11.334507808089255 24.096326418220997 53.516954276710749 10.52356121316552 18.244617808610201 76.839263383299112 13.925808703526853 27.619450271129608 36.19520291686058 8.1785425357520598 19.435354679822922 74.461899355053902 73.658207442611456 105.71705784089863 5.1974988877773276 14.126120489090679 26.283534161746502 25.229231119155884 29.538161404430866 24.392241381108761 12.854972928762434 15.834886252880091 21.496192298829556 13.909764498472212 26.883751664310694 13.143776684999464 12.892822649329899 109.03672755137086 39.488930888473988 475.76864140480757 46.521142618730664 30.598047308623791 66.268425956368446 38.481249570846558 38.673798635601997 15.553368285298347 41.726267069578171 20.642484657466412 10.002122424542902 346.70860619656742 30.180814247578382 26.051067396998405 8.5059704929590207 19.30548232793808 11.475372165441511 39.044196933507919 128.44744173809886 11.458165310323237 16.909076318144798 10.976162850856779 48.914561957120895 19.891425803303719 9.2950540259480459 19.848195124417547 43.018924798816442 98.072496872395277 15.365231595933436 23.739936940371987 51.487192880362272 12.436212781816719 20.925701707601547 22.805896915495392 13.447128251194952 66.065512105822563 27.182081613689661 12.608029663562773 66.550600327551365 33.65177696198225 114.7793742865324 111.90986276045442 29.194767817854881 18.349443759769205 130.25276325643063 25.094550412148237 45.039450317621231 48.828542664647102 25.911122195422649 14.408903099596499 38.947024643421173 15.875962041318417 99.116049716249108 307.08879791945219 33.625645123422146 19.708471521735195 11.862640772014855 8.4788583628833276 27.200810529291633 32.953226123005152 37.911140523850918 14.686865672469137 8.3763354122638685 8.9146239198744315 5.9671354703605219 15.040709353983399 109.30377577617764 16.333046481013298 9.5407176651060563 38.954064402729273 32.27008917555213 17.572799749672413 9.5998909398913366 7.7676656022667876 12.073207996785639 21.289135962724686 36.52791753411293
leaf_count=109 64 45 608 2477 914 122 227 1299 328 81 54 859 91 272 161 34 521 88 27 111 208 63 64 373 41 67 263 77 72 96 25 103 161 225 776 14 68 102 40 108 89 55 36 112 49 118 24 62 279 173 998 291 54 134 81 80 55 169 81 53 1098 221 179 69 138 53 133 447 54 44 46 156 37 28 116 268 440 116 109 453 66 67 75 32 254 118 36 192 111 1065 505 139 101 544 135 343 105 81 47 100 30 872 777 81 73 60 40 76 91 125 52 39 41 32 130 672 44 35 231 176 105 40 21 47 113 75
internal_value=-0.00040928 -0.00841834 0.00835698 -0.0151312 -0.011237 0.0105799 0.000401846 -0.00753535 -0.00374659 0.00637666 -0.0053566 -0.010784 -0.00578223 -0.0165959 0.00401453 0.0151737 -0.0265723 0.0163953 0.00908414 0.00149049 0.0112607 0.00802668 0.00932111 -0.0219922 0.0169163 0.012223 -0.00835155 -0.00324463 0.0198248 -0.0015611 0.0103619 -0.00566951 0.00928037 -0.00220081 -0.00969035 -0.0110343 -0.0101436 -0.00475331 0.0218353 0.00439145 -0.000786252 0.00408201 0.0114434 -0.00629952 0.00998149 -0.0113727 0.00690616 0.00436625 0.010151 -0.0145783 0.0229242 -0.00501457 0.0153392 0.0186742 0.0162029 0.0149824 0.00307338 -0.00483149 0.00309535 -0.00325848 0.0108808 -0.0292374 -0.0069972 -0.0059055 -0.00199766 -0.00427257 0.0052138 0.00990692 0.0139117 0.0148419 -0.00547567 -0.00338329 0.0170462 -0.00838625 8.32615e-05 0.00141307 0.00464363 -0.00334325 -0.0114958 -0.0216393 -0.0179982 -0.000359482 0.00769166 -0.00578786 -0.0123787 0.0118668 -0.00284533 0.00159191 0.0125832 -0.0222464 -0.000501625 -0.0123564 -0.00306952 -0.000270812 -0.00351389 -0.025182 0.0200728 0.0163468 0.00942278 0.00325783 0.0230107 -0.0206524 0.0160741 0.00253225 -0.00691113 0.0122548 -0.0172271 0.00806014 0.00650579 0.011137 -0.000612272 -0.0133093 -0.0248673 -0.00954539 -0.0219152 -0.0125421 0.0129216 -0.0149031 -0.0197825 -0.0194776 -0.00296799 -0.00848561 0.0133223 0.011033 -0.0156269 0.0202954
internal_weight=5772.66 3016.81 2755.85 1712.84 1279.56 2381.85 1303.98 953.404 844.581 1245.39 792.417 744.361 373.999 338.309 209.043 1136.46 433.276 1042.28 972.182 217.262 754.92 459.395 657.267 326.157 1024.84 394.492 606.523 273.21 630.346 259.284 65.8699 193.414 102.081 303.997 125.814 64.3523 529.684 148.817 528.265 185.894 129.712 105.32 75.7821 29.6747 411.743 57.486 524.024 404.168 181.492 65.7725 500.998 103.417 119.856 133.243 56.1817 68.4446 83.045 52.2498 178.183 179.258 400.408 368.923 368.44 406.052 253.973 92.4512 50.5196 151.557 42.8875 342.242 342.389 299.142 62.9271 62.812 234.668 226.162 183.143 85.0705 57.4546 234.892 183.405 222.675 89.2838 133.392 86.9912 386.499 39.7901 94.1757 168.6 144.96 159.823 152.079 42.0894 236.522 187.607 263.345 95.7596 134.948 66.9749 53.3559 31.4293 174.078 325.333 76.14 42.5144 140.31 161.244 43.0357 46.4004 47.9133 162.512 17.4436 129.039 29.9225 21.0078 117.783 65.1616 62.6209 53.0802 43.2463 147.826 40.1575 27.6159 85.7314 41.9316 52.1635
internal_count=26830 17915 8915 12638 8340 6788 5277 5607 3686 3944 3566 4757 2127 2381 850 2844 4298 2530 2739 726 2013 1591 1805 2733 2457 1098 3030 1205 1359 1128 233 895 233 1519 867 535 2767 565 1126 536 401 312 204 137 1364 279 1497 1230 533 275 1038 563 267 308 135 161 290 210 652 786 1301 3763 1727 2376 1378 380 186 571 139 888 1548 1326 149 401 1240 1171 903 463 326 1818 1365 697 253 444 321 1252 154 314 471 1286 683 998 210 992 836 2332 203 360 174 147 85 1418 844 229 148 507 1040 112 123 178 701 73 1075 203 162 712 149 334 299 222 649 151 137 272 194 120
is_linear=0
shrinkage=0.03


Tree=8
num_leaves=127
num_cat=0
split_feature=126 14 37 37 40 129 40 37 126 52 32 126 14 35 32 129 32 14 51 126 37 127 4 21 128 40 52 32 41 128 0 131 16 128 18 46 2 42 84 91 37 24 2 83 40 32 129 18 43 14 27 41 40 17 16 54 13 93 43 20 130 126 52 18 16 132 126 20 131 133 41 4 83 2 131 129 2 129 18 14 3 82 41 129 32 41 4 6 27 93 82 82 3 42 4 30 18 6 131 83 21 83 18 37 16 3 34 17 82 2 21 21 84 3 43 132 83 126 54 44 37 4 41 4 0 84
split_gain=398.542 169.915 101.398 66.4424 45.7813 45.5059 40.1666 36.4884 30.4303 27.3381 26.687 25.5278 19.57 19.5683 19.5106 19.3108 20.2125 24.1235 18.8634 17.7541 16.5533 17.82 20.0825 15.8054 14.5843 14.4787 15.0837 15.0007 14.4383 14.1533 15.7998 13.9656 13.7861 14.339 13.7851 13.3653 13.1782 18.0028 15.3845 14.8561 13.7585 13.071 13.0566 13.0273 12.8746 12.8364 12.759 12.7567 12.6908 12.5694 12.5037 13.7672 12.1762 12.0311 16.2466 11.8829 13.4819 12.5173 11.8577 11.735 11.4806 14.3928 11.4005 11.3619 11.3586 11.3214 17.7502 15.7505 13.6221 14.5427 11.3053 11.9322 14.4996 12.6374 11.2107 11.135 18.7391 11.0139 11.6128 10.9824 14.0897 10.8572 14.8504 11.7119 10.8181 12.6849 12.303 10.6511 10.601 11.5816 15.2691 10.4646 10.4009 10.3395 10.1668 10.1298 10.3873 10.36 10.8892 10.0934 9.98384 9.8492 10.7474 9.84162 9.80069 9.68297 10.2489 9.54382 9.29511 9.20792 9.18305 13.7963 9.18133 9.14916 9.07573 9.18925 9.02903 9.02272 9.60089 11.8096 8.7384 9.39185 10.4678 8.70641 8.6936 8.62844
threshold=-0.16622682921927603 0.22262418942491738 0.18078832144524856 -0.85133124913371006 -0.098948733179726092 -0.63545888169093312 1.8217733746865161 1.0000000180025095e-35 0.98386575663146403 -1.2255850363659029 -0.25466885902801512 0.22281964168609616 1.0834013876801472 -1.2559523336305283 0.62788386000544671 0.14990312080914306 -0.25466885902801512 0.72674270061868118 2.0972601455511559 0.66300659318759803 -1.1093269792082598 0.87626695524617515 -0.91322880153702124 1.1256343427848152 1.3095416720083957 -0.12811100644804621 1.0000000180025095e-35 -0.25466885902801512 -1.2437589289368238 1.2266748854240015 1.0000000180025095e-35 1.3666657833864913 0.12289142784603681 0.71283919760701664 0.87121237517529637 -1.1266074852931676 0.48763162707258817 0.21505726434393599 0.083306498309886304 1.0000000180025095e-35 -1.2401012978954125 -0.42243224834802934 -1.0754089916571583 -0.82692547996309418 0.76465013121268244 -0.25466885902801512 0.71283123783527991 0.39407545394873439 -0.86302741358030211 0.91590193389273133 0.83331277631038125 0.35305740328325225 -0.96438818030676099 0.096944922691285809 0.6244676702288835 2.4838156407538077 -0.93809505416175754 1.0000000180025095e-35 0.84088501053592035 0.8153327139116705 1.9845191813672141 1.6430854924343155 0.050639551977089907 -1.0600753802605707 1.3345643729281944 0.24716641255657518 -0.70301246629124503 -0.74028314213441182 0.50386637710762416 0.51587181869986021 0.98265792112586769 1.2534020319645403 -0.19097178774550802 1.0000000180025095e-35 -0.29933513449378241 1.0538841145581943 -1.0754089916571583 0.63545888169093323 -0.50332934658731288 0.56829751556896946 0.019392337109454604 0.15761646164915943 -0.37926355880946994 1.1978211914287795 -0.25466885902801512 1.66703542906894 -0.23615666606778349 0.50192812205346182 1.7743032985827267 1.0000000180025095e-35 -0.19668135091083691 -1.0719514515896555 -0.17877718486288102 -0.10168627391962164 -0.43927830670855483 1.0000000180025095e-35 -0.1596462005608735 -0.38138924294224491 0.38315561032389961 -0.77015677129263926 0.22352054234101273 0.068701978949787204 0.96328738368624645 0.51079874948022608 -1.2071309676860054 0.58087264936440597 0.53951954987219708 -0.29858389511926203 0.19051923459981387 -1.0754089916571583 0.73028192095462685 0.85249400776231921 -0.093508729003570393 -1.2356813020486714 -0.99191353665619619 -1.4534108565578732 -0.77015677129263926 -0.91107845864253589 1.3592864577758084 -0.21893512252477029 -1.2114047389358491 0.23779382876068303 0.31862247638960806 -0.91322880153702124 1.0000000180025095e-35 -0.026778902387252897
decision_type=2 2 2 2 2 2 2 2 2 2 2 2 2 2 2 2 2 2 2 2 2 2 2 2 2 2 2 2 2 2 2 2 2 2 2 2 2 2 2 2 2 2 2 2 2 2 2 2 2 2 2 2 2 2 2 2 2 2 2 2 2 2 2 2 2 2 2 2 2 2 2 2 2 2 2 2 2 2 2 2 2 2 2 2 2 2 2 2 2 2 2 2 2 2 2 2 2 2 2 2 2 2 2 2 2 2 2 2 2 2 2 2 2 2 2 2 2 2 2 2 2 2 2 2 2 2
left_child=2 3 6 8 46 84 10 12 41 60 20 24 15 -12 -10 49 17 43 45 63 31 22 109 65 34 27 42 -13 77 30 -6 50 33 114 -11 -14 39 38 40 48 -38 -2 -27 -17 -18 94 -4 123 -34 59 52 -52 -1 -40 -55 57 -57 -54 -41 79 61 103 -47 -9 -39 66 99 108 69 -68 71 72 -35 -74 -36 76 -65 78 -15 -3 -81 82 91 87 85 -5 -87 -83 89 90 -43 -37 -31 -61 -8 97 -97 98 -50 -24 -56 -89 -103 -7 -91 106 -84 -69 -67 -22 113 -112 -78 -109 -30 -116 -46 118 119 -48 -45 122 -122 -29 -23 -77
right_child=1 7 4 5 29 9 18 19 14 11 13 25 35 28 -16 16 44 -19 -20 -21 21 124 23 -25 -26 26 -28 47 32 92 -32 -33 36 70 74 81 37 64 53 58 -42 88 -44 120 116 62 117 -49 95 -51 51 -53 55 54 100 56 -58 -59 -60 93 -62 -63 -64 75 -66 67 68 107 -70 -71 -72 -73 73 -75 -76 125 112 -79 -80 80 -82 83 105 -85 -86 86 -88 101 -90 104 -92 -93 -94 -95 -96 96 -98 -99 -100 -101 -102 102 -104 -105 -106 -107 -108 110 -110 -111 111 -113 -114 -115 115 -117 -118 -119 -120 -121 121 -123 -124 -125 -126 -127
leaf_value=-0.012254323504507661 0.018126432677358036 -0.01813524531760791 -0.017655854934493089 -0.031036975442965731 0.01993140944497912 0.01052747065293771 0.0023898150689459076 -0.026330137208133673 -0.025607244686275989 -0.011261844792293245 -0.020729950737760815 -0.029182689398592056 -0.015947043307590884 -0.034761330565621966 0.0062453045182567102 -0.025042738039679994 0.0033069075714990547 -0.019104244860508827 -0.0049882718818805216 -0.020816679473564938 0.010130927039987508 0.01613262414349307 -0.0028015155159836908 0.01644175389465255 -0.029747379427811922 0.015041902250617993 -0.028693552713696318 0.010572078307746121 -0.00079126395204772609 0.0025050214797504105 0.0026156414673372446 -0.010694354745157795 -0.0045745096394935033 0.012431855496952136 0.013050454921360042 -0.0094146925309209518 0.017869252629063588 -0.024544045828334082 0.029227368819920913 -0.027776628448135072 -0.018204753167291487 -0.013692801184528251 -0.012069284682528264 0.026067153146267626 -0.0039266341313394992 0.028769317268307233 0.026341116345759818 0.013074106168466434 -0.0071028775958487805 -0.031859095400108388 -0.01815373022218646 0.0095460822102323428 0.011260198971796191 0.024651337852732082 0.0082970613336254238 0.027241658398931175 -0.0080734009051826212 0.025324524261621118 0.014126471402421686 -0.0047258669930435367 0.031211605660696088 -0.037100045307110023 0.0084883605379438686 0.017135101521800235 0.0098273102212478123 0.0020810961594127124 -0.027566673621231313 0.0072172491021795645 0.0069431283087989558 0.010173409751227339 0.024075693568047483 0.028165654224999555 0.0010145348548856738 -0.031044509867053687 -0.013716933525159347 0.027527564067417059 0.0019617357431901002 0.015194826768164499 0.0089739219198515519 -0.016683133361571598 0.0085173366415557533 0.018282715702933838 -0.026323019372161777 0.03335923819292639 -0.01672625279777459 0.019749251680448551 -0.029177175821102574 -0.018311088501768082 0.020061360698394308 0.00532535696275403 0.011764293071535556 0.017138613448784076 -0.025690701255582829 0.024244362822399505 0.018653938302155757 -0.006471807698819448 0.014235206126999883 0.026369328487107883 0.022008729792898869 0.014275338553138924 -0.027764789283575713 -0.006654372782321347 0.027322105080732798 -0.016214990898521971 -0.019620945400811909 0.010091734694623994 0.0063809897242955473 0.0046325843483291896 0.036290637881269287 -0.021266302725042045 0.02058802125553956 -0.021517292442594944 -0.024704997278734927 -0.0210896320919991 0.039720843730998462 0.020279998313360866 0.025503491275800694 -0.01475696262736396 -0.022684501988660837 -0.0025128883671666461 -0.0062400006888956982 -0.019808893732959455 0.018092112973904936 -0.023758513396249018 -0.015759363958191403 0.00062094710478277268
leaf_weight=14.241032268851994 40.39768135920167 66.493529468774796 172.04566880129278 294.20423465967178 57.728317320346832 43.83625466376543 48.058028325438499 16.021769940853119 67.726738832890987 229.96764624677598 15.437808625400065 209.11700014024973 17.214610822498798 13.966799229383467 22.491843365132809 10.39053990319371 71.738711312413216 53.926141269505024 27.892838209867477 88.25535237416625 9.9099006094038469 7.8299908787012091 37.223334345966578 95.045928381383419 29.650782652199268 20.349407434463501 34.971010748296976 7.0395538024604312 15.969215665012596 22.612543053925037 251.85838293284178 26.880957886576653 27.731448903679848 36.98961278796196 42.996119296178222 15.598891139030455 13.173208542168139 28.472366951406002 34.045710895210505 13.13166330009699 27.971938844770193 30.157308164983988 62.570621203631163 19.951868273317814 10.512946851551531 166.30216407030821 18.975584704428911 13.236066505312918 20.134561896324158 16.496023863554001 23.822011098265648 45.207946546375751 121.17229203134775 21.207719963043928 12.825492769479753 12.373670324683188 34.626776702702045 113.70824100077152 9.7306754738092405 23.637732807546854 9.7386996671557409 8.1966806873679143 31.066816762089729 19.581355981528759 11.458642713725565 17.354419976472858 30.486574769020081 30.610432967543602 42.891557555645704 12.22256490215659 30.889738127589226 13.718688715249298 25.326667040586472 18.336822971701622 19.690670371055603 17.323226377367973 16.337806828320026 12.344302639365194 7.9206356145441559 32.539826739579439 48.274399772286415 84.267182890325785 25.900484278798103 27.934660509228706 79.683030232787132 8.7030586097389477 7.8263382427394381 15.598599359393118 19.009506389498711 19.163335613906384 65.255631990730762 70.295515418052673 22.82671882212162 19.23965771868825 129.90007402002811 25.938720256090164 116.34856938943267 115.12079261243343 24.687691166996956 173.3865561299026 12.932786077260969 16.316738210618499 15.362582769244908 16.088324204087257 48.205564666539431 18.139947682619095 12.011041209101675 14.607669018208979 11.564913600683211 38.157708071172237 16.212274335324768 10.794823382049797 36.538151234388351 67.23925169184804 25.072190187871456 241.44221157208085 62.705303661525249 43.516724789515138 10.053686194121836 34.51349924877286 25.372883927077055 11.488875154405831 39.34960014373064 45.464759599417448 63.237045917659998 26.557141590863466
leaf_count=59 146 418 1448 3181 153 211 120 117 514 1596 68 2136 73 79 108 57 263 243 67 629 40 24 133 266 244 96 286 46 60 104 1051 72 94 96 191 56 37 103 72 53 121 175 406 47 37 319 67 82 67 99 98 115 330 50 32 28 103 260 28 108 17 71 70 82 34 66 192 120 144 54 68 31 67 72 105 49 82 38 31 189 214 195 97 50 675 45 59 54 64 75 234 191 127 57 280 82 291 242 59 529 43 50 31 121 268 47 28 52 31 227 44 47 247 295 49 593 158 326 64 213 128 62 119 418 309 117
internal_value=-0.000113375 -0.00889178 0.00714464 -0.0153847 -0.00353795 -0.0186318 0.00991526 0.000348314 -0.00305558 -0.0144632 0.00819755 -0.0162996 0.00323284 0.0117969 -0.017652 -0.00039629 0.00438484 -0.00293142 0.0185698 -0.0104658 0.00491844 0.00207239 0.00374341 0.00535255 -0.00997678 -0.0214422 -0.0124337 -0.0252362 0.0123459 0.00360072 0.00590793 0.00982071 0.0130573 0.0171964 -0.00786899 0.00905795 0.0097469 0.00262138 0.00835075 0.0129952 -0.00643401 0.0029103 -0.00528022 0.00532717 0.0124697 0.0203371 -0.0126096 -0.0123885 0.0146209 -0.00746345 0.0113642 -9.29208e-05 0.0140365 0.0158833 0.0057399 0.0154139 0.00153523 0.0181601 -0.0099715 -0.00517619 0.00235734 -0.00211616 0.025651 -0.00343721 -0.0146084 0.00304705 0.00657321 -0.00314042 -0.00488122 -0.0167119 0.00860925 0.00331597 -0.00116727 -0.0127754 0.00451203 -6.1351e-05 -0.00727911 -0.00656932 -0.0191027 -0.00919625 -0.00167285 0.0105439 0.00443321 0.0159026 -0.0270317 -0.0296027 -0.00358823 0.0119492 -0.000535282 -0.00306666 0.00362835 0.012229 -0.0118429 0.00846137 0.0143164 0.0164014 0.0104206 0.0216056 0.00899644 0.011244 -0.0100578 0.000453411 0.0100623 0.00315021 -0.0125069 -0.0074656 -0.015987 -0.00734793 0.0166176 -0.0146576 -0.0114995 0.0034839 -0.0165263 -0.0164621 0.0209497 0.0222617 0.0212414 -0.00438408 0.0027918 0.00796376 0.00886351 0.00404153 0.00855784 -0.018988 -0.0120289 0.0116867
internal_weight=5627.6 2547.11 3080.49 1495.74 634.131 1183.33 2446.35 1051.37 312.408 792.914 2043.13 715.054 830.758 972.327 90.2186 512.118 305.437 160.48 403.22 220.615 1070.81 678.775 607.708 559.64 322.305 392.748 117.891 274.857 956.889 355.026 309.587 392.033 922.657 407.745 292.654 318.64 514.912 162.088 122.157 352.824 41.1451 222.189 82.92 106.554 144.957 375.327 279.105 65.7404 329.962 206.681 365.152 69.03 296.122 81.0117 46.966 281.881 47.0004 234.881 22.8623 190.185 77.86 68.1213 197.369 132.359 39.931 464.594 296.211 168.384 85.6007 42.7091 125.262 94.3718 80.6531 43.6635 62.6868 116.338 72.4573 34.2317 21.8874 147.308 80.8142 301.426 141.946 159.48 390.417 310.734 16.5294 131.545 181.791 162.782 95.4129 85.8944 45.4393 42.8774 177.958 302.23 142.287 159.943 44.8223 210.61 25.7583 47.2779 31.6793 59.9246 67.3689 56.0515 37.9115 139.464 28.9193 48.0676 108.854 27.0071 52.876 81.8469 282.484 266.514 73.2183 107.059 63.5428 53.4891 96.1632 76.2114 64.7225 52.5043 71.067 43.8804
internal_count=26671 15964 10707 11570 3553 9986 7154 4394 1584 6026 6298 5606 3071 2660 622 2199 1114 656 856 1323 3638 2573 2240 1973 2136 3470 788 2682 2592 1435 1204 1065 2444 1036 1892 872 1408 492 355 916 158 962 502 413 458 789 2118 546 835 1085 993 213 780 197 125 721 131 590 81 986 420 403 389 694 137 1707 1052 655 390 246 334 266 235 139 296 577 411 148 110 821 403 799 419 380 3960 3285 104 330 816 752 409 247 231 165 400 741 373 368 126 662 75 135 81 332 343 172 125 558 97 267 438 91 329 347 702 642 195 670 344 280 356 309 247 464 333 166
is_linear=0
shrinkage=0.03


Tree=9
num_leaves=127
num_cat=0
split_feature=12 126 14 37 40 126 18 37 33 37 137 39 38 37 6 40 22 42 40 129 54 43 38 35 18 33 42 38 7 7 81 42 12 10 36 43 45 7 61 45 126 126 127 42 37 14 17 43 35 40 6 16 16 55 40 130 7 16 5 46 84 23 126 45 26 36 16 20 35 66 40 43 129 84 38 36 36 35 81 91 37 24 40 39 27 16 10 38 10 74 1 40 24 3 43 82 46 130 129 20 82 37 26 38 20 46 17 7 129 10 42 0 49 38 60 16 6 27 36 3 14 129 20 46 27 18
split_gain=400.086 165.696 64.1902 57.5265 54.7492 34.0907 32.4478 30.5565 27.4881 27.1363 32.8822 39.1707 26.6512 24.8697 23.376 22.0757 19.3939 18.7039 18.5337 17.6645 16.4326 15.6005 15.3517 14.8977 14.6773 14.4734 14.3641 14.1818 13.9243 13.8373 13.3844 14.5493 13.3808 13.3263 13.2747 13.0574 13.0268 12.0751 12.0234 12.5035 18.7849 12.0113 15.8678 13.2817 13.7048 15.8804 13.1331 11.3266 10.8453 10.8358 10.829 10.6026 10.439 10.4328 10.3947 12.681 10.664 10.9632 10.2303 10.2246 10.1542 10.0851 10.0776 11.9264 10.0515 10.0741 9.99216 9.82911 9.76412 9.63043 9.59835 9.99896 9.50441 9.50225 9.3214 9.30758 9.22108 13.1452 9.2092 9.16267 9.14278 9.14016 9.13773 9.12277 9.00797 8.97801 9.90724 8.95495 14.5692 11.2987 10.9799 10.0137 8.90103 9.35642 13.2339 9.29319 8.79105 8.74531 8.8792 8.8558 8.93022 10.4728 10.395 14.3585 10.3271 13.2851 12.6084 9.92932 8.70179 8.67579 10.4471 8.65481 11.3567 10.1717 10.0592 11.0983 17.9888 8.65439 8.58471 8.54666 8.47076 8.42883 8.4133 8.33622 11.473 11.7767
threshold=0.27782226767572216 0.22281964168609616 -0.55171064237182954 0.65387159343576295 -0.26037934769646293 0.4964448890238144 0.77179806241684912 1.2114047389358495 -0.78668746603278572 -1.2401012978954125 1.0000000180025095e-35 1.644968403490698 -0.56293821723994319 -0.85133124913371006 -0.38138924294224491 1.8217733746865161 -0.52147973899238564 1.3340502042017917 0.19122780188155988 -0.44970936242742965 1.8584933380697797 -0.25121086809739723 0.94010174030012383 -0.93183254211453914 0.99864824984191947 1.0000000180025095e-35 -0.14716860906637799 -0.33324985514534156 -0.88024404178469062 1.4126795202666032 1.1702982821080241 0.78933949569125816 -0.22101393221012353 -0.60866118975879757 -0.53849819292251533 -1.0171725699086276 -2.3140286425882355 1.2216025567623288 1.0000000180025095e-35 -1.2674219315490136 -1.1496393301641115 0.98386575663146403 1.1682539976811459 -0.51310785770170464 -0.18078832144524856 1.5992811254907535 1.4094879302350896 -0.040695640240733043 -0.32624722896524966 0.69534580153559788 1.0908063653839331 -1.4551012448190981 1.0527799670951346 -1.221196071934405 2.2290729599935521 -0.19099768067006032 0.76301784435206987 -0.66610490848653059 1.4669975658858576 0.38833124796854973 -0.37958283063881409 1.5925835103097672 -0.39553032670701505 -0.58498376396177021 1.526782805864668 -0.71614243818862999 1.1767651056616808 1.2357115777840491 -0.40286693597674678 1.0000000180025095e-35 0.432928194370088 0.52603329258479026 1.5174975345679209 0.48322496440356211 -0.20314453124358375 -0.19470464298810858 0.021001075686862252 0.53052434015987548 -0.84469228239515093 1.0000000180025095e-35 -0.22359402189326377 -0.42243224834802934 0.16765367852899174 0.47187965862452247 1.0000000180025095e-35 0.032720417979457704 -0.38178471379748241 0.86486679298926739 0.52572119004777851 1.0000000180025095e-35 3.0545900877394176 2.0897863891136619 1.4051965994528104 -1.2026530483866154 0.22538028984215283 0.50124838475353906 0.55915882640787784 -1.4198143802318726 1.2167291818222881 -0.52439106885558806 0.72497381933228977 -0.87899767520754557 0.54363022352867085 1.0000000180025095e-35 0.90143020223711268 -0.51284170898480597 0.96560001105118987 0.57194088084779537 -0.96955972962269865 -1.0624141416814281 -0.51310785770170464 1.0000000180025095e-35 -0.16418636328245387 2.1049111963239411 1.0000000180025095e-35 0.10034867537939202 1.0908063653839331 -0.10767774596196412 -0.38980491947805157 -0.44300321415932864 0.26460093271141044 -0.32848336038177456 -0.92482632914265872 0.58702651201856682 0.45691656740144299 1.6722628131561645
decision_type=2 2 2 2 2 2 2 2 2 2 2 2 2 2 2 2 2 2 2 2 2 2 2 2 2 2 2 2 2 2 2 2 2 2 2 2 2 2 2 2 2 2 2 2 2 2 2 2 2 2 2 2 2 2 2 2 2 2 2 2 2 2 2 2 2 2 2 2 2 2 2 2 2 2 2 2 2 2 2 2 2 2 2 2 2 2 2 2 2 2 2 2 2 2 2 2 2 2 2 2 2 2 2 2 2 2 2 2 2 2 2 2 2 2 2 2 2 2 2 2 2 2 2 2 2 2
left_child=1 4 32 5 6 9 19 8 61 27 11 17 -10 16 30 37 -6 36 72 -1 21 60 26 -12 35 -20 -13 38 121 49 31 73 -3 -21 64 68 -11 111 39 40 -2 46 43 -43 108 -46 47 59 -37 70 80 -35 109 -40 55 56 57 -49 85 81 -18 69 63 -53 65 -29 122 -41 120 -4 71 -30 -5 76 -75 -61 -15 -78 -65 83 -8 -14 -73 -50 -57 86 -27 89 -89 90 91 97 93 94 -36 -96 -74 -38 99 -99 101 118 -103 -104 105 -102 -107 -106 -45 -24 -111 112 -7 -113 -114 -116 -117 -85 -101 -64 -16 -23 -25 124 -26 -126
right_child=3 2 7 18 13 15 50 -9 12 10 23 22 41 14 24 -17 20 -19 25 33 -22 28 52 66 123 58 -28 34 29 -31 -32 -33 -34 51 92 48 87 -39 53 67 -42 42 -44 44 45 -47 -48 54 79 -51 -52 62 -54 -55 -56 84 -58 -59 -60 75 -62 -63 119 78 -66 -67 -68 -69 -70 -71 -72 82 96 74 -76 -77 77 -79 -80 -81 -82 -83 -84 117 -86 -87 -88 88 -90 -91 -92 -93 -94 -95 95 -97 -98 98 -100 100 104 102 103 -105 107 106 -108 -109 -110 110 -112 113 114 -115 115 116 -118 -119 -120 -121 -122 -123 -124 -125 125 -127
leaf_value=-0.019665884846247924 -0.025106280062645731 -0.030813857416604626 -0.03351742315109605 -0.017833388336243702 0.026520617805828275 0.015396077834547026 0.0080928908359986177 -0.02820676454304645 -0.020012099487829317 -0.019990883596588207 -0.0083471605225646436 0.017574630772991841 0.0063750179384084891 -0.022491505589634066 -0.021919661060212408 0.019702875352067627 0.021540818494529688 -0.013490002109240605 -0.018960185901745835 0.0025638347696695296 -0.018387179384325002 -0.029173455443393403 0.036351655993857444 0.010625242386733106 0.012738095018189491 0.013656523708783149 -0.00017374580667213439 0.019277702648497836 0.02786888350126247 -0.0074746989002292142 0.0068227436242143313 -0.035689861272656095 -0.014914818789869597 0.021372245427888254 -0.0042056741101278161 -0.0057128321443487076 -0.019242747839929745 0.012269740520340413 -0.021814551552153359 0.019856217927905869 0.020605761111705166 -0.022086288531780695 -0.037411912829218012 -0.021981352955558205 -0.020526674714542222 0.02455627677696549 0.025669689909179186 0.019546838256533174 0.0060615623444326451 0.024989269012105634 0.018530030013979668 0.019689962239600043 0.040618364805940964 0.0068170109882443042 0.027513071146190036 -0.017881566614387379 0.030440546168322872 -0.01444004908084996 -0.017912927418521459 -0.018439786226779737 -0.0099368956568281798 0.0027141034268170989 -0.030148222048203895 -0.00016631986457003387 -0.0046579577738036842 -0.0054381321593073443 0.0016164403581348508 -0.0033658624011762661 -0.028211373978496341 -0.011663437542124039 -0.015009077060331059 -0.014402268080001758 -0.007652268982483946 -0.0084761510333144167 0.020115022954753346 0.018802634508320086 0.0030654786564211231 -0.032430577191670931 -0.020946825863984102 -0.011609056484119437 -0.009724555563401429 -0.023861982175918596 0.019572078735659446 0.0013723304310743199 0.0056078091237386296 0.025189003999955637 -0.020015124624347302 0.013620758775484671 -0.00074632918034634463 -0.018764385689536124 -0.022544088380505985 0.020205465395714189 0.00652313915018849 0.024853946311518511 0.0072791330795802999 0.036756675830094912 0.030318010933191968 -0.0077799380705955729 -0.018824116990572622 0.00090999208591831292 -0.016443576391387757 -0.0015279618759637273 -0.0031584165330075338 0.03122641365143413 -0.033474429607816554 -0.0073595452648505177 0.027126778405314099 0.0070617013300814657 0.008791064313965315 -0.0074457124614674269 0.019376996849335193 -0.019130214905315211 -0.0199057338359469 0.015747612242242193 0.018387603090731112 -0.03694106786894704 0.020242263903249774 -0.035070610576736119 0.028012761455382028 -0.013180487833622483 0.0056966428784461492 0.0043832198797273941 0.025008789256032185 0.023623345090794751 -0.028809586363727487 0.0090176591961885488
leaf_weight=194.15546088851988 16.487095497548584 266.21476354077458 61.516762359067798 95.10140161588788 45.755899466574192 24.942341484129429 50.090395927429199 87.911222139373422 102.63041129149497 18.342995040118694 17.049156822264194 91.233267709612846 10.932733573019503 57.946025781333447 14.395932126790283 40.20036993175745 10.006955459713934 56.752218009904027 18.507384214550257 78.166093554347754 22.58834408223629 9.4045299440622347 20.134332776069641 49.491504549980164 67.35981460288167 24.260836124420162 73.306877817958593 80.329474020749331 23.673426792025566 20.737962014973164 35.335181877017021 21.814304569736123 62.579871067777276 7.5706000067293635 26.474154092371464 152.7033445648849 14.613919667899607 31.730885997414589 17.005638264119625 127.19001346454024 14.044119931757448 34.82893499173224 14.696274008601902 8.2189934998750669 44.298394743353128 7.3952297791838637 18.047673031687737 15.524395752698181 363.69816664233804 88.390982881188393 33.352386107668281 14.114146705716847 26.17434199154377 30.398498378694057 15.296721808612345 32.810916256159544 18.094257403165102 16.653195284307003 9.4055025279521924 8.2390019372105616 55.698206685483456 11.314538005739449 36.194762133061886 43.657419767230749 30.615477614104748 17.47325012087822 24.395085118710995 18.259976021945477 23.163222622126341 28.355321127921343 11.758262697607277 14.445362221449615 19.6919887252152 25.984097842127085 15.533841636031864 16.438788011670113 40.799496605992317 11.102932039648293 33.692437140271068 31.841160982847214 51.549486456438899 39.259857090190053 12.208539828658102 14.471724033355715 25.061077186837792 32.489520475268364 10.403024163097145 194.59332964941859 93.360456794500351 21.295373685657978 13.283490188419817 31.328279107809067 34.971356704831123 316.27675108611584 19.437814459204674 20.034101888537407 6.4574143439531317 41.28756819665432 13.887147799134253 14.29336680844426 16.518102411180735 70.986616179347038 18.263189259916544 25.098274078220129 13.486744832247497 14.203971296548842 25.403529852628708 8.0591539144515973 79.172984808683395 15.529847271740435 65.195759359747171 65.694386560469866 32.000676728785038 7.6294690594077101 18.992476087063551 10.855729732662441 7.5870555229485026 8.6159604936838132 42.266013171523809 114.40729202516377 27.416687268763781 18.190586127340794 181.82940842211246 32.731467090547085 13.654041469097139 14.082977399230002
leaf_count=1687 56 2964 521 794 114 87 185 884 876 90 49 244 53 392 105 95 26 282 106 439 71 46 36 117 192 80 249 191 59 66 114 171 575 25 69 678 97 135 58 311 38 253 121 69 363 19 48 62 1345 186 117 60 41 98 27 190 59 104 60 58 208 74 335 256 83 49 59 51 138 191 44 61 123 176 62 65 195 80 232 159 354 256 36 54 127 110 50 547 343 96 99 78 78 644 46 36 20 205 49 57 89 373 101 67 60 60 80 32 364 46 159 475 219 27 64 67 24 39 103 827 112 55 377 82 55 49
internal_value=0.00027619 -0.00716074 -0.0169278 0.00903693 -0.00204936 0.0104167 -0.00910672 -0.0117358 -0.00931009 0.0116502 0.00900945 0.00655945 -0.00642903 0.00150396 -0.000917314 -0.000285246 0.00856972 0.00290711 -0.00572899 -0.0124939 0.00561634 0.00773895 0.0158684 0.0182719 0.00151148 0.00414353 0.00969587 0.0161331 0.0119169 0.0151005 -0.00979702 -0.013225 -0.0278513 -0.00818991 0.0187513 -0.000353005 0.00427655 -0.00440748 0.0096698 0.0132698 -0.00399732 -0.00293851 -0.00845451 -0.00579047 -0.00155983 -0.0136766 0.00187304 -0.000395493 0.00109954 0.0182604 0.00396346 -0.0115659 0.0237018 -0.0036307 0.00516112 0.00174888 0.0126644 0.00196177 0.00993976 -0.00954363 -0.00484678 -0.0235291 -0.0126921 -0.00472105 0.0101541 0.0148213 0.020084 0.0169173 -0.0129937 -0.0268596 0.00838863 0.0140995 -0.0134646 -0.00975476 0.00237211 0.00601804 -0.0143453 -0.0049406 -0.00940811 0.00359934 -0.000921196 -0.0172214 0.00119587 0.00488578 -0.00773622 0.0140904 0.00318929 0.0049719 0.00896581 0.00195579 0.00322787 0.00427688 0.0213599 0.022689 0.012045 0.0228532 0.00238507 0.00264171 0.00376413 0.00491762 0.00706135 0.0108782 0.00553214 0.0169317 -0.00133052 0.00543168 0.0148088 -0.0185383 0.00564712 0.0189266 0.0141522 -0.00763479 -0.00155193 -0.0152977 -0.00781463 0.00269211 -0.0134313 -0.0129944 0.0213504 -0.0174502 -0.00403138 -0.00756841 0.0220033 0.0107466 0.00608355 -0.00985362
internal_weight=5524.56 2987.95 1025.49 2536.61 1962.46 2320.29 656.95 696.698 608.786 2080.66 1311.66 1038.9 507.6 1305.51 972.65 239.633 332.859 747.324 216.317 521.958 287.103 264.515 291.574 272.765 764.134 95.0663 164.54 768.998 198.81 171.215 208.516 173.181 328.795 327.803 545.612 636.306 690.572 199.433 223.385 175.981 30.5312 404.969 188.611 173.915 139.086 51.6936 216.359 198.311 571.33 150.477 134.992 249.637 127.034 47.4041 123.441 108.144 50.2718 32.1776 76.5589 74.8704 65.7052 101.187 242.066 91.464 128.418 97.8027 255.716 145.45 64.9758 89.8721 62.0856 50.3273 121.251 151.366 41.5179 24.6778 109.848 51.9024 77.3499 418.627 101.64 50.1926 26.6539 386.786 57.872 67.1534 34.6639 672.229 287.954 384.275 362.979 349.696 417.194 382.223 65.9461 39.4719 26.1494 318.368 303.754 289.867 248.579 170.907 114.348 43.3615 77.6715 56.1256 39.6075 21.5459 87.392 100.86 80.7256 167.702 94.3783 73.3239 69.4359 37.4353 18.4428 23.0877 56.5594 150.602 41.8126 27.5951 231.321 127.828 95.0968 27.737
internal_count=26639 18010 8323 8629 9687 7286 4517 4784 3900 6093 4285 3683 3114 5170 4198 1193 972 2908 1343 3861 858 787 775 602 3008 406 493 1808 553 452 1190 1076 3539 2174 1196 2630 2626 1098 612 456 94 2238 1189 1068 815 382 1049 1001 2275 386 656 1735 282 156 569 542 225 166 300 432 234 786 1710 548 323 240 553 362 355 712 200 156 937 905 238 123 667 275 488 1597 539 309 97 1438 317 240 130 2536 890 1646 1550 1451 873 795 151 82 143 1373 1276 1227 1022 701 541 168 321 229 140 92 433 241 205 963 461 502 374 155 91 93 160 1162 217 101 494 378 296 104
is_linear=0
shrinkage=0.03


Tree=10
num_leaves=127
num_cat=0
split_feature=126 131 12 37 37 37 81 39 28 129 6 126 18 37 14 82 129 37 18 0 13 16 13 8 13 6 36 36 33 22 3 14 37 12 132 12 49 19 35 52 9 127 21 48 46 116 52 46 103 55 21 129 126 20 23 36 34 18 21 46 83 13 44 36 36 126 39 46 36 10 13 36 81 46 129 103 17 13 83 52 83 35 6 128 35 10 35 22 14 47 46 22 36 19 21 21 19 16 36 14 129 86 35 35 14 13 14 14 22 131 82 23 3 16 4 129 28 3 49 19 49 21 46 52 126 8
split_gain=361.982 132.947 79.4807 53.8832 38.8346 31.0904 25.4824 24.7638 28.0067 24.1275 23.8487 23.8253 21.4879 21.4537 19.2635 19.0013 17.9398 17.7663 17.4534 17.367 17.2331 17.0997 16.5952 16.3597 16.1858 15.4976 15.6209 14.5399 16.2394 14.5112 14.4862 14.1752 13.6527 13.5121 13.3823 12.925 12.8062 14.1488 14.8895 14.1623 15.6246 13.3673 12.8025 15.1957 12.5118 11.8912 11.7914 11.7158 11.4653 11.4156 10.9648 10.8859 10.3576 10.3466 11.7446 10.1533 11.8547 12.0575 10.0451 9.90324 13.5173 9.89476 9.77247 9.73938 9.68282 9.63228 9.52556 12.0223 9.50116 10.5384 9.43533 9.22387 11.0283 9.4831 9.15867 10.1743 9.1526 9.13265 9.10119 9.09829 9.09597 9.0806 9.07868 11.8025 14.2731 9.05876 9.00657 8.99933 8.97694 11.269 11.0426 10.055 10.9838 8.93977 9.81894 8.92571 12.0282 11.2433 10.4659 8.89463 8.81522 8.81367 8.74927 10.5319 9.8368 8.84448 8.67269 8.6388 8.539 8.52489 10.4829 8.51117 13.9222 9.7859 8.51106 8.44264 8.43748 8.31765 8.29739 11.7901 8.21762 8.46571 9.10803 8.43566 8.20477 8.19406
threshold=-0.42600152972887578 0.62356276769988883 -0.22101393221012353 0.55466348960413014 -0.91542023081006807 -0.51079874948022619 1.2600283442771614 1.644968403490698 -0.66848165899358392 -0.5996124832365729 0.20748900038822612 0.83642964516469587 0.901544436765646 -1.318496512811318 -0.58282143212777759 -1.1787149609857515 -0.88899068166813633 -0.18078832144524856 0.19348248644824279 1.403190457439105 -0.76948412968332891 -0.89153243315297848 0.89414365850383348 1.1658249194702355 -0.24116989965091926 0.79636724371869738 0.075301765857363825 -1.5673137284097274 1.073308880543977 0.54101804187279179 0.54784439570235 0.15534112641417103 0.98340900126811048 1.099538564074044 1.3318967693991246 1.287375772597223 0.88911097909022507 1.6349307421351591 0.7585403754586949 1.2848074037759609 -0.99711228145263198 -0.87565529936364983 -0.91435811212853857 0.67381820153090211 0.95479142022602159 1.0000000180025095e-35 -1.3539076153644365 -0.073199307826295842 1.0000000180025095e-35 -1.221196071934405 1.4434423112011676 1.6544491594320159 -1.4202861180300734 -0.0044876532735780988 1.0000000180025095e-35 -0.045872646086735698 1.0000000180025095e-35 0.17119783073420539 0.30950626807093756 0.43212936094639337 0.76369591196316222 1.9620128468672149 1.4902103273328344 -1.8178098895687469 -1.0615988029003705 0.93646610748634751 0.5952986666939778 0.52193320216457162 0.33709836636362928 -0.8355376657201129 1.8664666563294385 -0.49260444518441265 0.88580091687135776 -0.43102201363370329 0.41361228985800397 1.0000000180025095e-35 0.96560001105118987 -0.010734969530400198 1.2286026971116772 -1.2881323899441062 -0.29263710766434797 -1.2875480890991868 -0.38138924294224491 -0.89362345639017637 0.27723170048612922 0.52572119004777851 -0.40286693597674678 0.20412850159846715 0.84342328531234168 1.253091899817677 0.52193320216457162 -0.28824851880246866 0.1509073206893228 -0.5586424976059049 1.4434423112011676 -0.07406192985357489 0.11161599231497561 -1.0042461954862023 -0.41397456889407086 0.93133028823480746 -0.181621752168759 1.0000000180025095e-35 -0.23488283606837862 0.19745241792776622 0.62157011438674614 -0.97181723905744322 0.52731080009750342 0.87892390191908609 -0.36599225886577441 1.3917836700321644 -0.22051416457254305 1.5925835103097672 0.58087264936440597 1.0000000180025095e-35 -0.84552158799009758 -1.0000000180025095e-35 1.0000000180025095e-35 -1.3677943166968951 0.88911097909022507 -0.10164807265984999 3.2290378649791385 0.21877086642066049 -0.60173735409699547 -1.5088091756597557 0.75738919126556647 0.43415176364014396
decision_type=2 2 2 2 2 2 2 2 2 2 2 2 2 2 2 2 2 2 2 2 2 2 2 2 2 2 2 2 2 2 2 2 2 2 2 2 2 2 2 2 2 2 2 2 2 2 2 2 2 2 2 2 2 2 2 2 2 2 2 2 2 2 2 2 2 2 2 2 2 2 2 2 2 2 2 2 2 2 2 2 2 2 2 2 2 2 2 2 2 2 2 2 2 2 2 2 2 2 2 2 2 2 2 2 2 2 2 2 2 2 2 2 2 2 2 2 2 2 2 2 2 2 2 2 2 2
left_child=3 2 9 6 22 15 7 8 55 124 50 18 16 49 -11 -3 -6 21 88 64 30 -16 65 32 44 59 107 63 33 82 -15 66 47 36 53 -24 37 39 -39 40 41 -29 -12 78 68 -42 77 -14 -31 52 70 -49 -10 54 106 56 57 100 -48 95 -61 85 102 -17 -18 81 76 -68 114 -70 -5 72 73 -55 75 -58 87 -13 111 86 -32 -4 83 -26 -85 -23 -8 -22 89 -7 91 116 -93 94 -82 96 98 -97 -20 -92 -1 -19 -57 -104 105 -105 -33 -27 -108 110 -47 113 -113 -44 -9 -52 -90 -51 -81 -120 121 123 -123 -66 -2 -45
right_child=1 5 4 10 12 11 79 24 13 14 42 46 23 20 17 27 19 101 25 -21 31 61 35 -25 29 26 -28 28 -30 48 80 34 -34 -35 -36 -37 -38 38 -40 -41 45 -43 43 125 -46 109 58 51 -50 117 115 -53 -54 71 -56 62 74 -59 -60 60 -62 -63 -64 -65 120 -67 67 -69 69 -71 -72 -73 -74 -75 -76 -77 -78 -79 -80 118 93 -83 -84 84 -86 -87 -88 -89 90 -91 99 92 -94 -95 -96 97 -98 -99 -100 -101 -102 -103 103 104 -106 -107 108 -109 -110 -111 -112 112 -114 -115 -116 -117 -118 -119 119 -121 -122 122 -124 -125 -126 -127
leaf_value=-0.014826166281247152 -0.022633764560949062 -0.021256400666375352 -0.011918826406492498 -0.016272297688975867 -0.025698630928995568 -0.015760787054369216 0.0060622817591172726 -0.023914232240664426 -0.018504790463831095 -0.023524665753611347 -0.021835012965813763 -0.017039203611891721 -0.010512316586242014 0.021197512885631934 0.015765811761515112 0.0043810403676289699 -0.022461789456919845 -0.020325725581155241 0.015814552407026925 -0.030775132409748947 -0.0044747711893377631 -0.016649893801995917 -0.02172623763037217 -0.035543863514683541 -0.010396536850568553 0.0084767764893051659 0.024162071915364944 0.019550271174507326 0.020151336752864648 0.014078388199290245 0.01201267654427678 0.0020971581432254107 -0.024512006599773341 0.017211310723983488 -0.022187313535577631 0.017661742659400965 -0.015368274799054678 -0.030415392438966949 0.01526208746604487 -0.021288599566913875 0.013166888470912337 -0.019255692958289598 0.0071473849975753415 -0.00081723194858395311 0.028790518915940404 0.011099594014404465 -0.025434575619336045 0.0070694447163180156 -0.02301030328106228 -0.0051405992192825982 -0.012413073049269249 0.036870623805879639 0.0075232133839144054 0.0082578939141158547 0.0098611385567400588 0.0063016204830278304 0.0042716507816337648 0.021912097905246446 -0.0064758352072067519 -0.0040513352559620472 0.030990573844547203 0.024026853384683071 -0.0073519780206879265 -0.03875808732676523 0.013214935719651839 -0.0069908831738198065 -0.022787192466098893 0.011280229416338175 0.021871494483081892 -0.00062076268242528205 0.017385569502657499 0.013989289562034851 0.015266833944459934 -0.031805429862065908 0.012527563262504112 -0.025015407574863271 0.011788458048564441 0.02211341849939253 -0.013991116311447737 0.015661362976019701 -0.029686644293754335 0.013757706427581189 0.024294244987148196 0.0033493431652666405 0.030486047277604695 0.012335594002740381 0.030128809594064807 -0.031110756893371283 0.023459922125045624 0.0076144887052314713 0.0057841370199529672 -0.018294678828951635 0.0069452871271002414 0.010006294916310183 0.0035318097321560427 -0.029212109046423466 0.030273629901481657 -0.004054245350764425 -0.016774758698241136 -0.032549232112604805 0.012452629959815902 0.0048257967553361394 0.031256848406833897 -0.000187692267000024 -0.0054385235036689379 0.022588143254808287 -0.0023567012866504565 -0.027209910699230091 -0.03305018566651937 0.012850098108875824 -0.025862639755246653 -0.025849610372938741 0.021492328256396347 0.024508392132840097 0.0010719565599847404 0.028964147666374371 -0.0078297931757998433 0.016640078191380199 -0.015316968746793801 0.016175033464378683 0.023270009898736087 -0.020197206525460979 0.001915791405663425 -0.013199235741431444 -0.033635113231114282 -0.028193441449824611
leaf_weight=17.817011840641499 152.47690876759589 22.62258829548955 12.814959824085234 129.89054863341153 91.424263376742601 117.4304229542613 18.744163557887077 14.194763377308844 18.519066594541073 189.35450589284301 15.191988067701457 8.4072010554373282 27.12291357666254 56.199299734085798 33.356685604900122 7.9423933103680637 41.568642964586616 127.83935376256704 13.843735497444866 35.415160823613405 159.35018874518573 65.373448971658945 32.115485396236181 9.8701391741633397 16.110773772001266 15.883276224136354 53.244250774383545 9.7345346808433515 73.420727528631687 16.407409302890301 41.727393377572298 24.661750469356775 13.574455354362724 67.807094447314739 17.025526694953442 8.7877757623791677 31.183716651052237 18.799550861120228 8.6658402606844884 15.04892026633024 219.31983276829123 30.573085937649012 61.573659898713231 34.599942399188876 19.239598251879215 9.6884040758013743 78.012264914810658 72.677779652178288 12.164596952497961 16.782830633223057 7.0054339691996601 12.298507452011107 45.622684679925442 7.7745872028172007 37.790661633014679 49.245162472128868 18.906745359301567 56.23779334872961 38.861256118863821 20.802831023931503 17.360751438885927 6.3406678140163413 14.073316298425196 9.6006971374154073 10.658345274627207 30.527454975992441 53.743559282273054 10.471038132905958 38.421189814805984 35.166123416274786 7.0706129930913439 108.68831833079457 15.500385344028471 13.25390473008156 19.864456743001938 22.381764821708202 27.921287529170513 11.456092838197945 11.635780628770588 313.82678716629744 18.526265732944015 128.94828389212489 182.52410115301609 34.32244748622179 35.671254612505436 10.496443402022122 67.437042273581028 11.421373460441826 28.190928343683481 21.201637823134661 7.7560275495052364 26.591665334999561 34.396061755716801 17.309589635580778 12.99958849698305 21.363223344087601 11.742542989552019 58.880984332412481 20.983643133193254 14.68453201279044 23.576900154352188 13.303569452837108 59.481423906981945 18.043075531721115 16.671300694346428 92.061336994171143 13.96109117567539 8.5495829582214338 20.019023321568966 16.847399286925793 19.077151469886303 11.539358809590341 9.0801420994102937 57.913385391235352 62.369326453655958 9.1184902638196927 9.8270996920764428 162.8147966042161 19.355441682040691 21.528845578432083 6.8236569091677657 18.947806308045983 103.45614831894636 186.66704508662224 123.30814757943153 12.922735679894684
leaf_count=80 1528 117 56 1018 963 762 45 55 67 1858 93 52 184 167 151 37 376 1136 57 371 792 461 187 76 54 64 155 27 215 39 160 97 130 186 96 29 137 93 31 78 694 127 243 202 40 41 575 340 43 51 52 29 135 33 134 157 61 144 229 97 45 26 42 56 49 186 266 33 90 99 35 330 49 70 54 78 107 37 67 707 103 442 393 101 73 54 136 77 102 104 34 135 133 67 48 103 38 257 99 81 75 95 126 46 50 202 51 42 100 45 96 83 36 220 192 30 52 391 62 51 28 153 637 1404 1573 84
internal_value=-3.90996e-05 -0.00759067 -0.0133463 0.00800541 -0.00707552 -7.31875e-05 0.00976076 0.00815542 0.00604419 -0.0206514 -0.00262445 -0.00459288 -0.0108151 0.00310992 -0.016255 0.00507849 -0.0137082 -0.0108105 -0.00155436 -0.0109275 0.000322087 -0.00202682 0.00396893 -0.000205558 0.014098 0.00421619 0.015175 0.00622943 0.0071523 0.0183169 0.00937141 -0.00223152 0.00280484 0.00496903 0.00274164 -0.0129729 0.00273097 0.00440197 -0.015868 0.00619348 0.00762328 -0.00956479 0.00381818 0.00588823 0.0066143 0.0102757 -0.0156503 0.00632673 -0.0018549 0.0107095 -0.0116356 0.0117961 -0.000114271 0.00459458 -0.00298262 0.012567 0.0065449 0.0129904 -0.0192645 -0.000985854 0.012197 -0.00938489 0.016345 -0.0198826 -0.0089317 0.00806003 -0.00712783 -0.0170983 0.00358123 0.0112184 -0.0143995 0.00963278 -0.00327703 -0.0171547 -0.00374059 -0.0117495 -0.00382102 0.00537574 0.0105199 0.0162276 0.00184852 0.0113484 0.0204724 0.0121506 0.017456 -0.0124925 0.0250584 -0.00644442 -0.00694534 -0.0121355 -0.000945519 0.00338079 -0.00412896 -0.00684281 -0.0162094 -0.00504099 0.00529199 -0.011066 -0.00365707 -0.0194907 0.000567603 -0.0179167 0.0177989 0.0207728 0.0156243 0.0188607 -0.0113364 -0.00447168 -0.0209531 -0.00354559 -0.0133581 0.0126615 -0.00483322 0.0157204 -0.00377033 0.0111365 0.0153017 0.0145709 0.0140092 0.00118472 -0.0071369 -0.00786573 -0.00161886 -0.0116979 -0.0276672 -0.00875103
internal_weight=5360.82 2765.35 1565.55 2595.47 843.699 1199.8 2227.93 1787.04 1320.44 721.85 367.542 639.47 630.505 912.084 446.065 560.332 494.961 256.71 502.733 403.537 668.345 115.567 213.194 135.544 466.592 242.655 77.6771 537.709 520.166 297.201 146.762 521.583 125.674 446.746 258.675 40.9033 378.938 347.755 27.4654 320.289 305.24 40.3076 214.457 199.265 169.391 264.933 136.737 112.099 28.572 243.739 153.085 84.9763 64.1418 241.65 96.4325 408.36 158.785 97.6317 116.874 164.978 38.1636 82.2106 249.576 17.5431 368.122 172.291 262.907 64.2146 150.151 73.5873 136.961 145.217 36.5289 21.0285 61.153 41.2885 198.693 19.8633 151.742 440.892 90.5628 141.763 268.629 86.1045 69.9937 75.8699 86.1812 170.772 260.078 138.632 121.446 99.0058 60.9877 48.8354 31.5259 126.814 46.5699 80.2442 34.8274 22.4406 41.3939 141.143 235.502 186.257 126.776 110.104 58.6419 24.4329 33.9801 45.613 28.7656 140.107 20.6195 119.487 76.5641 16.1239 38.018 179.598 354.711 40.8843 326.553 319.729 122.404 197.325 275.785 47.5227
internal_count=26637 17755 12522 8882 5640 5233 6719 5718 4539 6882 2163 3253 4740 3424 3781 1980 3981 1923 2360 3018 2780 692 900 759 1179 957 261 1863 1770 703 545 2235 683 1555 960 216 1369 1232 124 1108 1030 154 1028 935 476 876 893 553 82 644 1135 369 202 864 382 1115 492 299 804 696 142 541 623 93 2647 684 1275 299 436 189 1053 482 152 103 193 139 976 89 649 1001 378 498 621 228 174 515 181 869 1403 866 537 422 268 218 151 554 194 360 156 115 155 1231 581 424 298 248 248 106 151 182 137 582 119 463 247 82 154 442 820 113 2271 2243 790 1453 3101 286
is_linear=0
shrinkage=0.03


Tree=11
num_leaves=127
num_cat=0
split_feature=12 126 37 28 15 38 37 131 40 52 38 15 12 15 22 35 12 41 129 15 15 126 126 32 126 7 52 36 84 27 22 15 3 22 3 39 13 19 37 13 40 13 17 47 83 42 129 14 13 47 83 84 41 42 3 37 40 18 28 13 19 83 45 131 131 83 17 43 34 11 2 7 11 2 126 22 34 83 35 37 103 31 49 14 129 131 7 34 130 39 19 23 52 19 4 35 41 36 84 33 82 42 35 33 82 19 18 82 19 19 14 129 14 133 43 40 14 40 17 5 34 47 35 18 83 32
split_gain=340.52 121.455 71.1939 62.3468 62.2375 53.4665 45.8044 29.5352 24.3262 23.9831 21.7066 20.1594 20.0679 19.0353 18.801 18.2236 17.5187 17.3783 16.5233 15.7017 15.3222 14.5825 14.1414 13.8961 13.6028 12.7001 12.5201 14.9725 15.9022 13.887 13.0548 12.8153 11.9734 11.4696 20.3935 11.3992 11.3341 11.0106 13.4938 10.9536 10.7328 19.1564 10.499 10.4363 11.194 17.6836 15.9936 10.4122 10.4961 10.4687 10.3117 10.1035 11.1031 15.5378 10.0974 9.72985 9.5976 9.53018 14.1635 14.1733 10.8884 9.53003 9.41234 9.3615 11.1889 12.6685 11.77 10.9225 9.81054 9.35975 9.29097 9.282 11.5708 10.2436 10.9478 9.20505 10.6196 10.3582 11.0525 9.16544 10.94 11.4202 10.8895 9.15652 9.14954 9.45899 9.65962 9.10991 9.38357 9.02384 10.4234 13.4245 11.2088 14.0475 18.1797 9.07943 11.2266 8.93778 10.6416 8.92739 8.89635 8.80283 8.77675 8.63933 8.62842 11.5997 8.61874 10.4034 8.51103 8.47797 21.7077 12.6426 8.45858 8.39589 8.39435 8.22984 8.21604 16.0868 8.20866 8.14801 12.7559 8.74592 7.97142 7.95713 7.92812 8.89552
threshold=-0.065121123152961494 0.19365062682756282 -0.57547637851985722 -0.66848165899358392 -0.033482604088299443 1.7086214707387102 0.55466348960413014 0.55421632261099585 -0.24121461724416113 -1.539378801373952 -0.59591036556152865 2.1801168300692981 1.2676182901079329 1.5462069392122608 0.38553056174618044 -0.17985356196046492 1.3313596919483806 -0.6622460276836617 -0.88899068166813633 1.0480146983638916 1.1839642304144504 1.0119930209593353 0.2671413915360753 -0.25466885902801512 1.1621945065620425 -0.80381325638298085 -0.085111209468175728 0.033217452022665607 -0.19173794123576782 0.83331277631038125 -0.39190683888687633 2.4425967376931657 -1.0375117800763356 0.61876178193609754 0.61390090302646183 1.1290543867658938 -1.2640761748200529 -0.71097397258792316 -0.18078832144524856 1.2875691489535004 0.53082041343288633 -0.89313214096750992 -0.11248302921206764 0.55052516169196763 1.5053450711514429 0.90086524168714044 1.0538841145581943 0.52731080009750342 0.92786584339951916 0.51499846794478499 0.50615381977435592 0.11781767645088047 -0.79041660206245834 -0.32246210542397802 0.74601391767468572 -0.14048700018115859 2.2794312828736505 -0.38698905410866685 -0.66848165899358392 -0.078179339321771638 -0.89377174256634506 -1.1232438888920353 -1.5552917079448398 1.2511235048163958 1.3094655051615727 0.51842644773461799 -0.46312435626831611 -0.3521666817721894 -0.20650116538715826 1.3659987156417779 0.48763162707258817 -0.95667482718640051 1.0000000180025095e-35 -1.0754089916571583 -0.39553032670701505 -0.10684645865475549 0.78819312162531541 0.10973552052368171 -0.10534023864687848 -1.318496512811318 1.0000000180025095e-35 1.0000000180025095e-35 2.1818650425541288 0.75361589470818313 1.0538841145581943 0.13555560359028554 -0.61273629287870635 0.29084597811907847 -0.51933137136609397 0.29493044988834677 -0.75667341508252861 -0.72607153415307524 -0.3926563448117088 0.096382844816773769 0.034672188119911608 0.7585403754586949 0.29597361364051994 -0.56153790358766031 0.22327627554473176 -0.78668746603278572 -0.62086205338217415 -0.53522008592689951 0.50024507450241107 0.45331009835172259 1.0743040739272383 -0.46724361261669389 -0.44533207025300386 1.0043517614609871 0.020217107325764604 0.87327336722506732 -0.20871565519301277 -1.5390053736405369 0.90290140208264991 -0.38094416806900971 -0.20774951377810502 2.0897863891136619 -0.17305747202308747 -0.22155168347506679 0.20279942853254931 1.4669975658858576 1.2855402651315522 0.64638366474461362 -0.93183254211453914 0.93050127479136135 -0.11009624175183898 1.0000000180025095e-35
decision_type=2 2 2 2 2 2 2 2 2 2 2 2 2 2 2 2 2 2 2 2 2 2 2 2 2 2 2 2 2 2 2 2 2 2 2 2 2 2 2 2 2 2 2 2 2 2 2 2 2 2 2 2 2 2 2 2 2 2 2 2 2 2 2 2 2 2 2 2 2 2 2 2 2 2 2 2 2 2 2 2 2 2 2 2 2 2 2 2 2 2 2 2 2 2 2 2 2 2 2 2 2 2 2 2 2 2 2 2 2 2 2 2 2 2 2 2 2 2 2 2 2 2 2 2 2 2
left_child=1 6 10 70 18 8 7 9 14 114 22 17 15 24 55 35 54 -11 -3 21 57 33 25 99 37 42 47 28 100 36 -29 51 -23 79 69 -7 -30 38 103 -34 41 -17 -2 44 45 46 -18 49 -49 -9 -15 56 -53 -54 -10 101 75 -8 59 -59 -60 -25 -56 67 65 -65 113 -21 -67 -35 122 73 116 -19 -75 76 106 78 -77 82 87 -82 89 119 85 -72 -87 88 -81 -12 -91 95 -93 94 -94 96 -92 98 -68 -20 -28 108 -45 -6 105 -99 -32 -108 -5 111 -111 -27 -64 -66 -1 -107 117 -73 -102 120 121 -83 -4 -24 -26 -126
right_child=2 4 3 5 13 12 20 26 16 11 19 -13 -14 50 -16 40 43 71 23 63 -22 32 123 61 124 109 27 30 29 -31 31 -33 39 34 -36 -37 -38 -39 -40 -41 -42 -43 -44 102 -46 -47 -48 48 -50 -51 -52 52 53 -55 62 -57 -58 58 60 -61 -62 -63 112 64 66 68 97 -69 -70 -71 84 72 -74 74 -76 77 -78 -79 -80 80 81 83 -84 -85 -86 86 -88 -89 -90 90 91 92 93 -95 -96 -97 -98 104 -100 -101 118 -103 -104 -105 -106 115 107 -109 -110 110 -112 -113 -114 -115 -116 -117 -118 -119 -120 -121 -122 -123 -124 -125 125 -127
leaf_value=-0.0067621059717328375 0.01477048288067697 -0.034040199959728977 -0.0038270263954895845 -0.012704709104213599 -0.00042526899948947455 -0.023604466090787177 -0.023411238777582055 -0.024189214676602146 -0.0019644375886908694 -0.018437705055037588 0.021809842089604556 0.024870286155394192 0.023275723579946266 0.015254968821494264 -0.034077324411808621 0.034814216773799027 0.00035823368843514148 0.0023632271893063604 -0.035279332457119568 0.0057895189372388235 0.0034289455975070973 0.016397191875693908 -0.016679884966950838 -0.035709138015783605 -0.028955375525685684 -0.01483699741393211 0.025909697251317421 0.022249564089074896 0.001696958789527776 0.0044517321912962669 0.013479457014856658 -0.024333893592990822 -0.02212252314811004 -0.0076726746705256194 -0.039469878930585942 0.011249159393041665 -0.023527647397961406 -0.01140995397589438 -0.010545339931076562 0.015856453591867034 0.022750471058809722 -0.0081972275898686622 -0.021602920514432199 -0.02156242738944494 0.027134073035103467 -0.022887604713681443 0.029516509987489989 0.02262522710432123 -0.0034198125505104228 0.013235085714738542 -0.012266146106199144 0.018868413514232192 0.012287692418237021 -0.023977959667839478 -0.040687906725381306 -0.013612071124435235 0.029699721203076207 -0.015577490565783508 0.0025328924919965664 0.017371166011724833 -0.022123279807838712 -0.0066764740132843423 -0.0053037014945253053 0.016642912624898146 0.014985163657200916 0.0092411558870171984 0.020293949478570369 0.030027125185344814 -0.024874339159551947 0.0252351086202619 -0.024330992453676318 -0.0017815497684429947 -0.022110292482674005 -0.0020347498213682926 -0.028511175822996303 0.022135556434523963 0.017004528233580538 0.032920950243839973 -0.01963296984503211 -0.017076248448166829 -0.015410867922888446 0.012567658130322627 0.038778767036407272 0.021419171389739006 0.024668422492451908 0.023615902543455341 -0.0033925354082985867 0.020655193982205586 0.010830595565688685 0.024841585456652125 -0.017123318226737433 0.023697879878376172 -0.027758742109242063 0.01651310113437229 0.012968771388027872 -0.019692691705050672 0.013153816167779648 0.0032523876773342861 -0.0052481842154286787 -0.021501216274787668 -0.01244854270444074 -0.0082402431972888011 0.01154203507866937 0.031337425022086335 0.031527698086568974 0.006414118867488652 -0.018228338517823694 0.0087426117909500216 0.021919445208411912 0.028159666363323135 -0.015061731910593552 0.014375723973723891 -0.028295924793761855 -0.015421652874943964 0.025377862515977567 0.028854547199371541 -0.0081287145470219802 0.020042331424851796 0.010280356181822289 -0.014367999060166404 -0.014357662953154257 -0.010269001838596198 0.018868411718387598 0.010064753943489707 -0.019128019329832942 0.010896449767108267
leaf_weight=9.1119499355554563 9.2823814600706083 135.09896750189364 14.475502893328665 8.1760016083717364 13.288308121263983 26.717273876070976 109.89557254500687 11.442586153745653 258.15021666698158 115.06363834068179 100.33145824074745 16.214740686118603 78.537267476320267 40.812455683946609 31.474447220563889 11.18125509470701 42.746101815253496 24.750122904777527 60.111413914710283 22.020070426166058 38.683579364791512 15.679593466222284 40.730843227356672 11.012103766202925 50.953889479860663 13.606684900820254 15.449693400412796 38.424922354519367 20.582642830908298 35.671234622597694 17.761804550886154 12.964068986475466 30.123769361525774 15.337252177298071 10.018329702317713 11.302501522004603 66.395873058587313 155.34864032454789 29.319320026785135 7.881344608962535 39.961321588605642 38.591283153742552 22.803622208535671 17.414573043584827 28.935889642685652 15.002031397074459 27.293638937175274 71.159456185996532 16.718563124537468 13.617774710059164 16.355145763605833 12.35841494053602 15.011154286563395 31.143924202769995 9.2373756282031518 182.98848150111735 17.290837362408638 20.572655539959669 19.29820255190134 24.767527751624584 85.814304862171412 75.779652761295438 74.287887308746576 27.895447693765163 15.142902456223966 11.986276954412462 30.9679044932127 82.498518235981464 17.515008315443993 13.906466938555239 10.941767778247593 175.02294765785336 25.527583438903093 21.117430236190557 43.659710658714175 11.394743673503401 28.239212367683649 20.467606611549854 9.541323669254778 11.236574675887821 22.798189900815487 115.75304988771677 16.480281591415405 30.609976448118687 15.861037120223044 16.398711778223515 36.773408971726894 94.961957186460495 95.613447837531567 41.007228590548038 14.683777429163454 57.674021311104298 18.457713529467583 53.031732350587845 19.02633760124445 18.861627593636513 35.986800037324429 36.992922626435757 26.262943342328072 191.24850908759981 23.484708700329065 55.292281668633223 10.900512147694824 16.683310560882092 64.201921686530113 20.406016051769257 40.069073215126991 17.855626374483109 20.666321840137243 13.929438270628451 33.871687103062868 163.89696223661304 17.260946646332741 15.544089704751967 28.065992195159197 63.580816268920898 108.7661060616374 35.71918024495244 33.335816435515881 18.738845828920603 22.418104745447636 16.422486901283264 187.49531861767173 12.279492255300282 30.975852537900209 11.407485373318194
leaf_count=48 36 1774 50 58 74 176 1038 55 1405 876 241 37 205 135 308 32 184 129 708 62 169 62 288 119 449 60 42 99 63 133 65 43 185 58 41 37 342 1040 213 28 117 214 122 83 82 65 66 185 52 41 62 35 45 144 58 1576 37 155 141 103 768 595 435 64 36 35 66 185 52 35 63 995 155 116 367 33 87 47 49 53 84 335 30 76 42 42 103 253 284 96 54 128 63 129 46 52 87 81 67 1963 99 336 36 52 118 52 161 47 87 37 137 512 85 40 82 127 559 135 108 79 76 56 475 53 237 53
internal_value=-0.000162965 -0.00874583 0.00663388 0.00134921 -0.0178657 -0.00214501 -0.00357749 -0.000919621 -0.00566058 -0.0055668 0.0107731 -0.00711259 0.0114325 -0.00851413 -0.0124254 0.00400434 -0.00160785 -0.00810503 -0.0250415 0.0124383 -0.0140477 0.0101406 0.00360054 -0.0213477 -0.0114648 0.0065158 0.00390493 0.00172002 -0.00460596 -0.0111589 0.0062559 0.00353446 -0.00490468 0.0111065 -0.00457195 -0.0131436 -0.0175729 -0.00722773 0.00368788 -0.0139651 0.0113677 0.00190146 -0.0108611 0.00725877 0.0113051 0.0056316 0.0120186 0.0128273 0.0176537 -0.00401026 0.00725433 0.00528396 -0.00530894 -0.0121091 -0.00514157 -0.00974549 0.00912294 -0.0166592 -0.0115854 0.00234277 -0.017587 -0.0107591 -0.0131506 0.0171354 0.0145546 0.00240363 0.0170793 0.0250524 -0.0110664 0.00819396 0.0137924 -0.0053262 -0.00306166 -0.0138903 -0.0200876 0.00646805 0.00161376 0.0182565 0.00293613 0.0118805 0.00882875 0.00425867 0.0153224 0.00653658 0.00500302 -0.000120042 0.00516389 0.0139022 0.00773691 0.0141328 0.0110717 0.0083627 0.0134411 0.00668548 -0.0072083 -0.00245519 0.00416019 0.0192868 0.00863244 -0.0249348 0.00647455 -0.00123953 -0.00875681 0.0175991 0.0224994 0.0174645 -0.0042364 -0.0098562 0.0119071 0.00904079 -0.00208643 0.012049 -0.00993005 -0.000322946 0.0174513 0.0235772 -0.00146615 0.00198045 0.000781478 0.00378337 0.00608104 0.00965193 0.0172162 -0.0103575 -0.0209968 -0.0109129
internal_weight=5251.35 2320.83 2930.52 1288.06 838.395 1006.12 1482.43 1183.4 799.827 603.019 1642.46 565.841 206.291 365.144 298.598 127.754 501.229 549.627 473.251 1332.06 299.032 897.04 310.401 338.152 307.977 257.391 580.381 467.443 194.92 122.65 272.523 234.098 53.6847 843.356 39.262 38.0198 86.9785 214.64 59.2909 38.0051 89.7339 49.7725 32.086 142.293 113.978 85.0418 70.0397 112.938 87.878 25.0604 57.1676 221.134 58.5135 46.1551 358.936 267.123 162.62 260.348 150.453 45.3402 105.113 86.7918 100.786 435.015 330.496 57.3967 273.1 104.519 29.5013 29.2437 281.946 434.563 345.036 89.5273 64.7771 145.329 103.926 41.4037 20.9361 804.094 428.553 226.741 375.541 203.942 79.9749 64.1139 53.1721 201.812 106.85 359.061 258.729 217.722 148.19 90.5158 37.4841 69.5322 50.6706 242.413 57.2308 251.36 72.2702 84.1346 28.3151 29.9716 185.182 120.98 75.6865 57.9247 28.8423 225.305 47.8011 177.504 91.5488 30.687 37.1779 83.9868 319.508 210.742 56.8205 173.332 154.594 132.176 201.971 53.0103 93.3372 42.3833
internal_count=26640 15359 11281 6420 7474 5645 7885 5511 4864 3499 4861 3369 781 2315 2365 576 2499 3332 5159 3616 2374 2631 1245 3385 2118 904 2012 1679 787 538 892 793 275 2356 134 213 405 1379 339 213 363 246 158 516 397 315 250 333 237 96 197 750 224 189 1983 2057 526 2205 1167 258 909 714 578 985 738 151 587 247 87 93 775 2456 1844 612 483 489 360 129 82 2222 1296 706 926 622 250 208 145 590 337 896 655 559 366 238 109 193 141 511 133 2671 249 481 119 126 378 260 273 208 145 746 174 572 520 76 130 179 1689 1130 207 546 467 391 525 341 739 290
is_linear=0
shrinkage=0.03


Tree=12
num_leaves=127
num_cat=0
split_feature=126 15 37 37 32 15 12 126 18 38 37 82 15 32 44 40 15 41 4 132 15 8 27 21 30 38 43 17 53 37 7 39 15 4 44 8 15 37 131 84 49 4 42 127 103 36 55 22 10 36 32 42 131 13 36 113 133 32 129 43 45 36 44 129 36 37 126 21 16 45 42 7 39 137 21 45 12 18 83 21 43 41 83 18 81 18 42 19 35 48 83 39 19 82 2 83 40 43 14 39 84 13 40 42 7 132 18 41 43 35 132 132 38 7 33 16 81 37 84 8 21 40 7 18 48 13
split_gain=276.937 176.243 54.4638 48.2609 34.6372 32.9627 31.0842 24.1486 23.9538 23.9529 21.8864 21.6815 18.583 18.2924 16.488 16.33 16.0171 16.0146 14.9721 14.1441 15.8898 15.8808 14.3249 13.2309 12.9546 14.5357 12.7958 16.1776 13.9959 12.742 12.3242 12.2307 16.8148 12.1228 13.0236 12.3828 12.0384 11.998 12.5851 11.8965 12.7744 11.7791 13.4582 13.4328 13.0837 17.9597 11.5944 11.225 11.1352 12.9846 10.8874 10.7864 10.7082 10.6262 10.4778 10.3219 10.209 10.801 10.391 17.187 9.85909 9.84872 9.79315 10.6998 9.75142 9.63294 9.63196 9.51619 10.1364 9.53719 9.50866 9.44737 9.40504 9.3792 9.57635 9.55226 9.30064 11.8244 9.25515 9.25083 9.01216 10.3516 11.3057 11.9349 8.96374 8.92336 9.05047 8.91972 12.9332 8.82682 8.78141 8.7721 15.8182 8.70379 8.6968 8.69265 8.62125 8.55736 12.9761 8.25891 8.21263 9.86339 8.18341 8.17097 13.0323 11.1497 8.07653 8.76447 8.07185 7.97768 7.95651 11.1101 7.88582 7.86594 7.82902 7.82583 7.80992 7.78063 8.30767 7.71907 7.69861 7.64511 9.06767 8.37397 7.53785 7.48879
threshold=-0.42600152972887578 0.13125889682239197 0.39232295606145762 0.82673419859694175 -0.25466885902801512 1.3440750005570892 -0.065121123152961494 0.4964448890238144 1.4515042426595006 -0.22358064767373342 -0.51079874948022619 -0.37779585857650316 0.12317378884882271 -0.25466885902801512 -0.76058523636923148 -1.3005832055118229 2.3636683966457941 1.343268297984064 -0.84552158799009758 -0.18305997475025487 1.4506050105989079 1.0194902883042172 2.1506995074916651 0.056326994385588851 1.0000000180025095e-35 -0.32334021847604771 0.14467790810042161 0.68285788662527902 -0.39032367683325286 -1.0426416421974649 1.4126795202666032 -0.50027117896809103 1.4243997335174943 -0.7778143744431737 1.360675524918969 2.0438327064663455 -0.80757793406814826 -1.6940535305795512 1.1763977920455189 0.75933379275198631 -0.86694500512088934 -0.84552158799009758 -0.40127267715312348 1.3142475188986316 1.0000000180025095e-35 -1.1796945494435103 0.5295220172054157 -0.2364193587602649 1.0000000180025095e-35 0.72246265891530592 -0.25466885902801512 0.61355159277390781 0.92961455575178153 0.37144979262070466 -0.91264109974021135 1.0000000180025095e-35 1.4126878054687302 1.5104365790389085 0.16424168019088733 -0.55157084389198896 -0.53960237194262528 0.084623219578909073 1.6354597374228967 1.0538841145581943 0.52018669110083804 -1.6940535305795512 -1.3301652266684492 -0.21031970316294887 0.55683941282894911 0.41574660969867522 -0.79585775372271639 0.91587941515548954 1.8380306834525821 1.0000000180025095e-35 0.20328601373266639 0.23849586655906849 0.31873443557421777 -0.027217278335915446 -0.074356567916029195 1.1831661447145054 -0.59378786301676423 0.075178449904106062 -0.8557808356030866 0.83809977691778303 0.45574803691737803 -0.56367799806097263 0.4407806500377176 -0.20828010514726278 0.50024507450241107 -0.47982898803521146 0.42875164753276312 1.1290543867658938 0.23348117230059026 0.15761646164915943 1.1128478745644867 0.74498833030933753 -0.36221122130099459 1.20699002582163 -0.62941025084909163 1.9533041194472507 -0.15071867508392603 -0.87065068437038617 0.35486131630449441 -0.20948484824097782 0.1133561684375365 1.2594905257780189 0.006645839350924501 0.43313318186075039 0.56307867543328249 0.19745241792776622 -0.44299535980008231 -1.2827866038072171 0.34617938920206481 -0.65095168557956129 0.45331009835172259 0.91188776417860451 0.84213990999284694 -1.4806057920327043 0.55969342586493642 0.87315565713819876 0.18617849121835742 0.19122780188155988 0.30443313194181104 0.0091791891558004515 -0.47982898803521146 -0.08942006762033354
decision_type=2 2 2 2 2 2 2 2 2 2 2 2 2 2 2 2 2 2 2 2 2 2 2 2 2 2 2 2 2 2 2 2 2 2 2 2 2 2 2 2 2 2 2 2 2 2 2 2 2 2 2 2 2 2 2 2 2 2 2 2 2 2 2 2 2 2 2 2 2 2 2 2 2 2 2 2 2 2 2 2 2 2 2 2 2 2 2 2 2 2 2 2 2 2 2 2 2 2 2 2 2 2 2 2 2 2 2 2 2 2 2 2 2 2 2 2 2 2 2 2 2 2 2 2 2 2
left_child=3 2 6 4 9 8 7 11 10 16 24 112 62 61 78 -6 17 29 37 20 21 26 39 -15 25 102 27 28 120 48 117 32 66 -7 35 65 -4 -17 52 40 95 51 -43 44 47 -46 60 64 49 -1 67 -42 94 -13 90 119 58 -58 59 -56 -14 84 63 -5 -44 -35 -20 115 69 -69 100 -41 -26 75 -75 -63 77 -72 -9 103 -67 93 -83 -84 113 -61 -87 88 -52 -88 -33 -31 -93 -82 97 -21 -16 98 -39 -49 -28 -102 -3 -47 -105 -106 -89 -108 -85 -30 111 -60 -2 -12 -40 -8 -104 -27 -119 -38 -11 -25 123 -123 -23 -62
right_child=1 5 36 12 15 33 50 14 -10 19 13 53 46 23 96 18 -18 -19 31 22 -22 124 -24 121 72 30 70 -29 109 91 -32 54 -34 34 -36 -37 55 38 114 71 41 42 43 -45 45 79 -48 99 -50 -51 87 -53 -54 -55 56 -57 57 -59 110 85 125 73 -64 -65 -66 80 -68 68 -70 -71 76 -73 -74 74 -76 -77 -78 -79 -80 -81 81 82 83 108 -86 86 89 106 -90 -91 -92 92 -94 -95 -96 -97 -98 -99 -100 -101 101 -103 116 104 105 -107 107 -109 -110 -111 -112 -113 -114 -115 -116 -117 -118 118 -120 -121 -122 122 -124 -125 -126 -127
leaf_value=-0.015830969525506871 -0.021524237783133615 -0.024685123073233044 -0.029697860383260305 -0.022606622763924323 -0.015239679832730937 0.020604665580378049 -0.027685243353834509 -0.017188919202121095 0.012669203929689621 -0.0054526201486717451 -0.00023043723256193347 -0.0016850861296055779 -0.020430325778808881 -0.0091319806002646241 -0.029854320511499281 0.022499820364725413 0.029403118657450156 0.01078522456214316 0.019259979203531421 0.00080003736150685318 0.023480833464499969 0.0022265461605934893 -0.023556996209366902 -0.0075717152234496057 -0.0068481084779788738 0.030914802123059144 0.022761783170573854 0.017997552204469934 -0.021314951688192144 -0.018575269803428929 -0.01749803494544528 -0.0024901268560504237 0.027184251064843842 0.023309198917728847 -0.02355097679538511 0.0315081578559952 -0.017605488565635249 0.015064183634235716 -0.027531338467079371 -0.020748159855836012 0.0036457918529196882 -0.015966358460489161 -0.012634472844314662 -0.013819978354304163 -0.025279733738263248 0.021462876199931223 -0.010047002018589648 0.018636967846365812 0.013751397629375059 0.01207095326258617 0.022383197817206928 -0.02769678633144617 0.02777027677344374 -0.01568357026096209 -0.0056122139981837037 0.015670617154692437 0.013047012573188089 -0.013906179397865297 0.02899438783088212 -0.00521062400007259 0 -0.020250505735232759 0.010691572259084558 -0.0026862925648512902 0.020471993671421211 0.012914968253644811 -0.012853369855164287 0.0070500866867552634 -0.01613601666621254 -0.016524205008527637 -0.013321566435033429 0.010118696126118825 0.013706370689229726 -0.0074700673470673995 0.01435523496479796 0.0018996418306095242 0.025770845053171988 0.019750798598009163 0.011662658463388572 0.02538570658249972 0.0045208522851491991 0.022961741957370316 -0.01860575919640561 -0.0088224033998409949 -0.025269105742240398 0.021465936304132641 0.018537540448044121 0.0097800613787827929 -0.012876870838936044 -0.015101370568250656 0.014931216225246178 -0.018550829584829408 0.030967068489774457 0.030603474989112193 0.020476762606185653 -0.023433777629505062 -0.016822732507107977 0.01704870500142525 -0.021260372762666544 0.037501231784309183 0.014859999045097121 -0.022801518711899071 0.016477778968274334 0.012323435450363194 -0.021631350691673778 0.010926621630186989 -0.033555127218596069 0 0.014764881928242731 0.0014324370618313544 0.024285608486415908 0.009991668033308209 0.00088964678100039046 -0.021096764190791702 0.00053267242015185578 0.0035914655818330365 -0.016163402845172307 0.014658992817830599 -0.011279608470040295 -0.033338026116461562 0.02290742925304021 -0.019071674980183442 0.024956175991137901 0.012360271933835598 -0.029967916728849839 0.020449702277272854
leaf_weight=46.0926348939538 123.23756738379598 14.871071748435496 160.1815425939858 75.090578747913241 17.454012241214514 59.934706460684538 26.750857383012772 19.071105862036347 89.096990037709475 13.742727410048245 36.297967977821827 234.94879663549364 7.7236859127879134 69.16807609423995 118.11581341736019 25.673014953732491 12.573815234005449 51.966365311294794 9.548309810459612 53.191881209611893 83.269896291196346 12.56574357300997 15.068302758038042 19.473642593249679 139.14936667308211 22.953722052276134 10.974779348820446 46.964825373142958 34.72519712895155 91.004783812910318 10.306699052453039 48.346768036484718 17.189006045460701 25.334213584661484 11.887553937733172 16.946235872805119 212.60279440693557 11.463303815573449 18.510412462055683 25.869291890412569 33.255547899752855 15.494843855500219 16.535916890949014 16.512882933020592 13.268068186938761 23.253933221101761 38.441393103450537 104.51503746584058 34.392817817628384 21.052726067602634 41.135538440197706 12.882411532104014 16.03421276807785 60.929037496447563 36.720985744148493 6.7622248232364646 47.500991471111774 17.473647724837065 38.059013985097408 14.844302199780939 24.850008938461542 59.938579304143786 12.849162142723797 36.599092338234186 13.70920906215906 80.944668259471655 40.443349130451679 79.452239600941539 34.641267772763968 18.090258568525314 14.242088660597799 12.474876977503298 22.35057570412755 48.028753101825714 27.659810468554497 24.034467689692974 85.862796287983656 26.005454167723656 18.912863267585635 27.471130698919296 110.31670487299562 10.504171460866926 50.333018191158772 27.795751877129078 73.720601961016655 145.74741466715932 13.35325211286545 24.142572946846485 11.203403718769549 12.714129433035849 54.206678118556738 12.70831109210849 9.0610892847180349 12.020638197660444 15.117057055234907 16.65061217546463 85.383689386770129 11.663381885737179 30.030489277094606 27.974562883377075 9.6540874987840652 14.211724646389484 14.596510354429485 47.128581490367651 26.75026910007 13.472945660352705 10.6633367985487 17.536374423652887 22.84468499571085 22.106649570167065 268.00408466905355 105.50139731913805 15.563845496624706 28.926464626565576 16.074466191232204 9.2188092581927759 10.408299587666987 86.931770101189613 11.8404658511281 34.098369983956218 20.17176429182291 10.18277597427368 30.749715466052294 22.914585079997778 12.037500806152819 46.043217100203037
leaf_count=185 1030 120 2013 716 82 163 209 171 298 60 248 1378 43 425 1430 59 28 184 35 187 197 46 62 131 684 57 36 124 171 654 48 172 37 53 75 46 2251 42 67 110 127 53 66 81 61 70 205 297 112 63 158 55 40 457 135 36 132 54 87 53 127 478 82 226 35 282 198 431 261 115 67 36 69 267 106 154 213 75 117 68 376 28 198 96 564 343 33 124 58 50 146 72 25 33 51 64 719 34 142 56 26 59 66 149 98 50 81 85 64 84 604 260 95 267 46 59 56 314 55 411 51 65 94 91 57 180
internal_value=0.000182441 -0.0065257 -0.0140642 0.00740928 0.00878798 0.00136354 -0.0100808 -0.0135261 -0.00197816 0.0053133 -0.00365951 -0.00925278 -0.00530227 -0.00796183 -0.0211359 0.0128205 -0.00237628 -0.00399254 0.0133209 0.00764223 0.0118262 0.00875167 0.00432022 0.000474783 0.00215888 0.007875 0.0106732 0.00388917 -0.00349636 -0.00762323 0.0126573 0.0148079 0.00241899 0.00816639 0.00608737 0.00714557 -0.0231494 0.00431473 0.000208029 0.00521094 0.00655188 0.0086572 0.010556 0.0118525 0.0132514 0.0068043 0.00325066 0.0191507 7.19349e-05 -0.00698983 -0.00151329 -0.0054438 0.00648229 -0.00462097 0.0158371 -0.0188988 0.0171535 0.0056521 0.018315 0.0129637 0.00983504 -0.0122673 -0.0133272 -0.0161874 0.00245061 0.00583402 -0.00640353 -0.00623666 -0.00242795 0.00252423 0.0163994 -0.0106278 -0.00391819 -0.00708514 0.000549889 -0.0139277 0.0202097 0.00793576 -0.00281561 0.0100685 0.00434862 0.00132788 -0.00524476 -0.00840487 -0.0181076 0.0166445 0.0185693 0.00603288 0.0146795 0.00206787 0.00674457 -0.0145178 0.00238311 0.00733535 0.00111079 -0.00518425 -0.0245102 -0.0046176 -0.0110362 0.0228936 0.00234473 -0.00746128 -0.00780853 0.00604389 0.00170878 -0.0106526 -0.00267 -0.0134015 0.00183996 -0.012543 0.0211738 0.0152159 -0.0190011 -0.0097086 -0.0147549 -0.0197077 0.00267639 0.0153568 0.0114376 -0.0199179 0.0115025 0.00849907 0.0134882 0.00232618 -0.0139632 0.0134124
internal_weight=5139.24 2665.11 1362.64 2474.14 2232.54 1302.46 948.997 676.163 873.601 1200.87 784.504 434.679 241.597 451.095 241.483 1031.67 278.853 266.279 1014.22 922.016 406.535 323.265 515.48 152.489 333.408 171.909 298.662 137.711 90.7463 214.312 132.033 869.653 67.1807 428.862 368.928 357.04 413.645 144.566 118.893 500.412 462.068 392.225 346.087 330.593 314.08 151.345 117.058 162.735 101.538 67.1454 272.835 46.138 84.3084 295.878 802.473 253.463 699.919 64.9746 634.945 223.38 78.6169 298.607 124.539 111.69 30.2451 340.094 49.9917 168.153 132.184 97.5425 160.951 38.3442 161.5 159.662 75.6886 83.973 126.11 40.2475 37.984 138.077 314.76 233.815 111.478 100.973 138.945 186.659 171.815 104.681 52.3389 26.0674 102.553 112.774 21.7694 122.337 68.2742 69.8425 203.5 53.1572 41.4938 132.49 34.8406 23.8658 39.8759 110.606 87.3518 40.2232 52.3423 28.1997 50.6404 56.8318 411.564 143.56 138.801 65.2244 34.5849 35.9697 25.0048 121.726 98.7722 246.701 33.9145 83.3207 63.8471 33.0974 24.6032 70.8932
internal_count=26555 17760 11689 8795 7216 6071 6978 5397 4657 4314 4359 2960 1579 2890 2437 2902 1323 1295 2820 2991 1266 1069 1725 806 1469 716 966 490 366 1111 474 2339 270 1414 1251 1176 4711 481 422 1663 1517 1266 1084 1031 950 496 555 454 360 248 1581 182 309 1835 2069 2698 1751 186 1565 614 350 2084 1024 942 101 1130 233 1075 807 546 476 146 753 1005 373 632 355 142 288 435 1077 795 386 358 1079 479 426 506 216 83 318 751 97 409 269 251 2149 218 184 353 121 85 242 367 297 148 290 166 160 255 951 347 1125 515 113 268 122 426 369 2662 111 381 250 156 103 307
is_linear=0
shrinkage=0.03


Tree=13
num_leaves=127
num_cat=0
split_feature=126 37 37 40 32 38 18 32 44 44 81 7 131 35 126 82 126 41 2 7 13 38 8 61 44 52 126 81 13 43 52 37 35 35 38 42 84 38 42 127 36 41 37 132 130 128 21 54 84 42 128 35 12 127 41 127 28 132 81 19 43 38 45 42 126 42 43 40 7 33 52 40 126 53 40 66 130 37 119 131 84 40 7 7 42 127 42 81 19 84 43 81 18 11 84 13 13 21 84 42 45 126 127 21 34 35 11 42 36 128 21 18 84 27 27 40 37 38 126 37 22 132 127 133 52 38
split_gain=257.41 95.0685 65.6893 62.451 41.2612 35.3625 25.158 23.9297 20.3661 19.8001 17.7302 17.1911 16.9639 16.1847 15.3834 14.5634 14.3047 16.4408 16.0052 14.2777 13.8028 13.3136 17.861 13.0516 14.6269 12.9831 12.7346 12.1756 12.7706 12.0173 12.6026 11.8849 12.9273 11.8422 12.7082 11.6372 11.3796 11.2701 11.1393 14.9455 11.0897 12.4679 12.4353 10.9654 10.8014 10.5277 10.4909 10.6172 12.9461 10.4839 10.988 10.0951 9.98106 12.9576 9.81515 9.81231 9.80137 10.0586 9.59298 10.5606 12.8327 9.54893 15.2543 10.2985 9.5469 11.1474 14.2838 9.47118 9.44152 9.31142 9.30333 9.20354 9.74999 10.3996 10.2346 9.34741 9.13376 9.08432 8.8917 8.79122 8.7757 8.75439 8.67008 8.60199 8.53524 8.5312 8.51081 8.44441 12.9014 8.85008 8.33508 8.26282 8.22444 8.21411 10.3352 12.9251 12.7784 8.72359 11.8264 8.28263 8.71797 8.17658 8.13166 8.09265 8.08965 7.99142 10.6105 10.039 7.86547 8.26456 7.85995 7.85575 7.83964 7.72048 7.71008 7.70081 12.4261 9.10568 8.18685 7.62038 7.9563 9.02259 7.61509 8.66109 7.54422 7.52508
threshold=1.0000000180025095e-35 -0.55466348960412992 0.71934547314982145 -0.020377324438350098 -0.25466885902801512 -0.049490590334639338 1.6304353753371743 -0.25466885902801512 0.62667390955088964 1.3248380872248824 -0.26827033999078209 -0.72738247098127107 -0.20916763004641789 0.66138342739256983 0.87521117628342748 1.86810854001069 0.83642964516469587 0.64492517476667244 1.0000000180025095e-35 0.6865870589503601 -1.3764834578056719 -0.75893167833396957 -0.29752139218994728 1.0000000180025095e-35 -1.1637158664197977 0.014418037927459302 0.66300659318759803 0.7998072637622744 -1.3764834578056719 0.32251000242218564 -1.1769359638276484 -0.6994786246393544 0.5721254181936094 -0.40286693597674678 -0.27173462810054916 -0.35494187853590126 0.62674238521771342 -0.20314453124358375 -0.18737307969906639 -0.21868445388496552 -1.0771541109245018 -1.0480930586865131 -0.82673419859694153 -0.44299535980008231 -0.51933137136609397 -0.32850101706737472 -0.77719425308220269 2.926971222207754 0.078858405625503766 -0.67544483448507175 1.0383652838336559 1.4578597631650048 1.7109946519589376 -0.87565529936364983 0.82206405140753558 2.0442151249860587 0.56859997787464478 -0.46145231021782157 -0.89764826577884438 0.58384356475923249 1.0679634804353717 0.65278913301921115 -0.58498376396177021 0.16556554456953307 -1.29569275456291 -0.3797944211200221 -0.29076520934768868 -0.27092098852538432 0.83944862975377965 1.073308880543977 -0.45269070252604998 2.0897863891136619 -1.5421709301175159 -0.39032367683325286 0.78422186696363905 1.0000000180025095e-35 -0.33859959501908204 -1.318496512811318 1.0000000180025095e-35 0.62356276769988883 0.13123987188078526 2.4377907054828705 -0.76559786368212601 0.075140775736681556 -0.22305637787668586 1.0000000180025095e-35 -0.66739660923528932 1.6835199799156195 -0.90900489006454688 -0.11024774215860018 -0.83694658947954259 0.08137756786117796 0.46449126639377469 0.32798708933281223 0.54261337569072798 -0.17372552985954784 -0.89313214096750992 0.17227028864111957 -0.28176982422330238 -0.87085341514670989 -0.21877379551358375 -0.56209203087079851 -0.21868445388496552 0.55587149219786125 -0.20650116538715826 0.037103958924323908 0.42122111487862485 -0.31730626386985389 0.57838924136656489 -1.2397452176680614 0.86624193349335676 -0.69499035066268411 -0.14074048296276573 0.6451146718559122 0.26871846294697393 -0.22155168347506679 -1.0000000180025095e-35 0.6747081992294407 -0.4777102378871847 -1.6940535305795512 -0.36599225886577441 0.41545791185165576 3.0661697735084568 -0.38094416806900971 -0.43314584680406076 -1.1165049550554078
decision_type=2 2 2 2 2 2 2 2 2 2 2 2 2 2 2 2 2 2 2 2 2 2 2 2 2 2 2 2 2 2 2 2 2 2 2 2 2 2 2 2 2 2 2 2 2 2 2 2 2 2 2 2 2 2 2 2 2 2 2 2 2 2 2 2 2 2 2 2 2 2 2 2 2 2 2 2 2 2 2 2 2 2 2 2 2 2 2 2 2 2 2 2 2 2 2 2 2 2 2 2 2 2 2 2 2 2 2 2 2 2 2 2 2 2 2 2 2 2 2 2 2 2 2 2 2 2
left_child=2 5 7 4 6 8 26 12 14 16 122 35 31 25 58 23 17 27 33 92 -19 22 -14 24 -16 44 -3 -5 -29 40 -31 32 -1 -18 -35 70 38 -12 -32 -40 42 111 -23 49 54 76 -43 87 -49 50 -33 -41 71 -54 -7 -38 57 -22 -2 82 -61 62 -39 84 91 -66 -67 83 79 -10 -9 72 73 102 -75 115 -11 -37 -51 80 -15 -55 -60 -45 101 105 -21 88 -48 -89 -91 -24 -6 97 96 -96 -95 99 -99 -90 -101 -63 -13 -70 -79 106 -46 -108 109 -59 -88 -42 -8 -44 -107 116 117 118 -74 -84 -121 -122 123 -4 -100 -117
right_child=1 3 10 9 19 13 112 11 69 45 37 52 21 68 15 -17 18 20 -20 86 56 29 64 -25 -26 -27 -28 28 -30 30 36 43 -34 34 -36 77 55 61 39 51 41 46 113 67 85 -47 47 48 -50 78 -52 -53 53 81 -56 -57 -58 108 59 60 -62 63 -64 -65 65 66 -68 -69 103 -71 -72 -73 75 74 -76 -77 -78 104 -80 -81 -82 -83 119 -85 -86 -87 110 89 93 90 -92 -93 -94 94 95 -97 -98 98 124 100 -102 -103 -104 -105 -106 114 107 -109 -110 -111 -112 -113 -114 -115 -116 125 -118 -119 -120 120 121 -123 -124 -125 -126 -127
leaf_value=-0.00098456038614552852 -0.018216548421184201 -0.020219709335460478 -0.024163199537035621 -0.011240102669957784 -0.01546332922336616 -0.031221739012440301 0.013843785039282366 0.025869279973642509 -0.024327238275847932 -0.030562413875726516 -0.015639528194438885 0.0082908059655134696 0.010272568724387764 0.010831384617445799 0.020228991690804995 0.026144431327248915 -0.020259926515324798 -0.025730387474207764 -0.021767131578731218 0.028194501625607875 0.024105573486392366 0.006918424864131553 -0.0035661771700611499 -0.029068455350586136 -0.013859724271819059 -0.005203241548066357 -0.030196469975222011 0.028302483413652088 -0.0022611705256781593 0.020376396853841298 0.015300524625355092 -0.01855423959842287 0.017641524394228947 -0.028347687545169947 0.011133933042112118 0.0092328186877341512 -0.018523803647778742 -0.021866783495840474 0.015870122917879162 -0.0088014009032253201 0.00054948209171867541 -0.010717528699847935 -0.028345084247826332 -0.0078212276284279417 0.011810031167318078 -0.035429612728333504 0.030121788912968819 0.013163420394929405 -0.021956243513112074 0.0040522605728545704 0.020564113151866414 0.019331064175471733 -0.0053205951965610149 0.02023358458244847 0.013639203195588534 0.017147215083730714 -0.016551527331283553 -0.027399075033746102 -0.0061221963441346191 -0.021106507237033671 0.015480582823979124 -0.013396130711863029 0.014732467050870402 -0.025630577224886614 -0.024128944267601923 0.029520322363168046 -0.014046722654239599 0.014323078995442853 -0.036637252861559853 0.013984736274403 0.0040400090680149979 0.019422670133066224 0.022080882821654317 0.01123324353244394 -0.008816468501839295 0.0029397829788504778 0.0088862275205070784 0.0024473926122822766 0.034666518466764266 0.011950949119513382 -0.028884487692436945 -0.0015349661141264212 0.025046362678647772 -0.026036358430970442 0.017123168387907388 0.024652184707800208 -0.0077530715636737555 0.034516088047736988 0.023846119563910872 0.030247773588093836 0.0036952536620742655 -0.038759403097027571 0.0021993408764594802 0.016639036989909869 -0.017153013893745763 0.024023073024429027 -0.018575018072472825 -0.0061914529190065662 -0.0013008399085546946 0.01422148089499606 -0.011215548530360444 0.012265665066656248 -0.023569551450439076 0.00053862808103800008 -0.016812304066374281 0.0084228575479602889 0.011771473448537247 -0.026773907205986307 0.015930858065641675 0.0033685010212194883 0.026386768432393994 -0.029579755222991035 -0.01275472035874985 0.00032196421818604025 0.033748530783466998 -0.0061727402172939315 -0.014244465025948316 -0.0064584425453693113 -0.0041882986381236408 0.016772594930306636 -0.0094360701816238596 0.0091079469441511327 0.01629315900291203 -0.0092008815098135986 0.023627268109380144 0.016827883866060253
leaf_weight=99.095229741185904 19.719958622008562 254.51203105598688 60.637449525296688 169.37661208957434 103.17395571805537 8.0231327377259714 18.546429861336946 24.438502199947834 58.541099343448877 7.7217783704400089 36.07922231964767 9.9832003414630908 50.077150620520115 7.465074427425864 13.36034166626632 7.441520892083644 22.71930318698287 10.495686836540697 79.341440990567207 12.208912843838332 36.13917663320899 31.186683978885412 9.6108624599874037 36.736036960035563 52.749032711610198 37.149527858942747 236.02184103615582 12.90476370975375 105.38685478642583 104.18590815365314 169.25402438640594 29.267870534211397 49.406881738454103 7.6730055101215831 46.513441681861877 32.172688066959381 23.145910937339071 10.927349399775265 53.958625230938196 69.899291418492794 18.390965320169929 25.339856535196304 23.573360037058592 62.354856755584478 77.901483647525311 29.350099194794893 20.891746819019318 16.05615558475256 20.183024795725942 43.991883229464293 7.2631472405046216 12.684526577591894 21.254416979849339 237.47822228819132 7.6102105602622023 8.7700002342462522 11.988027315586804 8.2546981535851938 42.103684309870005 29.169800648465753 11.157031737267969 36.435578165575862 73.225552927702665 15.609652336686848 14.025175917893646 12.788373254239559 12.347884777933359 10.11214294284582 11.960014816373588 5.5681797452270976 59.837525684386492 83.854611769318581 50.179520659148693 88.328220557421446 29.822156190872192 106.29466969147325 12.415826369076965 31.337366957217455 9.8039019927382451 30.469971522688866 11.624483004212378 17.453406363725662 22.138921834528446 38.341837428510189 19.294726267457008 64.576598521322012 26.589242596179247 23.418565832078457 10.996515639126299 14.587679758667944 35.649055890738964 17.09254040196538 30.059569958597422 11.217294439673422 8.9716155752539652 21.378236874938011 38.118070207536221 18.434794880449772 12.480311762541531 16.314209587872028 39.320804685354233 14.925835177302359 20.770143754780293 8.5690306946635229 49.486282117664814 22.16526135802269 9.530313968658449 13.588524669408796 38.767133541405201 50.759953755885363 6.7793833427131167 12.229025600478051 19.353943891823292 12.543656941503285 22.813146630302072 12.779211159795521 20.762252768501639 19.296398997306824 12.900398746132849 43.340094335377216 39.598843842744827 55.340118575841188 6.2377642579376689 87.267661470919847 71.51073906943202 260.61370937898755
leaf_count=418 163 2623 626 1149 982 52 84 68 496 76 305 31 202 35 58 31 200 46 632 56 119 104 45 330 376 185 3101 33 520 257 489 198 153 76 238 88 96 64 164 258 77 109 140 396 242 262 47 43 82 254 31 38 53 563 24 30 83 51 237 168 34 199 305 108 91 43 70 45 60 30 232 185 150 256 85 395 80 118 23 91 75 38 61 295 76 191 226 48 31 33 92 96 194 32 37 56 150 61 50 56 187 77 82 27 208 76 30 56 121 210 24 49 146 61 59 69 141 60 70 165 207 236 37 756 211 702
internal_value=-0.000149169 -0.00810732 0.00557054 -0.0128828 -0.019049 0.000306376 -0.0232618 0.00723576 -0.00529933 -0.0061479 -0.00641 0.0103722 0.00458373 0.00765522 -0.00257935 -0.0119303 -0.00461562 -0.00184972 -0.0123958 -0.00652227 0.00594524 0.0064718 -0.00308188 -0.0149393 -0.0067271 0.01106 -0.0250778 -0.00610414 0.00125726 0.00764951 0.0112605 -0.00113732 0.00526885 -0.00253382 0.00507646 0.0022519 0.00838751 -0.000633957 0.0101719 0.00372775 0.00445384 0.00620933 -0.00678576 -0.00588462 0.0137552 -0.0242165 0.00761566 0.00887253 -0.0063799 0.00184151 -0.010356 -0.0042649 0.0119805 0.016857 -0.00969628 -0.00840766 0.00840382 0.0107661 0.0013673 0.00303805 -0.0107819 0.00259806 0.0097438 -0.00437005 -0.0132819 -0.00356059 0.00828516 -0.0121696 -0.00507159 -0.0207899 0.0106344 0.0100732 0.00879873 0.00204565 0.00611583 0.0108666 -0.00682871 -0.00401216 0.0102171 0.00203983 -0.013438 0.0187313 0.00584412 -0.0149742 0.000577188 0.015548 0.00781042 0.0105052 0.00797417 0.0194997 0.011904 -0.0267872 -0.0114693 0.00598883 -0.00190598 0.0115966 -0.0103374 0.00971701 0.0151738 0.00118412 -0.00358411 -0.00578959 -0.0131971 -0.0216761 -0.00936952 0.0113604 0.00652022 -0.0109306 0.00561144 -0.00126997 -0.000163771 -0.0119436 0.000205338 -0.0185676 0.021788 0.0130827 0.00597084 0.0112117 0.0166803 0.00902188 0.00627336 0.00132427 -0.0140746 -0.0154763 0.0199162 0.0157233
internal_weight=5087.42 2127.46 2959.95 1357.05 707.245 770.411 528.434 2599.31 436.965 649.808 360.641 1189.04 1410.27 333.447 372.855 110.287 600.32 444.073 156.247 178.811 156.405 1060.63 115.942 102.845 66.1094 263.358 490.534 287.668 118.292 944.691 441.898 349.638 148.502 76.9058 54.1864 197.272 337.712 206.498 305.796 136.542 502.792 435.489 67.3037 201.136 226.209 49.4877 404.869 379.529 36.2392 90.3268 36.531 82.5838 991.771 276.186 15.6333 31.9159 145.909 133.921 262.568 242.848 40.3268 170.419 84.1529 86.2658 65.8648 39.1614 25.1363 110.809 70.0886 64.1093 84.276 715.584 631.73 148.904 118.15 482.826 20.1376 112.996 53.7958 49.5595 19.0896 254.932 202.522 100.697 70.6561 210.575 45.5775 343.29 269.634 73.6553 50.2367 26.7034 133.234 248.743 79.6852 30.3499 49.3354 169.057 102.426 66.6315 55.635 51.3614 30.7533 20.529 80.8236 145.999 101.02 23.1188 97.7818 59.0147 33.3686 30.62 37.9004 36.117 44.9784 376.531 103.139 82.3763 63.0799 160.418 138.279 94.939 154.143 147.905 83.9911 273.393
internal_count=26722 15127 11595 11332 7436 3795 5954 9042 2592 3896 2553 3594 5448 1203 2066 795 3478 2332 1146 1482 630 3635 547 764 434 915 5724 1702 553 3088 1332 1813 571 514 314 714 1075 1134 949 460 1756 1451 305 1242 730 418 1325 1216 125 506 229 296 2880 654 76 126 584 501 1271 1108 202 829 369 460 345 204 113 736 288 526 300 2226 2041 454 341 1587 156 414 277 201 110 601 906 691 352 654 306 1091 918 173 125 141 1176 871 275 93 182 596 322 274 243 276 113 87 326 463 328 86 382 261 250 126 230 201 135 1192 421 280 220 669 608 443 1419 1382 261 771
is_linear=0
shrinkage=0.03


Tree=14
num_leaves=127
num_cat=0
split_feature=12 40 37 40 82 37 12 137 52 129 82 82 52 0 131 37 137 42 4 129 17 36 51 36 6 132 61 46 36 43 40 36 11 52 86 52 22 3 24 84 22 131 37 32 81 52 6 128 16 16 3 127 83 34 17 36 36 43 11 55 127 54 132 4 35 43 82 16 37 84 36 131 52 19 36 37 128 40 17 3 36 128 128 22 3 8 4 35 83 22 42 128 82 37 17 44 36 43 42 20 81 55 16 83 36 17 83 130 132 44 45 55 16 17 42 33 3 40 39 42 40 37 84 19 132 132
split_gain=220.612 92.7259 52.4004 44.8551 31.9034 29.6713 28.3984 22.0351 21.8007 19.5263 19.2922 17.9497 17.5128 15.7914 15.5365 15.1727 20.9913 14.6042 14.4543 17.0736 14.158 14.5354 14.0826 13.281 12.8144 12.7432 11.9713 11.6501 11.4746 11.2668 11.398 11.218 11.2144 11.2041 11.1574 12.8033 14.9153 10.9538 10.7642 10.739 14.2026 10.6172 10.4688 9.64664 11.0326 9.60832 13.4502 10.75 9.53373 10.9894 10.1763 9.16407 8.75156 13.1013 9.13011 9.97375 9.853 8.6177 13.367 8.54325 8.44156 11.0665 9.66197 9.88589 8.41916 8.53489 9.11195 9.13991 8.41058 8.393 8.20245 11.8509 9.62969 8.29673 8.19827 8.20562 8.1957 8.15984 9.7775 8.0933 8.09202 9.65744 10.2728 9.60919 8.23949 10.2146 10.0536 8.15239 7.98065 9.08936 15.5942 10.5856 9.15158 10.8554 7.87518 7.86103 10.0226 7.83112 8.2797 7.79345 10.1976 12.1159 7.77905 8.00958 8.15763 7.88912 7.70356 7.56605 7.48589 8.61714 11.5875 7.48058 7.47249 7.80426 7.46307 7.42512 11.935 7.4122 8.59915 7.38984 7.41362 7.37709 10.1247 7.37583 13.3654 12.7769
threshold=0.075633030754072919 0.76465013121268244 0.33001042803497765 -0.14763447996911425 -0.51484731287174357 -1.0426416421974649 1.2676182901079329 1.0000000180025095e-35 -1.5876865957912809 -0.50389794398700816 1.3382656062689045 0.60445643075593847 0.19728844630778988 1.403190457439105 -1.518799748663358 -1.2114047389358491 1.0000000180025095e-35 1.693488692443496 -0.84552158799009758 -0.40625918248275039 -0.58214222658999015 -0.70173628672770116 3.0574723098530412 -0.83246888467584002 1.0908063653839331 -0.46145231021782157 1.0000000180025095e-35 -1.2082719901377768 -0.61923447510634777 -0.065061290503221236 2.1803923311071465 1.7093873308573464 0.60630723871413716 -1.9428911816467187 1.0000000180025095e-35 1.0000000180025095e-35 -0.57330889903458948 0.94418343964702134 2.0144062153864235 0.35788097432493121 0.25595766164067096 -1.303936428108676 -0.98340900126811026 -0.25466885902801512 3.0041408259321467 -1.2255850363659029 0.20748900038822612 -0.32850101706737472 -0.27160674032024684 -0.62101940355324092 1.0762964542952453 -0.58366825692867907 -0.21724868820489843 1.2855402651315522 -0.18366213582395827 0.62848967755083718 0.44685561299802379 -0.12049949260998873 -0.032451583751670496 1.0000000180025095e-35 -0.21868445388496552 0.53428140297419213 0.99531377080896344 0.7794515371360734 -0.047414686954337738 -0.095908729231233295 -0.050692135763179789 0.37086170497912957 0.16500521401748861 0.43385962578634213 1.0000000180025095e-35 1.0000000180025095e-35 -0.46305640958516803 0.37057949978440674 -0.7669516514137088 -0.3615766428904969 -0.89362345639017637 1.3357033699605867 1.1559373101595216 0.48178788837823799 -0.71614243818862999 -1.2831105556926294 -0.73600493125440092 -0.36599225886577441 0.91115518598496548 -0.29752139218994728 -0.23615666606778349 0.60372117366226796 -0.98094923787264288 -0.46965057895018197 -0.58909061907235871 0.34612176127788524 -0.33883181910797727 -1.7534858911500166 0.48115970397967101 -0.9989686256218413 0.69570640430892106 0.60223321868411961 -0.16087000941754501 0.74819778210872778 0.17681300592616936 0.17937839937745143 -0.71119041341982014 0.87194746480565821 0.25648796807674346 0.19470201833618372 -0.18000391605901653 -0.61358799678167009 0.19520963104603259 -0.78439841577391356 -0.085068948880889547 0.17937839937745143 0.35959032874580715 -0.073821308296228488 0.060850056502164608 0.45331009835172259 0.81207042499879767 0.053395120715109108 -0.413249974275889 -0.82963158703045659 -0.18324311625089704 -1.3651363047906524 0.48322496440356211 0.18778172980598476 0.58721008935006258 0.99531377080896344
decision_type=2 2 2 2 2 2 2 2 2 2 2 2 2 2 2 2 2 2 2 2 2 2 2 2 2 2 2 2 2 2 2 2 2 2 2 2 2 2 2 2 2 2 2 2 2 2 2 2 2 2 2 2 2 2 2 2 2 2 2 2 2 2 2 2 2 2 2 2 2 2 2 2 2 2 2 2 2 2 2 2 2 2 2 2 2 2 2 2 2 2 2 2 2 2 2 2 2 2 2 2 2 2 2 2 2 2 2 2 2 2 2 2 2 2 2 2 2 2 2 2 2 2 2 2 2 2
left_child=1 2 4 5 28 25 15 17 102 -4 14 95 18 29 -10 33 22 51 115 64 -16 27 43 -14 117 26 111 -22 -1 34 32 -19 80 -5 35 59 -37 -15 45 -21 99 -27 -42 44 -17 46 47 -35 49 50 -25 68 53 54 55 -18 -56 -11 107 -3 61 -47 63 121 -20 -66 -67 -68 69 76 72 -72 73 -43 75 106 -7 -61 112 -36 83 -82 87 -31 85 -84 -86 -83 97 90 91 119 -91 -94 -74 -9 -97 98 -23 100 -41 -102 -6 104 105 -104 -45 -59 114 110 -110 -2 113 -79 -53 116 -8 118 -12 120 -90 122 -62 124 -76 -126
right_child=3 13 9 6 8 7 12 11 10 57 24 -13 23 37 20 16 52 31 19 39 21 88 -24 48 -26 41 -28 -29 -30 30 -32 -33 -34 38 79 36 -38 -39 -40 40 42 70 -44 74 -46 60 -48 -49 -50 -51 -52 108 -54 -55 56 -57 -58 58 -60 77 62 -63 -64 -65 65 66 67 -69 -70 -71 71 -73 94 -75 123 -77 -78 78 -80 -81 81 82 84 -85 86 -87 -88 -89 89 92 -92 -93 93 -95 -96 96 -98 -99 -100 -101 101 -103 103 -105 -106 -107 -108 -109 109 -111 -112 -113 -114 -115 -116 -117 -118 -119 -120 -121 -122 -123 -124 -125 125 -127
leaf_value=-0.025915619131844762 0.01240935753840729 -0.020349592329413305 -0.024991680069450534 0.028423711000478562 -0.0057317378292489531 -0.0052317595095679268 -0.018699379976614854 -0.022659845866405067 -0.024091701288850728 -0.018349633467197177 0.014376443294033169 0.027938222968517258 -0.0234688146199485 -0.027419378414864103 0.010869306674684385 -0.0030184488868430668 -0.023745495317260588 -0.033097107969620156 0.015921370872079531 0.021725856705981761 0.01054828085016777 -0.017213641308263829 -0.021904496750514733 -0.0120347816094813 0.024100287051569962 -0.012539562604484827 -0.02424760683445782 -0.018202761282431992 -0.011851283713906577 0.01193700052388526 0.018147373485093685 0.018660476357304223 0.02840310637358465 0.0025908809325824074 0.025001244450775686 0.01685788780791074 -0.030615071163166637 0.016204419678474448 -0.013957918399160364 0.029620683067575204 -0.031602389147826038 -0.022138944285709207 0.009795885942634015 0.023483053150410823 0.014998867576113049 0.026063442951250453 0.014476830874521326 -0.03798077922998383 -0.0047433570955589715 0.035229158829120047 0.023905572811981801 -0.005717077160122013 0.019416660694719971 0.031147084956429823 0.018649615021439532 0.011516590716556552 -0.011897501056626151 -0.015102124643417782 -0.030738156434869556 0.0091810610816012786 -0.0079857753532573735 0.003913533112586496 -0.011202388240603267 0.023324183744570223 0.011441691202296799 0.010713173547648745 -0.030034024273322149 0.0035193434034234256 -0.0089499270351800584 -0.009429904217428467 0.023905567671626722 -0.0068213496591117374 0.0034273018488086143 0.0091720217705112388 0.010861849731083192 -0.024311511964050965 0.020709621154791198 -0.0036737693066227917 0.015278512852459906 -0.0054356586386735293 -0.015939656072991575 0.02458534191317038 -0.012572251218647577 -0.02039781752421611 0.013858806316514011 0.010210661276517905 -0.020414313512367464 -0.0029582923417974011 -0.0088867071609051839 0.0061136267836008236 0.025333214031146419 -0.030982052370062938 0.021838815572234129 -0.010525322806451253 0.025328412985545241 -0.0053309350898729894 0.022983329060482102 0.020862724222704052 0.012259084497386233 0.022876639100102524 0.017224550892373056 -0.0095111131211951978 -0.021904800079521811 0.039026167319005468 0.024932920710078965 0.014433789530164073 -0.0087245229426723154 -0.00061457908899036041 -0.02236561745881192 -0.019675180739806328 0.013974539528204041 -0.008827806810757715 0.0037601463860142642 -0.026790332749385616 0.024663555598323453 0.010318951138332018 0.017090876531347415 0.011691609694015221 -0.012026779621564771 -0.019814507627192005 0.024163421880416723 0.017674284918150859 0.022065761961883673 0.016539665064814951 -0.03945954656894906 0.0013135950495412958
leaf_weight=70.71020501665771 35.829190753400326 16.271878752857447 218.89201096817851 28.623738951981068 15.002118200063704 14.295579157769678 25.083294533193111 10.560259662568567 44.715226674452424 158.57225643657148 13.579972207546232 29.72198286652565 15.859245393425224 23.081565398722891 41.208228200674057 352.6369143165648 20.325860884040598 27.363919489085678 44.720952458679676 323.57656525447965 13.268430106341837 16.314477205276489 23.34858431853354 15.348355427384378 25.986953034996986 13.986077725887297 16.611547894775867 129.23824715986848 215.55345404148102 11.403240501880644 70.984779849648476 3.6115954592823973 15.998447984457014 10.868682079017164 22.687488093972206 6.8762920796871176 25.684339933097363 5.7874458990991107 16.519236750900745 15.245818786323069 9.9285459816455859 14.702786929905416 10.187459181994198 9.9984345883131027 32.458918049931526 67.706483408808708 20.196224085986614 11.192536063492296 39.368535343557596 15.061748072504995 11.499519720673559 180.45596430171281 81.358883205801249 13.990163974463938 29.52264753729105 10.041584208607672 12.86576835811138 46.868167294189334 20.371760938316584 75.198531273752451 44.000445850193501 29.863355986773968 19.663925997912884 38.751802090555429 30.887316770851612 13.739634990692137 19.07110754027963 10.953132033348082 40.486361067742109 17.788310673087835 83.560227166861296 12.424867674708365 32.172246005386114 13.8176370896399 71.869595024734735 13.03412229567766 39.709883864969015 28.095597483217716 18.583338432013988 11.091781996190546 16.892708040773869 41.053557317703962 20.052638538181782 24.156383607536554 10.30560729652643 110.89417942985892 23.473459519445896 12.057695336639879 9.2316404916346055 36.884187968447804 20.543219622224569 10.235617261379955 8.6630139239132387 296.81334642600268 27.53065700083971 30.227891284972429 16.572421662509441 19.772485295310616 15.962746523320673 66.453416526317596 27.011443417519331 32.43885050714016 9.015105217695238 11.953625673428176 18.080446027219296 10.579820811748503 15.986503325402737 102.42100035212934 12.35157508030534 78.246492188423872 18.310002382844687 24.049187876284122 29.204572211951017 24.946911692619324 6.5733583830296984 49.52351201698184 11.37412717938423 33.39006108045578 45.496117923408747 8.462726406753065 14.488016877323387 26.568341162055731 11.995479881763456 72.426744662225246 9.579586151987316 19.419451400637627
leaf_count=741 122 95 2780 62 89 80 88 45 454 1604 74 69 75 162 168 1819 69 279 134 766 68 135 131 63 86 63 83 1060 1686 43 185 16 41 31 65 28 189 28 57 33 39 64 39 33 88 169 46 40 136 34 30 1235 207 30 76 29 36 472 213 304 138 91 72 101 94 38 77 32 342 99 226 44 119 46 233 80 166 110 51 48 84 114 92 135 41 397 106 44 77 217 79 73 26 1865 77 122 54 86 90 160 74 86 59 30 57 44 65 782 97 643 98 80 115 108 22 137 33 124 291 60 50 69 31 243 46 74
internal_value=1.81116e-05 -0.00670881 -0.0103774 0.00586041 -0.00674103 -9.16583e-05 0.00836702 -0.00426518 -0.00386578 -0.0180232 -0.00521958 0.00943164 0.01273 0.00297301 -0.00715194 0.00527435 0.00301234 -0.00700303 0.0144065 0.0160433 -0.00593006 -0.00710524 0.000453977 0.00076171 0.00590925 0.00788009 -0.00246665 -0.0154501 -0.0154139 0.00400419 0.00744975 -0.0265737 0.00473291 0.0107137 -0.000754145 -0.00319796 -0.0202966 -0.0183238 0.00890916 0.0185465 0.0120542 0.0118806 -0.0110237 0.00136797 -0.00145712 0.0103098 -0.00276201 -0.018617 0.00575388 0.0155653 0.00355716 -0.00544937 0.0123833 0.00560636 0.000298768 -0.0119943 0.00924827 -0.0133051 -0.00849286 -0.000197264 0.0126397 0.0194229 0.00782037 0.0109946 0.00578161 -0.000383284 -0.0088652 -0.0179778 0.0018149 0.00796622 0.0138086 0.0198678 0.00703395 -0.00707088 0.006489 -0.00577507 0.013818 0.00175307 -0.00379296 0.0150518 0.00322128 0.00525592 0.00697862 -0.00990376 0.00320956 0.00663021 -0.00977389 0.0183376 -0.0044706 -0.00589549 0.00449452 -0.00587968 -0.00782252 -0.00952946 0.0138268 -0.000420743 0.00490371 0.00647078 -0.00261733 0.0154187 0.00852958 0.00267069 0.0127577 0.0184089 0.0109499 -0.00239079 0.00396805 -0.00525302 -0.0082124 -0.014448 -0.000813852 0.00382561 -0.00826988 -0.014896 -0.00450787 0.00281778 -0.00729513 0.000561538 -0.00576919 0.00270682 0.0113399 0.00496196 -0.00122129 0.00928487 0.00393503 -0.0129218
internal_weight=5050.16 2347.06 1702.27 2703.11 1155.15 800.96 1902.15 526.276 868.886 547.125 804.255 87.0826 787.333 644.782 685.802 1114.81 788.864 439.193 690.195 604.214 641.086 599.878 620.759 97.1374 118.453 274.684 76.4899 142.507 286.264 615.913 357.273 30.9755 286.288 325.95 258.641 224.861 32.5606 28.869 297.327 484.842 161.266 198.194 20.116 597.41 385.096 280.807 42.2574 22.0612 81.2782 41.9096 26.8479 408.218 168.105 86.746 72.7559 30.3674 42.3884 328.233 169.661 192.301 238.55 97.5698 140.98 121.316 119.372 74.6512 43.7639 30.0242 112.28 71.7938 184.208 95.9851 88.2233 28.5204 212.314 39.0191 54.0055 176.029 100.83 33.7793 270.289 234.73 217.837 35.5596 164.726 130.947 33.7791 53.1113 457.371 405.322 62.9612 42.418 342.361 305.476 59.7029 57.3606 46.8003 52.0497 32.2772 141.15 74.6961 59.4503 64.6311 49.629 37.6754 19.5949 25.9849 149.289 295.937 108.908 30.6616 59.8784 82.2471 53.0425 187.029 85.9809 36.4574 92.4662 59.0761 32.1824 23.7197 82.5643 55.9959 173.295 100.869 28.999
internal_count=26850 16225 13640 10625 7789 4291 6334 3367 5362 5851 5083 290 2168 2585 4508 4166 3259 3077 1830 1572 4054 3886 2812 338 575 924 285 1128 2427 2395 1282 295 1097 907 1113 1000 217 190 845 1197 431 639 78 2681 1907 788 117 71 263 127 93 2782 447 240 210 98 112 3071 1467 783 671 260 411 339 375 241 147 109 687 345 576 270 306 110 774 178 246 688 384 113 1056 878 794 178 636 489 147 158 2758 2447 339 260 2108 1891 196 221 176 311 225 353 193 160 279 190 160 103 98 1254 2095 838 195 202 333 218 1257 258 121 489 365 187 127 238 169 596 353 120
is_linear=0
shrinkage=0.03


Tree=15
num_leaves=127
num_cat=0
split_feature=12 126 15 37 81 32 126 40 36 38 10 37 40 137 44 127 42 1 38 36 129 15 39 12 16 44 55 22 21 19 32 47 7 35 129 27 55 25 82 128 43 16 81 37 22 12 81 36 78 99 23 32 43 128 43 37 12 81 81 35 36 126 18 82 24 38 84 18 43 19 24 3 20 19 20 20 9 3 3 20 132 83 39 44 130 126 83 84 44 7 45 38 36 48 131 35 138 7 128 19 37 38 126 37 43 19 36 7 44 14 18 36 6 37 84 84 36 46 84 21 43 6 15 130 16 18
split_gain=229.243 127.569 62.1572 39.0774 28.8443 28.3658 27.1606 21.456 23.1008 20.1189 18.4748 16.0076 15.4247 15.265 14.7704 14.4384 17.2241 14.0204 19.6689 13.823 13.7956 13.73 16.8376 11.9262 15.2554 14.2372 11.839 11.7217 11.4917 11.2657 11.1547 11.1338 11.1197 11.3575 11.0541 12.16 10.7261 10.4149 10.2497 10.1141 9.90491 10.2705 9.33046 11.4394 9.14854 9.12343 9.10942 9.7269 10.0899 9.99313 9.09223 10.4064 9.40225 9.30409 11.6133 10.3188 10.1681 10.1511 9.30194 9.09146 9.05874 13.5231 11.0618 8.96194 8.95815 8.91975 8.91523 8.72386 14.2001 9.12212 8.83197 11.3422 13.7787 10.6122 8.71244 8.54125 8.47368 9.7115 8.47048 8.46841 8.20624 8.07458 8.05432 10.3192 8.03799 10.365 8.85911 8.53951 8.37037 8.03244 8.02685 7.97842 7.94427 11.8689 9.16266 7.94052 7.92879 7.9172 8.24398 15.5839 7.8528 7.83441 8.10233 7.86897 9.37551 10.0577 8.93629 8.5781 8.9854 7.81584 7.79175 7.86334 7.78779 9.12351 9.6188 11.0879 7.77121 7.76821 8.84406 9.76766 7.75208 7.73418 7.68036 7.6731 7.66639 7.64228
threshold=0.64885998981834325 0.80392702860804455 0.072946027316992665 0.78464591212291557 -0.66511219520796006 -0.25466885902801512 -0.12190507936929694 -0.14763447996911425 -0.46874807970167875 -1.2785791352810112 2.3407329977383005 -1.3393094017270453 2.1803923311071465 1.0000000180025095e-35 0.033331412912746508 0.80327019463743243 -0.28710244302570809 5.4496263509127836 1.3171900844833153 1.2184415071967811 -0.23044113292088797 1.3823927610067832 1.9533041194472507 -0.065121123152961494 -1.3198447300192293 -0.78439841577391356 1.5799528706893085 0.6965055219994033 -0.15555515581603371 -0.37584472762748294 0.62788386000544671 -0.41157794588123492 -1.6445518958017884 -0.58480582788377233 0.52280593438051703 -0.67227205932537137 -1.221196071934405 0.30601022248584586 -1.5748413878977294 0.71283919760701664 0.050744570382266756 0.86116657112865369 1.4656127417176867 -1.6324242539568699 -0.21050477873916304 -0.10554121724387168 -0.85267833405122639 1.648761982564477 1.0000000180025095e-35 1.0000000180025095e-35 -0.72607153415307524 2.3929892980723708 0.78626498068810802 1.2573659618785724 0.32251000242218564 -0.199919360751624 -0.18778064629063809 1.5749759102216625 0.046152098361204555 0.22404551211388721 1.0566940119419888 -0.2136264783643925 0.42739480694301896 1.3124372845766397 1.0000000180025095e-35 1.1436738778262243 -0.052262218936824194 0.78834442469809896 -0.8232655386769282 0.73617503974125087 0.79598698351919694 -1.3347660630348392 -0.17150146472009342 1.7415627746225717 0.60832988669811872 0.45142457715547246 1.0000000180025095e-35 0.64692915668851791 0.84509867866085353 0.16843201192281518 0.66918271951975672 0.66676072501011296 1.1290543867658938 -0.37058272142746279 1.6154177130180116 -0.2136264783643925 -0.22754936051518318 -0.23601846572757992 -2.3381546967120501 1.7184026618734423 1.9250765398362679 -0.96632020345780212 1.0858839157196181 -0.47982898803521146 1.0000000180025095e-35 -0.17985356196046492 1.0000000180025095e-35 -0.11593618776759278 0.44280701360179048 -0.48247676011489576 -0.78464591212291535 1.6061299265917663 -0.73551508284789635 -0.25365708366042533 1.3524070000651858 -0.11688122015805179 0.94728010930764339 -0.95667482718640051 -1.1062210845337366 -0.51308230370181229 0.027029408356686001 -0.087723189820635733 1.0000000180025095e-35 -0.98340900126811026 0.53369044776852637 0.10097469666789116 0.53216200213094289 -0.72979385136014152 0.11781767645088047 0.84455610736961439 1.2938474906226245 1.0000000180025095e-35 0.27273294832107831 -0.10063179249655434 -0.92534656185294561 1.0229327026125457
decision_type=2 2 2 2 2 2 2 2 2 2 2 2 2 2 2 2 2 2 2 2 2 2 2 2 2 2 2 2 2 2 2 2 2 2 2 2 2 2 2 2 2 2 2 2 2 2 2 2 2 2 2 2 2 2 2 2 2 2 2 2 2 2 2 2 2 2 2 2 2 2 2 2 2 2 2 2 2 2 2 2 2 2 2 2 2 2 2 2 2 2 2 2 2 2 2 2 2 2 2 2 2 2 2 2 2 2 2 2 2 2 2 2 2 2 2 2 2 2 2 2 2 2 2 2 2 2
left_child=1 2 3 6 45 7 20 11 29 12 15 -2 -4 101 21 16 26 46 -19 23 63 22 30 24 39 -26 67 84 -17 31 89 -9 33 -18 -5 -36 -22 44 -34 -8 66 97 43 -31 -30 -3 74 48 49 91 60 52 53 55 56 57 -55 58 -52 -49 61 -40 -63 76 -23 -25 -38 68 69 -11 73 -72 -73 92 -7 80 77 81 -21 109 -68 -1 83 -60 85 86 -10 -87 -88 -6 -16 -48 94 -94 -70 -45 125 -42 -99 -100 -85 103 -103 104 105 106 -13 -107 -109 -15 116 -112 113 114 115 -86 -90 -33 124 -120 -113 -57 -92 -29 -119 -27
right_child=5 4 9 34 14 17 19 8 27 10 -12 13 -14 79 90 28 32 18 -20 78 36 64 -24 65 25 96 -28 123 37 42 -32 117 38 -35 35 -37 40 -39 50 -41 41 -43 -44 95 -46 -47 47 59 -50 -51 51 -53 -54 54 -56 121 -58 -59 82 -61 -62 62 -64 -65 -66 -67 75 -69 70 -71 71 72 -74 -75 -76 -77 -78 -79 -80 -81 -82 -83 -84 100 112 87 88 -89 110 -91 122 -93 93 -95 -96 -97 -98 98 99 -101 -102 102 -104 -105 -106 107 -108 108 -110 -111 111 120 -114 -115 -116 -117 -118 118 119 -121 -122 -123 -124 -125 -126 -127
leaf_value=-0.018797417239184312 0.014069296099707267 -0.031966466192720595 -0.02499675422326603 -0.023195776777042681 -0.018499502510190721 -0.010972914768891413 -0.010022113274647797 -0.022808701132180809 0.018259220444596644 -0.013458021054189917 -0.029422483435064959 -0.025132076078473758 0.025099090986440784 0.016250692679054116 -0.024949674284477884 -0.023799766814940643 0.0058184550305595047 -0.030765335433421807 0.027832728738397233 0.0084340962516418153 -0.02298672333887478 0.017144177998045997 0.017796883858679034 0.0045178359385695151 0.0043171443605400147 -0.022181224950191727 -0.016126461128950668 0.011332133491728683 -0.01142067916405534 0.011851324816478067 0.00077878988071145223 0.022369366109314285 -0.025514862049095137 -0.03282400399906852 0.0028100975628085659 -0.018631989581715722 -0.012285391537209978 -0.020549239073844275 0.012367301199812561 0.011659482539004685 0.0048133485525487969 -0.0071711204905613906 0.0053301733991474431 -0.0077711583355533883 0.014322659577245175 -0.014375669212981773 0 0.039688016632003408 0.02482666341523446 -0.0047550216908538567 0.011031954189819157 0.019174182881602778 0.0059800810794501703 -0.015256533598770773 -0.016371359641342155 0.00054029239982386569 0.017051448341081837 0.01722299791939462 0.012925945370130594 0.014148507232801416 0.024059689482077675 -0.025376416991414113 0.0067409504234044867 0.013115147973165379 -0.014825377992925756 -0.025645502251847824 0.017739734941172088 0.016286920732833599 -0.0071491695613582016 0.015054749712468177 0.025026183777630395 -0.039192318356332058 0.0027359645688742225 -0.013311774774968949 0.017870230491275247 -0.013156200310155675 -0.014164066419205363 0.014806595063813356 -0.017718479642707435 0.031764992603603874 -0.013356730906254772 0.012768615419630853 0.0090419870835889826 -0.028959231342640675 0.022957188378795311 0.021951045884368924 0.030676528006411064 -0.01054724192957804 -0.020749495720095823 0.0076020185008765888 -0.021642157421488881 0.013051032814113949 -0.017735250734342341 0.013466806049642241 0.016394080339288002 -0.034257603511400447 0.011780774701058641 0.028602878587856328 -0.019135410439562073 0.024221656280977302 -0.0071376805178739932 0.011048805460494771 -0.017528335666811119 -0.018881724439232212 0.017210835251272746 0.027388681569133096 0.0067709634495906933 0.012953381605041092 -0.020167357476445165 -0.015768950374207367 0.02455934164900515 0.0014197194603680502 0.022513399613465806 -0.011300130311023298 0.031792717237523298 -0.013815607284881187 0.0058141636402384645 0.028573729303116014 0.0058368022335133348 -0.023260950605393356 0.023709033323751044 -0.01622138882820056 0.025812561184511886 -0.017816546578586633 -0.00042591433658809149 -0.0056746089925024997
leaf_weight=23.988159233704209 44.506978813558817 135.39871649071574 37.237282721325755 149.2557253036648 187.60430908948183 27.001746527850628 52.710079966112971 10.956839729100464 101.27816332876682 43.54606856778264 14.919604759663342 36.589463390409946 5.5820647887885562 14.27719473838806 106.93269106000662 27.980547299608588 10.751623291522266 14.497815359383823 6.7652660980820647 54.321616962552071 10.425907365977762 24.8746571354568 14.821341861039398 58.935275195166469 24.897557336837053 208.5486094141379 16.402759235352278 12.291015557944773 18.049823403358459 9.2104752883315069 36.990676932036877 23.811391171067953 11.221495784819124 16.176723934710026 39.321961231529713 57.613724436610937 35.857301887124777 17.759663844481111 73.960744343698025 29.237080156803131 44.470491800457239 21.085943907499313 22.645968794822693 18.314696606248617 34.679485604166985 36.899654760956764 45.474772550165653 23.116888340562582 54.513371590524912 32.207313928753138 27.482947789132595 24.104835592210293 137.24339746683836 9.6087323166429979 15.731592576950787 32.679549904540181 51.709605850279331 23.712598063051701 10.785218268632887 31.064023353159428 27.71435484290123 18.561125807464123 18.179981339722872 19.001143280416727 10.369827110320328 9.3460742793977243 40.772418089210987 115.26580310240388 15.29714600369334 12.073816433548926 7.9548531956970683 10.474135000258686 17.695311091840267 14.32230172306299 13.191374387592075 14.731832278892396 86.828091908246279 24.12384195998311 12.937792174518107 12.012514980509875 8.4608882777392846 9.3695402275770885 17.686963587999344 28.979053359478712 13.0201303511858 8.0206070244312269 11.588680379092692 36.461258675903082 17.515242226421833 10.553583184257148 5.053741764277218 620.73707776516676 17.612447734922171 25.707698788493872 206.12866040319204 25.463780958205462 6.4796738997101775 47.411323938518763 10.996185239404442 18.793056480586529 32.056698966771364 30.604988850653172 11.424015954136847 71.317219229415059 12.920000832527874 8.3183877766132337 9.3672179952263814 12.155810523778198 15.758402448147537 11.429295726120474 22.265437588095665 86.864010892808437 99.883941851556301 14.732719928026198 17.744514368474483 14.552527934312819 20.355633243918419 15.852695271372797 24.016329355537891 16.755687139928341 15.874076642096041 96.439458277076483 5.2109444364905357 19.951105680316687 15.541154202073811 30.213776804506779
leaf_count=157 132 1904 311 1875 1767 121 347 55 294 256 117 219 13 49 1086 206 47 95 18 297 63 87 55 383 168 2007 84 47 94 28 239 78 76 102 321 556 202 113 245 149 190 108 63 94 163 366 222 49 141 104 90 81 538 60 75 204 179 63 34 80 82 128 68 79 48 68 178 342 93 54 23 66 71 69 39 75 637 115 103 32 60 40 59 130 30 29 20 191 79 69 57 1703 86 84 714 150 28 145 56 57 136 132 77 650 41 30 37 44 103 45 67 285 247 70 40 45 69 41 89 76 44 525 20 91 58 183
internal_value=-0.000273663 -0.00530646 -0.00236533 -0.00748191 -0.0180363 0.00805125 -0.00458107 0.00455603 0.00741652 0.002015 0.00268867 -0.0022746 -0.0179739 -0.00528659 -0.0135659 0.00308619 0.00400489 0.0120044 -0.0115737 -0.00937915 0.00104071 -0.00980405 -0.0122768 -0.0113975 -0.013617 -0.0170475 0.00821803 0.0106769 -0.00788949 -0.00172602 -0.0142523 0.00451012 0.000901532 -0.017632 -0.0180592 -0.00996349 0.00542626 -0.00128738 0.00169033 -0.00220309 0.00674911 0.0117911 -0.0105257 -0.0173309 0.00540605 -0.0283212 0.0126125 0.0133063 0.0123833 0.0113736 0.00220574 0.000337182 -0.000632147 -0.00326663 0.00585527 -0.00589454 0.011777 -0.000239716 -0.00392059 0.0256214 0.00899336 0.00501301 -0.00964731 -0.00572692 0.00750563 3.53265e-05 -0.0004772 0.00907712 0.00679013 -0.00705898 0.00925807 -0.00453726 -0.0135604 0.0110644 -0.00122976 0.00618322 -0.00830167 0.000593185 0.00317365 0.0120254 0.0121765 -0.00973023 -0.008616 -0.0130702 0.0118551 0.00904285 0.0112086 -0.00426766 0.00701774 -0.0170631 -0.022535 0.0121638 0.0124395 0.000599524 0.0147293 -0.023665 -0.0192374 0.0151335 0.0209023 0.00801802 -0.0178465 -0.00847589 0.00298462 -0.0113886 -0.00560063 -0.00938639 -0.0185598 0.00235433 -0.00569133 0.0018448 0.00513916 0.00874733 0.017376 0.00855288 0.0151765 0.00363967 -0.00661207 0.00786283 0.00279503 -0.00631999 0.00508791 -0.0119845 0.00233512 -0.00660791 0.0145552 -0.0201373
internal_weight=4922.54 3068.32 2493.61 1150.14 574.71 1854.22 903.944 985.65 694.968 1343.48 1300.66 290.681 42.8193 246.175 402.412 1285.74 1187.27 868.57 21.2631 487.628 416.316 285.214 249.97 420.368 352.087 270.14 502.481 512.399 98.4695 182.569 235.149 106.934 684.787 26.9283 246.191 96.9357 253.005 70.489 657.858 81.9472 242.579 142.757 75.6349 52.989 52.7293 172.298 847.307 807.113 752.933 698.419 646.637 508.221 484.116 346.872 77.0499 269.822 61.3183 140.703 116.991 54.1809 138.416 110.702 36.7411 163.311 35.2445 68.2813 99.8224 486.078 370.812 55.6199 315.193 36.1243 28.1694 279.068 40.1931 63.9651 144.31 57.4815 67.2594 37.719 49.2333 33.3577 89.5079 71.821 480.157 320.223 275.741 44.4819 174.463 198.158 117.197 666.212 264.746 43.3201 221.426 43.7785 245.242 121.671 77.2006 29.7892 61.0358 208.456 42.029 166.427 95.1093 82.1893 45.9567 36.2326 27.9142 25.7065 162.874 125.004 159.934 60.0499 45.3172 27.5727 37.8709 95.9773 72.1659 40.772 102.738 129.119 10.2647 32.2421 31.3938 238.762
internal_count=26769 20226 14528 8647 5698 6543 5895 3971 2380 5881 5557 1591 324 1459 3428 5440 4864 2572 113 3733 2162 2265 2130 3333 2882 2386 1942 1648 576 732 2075 397 2922 149 2752 877 1134 370 2773 496 1071 556 335 272 257 2270 2459 2299 2170 2029 2697 2174 2093 1555 314 1241 239 512 449 129 523 441 196 1028 135 451 515 1858 1516 310 1206 160 137 1046 160 313 949 312 400 126 238 197 359 300 1510 1078 858 220 564 1836 1163 1925 977 170 807 244 2218 448 258 113 266 1333 209 1124 474 433 256 177 147 94 544 396 432 185 115 75 148 342 264 165 329 729 77 138 99 2190
is_linear=0
shrinkage=0.03


Tree=16
num_leaves=127
num_cat=0
split_feature=126 131 37 32 18 0 4 12 126 6 131 37 7 128 10 14 52 130 29 12 82 44 126 18 21 32 126 46 9 20 10 46 19 42 0 130 14 81 37 81 18 126 52 53 19 132 81 132 28 82 37 42 3 6 35 36 18 35 43 82 20 46 6 16 35 130 52 82 22 32 128 82 82 81 126 14 16 83 32 126 52 35 13 21 12 37 131 132 14 12 27 22 37 32 10 47 52 28 128 10 48 82 27 130 37 21 43 133 21 8 128 81 18 22 42 43 32 13 21 25 36 20 6 14 16 36
split_gain=195.536 96.8814 59.2866 36.7861 41.6155 33.0509 27.9483 23.1759 22.375 22.0954 17.9122 17.2587 16.9137 20.21 17.2663 15.3497 16.2791 14.7244 14.715 13.6926 13.4281 13.1903 12.8996 12.8568 13.944 13.1323 12.1289 12.0678 11.9247 11.6003 11.5479 11.4368 12.8933 11.2684 11.0745 10.6747 15.6666 13.1347 10.3927 10.8073 10.173 11.531 12.6639 10.1308 11.2811 14.2212 9.97103 9.89888 9.86186 10.7723 9.6733 13.7004 9.55348 9.34799 9.36542 9.26114 9.16945 9.0873 11.1612 9.0511 11.0871 9.06003 8.89804 8.82569 8.69002 8.57238 9.57317 8.48758 8.43027 8.38682 8.37815 8.35366 8.73678 10.0328 8.34251 9.58036 8.32844 8.30994 8.63704 8.30689 11.2701 10.0859 9.971 9.64318 8.79952 8.28405 8.26788 8.23027 8.09218 8.05266 8.00109 7.87817 7.83967 7.74616 8.86435 8.12889 10.3664 7.63989 8.38886 7.61191 7.73934 7.53992 7.38609 10.4736 7.38287 7.31581 7.26251 7.99782 7.26102 7.12986 8.88036 8.58567 9.48006 8.82365 14.9909 7.85391 7.09384 7.0493 9.28139 7.03789 8.39353 10.3348 7.03669 7.09396 6.70959 7.48811
threshold=-0.42600152972887578 0.55421632261099585 -0.98340900126811026 -0.25466885902801512 1.7373066470302512 0.60936290016033456 -0.84552158799009758 -0.18778064629063809 0.75738919126556647 1.0908063653839331 -0.24213485626886369 -1.590451594643487 -0.077720795066737888 1.1214345065403482 -0.15490823783616722 0.75361589470818313 0.49793877829784677 2.0109134974920719 -0.13989523092939862 0.21623797192785502 -0.92949629394741018 -0.28823445306572032 1.0119930209593353 0.23066850171560999 1.6613725993240058 1.0691602195221777 -0.65647462894876696 -0.81142271457817772 -1.8091889082384265 -0.44133404586936514 0.52572119004777851 -0.21451649215377627 -0.58910879260230853 -0.05115737805148219 1.403190457439105 -0.51933137136609397 0.16550692163126282 0.36444358257612913 0.29311485222982475 -0.81477453616294726 1.8428607802488142 0.46064655260652365 -0.044202980011471993 1.2108371364567028 0.12684913981317744 1.3318967693991246 -0.68509487020510973 -1.3380455947548728 1.0000000180025095e-35 -1.1010091153057349 -1.1093269792082598 -0.11834992510343334 -0.17877718486288102 -0.67582836460748041 0.66138342739256983 -0.70173628672770116 0.88532304225513569 0.94363884291258648 -1.104615958741368 -0.59390735660140381 -0.07453569438168299 0.79274848382180063 -0.38138924294224491 1.3796498778614839 0.090816743221043508 0.30621392878155707 -0.2100309694016966 0.6499226186633571 -0.46965057895018197 2.3929892980723708 -0.16739706999984985 -0.063124391815980535 0.22356182169381375 -0.67611416823013715 -1.29569275456291 -0.027862908061261047 0.67518886327883421 -0.78565148000674856 2.3929892980723708 -0.70301246629124503 0.93333131016009951 1.1390059308937921 1.838364835583034 -0.22506866539794013 1.6026957848012973 0.26154863737430506 0.13555560359028554 -1.3987577755986789 -0.24060282898524332 -0.29807015920639718 1.5861051941282576 1.0593096422948298 -0.22359402189326377 1.5104365790389085 0.52572119004777851 0.86416593336523706 -1.2255850363659029 0.56859997787464478 1.1430599653441564 -0.60866118975879757 -0.47982898803521146 0.04947151444314981 -0.29587585041643322 1.7555428491729346 -0.78464591212291535 0.60232367567303913 0.68636036138579504 1.8610957988531647 0.30950626807093756 -0.44385602335596552 0.72639361623048615 2.6287500910715549 0.7096590967178481 -0.2364193587602649 -0.29310789949554467 0.22538028984215283 -0.25466885902801512 0.87728256605599064 0.038863036423521256 1.0000000180025095e-35 -0.61923447510634777 0.35767939381818542 1.0908063653839331 -0.077513657175180037 -0.90280380938630089 -0.90026584920691444
decision_type=2 2 2 2 2 2 2 2 2 2 2 2 2 2 2 2 2 2 2 2 2 2 2 2 2 2 2 2 2 2 2 2 2 2 2 2 2 2 2 2 2 2 2 2 2 2 2 2 2 2 2 2 2 2 2 2 2 2 2 2 2 2 2 2 2 2 2 2 2 2 2 2 2 2 2 2 2 2 2 2 2 2 2 2 2 2 2 2 2 2 2 2 2 2 2 2 2 2 2 2 2 2 2 2 2 2 2 2 2 2 2 2 2 2 2 2 2 2 2 2 2 2 2 2 2 2
left_child=5 2 18 4 8 6 19 9 38 40 63 -9 15 17 27 23 30 48 31 33 -5 -13 53 24 25 29 57 -15 -23 74 68 -2 -33 62 47 36 46 102 39 108 41 42 87 44 45 50 -25 -30 69 -50 51 64 -16 71 -55 -41 -54 58 -12 60 -11 67 106 -7 -21 -39 -67 -61 -17 93 -28 -20 -73 -74 -8 -76 -24 -49 -79 80 81 82 109 -81 104 -6 -75 -3 -57 -22 -43 -29 -64 94 95 -14 -97 98 99 -91 -101 -27 -37 122 -83 -82 107 -1 -4 111 -111 112 113 -51 -115 -112 -52 -70 -119 124 121 -121 123 -104 -31 -126
right_child=1 7 3 20 85 10 12 11 -10 59 26 21 13 14 52 16 -18 -19 22 43 89 28 76 35 -26 101 70 91 34 119 -32 32 -34 -35 -36 37 -38 65 -40 55 -42 90 -44 -45 -46 -47 -48 77 49 79 116 -53 56 54 -56 88 -58 -59 -60 61 -62 -63 92 -65 -66 66 -68 -69 117 -71 -72 72 73 86 75 -77 -78 78 -80 83 105 84 -84 -85 -86 -87 -88 -89 -90 97 -92 -93 -94 -95 -96 96 -98 -99 -100 100 -102 -103 103 -105 -106 -107 -108 -109 -110 110 115 -113 -114 114 -116 -117 -118 118 -120 120 -122 -123 -124 -125 125 -127
leaf_value=-0.031688160354442912 0.0153520048960086 0.033052322758828356 -0.027819294455440385 -0.02045756759336851 0.012965718414831724 -0.018573582575304313 0.017056739343052921 0.018130140551013627 -0.026229118727247727 -0.027339505000215304 -0.026898564442193778 0.010117219385511638 0.018645258631172883 -0.013403789745430354 0.0033684401126774432 -0.0057895577602164261 -0.012869316947446556 0.021726830457884282 -0.01274194262421097 -0.016708270593239486 -0.009145859477417851 -0.022137941127217609 -0.01990077611872185 0.0062695439200921447 0.02276432919421929 0.016097402779300371 0.001868213393697487 0.0092958635051558856 0.019163423433384917 -0.0053786434175480454 -0.0037168583022885839 0.00031133130757741165 -0.031785820258068156 -0.026313827332401323 -0.023713486949894249 0.019733381803039903 0.014906403773848685 0.010768227764926955 -0.020641324318683534 -0.018912884790612261 0.018589938659096809 -0.019769736568109365 -0.010727552845505087 -0.021589936709883042 0.013215062277329862 -0.030882656670516598 -0.033213817299451456 -0.011259101125902041 -0.019096533810820496 -0.028474176666000064 -0.017065374630581075 0.025731031602853931 -0.027439067930986209 0.020832879045595696 -0.0032110344896584238 0.00033240090711717657 0.0039871831890449004 0.019945996622297287 0.0045573440080270214 0.021258530313043793 0.012538178826053329 -0.0076605815060636134 0.018602115473095576 0.010069078893447558 0.011542351455174165 0.0053745690197399016 -0.027574586423361906 -0.0019274220230029973 0.022537246471808856 -0.00752946261260514 -0.030555301832280921 0.029434117531728105 0.024332891477467724 -0.027131789118094666 -0.017701611552196451 0.0094174116072270452 0.0084568244092590276 0.00089533566317878655 0.018838775659838127 -0.0059828408502015816 -0.035726090107310988 0.019785587155550011 -0.018036318262640353 0.024839818972699986 0.031388996498380936 -0.011384819619902599 0.007035616413030076 0.0016799336045259636 -0.012498641767144287 0.030092827576453533 0.0021950154984094867 0.032703248390429547 -0.011757047898946238 0.0306534212998095 -0.0057018414581315822 0.016696035116126013 -0.016128327791540442 -0.012474630132072314 -0.013323100904888099 0.01052620170290877 -0.0063420833597674538 -0.0099388883828251656 0.012074458263020726 -0.01999738044433173 -0.010650285859403559 0.0023028927980338352 0.005022823592700427 0.0085797428071259056 -0.007131913818478196 0.013734428045987858 -0.018594902086641205 0.02324809952386149 0.0098162631883774599 0.026736572786762912 -0.023118558922850828 0.0091799447480084995 0.0066521430772123373 0.025135899382335555 -0.0047811856978676945 -0.038282275881797709 0.0057860845099240703 0.0020599887855571523 0.025093292804031997 -0.013572242256864743 -0.0099402437535447852 -0.037253140823813036
leaf_weight=18.819824557751421 10.538402944803236 8.6408964470028859 52.864436499774456 44.15683769620955 45.090950738638639 77.652133213356137 19.550230335444212 68.632504805922508 268.150166047737 13.415949061512949 10.359814537689088 149.32355561107397 192.78169650398195 17.791637387126684 29.593546349555254 12.663718834519385 21.059403225779533 149.39831966906786 23.841083068400621 17.730612311512232 106.71225518546999 20.074101746082306 24.388143468648195 7.7298934683203724 16.637915447354317 34.501310251653194 12.524758066982033 98.488979984074831 26.794655468314886 17.484894424676895 26.913540299981833 19.2761315330863 25.428352372720838 27.51869585365057 14.818060319870709 86.288163509219885 17.033336602151394 21.33311564847827 211.92310967855155 58.886739822104573 10.148984730243681 116.50439891219139 96.656601689755917 12.982775732874869 83.460638377815485 11.870696678757666 17.771887842565775 45.707570791244507 11.593262994661925 18.373227220028635 28.308263838291168 27.053454630076885 29.020286671817303 70.915696453303099 17.72081545367837 102.03191782347858 11.041535723954437 29.077698636800051 93.967676613479853 52.676315389573574 10.191707655787466 19.0726702734828 20.326834514737133 10.257725074887274 19.508918181061745 13.257174730300905 17.364984884858131 18.800566993653774 122.37041351571679 12.792368456721304 14.967100609093903 12.223927848041056 10.072319034487004 11.60681008920074 25.752555310726166 19.866279881447554 13.833134487271307 344.70714025571942 25.019172944128513 10.554503999650477 7.7056963406503227 16.349437855184082 13.6823119148612 49.502948209643364 28.668430890887976 16.297910757362843 12.02861153706908 35.959976753219962 76.440984051674604 11.03999577462673 16.605084203183651 14.436784930527208 10.977760134264825 31.821574822068214 17.091994896531105 18.877653360366821 14.317856580018995 28.489650022238493 19.623953396454453 70.350192859768867 36.216592010110617 13.011715698987244 29.650646153837442 10.346894983202217 11.257437407970427 9.0203679390251619 11.835576001554726 5.1095911897718898 23.120757207274437 147.60882076621056 15.172226317226885 10.456687577068804 23.136750422418118 9.1195120066404325 10.708672367036348 20.078292045742273 17.594381146132946 14.504773907363413 22.504668951034546 10.984609335660936 25.064968481659889 10.484388243407009 20.987247638404369 13.179020039737223 15.182289090007542 27.186771903187037
leaf_count=145 59 26 567 485 183 737 66 182 3567 92 83 569 546 67 117 40 81 369 157 71 928 104 202 30 46 113 61 296 96 84 99 116 221 194 126 268 59 63 2492 530 35 883 565 63 247 63 91 252 72 80 169 67 133 219 72 678 41 107 463 189 42 107 68 72 59 43 76 83 312 40 113 34 37 72 170 67 74 1518 79 56 46 44 55 143 69 132 54 167 544 39 97 36 70 69 75 48 55 236 143 415 264 46 105 44 56 37 61 30 195 456 68 24 78 24 65 69 68 32 68 77 100 49 54 58 82 136
internal_value=-0.000275183 -0.00606748 -0.0112243 -0.0140617 -0.0172968 0.00599947 0.00723918 0.000644402 -0.0191377 -0.00511081 -0.0043111 0.00395231 0.00870693 0.0111278 0.00252331 0.00511377 0.0116825 0.0131471 0.00196324 -0.00100851 -0.00529059 0.00236781 0.00581918 0.00214436 -0.00289156 -0.00494829 0.00163409 0.00894179 -6.73257e-05 -0.00881557 0.0143477 -0.0115676 -0.0181762 -0.0104898 0.000941711 0.00680516 -0.00675182 0.00955296 -0.0154689 -0.0119066 -0.00957915 -0.0106958 -0.0046456 0.00311116 0.00478299 -0.00101844 -0.0213478 0.00182626 0.0112851 0.00826458 0.00242047 0.00988788 -0.00943544 0.00959699 0.0160102 -0.00866879 -0.0188184 0.00541026 0.00117954 0.00598613 -0.010192 0.010302 -0.00366189 -0.015122 -0.00191516 -0.00346127 -0.0134963 0.0151761 0.0171961 0.0155673 -0.0161314 0.00129642 0.00876328 0.000548596 0.00111023 -0.00587868 -0.0096071 0.000657507 0.00216519 0.00910779 0.00724307 0.00849945 0.00601677 0.0193646 0.0199735 0.00637403 -0.0100417 0.00841528 -0.00518551 -0.00275547 -0.0170114 0.0125755 0.00782864 0.0166764 0.0147162 0.0162921 0.0023929 0.00137167 0.00433737 0.00739699 0.00475998 0.00884748 0.013781 0.00664513 0.00733123 -0.0160749 -0.0137404 -0.0229703 -0.0217379 0.00738634 0.010518 -0.000583618 -0.00500224 -0.0140751 0 -0.00287509 -0.00796254 0.0190658 0.00721784 -0.0148774 -0.00585531 -0.0192327 0.0112529 0.00398472 -0.0216309 -0.02799
internal_weight=4840.03 2517.02 1423.27 1171.4 854.807 2323.01 2074.21 1093.75 793.418 398.673 248.807 695.077 1761.11 1050.44 200.373 710.667 220.017 850.07 251.873 313.098 316.589 626.444 196.631 490.65 235.708 219.07 160.897 130.717 477.121 171.557 198.957 55.2429 44.7045 94.5883 457.047 254.942 42.5351 212.407 525.268 313.345 284.516 274.367 141.257 218.51 205.527 122.066 25.5018 442.229 700.672 412.989 110.196 64.293 69.6554 158.409 88.6365 237.36 40.0618 133.405 104.327 114.157 23.6077 90.5496 67.0696 87.9099 37.2395 51.9553 30.6222 71.4769 172.044 287.683 27.4919 69.7728 45.9317 33.7077 65.1691 45.6188 38.2213 415.434 369.726 401.395 341.338 324.612 268.337 60.0575 56.2753 61.3889 23.6354 44.6009 178.473 272.433 133.109 112.926 31.3046 274.891 243.069 225.977 33.1955 165.72 137.231 117.607 106.567 47.513 160.452 74.1638 27.6069 16.7261 35.765 23.9294 75.9852 254.654 182.859 71.7948 61.3382 38.2014 19.8282 35.2505 45.9026 159.38 37.0094 106.388 46.534 21.469 63.8169 42.8297 59.854 42.3691
internal_count=26831 17927 12715 11398 8888 8904 7268 5212 8573 2286 1636 2926 5893 3334 690 2559 632 2644 1317 1375 2510 2744 921 1927 1036 990 827 399 2175 831 551 396 337 568 2071 891 180 711 5006 2514 1773 1738 758 807 744 497 121 1945 2275 1442 434 197 291 645 291 1752 174 653 546 513 134 379 374 809 130 182 119 272 452 833 174 354 197 163 303 237 276 1849 1597 1370 1171 1088 919 199 169 315 126 193 1222 2025 980 332 138 793 724 649 103 1097 861 718 679 159 529 261 100 83 236 175 762 864 593 271 247 169 89 137 237 412 100 528 226 126 217 163 302 218
is_linear=0
shrinkage=0.03


Tree=17
num_leaves=127
num_cat=0
split_feature=126 15 12 37 37 44 32 17 15 37 15 43 24 10 61 41 43 18 129 129 34 39 32 18 10 14 44 126 61 4 35 41 41 13 42 51 10 40 37 14 34 15 5 17 43 46 46 128 42 4 42 129 103 132 15 34 2 2 11 36 81 126 44 2 34 24 126 5 17 16 41 102 15 42 17 35 128 133 128 37 37 129 17 7 30 46 3 16 6 133 15 2 12 12 40 126 41 4 16 4 13 18 39 84 42 43 84 16 132 133 5 10 84 36 16 35 17 18 2 16 8 42 128 129 13 7
split_gain=215.522 128.164 44.4825 39.2077 24.274 21.7907 20.7106 19.7413 18.6017 18.4564 16.2139 16.1978 14.9734 14.2608 13.1999 15.2906 13.1042 13.0567 12.8849 12.8 13.368 13.0262 12.3776 11.7175 11.6616 12.9751 10.8188 12.8208 10.4457 10.3619 10.2693 9.78197 10.332 9.77875 9.73861 9.41525 9.49171 9.31198 9.85321 16.5382 9.40787 9.24865 9.22594 9.02847 9.00142 8.92912 8.85272 8.69658 8.62761 8.62698 8.5674 8.51693 8.50618 8.59341 12.7543 14.8662 14.7558 12.0475 9.96129 9.55291 9.01048 8.55663 10.4716 12.2459 8.45266 8.39207 8.32993 8.29345 11.3575 8.28451 9.0764 8.23306 8.17055 8.15514 8.15069 8.59399 7.87657 7.86764 7.67291 7.65817 7.60783 9.09569 7.58242 7.4532 9.43467 9.0307 7.42075 7.38195 7.32546 11.5251 10.1249 7.27437 7.24885 10.2255 9.88898 7.16447 7.91135 8.57268 7.01324 7.19586 7.0004 12.8105 6.96936 6.90913 7.65776 9.38289 9.92493 10.7805 10.0494 7.74111 7.65724 8.19627 8.66361 7.44702 10.1531 7.56272 7.41247 10.1225 7.83325 6.87843 6.86056 9.4179 7.94763 7.35535 6.83053 6.81628
threshold=-0.39553032670701505 0.16134118740977241 -0.22101393221012353 0.82673419859694175 -0.51079874948022619 1.5849202743185813 -0.25466885902801512 -0.049441772698609644 0.87485296593381234 -1.3651363047906524 0.12317378884882271 -0.5828770316107319 2.0144062153864235 0.52572119004777851 1.0000000180025095e-35 -0.17786643954231665 -0.89488724987997692 0.91358405904702378 -0.44970936242742965 0.16424168019088733 -0.45517473714027668 -0.45598034653535213 -0.25466885902801512 -0.14962214975202567 -1.0624141416814281 1.0137437202392687 -0.67780918637035648 0.2671413915360753 1.0000000180025095e-35 -0.84552158799009758 0.79039942888959236 1.5395011290210796 1.7759663904405334 0.87728256605599064 0.21505726434393599 1.1370479812492704 -0.60866118975879757 2.0897863891136619 -1.7534858911500166 0.89059886644127995 1.0000000180025095e-35 1.157905637148378 1.0341890524115385 -0.85209280467803583 1.5988687539497559 -1.8193753588879882 -0.69516562592140552 0.18722040723667427 -0.59569136128737765 0.64403711004222586 0.68079470136509823 0.75106739618659757 1.0000000180025095e-35 -0.66094118264955293 1.2615585029131844 0.53951954987219708 0.80023975081853749 -0.76280086791120894 0.73622041754758516 0.97723659404339769 1.4656127417176867 0.2671413915360753 -0.17922950947405952 0.80023975081853749 1.0000000180025095e-35 1.4051965994528104 0.80392702860804455 1.4669975658858576 0.12472409256044976 0.16234124466266522 0.7565682343306227 1.0000000180025095e-35 -0.20581796182723358 -0.57217984514822151 -1.0580460350403664 0.40387802032300235 1.2573659618785724 0.51587181869986021 -0.58568950926980978 0.19991936075162423 0.13077431868715253 1.1210146425727237 0.77563149207500171 -0.80381325638298085 1.0000000180025095e-35 0.67858504583240953 0.77904217133674158 -0.86898968068633364 -0.97026748627271597 -0.15674017137679228 -0.15158937067215633 -0.76280086791120894 0.92814240347945287 1.0000000180025095e-35 0.087715522806070409 1.0119930209593353 -0.69786037510017507 -0.57469273380240238 0.060898858562763607 -0.23615666606778349 0.59064399444266191 1.1911599034175933 1.4437292063329161 -0.68427235997131686 -0.20948484824097782 0.59107407875648088 -0.071524158013138883 -0.36177775018682595 -0.93487308843283268 -0.38094416806900971 1.0341890524115385 -1.0624141416814281 -0.053818597586789897 0.65308174458623924 -0.63229077978656345 -0.27648391410211243 0.46780945326344253 0.80621537809422217 1.0000000180025095e-35 -1.0042461954862023 -0.15118676102392903 -0.68291550362291187 0.65700203413474945 0.78811941776579653 -0.044457154426085894 0.30443313194181104
decision_type=2 2 2 2 2 2 2 2 2 2 2 2 2 2 2 2 2 2 2 2 2 2 2 2 2 2 2 2 2 2 2 2 2 2 2 2 2 2 2 2 2 2 2 2 2 2 2 2 2 2 2 2 2 2 2 2 2 2 2 2 2 2 2 2 2 2 2 2 2 2 2 2 2 2 2 2 2 2 2 2 2 2 2 2 2 2 2 2 2 2 2 2 2 2 2 2 2 2 2 2 2 2 2 2 2 2 2 2 2 2 2 2 2 2 2 2 2 2 2 2 2 2 2 2 2 2
left_child=3 2 7 6 18 8 13 66 9 23 51 72 45 16 15 125 24 95 28 20 98 47 31 -3 -1 71 48 87 42 35 49 73 -33 44 69 36 119 38 -22 65 -41 -16 46 -31 -12 -10 -4 78 -9 100 -50 -5 61 59 58 56 57 -56 76 79 -59 80 -63 124 -25 83 -2 88 -69 74 -71 -26 -6 -13 -20 -76 -55 -35 -21 -54 -47 -82 -48 -40 85 -85 -38 -28 89 90 -45 -74 93 -86 -95 96 97 -11 -8 -100 -19 -102 -36 -90 105 106 107 -105 109 -108 111 112 -106 114 -110 -116 -113 -118 -119 -18 -24 -122 -123 -124 -64 -15
right_child=1 5 4 10 11 -7 19 26 12 17 33 22 -14 14 41 -17 29 30 34 21 37 -23 120 64 25 -27 27 -29 -30 43 -32 32 -34 77 102 -37 86 -39 39 40 -42 -43 -44 67 -46 52 82 -49 50 -51 -52 -53 53 54 55 -57 -58 60 -60 -61 -62 62 63 -65 -66 -67 -68 68 -70 70 -72 -73 91 -75 75 -77 -78 -79 -80 -81 81 -83 -84 84 92 -87 -88 -89 103 -91 -92 -93 -94 94 -96 -97 -98 -99 99 -101 101 -103 -104 104 110 -107 108 -109 113 -111 -112 116 -114 -115 115 -117 117 118 -120 -121 121 122 123 -125 -126 -127
leaf_value=0.014687631954413961 -0.018685509697416388 -0.017019668623461364 -0.019400700673516312 -0.019489982993131573 -0.025092213189588833 -0.018918248764725688 0.0053060291361408038 -0.02236563196070392 -0.012306834996577774 0.0053147877264863126 -0.0068619168596723438 0.00013034457257761394 -0.023521878001043533 -0.0015070878290563763 -0.017181584842431319 0.0109757194252068 -0.0047388602360268414 0.019441515792881219 -0.012426925120102664 -0.0058577649662300843 0.023491444299611305 0.01555042264532493 -0.0080734823711087842 0.0026368875724433584 -0.024868901146605865 0.010965849781536974 0.0092121514307461974 -0.020459783693347906 -0.018103202116394389 0.021098656605219666 -0.017269244841220388 0.024136691073047431 -0.015329545198599866 0.025795588927627872 -0.013701093618395109 -0.020987970121136994 -0.00042714256150196297 0.022697878874907471 -0.0028586111598064867 0.0076973031618340262 -0.02674178428428263 0.011494494617693383 -0.021716684894996514 0.0092199737250233012 0.025455449325765621 0.018343090775457246 0.0050050638500811397 -0.015594130190317081 0.012911516344925725 -0.017240560439238821 -0.023586398614702197 -0.003271006566939428 0.021814097179579533 -0.020139192243922365 0.0061807473950618473 0.01973349741615783 0.01564395797733362 -0.0044293345014914534 0.012264288111123864 -0.010470933853639307 -0.031081151527006974 0.017757288407278665 0.015164155783501117 -0.029719242692601285 0.02733938022275666 -0.013714012395760665 -0.028464722651666663 -0.01425816647737097 0.0072186925293970146 0.0077120364382311634 -0.024060072556459575 -0.0031530499850030785 0.010627649010941525 -0.017037119392749316 0.024425126205624963 0.000159399998949929 0.0052932132919216758 -0.0012238626965166838 0.021333483673177368 -0.0037642041459080081 -0.014118038107624652 0.019557756186204478 0.038331472489449958 0.013369861036535435 0.015218921633879926 0.035838778828511587 -0.029662681321063838 -0.010984612254588978 -0.0028511133664906943 0.012612272313920788 -0.021737964652226164 -0.017618571563558252 0.014579433450022626 0.0050198913072636905 -0.028697871149558813 -0.015578096370975176 -0.0019946105825046781 -0.021223786947099987 0.0011581933549781515 -0.02328548323637987 0.017576576761864544 -0.025165862127245631 0.011457789052394595 0.028529783212167332 -0.0044932487820296702 0.02255316364856506 0.0016910488109618488 0.0034238705851856663 -0.018078873607445641 -0.029917461101121316 0.03093715013865633 0.0073713251608119746 0.025800876327074115 0.025820580634385411 0.030360175401721912 -0.0003010328770787593 -0.028992273272222473 0.016828757565565115 -0.011244127805121289 0.018065145591608087 0.035007528214118587 0.014369490086847228 -0.023249887867611473 0.013894216548960513 -0.0075145552649495996 -0.028845105026220487
leaf_weight=25.576886855065823 197.83906814269722 9.0651728846132738 6.4524794258177236 66.631552514620125 91.508671842515469 44.25180971622467 39.999703630805016 10.541134260594843 20.712316460907459 13.971406687051056 65.266500025987625 29.725559484213591 14.246198154985903 20.60558208078146 58.457634337246418 82.33575895242393 15.615934055298565 48.856994744390249 7.707926418632268 16.443999797105789 31.287235893309116 542.31765723973513 35.275774978101254 20.260287143290043 33.760378200560808 22.901657432317734 22.530532147735357 132.83827388379723 47.994614098221064 56.220440749078989 14.114229641854761 12.449937097728254 9.7444082871079427 23.719869360327721 32.119082916527987 15.192763250321148 51.974117588251829 43.842148043215275 32.643435228615999 10.23771456629038 19.404609318822622 11.336960256099699 10.035482320934532 14.433612793684004 7.7740733027458182 136.35926044732332 17.318807333707817 19.207466412335634 34.126645367592573 8.6149434484541398 5.9374013245105735 52.921841140836477 54.42022280395031 46.872202221304178 34.279239475727081 47.823104701936245 36.313229732215405 25.206446845084429 14.924687564373015 12.814161993563173 20.985445015132427 30.338015872985125 21.98903626576066 11.783081978559492 33.711775507777929 13.223423361778258 148.45633995439857 30.755102384835482 72.257458880543709 26.31182823702693 10.484728820621966 29.920432027429342 12.009120903909205 141.82220710068941 54.014752265065908 17.601068213582039 13.524780131876467 15.48158076405525 19.261612460017204 12.440728344023226 15.174893327057363 12.023310411721466 9.0830367729067785 61.190072981640697 17.582317505031824 22.585279457271099 8.2504119798541051 51.759797882288694 28.239721123129129 39.833479177206755 24.051599871367216 21.309274980798364 42.309067234396935 14.083933845162393 15.61011693626642 69.330961182713509 208.56958291865885 42.381523463875055 19.638724457472563 22.358167801052332 14.110029488801958 9.8350427672266942 13.144594628363846 41.948334887623787 11.071881659328936 105.9818002358079 17.427099861204628 24.918327555060387 12.580580122768877 10.340791948139666 11.100730277597902 96.851542487740517 30.367593597620726 19.207234747707844 11.973827742040157 15.907077737152576 12.555484108626841 15.466905646026133 18.54297911375761 42.692239072173834 9.0639455020427686 22.78766080737114 13.305467056110503 6.3068640902638426 23.822676952928305 13.061714265495537
leaf_count=88 2137 44 44 720 1024 353 143 100 117 87 367 254 67 111 376 326 75 165 47 59 71 1441 255 77 218 66 137 1513 382 185 82 52 73 91 193 81 239 98 151 32 76 35 81 69 24 420 104 92 221 62 58 365 170 275 119 143 119 107 62 60 91 109 95 76 98 62 2105 151 251 133 56 151 79 1414 173 88 55 85 55 79 101 48 24 226 67 52 51 430 122 150 123 205 133 54 56 590 1193 345 90 103 58 58 56 106 47 290 56 88 58 45 28 354 76 49 35 56 53 46 67 138 30 134 123 31 111 80
internal_value=0.000543941 -0.00579424 -0.0123832 0.00692557 -0.00696065 0.00147945 0.00818589 -0.0182602 0.00232005 -0.00200194 -0.00477411 -0.0114992 0.005837 0.00543203 -0.00215887 0.00402123 0.00689297 -0.00423728 0.000335955 0.0113413 0.00718793 0.014143 -0.00743623 0.0130198 -0.0027085 -0.00799069 -0.0118744 -0.0148998 -0.00863054 0.00815658 0.00548451 -0.0116377 0.00676588 0.00338324 0.00542602 0.000457919 0.0033844 0.00992284 0.00783937 0.00577348 -0.0148865 -0.0123847 0.00207217 0.00957566 -0.00308435 0.00658728 0.00985402 0.000160071 0.000499663 0.00962711 0.00698689 -0.012422 0.00729809 0.00401617 0.0011493 0.00583198 0 -0.00713575 -0.00898722 0.0124909 -0.0170031 0.0114246 0.00377423 -0.00371749 0.0183377 0.0086355 -0.0229564 0.008568 0.000702353 0.0100136 -0.00165871 -0.0149186 -0.0204729 -0.0140615 0.0154188 0.018587 -0.0144018 0.0152853 0.00891057 0.0170252 0.0154714 0.00082803 0.0175603 0.0101439 0.0126118 0.019814 -0.00490032 -0.00477856 0.00999857 0.00142122 -0.010112 -0.00733721 0.00569925 -0.00232313 -0.0129652 -0.00703284 -0.00473506 -0.0146139 -0.00357192 -0.0120242 0.0130376 -0.000163984 -0.00624036 0.0113732 0.0122645 0.0156524 0.0107787 0.0194064 0.00400188 -0.0106065 0.00769252 0.00612158 0.017721 0.0109124 0.00331094 0.0133582 0.00264972 -0.00705619 0.0015531 0.0119303 0.00193961 0.0088833 0.0025516 -0.0110651 0.00339825 -0.0127259
internal_weight=4793.47 2404.73 1261.61 2388.74 657.577 1143.13 2156.94 604.029 1098.87 492.822 231.795 405.309 606.053 1153.72 185.798 116.003 967.918 429.785 252.268 1003.23 405.996 597.231 280.482 63.0372 112.159 86.5825 257.734 207.129 90.8844 855.759 95.5312 193.742 22.1943 112.242 161.384 133.725 118.533 323.999 280.157 248.87 29.6423 69.7946 42.8898 722.034 73.0406 591.807 32.8543 54.9131 50.6052 81.417 40.064 119.553 571.095 319.604 239.929 164.607 116.784 80.4711 75.3217 79.6751 46.1919 251.49 87.9328 57.5948 53.9721 219.228 346.295 665.813 103.013 116.12 36.7966 63.6808 124.827 171.548 79.3237 71.6158 60.397 39.2015 35.7056 66.861 163.557 27.1982 26.4018 206.004 173.361 83.7754 60.2245 74.2903 562.801 78.3187 38.4852 33.3184 89.5854 47.2764 29.6941 334.253 264.923 56.3529 81.9966 41.9969 72.8021 23.9451 45.2637 484.482 456.242 260.285 154.303 66.8667 87.4366 27.7679 195.957 184.856 41.4395 59.6687 40.4615 27.8809 143.417 46.5654 34.0099 58.3082 86.7397 51.4639 42.4 19.6123 45.8117 33.6673
internal_count=26645 17392 11756 9253 5055 5636 7601 6701 5283 2859 1652 3674 2424 4540 928 517 3612 2640 1381 3061 1414 1647 2366 219 523 435 2459 2080 635 3089 425 1793 125 567 746 584 503 1078 980 909 108 411 253 2505 391 2357 172 206 379 343 279 1085 2240 1280 971 579 436 317 392 309 198 960 391 282 175 801 4242 2320 402 497 189 369 1308 1668 308 261 330 176 114 249 569 149 128 739 588 278 290 567 1918 342 192 284 310 177 110 2215 1625 432 336 193 281 116 249 1576 1454 783 493 194 299 101 671 643 123 198 149 91 520 166 113 213 573 318 288 154 206 191
is_linear=0
shrinkage=0.03


Tree=18
num_leaves=127
num_cat=0
split_feature=126 81 18 0 32 41 126 43 44 32 12 131 131 38 17 43 44 14 19 130 38 38 9 12 14 6 38 35 84 38 11 51 0 14 35 64 25 35 32 16 68 19 9 130 25 132 12 14 103 130 11 81 130 128 46 130 2 8 19 128 43 47 32 83 84 2 47 19 41 12 39 8 22 131 131 42 35 20 41 128 81 7 2 39 25 7 14 2 38 16 35 12 35 7 132 27 21 7 6 130 21 3 84 11 127 22 22 47 14 34 10 22 5 20 84 127 43 21 39 83 35 81 127 128 6 35
split_gain=184.928 72.3011 37.7746 35.4078 26.3775 22.917 20.841 20.6708 17.8637 17.1455 17.0101 18.336 16.347 15.5751 14.6605 14.4681 15.1795 13.517 13.9923 12.2598 11.9788 11.8902 13.9365 11.4107 11.2433 11.0619 11.0464 10.5196 13.8158 10.4723 10.431 10.0748 11.0943 9.21007 9.0153 8.99879 9.66303 10.9667 9.72887 9.69943 12.725 9.65026 8.94038 9.63246 8.91979 13.5322 8.92346 8.89208 9.59004 8.83496 8.82876 11.4131 9.04809 8.80049 8.69008 8.54238 8.50025 8.71034 8.46809 8.4532 11.0135 9.19225 8.56715 8.40673 8.39192 9.85013 9.22481 8.34667 8.29009 12.7605 15.3868 8.14871 8.12139 8.07853 8.04311 8.02713 8.63529 7.93662 7.81032 7.78518 8.07914 7.7517 7.70808 8.482 7.68967 9.79771 9.3409 7.66016 7.5693 7.771 7.70538 7.55078 8.06065 8.69578 7.53776 7.5122 7.48167 7.46915 7.37 7.33827 7.31305 7.18907 7.13087 7.05715 8.90678 6.99706 8.564 7.0589 7.26289 6.96408 6.95239 6.92049 6.88235 6.87294 7.67779 7.66163 6.70851 6.70131 6.66363 6.64487 6.63885 6.5998 6.59507 6.55801 6.55294 6.52663
threshold=-0.12190507936929694 -0.73616616560604109 0.91358405904702378 0.60936290016033456 -0.25466885902801512 0.70024871533758837 0.83642964516469587 -0.19520097742508297 -0.38598159419699063 -0.25466885902801512 -0.18778064629063809 1.1217663885911799 -0.24213485626886369 -0.094836590518962788 1.8170163551612195 0.42268923450384904 -0.72489749962743399 0.21150141347099868 -0.92423803756274892 1.7555428491729346 -1.562335400505819 -0.10803203433170114 1.0000000180025095e-35 -0.065121123152961494 -0.052289829797853495 1.0908063653839331 2.4760281521510694 -0.10534023864687848 0.1789159118707426 2.1049111963239411 1.0856629067070915 2.0972601455511559 2.1970180147178753 0.010016413037844302 0.37333545670329904 1.0000000180025095e-35 0.30601022248584586 -1.2559523336305283 1.0691602195221777 0.30323344757919518 1.0000000180025095e-35 -0.75667341508252861 1.0000000180025095e-35 2.1634139906579173 1.0000000180025095e-35 1.3318967693991246 -0.6565064795740555 2.7027431531021038 1.0000000180025095e-35 -0.7994527337070757 1.0000000180025095e-35 -0.87562923844904283 0.79903088020372781 0.71283919760701664 -0.32597552689306591 -0.10063179249655434 1.1128478745644867 0.87315565713819876 0.70570874474484724 0.73600493125440092 1.0511579565654039 0.29894285351690025 -0.25466885902801512 -0.080162508541716096 0.3604570705771149 -1.0754089916571583 -0.014834034314888099 -0.65004138259511579 1.0975515436548722 1.3313596919483806 1.4437292063329161 0.14148250130810744 0.90382216216821842 0.41635337658985894 1.2830917241836162 -0.89591773984214862 -0.7504202461319911 1.2912952941485207 0.74053756073674271 0.15137821162665857 -0.91881703210427912 0.64837166624950515 -1.3880171154031073 -0.93432841804549283 1.6185038169649915 0.036925383035826653 0.55524783143000522 1.4254559983104362 -0.9782692067467974 -1.4325584923524532 1.9984104796413054 -0.87139379849819643 0.31119713761493711 0.036925383035826653 -0.57141798185441994 -0.86047016377984054 0.35778460904704107 0.38086391734352082 -0.97026748627271597 1.9845191813672141 0.15722734579854297 -0.83934225810400009 0.36825755414085798 0.42122111487862485 -0.1456876932762228 0.43735972178838417 -0.39190683888687633 -0.042543631863315591 -0.48383009520462822 0.78819312162531541 -0.60866118975879757 -0.055017298612551745 1.0000000180025095e-35 -0.63350839278969662 -0.21743640938925438 -0.80265853875490711 0.10845772397253461 0.92997698182375688 -0.93432841804549283 -0.41447783595706039 0.40387802032300235 1.9002092414786353 0.29229287037623342 0.1176329901965399 0.50192812205346182 1.6066231118299392
decision_type=2 2 2 2 2 2 2 2 2 2 2 2 2 2 2 2 2 2 2 2 2 2 2 2 2 2 2 2 2 2 2 2 2 2 2 2 2 2 2 2 2 2 2 2 2 2 2 2 2 2 2 2 2 2 2 2 2 2 2 2 2 2 2 2 2 2 2 2 2 2 2 2 2 2 2 2 2 2 2 2 2 2 2 2 2 2 2 2 2 2 2 2 2 2 2 2 2 2 2 2 2 2 2 2 2 2 2 2 2 2 2 2 2 2 2 2 2 2 2 2 2 2 2 2 2 2
left_child=3 9 4 5 6 10 7 23 99 14 11 -1 29 121 96 35 59 24 78 75 -7 22 -18 88 25 53 44 -20 34 -5 58 32 82 -26 -29 36 37 -12 -39 41 -41 -40 -10 73 50 46 -46 48 -23 -13 118 -52 94 105 -24 -30 57 -50 64 77 62 -62 -61 -36 66 -66 74 -21 69 70 -54 -32 119 -44 113 76 -8 -17 -19 84 -81 98 -15 -84 86 -86 87 120 -3 -90 -91 -11 93 95 -53 -93 -2 -25 -70 103 -60 -58 -35 -6 -105 106 -4 108 -108 -69 -68 -37 -75 -9 -115 -116 -47 -100 -22 -67 -38 -14 -99 -56 -42 -98
right_child=1 2 17 12 8 20 19 30 42 91 15 49 13 31 -16 16 21 18 27 67 26 47 54 97 33 -27 -28 28 55 -31 71 -33 -34 102 63 111 79 38 39 40 124 -43 43 -45 45 116 -48 -49 56 -51 51 52 68 -55 123 -57 101 -59 100 60 61 -63 -64 -65 65 72 110 109 81 -71 -72 -73 -74 112 -76 -77 -78 -79 -80 80 -82 -83 83 -85 85 -87 -88 -89 89 90 -92 92 -94 -95 -96 -97 125 122 117 -101 -102 -103 -104 104 -106 -107 107 -109 -110 -111 -112 -113 -114 114 115 -117 -118 -119 -120 -121 -122 -123 -124 -125 -126 -127
leaf_value=-0.0062352032795795383 -0.026529060506395277 -0.034596404293670904 -0.022204747605976217 -0.016454668250799831 0.011387863918116532 -0.016717836905315697 -0.023721197601353126 -0.01569031404184093 -0.011866850781727714 -0.019722426115282469 -0.01612345751287602 -0.013233173100905415 -0.016936892389290505 -0.015787129864045294 0.0079347746009085993 0.02200496349981405 0.011342607395663343 0.0065335735831972665 0.020364518151367385 0.025263041388460212 -0.0044419909082078733 0.015713584227817864 -0.037948330347955687 -0.010714828650584785 -0.040509667536038331 0.020989715138671934 0.02913840041623799 -0.00032165495085201057 -0.036179565360638773 0.014794320350397554 -0.00022757654669579254 -0.021340309595044033 -0.016274336616576849 0.00065025233136840866 -0.0037937434073469223 -0.0030702414978562554 -0.017975577887640794 0.0038907917936215502 0.00098928349176353081 -0.018103883777958431 0.026276051756032235 0.025199023501152825 -0.0067689773539577267 -0.031800777662303104 -0.019102954696376032 0.00039249221734097528 0.008704967016874593 -0.016107071297973695 0.010511186198054471 0.013893293754280224 -0.01676276116712656 0.011420759040797914 0.010912853069734694 -0.019981523307565193 0.0021470501567020287 -0.0013086125093877004 0.0043533402012071645 -0.011862048424204907 -0.0070500309800799153 0.031591429565429624 -0.032147481419772771 0.0080407890366147785 0.0010605843255498979 0.026514199863659348 0.021892605858500003 0.015870840513616719 -0.0034579673189543587 -0.022107111959261277 -0.0048531828810964859 0.012407047231936896 -0.036044640128882442 0.032621581867153263 -0.031970884623222853 0.008166795090860374 0.012778562337712476 -0.021175890779626505 0.0056409614450079028 -0.0022329362111916827 -0.024310013103151933 0.014331178348890368 -0.015505634957254053 0.024159390701445412 -0.01063684045437541 0.015694241888878642 -0.037941750522852598 0.0093064172047628377 0.019214873148936319 0.023122715914052645 0.0067960470329355947 -0.017965243775712642 0.011698243728457543 0.011750439403491532 -0.017534185978292909 0.018086434222437886 -0.017412152851765828 -0.020035876143853402 -0.016682307370395971 0.025470187673004071 0.01962916055415527 0.025282196345386886 -0.03556482178074219 -0.031893767794511863 -0.030302613426043859 -0.029964349797037802 0.0062272632306431108 -0.025972234209946102 0 -0.0081958725423233875 0.027370852876576486 0.013370069219353622 -0.024854873152027435 -0.033623755309212196 -0.0089788095328057985 0.0094638534931889666 0.011056068529659872 -0.016965761845255518 -0.035498049563687926 0.0014690555267154626 0.017185682395364638 -0.0040851696003406483 0.010142472415853025 0.014426358651370217 -0.0045320755171449241 -0.020595743200810871 -0.0026521996134530362 0.018462736029306013
leaf_weight=235.42019228916615 212.7722044819966 18.942982565611601 7.1593453325331202 101.02908429130912 60.366489853709936 13.45351756736636 13.499492945149539 33.753719504922628 91.343784751370549 31.226164314895868 19.045705672353506 11.735581859946249 46.6568109896034 8.1241574548184854 13.047119941562412 131.53155275434256 32.843735840171576 12.699558541178705 78.144057206809521 8.5352734997868556 12.872801654040812 129.86373453959823 9.391463175415991 32.283497598022223 9.2778676841407997 22.043914418667555 28.270403310656548 28.868314981460571 7.2625396624207488 9.7873550243675691 13.315175686031582 10.410651784390209 14.175879023969172 24.981810139492154 9.8018655292689782 22.108757771551613 22.290819987654686 346.50666233152151 19.692036058753729 16.434041060507298 15.999867275357248 63.440756667405367 85.147079918533564 7.6751668453216544 9.9603401347994787 8.2376575991511363 201.62860520742834 11.449450135231016 104.28832417353988 72.697814140468836 14.317774835973976 13.30396841466427 10.887090891599657 18.785642955452204 27.275326631963253 28.136485368013382 9.0294381231069583 17.421290710568428 26.26348115131259 15.132342293858526 9.3042530156672019 9.3730812519788724 17.559086490422487 40.147310558706522 24.305429551750422 22.67861963249743 25.842316914349794 12.043750435113909 21.79569385945797 43.462796986103058 12.560919784009455 12.482925508171318 5.4991899058222762 110.93166316300631 29.504902433604002 199.18635560944676 22.807921148836613 12.949664782732723 15.263732872903345 8.6978065054863674 53.398440338671207 59.317255593836308 11.473320443183182 103.16238068416715 7.5747050419449788 6.5816606394946575 30.222484987229109 7.338414601981639 13.42835161089897 146.26141802594066 7.5428871475160113 10.419157594442369 20.00139413960278 22.16040201857686 17.96804503723979 15.202105540782211 50.763052704744041 12.357642697170379 62.223652794957161 21.920065712183714 11.431238081306217 9.0120760574936849 8.0452776253223401 8.7860720455646533 15.39192373305559 5.7264986895024768 13.777807824313635 12.174190687015651 23.020508505403999 7.1026310361921778 29.879973884671926 8.8743138685822469 24.929786536842585 40.042513307183981 11.495152737945316 28.901368537917733 9.3371290415525419 26.491114418953657 258.866027045995 39.884674744680524 10.25888681039214 6.0360924899578086 12.24130207300186 18.17422754317522 11.45270776003599 4.336054876446723
leaf_count=1479 2889 249 62 1034 290 73 165 259 613 366 97 54 373 45 78 354 124 48 268 33 55 394 55 256 72 99 63 121 59 54 55 50 97 143 48 95 132 1406 60 66 45 177 745 38 62 38 680 31 330 235 55 43 38 129 127 117 31 59 188 41 39 31 59 115 99 129 159 85 77 116 48 40 53 509 101 2111 201 42 65 43 285 150 76 423 52 26 91 27 78 1233 43 77 181 136 78 151 551 54 173 54 103 49 54 53 69 52 71 90 95 27 242 50 141 223 68 235 42 84 769 249 41 23 81 109 47 24
internal_value=-2.56596e-05 -0.00685236 -0.00413239 0.0051335 -0.00654734 0.00637793 -0.00956527 -0.00644423 -0.000435994 -0.018639 0.00422527 -0.00192846 -0.0043718 0.000745582 -0.0224239 0.00582235 0.00935886 0.0043685 0.00903745 -0.0165985 0.0104203 0.00573546 -0.00385254 -0.0131689 -0.00271897 0.00263872 0.0108939 0.0119263 0.00600034 -0.0135603 -0.00181124 0.00576721 0.0079896 -0.0155537 0.0129596 0.00282784 0.00360382 0.00561463 0.00652742 0.0136101 0.00205047 0.0195799 -0.00398573 -0.000786736 0.0101953 0.00516232 0.00729812 0.00874036 0.00986224 0.00997705 0.0122584 0.0084704 0.00988687 -0.0025364 -0.0130466 -0.00934265 0.00433055 0.0072137 -0.00327365 0.016102 0.00543223 -0.0124432 0.0158001 0.0205501 -0.00150813 0.00591205 -0.00497235 0.00212202 0.0118895 0.00283571 -0.0145646 0.0161794 0 0.000415194 -0.000899945 -0.0188114 -0.005539 0.0198115 -0.0104568 -0.0031352 -0.011118 0.0154015 0.0109246 0.0129638 0.00277351 -0.0166122 0.00690853 -0.00258428 -0.0167466 -0.0145132 -0.0164249 -0.00775303 -0.00198881 0.00468303 -0.00507909 -0.00704111 -0.0239378 -0.00132019 0.0104993 0.0101442 -0.0164705 -0.0143193 -0.00747054 0.00593465 -0.00747305 0.00294735 0.00635316 0.0109489 0.0174113 -0.00878703 -0.0152204 -0.012693 0.00495614 -0.00454047 0.000236595 -0.008845 -0.0193985 0.0143166 0.0161376 0.00323738 -0.00898586 -0.0130865 0.010829 -0.00713029 0.0144332 -0.0135833
internal_weight=4723.43 2033.25 1653.32 2690.18 1288.01 2379.33 861.514 598.339 426.492 379.928 1554.37 319.854 310.856 200.039 280.918 1234.52 564.599 365.317 220.324 263.175 824.955 368.749 87.6848 243.058 144.993 102.688 811.501 192.361 114.217 110.816 355.281 147.346 136.936 42.305 78.8175 669.918 638.935 492.572 473.526 127.019 43.8866 83.1328 320.027 228.684 783.231 229.164 211.589 281.064 269.615 84.4334 554.067 282.328 268.011 80.644 54.841 35.399 139.751 121.71 329.483 195.85 51.3688 18.6773 32.6914 49.9492 291.788 92.3679 199.42 27.6817 236.739 66.9108 23.448 25.7981 68.0625 221.009 143.698 235.494 36.3074 144.481 27.9633 146.363 62.0962 169.828 122.76 114.636 84.267 14.1564 70.1106 39.8881 186.176 167.233 153.804 99.0092 67.7831 47.7817 31.272 25.6213 267.871 56.8824 110.51 106.465 37.6947 18.0415 33.0271 84.5445 24.178 61.8584 56.1319 48.9725 36.7983 19.1464 55.7223 30.9831 135.861 114.193 80.439 40.3965 17.5748 88.7148 271.739 62.5633 32.5497 52.6929 24.5989 45.4496 27.4526 55.0991
internal_count=26694 15492 11039 11202 9331 9027 6819 4197 2512 4453 6383 1768 2175 1087 3542 4615 1875 1708 841 2622 2644 1309 415 1994 867 598 2571 728 460 1088 2203 691 641 269 284 2740 2595 1898 1801 395 158 237 2046 1433 2508 822 742 894 863 289 1686 862 807 499 291 176 469 389 2108 566 170 70 100 163 1817 530 1287 145 686 202 86 95 431 1395 886 2477 366 396 113 697 328 484 544 499 369 78 291 200 1603 1354 1276 911 545 364 121 228 3464 391 334 466 291 80 197 412 122 370 318 256 166 112 401 145 650 785 526 303 80 257 824 378 173 396 135 236 92 575
is_linear=0
shrinkage=0.03


Tree=19
num_leaves=127
num_cat=0
split_feature=12 15 129 40 32 37 12 41 39 0 28 0 44 37 40 39 41 37 38 35 38 84 2 27 42 32 13 113 27 41 2 9 61 27 127 44 83 41 53 130 13 44 39 127 42 129 35 42 41 10 35 12 7 83 27 41 10 83 52 18 6 46 42 83 13 45 28 2 129 9 22 52 2 13 13 33 41 18 35 20 49 13 44 22 46 9 18 18 43 39 18 132 7 15 0 2 84 84 18 46 38 10 7 15 15 48 129 131 84 40 38 46 17 12 2 27 37 25 34 127 43 38 37 131 15 35
split_gain=182.978 86.9122 43.7235 37.5767 28.8343 26.4397 23.459 22.5311 18.6953 16.265 15.883 15.2736 14.3956 14.0862 13.9053 13.4295 13.1316 14.0291 12.6489 12.9818 12.2027 22.1256 12.7492 15.4787 14.0164 12.0732 16.3335 11.6585 11.1882 11.172 10.3207 9.49424 9.9778 9.49022 10.9823 9.45573 9.1317 12.4025 11.5696 9.05523 11.2479 8.86492 8.6905 8.6115 11.3821 8.5063 12.4333 14.2683 11.3434 9.6851 9.42395 8.47405 8.37744 11.8242 11.6004 8.16969 9.66695 8.1419 7.94782 7.94529 7.92516 8.2472 7.66562 10.6743 7.64544 7.64064 7.60228 7.4756 7.465 7.6853 8.50684 7.37017 7.3443 8.45148 7.29345 13.1399 8.89258 7.23798 7.20242 7.19543 7.09939 8.70456 8.44483 7.61298 7.26541 7.51112 7.08796 7.0738 7.93962 7.76361 7.03312 7.52916 7.03139 8.48745 6.78677 9.63037 6.74027 6.72138 7.63809 7.42517 6.71559 6.66471 6.71991 8.50222 6.75022 6.9412 6.63167 6.86827 6.5815 8.19549 9.4911 6.5807 7.49239 6.98204 7.65924 6.76023 6.54618 6.48812 9.56907 9.15176 8.54223 8.82027 8.33978 7.83962 7.44497 6.3323
threshold=-0.065121123152961494 0.939412942024755 -0.36324350433751801 -0.22155168347506679 -0.25466885902801512 -1.0426416421974649 1.2676182901079329 1.3943398587066207 -0.47709938080529446 1.403190457439105 -0.66848165899358392 0.60936290016033456 -0.71844639085510187 -0.55466348960412992 1.4822728371726046 -0.26318125960743671 -0.18800566683222678 -0.22359402189326377 -0.94808770155633348 -0.047414686954337738 1.2580280587071864 0.22327627554473176 -0.45019274416525973 0.45691656740144299 0.072363937173105505 -0.25466885902801512 1.6247909979103576 1.0000000180025095e-35 -0.86047016377984054 1.0786720525463054 -0.76280086791120894 1.0000000180025095e-35 1.0000000180025095e-35 0.45691656740144299 1.3142475188986316 1.6354597374228967 1.5053450711514429 1.0975515436548722 0.67711686536005089 1.6442115124269474 -0.3086142694422907 -0.6109889361346309 1.2563137303598089 1.0222604764636605 -0.18051454660338798 -0.93250770804349969 0.40387802032300235 -0.32246210542397802 -0.60760004054615513 -0.60866118975879757 -0.17985356196046492 -0.37079808471546816 -0.65095168557956129 0.48351955161499033 1.3979070896737886 -0.35023077081853926 -0.60866118975879757 0.55479701496349687 -2.2157606540423562 0.073836587272635465 1.0908063653839331 -0.52049787985584484 -0.48225020371696098 0.75376189367343172 0.52319962465129055 -1.2215278615888907 1.0000000180025095e-35 0.48763162707258817 -0.92207966485677673 -0.99711228145263198 -0.2364193587602649 -0.085111209468175728 -0.45019274416525973 -1.2078725333272433 1.7540593733438195 0.45331009835172259 0.44541327328757346 0.18773232198635856 -0.27648391410211243 0.8153327139116705 -0.9341946359188259 0.99531021319089052 -1.4359183150467072 1.707174142822377 -0.46579588816005396 -0.99711228145263198 0.25723497272584261 1.1131421602874518 0.45957522745392498 -1.1087859134235407 1.7373066470302512 -1.0923723986642073 1.0305255932580544 0.69193341252038965 1.0000000180025095e-35 -0.45019274416525973 -0.34080955216149683 0.33059602135348637 1.797318364619948 0.11397436189064947 2.4760281521510694 1.6601035698543549 -0.72738247098127107 1.2321991232181899 -0.24452163878389976 1.0000000180025095e-35 0.14990312080914306 0.50386637710762416 0.6670844626528204 0.99144812583911046 -0.70381478749212079 -0.80132334697656649 -0.85209280467803583 0.65920914731273328 1.0000000180025095e-35 -0.48407395487090227 0.41336709929847087 1.0000000180025095e-35 1.0000000180025095e-35 0.43828639159371879 1.2253537392072931 0.5556881657355387 -1.5323962484406779 -1.1162373115382833 -0.79631199660009078 -0.4307765199740618
decision_type=2 2 2 2 2 2 2 2 2 2 2 2 2 2 2 2 2 2 2 2 2 2 2 2 2 2 2 2 2 2 2 2 2 2 2 2 2 2 2 2 2 2 2 2 2 2 2 2 2 2 2 2 2 2 2 2 2 2 2 2 2 2 2 2 2 2 2 2 2 2 2 2 2 2 2 2 2 2 2 2 2 2 2 2 2 2 2 2 2 2 2 2 2 2 2 2 2 2 2 2 2 2 2 2 2 2 2 2 2 2 2 2 2 2 2 2 2 2 2 2 2 2 2 2 2 2
left_child=1 2 7 5 12 117 10 14 -7 35 -5 52 51 57 27 31 18 28 -12 108 22 -22 23 68 -25 42 -27 59 36 -15 43 32 -10 41 -35 45 37 38 74 40 -23 77 71 44 -19 46 47 -3 -47 65 -51 116 53 54 106 56 -21 72 -30 -1 87 -62 -33 78 -31 -50 -44 -28 -8 -70 -71 -24 73 -14 75 -18 -77 -17 -64 -41 81 -54 -82 84 -84 -86 -74 89 -89 -32 91 -73 93 -93 -53 -96 -52 98 -98 -99 -43 102 103 -60 105 -104 107 -6 109 110 -20 -58 115 114 -114 -113 -4 118 123 120 121 122 -120 -2 -119 -75
right_child=3 9 4 6 11 8 20 -9 15 -11 16 -13 13 29 -16 33 17 30 19 55 21 39 25 24 -26 26 67 -29 58 64 60 62 -34 34 -36 -37 -38 -39 -40 79 -42 100 66 -45 -46 48 -48 -49 49 50 96 94 80 -55 -56 -57 111 -59 101 -61 61 -63 63 -65 -66 -67 -68 -69 69 70 -72 90 86 125 -76 76 -78 -79 -80 -81 82 -83 83 -85 85 -87 -88 88 -90 -91 -92 92 -94 -95 95 -97 97 99 -100 -101 -102 -103 104 -105 -106 -107 -108 -109 -110 -111 -112 112 113 -115 -116 -117 -118 124 119 -121 -122 -123 -124 -125 -126 -127
leaf_value=-0.022557098439833799 -0.0023767127247655141 0.0068486466321948363 0.0016799418907432555 0.013091352459713055 -0.020172527540765331 -0.014682751141040772 0.033765285027187418 0.0010815009832377729 0.025903361826323381 -0.022675570773239249 -0.019394053182516722 -0.022638717406199538 0.023358857741178095 -0.016319394875272564 0.0078102153101671044 -0.012351907715626647 -0.021713025143733876 0.02449850806998969 0.019531700815731468 -0.0093462443242237608 0.026474950207554977 0.010122640169741176 -0.018673788748408721 0.011430280344482702 -0.020481199467042299 0.015318412452417388 0.0069653095914012806 0.015127849482930337 0.029056447988520258 0.0011593530460323785 0.011955438107198828 -0.013604798873017068 -0.0029027650080925157 0.0071036608367346203 -0.021615832013831587 -0.017667340593666616 -0.020458163723486779 0.016823054680988561 -0.02626911835840651 0.0044269813170044288 -0.01895929769457955 -0.015558390612793665 -0.0077972537272780612 -0.016955462466566415 -0.00666766941037014 0.017563956392322912 0.01661350827122593 -0.029287456489812912 -0.011055650907799612 0.0082946745951342701 -0.020173949582405728 0.029117377662586527 0.024178200773363141 0.012622961267273899 0.018132071548833079 -0.0096126767674911441 -0.0046220047854215697 -0.017351718215426651 0.0065529187151324485 -0.01436348118528639 -0.022135629214066116 0.013414516195729033 -0.0065053102980349147 -0.024811575480910703 -0.024606279708521733 0.015339347361222654 0.013663571132608391 -0.023148852422847272 -0.00085560555125351523 0.028927255779384216 0.011099349578149295 0.018098413529506013 -0.014699917929275339 -0.02596664545340422 0.022898762194700238 0.025712759632796258 -0.0098752115965479587 0.011370444864592428 0.018853439230615662 0.027841352894084008 0.024727982968254708 -0.0061267412493865303 -0.020930217878181591 0.025081798093380677 -0.013642409099876272 0.0043277301591396642 0.004557780909328929 -0.013580728770965089 0.025120025532944856 -0.022696510933589268 0.019867967975361521 -0.032709447615382588 0.012252733206042917 -0.0033428769577066642 0.022141737436625435 -0.019171985327018141 -0.00084967944651886485 -0.023673306490125636 0.02530960304094464 0.010086687678870998 0.018107751035026896 -0.007846673750756275 0.010801552735316425 -0.022709646486630368 0.013759265318034682 -0.022231349340380444 -0.027450056607506941 0.01854302832848639 -0.025532341662479183 0.0056439816770748217 -0.016602741435775677 0.013780218921437692 0.022806596140150921 0.029553283619055671 -0.0051223052428843244 -0.017606809075108733 -0.019942319903687333 0.015354663538975775 0.019398118894322573 0.016805630971071052 0.012777330530294935 -0.033676365560682694 -0.014557730695725864 0.02560776354732312 -0.0054243165314590853 0.0064734965327856832
leaf_weight=334.93545889947563 10.511165454983709 16.605110466480255 37.46274308860302 177.77600746788085 8.0245818234980089 118.01111182570457 29.6735824290663 59.216062728315592 33.857489952817559 17.837237253785133 32.027559803798795 21.70310559682548 20.535596741363406 357.52328219544142 17.015404775738716 18.658868111670017 18.515638202428818 29.246831089258194 6.6104594245553008 21.029771447181702 117.81195823848248 26.61646581441164 28.123517319560051 39.600391186773777 16.811811178922653 142.89603776484728 12.880621276795866 7.9552306383848181 19.494739957153797 59.951472068205476 5.868245765566825 23.67156183719635 15.166839122772215 76.462350364774466 13.161577988415955 14.006851039826868 15.562509737908838 38.779777089133859 15.340530734509228 25.199440695345402 20.092958554625511 108.10109073109925 19.716765820980072 9.0519504807889444 15.446095570921896 87.621836639940739 16.516384312883019 21.692067127674818 10.162435207515953 93.09576765820384 19.552376508712769 13.462805815041067 32.090793166309595 20.924442153424025 7.8871062584221354 24.72502039372921 16.534130796790123 28.197974234819412 46.868333224207163 171.83036907762289 6.7389553301036385 23.283843461424112 13.268784362822769 7.4196002520620814 11.468983897939323 94.1087959818542 51.854416523128748 15.094998285174368 18.830004215240479 48.027614079415798 52.931350566446781 9.3131847344338876 36.532820578664541 6.2799609936773804 11.276385366916655 14.159770935773851 9.9619907811284047 27.079006370157003 34.565477069467306 22.671679556369781 13.999486386775969 10.829796021804212 13.12266782671213 10.328396467491983 23.763299770653248 133.47980651445687 30.747811801731586 10.116510864347221 7.3395442366600028 47.230866421014071 11.423720151185988 14.938738130033014 9.0371480695903283 21.10539672523737 9.1251882389187831 9.1720407120883447 48.52571202069521 18.118686266243461 11.585890002548693 7.6373841613531104 4.714497208595275 17.800814304500818 12.177741356194021 9.977908827364443 261.76239907369018 9.098204627633093 29.753122337162495 6.5747354179620734 14.818110544234512 40.464580740779638 48.445141799747944 13.877866357564928 18.135355684906244 35.868598163127899 15.594883214682339 9.5479688569903356 17.727426026016474 20.941617593169212 9.6519866064190847 36.384974665939808 20.226127158850431 9.9538743346929532 15.705403521656992 50.065543193370104 51.920905664563179 20.034697102382779
leaf_count=4104 52 79 214 513 81 1178 73 373 121 145 239 233 72 3458 80 131 90 109 31 92 280 76 119 125 76 407 35 53 39 368 32 135 83 443 119 102 70 119 72 66 69 877 69 62 92 323 62 127 41 323 88 34 132 109 47 122 91 178 192 1629 47 112 86 46 95 332 156 55 56 109 172 30 258 50 32 38 50 134 150 50 41 65 98 48 135 731 139 68 27 356 34 75 31 81 44 77 202 95 31 24 18 76 45 43 814 46 250 24 96 161 328 61 64 102 92 58 175 76 29 109 65 36 75 150 225 112
internal_value=0.000114883 -0.00656689 -0.00995136 0.0053977 -0.00608419 -0.000430839 0.00762284 -0.0164082 -0.00431722 0.00464499 0.00487719 0.00110762 -0.00971763 -0.0114465 -0.0183599 -0.00102674 0.00332927 0.00570185 -0.00188359 0.000281071 0.0117203 0.0178367 0.00929064 0.0151678 0.00167676 0.00565049 0.0112198 -0.0192443 0.00813641 -0.0141577 -0.0021805 0.00682554 0.0170517 -0.00509823 0.00266102 0.00575965 0.000273246 0.0034474 -0.0041326 0.0068809 -0.00245981 -0.00949221 -0.000113951 0.00830963 0.0137515 0.00654133 -0.00442568 -0.0137674 0.00809615 0.00529764 0.00137259 0.00160815 0.00284285 -0.00595804 -0.0135543 0.0058669 0.0088713 -0.00321279 0.0106976 -0.0198185 -0.00784216 0.00488187 0.000302201 0.00644943 -0.00321941 0.0126578 0.00768413 -0.00941819 0.0201949 0.0165567 0.0198103 -0.00610501 0.000374782 0.00940808 0.00247512 -0.00325858 0.0110879 0.00157145 0.0117686 0.0159202 0.00557893 0.0164979 0.00308449 0.00126425 -0.000300114 0.00152399 -0.00591719 -0.013291 0.00300819 -0.0186613 -0.000490497 -0.00510174 -0.0102484 -0.0161495 0.0137451 0.00135621 -0.00473256 -0.000990208 0.00447481 -0.0135476 -0.0139784 0.0096104 0.0105538 0.00106097 0.0124394 -0.00355346 -0.0195307 -0.00247383 -0.00753674 -0.00447838 -0.0119396 0.0124482 0.015531 0.0204111 0.0100318 0.000667497 -0.00544318 0.0080588 0.0115594 0.0053167 -0.00232125 -0.011166 -0.00127343 0.0207435 0.000634238 -0.00182569
internal_weight=4663.43 2058.72 1581.66 2604.71 990.704 719.5 1885.21 590.953 494.138 477.067 1130.56 332.481 658.223 571.273 531.736 376.127 952.779 655.1 297.679 265.652 754.652 212.393 542.259 205.875 56.4122 336.385 170.872 514.721 500.777 428.944 154.323 127.95 49.0243 248.177 89.6239 459.229 123.597 108.034 69.2543 94.5805 46.7094 158.553 165.513 53.7449 44.6929 445.222 54.8136 38.2972 390.409 302.787 198.516 86.9502 310.778 73.164 52.2395 155.314 130.589 142.329 377.18 506.766 100.578 30.0228 78.9254 55.2539 71.4205 104.271 71.5712 27.9756 149.463 119.789 100.959 93.9417 114.131 46.8503 53.9138 42.6374 24.1218 45.7379 47.8343 47.8711 237.614 42.9206 194.694 180.694 170.366 157.243 67.2806 70.5552 17.4561 53.0991 65.8182 54.3945 45.0813 36.0441 31.76 18.2972 105.42 85.8677 60.1116 25.7561 112.816 357.685 339.885 56.8462 283.038 21.2759 44.3524 14.5993 110.338 95.5202 55.0556 109.559 93.0247 69.5988 33.7302 23.4258 55.1902 225.362 152.499 91.9224 55.5374 35.3113 25.3574 60.5767 72.8625 26.3147
internal_count=26744 15481 13507 11263 7268 4338 6925 6239 3521 1974 4681 1994 5274 4730 5866 2343 4168 2631 1537 1298 2244 541 1703 611 201 1092 497 5786 1726 3921 905 621 204 1722 562 1829 471 401 282 261 145 1160 595 263 201 1727 268 206 1459 1136 763 544 1761 511 402 682 560 809 1255 5733 642 159 417 282 463 373 225 90 410 337 281 370 631 234 210 178 88 265 236 116 1250 197 1053 1012 964 866 397 483 95 388 251 217 187 156 155 121 440 352 233 119 895 1216 1140 235 905 91 355 105 616 520 359 468 377 258 156 119 389 817 516 314 205 140 104 202 301 162
is_linear=0
shrinkage=0.03


Tree=20
num_leaves=127
num_cat=0
split_feature=126 15 12 38 131 32 37 37 37 126 83 10 128 36 44 43 32 41 126 126 52 12 12 22 84 38 44 35 132 38 3 61 13 84 19 74 15 40 61 19 40 43 42 37 128 7 82 28 42 5 22 47 81 52 14 44 13 6 14 15 126 127 32 15 81 54 39 3 19 38 40 131 37 22 37 37 19 83 20 40 21 10 86 81 42 13 132 40 19 126 36 22 35 36 13 19 38 5 131 40 49 3 53 13 133 3 3 41 130 131 17 35 41 21 128 14 19 130 35 19 2 12 19 39 21 131
split_gain=170.051 84.8989 36.8122 31.6947 21.8128 21.4202 19.9809 19.7838 16.2336 15.6135 15.3559 14.5778 15.4403 14.4083 13.3437 14.6083 13.1224 12.3874 11.821 11.3746 11.0019 10.4127 10.0894 10.3569 9.81437 9.57663 11.3629 9.57456 9.49239 11.0482 10.8791 9.24477 9.01194 8.94625 8.86228 15.9951 8.83738 9.81649 8.66008 8.74205 8.68396 10.0926 8.47172 8.44287 12.6917 9.7041 8.71651 8.64211 11.5935 9.55497 9.26083 9.07965 8.43457 8.14063 8.12137 8.2378 8.121 8.09544 9.5734 7.87748 10.1233 7.79899 7.79683 9.36086 10.4792 8.90896 11.0865 7.90167 7.91266 7.7815 9.21609 7.73599 7.71717 10.2017 8.03256 7.70237 7.66554 7.5465 7.4762 7.38496 7.37818 8.35417 7.32959 7.45906 7.24231 7.23415 7.29739 7.1706 7.14083 9.73153 9.80179 7.10024 7.07912 7.05563 7.02167 6.99634 6.99288 6.96873 7.63616 7.26474 15.0064 10.1238 8.61238 8.54153 9.56061 7.45787 6.94489 7.81017 7.46882 7.88507 6.93699 6.87329 19.6478 8.43487 7.50388 9.5886 7.17242 8.43364 6.73984 7.00656 9.90326 9.83917 9.58011 8.81282 7.98091 7.78138
threshold=-0.16622682921927603 0.16134118740977241 -0.18778064629063809 -0.45279170555014508 -0.35564838245603964 -0.25466885902801512 -0.52883658654052301 -0.85133124913371006 0.52883658654052312 1.0119930209593353 -1.3192307873397173 -0.8355376657201129 0.93830462920968527 0.29146410255819638 0.37865169039873364 -0.15167258748273937 -0.25466885902801512 1.2950190636193926 0.98386575663146403 1.4310797889852489 -0.55001176312880229 -0.73484960180658809 1.6026957848012973 0.87790758214711639 -0.1054332394403119 -0.059284140598911995 -1.6293459365523961 0.31119713761493711 -0.89754903314362677 2.4760281521510694 0.94418343964702134 1.0000000180025095e-35 0.10167231345521881 0.8195613442428088 -0.45201046511849202 1.0000000180025095e-35 0.34134869125487155 1.2145798315952876 1.0000000180025095e-35 0.82757392473046176 1.1639593696504256 0.72976473008773934 -0.85000012277025616 -1.2869302979557984 1.1214345065403482 0.2662177392409561 0.80895613021858248 -0.66848165899358392 1.5290366652964813 1.0000000180025095e-35 0.12638476153516146 -1.0789552699912204 2.120409078502699 -0.10400164277330644 -0.55171064237182954 -0.75098779973857599 -1.1966318050286813 -0.67582836460748041 1.2973808504186823 0.17650421910078454 -1.29569275456291 -0.29168121449370826 -0.25466885902801512 1.4506050105989079 0.82565452824671759 0.74330603823178498 2.633653993782163 0.48178788837823799 -0.8328391525735378 -0.51080548366310563 1.9825280034083115 1.2511235048163958 -1.5016499352697175 -0.54739431901348767 -0.86751905162372012 -1.5323962484406779 0.26394746729699398 -0.50784272301233979 -0.17609947671856627 -0.06224558883099774 -0.83490956136122751 -0.60866118975879757 1.0000000180025095e-35 -0.59261172668809825 0.48029275066530203 1.9282906619715288 -1.2502818633493098 0.37940930066554546 1.543531857145948 -1.2530330703323049 -0.92714932763323665 -0.18459019871806112 0.7585403754586949 0.20520440855720007 0.59064399444266191 0.020217107325764604 0.91499537794666363 1.4669975658858576 -1.2775626471307195 -0.65819568989292254 -0.78372358700844302 0.18453360541973443 1.0000000180025095e-35 -0.74700267308620505 0.74007581539207756 0.21756185908179038 -1.1696247947245595 0.80408156988566326 -0.51933137136609397 -1.2060337562965644 -0.35942432888042736 0.19745241792776622 -0.019421357773575846 0.11645274065781687 -1.0000000180025095e-35 0.49746621134257291 -0.5586424976059049 -0.51933137136609397 1.3625459008345515 0.18778172980598476 0.1750235033266388 0.34575242839750436 -0.81760600507533598 0.96540490097637355 0.063695693880043716 0.97200098946635471
decision_type=2 2 2 2 2 2 2 2 2 2 2 2 2 2 2 2 2 2 2 2 2 2 2 2 2 2 2 2 2 2 2 2 2 2 2 2 2 2 2 2 2 2 2 2 2 2 2 2 2 2 2 2 2 2 2 2 2 2 2 2 2 2 2 2 2 2 2 2 2 2 2 2 2 2 2 2 2 2 2 2 2 2 2 2 2 2 2 2 2 2 2 2 2 2 2 2 2 2 2 2 2 2 2 2 2 2 2 2 2 2 2 2 2 2 2 2 2 2 2 2 2 2 2 2 2 2
left_child=3 2 9 8 11 6 19 25 10 17 -1 12 -5 -9 22 33 -15 82 28 34 77 -13 23 43 -25 31 -27 -28 30 38 95 94 -14 -16 36 57 -3 -38 39 40 41 80 -17 44 45 61 -46 48 88 50 59 -51 -39 -19 -11 -56 -55 84 72 60 -49 -6 63 64 65 67 -67 -24 -69 70 85 -52 -59 -74 -75 -72 -66 -7 -64 -80 -30 -82 -2 -84 -36 86 92 -43 89 -45 -91 -92 110 -40 -4 -8 -29 99 -99 101 -101 106 -102 -103 -105 -104 -23 108 109 -108 -12 112 -53 -114 -115 -116 117 -113 119 121 -121 122 -61 125 -123 -122
right_child=1 5 7 4 14 20 18 13 -10 54 69 21 32 16 15 42 -18 53 -20 -21 -22 97 62 24 -26 26 27 96 29 -31 -32 -33 -34 -35 35 -37 37 52 93 -41 -42 87 -44 47 46 -47 -48 49 -50 51 71 111 -54 56 55 -57 -58 58 -60 118 -62 -63 78 -65 76 66 -68 68 -70 -71 75 -73 73 74 -76 -77 -78 -79 79 -81 81 -83 83 -85 -86 -87 -88 -89 -90 90 91 -93 -94 -95 -96 -97 -98 98 -100 100 102 103 105 104 -106 -107 107 -109 -110 -111 -112 116 113 114 115 -117 -118 -119 -120 120 123 124 -124 -125 -126 -127
leaf_value=-0.03490747581155744 -0.01746881004002317 -0.017598028776255745 0.0074516395023866075 0.014377725758239647 0.019968227673952194 -0.00069429056605683191 0.0022052185254639875 -0.01497395999313926 -0.016055490555136678 -0.030691321062673176 0.025998003417217287 -0.022478638891342755 -0.022123108812737668 -0.0094069728936096893 -0.013683696704861808 0.025059230726699262 0.0077209206735573141 0.02183378101609176 -0.017898648060640641 -0.01992733931988273 0.0030334320801465526 -0.0031944411773462624 0.026130490218052173 0.010899246470539468 -0.021143698388989694 0.037548340738149617 0.012778472523484925 -0.03147795077774284 0.0054148920697761286 0.027619976827055713 -0.023189312625003657 -0.020808400694180603 0.013671386330134167 0.0160184443113091 -0.022459946770839779 -0.032361432630099732 0.019269667833219577 -0.0076629664137921718 -0.024211264681995085 -0.022669642328038597 0.0093479975988583867 0.020448633290134997 0.0040500812430695138 0.021340527943449372 -0.020323635360367149 0.024102270397106523 0.011633851885801067 0.0068646524903550775 0.034484180673032945 -0.011078781221258632 -0.023826620358126136 -0.016779498661664571 0.018921630481709653 0.020370080811174696 0.00023720558539249686 -0.022105801942691284 -0.016818433479248506 0.020839131200141858 0.021852934498887013 0.015348433436449383 -0.015334050691403645 0.00090187615053058108 0.0039974407138148836 0.017459496629904508 -0.023432615437200703 -0.023632457053985107 0.013500275743927349 0.020450650179384987 -0.0058998783535534945 -0.015362277419719853 0.033099057117779197 0.0066591860782976913 0.023132061718191422 -0.025874250074485586 0.0016840054759014497 0.0058467910904619023 0.0090254929706044939 0.021213591492190414 0.00030813399646892347 0.022088536540676565 0.001828693939135299 -0.030552394631810666 -0.021286778483895596 0.012408184065333498 0.012955883738918293 -0.018885507322063424 -0.00034065393396709188 -0.011515889306373135 -0.0064714251912837461 -0.01193348652352005 0.0060929581661877119 0.020222760045689854 0.033615178040333482 -0.0064908430734844022 -0.018254035354462274 0.025568612046337827 0.0028064282110062369 -0.036964314354230005 -0.0058230003021202213 0.015790949583436121 -0.027704662224394411 0.014174583767631853 -0.019137007135338537 -0.026073534071785035 0.001747652860664664 0.011070414432843985 -0.022057132761673228 -0.0045526325806407725 0.024039605109589347 0.020706383886230535 -0.0023882393521994926 0.023950083539847258 0.028903538121862322 0.018431594358625333 0.010876111322376121 -0.032193764055011426 0.022358712489664676 -0.01097355865054604 -0.013077819605941152 0.023032788730705578 0.0099175585825521193 -0.0077724872189967806 -0.022357495082475181 0.024196575190796165 0.014841231951248778 -0.025911893807256933
leaf_weight=9.9030685760080797 253.6992336185649 8.6283583007752878 41.922644387930632 101.76050440594554 33.564512841403484 18.238048199564219 29.580752521753311 250.0491351634264 62.867017218843102 102.67164906393737 9.8184512518346292 21.818427663296461 18.606222171336416 122.0901341997087 62.605877015739679 18.69417455047369 58.760243155062199 11.902571167796848 82.014832228422165 17.194763418287039 267.52070025727153 27.260118156671524 28.390717666596174 13.447406232357023 20.379230752587318 10.427417401224373 43.228846702724695 8.1857148855924624 10.913517862558363 6.7077732495963565 8.6935604996979219 22.520168444141746 8.432861475273965 9.7058660313487035 17.07529711350799 12.231642443686722 71.131226949393749 30.391962043941021 46.343983354046941 18.542353183031082 44.245067350566387 14.879504960030319 152.65427361428738 59.731730610132217 14.241446092724802 85.698766339570284 14.456518806517122 32.415426090359688 16.923940449953079 16.461313016712666 21.794201608747244 24.475668206810951 15.306518405675886 6.1688760630786446 17.761740736663342 81.533380158245564 19.196180997416377 11.57455053552985 25.762094117701054 7.4751791134476688 40.358786731958389 44.764326997101307 31.898334220051765 73.28096142783761 17.745174005627636 13.994026288390161 12.982933454215525 16.810532618314028 23.151386588811874 23.018719971179962 13.616018474102018 10.418302804231642 7.9428429007530204 18.502406653016799 17.998187694698579 28.403383914381266 9.2320303544402105 57.508178971707821 15.748073689639567 153.40630831196904 9.3793632127344555 26.03603354468942 8.3370429743081349 15.122601695358751 6.4170561507344237 15.388937549665568 269.65361490659416 9.5259469076991063 22.621736980974674 20.057265494018793 127.64773393794894 42.97660019993782 10.013009529560803 37.993148852139711 11.287049870938061 18.483975678682327 12.149513028562067 7.9109389502555123 39.304647289216518 17.944884706288576 24.970620892941952 13.38899354636669 13.02309311181307 21.576761893928051 21.297570247203112 14.428137648850678 6.8476615287363529 15.488612186163662 49.901361651718616 6.6673169583082181 26.275595221668482 9.3382412828505057 22.175246074795723 17.615745522081852 9.3808845318853873 7.4701383560895911 66.431277871131897 14.58853969722986 14.149953454732893 46.415562067180872 8.9472267106175476 18.600370159372687 20.961162969470024 8.8284154087305051 49.092146277427673 11.234706208109854
leaf_count=74 2939 53 203 420 84 90 166 2474 708 1645 40 212 111 1110 348 53 349 58 756 118 1268 182 78 46 99 24 183 65 63 22 63 186 29 38 114 78 253 119 360 137 182 66 577 148 58 215 41 126 38 77 105 146 41 27 154 1020 161 33 65 29 239 145 94 183 79 58 35 46 83 123 28 39 29 100 88 90 27 177 51 365 58 213 112 108 27 88 1352 52 89 104 437 127 30 222 79 82 52 70 236 80 150 66 87 156 127 59 55 83 206 38 137 31 68 57 37 40 222 65 57 140 38 69 122 24 159 48
internal_value=-0.000166292 -0.00655885 -0.012267 0.00503727 0.00663517 -7.26015e-05 -0.00338771 -0.00705709 -0.00199528 -0.0180941 0.000208111 0.000618571 0.00903448 -0.0103165 0.00821622 0.00171651 -0.00381358 -0.0138128 -0.00792553 0.00294449 0.00593246 -0.00298082 0.00934993 0.00771573 -0.00837204 0.00230991 0.00993464 0.00484686 -0.00495433 -0.00772526 0.00590094 -0.00513309 -0.0107632 -0.00949196 0.0046505 -0.00124847 0.0101654 0.0123732 -0.00894846 -0.00411155 -0.000923225 -0.00743055 0.00649169 0.00829305 0.0139226 0.0171311 -0.00427446 0.00686127 0.0109505 0.00436002 0.000931502 0.00961421 0.0013917 0.00230154 -0.0246436 -0.0181167 -0.00723069 0.00260883 0.00709256 0.00284718 -0.00544652 0.0092585 0.0134128 0.00904012 0.00387058 0.00855571 -0.00581093 0.0142711 0.00534025 0.00117909 0.00224578 -0.0139728 0 -0.00571591 -0.0125229 0.0153115 -0.0122921 0.0159592 0.0175859 0.0200922 -0.0155618 -0.0220795 -0.0159908 0 -0.0125294 0.000537737 0.00155045 0.00789195 0.00936036 0.0108226 0.00741796 0.00976653 0.0124466 -0.0164331 0.00170737 0.0115891 -0.0116823 -0.00137629 -0.0117614 0.00075848 -0.00721504 0.00425411 -0.0152947 -0.00593276 -0.0124603 -0.00332373 0.00968573 0.0141574 0.0187734 -0.000780883 0.00574533 0.0116708 0.00518419 0.0148534 0.00516923 -0.0087828 0.0173407 0.00295024 0.00612516 0.00779303 0.0145835 0.00233885 -0.012159 0.000647836 0.00856113 -0.0101677
internal_weight=4598.8 2063.78 1097.01 2535.03 2066.07 966.764 623.497 580.621 468.958 516.393 406.091 430.629 128.8 430.9 1635.44 243.66 180.85 314.427 363.34 260.157 343.267 301.829 1391.78 995.14 33.8266 149.721 73.9915 63.5641 281.325 224.567 56.7583 75.7299 27.0391 72.3117 242.962 117.504 125.458 116.83 217.859 133.522 114.979 70.7344 171.348 961.313 192.726 164.028 28.698 768.588 289.959 478.628 290.691 187.937 45.6985 37.2676 201.967 99.2951 25.3651 105.272 81.7801 258.479 72.7742 78.3288 396.64 195.588 122.307 95.3296 26.977 68.3526 39.9619 396.188 373.169 32.2125 56.018 44.4434 36.5006 42.0194 26.9772 75.7462 201.053 169.154 46.3289 35.4154 277.159 23.4596 23.4924 331.15 315.761 24.4055 273.035 250.413 190.682 170.624 46.1071 84.3371 53.2097 48.0647 20.3352 280.011 47.2156 232.795 70.3667 162.428 52.4219 56.2633 42.8743 27.4512 106.165 78.905 63.4163 13.515 36.094 171.476 81.1177 56.642 34.4668 16.851 90.3581 23.9268 185.705 171.555 75.4259 96.1289 28.4363 29.0103 67.6925 20.1819
internal_count=26765 16044 10949 10721 8051 5095 3560 4725 2670 6224 1962 2367 560 3933 5684 1016 1459 3405 2442 1118 1535 1807 4668 3569 145 792 324 300 1686 1375 311 468 140 386 1000 534 466 413 1353 771 634 452 630 3424 543 444 99 2881 943 1938 1195 743 160 246 2819 1174 188 456 315 1051 365 229 1099 589 406 300 93 207 129 1888 1765 144 250 217 188 118 106 267 510 416 334 271 3159 220 141 1647 1559 118 905 816 668 564 207 582 282 248 117 1595 306 1289 376 913 296 349 283 146 564 382 299 93 177 666 348 202 134 77 318 96 686 629 250 379 151 110 228 86
is_linear=0
shrinkage=0.03


Tree=21
num_leaves=127
num_cat=0
split_feature=126 15 37 129 52 18 38 37 37 29 38 2 19 18 15 32 37 38 37 126 36 32 35 15 15 43 19 19 13 130 52 129 8 15 24 3 38 61 15 132 27 55 43 82 42 38 14 3 6 132 30 128 84 86 129 52 20 126 3 37 36 26 25 44 24 16 83 30 14 14 52 133 15 17 15 44 38 13 36 17 3 9 16 42 35 10 26 130 44 44 128 83 38 18 16 82 45 52 84 10 36 35 54 42 133 4 82 48 14 129 9 131 16 16 26 20 20 20 6 128 132 10 43 133 11 82
split_gain=154.401 67.2933 35.8949 30.6587 23.3997 22.2214 21.5525 18.1656 15.0565 15.7476 14.5219 13.8314 13.9461 13.8246 13.6825 13.584 14.2758 13.495 12.6669 11.3246 10.946 10.6892 16.631 15.5239 13.7772 11.0448 10.6279 10.6193 9.67337 9.61493 9.5884 9.25533 9.22152 8.82288 8.8139 8.65436 8.62481 8.7242 15.5056 9.30771 11.7544 9.46609 8.61693 8.58363 8.39645 8.63288 8.3825 8.25449 9.33754 8.92112 8.21705 13.2738 9.87873 9.44613 8.5327 8.41726 11.1369 11.2512 10.4711 8.20378 8.00826 7.87735 7.74852 7.67026 7.62653 10.2407 8.59571 9.74988 10.3596 9.61903 14.7104 12.1348 7.856 7.59618 7.55772 10.5024 8.69635 8.43707 7.54053 7.98919 8.15506 7.43981 7.29442 7.18234 7.11383 7.38094 7.10482 7.73646 8.08252 7.0829 7.95494 7.04457 7.00313 8.82582 7.5666 8.24014 6.95578 8.62919 6.94612 6.88739 7.47857 6.93201 6.87305 8.77208 6.84747 6.83395 6.81474 7.93594 6.80085 7.81714 7.44549 6.78613 6.5801 6.51555 6.50501 6.46994 13.9824 9.68025 10.0129 8.97944 9.44409 6.41628 9.8662 14.516 11.1383 6.36716
threshold=1.0000000180025095e-35 0.13125889682239197 0.55466348960413014 -0.40625918248275039 -1.1363553425274506 1.7373066470302512 -0.31374847334777783 0.36157664289049712 -1.2401012978954125 -0.13989523092939862 -1.3060990894603346 0.48763162707258817 -0.26921269514007012 0.16386221633722922 0.87485296593381234 -0.25466885902801512 -0.52883658654052301 0.88735834295288851 -0.98340900126811026 -1.0044003652711029 0.91797363651776609 -0.25466885902801512 1.9036232132353299 -0.84653605168096824 2.3636683966457941 -1.1781901130875958 0.30964690979159942 -0.45201046511849202 -1.1291874352373099 1.9845191813672141 1.2473562709988231 1.1978211914287795 -1.3218638103520748 -0.65324348672510346 -0.42243224834802934 -1.2026530483866154 0.31002274922584649 1.0000000180025095e-35 0.99606105894772989 -0.72043688267037143 0.26871846294697393 0.5295220172054157 0.72976473008773934 0.26734874424370031 -0.90865983150858487 1.0816612691697662 -0.28005177125553177 0.18453360541973443 0.20748900038822612 1.0000000180025095e-35 1.0000000180025095e-35 -1.1581634603817368 0.015696438626553202 1.0000000180025095e-35 0.48043484681688148 -0.76687270620733483 0.9502553984481199 0.87521117628342748 0.74601391767468572 0.48927633026055362 -0.88756522245020719 2.5306148605995085 1.6185038169649915 0.30297438146565636 1.4051965994528104 0.17361262089598764 1.1267897988940059 -0.94953248170881266 0.28216188480855803 0.68730076857406852 0.050639551977089907 0.51587181869986021 -0.80757793406814826 1.7510944685722747 0.10893255200155867 -1.2333023332744886 2.288116685005313 0.96158802829520484 -0.3687364899704591 0.6182412543956578 -0.50905972148344047 -1.8091889082384265 -1.3536588587191964 1.2509883104825839 1.229317131941708 -0.8355376657201129 0.860227418489377 -1.0675854689437267 0.87387123114451193 -0.69962801353401305 -1.0775762805658353 -0.43713914735975562 0.69420715208765538 0.23066850171560999 -0.018000775070492997 1.3124372845766397 0.18629900214310188 -1.9595116295724524 -0.3080768584050726 -0.60866118975879757 -0.12098304721989264 0.87913084216407522 2.926971222207754 -0.47497537816312324 0.51587181869986021 0.50862268294837831 0.5699392135325273 1.0000000180025095e-35 0.96977546575310447 0.46404792180917381 1.0000000180025095e-35 -0.14828529798366727 -0.46322013628672759 -0.55339114615330665 0.61913772414041623 -0.059775933304519142 -0.63350839278969662 1.1181360666199212 0.20748900038822612 -0.32850101706737472 -0.53097349012463924 -0.8355376657201129 0.11817696873263807 1.0000000180025095e-35 0.091401143086125014 -0.42056664961202783
decision_type=2 2 2 2 2 2 2 2 2 2 2 2 2 2 2 2 2 2 2 2 2 2 2 2 2 2 2 2 2 2 2 2 2 2 2 2 2 2 2 2 2 2 2 2 2 2 2 2 2 2 2 2 2 2 2 2 2 2 2 2 2 2 2 2 2 2 2 2 2 2 2 2 2 2 2 2 2 2 2 2 2 2 2 2 2 2 2 2 2 2 2 2 2 2 2 2 2 2 2 2 2 2 2 2 2 2 2 2 2 2 2 2 2 2 2 2 2 2 2 2 2 2 2 2 2 2
left_child=2 3 8 5 29 18 -4 10 64 11 -3 17 78 14 -12 16 33 36 63 42 89 22 24 -23 32 -25 60 -16 -18 59 44 -21 114 -6 -22 -29 37 91 39 98 41 111 -14 -32 -15 50 -27 -37 -49 -50 55 52 -52 54 -53 96 57 -57 -58 -5 -17 -34 83 -2 66 112 67 68 -1 72 71 84 -69 -35 76 -76 -8 86 -13 80 -80 -62 -7 115 85 -71 87 -77 -89 90 -9 108 94 -94 -68 -96 97 -46 -39 100 -83 -101 103 -74 113 -36 -63 -108 109 -10 -111 -41 -66 -47 -11 116 -48 -117 -119 -118 -121 -105 -123 124 -124 -79
right_child=1 7 6 4 15 82 74 20 9 21 13 12 19 30 27 26 28 -19 -20 31 34 23 -24 25 -26 46 -28 35 -30 -31 43 -33 61 73 105 47 -38 38 -40 40 -42 -43 -44 -45 45 104 62 48 49 -51 51 53 -54 -55 -56 56 58 -59 -60 -61 81 106 -64 -65 65 -67 92 69 -70 70 -72 -73 102 -75 75 77 -78 125 79 -81 -82 99 -84 -85 -86 -87 -88 88 -90 -91 -92 -93 93 -95 95 -97 -98 -99 -100 101 -102 -103 -104 121 -106 -107 107 -109 -110 110 -112 -113 -114 -115 -116 117 119 118 -120 120 -122 122 123 -125 -126 -127
leaf_value=0.0035387506232261142 -0.0025348251345904968 -0.022457506243816452 -0.018131161766991564 0.0083829242909589912 -0.014110629931576047 -0.014837342096445627 -0.0072607602410417332 0.024985900252532427 0.021110443824651326 -0.031234051649703276 -0.010061514668972791 -0.0027212865149147713 -0.0063644691566866014 0.023262716524916158 0.0090942861155415677 -0.017518675968496319 -0.0071375449763515751 0.023573881467142614 -0.022765322986024229 -0.020762371254946167 -0.023730848802433566 0.024839160064019001 -0.033129078656850851 -0.021792522001836154 0.022701773498514009 -0.0065630232969377906 -0.016081816576505172 0.013565773091355473 -0.020189704909440144 0.030604570364192413 0.010518289711444941 0.014713435414432478 -0.0013681847835911479 0 0.01797061065080548 -0.02317751859967155 -0.010832084793985602 -0.011801800960282539 0.018965623293271151 0.0050017173206973941 -0.027260509763572624 0.015797173774377608 0.01927838814456927 -0.03253600869937618 0.026771201226679097 0.0064403260296914842 0.022736103350791251 -0.018451186061943032 0.029579673010185832 -0.0062620679319178099 0.025874337517666417 -0.01777640578505103 -0.0088918152241230161 0.012229458440072121 9.3294103551721131e-05 0.012175718467814527 -0.028027209395423552 -0.015616269317351605 0.012177499026904686 -0.018743922513712513 -0.026380233103535284 0.024707470203058843 -0.013301397318983617 -0.030376619691208886 0 -0.013098911720602381 0.0020819937547813254 -0.0095644706441131919 0.0249451074591708 -0.0034552437982091257 -0.027213251919313546 -0.018984904562533947 0.0027288245744900535 0.031619579971531558 -0.022058839805951184 -0.013899271581638653 0.018358298592460683 0.029295599930729204 -0.0069252660482026955 0.029313531851168514 0.015393737997010135 0.014820966777929099 0.021070267861870263 -0.0087205524158751775 -0.011974970790827669 0.016575388721464274 -0.022190156917617835 0.011740459928092178 -0.013078502999740426 -0.017942109850287508 -0.012730058913661628 0.016971000063345242 0.007844586993949831 0.031931521919733467 0.023978616196082745 -0.0013099291568770331 0.036833174586128614 -0.0069773661866214254 0.01565297441965233 0.014705627727868638 -0.018233017660389882 -0.011857856119651613 -0.0044781287055603684 0.027345856800387279 -0.0054221726173631305 -0.014324125823661981 -0.017307965291944557 0.020395231893112625 -0.013899690839335137 0.015826896340269424 -0.0094781126302686015 -0.020850941841852336 0.025648092732425215 0.029768138296140917 3.8611775415332197e-05 0.017873768486524982 0.0092633725313833841 -0.02349741745754368 0.01347539532767101 0.0046362561584223248 -0.029529181164854892 0.022273228137954799 0.0071248450396348703 0.01922983632547539 -0.02992513727533656 0.0067216956879470732
leaf_weight=32.52512439712882 50.83561234921217 21.722212210297585 75.161265055648983 47.406155599281192 37.974981486797333 6.4211989752948311 143.22901734802872 7.1813669912517097 29.389634516090155 14.170631911605598 134.11972295492887 37.691852558404207 28.349416069686413 24.178438246250153 99.31648076698184 15.781441215425728 72.168472483754158 61.804549725726247 311.74897293467075 46.974396696314216 7.431491181254386 33.798363972455263 13.108587784692643 13.636937040835617 21.773083537817001 46.717029295861721 39.003048121929169 16.185762397944927 195.64092844258994 12.935336440801619 5.9496505074203005 6.8465081900358191 439.22601845301688 49.693381909281015 24.565782571211461 25.804284512996674 18.762431588023901 9.9566050134599191 44.536795228719711 15.2191557995975 19.781742580235004 19.121331989765167 18.682985991239548 9.9879124388098699 12.477016184478996 18.875006433576345 20.796277053654194 16.158604793250561 10.590307854115965 12.727893203496931 22.015959776937962 56.698660161346197 10.044245921075342 19.070398174226284 40.648560829460621 90.859135288745165 15.521751947700979 14.324828322976826 8.1722651459276658 11.637878477573393 5.486665714532136 19.345633067190647 14.547985002398489 9.9427473153918964 22.235785342752934 29.098499421030283 45.942425690591335 16.629275143146515 56.795066617429256 22.196726582944393 15.164125882089136 17.276002198457718 54.847683258354664 6.9333332851529113 11.886094214394687 17.119751870632172 11.991754930466412 19.589245524257421 21.592482287436724 20.27357541769743 41.575484700500965 8.5514469966292399 15.55152156203985 18.746471311897039 13.192776173353193 58.548707619309425 9.3462111912667734 70.470649588853121 13.176356662064789 97.017617443576455 12.043375460430978 153.82133591175079 21.524145871400833 43.313646145164967 48.77285972982645 14.700834289193152 13.357963576912878 12.933320932090284 33.779788065701723 65.800363577902317 16.379862947389483 9.3005262240767461 21.623908534646034 39.170435469597578 10.433462373912333 6.7440742794424287 10.246705789119007 8.0763096995651704 12.159371703863142 16.831665717065334 24.284816309809685 20.218955937772989 14.162758640944956 27.887354101985693 9.5689011290669423 109.80044031143188 19.552750453352928 10.699287764728071 14.067876249551771 11.272074464708568 17.794335469603539 49.84393884241581 13.950937539339067 26.427396394312382 13.439598891884087 27.561912475153804
leaf_count=115 365 176 898 264 294 47 1223 30 105 96 915 191 125 81 394 149 678 182 4304 271 73 118 82 73 57 234 345 67 2339 37 34 22 2237 327 132 138 84 58 126 72 120 64 58 88 38 66 68 95 30 63 72 325 54 72 164 346 79 105 33 134 44 64 75 115 74 104 149 70 141 67 64 63 187 19 75 110 57 68 98 55 146 59 81 77 41 161 62 296 78 881 104 501 54 95 124 48 35 66 118 372 159 74 78 106 44 56 50 31 40 53 108 91 40 86 40 336 65 47 41 42 70 136 46 75 60 140
internal_value=-0.00015205 -0.00669627 0.0045087 -0.0121009 -0.00776956 -0.0185866 -0.00376857 -0.000778939 0.00597435 0.00434049 0.00115316 0.00767974 0.00146331 0.00189127 -0.00283329 -0.00997999 -0.013192 0.0105414 -0.0203188 -0.00672487 -0.0100962 0.0016287 -0.000987879 0.00585579 -0.000113885 0.00361407 -0.00266304 0.00253854 -0.0167232 0.00815829 0.00549524 -0.0160087 -0.00115542 -0.00309349 0.00358365 -0.00543058 0.00855496 0.00949867 0.00408742 -0.00161133 -0.00805631 -0.000674078 0.00394864 -0.0166142 0.0064287 0.00527118 0.00491677 -0.0103194 -0.00147551 0.0104396 0.00329265 -0.00182649 0.0149521 -0.00656068 -0.0103591 0.00782821 0.00404049 0.0082511 -0.0141072 0.002763 0.00172334 -0.000222153 0.00720764 -0.00755601 0.00966529 -2.94924e-05 0.010683 0.00845211 0.0173089 0.00621878 -0.000438945 0.00339499 0.00978447 0.00435941 -0.000385842 0.0039798 -0.00515748 0.00609371 0.00830444 0.0132937 0.00772873 0.0047668 0.0102571 0.0086141 0.00769906 0.0110574 0.00146929 0.00388969 0.00768713 -0.0146727 0.00174914 0.0131741 0.0163668 0.0242216 0.0115078 0.0181457 0.0199261 0.00986652 0.00921173 0.00674907 -0.00664547 0.011264 0.011302 0.0130571 0.0159106 0.0106935 0.0127531 -0.000338671 0.00595461 0.0095671 0.00093948 -0.00983343 0.0104094 0.020747 -0.0190154 0.0102566 0.00271056 0.0140783 -0.00267229 -0.00608025 -0.0164664 0.0169558 0.0127773 0.00368202 -0.0113624 0.0165761
internal_weight=4553.75 1894.24 2659.52 989.194 594.694 394.5 399.532 905.045 2259.98 1568.6 750.061 701.655 221.987 728.339 314.903 522.714 362.411 479.668 372.527 100.853 154.984 866.946 535.516 331.43 522.407 297.631 160.303 180.783 267.809 71.9794 413.436 53.8209 500.634 94.6017 38.7413 81.4669 417.864 399.101 162.614 118.078 74.3412 54.5594 47.0324 15.9376 397.498 373.32 283.995 65.2811 39.4768 23.3182 316.124 148.478 32.0602 116.418 97.3472 167.646 128.878 105.184 23.694 59.044 121.3 476.895 237.277 60.7784 691.383 65.497 625.886 451.632 89.3202 362.312 126.378 111.214 235.933 56.6267 324.371 169.15 155.221 157.264 121.133 83.4415 63.168 105.519 21.9727 222.73 93.9382 80.7454 110.113 100.767 83.647 116.242 19.2247 236.487 174.254 64.8378 109.416 63.4737 38.7683 25.4103 43.7364 100.032 24.9313 75.1009 219.304 197.68 57.1958 31.3099 37.6686 18.323 82.6655 70.5061 41.1165 35.4381 36.3985 46.7624 23.7395 203.983 69.4154 134.568 24.7672 48.6192 29.0664 142.832 103.662 53.8179 27.3905 47.1512
internal_count=26844 15148 11696 10206 5294 4912 3007 4942 8689 6591 3666 2688 966 3490 1702 4859 3657 1722 4784 476 1276 3903 2657 1246 2575 1128 1202 787 3017 435 1788 293 2518 640 261 393 1540 1456 649 523 347 227 183 122 1666 1585 1055 326 188 93 1389 687 126 561 489 702 563 451 112 398 857 2382 821 480 2098 218 1880 1410 256 1154 396 332 758 346 2109 829 1280 754 490 299 244 708 128 746 269 228 546 484 374 1015 134 807 470 149 321 172 139 104 176 664 218 446 688 610 196 188 145 81 306 266 161 163 114 152 136 669 245 424 88 177 112 423 317 181 106 208
is_linear=0
shrinkage=0.03


Tree=22
num_leaves=127
num_cat=0
split_feature=126 40 0 37 129 18 38 52 18 126 32 81 18 40 81 126 30 129 11 40 38 3 40 38 10 52 40 21 37 55 41 13 44 37 129 2 21 107 40 3 84 127 18 18 11 2 129 3 24 46 18 35 27 81 13 40 35 25 38 128 81 53 38 10 132 132 16 6 83 52 128 21 27 19 17 129 35 83 3 130 81 128 9 130 43 83 84 126 19 16 16 44 3 46 20 46 2 16 16 42 17 132 40 19 42 45 16 42 47 5 43 47 18 103 83 132 2 32 21 84 38 9 37 27 41 40
split_gain=155.208 53.2748 38.5138 37.0477 30.2938 27.2069 17.6991 17.0487 16.7739 16.3393 14.8806 13.7284 13.0244 12.9778 12.4364 12.2846 12.2261 12.1492 12.0684 13.2268 11.6122 11.5639 10.68 11.4469 10.6118 10.3533 10.2438 10.2305 9.89626 9.83624 9.44612 8.74206 9.28272 8.6967 8.69588 10.441 10.3376 9.25994 8.56543 8.55044 8.09561 8.06481 8.0147 8.28462 9.16226 9.13031 8.89907 8.78507 8.35916 7.79896 7.74141 12.7628 8.77478 7.68778 7.66846 7.62323 11.5746 7.60247 10.8666 7.95984 8.01358 7.829 7.47912 7.44376 7.38376 7.31859 7.2651 9.85167 7.2543 7.1777 7.79671 7.63556 9.80237 9.52087 7.15437 7.12299 10.7788 8.66354 7.93428 7.26353 7.02927 7.38934 8.21547 6.99551 6.99487 6.97401 10.8182 6.95472 6.94442 6.93215 13.5221 8.88889 10.6452 10.3675 8.48325 9.03781 7.8481 6.89573 7.69579 6.85216 6.77643 6.73995 6.73781 6.71867 6.57819 6.57193 6.50886 7.44876 6.47781 6.46146 6.43402 9.44581 6.95288 7.44469 6.65838 6.4115 10.805 7.42325 6.40214 6.40164 7.40768 6.39943 6.31355 6.31315 7.24223 9.42142
threshold=1.0000000180025095e-35 0.62365532927495304 0.60936290016033456 0.86751905162372023 -0.93250770804349969 -1.3129100694029534 -0.59591036556152865 -1.1363553425274506 0.46449126639377469 0.98386575663146403 -0.25466885902801512 -1.0314566362331374 0.081052888393805408 0.41815804685137098 -0.70311207723114733 -0.42600152972887578 1.0000000180025095e-35 -0.23044113292088797 0.065058750424755313 1.1639593696504256 -0.82298023907474704 1.3735507372537488 -0.18324311625089704 2.288116685005313 -0.8355376657201129 -0.75776323823183567 0.33022939084838493 0.081062873394604565 -0.85133124913371006 1.9300964885172729 1.3943398587066207 0.3883108850685475 -1.0381801868785761 -1.2869302979557984 1.3309124349208659 -1.0754089916571583 -0.10242646569862644 1.0000000180025095e-35 -0.010990980218156048 0.28361836640590227 0.78023311020982755 -0.87565529936364983 0.45096381419676485 0.39407545394873439 0.32798708933281223 1.0000000180025095e-35 -0.7128312378352798 -1.3347660630348392 -0.42243224834802934 -0.66495956352073848 0.901544436765646 0.43968654318748207 -0.10767774596196412 1.9002092414786353 -0.91561359756463367 -0.14763447996911425 0.5721254181936094 0.30601022248584586 -0.016681361843047596 0.42770351856420985 0.40157092162329738 -0.39032367683325286 1.22934219185201 -0.38178471379748241 -1.470376336234785 -0.46145231021782157 -0.034907839420476587 -0.67582836460748041 -0.58929047474378982 -2.7641846081901327 -1.3095416720083952 -0.07406192985357489 -0.10767774596196412 -0.5586424976059049 -0.42283132150420172 -0.63545888169093312 -0.36231904979196822 -1.0281520610437795 1.0000000180025095e-35 -0.33859959501908204 0.26633256465249611 -0.16739706999984985 1.0000000180025095e-35 1.7880281613266058 0.60223321868411961 0.83398296686858286 0.11781767645088047 0.46064655260652365 -0.86330544756994143 -1.1620454627527157 -0.85771830445301134 -0.045009197702088645 -1.0044835264142797 -0.46579588816005396 -0.13852192994213328 0.21262468688307387 0.1750235033266388 1.1091368482617465 1.982668506344232 -0.89591773984214862 -0.27920052641537912 0.9735010112243625 2.4377907054828705 -0.69574082508972135 -0.57706964932584015 0.11583984273357252 0.032720417979457704 -0.37465753523115181 -0.2435828787545655 -1.3462577716972179 -0.095908729231233295 -0.26638160617188805 -0.2784368547239911 1.0000000180025095e-35 0.20774230785450917 0.86068057137289877 -0.76280086791120894 0.62788386000544671 -0.33756317075884901 0.24468524852237319 0.69420715208765538 0.62704097211895682 -1.464996125345909 1.3979070896737886 -0.11546709000689553 1.6268286108766856
decision_type=2 2 2 2 2 2 2 2 2 2 2 2 2 2 2 2 2 2 2 2 2 2 2 2 2 2 2 2 2 2 2 2 2 2 2 2 2 2 2 2 2 2 2 2 2 2 2 2 2 2 2 2 2 2 2 2 2 2 2 2 2 2 2 2 2 2 2 2 2 2 2 2 2 2 2 2 2 2 2 2 2 2 2 2 2 2 2 2 2 2 2 2 2 2 2 2 2 2 2 2 2 2 2 2 2 2 2 2 2 2 2 2 2 2 2 2 2 2 2 2 2 2 2 2 2 2
left_child=2 3 5 4 8 16 17 21 -2 13 11 -8 89 14 88 24 68 55 19 106 118 54 23 65 41 103 64 29 -10 75 31 -22 -33 63 35 39 37 -37 -24 -27 -30 -13 43 44 46 48 -35 -47 -46 84 -38 52 -52 97 -6 56 -7 66 61 -60 -61 -59 69 119 99 104 123 -68 -1 -43 -71 72 73 -72 -49 76 -12 -77 -78 -79 81 -32 -83 -76 108 86 -36 109 -9 -3 -91 93 -93 -92 95 -95 -94 -40 -99 -11 -56 105 115 -14 -4 -65 107 -17 -44 -34 111 -48 113 -113 -114 117 -117 -69 -16 120 -26 -19 -90 124 -29 -126
right_child=1 12 22 -5 7 6 10 9 28 26 27 15 25 -15 20 18 -18 121 -20 -21 30 -23 38 -25 33 34 -28 57 40 -31 80 32 87 42 85 36 50 -39 53 -41 -42 62 49 -45 45 47 110 74 -50 -51 51 -53 -54 -55 100 -57 -58 58 59 60 -62 -63 -64 101 -66 -67 67 102 -70 70 71 -73 -74 -75 83 77 78 79 -80 -81 -82 82 -84 -85 -86 -87 -88 -89 122 90 91 92 96 94 -96 -97 -98 98 -100 -101 -102 -103 -104 -105 -106 -107 -108 -109 -110 -111 -112 112 114 -115 -116 116 -118 -119 -120 -121 -122 -123 -124 -125 125 -127
leaf_value=-0.018434756779279606 -0.023200124022467683 0.0052516310473137151 -0.013090766305408362 -0.020933140887287566 -0.009288983067385485 -0.009999238089504368 -0.0095554185377590643 0.0036345898808325347 0.011412366830897126 0.014246210661157442 -0.032077224898809431 -0.0061048991760559194 -0.005722348147777178 -0.018634356890686959 0.0006102051021544797 -0.011103938998953407 -0.024829458275524022 -0.0073370241835522257 -0.015245196710390362 0.01796121699728942 0.0025535155171853303 -0.028567662992789924 0.015123354463346681 0.020097028245306871 -0.0012495333971056901 -0.0028341808959632345 0.0019651647102065582 0.024786639271938561 -0.019211413526450605 -0.014349930594739144 0.017024400594228755 0.023799633995226346 0.0076103978683226088 -0.013852495595742293 0.022641705144794789 0.012889131323769579 -0.016034128123708892 -0.015640680833763465 -0.010381421963774919 0.021424593163529342 0.020420494519803149 -0.01225966709887622 0.0011656274887365369 -0.02633570847070911 0.0091724839683713609 0.02668560168074657 -0.022677738421666153 -0.028386776737122262 -0.026766061337957937 0.010961245670877039 -0.024150502200418787 0.016348468144554724 0.0031570550557237765 0.010569639464393779 -0.0067003160202892577 0.0060255242652021788 0.011373667284506865 0.010112969259715859 0.018499986562219826 -0.022031175593471748 0.012337178226341703 -0.020756840191348193 0.02448752910725778 0.025885793514886506 -0.01910510974016694 -0.021155387900335387 -0.0073270174446238576 0.02512834241085456 0.0095452794638228242 -0.010034272110749053 -0.025667822863151696 0.017999462015658784 0.016724434311281233 0.011110593025463878 -0.01078491979481094 0.021487152858938954 -0.016230163450124995 -0.005498688103050195 0.018040653440206129 0.0091510301435243236 0.029298889659932485 0.015498138130124187 -0.022177704253141327 0.017218234462971927 0.014211873281862818 0.02917556153873577 -0.013172600423278899 0.001139567466145261 0.014767459400231815 -0.030725598342203543 -0.011999397427726696 0.0061662921684385343 -0.0076265115354805148 0.016013307307982148 0.023956631112105369 -0.028166734454705977 -0.026962070764929125 0.017016987882766309 -0.015674865044036472 -0.027341154245027359 0.017746418264390433 -0.0019298925084726736 -0.0071602124155066517 0.020358674560646488 0.0084999795112906222 0.0026141368040207536 -0.015468696592858676 0.010556913270238449 -0.032301404775019409 -0.022454044580703564 0.011540672032128101 0.0096581890924578202 0.0017520237792435158 -0.028970127291201648 0.032246135771546731 -0.018113496489159046 0.013059998724992729 0.011839873376959921 -0.028181972152571066 -0.011433165411788406 0.026879123020166651 -0.0336950704260916 -0.016597886092587687 0.030342504443383506 0.0049999886514184647 0.024158832070194394
leaf_weight=11.592894922941921 150.43572210334241 50.661092171445489 38.222472662106156 234.37493196688592 14.779567031189798 78.175399295985699 52.849943604320288 22.530792638659477 21.976545684039593 11.489601159468291 8.8049725145101529 18.851053312420845 10.130659487098454 48.803928840905428 10.48636804148555 22.097276259213686 34.549351133406162 35.275861082598567 41.723047278821468 37.089419383555651 214.65382891334593 6.6796072944998732 25.548682674765587 8.4264789894223195 19.837558671832085 21.571063000708818 29.528639264404774 57.680542912334204 31.120992325246334 18.87928307056427 23.370645247399807 6.1594707965850821 6.8529022671282283 19.57586707547307 14.043817643076183 46.058984141796827 60.793545320630074 12.095654312521217 95.599420638754964 30.686079051345587 4.5109083876013747 10.247795149683951 9.7684439457952994 9.4809045605361444 6.7192884236574164 8.6543470658361894 12.861650362610815 8.2229335829615575 26.305191714316607 143.22860339656472 21.016099032014608 22.979673098772764 19.683651588857174 27.959003783762455 11.460072631016372 192.31665202975273 30.994100417941809 10.809111505746843 48.669975288212299 9.8523214720189589 12.921396113932131 19.019195642322302 48.254358109086752 54.040067188441753 148.94845617190003 64.822626417502761 22.796029351651669 64.067269533872604 23.687186498194933 12.051405318081377 13.367213301360609 126.71467705816031 24.947861105203629 10.410144709050654 16.999768137931827 42.195427920669317 8.8087860122323054 35.944241497665644 14.965009480714796 173.14756445214152 15.402117785066364 7.6810132265090969 12.062981575727461 13.46355940774083 9.3771297633647901 16.300367798656225 14.30143206566572 24.086145540699363 5.3197020441293708 18.678571261465549 20.696577278897166 28.754107750952244 54.300804268568754 8.1849446594715101 25.121969785541296 6.6147451177239409 29.598134737461805 18.801389619708065 8.6383672803640348 3.9807379189878693 61.27870318852365 13.129496786743401 13.242963314056395 49.328982431441545 17.78551415540278 14.293642349541186 26.062661934643984 36.339088711887598 9.6009854413568991 43.538777267560363 101.89799349755049 8.3927293196320552 15.082397140562536 7.6715048477053633 10.723237250000237 12.858362313359974 34.912587080150843 103.1691559702158 18.290781286545098 17.634664833545685 13.305324420332907 10.418052546679972 88.589755401015282 36.838042858988047 72.178134255111217 33.897896580398083
leaf_count=93 1973 228 402 3319 114 559 337 171 128 94 57 82 50 298 88 146 215 174 223 114 1353 51 132 38 64 105 191 161 318 68 97 26 40 129 45 208 348 61 603 98 31 34 47 53 26 26 82 52 148 503 105 76 82 107 96 814 161 37 151 41 39 77 128 130 1722 725 87 174 122 47 63 385 78 36 96 133 51 156 54 568 45 32 82 45 35 54 77 188 23 136 125 165 327 37 83 47 215 79 67 56 274 45 38 166 139 50 195 202 53 366 398 44 82 51 28 40 109 329 186 69 34 103 892 91 233 83
internal_value=-0.000110908 -0.00674191 0.00457878 -0.0101644 -0.00772632 0.00589641 0.00647018 -0.00515964 -0.0179515 -0.00668877 0.00760396 0.00519931 0.000780349 -0.00401805 -0.00254819 0.00599211 -0.0124125 0.000230173 -0.00150993 0.00326477 6.51548e-05 0.00679398 -0.00541128 -0.011929 0.00746283 0.00457715 -0.0141579 0.0105453 -0.00403248 0.0060632 0.00158293 -0.000602976 -0.00897055 0.00513407 0.00212186 -0.000193144 -0.00359668 0.00674038 -0.000582202 0.0114894 -0.0136917 0.0124277 0.00307506 -0.00018159 0.000871716 -0.00745177 0.00470551 0.000987443 -0.019311 0.00810249 -0.00846537 -0.00105705 -0.0111128 -0.00334131 0.009819 0.00243658 -0.00385591 0.0129787 0.00543106 0.0117547 -0.00270629 -0.00950782 0.013879 0.0118574 -0.017066 -0.0143337 0.0146487 0.011137 1.37579e-05 0.0111649 0.0125194 0.0141337 0.00386045 -0.00964597 -0.00521335 0.00747698 -0.00553014 0.00919044 0.00507879 0.00660418 0.0124888 0.00588757 -0.00733549 0.00164989 -0.00592997 0.0141044 0.00463646 -0.0119999 -0.0110878 -0.00450945 -0.0071151 -0.00439098 -0.00935539 0.00478831 0.0136454 -0.0040761 -0.0147203 -0.0065863 0.00643043 0.00235274 0.0138155 0.0174316 0.0130181 0.0158443 -0.0061531 0.0211691 -0.00328553 0.00226654 -0.0160473 -0.0182386 0.00711713 -0.00112401 0.00580146 -0.0092297 0.0152657 0.0143022 0.00440826 0.0170675 -0.0179212 0.00269275 0.0104115 -0.0140037 -0.0146526 0.0189518 0.0162025 0.0113189
internal_weight=4489.74 1859.99 2629.74 1278.39 1044.02 2323.94 2254.11 835.975 208.044 741.777 1906.93 1051.27 581.601 547.829 499.025 998.423 69.8294 347.18 163.311 121.588 382.585 94.198 305.804 129.257 835.112 338.99 193.947 855.658 57.6084 302.745 353.808 295.291 80.6373 570.267 279.53 234.885 182.628 58.1546 176.547 52.2571 35.6319 264.845 438.027 266.051 256.57 80.3651 176.205 47.3406 33.0245 171.975 124.473 63.6794 40.6998 150.998 87.5183 301.486 109.169 552.913 101.272 71.4437 22.7737 29.8283 245.993 132.241 164.419 120.831 451.641 251.046 35.2801 197.739 187.491 175.44 48.7252 23.7774 38.6863 283.866 32.5788 251.287 23.7738 209.092 58.5168 43.1146 19.744 30.4633 28.7466 44.6456 28.3452 74.4778 116.44 242.611 191.95 173.271 112.653 60.6182 39.9217 14.7997 83.8989 123.039 27.4398 15.4703 72.7388 81.4632 228.25 59.4596 56.008 68.3337 84.499 58.4364 19.3694 50.3917 156.63 54.7315 41.8699 16.0642 25.8056 215.007 47.7709 167.236 28.7771 50.7775 33.1429 45.6939 93.9095 200.595 163.757 106.076
internal_count=26762 15092 11670 12254 8935 9378 8948 6485 2450 5950 7137 4360 2838 3887 3589 4023 430 1811 880 657 2503 535 2292 1304 3143 1475 2063 2777 477 1087 2229 1973 620 2290 1259 1083 880 269 988 203 349 853 1898 1260 1207 393 814 219 174 638 611 263 187 856 484 1534 720 1690 345 231 80 114 771 392 1872 1266 1345 777 215 643 609 562 177 99 193 1019 162 857 105 724 256 211 114 141 135 176 122 594 1086 1363 1135 999 707 292 167 84 542 749 146 150 370 225 690 216 541 180 543 348 100 406 685 287 205 95 110 652 149 503 274 167 98 277 915 568 477 316
is_linear=0
shrinkage=0.03


Tree=23
num_leaves=127
num_cat=0
split_feature=126 15 37 18 39 38 4 38 126 18 41 35 46 37 46 12 18 126 37 11 135 36 126 36 41 113 7 83 15 81 34 46 29 41 19 13 52 137 7 35 13 36 14 58 17 15 52 129 37 55 35 21 28 49 12 83 132 37 129 19 129 52 129 16 37 19 36 52 3 132 52 18 22 39 82 34 126 16 13 33 18 5 12 52 13 18 17 34 20 3 131 128 14 41 37 84 38 17 21 21 20 19 81 15 12 13 81 15 34 82 81 20 37 13 7 15 21 52 33 35 41 35 127 81 132 5
split_gain=150.437 84.0903 38.7728 25.1974 24.5209 21.4612 19.0317 19.4224 16.8496 16.7857 16.2964 15.7544 15.4358 13.0387 12.3686 14.9335 12.728 14.6054 11.2454 11.0812 11.0761 11.0685 11.9577 10.5328 10.2819 9.97456 9.73848 9.498 9.38726 9.16722 9.1229 8.97023 9.97138 8.83636 8.76167 9.03135 8.51016 8.49487 8.31896 8.31634 8.12267 7.93392 10.8575 9.90554 9.21461 10.2539 10.5997 9.6476 9.24413 8.5936 7.87565 11.3433 7.87483 8.06427 7.81773 8.22138 7.81522 7.97557 7.69445 9.98339 7.58792 8.515 7.57422 7.56008 7.53567 7.3511 8.60616 7.2655 7.25916 7.23148 7.17578 6.92111 6.90751 10.4176 6.90528 7.41396 7.15284 6.8514 6.84491 6.78765 6.78259 6.71516 7.90605 8.03961 6.95429 6.69882 9.51418 9.3653 8.17315 8.57579 6.61132 10.5286 7.5268 6.59297 6.57088 7.52493 6.56244 6.40656 8.78433 6.40447 6.34954 6.28199 6.27014 6.256 7.10147 7.07009 11.0141 7.28432 6.20335 9.90209 7.47666 6.87857 6.75421 6.30446 7.86249 6.88216 6.18113 8.57284 6.125 6.12376 6.94247 6.10749 6.07707 7.8402 6.45731 6.05665
threshold=-0.42600152972887578 0.25985322049328519 0.18078832144524856 0.088642534571358553 -0.45598034653535213 0.065214478590303507 -0.84552158799009758 -0.72602011362093422 0.66300659318759803 -1.3129100694029534 -0.87059662592852283 0.62557490452809006 -0.71998633645220311 -0.98340900126811026 -1.4001841110857307 1.2676182901079329 1.5723125602429227 1.3966073168797095 -0.55466348960412992 2.5206166551409841 1.0000000180025095e-35 -1.0941905697256711 -0.65647462894876696 -0.055921804171719942 2.4340795747476918 1.0000000180025095e-35 -1.950275037408628 -1.1948244631577469 -0.24452163878389976 1.6835199799156195 0.53951954987219708 1.0040279648047683 -0.13989523092939862 0.23311199773761168 0.12684913981317744 1.3550135187448717 -0.31028970852442678 1.0000000180025095e-35 -1.4152595395966592 -1.2559523336305283 -0.25241062794948121 0.61652219111147788 0.87892390191908609 1.0000000180025095e-35 1.9202975515584333 0.54854853975427986 0.28889883384459364 0.67501525704826237 -1.0672386927342337 1.2298092528613442 0.53052434015987548 0.31933414139746102 1.0000000180025095e-35 0.17038054993727972 0.27782226767572216 -0.40131897318791343 1.0905465080338264 -0.71934547314982122 -0.29980624161828628 -0.60434194010051034 -0.94721392279400651 -0.88663106431992955 1.3309124349208659 -0.95916069055291298 1.2401012978954127 -0.29967899013647376 0.65308174458623924 -0.97528387840916231 1.5056637519019727 -1.470376336234785 -0.012190142550805598 1.6304353753371743 -0.28824851880246866 0.85580323269154845 -0.71121409156177529 1.2855402651315522 -0.26238040319936934 -0.8351755519863665 1.6247909979103576 0.45331009835172259 1.1763507425441773 -1.3462577716972179 0.27782226767572216 -1.6804901161800787 0.55692180954697623 -0.31852949901497513 -0.17784178675966791 0.29084597811907847 -0.38338518741182631 -0.77328575077988815 0.97200098946635471 1.2573659618785724 2.7657861510780073 -0.28902835264390553 -1.590451594643487 1.0000000180025095e-35 -0.094836590518962788 0.64333912276394611 1.1030695274026507 0.081062873394604565 0.59120701523621111 -0.54340935010770297 0.88580091687135776 0.40386473909458881 -0.18778064629063809 -0.49970665051784319 0.9324369780070717 1.9601194658347618 1.0000000180025095e-35 -0.1413949256749977 0.35172991354185434 -0.17999287664498745 -0.82673419859694153 -0.58963247690633847 -0.91845943448554557 0.64560506851529675 -0.22506866539794013 -1.1490862006222866 1.0000000180025095e-35 0.5721254181936094 1.8522424294512274 -0.011079568165380348 -0.87565529936364983 2.8759320637565291 0.24716641255657518 1.4669975658858576
decision_type=2 2 2 2 2 2 2 2 2 2 2 2 2 2 2 2 2 2 2 2 2 2 2 2 2 2 2 2 2 2 2 2 2 2 2 2 2 2 2 2 2 2 2 2 2 2 2 2 2 2 2 2 2 2 2 2 2 2 2 2 2 2 2 2 2 2 2 2 2 2 2 2 2 2 2 2 2 2 2 2 2 2 2 2 2 2 2 2 2 2 2 2 2 2 2 2 2 2 2 2 2 2 2 2 2 2 2 2 2 2 2 2 2 2 2 2 2 2 2 2 2 2 2 2 2 2
left_child=4 2 5 12 13 8 34 18 10 -9 69 65 37 27 -5 16 17 40 19 30 28 22 26 81 36 33 -11 -1 -15 39 -8 32 102 116 56 -36 58 -3 -14 -23 74 43 85 44 45 48 47 -47 -41 -49 77 -52 53 103 -48 -56 57 63 -10 -60 -42 -62 -34 -6 -54 71 -67 -44 80 -2 -55 -7 73 -65 -16 76 99 -50 -38 -18 93 -12 83 -83 -84 86 87 -43 89 -87 91 100 -92 -63 -25 -96 -79 -30 -99 -76 -78 -74 -28 104 -40 106 107 -105 113 111 112 -110 -111 115 -115 -45 -4 -118 -108 120 -85 -91 -31 -124 -125 -95
right_child=1 3 25 14 6 11 7 9 24 21 23 -13 38 20 15 -17 79 -19 -20 -21 -22 29 -24 94 -26 -27 31 -29 97 122 -32 -33 62 -35 35 -37 78 -39 52 41 60 42 67 108 -46 46 54 49 50 -51 51 -53 64 70 55 -57 -58 -59 59 -61 61 68 -64 72 -66 66 -68 -69 -70 -71 -72 -73 101 -75 75 -77 90 96 -80 -81 -82 82 84 119 -86 88 -88 -89 -90 121 92 -93 -94 125 95 -97 -98 98 -100 -101 -102 -103 -104 105 -106 -107 118 -109 109 110 -112 -113 -114 114 -116 -117 117 -119 -120 -121 -122 -123 123 124 -126 -127
leaf_value=-0.019047390314926256 0.0097268658433200868 -0.025724991456595136 -0.025057968454097961 -0.012233995255229519 -0.01775857418376247 0.014417899742593169 -0.0024950165041847292 -0.0097604966386360941 -0.017292970047892077 0.02591742580509257 0.0091038809630669491 -0.014251658273617978 -0.023440629954617244 -0.011265848645471055 0.020582955346055618 0.02226378767968025 0.019698764441802196 -0.017390420330954105 -0.015913703178822469 -0.019074715386386738 -0.026607018740808969 -0.0070515582217457237 -0.022693273265152591 0.020999300131330341 0.029940301400627423 0.01423779678845697 -0.026695307575057357 0.010471852217941916 0.0036137158802047611 -0.00088395749059611624 0.015282945815391148 0.023697989482028062 0.010954446719131979 -0.011758865404021327 0.012001503810529692 -0.011822473548465572 -0.023392651080151164 0.0016921821734126818 -0.0050553841647383172 0.016948975372789457 -0.0075568471071169006 -0.0055445810016222256 0.016886178149632891 0.02121401305440955 -0.013171078400255951 0.028927557523221393 0.023834760108776522 0.0016266900898160889 0.021145542893112327 0.026691344387837709 0.0040344610863640665 -0.033817061979379844 -0.0047999591547245053 0.031234157793810016 0.015284079011893542 -0.020288277961671944 -0.023571129509273175 -0.014748404806876789 -0.019253725099417401 0.016541458198979411 0.02430832503483878 -0.018621812656100703 -0.013051035189372652 0.019303584540137322 -0.030213341802817019 -0.0091198926012986264 0.013729082241772972 -0.012242607034618949 0.030573195705401693 -0.02426558230138116 -0.0018124810832111614 -0.014278318424204644 0.026416795945357629 -0.015484797696455679 -0.0090184929782310599 0.013221204851942973 -0.001998805104499663 -0.022006793650944954 0.0010792492322794192 0.0025119649722307098 -0.018063521763728708 0.016135269421551919 0.015648900300411384 -0.020708059182258747 -0.016249599572099774 -0.018041865531414136 -0.016624413924048797 0.020078239300283608 0.019436887227995754 -0.0046340049619058056 -0.02127543993537755 0.024332240323628913 0.0065563934106992947 0.0056824372356334366 0.0041880149276479041 -0.0085994019559747937 0.0056109142036919989 -0.018785972858078238 0.014914129829577943 0.022906303584036728 -0.030491728518413433 -0.00053452597986888254 0.0014125696805073788 -0.011719308352319343 0.024249257589544698 -0.0073983843998918176 -0.0012374383787337384 0.014574746692915769 0.022582716092825313 -0.0049069213694106608 0.00176633873220222 -0.0033352372482006298 -0.034552569501626475 0.022462133894478858 -0.0021545926684783823 -0.0023719118975813569 0.0048780965561052271 -0.018691490594695281 0.025500062302533787 -0.0011394090143833835 0.0057675803257347582 0.020227736305413965 0.025640593564818057 0.00549001973293093 0.020682283980142414 0.023171413922494437
leaf_weight=9.8647790104150754 5.6480672359466544 41.205897567793727 165.59015981294215 33.617884427309036 12.663162380456923 83.859122635796666 49.817956004291773 38.566230341792107 33.709427937865257 16.299433868378401 16.209163011983037 40.653750108554959 14.869713818654416 80.586800646968186 11.222770195454357 47.037593007087708 67.063334880396724 30.041945014148951 36.697430524975061 16.662373676896095 17.870530791580677 24.799412254244089 14.774492993950842 13.162760972976683 3.3184009194374076 7.9362142793834201 17.838706318289038 101.61349339410663 151.57356123626232 15.470167852938173 52.201590310782194 13.205461643636225 45.931907318532474 140.8890269966796 61.361732997000217 17.600428484380245 126.36322062462568 12.97966096550226 11.622984226793053 67.832360200583935 24.996716849505901 18.359372887760401 10.440846234560011 39.410842265933752 12.890260510146616 71.154369346797466 9.5723870322108251 32.112787947058678 23.735420342534781 19.399371787905693 18.312791801989082 10.364375803619621 117.50078687444329 14.044705279171469 8.3647508323192596 14.608937114477158 18.530003536492586 34.063580857589841 9.9827348720282334 18.346702547743917 29.695253279060125 7.6266557462513438 14.799281008541582 11.052583649754522 10.696731045842169 42.239935072138906 21.558585215359926 22.512944206595421 10.042261667549608 50.747067030519247 9.3006278276443464 7.4068978354334822 19.836829453706745 20.628971882164478 8.7565685324370879 21.085788840427995 35.688420694321394 7.3463243134319773 10.843115886673329 30.782234448939562 9.5025013685226423 6.9040727764368048 16.623505566269163 95.549001419916749 8.4339172542095167 9.8227276243269426 12.084491349756716 38.012963071465492 239.17552715912461 12.563546203076838 44.18650259077549 10.544253122061489 10.156972162425516 119.36300902813673 119.18769005686045 62.176594462245703 104.05854741856456 26.631813824176788 8.3765547722578031 12.659342050552366 7.9092875793576232 12.019638121128084 11.03499650210142 35.143859948962927 17.720789093524218 97.362467028200626 10.813194163143633 11.83996796607971 15.875996574759482 13.050670795142652 20.222357325255871 19.454333987087011 15.450808323919771 12.854684349149464 72.811363827437162 14.809118203818796 15.120920170098541 116.20211102999747 23.522415280342102 23.302449159324169 9.2088963277637941 25.830065436661243 78.804024383425713 54.954184509813786 48.291122656315565 20.462771862745285
leaf_count=38 37 325 2516 211 52 408 214 208 341 47 103 293 127 740 42 142 214 234 297 72 152 134 85 46 12 52 102 333 838 45 182 39 178 1576 224 70 1656 66 91 192 154 86 28 120 52 179 32 107 95 47 89 60 690 42 26 75 114 237 88 112 85 58 63 37 122 287 110 86 28 544 63 35 55 87 41 83 203 51 97 122 49 34 83 919 65 43 49 118 733 51 237 46 34 542 750 457 442 169 32 41 56 46 38 240 72 539 46 38 49 43 69 83 91 44 300 52 134 1571 70 185 54 75 197 152 122 84
internal_value=0.000108283 -0.00524745 -0.0103944 0.00116116 0.00577494 -0.00652533 0.0072847 0.00841847 -0.00921958 0.00952947 -0.00580631 0.00213088 -0.00436976 -0.000959745 0.00516838 0.00624062 0.00472156 0.00239685 -0.00162122 0.00286911 -0.00436696 0.0100819 0.00184628 -0.0034834 -0.0163386 -0.0175218 0.00507876 0.00768689 -0.0027745 0.0109702 0.00663258 0.00152829 -0.00193134 -0.0181355 -0.00122804 0.00657225 -0.0172701 -0.0191914 -0.00217149 0.00981692 0.00399425 0.0102396 0.0136239 0.00810661 0.0109349 0.0117777 0.0177517 0.021765 0.00770294 0.0114517 0.0037766 -0.0102231 -0.00122103 0.00207397 0.00233838 -0.00711392 -0.00604719 -0.00288995 -0.00779939 0.00359925 0.00771576 0.00970027 0.00493942 0.00249455 -0.0071611 0.00650897 -0.00125983 -0.00269977 0.00695559 -0.0206988 0.0184117 0.011927 0.00679012 -0.00303725 -0.00108959 -0.00284506 -0.00555695 0.00682269 -0.0214432 0.0144023 0.00524151 -0.00877644 -0.0106515 -0.0135154 0.00458568 0.0151473 0.00651412 0.0117299 0.0171637 0.00566064 -0.00869804 -0.00116236 -0.0159949 0.00687516 0.00131683 -0.000202524 0.00358346 0.00091752 -0.0104489 0.00989902 -0.00780293 0.0164498 -0.0161649 0.000146829 0.0127588 -0.00196714 0.00451003 -0.00486501 0.0030184 -0.00337422 -0.0120642 0.00852967 -0.0217061 0.00687755 0.00172123 0.0147914 -0.0211016 -0.0159386 0.0171981 -0.0152499 -0.0183198 0.012105 0.0169319 0.0184588 0.0127549 0.00840953
internal_weight=4459.16 2292.24 1271.17 1021.07 2166.92 825.435 1770.4 1562.64 629.717 1407.26 427.153 195.718 428.624 396.518 592.442 558.824 511.787 413.941 155.379 118.682 285.039 1368.7 133.884 370.758 202.564 445.738 119.11 111.478 267.169 1234.81 102.02 102.81 89.6049 437.802 207.757 78.9622 199.245 54.1856 374.438 1037.29 383.899 1012.5 388.802 623.693 399.753 386.862 155.213 122.667 231.65 51.5122 163.817 28.6772 359.569 231.371 32.5461 22.9737 128.795 110.265 62.0389 28.3294 221.689 196.692 60.7312 76.2012 128.198 155.065 63.7985 32.9538 166.997 56.3951 23.3453 91.266 63.538 31.6816 162.21 150.987 129.901 135.14 137.206 97.8456 156.955 176.231 160.022 134.964 25.0574 355.849 68.4568 56.3723 287.392 48.2163 108.485 54.142 54.3435 147.452 194.527 181.364 111.405 186.582 35.0084 21.4159 43.5977 31.8565 28.8737 208.026 29.3438 178.682 81.3194 46.9838 223.94 84.0542 48.7238 35.3303 28.5015 139.886 85.666 54.22 296.913 131.323 34.3356 128.06 104.758 38.3936 197.519 182.049 103.245 139.826
internal_count=26768 17802 12565 5237 8966 6716 6664 5742 5583 4977 3277 1133 2531 2302 2706 2495 2353 2017 765 468 1931 4769 552 2696 2306 5849 467 371 1779 4217 396 420 381 5797 922 294 2294 391 2140 3701 1783 3567 1269 2298 1447 1395 466 333 929 154 737 149 2013 1201 133 101 628 514 541 200 1000 846 241 277 812 840 397 114 761 581 105 443 225 124 783 741 658 588 1753 336 733 1443 1340 1192 148 1155 253 204 902 169 576 305 271 684 1253 1207 493 1039 201 82 259 101 140 1096 163 933 394 278 851 335 203 132 134 516 344 172 4221 1705 116 1158 973 126 516 471 274 626
is_linear=0
shrinkage=0.03


Tree=24
num_leaves=127
num_cat=0
split_feature=126 15 32 40 37 37 18 0 36 33 83 82 27 32 129 84 82 129 128 18 15 12 52 133 12 3 36 14 50 15 130 78 126 82 82 36 38 58 43 38 37 3 37 18 8 35 15 52 131 11 36 19 47 28 25 18 53 14 126 15 19 18 90 37 52 127 52 84 14 129 25 18 35 52 32 128 43 40 19 37 30 7 84 132 18 132 37 40 15 34 18 83 43 34 7 83 132 40 43 129 61 38 8 25 129 129 32 47 8 4 17 46 3 83 8 34 18 18 19 129 52 8 126 24 127 38
split_gain=128.292 59.249 36.0625 30.9833 23.7006 19.2578 18.3753 15.6795 14.548 14.5136 13.7598 13.6508 12.1972 12.1441 11.9812 11.9311 13.1571 11.427 13.3788 9.968 10.2311 9.40077 9.51948 9.15044 8.55616 8.74268 10.0446 8.22128 8.7241 8.19302 8.1596 9.34192 8.07773 7.99073 7.88107 7.77861 7.51867 7.36179 7.28675 9.02964 11.4911 11.036 11.8307 17.3758 10.6042 10.2018 8.95658 8.47973 8.04309 10.5088 7.47056 7.90125 7.2468 7.21927 7.09965 7.23913 9.60706 7.08582 6.95217 7.7457 8.11369 8.02966 7.36463 6.94328 6.93953 6.79722 7.08503 7.85323 9.38616 6.7812 10.0406 6.73691 8.23734 8.67408 7.98333 8.46901 6.58391 6.82339 6.54306 6.52201 8.67403 6.47963 6.46962 9.47047 8.7808 8.30894 11.196 8.04335 11.8421 6.46175 8.36619 6.45245 7.3048 9.87945 6.43163 6.2733 9.09451 8.94241 8.57572 6.17802 6.36855 6.17766 6.37158 6.14645 9.09375 6.24024 6.14096 6.08597 6.08183 6.03772 6.02568 8.27992 6.84395 5.96168 7.74974 6.28458 5.9542 5.83813 6.21053 7.79567 6.85633 6.69594 5.83035 7.94949 5.81993 5.8031
threshold=-0.16622682921927603 0.13883706686648548 -0.25466885902801512 -0.15771873690065921 -0.85133124913371006 0.18078832144524856 1.7373066470302512 0.60936290016033456 -0.69139296289354835 1.073308880543977 -0.10022491970592963 0.10721645549546062 0.6451146718559122 -0.25466885902801512 0.71283123783527991 0.045538837786405606 -0.2825939095616759 1.4653692554969286 0.73600493125440092 -0.89865140138792821 0.15462061131509011 1.2676182901079329 1.8151017653046833 1.1884838087765126 1.6026957848012973 0.21756185908179038 1.5621526064910511 -0.61959981861762814 1.0000000180025095e-35 1.5043156235045083 1.0439598210448995 1.0000000180025095e-35 -0.88295119431466451 -0.36191860727211539 -0.42783661199171236 -0.2814643111790231 0.10461139675981616 1.0000000180025095e-35 -0.85132080613490457 -0.22358064767373342 -0.85133124913371006 0.64692915668851791 -1.0000000180025095e-35 0.048925966346992304 0.28781713247412571 -0.011079568165380348 1.1152082920439936 -1.4938091131689297 1.1763977920455189 0.85888560587373342 -0.66780283915883132 0.21824802480238845 0.67495094685386725 1.0000000180025095e-35 0.63413362110563232 0.23726047144850393 -0.39032367683325286 0.14090176471205948 1.2505538924809108 1.3440750005570892 -0.51294305511129934 1.4515042426595006 1.0000000180025095e-35 -1.1944942666918206 1.0000000180025095e-35 -0.80265853875490711 -0.53852076932910808 0.20032697798327412 1.5992811254907535 -0.66674301125110214 1.2903804183452052 -0.36551480416044596 -0.56084571332003963 -1.4378871877008341 1.0000000180025095e-35 -0.98354250136551502 1.1704834794138634 0.65997127264582001 -0.055948630165244491 -1.0426416421974649 1.0000000180025095e-35 -0.23058236587015743 -0.12298530408234053 1.3618893138279511 0.67163672835329968 0.9591456053438987 -0.65387159343576295 0.20070880543477118 0.029149933423033802 1.0368666933784341 0.0091791891558004515 2.1485131416877463 -0.050481619450407599 -0.20650116538715826 -0.11593618776759278 0.10973552052368171 1.1081645061598502 0.41815804685137098 0.075241763540280768 -0.7128312378352798 1.0000000180025095e-35 2.288116685005313 1.4584941818022721 -0.35023657475372694 0.32848336038177478 -0.7734132030152896 1.0000000180025095e-35 -0.61037872929398251 -0.29752139218994728 0.10237940166683542 1.4996046959518872 0.19847885517877914 -0.50905972148344047 0.15892207011567783 -0.44385602335596552 0.53951954987219708 -0.31092092755353445 -0.99571175284754887 -0.74144026758432691 1.1210146425727237 -0.66598974503126862 -1.0000000180025095e-35 -0.91107845864253589 -1.0000000180025095e-35 1.0222604764636605 1.9972898968882056
decision_type=2 2 2 2 2 2 2 2 2 2 2 2 2 2 2 2 2 2 2 2 2 2 2 2 2 2 2 2 2 2 2 2 2 2 2 2 2 2 2 2 2 2 2 2 2 2 2 2 2 2 2 2 2 2 2 2 2 2 2 2 2 2 2 2 2 2 2 2 2 2 2 2 2 2 2 2 2 2 2 2 2 2 2 2 2 2 2 2 2 2 2 2 2 2 2 2 2 2 2 2 2 2 2 2 2 2 2 2 2 2 2 2 2 2 2 2 2 2 2 2 2 2 2 2 2 2
left_child=3 2 4 5 15 9 10 21 -4 12 76 30 19 29 -7 35 -17 18 33 -1 34 22 23 58 25 65 117 125 95 38 31 -10 -26 53 99 -2 -23 94 69 40 89 44 48 -44 47 46 122 -41 49 -43 -42 -52 64 -14 55 56 -49 -45 62 60 -60 106 -3 -37 -13 66 -15 68 -68 -5 -71 -36 107 -74 75 -75 77 -6 -22 80 -57 -25 84 87 85 86 -67 88 -84 -40 -91 92 93 -31 -16 96 -29 -97 -99 100 -21 102 -9 104 105 -89 -62 -73 -101 -51 111 112 -94 -18 -115 -116 -88 -27 120 -120 -119 -122 -46 -124 -96 -12
right_child=1 7 8 13 6 14 -8 101 11 -11 27 52 17 24 37 16 113 -19 -20 20 78 36 -24 81 32 26 -28 28 -30 91 -32 -33 -34 -35 71 63 -38 -39 39 41 50 42 43 57 45 -47 -48 54 -50 109 51 -53 -54 -55 -56 79 -58 -59 59 -61 61 -63 -64 -65 -66 82 67 -69 -70 70 -72 72 73 74 -76 -77 -78 -79 -80 -81 -82 -83 83 -85 -86 -87 116 103 -90 90 -92 -93 110 -95 124 97 -98 98 -100 108 -102 -103 -104 -105 -106 -107 -108 -109 -110 -111 -112 -113 -114 114 115 -117 -118 118 119 -121 121 -123 123 -125 -126 -127
leaf_value=-0.015167789747904028 -0.030380893004611793 0.0031139023178223973 -0.013619639934278152 0.007901613743605998 -0.025153656286022171 -0.014159416386043136 0.0030820643305689054 -0.014460027308049786 -0.010693199800211165 0.013925245825958433 -0.021228345827646634 0.016199870186524839 0.017183550635281937 0.033992008831812165 0.017578667170900127 -0.01773053390102565 0.0198399834781595 0.017921278434746755 -0.029209555608400117 0.019876737414734183 -0.022712897986173191 -0.0029013880065750387 -0.021010752149425108 -0.026883660866389186 0.015870021242933924 0.018332022991092864 0.025419992375292588 0.0078185601873479085 0.011454486794091232 0.0052694411555536547 0.012519126615671724 0.023607108502181152 -0.0071910542653349004 -0.012306900040071397 -0.015464711620445508 -0.019614635324116506 0.019653028846303201 -0.012910812696289737 0.0099721565831195156 0.019572820642344509 -0.031990430149113173 0.029956102092582062 -0.017916218010203596 -0.006476855354672852 0.018343201028689013 -0.015864870721155028 -0.02260965765884116 0.0059972354709167119 0.0054390557813364573 -0.0092030306193272658 -0.015748275572633134 0.0092370653874094474 -0.011031951660381033 -0.012778720514319537 0.013580020503094457 0.0099437117066348401 -0.018079395409983465 0.020545451539512847 -0.026564443012020659 0.0092797016261262025 -0.018571982261767254 0.025321656871493951 -0.023510821810576635 0.0076968292840367374 -0.0076566367175285692 -0.015106080111225502 -0.013803276675949078 0.026662439068902619 0.023302717011730409 -0.015397837052606797 0.015486305870103634 0.011925949511127203 0.023998440485757298 -0.02594908442162577 0.013014939767431252 0.0024605097125789308 -0.010324479742157847 -0.0043853440663650352 0.0029974016180234018 0.011840761176294328 -0.025367606233124351 -0.0037398433108428754 -0.034654238985434072 -0.01982273574560884 0.029451904973555449 0.024638555637308632 0.027296797329952213 0.0036193545486558282 0.0062001678843698347 0.012503002949162227 -0.023795909014047375 0.025752634491061441 0.019171555709236086 -0.022411901661040338 0.0051410918757753129 -0.019204838767927786 -0.031784944008858819 -0.018833414604893309 0.024380363888455849 0.0040972633233520616 -0.017097271076081718 0.016999081650523516 0.011133065139264575 0.014462498415331735 0.012455965319693054 -0.029109822897501841 0.005171288874767763 -0.016892393570826249 0.027661475294455055 0.018338831880309821 -0.0067900056073916465 0.029053800574853902 0.0026792236635528582 -0.024856325959488713 0.019087788855296633 -0.012492683685701564 0.0018415819884487644 0.0062549549057474597 0.0048004620762876725 -0.014115948191403589 -0.0043194250814864313 -0.039095664501323936 -0.02241133924661334 0.018080875305118742 -0.021470415750651492 0.0075699899081172108
leaf_weight=23.455887477844954 16.621591374278069 609.74898068793118 71.73776463791728 25.108342532068491 265.46311505604535 124.80230189487338 38.076241167262197 101.1518548168242 96.968533221632242 82.432885991409421 91.444967835210264 77.063273193314672 20.236225500702862 19.721966423094273 24.616776067763567 17.765779178589582 31.51079174131155 12.673536486923693 26.678942296653986 6.4426140487194035 17.666533682495356 18.934654589742422 17.609744653105736 15.869571905583141 216.24186593666673 13.674126729369162 14.494157511740921 27.210245946422219 17.44427022524178 72.448161799460649 19.346614290028811 6.7265780195593825 13.848358672112225 48.189274597913027 14.166425473988054 14.732083056122066 40.424660328775644 25.145353119820356 57.721518702805042 34.418745771050453 12.875385584309695 55.081541292369366 24.881178732961416 11.313099421560763 24.969650909304615 45.986912872642279 8.5516945309936983 25.14099458605051 37.385194700211287 11.430030956864359 29.777634534984827 17.09843472391367 12.114927569404243 9.9977193139493448 45.312870711088181 12.231860682368279 33.866489224135876 30.598305217921734 20.512865602970123 20.69559220969677 23.500934649258852 6.1515413075685492 8.4826532788574678 16.89264852553606 11.978870812803505 19.616546668112278 14.981081154197456 17.112297512590885 8.9545321464538556 54.082592450082302 10.505611173808573 8.2854888699948805 24.755256183445454 9.9219150282442552 60.478002734482288 68.346579788252711 38.982517758384347 15.911479845643042 16.301085568964481 52.739147089421749 10.900937259197235 32.924548458307981 8.818248815834524 12.192297771573065 24.978573571890593 20.40787336230278 13.71643593162298 9.0707721784710902 17.34860086068511 8.8371559381485003 12.74157554656267 19.113153778016567 39.487043999135494 12.772695083171127 26.248576425015926 72.228067186661065 5.4006854221224776 6.2821755297482005 8.5535777620971185 14.660403136163948 8.584355816245079 5.932982772588729 8.716386375948785 83.991395797580481 24.923395127058029 10.403538148850201 15.483089674264191 22.108423411846161 34.313162922859192 15.944750137627123 12.800668522715567 26.030022487044334 53.408759832382202 6.7598004117608097 17.09789223223925 7.3238670974969855 19.873745903372765 9.9295918233692664 108.29769960790873 22.866925023496151 9.816409513354305 10.271733261644837 8.7937579751014692 6.8561373502016094 9.1305510625243169 6.113391922786831
leaf_count=140 168 2909 738 146 3886 1383 239 918 931 318 1255 401 88 50 142 167 154 38 163 29 107 91 168 142 586 48 41 221 134 238 99 40 51 259 79 94 123 216 208 92 133 145 135 53 93 211 40 100 143 42 224 95 96 57 175 40 176 103 187 93 214 17 63 114 105 69 72 54 21 311 50 38 74 66 222 319 476 133 81 195 41 201 45 51 66 60 36 35 66 31 58 47 110 55 168 876 61 66 42 64 64 24 51 278 79 46 85 138 107 44 45 67 173 54 74 44 78 33 385 93 35 48 58 24 89 49
internal_value=-6.50204e-05 -0.00577485 -0.0107953 0.0045179 -0.0144078 -0.000606642 -0.0169376 -0.000365507 -0.00195523 0.00243766 -0.0183195 0.00180767 0.000287399 0.00673947 -0.00827689 -0.00268576 0.00435644 -0.0079514 -0.011239 0.00325661 0.00472333 0.00107766 0.000180863 0.000707382 0.00961625 0.00743168 0.00226745 -0.0126774 -0.00781336 0.00449733 -0.00487314 -0.00823529 0.014444 -0.00479697 0.00667362 -0.0143406 0.01248 0.000375329 0.00290363 0.00403665 -0.00269056 0.00592872 0.0116763 0.00147152 0.00242975 -0.00584954 0.00358693 0.00612478 0.0172798 0.0224829 -0.012533 -0.00656942 0.00993135 0.0070877 0.00344566 -1.18003e-05 -0.00784221 0.0132005 0.00158738 -0.00632959 -0.0113608 -0.00396014 0.00270637 -0.00514525 0.0129077 0.0104049 0.0194541 0.0117555 0.00033592 -0.00504623 -0.0101691 0.00378486 0.0052788 0.00795391 0.00491853 -0.00138499 -0.0223909 -0.0240095 -0.0105558 0.00606187 -0.00693349 -0.011716 0.00825591 0.00458185 0.0143312 0.00883441 0.00237456 0.00664137 -0.00822619 0.00475193 -0.00890215 0.00934747 0.00777688 0.000874017 0.00611335 -0.0107184 0.000420044 -0.014882 0.00585836 0.015816 -0.000806855 -0.0106599 -0.0123204 0.00973485 0.000603458 -0.0142865 -0.00917347 -0.00881121 0.0208906 0.00681425 0.0121799 0.0142863 0.00985106 0.0108427 0.00132315 0.0093802 0.0128115 0.000197599 -0.00142591 0.00139807 -0.0135094 -0.0232546 0.00958495 -0.00447122 -0.00204567 -0.0193348
internal_weight=4410.29 1963.89 1017.75 2446.4 721.815 739.638 593.111 946.14 295.937 529.695 555.034 224.199 447.262 1706.76 209.944 128.704 80.4581 117.776 105.102 329.486 306.03 830.339 770.98 753.37 745.552 515.462 189.351 234.677 137.119 961.212 123.042 103.695 230.09 78.4232 272.063 48.2463 59.3593 85.1413 725.152 635.455 139.052 496.403 186.634 66.7926 309.769 95.1582 49.1712 214.611 119.842 82.4563 59.7515 46.8761 101.157 30.2339 180.192 134.879 59.0075 41.9114 704.576 86.344 65.6484 45.1356 618.232 31.6247 89.0421 326.111 60.7699 41.0479 23.9356 89.6965 64.5882 208.062 193.896 163.502 138.746 78.2685 320.357 281.375 33.9676 75.8719 23.1328 48.7941 265.341 166.748 98.5932 73.6146 53.2067 154.556 26.1668 79.3003 21.5787 236.061 216.947 85.2209 59.9959 119.675 32.6109 87.0638 14.8358 64.0005 15.027 115.801 109.868 128.389 44.3977 19.4743 38.984 30.3939 48.9736 27.3748 131.726 118.926 92.8958 62.6924 31.1816 24.4218 33.5902 174.856 161.182 131.165 30.0177 20.0881 40.6195 15.6499 35.3791 97.5584
internal_count=26779 16003 10717 10776 8307 4449 7438 5286 2410 2451 7199 1672 2133 6327 1998 869 493 605 567 1528 1388 4293 4079 3911 2426 1789 683 2704 1400 3901 1070 971 637 404 1200 376 214 615 3166 2659 749 1910 665 291 1245 426 215 819 374 231 452 319 602 145 727 552 276 156 3568 596 503 316 2972 208 506 1106 197 147 93 507 361 936 857 681 607 385 4495 4019 188 276 81 343 909 600 309 243 183 549 111 297 89 735 688 293 399 1266 282 984 108 264 93 993 969 438 160 81 299 176 171 86 395 350 283 326 172 118 114 642 594 478 116 83 175 82 257 1304
is_linear=0
shrinkage=0.03


Tree=25
num_leaves=127
num_cat=0
split_feature=126 15 32 131 82 39 131 15 7 83 52 25 32 15 52 126 28 126 22 14 18 86 45 18 16 18 14 8 3 127 129 43 35 36 35 129 15 14 21 46 42 42 21 86 14 43 49 131 42 83 132 21 82 8 45 25 45 42 41 35 13 35 45 22 13 18 21 25 3 30 132 16 129 5 127 15 44 3 15 52 43 132 41 39 43 40 129 84 42 84 36 84 43 52 3 16 17 2 52 83 43 44 83 131 18 131 126 36 41 41 15 7 129 21 53 128 49 15 129 52 132 43 35 41 128 131
split_gain=131.626 56.3193 36.1437 24.8876 17.8366 15.1552 13.4553 13.3599 13.0157 12.0243 13.3967 11.8917 12.0944 11.8193 14.9982 11.3356 13.1463 11.2139 14.4208 11.0427 10.3897 10.3661 12.043 10.1485 9.98443 9.73075 10.4391 9.71776 9.49479 9.40717 9.11234 9.04977 9.14603 8.94733 9.49496 8.93992 8.79999 10.6308 12.385 12.3141 9.93346 8.66512 8.52963 8.52678 8.49314 9.17236 8.46893 8.38407 10.5054 12.0708 9.48133 8.36326 8.87135 8.15932 7.85411 7.99732 9.71026 7.8318 8.17381 7.78316 7.74448 12.593 8.61891 7.69052 8.20262 7.50061 7.40316 8.6479 7.35633 8.35394 7.35327 7.30214 7.25175 7.24841 7.18379 7.14364 7.14335 7.11035 7.05846 7.02239 6.99482 6.90093 6.9595 6.823 6.7804 8.9061 7.75743 8.37551 7.06023 6.58222 8.13998 6.57732 6.57415 6.50052 6.48149 6.45529 6.43923 8.65949 7.06877 6.4182 6.35552 6.34727 6.93068 10.6371 6.30356 7.48353 6.22317 6.84126 6.7295 6.17971 6.16461 6.05757 6.02165 6.25275 10.6472 9.16811 6.3804 6.02641 7.04005 6.5663 6.53824 5.99233 6.8009 5.96146 5.95797 10.8737
threshold=-0.26238040319936934 0.16134118740977241 -0.25466885902801512 1.0000000180025095e-35 -0.24247671051194444 1.5931490118580551 -0.96647191241345831 2.081326286063935 -1.6445518958017884 -0.73691587874683184 -0.38361525285071968 0.30601022248584586 -0.25466885902801512 -1.9012682675480403 -0.74071155611317885 -0.65647462894876696 -0.66848165899358392 0.98386575663146403 -0.41782141890797819 -0.077513657175180037 1.1615585886935993 1.0000000180025095e-35 1.9250765398362679 -0.55008156207217762 2.63077263976027 -0.2784368547239911 0.23397124770302738 1.1658249194702355 -0.80631400444194401 -0.94865205997239255 -0.7128312378352798 -1.071855726767019 0.7585403754586949 0.2379060418923287 -1.5719098883171141 0.41361228985800397 1.5043156235045083 0.84342328531234168 0.79372618559300301 -1.084385019430629 0.70630448096599097 -0.52067758878382375 0.44939242354102499 1.0000000180025095e-35 2.5963184152025285 0.80087639421570589 -0.29868562487832673 0.92961455575178153 0.4207277647069515 -0.20439893242891763 -1.4534108565578732 -1.0745556989218594 -0.11780313464341129 -0.88285991685402032 -2.5739422270955754 1.0000000180025095e-35 -0.36186945670607645 1.1225259920128783 -0.094364590557622488 0.19745241792776622 0.11853340590306168 -0.58480582788377233 0.64632203538184296 -0.41782141890797819 -0.33109572603941451 1.2578730622538592 -0.21031970316294887 -0.35023657475372694 -0.67420098979372034 1.0000000180025095e-35 0.86068057137289877 -0.71119041341982014 0.18162175216875912 -0.26423648801141963 -0.07269093266748014 -1.3771941095319311 1.0029793360306678 -0.57511622880755231 0.029149933423033802 -0.48418197822729453 -0.70776234215378542 -1.2641245761626141 -1.1530947115380734 -1.221086464237777 1.1881341472449876 0.2122504419294067 0.29980624161828656 -0.27475167258430994 -0.58909061907235871 0.59545390537598097 -0.4802396619595351 -0.019460073450083746 1.6564561073481541 1.0056679811212774 -0.3108901995111048 1.5149063926613526 0.65702922728574176 1.1128478745644867 0.078902604760505354 0.42875164753276312 1.3930648438234132 -1.9566314594450698 1.6744481491501024 -0.43908192201334512 -0.061882436211064942 0.69350642128245532 -1.0044003652711029 1.4058240842283121 0.70024871533758837 -0.6307594853321894 2.1801168300692981 0.30443313194181104 1.5707240050001532 -0.14160780479731908 1.0000000180025095e-35 1.2573659618785724 1.4798084573009453 -0.80757793406814826 0.94721392279400662 0.43390103100894956 -0.99278177036848947 -0.53069183745859771 -0.4307765199740618 0.44541327328757346 1.2573659618785724 1.2830917241836162
decision_type=2 2 2 2 2 2 2 2 2 2 2 2 2 2 2 2 2 2 2 2 2 2 2 2 2 2 2 2 2 2 2 2 2 2 2 2 2 2 2 2 2 2 2 2 2 2 2 2 2 2 2 2 2 2 2 2 2 2 2 2 2 2 2 2 2 2 2 2 2 2 2 2 2 2 2 2 2 2 2 2 2 2 2 2 2 2 2 2 2 2 2 2 2 2 2 2 2 2 2 2 2 2 2 2 2 2 2 2 2 2 2 2 2 2 2 2 2 2 2 2 2 2 2 2 2 2
left_child=3 2 4 5 99 15 20 8 -3 -4 19 12 36 -8 31 16 28 18 104 109 -6 22 54 -17 81 26 57 47 -1 -27 42 -15 71 34 -12 43 37 38 60 -40 106 74 75 68 -9 46 -46 89 50 -50 -49 52 -16 -52 -19 83 -57 58 -20 -44 61 76 -62 64 -38 -53 -30 -68 -31 96 80 -33 73 -39 -7 -18 -5 -64 -72 -29 -43 -14 -83 -56 86 -86 88 -88 -63 94 -91 93 101 110 -13 -96 98 -98 -70 -2 -36 -32 112 -104 105 -10 107 108 -41 -11 -84 -112 113 114 -103 116 117 119 120 -115 -119 -74 -123 -58 -28 -126
right_child=1 7 9 11 6 41 13 44 17 10 33 27 24 14 51 23 30 21 25 -21 -22 -23 -24 -25 -26 29 124 79 66 35 92 32 -34 -35 100 -37 63 72 39 40 -42 70 59 -45 45 -47 -48 48 49 -51 53 65 -54 -55 55 56 123 -59 -60 -61 62 84 77 -65 -66 -67 67 -69 69 -71 78 -73 121 -75 -76 -77 -78 -79 -80 -81 -82 82 91 -85 85 -87 87 -89 -90 90 -92 -93 -94 -95 95 -97 97 -99 -100 -101 -102 102 103 -105 -106 -107 -108 -109 -110 -111 111 -113 -114 115 -116 -117 -118 118 -120 -121 -122 122 -124 -125 125 -127
leaf_value=-0.0056872738056011722 -0.021502929321722989 -0.02412081914406251 -0.013078170094270541 -0.026531296154034503 -0.024372162429695681 -0.018533771665830565 0.015819672472898894 0.014907566992426787 -0.018398218557797247 -0.0029782370353062071 0.03050447881765261 0.00019462204617269808 0.021200308874819086 -0.02390412739033632 0.030778629110198828 -0.022793314663758595 0.013233647223931338 0.018713102689893998 -0.012276572653749354 -0.011423848247957514 -0.0024790173204228415 0.010287181299807401 0.01894351241209075 -0.0048093486101473387 -0.015813903580336745 0.019540079818230079 -0.018662031960029489 0.004452466459427192 0.02682283579086021 -0.01948803105608032 0.017613594990669928 -0.013116024711725066 -0.021000919538888142 0.0044496137111603986 -0.014001649722595327 0.0044896763154797003 -0.021923218173707886 0.0150122052737748 -0.017860964604897413 -0.0058578542885552214 -0.0068079923932325426 -0.0043826022646074768 -0.013109452155234836 0.012027057323076134 0.012403438046330366 0.01478924055699459 -0.019313780984475743 -0.015578077409848803 0.010824168708229493 -0.027410812833501823 0.025100688799464047 -0.016803426843965144 -0.0057478406655127375 0.008262737043574277 0.017154626283304372 -0.031209274999356367 -0.0088731486626126583 0.031199677195921507 0.023584044184545579 0.018996996806109688 0.011215191679664133 -0.025944941098345175 -0.034019912676782907 0.013127273350950971 0.011848762503285771 -0.0015364167100681534 0.015776268660990887 -0.014711826893839444 0.014068448642249785 -0.012834447653928514 -0.007564245999221373 0.019009119627639411 -0.03573171282425025 -0.009023361212923537 0.010633092375619643 -0.025508658554410094 0.0097854453039375958 0.0041258167764938658 0.022144700289537547 -0.029539644673599187 0.022196857382540527 -0.0070395452530752 0.019351253582578668 -0.022477370994283142 -0.033890403749433348 0.0011895149045435148 -0.014193301033651157 0.014418386896784085 0.00086449973330719287 -0.012885172377375999 0.019156639969694227 0.0084066113950204864 -0.022012246632556371 -0.0041895330263456727 -0.018560213840895297 0.010596186429146634 -0.020721022530964073 0.015995976403399795 -0.016631783364010121 -0.0095753230510932999 0.011145519533366668 -0.027648071941023346 0.00086526880328889513 -0.044499256285987367 0.018519306075550516 0.011212435805853333 0.028040281417640457 0.033471038072557427 0.016896910676859615 0.024656647771060223 0.016786473278767373 -0.012324193873420465 0.013591446180588712 -0.016832664890078012 0.001116421319122642 -0.018569965071196813 -0.020460882423499097 -0.0087530197193027622 -0.002884836803074661 0.018949447887088269 0.021254175805134098 0.010978576247358311 -0.015970526824955346 0.01117340065458192 -0.024036082527145366 0.021264381716875315
leaf_weight=24.103897701948881 264.3382206549868 22.095369014889002 65.657344609498978 23.408498061820868 82.486369816586375 15.797132562845947 18.349681034684181 75.082781128585339 10.285096315667031 8.3936346583068353 4.1897427774965754 74.572213854640722 62.452143367379904 7.5460538808256379 6.5119416788220397 36.656084274873137 4.1278497353196135 5.9186265505850306 19.986148834228516 12.00747813656926 26.18683492206037 23.980129987001419 10.677360123023389 119.11470054276288 11.165166307240723 22.379497103393078 64.575840506702662 8.1328541338443774 30.11953267455101 33.975745026022196 18.342373464256525 6.7000445406883946 6.7893802002072325 80.29639364592731 80.783014934509993 188.01214959099889 11.710230000317098 21.407951429486275 9.5720543693751079 19.931939598172903 14.173818551003931 9.8659887760877591 14.516557283699514 22.574437085539103 9.877479173243044 20.704389847815037 24.389819793403149 11.296879086643456 13.09301555901766 14.822879396378992 32.506469286978245 165.89412312023342 28.296565938740969 128.94190901890397 3.3300455622375003 10.412997122853993 31.647506633773446 6.9830300621688357 6.8512265421450165 11.07608608715236 105.32057640142739 9.4836751483380777 6.3728364072740105 167.59124428033829 12.16793282330036 35.836208194494247 26.792143978178501 10.992890011519192 40.503539858385921 52.44722718372941 23.538603752851486 39.776152739301324 8.3354798741638643 21.700270283967257 12.867379903793333 35.181810029782355 5.3961266316473475 10.154127996414898 9.1723815537989122 13.654286190867422 60.288708042353392 18.677347302436829 152.72826806083322 75.443910227157176 9.4164777286350745 16.798068128526211 9.7235477864742261 67.239366989582777 54.912758588790894 9.244692597538231 22.887410175055265 302.45011566579342 10.570151891559361 13.232874199748037 40.162694711238146 7.3753501549363127 17.345767691731456 7.4878514111042014 7.103998400270938 51.911900602281094 9.2877108827233297 17.816809630021453 11.093840014189484 6.8140887208282939 52.038472846150398 22.97463346272707 43.309389974921942 10.275376304984091 25.576004557311535 39.747941616922617 12.233756698668005 11.479809302836655 29.503627669066191 14.378231912851335 29.442040512338281 14.67382090166211 6.5990609209984532 6.8171945177018634 20.461419109255075 5.5966961942613116 48.545703563839197 10.832883708178995 28.615948021411896 21.563514888286591 7.6138601750135448 9.6714681014418584
leaf_count=120 3733 191 670 149 1197 75 115 239 87 63 22 390 182 73 35 392 31 29 159 78 203 129 56 902 45 100 453 34 103 258 68 62 50 560 816 827 47 72 50 95 66 45 114 104 31 59 105 63 48 77 89 1804 273 490 22 91 277 36 34 56 426 64 38 511 34 241 87 55 182 294 117 229 49 115 53 355 32 55 35 83 193 86 439 645 61 73 47 238 254 50 86 977 64 56 226 28 116 31 69 602 62 168 69 34 223 113 131 25 77 177 37 35 128 98 202 103 53 48 114 28 230 41 125 121 65 30
internal_value=-0.000107489 -0.00583898 -0.010626 0.00465444 -0.0141826 -0.000163501 -0.0101087 -0.000459853 -0.00191884 -0.00182838 0.00134807 0.00661394 0.00796673 -0.00692078 -0.00838249 -0.00234645 0.000339361 -0.00125239 0.00074982 0.0134448 -0.0191947 -0.0077244 -0.0105071 -0.00917888 0.0111815 -0.00117042 -0.00877864 0.00190056 0.0102244 0.00108478 -0.00265106 0.00480904 0.00929762 -0.00285598 -0.00909217 -7.47864e-05 0.00535372 0.00334897 0.00527738 0.0133331 0.0161288 0.00894575 -0.0125351 -0.00481975 0.0084144 -0.00050854 -0.00999383 0.00311894 0.00715049 -0.00962007 0.00991768 -0.0117925 0.00167042 0.0118051 -0.01276 -0.0142104 -0.00609319 0.00507156 -0.00249572 0.000864743 0.00212637 -0.00154936 0.00803925 0.0108616 -0.00480845 -0.0141271 0.0159167 0.00667832 -0.00729269 -0.00382268 0.0129922 0.014136 -0.00593178 0.00291465 -0.00542268 -0.0211386 -0.0195272 -0.0115139 0.00108713 -0.0170806 0.0184077 0.0117391 0.0105373 -0.0205703 0.00162059 -0.0120835 0.00425007 0.0106294 -0.00337422 -0.00211885 0.00973672 0.0112234 4.29981e-05 0.0156316 -0.00531665 -0.0138498 0.00274689 -0.00934331 0.00917772 -0.0195908 -0.0112817 0.00116007 -0.000327217 -0.0176781 0.0120909 0.00169845 0.0194748 0.0123951 0.00695443 0.0198148 0.0171503 0.00264407 0.0013429 -0.000906936 -0.010014 0.00279759 0.00603859 0.0080875 0.0119326 -0.00623854 0.0174162 -0.0138702 -0.00840751 -0.000637785 -0.0145291 0.000923074
internal_weight=4338.32 1968.92 1040.99 2369.4 740.623 684.867 424.373 927.934 797.879 300.363 234.706 1684.54 1307.85 315.7 297.35 553.337 397.566 775.784 592.81 60.1491 108.673 182.974 158.994 155.771 584.419 507.512 115.682 376.691 92.0085 391.83 305.557 60.8116 53.2656 174.557 94.2605 369.451 723.427 531.957 441.065 122.839 113.267 131.53 64.9023 181.439 130.054 54.9717 34.2673 354.904 200.661 27.9159 172.745 236.539 34.8085 161.448 148.317 142.398 63.624 33.8204 26.8374 25.5926 318.226 196.379 121.848 191.469 23.8782 201.73 67.9046 37.785 158.864 124.888 102.866 46.4762 90.8925 43.1082 28.6645 39.3097 28.8046 16.527 32.711 21.7871 70.1547 573.254 510.802 78.774 167.574 26.2145 141.359 76.9629 64.3964 154.242 32.1321 492.125 240.655 189.675 122.11 47.538 72.4412 24.8336 47.6075 316.25 90.0707 230.085 211.743 17.9079 85.2982 33.2597 99.0927 55.7833 45.5079 48.1416 176.442 23.7136 193.835 164.331 47.2589 117.072 102.398 95.7992 75.8243 19.9749 55.3629 47.7843 39.4488 53.211 81.8612 17.2853
internal_count=26777 16241 11065 10536 8617 4140 4282 5176 4742 2448 1778 6396 4732 2882 2767 3622 2328 4551 3181 318 1400 1370 1241 1294 1857 2758 777 1664 365 1981 1963 414 341 1460 900 1881 2875 2283 1881 444 394 518 556 1054 434 195 136 1547 767 125 642 2353 308 579 1185 1156 489 229 193 170 1437 918 519 592 81 2045 245 142 950 692 390 291 402 187 128 386 181 93 152 117 238 1812 1630 667 737 134 603 285 318 780 136 1544 1407 567 644 254 398 147 251 4335 878 1343 1275 103 423 200 328 197 172 240 511 72 1172 1044 370 674 571 518 392 126 278 215 166 398 548 95
is_linear=0
shrinkage=0.03


Tree=26
num_leaves=127
num_cat=0
split_feature=12 126 14 6 32 12 22 18 10 32 25 35 14 40 18 18 3 128 8 20 127 35 8 10 7 130 25 10 35 103 34 128 126 46 13 34 126 35 40 34 0 22 84 36 128 36 8 128 8 39 129 126 129 130 36 34 84 47 17 39 84 84 7 14 21 17 129 3 129 16 83 22 35 34 16 83 83 18 18 49 128 132 5 16 32 54 16 132 20 36 13 40 13 55 16 34 35 84 18 36 84 22 131 22 40 128 55 13 32 126 25 59 34 18 18 46 23 41 16 128 126 129 7 81 129 16
split_gain=104.472 57.5987 22.4667 20.9687 17.9638 17.0435 17.6048 14.3725 13.9559 13.0454 11.605 11.2861 11.4127 11.1301 10.4537 10.3059 10.1566 10.0377 10.0113 9.89789 9.84489 9.61743 8.92941 8.45738 8.3176 8.43573 8.29941 10.1039 8.23352 8.41342 10.1925 9.422 11.5993 9.32788 8.89301 8.13977 8.03207 8.01088 8.00723 7.93625 7.90911 9.70341 9.26872 9.83753 7.99945 7.81371 7.75983 7.7415 7.55755 10.3456 7.43391 10.4839 8.244 7.42804 7.41911 7.38319 7.21937 7.25325 7.05401 7.42088 6.8266 6.69261 7.36793 6.66712 7.0179 6.60209 8.72691 6.59888 6.57611 6.55334 6.55261 6.53215 6.52948 6.49215 6.46703 6.44769 6.90931 7.48986 6.26417 8.15949 7.78219 8.42427 8.50094 6.16847 6.15298 6.14073 6.12352 7.91276 6.54016 6.11039 6.09661 6.08848 7.35073 9.96771 8.25965 10.0125 9.76086 8.22357 9.20452 8.98289 8.20369 7.18015 6.77285 10.0749 8.47903 8.27517 10.049 16.3785 7.20898 7.00038 6.21474 6.07344 6.05898 8.07982 6.21952 6.05428 6.00285 9.18153 8.91347 7.72307 7.21228 5.98671 5.92335 5.87934 6.25831 6.27595
threshold=-0.065121123152961494 0.19365062682756282 -0.58282143212777759 -0.97026748627271597 -0.25466885902801512 1.2676182901079329 0.85199300212601459 1.3401240584735612 0.52572119004777851 -0.25466885902801512 -0.67835997337351328 -0.32624722896524966 -0.36965017297178704 -0.36221122130099459 -1.3695182445319205 0.28538536938405917 -0.47603146782138456 1.3095416720083957 1.1658249194702355 0.51550721313178038 2.6281892098560005 0.22404551211388721 -1.4681984415180931 -0.8355376657201129 1.3744641275657481 -1.0401628028399783 0.63413362110563232 1.6601035698543549 -0.10534023864687848 1.0000000180025095e-35 -0.703848308893395 -0.44280701360179037 -1.0044003652711029 -0.085009999261414684 0.9784491207430478 1.2855402651315522 1.0499127402754287 2.2195807679219159 0.80491648385933745 1.7828874086377893 0.60936290016033456 -0.36599225886577441 -0.0080149623411058489 -1.2772901253465394 0.65700203413474945 -0.2814643111790231 1.8974980753003268 -0.13816265346877574 -0.73652528568800202 2.0322044740417211 -0.52280593438051692 1.1053149275879026 -0.50389794398700816 -1.1710679464491214 0.94728010930764339 -1.2011954523996318 0.21971549469318433 -0.90228472911271329 1.3737283018779129 0.47187965862452247 -0.46960435579802345 -0.10313130431307599 1.7948334472751524 -0.85408251342400976 -0.11729373005135624 -0.33764842613473162 0.63545888169093323 -1.3677943166968951 1.5390053736405374 -0.040543527537137795 0.10973552052368171 -0.39190683888687633 0.037103958924323908 -1.4498690241527503 -0.41813463135343792 0.60159953796368637 -0.65176326307466448 -1.4442069012061209 -0.081133807266520488 -1.292298919917837 1.1214345065403482 0.8038462144552444 -0.26423648801141963 1.1091368482617465 1.0691602195221777 2.6379567125638759 -0.33923499772018112 -0.11144141411414848 0.57676138541848676 0.47014148227736824 0.11853340590306168 1.9825280034083115 -0.16248480156098591 0.87966563503337991 -0.40686325512011551 1.2855402651315522 0.72773451387675292 0.40993925598820696 -0.84792382560440183 0.665493816481177 0.10097469666789116 -0.1586756186969592 0.16979848472017353 -0.10684645865475549 -0.43314752573304377 0.97134352460439255 0.17937839937745143 0.82669928871246201 -0.25466885902801512 -1.0044003652711029 1.0000000180025095e-35 1.0000000180025095e-35 1.0368666933784341 -0.43343017051541816 -0.11257749655076484 0.4473606812937721 -0.72607153415307524 0.19149006243844263 -0.096900408703749788 0.72639361623048615 -1.3586050161555192 0.67501525704826237 -1.453474932297514 -0.21514831836496459 1.1978211914287795 -0.81263279951972167
decision_type=2 2 2 2 2 2 2 2 2 2 2 2 2 2 2 2 2 2 2 2 2 2 2 2 2 2 2 2 2 2 2 2 2 2 2 2 2 2 2 2 2 2 2 2 2 2 2 2 2 2 2 2 2 2 2 2 2 2 2 2 2 2 2 2 2 2 2 2 2 2 2 2 2 2 2 2 2 2 2 2 2 2 2 2 2 2 2 2 2 2 2 2 2 2 2 2 2 2 2 2 2 2 2 2 2 2 2 2 2 2 2 2 2 2 2 2 2 2 2 2 2 2 2 2 2 2
left_child=1 4 36 19 7 6 8 13 10 50 67 12 -7 -1 -15 39 71 22 60 -2 21 61 -18 -8 25 -24 27 35 115 34 121 32 38 -34 48 -23 63 55 90 54 41 44 43 -43 -6 -22 -20 74 49 -30 -4 52 -52 -53 -11 -12 -21 -58 59 -14 -9 -10 69 -3 -65 66 -45 -5 -62 -63 -28 89 -55 -27 -33 76 -44 -78 -67 -80 81 82 -81 -54 -46 91 88 -88 -87 -16 -32 92 94 102 95 97 -96 98 -57 100 -100 -95 103 104 108 106 -104 -108 -94 -106 -98 -19 113 -71 -114 -13 -49 119 120 -118 -119 -31 -75 -73 125 -125
right_child=3 2 9 5 40 11 23 18 20 15 37 28 58 14 16 -17 17 111 46 56 45 26 24 -25 -26 73 70 -29 29 30 31 47 33 -35 -36 -37 -38 -39 -40 -41 -42 42 75 65 84 -47 -48 116 -50 -51 51 53 83 72 -56 85 57 -59 -60 -61 68 62 -64 64 -66 78 -68 -69 -70 112 -72 123 -74 122 -76 -77 77 -79 79 80 -82 -83 -84 -85 -86 86 87 -89 -90 -91 -92 -93 93 101 96 -97 110 -99 99 -101 -102 -103 105 -105 109 -107 107 -109 -110 -111 -112 -113 114 -115 -116 -117 117 118 -120 -121 -122 -123 -124 124 -126 -127
leaf_value=-0.010969922613031913 -0.0051714385173911538 -0.021688112791219669 -0.018479520179008255 -0.021503201240027109 0.015753869469932135 -0.018295544271222423 0.0092071028690704475 0.021768505647680545 -0.022560010030684818 -0.015240094014929918 -0.007443287269537747 0.023468677544932138 -0.0023259382023954381 -0.016428775421752778 -0.0097195573024400177 0.009584403286749239 -0.016379100927846123 -0.01977519196809404 -0.032304712350494633 -0.0055339007000585862 0.00053071358240901168 0.022384872922534067 -0.014622150992036809 -0.019500436131087137 -0.012312894357680236 -0.0082933710833240793 0.0051018362877879959 -0.015152962534845283 -0.018805182499560556 -0.029014663356186191 -0.020600398429986427 0.033545516022375835 0.0013542937096232179 -0.03497308550581453 0.022591161077188306 -0.0027881496728989134 -0.026993083914403044 -0.015862981224624321 0.020207585921411836 0.021296051850380786 -0.015447941687481127 -0.020630573845414529 0.002408869887462859 0.0058706603898945582 0.0073559323187253013 -0.035979588334626868 0.0076591686283194772 0.014171648419758015 0.012295880395624289 0.016525510933459869 0.019730424721105099 0.0067162183010149286 -0.0086095606236326182 -0.031452719431203251 0.0056238700484807641 0.026979944300841482 -0.010192605532634355 0.011288302218199708 -0.01569156558350087 0.01396439022682857 0.00094833161728601989 -0.018599179863840083 0.024841364985338718 -0.015943962892720591 0.0064782219286359365 -0.012101413819003379 0.033840190714469934 0.00049725301163282298 0.027958930519293171 -0.015627372460699614 -0.017907880966568968 0.0028996055450476376 -0.011253121553967241 -0.0095154980192138205 0.0088216639125485337 0.0052651935115612791 0.011532663763399927 -0.02254718007575169 0.02481355498892188 0.0064118137634092999 -0.017016407686265805 0.028311921079293759 -0.024770871602531819 0.010003026595859901 -0.023815219117128233 -0.035705027105900337 -0.015624376714295439 0.017526077953251968 0.0025984131329649489 0.016188401479585082 0.010634951303762921 0.017195065018762921 -0.0043949471217344912 0.022258924324151393 0.023033218638732384 0.024629663982007007 0.013525444851776989 -0.013953747037693283 0.0041017493092878141 0.016287668866139939 -0.01878978211949292 -0.0054280765870885787 0.014910366642754752 -0.024934204428888714 0.010209829328291771 -0.012363932964012473 -0.026276762323987672 0.013342532278341347 0.023768520820534468 -0.024769750827716024 -0.018655416721550477 0.010207719390811101 0.0044010615949606488 0.0046151270581943123 -0.025432634687404844 0.0022802694803288294 0.024654011091159108 0.021304740230513319 -0.023463300024099611 -0.0033959695742797214 -0.0099674378674679716 0.0031551226763729969 0.01115934792334502 0.0014085349425006269 0.0017236202461727527 -0.023620851465307489
leaf_weight=234.74825917929411 282.87263051141053 56.188863105140626 107.2341408636421 12.483163954690097 92.180757893249393 21.5649449005723 10.937032373622058 27.097131352871656 14.858336009085177 59.87761739641428 24.987193360924721 67.025121171027422 40.597572833299637 46.002367356792092 15.197466280311348 51.199232425540686 17.999270629137754 27.457733310759068 9.2693497799336928 47.840581208467484 8.7672609351575392 52.310478722676635 14.68832567706704 42.27212250046432 21.892987482249737 18.71834697201848 30.367106964811683 9.2303043305873853 16.995430748909715 10.628897909075024 10.761268179863693 20.889466810971498 11.27551848255098 12.957459710538386 67.175148278474808 14.238521557301281 97.934255573898554 11.654333129525183 20.159953944385052 7.0081016831099978 17.599321462213993 11.04227959923446 22.331134557723999 25.172175891697407 14.891406014561655 11.568728320300577 6.8892504833638659 61.538471192121506 160.29816693998873 11.722282581031321 10.919005826115606 8.743375161662696 123.39752283785492 31.267354542389512 19.670187786221504 16.735769107937813 15.572835192084311 97.533069036900997 12.176403414458035 63.005856122821569 67.100659564137459 21.638007340952754 7.6399724073708049 28.137846412137151 21.097107164561749 17.790705215185881 16.702436931431293 133.68282229453325 8.2859882116317731 20.122333902865648 16.231350641697645 18.064021347090602 30.255547910928726 12.47396715916693 19.2752965092659 31.026765204966068 6.0374743081629267 38.760008309036493 17.511225651949644 54.903992200270288 13.870095290243624 12.401513926684855 8.1459804028272682 17.400279683992267 7.8655011616647235 7.2078015208244306 8.8780948147177714 17.847766280174255 7.337749432772398 15.525151045992969 9.7714849188923818 83.876117374747992 14.583079649135472 39.494758136570454 82.916011746972799 24.583613090217113 11.625958900898697 18.560252707451582 43.143678657710552 30.90034456551075 19.6582907512784 10.007655229419468 76.064096532762051 17.376425432041287 6.9098737910389927 18.534425839781761 15.76092644408345 20.330854129046202 16.49372985959053 14.397224217653273 8.4353779628872854 6.9116703830659381 9.3942760080099124 109.44360437989235 15.79625375010073 15.443184599280356 19.874252371490002 10.835958376526834 17.500724587589502 14.649482350796459 14.067754380404947 8.8285875096917135 183.70351863652468 10.345278248190878 14.619601491838692 55.15221437625587
leaf_count=2392 1932 856 1392 66 402 108 54 89 126 571 154 206 175 338 102 287 115 192 54 277 47 213 112 339 119 112 188 67 88 58 54 50 46 52 194 73 1695 59 52 36 177 94 128 150 65 86 27 199 527 39 66 79 1028 387 132 66 88 457 50 200 329 134 34 400 206 112 50 602 28 160 114 122 299 91 53 151 25 264 58 242 71 38 41 118 58 41 43 54 31 72 37 244 110 128 328 92 38 136 209 118 116 57 282 141 30 93 81 69 71 92 46 32 52 635 114 44 53 30 69 60 51 35 902 59 69 367
internal_value=-9.36947e-05 -0.00532332 -0.0124023 0.00408269 -0.00148832 0.00542313 0.00322145 -0.00401726 0.00400388 -0.00873507 0.00613699 0.00901255 0.00121763 -0.00562696 -0.00298347 -0.000949116 -0.00151271 0.00147604 0.00560435 -0.00179389 -0.00107624 0.000224371 0.00344563 -0.0134833 0.0049357 0.00663979 0.00681885 0.012892 0.010782 0.00933871 0.0055177 0.00720958 -0.0025127 -0.0185674 0.0132131 0.016993 -0.0207248 0.00781035 0.00719212 -0.00725243 0.00365657 0.0045622 0.00148174 0.00557004 0.0118488 -0.0208115 -0.0156378 0.0107543 0.00976307 -0.0042118 -0.0119711 -0.00874489 -0.00422863 -0.018258 -0.0100379 0.00825855 0.00411909 0.00824103 0.00500336 0.00759105 0.00910134 -0.00383199 -0.00218998 -0.0146747 -0.00633867 0.00743839 0.0176259 -0.00149464 0.00428358 -0.00351111 -0.00305781 -0.00853785 -0.0219059 0.00816796 0.0222558 -0.0058644 -0.0110543 -0.0177371 0.00387837 0.00665482 0.00282634 0.00668809 0.00201237 -0.00623387 -0.00384047 0.00889521 -0.00218603 0.00623924 -0.0172651 0.00337562 -0.00579269 0.00967731 0.00839506 0.00468542 0.0119653 0.00744699 0.0185387 0.00398509 0.00712498 0.00329964 -0.00319894 0.0166055 0.00165897 -0.00581562 0.000818343 0.00568543 0.00877761 -0.00411992 0.010734 -0.0133423 -0.000106793 -0.0135427 -0.00127637 0.00135276 -0.014449 0.0196117 0.00726087 0.0015832 -0.00765159 0.0129066 0.00382089 -0.0148307 0.00978793 -0.0122925 -0.0157484 -0.0196606
internal_weight=4302.83 1910.71 670.33 2392.12 1240.38 1948.3 1209.28 832.143 1156.07 466.972 814.467 739.019 137.345 713.5 478.752 137.755 432.75 303.846 118.642 443.819 341.607 321.271 269.476 53.2092 251.477 229.584 122.378 75.7793 601.674 519.206 263.015 243.557 64.9257 24.233 256.191 66.549 203.358 668.301 40.6927 86.5559 408.233 390.633 275.696 177.54 114.938 20.336 16.1586 178.631 189.016 28.7177 329.217 221.983 151.717 70.2663 79.5478 656.647 160.946 113.106 115.78 103.603 102.484 198.893 184.034 105.424 49.235 166.498 41.8746 146.166 75.3866 176.394 46.5985 128.904 61.5229 214.896 40.1648 98.1554 67.1286 44.7975 124.624 106.833 89.3216 75.4515 63.05 140.798 22.7569 631.66 41.2714 26.7259 14.5456 30.7226 20.5328 590.388 506.512 249.953 256.559 153.582 102.977 128.998 110.438 93.7023 62.802 49.5024 200.451 69.7603 52.3839 130.69 112.156 36.0918 31.0768 21.3071 20.0613 34.3694 154.756 129.566 25.1905 82.4683 138.467 76.9282 42.4044 34.5237 24.9037 19.4575 196.177 98.1811 80.1171 65.4975
internal_count=26718 15401 7552 11317 7849 8563 6033 5723 5640 4395 3597 2530 533 5196 2804 1026 2466 1675 527 2754 2043 1910 1451 393 1336 1217 655 353 1997 1747 899 806 241 98 848 286 3157 2929 143 739 2126 1949 1424 856 525 133 81 565 654 127 3369 1977 1212 765 703 2870 822 545 425 375 446 1255 1129 1462 606 762 200 668 357 1095 302 791 686 1105 103 568 417 289 562 450 392 321 283 1146 123 2716 169 97 72 174 91 2547 2303 1154 1149 737 412 645 509 443 325 185 969 444 303 525 432 150 181 122 84 224 961 795 166 250 462 263 150 113 81 93 993 617 495 426
is_linear=0
shrinkage=0.03


Tree=27
num_leaves=127
num_cat=0
split_feature=126 15 129 37 15 41 12 40 130 0 6 40 37 46 55 14 40 37 46 82 46 82 45 126 37 36 86 43 81 7 46 84 126 12 41 84 81 42 129 49 20 37 20 10 3 24 3 36 36 20 126 46 41 12 20 20 3 36 36 82 36 84 28 6 81 10 20 37 15 4 6 36 41 27 42 41 74 2 43 4 4 15 43 15 46 16 19 2 81 126 36 48 36 24 36 130 86 129 13 36 20 131 45 2 130 7 49 81 103 3 49 103 49 20 49 28 36 131 19 5 35 82 55 4 82 41
split_gain=109.773 59.6128 32.0085 20.7621 19.5625 16.9578 14.491 13.0101 13.5466 11.2258 10.4157 9.4825 8.95697 9.16309 8.6665 9.89851 10.0993 9.27133 8.41146 8.24804 7.93412 8.08397 8.92349 7.93082 8.13463 10.0382 7.94923 9.00402 8.68757 7.60102 7.93237 8.05638 7.47104 7.29065 9.06752 8.22052 10.4957 7.77352 7.17705 7.12199 9.11077 7.65923 7.11207 8.59006 8.06983 7.73006 7.59272 7.22179 8.32575 7.02833 6.98613 6.97842 6.97432 6.95111 7.74669 6.94943 6.92511 7.632 6.86157 6.77954 6.72708 6.70752 6.66432 11.3866 7.69417 6.62844 7.09162 6.61921 6.85345 6.60289 7.77566 8.55559 6.42111 6.34375 11.0432 8.28854 8.20593 7.85159 8.47374 7.55186 7.02158 7.67887 6.50112 7.85168 6.76495 6.30834 6.30094 8.29747 6.2614 6.22637 6.16009 6.15733 9.05232 6.0189 7.36673 6.01218 6.01187 6.23175 12.6962 6.97003 5.98104 7.62544 5.95279 6.51931 5.86877 5.9475 5.86281 5.82578 6.8334 5.8238 5.82074 5.78491 5.66188 5.6553 8.60191 9.72105 8.15094 7.70959 9.6813 7.96794 10.8854 6.92677 6.92005 7.45275 7.23262 9.51751
threshold=-0.42600152972887578 0.25985322049328519 -0.50389794398700816 0.78464591212291557 -0.58199030879694558 1.4194297116200152 0.5908657128185304 0.78422186696363905 1.9205476093185663 1.403190457439105 1.0908063653839331 2.7400277494410368 -0.65387159343576295 0.11397436189064947 -0.87105245410644094 0.17886721982608747 0.432928194370088 0.55466348960413014 0.65490683436748054 1.0743040739272383 -1.4555734797670123 1.5485203124851019 2.6224777553847445 1.4310797889852489 -0.28097400036231729 0.042165216229326653 1.0000000180025095e-35 0.92560551735100705 -0.13544158089441735 -0.53630550747699657 0.17850148456118733 -0.056461498268897993 1.3966073168797095 -0.10554121724387168 -1.0480930586865131 0.020333470808475054 0.0073820088781237506 -1.0411449329902824 0.41361228985800397 -0.86694500512088934 0.17282214290030526 -1.2869302979557984 0.13558054018129986 -0.38178471379748241 -1.2356813020486714 -0.42243224834802934 1.3735507372537488 0.55393323282378026 0.91797363651776609 0.4019834757118349 -0.65647462894876696 1.6311915789686782 0.10673417764380656 1.3313596919483806 1.6520295831539973 0.68100202920395436 0.48178788837823799 1.0000000180025095e-35 0.85887491763395307 -0.29602653699706855 -0.045872646086735698 0.2261167219609693 -0.66848165899358392 0.20748900038822612 -0.88353475501034395 1.8869800458156705 -0.7791089081309569 0.16500521401748861 -0.08714633461965339 1.0000000180025095e-35 0.50192812205346182 0.10706149136850722 -0.15722389678228557 -0.86047016377984054 -0.65321103657649282 -1.1342541210515225 1.0000000180025095e-35 -0.76280086791120894 0.65906855558924782 0.50862268294837831 -0.71010716089625003 1.0195800574692335 -0.28110863931400554 0.38977413060043958 0.65490683436748054 0.10034867537939202 -0.37584472762748294 -0.76280086791120894 1.1225583648080266 1.0000000180025095e-35 1.0221110986941226 1.2506417963139589 -0.16375456054845622 -0.42243224834802934 1.2586951650090354 -0.49612757697061455 1.0000000180025095e-35 -1.364211506891656 -0.60087320520490028 -1.7748440853474556 0.15373795579710206 -0.8889204373949432 -3.0117664499477166 -1.0754089916571583 -0.61358799678167009 -1.1859671833915295 0.38005529167513147 0.027542492813958801 1.0000000180025095e-35 -0.3108901995111048 -0.16418636328245387 1.0000000180025095e-35 1.6311201265963027 0.52743339668667188 -0.9341946359188259 -0.66848165899358392 0.10706149136850722 0.97200098946635471 -0.51294305511129934 -0.697045001485739 -0.17985356196046492 1.8243598176025746 1.9300964885172729 -0.98093601508394501 -1.3125290520428485 -1.1342541210515225
decision_type=2 2 2 2 2 2 2 2 2 2 2 2 2 2 2 2 2 2 2 2 2 2 2 2 2 2 2 2 2 2 2 2 2 2 2 2 2 2 2 2 2 2 2 2 2 2 2 2 2 2 2 2 2 2 2 2 2 2 2 2 2 2 2 2 2 2 2 2 2 2 2 2 2 2 2 2 2 2 2 2 2 2 2 2 2 2 2 2 2 2 2 2 2 2 2 2 2 2 2 2 2 2 2 2 2 2 2 2 2 2 2 2 2 2 2 2 2 2 2 2 2 2 2 2 2 2
left_child=4 2 5 7 10 67 14 8 32 11 12 20 13 59 15 18 -17 19 -6 42 91 22 23 24 26 29 28 88 -22 30 31 -26 33 34 -4 95 55 -36 -25 40 51 52 43 47 -44 61 65 60 -49 -18 -21 -39 -41 54 73 86 69 -58 -19 -1 -16 -46 63 85 100 66 109 -2 -69 70 71 -23 -9 77 -75 -76 82 80 79 111 -30 -82 84 -84 -77 -14 -37 -88 -28 -33 -61 92 -3 -7 -95 -35 97 98 -8 -99 110 -102 -43 -104 105 -34 -85 108 -47 -45 -64 -79 -89 121 -115 -116 117 118 119 -117 -121 122 123 -101 -125 -126
right_child=1 9 3 -5 6 93 96 72 -10 -11 -12 -13 62 -15 17 16 49 58 -20 50 21 56 -24 38 25 -27 27 -29 53 -31 -32 89 104 35 37 36 -38 39 -40 41 -42 102 44 46 45 107 -48 48 -50 -51 -52 -53 -54 -55 -56 -57 57 -59 -60 90 -62 -63 64 -65 -66 -67 -68 68 -70 -71 -72 -73 -74 74 75 76 -78 78 -80 -81 81 -83 83 106 -86 -87 87 112 -90 -91 -92 -93 -94 94 -96 -97 -98 99 -100 113 101 -103 103 -105 -106 -107 -108 -109 -110 -111 -112 -113 -114 114 115 116 -118 -119 -120 120 -122 -123 -124 124 125 -127
leaf_value=0.020947796715882035 -0.014211643268268521 0.019136676941817837 -0.020909454457152459 -0.015334765443057237 -0.028726412040776174 0.022501439250479437 0.016148894632656709 -0.0048159894259794901 0.012692984703461207 -0.014619513579653224 0.0084489232686635555 0.024366917180808759 -0.033494478948332684 -0.014265030640138315 0.00456098304453347 0.022683528920505906 0.0031164200915156496 -2.1170019347564717e-05 0.0060536857078786867 0.021729371288908048 0.021335574135236134 -0.013320706982960439 0.0246064161475473 -0.023564715703185725 0.011015590356259809 0.0021763460221384456 0.0097465158315105261 -0.0059260686481878216 0.02664709627867886 -0.01733887248887989 -0.020565499802225735 0.010050789506076272 0.029944494942746501 -0.010830785078495444 0.011926706118852638 0.016099173502797496 -0.032438609154172016 0.0025479999366886195 -0.00011327392583546519 0.022844243910790533 0.017976849786114881 0.020306797931046353 -0.0081838588616954099 -0.013270120962286028 0.010740745230197831 0.019304647911914264 0.019992671097530366 -0.027281046298319924 0.0070204545633580466 -0.026356501664139501 6.0222802654487804e-05 -0.025459446954648107 -0.0095792745811846235 0.015206860328350034 -0.021399381876043514 -0.018158052451889124 0.029449990201567442 0.00017653657688247563 -0.018105581563621118 0.0058129201836055362 0.02463846480969108 -0.024569299042834104 0.0019307246624891868 0.013752961681544183 -0.022411186293474286 0.01810561919967453 -0.01322106787936247 -0.025140379280281698 -0.0079368453372678921 0.017476800433181207 -0.023348896687955683 0.023158557007365403 0.019514377263740581 0.018874234041547013 0.023357183636622515 -0.015979945396926543 -0.019940367738353535 -0.010624918053329151 0.0029715804284353321 0.0082743908741302868 -0.021992726853240319 0.014292566199604078 0.027176869235239643 -0.0017665272592201279 0.014613828617194027 0.0020914643274642171 0.013702483063225709 -0.021197992047635554 0.036089437665844291 -0.015180163891526982 -0.020987022936832578 -0.021579560117338234 -0.017571297742846409 -0.0098807483025711816 0.023996140427006749 0.017639105523581385 0.013775370246987693 -0.011204077968689706 -0.015462811055030898 -0.0096136874315570914 -0.0049771647519873752 0.034756570863009179 -0.0010266638403178645 -0.013776790712377366 -0.020108189292765952 -0.008882406844188586 0.016835082953359327 0.019137627739301215 -0.0082409734427212836 0.016161992897817782 -0.021910311246237383 -0.03764808830949342 0.012250736888066188 0.022620923097189233 0.023827588368123521 0.014251952342981225 0.011548679524633372 -0.0080567649587498218 0.018113937087470153 0.012778700909384551 -0.029595259038463377 -0.0075149219447258851 -0.0060038605535534355 -0.013597526163172882 0.02586796717042239 0.0081486544436346828
leaf_weight=21.589764211326838 236.39777994062752 10.785016015172006 33.938632102683187 153.1002246690914 22.932960148900751 8.8754831030964834 17.53551833704114 13.185326581820844 38.661200329661369 39.815897548571229 65.369478859007359 14.983302608132361 9.0034897066652793 22.479361053556204 37.523066941648722 13.585747383534907 19.294976808130745 97.354131765663624 7.8816010467708102 46.490507453680038 19.558977697044611 10.029530160129072 12.84649991430342 22.090050637722015 37.401701008901 191.83979672752321 17.735699705779552 12.383946295827625 9.5163887478411215 51.889990739524364 17.856697678565979 11.42004184797406 3.5437405817210701 7.3218959327787152 22.362388761714101 24.840827269479632 8.9038358479738218 25.5449538230896 24.450829308480024 11.972341887652876 22.236299056559801 4.6900271270424119 20.151900544762611 8.7010722272098082 9.1390751190483588 13.136195637285711 9.2697123885154706 9.0922233313322085 16.249507218599319 10.389692250639198 19.044103983789682 10.463799536228178 10.114157438278196 28.219348115846515 13.646349545568226 13.871961332857607 24.389956656843424 12.034009702503679 22.527152713388205 44.001623015850782 25.267668951302767 8.2711487859487516 14.57252252474427 23.731605738401413 47.967087883502245 7.8110960796475402 80.473469413816929 133.45126135647297 26.702413910999894 17.255266476422548 11.878274254500864 11.169484198093413 31.680075392127037 35.226841568946838 12.333423376083372 29.204563200473785 17.705356676131487 14.09647146612406 21.255803532898426 6.263252515345811 9.355337571352722 9.6179458424448949 11.671158637851475 75.387673042714596 7.3467629551887503 7.6524758059531441 15.375142261385912 18.828358054161079 16.585595078766346 29.509358786046505 8.3054445236921293 23.04701791703701 11.411691103130577 30.90168821811676 6.0437030158936969 35.44598039239645 150.69222868606448 16.059136636555195 28.78715667501092 19.912678048014641 12.655950605869295 5.3963040038943282 47.330072995275259 160.94866332411766 48.973881965503097 15.22087315097451 18.0172019302845 78.275908065959811 17.936103571206331 15.043154790997503 22.463867023587227 17.221835140138865 5.0682051368057719 49.897498831152916 35.506985753774643 12.750997137278317 164.46288525126874 47.312241822481155 36.087308708578348 7.6923313662409791 14.150471534579992 30.23344985768199 33.328400174155831 11.782866239547728 28.656805422157049 427.16638259217143
leaf_count=75 2615 44 391 2047 184 51 70 89 161 386 304 42 60 112 175 59 89 665 42 141 68 48 49 209 195 1037 76 50 27 397 135 56 19 65 156 135 73 186 155 46 121 19 102 45 33 46 33 43 61 63 77 100 54 94 66 100 73 60 177 182 76 44 117 101 430 37 389 2352 349 67 54 28 128 140 51 163 109 76 85 30 64 34 42 333 29 44 85 176 41 224 38 178 75 248 29 164 514 79 158 98 110 19 359 1470 577 183 58 254 92 52 242 109 27 143 93 46 549 175 123 31 81 114 148 57 98 1545
internal_value=-6.60281e-05 -0.00469856 -0.00911567 -0.00545621 0.00492909 -0.0155644 0.00615269 -0.00303232 -0.00423482 0.000780703 -0.00206608 0.00144495 -0.00496788 0.00207001 0.00243689 -0.00710968 0.00212131 0.0037586 -0.0198256 0.00585056 0.00104821 0.00167999 0.00072872 0.000305388 0.00106851 -0.00233914 0.0039535 0.0154689 0.00239369 -0.00818458 -0.00308769 0.00106782 -0.00545772 -0.00411218 -0.00636264 0.00193519 -0.00334399 -0.00472806 -0.0115689 -0.00604429 0.00326593 -0.00836807 0.00401553 0.000441518 0.00905283 0.0118592 -0.00470784 0.00753565 -0.00574097 -0.00762416 0.015573 -0.00597765 0.00809468 0.00122241 -9.47858e-05 0.000308527 0.0103273 0.0201217 -0.00356594 0.00720328 0.012947 -0.00629457 -0.00969883 0.000559769 -0.0137148 -0.006937 -0.00899669 -0.0175571 -0.0223577 0.00292712 -0.00486503 0.005942 0.0123495 0.000952329 0.00381967 0.000621593 -0.00125429 -0.00577326 -0.0119855 -0.0203806 0.00692605 -0.0036541 0.00118412 0.00499243 -0.00952534 -0.0177824 0.0045677 -0.00287053 0.0232229 -0.00799691 0.00118741 -0.0110607 0.000191257 0.00162367 -0.0037736 0.0125604 0.00816759 0.00729026 -0.00334438 0.00782335 -0.00582451 0.00794371 -0.0101193 -0.0109125 -0.0147356 -0.000254008 0.00193015 0.0148076 0.00354955 0.00515494 -0.0126467 -0.0262828 -0.0137763 0.00817094 0.0110674 0.00917968 0.00725018 0.00118687 0.00744227 -0.00380198 -0.014635 0.0062155 0.00703113 0.00793885 0.00871164 0.00932339
internal_weight=4267.5 2214.45 1226 783.623 2053.05 442.372 1747.86 630.523 585.657 988.454 305.189 948.638 239.819 96.3762 615.842 74.085 43.2704 541.757 30.8146 421.876 933.655 888.411 801.655 788.808 742.268 339.918 402.35 46.7052 355.645 148.078 96.1878 78.3311 546.996 479.258 349.601 129.656 86.8883 315.663 46.5409 293.3 58.2451 235.055 356.341 209.431 146.91 126.758 121.299 88.1325 25.3417 29.6847 65.5346 36.0088 22.0865 336.086 307.866 77.9845 86.7565 36.424 119.881 73.8968 62.7907 17.4102 143.443 40.3876 103.056 112.029 104.218 396.551 160.154 50.3326 33.0773 21.199 44.8654 294.22 206.893 171.666 159.333 87.327 58.8374 37.5816 28.4897 18.9733 141.627 105.076 36.5513 16.656 64.1125 39.2717 34.3213 40.9294 52.3071 45.2437 22.1967 45.8209 36.9454 42.7679 1132.02 981.323 46.3227 935 55.0886 18.0523 212.969 208.279 67.7385 18.7646 93.4049 109.348 31.0723 23.7442 37.0364 31.3183 23.8966 918.941 367.861 317.963 282.456 117.993 70.6811 34.5938 21.8428 551.081 520.847 487.519 467.606 455.823
internal_count=26767 17832 12575 6931 8935 5644 7101 4884 4667 5257 1834 4871 1530 407 2979 437 211 2542 226 1700 4829 4532 4202 4153 3789 2044 1745 167 1578 1007 610 475 4506 3727 2902 825 596 2511 364 2355 407 1948 1482 911 571 469 556 355 104 152 218 286 100 1510 1416 523 330 133 842 295 251 77 1123 205 918 523 486 5316 2701 197 130 76 217 1350 925 785 734 425 300 215 125 98 625 433 192 104 423 288 117 280 220 297 119 328 277 229 4122 3608 228 3380 488 129 1848 1829 779 202 391 392 138 97 359 185 203 3301 1241 1098 1005 456 281 158 112 2060 1946 1798 1700 1643
is_linear=0
shrinkage=0.03


Tree=28
num_leaves=127
num_cat=0
split_feature=126 37 15 15 44 37 15 18 15 2 6 129 14 43 8 61 6 84 42 36 24 39 18 6 35 14 46 128 83 128 14 15 12 35 131 81 132 5 42 46 16 14 36 5 17 2 53 34 127 42 15 23 37 14 26 128 33 23 14 36 43 43 35 18 18 82 39 129 3 42 36 22 27 6 96 81 19 129 18 43 126 12 34 36 36 14 44 41 129 36 129 34 3 43 22 42 126 129 132 46 15 22 8 126 132 52 3 128 129 9 131 18 41 103 84 19 36 36 37 132 9 18 0 44 22 15
split_gain=107.114 53.4775 33.7229 20.9981 17.0285 16.9531 17.4441 14.3433 11.7633 15.768 11.6024 11.0838 10.3382 10.1986 9.15531 9.39029 8.91336 9.25445 9.03319 8.83738 8.72372 8.6181 8.89386 8.66609 8.58928 11.6664 9.65914 8.52377 8.39039 8.18879 10.9147 12.2368 9.73275 8.64546 11.4277 10.9406 11.3138 8.96247 11.5538 12.2751 8.24431 8.13213 8.0099 8.58838 7.98889 7.99719 7.79936 10.4703 8.83638 7.79696 10.5896 7.77086 7.64833 10.354 7.56791 7.55793 7.55655 7.59095 7.55474 8.37795 7.47789 8.37368 7.4283 9.67962 7.39565 8.70852 7.36916 7.26208 7.49076 7.23201 7.11563 7.09771 7.01987 7.01454 7.0117 6.94369 6.9036 8.02841 6.46418 6.46408 6.44259 9.97193 7.04926 6.45315 6.41393 6.40636 6.35621 6.19974 6.1813 7.10455 9.8195 8.31646 8.10921 7.06024 7.43743 9.35642 6.34753 6.18124 6.03884 7.44379 6.26627 5.99621 5.90185 9.19876 6.95834 6.35761 6.68701 5.83541 5.75156 5.6914 5.66809 5.7512 5.66171 7.63306 5.64467 5.63774 5.62798 5.62128 7.21904 5.58779 5.50904 5.80334 5.60699 5.82662 5.4973 7.14801
threshold=1.0000000180025095e-35 -0.51079874948022619 -0.055525955975566789 0.58085724303091046 0.41563290542867976 0.22359402189326383 0.10893255200155867 0.77179806241684912 2.081326286063935 1.0000000180025095e-35 1.3852454870491688 1.4653692554969286 2.663452606130603 -0.60500835237422168 -1.6145330726841114 1.0000000180025095e-35 -0.97026748627271597 0.35788097432493121 1.3781664209228504 -1.3533428048847791 1.4051965994528104 -0.65713539125702669 -0.87382908923529745 0.20748900038822612 0.72773451387675292 0.19008026039831832 -1.1848304624426154 -1.2831105556926294 -1.209336741323833 0.91564938665331452 0.7133546703748469 0.99606105894772989 1.6026957848012973 0.7585403754586949 0.65834137997851305 3.0883217076491278 0.27382645204886508 -0.26423648801141963 -0.34021381909719001 0.23173023871590989 -0.80136142328639937 0.19008026039831832 0.52018669110083804 -1.3462577716972179 -0.71071317223077635 0.48763162707258817 1.0000000180025095e-35 1.0000000180025095e-35 -0.87565529936364983 -0.73998121819609242 0.50548524975061127 1.1288525014171988 -1.2869302979557984 0.49746621134257291 1.1883082396652831 1.0383652838336559 1.073308880543977 -0.72607153415307524 0.49746621134257291 0.60379799812431123 -0.83694658947954259 1.20699002582163 -0.97159053441260113 -0.99571175284754887 -0.30287227213097284 -0.67500389930363491 1.0929960648407895 0.62009613949620745 -0.27786194584904883 -0.16087000941754501 1.3827421188075077 -0.21050477873916304 -0.48407395487090227 -0.38138924294224491 1.0000000180025095e-35 1.0831834357450141 0.41627894227901224 -1.0180377161038334 0.23726047144850393 -0.2596746977631112 0.75738919126556647 -0.49205836698819816 1.0368666933784341 0.60379799812431123 0.40975678969165535 0.010016413037844302 -0.59395103152784345 0.042356202853242451 0.41361228985800397 0.93114201114785011 0.96955972962269865 0.53951954987219708 0.77904217133674158 -0.39756795730029265 0.3077868216828748 -0.43591617715270664 -1.0044003652711029 -0.63545888169093312 -0.99278177036848947 0.17850148456118733 1.6927469292400101 -0.21050477873916304 0.14148250130810744 -0.56209203087079851 1.3618893138279511 0.73763156045829137 0.87812693232290961 1.2831105556926299 -0.94721392279400651 1.0000000180025095e-35 0.65834137997851305 -0.10046409734156168 -0.49826149040431905 1.0000000180025095e-35 -0.053818597586789897 -0.75667341508252861 1.2983918535338905 1.0566940119419888 -0.3615766428904969 -1.3100525532879683 -0.99711228145263198 -0.53435716210322004 1.0000000180025095e-35 1.6354597374228967 -0.28824851880246866 0.10150957048360641
decision_type=2 2 2 2 2 2 2 2 2 2 2 2 2 2 2 2 2 2 2 2 2 2 2 2 2 2 2 2 2 2 2 2 2 2 2 2 2 2 2 2 2 2 2 2 2 2 2 2 2 2 2 2 2 2 2 2 2 2 2 2 2 2 2 2 2 2 2 2 2 2 2 2 2 2 2 2 2 2 2 2 2 2 2 2 2 2 2 2 2 2 2 2 2 2 2 2 2 2 2 2 2 2 2 2 2 2 2 2 2 2 2 2 2 2 2 2 2 2 2 2 2 2 2 2 2 2
left_child=3 4 7 5 10 14 11 13 9 42 19 69 -10 -3 27 21 52 29 46 -2 24 23 -23 -16 26 -26 41 -1 -28 32 101 -32 33 34 -18 37 -37 -36 39 -39 -35 -21 43 -4 -24 88 48 71 -19 -17 67 86 -5 -54 -49 -33 57 -42 59 -47 -34 -62 115 73 65 -50 119 102 84 120 108 -48 -6 -64 80 -57 77 -74 -22 -53 -65 83 -83 -82 -69 -72 -8 -40 93 96 91 -91 -92 94 95 -46 112 -11 99 -99 117 -31 104 105 -51 106 124 -61 -15 -80 -55 -112 -90 -114 -63 -30 -27 118 -100 -13 121 -7 -122 -124 -104 -126
right_child=1 2 8 16 72 6 51 -9 12 97 -12 66 -14 70 15 49 17 18 -20 20 78 22 44 -25 25 116 28 -29 62 30 31 55 60 40 35 36 -38 38 87 -41 56 -43 -44 -45 45 58 47 54 64 50 -52 79 53 110 -56 75 -58 -59 -60 107 61 114 63 74 -66 -67 -68 68 -70 -71 85 -73 76 -75 -76 -77 -78 -79 109 -81 81 82 -84 -85 -86 -87 -88 -89 89 90 92 -93 -94 -95 -96 -97 -98 98 100 -101 -102 -103 103 -105 -106 -107 -108 -109 -110 -111 111 -113 113 -115 -116 -117 -118 -119 -120 -121 122 -123 123 -125 125 -127
leaf_value=-0.022478860062062199 -0.01243847265249649 -0.023413870755650521 0.017394028642661184 0.0075523724806503779 -0.023200666761917781 -0.018030795716870284 -0.0067724192282276286 -0.0036494432712244626 0.018437401995588968 -0.021072085164061904 0.017253317225225686 0.02201306292018915 -0.0086546176155739649 -0.023911791997899303 -0.013481902382761129 -0.0099463885759684453 -0.0073053272066329776 -0.0082826614481174947 -0.015140475001369195 0.005774435236508146 -0.029991381971112559 -0.0065938672217172381 0.022351311777745998 0.0079418859777515005 -0.017047737439907056 0.0097104924576601696 -0.016982378470191684 0.0095182934896422718 0.0085773006708267721 0.02880090538261855 -0.024378594975246665 -0.015618918102644451 -0.0012081548301015599 0.019901698991003327 0.022284372870674845 -0.015717019147423659 0.018210764117544097 -0.021930665025048642 0.0027235570603245944 0.013431625832972615 -0.033184048740434395 -0.026487988227503201 0.0066894333091013477 -0.0069235831617423726 0.009213813277743314 -0.0062391323161304817 -0.0019590355382859176 0.011477586826104591 0.012689006042878148 0.0067813125006708427 -0.019524013247437296 0.005909602932281933 0.020956615557074836 0.01248979529383031 -0.012253092637871997 -0.01182405227576692 0.0084158515624225688 -0.002911149365697537 0.019709437539890552 0.012256841317914257 0.024957364721889617 -0.010641149871941665 0.0068071319592801745 0.016155397695349887 0.015894564505074694 -0.024449322637514474 0.026914546138766364 -0.012031673117778696 0.021984328515075226 -0.019448079674869875 -0.0071989189576721797 -0.032097568245171203 -0.029380552998644578 -0.027668687962597225 -0.011095437770216252 0.012233628993424154 -0.025396645695304938 0.0039703791692800349 0.018782213161814089 -0.029652931268352264 -0.024940522422897852 0.016687630023102185 -0.0096640668282901958 0.0066547922122939997 0.017364601073467788 0.023806266945429026 0.012392661870802475 0.023967331578889806 0.022408945230592885 -0.038456469652823684 0.016394937028380262 -0.0026826966781595034 -0.013430700879925669 0.016779116431616038 0.025969706252818033 -0.022679369909829206 0.01555106390077585 0.0084096490610485776 0.010334822104011897 -0.027008052498099341 -0.034276046708017274 0.0053394604160467238 -0.0081866219010923603 -0.02075568295121847 -0.018601110242017063 -0.021681315451238855 -0.012694117014772797 -0.0093335499337152562 -0.01299774691583533 -0.016538076843710395 0 -0.021066446296966308 0.010661693579849738 -0.0085531954865554604 0.019013929345283731 -0.0089599366138386118 -0.015396530145800376 0.00088557863950322212 -0.014804615055437021 -0.0080560073319559371 0.0073159058678254939 0.013604278132379456 -0.015461929590487641 0.0079640839614863925 0.020439743831645242 -0.008121602210801937
leaf_weight=21.395196508616213 35.559980351477861 153.73986136540771 13.456685384735463 67.23176958411932 27.461836645379663 6.0983675289899137 18.297747697681189 86.651278968900442 34.686836332082748 45.398803185671568 46.702683370560408 6.0327617265284088 18.742904894053936 58.588652357459068 37.397540137171745 55.615380121394992 24.136363815516233 20.267749972641468 19.814240213483572 12.546107066795232 11.142389355227353 38.523355308920145 32.877387784421444 29.428291561082006 37.544317904859781 40.380739081650972 11.600270634517072 10.412394955754278 28.686749868094921 19.344307035207748 16.055903900414705 14.230786241590975 14.148996122181414 13.344378389418123 113.59063832834363 20.192589484155178 14.165909066796301 16.865141171962023 18.63082486577332 16.456128712743521 11.473068151623009 13.869037713855503 90.665758879855275 134.19052605889738 18.585814166814089 90.344717239961028 15.190135316923262 45.994230099022388 12.210926219820978 138.08074804954231 18.158115714788437 8.1457684002816695 9.568015515804289 7.0850031748414031 15.275816366076468 12.36987057328224 19.654110424220562 19.688235081732277 17.9698088131845 52.277885340154171 104.72555293887854 10.817018605768682 10.274979570880534 163.49637146294117 105.04969424754381 8.9518854543566686 9.7940900400280935 14.734549771994354 33.359273385256529 66.752797381952405 32.535590278916061 12.712750043720005 6.4979136306792489 9.1499071009457094 10.7817998342216 55.728035695850849 11.334368020296095 47.490475986152887 6.6024601347744447 8.5179238691925985 12.241907926276328 49.342916363850236 10.314189307391642 9.5588563587516528 10.600681398063896 6.2929491214454165 81.55499417334795 39.771860472857952 11.286777932196854 8.9491975232958811 25.224857106804848 15.078398928046225 10.958282954990862 142.30538455210626 8.3801634833216649 13.318033292889597 77.353451978415251 30.243398025631905 10.463506348431109 5.4318689256906501 9.1442050300538522 20.736538682132959 12.398537516593931 22.620192363858223 9.4418908171355707 9.1371896006166917 16.118324790149927 13.333737172186373 205.55445035360754 7.9230743385851383 16.520287800580263 36.638446848839521 33.752031967043877 39.023846007883549 10.265480011701582 36.042991181835532 8.9581028483808023 35.398631524294615 112.27023498527706 25.414512513205409 13.495716501027344 18.655528526753187 82.044006604701281 10.000017315149305 32.573208589106798 9.5313797071576101
leaf_count=131 311 2440 52 231 267 56 108 787 126 513 174 32 78 1020 253 305 126 79 90 81 104 208 114 142 309 176 108 42 118 58 81 57 51 38 358 77 41 83 83 58 42 85 561 1094 83 450 63 149 48 667 83 62 42 40 59 53 69 72 62 200 270 42 67 645 351 45 33 71 112 745 373 55 101 60 74 181 119 323 27 75 142 249 49 64 33 32 434 125 36 44 78 60 46 512 26 83 289 205 56 54 66 76 72 177 58 61 84 53 2445 59 93 189 113 154 29 222 46 225 942 206 90 125 941 83 125 49
internal_value=0.000133237 -0.00555168 -0.00966033 0.00413736 0.00113724 0.00187069 -0.00383887 -0.0149337 -0.00433169 -0.00580514 0.00307699 -0.00848385 0.00889413 -0.0170554 0.003667 0.00413205 0.00749962 0.0086286 0.00380059 0.00178229 0.00284267 0.00615619 0.00721285 -0.00402522 0.00379785 -0.0046492 0.00575494 -0.0119421 0.00708164 0.0106481 0.00416743 -0.00121532 0.0125464 0.00964997 0.012044 0.0140274 -0.00152443 0.0166392 0.00945094 -0.00449664 -0.000181615 -0.0114035 -0.000273077 -0.00458497 0.00809759 0.00724464 0.00546312 -0.00149614 0.00970148 0.000325836 0.00210839 0.00562642 0.000366693 -0.00651999 0.00541113 0.00350438 -0.0057958 -0.0148356 0.00183052 -0.000322879 0.0191958 0.0215056 0.00795913 0.0101045 0.0126554 -0.00327952 0.00550492 0.00344991 0.012857 -0.0114398 -0.0137527 -0.0164296 -0.0107091 -0.00984507 0.0116639 0.0077123 -0.00514181 -0.000450409 -0.0138348 -0.0127486 0.0127189 0.00567283 0.011998 -0.0112712 0.000346617 -0.00162703 0.00881864 0.0174009 0.00955656 0.00612055 -0.00260408 -0.0171309 0.00716311 0.0136548 0.00240617 -0.00429323 0.00938944 -0.0110792 -0.00873679 0.00234583 -0.0111181 0.0171612 0.00118606 -0.0043078 0.00502226 0.000519049 0.00369589 0.00774991 -0.0155109 -0.000114615 -0.0112038 -0.0145894 0.00356816 0.000341355 0.00386978 -0.00112994 0.00487709 -0.00955315 -0.0125709 -0.00169453 -0.00719727 0.00529668 -0.010178 -0.0128264 0.00873838 0.0138662
internal_weight=4233.21 1748.96 1083.46 2484.25 665.504 1485.35 354.804 543.363 540.093 486.664 572.72 238.288 53.4297 456.712 1130.55 1098.74 998.903 861.859 255.467 526.017 490.457 716.369 649.543 66.8258 464.789 86.8832 377.906 31.8076 351.491 606.392 138.465 98.3846 467.926 327.969 263.809 239.673 34.3585 205.315 91.724 33.3213 64.1598 26.4151 238.313 147.647 611.02 578.142 235.653 89.1729 146.48 382.369 326.754 116.516 137.044 69.8118 61.27 82.3287 50.8154 31.1613 173.926 155.956 139.957 125.808 339.891 275.161 126.213 21.1628 41.2414 308.596 58.6945 197.046 302.972 27.9029 92.7846 19.4249 255.736 68.0979 65.3228 53.9884 25.6679 16.6637 244.954 81.4579 59.6571 21.8008 25.3352 38.8285 99.8527 58.4027 404.216 221.627 60.2107 24.0276 36.1831 182.589 40.284 31.9038 161.416 248.351 202.952 35.6753 167.277 40.0808 249.901 102.379 147.523 79.7586 70.6215 65.6116 264.143 14.5255 60.2437 53.1587 84.0627 72.7759 21.0825 64.7297 49.3388 158.132 122.734 31.4473 130.294 24.7539 105.54 92.044 54.5031 42.1046
internal_count=26719 15049 11069 11670 3980 8066 2990 7097 3972 3768 3170 2311 204 6310 5076 4903 3604 3009 939 2996 2685 3006 2611 395 2495 531 1964 173 1798 2070 506 372 1564 1172 951 825 118 707 349 141 221 166 1707 1146 2403 2289 849 326 523 1897 1592 679 595 364 208 291 183 114 765 703 392 341 1690 1350 444 93 271 1509 216 2040 3870 118 810 127 1223 234 543 424 190 137 1149 504 298 206 104 405 542 208 1524 820 228 104 124 704 192 166 592 2061 1548 259 1289 134 1293 568 725 391 330 253 3465 86 322 282 303 267 71 340 222 1223 998 238 1295 181 1114 1024 246 174
is_linear=0
shrinkage=0.03


Tree=29
num_leaves=127
num_cat=0
split_feature=126 37 81 0 18 32 83 7 32 131 37 20 126 52 35 113 14 129 12 6 81 12 3 26 35 34 36 126 128 2 82 40 40 46 103 18 43 11 18 10 42 36 126 3 37 7 35 18 128 19 43 21 12 34 45 129 81 14 81 21 82 133 20 10 132 34 129 127 82 132 14 126 11 36 35 12 11 24 22 14 3 36 43 19 35 18 55 10 21 37 54 11 83 103 12 2 37 22 3 36 14 2 128 21 21 128 83 83 126 2 127 19 42 39 22 86 27 44 47 35 21 60 14 42 18 43
split_gain=103.804 39.7575 31.7602 28.6321 20.7897 24.6742 16.4052 14.8432 13.3967 11.8576 10.0021 9.97974 9.68146 9.50037 9.48668 9.15791 9.14493 9.11333 8.3092 8.01738 8.77384 7.91617 8.77214 7.9152 8.89708 7.84235 7.6483 9.41027 9.61436 7.59687 7.80222 7.51632 10.0245 8.2699 7.51606 11.6567 7.28159 7.16403 7.07787 7.04806 7.84147 7.50796 6.96514 6.92129 6.9197 9.43775 6.9078 7.65909 6.75667 6.3652 6.32617 6.21399 6.19678 11.9901 7.09582 6.17565 6.12756 6.72208 6.55541 6.10007 6.96621 6.09778 6.0331 8.87634 8.34048 6.41677 5.9305 6.88386 6.84856 6.49323 7.5929 9.40349 5.98848 5.892 5.82439 5.73688 5.70707 7.55043 5.70635 5.68575 5.68462 6.57588 5.67188 7.55216 7.48337 5.65893 5.65153 5.63877 7.30676 5.62678 9.08095 9.05867 8.72466 8.14795 7.68095 7.25846 5.98103 5.83891 11.6624 6.42727 5.63809 5.60524 5.59028 5.57316 6.7243 5.55161 5.54733 9.44113 5.54005 5.53691 5.52465 5.49154 5.47764 5.46019 5.42351 8.02224 7.7322 8.5703 9.63915 7.01765 6.69293 7.38214 6.55231 5.96036 8.58472 6.10786
threshold=1.0000000180025095e-35 -0.85133124913371006 -0.77493424331530159 0.60936290016033456 1.797318364619948 -0.25466885902801512 -0.14324281563379632 -1.4152595395966592 -0.25466885902801512 -0.65281230292561687 1.1509527570397144 0.67263190102593196 1.0119930209593353 -1.3655687741644633 1.3980911257367925 1.0000000180025095e-35 1.9331339685353559 0.32848336038177478 -0.29807015920639718 0.79636724371869738 0.40157092162329738 0.05017877415128446 1.0432682006331893 1.1314977078599313 -0.047414686954337738 1.5342138368846709 0.57838924136656489 1.3539476326491047 0.97134352460439255 0.80023975081853749 -0.89159905609127754 1.9825280034083115 2.4377907054828705 0.49906802982648635 1.0000000180025095e-35 -0.40177552168257769 0.48659318510037414 -0.071759818980335482 0.82279979400027214 -1.0624141416814281 -0.5501059956027784 0.83001220846695611 1.1053149275879026 -1.0705400337383917 -1.5323962484406779 0.83944862975377965 0.43968654318748207 -0.80197867573102977 0.62214781481725601 -0.5738756451041066 -1.0434341799259428 1.0299046750790706 -0.37079808471546816 -0.703848308893395 0.53786677429381236 1.3309124349208659 0.77344093973751538 0.7400177717588613 1.1225583648080266 -0.55165233963059024 -0.23598061019015679 1.8610957988531647 1.1181360666199212 -0.38178471379748241 1.1431558079934809 1.0368666933784341 0.41361228985800397 1.7522280825510876 -0.31888837752511978 0.34153689325939729 0.28216188480855803 -1.3586050161555192 0.36030292670655101 0.33709836636362928 -0.32624722896524966 0.5908657128185304 1.1719056776899477 1.0000000180025095e-35 -0.1586756186969592 0.47514620779331235 -0.97145527275222399 0.54370184522951337 1.1539745890899964 -0.52817620260950127 0.31119713761493711 1.0578087875466424 0.17937839937745143 -0.8355376657201129 0.23065237371668793 -1.0672386927342337 0.94265515166580205 1.1719056776899477 2.1485131416877463 1.0000000180025095e-35 -0.31075202153647924 1.1128478745644867 -1.3393094017270453 0.74833468204160702 -0.3108901995111048 2.0046836129011809 -0.74775183919849275 -1.0754089916571583 -0.32850101706737472 -0.068643857280628787 -0.54172451517119369 0.87302778133893033 -0.57684384121831123 -0.12146316449390153 -1.1846421479943514 0.1750235033266388 -0.29168121449370826 1.0865374321998933 0.82513089298090991 0.8140494302914183 -0.36599225886577441 1.0000000180025095e-35 0.26871846294697393 -0.40568872096172476 0.032424604019928707 0.090816743221043508 -0.14160780479731908 1.0000000180025095e-35 1.138835958056992 -0.44089329021625095 0.048925966346992304 0.38940539639804278
decision_type=2 2 2 2 2 2 2 2 2 2 2 2 2 2 2 2 2 2 2 2 2 2 2 2 2 2 2 2 2 2 2 2 2 2 2 2 2 2 2 2 2 2 2 2 2 2 2 2 2 2 2 2 2 2 2 2 2 2 2 2 2 2 2 2 2 2 2 2 2 2 2 2 2 2 2 2 2 2 2 2 2 2 2 2 2 2 2 2 2 2 2 2 2 2 2 2 2 2 2 2 2 2 2 2 2 2 2 2 2 2 2 2 2 2 2 2 2 2 2 2 2 2 2 2 2 2
left_child=3 7 11 8 5 6 -4 -2 9 23 13 15 14 -8 114 -3 21 56 78 20 -6 22 -5 37 -25 38 29 28 -28 30 -7 33 -33 34 35 46 44 50 -23 -36 41 49 -20 51 -35 85 103 -48 -34 -41 -1 87 105 -54 82 -52 -15 -58 -59 -45 -61 -40 64 -64 65 113 67 69 -68 70 71 -42 -71 -16 -30 -43 77 -70 -14 -29 -44 102 83 -55 -85 -46 -18 -37 -89 90 93 96 97 -11 -95 108 -92 99 -99 100 -91 -22 -82 104 -10 -32 -62 -108 -96 -74 -13 -38 -80 -19 123 116 117 118 -116 122 -118 -122 -119 124 -9 -126
right_child=1 2 4 16 19 26 10 12 31 89 -12 110 18 17 73 -17 86 62 42 -21 101 25 -24 24 -26 -27 27 79 74 -31 52 32 48 36 39 43 111 -39 61 40 66 75 80 59 45 -47 47 -49 -50 -51 55 -53 53 54 -56 -57 57 58 -60 60 106 -63 63 -65 -66 -67 68 -69 76 72 -72 -73 109 -75 -76 -77 -78 -79 112 -81 81 -83 -84 84 -86 -87 -88 88 -90 92 91 -93 -94 94 95 -97 -98 98 -100 -101 -102 -103 -104 -105 -106 -107 107 -109 -110 -111 -112 -113 -114 -115 115 -117 120 119 -120 -121 121 -123 -124 -125 125 -127
leaf_value=-0.021315704927858233 -0.024197240833342713 -0.021454064734822632 -0.015366908652528249 -0.017536142282143365 -0.0098627067807198626 -0.018500133704072531 0.012728557266524183 -0.0082705567967368901 0.0088825008212460831 0.016867216873463858 -0.019862156266469182 -0.026725114324723912 -0.026836931021343106 -0.014791211693872193 0.00094113898137019182 0.0143364497360234 0.022881980355546498 0.011864486520535738 -0.017129860452452579 0.020482501932761243 0.030347993061015374 0.00228873947239789 0.005532593498688055 -0.014191606068726591 0.020691927946743377 -0.026585127179948077 0.015116897770245868 -0.032279435135778738 0.013749427434772222 -0.01552861802376904 -0.0017499093542749605 0.020453754514206064 -0.0044912330989872861 0.025014275195529668 0.01309804118775006 -0.024469287930264517 0.022141950987932629 -0.017083451103812802 -0.021184575085813666 -0.004864688694873164 0.016091325387959928 0.0086914636661813288 0.019614830079301218 -0.0049966183535076905 0.0017340251812486894 -0.024467412285837729 -0.00048144443636904098 -0.038703500292962524 0.019588877745410436 0.018536299061371376 -0.0029818451288446172 0.022504296118051346 0.025461319564303544 -0.030319345866016589 0.02028471119273887 0.018726726632936962 0.025510292850181474 -0.026513023039880262 0.0037696165949259526 0.027925814738110209 -0.003901822661535514 0.014084426719092285 0.0083962206989841026 -0.027089829826477268 -0.016160425509775481 -0.015466105385059927 0.014116087065764232 0.015098593666800482 -0.014261083060394624 0.0085264297229730932 -0.026262003180170228 -0.016703588958209097 -0.00025581387659989654 -0.02989935753650225 -0.019492596295779759 -0.024417001344422051 0.0090927722095982648 0.0098069728996943821 0.013292405190485917 0.0055947730048979153 -0.010185260131964552 -0.021535438965818849 0.010853793870497258 -0.015540086820210275 0.014815556646424345 0.023714059685870981 -0.0050810932885434852 0.011983441501812714 -0.017286329575496053 0.019430173480105683 -0.0026653331994890158 0.0053326016712211795 0.017651871942725356 -0.016269496217870518 0.0025044866760504905 -0.011684153914583816 -0.031094791129362184 0.007455527853898654 -0.027724201683352507 0.02125557560636035 0.0014201751918501277 0.0026191699840308557 0.013462543342891702 0.013668355950763695 -0.032581189874895777 -0.029375958497296593 0.029914959063913039 0.010053582771404753 0.01730113693029469 -0.029435357113584977 0.0029245031281538089 0.0012216595154692358 -0.023460802740171677 -0.015806277163318946 0.022356912279900245 0.019435959925542048 0.02020760659238818 -0.026649645698928415 -0.012799500779740515 0.00027761663718568438 -0.010485291615838985 0.012743912999311944 0.0038273716814404626 0.023197418398372988 0.024646499233730242 -0.0016905747783701407
leaf_weight=13.340627949684857 17.632120387628675 211.5299699367024 329.09795000497252 81.853648222982883 29.812669148668647 17.964887076988816 27.004896828904748 19.914889227598906 6.5241356678307056 104.02906177565455 39.453078670427203 5.9970989990979424 19.371540211141109 100.09962780680507 11.880257435142996 5.8785285055637351 15.068652436137201 74.164590958505869 14.496013358235357 28.811574175953865 9.7517173588275927 122.00299829617143 17.348725847899914 8.6257778163999337 20.117017079144716 10.432474777102469 70.041704207658768 7.3558530583977682 6.2273491844534901 37.762773787602782 32.523316981270909 84.271796427667141 32.579646930098534 13.541248247027395 44.716296991333365 8.3442003130912763 69.674010986462235 43.404793761670589 21.693611809983853 12.602808903902767 11.247277379035944 8.2731726095080393 16.942784193903208 13.712020739912985 49.423100873827934 9.2542307600378972 10.180540990084411 8.1070076301693899 14.217005372047423 48.011362573131919 83.746609857305884 8.908138841390608 21.585235726088285 11.176283188164229 11.652345251291989 12.700348719954489 6.38686903938651 8.7800639308989066 17.842104904353619 32.21313064917922 16.144211515784264 4.6267238371074191 9.797628356143834 14.800022255629299 15.931479780003427 9.4066415783017856 32.513674275949597 10.795473001897333 39.963095035403967 26.999593667685986 29.413905173540115 20.975210152566437 15.388827107846739 9.1213895678520185 12.949218094348906 8.6459010392427427 27.131535761058331 15.473592627793549 8.1763620711863023 5.5752525813877583 12.674714498221869 9.2945747449994069 14.307478465139864 15.100360918790107 12.358678776770828 12.596996448934076 10.164337910711764 21.341381996870041 10.672202721238135 15.128680905327199 16.747069820761684 76.141137316823006 31.788933519273996 12.252577774226664 41.206183489412069 13.807640839368103 10.600145895034073 15.894523570314048 16.179237861186266 14.940481197088955 576.77001838944852 18.084950342774391 25.25113379210234 19.514285920187831 5.7277851700782794 7.3360934183001509 27.228801850229502 104.64743722975254 52.580423817038536 8.6773295253515226 28.23445213586092 13.950151555240152 5.0475118774920693 6.069774951785802 18.241488587111238 26.940801430493593 28.826602226123214 24.839277157559991 10.118897769600151 31.488261360675097 21.945283221080899 25.503232184797525 7.8955412060022345 34.319090843200684 22.844763025641441 11.379982654005287
leaf_count=126 169 3332 3601 897 199 185 145 134 41 333 543 93 223 1125 67 41 53 449 99 99 26 828 152 59 83 93 348 81 30 336 257 241 105 37 158 40 214 326 179 58 39 35 78 65 227 43 48 53 39 171 610 25 110 93 63 64 29 79 91 101 71 26 65 111 151 82 113 33 179 129 134 131 65 60 92 39 82 56 57 29 92 70 72 122 65 36 44 83 49 82 63 262 115 63 151 60 58 69 105 54 2806 76 116 91 39 78 79 354 166 55 275 49 56 49 58 98 112 180 39 169 111 96 31 135 75 52
internal_value=-0.00020222 -0.0058458 -0.00850388 0.00380208 -0.00615232 -0.00744603 -0.010628 0.0019909 0.00499251 0.00284769 -0.00585701 -0.0180475 0.003162 -0.00388159 0.00592263 -0.0204114 -0.00514224 -0.00563838 -0.00437118 0.00784349 0.00123417 -0.0068441 -0.0134569 -0.0041712 0.00999726 -0.00263475 -4.0316e-05 0.00648051 0.00999128 -0.0037367 -0.000538016 0.00763763 0.0143213 0.00655286 0.00500487 0.00856764 0.0124814 -0.00689662 -0.000763334 0.00208524 0.000481552 0.00871464 0.000915505 0.011277 0.00612615 0.00219968 -0.00450164 -0.0187093 0.00301841 0.0136221 -0.0027243 0.00113968 0.00212404 0.00664578 2.03018e-05 8.83988e-06 -0.0111269 4.98819e-06 -0.00670735 0.0138177 0.0152853 -0.0145864 0 -0.0130622 0.00315722 0.00676396 -0.00220671 -0.00675464 0.0026641 -0.00898867 -0.0154658 -0.00502641 -0.000966308 -0.0130672 -0.00840255 -0.00847848 -0.00192452 -0.00743527 -0.0168658 -0.0165052 0.00523874 -0.000157022 -0.0046775 -0.0106335 -0.00173178 0.00655148 0.0117392 -0.00393369 0.00190701 0.00413305 0.00735764 0 0.00254608 0.010742 0.00530489 0.00791655 -0.014499 0.00176339 -0.0105015 0.00243278 0.00191756 0.0131527 0.00542381 0.00390739 -0.0112713 -0.0075024 0.0123453 0.0143713 0.0109267 -0.0116511 -0.00279585 0.0187432 -0.00118839 0.00956544 0.00737705 0.00452882 0.00203236 -0.00375791 0.00970232 -0.00980545 0.00905713 0.00194365 -0.0193142 0.0135268 0.00703274 0.0160047
internal_weight=4131.79 1715 1280.85 2416.79 1029.21 942.752 658.835 434.147 2133.6 1180 329.737 251.64 416.514 290.284 305.26 217.408 283.191 263.279 111.255 86.4609 57.6493 257.958 99.2024 181.935 28.7428 158.756 283.917 102.149 89.2183 181.767 144.005 953.603 131.068 822.534 654.094 293.265 168.44 153.192 148.323 360.829 316.113 77.5332 78.6592 243.212 84.8156 71.2743 50.0538 18.2875 46.7967 60.6142 109.788 49.2659 126.04 86.1804 64.5951 96.447 133.109 33.009 26.6222 193.946 180.234 26.3203 130.17 24.5977 105.572 89.641 238.58 123.498 115.082 112.702 61.6364 32.2225 51.0658 21.0016 19.1766 16.9191 82.5682 55.4367 32.5954 12.9311 64.1632 47.2204 52.9428 38.6353 27.459 62.0201 25.233 40.3578 32.0136 998.066 327.364 103.488 670.702 223.876 119.847 107.594 27.3472 638.913 32.0738 606.839 591.899 27.8367 37.9258 31.7662 12.2519 39.8594 148.02 131.876 93.7866 24.0662 34.2316 83.6242 13.2239 80.2344 284.258 195.799 168.859 92.5835 28.3604 64.2231 76.2751 47.4485 32.7348 88.4587 54.1396 34.2247
internal_count=26533 14999 12622 11534 8881 8481 6520 2377 9262 5655 2919 3741 2208 2376 1417 3373 2272 2231 791 400 301 2175 1049 1268 142 1126 1961 580 470 1381 1045 3607 385 3222 2616 1139 606 1126 1033 1477 1319 303 455 867 343 306 272 101 144 229 800 197 860 525 415 674 1324 199 170 670 605 205 907 176 731 580 1016 586 430 553 304 170 249 127 122 74 317 235 336 110 356 278 352 280 187 263 97 172 132 4387 1156 383 3231 773 440 377 121 3116 174 2942 2888 102 208 171 80 335 504 433 317 120 368 263 113 498 1290 894 796 477 97 380 319 207 211 396 261 127
is_linear=0
shrinkage=0.03


Tree=30
num_leaves=127
num_cat=0
split_feature=12 126 15 38 41 32 129 129 15 38 20 126 52 20 15 20 41 32 84 52 40 55 20 116 42 3 43 47 126 16 61 82 38 128 83 36 7 84 130 19 5 7 19 41 3 22 15 47 129 126 16 130 12 83 14 12 0 47 55 27 40 22 36 52 3 81 21 27 7 8 41 47 46 38 16 36 3 38 128 16 41 35 0 4 81 33 83 53 127 41 53 130 12 82 0 7 15 22 36 35 27 84 36 81 35 3 32 10 10 14 47 41 16 128 22 10 43 84 83 52 21 82 84 15 107 12
split_gain=93.0191 58.4602 33.1406 20.7884 20.3625 15.1753 14.5708 14.0748 10.6838 10.7075 10.6686 10.917 10.3962 10.1712 12.1597 10.0706 9.88682 9.55956 9.12691 8.8411 10.2563 8.48044 8.32636 9.56091 8.95153 10.8915 8.90637 8.25174 7.99133 7.83722 7.80956 7.7905 7.77659 8.34106 7.69531 8.95314 7.56145 7.55235 10.1806 9.80589 9.58057 11.2879 9.21101 7.35521 7.55329 7.40221 8.66956 7.35213 8.71504 7.65312 7.96272 7.63614 7.56903 7.31043 7.29892 7.10939 7.092 6.75167 6.73379 6.72051 7.59713 7.37052 7.41275 6.70677 6.66931 6.66202 8.75304 6.51222 6.66078 6.42133 7.40592 6.4134 7.16461 6.29631 8.40458 9.85985 6.2521 6.19454 7.97392 8.64268 7.46693 7.38414 8.63125 6.72543 6.60807 6.19207 6.97084 6.18195 6.17702 8.91998 7.39544 8.46619 6.20611 6.16095 6.16031 6.15045 6.11488 8.56255 6.07713 6.07502 6.00381 8.03239 5.97096 5.94018 5.93207 5.90267 5.83241 5.88549 5.81787 5.72861 6.7871 5.72344 5.68369 6.01673 5.64193 5.98855 7.17031 8.07465 5.63776 5.60391 6.68056 8.02518 5.86653 5.554 5.494 6.60722
threshold=0.65920914731273328 0.80392702860804455 0.051907931492701759 -1.2656299609526196 -1.1530947115380734 -0.25466885902801512 -0.36324350433751801 -0.26628753137524824 -0.6368643286312079 -0.34540020974318003 0.86063747531061097 -0.39553032670701505 -0.24865872269281689 -0.017409067444829295 1.0720264315918928 1.0833204059072414 -0.18800566683222678 0.62788386000544671 0.44666851028964488 -0.74969186827100132 0.14552551365058622 -0.87105245410644094 0.33930600107196079 1.0000000180025095e-35 -0.90865983150858487 -1.2356813020486714 -0.18545395298056053 0.19792846522131652 -0.65647462894876696 1.4303710709114348 1.0000000180025095e-35 -0.30839205628304678 0.60587279564960583 0.48185958206434548 -0.77015677129263926 1.3827421188075077 -0.077720795066737888 -0.11024774215860018 1.7555428491729346 0.38581264728260861 -0.697045001485739 -0.23058236587015743 1.4978324146513426 -0.94384765137949145 -0.80631400444194401 -0.39190683888687633 0.46353019888843067 1.253091899817677 0.52280593438051703 -1.29569275456291 -1.4325584923524532 -0.42322898957815008 -0.065121123152961494 -0.298476543766035 -0.74775183919849275 0.33339574202460381 1.0000000180025095e-35 -1.5439717222956977 0.5295220172054157 1.0215108807648503 2.0897863891136619 -0.34007767884467249 -0.44707485331160951 -1.7572156705060185 -1.0705400337383917 0.071611190714928163 1.0000000180025095e-35 0.6451146718559122 1.3362487348648933 1.3121595506362536 0.67085503299211913 -1.3772049427428346 0.061866242461442657 1.22934219185201 -0.81263279951972167 -0.045872646086735698 0.25059011274384635 -0.026001907003057049 0.65700203413474945 -1.4438298685857756 -0.64039769021049175 0.62557490452809006 0.60936290016033456 1.0000000180025095e-35 -0.85267833405122639 1.0000000180025095e-35 0.36129968764989812 -0.39032367683325286 0.43828639159371879 0.27611260183077496 -0.39032367683325286 1.8306856419324371 2.2464604225773317 1.0521987712349745 0.60936290016033456 -0.077720795066737888 0.5584091480043093 -0.18459019871806112 1.4761688339332601 0.60372117366226796 0.83331277631038125 -0.16137009810396266 -1.0448524272572774 0.56281858639216831 -0.27648391410211243 -1.1696247947245595 0.62788386000544671 0.75259766600909372 0.52572119004777851 0.6507804380715958 -0.034658235659589691 -0.46008291776375509 0.17361262089598764 -0.81936460578873915 -0.39190683888687633 -0.38178471379748241 1.0007015110740085 -0.20747389170919586 0.30785846979837633 1.0000000180025095e-35 1.1474983318154568 -0.46071394352142053 -0.84740179744136823 0.939412942024755 1.0000000180025095e-35 1.0296000471119557
decision_type=2 2 2 2 2 2 2 2 2 2 2 2 2 2 2 2 2 2 2 2 2 2 2 2 2 2 2 2 2 2 2 2 2 2 2 2 2 2 2 2 2 2 2 2 2 2 2 2 2 2 2 2 2 2 2 2 2 2 2 2 2 2 2 2 2 2 2 2 2 2 2 2 2 2 2 2 2 2 2 2 2 2 2 2 2 2 2 2 2 2 2 2 2 2 2 2 2 2 2 2 2 2 2 2 2 2 2 2 2 2 2 2 2 2 2 2 2 2 2 2 2 2 2 2 2 2
left_child=1 2 4 -4 57 8 12 15 54 67 11 21 30 14 16 -3 31 19 28 56 64 104 23 26 -24 -26 58 -12 29 73 -6 65 34 106 -7 37 -19 114 124 40 -40 -42 -41 -27 95 46 -46 48 51 -50 -51 52 -16 69 -2 -22 63 -1 85 60 61 -35 -63 -9 -21 66 -5 98 -69 -18 -71 -47 76 119 -75 -76 -73 78 84 -80 -79 82 108 -84 -13 118 -87 -86 89 -20 -91 92 -92 -28 112 -45 97 -90 -10 109 101 -78 -53 -103 -8 -56 -34 -108 111 -98 -111 -82 -23 -114 -36 116 117 -116 -15 122 121 -121 -11 -55 125 -39
right_child=5 7 3 13 6 32 10 17 9 18 27 77 -14 22 47 -17 53 36 88 20 55 94 24 -25 25 43 93 -29 -30 -31 -32 -33 33 59 35 -37 -38 38 39 42 41 -43 -44 44 45 71 -48 -49 49 50 -52 102 -54 123 105 -57 -58 -59 -60 -61 -62 62 -64 -65 -66 -67 -68 68 -70 70 -72 72 -74 74 75 -77 100 80 79 -81 81 -83 83 -85 87 86 -88 -89 96 90 91 -93 -94 -95 -96 -97 99 -99 -100 -101 -102 103 -104 -105 -106 -107 107 -109 -110 110 -112 -113 113 -115 115 -117 -118 -119 -120 120 -122 -123 -124 -125 -126 -127
leaf_value=0.0096562821192117867 0.0013234051239915678 -0.020787222461082357 -0.019338826153120138 -0.0053299747392624146 0.012814396311501877 -0.0071193342952715804 0.0053727501685524931 -0.010561642827467434 0.0028211608889733039 -0.011478218570223008 -0.0061265960878815898 -0.013719278455062295 -0.011986693947651414 0.019414495215627756 -0.02107213140915571 0.0054506311749707992 0.0052367224117836056 -0.012343017188648286 -0.017047608463042041 -0.0056896079140473068 -0.0093139708405158995 0.015178956877825925 0.018720535837586833 -0.003068768199923029 -0.013831351912243231 -0.016571100365108532 0.020977611815507408 -0.031915902342884953 0.00054788154134173615 0.026430217457771025 -0.0076659242280503088 -0.024299793199822263 0.023776141618626134 0.011717784090136013 -0.023633396478030668 0.019556111482747666 0.013612156011218799 0.00095681788476464739 0.015130730441747928 0.021577344389302637 -0.041014434177036561 -0.0053860573904011564 -0.0042041842510133548 -0.00047357563166091146 0.0079743633105846153 -0.017096486916044172 -0.026527892632159284 0.018069604753886848 0.021783136808608709 0.018081262332844655 -0.010717333545675034 -0.0081055079246482691 0.014956312690370649 -0.0052415622317982229 0.0065474441658460751 0.016981370287124573 -0.01194570812967624 -0.020181521846190757 0.021022565823608355 0.020349776870673766 0.021322769309330109 0.0071691265244353116 -0.018124143038400424 0.020913700241535896 -0.025199096564472868 -0.010840920140273958 0.027675197717099968 -0.018888851201231054 0.010002230820720033 -0.03653756344119919 0.0074493622828359588 -0.0085253441812963709 0.014740823906071643 0.02675331447593712 -0.0086687906595819732 0.016478905633471822 -0.024654980948288312 0.016648029269792385 0.022561578842037411 -0.01946509575928472 -0.014664598951900015 -0.021029963927026041 0.00874600932139411 -0.024414564062809879 0.0059885404371824756 -0.025836537169283247 0.0087895738751814431 -0.011351968395340114 0.0078950855952045571 0.018917837174344403 -0.027180844684306822 0.01328027577410428 0.0050620097014489737 -0.0034578951037406939 -0.0040715854036592804 0.023435480655144017 0.036975690900927706 -0.024588860173912659 -0.025430936565228858 -0.0051985446192891523 0.017986199469800339 0.015277764603233143 0.014171651244278955 -0.0029940072047115436 -0.031091200404635158 -0.020740496889579591 0.015263432291682861 -0.0035413630283804053 -0.011135573097476597 0.023321351352580622 -0.0088408251389056804 0.01630320939423292 -0.019349121849261696 0.0070047954970892294 0.022905568276584933 -0.011167014601836792 -0.013735626615722585 -0.0082583936365946738 -0.012352587665818694 0.0062945631161848131 0.013562732309955389 -0.027579959252308908 0.0098826979756139813 -0.034357798864592101 0.024151408613359824 0.01463511466080192
leaf_weight=6.6449447534978381 51.5289516299963 183.97777959099039 37.847637621685863 21.211903622373942 29.177367055788636 32.815378624945879 6.5672444924712172 8.0789012201130408 112.45695572532713 11.459008153527973 45.84180336818099 32.989059602841735 236.77803200576454 14.134209726005794 13.277561143040659 13.586321350187061 155.05922991223633 14.488986788317559 33.862116683274508 21.682361333630979 76.929148213937879 89.292875424027443 29.087684981524944 36.186695843935013 35.543102446943521 14.425772693008183 99.501465372741222 14.274345748126505 89.726605525240302 25.635714918375015 36.600963780656457 25.898886049166322 69.726051928475499 20.903813991695642 8.715889208018778 50.246326826512814 27.965023433789611 48.272721098735929 11.977425348013638 27.988834194839001 9.766766279935835 33.813125602900982 21.109012305736542 13.694926997646688 10.339092776179315 10.741658963263033 14.908585619181393 34.225313130766153 8.1730079501867277 8.8873977959156019 68.167370993643999 11.434410993009804 7.3272195160388938 40.316240172833204 8.2555612809956056 9.5030679740011674 20.790372237563133 92.660729700699449 14.170407980680464 21.773474752902985 13.639620356261728 15.061652414500712 29.1425442956388 18.030075833201408 70.369999505579472 75.080133140087128 9.7166442237794381 31.852977210655808 8.3549771904945356 6.4196159765124303 5.7291433773934841 36.303434025496244 55.130323681980371 36.989121709018946 19.655438188463449 43.086535200476646 8.3559905402362329 24.689739065244794 3.9247141629457465 50.253215903416276 5.2438347339630118 13.842289824038742 7.5596445761621025 15.107188938185571 72.792617756873369 13.414077259600164 7.4161379002034655 23.652993908151984 19.01851345226169 15.926416452974079 14.481480527669193 13.091105759143828 7.5915587693452826 9.7164029907435161 31.201115317642689 29.885078530758619 10.740481674671171 10.478702310472725 6.2851122897118321 11.145947605371473 25.876180365681648 27.618112720549107 91.306851096451283 35.284613315016031 8.0126293785870057 34.032355407252908 97.740824207663536 16.971222534775734 10.557565197348593 13.140929896384476 9.2518595382571238 42.230498222634196 8.1217065937817079 52.069566089659929 24.250685196369883 23.429854061454535 10.215356003493069 9.8540872186422366 6.5879952125251284 10.236861754208803 11.449066333472727 13.738377869129181 170.8515177667141 6.1215866915881625 31.098742393776774 95.757330324500799
leaf_count=54 335 2807 341 178 199 156 38 59 607 61 315 361 2592 64 90 120 787 148 172 299 626 377 113 197 201 103 393 134 480 77 334 213 201 67 41 161 170 217 39 84 42 124 77 70 42 49 77 138 24 21 318 62 29 241 54 46 200 1233 59 68 36 49 117 101 1109 541 40 227 39 48 25 195 217 115 99 149 56 187 14 497 42 143 68 195 506 97 35 217 95 56 82 41 23 44 282 102 26 88 51 50 93 129 322 160 57 256 313 68 86 48 40 215 58 250 80 151 41 36 42 41 44 80 594 41 101 315
internal_value=0.000234119 -0.0032456 -0.00114116 0.002236 -0.00527377 0.0060022 -0.00377376 -0.0128682 0.00325781 0.00445422 -0.000889525 0.000555052 -0.00906492 0.00297338 0.00022679 -0.0189494 -0.00337954 -0.00831762 0.00631087 -0.0107746 -0.0138061 0.00607408 0.00590925 0.010759 0.00306839 0.00157358 0.013811 -0.0127213 0.00856309 0.0106428 0.00142948 -0.00980546 0.00918845 0.0130619 0.00664516 0.00777844 0.00460477 0.0060588 0.00833823 0.000887901 -0.00765136 -0.014179 0.0105703 0.00356386 0.00471581 0.00244884 -0.0125192 0.00536446 0.00318906 -0.00413667 -0.00716821 0.00826757 -0.00802203 0.000601122 -0.00622749 -0.00622738 0.000747396 -0.0180787 0.00388868 0.00598001 0.00176383 -0.00254879 -0.00947168 0.0110333 -0.0207465 -0.00604233 0.00548714 -0.00243308 -0.0127156 0.00354485 -0.016577 0.00441293 0.00573774 0.00927953 0.0155243 0.00854131 0.0019138 -0.00300187 -0.00645024 -0.0160126 0.00229306 -0.00155941 0.00196019 -0.0133261 -0.00233263 -0.00224062 -0.0135333 0.00163219 0.00013549 -0.00533177 0.00255393 -0.00509276 -0.0162228 0.0187649 0.00788004 0.0160127 0.0064582 -0.00397414 0.00110081 0.0134084 0.00589304 0.00127199 0.0116092 0.005095 -0.0151835 -0.0153158 0.0168524 0.0124488 0.00810634 0.0197245 0.010095 0.0125888 0.0104051 0.0031417 -0.00224272 0.000769244 0.00725272 0.013837 0.00907328 0.00634759 -0.00441764 -0.0133233 0.00846841 -0.00978636 0.0127431 0.0101096
internal_weight=4168.61 2600.01 2134.61 1174.52 960.087 1568.59 860.781 465.402 844.324 750.507 558.225 498.108 302.556 1136.67 588.353 197.564 345.553 267.838 591.557 225.384 178.485 195.265 548.322 201.127 347.195 318.107 164.941 60.1161 432.828 343.102 65.7783 131.908 724.271 284.959 439.312 406.496 42.454 356.25 279.784 104.655 55.5573 43.5799 49.0978 282.564 268.138 224.558 25.2477 242.799 208.574 85.2278 77.0548 123.346 20.6048 213.646 93.8169 86.4322 46.8993 99.3057 55.7228 100.521 78.7476 65.108 44.2042 26.109 92.0524 106.009 30.9285 158.95 40.208 167.208 12.1488 199.31 188.569 317.466 99.7311 62.742 133.438 302.843 183.613 54.1779 119.231 94.541 80.6987 22.6668 129.435 41.5524 20.8302 96.4456 158.729 84.9527 51.0906 35.1641 22.073 109.218 180.685 43.58 73.7764 29.4972 118.742 44.2792 97.1349 71.2587 102.741 62.9027 14.5799 42.2879 184.438 114.712 58.0319 33.1333 22.3928 47.4743 149.484 60.1913 76.4659 67.75 44.3201 34.1048 20.7222 217.735 35.4243 23.9752 182.311 46.4378 175.129 144.03
internal_count=26750 20136 14451 5997 8454 6614 7167 5685 4030 3385 4042 3593 3125 5656 3118 2927 2114 2758 2461 2440 2080 1062 2538 931 1607 1494 734 449 1740 1260 533 972 2584 919 1665 1509 318 1348 999 366 205 166 161 1293 1190 1018 119 1004 866 363 339 503 119 1142 645 672 360 1287 297 337 269 233 166 160 1408 759 218 924 266 860 73 899 850 1183 363 248 633 2531 1595 511 936 749 606 263 1084 238 132 723 721 374 202 146 105 437 967 172 347 183 658 164 438 345 384 289 95 310 582 381 343 114 88 257 685 308 349 308 157 116 106 820 165 121 655 282 633 532
is_linear=0
shrinkage=0.03


Tree=31
num_leaves=127
num_cat=0
split_feature=12 126 41 0 32 40 26 131 37 18 39 37 126 0 8 13 38 5 7 43 93 32 0 128 7 47 16 26 8 37 35 9 40 3 20 19 48 45 128 132 4 16 130 82 77 81 38 3 38 19 27 0 83 81 9 43 2 128 2 43 82 128 41 81 44 4 3 43 36 36 5 81 8 38 18 35 46 19 83 37 12 44 19 33 45 20 82 5 83 34 44 132 16 3 2 18 128 81 131 43 43 20 131 36 35 132 83 91 128 130 16 40 19 102 41 13 8 131 39 37 126 8 55 42 8 39
split_gain=95.4757 37.685 22.5963 19.0177 17.4884 16.4692 13.6612 12.5576 16.7066 12.1124 9.54313 8.89631 8.65953 12.9208 12.2836 8.51657 8.59928 8.48275 8.39105 8.31441 7.99234 7.96955 7.69861 8.30065 7.45883 8.44071 8.25176 11.1373 11.1167 8.69367 7.62174 9.847 7.8808 7.83943 8.2732 8.85353 7.5025 7.36751 7.35574 7.33763 7.20942 7.19531 9.83142 7.14656 8.07282 7.48291 7.07218 9.60318 6.99411 12.7817 7.976 7.17297 6.91494 8.48363 6.91123 7.57418 7.03921 7.15146 6.90186 9.50276 11.0424 9.73781 6.87348 6.83263 6.78531 6.72506 9.1086 6.67984 6.67623 8.70248 6.64209 6.54218 6.52389 7.00191 7.9775 6.49364 7.1998 6.48026 7.91581 6.46494 10.6189 6.58548 6.41427 6.39681 6.39325 6.37705 6.37359 6.37313 6.49287 8.11183 6.35196 6.33529 6.20456 6.16931 7.36185 7.31642 6.12906 6.97931 7.8954 6.12883 6.0652 6.26556 6.03895 5.97323 7.22066 5.9578 5.95097 5.94182 5.91339 5.85575 5.7894 5.77496 5.74815 7.06479 7.4754 5.74328 5.73422 9.2101 5.71749 6.21794 6.02169 5.70333 6.27614 5.69503 5.79993 5.63844
threshold=1.0000000180025095e-35 0.80392702860804455 -1.0655052350566503 -0.97829221439720593 -0.25466885902801512 -0.22155168347506679 2.6454983804725525 0.55421632261099585 -0.55466348960412992 -0.021761398625882247 1.9533041194472507 -1.0426416421974649 1.0000000180025095e-35 1.0000000180025095e-35 1.0194902883042172 -0.85940995607182413 -0.94808770155633348 1.0000000180025095e-35 -0.34522854397272212 0.95837256035658946 1.0000000180025095e-35 1.0691602195221777 -0.97829221439720593 -0.87302778133893033 -1.1859671833915295 -0.20660225482901567 1.0865940957951017 0.860227418489377 0.87315565713819876 -0.71934547314982122 -0.45552652842451097 0.62704097211895682 0.50127161161537737 -0.54208797514549645 0.20443467915182037 -0.78713971007893224 1.0000000180025095e-35 1.2802233902130777 -0.58568950926980978 0.8038462144552444 -0.84552158799009758 2.5518730061270136 1.3414195741980592 2.529735109022202 1.0000000180025095e-35 -0.46954901650993036 -0.24179282763475421 -0.74025749711783217 0.78883266177705347 -0.80237285757713417 -0.29587585041643322 1.0000000180025095e-35 1.340217655200177 0.11822882061487386 1.0000000180025095e-35 1.7849169097616231 0.48763162707258817 0.93830462920968527 0.80023975081853749 0.20118865832820323 -0.087264543353327534 0.34612176127788524 1.2441904687463847 1.0261989052332232 -0.0024181794308646494 -0.84552158799009758 0.31664662006795824 -0.12049949260998873 0.18339811652245666 -0.7669516514137088 1.4669975658858576 1.201457470032848 1.1658249194702355 -0.23325467031252523 0.14027291787773172 0.7585403754586949 -0.12880834136033084 2.4575207070380585 0.65418856815181736 -0.78464591212291535 1.7927596302399356 -1.2333023332744886 -0.16258066265265728 0.45331009835172259 -1.5552917079448398 0.23271182949122046 -0.57046222909087196 -0.26423648801141963 0.23342908980417296 -0.703848308893395 -2.1926700569054738 0.45262815922071403 0.64137473457886707 0.11847709809562246 1.0000000180025095e-35 0.21051505257532524 0.85947336271546082 1.5749759102216625 0.50386637710762416 1.2424699876151697 -1.071855726767019 -0.17609947671856627 0.97200098946635471 -1.0000452231525399 -0.047414686954337738 -0.87573627355902584 -0.64388006400067199 1.0000000180025095e-35 -0.81936460578873915 -0.10063179249655434 -1.3198447300192293 0.14552551365058622 1.1017705796980948 1.0000000180025095e-35 0.87385752442158804 -0.17372552985954784 1.1658249194702355 0.76760418688719056 -0.54064537616425812 -0.57547637851985722 -0.70301246629124503 1.0194902883042172 1.0000000180025095e-35 0.61355159277390781 -0.29752139218994728 0.53459993547489637
decision_type=2 2 2 2 2 2 2 2 2 2 2 2 2 2 2 2 2 2 2 2 2 2 2 2 2 2 2 2 2 2 2 2 2 2 2 2 2 2 2 2 2 2 2 2 2 2 2 2 2 2 2 2 2 2 2 2 2 2 2 2 2 2 2 2 2 2 2 2 2 2 2 2 2 2 2 2 2 2 2 2 2 2 2 2 2 2 2 2 2 2 2 2 2 2 2 2 2 2 2 2 2 2 2 2 2 2 2 2 2 2 2 2 2 2 2 2 2 2 2 2 2 2 2 2 2 2
left_child=1 2 86 17 7 11 12 8 22 21 43 20 24 14 15 -14 -17 77 38 52 37 71 -4 -24 25 -7 27 30 41 -30 31 32 64 58 35 36 -35 84 103 93 -29 -28 -43 44 -11 -46 47 -8 49 -36 51 -50 53 123 67 56 -56 -58 59 61 -61 -32 -39 -21 -26 -25 118 -20 69 -22 -18 -3 73 -10 -75 76 -51 78 85 80 -42 -81 -27 100 -5 90 116 88 89 -40 -2 108 96 95 121 115 -37 98 -98 -86 -15 -102 -103 -6 -105 -33 -23 -55 -69 -91 -96 -66 113 114 -80 -13 -1 -118 -67 120 -120 122 -95 124 -9 -71
right_child=3 9 4 5 18 6 46 19 72 10 -12 39 13 83 -16 16 70 -19 54 63 68 106 23 65 26 82 28 40 29 -31 33 105 -34 34 48 92 -38 62 87 -41 79 42 -44 -45 45 -47 -48 -49 50 75 -52 -53 -54 107 55 -57 57 -59 -60 60 -62 -63 -64 -65 111 66 -68 91 -70 125 -72 -73 -74 74 -76 -77 -78 -79 112 81 -82 -83 -84 -85 99 -87 -88 -89 -90 109 -92 -93 -94 94 110 -97 97 -99 -100 -101 101 102 -104 104 -106 -107 -108 -109 -110 -111 -112 -113 -114 -115 -116 -117 117 -119 119 -121 -122 -123 -124 -125 -126 -127
leaf_value=-0.017231542410192698 -0.0076812014323616755 -0.022640886231502646 -0.016622683878873879 -0.0082291338354192178 -0.0078465865624566429 -0.022131932872971126 0.020147802935425528 0.023559982515020089 -0.016877111290768489 -0.024538709112836083 0.026819059246118507 0.015522318585164304 -0.015943065341684798 -0.02335314299046249 -0.024565298826618644 -0.015871981989562522 0.015256112920996094 -0.0087088022802578498 -0.012620797753253483 0.0010322159311717649 0.0051815035752094448 -0.024473622960704117 0.0148962978545017 -0.016803951416585011 -0.027564882546610762 -0.0074522583924594606 0.016693117796449344 -0.020977174240650438 -0.02625249972055602 0.0091229613884497868 -0.013291404160509382 0.0046300453082652685 0.0094650775299184881 0.0073254905355246685 0.020610375357772506 0.018574227333048008 -0.02103555533603543 -0.026214081783705382 0.0071859715029850713 -0.010862245128262674 0.0099216211205896375 -0.020218406403239825 0.017361232234815865 0.026427754536074589 -0.017628065793895527 -0.0019517974067775042 0.017832933163489158 -0.013082491395610425 0.0080720069149934591 -0.025958738971582039 0.019175351289044695 -0.023293003280355495 0.010395233226772414 -0.0051637889639399512 0.015256857815430709 -0.015986100203196508 -0.0041284819421398625 0.017175441106499618 0.020402427966237383 -0.0025009458269831192 0.021170814109634308 0.011767738714545469 0.010729778638137382 0.018008771857691067 0.015290195605493157 0.013539219309932179 0.013674852371084097 0.015443615168888397 0.006668416462555846 -0.0046484302708201964 -0.010784707914452388 0.0032245458967360488 -0.022188056639062752 -0.011459141927295365 -0.00065148504286685345 -0.029295398475849947 0.0012728519339104054 0.035000478982452385 -0.013888858113433477 -0.027042332878605083 -0.019161608181018027 -0.0024784720275973981 0.013086388507646325 -0.016749437062142328 0.018527693173687573 0.027450518840066111 0.0049612169076346663 -0.020230130149208082 0.0085229522396206587 0 0.014843029765668316 0.018846366650501149 -0.006719493111000085 -0.012239877901282177 0.016375520416553001 -0.0049463407208255152 0.015192201961276873 0.025609488392904996 -0.018678066403960716 -0.0065858621987646814 -0.012143685572108468 -0.0030052982426723002 0.01838710568100891 0.022222237572304994 -0.0015049243079981089 -0.028610116073907489 0.010521434291738289 -0.024548731975059822 -0.0094514660876935854 -0.02738807240590193 -0.016846339789811902 -0.013887262418121667 -0.016518720247409833 0.016001694446339001 0.012112094446123066 0.0011432310915997519 -0.015845014481910381 0.024745132283402402 0.0065928119495645577 0.0068732113832252117 -0.027739630139951215 -0.027645066625249293 0.0096945549286547722 -0.011694661240836655 0.002069538891250253 -0.036451626446118088
leaf_weight=134.82716857455671 11.805273802950977 156.57093547983095 18.299953289330006 10.753290623426436 19.30754548124969 16.71381526067853 12.697812698781492 18.374459205195308 78.915394259616733 28.763187465257943 5.8742459639906874 43.794475605711341 11.124104529619215 9.9070943109691125 10.31544269621372 9.2578052915632707 97.003937162458897 16.30668293684721 27.262939970940351 51.935735272243619 14.673366256058214 5.3481019381433752 40.208059685304761 18.759808115661144 10.075381267815827 29.576233740895987 143.42697105929255 16.37519695609808 10.780976463109257 12.365305945277212 28.299344189465046 6.4576614238321808 66.091653887182474 18.451211676001549 10.943939011543987 87.811474576592445 13.748119778931139 8.4207227192819136 16.436337931081653 95.389681778848171 66.249965451657772 11.411812800914051 11.635479152202604 3.9165653605014077 39.60763300396502 86.849209995940328 101.73001428693533 17.234062325209379 15.367325946688654 11.320020982995624 23.815180946141481 9.9351325146853906 33.403524417430162 203.87915392033756 118.82203825190663 8.9310237858444435 42.889458561316133 19.907994989305735 65.962259870022535 24.039729502052069 62.486071951687336 25.614927005022764 7.7940068989992133 35.862542366608977 11.506767574697735 9.1463096030056459 36.201105877757072 11.316234044730662 29.443733178079128 8.910088889300825 8.8462193757295591 8.8618593178689462 38.552486210130155 135.19009461067617 113.38863908685744 15.840293340384958 29.126637618988756 11.006671342998741 20.532333396375179 11.920435342937706 12.57244837284088 43.482885502278805 23.715409550815821 45.590719049796462 72.148857343941927 34.432733200490475 15.034903528168796 24.283425280824304 27.919194797053933 10.610308755189182 105.137770479545 19.011422544717789 13.01348455250263 15.245953816920517 4.2888420224189749 72.394341992214322 9.3190462142229133 7.9994920790195456 14.471979472786186 9.2368899136781675 21.81006514839828 24.575328003615141 21.225110609084368 24.789453774690628 20.276342004537582 14.688067696988581 13.044324800372122 14.546259462833403 27.22622687369585 20.294160015881062 53.706468295305967 10.904830887913702 9.2557931207120401 39.914147416129708 17.464219570159912 58.088007992133498 11.615706973709168 7.3658381886780253 5.3725967034697524 10.292938962578775 18.917104223743081 4.7849727123975745 41.100066041573882 11.742888558655975 28.482107099145651 12.439707912504671
leaf_count=1548 55 2578 137 53 154 93 48 81 1068 388 22 278 69 89 69 76 375 59 172 276 64 78 204 150 64 135 495 77 47 57 123 31 244 73 37 296 55 46 102 906 231 62 35 19 617 773 320 85 46 64 81 44 153 1107 563 48 271 98 219 92 192 95 26 123 49 58 178 49 111 41 55 53 459 1413 919 72 118 26 88 58 52 221 93 380 268 101 116 202 159 64 361 77 63 148 16 555 34 24 79 40 195 213 98 106 121 82 116 105 156 156 519 52 40 124 53 459 152 31 24 57 149 45 276 79 155 69
internal_value=1.64999e-05 -0.00496799 -0.00293174 0.00420316 -0.00164015 0.00318176 0.00491396 -0.0039885 -0.00703919 -0.0138542 -0.00785101 -0.00115151 0.00395522 -0.000922256 0.00540102 0.00804721 0.0105088 0.0117257 0.00327697 1.9993e-05 0.0044663 -0.0191551 0.00112024 0.00358144 0.00520251 -0.00417528 0.00590221 0.00448458 0.0114993 -0.00763467 0.00629515 -0.000461105 0.00354134 0.00795788 0.0046553 0.00896151 -0.00496231 0.00944223 -0.00207576 -0.00367581 -0.00279004 0.0142073 -0.00118847 -0.00930902 -0.0103933 -0.00698509 0.0140915 0.00111322 -0.00144352 -0.00770383 0.00704831 -0.00454691 -0.00228145 -0.00385268 0.00647011 0.00962804 0.0109847 0.0027416 0.0123981 0.00849969 0.0146063 -0.00133357 -0.00869011 0.00812505 -0.00834313 -0.00110153 0.0027089 -0.000619113 -0.00374235 -0.012283 0.0129712 -0.0212263 -0.0105449 -0.00910179 -0.00656364 -0.013525 -0.00671865 0.0131024 0.0119376 -0.000410348 0.00506322 -0.0082025 0.00170511 -0.00794699 0.0127244 0.0160767 -0.0132524 -0.00717165 -0.00270883 -0.00943411 0.0124979 0.00513323 0.0123765 -0.00130025 -0.00654003 0.00228115 0.0145177 0.00299644 -0.00521227 0.0155957 -0.00258438 0.000711199 0.00702545 0.00574753 0.0116807 -0.0185728 -0.000236928 -0.00657441 -0.00186058 -0.0183156 -0.0141028 0.000978379 0.00461472 0.00734091 -0.00185707 0.00744408 -0.0150728 0.000206076 -0.00640498 -0.0119963 -0.0200667 0.000697992 0.00359734 0.00618215 0.0108758 -0.024115
internal_weight=4115.74 1878.43 1529.6 2237.3 1360.76 1971.45 1408.83 921.471 523.244 348.836 165.011 562.613 1277.17 259.656 136.548 126.232 115.108 265.856 439.284 398.227 173.821 183.825 157.198 138.898 1017.52 70.0055 947.512 757.891 189.621 23.1463 607.29 119.724 98.5786 487.566 281.163 164.815 32.1993 108.354 163.917 388.793 150.601 166.474 23.0473 159.137 155.22 126.457 131.662 29.9319 116.349 67.2309 49.1176 25.3025 310.428 277.025 275.367 190.551 181.619 62.7975 206.402 140.44 86.5258 53.9143 16.2147 87.7983 32.487 98.6899 79.9301 84.8168 65.4669 36.0232 105.85 165.433 366.047 327.494 248.579 56.287 40.4467 249.549 238.542 134.226 78.8224 55.4033 53.2916 123.108 92.139 151.376 168.844 99.5434 75.26 47.3408 116.943 57.5539 132.615 293.403 119.126 174.277 119.602 31.7905 23.791 81.3857 77.5176 67.6105 45.8004 64.3733 45.0658 21.1457 18.3924 218.425 38.5425 30.9045 57.9953 22.4116 87.1665 77.9107 37.9966 101.882 153.809 18.9815 43.7289 34.5826 24.2897 61.131 56.346 58.5995 46.8566 21.3498
internal_count=26768 15884 11240 10884 9393 9977 6057 6895 4816 4644 1819 3920 5604 1619 644 575 506 907 2498 2079 718 2825 957 820 3985 321 3664 2968 696 104 2329 522 409 1807 1086 624 128 433 1064 3202 639 592 97 1797 1778 1390 453 133 462 291 171 90 1680 1527 1434 980 932 369 721 502 284 218 72 399 165 616 466 454 285 174 430 2631 3859 3400 2332 254 182 848 822 562 283 279 228 975 361 517 1847 683 481 322 416 282 496 2296 1004 1292 433 137 113 308 595 506 311 381 227 113 194 1212 205 220 535 101 305 265 141 737 1731 183 288 230 173 469 424 315 236 110
is_linear=0
shrinkage=0.03


Tree=32
num_leaves=127
num_cat=0
split_feature=126 37 15 32 37 18 38 15 36 129 81 45 39 32 81 18 53 45 6 44 49 17 44 36 131 35 3 17 4 16 42 49 36 127 84 83 16 41 41 14 17 8 86 129 130 2 82 84 36 3 7 35 47 40 82 42 18 31 63 0 33 37 38 47 8 126 14 16 16 16 129 83 21 126 140 21 3 103 35 127 81 130 55 39 16 53 31 41 36 28 42 128 41 128 129 131 16 129 11 44 128 3 16 2 47 19 20 44 20 47 18 42 41 53 133 3 4 16 49 83 38 127 39 49 15 14
split_gain=90.8173 35.464 32.7424 25.4726 18.8816 16.2771 12.494 12.417 9.50873 9.25571 9.10789 9.46198 11.5206 8.83115 8.82667 8.47067 9.23921 9.37745 8.29865 9.29239 8.48098 12.7469 8.27755 7.73523 7.50174 11.3022 9.82143 8.0084 10.7615 10.5562 9.4836 8.81948 7.76323 8.07458 7.46257 7.45508 7.36992 7.2884 8.37429 7.25056 7.20916 6.94112 6.86856 6.77768 6.69898 6.64932 9.97409 9.34709 8.72722 10.4091 7.87337 7.83165 6.96478 6.63115 6.62222 6.58824 6.58235 6.5336 6.91954 9.25774 6.68082 6.312 6.2174 8.32329 8.71323 7.80171 6.17953 6.15631 6.20105 6.11163 6.09174 7.24113 5.91215 6.74042 6.61952 5.82657 5.76187 5.75881 7.73154 5.74858 5.79708 5.74651 5.70844 5.68818 5.67404 5.69948 5.63987 5.62188 6.04996 5.6046 5.58831 5.6906 5.53432 5.4953 7.99977 5.48676 7.14494 5.47692 5.45059 5.43979 5.63192 6.09283 5.39404 7.38526 7.10091 6.51716 6.95274 8.92224 6.16933 6.11247 8.75057 6.07817 6.62049 6.52769 5.9251 7.61407 5.97565 6.0434 5.92247 6.65569 6.87605 5.33485 5.30744 7.88994 7.42681 6.60801
threshold=1.0000000180025095e-35 -0.85133124913371006 0.32368145309388657 -0.25466885902801512 0.71934547314982145 1.7373066470302512 0.36810289151546438 0.12317378884882271 0.57838924136656489 0.75106739618659757 0.23396838706018638 -0.58498376396177021 -0.98172319450010537 -0.25466885902801512 -0.81477453616294726 0.34692119838967744 -0.39032367683325286 1.7012476523160605 -0.38138924294224491 1.3248380872248824 -0.53934323223379954 0.17352213911973133 -0.55813577897198885 1.5301723561726985 1.0337396131192986 1.7090460191408408 0.28361836640590227 0.48115970397967101 2.4044246622622447 -0.48576288875337231 0.060850056502164608 -0.16418636328245387 0.53216200213094289 -0.87565529936364983 -0.40129834559757055 -0.10022491970592963 0.35959032874580715 1.5687112478300322 1.2044318536024066 -0.69374305412178594 0.84127261552723409 -0.88285991685402032 1.0000000180025095e-35 -0.94721392279400651 1.284669890177802 -0.45019274416525973 1.2557743038637579 0.24468524852237319 -0.75387593652768781 1.3405224835916931 -0.80381325638298085 -0.20223388875076478 1.0024700982249437 -0.2882781779422452 0.32193298847153023 -0.24788820013706797 -1.545590852386945 1.0000000180025095e-35 1.0000000180025095e-35 1.0000000180025095e-35 -0.78668746603278572 -1.464996125345909 -0.82958222181382657 0.29894285351690025 1.0194902883042172 0.17296714356423928 1.7345923040494977 0.44976133861238626 -0.085629032470427385 -0.33923499772018112 0.14990312080914306 0.62798613114012869 0.0048289688209074508 1.3966073168797095 1.0000000180025095e-35 0.86624193349335676 0.58087264936440597 1.0000000180025095e-35 0.7585403754586949 -0.21868445388496552 2.3606396821911857 1.8658780634322472 0.17937839937745143 0.66664978620381921 0.54556803659562669 -0.39032367683325286 1.0000000180025095e-35 1.5687112478300322 -1.0771541109245018 0.56859997787464478 -0.58276317794796306 0.93830462920968527 -0.29827497604404768 1.1430599653441564 -0.181621752168759 1.3504357643231339 0.13979849219602042 -1.0851682441183628 0.040914733996100051 0.35715530675824131 0.42770351856420985 -0.046664170214657193 0.77663124937873584 0.1750235033266388 -1.4736541926807176 2.7012510670092875 0.48699129771186472 -0.17922950947405952 1.368191642472506 -0.7722072039047112 0.60106412664452014 -0.47912179264031174 0.64492517476667244 1.0000000180025095e-35 1.8610957988531647 1.4396072445778609 -0.84552158799009758 0.59065354152891636 0.17038054993727972 0.47145661051518523 -0.73684788905306964 1.8252248431598306 1.644968403490698 0.38005529167513147 2.1801168300692981 2.5963184152025285
decision_type=2 2 2 2 2 2 2 2 2 2 2 2 2 2 2 2 2 2 2 2 2 2 2 2 2 2 2 2 2 2 2 2 2 2 2 2 2 2 2 2 2 2 2 2 2 2 2 2 2 2 2 2 2 2 2 2 2 2 2 2 2 2 2 2 2 2 2 2 2 2 2 2 2 2 2 2 2 2 2 2 2 2 2 2 2 2 2 2 2 2 2 2 2 2 2 2 2 2 2 2 2 2 2 2 2 2 2 2 2 2 2 2 2 2 2 2 2 2 2 2 2 2 2 2 2 2
left_child=4 6 3 5 13 14 18 9 97 -6 76 -12 -13 24 -3 16 72 44 19 37 21 -20 35 36 27 45 -27 29 -29 56 32 -32 55 -34 -22 -16 54 38 62 43 67 -37 102 -24 -18 46 -26 52 50 51 -49 -50 82 -33 66 81 -1 -56 -59 60 -60 -44 65 64 -64 -2 -17 68 98 -39 -58 -72 73 90 -74 93 -9 -62 -79 -14 84 -31 95 89 85 -81 -69 88 -8 -38 -4 -92 -86 94 -10 -47 -97 -5 -11 100 -63 -102 108 104 -104 106 111 -108 114 -110 -111 -105 113 -113 115 116 117 118 119 120 -15 -67 124 -124 -118 -126
right_child=1 2 15 8 7 -7 87 10 75 40 11 12 79 42 22 23 17 -19 20 -21 34 -23 39 -25 25 26 -28 28 -30 30 31 53 33 -35 -36 41 83 69 -40 -41 -42 -43 61 -45 -46 47 -48 48 49 -51 -52 -53 -54 -55 57 -57 70 58 59 -61 77 99 63 -65 -66 121 -68 86 -70 -71 71 -73 74 -75 -76 -77 -78 78 -80 80 -82 -83 -84 -85 92 -87 -88 -89 -90 -91 91 -93 -94 -95 -96 96 -98 -99 -100 -101 101 -103 103 105 -106 -107 107 -109 109 110 -112 112 -114 -115 -116 -117 122 -119 -120 -121 -122 -123 123 -125 125 -127
leaf_value=-0.02043274868003913 0.0092833694502440483 -0.022422243011961194 0.0086717678191129185 -0.022201497524801595 -0.015530541548701161 0.0032156271204795733 -0.0090115735936459069 0.021923744206150789 -0.017058216940627546 -0.010069689129222554 -0.023451580871048466 -0.026562388877989597 -0.0074992405721851715 0.0066968044493306645 -0.01455885300454309 0.012684354605505072 -0.02348215479156222 0.016005862222345749 -0.024743412857819919 -0.024858346051937607 0.0060528407348491046 0.02083729082176455 -0.025336815849207796 0.020277737376136709 0.015979015078714482 0.0052468820231755774 -0.036085346453833322 0.0064521527590988004 -0.025947221622635273 -0.012754660995455918 -0.028168949081241113 -0.021940016880715184 -0.016880829423524882 0.0098912254120594994 -0.017578545988390207 -0.026671360225989465 0.0097598713968468191 -0.00086410913179130763 -0.024396712986277529 -0.017828547919366923 -0.033345583315421881 0.010275908816691832 0.025303980319035572 0.0018770886019638601 0.0027114340493254179 -0.0031800426734056764 -0.0084935937583530408 -0.0092343558757236408 -0.033288849312568994 0.017546945571782525 0.02396994556751026 -0.0071173076546117396 -0.010226510291949247 -0.00041223185105693385 -0.031808392775133087 0.0059353083233586439 -0.00024278993472223829 -0.022738938226729392 0.027170003724284138 -0.017356190627081641 0.011342476239737637 0.017868974153787274 0.015362915111601276 -0.012204832726343269 -0.018815122476494965 -0.017888116256878667 -0.012120070357025958 0.011805935155490792 0.02090189877702545 0.030263252136846379 0.015199174718466978 -0.0028567909348343403 0.0085597047165490679 -0.028313240634581942 -0.010299474719345064 0.024672548044786313 -0.002095150796031983 -0.025784670465492994 0.011589813043483487 -0.018771879100412486 0.029055392591408939 0.011486927581452446 0.020150895011101382 0.029863238011901772 -0.0015337111685976598 0.0083229820914051643 -0.026697040177517912 -0.0076327170062354894 0.013843236102524612 -0.018602613796684323 -0.013168061164069359 0.004416316937893348 0.028781921895429094 -0.017793802244788059 0.011572366895173835 0.019142778173110157 -0.0064980654130423624 -0.0049002022674210447 0.013034395270439593 -0.010335610897662469 0.011602303721779898 -0.017061893351277339 0.024416514284218413 -0.027028250372279385 0.004130275215546134 0.013766592950086004 0.018948056835894553 -0.01227382603729988 0.01781544363258512 -0.022991500628984075 0.0060477448423125208 0.01065069682852186 -0.027079822741030067 -0.015961790858380065 -0.010608950160024045 0.021811111480837555 0.0087205069060823179 0.020402714775710391 0.011497819271934715 0.0080448552543800605 -0.025589979946325333 0.017243949505845086 0.02049244010176068 0 0.0082473824533465957 -0.021286090760615013
leaf_weight=8.3261138536035997 21.220976117998362 157.80921186693013 22.990021005272865 18.583179257810116 87.025400325655937 40.402647482231259 10.660019546747206 29.026954805478454 9.9710782878100854 21.537567460909486 14.329941160976885 10.120063897222279 20.092015262693167 7.3066088445484594 31.595765717327595 34.438664529472589 48.340878292918205 6.9800088573247185 6.978462838567796 9.654713496565817 14.096262212842701 16.965057026594877 9.709378292784093 19.552112214267254 116.76112576574087 9.7437334433197993 9.2940945997834188 263.72431016527116 8.5561361052095872 79.094083456322551 24.086637187749147 17.372742295265198 10.868959352374075 68.569382313638926 62.410946119576693 4.3220831826329222 37.631286509335041 8.4802966490387934 9.4490339308977109 257.0713204620406 4.7122545577585688 31.483599778264761 30.682760395109653 34.495581496506929 10.212668493390082 30.760223887860775 16.368416056036949 9.4093206189572829 12.920309923589228 10.674371208995579 16.210148401558399 44.670683223754168 13.749371338635681 44.184244900941849 8.008134435862301 29.861907558515668 90.983806179836392 14.641041900962589 9.8912816196680051 19.972746996209025 20.478671532124281 50.340923257172108 69.141928428784013 14.120512414723633 6.5014001168310633 29.278239130973816 11.141905665397642 4.1604482531547538 16.941866129636765 14.829753473401068 73.851030595600605 26.533605888485909 65.515368236228824 10.581056226044891 21.346523996442556 11.398484785109757 12.285014171153305 11.420083530247213 7.423704031854867 11.333147134631867 11.44626873731613 8.9765758104622346 44.717487461864948 9.7604663074016553 8.518689878284933 15.056002490222459 9.9860204197466356 14.273074701428412 110.04639707691967 6.4779558163136235 53.636132726445794 22.866040332242846 12.675233341753481 9.4918818604201061 43.026331834495068 37.449082989245653 12.347863279283045 117.13087765872478 14.499116543680428 10.220242191106079 16.601257640868429 9.7383668646216375 16.777605786919594 17.739117503166199 135.33336548693478 15.290918149054049 16.787256211042408 14.31948761641979 8.8987922556698305 17.888576582074165 17.580282039940357 20.51561451330781 9.3570181056857091 12.492763962596653 13.325950320810078 38.123217724263668 288.15165729820728 9.5535152517259103 14.668293412774799 12.126694988459347 22.323183480650194 3.5703297629952422 70.135240618139505 22.494289085268974 11.65404335409403 13.860648564994333
leaf_count=60 105 2790 148 283 1136 267 59 153 118 184 94 89 140 40 392 185 465 36 72 119 77 61 173 81 407 39 44 1170 64 578 175 152 68 326 444 48 177 44 69 3430 44 256 87 355 58 132 71 52 65 36 50 178 55 209 54 176 560 84 28 153 77 167 360 99 48 292 53 25 103 45 325 133 401 124 128 52 86 77 30 73 29 33 144 31 54 76 110 62 430 70 403 147 41 102 267 115 43 1124 80 44 62 44 54 97 520 52 50 69 31 83 63 89 41 63 71 120 1129 26 55 50 116 20 206 75 36 49
internal_value=-1.33425e-05 -0.00537569 -0.00791286 -0.0117008 0.00373929 -0.0150015 0.00213801 -0.00323443 -0.00273069 -0.00900671 0.00309259 -0.00165735 0.00203011 0.00475805 -0.0164086 -0.00168062 -0.00527281 -0.0149474 -0.00140044 0.00233629 -0.00831308 0.0069729 -0.0137727 0.00278086 0.00297213 0.00637595 -0.0155753 0.00122593 0.00533184 -0.0010901 -0.00481461 -0.0130926 -0.00115959 0.00602659 -0.0131639 -0.00413304 0.000880678 0.00397158 0.00151965 -0.0158985 -0.000957674 0.00513104 0.00690563 -0.00446219 -0.0188944 0.00756514 0.0129068 0.00445691 -0.00281595 -0.00842548 0.0117734 -0.0135079 0.00937483 -0.0067894 -0.00279539 -0.00603533 0.00417114 -0.00742477 -0.00471249 -0.000585413 0.00637114 0.0136962 0.00339961 0.00821805 0.0121791 -0.00454924 0.00642662 0.00172806 0.00648581 0.0192459 0.00535786 0.0104159 -0.00197903 -0.00658046 0.0038264 0.00585614 0.0148296 0.000520869 -0.0110674 0.00601057 0.0107073 -0.0101489 0.0116139 0.0101927 0.00572459 -0.00346424 -0.0151435 0.0096308 0.0117427 0.00520795 -0.00398057 -0.00788432 0.0169416 0.0020421 0.00591402 0.00664918 0.0127229 -0.00743626 -0.000591972 0.00932233 0.0120803 0.000658322 0.0059208 0.00230063 0.00653227 -0.00371982 -0.00680133 0.00454749 0.00755661 -0.00307612 -0.00874466 -0.0127022 -0.00614957 0.000317205 0.00846723 0.00899093 0.00790581 -0.000420108 -0.00429185 -0.0100478 -0.0175715 -0.0135843 0.00926294 0.0155952 0.0073398 -0.007881
internal_weight=4059.58 1671.48 1249.8 776.491 2388.1 566.89 421.677 303.746 209.602 158.863 144.883 103.571 89.2414 2084.35 526.487 473.307 262.469 65.5336 286.698 186.247 100.451 23.9435 368.678 210.838 1140.07 385.076 19.0378 754.99 272.28 482.709 283.015 85.6436 197.371 79.4383 76.5072 67.4014 191.286 176.592 153.282 301.276 71.8373 35.8057 944.288 44.205 58.5535 366.038 133.13 232.909 93.8848 68.2654 25.6195 57.591 139.024 61.557 137.416 117.933 199.695 91.8357 83.8275 69.1865 49.2137 117.584 143.833 89.7638 75.6433 54.0695 45.5806 67.125 52.9786 23.3101 191.368 100.385 196.935 110.073 86.8619 73.8878 41.312 39.3225 18.8438 79.1214 59.0293 88.0707 125.275 53.8697 47.5831 26.3891 14.1465 134.979 120.706 44.1092 99.4922 76.5022 21.1939 62.4893 52.9974 80.5572 49.7969 135.714 36.0367 86.9008 76.6805 26.3396 826.704 258.613 152.111 106.502 91.2113 31.1067 568.091 44.3677 35.4689 60.1045 42.3654 33.0084 523.723 510.397 472.274 65.9783 56.4248 41.7565 29.6298 32.8486 406.296 92.6295 313.666 25.5147
internal_count=26639 15073 12667 9657 11566 7711 2406 2517 1946 1682 835 596 502 9049 7444 3010 1910 559 1855 1201 654 133 4654 1100 5460 1431 83 4029 1234 2795 1717 536 1181 394 521 696 1019 1082 993 3958 546 304 3589 528 523 1348 478 870 381 279 102 243 489 361 741 787 1078 503 449 365 212 404 924 507 408 417 238 502 367 89 1018 458 1351 822 529 539 239 184 107 413 273 611 434 278 244 149 135 551 489 247 698 550 95 487 385 290 158 1407 264 317 273 106 3185 1035 574 461 409 119 2150 177 146 290 193 152 1973 1902 1782 287 261 206 156 312 1495 281 1214 85
is_linear=0
shrinkage=0.03


Tree=33
num_leaves=127
num_cat=0
split_feature=126 15 32 18 37 15 37 44 36 83 36 129 36 36 129 1 43 44 126 66 35 22 18 21 39 11 18 8 28 25 18 17 9 129 21 38 52 128 43 81 6 16 25 84 18 46 129 38 36 35 81 127 53 126 126 46 81 126 19 37 10 37 44 35 8 84 34 9 52 38 38 21 37 130 13 132 126 47 36 17 35 44 82 28 36 8 35 21 12 16 44 19 18 19 21 13 22 32 34 126 15 40 5 129 13 55 81 37 45 82 34 6 45 84 55 127 132 42 129 130 17 127 43 8 129 13
split_gain=69.2914 41.907 22.2652 20.4022 20.1146 18.5659 16.8988 15.4084 10.206 10.034 9.46895 10.0983 10.7542 9.25824 9.09417 8.58289 8.18029 8.13941 7.91511 7.79795 9.23457 9.58717 8.96365 8.21124 7.62625 7.39539 7.16721 7.85829 8.67552 7.13187 10.6019 9.61567 7.93782 6.90618 6.85532 6.83144 8.23541 8.5156 9.44413 8.87181 7.70968 8.57146 10.3123 7.4203 7.70004 6.78725 7.21843 6.73791 6.62944 7.95519 6.62588 6.62582 8.25418 6.59377 6.56575 13.1407 6.5134 6.39765 6.34247 6.33132 6.27629 6.26754 8.7822 6.80439 6.23567 6.14257 6.10151 6.06037 6.04708 5.99746 9.34048 6.1904 6.00358 6.20365 5.97524 5.95768 7.13122 5.93696 6.2452 7.26979 7.88446 6.45314 8.20323 8.14535 5.923 5.90585 5.881 5.87761 6.05283 5.84339 5.8232 6.51054 5.802 7.4817 6.11508 5.78636 5.78226 5.77857 5.75322 5.75076 5.88376 5.74042 5.70164 5.69085 5.63715 6.04533 5.59537 5.56919 5.56696 5.53764 5.48076 5.38217 7.07667 5.38211 5.35447 5.31295 5.21626 6.33435 7.9859 7.1589 5.48946 5.18012 5.15948 5.80585 5.41628 7.96392
threshold=1.0000000180025095e-35 0.66028869511227917 -0.25466885902801512 1.7373066470302512 -0.85133124913371006 0.67357006602287717 0.71934547314982145 -0.36232843500762385 1.3581720233018757 -0.044176394643271541 0.33709836636362928 0.14990312080914306 1.0221110986941226 0.064884515351667962 1.2167291818222881 1.3660895222021952 1.4745693874424366 1.7675695572081904 0.93646610748634751 1.0000000180025095e-35 -0.58480582788377233 0.54101804187279179 0.27032403131394273 0.96518514076231621 0.53459993547489637 0.9758345869989743 0.22364941721947923 1.0194902883042172 0.56859997787464478 1.0000000180025095e-35 0.30825111557924473 -0.40327687272599461 1.0000000180025095e-35 -0.75106739618659735 -0.82565946920843969 -0.57696161778858912 -0.91794553583102512 1.2266748854240015 -0.029743780343766596 0.78805382388762513 -0.38138924294224491 -1.2071309676860054 -0.67835997337351328 1.1240004637502798 0.93050127479136135 -0.52049787985584484 0.29980624161828656 0.065214478590303507 0.69570640430892106 0.25748435331821762 -0.42040003150964528 4.818092028118282 1.7445574075533545 -0.65647462894876696 0.71988617216173789 -0.49373698977127095 0.42614167754329108 -1.1496393301641115 -0.71097397258792316 0.26154863737430506 0.29884471408646318 -0.71934547314982122 -0.026928631582612297 -0.23488283606837862 0.43415176364014396 0.072313178754879873 1.2855402651315522 0.62704097211895682 0.050639551977089907 1.0564019838712604 1.9972898968882056 1.0503987712244562 -0.18078832144524856 -0.73996078307644375 -0.51094737881640506 -0.11144141411414848 0.71988617216173789 -2.146986411776759 1.6174699736845655 0.38853249326803124 1.9984104796413054 0.060536548846081256 0.47455041730195957 0.56859997787464478 -0.25961243777986026 0.14148250130810744 -0.23488283606837862 -0.068643857280628787 1.099538564074044 -0.40686325512011551 1.7119304433765474 -0.93947118506095062 0.87121237517529637 -0.89377174256634506 0.21877086642066049 -1.2078725333272433 -0.055017298612551745 2.3929892980723708 0.29084597811907847 -1.061279944245243 -0.6038297937631919 0.99144812583911046 1.0000000180025095e-35 0.67501525704826237 1.3550135187448717 2.2802401063452371 0.046152098361204555 -0.44718804378652738 -0.085068948880889547 -0.67500389930363491 -0.703848308893395 1.3852454870491688 2.0572693730722142 -0.042705716712619045 -1.221196071934405 -0.87565529936364983 -1.2641245761626141 -0.43591617715270664 0.77341320301528982 -0.10063179249655434 0.06356789748405986 3.0661697735084568 0.65906855558924782 1.0194902883042172 -0.96955972962269865 -0.58963247690633847
decision_type=2 2 2 2 2 2 2 2 2 2 2 2 2 2 2 2 2 2 2 2 2 2 2 2 2 2 2 2 2 2 2 2 2 2 2 2 2 2 2 2 2 2 2 2 2 2 2 2 2 2 2 2 2 2 2 2 2 2 2 2 2 2 2 2 2 2 2 2 2 2 2 2 2 2 2 2 2 2 2 2 2 2 2 2 2 2 2 2 2 2 2 2 2 2 2 2 2 2 2 2 2 2 2 2 2 2 2 2 2 2 2 2 2 2 2 2 2 2 2 2 2 2 2 2 2 2
left_child=5 2 3 4 18 6 10 54 26 33 15 16 25 -11 121 19 29 35 47 20 34 90 23 64 -20 61 66 28 -28 92 31 -31 -33 -6 -1 43 45 40 89 -40 41 -38 -43 44 -3 46 -37 48 49 -2 -26 52 77 102 74 -56 107 -32 -47 -5 -49 62 -13 103 84 -44 -9 -10 75 71 72 97 -71 -74 -4 76 -15 -7 79 81 122 82 -79 86 -21 -64 -83 -18 -89 -39 91 -22 93 -12 -94 -35 -54 -42 -67 109 -101 -85 -16 -63 105 116 -96 -24 -102 -36 -77 112 -93 -57 -70 -112 -14 -118 120 -120 -119 -8 124 -124 -81 -126
right_child=1 17 7 59 9 51 14 8 67 13 11 12 104 68 53 -17 87 -19 24 22 21 -23 56 -25 50 -27 27 -29 -30 30 57 32 -34 95 99 36 37 38 39 -41 69 42 65 -45 -46 58 -48 60 -50 -51 -52 -53 96 -55 55 113 -58 -59 -60 -61 -62 63 85 -65 -66 98 -68 -69 114 70 -72 -73 73 -75 -76 110 -78 78 -80 80 -82 83 -84 101 -86 -87 -88 88 -90 -91 -92 111 94 -95 106 -97 -98 -99 -100 100 108 -103 -104 -105 -106 -107 -108 -109 -110 -111 115 -113 -114 -115 -116 -117 117 118 119 -121 -122 -123 123 -125 125 -127
leaf_value=-0.026065204400729656 -0.009578844585828165 -0.017017036180818217 -0.0064686405846093864 0.0092936649068291501 -0.023829247344367123 -0.017065047947508967 -0.011632446388403911 -0.013714737724435624 -0.00015599826598696094 -0.015314372301681532 0.014233845185795164 -0.015506174059405079 0.014828829477819114 0.019901299888195986 0.014567481038170488 -0.01798161931484412 0.027316144691310603 -0.020634172534168098 -0.023306705180091682 -0.019748085835255034 -0.017171497407726125 -0.015394533844907675 0.012270642575519757 0.0072662918459292835 0.018412796875725508 0.022601646769441406 0.0062383760146231832 -0.024031129714858292 -0.020447938067164481 -0.010029334448912543 0.0041047817101708666 -0.0035985854233089691 0.029637514836577981 -0.0059516639743918444 0.0071627160338422896 0.016031143479815987 0.021402173860272454 0.029492699925691937 -0.027651626613234975 0.0081226533562811353 -0.0045424525761560515 -0.018011929404328879 0.028331109262776381 0.021243594636588557 0.0063953539929076922 -0.00093250167872219495 -0.020614541779749293 0.018154071692394604 -0.022712540171457428 0.015585174043597532 -0.013395604678671175 0.030641113261955524 0.00059335483924493259 -0.010248976531620588 -0.022197861995920099 -0.0075992679545247724 -0.016523136363301074 -0.032919797037455914 0.024386721015713504 -0.013789125037000955 -0.0082167462290656176 -0.02187799686884611 0.018674935908825751 0.018978247880964895 -0.031333251439217287 -0.020252816530973324 0.0031571818020502823 0.02605137597832962 0.01963092499489907 0.020760647374444569 -0.015590522575294955 -0.02000564247216188 0.022752748150300768 -0.014329931537156403 0.02398544376254173 -0.025035128959262038 -0.0060447421486911753 0.0067050641184235741 0.017174512984073048 0.019278667955867954 -0.014361005965026095 0.0016924526100427042 -0.019853839789244775 -0.0050997026990706176 0.00048653977328277687 -0.0049847429406967717 -0.015527944001002813 -0.016265595267850697 0.017759103192141742 0.0059022548042997379 0.018992778630010365 0.0074020242617811559 0.022214864484838837 -0.014823940203005072 0.010000456324037741 -0.017019094187786962 -0.024529310947575159 0.018872484098832423 0.017018218596105417 -0.012848602241605438 -0.0081068648617690104 0.026777335209858626 -0.0068939712184312284 0.0098332789736485047 0.015518412333066682 0.020415895606828379 -0.021433233935507563 -0.0054634383876732192 0.014662557079306063 -0.017226882784907756 0.024516206006299588 -0.0068821417954145489 -0.014072892983309854 0.020371620452702934 -0.02080068188343211 -0.0052501152751723056 -0.015473085792729085 0.022432512288636203 -0.029674301411275458 -0.00094752415625002327 -0.002432724984326947 0.012339884524421843 0.019256049501919253 -0.0024502231689246187 -0.0024323853601904422 0.010299427507560537
leaf_weight=11.311242394149302 24.262612571939826 39.14045756496489 6.4177931211888781 56.457645939663053 111.2163547873497 8.1082033254206163 147.78904838114977 124.93187971226871 18.234263116493821 119.67268066387624 8.1042317580431682 17.533139705657959 13.497920136898754 22.042716961354017 36.722121462225914 21.351699875667691 14.37697894126177 12.375281823799012 24.031431765295565 26.81846959143877 10.83978684991598 19.301984280347824 44.384343991056085 16.003201626241207 9.6918686479330081 54.298950590193272 75.042464660480618 10.447813510894774 11.794316532090305 11.179820284247397 7.5514536648988724 8.2217291295528394 24.218565557152033 56.766724329441786 10.577784609049557 8.6775489859282988 28.239512607455254 25.721436116844416 7.311081942170861 23.973096678033471 138.41755736805499 15.956568188965319 10.559104669839146 6.9215805828571311 17.593593526631594 10.899994809180496 8.6482122503221017 32.390902660787106 11.956601023674009 19.429645543918014 12.112658426165579 9.4371983632445318 25.505989696830511 24.585376741364598 13.165914405137299 7.7639633305370834 12.730638686567543 7.6334051266312581 41.326244678348303 12.126287601888178 9.9045782610774022 6.5182372070848968 23.356870863586664 67.551549661904573 17.32856241799891 6.4290740154683572 22.060727762058377 12.752338651567699 2.4892472773790386 27.824017148464918 12.905191183090208 21.256042640656233 5.105022905394434 11.072637114673855 31.806256480515003 10.018346671015022 15.389518201351164 321.6669532135129 53.663649156689644 33.298365518450737 10.78633740916848 31.292041298002005 9.8161817640066129 8.0510550513863581 23.854567803442478 14.72058594226837 39.157436527311802 8.0223105028271693 8.8105435073375684 16.109688844531775 26.979713186621666 321.51844580471516 9.7713924199342745 68.514322897419333 9.1292842626571673 202.04510866291821 10.999890372157095 9.1594967972487193 6.4610898718237877 14.078453488647936 12.312158036977051 11.121660590171812 14.892062477767466 14.771694879978893 24.244403589516878 10.886343538761137 9.2551652230322343 23.566057927906513 34.830888569355011 30.476915162056684 5.1968777813017359 28.433026138693094 13.435788717120884 21.396837309002876 22.846523070707917 40.371536459773779 31.069377120584249 17.616700766608123 9.3378302343189699 33.166388999670744 13.338498603552578 7.6677626986056557 85.220285009592772 12.209311317652462 64.098241906613111 136.93211551010609
leaf_count=95 214 335 43 258 2094 42 1615 1367 127 1585 35 70 48 152 177 181 48 128 305 197 52 118 177 65 65 166 483 97 100 86 34 40 93 582 49 35 95 82 52 113 752 104 43 25 90 51 52 122 94 110 88 28 112 202 119 63 57 66 139 116 53 41 67 259 129 53 170 62 21 92 75 110 26 83 147 126 189 1222 169 114 44 146 41 52 120 58 179 45 28 79 128 1526 32 399 38 2700 56 39 33 121 77 36 106 74 89 33 40 149 169 179 36 130 77 108 342 411 140 65 57 135 60 59 269 42 250 482
internal_value=-6.46945e-05 -0.00470826 -0.00782548 -0.0105417 -0.0119709 0.00324278 0.00121385 -0.00154224 -0.00492786 -0.0143544 0.00257861 0.00555184 0.0085783 -0.0094557 -0.00621556 0.000312722 5.29806e-05 0.0024473 -0.0018405 0.000900901 0.00266427 0.00471672 -0.00478137 -0.0115877 -0.0120033 0.0131692 -0.00699884 -0.000634278 0.00238811 -0.00263788 0.00563443 0.0131348 0.0212687 -0.0174636 -0.00488274 0.00306498 0.0044103 0.00258553 0.0116724 -0.00074238 0.000278813 0.00909553 0 -0.00603004 -0.00971972 0.0138104 -0.00222372 0.00295839 -0.00384587 0.00164263 0.000798754 0.00672309 0.00642254 0.00222453 0.00990913 0.00159733 0.00232375 -0.0152061 0.0191278 0.00502978 0.0118622 0.00947194 0.00146831 0.0143763 -0.0161092 0.0124338 -0.0111581 0.0110129 -0.00342797 -0.00237844 0.00594959 -0.00522165 0.0125398 -0.00181014 0.0187612 0.000131702 0.00927632 0.00704338 0.00730678 0.00658787 0.00983609 0.00392148 0.00585221 -0.00317231 -0.0103394 0.00955794 -0.00792042 0.0138937 0.00137237 0.0208277 0.0057276 0.00471519 -0.00731847 -0.011568 0.0041426 -0.0146354 -0.00734876 -0.00295175 -0.0014748 -0.00228131 0.00349904 0.0136535 0.00830493 -0.000286968 0.0025545 0 -0.00595859 0.00608669 0.00860877 -0.0108506 -0.00602839 0.00542163 0.00649236 0.01282 -0.0161198 -0.00133742 -0.00202164 -0.00434588 0.000464634 -0.00786456 0.0118834 -0.0103595 0.0106726 0.0165082 0.00817369 0.00623311
internal_weight=4058.17 1688.32 1176.23 820.42 751.836 2369.85 1498.49 355.815 275.264 608.056 1266.83 546.698 351.908 238.027 231.656 720.134 194.789 512.084 143.78 698.782 534.096 420.509 164.686 84.0048 45.836 198.751 244.277 97.2846 86.8368 163.579 58.805 43.6201 32.4403 370.028 113.587 499.708 436.053 366.501 73.1153 31.2842 293.385 67.6453 39.4058 63.6556 56.7341 69.552 17.3258 97.9443 55.6489 43.6923 21.8045 871.365 861.928 76.1996 80.5508 42.3267 80.681 15.1849 52.2262 68.5839 42.2955 144.452 55.6106 88.8415 68.0016 23.4493 146.993 30.9866 118.355 225.74 56.9069 168.833 44.0017 16.1777 38.224 93.019 37.4322 825.422 817.314 763.65 342.545 421.105 331.483 89.6222 50.673 38.0775 70.4495 31.2098 16.8329 41.8311 401.207 374.227 104.774 76.6186 28.1558 258.812 36.5059 147.577 12.8902 102.276 61.2215 19.1727 51.6142 21.2899 153.157 128.913 18.3844 67.9504 47.143 41.0547 55.5868 363.387 334.954 29.1608 25.3358 45.5684 118.027 104.529 73.4594 42.5042 30.9552 155.457 331.758 97.4296 234.329 201.03
internal_count=26820 15235 12549 9663 9289 11585 8301 2886 2406 8238 6142 2346 1362 2862 2159 3796 984 2686 1051 3615 2721 2031 894 511 458 735 2217 680 583 863 319 219 133 5376 690 2558 2108 1831 326 165 1505 328 233 450 425 277 87 593 418 324 153 3284 3256 485 480 290 383 100 190 374 175 569 195 374 446 129 1537 189 1277 1177 276 901 201 109 190 914 341 3088 3046 2877 1201 1676 1263 413 317 125 325 121 73 161 1913 1785 544 434 110 3282 168 791 86 595 367 88 283 115 627 538 78 326 246 228 573 1733 1603 171 363 447 505 457 317 192 125 1674 1157 311 846 732
is_linear=0
shrinkage=0.03


Tree=34
num_leaves=127
num_cat=0
split_feature=12 37 40 2 52 38 32 129 41 38 60 10 130 37 12 40 33 82 81 32 18 81 40 129 131 7 32 116 9 13 18 82 129 38 81 49 39 46 18 45 130 38 33 36 22 18 37 42 13 41 49 2 22 42 24 42 42 82 9 41 41 131 24 2 81 84 8 2 7 40 7 8 45 37 82 36 24 52 82 31 82 12 2 48 82 13 36 42 43 51 45 131 19 26 43 84 36 131 25 18 20 18 7 38 38 38 32 20 18 84 55 38 8 7 36 14 27 7 49 36 36 84 25 18 46 37
split_gain=65.1509 32.4822 17.1129 19.1926 18.3343 16.7168 15.9683 15.3422 13.9747 13.2492 12.6824 12.266 10.8618 10.241 8.81568 10.9523 10.3562 8.76162 8.57056 9.39471 8.72772 11.6788 8.43629 8.40484 7.68809 7.45974 9.08586 9.58436 7.44642 8.7295 7.37354 7.27196 7.2172 7.07413 8.00679 8.73982 7.0621 8.31668 9.32112 8.01325 7.15758 9.63037 9.03756 7.04154 7.56907 6.95229 7.30108 6.89378 6.82999 10.5467 7.10575 6.72104 7.09945 6.66675 6.56942 7.38277 7.12925 6.51985 8.98675 10.0173 8.19523 9.56863 9.15624 7.80937 7.54898 7.48871 6.44614 7.49991 7.97682 8.41726 7.34238 6.36289 6.29546 6.23175 6.20197 7.03345 6.16615 7.07626 6.1578 9.17245 7.15874 6.83198 6.28292 6.51819 6.11864 5.89577 11.5569 7.58355 6.93054 7.02176 5.93681 5.88883 5.87379 5.8281 6.65899 5.82675 5.75758 8.16393 6.15634 5.74921 5.6908 5.61045 5.54573 8.56974 5.50854 5.50192 6.76725 5.4727 5.55774 6.64382 5.40407 5.29518 5.27113 5.17635 5.16968 5.31917 5.13629 5.99013 7.01892 6.03969 7.95839 5.9543 5.45123 7.00228 5.10665 5.07065
threshold=-0.065121123152961494 0.55466348960413014 0.76465013121268244 1.0000000180025095e-35 -1.4517656199008184 -0.60625343854257185 -0.25466885902801512 -0.16424168019088742 -0.77825284366533121 -0.059284140598911995 1.0000000180025095e-35 0.52572119004777851 -0.65757852365643299 -1.7534858911500166 -0.69580422778608686 0.432928194370088 -0.78668746603278572 2.0305632297248439 0.24310079639670509 0.62788386000544671 -2.2328847146379713 0.046152098361204555 2.7400277494410368 -1.5563854456184087 0.97200098946635471 -0.15415158046844765 0.62788386000544671 1.0000000180025095e-35 -1.8091889082384265 1.8945684770758435 2.371285435797307 -0.90334624794664464 -0.75106739618659735 2.288116685005313 -0.66511219520796006 0.17038054993727972 -0.26318125960743671 0.080566290709491825 0.26242774120176182 0.018409868971892503 1.1428337671634143 -0.19250504939223126 1.073308880543977 -0.45880338262433179 -0.36599225886577441 -0.57779871081863432 -0.39232295606145767 -0.70230536006741551 1.0121713056387336 0.99940071652786555 0.17038054993727972 0.48763162707258817 1.0000000180025095e-35 -1.0053245002453346 0.79598698351919694 0.78933949569125816 1.7545733066781339 0.14727556344631193 -0.99711228145263198 -1.1713092639888958 1.2441904687463847 1.1217663885911799 -0.42243224834802934 0.1750235033266388 0.29162614154610517 0.24468524852237319 -0.44385602335596552 -1.0754089916571583 1.2598179494631836 1.3357033699605867 -0.88024404178469062 1.8974980753003268 -1.6857607278770088 -1.464996125345909 0.55824673805080349 0.053559656899368611 -1.0316418642816423 1.0056679811212774 0.44870101471711482 1.0000000180025095e-35 -0.33883181910797727 1.099538564074044 0.48763162707258817 1.0000000180025095e-35 0.33442047648685852 -1.2303539899243672 0.47014148227736824 -0.16848606960918197 -0.17514743164195121 1.0000000180025095e-35 -0.030288234494060196 0.16979848472017353 0.5076778272682233 0.860227418489377 -0.30063113714594653 0.33059602135348637 -0.63314415446409489 0.27849043056872208 -0.67835997337351328 0.37463089246877473 0.4019834757118349 -0.25077104150393098 -0.4216593293744319 0.71537750229544572 0.2721178522086854 -0.73684788905306964 1.0000000180025095e-35 -0.38338518741182631 1.1477672578345013 0.12604211399146834 1.0000000180025095e-35 0.34617938920206481 0.28781713247412571 0.1515715611383914 -0.88756522245020719 0.45655649970555218 1.5861051941282576 -0.45987472207528679 -0.40964751569492208 -0.034108293190391846 -0.35894171058789259 0.056908570260825055 -0.67835997337351328 -0.74187244678555941 0.65490683436748054 0.45528194503153263
decision_type=2 2 2 2 2 2 2 2 2 2 2 2 2 2 2 2 2 2 2 2 2 2 2 2 2 2 2 2 2 2 2 2 2 2 2 2 2 2 2 2 2 2 2 2 2 2 2 2 2 2 2 2 2 2 2 2 2 2 2 2 2 2 2 2 2 2 2 2 2 2 2 2 2 2 2 2 2 2 2 2 2 2 2 2 2 2 2 2 2 2 2 2 2 2 2 2 2 2 2 2 2 2 2 2 2 2 2 2 2 2 2 2 2 2 2 2 2 2 2 2 2 2 2 2 2 2
left_child=1 2 4 48 47 7 11 10 9 53 105 13 76 -7 16 18 -10 32 19 20 -16 30 85 -14 -3 28 27 51 -8 78 91 -11 -18 34 35 74 37 38 -36 -40 42 -42 102 -39 -45 -25 -47 -1 -4 50 -50 84 -53 -6 55 -26 -57 58 111 63 62 64 65 -60 -62 -59 -13 -68 69 70 95 -17 -43 110 75 -15 -12 -78 80 -80 81 125 83 114 -27 86 87 -5 -87 90 -90 116 -48 94 112 -69 -20 -98 -99 -84 -93 -23 103 -38 -76 124 -107 113 -109 -110 -64 -28 -81 -74 -82 -116 117 122 121 120 -120 -119 123 -22 -2 -30
right_child=5 24 3 22 8 6 25 -9 14 31 12 66 23 33 15 71 17 -19 96 -21 21 101 -24 45 54 26 57 -29 29 -31 -32 -33 -34 -35 36 -37 40 43 39 -41 41 72 -44 44 -46 46 92 -49 49 -51 -52 52 -54 -55 -56 56 -58 60 59 -61 61 -63 73 -65 -66 -67 67 68 -70 -71 -72 -73 107 -75 104 -77 77 -79 79 93 82 -83 99 -85 -86 88 -88 -89 89 -91 -92 100 -94 -95 -96 -97 97 98 -100 -101 -102 -103 -104 -105 -106 106 -108 108 109 -111 -112 -113 -114 -115 115 -117 -118 118 119 -121 -122 -123 -124 -125 -126 -127
leaf_value=-0.0097663476952805171 -0.010082706550665217 -0.013624896291673542 0.011472063309627007 0.026429133615470612 0.0026529828838377499 0.020391966721794975 0.023891939889855156 -0.02062772158751059 -0.020325057546660003 -0.0082199141031134154 0.016535969500989629 -0.012760973588189626 -0.017936189652705523 -0.020656388355433646 0.018610553353844452 -0.017156210573767955 -0.015450744098135398 0.017679884731873034 -0.010621135651173303 0.00929516863990653 0.010956796127298602 0.00014737959847205026 0.025704473627948438 -0.010764803932015135 -0.013567046373736975 0.014364276058124887 0.0094807198378897197 -0.0024038145628024889 -0.0072969479113338571 -0.017110063788123155 0.014042028258351014 0.021023166516408943 -0.003555305545277642 0.015855460816091158 0.015409575368336609 -0.021174207421487637 -0.018097498903889116 0.012967809325923582 -0.016805543228507649 0.0065785647569996256 -0.01262895984314715 0.018902920799456761 0.013092770306819015 0.0059299693783273228 -0.014632984976702082 0.016205362515135095 -0.026835001469870785 0.013676956136962608 -0.028457117787083121 0.016913134828994071 0.010558763480099223 0.014198219275591933 -0.010627580172704947 -0.021065133343915448 0.01405540316621866 0.026050194845705914 -0.012921416163829354 0.026688410157623278 -0.03073507401836648 0.016901197357245788 0.013950174610245411 0.025248158195949885 0.017880603564050242 0.010781522650903661 -0.016139060355981928 -0.0044354898581790946 0.010413868108272736 -0.017177542615813883 0.011342181824859576 0.010596048856383029 -0.016288529657591273 0.013623151391902089 0.031996837195860106 -0.012008278805313037 0.023214063879762489 0.003691555459985832 -0.025736387364619358 0.014874989429994422 -0.013622114010567012 -0.0086538098687971021 0.019276484661272394 0.019822378177494122 -0.02873568602782561 -0.014001205626147499 0.028505433939196727 -0.016044735373868958 -0.015667954534517557 -0.0059546239097579765 -0.02523644114526339 0.018930244912541128 -0.0022596264211303088 0.012666509642396521 0.011075165510149913 -5.5049435533095287e-05 0.024320007315153054 0.017750838168385834 -0.010445918344562223 0.028378928266531572 0.0032491001779420066 0.0027125484077776332 -0.017558649618777181 -0.034457654413894485 -0.014183133969784713 0.016728836495176765 -0.0035451762270935611 0.012755689423536797 -0.017409767890998438 -0.0012441490850499421 0.023798000305654265 0.00015134649839041524 -0.0073927963067692906 -0.019112172665874821 0.018850735003877434 0.0022709166767285551 -0.017884937671442488 0.01102258781969572 -0.024027904927013455 0.021344668072238438 -0.016165846173552701 -0.012099038037709816 0.020923207676983389 -0.0057012204037172843 -0.0014204402550617211 -0.027670069914436619 0.0068598064534523264 0.018229246000090446
leaf_weight=12.762635525315998 135.16010979376733 339.17539543099701 181.29227312095463 18.782187905162573 11.403593823313711 31.157500013709068 14.502712421119211 36.307321520522237 48.467338602989912 17.963747644796971 4.9287234768271473 57.183194926008582 8.5451809167861921 18.55802262108773 13.758409257978199 48.105119030922651 61.017718346789479 13.169023981317876 8.3340698555111867 60.943135436624289 4.3518370594829348 5.3901566881686476 7.3841532841324797 10.814575895667074 44.632493766024709 62.580376747995615 9.5353888720273989 24.772619169205427 26.414901982992887 18.042026843875647 19.692202121019363 11.803439322859047 184.60784800723195 36.362478967756033 123.78836976364255 23.54018703661859 9.7781314048916119 22.804659256711602 14.462805055081843 87.932990958914161 28.441731175407767 27.215644767507911 17.992526106536388 26.676534198224545 37.557303853332996 101.34303475543857 6.0239300280809385 63.822659658268094 13.520433310419326 12.456596940755842 5.1643376387655726 42.577227812260389 12.657513581216334 103.08344660978764 15.179191738367079 9.0186295546591264 6.3764822576194993 14.821351688355209 6.6651036739349347 118.46925287693739 15.234636984765531 25.119840368628502 13.613421075046064 7.7767186462879181 12.954433355480431 11.721143707633017 37.844001609832048 5.6732324957847622 21.968616724014282 16.932515539228916 69.116458144038916 6.0295953750610343 10.271379426121714 60.251655396074057 13.919811975210907 22.602045202627778 18.18359745293856 4.0303507614880791 12.478242911398409 12.580475479364397 15.866759721189732 23.657503791153431 15.519837472587826 19.866807505488396 57.359074886888266 56.490396004170179 15.236911021172999 9.0280508846044558 11.059154346585272 10.841417144984005 67.288444470614195 26.621519967913628 6.7462883330881596 22.629382874816656 42.848686538636684 11.056982694193719 8.5029937475919706 28.050520453602072 13.385368388146164 7.1782379746437064 6.0405897311866275 15.786192769184707 65.089996729046106 14.46753618866205 12.173276979476212 25.373368112370372 7.9608251228928557 130.15450245141983 19.05756551772356 23.485873535275459 14.858039587736128 12.065898135304449 10.615060374140738 10.654897578060625 9.9864909648895317 10.924168072640894 13.931460438296197 18.037912383675579 7.3680790439248112 47.20782276801765 12.819936867803333 11.106352647766469 20.281571839936078 25.238946778699756 17.220971800386906 8.3961660563945753
leaf_count=91 1155 4917 772 60 128 94 44 300 586 169 37 451 57 168 68 317 713 73 71 357 37 41 21 76 347 223 36 107 128 89 74 73 1547 135 536 220 82 105 86 381 158 99 82 104 202 405 68 356 98 43 26 151 65 1352 79 36 60 44 48 411 53 75 40 38 47 49 208 57 117 74 608 21 27 278 56 152 169 29 59 60 62 79 96 101 165 344 69 45 84 42 330 160 50 93 127 66 60 106 67 29 48 132 393 57 83 145 51 585 60 92 49 48 33 46 55 37 142 98 72 442 79 97 207 294 117 46
internal_value=-6.77354e-05 -0.00435904 -0.00210856 0.00301572 -0.00431837 0.00334882 0.00453401 -0.00234716 -0.00555808 -0.0140673 -0.000368219 0.00209494 0.00577649 0.00376841 -0.00385144 -0.00101808 -0.00770784 -0.00526418 0.000845668 -0.00114892 -0.00375835 -0.00516068 -0.00373227 0.00930614 -0.0117022 0.00774044 0.00983703 0.0148719 0.00366928 0.00242831 -0.0029698 0.00358461 -0.00657317 0.00309003 0.00245581 -0.00584837 0.00359292 0.00687326 0.00989561 0.00311609 0.000692133 0.00348614 -0.00574183 -0.000969953 -0.00608714 0.011321 0.0135155 0.00965603 0.00924756 -0.00356328 -0.0175324 0.0173318 0.00836801 -0.0186742 -0.00292652 -0.00742984 0.00992202 0.00667561 0.0111141 0.0140258 0.00254814 0.0121664 -0.00194076 -0.00893425 0 0.0131732 -0.00418585 -0.0010921 -0.00466151 -0.00818746 -0.0120062 -0.0134886 0.00562268 -0.00659212 -0.000208371 -0.00744472 -0.0111877 -0.0179155 0.00398114 0.00956348 -0.000134001 0.00773535 -0.00599449 -0.00050458 0.0213316 -0.00502924 0.0046022 0.0159705 -0.00790768 -0.00259982 -0.0058179 -0.00478439 -0.00723995 0.0129752 0.0174188 0.00543658 0.0112995 0.0151533 0.0205996 -0.0189688 0.00663194 -0.0259047 -0.00967134 0.00240424 0.0109492 -0.00570101 0.005167 0.00365307 0.00182996 0.0111162 0.00478638 -0.00649674 0.00406809 0.0177922 0.00688439 -0.0028323 -0.00715519 -0.00537726 -0.000943725 -0.00627798 0.00712102 0.0110912 -0.0137132 -0.0217188 -0.00811619 -0.000719333
internal_weight=3997.11 1772.01 1357.63 408.544 949.085 2225.1 1842.46 382.638 872.5 144.254 346.331 1047.92 160.616 828.146 728.246 420.984 307.262 258.795 366.849 308.576 247.633 233.875 196.111 133.473 414.382 794.541 523.034 199.947 271.507 257.005 212.698 29.7672 245.626 796.988 760.626 90.7933 669.832 313.223 226.184 102.396 356.61 249.282 107.328 87.0385 64.2338 124.928 114.113 76.5853 212.434 31.1414 18.6848 175.174 55.2347 114.487 75.2068 60.0276 15.3951 323.087 154.512 132.911 168.575 53.3089 115.266 14.4418 28.1891 26.5425 219.775 162.592 124.748 102.779 85.8467 54.1347 220.84 88.7231 67.2532 41.1601 27.1427 22.2139 238.963 101.152 137.811 58.4686 79.3423 56.6442 119.939 188.727 43.0471 27.8102 145.679 89.189 78.3476 193.006 12.7702 88.6736 66.0442 16.7302 58.273 49.9389 41.4359 22.6981 32.6621 21.1763 89.3357 24.2457 26.0931 185.715 33.3342 193.624 172.698 42.5434 28.4715 21.6013 23.1955 20.9263 36.7774 20.9107 160.344 146.412 96.5401 67.3958 20.188 29.1443 49.8724 29.5908 152.381 34.8111
internal_count=26759 15451 10012 1934 8078 11308 8649 2659 7631 1722 2359 5584 891 4003 5909 2990 2919 2333 2652 2348 1991 1923 995 656 5439 3065 1927 711 1138 1094 1750 242 2260 3909 3774 679 3095 1414 1003 467 1681 1067 614 411 306 599 523 447 939 167 124 604 216 1480 522 443 96 1216 581 497 635 175 460 86 100 93 1581 1130 922 805 731 338 909 367 459 320 235 198 1005 372 633 253 380 255 388 974 174 105 800 456 414 1676 118 313 220 123 304 233 173 125 208 173 532 139 139 1468 196 810 737 152 89 84 93 73 154 92 1468 1326 788 593 151 195 538 331 1272 174
is_linear=0
shrinkage=0.03


Tree=35
num_leaves=127
num_cat=0
split_feature=126 15 32 43 2 74 10 2 129 15 18 83 130 15 39 31 6 15 28 21 15 127 126 131 83 41 53 42 128 81 127 22 44 36 42 8 33 43 41 6 126 18 8 39 31 25 47 81 43 16 23 47 128 32 15 43 40 52 46 128 83 129 52 41 34 33 41 28 21 83 42 12 24 129 11 27 68 44 12 42 81 39 128 34 53 132 81 34 14 36 36 36 36 83 15 132 44 81 81 16 53 130 128 99 130 130 39 7 2 128 32 41 16 16 7 18 81 15 81 14 128 7 41 28 18 41
split_gain=71.7526 49.2426 28.4282 12.7874 11.9876 11.3744 11.3556 14.215 10.814 9.66091 9.30398 9.11173 8.31812 8.18773 10.5106 10.0735 8.04396 8.02384 7.98974 7.53267 7.48786 7.38517 7.83599 7.47949 7.2624 7.41833 7.93656 7.03308 6.9491 6.92498 6.90242 8.48496 7.08759 6.77133 7.75993 6.71808 6.69597 6.64675 6.90722 6.50503 7.1046 6.34942 6.28907 9.28475 6.76074 6.27869 12.374 6.26381 6.25037 6.19066 7.93407 7.67233 6.45128 8.32114 7.05858 6.43268 6.15723 6.10326 5.93802 6.1846 6.6948 6.26962 5.93527 5.80349 6.10053 6.91162 5.73575 5.73207 8.12415 5.6975 5.64633 5.64548 7.17322 5.56854 8.20445 10.9337 7.85617 6.53133 5.88582 5.55666 6.13537 5.49443 5.77488 6.25051 5.3954 6.77663 5.29821 6.23037 6.34708 5.7979 6.45443 7.05562 6.78761 5.6478 5.24132 5.20795 5.18695 5.78812 7.04465 10.9834 5.27874 5.15415 7.61633 6.13694 5.77475 5.15278 5.10142 5.08785 5.07906 5.03264 4.9768 7.99976 5.75376 11.6742 5.89713 6.41541 5.87498 7.13851 8.63645 6.81794 6.16857 5.18463 5.17115 6.85619 5.00092 5.46432
threshold=-0.42600152972887578 0.13883706686648548 -0.25466885902801512 -1.5811928852560737 -1.0754089916571583 1.0000000180025095e-35 0.52572119004777851 -0.45019274416525973 -0.36324350433751801 -0.6368643286312079 1.4515042426595006 -0.056539339331538145 1.7555428491729346 0.61101100128460895 -0.77350402510680449 -2.822568532271883 0.79636724371869738 0.87485296593381234 1.0000000180025095e-35 1.2772926410601249 -1.9012682675480403 -0.21868445388496552 0.2671413915360753 0.50386637710762416 1.4719700043983794 0.26512136686034932 -1.0000000180025095e-35 -0.20948484824097782 1.2831105556926299 -1.0901153904735523 0.21929610976749062 -0.54739431901348767 -0.0024181794308646494 0.042165216229326653 -0.10168627391962164 -0.29752139218994728 -1.40668624822504 0.85504192103159771 1.2441904687463847 -0.97026748627271597 0.46064655260652365 0.80621537809422217 -0.88285991685402032 1.8981100272905833 1.0000000180025095e-35 -0.35023657475372694 -0.17409241943883483 0.44158723720795329 1.6564561073481541 1.0302372146284895 1.0000000180025095e-35 -0.80151305397549388 -1.2831105556926294 1.9517129385556393 0.38977413060043958 0.77012327900409472 -0.071467307060971388 -1.250596085505594 0.11397436189064947 -0.69224352255577026 0.15892207011567783 0.32848336038177478 -1.2255850363659029 2.1202873555626183 0.78819312162531541 -1.40668624822504 1.7376961219347933 -0.66848165899358392 0.16553422097229267 1.2481785227573112 0.16556554456953307 -0.29807015920639718 1.4051965994528104 -0.13787076328600131 0.42122111487862485 -0.48407395487090227 1.0000000180025095e-35 0.77531096865924842 1.7927596302399356 -0.55674188159167504 0.95884049206732935 -1.1087859134235407 -0.15137821162665857 0.78819312162531541 1.0000000180025095e-35 -0.87573627355902584 0.95884049206732935 0.53951954987219708 2.0613348353369259 1.3581720233018757 -0.69139296289354835 -0.41397456889407086 -0.045872646086735698 0.19193920798521194 -0.35596775505059802 1.1081645061598502 1.0000000180025095e-35 0.94362351990172555 1.5749759102216625 0.44976133861238626 0.67711686536005089 -0.33859959501908204 0.48185958206434548 1.0000000180025095e-35 -0.65757852365643299 1.0000000180025095e-35 0.3203262565174968 0.4572947027452306 0.48763162707258817 0.27632530693755147 1.0000000180025095e-35 -0.68722395644644252 -0.034907839420476587 0.34268326439582358 1.2980333421640384 -1.5959989206786234 0.071611190714928163 0.5584091480043093 0.9993558163963675 1.0000000180025095e-35 0.89362345639017648 1.0687409859589092 -0.15722389678228557 1.0000000180025095e-35 0.0091791891558004515 0.50551537231407917
decision_type=2 2 2 2 2 2 2 2 2 2 2 2 2 2 2 2 2 2 2 2 2 2 2 2 2 2 2 2 2 2 2 2 2 2 2 2 2 2 2 2 2 2 2 2 2 2 2 2 2 2 2 2 2 2 2 2 2 2 2 2 2 2 2 2 2 2 2 2 2 2 2 2 2 2 2 2 2 2 2 2 2 2 2 2 2 2 2 2 2 2 2 2 2 2 2 2 2 2 2 2 2 2 2 2 2 2 2 2 2 2 2 2 2 2 2 2 2 2 2 2 2 2 2 2 2 2
left_child=6 2 3 -2 29 10 13 30 11 20 17 -5 49 14 81 -15 28 110 35 21 -10 22 -11 -24 36 -26 -27 42 71 -4 31 -8 57 45 41 -12 -19 38 67 40 70 -35 43 44 -16 -29 -47 -37 -39 52 51 -51 -9 54 -54 -52 -40 -33 86 60 -60 -61 -18 64 65 -7 -13 -36 -69 -67 107 -6 95 74 76 78 77 84 -76 -66 -81 -1 83 -83 85 -44 105 89 93 90 -88 -92 -93 -89 -64 -73 -17 100 99 -99 -98 102 104 -103 -75 -41 -94 -38 -77 -14 112 -112 114 -114 115 -3 119 118 120 -117 -118 122 -115 124 -124 -126
right_child=1 5 4 8 16 63 7 12 9 19 18 66 109 15 27 96 62 24 -20 -21 -22 -23 23 -25 25 26 -28 33 -30 -31 -32 32 -34 34 37 47 39 48 56 58 -42 -43 73 -45 -46 46 -48 -49 -50 50 55 -53 53 -55 -56 -57 -58 -59 59 61 -62 -63 94 -65 79 69 -68 68 -70 -71 -72 72 -74 101 75 108 -78 -79 -80 80 -82 82 -84 -85 -86 -87 87 88 -90 -91 91 92 106 -95 -96 -97 97 98 -100 -101 -102 103 -104 -105 -106 -107 -108 -109 -110 -111 111 -113 113 121 -116 116 117 -119 -120 -121 -122 -123 123 -125 125 -127
leaf_value=0.0032276544709177305 -0.028404084145472391 -0.027508942623265271 -0.015747736451421301 -0.01983239221843202 -0.011905035038797194 0.010437333742189464 0.017122157920451592 0.00785017830723647 0.0039002393170281869 0.015076664419607387 0.016486251584110542 -0.010871446831450429 0.017553566643602109 -0.016459287299805839 0.016599721020228497 0.0097617911895852665 0.027553952202215133 -0.0085885310628515451 0.018371746707912841 0.01280433346775272 -0.014928870267828675 -0.0087060633776691269 -0.017811016058136068 0.013478548293811782 0.0086789129412834631 -0.030215800689661315 0.0057182033880288918 0.001687739789982156 -0.025317334307090815 0.013641189739341397 0.012646160045152904 0.0047552567403991918 0.0019301214676248606 -0.019743493544547609 0.016567281408148591 -0.024331866744987139 -0.019739162590437231 0.019872298934399367 0.003233069109256114 0.010143054896721041 -0.023266820273572981 0.010716556887967552 -0.018863220521370801 0.01646537710936229 -0.014772280327095762 0.0068423837249982277 -0.019526712598565029 0.0025828749539122671 -0.0044576765229973865 0.010525822171613113 0.017587905829325155 -0.019589002556301603 -0.010727577774916766 0.0064690611171806115 -0.027990299563816122 -0.0089464108349772472 -0.0299084043459409 -0.028320118017649738 -0.027807025843307177 -0.0088385017915367896 0.0065928176590922911 0.011914646591984499 0.0082511653153374796 0.018747364976664963 -0.021982036161656886 -0.0228866881571641 0.010889373498967221 -0.013602347574232974 0.0091147583101891579 0.0025571073155019578 0.020344946858700516 0.0037201905785240273 -0.032814808557716922 0.019066831404594042 -0.0026919341626394054 -0.026061050070055349 0.018066855767838921 0.023060869790668105 0.026217099580982731 0.016738483040943525 -0.011620701609131054 -0.014938091480336349 -0.025643032944100752 0.018165726581443019 -0.026570665168890773 0.011823964880533463 -0.010583966212369919 0.01266056379072562 0.024520120826633893 -0.018076191835525477 0.030364806753613131 -0.015136679823880977 0.014310785013828068 -0.014317003190679297 -0.01232875479081952 -0.016236045304985697 0.0041284229841073153 -0.028441010914418623 0.0067689879393652277 0.0073778028220609004 0.02533756289943212 0.014355698256368912 -0.012406087664640877 -0.0058716218872720809 -0.002650235888813635 0.026378658689493909 -0.010572488774764723 0.013334198571038453 -0.00041333151330287152 -0.0038407743063632554 -0.015010553922907184 0.0062426228013970934 -0.025755036776138263 -0.017181503986988332 -0.02025263543092222 0.0017141528896976953 -0.022195398142030281 0.0078071758774717753 0.0238409189005695 0.025044901979488957 0.0042702425534874812 0.009435046078493152 0.022236286280605855 -0.015782184705173573 -0.022415397577510897 0.0064286324487480857
leaf_weight=23.440405802801251 38.664609448052943 5.4594495706260195 7.2487229071557513 164.47973224241287 66.147409722208977 7.4101521782577029 20.568898275494576 12.74426009878516 20.856113109737635 27.727044001221657 17.328213416039944 102.8789838058874 19.932940229773521 13.947352550923823 6.4701465591788283 519.45426760613918 8.4737279508262855 29.365252310410142 52.797562848776579 22.132393063977361 160.3467657212168 149.54057957883924 18.631972353905443 9.5968535616993886 13.056428033858536 15.916556984186171 7.6155866011977222 93.877265091985464 16.03212078474462 59.945479804649949 79.289832957088947 6.7312403395772007 49.969443457201123 17.813766693696383 30.826740771532059 10.308004904538391 10.009996913373472 48.655019313097 9.5761829726398009 52.83761278912425 12.35946014150977 8.2466479390859586 9.1399898733943683 16.008099794387817 36.06901728734374 24.02973510324955 43.946141485124826 23.946567997336388 11.115666367113588 9.9898237176239473 24.627676967531443 24.363555232062936 60.627758782356977 14.664145110175012 34.82110496237874 11.195156697183846 8.9613031893968564 15.023209791630505 11.444439683109524 18.401699988171458 7.8783368133008471 39.251936208456755 32.909779068082571 5.6711713485419741 7.0261006802320471 49.350585764274001 11.238589525222777 21.446011271327734 37.36471776291728 8.9292880259454233 9.8683384247124177 88.770039631985128 4.9390613809227935 24.884500179439783 15.13898726925254 19.860296860337261 42.120634086430073 7.6719492003321639 9.5189416930079442 17.441180948168043 9.9429370723664743 13.092520561069252 20.330360807478428 7.0543685406446448 7.6575584560632697 16.896611414849762 18.961280200630426 22.04974149167538 27.26742946729064 10.639404579997061 10.445247758179901 11.672523133456705 37.384342029690742 9.0015242211520654 15.549995247274635 12.527280746027825 46.031341109424829 17.709218040108684 27.510040812194347 12.338718391954897 13.135095354169605 191.13596797734499 18.935748625546694 13.773618329316376 18.432569451630116 28.180168623104692 8.2744127884507161 5.7761219963431349 10.829986702650784 17.854029130190611 17.907947637140751 99.722668286412954 28.030906651169062 30.229415327310562 11.101993321441112 27.57421537861228 27.69123999029398 36.398810827173293 4.9669627062976351 18.628109440207481 10.313724199309943 19.39720618724823 10.34222688898444 20.059529613703489 7.0634153783321407 21.044128281995654
leaf_count=173 661 60 82 2752 772 41 108 70 157 181 61 1358 63 61 24 1800 31 164 206 136 1985 1540 238 66 65 98 33 460 197 387 356 32 288 96 121 55 77 171 40 275 126 32 69 52 204 136 289 94 47 58 128 174 483 69 216 71 38 103 84 116 30 182 238 20 44 409 78 138 188 49 41 662 47 97 79 115 210 37 29 98 60 105 175 34 64 73 110 86 81 52 31 68 160 56 124 113 180 103 101 53 46 738 112 58 79 116 38 28 59 81 161 522 262 309 102 230 253 227 24 84 77 117 57 163 68 105
internal_value=3.19877e-05 -0.00386053 -0.00845974 -0.0117126 -0.000879922 0.000806377 0.00417818 -0.000299969 -0.0107295 -0.00757782 0.00188512 -0.0153002 -0.00515931 0.00535395 0.00346265 0.00791267 -0.00396739 0.000793723 0.0102752 -0.00342104 -0.0127357 -0.00523662 0.00397277 -0.00697377 0.00369297 -0.00888268 -0.0187053 0.00438012 -0.00695378 0.0102424 0.00621167 0.000575266 -0.00429897 0.00119109 0.00496554 0.00173921 0.00492837 0.00734359 0.00282039 0.00608661 -0.00547729 -0.00995392 0.0068088 -0.00230988 -0.00966007 -0.00331746 -0.0101976 -0.00589175 0.0152993 -0.00768459 -0.000513311 -0.0106969 -0.0117194 -0.0140616 -0.0172813 0.00919631 -0.0133453 -0.0181949 0.00751045 0.000225658 -0.0139995 0.00520182 0.00581344 -0.00845768 -0.0101988 -0.0154924 -0.00862635 0.00630699 0.000691626 -0.0189604 0.00353193 -0.00509246 -0.00075121 0.00813358 0.0031976 -0.00566477 0.009106 -0.000158579 0.00893802 0 0.00628918 -0.00815328 -0.0147352 -0.00289413 -0.00604428 0.000641206 0.00985583 0.00651616 0.0141903 0.00179212 0.00444164 0.00878162 0.00434478 0.00454369 0.00147098 0.00108832 0.00847669 0.00269782 -0.00400824 -0.0138721 0.00922963 0.010666 0.00298342 0.0129596 0.00990667 0.0160796 0.00960712 -0.0073855 -0.0174038 0.00752917 -0.00225866 0.00288252 -0.00444498 -0.00882866 -0.000192053 0.00162542 0.0031231 -0.00180743 -0.0100119 0.0115156 -0.0150109 -0.00421774 -0.00730739 -0.00195242 0.00540378 -0.00123786
internal_weight=3999.23 2062.38 1038.64 726.094 312.544 1023.74 1936.85 402.403 687.429 408.832 917.97 278.597 230.82 1534.45 884.321 650.126 245.349 813.59 104.38 227.629 181.203 205.496 55.9559 28.2288 417.658 36.5886 23.5321 820.404 188.416 67.1942 171.583 92.2928 71.7239 355.859 194.006 51.5828 381.069 167.946 108.175 351.704 38.0139 26.0604 464.545 58.5473 42.5392 161.853 67.9759 34.2546 59.7707 193.033 70.1762 34.3534 122.857 110.113 95.4489 35.8228 18.5375 21.7545 313.69 76.9764 19.3228 57.6536 56.9335 105.771 100.1 65.69 114.118 89.6375 58.8107 58.2799 25.6545 172.384 106.236 405.997 138.835 55.3482 83.4867 41.3661 24.6579 34.4102 27.3841 63.9177 40.4772 20.1469 33.6942 26.0366 236.714 155.696 58.3187 97.3772 86.7378 67.7765 57.3313 31.0513 48.4598 101.297 636.179 116.724 57.558 30.0479 59.1664 267.162 62.2528 204.91 43.3171 81.0178 45.6588 15.7861 30.6903 37.787 395.932 117.631 278.301 136.167 142.135 131.033 125.573 79.3707 42.9719 46.2023 38.005 108.136 88.7387 58.5093 38.4498 28.1075
internal_count=26866 17880 11805 9152 2653 6075 8986 2300 8491 4303 5354 4188 1413 6686 4342 2344 2184 4938 416 2161 2142 2025 485 304 2117 196 131 3855 1791 469 887 531 423 1756 871 210 1921 743 525 1757 272 128 2099 280 228 885 425 149 218 1269 431 232 838 768 699 199 78 135 1485 412 114 298 393 721 701 499 1436 447 326 458 146 1594 822 1819 735 282 453 243 108 202 158 487 314 139 206 142 1073 682 223 459 407 297 266 142 362 775 2283 483 257 156 226 1084 288 796 176 391 198 105 174 144 2821 683 2138 1081 1057 955 895 581 354 314 330 819 702 393 230 173
is_linear=0
shrinkage=0.03


Tree=36
num_leaves=127
num_cat=0
split_feature=126 32 81 131 37 38 16 43 36 41 83 37 12 52 129 16 37 84 129 41 41 30 33 36 16 25 43 130 32 3 131 12 14 4 129 37 38 132 12 126 48 22 128 43 20 12 13 3 43 41 3 132 48 41 84 40 16 38 11 35 40 21 22 38 13 128 11 37 16 54 7 7 36 14 129 36 47 3 84 36 36 37 36 11 81 32 83 13 12 38 35 83 8 19 6 13 6 7 21 43 17 130 7 4 40 13 129 47 81 52 3 13 133 16 82 20 47 82 19 35 41 45 41 84 43 33
split_gain=72.8865 33.2445 22.3585 14.8578 17.8314 14.0207 12.9897 12.7357 12.6908 11.4903 11.3111 10.7546 10.2033 9.28496 9.21364 10.637 9.18577 10.9073 9.09217 8.73295 8.51679 8.74294 8.50833 8.3663 7.69322 7.61798 8.04689 7.4141 7.39935 7.42438 7.12427 6.89404 7.94857 6.83406 7.70404 6.55395 6.49056 6.46675 6.37795 6.20477 6.16282 7.37813 6.30109 9.93817 9.1866 8.26912 6.09436 7.34102 6.05178 8.48431 6.80339 6.01882 7.24596 8.22747 7.50728 7.61862 6.50679 7.03174 10.4054 9.51626 6.84921 6.06458 6.05725 5.99519 6.37624 5.97962 5.93143 6.028 8.10935 5.77896 5.73483 6.24648 5.71085 5.84541 5.68056 6.26936 7.7767 6.07093 7.04868 5.65916 6.18046 6.77862 6.8872 5.55604 6.03946 5.54383 6.21487 5.52995 5.51728 5.50361 5.4615 5.3766 5.36179 5.34275 5.31585 6.97297 5.97413 5.42079 5.17688 5.18165 5.15141 5.65298 5.10313 5.07974 5.01672 5.46131 5.7534 5.0151 5.26165 4.99988 4.99218 4.93878 4.93197 4.91931 5.87249 4.91882 6.90149 6.84703 7.05865 6.73518 6.58028 5.68176 6.04931 7.53375 8.35497 5.2927
threshold=-0.16622682921927603 -0.25466885902801512 -0.7489400705278364 1.3666657833864913 -0.22359402189326377 -0.59591036556152865 -1.3423874824858739 -1.1180080574917419 0.11733658332445127 1.1180784123703018 -0.74882794374628114 0.52883658654052312 0.96989380571202888 -0.38361525285071968 -0.36324350433751801 2.4786090606104176 -1.2869302979557984 -0.045028570679061637 -0.16424168019088742 2.3463116659184364 1.5687112478300322 1.0000000180025095e-35 -1.40668624822504 1.4524899801478852 1.1316796007283914 0.30601022248584586 1.6288819092975508 -0.96871152282521156 -0.25466885902801512 1.274465976267581 0.21469670709931385 -0.18778064629063809 1.5020692715779547 -0.50698552025547861 -0.40625918248275039 -1.1093269792082598 -1.3292740537512431 -1.0103997684945132 1.2676182901079329 1.4833851360838464 -0.47982898803521146 -0.57330889903458948 0.65700203413474945 0.67562253847660581 0.35767939381818542 -0.18778064629063809 0.72553273402540486 1.2084094689434692 -0.46643406373728979 0.87385752442158804 1.274465976267581 -0.071703040563228029 0.67381820153090211 -0.67269917589804507 0.12604211399146834 0.87192725694924256 -0.38432050265347079 0.2941074838996271 0.85888560587373342 0.50024507450241107 1.0377395094611377 0.063695693880043716 -0.029102718591449844 2.2276829218658079 1.4674208017304908 0.34612176127788524 0.78861834094848282 -1.1600583959403445 0.32577620004583996 0.19738974223779263 -0.88024404178469062 1.4126795202666032 -0.33854808443404599 0.55524783143000522 0.62009613949620745 0.55393323282378026 1.4409441510606416 -0.50905972148344047 0.31858196557997764 0.93114201114785011 1.0400610953032763 -1.0426416421974649 1.4524899801478852 1.9523965146527449 -0.70311207723114733 1.0691602195221777 -0.56034152887794419 0.54006071709913339 2.2464604225773317 -0.98748862015929773 -0.76700801775303684 -0.044176394643271541 0.14148250130810744 -0.86330544756994143 0.50192812205346182 -0.3872993675322241 1.0908063653839331 -0.38344393667357696 1.0054451268503957 -0.39756795730029265 0.29745034664282777 1.0000000180025095e-35 0.53372548814694054 -0.57469273380240238 -0.48564522357643319 -0.85940995607182413 0.36324350433751823 0.51499846794478499 0.82565452824671759 -0.57671904820927833 0.38270312739207019 1.1807822301171622 -0.15674017137679228 -1.0155175717195248 1.0043517614609871 1.1537649021183733 1.3278465008173106 -0.14945426018388147 -0.58910879260230853 1.808835946829354 0.68481568123105052 -0.030288234494060196 1.9485156217080017 -0.18968453458900042 0.75772778047447342 0.45331009835172259
decision_type=2 2 2 2 2 2 2 2 2 2 2 2 2 2 2 2 2 2 2 2 2 2 2 2 2 2 2 2 2 2 2 2 2 2 2 2 2 2 2 2 2 2 2 2 2 2 2 2 2 2 2 2 2 2 2 2 2 2 2 2 2 2 2 2 2 2 2 2 2 2 2 2 2 2 2 2 2 2 2 2 2 2 2 2 2 2 2 2 2 2 2 2 2 2 2 2 2 2 2 2 2 2 2 2 2 2 2 2 2 2 2 2 2 2 2 2 2 2 2 2 2 2 2 2 2 2
left_child=5 2 6 4 36 11 93 16 -6 91 33 18 14 27 66 20 -7 22 30 -8 21 51 -18 40 -19 26 98 -12 63 -30 48 32 109 34 -3 -27 -4 -32 39 -29 69 -42 43 -43 -45 -44 74 -48 49 110 83 52 53 61 -54 102 60 112 59 62 103 -16 -59 64 111 -25 67 68 -9 104 -33 -72 73 -20 75 76 77 78 -38 -77 -81 -82 -83 84 -50 -69 -87 113 -74 -86 -37 -10 -71 -2 95 97 -96 -76 -23 -100 101 -93 -56 -53 105 106 -15 -35 -109 -5 -1 115 -58 114 -11 116 119 -117 120 121 -119 125 123 124 -123 -14
right_child=1 10 3 31 8 7 19 12 9 87 13 -13 28 23 15 -17 17 24 72 -21 -22 25 -24 65 -26 35 -28 38 29 -31 37 70 -34 107 -36 90 46 -39 -40 -41 41 42 45 44 -46 -47 47 -49 50 -51 -52 56 54 -55 55 -57 57 58 -60 -61 -62 -63 -64 -65 -66 -67 -68 85 -70 92 71 -73 88 -75 94 79 -78 -79 -80 80 81 82 -84 -85 89 86 -88 -89 -90 -91 -92 100 -94 -95 96 -97 -98 -99 99 -101 -102 -103 -104 -105 -106 -107 -108 108 -110 -111 -112 -113 -114 -115 -116 117 -118 118 -120 -121 -122 122 -124 -125 -126 -127
leaf_value=-0.036346449660549993 0.017257812341079825 -0.016012563280661793 -0.018279597555614389 0.00140723086647663 -0.01636469359564088 0.013325594672891376 -0.019067946255980499 -0.003267386485684593 -0.013718439921587968 0.021536385798109407 -0.016993637683901018 -0.014818855437616935 -0.015080641592359721 -0.012822913325242356 0.0074297933221262628 -0.017464711275594638 0.023238916033381567 -0.021004265483416287 -0.018726331449762205 0.021100073504401195 0.014680949695332058 0.0067542031958692647 -0.0047322589287466929 0.025577322454249027 0.0046096188398972483 -0.023276144393531529 -0.015903657869752924 0.011618287917324138 0.0094465862469041983 0.022528807846372755 0.018410108441186509 -0.011760056494278914 0.0053398832910539259 -0.016596262471888154 0.01725765467414735 0.013449285808182101 -0.017664589879394382 0.0030148012546533684 0.027552261739568189 -0.014390311598894081 0.022260592777317015 -0.021901138403771173 -0.020154738662792878 0.013845060334355236 -0.022518684277407362 0.01102439748989413 -0.0155076140576595 0.012181136707116066 0.011042513916450121 0.010977710326942195 -0.020536943972404444 0.0034699648673853422 -0.015517584359795002 0.01777527669880485 -0.013890586936350225 0.028066609891720145 0.021320587774730622 -0.010835196422452634 0.01870478576868986 -0.031513513270688132 0.0097046440470163042 -0.022658719752800233 0.011600352569470661 0.018629358266858395 0.019752996837943675 0.00022685495853179107 -0.016643282669142855 -0.00098540101260105356 0.025134672624449479 -0.027716823331198168 0.012801475015083408 -0.010348614138637004 -0.036065491761599268 0.020411635939156854 0.021779997626236808 -0.029949343321513125 -0.02234942401921226 0.0066380136124692887 0.012939589734675568 0.020101135435717701 -0.02921113851626039 -0.021405917504533616 0.016415443311613591 0.019683147669356402 -0.02128775797330406 0.004692344987519967 -0.031529106948608658 -0.015128708051842382 0 0.0029191113801155287 -0.0061652343455068049 0.006409183816189018 0.0066816819437324881 -0.017479429564118364 -0.011128890576104979 0.028977237930940723 0.0075564442642213564 -0.0085654166446978222 0.011219906771294615 -0.016261450775528624 -0.015090031338829408 -0.01646314215838976 0.015379826515317933 -0.022049850763765266 0.0062948000571854592 -0.012233413028711879 0.022955122754712412 -0.01145532806939476 0.020511161601577624 -0.028513950073010254 -0.0071474043822357123 -0.018875396324856214 0.0042431318704021451 0.022300358783269823 -0.016645933524662499 0.026420030599756453 -0.012857918063954123 -0.022885235821311793 0.016784820477710724 -0.021698991217375386 0.0060332623088712066 -0.021505065144652509 -0.012285592564485305 0.011948495993259044 0.015457084159991768 0.0059336362378563821
leaf_weight=12.262919047847396 13.492563635110857 8.7693450674414652 20.100817689672112 6.9585842080414322 216.1118510235101 21.034912310540676 203.39061459712684 17.995891593396664 104.39581556245685 5.1300969235599023 7.1655846238136283 49.298968015238643 22.127383127808571 5.6917419005185357 26.787430241703987 17.892145242542028 12.561343416571615 50.857825743034482 5.8605076391249913 4.1331426575779906 78.034262141212821 203.9237245451659 34.021683190017939 18.926584899425507 12.622618021443484 15.768080353736876 16.576139818876982 75.830250106751919 296.92562935128808 45.434990644454956 30.176276724785566 11.491220347583292 23.887675978243351 57.398869493044913 16.433181583881378 14.545538060367106 21.50420089066029 121.98772085830569 20.469117566943169 8.2958567552268487 6.6035918537527314 44.488227490335703 9.777523856610058 17.177123800851408 8.5203000791370851 25.330832997336984 43.822699165903032 9.7551523186266405 22.92237675562501 7.657490722835063 10.791084663942454 9.595190457999708 15.926813360303639 119.79203822091222 12.110703524202114 11.03340217284858 34.936649264767766 21.849490635097027 18.793680317699909 10.081143941730259 15.292456187307833 6.6914007086306801 19.58258312381804 25.936670958995819 20.202159192413092 14.891781026497481 22.248378220945597 125.1598377674818 16.487077593803406 9.5397046376019698 81.319069834426045 11.115515246987341 12.265298433601858 5.8669186756014824 7.5120703913271454 11.101049788296221 11.064658030867575 93.91453511826694 8.7360391542315465 5.8399449139833441 10.592068482190369 6.3536267224699285 9.5325733646750432 14.911958966404198 15.170291483402247 6.0795751288533237 10.892313338816164 6.5071148946881285 5.2240169309079638 16.885372728109363 69.995624740608037 45.210543980821967 5.9288572892546645 4.5182644687592974 22.609877897426486 16.709779359400272 43.164353564381599 12.963366314768789 8.2800695449113864 17.554816484451294 22.446763491258025 11.29599335324019 8.0425843074917776 21.39688790217042 154.71696722693741 30.145764196291566 9.3702251054346544 10.240878315642478 6.8643614426255217 14.834800301119683 10.236636668443678 8.2567810751497728 28.344552468508482 20.136844730004668 7.8524073641747236 16.914912670850754 26.547622203826904 10.673693407326938 22.316052945330739 8.3435826525092107 16.977467056363821 13.04704098030925 12.270548123866318 115.49909311160445 8.0652725324034673 19.186287555843592
leaf_count=128 104 117 208 39 2789 68 3453 74 1293 25 66 646 115 69 150 98 57 402 54 17 294 880 223 89 84 74 85 360 992 127 116 69 110 582 93 67 226 571 60 59 44 433 105 109 70 153 385 62 135 43 64 59 104 485 89 35 125 139 62 76 58 55 106 81 72 85 121 785 55 68 327 55 111 25 36 106 102 611 55 29 81 67 52 57 125 38 62 61 28 104 412 406 33 55 147 62 216 72 35 88 219 134 44 165 856 352 39 108 27 142 74 43 146 108 63 55 117 56 74 45 64 67 52 447 28 82
internal_value=-8.3468e-05 -0.00465906 -0.0075572 -0.00551382 -0.00714705 0.00356699 -0.0160344 0.0046025 -0.0111852 -0.00610106 0.0012581 -0.00200501 0.00529419 0.003201 0.00338142 0.00478215 -0.00437093 -0.00786957 0.000189691 -0.0181562 0.00530143 0.00427161 0.00307713 0.000842928 -0.0158721 0.000811291 0.00365482 0.0107185 0.00811833 0.011252 0.0019833 0.0031281 -0.00645692 -0.00786681 0.00539733 -0.00610926 -0.00213052 0.00618776 0.0127883 0.00887936 -0.000633712 -0.00632114 -0.00833445 -0.0134713 0.00128397 0.00194037 -0.00110162 -0.0102804 -0.00376567 -0.0149993 0.000528738 0.00740779 0.0109806 0.0141264 0.000603397 0.0091558 0.00337226 0.00673106 0.000129262 -0.0068177 -0.00619591 0.000846246 -0.000137007 0.00498874 0.00382076 0.0148276 -0.00239422 -0.00049876 0.0105534 0.00232262 0.00739122 0.00990454 -0.015388 0.000683006 0.00066435 -0.00255625 0.000630297 0.00286443 -0.00859619 -0.0123383 -0.00548172 -0.0117595 0.000739405 0.00406744 -0.000390451 -0.00325611 -0.018848 0.00835539 -0.0257808 -0.00874343 -0.00263766 -0.00927011 -0.0147451 0.00792463 0.00625191 0.0151622 0.00101796 0.00292384 0.00514169 -0.007252 -0.00325279 0.00157793 -0.00189294 -0.0141936 0.00372493 -0.00495105 0.00929165 -0.0124055 0.00163153 -0.019186 -0.0240589 0.00267671 0.013903 0.0133655 -0.000882278 0.00335878 0.00120327 0.0104442 0.00456496 0.00315351 -0.00543407 0.00436723 0.00709887 0.00893842 -0.00718875 -0.00534101
internal_weight=3925.11 1742.08 1169.51 943.971 794.364 2183.03 225.535 1841.51 439.087 222.976 572.577 341.518 1710.42 472.87 1021.69 822.827 131.098 110.063 292.219 207.524 804.935 726.901 46.583 361.109 63.4804 346.644 246.335 111.761 688.725 342.361 263.002 149.607 45.6811 99.7066 25.2025 100.309 355.277 152.164 104.595 84.1261 327.291 111.898 105.294 70.1857 25.6974 35.1084 335.176 53.5779 110.838 30.157 80.6811 380.257 200.384 153.271 47.1135 31.1867 179.873 133.588 70.3069 51.5132 46.2845 33.4788 41.4321 346.365 320.428 33.8184 198.863 176.615 34.483 215.393 103.926 92.4346 29.2167 11.7274 281.598 178.639 135.219 124.155 30.2402 43.4193 32.3182 26.4783 15.8862 69.89 54.978 142.132 16.9719 39.6265 17.4893 32.0557 84.5412 183.349 15.4686 18.0108 102.959 37.1852 65.7742 20.4754 229.759 25.8349 78.9533 56.5065 20.1533 30.9921 199.925 45.2077 15.062 74.5041 17.1052 21.7934 22.4996 300.226 63.2812 33.1193 12.9825 291.969 225.087 66.8821 49.9672 198.539 27.6512 190.196 148.882 136.611 21.1123 41.3137
internal_count=26661 15963 11986 8357 7615 10698 3629 8417 5098 2309 3977 2281 7583 3050 5066 3931 834 766 1635 3470 3833 3539 280 2505 486 1641 1088 545 2517 1119 1417 742 291 927 210 553 2517 687 479 419 2331 914 870 612 179 258 2309 447 730 245 485 1898 962 690 272 168 936 654 383 321 282 205 245 1398 1317 174 1135 1014 129 1417 451 382 218 79 1862 1329 994 892 281 335 229 200 119 421 364 885 100 257 139 229 479 2052 101 159 533 170 363 108 1003 123 759 540 133 224 1316 460 108 717 135 181 202 1245 271 196 88 1202 953 249 194 836 120 791 594 542 95 197
is_linear=0
shrinkage=0.03


Tree=37
num_leaves=127
num_cat=0
split_feature=126 37 37 126 14 0 81 21 74 32 7 43 44 13 22 13 41 0 131 19 41 44 43 7 7 38 40 128 21 36 3 19 17 4 10 37 13 127 81 43 126 11 130 140 3 127 49 14 38 16 25 132 81 5 32 84 2 40 84 32 44 21 13 19 129 132 17 43 8 25 37 129 41 43 8 36 126 131 3 3 3 41 82 44 38 4 68 7 17 19 36 17 7 21 131 49 129 129 4 10 34 26 11 10 60 37 5 36 44 19 3 5 39 2 43 129 37 39 14 3 22 7 129 13 131 21
split_gain=66.2189 29.6301 14.6182 13.6205 13.8242 12.5274 11.9149 10.9976 9.15812 8.77421 8.45755 8.00343 8.10291 8.3102 8.95475 8.52019 8.73907 7.72354 7.4128 13.9431 7.15306 7.1907 7.14323 7.03957 6.75124 7.05358 6.70603 6.71991 7.9429 11.5083 7.47515 6.74193 6.5948 6.54227 9.7314 9.42093 9.38447 6.44014 6.37957 6.31444 6.3121 6.28855 8.88041 6.24482 6.55538 6.16801 6.13904 6.40791 6.06959 6.03018 5.96836 5.94684 11.4744 7.88915 9.21347 6.46129 8.68554 7.71623 7.12219 6.82509 5.94652 5.9251 6.10628 6.5261 5.91219 5.83912 6.7643 6.48313 5.77963 5.75883 6.57823 7.23879 5.7343 8.54095 5.62091 5.60575 5.5978 7.42511 5.56152 5.45289 5.44002 5.41621 5.36859 5.34672 5.45255 7.69067 6.62536 5.31737 7.4109 5.28045 5.2622 5.20982 5.19495 5.12703 5.78979 5.09108 5.30993 5.95055 5.08374 5.36594 5.59798 6.32104 9.17408 6.26811 6.06569 7.06344 5.18851 5.07304 4.98842 4.97439 4.92616 4.89912 4.87877 5.35183 4.80326 4.78044 4.76586 4.71211 4.70528 4.6923 4.84478 5.6844 4.67342 4.67213 4.65048 4.56813
threshold=-0.16622682921927603 0.24463816513027678 -1.2401012978954125 0.98386575663146403 1.1999708780425349 0.60936290016033456 -0.028112920520608594 -0.32871190755318697 1.0000000180025095e-35 -0.25466885902801512 -1.3388287541949493 -0.53069183745859771 0.24244752961660374 -0.24116989965091926 -0.5992234790556914 0.017366851216004505 -0.91502134843287386 -0.97829221439720593 1.1433449366640536 0.24871431979879213 1.2950190636193926 -2.1602920857781966 -0.69532892324577911 2.1769873742837014 -0.95667482718640051 -1.3955428988252188 -1.1783550548378858 1.418469908946097 0.4291116526514917 -0.18322984750174223 -0.21180543852493697 0.05068340232216826 1.9716068027235167 0.10237940166683542 1.2063506179317243 -1.6324242539568699 -0.89313214096750992 1.3142475188986316 -1.1965166010644472 0.88448481086528463 -1.0044003652711029 0.68507709231262504 -0.42322898957815008 1.0000000180025095e-35 -0.11272067753876913 0.14629934915874793 1.4229049235488453 0.40360420919288509 0.69420715208765538 -0.81263279951972167 0.63413362110563232 -0.27176519706096486 -0.82302281574004044 -1.0000000180025095e-35 2.3929892980723708 -0.050585052907727239 1.0000000180025095e-35 2.0425661617518314 0.72387810266459207 1.0691602195221777 -0.26095397647921498 0.0048289688209074508 -0.90437286926607185 0.88850651472326914 -0.7128312378352798 -0.2990311465417162 0.73041350783475767 -0.23861731141720371 -0.29752139218994728 -0.35023657475372694 -1.1600583959403445 0.48043484681688148 1.1364189883946338 -0.065061290503221236 -0.15118676102392903 -0.50491984780566534 0.22281964168609616 1.204800325406395 -1.0375117800763356 0.34967487373001416 0.4157313810541261 0.58079716506672396 2.6463732807979898 1.0000000180025095e-35 1.3751348575872211 1.0000000180025095e-35 1.0000000180025095e-35 0.22800234654010118 -1.2412588121577224 -0.16258066265265728 -0.51654493277317104 -0.75434777247313789 -0.5745209001778514 1.1256343427848152 0.92961455575178153 0.5641788687444268 0.89340254609328851 0.12762893515618398 -0.98093601508394501 -0.60866118975879757 -0.20650116538715826 0.067892652931404521 1.1719056776899477 -0.15490823783616722 1.0000000180025095e-35 -1.0000000180025095e-35 1.0000000180025095e-35 0.4830454903753138 -0.24136980566045588 -0.93947118506095062 0.64692915668851791 -0.697045001485739 0.26488523995550756 -0.76280086791120894 -1.1445326719860829 -0.7128312378352798 0.36157664289049712 1.9533041194472507 2.4884452124278642 1.3405224835916931 -0.41782141890797819 1.7948334472751524 0.18162175216875912 0.10167231345521881 0.76760418688719056 -0.8637244016123754
decision_type=2 2 2 2 2 2 2 2 2 2 2 2 2 2 2 2 2 2 2 2 2 2 2 2 2 2 2 2 2 2 2 2 2 2 2 2 2 2 2 2 2 2 2 2 2 2 2 2 2 2 2 2 2 2 2 2 2 2 2 2 2 2 2 2 2 2 2 2 2 2 2 2 2 2 2 2 2 2 2 2 2 2 2 2 2 2 2 2 2 2 2 2 2 2 2 2 2 2 2 2 2 2 2 2 2 2 2 2 2 2 2 2 2 2 2 2 2 2 2 2 2 2 2 2 2 2
left_child=5 2 8 23 9 11 108 119 10 82 -2 12 13 14 -1 114 -17 -16 109 -20 21 40 79 24 43 -26 39 38 29 -29 -30 60 69 35 -35 36 -12 80 -28 68 46 42 91 44 75 111 47 110 -43 124 116 52 -27 54 55 56 57 -53 59 64 -31 76 -63 -64 90 66 -54 -68 -23 118 -71 74 -40 -74 -72 -4 -37 -78 -55 -8 81 -10 117 84 85 86 -24 88 -58 -45 -57 -19 123 94 -34 96 97 -80 -18 -100 101 102 103 -101 105 -105 -103 -89 -3 -9 -13 -14 113 -46 -15 -11 -51 -5 -22 120 125 -122 -110 -90 -44 -7
right_child=1 6 3 4 -6 7 22 18 37 115 33 20 45 15 17 16 98 41 19 -21 32 26 83 -25 25 51 27 28 30 31 -32 -33 93 34 -36 61 -38 -39 72 -41 -42 48 49 89 112 -47 -48 -49 -50 50 -52 53 65 78 -56 58 87 -59 -60 -61 -62 62 63 -65 -66 -67 67 -69 -70 70 71 -73 73 -75 -76 -77 77 -79 95 -81 -82 -83 -84 -85 -86 -87 -88 107 92 -91 -92 -93 -94 -95 -96 -97 -98 -99 99 100 -102 106 -104 104 -106 -107 -108 -109 122 -111 -112 -113 -114 -115 -116 -117 -118 -119 -120 -121 121 -123 -124 -125 -126 -127
leaf_value=0.017313173888951865 -0.021942888896543316 -0.0067640070228078024 -0.017538105743780723 -0.018479844535006236 0.011989667058195295 -0.020832132854079258 -0.0054108734160487571 0.022390950460930509 -0.036713637260701086 -0.017850617414633171 -0.009796504624580411 0.02065948797799641 0.00050970872650905159 -0.00098157928738511137 0.0074305658645616801 -0.016684203190217073 -0.015128706677559552 0.0065063695521540938 0.019020605349416578 -0.015173347080117108 0.019122589099112776 -0.019076174478476773 0.011738391483105685 -0.02852966320134348 -0.017704729322107756 -0.017633824205677977 0.026701770824334243 -0.019611617595815145 -0.0029023218183210253 -0.021344053397670606 -0.033952013998438578 0.021008035792771385 -0.010288863622895321 0.02005310141518447 -0.010235896627335662 0.017068430285216818 0.022170251490463786 0.015783408263781985 0.005295001898287733 -0.031459260823737401 0.021990021866582315 -0.031652154762209506 -2.4950194312687048e-05 -0.02549681253414687 0.011450244166918899 0.01070875868500951 0.017291816614948947 -0.01787345025400329 -0.0033892579900272782 -0.022772576616572456 0.012176442505046394 0.0046514193271136213 0.0021674326546508357 0.005679211084178651 0.020391638840301061 0.014508102754545732 0.0092763599096745142 -0.025941463271874635 -0.016452693994874926 -0.01176534995941381 0.0076863428809016776 -0.032396262536717443 0.0027269285898513592 -0.028929786147317782 0.0091858247972780287 0.027104977901609446 0.026089144991032601 0.00196221839564116 0.0075037989527738189 0.015489708852295191 0.00019454569031897553 0.0092072712612102162 0.015139895089799127 -0.013630432631998002 -0.028912328430452064 0.015577495912258148 -0.020163778950941385 0.015338421378104098 -0.023269104382770904 -0.026983366486310542 0.00092499742294419268 -0.0042486476441535173 0.018264690324477646 -0.012342958297058858 0.015263911176352347 -0.016551406515411097 -0.0084279953660907 0.016253671272867493 0.0050280659978586576 -0.0021978534783024047 -0.015520884765434945 -0.025546375158811297 -0.033638802785814048 -0.01822545242374542 0.014211466800197478 0.0066109553883776069 -0.034799115682364254 0.0013434246057375764 0.015138667088867427 -0.013353012170487115 -0.015953461112116849 0.005091315589035657 -0.030839949252434735 -0.014109402232284875 0.022298981256139563 0.016499895959888447 0.026484875837107773 -0.0094909127727188895 -0.021215469062918334 -0.0036657191878646314 -0.0070784319620096009 -0.019403609093596511 0.021861775041470761 -0.0073082795568840449 0.02430642682229461 -7.3417846145545508e-05 0.0067368699143076976 0.0038472748393470735 -9.2670356853131333e-05 0.010808306416907318 -0.027063169464220344 0.0070271819354432025 -0.011632517526739744 -0.032557840198976819 0.029459457413066822 0.0086412734090230859
leaf_weight=16.631201073527336 7.6113953553140155 54.90504278242588 32.584002094343305 133.68659636657685 23.405464176088572 6.8591435756534365 24.71438576746732 5.8853344060480586 11.045123245567085 16.304978145286441 9.9168658293783647 11.414849415421488 15.512002665549515 8.2463682629168016 31.455070780590177 16.480404322035611 9.1019314099103195 5.2122881524264839 40.589717414230108 13.532823629677294 100.53879318386316 10.337669592350723 36.876099472865462 7.6027375478297463 18.489569030702114 17.356763314455748 11.242133069783447 15.343881273642181 16.960992138832811 7.7994754426181307 11.411470431834458 22.864942006766796 12.771178487688301 62.212494872510433 10.467639952898024 20.107066780328751 35.346921833232045 7.064242359250783 962.59552976861596 7.358016747981309 37.392607167363167 17.4926369227469 8.4794539548456687 24.35854010283947 19.749613109976053 10.781904499977825 24.393217530101538 13.110050909221171 11.676522755995391 15.15082895383239 10.990645553916691 75.381428547203541 125.32787652872503 14.163426073268054 18.68671440333128 6.439788011834028 5.992379179224371 7.2089355885982505 14.543684488162397 19.11082461476326 21.785553507506851 7.5840191394090644 27.583878488279879 6.3593135327100745 135.09749168530107 11.571752578020094 23.580103401094675 17.701264783740044 19.912480307742953 42.192852731794119 13.059041686356069 30.26567093655467 11.886903196573256 32.207566779106855 9.6772913299500924 4.4437487907707682 11.266596270725133 8.3246265910565835 17.649669842794538 18.919253125786781 12.736764702945946 8.3528478704392892 3.108196295797824 29.46988657489419 20.871723145246506 21.537380857393146 22.869764752686024 7.7023026999086133 8.0600970033556205 14.134135195985435 16.929431617259979 19.896118842065334 21.905162282288074 9.9468573443591577 22.432596415281296 7.7480626441538325 12.63988598808646 16.198717974126339 48.097667004913092 13.744395673274985 11.254808854311703 25.50487832352519 6.9311572536826125 13.999246813356875 17.51031232252717 11.38514694944025 17.271067462861538 31.786561530083418 116.59583259746432 147.90739570371807 9.819671802222727 35.445782817900181 8.8727150801569206 39.110538186505437 30.197284212335944 65.488094426691532 6.3446894120424977 8.5131781324744207 12.56907859444618 5.5264324843883506 31.480439512059093 4.5186994001269332 86.401372957974672 3.4508596938103429 9.5523243993520719 10.8325137514621
leaf_count=77 68 769 380 1871 106 87 274 31 92 213 54 36 94 56 123 125 74 35 155 80 336 79 269 68 221 227 53 103 70 44 73 81 65 230 60 81 135 33 4178 66 126 115 50 244 137 53 82 55 49 93 51 480 824 105 81 51 37 34 105 123 95 52 150 43 760 53 78 90 119 135 65 122 45 137 64 30 104 34 177 240 76 42 15 335 126 246 217 43 63 129 169 149 198 44 70 52 100 101 172 79 59 118 39 77 59 60 61 230 2332 1196 41 256 47 364 126 523 33 58 38 49 368 37 1251 36 26 89
internal_value=0.000226291 -0.00415904 -0.00189161 -0.00342731 -0.0095247 0.0036669 -0.0109479 -0.00241042 0.00467678 -0.011798 0.0072049 0.00450365 0.000956121 0.00259484 -0.00280064 0.00619512 0.00353726 -0.00538592 0.000841808 0.0102962 0.0055503 0.00460587 -0.00484777 -0.00151805 -0.00122156 6.82339e-05 0.00393676 0.00436125 -0.0031737 0.0024006 -0.0162235 0.00914269 0.0101519 0.00843785 0.0155703 0.00422604 0.0150414 -0.00843229 0.00507845 -0.0083478 0.0124683 -0.0092951 -0.00455566 -0.00709682 -0.0031951 -0.00903087 0.00608991 -0.0020455 -0.0209252 0.00268483 -0.0049666 0.000616415 0.00496003 -0.00131094 0.000411278 -0.000690665 -0.00510435 0.00166682 0.00301095 0.00470503 -0.000316459 -0.0018741 -0.00971254 -0.00377633 0.00677147 0.0072638 0.00571434 0.0161057 -0.00180339 0.0123953 0.00679814 -0.000224042 0.00480774 -0.00564431 -0.012764 -0.0131798 0.00628893 -0.00492034 -0.0105989 -0.0152268 -0.0141619 -0.0237748 -0.016208 -0.00129565 0.00195098 -0.00157499 0.00395797 -0.0121622 -0.0198472 -0.0172899 -0.006867 -0.0187832 -0.0252747 -0.000177455 0.00520172 -0.01493 -0.018647 -0.0117037 0.00554489 0.00678244 0.0032407 0.0054297 -0.000557443 0.00356706 0.00923766 -0.000162095 0.0142053 -0.00411792 -0.015047 -0.00251099 0.00795601 -0.0133909 0.00233199 -0.000877894 0.0189186 -0.00382624 -0.0140168 -0.0171047 0.0169789 -0.0137034 -0.0164327 -0.0226287 -0.0172284 -0.0077017 0.016164 -0.00312839
internal_weight=3947.99 1735.23 1302.07 1056.09 250.507 2212.77 433.161 267.132 245.98 227.101 206.781 1945.64 444.346 382.606 152.882 229.725 191.281 136.251 207.915 54.1225 1501.29 1247.84 175.258 805.579 797.976 654.723 1151.71 1114.1 96.1663 67.7939 28.3725 52.45 253.453 199.169 72.6801 126.489 45.2638 39.199 1017.93 37.6082 96.1304 104.796 75.6263 143.253 104.761 61.7397 58.7378 34.3446 29.1692 50.5179 32.4862 636.233 195.538 440.695 372.296 353.609 161.488 82.5904 192.121 177.578 29.585 81.2255 41.5272 33.9432 158.467 178.181 166.609 41.2814 30.2501 208.303 95.1949 53.002 1006.69 44.0945 22.7363 37.0278 39.6983 19.5912 68.3998 43.6336 32.1347 19.398 145.308 131.625 102.155 81.2832 59.7459 78.8974 39.4085 38.4927 23.3692 25.1084 33.4161 45.1506 35.2038 54.2363 46.4883 33.8484 174.801 165.699 117.601 106.346 63.5703 56.6391 42.8947 25.3844 42.7759 39.4889 257.902 153.793 21.2345 50.9578 67.7329 58.8602 38.4437 81.7931 21.4955 142.2 113.108 59.2172 53.6908 35.9991 202.997 11.511 18.0318 17.6917
internal_count=26759 15936 9877 8623 2786 10823 6059 2092 1254 2680 1011 8731 2309 1906 801 1105 923 724 1462 235 6422 5483 1707 5837 5769 4438 5143 4879 466 323 143 220 939 943 290 653 189 243 4413 264 340 601 437 1331 958 403 214 132 164 253 177 4217 1272 2945 2410 2329 1121 514 1208 1103 139 464 245 193 980 1045 992 168 198 760 386 251 4360 182 129 410 219 138 535 514 210 134 1944 1193 858 732 486 607 334 373 220 184 297 179 135 430 378 278 798 724 552 493 314 275 196 137 179 273 4352 1227 77 350 548 501 182 736 126 1929 374 630 581 405 3583 99 76 176
is_linear=0
shrinkage=0.03


Tree=38
num_leaves=127
num_cat=0
split_feature=12 126 32 32 40 81 37 36 127 132 37 41 54 127 127 36 35 14 13 132 24 3 96 4 36 53 41 129 43 130 40 35 40 43 13 55 42 129 54 48 40 28 47 103 83 129 41 82 127 21 14 40 82 43 47 22 27 40 17 43 43 9 36 22 8 17 8 9 129 55 26 129 27 84 42 12 81 36 26 17 126 7 16 126 17 36 83 7 4 3 39 16 4 7 39 12 99 130 18 37 82 133 36 7 13 24 3 21 47 3 28 14 130 53 16 22 3 129 43 84 127 21 83 8 36 40
split_gain=60.8749 33.4337 17.9833 15.5675 14.7615 14.1611 11.5444 10.5168 9.39148 8.86358 13.3925 7.78229 7.72827 8.96762 7.44963 8.55648 7.705 7.42487 7.37412 7.30979 7.23799 6.70072 8.65656 8.20041 8.00795 7.3032 6.66269 6.56928 7.25915 7.40471 9.35549 6.54347 8.98641 6.58934 6.62437 8.07271 11.182 7.70651 6.51694 13.722 8.69913 7.53104 6.84999 6.7706 6.41301 8.23262 6.30767 6.08702 6.0673 5.99793 5.95091 8.53898 8.26543 7.68257 6.68379 6.70812 6.68057 7.56793 7.97205 6.50567 6.39701 6.45099 6.21546 6.10424 6.24221 6.07966 5.94308 6.29103 7.98633 8.50821 6.15009 5.92552 5.91145 5.91066 5.89821 7.62952 5.809 5.39436 6.87818 10.6426 6.57388 8.69428 7.04801 6.18167 5.33385 7.11286 10.136 5.33271 5.32034 5.20114 5.10806 5.08114 5.05788 5.02773 5.00621 9.5862 6.25417 5.94162 7.25141 5.60442 5.52219 5.09128 5.40931 6.66898 5.31903 4.99198 8.40705 4.98519 8.55977 6.24019 5.44951 4.97692 5.54296 5.32565 4.97249 5.49784 6.62986 5.38655 4.95807 4.93093 5.69337 4.92933 7.33319 4.89794 4.8836 4.8511
threshold=-0.065121123152961494 0.80392702860804455 -0.25466885902801512 -0.25466885902801512 0.35486131630449441 1.201457470032848 -0.199919360751624 1.6174699736845655 1.0222604764636605 0.20920615177948498 -0.6994786246393544 1.5395011290210796 0.13958684030901697 -0.51067149631993625 -0.51067149631993625 1.2983918535338905 0.12162260480298558 1.7345923040494977 -0.99429869565456708 1.4078172909533053 1.4051965994528104 -0.37694670683521675 1.0000000180025095e-35 -0.84552158799009758 -0.17424605353524092 1.0000000180025095e-35 1.0786720525463054 -0.52280593438051692 -0.22696763072009762 -0.12702610862141217 1.2145798315952876 -1.2559523336305283 1.2390847206069902 1.8211194516490958 0.47261634730776181 1.0000000180025095e-35 1.2509883104825839 -1.3070148359512921 1.3592864577758084 1.2506417963139589 2.2290729599935521 0.56859997787464478 0.64638366474461362 1.0000000180025095e-35 -0.37008689719000337 0.59402603152940003 0.16082680980463188 1.1283193487064216 0.43828639159371879 0.54351495411819606 0.16550692163126282 0.36764704527184039 -0.90334624794664464 0.3762160269491519 0.14963471877304249 -0.34007767884467249 -0.10767774596196412 0.22423415387046511 -0.52755740180788113 0.075241763540280768 -0.040695640240733043 1.0000000180025095e-35 -0.6454809663185751 -0.36599225886577441 -1.3218638103520748 -0.30416839808847346 -0.73652528568800202 -0.99711228145263198 1.3921437654275219 -0.87105245410644094 1.1883082396652831 1.3921437654275219 0.45691656740144299 -0.050585052907727239 -0.077040540976182334 0.020908873305476354 0.62647734720491066 -1.0771541109245018 0.031740496327998857 0.055310398802395258 -0.91107845864253589 -0.49809011477614173 -1.1169599578194263 -1.29569275456291 0.29745034664282777 0.28090469851243899 -0.026673723421049098 1.3744641275657481 -0.71010716089625003 0.4157313810541261 1.048933135880681 -0.12507884928705576 0.64403711004222586 0.075140775736681556 1.2171180934690817 1.2346303505945648 1.0000000180025095e-35 -0.10063179249655434 -0.44533207025300386 -1.1600583959403445 -1.0285348198105349 0.51587181869986021 0.042165216229326653 0.72480245165121493 -0.25241062794948121 0.79598698351919694 -1.0044835264142797 -0.25365021498696322 -0.20660225482901567 0.97721169330907731 1.0000000180025095e-35 0.7400177717588613 -0.96871152282521156 -0.39032367683325286 -0.12507884928705576 -0.1586756186969592 1.0102399469711334 1.0851682441183632 0.096061117696579768 0.46324019554636464 -0.07269093266748014 -0.026272306272967349 0.53544628070304434 2.0438327064663455 -0.6454809663185751 -0.92234762822786254
decision_type=2 2 2 2 2 2 2 2 2 2 2 2 2 2 2 2 2 2 2 2 2 2 2 2 2 2 2 2 2 2 2 2 2 2 2 2 2 2 2 2 2 2 2 2 2 2 2 2 2 2 2 2 2 2 2 2 2 2 2 2 2 2 2 2 2 2 2 2 2 2 2 2 2 2 2 2 2 2 2 2 2 2 2 2 2 2 2 2 2 2 2 2 2 2 2 2 2 2 2 2 2 2 2 2 2 2 2 2 2 2 2 2 2 2 2 2 2 2 2 2 2 2 2 2 2 2
left_child=1 2 5 8 11 6 21 20 9 14 18 -3 50 -14 15 74 77 19 46 66 31 24 23 25 91 -23 27 -8 -29 30 84 32 -5 34 94 36 37 -36 39 41 48 42 49 -43 45 -7 -11 121 -40 -37 51 52 -4 59 55 -55 -54 58 -58 60 61 62 -52 -63 -65 -61 -10 -68 69 70 -69 -22 -13 -31 75 -2 -41 92 80 -80 81 -79 -83 -84 85 -30 118 -46 -28 -60 -81 -1 -16 -51 96 101 97 99 -99 -33 -101 102 104 -104 -96 106 -97 -6 109 -109 -110 112 113 -77 115 -75 -117 -116 -87 123 -121 -26 -123 -12 -18 -20
right_child=3 4 12 7 107 44 26 -9 17 10 119 72 13 -15 16 -17 124 -19 125 -21 71 22 -24 -25 47 -27 88 28 29 73 -32 33 -34 -35 35 38 -38 -39 40 76 -42 43 -44 -45 87 -47 -48 -49 -50 93 53 -53 56 54 -56 -57 57 -59 89 65 -62 63 -64 64 -66 -67 67 68 -70 -71 -72 -73 -74 114 -76 111 -78 78 79 90 -82 82 83 -85 -86 86 -88 -89 -90 -91 -92 -93 -94 -95 95 105 -98 98 -100 100 -102 -103 103 -105 -106 -107 -108 108 110 -111 -112 -113 -114 -115 117 116 -118 -119 -120 120 -122 122 -124 -125 -126 -127
leaf_value=-0.010221576852848734 0.016683330381719687 -0.019337134666645651 -0.013365033974760054 -0.026390605117549055 -0.011367997769689529 0.0048109243442742743 -0.016033926882565178 0.017516664582170847 -0.017741972958691083 -0.0019231753031191813 -0.0045314910913723415 0.011507639255929387 0.0054752078499899562 -0.033025797148698563 -0.014722407416869792 0.016662414537686104 0.02123309540827693 0.0083334066941872492 -0.018659615600167385 -0.028821434109042011 -0.0092436749324180736 -0.017832821460827264 -0.03021774348138298 0.0046059977204459101 -0.013827202181369083 0.010922819082551992 -0.020535205825232269 -0.01348905960615669 -0.010128707497483116 -0.017139643888516288 0.029532489070863133 0.019658788810746657 0.014506348423517713 -0.0074948579463567913 -0.011929688981788191 0.0013652217034248243 -0.018919100481645277 0.015191963364758334 0.0015618463057160724 -0.0072733233647760496 -0.014596075566341828 0.0010905760327686359 -0.017798977306292318 -0.025667291776287179 0.01235391294092932 -0.024972156479085801 0.026952850810696594 0.01989219925972454 0.023836293729309843 0.004369432793914216 0.0076551019985556593 -0.021673805731433442 0.0085585128526952207 0.019996628136372489 0.024723557382038849 -0.00025832682439607074 0.014103660923012126 0.025923812393320957 -0.0025463497792152187 0.009054027909522748 0.025956450845593806 0.020660325953258445 -0.020956327848879436 0.026266493204390107 -0.0035645227559806827 -0.024504048379998245 0.011261779462808846 0.014445450452735029 0.0088279652209282654 -0.016520835979212549 -0.018694849781240083 0.016570755998028656 -0.027738923863961075 0.01401996214320292 0.016967024755141322 -0.018816237833643602 -0.03828945180270129 0.02041040973037981 -0.021409957405520121 -0.0094758530273157792 0.015485061275694136 -0.029928040878201764 0.010221747379950756 -0.012014617035553631 -0.020369238576158091 0.020037839504796304 0.030827737281773741 -0.0093076907479351673 0.0021516983774227593 -0.020848232533695651 0.014365883281480595 -0.034952202872526754 0.014967123855748396 0.024294596755757007 -0.0044484764559852641 -0.013203563642868904 -0.0065501272366195644 -0.0016205022708357438 0.019917887916871782 0.02390662518097798 0.0010984274445408387 0.0091969611393399042 0.012067767247909722 -0.019120936453672421 -0.03855241114375111 0.023498636337834236 0.012850685758551843 -0.034948087160841343 0.012936169482724852 0.0095570003840003311 -0.0097962101327641101 0.0026948170622497739 -0.014425774371456925 0.014186459883873018 -0.023042102825919366 -0.025554886805337112 0.019287360224717151 0.0041784250786530402 -0.012911742528267016 -0.021569218420646952 -0.00085755319884965955 0.015860233909303714 -0.017023224256222293 0.018707221428635405 0.0089124929268596768 0.00324704609276128
leaf_weight=21.838404150679708 12.352744642645119 192.8605103334412 27.81786672025919 11.708289738744499 43.182681543752551 22.871090847998857 128.96395903173834 67.94394463673234 28.123659722507 9.4914643764495867 177.85258722957224 13.032662056386473 9.6266756169497985 10.544340359047053 23.545469569042329 21.692656358703971 37.459808463230729 31.164336908608675 8.5388345923274738 12.31881726067513 47.538585612550378 28.927808981388807 6.718718582764267 193.49286381341517 29.38238887116313 9.9211897626519185 9.712246881797908 119.41195586230606 20.993922272697091 44.092359393835068 9.6412987411022169 26.954028837382793 6.8897012695670119 28.529548950493336 9.4728664681315404 84.810154320672154 9.9220309667289239 107.17413946054876 18.425979141145945 11.793339842930438 9.8065123707056028 17.630221787840128 10.625164799392222 14.960577439516781 73.742436569184065 11.843801394104956 20.565202802419662 8.8370469436049444 28.094386473298073 23.208524152636528 10.439930260181429 14.200466915965078 111.01188407465816 22.686126615852118 30.978479001671076 38.036728348582983 13.44064745120704 6.4261070638895026 32.071348676458001 6.5832381695508984 10.778349310159681 20.377781428396702 16.23910316452384 6.4913016892969599 38.892645288258791 13.175223827362059 22.837468326091766 16.418102780357007 24.58207206055522 56.905304167419672 6.082021187990903 8.5721314772963506 3.5731955133378497 21.129037722945213 11.082098610699175 5.4390568770468262 10.684474088251589 16.360803365707397 19.019216805696487 11.468028791248797 64.361530110239983 7.042035859078168 25.008021391928196 18.811577256768942 9.5645283702760917 4.8760777041316095 13.28123859874904 10.941892117261885 69.244301918894053 24.845645934343338 22.023119736462831 12.017067592591046 5.5796736758202305 23.395475037395954 8.3461482264101523 13.665447659790514 14.52913176268339 15.464304234832523 120.21651699393988 10.014319416135548 75.665213163942099 16.217854652553797 14.026216872036459 9.4586679972708207 8.2536344230175001 21.844924494624138 45.558295000344515 7.5221048444509488 37.197921900078654 3.5772815532982349 11.661921204999087 32.962670974433422 72.8676549308002 12.823588361963628 15.238256283104421 7.827364235185085 3.5260661374777555 10.238501094281672 12.584823528304694 31.953407064080238 19.356484336778522 15.937560226768257 8.5241682939231378 7.5351712591946116 141.67187066935003 187.88831821456552
leaf_count=191 82 3499 329 88 420 112 1900 239 255 46 1271 106 58 83 186 96 168 120 70 141 236 224 56 1113 234 57 103 1368 248 414 34 86 21 125 56 391 63 417 88 79 30 103 46 102 286 72 63 34 91 96 53 90 720 92 104 188 94 23 253 32 37 88 93 24 210 76 120 95 134 522 37 29 46 149 53 55 55 63 152 88 362 38 106 110 94 37 64 50 490 225 88 138 34 71 39 58 67 83 418 55 384 65 53 43 49 60 154 84 220 26 107 141 519 76 163 95 27 73 133 306 154 87 66 41 673 835
internal_value=-2.17491e-05 -0.00421634 -0.00225413 0.0033193 -0.0130843 -0.00460824 -0.00599013 0.00619602 0.00107609 0.00223544 -0.000830776 -0.0176469 0.00257883 -0.0151187 0.00476676 -0.000477299 0.0070316 -0.00487725 0.00436693 -0.00739131 0.00530318 -0.00166715 0.00102134 0.00206318 -0.00829782 -0.0103242 -0.0088747 -0.0103707 -0.00781667 -0.00382893 0.00355705 0.00601257 -0.01112 0.0064235 0.00694522 0.00407821 0.0102361 0.0128812 0.000962959 -0.00160569 0.00987512 0.00126597 0.00427637 -0.0115016 0.00501095 -0.00568097 0.0179693 -0.00180464 0.0152954 0.00620482 0.00342081 4.8451e-05 0.0015864 0.00700005 0.0135293 0.00746172 0.00387608 -0.00287809 -0.00587717 0.00203732 0.00509766 0.00238172 -0.00977977 0.00743306 0.00111185 -0.0132809 -0.00549444 -0.00263751 -0.0057968 -0.0104151 0.00494529 -0.00502633 0.00179641 -0.00897715 -0.00311296 -0.00487725 -0.0231471 0.0031356 0.0050493 -0.00403676 0.00870094 0.0020298 -0.00410445 0.000553751 -0.000888643 0.00297384 0.0120533 0.00944409 -0.000823368 -0.0108094 0.00607699 -0.0198368 -0.008627 0.0147352 0.00964302 0.0049134 0.0120755 0.0131993 0.0174472 0.0079472 0.00404393 -0.00451325 -0.0102221 -0.000639033 -0.0228029 0.011472 0.00666963 -0.00370897 0.00185386 -0.020752 0.00736256 -0.00716368 -0.0107527 0.00373515 -0.00253128 0.00513588 -0.0109513 -0.0122449 -0.00296084 -0.00581426 -0.0139789 -0.00571806 0.00406499 -0.00347555 0.0116092 0.00218986
internal_weight=3907.18 1732.59 1419.99 2174.59 312.608 955.322 835.923 951.401 1223.18 1024.75 463.181 209.466 464.664 20.171 561.572 169.22 392.351 198.432 226.484 167.267 883.457 335.597 239.061 232.342 96.5366 38.849 500.326 421.369 292.405 172.993 70.9419 827.346 18.598 808.748 780.219 380.004 126.569 116.647 253.435 197.108 56.3269 174.63 142.039 32.5908 119.399 34.7149 30.0567 62.6812 46.5204 131.414 444.493 229.814 215.613 214.679 91.7013 60.7229 187.796 76.7837 70.3576 122.978 103.219 92.4408 26.679 65.7617 45.3839 19.7585 154.949 126.825 103.988 79.4054 22.5001 56.1107 16.6059 102.052 147.528 136.446 22.4778 213.219 184.094 52.5104 131.584 67.2224 50.8616 43.8196 61.3006 51.7361 30.7421 84.6843 78.9565 56.917 33.4911 33.8555 29.1251 46.604 400.215 137.371 262.844 248.314 135.681 112.634 85.6795 56.3025 40.0847 23.4849 16.5998 81.0687 59.2237 103.142 59.9592 11.0994 48.8598 124.093 91.1303 18.2626 57.9592 32.4825 11.3534 25.4768 17.4609 236.698 51.3099 53.8441 24.4617 185.388 179.132 196.427
internal_count=26832 15492 10984 11340 4508 8112 7592 4040 7300 5876 2786 3651 2872 141 3090 1022 2068 1424 1014 1304 3801 2200 1450 1394 750 281 5392 4799 2899 1531 610 3536 109 3427 3302 1688 536 473 1152 943 209 809 604 205 520 184 109 421 179 558 2731 1734 1644 997 384 280 1315 595 572 613 505 468 146 322 234 108 1163 908 788 654 132 265 152 921 926 873 134 1227 1007 328 679 317 254 216 576 482 234 336 593 478 176 329 220 167 1614 521 1093 1026 501 525 439 249 184 96 88 272 212 857 437 110 327 791 650 131 507 271 122 236 170 1772 460 387 153 1312 841 905
is_linear=0
shrinkage=0.03


Tree=39
num_leaves=127
num_cat=0
split_feature=126 15 37 38 82 37 38 113 32 132 36 32 126 84 40 36 38 21 15 18 45 4 4 38 36 45 43 43 16 129 132 45 35 103 6 10 133 82 83 129 129 83 17 39 132 10 133 13 17 2 52 128 21 36 27 21 126 8 32 43 13 54 128 21 69 10 43 132 30 126 128 128 6 21 128 18 43 37 18 133 24 84 15 34 15 35 111 15 38 83 46 83 47 128 132 43 40 41 132 126 13 22 4 40 81 27 38 83 83 126 24 82 132 23 14 35 41 43 84 13 44 99 83 46 40 128
split_gain=55.0745 35.9852 19.3624 12.0534 11.7881 10.5122 8.62165 9.09832 8.27647 9.39355 8.835 11.2679 8.33343 8.91482 8.12368 8.55831 7.93216 7.73097 7.88782 7.46499 7.95894 7.09423 8.22505 7.31263 6.94683 7.06916 6.94264 7.78995 7.43103 6.89666 6.88499 6.85365 6.50905 6.48528 7.26717 7.89493 6.26745 9.59362 7.83857 7.80437 6.5626 6.09113 6.0911 6.42455 6.0407 6.03091 9.3809 6.86894 6.02509 6.99838 9.33044 7.17703 7.15315 7.09909 8.50605 6.88746 10.8743 8.5654 5.9429 5.8971 5.89614 6.94452 5.87943 5.86687 5.81226 6.59809 6.70769 8.33062 5.75343 5.74081 8.98936 8.79391 5.68724 5.66213 6.20103 5.65793 5.62338 5.31214 5.2636 5.5473 5.26266 5.23843 5.21625 5.19611 5.76752 8.06908 5.27709 5.18477 5.41441 5.1073 5.08595 6.10825 5.066 7.26028 6.3038 5.03047 5.76834 5.65063 6.14599 5.80172 5.01454 5.0064 4.97397 4.93638 4.9352 9.62466 8.84812 7.45157 6.65876 5.99574 5.82625 5.99786 5.23144 4.90067 4.86853 4.8934 4.86447 5.44866 6.51688 5.6497 5.14889 5.26399 6.56055 5.37292 5.84914 5.21005
threshold=-0.26238040319936934 0.16134118740977241 0.41336709929847087 -0.59591036556152865 -0.16778563753516412 -1.0426416421974649 -0.059284140598911995 1.0000000180025095e-35 -0.25466885902801512 0.66918271951975672 -0.077449119315971579 3.7168183766225629 -0.70301246629124503 -0.28741118113957226 1.9261546223712782 -1.3533428048847791 -1.3206631628467302 0.21877086642066049 -0.51732018444845485 -0.179058747522684 1.8497450300561058 1.2534020319645403 -0.7778143744431737 0.81096232471579288 -0.16375456054845622 0.66405045838353438 1.685697366183367 1.4745693874424366 0.77663124937873584 0.41361228985800397 -1.226954328793556 1.2802233902130777 -1.0031862898812596 1.0000000180025095e-35 1.0000000180025095e-35 -0.60866118975879757 0.29166782200764263 1.3382656062689045 -0.48288843436777101 -0.181621752168759 0.67501525704826237 0.8538579431856318 -0.69999924121792512 0.47187965862452247 -0.58903597998044377 0.97947414197040905 1.1884838087765126 -1.0842245220430622 -0.55215738008966631 -1.0754089916571583 -0.24039713115098946 -1.1430599653441564 -0.25365021498696322 0.39661586745448879 1.2097089852193197 0.2110556408478049 0.4964448890238144 0.14148250130810744 1.0000000180025095e-35 0.703319380228146 1.5348651715218622 1.4077923894642914 0.76650237315720771 1.1945371510487868 1.0000000180025095e-35 1.0000000180025095e-35 -0.2596746977631112 0.54076009746541909 1.0000000180025095e-35 -1.5421709301175159 1.0001774696761372 -0.23526598039308008 -0.97026748627271597 -0.83490956136122751 1.2573659618785724 -0.18808979983443752 -0.050481619450407599 -0.85133124913371006 -0.89865140138792821 0.74007581539207756 1.0000000180025095e-35 0.14419440381448928 0.9504307403438369 1.5342138368846709 2.081326286063935 -0.45552652842451097 1.0000000180025095e-35 -0.80757793406814826 0.18325026681714607 0.13737743335795752 0.11397436189064947 0.8157874263774002 1.2044615769467091 -0.46443247240559876 -0.12840689379106021 1.2776216146578998 -0.15771873690065921 1.0975515436548722 -0.89754903314362677 0.36329496551616886 -0.99429869565456708 -0.029102718591449844 0.10237940166683542 1.014634878176409 0.37715526533366939 0.45691656740144299 0.36810289151546438 -0.32743488763679623 -0.026673723421049098 -0.91107845864253589 0.79598698351919694 0.04947151444314981 -0.27176519706096486 1.0000000180025095e-35 -1.5354943079347658 1.4928783921427684 1.8522424294512274 -1.0171725699086276 -0.68427235997131686 -0.06131824687392879 1.6497964913544398 1.0000000180025095e-35 1.1267897988940059 0.7311572986967273 0.72617810465014898 -0.30275642325331692
decision_type=2 2 2 2 2 2 2 2 2 2 2 2 2 2 2 2 2 2 2 2 2 2 2 2 2 2 2 2 2 2 2 2 2 2 2 2 2 2 2 2 2 2 2 2 2 2 2 2 2 2 2 2 2 2 2 2 2 2 2 2 2 2 2 2 2 2 2 2 2 2 2 2 2 2 2 2 2 2 2 2 2 2 2 2 2 2 2 2 2 2 2 2 2 2 2 2 2 2 2 2 2 2 2 2 2 2 2 2 2 2 2 2 2 2 2 2 2 2 2 2 2 2 2 2 2 2
left_child=3 2 4 5 6 24 7 17 9 12 11 26 33 41 15 -15 -3 -2 -19 62 42 22 -11 -23 69 30 27 28 104 -22 -26 44 -17 45 35 100 37 75 -38 -40 -41 -14 -21 83 -30 47 -47 -5 -6 51 55 52 -50 54 -53 56 57 -51 68 -57 -45 -62 92 113 65 -60 -67 90 -12 70 71 -1 -20 -34 -75 82 -66 89 -64 102 -71 -39 -24 84 86 -86 116 88 -4 -8 91 -68 94 -94 -18 97 -97 98 99 -52 -35 -85 -80 -37 107 106 108 109 -106 -10 111 -109 -108 -32 -90 -116 117 119 -119 -44 121 122 123 125 -125 -120
right_child=1 16 87 8 48 -7 77 -9 10 21 58 -13 13 14 -16 32 19 18 72 20 29 23 36 -25 25 -27 -28 -29 31 -31 63 -33 73 34 -36 103 38 81 39 40 -42 -43 43 60 -46 46 -48 -49 49 50 95 53 -54 -55 -56 59 -58 -59 64 -61 61 -63 78 -65 76 66 67 -69 -70 80 -72 -73 -74 74 -76 -77 -78 -79 79 -81 -82 -83 -84 101 85 -87 -88 -89 114 -91 -92 -93 93 -95 -96 96 -98 -99 -100 -101 -102 -103 -104 -105 105 -107 112 110 -110 -111 -112 -113 -114 -115 115 -117 -118 118 120 -121 -122 -123 -124 124 -126 -127
leaf_value=0.0042270068992210121 -0.017732787426942596 -0.014693198754676369 -0.025004621912253666 -0.0022614114441899739 0.016481678390430913 -0.006468794058237826 0.017299555101417657 0.018876706833718837 0.026278256834701988 -0.011193718264093619 0.023267372051496947 0.0209803960498838 -0.020368110693406591 -0.025400169260687801 0.019284479879399029 -0.018272748008491276 0.0039093695718174747 -0.01788712363586812 -0.016642398236036235 0.016257144424848841 0.0013692612680667928 0.0012781235009961052 -0.0099123154276930751 -0.030101395815973372 0.012047792073932997 0.01527797591484348 -0.021783231216425322 0.024086807223778813 -0.01674569388296037 0.034123608055526833 -0.023257993058902922 -0.032511261687997117 -0.011638583508835945 -0.0032208174443858896 0.0061832480066318571 -0.003792530163059105 -0.025657182575957171 -0.00046003964561608222 -0.025719074410709041 0.02568382112024294 -0.0026874668637945857 0.010667337403390936 -0.02492130619052374 0.010496956451958996 0.0030148783161250011 -0.023342262759418468 0.011622156230256132 0.013392913263291742 0.012339176669808122 0.020731293534921452 0.016899842713927436 -0.0056055220294407865 -0.030340855500059782 0.021170056819633767 0.024386400441774671 0.018984852118315725 -0.019621964602565233 -0.018722627836323023 0.013236139196449561 -0.0070257040788588828 -0.023539917788419351 0.013502212957255538 -0.024912198935117209 0.011762218893857361 -0.011509118269138967 0.014054921213642399 -0.028336245219629238 0.013559948706275572 0.0077060551692767244 0.023675230885179695 0.02463891123115847 -0.037154853786870591 0.013102149874239428 0.0082583988986587413 -0.014418278738464243 0.012074342523855953 0.0054131408782924113 -0.0080879527129228117 0.0051612665392899715 -0.031517569326812378 0.0016350784290456982 -0.032778185157065695 0.013945506218050942 0.017926750577703786 -0.0089102155777016148 0.01596043427878692 -0.02242806336914455 -0.011313078336547192 0.016638733624437387 -0.010070099603478102 0.0065255742953527276 0.0013372804421691409 -0.0081912249929340531 0.025553402997682457 -0.0084658232291400376 -0.0087078943275882281 0.017243353312163673 -0.0025245349521911234 -0.017085073894610971 -0.011937231956172889 -0.029963857746858731 -0.0087915192834746563 -0.0240991871144389 0.016794618912644305 -0.01533788174227395 0.011845332881774287 -0.0026565866813553387 0.0067360696898847543 0.011967353622418892 0.00072672655830493204 0.015323447908972459 -0.015687454635233532 -0.030303124459582779 -0.0020197121567010075 -0.019118708034678491 0.018939340824035415 0.0090956597904789036 -0.022744092412573733 0.0075110958592311712 0.00018993204185267193 -0.022226732847871081 -0.018035508026321957 -0.01056727473371449 -0.0037761151122203619 0.025710280973685214 -0.0037437807592149907
leaf_weight=10.971302054822448 143.83513708412647 27.482771692797542 67.780923501588404 28.148597985506058 14.618238022550939 185.73770156688988 19.901636362075809 6.8616692982614031 26.785317353904247 49.970732621848583 49.651490239426494 27.290573175996542 27.68657605163753 10.285436740145085 20.88387692719698 12.377586750313638 70.970523664727807 20.125952376052737 6.6444138921797302 26.538812927901745 10.493810907006266 11.311653267592193 23.61376828327775 14.483367156237362 13.260640583932398 15.992898322641848 10.438555564731358 12.738348595798014 20.274023458361626 12.724668476730583 27.246943600475788 7.7354943566024295 17.866503305733204 12.225559916347267 200.51350863464177 33.602176520973444 13.204484036192296 10.658189289271833 7.1317670382559291 10.224375974386932 20.278253309428692 6.29060174524784 18.610803041607145 102.8889487888664 39.11550484597683 11.178984548896553 14.913486689329146 201.50789260491729 4.8912283945828667 16.477819314226512 9.6554181557148713 34.667521299794316 8.2351293647661787 25.705663381144404 10.164657201617954 30.322965729981661 20.878068391233683 5.9543304666876784 181.01633299514651 9.6800769232213479 9.8597306534647959 6.8828328624367705 17.260334976017475 7.3957832232117644 22.226260423660278 29.60316238924861 17.178167436271909 16.350315764546394 40.765938900411129 31.877891834825277 7.6421751081943503 6.6441106796264657 22.77923709154129 108.0039666313678 11.053186897188423 94.894561212509871 72.544966414570808 33.13667936809361 27.69533159583807 5.0077792741358271 14.513416860252617 7.1236781999468795 11.373356297612188 24.045143136754636 16.386143177747726 35.398532278835773 10.785172972828148 159.80022202711552 4.6088595930486944 7.7690877318382254 9.422047093510626 9.0914875343441945 8.6064614430069941 13.689628601074217 75.101382525637746 15.492149407044055 13.42772334627807 63.403616021387279 95.312504359520972 14.286677913740276 13.368017457425593 7.5860393457114688 5.392230048775672 13.99584376811981 11.461408995091913 32.559164918959141 10.078125670552255 20.376504212617874 21.554292231798172 12.19641303271055 18.403303608298302 20.513852123171091 16.944837279617786 15.766846884042023 21.766475293785337 2.6150869950652114 31.186464477330446 11.455687085166572 70.856407509185374 13.269904654473065 8.3546934146434051 11.947938237339256 31.976254973560572 8.3770964331924933 17.663171431049705 75.101840609684587
leaf_count=52 2062 285 1445 141 72 1608 105 43 85 309 160 91 203 91 67 107 472 264 87 114 62 78 164 102 49 54 49 42 100 39 142 38 147 66 908 233 92 51 50 46 112 30 160 471 178 90 82 844 38 82 74 309 89 141 53 170 226 50 638 72 66 23 165 25 100 131 94 59 156 117 25 38 180 587 82 433 264 364 182 54 66 39 40 102 71 128 77 2500 46 52 33 36 63 64 552 161 71 517 1135 189 80 49 49 50 47 114 40 98 75 75 74 114 76 72 389 26 154 97 422 113 90 88 200 61 70 514
internal_value=0.000245682 -0.00373008 -0.007823 0.00349416 -0.0050632 -0.00169603 -0.00999522 -0.0129864 0.00448209 0.00270718 0.00686081 0.00292645 0.00445651 -0.000518759 0.00214225 -0.000188463 0.000852123 -0.0142237 -0.00382881 0.00141738 0.0032625 -0.00202559 -0.00042989 -0.0166947 0.00414692 -0.00191726 0.00109537 0.00206544 0.000877778 0.0201116 -0.00645226 -0.00762285 0.00168586 0.0064745 0.00323077 -0.00479163 0.00230727 0.00544044 -0.00666466 0.000413071 0.00724067 -0.0143957 0.00249548 0.00174693 -0.00384677 0.00990819 -0.00355582 0.0114597 -0.00176385 -0.00251789 -0.00469382 0.00508104 -0.0144771 0.00891404 0.00151271 0.00375351 -0.00444945 0.00977864 0.00955144 0.0125997 0.00780324 -0.00824016 -0.00320135 -0.0115169 0.00775818 0.0100507 0.00287734 -0.00356937 0.0164452 0.0108643 -0.000551431 -0.0123775 0.00596042 0.00363123 0.00602556 0.00830091 0.00133438 -4.55031e-05 -0.0115907 -0.00499532 0.0170233 -0.0146228 -0.00190142 -0.000104145 -0.00114393 0.00801411 -0.00270634 -0.0148016 -0.0203568 0.00942716 -0.0116538 -0.0182843 -0.000373271 0.0126065 -0.00244711 -0.00803625 0.0034148 -0.00987433 -0.0137035 0 -0.0179035 0.011354 -8.63451e-05 0.00242026 0.00390701 -0.0010354 -0.00814944 0.00855762 0.0022279 0.018577 0.00172193 -0.00454768 -0.0205622 -0.015764 -0.00891864 -0.0143332 -0.00191204 -0.00323508 -0.00161773 -0.01469 -0.000429151 0.000499009 0.00168201 0.00402453 0.0163248 0.00171349
internal_weight=3835.93 1724.4 910.799 2111.54 654.228 337.05 261.054 200.246 1774.49 1018.17 756.316 308.466 743.902 214.448 180.471 159.587 813.597 193.385 49.5496 786.114 562.39 274.268 248.473 25.795 151.312 79.6631 281.175 270.737 257.998 23.2185 63.6702 67.125 149.301 529.454 273.705 73.1916 198.502 147.664 50.8389 37.6344 30.5026 33.9772 539.172 512.633 59.3895 255.749 26.0925 229.656 393.174 378.556 294.891 83.6642 13.1264 70.5378 44.8322 83.3133 43.3102 22.4321 447.85 40.003 119.632 16.7426 223.724 50.4096 357.433 262.662 81.6452 52.042 90.4174 71.6489 25.2576 17.6154 29.4237 136.924 119.057 129.882 94.7712 60.8074 55.3557 38.0953 46.3913 17.7819 34.9871 393.001 361.37 51.7847 309.585 256.572 96.7713 27.6707 35.6917 26.2697 168.368 22.2961 146.072 211.578 28.9199 182.658 119.255 23.9421 25.5936 31.6312 33.0876 47.598 190.873 92.5978 60.0387 98.2754 33.0157 38.9817 59.2937 40.8904 27.023 43.0138 28.9904 24.3816 298.8 267.614 235.733 31.8807 224.277 215.923 203.975 171.999 26.0403 145.958
internal_count=26608 16069 11012 10539 6606 2248 3157 2636 8291 5324 2967 1296 3808 1314 1081 1014 5057 2593 531 4772 3171 1516 1336 180 640 342 1205 1156 1114 101 288 316 923 2494 1337 429 1027 727 300 208 158 233 3070 2956 278 1157 172 985 3449 3377 2747 630 127 503 362 600 358 132 1671 242 560 89 1601 239 1355 991 353 222 316 298 115 90 267 816 669 637 364 521 450 285 183 90 204 2396 2245 199 2046 4406 1906 157 163 130 1151 127 1024 2147 232 1915 1398 263 146 151 231 283 798 352 238 446 122 160 286 212 116 214 461 415 1969 1815 1542 273 1445 1355 1267 1067 131 936
is_linear=0
shrinkage=0.03


Tree=40
num_leaves=127
num_cat=0
split_feature=12 126 15 32 41 32 15 52 15 35 41 37 126 127 21 21 5 129 132 43 128 41 16 82 52 14 26 13 13 52 52 17 21 129 83 20 3 37 21 20 132 44 38 126 13 14 42 20 21 37 52 49 46 82 127 47 38 14 103 41 128 41 39 42 15 132 38 16 21 37 6 41 4 35 41 3 4 128 48 37 40 38 13 126 19 128 13 83 130 27 83 82 14 27 128 2 42 129 2 10 31 41 35 46 2 54 16 44 55 35 31 13 132 13 55 40 84 127 15 27 35 129 38 43 14 39
split_gain=64.6508 28.4088 15.7432 15.0935 14.1845 13.8527 13.1494 11.4331 11.6858 11.0732 11.2684 10.5721 7.79675 8.04125 7.61785 7.45903 10.3229 7.39081 11.6787 8.51775 7.36062 6.98069 6.83009 6.6971 6.66798 6.71474 6.20485 7.92255 6.20303 5.70175 6.95559 6.59621 8.16031 6.90002 7.39872 8.90733 8.19787 6.79945 6.71797 7.90692 7.57312 5.67704 5.66104 5.64326 6.2006 5.64053 5.62025 5.61144 5.60999 5.42626 5.63858 6.8585 5.38136 5.3529 5.30979 6.47054 6.21712 5.41792 5.29008 6.44698 5.9648 5.2959 5.25227 5.95371 6.14857 5.1951 6.46033 7.67534 5.65107 7.67935 6.96239 6.31441 5.80575 5.15313 7.24585 6.81855 5.45472 5.2922 5.14178 5.11519 6.48749 5.80356 5.04216 5.04162 5.71042 4.94507 4.89348 6.96885 5.21715 5.1798 4.78141 4.77957 4.75319 5.29814 6.73434 6.64715 7.50479 5.99117 5.72799 4.9744 4.73395 7.48246 6.59456 5.86851 6.99407 6.40868 5.23322 4.73258 4.66251 6.89294 6.81538 6.39516 6.13745 6.37041 6.09758 11.2075 6.30936 5.83422 5.68208 5.42232 6.14266 5.0178 6.82924 5.56208 6.03355 8.23801
threshold=-0.065121123152961494 0.19365062682756282 1.2321991232181899 -0.25466885902801512 -0.53051072597763871 -0.25466885902801512 0.15462061131509011 -0.0066653547319959492 -0.066630618605869885 -0.17985356196046492 -0.15722389678228557 0.85133124913371028 0.83642964516469587 -1.0946455811898776 1.0739031970406785 -0.50055215593428182 -0.26423648801141963 0.16424168019088733 -0.68426871720530669 0.050744570382266756 1.3095416720083957 1.5049324887872209 -0.58720527485327378 0.42115130122219518 -1.4637807438681139 0.072928624280369322 1.1314977078599313 0.64122727178619054 1.1639211376693193 -1.2029507258830641 -0.59892097124478927 -0.30416839808847346 -1.4790058281879166 1.6544491594320159 1.2671546944034258 0.71656604039866667 -1.1696247947245595 -1.4806057920327043 0.17086099245769643 -0.7791089081309569 -0.33153588699962361 -0.27857955021302444 -0.60625343854257185 -0.42600152972887578 0.67494945668187623 0.84342328531234168 1.5290366652964813 1.6520295831539973 -0.07406192985357489 -1.8308404616201359 0.86600571924447867 1.1488626780472551 0.34959861054618319 -1.0427023143042502 -0.21868445388496552 -0.78886420487258302 1.6061299265917663 -0.04015484182509884 1.0000000180025095e-35 -0.31829510814359785 1.1761846760515775 -0.81766570753099499 -0.64947712739931951 0.10347925223779716 0.38977413060043958 0.16946777822856454 -1.2028611744134847 -0.44067738382008276 0.029461050497418553 -1.1944942666918206 -0.97026748627271597 -1.2274863390075781 2.3367174487153211 0.50024507450241107 0.87385752442158804 -0.50905972148344047 0.034672188119911608 1.1214345065403482 1.0000000180025095e-35 -1.0672386927342337 -0.020377324438350098 -0.074010269983597374 -1.1741503484315576 0.80392702860804455 1.4825992671531407 0.93830462920968527 -0.84816922777326231 -0.33681451138941215 -1.0969124868602356 0.6451146718559122 -1.3612298034318451 0.44870101471711482 3.3510082745822847 0.6451146718559122 -0.73600493125440092 -1.0754089916571583 0.11826355774558717 0.52280593438051703 0.1750235033266388 -0.38178471379748241 1.0000000180025095e-35 0.19149006243844263 0.064750244959400169 -1.0225708568351646 -0.45019274416525973 1.8584933380697797 -0.14762160175370057 -0.6109889361346309 0.17937839937745143 -0.58480582788377233 1.0000000180025095e-35 0.91100475095167643 -1.226954328793556 -0.66831757499627176 0.5295220172054157 -0.38670993525048125 0.24468524852237319 -0.94865205997239255 0.87485296593381234 -0.48407395487090227 -0.76700801775303684 0.62009613949620745 1.2880240958214622 -0.66068867306468415 0.75361589470818313 1.8981100272905833
decision_type=2 2 2 2 2 2 2 2 2 2 2 2 2 2 2 2 2 2 2 2 2 2 2 2 2 2 2 2 2 2 2 2 2 2 2 2 2 2 2 2 2 2 2 2 2 2 2 2 2 2 2 2 2 2 2 2 2 2 2 2 2 2 2 2 2 2 2 2 2 2 2 2 2 2 2 2 2 2 2 2 2 2 2 2 2 2 2 2 2 2 2 2 2 2 2 2 2 2 2 2 2 2 2 2 2 2 2 2 2 2 2 2 2 2 2 2 2 2 2 2 2 2 2 2 2 2
left_child=1 2 4 7 17 6 9 8 -3 10 14 20 13 -11 53 16 -8 45 19 -19 29 83 58 -18 48 -26 -24 -28 -22 -6 -31 32 -32 34 35 36 -33 -38 39 78 -40 -41 49 44 -20 -1 92 -36 -10 -7 51 62 54 -2 55 -12 -56 -57 59 61 79 -15 -51 -64 107 66 67 -17 69 -67 -71 -70 73 77 76 -76 -75 100 -39 -60 81 -81 -42 84 90 -34 87 -27 -88 -90 -5 -54 93 94 98 -96 -97 -95 -4 -99 -73 102 -102 -103 -105 106 -106 -65 109 119 111 -110 -112 118 115 -115 -117 -116 -114 120 -44 -119 -123 -124 125 -125
right_child=5 3 46 21 11 42 15 -9 24 12 52 -13 -14 22 -16 65 23 18 43 -21 28 -23 26 -25 25 86 27 -29 -30 30 31 33 85 -35 47 -37 37 38 40 41 82 -43 108 -45 -46 -47 -48 -49 -50 50 -52 -53 91 -55 56 57 -58 -59 60 -61 -62 -63 63 64 -66 68 -68 -69 71 70 -72 72 -74 74 75 -77 -78 -79 -80 80 -82 -83 -84 -85 -86 -87 88 -89 89 -91 -92 -93 -94 97 95 96 -98 99 -100 -101 101 103 -104 104 105 -107 -108 -109 110 -111 112 -113 113 114 117 116 -118 121 -120 -121 -122 122 123 124 -126 -127
leaf_value=-0.01752833413638832 -0.0067913420960778997 -0.015217763493499221 0.019619461700142098 -0.022476220743062252 0.010477289831063556 0.015777001817684017 0.022710012754848709 -0.020336581743083143 -0.0075417701012822974 0.024033960641563823 0.021801134047584787 -0.01182175945287477 -0.011984608184823343 0.0047629653060355893 0.0052893496633972014 0.0092116302319205038 -0.012148981851511182 -0.0062180832895319645 -0.0092383715251606047 0.022881455732680713 -0.014553070846069108 0.014677953616564291 -0.0055277789792268165 0.017168734006979023 0.0048948771851528459 -0.020723962426338612 0.016657460182510936 -0.014687741258769338 0.0098478734883998484 -0.014890820262578076 -0.018506576043248665 -0.01479858976838464 0.0080069607213137332 0.020488745136702822 0.013654696358821909 -0.019596773401929363 0.017910923392145985 0.0081020832765914211 0.019451712411474652 0.020599264617864273 -0.022617351886045585 -0.011014837793600218 -0.026058729786692044 -0.01650335354924392 0.021638848092269746 0.0057705537947706168 0.01825068626255047 -0.012019761065657896 0.022674323278002749 -0.014536143612730543 0.014328628012783689 -0.02105179887239109 -0.0073892282161881614 -0.027023449016506419 -0.018842605029279851 -0.012581128569389907 0.0094202471119944203 0.014674276844319692 0.018961746134491118 0.0043199897525951552 -0.021586336307925398 0.034922399387718232 0.0073917316607654037 0.018485927775662849 -0.030343972429722213 0.0075730424172336021 0.0063506775570826004 -0.03058137182134097 0.020406624833631565 0.010246112397700912 -0.02036817978876005 0.015804276004292156 -0.018843164285268311 -0.02384914492770147 0.022437282477276693 -0.0064811877621093368 -0.0018641850347010088 0.015415535206122944 -0.018820628943841011 -0.019816957309863673 -0.025628586890421735 0.013199000944662875 0.0035038028339045893 -0.0096846831441503647 -0.022018959258161011 0.027931597590717741 0.0034411350316231049 0.013978778197248104 -0.024874468578830109 -0.0011968864519806327 0.0064118626049984844 0.016781779757504587 -0.015357219757236081 0.016673604508311051 0.011375501601323841 -0.0034014047600507899 -0.029072887481818271 0.01587616539675667 -0.0059135030941083614 -0.010082697329960475 -0.024537949238596358 -0.017154364943669991 0.0044112280455960787 0.02217395356217082 0.0049815141168334668 0.021547503761591747 -0.021321585418565322 -0.015529321434852946 0.002806729968260935 0.010879391822036226 0.017562218426687634 -0.026652446626857125 -0.016031832346100009 0.020880886808240316 -0.006648389450033731 -0.0015884328177642542 -0.025821808902864587 0.017246287489060468 0.008979995701314511 0.0072679303530176148 0.004072632548203523 -0.0021800092951130765 0.028328443438442787 -0.01823302057893075 0.017506352589954744 0.014948451470495562
leaf_weight=101.21270578168333 17.709513830021024 149.60745203820989 23.270104810595512 4.6035201326012603 53.424486977979541 18.2784453779459 40.77334239333868 128.76204888988286 7.9406098872423199 14.02353725582361 9.6507571553811413 73.894287219271064 35.943796459585428 8.5376806203275937 10.734120320528744 7.2043813429772845 17.223436541855339 15.722029684111474 16.909182608127598 18.942770494148135 47.245462184771895 18.38458913192153 127.37614181265235 10.385377336293457 34.519943902269006 7.0852559804916408 26.466212242841721 8.9016397539526206 10.735962651669977 24.912298183888197 7.5301720872521392 35.350135412067175 51.497131882235408 12.538754783570765 42.180389117449522 25.864862162619829 17.58559313416481 48.155469359830022 25.16417040489614 4.429005689918994 6.8588776141405097 96.96524934284389 11.437882896512749 51.612735224887729 7.6854574345052233 9.6170247718691808 26.235302168875933 8.3783139623701555 13.991566382348536 18.688586458563805 17.116667777299881 16.366887353360653 10.461220117285849 43.624983351677656 34.789297983050346 22.940659588202834 7.8994662426412097 8.0323738232255 14.457863833755253 31.576916459947824 8.2136608697473985 15.609474189579485 61.286109043285251 6.6188792139291772 7.7270789835602036 18.901148580014706 326.89518380537629 8.5509096570312959 14.898505212739108 7.391568921506404 35.538985522463918 17.384770337492228 11.738316774368284 19.221050720661879 12.600447881966831 14.97118144482374 21.427119512110949 34.002751993015409 6.3257778435945502 5.2951874956488636 6.9702241308987167 19.006646551191807 42.095714481547475 78.219111479818821 7.4832160491496316 14.223356813192366 10.435584435239432 13.589713882654904 35.84796323813498 11.223538991063831 62.199856163933873 19.845991667360067 10.179137647151945 50.844734784215689 17.551783464848995 47.563791621476412 12.322840474545954 9.3679150827229041 10.933379154652355 17.452951911836863 17.240944277495149 8.2893068548291904 10.888529028743504 20.082874983549111 13.679784093052143 8.3049074411392194 11.743457196280373 6.0965960528701553 14.589064896106722 363.17515900544822 34.833298586308956 10.680248178541659 22.947411984205246 12.643212329596279 19.632269263267517 27.590136632323265 14.26025068759918 60.075094271451235 11.453701287508009 32.531903482973576 11.18669882044196 47.599550012499094 14.789251986891029 13.503621786832811 25.535811625421047 11.542057700455187
leaf_count=1334 189 2621 81 64 250 60 157 2144 68 82 51 909 428 56 71 36 112 148 122 96 364 92 935 40 350 68 128 70 57 167 69 289 323 55 205 190 59 271 111 19 55 753 69 534 38 59 98 64 58 168 98 120 84 503 336 223 47 39 51 172 56 55 328 25 49 74 1488 81 69 46 234 70 77 96 41 74 114 155 60 66 44 102 267 880 81 63 90 82 387 86 502 99 45 194 70 236 75 37 60 86 120 49 60 78 60 31 73 59 68 1417 133 60 103 53 72 120 73 211 43 145 50 198 41 73 85 35
internal_value=-7.44186e-05 -0.00446129 -0.00162178 -0.00980712 -0.00344234 0.00339912 0.00129971 -0.0129055 -0.00946921 -0.00237792 -0.0081942 -0.00121239 0.000977923 0.00265102 -0.0173935 0.00393769 0.0132995 -0.00998558 -0.00441088 0.00979511 0.000148716 -0.00227002 0.00145539 -0.000801281 -0.00299411 -0.00596822 -0.00242788 0.00849884 -0.00989371 0.00128349 0.000212173 0.00109561 0.00926175 -0.000525326 -0.00132171 -0.00307679 -0.0014923 0.000447434 -0.000946612 -0.00448669 0.00641903 -0.00941691 0.00619322 -0.0109548 0.000761551 -0.0154463 0.00542287 0.00919127 0.0117519 0.000882413 -0.00123045 -0.00363865 -0.00223211 -0.0214325 -0.00617923 0.00152657 -0.013448 -0.00518115 0.00721504 0.0136133 0.000423518 0.0249917 -0.000591334 0.00269828 -0.0109212 0.00291507 0.00542951 -0.0127425 8.32491e-06 -0.00798227 -0.0149156 0.0021351 0.000806901 0.00200452 -0.00470123 0.00695252 -0.0126551 0.00526615 0.00463915 0.0048183 -0.00201256 0.0053876 -0.000475394 -0.00441495 0.00114883 0.0127181 -0.0108038 0.00154039 -0.0152435 -0.0194336 0.00407477 0.00837326 0.00363825 0.00475074 0.000515932 -0.00435351 -0.00912382 0.0107161 0.0114363 -0.000663272 0.00191925 -0.000867035 -0.0134624 0.00491365 0.0086188 5.51244e-05 -0.00740194 0.002015 0.00725012 0.00938214 0.00461126 -0.0100708 0.00582131 0.00430121 0.00599381 -0.00278552 -0.0103257 0.00849385 -0.00760108 -0.000441195 -0.0114916 0.0102573 0.00639572 0.0126241 0.00751403 -0.00283965
internal_weight=3816.26 1686.67 1102.78 583.894 877.057 2129.59 1217.41 413.004 284.242 508.067 185.688 655.355 322.379 286.435 72.0686 709.338 68.3822 221.702 110.872 34.6648 581.461 170.89 272.412 27.6088 134.634 112.702 162.744 35.3679 57.9814 523.48 470.055 445.143 73.2507 371.892 359.354 308.795 282.93 247.58 229.994 155.876 74.1188 101.394 912.186 76.2074 24.5946 110.83 225.722 50.5587 21.9322 152.179 133.901 116.784 113.62 61.3345 83.3126 40.6238 42.6888 30.973 109.668 55.7241 53.9436 24.1472 100.417 81.7287 20.4426 640.956 342.65 15.7553 298.306 61.8317 42.9306 236.474 221.575 209.837 68.2198 27.5716 40.6482 141.617 54.4812 45.7299 31.2721 24.3018 48.9546 152.506 74.2866 65.7205 78.1821 20.675 57.5071 47.0715 66.8034 30.3072 199.487 189.308 111.642 77.4384 59.8866 77.6656 34.2035 26.8209 107.615 90.2298 28.1295 62.1003 53.811 33.7281 25.4232 12.7155 760.007 418.332 341.675 25.2693 316.406 281.572 247.171 54.4936 41.8504 192.678 34.4011 55.1565 22.6246 173.045 112.97 65.3707 50.5815 25.0457
internal_count=26764 15486 7913 7573 6931 11278 7322 5954 3810 3887 1642 4600 2245 1817 763 3435 309 2331 938 244 3691 1619 1735 152 1189 1063 1133 198 421 3270 3020 2853 455 2398 2343 2074 1884 1595 1536 1103 433 772 3956 694 160 1393 982 269 126 907 847 749 879 692 696 313 383 262 602 283 319 111 629 461 133 3126 1605 117 1521 354 280 1167 1098 1021 325 115 210 696 331 263 212 168 322 1527 647 386 713 150 563 473 566 183 884 839 522 381 311 317 141 123 541 471 180 291 242 164 133 84 3049 1681 1368 128 1240 1107 961 246 193 715 146 264 119 643 432 234 193 108
is_linear=0
shrinkage=0.03


Tree=41
num_leaves=127
num_cat=0
split_feature=126 12 12 37 81 0 131 44 19 18 44 0 44 47 132 86 34 10 43 52 8 16 126 2 130 49 34 38 132 27 19 3 17 24 23 128 38 52 7 37 6 7 6 36 17 39 26 128 74 132 54 130 129 83 17 43 43 27 126 16 129 19 2 128 17 82 60 11 52 3 55 19 22 36 10 2 37 128 44 43 42 132 132 6 10 81 129 127 24 83 44 2 128 54 7 81 19 128 17 20 39 44 19 83 128 7 46 128 20 43 36 126 84 82 37 133 45 43 17 18 17 131 26 84 16 13
split_gain=60.6293 33.1171 18.5766 13.7137 13.1708 12.5494 11.7587 9.9452 9.33541 8.63061 7.7741 7.72116 7.62562 8.04606 7.29922 7.23443 11.1588 7.45962 7.19752 6.96029 6.38633 6.32549 6.26515 8.89893 8.50677 6.21279 6.2902 7.31481 6.55602 6.54531 6.23431 6.60027 6.12193 5.95731 5.85285 5.85132 5.68678 6.8141 6.56675 7.47071 5.96128 7.16282 5.67922 6.66464 6.11115 6.58317 5.96759 7.71693 6.47117 5.66954 5.91339 5.63449 6.27401 5.59303 5.58973 5.54323 6.06105 6.60039 8.81159 6.40268 6.18673 6.24117 5.68468 5.52182 5.48101 5.44857 5.32156 8.77601 7.19081 9.02236 7.44938 7.12417 6.571 5.80943 6.70506 6.32179 5.67115 5.53773 5.30675 5.84646 5.66227 5.28774 5.46706 5.23513 5.22916 7.8626 7.4226 5.55739 5.21314 5.77659 5.16614 5.53864 5.09326 5.07073 5.06752 5.02695 5.40668 4.9534 5.75305 4.94093 4.93612 4.93478 6.84438 4.89149 4.88181 7.59161 7.99139 4.92045 4.8768 4.69862 4.79488 5.79996 4.66569 4.65894 4.63286 4.62295 4.60008 4.52601 4.49191 6.93487 4.70752 4.48645 4.46643 5.16447 4.43887 5.59802
threshold=0.80392702860804455 -0.065121123152961494 1.2676182901079329 -0.22359402189326377 -0.66511219520796006 0.60936290016033456 0.62356276769988883 0.033331412912746508 -0.95470433255915255 0.51809463080054374 0.58579766601884142 -0.97829221439720593 0.061726079650195755 -0.33937942954211692 -0.16806370253584157 1.0000000180025095e-35 -1.2011954523996318 1.0000000180025095e-35 -0.57182317745768141 -0.76687270620733483 1.1658249194702355 -1.4325584923524532 -0.70301246629124503 -0.45019274416525973 -0.67972760012484501 -0.9341946359188259 -0.95252188064651355 -0.82958222181382657 1.0326378260981695 1.2097089852193197 -0.71097397258792316 1.0000000180025095e-35 2.0392240436627889 -1.0316418642816423 1.5925835103097672 1.2831105556926299 2.1049111963239411 0.43390103100894956 -0.88024404178469062 1.1206006273709455 0.79636724371869738 0.83944862975377965 1.3852454870491688 -0.95583046678722006 1.9716068027235167 1.5931490118580551 4.2702795901056101 -0.93830462920968516 1.0000000180025095e-35 0.45262815922071403 1.669987481851839 -0.42322898957815008 -0.32848336038177456 0.15892207011567783 0.36988038981726645 -0.87273862940256131 -0.2696377840307107 -0.48407395487090227 1.5212006803468729 0.26941931887922793 -0.40625918248275039 -0.74144026758432691 -1.0754089916571583 0.18722040723667427 -0.66709909802906331 0.6613511637077879 1.0000000180025095e-35 2.7045557900915074 0.49793877829784677 0.71298566401262975 -1.5713396897623693 0.020217107325764604 -0.2364193587602649 -0.95583046678722006 0.97947414197040905 -1.3880171154031073 -0.98340900126811026 -0.18722040723667421 0.90750263731410186 0.18963830368181414 -0.82963158703045659 0.86068057137289877 1.4078172909533053 0.79636724371869738 1.0000000180025095e-35 0.73168798492200637 1.1978211914287795 -0.36467797510245092 -0.42243224834802934 -0.56644814809596666 -1.4548701841580354 1.4254559983104362 0.76650237315720771 0.39253629148451358 -0.80381325638298085 1.1404009565869475 -0.68050767759151942 -0.15137821162665857 0.5551028432554842 2.2609884363762536 -0.45230213917648637 -0.3388817254978162 -0.63480823509691409 -0.056539339331538145 0.73600493125440092 -0.5745209001778514 -0.044711245581239047 1.1761846760515775 1.368191642472506 1.0000000180025095e-35 -0.69139296289354835 0.46064655260652365 -0.69762079999102011 -0.84943939081189124 -1.1600583959403445 0.51587181869986021 -0.6257947479503746 -0.28110863931400554 0.73041350783475767 1.0927445873382451 -0.42283132150420172 -1.2775626471307195 1.1883082396652831 0.41733097874772423 -0.45194876005340517 0.70867164157756202
decision_type=2 2 2 2 2 2 2 2 2 2 2 2 2 2 2 2 2 2 2 2 2 2 2 2 2 2 2 2 2 2 2 2 2 2 2 2 2 2 2 2 2 2 2 2 2 2 2 2 2 2 2 2 2 2 2 2 2 2 2 2 2 2 2 2 2 2 2 2 2 2 2 2 2 2 2 2 2 2 2 2 2 2 2 2 2 2 2 2 2 2 2 2 2 2 2 2 2 2 2 2 2 2 2 2 2 2 2 2 2 2 2 2 2 2 2 2 2 2 2 2 2 2 2 2 2 2
left_child=1 3 4 10 32 11 18 55 -7 19 12 104 22 -14 78 16 65 95 88 -8 21 -20 93 33 -25 103 29 -28 51 -27 -30 -32 -2 -24 63 -35 37 38 39 -10 41 -39 44 -44 46 -46 48 -48 66 84 81 -29 -53 92 -55 -6 60 62 59 115 -57 -62 101 -4 90 -13 68 71 70 -70 72 73 124 -68 75 -75 -71 -78 -12 80 -80 -51 -83 118 86 87 -45 -86 89 -5 -23 -92 117 -1 -60 96 -17 -98 -99 121 -63 -58 -103 -26 -3 -106 -107 -108 -56 112 -111 -112 -21 -66 -50 -59 -42 -11 120 -120 -73 -72 123 -89 -18 -126
right_child=2 5 34 6 7 8 9 -9 36 53 14 15 13 -15 -16 17 42 -19 20 109 -22 64 23 24 25 26 27 28 30 -31 31 -33 -34 35 -36 -37 -38 40 -40 -41 116 -43 43 49 45 -47 47 -49 114 50 -52 52 -54 54 108 56 57 58 94 -61 61 100 -64 -65 113 -67 67 -69 69 76 99 83 -74 74 -76 -77 77 -79 79 -81 -82 82 -84 -85 85 -87 -88 122 -90 -91 91 -93 -94 -95 -96 -97 97 98 -100 -101 -102 102 -104 -105 105 106 107 -109 -110 110 111 -113 -114 -115 -116 -117 -118 -119 119 -121 -122 -123 -124 -125 125 -127
leaf_value=0.01350750030978641 -0.020837636659643898 0.012776036215401311 -0.0081439858863695362 -0.018889468278302943 -0.014904687900401744 0.033309213633092055 0.0094774335769294386 -0.016733838872147473 -0.014765454619334673 0.0020127444675756894 -0.01698106367892235 -0.018146769395973622 0.02543159904219662 -0.0049906837239537764 -0.015812699918339661 0.019502357839269183 0.018872630003570819 -1.3997127600304895e-05 0.016038656074244036 0.012924158144202363 -0.016778039904454332 0.016191945491417864 0.025081856998427753 -0.020544493090558461 0.02114331838428294 0.011511753141298606 -0.029657223799692434 0.012315378714140315 0.018935504769098929 -0.017810976354135758 0.014499791950996753 -0.02285710220824002 0.017862346913038073 0.0061160238675413226 0.033294038376295298 -0.01418071966367747 0.012327368060311669 4.41353524250057e-05 -0.010984844821246974 0.028092741079787636 -0.031008021100650922 0.02543895134842622 -0.013193427811228686 0.00032519901769038028 0.00041142813035148181 -0.02710664299396907 -0.0089494059606161636 0.017315563437539899 0.0019527156399231597 -0.020402872306765192 0.015034025674607352 -0.00080493471466623959 -0.017752465878928203 0.029642706065929107 0.012513623432940997 -0.0093220678616461172 0.01846219765583134 0.0015250261286489852 0.0098270130029102301 0.01644972365147223 -0.012416200463515352 -0.0071614139736773498 -0.018238090903115518 0.02125987902097308 0.024599343163947348 0.0029867687732257168 0.015396960975386998 -0.015163268053866379 -0.017549254154886427 0.026830306590083872 -0.012268561403834314 -0.00065667359917830775 -0.022045098158824165 0.020400507092366321 -0.018493357169022357 0.00054625008488609183 0.0113314316356032 -0.022963322053066386 0.012863849873144668 0.019538847574379081 -0.020329904880808668 0.012624139077180933 -0.016103159378368061 0.001460903584157672 0.014233776481099206 0.018867642831172798 0.026822946795159439 -0.036501729859945535 -0.015452499044217187 0.010970023755849014 -0.017793348344629527 0.0085273411020036841 0.011274648434889513 -0.0070144966928141128 -0.02570297426195705 0.023710535908634055 0.012993408974348994 0.0030678376862606784 -0.027239134923028856 0.021481497095312344 0.021019699756858121 0.015625105999426233 -0.03209933548229349 -0.0047710472904012834 -0.014923866245162737 -0.008282656527938281 0.0033027419109491899 0.023969852163651981 -0.009172656626208182 -0.016934619997695681 -0.0016448614606939466 0.022125773225757546 -0.013254742118889379 -0.0029969094360619837 -0.014203387975130592 -0.026443151797441843 -0.0004524937955422002 -0.021077848186230524 -0.013965395700209757 0.013219081090378226 0.021085902512054829 0.0038300031639890461 0.0065077951603467292 0 -0.026568809245357837 0.010626380643836015
leaf_weight=58.712270569056273 120.84917814377695 160.38938142172992 12.931111313402658 8.2094510607421416 42.944044708274305 5.2779934518039218 29.458284612745047 91.597297510132194 5.3488155957311374 15.516629263758661 9.4592339191585761 31.065057881176472 24.221091005951166 10.707975188270209 41.454994022846222 30.284251771867275 7.6585533078759935 47.55221202224493 12.960148818790911 5.7522930689156047 37.085938313044608 4.4655236937105647 12.417815309017895 22.69169145822525 16.795655176043514 36.328070189803839 10.574105449020861 9.3806829154491407 16.985707320272923 7.3930537346750489 6.5843619387596837 8.7156340777873975 2.9847353212535372 119.72964701987803 7.9417246468365184 13.272701695561407 17.113351352512836 28.075592998415232 126.62410314194858 7.7829097136855125 5.5728576220572021 14.733666799962519 10.826030835509298 12.623156502842901 20.604355275630954 11.384314537048338 11.693254660814999 50.335410255938768 29.467499729245901 11.920270062983034 20.067100420594215 32.773778516799212 50.003663346171379 12.527775090187786 38.495441187173128 18.795028035528958 7.5705506317317495 33.055622419342399 3.9414966106414822 24.542078521102667 7.6294443979859343 6.1361912265419951 50.553741179406643 8.7586205378174764 4.6400808133184901 15.9756698384881 28.268216952681541 15.654970750212668 36.02640201151371 7.0244039706885841 15.175255509093402 9.7958543486893159 18.7559186629951 15.285031758248804 13.670046538114546 130.83818625658751 8.4760518353432417 6.6433585174381706 7.6577224526554337 16.582559673115611 8.9071903582662362 16.923769026994709 7.9096109718084326 35.891571208834648 10.312929809093477 27.752677325159311 41.087676409631968 7.4636812545359152 128.37513202335685 14.895493760704992 54.179536546580493 7.5046335943043223 16.958281472325325 12.370763409882782 15.017185367643831 33.909015581011772 24.091537784785032 19.108619108796123 6.8267979845404616 12.87173982709646 29.733235940337181 3.8005259986966857 5.3622117247432461 9.6238163225352746 15.084088034927843 17.770050136372447 19.073854554444551 23.827472865581512 11.258789755403994 14.455404074862598 75.575870303437114 9.4923127852380258 76.684932572767138 212.26343696005642 32.641939088702202 5.2874724380671969 14.360246559605001 13.378324273973702 10.412138488143681 31.516336057335138 74.732707500457764 398.33658816106617 7.195862963795661 5.945553332567215 6.3984397351741773 6.2278401553630829
leaf_count=231 2375 573 88 144 558 18 157 1256 45 81 68 238 104 73 360 118 35 241 86 27 434 35 57 179 69 203 101 47 77 48 34 58 21 638 26 91 91 274 1065 38 56 78 69 52 97 60 51 194 132 59 71 222 317 46 164 246 41 299 34 162 85 64 540 39 32 89 119 62 250 25 132 57 129 52 80 605 52 56 56 85 90 74 50 151 43 94 133 48 1745 160 786 78 83 64 180 100 99 91 35 48 175 28 68 56 66 79 72 74 60 119 444 57 637 2042 179 50 118 89 55 135 295 1955 31 27 48 30
internal_value=-0.000165285 0.00132466 -0.00988933 -0.00223137 -0.0113501 0.00389128 -0.00474445 -0.00828835 -0.00274366 -0.000264726 0.00135262 0.00478726 0.00283537 0.0161424 -0.00700003 0.00395115 0.00318303 0.00991979 -0.00768579 -0.00379579 -0.00517901 -0.00366413 0.00174872 0.000176403 -0.00351107 -0.00152201 -0.00355709 -0.00676066 -0.0045703 0.00619893 0.00686387 -0.00669323 -0.0197452 0.0059591 0.0127881 0.00397745 -0.00377078 -0.00519989 -0.00887308 0.0106139 0.00294576 0.00923392 0.00373805 0.00865629 0.00288106 -0.00981575 0.00329392 0.0122532 0.00269463 0.0101412 0.00229869 -0.00863891 -0.011168 0.00658301 0.0123698 -0.00518179 -0.00313191 -0.0064112 -0.000619164 0.00478727 0.00464852 0.0108262 -0.0133001 0.00401117 -0.00463011 -0.0109943 0.00335223 0.00612479 0.00140012 -0.00844391 0.00265236 0.00712484 -0.00971194 0.0031026 0.000826783 0.00276802 0.0063584 -0.00404107 0.00167161 0.00742375 -0.00495537 -0.00478924 0.003089 0.0117182 0.0140247 0.00755483 0.02077 -0.00277879 -0.0131083 0 -0.0121342 -0.0144583 -0.00130935 0.00984662 -0.0180437 0.0140457 0.00968669 0.00342014 -0.00551338 0.00381156 0.0160539 0.00163631 -0.0124193 0.0117644 0.00981604 0.00342525 0.00820387 0.0151342 0.00746313 -0.00600109 -0.00154727 0.00119898 -0.0112591 -0.00228261 -0.00658119 -0.00282959 -0.0102117 -0.00892526 0.0145717 0.00623039 0.0185529 0.0032038 -0.0116972 -0.0214485 0.00205065 -0.00856888
internal_weight=3762.57 3263.14 499.431 1367.48 469.8 1895.66 804.134 345.966 224.89 319.554 563.344 1670.77 479.282 34.9291 84.0617 1434.63 1272.86 161.772 484.579 211.419 333.099 296.013 444.353 373.27 227.85 205.159 178.739 135.018 124.444 43.7211 32.2857 15.3 123.834 145.42 29.6315 133.002 219.612 202.498 139.756 13.1317 62.7424 42.8093 1225.81 180.028 1045.79 31.9887 1013.8 62.0287 951.769 169.202 56.8208 92.1581 82.7774 108.135 62.282 254.369 211.425 149.131 81.8439 62.8852 62.2939 43.4989 67.287 21.6897 283.053 47.0407 889.66 366.065 523.595 58.1702 465.424 350.41 39.0408 188.061 159.793 146.123 22.1438 15.1194 42.6067 33.1475 16.5649 36.7537 24.8334 162.349 112.382 58.6707 53.7108 30.918 151.48 23.1049 66.1497 61.6842 45.8532 71.083 18.9587 114.22 80.3112 50.027 25.9354 426.384 35.8694 16.7333 9.16274 26.4195 236.145 75.7555 60.6714 42.9013 49.7542 181.961 99.5236 85.0682 82.4372 216.904 62.1094 38.3431 19.9331 28.895 126.457 41.9285 84.5286 413.512 20.6051 13.4092 20.2848 12.6263
internal_count=26662 20327 6335 10834 6182 9493 7506 3786 1783 1964 3328 7710 2669 177 659 6846 6162 684 5542 1441 3493 3059 2492 2197 1411 1232 1107 856 755 251 169 92 2396 786 153 729 1765 1674 1148 83 526 352 5835 751 5084 157 4927 245 4682 682 254 586 539 523 270 2530 1972 1402 725 511 570 324 677 127 2973 327 4371 1611 2760 383 2377 1549 242 856 737 657 133 108 299 231 146 183 124 693 428 243 185 149 2049 304 899 864 253 295 214 443 343 225 126 2135 239 137 96 125 864 291 225 146 224 1284 620 501 664 2074 311 349 174 170 542 190 352 2087 106 75 113 78
is_linear=0
shrinkage=0.03


Tree=42
num_leaves=127
num_cat=0
split_feature=126 32 81 37 38 40 129 37 40 45 41 129 18 103 30 18 130 7 13 20 131 33 127 131 2 46 52 81 38 40 43 86 81 127 11 132 83 42 32 126 9 3 3 5 40 33 126 83 129 3 132 127 22 83 61 17 35 36 55 38 40 84 13 129 38 37 32 22 21 2 132 10 0 42 47 84 41 39 36 47 11 69 42 45 34 36 81 3 35 54 129 42 131 22 20 13 131 47 127 36 36 127 35 39 24 7 13 86 47 21 21 42 0 2 35 7 93 52 131 127 45 81 83 41 33 91
split_gain=50.6854 25.4379 19.5069 15.6424 20.6428 15.1325 10.8136 11.0259 11.0156 9.79555 8.61371 8.40538 7.59391 7.9687 7.46775 7.39625 8.02526 7.3759 7.69469 7.17579 8.62452 7.09959 7.57894 7.00802 6.924 6.76336 6.637 7.51236 6.29996 6.16355 6.09034 6.01063 8.13958 6.63217 6.45571 6.26171 7.41976 6.48724 6.95583 6.40169 6.28777 6.02022 5.88738 6.95247 8.20101 5.85228 5.7709 5.68588 5.59868 5.4987 6.09907 5.41633 5.41328 7.44083 6.98703 6.85138 9.12877 7.22989 6.67774 12.0452 6.44815 6.43031 5.72148 5.40052 7.07985 7.48874 8.67311 6.4216 6.4267 5.3886 5.56568 5.33758 5.29487 5.48433 6.311 7.39804 5.20241 8.45275 5.19404 5.17495 5.12812 5.76133 5.38377 5.11325 5.08218 6.23188 5.54292 6.57018 5.0568 6.38649 4.99519 4.99425 5.38243 5.51519 4.9905 4.96154 4.90097 6.59307 6.76244 4.83374 4.85819 4.79548 4.77386 4.75311 4.87138 4.74036 4.67869 8.65647 4.65263 4.57019 4.51966 4.51391 8.32347 4.6164 4.49726 5.82685 4.49455 4.42202 4.40872 4.37507 4.36324 4.89155 4.33601 4.33402 4.60098 4.79711
threshold=0.4964448890238144 -0.25466885902801512 -0.71545379397916675 -0.55466348960412992 -0.23325467031252523 -0.26037934769646293 -0.96955972962269865 -0.18078832144524856 1.8659895278224019 1.3487250465552325 1.66703542906894 1.3573836214717783 -1.1105107242478416 1.0000000180025095e-35 1.0000000180025095e-35 0.54544854081439365 -0.55452379286590436 -1.5681211104000787 1.8945684770758435 -0.13852192994213328 0.62356276769988883 -0.78668746603278572 0.29229287037623342 0.21469670709931385 -0.45019274416525973 0.70954798801119578 -2.5480964419152228 -0.11832659773173494 -0.57696161778858912 2.2290729599935521 -0.15167258748273937 1.0000000180025095e-35 3.3556617968663871 -0.65666501753742168 3.1761140382332984 -1.2641245761626141 1.747535718263159 -0.26550344103960205 3.275542017105832 -1.4027847091149537 1.0000000180025095e-35 0.87812693232290961 -1.2687095557107273 -0.697045001485739 1.3629395572932903 1.073308880543977 1.3966073168797095 0.87194746480565821 -1.5390053736405369 1.2414377226055251 1.1081645061598502 1.2412507582898888 0.3077868216828748 0.74498833030933753 1.0000000180025095e-35 0.28799031521850577 0.68744992565421315 0.97723659404339769 0.17937839937745143 1.3751348575872211 1.4822728371726046 -0.053818597586789897 -0.74700267308620505 0.78811941776579653 0.86486679298926739 -1.6940535305795512 1.9517129385556393 0.38553056174618044 0.91622622712673396 -0.76280086791120894 0.20920615177948498 0.75259766600909372 -0.97829221439720593 -0.38863187085987622 -0.22932088744409182 -0.29691552972330243 -0.60760004054615513 -0.50027117896809103 -0.1534360694714941 -0.13363161382212163 0.091401143086125014 1.0000000180025095e-35 -0.66037305087795739 -0.33011196573409096 -0.45517473714027668 -0.57259457429082816 1.0160602808321326 -0.21180543852493697 -0.58480582788377233 0.24877009950781537 -1.3921437654275213 -0.093044974774611391 -1.0282105360664022 -0.055017298612551745 0.93741396474859517 -0.89313214096750992 1.1763977920455189 0.60906092406710033 -0.21868445388496552 1.861137111375667 1.5301723561726985 -0.1456876932762228 -0.7504202461319911 1.3998602273869243 1.0000000180025095e-35 0.38086391734352082 -0.93809505416175754 1.0000000180025095e-35 -0.40826788307869155 0.0048289688209074508 -0.21664824174318131 -0.53522008592689951 1.0000000180025095e-35 -1.0754089916571583 0.090816743221043508 -0.039505402365883041 1.0000000180025095e-35 -0.6441564222436631 1.2830917241836162 -0.29168121449370826 0.12856240305469399 -0.0073509472231002996 -0.8557808356030866 0.42229831660951345 1.0000000180025095e-35 1.0000000180025095e-35
decision_type=2 2 2 2 2 2 2 2 2 2 2 2 2 2 2 2 2 2 2 2 2 2 2 2 2 2 2 2 2 2 2 2 2 2 2 2 2 2 2 2 2 2 2 2 2 2 2 2 2 2 2 2 2 2 2 2 2 2 2 2 2 2 2 2 2 2 2 2 2 2 2 2 2 2 2 2 2 2 2 2 2 2 2 2 2 2 2 2 2 2 2 2 2 2 2 2 2 2 2 2 2 2 2 2 2 2 2 2 2 2 2 2 2 2 2 2 2 2 2 2 2 2 2 2 2 2
left_child=1 3 123 9 10 11 -4 21 46 12 29 106 24 17 25 16 23 -14 90 -18 45 22 -8 -7 -1 48 -15 51 101 -5 -27 32 33 41 35 -35 37 38 -37 40 -39 76 -17 44 114 -21 -9 -46 -3 99 119 91 53 55 118 57 62 60 61 -60 -29 -55 -57 64 65 -50 72 68 103 -12 -71 -43 -67 88 -75 -76 -16 -78 -68 -63 82 -82 -22 -41 85 -45 -86 -88 -74 -90 -19 111 -93 -94 109 -13 97 98 -77 100 -30 -23 -33 104 -65 -97 107 -6 -108 110 -32 112 113 -28 -44 -116 -38 -103 -54 -51 122 -122 -104 -2 -125 -126
right_child=2 14 6 4 5 15 7 8 -10 -11 69 95 13 26 31 42 19 18 -20 20 80 28 -24 -25 -26 30 27 52 49 -31 94 102 -34 34 -36 36 116 39 -40 83 -42 71 43 84 47 -47 -48 -49 63 50 -52 -53 54 58 -56 56 -58 -59 59 -61 -62 79 -64 67 -66 66 78 -69 -70 70 -72 -73 73 74 75 96 77 -79 -80 -81 81 -83 -84 -85 86 -87 87 -89 89 -91 -92 92 93 -95 -96 105 -98 -99 -100 -101 -102 117 120 -105 -106 -107 108 -109 -110 -111 -112 -113 -114 -115 115 -117 -118 -119 -120 -121 121 -123 -124 124 125 -127
leaf_value=0.0047739695240577515 -0.019511693482788521 -0.015021489769717443 -0.014680204760985393 -0.014292724063943137 -0.0066926563694408728 0.021424676135403338 -0.018321761664124851 -0.0064454518214394603 0.01399118804094846 -0.009847436177918464 0.026102759514354659 0.015315886034436281 -0.019647678080158555 0.019202837043418616 -0.0048073403369041133 -0.0092545138877005179 -0.0078073798017925418 -0.0075243961563985062 -0.018098780486634804 -0.01291054635835325 0.027364471469556808 -0.017419286711623749 0.015056649336182504 0.0024546020609096321 -0.018612634634629092 0.0029168947333264371 0.010455666115478096 -0.016402303260625785 0.0066358517643487804 0.016353566868725921 0.021041045638005681 -0.0090669792030650675 0.027861918958253545 0.0093745016685490064 0.015939577551389535 -0.010313818868229113 -0.0052033960301374992 0.0054485165095085105 0.010154854042883112 -0.013332403813272092 -0.027537024904018315 -0.015104111237283871 -0.016770301058386373 -0.016405725554736156 -0.00075705179639197018 0.01750909488888849 -0.017990601315271047 0.027382253807877836 0.021005717974381218 0.021892795294335538 -0.034391332739986492 -0.017968331594022186 -0.016454562023894809 -0.023801384155422902 -0.0368787464008681 -0.0028943684785620082 -0.013641314132213041 0.013031837649458863 -0.035139258511849715 0.0060787594564955154 0.0046151980483104225 0.01613533548561661 0.020328652453342665 0.0053484481897178946 0.023347304621467689 0.01704170635913024 0.0047164006256437824 -0.022395422565690944 -0.012545679794465449 -0.025891798426936053 0.013391612604532022 0.015200727841985565 -0.0045254798629418063 -0.010018110782899905 -0.019093026578051123 -0.025386561677168545 -0.0082991031267344358 0.019315574488953557 -0.017094768259582536 -0.00535849433472877 -0.010942424408287688 0.011730080852612991 0.0066380460878237395 0.0049564602852586225 0.023376490864467539 0.010847801418367818 0.024210995070206513 -0.0095064031088336991 0.021472295057518815 -0.0018976717226276048 0.010218948482113382 -0.021846447774762381 -0.012491363466791335 0.013087886488440122 0.0013184022733220579 0.0060003252514282722 0.022259593616476343 0.024396406235009702 0.0059754349961597363 -0.014959318401351767 0.026570338019426834 -0.019384118773542066 0.030265736485914223 0.014978508885175259 -0.015231748850865812 -0.01500257939431625 -0.0033320996302937012 0.02301506932727225 -0.015610480880361873 0.031367889579888751 -0.0036150696161028079 0.01753653564274809 0.028206591716797409 -0.01858158262053854 0.019038509703974169 -0.011588580491216685 0.017424048662599473 0.015007538626495771 0.009800651857688197 -0.0083410040640703766 0.012933993814096574 -0.015286057409969392 0.01048356725084028 0.0022098096053909614 -0.021868989550528208 0.010618734020284638
leaf_weight=19.694870747625828 112.07830000855029 9.9172560703009349 77.623593175783753 178.36875323392451 74.7873843498528 22.699588157236576 27.274512497708201 129.53569978894666 17.8796271905303 50.562608033418655 7.3448803666979101 20.355506222695112 7.571156468242406 17.09424651414156 14.038672341033815 17.476736526936293 135.42381019983441 14.112342022359369 8.4815135076642019 41.574109049513936 13.947234828025101 20.538910350762308 6.8985492885112754 70.390296675264835 24.514144392684102 28.697360971942544 6.8432370573282304 33.725934818387032 160.08675618469715 5.2178888097405425 21.480874933302402 11.54081569239497 9.4285522401332837 41.360821291804314 19.043809913098812 151.09930092096329 10.865250356495379 7.8142101094126728 15.626380436122416 14.592056062072514 12.414201647043226 15.821198800578715 20.835088200867176 8.9161091484129411 11.730016507208349 5.6072719767689696 57.032809025608003 12.730549633502958 31.451288931071758 5.0253117047250315 4.9855053015053263 6.6547214128077021 11.735236432403331 8.5165393799543363 7.8730363026261321 11.649534419178961 10.967861071228979 17.761902786791325 16.536866743117574 9.4469402618706209 20.255333840847015 16.22253355383873 42.667645707726479 53.713223990052938 27.184852063655853 44.832729091867805 16.804322015494108 8.3551564961671811 18.163684088736773 5.140343636274336 5.8744315952062607 6.587941236793994 13.079219292849301 31.905779445543885 7.9775470383465281 8.1697435360401816 11.236958585679529 58.273315612226725 21.038126655854285 23.204968828707933 24.823894025757909 15.510049775242804 53.454216130077839 114.08048830274493 49.310303453356028 30.492368336766958 7.6958960890769985 11.900433104485272 41.371820880100131 13.493811685591934 295.78939222916961 7.4951335843652478 10.198339484632013 22.437134057283401 11.902842260897158 22.351901166141033 18.797820650041103 8.7967088520526868 17.957528602331884 7.606706377118825 11.138979669660328 3.8099532686173907 10.915292680263518 35.970750782638788 11.742977909743784 15.450291367247699 39.684403908438981 8.9784527625888568 103.0811387533322 29.757509915158153 8.8807132393121737 51.638755517080426 6.8925753310322753 12.391560032963751 9.4056692905724066 11.038105480372904 23.388196624815464 10.141698786988853 9.4728999361395818 14.093888225033879 9.2896307520568389 10.897307574748991 93.756299186497927 20.617470333352685 22.06448076013476 4.2028463929891577
leaf_count=110 2266 88 1165 2319 764 128 269 1493 92 257 37 145 60 56 85 104 925 94 44 328 43 225 36 434 161 160 37 215 989 22 90 69 26 212 63 867 50 30 72 90 79 94 132 60 50 28 837 34 101 23 40 48 66 50 53 53 55 68 81 36 75 61 153 265 91 201 86 47 72 53 40 33 94 202 56 76 73 202 130 106 150 67 287 578 205 137 28 63 184 63 1252 64 61 117 46 184 61 33 108 53 47 36 36 115 73 152 398 68 1236 92 35 243 26 84 38 67 88 79 33 114 46 59 382 273 342 43
internal_value=0.000156921 0.00183247 -0.0070437 -0.000361572 -0.00275118 -0.000714933 -0.00436096 -0.00264479 -0.00789133 0.00279566 -0.0113581 -0.00636176 0.00366186 0.00442103 0.00523058 0.00208204 -0.000318675 0.0078609 0.00858392 -0.0027854 0.00160735 0.00130801 -0.0112618 0.0072908 -0.00825253 0.00784568 0.0014627 0.000572469 0.00316942 -0.0133216 0.0148618 0.00307881 0.00160811 0.00106988 -0.000656318 -0.00151036 -0.0028287 -0.00428182 -0.0083284 0.000254498 -0.014997 0.00772564 0.00688037 0.00856121 0.000790522 -0.00894469 -0.0100678 0.0142705 0.00620546 0.00519718 -0.00796013 0.00652818 -0.00251967 -0.000802981 -0.0144322 0.00331707 0.0102864 -0.00303789 -0.00842204 -0.0203725 -0.00852086 -0.00160015 0.0153314 0.00673471 0.00891437 0.00740103 0.00555828 0.00152285 0.00339063 0.00779454 -0.00532052 -0.00579804 0.00798424 0.00536281 0.000593254 0.00620068 0.0114141 0.0147545 -0.00745999 0.00359135 0.00629584 -0.00207848 0.0113081 0.00277246 0.0131996 0.00435409 0.0180809 0.00412207 0.0117862 0.0157398 0.0093797 0.00807563 -0.000455341 0.00487164 0.0194751 0.00372565 0.0102918 0.00332635 -0.00429489 0.00702173 0.00809684 -0.00848732 0.00867198 0.00636844 0.00143753 -0.00267196 -0.00896969 -0.00323909 -0.0122653 0.0229405 0.0138482 0.0124659 0.00205669 -0.00809645 -0.00727496 0.00259301 0.0102175 0.00474682 -0.00467898 0.000149744 0.0103945 -0.00216062 0.0128418 -0.0162833 -0.00825687 -0.016362
internal_weight=3780.16 3067.52 712.636 1864.01 1061.6 859.651 553.673 476.049 204.448 802.409 201.946 284.689 751.846 707.637 1203.51 574.962 383.43 325.954 318.383 290.341 154.917 271.601 34.1731 93.0899 44.209 541.444 381.683 364.589 237.428 183.587 100.719 662.071 525.671 516.243 410.285 391.241 349.88 315.627 166.726 148.901 20.2284 105.958 191.531 174.055 65.7394 47.1814 186.569 24.4606 440.724 202.937 24.1047 124.551 240.037 210.956 29.0812 137.028 65.285 71.7432 73.9278 25.9838 53.9813 47.944 54.3172 430.807 302.861 275.676 244.225 127.946 119.591 18.3597 11.0148 22.4091 206.383 161.55 93.6051 61.6993 83.5489 69.5103 37.8424 39.4275 107.735 40.3339 67.4015 128.673 108.315 39.4085 68.9066 19.5963 67.9449 54.8656 309.902 117.897 40.1306 32.6355 72.0219 58.1577 53.7218 34.924 26.1273 178.832 171.226 34.4906 136.399 101.427 65.4562 37.8022 226.531 83.7658 142.766 60.1191 30.3616 77.7661 26.1274 19.2348 41.2789 20.4438 34.2534 13.9517 21.2081 19.1192 124.859 20.1869 104.672 158.963 46.8848 26.2673
internal_count=26770 18348 8422 12545 8726 6255 5498 4333 2422 3819 2471 2947 3562 3291 5803 3308 2390 1450 1390 1828 903 1911 305 562 271 2569 1841 1785 1606 2341 423 3234 2642 2616 2129 2066 1854 1716 939 777 109 487 918 814 321 356 2330 84 2146 1266 177 680 1105 953 152 619 261 358 334 117 290 217 206 2058 1486 1395 1294 572 525 130 93 127 1078 877 536 334 360 275 216 167 547 217 330 668 493 197 296 91 341 247 1346 632 242 178 263 481 278 217 184 1089 1036 340 592 453 338 336 2466 832 1634 217 125 390 147 121 237 105 138 115 99 137 523 105 418 2924 658 385
is_linear=0
shrinkage=0.03


Tree=43
num_leaves=127
num_cat=0
split_feature=12 126 15 18 37 37 32 28 6 21 38 13 15 40 39 38 33 52 7 22 43 35 7 18 36 21 47 37 20 127 84 25 37 38 3 7 2 34 13 84 11 38 42 52 43 15 66 83 3 18 10 19 126 15 6 84 22 128 40 13 42 35 82 60 17 43 34 15 84 34 38 34 38 37 40 17 17 19 19 8 15 32 35 20 21 42 17 19 8 16 40 130 16 6 42 32 43 2 21 9 43 42 8 37 18 40 42 40 47 103 46 26 16 21 52 37 9 15 83 52 42 130 2 47 12 21
split_gain=45.9609 30.8611 17.0931 14.2651 13.8365 12.3061 11.2215 11.8598 8.73664 8.68513 8.15829 9.69609 8.22121 7.61602 7.08768 7.56369 7.0772 8.46244 6.62144 6.33651 9.95519 9.56677 6.26666 6.2454 6.26528 6.21993 6.17388 6.47704 5.99027 6.09083 6.78203 8.56452 7.95606 10.6346 7.53678 7.06739 9.38303 8.01721 8.3104 6.05319 6.53662 6.01336 5.96456 8.09406 6.00282 5.90857 5.79907 5.77704 11.0169 5.71473 7.53029 6.1652 6.77366 5.65719 5.43558 5.41174 6.35354 5.36977 5.36085 5.72824 5.30697 5.30611 5.30192 6.43376 6.45585 7.06462 5.51516 7.01555 5.24649 5.18023 5.1024 5.06595 5.73343 7.07053 6.17704 5.91674 6.85849 7.38198 5.58552 5.00965 7.67289 4.94714 4.89896 4.86141 8.47015 7.49812 7.67117 7.54552 6.27161 6.31402 7.37527 5.83522 5.7774 5.36831 5.26549 5.25737 5.71313 8.93096 6.76209 5.90199 5.88128 5.52285 5.20149 5.16285 5.1073 5.01485 4.86134 4.8612 4.85346 4.84983 6.13271 5.83537 7.01993 5.41128 4.74708 4.78567 4.7287 4.69655 4.69491 4.69337 4.67619 6.14522 4.67556 4.67122 5.72515 4.65047
threshold=-0.065121123152961494 0.31454104068119187 -0.81730917028646244 1.9056202298208267 0.85133124913371028 -1.1600583959403445 -0.25466885902801512 -0.66848165899358392 0.50192812205346182 2.5633850318809999 1.005593359305512 -0.75824340138476709 -0.77445080360499774 2.3298076836478159 -0.36086944933625614 -1.562335400505819 -0.78668746603278572 -1.2029507258830641 -1.7209826812034981 0.33370140170397666 -0.97995448191780787 2.0300062351099641 -1.6063365031009336 -0.76002580532433661 -0.19470464298810858 -0.75992433877570864 0.70605284921450473 -0.98340900126811026 1.8388749436848248 -0.7296617781461644 0.2791236771552571 0.96225701972541888 -0.78464591212291535 0.8387764592889394 0.51481614204029402 1.2598179494631836 0.48763162707258817 0.53951954987219708 0.084811221007375967 0.67860751699016764 0.091401143086125014 1.0306771825178294 -0.45092988908323411 1.0000000180025095e-35 0.47532385990322645 1.1839642304144504 1.0000000180025095e-35 -0.23887166374209926 -0.54208797514549645 0.41703156247269418 0.75259766600909372 1.0713042847016914 -0.12190507936929694 1.0480146983638916 -0.97026748627271597 0.36825755414085798 0.20412850159846715 1.2573659618785724 2.1301115943661162 1.8664666563294385 1.8814954933388248 -0.20223388875076478 -0.27114487923706349 1.0000000180025095e-35 1.1247117497957133 0.53709210081374248 -0.20650116538715826 0.59454587747782328 0.67860751699016764 0.53951954987219708 -0.36660764703165266 -0.95252188064651355 1.4617553931143552 0.85133124913371028 -0.22155168347506679 0.20694584682999664 -0.13062162697118471 0.14208228731137926 -0.36061158012928113 -0.15118676102392903 0.89515416169231032 1.5104365790389085 1.7451178399675593 0.080198589647168667 0.6923191306219395 -0.29831164907512758 -0.32391744548548401 -0.80237285757713417 2.3365019687983817 -0.034907839420476587 -0.44180398035057439 0.30621392878155707 0.21869812582927722 1.6796846087144044 -0.56690180149187919 2.3929892980723708 -0.040695640240733043 0.48763162707258817 0.81534806924563574 1.0000000180025095e-35 0.57664789958595886 0.010815326981153303 0.14148250130810744 -0.55466348960412992 -0.57779871081863432 0.432928194370088 -0.37465753523115181 0.74470342201243855 0.33512063000273523 1.0000000180025095e-35 1.0342342544461787 2.6454983804725525 0.24687656641258313 0.35778460904704107 -0.07418323170196818 -1.4806057920327043 -0.99711228145263198 0.9504307403438369 -0.51815423173606134 0.46734426946734081 -0.26102941239459582 0.30621392878155707 -0.76280086791120894 0.093986493831269516 -0.40704722508671082 0.28862224522298585
decision_type=2 2 2 2 2 2 2 2 2 2 2 2 2 2 2 2 2 2 2 2 2 2 2 2 2 2 2 2 2 2 2 2 2 2 2 2 2 2 2 2 2 2 2 2 2 2 2 2 2 2 2 2 2 2 2 2 2 2 2 2 2 2 2 2 2 2 2 2 2 2 2 2 2 2 2 2 2 2 2 2 2 2 2 2 2 2 2 2 2 2 2 2 2 2 2 2 2 2 2 2 2 2 2 2 2 2 2 2 2 2 2 2 2 2 2 2 2 2 2 2 2 2 2 2 2 2
left_child=1 4 -3 16 18 14 7 42 -6 10 13 57 -13 49 -2 53 46 25 -1 21 -21 28 -17 24 45 -18 27 -14 29 106 35 32 -32 34 39 36 41 38 -38 40 -34 47 69 44 -44 68 -4 48 -31 60 -51 52 -52 -16 -19 81 123 119 59 -22 82 -33 79 64 66 -66 -64 -68 -20 118 -69 -29 73 78 -74 76 77 -76 -73 80 -24 108 -9 84 88 94 102 103 89 104 93 92 -92 -91 116 96 -89 98 100 -99 -98 -102 105 -88 -25 -87 -8 -48 -56 -65 111 113 -113 -111 -81 -116 -85 -90 -7 -12 121 -35 -53 124 -57 -77
right_child=5 2 3 -5 8 6 19 9 -10 -11 11 12 26 -15 15 22 17 54 23 20 58 -23 62 83 -26 -27 -28 71 -30 30 31 61 33 120 -36 -37 37 -39 -40 -41 -42 -43 43 -45 -46 -47 107 -49 -50 50 51 122 -54 -55 55 56 -58 -59 -60 -61 -62 -63 63 109 65 -67 67 70 -70 -71 -72 72 74 -75 75 125 -78 -79 -80 114 -82 -83 -84 85 -86 86 87 95 117 90 91 -93 -94 -95 -96 -97 97 99 -100 -101 101 -103 -104 -105 -106 -107 -108 -109 -110 110 -112 112 -114 -115 115 -117 -118 -119 -120 -121 -122 -123 -124 -125 -126 -127
leaf_value=-0.011776752820198926 0.014141460573350601 -0.020281072077031472 -0.022652240995529954 0.021955494553038427 -0.015025804362279297 -0.0069209627534756769 0.021122121126211552 -0.0069815655562787517 -0.00086507148747715144 0.014485382132724187 0.016892167109267095 -0.024213961157428524 -0.021363801858249869 0.011830793833147939 -0.030356475369451415 -0.016292740710844536 -0.016572174648835498 -0.016193673890446222 -0.0081200845295739451 0.022658942744058681 -0.016393190796351324 -0.024466588813424513 0.011544430717299879 0.018087433383221777 -0.0094498786314819744 0.011439871173914319 0.01466452324712327 -0.018908319116880085 -0.012308754598236571 -0.021746953026047084 0.0134483263593001 0 0.0044810445259861791 0.015605080553074246 -0.033817996914555594 0.019853591663693958 0.017282926465845262 -0.016391080681489461 -0.0085933839194724665 0.019258613739583198 -0.03303737326967205 0.020059284297701156 0.011677065561264846 -0.019599217483407073 -0.007692054080631533 0.017945710749915432 -0.013263188163764754 0.011186390992137864 0.0098422003748445657 -0.0057374847161918768 0.02526023961794048 0.012254203443952347 -0.0078421443085196305 0.0072628383927726119 -0.01272222418598778 0.023090984458409555 -0.02041450245940719 -0.012097404596791398 0.012424374217520042 0.012610330985176752 -0.027569774541913127 -0.030445640134192018 -0.01266910008531533 0.012217782462758895 0.017584073161800367 -0.0085763728338583301 -0.0082984344719632917 -0.0069126485241027052 0.01954115086766918 0.028545285004287088 0.015533861427722541 0.027568071732248969 -0.018309411891577566 -0.012843832018958661 -0.016484006525194404 0.021928109677041018 -0.027207360694424778 0.017757225523466764 0.0052040440712730609 0.02588780652765867 -0.017691286881885825 0.0077736646917530312 -0.028383232561460726 -0.016171833188848839 -0.014992812555238239 -0.022342726104891124 0.00074704386638093051 0.0062642738890142302 -0.035137198859564414 -0.018121165461126059 -0.014310035036207569 -0.017956782811980366 0.0055830307917194453 0.01762324560667794 0.016338902484241729 0.021175933578700505 -0.023496320445963541 0.0020748498434432581 0.013683814053905508 -0.031930057931553457 0.014285084783236741 -0.015312924176664551 0.023080199812248174 -0.023262348078323371 0.0031647080732229902 0.01715841336915689 0.0064255327486289638 0.014608949902381861 -0.00041783011712622962 -0.01028191717807223 0.019787211527616078 -0.0039346142357221028 0.027292453941705239 0.0037048929858218842 -0.0013734202858980446 0.019365932961949016 0.0073344699999320744 0.003428685697881731 0.015732239106007927 -0.0063843991901512808 0.020465291981896016 -0.021961696086080569 -0.017288707485697056 -0.015168227113721348 -0.0071726777329371395 0.00020374163262769978
leaf_weight=37.657375726848841 93.162352547049522 109.8348613823764 46.375755678862333 13.883649546653031 92.539188176393509 11.480590987950562 44.965593785047531 229.60504269599915 68.542965438216925 26.24628859013319 54.530479066073895 12.997818594798444 13.680489148944615 21.242891374975443 8.3040938526391965 10.365086670964955 7.8448218610137692 56.920243644155562 32.806071694940329 9.824304683133958 42.758174084126949 8.1121638901531679 27.223005097359419 21.816922275349498 93.370551561005414 35.896373894996941 20.742403442040086 11.336612854152916 13.706838093698023 15.510703239589928 40.155720330774784 8.7640016339719313 7.9339965432882327 6.8878180198371428 11.339185476303099 39.143381424248219 21.778973873704672 24.987278249114752 20.881694208830595 6.069383665919303 7.1219770703464746 39.854146733880043 50.90690628439188 11.752429455518721 18.940039526671171 16.093713894486427 15.823978280648591 78.557295633479953 23.897365048527718 122.06929717771709 20.921106487512592 7.2659619748592403 6.7580985724925986 5.1618481725454322 114.084487516433 19.650693478062752 6.5168005172163239 7.2863563261926165 8.2852084934711439 6.2534857541322699 12.465374031104146 11.335662066936491 39.127130527049303 114.2865296266973 30.190018847584724 12.34350451081991 38.120448663830757 11.894921019673346 6.5316833145916453 17.177828386425972 30.752869732677937 16.169636998325586 18.837914876639843 9.9696305841207487 9.783500634133814 13.730102848261593 10.59930163621903 10.916571535170077 26.749572515487671 30.024618461728096 10.299195639789103 15.344634963199494 9.307842303067444 8.0711615122854692 30.89405295997858 4.8705768920481223 12.771721228957174 71.01759990118444 6.4110292587429267 34.294280100613832 14.202191673219202 12.62490816041827 94.608162049204111 3.3530537970364085 65.222078522667289 10.62319454923272 11.918763183057306 6.1690273508429554 21.436579382047057 14.300876514986156 12.652906738221647 8.6820223946124297 20.93063510581851 19.557416871190071 241.01857857964933 4.679723434150219 39.758902527391911 7.4421965666115275 39.279116831719875 39.379258744418621 18.075431242585182 10.592947132885458 14.296041294932364 63.667274504899979 18.52075369656086 19.879978787153959 49.375214340165257 4.1298289149999619 23.497949231415987 8.3302778974175435 15.144037846475838 6.7635393515229225 10.537026245146988 4.5854828748852006 7.0057502053678062 23.047856528311968
leaf_count=374 368 2190 725 57 1386 63 184 2102 627 114 236 143 75 78 67 52 89 959 359 44 293 51 113 134 770 235 111 102 66 102 150 58 47 35 94 153 94 138 124 32 63 145 213 79 84 66 262 309 108 885 97 47 86 19 1306 152 84 46 25 33 162 75 188 416 100 51 181 56 37 49 113 65 173 97 64 55 69 52 163 95 42 120 105 50 215 60 62 413 71 383 96 85 520 20 310 39 89 36 94 116 61 58 106 159 1483 21 206 49 439 174 58 41 44 249 83 70 256 16 83 58 54 41 117 69 82 114
internal_value=8.93251e-05 -0.00363937 -0.00985292 -0.00686903 -0.000933829 0.00306361 0.00150545 -0.000626069 -0.00906121 -0.00212644 -0.00276526 0.00134226 -0.00204047 -0.0052769 0.00649906 0.00518177 -0.00799443 -0.00598479 0.000390558 0.00481446 -0.00376149 0.00599418 0.00575111 0.000885584 -0.00473533 0.00609085 -0.00034978 -0.00233443 0.00655965 0.0071402 0.00550291 -0.000341273 0.00322238 -0.00354085 -0.0151335 0.00818917 0.00607214 -0.00320927 0.00464147 -0.00389366 -0.0140319 0.0100646 0.00755236 0.00238262 0.00634806 0.00317958 -0.0166045 0.00652246 -0.00274729 -0.00617764 -0.00184741 0.00842742 0.0170818 -0.0162234 -0.00801701 -0.00568117 0.00444412 0.0108538 -0.00865406 -0.0124544 -0.00903323 -0.0177649 0.0062189 0.00468312 0 0.00990062 -0.00357256 0.000898492 -0.00308223 0.0153871 0.00918962 -0.00046317 0.00113489 0.0088488 -0.00357224 0.00066833 -0.00872266 0.00142165 0.0141338 0.0122175 0.00319092 -0.00797783 -0.00794269 0.00193208 -6.60203e-05 0.00463802 0.00128898 -0.000973499 0.00102553 0.00162523 -0.00306891 0.000535629 0.00285255 -0.0144863 0.0105506 0.00175432 0.000188223 -0.00552042 0.000848397 -0.0219229 -0.00749614 0.00195984 0.0150076 -0.0139495 0.00447862 -0.00291078 0.0144158 -0.00398942 -0.00961341 0.00759769 0.00390251 0.0014989 0.0142475 -0.00165879 0.0170069 0.00950617 0.00376034 -0.0207796 0.00822796 0.0137089 0.00949751 -0.00303115 -0.0050613 0.0101948 0.015057 0.00875915
internal_weight=3728 1653.66 500.489 390.654 1153.17 2074.34 1428.67 868.883 161.082 735.127 708.881 268.709 198.561 440.173 645.667 552.505 376.77 307.128 992.092 559.791 67.1212 492.67 539.039 954.435 148.802 43.7412 185.564 164.821 484.557 470.851 386.126 121.515 101.416 61.2599 32.4645 264.611 225.467 67.6479 42.6607 21.1254 15.056 157.82 133.756 81.5994 69.8469 55.4315 69.6419 117.965 39.4081 418.93 167.551 45.4822 27.6792 13.4659 263.387 206.467 37.7587 70.1471 57.2969 49.0117 251.378 20.0997 528.674 422.726 162.429 42.5335 119.895 80.7682 39.3378 52.1564 42.6478 151.141 139.804 52.8888 86.9152 68.0773 31.2994 20.7001 42.9192 105.948 37.5222 168.708 238.913 805.633 463.353 342.279 219.611 189.13 432.459 421.918 159.083 121.435 108.81 37.6473 122.668 156.801 146.178 75.1602 54.6903 20.4699 33.2537 21.3349 30.4809 32.3291 262.836 9.5503 84.7245 23.2662 153.364 260.297 146.011 127.936 24.889 103.047 68.4254 38.4007 57.4464 10.5409 34.9785 62.8608 28.7954 13.6514 17.803 31.2419 26.6564 36.778
internal_count=26681 15390 6818 4628 8572 11291 8711 5987 2013 5416 5302 1623 1283 3679 2580 2212 4571 3535 6559 2724 395 2329 2126 6185 1232 324 1140 1029 2278 2212 1822 649 516 366 236 1173 1020 356 218 142 110 664 571 376 297 462 1036 519 210 3601 1232 347 183 86 3211 2252 387 340 351 326 2369 133 2074 1671 689 151 538 350 396 195 169 954 852 325 527 354 185 116 228 403 155 1865 2207 4953 3023 1930 1314 1127 2808 2721 1104 701 616 403 616 906 867 454 302 152 208 119 187 221 1617 81 390 311 1745 982 566 508 85 423 248 153 306 87 146 294 130 76 164 303 234 169
is_linear=0
shrinkage=0.03


Tree=44
num_leaves=127
num_cat=0
split_feature=126 15 32 38 12 129 26 12 26 36 15 38 14 42 137 82 64 20 21 7 20 19 39 55 0 38 15 42 8 30 129 18 32 126 44 13 35 44 46 8 19 3 17 131 47 18 21 41 21 42 4 2 39 19 18 15 130 21 53 127 45 38 21 3 47 22 15 129 41 20 16 7 38 35 8 35 127 2 38 18 34 129 38 46 13 83 36 131 35 43 15 16 4 8 36 18 82 47 6 16 2 15 14 41 129 34 103 30 19 13 13 2 81 82 20 23 20 20 36 16 83 21 21 14 44 46
split_gain=47.158 27.084 14.8803 11.101 9.89229 10.9913 9.80082 9.51161 7.56549 7.35264 6.89502 7.41648 7.04408 6.85351 11.5659 7.96537 6.82352 6.57869 6.11831 6.09569 5.58917 5.58533 5.58312 5.49489 5.4852 5.58344 7.12054 6.1211 10.462 6.12572 5.43658 5.36043 6.50236 7.40233 7.18599 7.69057 6.73629 6.72975 7.21283 9.13517 6.38122 5.85636 7.51046 6.62343 5.33489 5.32873 6.30424 6.09996 5.31449 5.69997 6.50306 5.28359 5.42361 5.23315 5.05334 6.15238 4.9952 4.93603 7.94454 7.00484 9.99923 5.73653 6.26401 7.7146 6.03945 7.03699 6.37367 5.87231 5.64279 5.50404 5.47175 5.40329 5.11687 5.03115 11.7605 7.20819 5.85746 6.55531 5.60157 5.39272 4.93343 5.4458 4.93276 4.9214 4.91298 5.60945 4.86957 6.48873 4.86448 9.45742 5.28566 5.17477 5.06388 4.8163 5.67462 4.80279 6.53485 4.79894 4.79268 4.78979 4.76398 4.85028 5.85962 4.73663 4.71841 5.53257 4.7177 5.49096 4.71605 4.65512 4.64448 4.63664 4.63384 6.74125 5.56132 4.76081 4.57763 9.2611 5.27239 6.49382 6.36365 6.21275 4.69896 4.54163 4.53403 5.42247
threshold=-0.12190507936929694 0.14619833952647143 -0.25466885902801512 -0.57696161778858912 -0.18778064629063809 -0.88899068166813633 4.2702795901056101 -0.18778064629063809 4.2702795901056101 -0.69139296289354835 2.081326286063935 -0.18361001352047826 2.0613348353369259 2.3922571250217533 1.0000000180025095e-35 0.97504367658878899 1.0000000180025095e-35 0.83562999374562563 -0.34647658754709793 -1.6445518958017884 0.75389939902408765 -0.49770990761309758 -0.74686688968730242 -0.87105245410644094 0.60936290016033456 2.288116685005313 -0.20581796182723358 -0.54569405214181688 0.28781713247412571 -0.94953248170881266 1.3309124349208659 2.1554627562996651 1.0000000180025095e-35 1.3966073168797095 1.6354597374228967 0.6243661793383477 1.1645458332309577 -0.59395103152784345 0.70954798801119578 -0.15118676102392903 -0.84807230007173973 -0.3108901995111048 0.49253649215868428 1.1433449366640536 -0.2925582080614802 0.85673087853176333 2.6447780521444919 2.3463116659184364 1.4730449484013886 2.3922571250217533 -0.23615666606778349 -0.45019274416525973 -0.77015122104843747 0.59907671225743442 -1.3695182445319205 1.0720264315918928 0.95062900358752656 0.99098188525202824 -0.39032367683325286 1.0000000180025095e-35 0.094394315437541565 -1.0703171859657836 -0.32871190755318697 -1.0705400337383917 -0.63098865883846977 -0.39190683888687633 -0.76423554245877401 -1.3450934277159972 0.095948990410334112 0.57676138541848676 1.4303710709114348 1.6037564837708775 -0.059284140598911995 0.87913084216407522 0.28781713247412571 0.064750244959400169 -0.07269093266748014 -1.0754089916571583 1.22934219185201 0.42739480694301896 1.0000000180025095e-35 1.1210146425727237 1.1755669131263839 0.38833124796854973 -0.88189141266894799 0.87194746480565821 -0.80631657007231838 0.97200098946635471 0.22404551211388721 1.1704834794138634 -0.24452163878389976 -1.4100157398858084 0.7794515371360734 -0.44385602335596552 -0.034108293190391846 0.80621537809422217 1.2300645991900117 0.23788319127522586 -0.67582836460748041 0.99642308592852225 1.1128478745644867 0.87485296593381234 0.33503288523624208 0.27611260183077496 -0.5996124832365729 1.5342138368846709 1.0000000180025095e-35 -0.94953248170881266 -0.68050767759151942 -0.10066079591889544 1.4674208017304908 0.1750235033266388 0.78805382388762513 0.47455041730195957 0.15373795579710206 -0.72607153415307524 0.5533054830043268 0.10232006467241037 0.84391039689694314 1.289478867994905 -1.0563377244189998 -0.27171655501627745 0.4291116526514917 0.66240225611895576 -0.6551950728976631 -0.0034377440330133498
decision_type=2 2 2 2 2 2 2 2 2 2 2 2 2 2 2 2 2 2 2 2 2 2 2 2 2 2 2 2 2 2 2 2 2 2 2 2 2 2 2 2 2 2 2 2 2 2 2 2 2 2 2 2 2 2 2 2 2 2 2 2 2 2 2 2 2 2 2 2 2 2 2 2 2 2 2 2 2 2 2 2 2 2 2 2 2 2 2 2 2 2 2 2 2 2 2 2 2 2 2 2 2 2 2 2 2 2 2 2 2 2 2 2 2 2 2 2 2 2 2 2 2 2 2 2 2 2
left_child=4 2 7 21 5 18 10 20 16 23 19 -12 -13 24 15 17 48 -15 -1 -5 108 -3 44 -4 45 26 27 28 -26 -29 -11 32 33 34 35 37 40 -21 41 -40 -34 100 53 -44 -7 57 47 83 49 50 93 52 -23 -43 55 -24 -49 58 84 61 -61 67 70 69 68 -66 -67 -60 -65 -64 82 -62 -70 75 -75 76 77 -59 -78 123 81 -14 110 -47 85 98 87 97 89 91 99 -52 103 94 -9 104 -97 -56 -6 -90 101 102 -39 -92 -28 -106 -20 -108 -2 -104 -63 -35 114 115 -37 -114 117 118 121 120 -120 -88 -119 -77 -42 -126
right_child=1 3 9 6 13 22 -8 8 -10 30 11 12 80 14 -16 -17 -18 -19 106 31 -22 51 54 -25 25 -27 95 29 -30 -31 -32 -33 36 111 -36 112 -38 38 39 -41 124 42 43 -45 -46 46 -48 56 -50 -51 88 -53 -54 -55 86 -57 -58 73 59 60 71 62 63 64 65 66 -68 -69 72 -71 -72 -73 -74 74 -76 79 78 -79 -80 -81 -82 -83 -84 -85 -86 -87 116 -89 90 -91 92 -93 -94 -95 -96 96 -98 -99 -100 -101 -102 -103 109 -105 105 -107 107 -109 -110 -111 -112 -113 113 -115 -116 -117 -118 122 119 -121 -122 -123 -124 -125 125 -127
leaf_value=-0.02084882087055287 -0.010385226114589129 -0.00080323862431413236 0.016898200292044276 -0.017259118049535938 -0.015833566599301754 0.0042518887142639376 0.028086669766542269 -0.005172099660547342 0.021688291869730099 -0.00088248463260762514 0.026849246378241119 0.017929783136296822 -0.017765793006790511 -0.01616133179316712 0.022295988642986285 -0.038792149160128499 0.010922922593980686 0.01307673366531987 0.0069733583900678867 -0.010457247332635337 -0.0019700341508614408 0.015469713521013178 -0.025111295588541159 -0.014076147814793782 -0.020483547996530786 0.017927477494055467 -0.01060180358213954 0.00095212592341308022 0.021340501027817784 -0.028751474877821086 0.014010086987157661 0.013658435586110882 -0.015602378427610954 -0.0062572244442733347 -0.024341200440571122 -0.0065437010038865004 0.019709893260104101 0.01150788757448234 -0.03134291187949273 0.0032916466567551685 0.014861585822506695 0.009365279409418413 0.0005993330911418784 -0.027700523662035976 -0.019789090422580764 0.007344731985584778 -0.016115053636028918 0.0081251196575388238 0.0066699051136027473 -0.026541109748181149 -0.0040073108600061583 -0.023231391760612643 -0.013566294203011149 -0.015348215010603633 -0.019538512287639358 0.010119413974295124 -0.017912153356061559 -0.010533968987343876 0.0080832838693889655 0.013947824421628455 -0.0072638400318011187 0.011304842191841429 -0.0039495134075579188 0.020202881219553326 -0.011218350146342017 -0.015680644337654127 0.0058956735463298457 -0.021821540981388242 0.013059192467685945 -0.027348146770023861 -0.011432635370478136 0.019102187531257926 -0.016853532658565852 0.0095737417883705791 -0.027463765328140918 0.024805435554938724 -0.022792094529481124 0.012959497146914238 0.0096011671239326964 -0.0022992748907078534 0.007272215959385364 0.010660517506897704 -0.0044231029340182585 0.015890356408460662 -0.0037318956240419859 0.022499006932205232 0.01162008180379696 0.0095023946884885899 -0.01590895644096757 0.0076766250411005191 0.027141491796093421 -0.023671098683969966 -0.01769272939673628 -0.0073178368029716591 0.018961497122172752 -0.030743962134653385 0.0026829724765642178 0.0042778302024900272 0.0061297688594942699 0.010873217725630822 0.028201735166040652 0.021187270834489458 -0.029001388392464862 -0.0057178034636879409 0.0091308919912895456 -0.01789025994644405 0.011050979412537321 -0.019507972032814364 -0.019509406640345631 0.0078589655090746738 0.032331728864659251 -0.027586526276082334 0.0040503260892282029 0.012215463733032873 -0.030888283637431142 -0.027914399027383609 -0.0041713775797818731 0.022192565606417528 0.010890661156121428 0.017233087868051989 -0.018948421617592345 -0.0027621497015833602 0.00032104433343559108 0.0068222438016048298 -0.016136673914586445 0.0040739280447333916
leaf_weight=33.739058712497354 86.324226056225598 40.908544840291142 4.7847015392035237 17.701960861682892 10.735383620485662 12.823806222528217 11.136080805212258 16.884259855374694 7.1235346980392924 167.87242015451193 15.183640446513889 23.410296730697155 20.812897641211752 19.899596650153402 8.48834130913019 8.4376570470631105 15.84160717204213 9.3678786866366845 19.43730840459466 31.244935806840658 28.42863351944834 7.4021157473325756 11.574009586125614 51.788715433329344 9.4025160297751444 12.324976716190575 15.283802583813666 8.4194455407559889 10.141437195241449 20.688099149614573 24.345164056867361 24.250362731516361 15.351797372102736 24.819311551749706 10.625661443918942 22.912052307277918 21.629751347005367 18.153513498604301 9.9101056084036845 17.645794946700335 27.36477592214942 78.285050507634878 19.099342443048958 10.94979642704129 20.328994061797857 283.08106952905655 8.8012587726116163 11.402255818247797 17.923365486785769 16.568526987917721 15.626863492652772 32.291933711618185 17.540079725906253 7.5560771971940985 24.403224673122168 6.0791253745555869 13.245526537299154 12.532276846468447 8.3031442463397997 126.74681330099702 37.190445363521576 72.975137855857611 54.351189672015607 31.790804501622915 33.24944818764925 12.565431989729403 131.3478017449379 15.713692516088484 10.45191875100136 10.106062576174734 9.2842227183282358 7.5453618392348281 8.3414242006838304 22.440694816410542 10.487566955387591 47.27752922847867 11.527565933763983 50.588808976113796 6.9100830182433119 11.089224353432654 28.940432175993919 7.4940894246101371 13.994028985500334 79.262939225882292 214.1074435338378 13.105265133082865 71.386934416368604 17.16050648316741 34.944646866992116 11.979107473045586 9.6072947569191474 67.689458152279258 4.6799546033143988 59.135845555923879 16.236019125208259 8.044895291328432 11.900520034134386 10.161228777840732 36.40130952373147 6.3427767716348162 15.132127271965144 16.571066167205572 6.8888226225972176 5.6054576504975548 81.727888891473413 6.4427120499312869 6.1949570290744331 20.127661269158125 149.83643428888172 4.3167316541075689 10.709450639784334 14.881528839468954 6.7064656410366288 16.643914233893156 13.532185334712265 8.7589855343103391 40.665094569325447 40.802556628361344 7.6094276383519164 7.6009685806930056 25.683756144717336 42.162867624312639 11.604573056101797 19.121474295854568 12.958261616528032 81.296273775398731
leaf_count=408 1472 333 46 170 70 119 39 213 42 1501 46 80 106 147 29 65 143 44 156 209 365 55 133 649 118 53 143 85 60 259 134 94 97 227 134 214 93 114 88 102 113 453 126 68 238 1150 43 45 148 250 130 369 170 65 240 28 61 61 54 529 193 342 270 129 177 85 575 129 41 61 51 27 47 93 54 164 71 208 25 49 114 27 69 283 1058 46 390 78 431 102 68 925 61 682 140 66 72 70 168 67 67 79 62 56 461 47 41 177 2881 32 34 179 39 77 124 74 216 181 47 35 171 238 59 76 108 445
internal_value=-0.000191798 -0.0041133 -0.00789308 -2.99391e-05 0.00273402 -0.00132298 0.00136592 -0.0105593 -0.0069045 -0.00174646 0.000861876 0.0082501 0.00442619 0.00376875 -0.00749558 -0.0146827 -0.00766557 -0.0065809 -0.0113219 -0.000420693 -0.0147355 -0.00939678 0.000965101 -0.0111564 0.00409201 -0.000765493 -0.00221777 -0.0118206 0.00105546 -0.0203137 0.00105094 0.000159328 -0.000497992 -0.00276004 -0.00118978 -0.000294479 0.00452678 0.00227289 0.00427383 -0.00972055 0.00198192 0.00651234 0.00247443 -0.0101764 -0.0105498 0.00470895 0.00768552 0.00827468 -0.00875061 -0.0098248 -0.00859746 -0.0153683 -0.00456946 0.00700366 0.0022086 -0.0129261 -0.00590298 0.00358956 0.00261685 0.00456405 0.00966831 0.00247071 0.00334249 0.00104565 0.00365001 0.000995396 0.00389588 -0.011453 0.0126897 -0.0080257 0.0095215 -0.00243079 -0.000246709 0.0079408 -0.00259597 0.0101436 0.00379649 0.0081567 -0.010628 0.0166525 -0.00125737 -0.0100308 0.0116392 0.00926094 -0.00159418 0.00589143 0.00315151 -0.00512143 -0.0123087 -0.0165423 -0.00550605 -0.0201098 0.0068749 -0.00220621 0.00677959 0.00160873 -0.0114805 -0.0125292 0.000840282 -0.0115638 0.0139642 0.00870862 0.00110062 0.0152429 0.00424673 0.0069443 -0.00393777 -0.012065 -0.0162447 -0.0150753 0.0143812 -0.0148074 -0.00907245 -0.00059421 -0.0162468 -0.0144668 0.00490608 0.00671654 0.00294825 -0.00614958 -0.0119223 0.00627605 0.0175024 0.0198492 0.00433516 0.00112361
internal_weight=3696.78 1579.88 819.569 760.307 2116.9 429.546 662.164 570.778 306.189 248.791 651.028 95.8414 80.6577 1687.35 46.1935 37.7051 299.065 29.2675 79.499 555.187 264.589 98.1427 350.047 56.5734 1641.16 184.376 172.051 48.6515 19.544 29.1075 192.218 537.485 513.234 354.633 314.933 304.307 158.601 235.753 204.508 27.5559 136.971 176.953 115.89 30.0491 33.1528 1456.78 395.793 386.992 283.224 265.3 248.732 57.2341 24.9422 85.8411 316.894 17.6531 24.6478 1060.99 869.016 594.666 171.483 423.184 399.167 292.204 227.747 177.163 143.913 24.0168 50.5841 64.4573 106.963 44.7358 18.7933 191.975 32.9283 159.047 81.5587 63.1211 18.4376 77.4882 57.2474 28.307 97.6786 362.344 274.349 60.242 299.241 51.725 156.476 95.2954 61.1801 83.3163 19.8927 92.2561 33.1203 123.4 19.9454 34.5645 47.1367 41.2874 61.0623 45.9301 29.3591 15.2128 103.454 88.1706 45.7599 26.3226 236.161 11.2056 83.6846 39.7008 68.5536 32.1094 36.4442 15.4655 247.516 206.851 154.444 40.8942 33.2932 113.55 52.4071 66.399 121.619 94.2545
internal_count=26710 15498 10506 4992 11212 3025 4065 8176 3458 2330 4026 373 327 8187 285 256 3416 191 782 3653 4718 927 2243 695 7902 1364 1311 522 178 344 1635 3483 3389 2533 2127 1993 856 1465 1256 190 763 1066 712 194 357 6538 1582 1539 3273 3125 2875 594 225 518 1886 161 106 4956 4155 2813 749 2064 1881 1385 1054 837 660 183 217 331 496 220 88 801 147 654 365 269 96 289 247 133 445 1433 1342 284 1725 388 1840 1157 683 1055 185 1035 353 789 138 310 238 498 354 287 208 124 651 508 374 218 4353 94 376 406 528 190 338 113 1337 1121 881 253 218 628 240 240 666 553
is_linear=0
shrinkage=0.03


Tree=45
num_leaves=127
num_cat=0
split_feature=126 15 32 37 0 38 126 129 4 59 21 4 129 52 21 35 54 7 37 44 35 81 103 52 14 14 81 83 17 130 20 126 38 12 36 55 83 66 126 24 128 84 34 12 126 39 20 131 129 39 53 84 93 21 102 15 126 35 6 47 45 81 81 21 14 34 2 36 28 84 126 26 34 38 133 0 2 84 127 17 11 45 35 131 35 36 4 20 15 24 37 24 47 12 17 84 17 131 55 47 25 103 6 2 47 30 131 84 4 15 81 34 38 46 37 4 7 20 15 44 83 48 131 7 35 10
split_gain=48.086 27.3074 18.7437 13.6727 9.9986 9.43936 10.6414 7.75003 7.52937 6.87843 7.06715 6.62812 6.32232 6.37489 6.80672 6.29981 6.28154 6.07903 7.86986 5.90005 5.71125 7.92951 6.28835 7.05407 5.69465 6.35083 8.81174 7.38449 9.41424 6.57279 5.62535 5.6167 7.58175 8.53421 7.37114 5.79538 16.9544 6.5154 8.02166 6.14987 5.57817 5.5184 5.45566 5.45546 5.46304 6.45118 5.97461 5.73121 6.69189 5.43005 5.36732 5.52178 6.25282 8.48384 7.78017 5.2789 9.00671 6.61139 6.90642 5.72754 10.6008 5.49305 6.28811 5.75702 5.66851 5.34016 6.00176 5.38002 5.21882 6.24424 7.36622 5.21379 5.79294 5.20938 5.17691 6.01752 5.14305 5.54714 7.86817 5.38358 6.73204 5.11096 5.0964 5.01518 4.89078 4.8329 4.82659 4.81007 4.70787 4.60689 4.60684 5.65063 6.89555 5.50147 4.55674 4.55484 4.54628 4.53911 4.59632 4.53044 4.50835 4.50578 4.4629 4.5967 4.61154 4.64266 6.22491 6.70084 4.4483 4.61454 4.44398 4.4305 4.35439 4.32131 5.54776 10.3592 4.44482 12.1505 9.29404 9.4265 8.95647 9.41968 7.86259 11.2778 6.01772 5.25808
threshold=-0.4777102378871847 0.16134118740977241 -0.25466885902801512 -0.87899767520754557 0.60936290016033456 1.3171900844833153 0.10733686013253946 -0.5996124832365729 -0.84552158799009758 1.0000000180025095e-35 1.7905455830093826 4.435641068669959 -1.0538841145581936 -0.24865872269281689 -0.9867741886818332 -1.7298886656604069 2.926971222207754 -0.45987472207528679 0.52883658654052312 2.3475919144791577 -1.095340576664847 1.2239954996073743 1.0000000180025095e-35 0.078902604760505354 2.4884452124278642 0.077709958409229216 0.38879207504833241 -0.32743488763679623 -0.22601287111972287 1.4318176898637811 -0.32118770376347999 -1.5421709301175159 -0.16094512272041009 1.5675086493203712 -0.6551531113887602 1.2298092528613442 0.58451911567015935 1.0000000180025095e-35 -0.65647462894876696 -0.42243224834802934 0.76650237315720771 0.037803310048494708 -0.703848308893395 -0.58880644388575387 0.5786248002039841 1.8981100272905833 -0.49963774626461616 0.27849043056872208 -0.75106739618659735 -0.60477295206630177 1.2108371364567028 0.51847657856167295 1.0000000180025095e-35 -0.36234926206920653 1.0000000180025095e-35 1.0480146983638916 1.3966073168797095 0.53052434015987548 0.20748900038822612 -0.55162591577260522 0.51170669620864195 0.19473821424235538 0.26633256465249611 -0.88709587433119497 0.8662432287939168 0.53951954987219708 0.1750235033266388 -0.69139296289354835 0.56859997787464478 -0.41059816176587127 -0.2136264783643925 0.860227418489377 -0.20650116538715826 0.5556881657355387 0.29166782200764263 -0.97829221439720593 1.7380641220563857 -4.4376107786308348 2.4091989280297725 1.0953393588765443 0.73622041754758516 0.65459438632715372 -0.30518339198614391 1.1763977920455189 0.81514943734004164 -0.73017816702766469 -0.57469273380240238 1.3197800425793185 1.6648935309332047 -1.0316418642816423 -1.3831741418509493 -1.0316418642816423 -0.63516966632610072 -0.11675978776663658 1.0726688840555649 0.42034794090889277 -0.43424901855753634 1.3504357643231339 -1.221196071934405 -0.2925582080614802 -0.35023657475372694 -1.0000000180025095e-35 1.6796846087144044 1.4254559983104362 -0.09435923094123104 -1.0000000180025095e-35 1.2511235048163958 -0.11672684161734163 0.98257317777684483 -0.78569683085351361 0.093671924857267955 1.5342138368846709 -0.049490590334639338 -1.8193753588879882 -1.6940535305795512 0.23779382876068303 -0.077720795066737888 0.4252995161972461 0.22985445833712517 0.061726079650195755 -0.056539339331538145 0.67381820153090211 1.204800325406395 1.0305255932580544 0.94363884291258648 1.0000000180025095e-35
decision_type=2 2 2 2 2 2 2 2 2 2 2 2 2 2 2 2 2 2 2 2 2 2 2 2 2 2 2 2 2 2 2 2 2 2 2 2 2 2 2 2 2 2 2 2 2 2 2 2 2 2 2 2 2 2 2 2 2 2 2 2 2 2 2 2 2 2 2 2 2 2 2 2 2 2 2 2 2 2 2 2 2 2 2 2 2 2 2 2 2 2 2 2 2 2 2 2 2 2 2 2 2 2 2 2 2 2 2 2 2 2 2 2 2 2 2 2 2 2 2 2 2 2 2 2 2 2
left_child=4 2 3 50 8 9 -7 43 24 40 17 -6 -4 14 -14 -15 19 -11 108 55 21 86 23 31 25 27 82 30 96 42 -1 32 34 73 -22 37 -37 -33 39 -39 -5 -31 -28 -3 45 47 -46 -45 -49 -25 51 52 53 -2 -54 56 57 61 -59 71 65 74 -63 95 90 67 -67 -61 69 -60 -71 72 -57 -34 75 -9 77 78 -24 113 83 -16 -27 -81 -44 -53 -10 -17 -68 -87 -65 99 -93 111 -55 -64 -29 98 -82 -92 -58 -91 103 104 -69 -106 -107 -108 109 -19 -100 -94 -102 -79 115 -115 117 118 119 -116 -118 125 123 -123 -120 -122
right_child=1 7 12 5 11 6 -8 16 20 10 -12 -13 13 15 81 87 -18 18 -20 -21 22 -23 76 49 -26 26 29 28 -30 41 -32 35 33 -35 -36 36 -38 38 -40 -41 -42 -43 84 44 46 -47 -48 48 -50 -51 -52 85 54 94 -56 59 100 58 68 60 -62 62 63 64 -66 66 88 102 -70 70 -72 -73 -74 -75 -76 -77 -78 79 -80 80 97 -83 -84 -85 -86 89 -88 -89 -90 101 91 92 93 -95 -96 -97 -98 -99 110 -101 112 -103 -104 -105 105 106 107 -109 -110 -111 -112 -113 -114 114 116 -117 120 -119 124 -121 121 122 -124 -125 -126 -127
leaf_value=-0.0014077270840546624 -0.017614821744776885 -0.012440784405206653 -0.011788911635810388 -0.012352787456850676 -0.0035904650267933355 0.011388300504488885 -0.012839925228341849 -0.0073734838064325979 0.007888877436330842 -0.020783028348813289 0.026414663286313915 0.023662933164248164 -0.015580349631092684 0.02933017604045994 0.0063312699028596781 -0.0011858148679912541 -0.019292612472208152 -0.0068180343992302987 -0.013610698190153142 -0.024139588021572598 -0.030017349722648183 0.020853581677679613 -0.028538513569896316 -0.023827774645278098 -0.021980023735579619 -0.002146661783717189 -0.015572149067012819 -0.0061973982681191924 -0.019880986724201379 0.007597156248188265 0.022160387530478193 0.015586684163967874 0.013130755306847071 0.016701621531934479 0.00037243899866070058 -0.020638256741894893 0.019277330853896959 -0.011300641792255628 -0.013843130961709997 0.012445627126090856 -0.020835605942735459 -0.016388434531681168 0.014917735243021941 -0.015983003177227149 0.0083745831997906906 0.025283645527190993 -0.019903630462955253 0.006621554645687768 -0.016492556782790033 0.0023418366960701194 -0.022483799248165553 0.025405356325383835 -0.028140509863936021 0.014950220243591496 0.0012809980770784348 0.0064136245001142839 -0.027836479784166267 -0.016960906997444132 0.024369384661448522 -0.0090475818217011575 0.025265546020818725 -0.019232386534088333 -0.023295721346122091 0.024099784474661549 -0.0062844062975451215 0.01846408964409121 -0.010971963437656749 -0.014701509190946651 -0.018252571863497085 -0.025776249802981797 0.0046832586952652681 0.015076527058857059 -0.020537751321281786 -0.0080024166980647397 -0.0059182808772199865 0.01970349025007552 -0.013467964520383714 0.015842641348433485 0.010860040013325726 0.023323194656129739 0.011404917274672096 0.025050984467522869 0.023778930031322091 0.0030214893478123905 -0.0078628047193929299 0.021677767127962419 -0.014369214894125803 -0.021403597019120087 0.011902342183761683 -0.025603619561239951 0.008038323453593078 -0.0098350833868308292 0.0017155795057786634 0.019906436755904432 -0.012583371743762299 0.010353218372823337 0.019258437500256263 0.0156473580731669 0.0013790040891418116 -0.025113043988220948 -0.021402180510678243 0.004359066615148564 -0.011923505755100039 -0.013146133366505166 0.015073933359650016 -0.01291725625607994 -0.012347376420096798 0.015460776954253979 -0.019706826383514869 0.014494884236432944 -0.027096664981061849 0.027795914423745668 0.003006905706724944 -0.019769407819161654 -0.012625055412501748 0.010778680449756214 0.00025056365909518759 -0.012340939057072845 0.013098194094906646 0.010530251324583389 0.018977329784673574 0.017462446733755684 -0.017141659755535207 -0.018450694624866142 -0.011997145025562995 0.0053229807896878487
leaf_weight=35.384413635358214 11.878045253455637 56.289211343042552 36.878899963572621 283.65899956971407 195.83722687046975 32.639670552685857 30.668486890383065 8.0238752886652929 10.679293777793644 23.951374095864594 4.7424867618829003 7.3602759055793276 7.9740554243326178 4.797534115612506 43.206992004066706 181.91972379945219 11.15105361305177 12.326313500292597 38.621816335245967 6.4236374273896208 8.6102102883160097 8.609709717333315 9.7726039104163664 6.9544056951999655 9.3417379707097989 8.5097124725580198 7.5125925615429869 15.9043654371053 39.831023266538978 11.604837063699959 11.139633398503063 223.44256027787924 14.681190609931944 51.863844744861126 27.609854783862829 17.479307290166616 18.880524203181267 10.215399228036402 14.173294961452482 81.841456595808268 98.879533004947007 26.872799746692181 40.623205553740263 16.570566954091191 8.5127995088696498 8.6414883807301504 23.027821401134133 68.742237040773034 12.422425718978046 68.085799537599087 8.1727487891912443 12.145593695342539 15.190108159556985 31.626092022284865 15.62976104952395 10.336829863488676 11.912389842793344 28.209156632423401 10.065497063100336 30.256048262119293 25.363598927855492 10.974474797025321 11.210076376795767 12.811086550354956 32.125878784805536 46.049998078495264 14.095135051757099 6.6991241574287406 10.232026809826491 7.6522982008755198 39.919019225984812 7.8375137336552134 19.129378098994493 30.658309809863567 11.473686762154101 46.683102410286665 13.886758387088774 24.245378974825144 7.051086261868476 40.91022427007556 9.0110134333372134 18.993480078876019 27.363753186538815 15.754166033118961 9.7875789031386358 7.3342077061533919 35.065663833171129 10.296488504856823 16.416642501950264 5.4590779561549452 5.4297228492796412 15.825144013389929 50.113322792574749 36.962651250883965 5.5726772714406243 4.324573077261447 9.0441515706479532 13.167044445872305 8.9248823225498217 8.1167816631495935 9.182553907856347 13.948938654735686 12.27688831835985 9.1398071497678739 59.846532601863139 15.048571504652505 9.266102258115998 32.045757878571756 4.9601545641198745 28.466439168900251 9.2993985470384342 5.7195835858583441 17.555345986038446 23.837877981364727 41.412231225520372 15.748173192143438 132.60024909861386 49.24819565936923 84.433404166251421 24.201496407389641 88.247625943273306 27.013079278171062 15.856523625552652 9.9601494371891004 8.6578630805015546 37.822396773844957
leaf_count=280 127 540 509 4369 1623 267 460 66 55 405 29 33 75 30 253 1611 68 164 727 73 62 31 74 62 44 53 51 116 276 44 51 850 60 172 134 94 65 49 81 327 1632 124 170 142 70 27 252 401 76 343 76 62 165 209 123 59 140 207 39 186 105 91 102 47 204 181 78 38 102 50 234 31 116 139 110 264 83 103 30 141 35 86 110 62 52 33 240 98 61 50 31 120 312 170 39 28 43 42 45 72 109 82 63 51 257 94 47 129 79 263 49 17 149 96 258 60 620 255 343 125 312 102 68 52 39 171
internal_value=0.000246387 -0.00306563 -0.00652153 -0.00926687 0.00377009 -0.0112825 -0.000319125 0.00065232 0.00457003 -0.0126735 -0.00605217 -0.00247755 -0.000309043 0.00130234 0.00900496 -0.00145774 0.00207975 -0.00772961 -0.00378898 0.00244387 0.00546561 -0.00396899 0.00586962 0.00820911 -0.000165574 0.000745239 0.00518148 -0.00449932 -0.0109926 0.000374876 0.00451981 0.00949547 0.00414851 0.0085076 -0.00738359 0.0114197 0 0.0126698 0.00641822 0.00968518 -0.0146019 -0.0090692 0.0067468 -0.0046511 -0.00138357 0.00186608 -0.0121563 -0.00040916 0.00288971 -0.000325461 -0.000350851 0.00132191 -0.00316551 0.00343904 -0.0135543 0.00272287 0.000401783 0.00191521 -0.00476068 0.00562088 0.00711327 0.0044044 0.00181117 0.00318983 0.00484873 0.00517517 0.0117379 0.00222954 0.000439336 0.00406349 -0.00058449 -0.00525962 -0.0110845 -0.000958947 0.0118064 0.0156172 0.00396636 0.00433672 -0.0121748 0.00476669 0.011294 0.0124009 0.0176562 0.0178811 0.0103695 0.0104649 -0.00905122 -0.00238952 0.00122734 0.00290008 0.0075473 0.00560559 0.00791539 0.0110471 0.0105255 -0.0136874 0.0033016 0.00177426 -0.00514314 -0.0119799 -0.0131543 -0.00476344 0.00466033 0.00630278 0.00786772 0.00930872 0.00297854 0.0090082 0.00455154 0.00797395 -0.013649 0.00488214 -0.00573708 0.00365785 0.0030967 -0.00757667 0.00392885 0.000511923 0.00457142 -0.00400936 0.0061914 0.0105522 -3.70475e-05 0.00747776 0.0106296 0.0149786
internal_weight=3706.08 1910.05 989.94 685.873 1796.03 558.915 63.3082 920.111 1592.83 495.607 113.069 203.198 304.067 267.188 70.1745 197.014 725.905 108.326 84.3747 714.754 1339.91 54.3547 1285.56 574.496 252.92 243.578 132.274 111.304 64.7795 96.401 46.524 499.456 133.423 97.2033 36.2201 366.033 36.3598 329.673 106.23 92.0569 382.539 38.4776 57.9234 194.207 137.917 106.377 31.5406 97.7352 81.1647 75.0402 126.957 118.785 79.8967 49.0768 30.8199 708.33 394.522 355.872 96.078 313.808 276.504 259.794 193.613 182.639 167.104 251.141 76.5618 174.579 67.8688 57.6368 47.5713 37.3037 29.4662 45.3395 66.1807 54.707 711.062 697.175 16.8237 680.351 97.0667 62.2005 35.8735 56.6644 50.4108 38.8878 45.745 192.216 30.5118 26.7422 134.978 122.167 108.621 92.7956 37.1988 15.5346 24.9485 40.4023 27.2353 13.5465 38.6503 19.408 144.323 132.046 122.906 116.207 56.3604 41.3119 45.7529 40.7928 18.2243 55.8329 26.7379 583.285 559.039 39.5861 519.453 207.953 158.705 65.6137 311.5 178.9 52.8298 36.9732 93.0913 126.07
internal_count=26831 17832 12023 9361 8999 8395 727 5809 7343 7668 1667 1656 2662 2153 414 1739 4301 1638 1233 4233 5929 326 5603 2438 1414 1370 604 766 435 441 331 2033 567 371 196 1466 159 1307 457 376 6001 168 273 1508 968 646 322 619 477 405 966 890 663 375 288 4160 2664 2266 632 1496 1290 1634 1194 1103 973 1185 320 865 425 323 284 206 175 199 440 330 3165 3082 104 2978 374 339 163 203 222 227 295 1709 139 165 769 722 619 499 248 130 159 171 129 103 398 132 679 616 565 527 270 176 506 427 94 329 258 2604 2501 156 2345 1020 765 383 1325 705 222 154 382 483
is_linear=0
shrinkage=0.03


Tree=46
num_leaves=127
num_cat=0
split_feature=12 126 14 52 15 32 0 41 15 37 36 38 32 29 8 127 82 52 20 132 3 42 10 19 6 132 91 13 19 126 37 42 129 40 132 45 15 38 37 38 30 129 45 22 36 52 41 45 13 38 28 16 84 91 16 38 38 61 9 44 36 81 8 13 82 20 15 35 39 13 16 72 42 84 16 16 36 13 8 126 19 127 4 15 83 129 42 16 42 20 129 133 4 14 41 27 36 42 3 13 37 4 82 20 35 5 36 35 35 27 127 39 37 13 19 39 3 13 13 39 37 44 13 63 15 42
split_gain=43.7306 22.8111 12.151 11.2587 12.0203 10.6569 9.27626 8.35141 8.2574 7.19607 7.15806 7.13777 6.86702 6.86281 6.58728 6.2748 7.16581 6.64256 6.33413 6.90703 7.63247 6.46051 10.6841 6.34684 6.16593 6.57813 5.94823 5.78143 6.54349 7.85463 7.35351 6.58611 6.30489 6.20079 5.59626 5.43718 5.38426 5.36565 5.69274 5.3369 7.12078 6.73195 6.67337 9.16703 6.4643 6.23948 6.96114 5.47118 5.33641 5.17738 7.44443 5.1577 5.90505 8.17767 6.4957 5.11722 6.18604 5.09774 5.09499 5.0853 8.34948 5.03142 5.0009 4.96201 7.4596 5.94736 7.50657 6.1922 5.56788 6.45539 9.81063 5.44868 7.21741 5.40239 8.56755 4.95083 6.07683 4.93791 5.19692 4.93611 5.58446 4.9135 4.89529 4.87171 4.80336 4.78143 5.55693 4.75964 4.75857 4.7257 4.67653 4.78609 5.79884 4.65237 4.60519 6.61027 6.35591 4.81829 4.80765 4.7487 4.5512 5.07866 7.61752 4.53954 5.43776 5.95634 5.19735 9.32115 6.09315 4.65448 4.51373 5.01357 4.94414 5.41962 5.69435 6.68403 4.47478 4.42699 4.39855 4.35449 4.33743 4.30869 4.30824 4.30823 5.7941 4.25777
threshold=-0.065121123152961494 0.98386575663146403 -0.55171064237182954 -1.0786890750594622 0.029149933423033802 -0.25466885902801512 -0.97829221439720593 -0.67269917589804507 -0.67187391070811009 -0.65387159343576295 -1.7748440853474556 -1.8406966597186045 -0.25466885902801512 -0.13989523092939862 2.0438327064663455 1.3142475188986316 0.59236975962145733 0.43390103100894956 0.7008234889621362 0.20920615177948498 -1.3017378093727834 -0.41951465624724754 0.29884471408646318 -0.80237285757713417 0.50192812205346182 0.55921704788315818 1.0000000180025095e-35 -1.1853910767301195 -0.46724361261669389 -0.2136264783643925 -1.3393094017270453 -0.0088400770037445498 0.16424168019088733 -0.65819568989292254 1.2594905257780189 -2.1976121304182832 -0.033482604088299443 0.2941074838996271 -0.52883658654052301 -0.60625343854257185 -0.94953248170881266 -0.66674301125110214 0.22712766390439673 0.35961598172507853 -0.37979707598822171 -0.57671904820927833 0.6313647051882082 0.93372224187129971 -0.46598446562215745 0.60587279564960583 1.0000000180025095e-35 -0.18143573045366768 0.16370929396217093 1.0000000180025095e-35 -0.3166922452535364 -1.2148231145029935 -1.1165049550554078 1.0000000180025095e-35 1.0000000180025095e-35 -2.0134606327611846 0.042165216229326653 -0.28004212766348918 0.72682102597218046 0.017366851216004505 0.15761646164915943 1.368191642472506 2.1801168300692981 0.79039942888959236 0.086463871648524163 -1.106705978640186 -1.2409450963859725 1.0000000180025095e-35 0.23380016302538639 0.064940000129392716 -0.41813463135343792 0.13979849219602042 -0.21364244625060083 -1.241594718222929 0.87315565713819876 0.36329496551616886 -0.14734751515445546 2.0442151249860587 -0.7778143744431737 2.1349572256158704 0.67826884973797608 1.5390053736405374 -1.2413357489593051 -0.46322013628672759 0.036477472144047653 1.1939741177416776 -1.4208208841910095 1.1884838087765126 -0.43927830670855483 -0.73195956818497454 1.4479441509875441 -0.10767774596196412 0.084623219578909073 0.54170274638380633 -0.57511622880755231 0.42203306996423323 0.85133124913371028 -0.71010716089625003 1.0000000180025095e-35 -0.49229139109759279 -0.48975526351555781 -0.26423648801141963 0.61652219111147788 1.0000000180025095e-35 1.298564496010518 0.45691656740144299 0.87626695524617515 -0.17204652949073893 -0.44718804378652738 -0.91561359756463367 1.6958633321279664 1.1698257658203002 0.48178788837823799 -0.46598446562215745 -0.90437286926607185 -0.60231747321570306 -0.86751905162372012 0.41563290542867976 -0.66831757499627176 1.0000000180025095e-35 -0.21490634945758316 -0.13233110582493457
decision_type=2 2 2 2 2 2 2 2 2 2 2 2 2 2 2 2 2 2 2 2 2 2 2 2 2 2 2 2 2 2 2 2 2 2 2 2 2 2 2 2 2 2 2 2 2 2 2 2 2 2 2 2 2 2 2 2 2 2 2 2 2 2 2 2 2 2 2 2 2 2 2 2 2 2 2 2 2 2 2 2 2 2 2 2 2 2 2 2 2 2 2 2 2 2 2 2 2 2 2 2 2 2 2 2 2 2 2 2 2 2 2 2 2 2 2 2 2 2 2 2 2 2 2 2 2 2
left_child=1 3 -3 48 7 6 49 36 9 119 116 -10 -4 -14 27 17 24 18 19 20 -13 -22 23 -23 81 -26 55 32 51 31 -31 -30 77 -34 -33 -19 -5 62 -39 41 89 90 59 45 -43 79 47 -47 82 50 -2 52 54 -54 -29 -6 -57 -50 -21 60 -42 -58 -28 65 71 68 67 -67 69 70 -63 72 73 74 -65 -59 -77 78 -9 80 -44 120 -1 -60 87 86 -37 -84 -35 -41 -12 92 125 -11 95 99 -96 -97 -98 -66 101 102 -20 104 -71 -106 107 -105 -109 -108 112 -112 113 -61 -115 -116 -7 -87 -88 -8 -17 -49 -70 124 -32 -92
right_child=5 2 12 4 26 10 8 14 11 93 39 15 13 -15 -16 16 -18 35 100 58 21 22 -24 -25 25 -27 37 28 29 30 123 34 33 88 -36 85 -38 38 -40 40 42 44 43 -45 -46 46 -48 121 57 -51 -52 -53 53 -55 -56 56 61 75 83 110 -62 63 -64 64 94 66 -68 -69 122 103 -72 -73 -74 -75 -76 76 -78 -79 -80 -81 -82 -83 84 -85 -86 117 118 -89 -90 -91 91 -93 -94 -95 96 97 98 -99 -100 -101 -102 -103 -104 106 105 -107 109 108 -110 -111 111 -113 -114 114 115 -117 -118 -119 -120 -121 -122 -123 -124 -125 -126 -127
leaf_value=-0.026543341816382401 0.0088315696140654539 -0.020952934020599993 -0.011052992503951486 -0.013601272645546938 -0.012211193526326245 -0.024121547271940543 -0.017512685769361595 -0.017807364539805748 -0.026062390903636035 -0.0055666649735258327 -0.0088293271415523372 0.017430363647335214 0.0078790758704992032 -0.015075184271654159 -0.024833917253794382 0.013987479566329064 -0.013118545953602604 -0.029333378788622442 0.017213198906702303 0.0037629517733160263 -0.00050889630434931246 -0.0061840215241522542 -0.0086155356416645294 0.020052014653226164 -0.000579264239571783 -0.029631065017080703 -0.0080600922202972661 -0.014646903987652005 0.010281174607934047 0.019666551480970122 -0.010998065584378063 -0.021234445381369184 0.018607549577117695 0.0069783872445484214 0.01190713766427037 0.020417032862415762 0.01222008081939145 0.026981793235160399 -0.010829087616610155 0.016587907895128741 -0.020629596270955442 0.0052510174756672922 0.014838065058144103 -0.025222154640045902 -0.017525991836645213 -0.020620413291431945 0.0084556580546100695 0.0086632419239686606 0.015954795994945179 0.020075979938328027 -0.019869186489835433 -0.018949616370384236 -0.0033224044265089364 0.034750206496890285 0.014242329452210612 0.02319857790245998 0.010744545131381431 0.013441857796200975 -0.0074804361394346383 -0.011770535497307106 0.0065033998519560153 0.0040753852527018889 -0.031763871207851076 0.013141399180558712 -0.0075073162283638686 -0.030582017162823757 0.013588302113716305 0.0036493443383381566 0.0045595229366029982 -0.01691499657178747 -0.016109079235364903 -0.019094369059117957 0.012790386110396646 0.0084741353915943098 -0.021785795081663145 0.0090216806344671999 -0.023353085872387724 0.012094624195520905 0.0099217108930728243 0.028279388474964102 -0.0071401244572443564 0.018985741716562123 0.0024694389717115632 0.012128511987147164 0.020812319592905824 0.022361075491907904 -0.024499627966043769 -0.022473218873250909 -0.018624484501948584 -0.0030316500025053912 0.0068052673506991974 -0.0072871891813284066 0.016501951077251296 -0.019683855934646576 -0.023811210170085386 -0.01407220968213725 0.018747031960572823 0.014371764860366371 -0.011088865383070544 0.014507745475065191 -0.0079604986927411699 0.011984934423204694 -0.012760647783007117 0.016785159237643062 -0.0039786955520507974 0.01866276564519645 0.025816932769827095 -0.01200064249672202 0.017925345086201559 0.00079810948602858963 -0.0018572481487381682 0.01877625598337351 0.011642257401209473 0.0079841346195875934 -0.022836402821444533 0.0040951196198507588 0.0051397381334285603 -0.0065864199473391971 -0.0044829197257556831 0.0061288007153721298 -0.012904056275405191 -0.015307380105494811 -0.02772534725460751 -0.012403026047611908 0.019266074512414303 -0.022542646265897852
leaf_weight=5.2209872920066109 64.073902664706111 83.555835601408035 119.84156720899045 136.15468706190586 25.030453320592642 10.72748137637973 7.2578919865190974 24.942851537838578 7.3908259347081176 53.589472704567015 16.808711936697364 38.231075546704233 41.532833524048328 15.15757863409817 12.160734032280741 8.4176304787397402 50.174538560211658 6.2319044657051554 11.280954249203207 83.10616541095078 154.71325343288481 9.1571138799190503 20.273899380117655 52.213205337524414 32.131890477612615 8.0704866740852577 39.261487836018205 54.778376235626638 60.866426000371575 7.6714958138763896 11.548028646036984 12.035744082182648 29.961280081421137 21.025542242452506 6.1509221196174613 5.9173367246985427 6.8025534451007834 6.0589610859751701 6.3227071091532689 93.151907106861472 13.752424862235783 17.549486851319671 22.979562547057867 10.822889652103184 27.640703741461039 21.861208342015743 28.955888044089079 16.558138724416498 55.898228727281094 30.381119661033154 8.2893820703029615 41.8117281999439 21.066364303231243 5.5916373897343865 7.0983346551656714 10.475034948438404 42.529055362567306 15.476217826828359 120.52772692032158 16.513441883027554 32.019385792315006 93.228454787284136 9.7131086234003288 7.0416335985064462 9.822019796818493 13.793045900762086 7.5396842397749415 6.5044886842370024 5.8028583899140358 10.680891808122395 27.133225040510297 33.592459408566356 15.88115084171295 10.396262353286145 31.089443974196914 8.7040748558938503 10.387366443872452 9.5591481123119575 7.0813011322170487 10.152523890137671 17.357482876628637 21.171848062425852 31.286368355154988 11.577370710670946 8.5621449984610063 11.088691018521788 10.927223220467566 7.7285725884139564 8.2791975401341897 11.913584675639866 12.24643129296601 14.125087009742854 50.496604602783918 35.838542017154396 12.377034328877928 20.147460959851745 8.4169948920607585 6.1937244050204745 9.0036775991320592 49.820103880017996 13.232094399631022 148.31437093764544 19.103753447532654 37.517601190134883 22.314030595123768 17.971125155687332 31.36300883255899 24.838518122211102 7.0151573345065108 8.8346657250076515 12.238593470305203 61.689857143908739 132.84301158972085 162.44632437080145 11.638461697846649 23.079057708382607 7.1148156113922587 7.0183423124253741 66.486693127080798 44.788264974951744 11.599884612485765 9.9499194137752038 7.746499475091694 77.174148111604154 9.3897350765764696 5.6754610277712336
leaf_count=64 258 1879 1740 2078 269 70 52 292 84 611 118 179 321 175 155 37 371 48 50 461 923 48 150 220 220 93 264 602 406 37 170 109 202 133 47 33 64 19 55 356 63 114 88 74 190 127 110 78 256 99 57 542 243 28 51 52 296 95 850 76 119 438 84 32 54 100 26 35 33 94 187 288 82 65 248 57 74 76 59 37 78 121 212 42 44 44 86 62 72 48 75 106 240 437 77 142 28 32 45 248 104 646 100 186 150 92 130 170 31 47 78 228 627 621 60 83 34 51 531 248 117 48 67 983 61 50
internal_value=0.00020809 -0.00342331 -0.0115624 -0.00189085 -0.00280879 0.00313987 0.00126676 -0.00600839 0.000432843 -0.00628884 0.00564997 0.00146606 -0.00700786 0.00153476 -0.00388537 0.00171826 -0.00431639 0.00273202 0.00382807 0.00200174 0.00515081 0.00308687 0.00986075 0.0160528 0.00116672 -0.00706174 -9.3965e-05 -0.00320776 -0.00520791 -0.00154164 -0.00687272 0.00555131 0.00300357 0.00924229 -0.00983286 -0.00415156 -0.0122754 -0.0089267 0.00808309 0.00604973 0.00711876 0.000765728 0.00584008 3.80156e-05 -0.00869347 0.00237944 -0.00294433 -0.00986265 0.00603992 0.0098332 0.00527692 -0.0103327 -0.0060635 0.00552272 -0.0111113 0.000796737 0.00137431 0.0104289 -0.00200752 0.00755522 -0.00185151 0.000934673 -0.0133628 0.000132258 -0.00339658 0.00248561 -0.0105064 -0.0198152 0.00375544 0.00468615 -0.000545338 -0.00944887 -0.00415735 -0.00991053 -0.0150882 0.00121143 -0.00872924 -0.00582586 -0.0114702 0.0104899 0.00536409 0.00924613 -0.00147859 -0.00566121 0.00169999 -0.00230397 -0.00537782 -0.00283469 -0.000531848 0.0143273 0.00514188 0.00809443 0.0113724 -0.0114125 0.00173764 0.00527499 -0.00821204 -0.0069933 0.00339897 0.0107688 0.00843869 0.00970723 -0.00134277 0.00860615 0.00111057 0.00625635 0.012024 0.00682267 -0.0049737 0.0205439 0.00858836 0.0153412 0.00709904 0.00421947 0.00562649 -0.00523582 -0.0126405 0.0112264 -0.00762301 0.00250743 -0.00132559 -0.000454564 -0.0143293 -0.00915562 0.00269696 -0.0030302
internal_weight=3694.84 1649.96 260.088 1389.87 1246.61 2044.89 1172.58 571.15 1069.83 141.474 872.308 928.358 176.532 56.6904 428.193 920.967 131.566 789.401 681.731 489.8 274.589 236.357 81.6442 61.3703 81.3917 40.2024 675.456 416.032 315.183 184.836 105.783 79.0531 100.849 59.266 18.1867 107.67 142.957 61.3563 12.3817 854.466 709.924 144.542 604.858 138.638 45.1902 127.815 77.3252 48.3693 143.264 102.744 72.3633 130.346 88.5347 26.658 61.8767 614.1 589.069 90.4659 215.211 466.221 45.7718 578.594 48.9746 536.065 213.782 322.283 27.8372 20.2975 294.446 280.897 120.362 98.001 64.4085 48.5273 38.1311 34.5677 19.0914 41.5833 32.0242 50.4896 40.337 41.1894 52.7981 132.105 47.5771 101.438 83.3313 39.0149 29.3047 105.065 99.3523 82.5436 68.4185 89.428 115.781 85.9833 29.7977 26.3412 17.4207 59.6421 191.931 178.699 30.3847 160.535 50.966 40.2852 109.569 69.3713 31.8537 40.1977 420.449 73.9285 346.52 213.677 197.164 34.7175 17.8423 18.107 77.4139 52.0462 20.0175 26.5081 13.5494 98.1119 20.9378 17.9219
internal_count=26922 15555 4115 11440 10576 11367 7371 6410 6957 1348 3996 5609 2236 496 4268 5525 959 4566 3773 2873 1520 1341 418 268 588 313 4166 4113 3279 1813 1251 562 834 407 156 793 2142 422 74 3892 2999 893 2595 640 304 566 363 253 864 414 315 1466 924 271 653 3744 3475 482 1353 1955 182 3423 348 3127 1341 1786 161 135 1625 1525 625 715 427 345 280 226 131 427 351 203 166 275 382 892 318 745 650 274 205 404 589 471 365 1048 626 476 150 174 73 302 900 796 150 900 336 242 564 387 201 177 1773 306 1467 840 764 143 104 95 617 300 154 126 100 1214 231 125
is_linear=0
shrinkage=0.03


Tree=47
num_leaves=127
num_cat=0
split_feature=126 18 32 131 10 52 37 38 37 20 19 8 37 14 14 83 14 43 20 36 129 84 22 83 18 47 82 2 3 26 84 83 18 127 16 12 12 83 2 83 126 3 20 84 16 21 44 18 38 36 129 129 20 38 16 20 7 35 36 40 16 52 40 49 47 17 32 61 15 132 34 21 128 15 22 43 8 22 127 21 129 129 19 132 14 19 49 47 24 132 132 22 7 126 22 40 17 37 7 37 126 15 17 14 41 32 2 61 14 19 19 82 131 45 128 37 14 19 38 2 2 19 43 36 34 35
split_gain=36.0049 22.0229 19.5179 14.4725 11.7876 11.3104 10.69 8.91244 9.07141 8.64418 7.22147 7.14867 7.63752 6.91633 6.88265 6.68409 6.00187 5.83296 6.43905 5.51826 7.70965 5.86923 7.40266 7.41189 8.19743 9.18886 8.52252 6.96421 7.73963 9.6966 7.35439 6.96321 6.5188 6.49619 6.21893 6.79971 5.96923 6.77417 6.13579 5.4993 5.40577 5.83499 5.3682 8.91951 7.4144 6.24325 7.84308 6.00717 5.35543 5.2579 9.14322 8.3481 6.07423 5.54443 7.53213 6.78135 5.90052 5.19685 5.18346 6.68145 5.93509 6.31584 5.41846 5.46034 5.20246 5.1725 5.15936 5.11578 6.99554 6.88266 5.52372 5.1369 5.09581 6.83911 6.46686 5.04353 5.03089 5.02058 4.98302 4.97049 4.96954 4.91765 5.23518 4.89225 5.14301 4.8532 4.80059 4.7883 4.73614 4.72308 6.33037 5.75227 4.7103 4.69168 5.62996 4.65533 4.65435 4.65241 4.63094 5.61907 4.59347 4.58529 4.9287 4.5819 4.80746 4.51989 4.50826 5.06451 5.29643 5.28186 4.97957 4.4778 6.15967 4.46773 5.19004 4.44296 6.15476 4.42806 4.42058 5.23458 4.39493 8.60791 4.35912 4.3508 4.41526 4.33647
threshold=-0.092736064510763688 0.96328738368624645 -0.25466885902801512 -0.99524330984395648 1.6601035698543549 0.31653808948353973 -0.55466348960412992 -0.45279170555014508 0.52883658654052312 -0.16630670858170141 0.6752424497484435 0.87315565713819876 0.36157664289049712 1.5992811254907535 1.0834013876801472 -0.89866210343707065 -0.28005177125553177 -1.1932874057928358 0.93741396474859517 -0.79309984031459069 -0.5996124832365729 0.21161074818343242 0.48918888183058801 0.87194746480565821 -0.46748692767809846 -1.2013744468464391 -0.009904017657357397 0.80023975081853749 1.0432682006331893 0.23178597386258862 0.51639616871068283 1.5400982968469055 -1.3129100694029534 0.87626695524617515 0.94570189287857176 2.2464604225773317 -0.37079808471546816 -0.37008689719000337 0.48763162707258817 0.8538579431856318 -0.83555154516954788 -0.24483369218699294 0.36831976210536055 0.30682858448915484 -0.97043206678623528 0.82630139760421528 -0.48093787318675613 -0.89865140138792821 -1.3812771096889744 -0.1534360694714941 -0.5996124832365729 -1.498379455392262 -0.2068488643092439 -0.59591036556152865 0.48357546731235346 0.10232006467241037 0.76301784435206987 -0.10534023864687848 -0.69139296289354835 -0.19244766901813312 -1.2860306013192619 -0.44116264262397492 1.2718691913885662 -0.16418636328245387 -1.2398160024803426 0.29745034664282777 0.62788386000544671 1.0000000180025095e-35 1.9601194658347618 -0.11144141411414848 -0.703848308893395 0.50507877955475433 -1.1761846760515771 2.081326286063935 1.0852242223159319 -1.4936854170121225 -1.4681984415180931 -0.18459019871806112 -0.21868445388496552 -0.21031970316294887 -0.48043484681688148 -0.40625918248275039 -0.63480823509691409 -1.0923723986642073 -0.90137722635158124 1.1627031696909023 0.38005529167513147 -0.59354218937395431 1.4051965994528104 0.8038462144552444 -1.470376336234785 1.0852242223159319 -0.68916707828041612 0.71988617216173789 -0.28824851880246866 -0.69249955960445508 0.26980664131642396 0.82673419859694175 1.3362487348648933 -0.98340900126811026 -1.0044003652711029 1.3440750005570892 0.68285788662527902 -0.074563976732908988 0.40966474840358968 1.0691602195221777 0.80023975081853749 1.0000000180025095e-35 -0.61959981861762814 1.72632962712437 -0.025482335168840794 0.2974691575426282 0.27849043056872208 0.18629900214310188 0.15137821162665857 -0.85133124913371006 0.025161731928537202 -0.77190656258073054 0.36810289151546438 -1.0754089916571583 -0.45019274416525973 -0.10164807265984999 0.71726138327801359 -1.0448524272572774 -0.45517473714027668 0.40387802032300235
decision_type=2 2 2 2 2 2 2 2 2 2 2 2 2 2 2 2 2 2 2 2 2 2 2 2 2 2 2 2 2 2 2 2 2 2 2 2 2 2 2 2 2 2 2 2 2 2 2 2 2 2 2 2 2 2 2 2 2 2 2 2 2 2 2 2 2 2 2 2 2 2 2 2 2 2 2 2 2 2 2 2 2 2 2 2 2 2 2 2 2 2 2 2 2 2 2 2 2 2 2 2 2 2 2 2 2 2 2 2 2 2 2 2 2 2 2 2 2 2 2 2 2 2 2 2 2 2
left_child=4 2 3 118 7 6 10 8 17 111 89 12 48 93 79 78 42 18 -1 20 87 36 23 24 32 26 -26 28 30 -30 33 -25 -23 -27 35 -24 37 105 -39 -14 100 96 47 44 -44 46 -46 86 -3 88 51 -51 77 54 55 -52 -55 -29 59 -17 -60 81 63 -61 -63 -65 -48 69 -69 -11 -71 92 115 74 -74 -38 85 -53 80 -13 -4 125 -83 84 -6 -50 -9 -18 -19 90 -5 117 -72 94 -7 122 -42 -49 -92 -100 -22 102 -33 -84 -105 113 107 108 -85 110 -110 -8 -113 114 -21 -66 -117 -91 -2 -120 -119 -122 -47 -114 -125 -62
right_child=1 11 15 5 83 13 9 16 -10 67 -12 14 39 -15 -16 58 19 49 -20 21 40 22 34 31 25 27 -28 57 29 -31 -32 101 -34 -35 -36 -37 75 38 -40 -41 41 -43 43 -45 45 95 66 97 76 50 53 52 -54 56 -56 -57 -58 -59 60 62 61 64 -64 65 72 -67 -68 68 -70 70 71 -73 73 -75 -76 -77 -78 -79 -80 -81 -82 82 103 106 -86 -87 -88 -89 -90 91 98 -93 -94 -95 -96 -97 -98 -99 99 -101 -102 -103 -104 104 -106 -107 -108 -109 109 -111 -112 112 123 -115 -116 116 -118 120 119 -121 121 -123 -124 124 -126 -127
leaf_value=-0.023800775985661191 -0.019903031464440488 -0.015519721930233446 -0.01404543464019682 0.021991658942517405 0.0093733457441976687 0.000590956365293437 -0.015078878404237312 -0.014363854931798285 -0.013506515524289869 0.0091828298924601075 -0.015763004086727306 0.004719909068683358 -0.015423254408100962 0.015050899512420576 0.0093424441286202708 -0.016920955328553467 0.005092836144468196 0.0073185880248593984 0.015241521384538296 -0.028414975739757559 0.0037887112389587796 -0.011622042832063745 -0.02807111046963149 0.016505924613349345 0.0031114590694023302 -0.018653729270416856 -0.034937779758569425 -0.0057293296224625988 0.020127085781157475 -0.015762946142969268 0.0016269763944601809 0.0050840047300697837 0.017104035709056421 0.010266820892053852 0.011247863805988826 0.0066567141223636645 0.028507888707909861 0.013499325165928503 -0.0041310006207754477 0.0085290172201045369 -0.028632562029597346 0.0031798612219720471 -0.018007680511983766 -0.017664947253894125 0.016494352856009014 0.0080794064872178328 -0.023686356493199352 0.0062576238168476897 -0.019492165232299689 -0.017430639541684164 0.0057270818039335362 0.0026175608882400649 0.011496420447644087 -0.016359635878015699 -0.036553118309108575 -0.021891473318838044 0.016309420050621991 0.016850170006091698 0.017929037168817902 -0.011426103300036086 -0.018098710094152849 0.015237711354117934 -0.01901672483182754 0.02120670537671529 -0.011189383422658714 -0.0073490302385303529 0.0088853595515429387 -0.01154889732144871 0.018852410465940717 -0.021731334486304078 0.015055233493125814 0.009435338221292661 -0.0085930563080080097 0.018086959883771812 0.014980458519890856 0.008538410260141344 0.010731092340168953 -0.027789579389911195 -0.015539342439406145 -0.019595375033049828 0.015202350777473042 -0.0069441392499995681 0.029916801413517942 -0.018042205995135032 -0.02615955670779032 0.014520523619501954 0.011897976962875595 -0.017948892198506882 -0.011713838958237528 0.024067673365528747 -0.00015823158799661366 -0.010502533516323669 -0.015179232517128901 -0.022392261257601624 -0.019274000933737205 0 -0.0010370576065332872 -0.0044825038290882942 -0.037082852511890037 0.00080105489914489042 0.018600538871010021 0.015360589917019626 -0.015870709766944081 0.018005076886333696 -0.0076664233675533796 0.013879354015309445 -0.015532262261622569 -0.01263565224082258 -0.0031501203387074763 -0.012176582814345541 0.023234309962746998 -0.018420482027202256 0.029015749486227243 0.0053208231391651331 -0.0038054907964713319 -0.0044064840592559504 0.025223805950889803 0.016909377556255739 0.014476360713758908 -0.013390561968039305 -0.025558273216171414 0.018329399513260587 0.037954902388431591 -0.021344353430730652 0.0091270977682178806 0.015510402811856261
leaf_weight=15.225229946896436 105.86679395241663 7.1583662107586852 8.0586488265544194 9.3428844865411502 3.8504604287445572 24.936252610757947 131.18715923093259 27.529187947511673 46.386500271968544 49.81636010389775 19.28425108641386 9.648920586332677 22.296055670827627 5.735704604536294 17.065229821950197 27.577904525212944 10.560411356389521 134.03404420614243 4.1101073175668708 15.117902439087631 93.301013741642237 7.7571741715073577 16.878542002290494 67.643511574715376 8.3086940124630946 45.697909275069833 12.34691511839628 11.80584955587983 22.627004284411672 8.5578194726258499 47.764349028468132 24.395086817443371 39.4572250880301 7.4191937148571006 7.6774953305721274 6.4474979657679787 11.001078817993401 49.014353703707457 26.624216087162495 12.717708139680324 11.342581402510406 35.595761094242334 14.112407967448233 33.330479934811592 9.8958054259419423 9.6887994185090118 14.645692307502037 210.44399824924767 9.3021326623857004 13.795919738709925 14.755423717200758 15.356010153889658 64.523022681474686 7.6906231604516533 11.900215324014424 15.368688892573116 10.59689676389098 32.608215760439634 22.20449879206717 9.9807308539748174 8.5265739858150464 15.707396999001501 8.2376931235194188 19.775408487766985 7.20129844918847 7.1040415521711102 5.3071075081825247 75.060017758049071 6.5151255726814261 13.703690011054276 4.8239265531301525 22.967564741149545 121.49213861487806 9.9155639037489873 10.460983937606214 503.18307274952531 177.61370604299009 5.9774033091962329 38.513280531391501 27.089601831510663 11.307179339230059 8.3596809878945333 17.121601056307551 5.9883550815284243 18.142041143029928 4.9772615022957316 7.0816304329782715 27.611959667876363 11.884492691606281 21.36849418468773 93.629620816558599 9.4995516724884492 22.598808940500021 58.361737168394029 24.745025020092726 11.792781185358761 10.486354932188986 42.734687373042107 6.2220902778208256 6.5058596916496736 23.179912738502026 15.753269813954828 15.719155594706534 18.939770707860596 8.9050019308924657 7.0176279619336119 20.804493932053447 17.782849716022611 8.4719680733978766 6.6651941873133174 21.345462407916784 13.231898545287548 4.8489607814699438 10.88409451395273 16.095924843102694 9.4947985261678713 15.64216362684965 14.599590767174959 7.1301143364980843 22.950934222899377 7.8329223152250034 6.3815175555646473 8.9363740198314172 5.3439806811511561 12.112360570579764 4.4215243831276885
leaf_count=143 2243 68 121 52 44 293 1870 264 660 438 171 66 279 32 67 390 48 777 22 96 424 53 117 245 38 230 55 72 83 43 217 98 172 37 31 29 41 219 141 104 90 193 89 231 44 51 117 1129 71 97 86 91 302 48 82 108 41 120 102 91 78 93 55 123 53 64 28 941 24 166 32 178 1052 37 81 2048 939 46 429 246 71 59 69 66 184 25 51 191 83 98 653 81 266 1057 325 65 63 457 47 42 90 56 71 77 40 33 190 174 60 42 101 205 27 56 97 95 70 67 84 376 77 35 24 53 80 27
internal_value=-7.82981e-05 -0.00362893 -0.00539626 -0.00810029 0.00243874 -0.00626634 -0.00448141 0.00294651 -0.00124092 -0.00752299 0.00117214 0.00381624 0.00608675 -0.0148612 -0.00593738 -4.88058e-05 0.00389423 0.00053539 -0.0150126 0.00491316 0.000485356 0.00581376 0.00293549 0.00413568 0.00108157 -0.00160921 -0.0200571 0.000633902 -0.00281386 0.0100011 -0.00686399 0.0100965 0.012179 -0.0144437 -0.0108954 -0.0184697 0.00759848 0.00166602 0.00728151 -0.00664475 0.00319084 -0.00426091 0.000662317 -0.00501202 0.000777299 0.0054472 -0.00417618 0.00280641 0.00836328 0.0015737 -0.0021644 0.0033908 0.00693321 -0.0112977 -0.0171913 -0.00851758 0.00227936 0.0107882 0.00150862 -0.00556061 0.00337811 0.00204047 0.00153767 0.00659147 -0.000739144 0.0135591 -0.0148691 -0.00319623 -0.00888562 0.000893897 -0.0055446 -0.000747012 -0.00227557 -0.00474185 -0.00660301 0.00902599 0.0093456 -0.0066307 -0.00941157 -0.0131739 0.0027922 0.00994287 0.0139386 -0.00740375 -0.0196709 -0.00726586 -0.00872303 -0.0115305 0.00567887 0.00313007 -0.000396908 0.00991083 -0.00941258 -0.0166001 -0.00942917 0.0148183 -0.0161335 0.00442246 -0.00257808 -0.0188523 0.00689507 0.00212958 -0.00324063 0.0179527 0.00970995 -0.00689478 -0.00383976 0.000336122 0.00600222 0.010405 0.0157814 -0.012529 -0.00287862 -0.0106691 -0.0163299 0.00827176 0.0141766 0.0139634 -0.0170137 -0.0064355 0.0058135 -0.00574819 0.0237701 0.00660715 -0.000689756 -0.00611758
internal_weight=3623.46 1503.42 1215.55 806.603 2120.04 670.655 556.877 2016.98 371.605 362.21 194.667 287.869 234.065 113.779 53.8038 408.948 1645.38 325.218 19.3353 1249.88 212.078 1037.8 398.865 367.861 244.35 197.136 20.6556 176.48 132.066 31.1848 100.881 123.511 47.2144 53.1171 31.0035 23.326 638.938 124.754 75.6386 35.0138 173.906 57.4247 395.499 107.709 74.379 60.2666 29.8486 287.79 199.051 305.883 159.964 99.6524 85.8564 60.3118 42.0243 30.1241 18.2875 44.4141 351.069 72.6758 278.393 256.188 45.0979 36.8602 189.914 26.8795 19.9528 195.485 81.5751 113.91 64.094 50.3903 174.207 141.869 131.953 514.184 191.893 21.3334 57.8791 36.7385 19.3658 66.2742 53.3261 103.051 21.9925 14.2794 34.6108 38.1724 145.919 175.383 115.7 59.6821 27.4227 108.043 49.6813 30.418 21.8289 253.179 106.358 12.7279 116.481 55.8675 40.1142 44.9664 27.8448 49.1155 81.0583 60.2538 42.471 36.4826 29.8174 166.724 35.5372 42.0979 31.2138 32.3383 25.137 50.1825 135.948 30.081 28.814 14.2144 18.6252 22.3053 17.4563 12.9481
internal_count=26749 15155 13290 10013 11594 7310 5603 10733 2586 4280 1323 1865 1486 1707 379 3277 8147 1926 165 5597 1099 4498 1767 1590 1120 895 93 802 610 126 484 470 225 267 177 146 2731 642 360 383 860 346 2550 649 418 329 189 1901 1103 1761 901 536 439 365 276 194 89 192 2656 723 1933 1831 333 278 1481 187 145 2045 965 1080 642 476 1388 1170 1133 2089 1035 137 621 312 192 350 245 861 228 96 315 239 860 1152 794 358 298 1675 618 140 153 1586 742 89 514 225 169 186 117 282 633 443 269 203 161 2235 365 249 193 218 165 277 2703 460 179 112 75 160 133 105
is_linear=0
shrinkage=0.03


Tree=48
num_leaves=127
num_cat=0
split_feature=126 15 126 11 52 40 43 82 6 18 5 38 42 18 52 46 61 44 2 23 42 47 32 26 32 38 84 38 132 36 10 17 17 82 39 0 41 39 132 38 13 36 10 132 46 34 19 44 42 36 11 41 13 11 48 18 55 3 43 54 5 132 47 36 64 2 21 9 84 18 13 38 23 18 43 19 38 28 3 32 33 15 15 38 17 21 41 43 36 82 24 8 41 13 82 18 15 21 21 19 47 21 82 18 132 39 2 44 20 24 43 82 15 16 13 55 39 46 14 40 20 11 55 19 18 10
split_gain=36.4547 21.2473 13.443 10.834 7.90155 7.66535 7.58455 7.32744 7.17153 6.48138 8.536 6.27752 6.73979 6.52116 6.2073 6.07308 8.08033 10.9478 10.7139 9.32351 6.60347 6.05666 6.01712 5.99979 5.92571 5.79948 8.30451 5.57999 8.27921 5.5033 6.7276 5.49827 5.81089 6.61382 6.62265 7.91629 7.09724 5.78105 5.40239 5.30285 5.31482 6.76623 5.18003 5.1404 9.55969 5.99967 7.67947 5.40317 9.95469 9.328 5.06732 6.00876 8.10512 9.46336 5.82869 6.67602 5.94695 5.82239 5.77576 5.80038 5.50474 6.32509 5.44897 5.60048 5.40405 6.3156 6.12855 5.74805 5.29188 7.43541 5.13105 5.04124 4.93812 5.96323 7.38426 4.93192 4.91091 4.75478 4.70467 4.65189 4.57227 5.44623 5.52969 4.56967 4.56197 4.48728 4.5092 4.48467 4.92232 4.62553 4.47659 4.44071 6.9475 6.34986 5.2382 4.54428 4.45129 4.42012 9.38296 6.94249 5.36935 5.28121 8.39596 5.02738 5.26482 4.71856 4.85316 4.55058 5.43371 4.39227 4.99254 6.26039 4.98547 5.85423 5.53257 5.4853 6.24476 4.99252 4.62273 4.47408 4.43719 4.39146 4.39031 4.36854 4.34282 4.75972
threshold=-0.42600152972887578 0.16134118740977241 0.83642964516469587 1.1719056776899477 -1.4791608537708845 -1.3422595048928361 -1.1180080574917419 -0.47762817474198765 -0.67582836460748041 -1.3129100694029534 -0.697045001485739 -1.3676455007453596 -0.58276317794796306 0.28538536938405917 -2.2730505973889579 -0.66495956352073848 1.0000000180025095e-35 -0.44678882286224264 -0.45019274416525973 1.1288525014171988 -0.67544483448507175 -0.060653775049041396 -0.25466885902801512 1.0610010024832903 2.3929892980723708 -0.03942405524616354 0.064940000129392716 -1.0280119347739425 -0.46145231021782157 0.93114201114785011 -0.38178471379748241 -0.63039717042671206 0.12472409256044976 0.36467469660811636 0.47187965862452247 1.0000000180025095e-35 2.2621008176283088 -0.27533582579828036 1.568141073900122 -0.89057370978195416 0.20283886814227597 0.38257787558168826 0.29884471408646318 -0.27176519706096486 -0.49373698977127095 -0.45517473714027668 0.90373966222147095 -0.44678882286224264 0.96640952071088082 0.095476288711880811 1.4849257495061619 -0.3395109784710218 -0.3872993675322241 3.706020326077673 0.67381820153090211 -0.11832465949999998 0.5295220172054157 -1.3347660630348392 0.61591404595795318 0.39253629148451358 -0.697045001485739 -1.0103997684945132 -0.25229826177919062 -0.43530605495024277 1.0000000180025095e-35 -1.0754089916571583 -1.1720265896362994 -0.99711228145263198 0.33059602135348637 -0.29539916247914105 0.084811221007375967 -1.491826985604344 1.0000000180025095e-35 -0.40694781719979128 -0.51985422544006388 -0.48247676011489576 0.2721178522086854 -0.66848165899358392 -1.2356813020486714 1.0000000180025095e-35 -0.78668746603278572 0.87485296593381234 0.67357006602287717 -0.82958222181382657 0.82373348435704208 0.36969029447097829 0.56751646468313699 -0.19520097742508297 -0.46874807970167875 -0.19668135091083691 1.0000000180025095e-35 0.14148250130810744 1.1572073578332154 1.5798280847161099 1.4039671130798312 1.1131421602874518 0.43976128751161386 -0.50055215593428182 -0.010200676756015398 -0.80237285757713417 -1.6176816681755157 -0.052526346149755543 0.88179009661357244 0.17351260548569808 0.8038462144552444 1.644968403490698 -1.3880171154031073 -0.48093787318675613 -0.27552441593658561 -1.0316418642816423 1.2776216146578998 0.38516887200117517 -0.54378457347423292 -1.4438298685857756 -0.21868844305379545 1.0000000180025095e-35 -0.87088739909490753 1.7296285607846693 -0.20871565519301277 -0.79619878807240174 -0.27552441593658561 3.1761140382332984 0.17937839937745143 -0.54340935010770297 0.17351260548569808 1.0000000180025095e-35
decision_type=2 2 2 2 2 2 2 2 2 2 2 2 2 2 2 2 2 2 2 2 2 2 2 2 2 2 2 2 2 2 2 2 2 2 2 2 2 2 2 2 2 2 2 2 2 2 2 2 2 2 2 2 2 2 2 2 2 2 2 2 2 2 2 2 2 2 2 2 2 2 2 2 2 2 2 2 2 2 2 2 2 2 2 2 2 2 2 2 2 2 2 2 2 2 2 2 2 2 2 2 2 2 2 2 2 2 2 2 2 2 2 2 2 2 2 2 2 2 2 2 2 2 2 2 2 2
left_child=5 2 3 6 -4 7 84 21 15 10 -10 12 -3 23 -11 39 18 -18 -17 20 -20 -1 38 43 -6 26 -19 28 -16 30 -25 -15 42 37 35 83 -37 -34 109 -7 41 -41 -33 44 78 85 47 122 49 -49 54 121 53 -53 64 68 60 -54 62 -60 -57 -62 63 -58 66 -66 70 -67 -56 -70 -29 -22 80 -74 -75 -63 -36 -39 -13 -24 -46 82 -82 -35 -2 86 -45 88 -27 -89 -5 92 -85 94 96 -94 -93 103 99 -99 -101 102 105 -68 -105 106 -102 108 -100 -8 112 118 113 -111 -114 116 -116 -117 119 -112 -121 -52 123 -47 -59 -126
right_child=1 11 4 90 24 8 22 -9 9 14 -12 13 -14 31 27 16 17 25 19 -21 71 -23 79 29 -26 87 -28 50 -30 -31 -32 32 33 34 76 36 -38 77 -40 40 -42 -43 -44 45 72 46 -48 48 -50 -51 51 52 57 -55 55 56 58 124 59 -61 61 75 -64 -65 65 67 97 -69 69 -71 -72 -73 73 74 -76 -77 -78 -79 -80 -81 81 -83 -84 91 -86 -87 -88 89 -90 -91 -92 93 95 -95 -96 -97 -98 98 107 100 101 -103 -104 104 -106 -107 -108 -109 -110 110 111 -113 114 -115 115 117 -118 -119 -120 120 -122 -123 -124 -125 125 -127
leaf_value=-0.01239943569116049 -0.01687757478311943 0.0057967860152467344 0.001888509925139987 0.01776423235077542 -0.015027492105659188 0.012819792884839041 0.0046534304217881132 -0.022831198893284794 -0.028101223208256497 0.013278294536843503 0.0012069368976296846 0.012220573788844419 -0.025463100725583884 0.018438954024561992 0.010872929787524519 0.012672205224306394 -0.024029099469759705 0.0045804524044966927 0.0063384206281092712 0.0081236384566142662 0.002233621796351665 0.025858527290925457 0.0081003226440569381 0.0097253512948893821 0.0094705161166631618 0.0090772735509093479 -0.016307453311571046 -0.025038386858353291 -0.027946111449051556 -0.03600742780829333 -0.019244663469492676 -0.013399579987865026 0.029393702723099505 0.02039183510224683 0.00041335887486136316 -0.014785558416568541 0.018798268502017268 0.017079829997159734 -0.018680185220416656 2.4753046299021239e-05 0.0087989205151350856 -0.030894889807194334 0.01478265236844965 -0.020221693588170598 -0.00160276340267929 0.00054382272595296063 -0.016443701716479409 -0.017466877374992092 0.012325507592273351 0.001137404591565302 0.022299088029011919 -0.016258935621812173 -0.0093800317639779144 0.0077163466210554942 0.012510584677106491 -0.0070535557386506168 0.012477932048617439 0.00094399316526714932 -0.011277021811621388 0.013064783523232893 0.026598214837420812 -0.01538043486578731 -0.026940606640695579 -0.019498895784319816 0.015682041452552985 0.008609934992564577 0.016555225238015392 -0.020085632157974986 -0.021993175431360642 0.012875668851651364 0.0050412650402947854 -0.025934318885278612 -0.023611026067502535 -0.02073662413910508 0.016237461502563593 0.0087810930260172736 0.01631488305303113 -0.0039912464308389257 -0.018145374995864775 -0.002391401353288677 0.0076377278384967785 0.018172878066355105 -0.02385966041463634 0.013840837155460415 0.0039201661681772526 0.00098995729602496894 0.0042755317172113588 -0.0068101517435841339 -0.022949481024037179 0.019770485042781019 -0.0074079376959730802 0.0063267997735108857 -0.015804033860210138 0.01892858636401357 0.0031205964089662335 0.0045494799771345872 -0.019408311276691254 -0.023311378309409717 -0.0052650728457161091 -0.025236945836065051 0.014815016733097654 -0.015766438037994348 0.022099010894265473 -0.0061769615935321539 0.020145573406779901 0.015799466702314923 -0.0054399361547409651 0.0053899734206606688 0.017477960415987138 0.0090831766328730926 -0.012807498321162774 0.018401910764776267 0.0019862905785257385 -0.013363461939222172 0.02970074078429371 -0.017413716798901739 -0.0080516004005234034 0.014079814854009101 -0.020325259010802909 0.022466477246114371 -0.0071630592477549245 -0.00074172908180933643 -0.0062764902956509187 0.024817098621871123 0.021130681452103329 0.0038450262220279668
leaf_weight=7.0256336275488138 65.707614176906645 8.9644815493375081 30.979315267875791 26.323209123685956 225.18917668564245 46.558127818629146 36.868294494226575 19.376322839409113 11.755828361958264 66.065322389826179 29.083204479888082 4.7718685343861607 16.34018936753273 19.4155845772475 7.616986125707629 52.480699356645346 29.17485161870718 26.05856248922646 10.574001075699924 28.443623218685389 6.8131834343075708 5.9412042452022416 51.13941094558686 11.570825312286617 8.454789584502576 7.5152050405740738 46.094458734616637 10.095446653664114 10.857801143079994 6.9652689211070529 15.977067761123179 32.067339073866606 13.999720159918068 10.909500310197471 30.547229383140802 46.264461448416114 5.4937223382294169 18.632858637720346 27.515240235254169 19.607321277260784 25.368567476049066 8.2983599826693517 6.1750701367855063 39.801477396860719 29.486835546791553 10.496966022998096 24.308777095749974 39.791367011144757 33.149608686566353 58.879985908046365 37.141994342207909 26.609154850244522 11.009999938309191 30.907905593514442 45.761180346831679 38.443774908781052 8.2549959346652049 21.902525767683983 20.119607396423817 14.089470591396092 11.343151833862064 9.9332941956818086 23.69525421410799 9.5178461335599405 8.1500256210565549 7.7368844673037556 61.094421183690429 22.66546780243516 10.6252300105989 9.4453086331486684 8.6765060834586603 26.127594480291013 9.2788505703210848 6.2043190095573708 13.895818855613467 23.848085377365351 41.311802536249161 17.978466803207994 23.780168056488037 139.29062372259796 35.906214004382491 51.944483112543821 4.7935655750334254 43.620661081746221 10.414112139493225 18.257797567173839 7.5005058944225302 7.4781903177499798 7.803758602589367 19.503447776660323 7.4774672202765933 6.7446668781340113 15.038616567850111 8.07818655669689 23.220223605632782 24.534615647047758 31.024949491024017 11.583630841225384 10.597831837832926 6.2096739672124377 11.347976241260765 13.422059390693901 17.357043597847223 22.098392615094784 8.6945699453353864 13.626703690737484 75.13958328589797 405.74654831551015 56.846951317042112 10.501827750355003 9.932325439527629 14.547367557883261 74.119405620731413 131.98056618776172 5.118962798267602 46.56796352006495 10.074674367904661 4.157677609473466 10.280141826719047 10.882445663213728 6.5447483211755779 8.8621202372014505 9.2880338877439481 18.890154600143433 52.235205875709653 20.950440065935254
leaf_count=71 1071 90 311 149 4057 255 428 185 87 251 196 28 190 81 55 278 185 180 64 170 48 31 384 55 83 38 395 80 108 52 125 223 57 53 166 402 26 88 393 117 136 59 36 358 211 69 215 347 208 374 133 141 48 120 230 203 43 86 103 52 41 60 154 60 31 36 288 131 64 45 41 193 97 60 86 122 177 119 203 1140 256 237 41 211 101 119 48 44 54 78 49 39 92 33 107 107 188 63 59 37 48 74 64 117 36 47 432 1829 213 68 147 89 763 1839 35 534 107 32 108 79 71 43 62 87 174 86
internal_value=-0.000448744 -0.00336548 -0.00645352 -0.00425724 -0.0122095 0.00268196 -0.00510698 -0.0115538 0.00296135 0.0039857 -0.00762795 -3.34264e-05 -0.0144755 0.000399327 0.00436122 -0.000737661 -0.00309611 -0.00792545 0.00247279 -0.00499646 -0.0136297 0.00551134 -0.00393451 -0.00196386 -0.0140916 -0.00362199 -0.00876314 0.00386713 -0.0120508 -0.0138335 -0.00705699 0.00324572 0.0024056 0.00367339 0.00187498 -0.000758372 -0.0108753 0.0135722 -0.0060243 0.00553333 -0.000898157 -0.00981681 -0.00851176 -0.000997695 0.00288084 -0.00369223 -0.00101301 0.0012526 -0.00163738 -0.00643505 0.0041233 0.00836483 0.00558016 -0.00341239 0.00322026 -0.00101288 -0.00434217 0.0104695 -0.0103803 -0.00107999 0.00114844 0.00820258 -0.0177759 -0.00461322 0.00445949 -0.00633643 0.00503962 -0.0126459 0.00694018 -0.00560903 -0.0114319 -0.0201258 0.00590597 -0.00494477 0.00424059 0.00135229 0.00969478 0.00682183 -0.012727 0.000438044 0.00855948 0.0118085 0.00337285 0.00247915 -0.0139794 -0.0114734 -0.0162671 0.00507795 -0.00746045 0.0123161 0.0120565 0.00105146 0.00570447 -0.00451179 -0.00792016 -0.0033102 -0.0146907 0.0054924 0.00456296 -0.00198527 -5.9885e-06 0.00135051 0.00344816 0.0116336 0.00156087 0 -0.00260905 0.00662673 0.0138357 -0.00503145 -0.00611787 0.00232626 -0.00769095 -0.0116363 -0.00360141 -0.00986483 0.00553112 -0.0145521 -0.00412463 0.00235891 0.0113915 0.0178754 0.0109715 0.0165487 0.0128727 0.0163414
internal_weight=3590.78 1859.37 964.067 699.444 264.623 1731.41 665.643 32.3432 1699.07 1331.17 40.839 895.302 25.3047 869.998 1290.33 367.9 268.068 143.628 124.439 71.9584 43.5148 12.9668 589.522 474.94 233.644 114.454 72.153 1224.26 18.4748 34.5132 27.5479 395.058 375.642 337.4 286.789 214.93 51.7582 50.611 399.092 99.8324 53.2742 27.9057 38.2424 440.427 180.062 260.365 194.805 170.496 131.821 98.6714 1205.79 209.619 163.615 57.5171 996.167 225.077 159.245 106.098 75.6772 34.2091 83.5683 45.1245 41.4681 17.7728 771.09 38.5524 732.537 30.4024 65.8317 20.0705 18.772 32.9408 151.51 29.379 20.1001 33.7814 71.859 36.6113 28.552 190.43 122.131 92.6443 40.6998 163.171 76.1217 65.5598 47.302 42.3006 15.319 26.9816 33.8007 152.262 83.1939 69.068 60.9898 39.5732 37.7696 713.765 621.878 148.687 137.103 130.893 117.471 91.8874 30.793 100.114 86.4876 473.191 67.4448 371.576 334.708 52.187 282.521 142.482 140.039 65.9193 15.1936 50.7256 37.6397 27.3595 17.4272 46.0041 38.6752 29.3871 95.0882 73.1856
internal_count=26773 17861 12038 7587 4451 8912 7389 287 8625 6331 283 5823 280 5543 6048 2294 1727 974 753 475 305 102 6217 3338 4140 789 575 5797 163 232 180 2205 2124 1865 1601 1258 428 264 4693 567 312 176 259 3106 1219 1887 1362 1147 929 721 5634 831 655 261 4803 1177 838 394 412 155 426 223 257 103 3626 198 3428 167 339 109 121 241 988 243 146 182 343 207 231 1524 745 534 297 830 1172 525 406 214 92 122 198 777 410 367 334 199 227 3307 2866 765 702 665 591 441 153 527 480 2101 272 4300 3872 494 3378 1907 1471 708 142 566 405 297 150 176 218 156 346 260
is_linear=0
shrinkage=0.03


Tree=49
num_leaves=127
num_cat=0
split_feature=12 15 18 32 129 44 0 2 31 27 3 36 13 20 26 15 41 40 41 3 35 15 13 18 127 13 128 20 129 17 9 47 18 131 16 27 0 22 20 36 19 6 132 44 49 131 42 13 7 129 18 40 81 17 13 49 81 39 32 42 12 20 45 27 82 18 15 21 7 82 53 6 47 42 13 132 15 36 131 7 40 6 2 25 19 35 32 46 131 12 35 41 20 2 65 7 16 18 46 42 16 22 40 18 40 7 34 40 17 15 21 42 128 22 129 23 41 23 0 15 93 54 128 103 48 44
split_gain=36.4362 19.3564 11.0824 8.95684 7.68628 7.52647 7.18221 7.51626 9.23315 8.49712 9.57456 10.7364 7.64008 6.81263 7.02731 6.98976 6.4378 8.18555 8.16687 6.40889 6.04825 6.02757 5.69724 7.60717 6.94276 7.54476 6.97084 7.91141 6.9201 6.58031 7.51561 8.94015 6.84579 6.03006 5.99329 5.82423 7.69448 5.70834 5.60124 5.5358 9.72863 5.94609 5.53448 5.84422 7.60755 5.63235 5.49513 5.47503 7.39243 5.71093 5.45442 9.03248 7.20648 5.4091 7.04055 5.15525 5.15409 5.14404 6.42031 6.09786 5.14025 5.08073 4.88557 5.49897 4.77439 4.7239 4.70128 4.65928 5.3123 4.93873 6.16845 6.17391 4.71907 4.57946 5.19403 4.56911 6.09639 4.52634 4.97619 4.80856 4.63853 4.51942 4.85274 6.6948 6.03755 6.37412 4.51094 4.48761 4.74482 4.89029 4.46934 4.54751 4.45256 4.40543 4.34629 4.31606 7.33851 5.42296 5.36394 5.80969 5.24292 4.87498 4.67615 10.2427 6.89333 4.29464 4.39048 4.29457 4.28464 5.33746 4.48602 4.15771 4.12892 4.10766 6.51104 5.34188 6.80018 11.4038 8.19834 8.85583 6.57948 6.45136 6.39019 6.15788 5.25761 7.18588
threshold=-0.065121123152961494 -0.055525955975566789 -0.056797531012498993 -0.25466885902801512 -0.50389794398700816 -0.67780918637035648 1.403190457439105 0.48763162707258817 1.0000000180025095e-35 0.83331277631038125 0.28361836640590227 -0.18322984750174223 -1.2977983597157385 -0.006655286181042149 0.78842521856872427 1.0480146983638916 2.0071557728564842 0.94162888671200318 1.5395011290210796 -1.2356813020486714 -1.3191438445678454 0.67357006602287717 -0.67955830329483369 0.77179806241684912 -0.1456876932762228 -0.20744771475523358 -0.30275642325331692 0.17282214290030526 1.1210146425727237 -0.69148527400861215 1.0000000180025095e-35 1.0024700982249437 -0.44533207025300386 1.1217663885911799 1.3796498778614839 0.45691656740144299 -0.97829221439720593 0.48918888183058801 1.497234805232752 0.61652219111147788 -0.78713971007893224 -0.67582836460748041 0.9735010112243625 0.41563290542867976 -0.53934323223379954 -0.20916763004641789 0.13505803640393924 0.52319962465129055 0.80123323705292482 -1.0180377161038334 1.7373066470302512 -0.18324311625089704 -0.94255066075751792 0.20694584682999664 -0.58963247690633847 1.0421685522620672 0.95884049206732935 0.96540490097637355 0.62788386000544671 -0.44694617984173463 -0.29807015920639718 1.0833204059072414 -0.66744201760567801 1.0215108807648503 -0.17674400229325979 1.9056202298208267 -0.24452163878389976 1.2772926410601249 -1.6827672885026432 -1.086150804493059 1.0000000180025095e-35 0.20748900038822612 0.49101752367111551 -0.50867630772782502 0.067950128559533113 -1.1617257881126821 0.47366781628900007 -0.83246888467584002 0.8738985162831977 0.1515715611383914 1.4220811545989018 0.20748900038822612 -1.0754089916571583 -0.35023657475372694 -0.87853859506814336 0.37333545670329904 -0.25466885902801512 0.48469087082128398 1.1217663885911799 -0.37079808471546816 0.79039942888959236 0.086054488972381216 -0.16630670858170141 -1.0754089916571583 1.0000000180025095e-35 -0.84202864908383568 0.48357546731235346 -1.2361255350443934 1.9318937784550527 -0.55674188159167504 1.0302372146284895 -0.28824851880246866 -0.84386197990450229 0.25723497272584261 -0.9760979153689755 -0.4216593293744319 0.29084597811907847 1.3934817606099033 0.6182412543956578 -0.43684823523636312 -0.22506866539794013 -0.13233110582493457 -0.87302778133893033 0.3077868216828748 0.48043484681688148 1.0000000180025095e-35 -0.67269917589804507 -0.72607153415307524 1.0000000180025095e-35 1.157905637148378 1.0000000180025095e-35 2.2571915649378149 -0.57152998267207822 1.0000000180025095e-35 -0.47982898803521146 -0.32023226155091161
decision_type=2 2 2 2 2 2 2 2 2 2 2 2 2 2 2 2 2 2 2 2 2 2 2 2 2 2 2 2 2 2 2 2 2 2 2 2 2 2 2 2 2 2 2 2 2 2 2 2 2 2 2 2 2 2 2 2 2 2 2 2 2 2 2 2 2 2 2 2 2 2 2 2 2 2 2 2 2 2 2 2 2 2 2 2 2 2 2 2 2 2 2 2 2 2 2 2 2 2 2 2 2 2 2 2 2 2 2 2 2 2 2 2 2 2 2 2 2 2 2 2 2 2 2 2 2 2
left_child=1 2 4 21 -1 46 7 13 60 10 11 -10 -11 15 38 56 18 -18 20 64 -5 22 28 29 25 -25 27 -27 35 67 32 37 -31 62 75 55 -37 93 39 40 -15 -41 43 44 -42 -46 66 48 -26 -49 52 -52 -7 54 -47 -2 65 58 -54 -60 92 112 -30 -64 -13 77 -4 68 -24 72 71 -71 -70 74 -43 -34 108 78 -3 107 -81 82 83 -6 -84 -86 -83 88 89 -12 91 -88 -9 -32 -87 96 -22 101 102 -100 -98 -97 103 104 -99 -91 -107 -79 109 -77 -111 -21 -38 115 -115 116 117 -23 122 -120 -119 -117 -118 124 -124 -126
right_child=3 6 5 16 81 50 -8 8 9 12 87 19 -14 14 -16 -17 17 -19 -20 111 95 113 23 24 47 26 -28 -29 33 30 31 -33 34 -35 -36 36 61 -39 -40 41 42 73 -44 -45 45 53 -48 49 -50 -51 51 -53 57 -55 -56 -57 -58 -59 59 -61 -62 -63 63 -65 -66 -67 -68 -69 69 70 -72 -73 -74 -75 -76 76 -78 79 -80 80 -82 86 84 -85 85 94 90 -89 -90 105 -92 -93 -94 -95 -96 97 100 98 99 -101 -102 -103 -104 -105 -106 106 -108 -109 -110 110 -112 -113 -114 114 -116 121 118 120 119 -121 -122 -123 123 -125 125 -127
leaf_value=-0.015759049172958998 0.0061607098625184251 -0.022285817121083275 0.015385285484076033 -0.015218994297318208 0.021391441989123718 -0.015942709743340003 -0.011678150156910106 0.009222733799692056 -0.018767222801974449 -0.020113021452788007 -0.02560130959441579 0.0096254629871107261 0.0083229752404285536 0.021747950265590801 -0.018385449846906311 0.004817731729670531 -0.024305232400556053 0.0075694799053152538 0.016289551678082135 0.0032765084894419744 0.0046445899375982232 0.024123106220084498 0.026030483111137068 -0.0081007007143129323 0.010070494375827226 0.013697893684120169 0.020225758356703389 -0.020181985698732995 -0.0041471703445841194 -0.020966488624005152 -0.00059168708682020839 0.012157590248386934 0.017465753270758978 -0.011674450138733561 -0.01976213282185647 0.017644990106013721 0 -0.028324801933011543 -0.0062498209105714062 -0.0069609658112066838 0.023191057074141222 0.016590855549388477 -0.01648710585684033 -0.015390102799091528 0.02574335723532727 0.0098300717601044873 -0.010718373329219898 0.01029166919590194 -0.017234774096455553 -0.019831511887411616 0.012513522782545012 -0.025133753891990216 -0.0076348312030450078 0.0064874636500684042 -0.022780363260044109 -0.016019482354201028 -0.019511675518448519 0.015728209373601979 -0.01283745327059458 0.013044760719247648 0.020479018278075731 0.0053289355457939959 0.02459480813723007 -0.0022183291054502911 -0.021963009279873182 -0.027316249177043631 -0.01077722764755012 0.025707907527624665 -0.017603464507941882 -0.027124651247064979 0.023407261244542076 0.015595670449503305 0.01648399251321676 0.021907288572071533 -0.017905077892572847 -0.0071293096021656458 -0.024165549624365634 0.0030009194204249183 0.0031008352319787844 -0.0026577750617128942 -0.031606239174643655 -0.014253895294667999 -0.026346736741033494 -0.012807848834163568 0.0041489489424726949 -0.027087688888006424 0.0066295163021721339 -0.0032958059659223432 -0.030768913617929432 0.011746628549819419 -0.0233564689774035 -0.016738978404247488 -0.018076237405033387 -0.012593192793078422 0.010389889610202166 0.0027491301181048798 -0.030900789407813472 0.014210082294657807 0.011463381790889553 -0.024095002675243841 -0.0031637906890897359 -0.025868816570133173 0.0075339173741976505 -0.02292380645300815 -0.014267698786793305 -0.028013057250988672 0.0042062258071486188 0.024363074015178877 -0.018485414514672591 -0.006227681261202371 0.016565011347421117 0.022919365351603459 -0.025859947405221802 0.006716994018217644 -0.014640872404388196 0.01331139062872346 0.011937417414394257 0.0083888126174938796 0.0023013916290623589 -0.023210963889033476 -0.02690668489973902 -0.0079272769994450445 0.015290677229562261 -0.0074146088422243307 0.0074380769681089646 -0.026736571106872567
leaf_weight=152.4726123707369 94.377837752923369 16.697771117091182 38.918877014890313 12.499512132257221 14.795352546498181 56.943161020055413 46.4700738042593 13.554314698092641 24.377976484596729 9.2232816703617555 15.745968528091906 5.9116790480911758 49.173627367243171 23.761122254654765 9.1099550221115333 126.5804911069572 14.011605620384218 13.123718548566101 58.249180994927883 26.738117860630155 55.023247249424458 28.925447657704353 5.6824874822050324 17.828135784715414 33.785226011648774 14.566912721842529 44.594043096527457 9.3105110451579076 8.7638126909732801 11.891404109075664 35.835551302880049 14.201186051592229 18.600011959671974 7.5521761439740649 9.0785234589129669 7.3575200214982024 7.4366409946233025 16.631627943366766 24.083825316280127 9.0438522417098266 17.832979043945663 8.5559167228639108 13.386210963129995 11.693485328927634 6.494850005954496 8.1116226725280232 11.862780292518435 6.5010091401636627 10.980758590623735 23.908632025122643 30.312885645776987 6.0197849795222274 162.91257414780557 30.031918099150062 16.781103372573874 9.4458238147199136 17.147890444844961 10.32598610781133 10.397848764434455 28.10959024913609 18.409799436107278 8.7631068341433984 35.715025182813406 8.03255747258663 10.760380323976277 5.7141845673322669 6.4392412044107905 7.0937421061098567 19.829030397348106 5.6890629492700153 10.206452742218969 4.6146611403673887 3.5178724918514481 54.852732937783003 5.6496236920356742 17.817456845194094 6.696584064513444 62.113763162866235 10.771751299500464 61.003693576902151 4.4962418563663951 89.791815147735178 9.652697164565323 6.7291069626808158 42.426165828481317 10.752417488023637 31.757357817143202 17.96798593364656 25.306375741958618 8.6921162940561789 6.8905784618109456 8.6996743995696288 7.5139038357883683 127.53316461294889 2.926075078547 12.408321078866722 9.6038017421960848 26.768455831333991 5.8656128123402587 9.6271243542432767 15.836204268038271 8.0090201012790185 573.65328085049987 13.947449989616869 9.5649405587464589 7.5200493205338699 6.2117129229009151 8.9927448779344541 5.8998483642935744 9.0668645687401206 35.743815839290633 15.022271923720835 22.799063786864284 24.222508028149605 25.110763486474752 94.884686971083283 52.472364291548729 10.942650049924852 23.582610234618187 23.694984044879675 6.8925082273781291 14.006302785128353 28.067547343671322 57.41651951149106 16.113133013248447 7.1703965887427321
leaf_count=2907 595 211 287 87 112 870 563 103 233 56 177 42 293 111 68 611 79 48 215 157 272 106 28 109 200 72 199 67 56 100 276 102 108 42 84 27 65 217 150 68 78 38 123 108 39 42 133 47 84 207 186 50 1983 167 145 87 144 65 90 190 84 54 158 41 85 39 54 29 235 66 59 28 28 236 41 176 45 501 92 483 31 1306 144 99 492 176 273 126 166 56 81 81 75 1164 29 84 72 146 28 62 93 77 2548 94 61 73 41 33 48 70 183 78 211 117 144 452 213 56 143 143 56 68 102 252 67 39
internal_value=-2.48146e-05 -0.00339375 -0.00695211 0.00268511 -0.0105515 -0.0031801 -0.000332828 0.000323877 -0.00384707 -0.0062289 -0.00971274 -0.00243329 0.00351824 0.00231009 0.00611088 -0.000592698 0.00504302 -0.00906161 0.00552919 0.00453186 0.00467211 0.000962296 -0.00066053 -0.00232868 0.00307026 0.00884082 0.0133482 8.63164e-05 0.00349874 -0.0047231 -0.00644814 -0.0100309 -0.000326936 0.0120142 0.00220812 1.62643e-05 -0.00869577 -0.0118555 0.00716824 0.00877256 0.0048375 0.0150457 0.000787837 0.0035148 0.00649856 0.00130999 0.0067007 -0.0035439 0.00307693 -0.0131736 -0.00505934 0.00568941 -0.00653964 -0.00193428 -0.0120687 0.00398058 -0.00427834 -0.00393379 -0.00502933 0.00583202 0.00933408 -0.0140571 0.0156316 0.019665 -0.0106816 -0.00261706 0.0114541 0.00458536 0.00105256 -0.00262505 0.00783063 -0.00803931 -0.0118779 0.0180287 0.00239905 0.0045516 0.00113184 -0.00157843 -0.0124662 0.00066382 -0.00513545 -0.00694603 -0.00154226 0.0104727 -0.00561804 -0.00160024 -0.0103275 -0.0169586 -0.0206685 -0.0132808 -0.00267838 0.00124955 -0.00075533 -0.00999848 -0.0187045 0.00503208 -0.00148198 0.005832 0.00632427 -0.0105718 -0.0145209 -0.00902033 0.00676486 -0.0019266 0.00645145 -0.00377772 -0.0139385 0.00604458 0.00395907 0.00637789 0.0118524 0.0107834 -0.0197625 0.00385793 -0.00416951 0.00496205 0.00255421 0.0127661 0.000199835 -0.0106389 -0.00579642 0.010505 0.00344237 -0.000699958 0.00674872 -0.00363043
internal_weight=3589.69 1600.64 739.137 1989.04 376.894 362.243 861.507 815.037 262.13 222.652 164.255 82.8104 58.3969 552.908 239.389 313.519 838.191 27.1353 811.056 58.4324 752.807 1150.85 737.348 527.105 161.475 86.2996 68.4715 23.8774 210.244 365.629 308.996 194.202 114.795 60.0636 102.903 150.18 46.3563 180 230.279 206.195 128.093 78.1021 104.332 90.946 79.2525 61.4195 57.2209 75.1756 44.766 30.4096 305.022 36.3327 268.689 54.9246 24.8927 103.824 186.938 211.746 201.42 38.5074 39.478 38.9988 52.5114 43.7476 16.6721 169.79 45.3581 56.6333 49.5396 43.8571 20.5102 10.3037 23.3469 69.0583 14.2055 93.8246 75.2246 164.076 27.4695 136.606 65.4999 224.421 87.2818 21.5245 65.7574 56.1047 137.139 81.4442 63.4762 38.1698 47.3476 40.457 21.0682 163.369 13.6785 740.307 80.4633 659.844 639.427 15.4927 25.44 20.4173 623.934 50.2808 36.3334 22.4239 13.7318 71.1065 68.528 62.6281 44.8107 41.7604 30.2357 413.502 49.3333 364.169 255.278 46.7606 208.518 47.2776 17.8352 108.891 161.24 108.768 51.3511 23.2835
internal_count=26866 15575 9608 11291 5700 3908 5967 5404 1845 1583 1234 595 349 3559 1414 2145 3966 127 3839 362 3624 7325 5367 4031 985 447 338 139 1336 3046 2573 1759 814 297 714 1039 357 1657 1346 1196 813 383 702 579 471 393 474 538 284 254 3434 236 3198 354 187 682 1534 2328 2263 280 262 330 255 199 127 1390 341 473 444 416 153 94 263 315 79 630 522 1351 303 1048 514 2793 1052 211 841 697 1741 639 513 347 435 354 178 1440 205 3537 437 3100 2939 90 165 161 2849 301 207 170 114 534 477 429 253 235 276 1958 261 1697 1177 218 959 286 112 520 673 460 208 106
is_linear=0
shrinkage=0.03


Tree=50
num_leaves=127
num_cat=0
split_feature=126 15 18 129 86 72 36 18 86 42 82 37 2 13 132 20 82 32 43 18 31 3 39 45 21 13 60 135 10 40 10 36 21 36 13 11 39 41 20 84 2 3 128 42 36 45 45 37 84 81 81 129 83 83 21 36 129 24 19 69 126 8 129 32 42 36 130 13 130 82 40 15 21 41 10 9 27 84 37 84 9 128 18 27 15 13 129 10 10 37 21 130 127 15 4 44 130 84 37 41 18 82 21 44 13 82 41 43 129 3 81 40 131 40 42 6 126 84 127 34 14 42 82 27 3 36
split_gain=34.9068 17.8995 13.277 8.81475 8.81863 8.66653 9.88096 6.99938 7.718 6.94752 6.92789 6.34532 6.11369 10.2208 6.46458 6.28935 6.00445 5.96984 6.93342 6.68596 6.49548 6.06984 5.65059 7.7143 5.5631 5.53884 5.5048 8.28716 6.72069 6.13149 5.98386 5.60404 5.69992 5.40669 10.71 5.29592 5.26744 5.25259 5.67162 5.24796 6.48552 5.22543 5.13692 5.11659 5.11421 5.07217 7.37112 5.73372 6.30882 6.50318 7.28633 5.48196 5.10582 5.04475 5.02571 5.84502 5.36718 5.46515 4.97279 4.97171 4.93465 4.87836 5.49763 5.25971 4.87581 4.78383 4.76222 5.90359 5.02935 5.33243 8.50177 8.06057 4.99846 4.97004 4.75752 4.71034 4.67749 4.60316 4.59214 6.78604 4.54618 4.53512 4.59901 4.51477 4.48663 4.43841 4.37136 7.27652 4.8036 5.38853 4.3064 4.27369 4.82511 4.25927 9.40078 4.23178 4.68407 4.23 4.69985 4.82425 4.25889 4.86751 4.24684 4.22548 5.12196 4.21163 4.18297 4.14999 4.10354 5.04691 4.84613 5.95451 5.33456 4.09076 4.36639 4.08077 4.08046 4.07626 4.07507 4.07287 4.06646 5.04879 5.41083 4.79761 6.47766 4.07963
threshold=-0.4777102378871847 1.0480146983638916 -0.76002580532433661 0.62009613949620745 1.0000000180025095e-35 1.0000000180025095e-35 -0.87342032762971222 -1.3129100694029534 1.0000000180025095e-35 1.3340502042017917 2.6463732807979898 1.0264538397074554 1.1128478745644867 -1.3315205446114242 1.2181301777964488 1.0114207806457172 0.42115130122219518 -0.25466885902801512 1.2938474906226245 0.96328738368624645 1.0000000180025095e-35 -1.2687095557107273 -0.77851565499816278 1.5670732142259662 -0.12406633707113689 -1.0729837937445004 1.0000000180025095e-35 1.0000000180025095e-35 -0.60866118975879757 -1.2646156728052829 0.52572119004777851 1.4281532027586115 1.4434423112011676 1.1037851746126164 -0.9605765107588814 1.9523965146527449 -0.45598034653535213 -0.90092016278213249 1.3197800425793185 0.53603206689488669 -0.45019274416525973 -0.74025749711783217 1.2266748854240015 0.11826355774558717 0.55393323282378026 1.2521368084693523 0.27860778322243707 -0.199919360751624 -0.15556953732420206 0.9993558163963675 -0.15964413956107767 -0.26628753137524824 1.0045140459753512 1.6372045657160814 0.15722734579854297 -0.32753005987838529 0.50389794398700838 -1.6408514802152556 -0.45201046511849202 1.0000000180025095e-35 -1.1090110594682974 0.58048639480616226 -0.63545888169093312 0.62788386000544671 1.6349206236656109 -1.1796945494435103 1.3120925562815506 1.2145044150128477 1.0439598210448995 1.4812950431616285 1.0913618427638265 2.1349572256158704 0.39126396905521904 1.0397203416317906 -0.38178471379748241 1.0000000180025095e-35 0.83331277631038125 0.54261337569072798 -0.78464591212291535 0.04288400768116906 0.62704097211895682 -1.2831105556926294 1.8428607802488142 -0.10767774596196412 1.2105180194773111 -0.20744771475523358 0.48043484681688148 0.52572119004777851 -0.38178471379748241 -0.82673419859694153 1.3418479536706771 -0.73996078307644375 0.21929610976749062 0.87485296593381234 -0.23615666606778349 1.0000000180025095e-35 0.37153319595923573 0.1789159118707426 -0.98340900126811026 1.1180784123703018 -0.47820535001134318 -0.51484731287174357 -1.0745556989218594 -0.26095397647921498 0.77611601136893349 -0.92949629394741018 0.82206405140753558 1.0000000180025095e-35 1.1210146425727237 -1.1035682874004473 0.90380596222787835 0.65997127264582001 0.27849043056872208 -0.52110054409766293 -0.28351637670490915 -0.67582836460748041 1.1053149275879026 -0.17767819631117057 0.87626695524617515 -0.20650116538715826 2.7657861510780073 -0.44694617984173463 -0.17674400229325979 -1.0486682682343094 -0.34391845317316078 -0.50491984780566534
decision_type=2 2 2 2 2 2 2 2 2 2 2 2 2 2 2 2 2 2 2 2 2 2 2 2 2 2 2 2 2 2 2 2 2 2 2 2 2 2 2 2 2 2 2 2 2 2 2 2 2 2 2 2 2 2 2 2 2 2 2 2 2 2 2 2 2 2 2 2 2 2 2 2 2 2 2 2 2 2 2 2 2 2 2 2 2 2 2 2 2 2 2 2 2 2 2 2 2 2 2 2 2 2 2 2 2 2 2 2 2 2 2 2 2 2 2 2 2 2 2 2 2 2 2 2 2 2
left_child=5 2 24 4 17 6 16 25 10 33 26 12 14 -14 37 -15 60 18 54 39 -21 -22 -3 -24 116 -7 30 29 42 -28 45 32 91 36 -35 53 -8 -5 108 40 43 -36 84 113 -40 46 47 81 -49 50 51 -50 -52 86 97 56 57 -56 -43 75 -1 62 63 -6 66 -18 67 68 69 70 73 -72 93 95 -63 -53 -59 -48 -20 -80 -64 -9 -83 85 -29 -16 88 -88 -10 -90 106 92 -32 94 -69 96 105 100 -99 -100 101 -4 -101 104 -38 -31 -47 -30 110 -110 111 112 -39 -19 -115 -45 -2 -85 -94 -12 121 125 -123 -124 -125 -105
right_child=1 22 3 11 61 7 9 8 35 -11 119 -13 13 15 83 -17 65 19 78 20 21 -23 23 -25 -26 -27 27 28 107 64 31 -33 -34 34 41 -37 103 38 44 -41 -42 58 -44 115 -46 90 77 48 49 -51 52 59 -54 -55 55 -57 -58 76 -60 -61 -62 74 80 -65 -66 -67 -68 72 -70 -71 71 -73 -74 -75 -76 -77 -78 -79 79 -81 -82 82 -84 117 -86 -87 87 -89 89 -91 -92 -93 118 -95 -96 -97 -98 98 99 102 -102 -103 -104 120 -106 -107 -108 -109 109 -111 -112 -113 -114 114 -116 -117 -118 -119 -120 -121 -122 122 123 124 -126 -127
leaf_value=0.014380044123434773 -0.011762708051549133 -0.011421066285365721 -0.01473079692214636 -0.013606860179692929 -0.014700259063431304 0.01267804707553769 -0.014077715004346868 -0.010133499123525583 -0.012966303991168141 0.019941538288860184 -0.026159108262947133 -0.0084065282761140048 0.025848933761736238 -0.018666504230235113 0.01197442997858659 0.0084299644067329302 -0.029463953846537487 -0.0086042333193349571 0.014421931747732757 0.029534140379147172 0.025451814323407117 -0.0044124550586294208 0.0026030994891491736 0.022932890897479401 -0.0049837176503907434 -0.01697931090948937 -0.018710044366434607 -0.01328461856126968 -0.0049781432287167894 0.014837602233316337 -0.0080647410654713057 0.012038059549591754 0.018540083326898871 -0.031090439856066222 -0.0081682552618289623 0.018850578186621558 0.018455599907222162 0.0070787301103810742 -0.02166573775512845 0.0079184735034051896 -0.0112690577224895 0.020847929710772595 0.017468653052452422 0.0040701905175633364 0.010701475907079639 -0.0061810952344928342 0.01621791383637828 -0.028185166284453479 -0.026211249580326251 -0.019816160756646471 0.013123257297495418 0.0074161101149891849 -0.012965012276223322 -0.012937512185484478 0.013334798852245337 -0.0012739947738218348 0.01620019058840514 -0.021022139333225866 0.00015476291878871993 0.013757059083537859 -0.0061250100790740097 0.0084590112194525436 0.019960370461362825 0.016197317568494237 -0.0084817705037300677 -0.0012296070391737948 0.010600090676099313 0.014943148065813892 -0.013456228804263495 0.019229609554096659 -0.022627285644882918 0.010494870486733308 0.022333797471297396 -0.016282058386282869 -0.020989740651324716 -0.022037105081506494 -0.0029650137969484858 -0.0082275267487063198 0.006746076230737732 -0.019875319850480608 -0.0053372521020774782 0.0058383935096366045 -0.013087048642084959 0.0047380316551187858 0.0094693134096417234 -0.0094833377717406485 0.018692624857785816 -0.0074328377248428761 0.018228316540616376 -0.0089283973131196962 0.011937358837800859 -0.012888999508878654 0.026861271148974589 0.018666837950146058 -0.030301840415211681 0.015650115199882405 0.016622398021801231 0.0056205710416999182 -0.01423969060872475 0.024992116475646264 -0.018177380892153292 0.014369304156411905 -0.0084378653665711598 -0.0030106505884697678 0.0021340530429122735 -0.0059514838209697545 -0.030680821877073508 -0.033040576920855304 -0.0052729451737449674 0.015080467983837763 -0.014676487153280994 0.017971916334664176 -0.0080653914050891062 -0.0010406386671718934 0.017872669172363964 -0.025349027065847629 -0.024320105626111164 -0.026323675393852254 -0.004846011228354769 -0.00048660665284858519 0.026349456537369489 0.0084959640096921845 0.012232820574251735 -0.022504692515520851 -0.00016586227537688283 0.0150083279717791
leaf_weight=16.624030113220215 118.86269346810877 22.987597610801458 11.382415690459313 11.416483126580713 13.163400162011387 6.1183717958629122 8.0416143499314767 19.21187511458993 14.979081820696591 39.841386213898659 12.037218973040583 62.950403029099107 6.0833218805491915 34.803726790472865 15.098957696929572 9.0205281637608987 11.465100327506663 14.584314133971928 17.18766719661653 8.9642237313091737 6.7574719078838816 27.913315508514643 353.25742669962347 16.726325783878565 91.0728609720245 28.545704737305641 8.2331233415752632 21.530292559415102 9.6319469176232833 9.9343885444104583 27.886789867654443 13.459387091919778 6.1279723215848199 8.1029004119336587 21.03408744558692 33.79346015676856 70.858433544635773 63.627090781927109 10.802001215517523 25.061352694407105 103.90835899487138 18.731071829795837 10.884906090795992 6.3347654398530748 6.0864141806960097 22.20068673230708 45.3686867877841 8.6026708725839836 10.436560874804849 15.621897187083958 38.570457331836224 7.1505247242748835 7.1912578754127017 11.251239061355589 5.2229898106306782 110.77841698145494 4.7715039867907754 50.08541367109865 22.885098237544298 10.826738212257622 25.242170171812177 7.6782522778958109 31.595811130478978 6.6094908714294425 18.889098051935434 10.097468577325342 164.84905398264527 7.6553292647004128 17.839570410549641 15.233314715325831 21.113808870315555 8.5942430198192579 24.192701179534197 8.1122877299785596 10.587404159829019 11.564871646463869 18.312742350623012 7.3435452096164218 20.038108391687274 13.566357448697088 7.2814137311652294 195.60023069009185 11.258978135883806 4.6582455299794701 10.914853453636168 17.793027885258198 42.418122638016939 11.533821895718573 15.930167667567728 9.8011444844305533 6.2532963622361413 84.463110787793994 7.3351308405399305 8.3575428128242475 6.9198095127940196 32.144037418067455 15.147359382361172 18.937632285058498 60.581502133049071 4.9511236529797316 112.7623428022489 7.8547026207670561 7.0382030811160785 13.178734444081782 23.737931746989489 42.875160951167352 8.4439725615084154 9.9223420210182649 11.888003485277293 82.008730249479413 10.254683367907999 27.247628465294838 29.884502932429314 19.54392151907086 22.999054796993736 9.7896013744175416 30.851558236405253 12.846879638731478 5.7777601014822721 10.190575260668991 8.1435843333601934 54.232128456234932 11.522266171872614 17.710016718134277 31.876474924385555 60.226731058210135
leaf_count=86 1726 168 204 129 174 40 83 99 97 164 61 858 23 331 104 55 68 169 102 43 30 184 1808 68 1113 277 71 102 53 57 264 70 26 47 108 117 274 500 89 191 1077 72 38 55 32 146 209 78 151 91 206 49 45 58 50 1133 33 676 102 64 171 64 201 42 119 57 639 33 97 63 114 28 96 49 108 115 203 50 197 209 79 860 54 35 41 158 166 74 54 92 31 589 41 31 58 175 65 132 1070 33 1716 84 83 71 108 253 53 68 100 470 70 123 214 147 112 105 741 126 53 44 24 247 49 98 141 260
internal_value=-0.000115705 -0.00298939 -0.00453488 -0.0032385 -0.00510596 0.00296183 0.00641247 0.00163781 0.00202584 0.00811744 0.00114968 0.000283631 0.00185887 -0.00775447 0.00346922 -0.0129586 -0.00451997 -0.00615392 -0.00815852 -0.00234508 0.00815834 0.00187445 0.00267715 0.0035896 -0.0109576 -0.0114518 0.00151155 0.0039019 -0.00614666 0.00546127 -0.000467598 -0.00571198 -0.00762721 0.00678683 -0.000626379 0.00863351 0.00854418 0.0054281 0.00639152 -0.00465525 -0.00648525 0.00369313 0.000476707 0.000320603 -0.00988707 0.00132173 0.00234377 0.000682786 -0.00489754 -0.00263576 0.00065229 -0.00855356 0.00876986 0.0051997 -0.0094448 -0.00576907 -0.0119873 -0.014047 0.00980962 -0.00156332 0.00209258 0.0044749 0.00869189 -0.00394516 0.00600914 -0.0170156 0.00675192 0.00379478 0.00115604 0.0029538 0.00100907 -0.012918 0.0130841 0.00494324 -0.00865827 -0.0108265 -0.0163432 0.0126667 0.00221491 -0.00417826 0.0151321 0.00341998 0.00473588 -0.00622869 -0.00548602 0.000340942 0.00749949 0.0130193 0 0.00782496 -0.0091448 -0.00906552 -0.00099804 0.00267537 -0.00691146 0.00683706 0.00245843 -0.0125029 -0.00736078 -0.0108194 -0.015963 -0.00257778 0.00599769 0.00922454 0.0144564 -0.00178188 -0.0137829 -0.0202784 0.00766551 0.0124436 0.00415007 0.00588084 0.00217309 0.00460123 0.00929078 -0.0140532 -0.0145145 -0.0180864 0.0133245 -0.0150461 0.00663535 0.00563458 0.0016582 -0.00440089 -0.00849073 0.011736
internal_weight=3550.29 1836.47 1443.5 1202.71 786.243 1713.82 473.551 1240.27 1205.61 410.122 1065.9 416.471 353.52 49.9076 303.613 43.8243 63.4288 709.328 463.471 245.856 43.635 34.6708 392.971 369.984 240.787 34.6641 1043.67 472.975 62.8843 410.091 570.696 145.05 131.591 370.281 70.7532 139.707 299.528 253.216 241.799 202.221 177.16 62.6503 43.3301 73.2517 16.8884 425.646 388.748 336.036 109.965 101.362 85.7404 39.9787 45.7617 105.914 412.679 189.171 78.3926 73.6211 41.6162 29.5421 41.8662 76.9158 58.6501 19.7729 401.858 21.5626 382.969 218.12 170.994 153.155 137.921 29.7081 47.1254 108.213 18.2657 18.7154 68.3982 52.7122 50.7921 33.6045 38.8772 226.071 206.859 50.3971 32.4451 32.892 94.6623 53.9519 40.7104 25.7313 36.898 125.463 40.9997 22.9327 14.5751 100.101 67.9569 223.508 91.5085 72.5708 131.999 19.2371 11.9893 291.486 94.5964 52.8095 30.6447 19.5543 224.911 93.8967 131.014 120.759 93.5116 57.1273 42.543 16.1244 149.714 17.5051 13.1129 22.2278 196.89 188.746 115.341 61.1088 49.5865 73.4055
internal_count=26651 17747 15703 12123 8706 8904 2230 6674 6357 1848 5699 3417 2559 409 2150 386 382 8038 5925 2113 257 214 2044 1876 3580 317 5594 2250 302 1948 3344 1043 973 1684 329 658 1355 1727 1598 1856 1665 282 181 588 121 2301 2071 1812 799 721 630 379 251 541 5417 2095 962 929 174 228 257 668 496 216 1877 125 1758 1119 901 804 741 142 218 599 172 164 879 259 508 406 280 1013 914 423 143 262 483 240 243 146 230 947 358 122 91 550 375 3322 1318 1186 2004 288 116 1272 382 310 199 121 1477 570 907 837 714 428 259 160 2467 161 94 105 890 866 535 288 239 331
is_linear=0
shrinkage=0.03


Tree=51
num_leaves=127
num_cat=0
split_feature=126 15 12 43 10 0 26 103 15 83 35 129 42 8 84 84 24 8 43 33 133 126 37 84 44 8 4 18 32 39 39 74 20 37 46 10 42 32 84 20 23 49 13 126 13 18 9 103 86 39 37 14 37 81 81 14 12 20 10 21 14 18 83 128 42 7 83 81 126 81 13 32 81 47 93 13 14 17 22 84 24 21 128 4 42 82 21 81 17 34 84 52 45 37 52 13 129 128 129 36 10 0 84 7 8 84 23 82 18 81 52 13 17 130 83 17 59 34 10 128 81 7 24 129 42 107
split_gain=33.1637 23.0081 12.1602 9.42698 9.39343 8.71083 8.10085 7.26131 6.78668 6.07245 6.63625 5.99823 6.97181 7.56044 6.26675 5.89059 5.86375 5.65928 9.34553 6.52842 5.64711 5.6248 5.69265 6.2948 6.26347 6.29018 5.47429 5.71199 5.50915 6.34431 8.24254 6.29853 5.96415 5.50924 6.05756 5.47267 5.32068 5.32007 5.30762 5.49142 5.44674 5.22978 5.27883 7.24965 5.19589 7.77092 5.05054 6.50595 5.04854 5.01348 4.98728 4.94769 4.89082 4.88201 6.51879 4.86723 5.28937 5.22481 4.85502 5.27137 5.79045 4.89174 4.83742 4.72483 4.71137 4.70287 6.60725 7.73323 5.23166 5.10674 6.85325 6.04445 5.21463 6.58694 5.9609 5.11296 4.97126 6.62709 4.68419 4.68276 4.68255 6.1572 4.60636 4.58022 5.66766 5.07654 4.55254 4.50024 5.06733 5.47068 4.46944 4.43453 4.42795 4.39066 5.03921 4.73191 4.36676 4.31616 7.83555 4.29134 4.56385 4.28876 4.26012 4.23934 4.2383 4.34273 4.23507 4.2307 7.70344 5.2111 5.06159 5.96077 5.48796 5.48094 4.8318 4.49365 5.15055 8.09059 4.99892 4.22042 5.70242 5.25073 4.60674 4.60419 5.30992 5.8226
threshold=-0.4777102378871847 -0.16137612516894775 -0.23816965097966997 1.1539745890899964 2.3407329977383005 0.60936290016033456 4.2702795901056101 1.0000000180025095e-35 0.12317378884882271 -1.1414553716675018 -1.3191438445678454 -0.5996124832365729 -0.6329647321736156 -0.59019065452198372 0.26084276905250342 -0.18613965927822188 1.4051965994528104 -0.73652528568800202 1.1172649429894139 0.45331009835172259 2.7579117856220345 1.4595195784723189 0.55466348960413014 0.15294767796110748 -0.66596383862298625 0.58048639480616226 2.1335958080745496 1.7373066470302512 -0.25466885902801512 -0.55889824953676837 -0.38564950141652776 1.0000000180025095e-35 0.71656604039866667 -1.2869302979557984 -1.8193753588879882 0.52572119004777851 -0.3797944211200221 -0.25466885902801512 -0.0080149623411058489 -0.30048206120857507 -0.72607153415307524 0.28926829009791732 0.55692180954697623 -0.16622682921927603 1.4224578885362436 0.3555680193313554 0.62704097211895682 1.0000000180025095e-35 1.0000000180025095e-35 1.4437292063329161 -0.78464591212291535 0.75361589470818313 -0.39232295606145767 -0.78226879114699444 -0.37456005992871705 0.26460093271141044 0.64885998981834325 0.17282214290030526 1.2063506179317243 0.22352054234101273 0.68730076857406852 0.46449126639377469 -0.65176326307466448 -1.0775762805658353 1.2509883104825839 0.34264852464266587 0.095668008568220261 -0.64141380583433516 -1.1846421479943514 -0.28997519116054965 1.9282906619715288 1.0000000180025095e-35 -0.19538142105619152 0.40579764955762604 1.0000000180025095e-35 0.45575525485991897 0.75361589470818313 0.20694584682999664 -0.055017298612551745 0.072313178754879873 0.79598698351919694 1.4730449484013886 -0.73600493125440092 -0.23615666606778349 -1.2743879317592544 0.5452116255899474 -0.54172451517119369 -0.32088368637077425 2.3166780835166692 1.2855402651315522 0.22327627554473176 2.4364550631779904 -0.26501366580762781 -0.18078832144524856 -0.6441564222436631 0.3883108850685475 -0.48043484681688148 -0.48185958206434543 0.52280593438051703 -0.13269931808418609 -1.0624141416814281 -0.97829221439720593 1.3813222710082511 0.80123323705292482 -0.29752139218994728 0.24730129687239263 -0.26234052526050677 -0.2825939095616759 0.27032403131394273 1.2239954996073743 -1.1363553425274506 -0.69079903159339551 0.34854469007849337 -0.12702610862141217 0.66676072501011296 -0.34467406363721653 1.0000000180025095e-35 0.78819312162531541 -0.60866118975879757 0.73600493125440092 0.75858758110066749 1.4126795202666032 0.79598698351919694 0.20312959124137528 0.26895084699273758 1.0000000180025095e-35
decision_type=2 2 2 2 2 2 2 2 2 2 2 2 2 2 2 2 2 2 2 2 2 2 2 2 2 2 2 2 2 2 2 2 2 2 2 2 2 2 2 2 2 2 2 2 2 2 2 2 2 2 2 2 2 2 2 2 2 2 2 2 2 2 2 2 2 2 2 2 2 2 2 2 2 2 2 2 2 2 2 2 2 2 2 2 2 2 2 2 2 2 2 2 2 2 2 2 2 2 2 2 2 2 2 2 2 2 2 2 2 2 2 2 2 2 2 2 2 2 2 2 2 2 2 2 2 2
left_child=5 2 21 83 6 7 11 9 91 51 -11 12 49 15 46 -14 20 18 19 62 37 22 23 24 25 36 27 28 31 35 -31 33 -33 -13 -35 -30 -2 80 -32 40 -40 42 58 -44 96 -46 -15 -48 52 -3 -5 -1 -16 -25 -55 -10 104 -58 59 -36 64 -62 -12 -52 90 69 67 -67 -69 93 71 75 -73 76 -75 -71 77 -74 79 -70 -9 99 -19 85 -85 -4 -87 88 89 -86 -61 102 -28 94 -39 -96 -45 98 -43 -82 -101 -29 -7 -17 -57 -106 -78 115 109 110 112 -112 -109 -113 -115 116 117 118 -84 123 121 122 -121 124 125 -110
right_child=1 4 3 50 -6 8 -8 16 55 10 17 26 13 14 48 103 -18 82 -20 -21 -22 -23 -24 53 -26 -27 92 101 29 30 38 32 -34 34 41 -37 -38 65 39 -41 -42 97 43 44 45 -47 47 -49 -50 -51 63 -53 -54 54 -56 56 57 -59 -60 60 61 -63 -64 -65 -66 66 -68 68 78 70 -72 72 73 74 -76 -77 106 -79 -80 -81 81 -83 107 84 87 86 -88 -89 -90 -91 -92 -93 -94 -95 95 -97 -98 -99 -100 100 -102 -103 -104 -105 105 -107 -108 108 119 -111 111 113 -114 114 -116 -117 -118 -119 -120 120 -122 -123 -124 -125 -126 -127
leaf_value=-0.012038128666174847 -0.0065543451709002892 0.001897517430577692 -0.0046441288903249873 0.018190341689189867 -0.022615748550119316 -0.011766707957826989 0.018552745077122557 0.001314615209147835 0.012365979176955592 -0.012060706321676799 0.0065070729804036585 0.0099856951370215531 0.017785643229609772 -0.02024650957685593 0.0011284590636485585 -0.0074411847243878743 -0.0080543229591024997 0.015957989360627013 0.016145961350095266 0.0043578356426875811 0.023787226417005113 -0.021685685544346731 -0.015291491730591703 -0.0095206918234577841 -0.012458662341609738 -0.025291472043543321 0.00596745675469686 -0.0040683300048468922 -0.02149686043871878 0.027173649606335001 0.0085497650929608066 -0.020617327571193358 0.009746362054447134 -0.025216968712455726 -0.0048589465301783251 0.006014759517291717 0.023255715353038303 -0.020755330285669515 -0.012340584415993276 -0.0041643072071280395 0.016961204625448537 -0.023688171562649064 0.010397564502744785 0.0096526150933264748 -0.019231795965921578 0.016059071963707698 0.0084950976093745474 -0.024803048634976822 0.021590785422324874 0.029326678621368694 0.016853561486268039 0.01195668321555483 -0.019088907162140744 0.017417241035428164 -0.0088801573397821743 0.0044987416195543016 0.015606034707414645 -0.0056768934592624628 0.01902106379378958 0.020241247715364372 0.0039931028570241636 -0.019358484855930554 -0.019044621389451 -0.0052743226175782469 -0.010480880361254072 0.022923439621144726 0.013547588132392015 -0.014649600578602723 -0.019918615657925246 0.004236137673580098 -0.0152871168938213 0.029949472947772549 0.012242639080771301 0.0057165327313256032 -0.026208657639244477 -0.019282096266060571 0.024893646660208733 -0.011347480285346741 0.020567922796571839 0.0084766973346168239 -0.00082477442174514924 0.017696337464498696 0.012442414694810508 0.014558874236753316 -0.008861118821857087 -0.017015858500454374 0.012932962580257593 -0.0165053199909014 0.016603054836152813 0.018124010063638726 -0.0023466790525200547 0.019119629698633844 -0.016183525937307985 -0.022576722063391435 0.016597425592571342 -0.010657472129368623 -0.023819864384783087 0.013088992978079205 0.010233924646304855 0 -0.02624305755860085 0.014361237181634904 0.01862359346475144 0.015894392870731883 -0.001721287720382689 -0.026371169100184149 0.0050529855470543231 -0.006197359013073893 0.0029411432970492478 0.012376535482618188 0.0070282643637386471 0.0015508604609260537 0.020951569094007957 -0.028486429746470896 -0.004737865359061573 0.020971832049827437 -0.0077966078760797362 0.023257985804000698 -0.0059095878924007549 -0.0020771806025782951 -0.0078961065693374018 0.028421071771636539 0.018128787668574148 0.017039692392542626 -0.013577488708448967 0.026533352365121124
leaf_weight=26.915057385340333 8.3943162206560409 45.666587503626943 78.621431891806424 23.006515443325043 15.153257254511116 82.22000605519861 20.75558172725141 367.93024677783251 29.999672241508961 15.137682911008595 7.8385668992996207 42.991498738527298 14.947036925703285 59.709010173566639 30.273346047848463 38.3839669264853 47.375908656045794 68.334641631692648 25.133737109601498 35.192032974213362 10.305099122226236 38.521711582317948 100.52459666226059 19.909008036367595 123.24151402432472 4.3343170247972003 10.65464007668197 13.810421887785195 14.208217400126161 14.251815415918825 127.46804939210415 24.374943898990754 6.7486724294722071 8.2604384794831258 128.4483136087656 10.523641683161257 11.975272387266159 7.5499416217207935 6.4842211604118374 86.182331319898367 24.030347023159266 8.9454736020416039 12.590906638652084 3.2323955036699763 10.255616920068862 10.183995937928556 14.329678300768139 7.0374307446181765 5.8899380676448336 5.9942076914012423 11.04710402432829 9.687773793935774 15.420336713083087 23.993728319182992 11.914721941575406 12.590536223724483 21.692978590726852 18.130593150854111 10.402003329247234 32.446085518226027 20.406558644026518 11.936041004955767 28.828909829258919 29.995434353128076 6.808099001646041 10.824558354914187 100.3290477283299 22.058421220630404 8.3448912128806132 20.470638796687126 13.58067176863551 9.3841108903288823 27.887122891843319 11.531836122274399 8.1178379133343697 12.556811049580572 27.689798183739185 16.000373113900423 9.5054659396410042 10.811985313892363 20.037785395979881 6.3718884773552409 27.341297458857298 8.6860119234770519 128.87047644145787 4.3553111348301163 31.367492489516735 52.120714256539941 7.3425965756177893 6.149491097778081 9.7631655931472761 3.8958980832248917 26.605839669704437 11.158791309222577 13.811260007321836 8.3561453521251661 33.460854656994343 39.527164286002517 14.914854580536483 7.9988587573170689 20.443092074245214 50.336142394691706 3.4220731277018777 7.498573023825883 11.597282312810423 14.733326014131306 16.183931242674589 12.628032270818951 33.722844418138266 20.885597988963127 16.229622986167669 14.82533868961036 12.231819421052931 21.186850901693106 13.042659372091292 36.674144458025694 14.046507462859152 30.760105181485415 24.179751541465521 31.094757806509733 25.899067517369986 9.2365580238401872 13.817138936370609 76.261136423796415 9.7405322510749084 12.434370279312132
leaf_count=192 98 442 970 109 177 933 93 1944 191 107 45 206 90 633 201 362 244 289 99 167 46 869 2143 329 1742 61 101 68 123 65 688 271 45 78 1021 78 83 41 50 511 122 103 68 27 113 60 114 82 33 20 91 41 229 207 150 74 103 106 65 183 109 78 181 327 68 43 377 111 45 87 71 29 116 48 44 66 90 84 34 46 124 26 122 74 1551 46 236 555 42 47 86 30 247 77 53 48 360 274 102 36 126 210 21 52 83 125 69 63 157 77 81 93 40 137 70 150 82 118 163 155 109 28 59 279 54 37
internal_value=0.000174121 -0.00263967 -0.00678835 -0.00308057 9.00261e-05 0.00316546 0.000430071 0.00393768 -0.00272892 0.00626335 0.00694942 5.71352e-05 -0.00404776 -0.00666372 -0.0106589 0.00203211 0.00207935 0.00743585 0.000735828 -0.00476051 0.0026931 -0.0108856 -0.00944197 -0.00648092 -0.0097057 0.00386178 0.00129106 0.00183356 0.00105648 0.00430878 0.00571262 -0.00105527 -0.0138416 -3.2527e-05 -0.00125621 -0.00989501 0.0110987 0.002384 0.00434199 -0.000262274 0.0104455 -0.000617963 -0.00233626 -0.00946709 -0.014 -0.00157937 -0.0158179 -0.00295638 -0.00234667 0.00563356 0.0073213 -0.00545849 -0.00589278 0.00203404 0.00860608 0.002282 -0.001629 0.0059413 -3.23254e-05 -0.00107695 0.00484402 -0.00485696 -0.0134749 0.000869517 0.011274 0.00502606 0.0088356 0.00101251 -0.0039584 0.00196437 0.00434962 0.00623904 0.00943536 0.00735571 -0.00795788 -0.00492106 0.0108692 0.00351419 0.00438485 -0.00411823 8.2287e-05 -0.00800567 0.00866521 -0.00520466 -0.00789768 -0.00036664 0.00883599 -0.00898533 -0.00611532 -0.00748581 0.0150137 -0.00880584 -0.00978062 -0.00737524 -0.0010203 0.00617747 -0.0206137 0.00710916 -0.00280441 -0.0117338 -0.0190284 0.0103459 -0.0103168 -0.00330579 -0.00940478 -0.0160842 0.0179175 0.00753384 0.00563313 -0.000743388 -0.00391851 -0.00829635 0.00733839 -0.0134655 -0.0199139 0.0120543 0.00844772 0.0113172 0.00382384 0.00897134 0.00342375 0.00893741 0.0043333 0.012258 0.00549678 0.00978819
internal_weight=3543.89 1825.68 724.372 381.563 1101.31 1718.21 1086.16 1519.92 198.282 673.307 636.704 1065.4 245.15 193.489 132.66 60.8296 846.617 621.566 96.9932 71.8595 799.241 342.809 304.287 203.763 147.945 24.7039 820.253 782.992 718.846 283.149 258.417 435.697 31.1236 404.573 361.582 24.7319 20.3696 788.936 244.165 116.697 30.5146 353.322 289.934 69.7238 57.1329 20.4396 81.0761 21.3671 51.5836 51.6608 64.0491 36.6028 45.6937 55.8175 35.9085 108.744 78.7447 39.8236 220.21 209.808 81.3599 32.3426 36.6675 41.0425 49.0174 366.154 161.874 61.5453 50.7208 204.279 163.403 149.822 116.795 107.411 19.6497 33.0274 87.7612 43.8875 28.6623 19.1569 422.782 54.8516 524.573 317.514 203.169 114.344 35.7228 194.483 142.363 135.02 42.2093 89.538 37.2605 40.8761 29.7173 22.1674 36.6933 63.3875 23.8603 48.4797 28.442 64.1466 85.6421 45.8825 38.9211 26.3306 43.8737 456.238 323.236 111.03 90.1443 65.2845 24.8599 49.0548 34.2295 133.002 96.3277 82.2812 51.521 212.206 80.0475 54.1485 44.9119 132.159 55.8977 46.1572
internal_count=26824 17838 9730 4048 8108 8986 7931 7320 1666 3195 2962 7838 2258 1796 1292 504 4125 2855 492 393 3881 5682 4813 2670 1984 242 5580 5232 4954 1637 1436 3317 316 3001 2795 201 181 3835 1371 683 172 2717 2238 628 560 173 829 196 463 462 527 233 430 686 357 682 491 209 1610 1545 524 187 226 418 337 1579 656 279 236 923 704 633 480 451 92 153 359 200 125 91 2256 312 2363 3521 2269 1252 282 2195 1640 1598 269 984 348 219 142 101 387 479 205 286 162 278 954 414 282 208 159 2074 1439 561 484 381 103 300 207 635 485 403 285 878 351 242 214 527 248 194
is_linear=0
shrinkage=0.03


Tree=52
num_leaves=127
num_cat=0
split_feature=126 15 37 81 129 37 7 37 132 129 3 2 126 127 55 7 126 41 41 82 132 6 15 84 41 3 127 33 12 52 27 7 127 3 81 8 2 32 10 18 18 15 32 84 130 2 38 15 8 15 45 41 61 38 38 8 37 52 126 84 40 18 18 132 33 16 129 19 113 32 40 83 81 43 130 16 82 41 19 40 3 84 23 15 24 19 82 30 41 130 129 0 84 132 132 81 81 16 17 45 30 18 7 2 16 68 83 132 84 15 84 16 33 20 132 40 81 83 27 81 15 16 5 127 15 8
split_gain=34.323 14.1872 13.9835 13.9327 11.0956 10.3975 8.40174 8.07722 10.6481 7.16371 7.15532 7.10093 6.19954 5.97196 6.63945 5.85816 5.81778 5.7619 5.60892 6.88177 5.55612 5.74221 7.74091 6.76709 6.1461 5.65162 6.01718 5.50183 8.0342 5.87228 7.82391 7.60077 5.24898 5.19793 6.50414 5.1973 5.26267 5.44913 5.15958 5.72146 5.0666 4.97923 5.87349 5.16655 5.19303 4.93305 4.89832 4.89692 4.88932 4.85284 4.84274 6.00025 6.42545 6.46158 5.59977 4.75246 4.75189 4.69326 5.91089 6.48885 4.61181 4.53268 4.60986 4.51883 4.47188 5.94684 4.79961 4.7704 4.45557 4.44201 5.47101 5.04345 4.99201 5.80362 7.19485 8.37544 7.07736 7.01302 6.84267 6.06044 6.00311 6.1117 5.68778 5.47238 6.26456 5.3672 5.08774 4.92121 4.8431 4.7327 4.59772 4.59451 4.4676 4.46087 4.90485 5.00821 4.55206 4.43719 4.43266 4.33454 4.98653 4.31376 4.30584 4.30154 4.27813 4.22816 4.80395 4.21233 4.56365 4.31166 4.94749 4.62689 7.43841 6.07788 4.4982 4.18172 4.85858 4.18139 4.17468 4.15555 4.61301 4.15209 5.07783 5.49922 4.12269 4.10966
threshold=0.22281964168609616 0.072946027316992665 0.36157664289049712 -0.80526127321570906 -0.23044113292088797 -0.18078832144524856 -0.19236697316930254 -0.52883658654052301 1.3618893138279511 1.4653692554969286 -0.80631400444194401 1.0000000180025095e-35 0.80392702860804455 1.9712183643773158 -0.87105245410644094 -0.19236697316930254 0.52691609204567524 2.4340795747476918 -0.73306398667599026 -0.46745757132153681 -1.4137540478130919 -0.38138924294224491 1.6343524567873573 0.31858196557997764 1.8165637348160082 -0.44300321415932864 -0.87565529936364983 -0.78668746603278572 0.5908657128185304 -1.4241298677949354 1.3979070896737886 0.6865870589503601 -0.1456876932762228 -1.1365965410625034 1.0000000180025095e-35 0.87315565713819876 0.80023975081853749 0.62788386000544671 -0.38178471379748241 -1.3695182445319205 -0.25990050060386921 1.3823927610067832 -0.25466885902801512 0.57556688396922229 -0.7994527337070757 1.1128478745644867 1.2580280587071864 0.87485296593381234 0.28781713247412571 0.71209168259931943 -2.5739422270955754 1.4194297116200152 1.0000000180025095e-35 -1.1897745428017124 0.94010174030012383 -0.73652528568800202 -0.98340900126811026 0.050639551977089907 -1.0044003652711029 0.39412771862146895 0.35486131630449441 0.62704087525843122 -0.22975767645202322 -0.33153588699962361 0.45331009835172259 -1.1507740865193934 -0.66674301125110214 -0.71097397258792316 1.0000000180025095e-35 2.3929892980723708 -0.23027689413192667 1.0000000180025095e-35 0.42614167754329108 -0.18545395298056053 1.2666224945368738 -0.22652123538695726 -0.18783788530974588 0.10673417764380656 0.84280707222866369 0.78422186696363905 0.28361836640590227 0.54261337569072798 -0.72607153415307524 1.9601194658347618 1.0000000180025095e-35 1.9852931345938012 -0.1413949256749977 -1.0000000180025095e-35 -0.65176196288372235 -0.33859959501908204 0.36324350433751823 1.0000000180025095e-35 0.31241800358400823 -0.42009196223625139 -0.12840689379106021 0.26633256465249611 0.046152098361204555 0.16234124466266522 0.032379307744643405 -0.29808488804528005 -1.0000000180025095e-35 2.1065079767852004 0.38086391734352082 -0.76280086791120894 -0.54211976991998423 1.0000000180025095e-35 0.06685859303707721 1.3318967693991246 -0.35450162606002816 0.16881130059842678 -0.056461498268897993 0.22996950206259956 1.0000000180025095e-35 0.030140138383176151 -0.66094118264955293 -1.3422595048928361 -1.1965166010644472 0.38125150469538466 -0.29587585041643322 -0.88911211593650641 -0.93313995285202711 -0.13635022552037812 -0.697045001485739 0.87626695524617515 -0.13435345364854101 0.58048639480616226
decision_type=2 2 2 2 2 2 2 2 2 2 2 2 2 2 2 2 2 2 2 2 2 2 2 2 2 2 2 2 2 2 2 2 2 2 2 2 2 2 2 2 2 2 2 2 2 2 2 2 2 2 2 2 2 2 2 2 2 2 2 2 2 2 2 2 2 2 2 2 2 2 2 2 2 2 2 2 2 2 2 2 2 2 2 2 2 2 2 2 2 2 2 2 2 2 2 2 2 2 2 2 2 2 2 2 2 2 2 2 2 2 2 2 2 2 2 2 2 2 2 2 2 2 2 2 2 2
left_child=1 2 6 17 11 10 7 8 33 119 15 12 16 18 -15 105 -5 68 19 45 25 22 23 107 64 26 -3 28 -12 47 31 32 49 -1 -35 36 37 101 57 63 -14 42 43 -7 -45 46 -8 -29 -38 -31 -25 52 53 -52 -54 -13 -34 -23 -59 -60 -32 62 -28 -40 65 -24 -67 -66 -2 70 71 90 82 79 75 77 78 91 88 118 92 87 -72 84 89 125 104 -82 -77 -81 -41 -75 -78 -88 -95 96 -96 -73 -39 -11 102 124 -101 -46 -84 106 -6 108 -22 110 -110 112 113 -111 -113 -20 -117 -97 -74 120 -4 -71 -123 -124 -9 -76
right_child=3 20 9 4 5 41 13 35 -10 99 27 55 40 14 -16 -17 -18 -19 115 -21 21 38 24 50 -26 -27 61 29 -30 30 60 -33 56 34 -36 -37 48 98 39 69 -42 -43 -44 44 103 -47 -48 -49 -50 -51 51 -53 54 -55 -56 -57 -58 58 59 -61 -62 -63 -64 -65 67 66 -68 -69 -70 121 72 97 73 74 85 76 80 -79 -80 83 81 -83 86 -85 -86 -87 93 -89 -90 -91 -92 -93 -94 94 95 117 -98 -99 -100 100 -102 -103 -104 -105 -106 -107 -108 -109 109 111 -112 114 -114 -115 -116 116 -118 -119 -120 -121 -122 122 123 -125 -126 -127
leaf_value=0.017012184792987342 -0.014812010619568966 0.025501756934696383 -0.011818738392906383 -0.0058089206623060958 0.020609359928630385 -0.01386889786964793 -0.0083710609916662904 -0.010972964076332074 -0.025424221677061161 -0.014231154272243059 -0.027923474153995518 -0.003772576998141838 -0.021484923027746461 0.010611794962510366 -0.026665572393489313 0.015831472967617694 0.012890872373718833 0.023644015539508092 -0.0089706759183008945 -0.026073540964938226 -0.023095180264687036 0.0079669169122310399 0.012612092277835149 0.024383081866183584 -0.01226164454245283 0.015009136891220428 -0.016795166457565909 -0.0015811353428333472 0.01318631165320824 0.0014657893063107321 -0.003746727204065551 -0.016779970229569532 0.019998109012433412 0.0039813921860667179 -0.016297136990366192 -0.019780309851093327 -0.024555171421168163 0.01942464571678534 0.0049770283756431031 -0.0205382299511968 -0.003714596594724731 0.007050673489994155 0.0010820156011685322 0.018597879585173564 0.01047360925349951 0.016096918612030994 0.015959562613527246 0.026287313772919235 0.0018102790955991494 -0.017985343285264258 -0.014223618262852095 0.01419919660722169 -0.012819786132079184 0.0089748636228859664 0.017181643307023823 -0.017156942222054529 -0.0053111994449266961 -0.010364700111120713 0.0005862230023090428 0.025892091348362806 0.023319766921375839 -0.025096005660513458 0.010636961106424427 -0.02056229133688265 -0.00047369001978590054 -0.020024868834524673 0.0050105480712900599 0.02087198666221516 0.018109542384515939 0.022900356970306901 0.021548081291241972 -0.031163293479748309 -0.02595874223415694 0.0063097567424442559 0.01214802467632238 -0.0020417551690264817 -0.024808202540218652 0.017062602789073612 -0.012057170619351716 -0.011484780229013286 0.020714739441774078 -0.019722132356893997 -0.0016846049072379858 -0.013002242318202267 -0.012919258517132369 0.030756550986410114 -0.01317773941723655 -0.006192311030359509 0.02269284954833925 0.011860823320778272 0.0085940213282306929 -0.019299925703195459 -0.0013542246990016365 0.026001037548230629 0.0049047436973595074 -0.0016835800878313328 -0.017014958527308794 -0.0029531156044377577 -0.0049465489018746039 0.024406386836105458 -0.0071148824271585797 0.019226533883281289 -0.0033562038563810996 -0.026802425620212365 0.020077589528171211 -0.017660258881317219 -0.012071615227989291 -0.021293198121760771 0.02665412692089654 0.017372184226423362 -0.0037182133116537121 -0.017284884631964603 -0.017928291704868652 -0.014414996704517877 0.0057761939525283346 0.02106785514091199 0.0055681519591881798 0.024451800747418595 -0.0044542562353364614 -0.012540958094707092 0.0037585060947516024 0.020405100315302512 -0.017240190560850365 0.010942688171444368 0.0068753941635942657 -0.0075558474067949138
leaf_weight=22.377384778112173 147.89041200466454 5.9673522152006617 30.076929338276386 27.751721074804664 9.0399187002331001 98.141703628003597 40.498968794941902 60.750485754571855 10.950453251600264 8.3107646405696851 12.413584304973485 34.564675783738494 20.394131083972752 5.936808459460738 10.792224189266561 58.622641982510686 30.145136303268373 2.8106035627424708 15.606268433853982 9.2960049994289857 10.564079798758028 400.70526872761548 27.19909119233489 7.3538558445870867 12.544464629143475 71.763737319037318 7.3385378886014268 8.7048687785863894 5.452287968248128 35.404548383317888 7.8045917917042997 29.141588725149632 18.004853971302513 124.26163990609348 15.037766164168714 25.079899527132511 19.036113057285551 15.709323063492777 9.1186330094933528 5.431150862947109 47.908690711483359 23.269212286919355 49.730798749253154 8.9867208693176526 3.9508679509162903 13.057324305176733 8.0557259395718557 13.822135850787161 8.7657166663557273 15.86958412453532 12.498809989541767 24.080964956432581 48.527555763721466 52.832038938999176 5.3592661097645751 86.918140773661435 9.5053648464381677 29.803266324102879 42.904611233621836 10.689380947500466 16.262715151533484 6.8282651603221884 15.202452771365643 15.855033396743236 12.089757975190876 12.253351360559462 13.410265985876324 37.190163526684046 2.9030443821102372 17.598143354058266 22.567750543355942 10.39634586311877 14.85135919973254 16.540818177163604 45.705372124910355 10.867013245820997 25.768554538488388 39.481509204953909 12.828741295263169 8.2584561258554441 11.704769227653744 9.3589968867599946 10.839393820613621 21.05647474527359 14.612652160227297 10.989311851561068 15.58028821274638 10.872300595045091 17.857554605230693 50.660958748310804 19.024773292243481 8.8093149177730066 10.602398648858069 7.1780162230134001 15.773997265845535 9.8579167127609271 16.358059901744127 9.8377696704119426 10.398794438689945 16.3955402020365 11.103856502100827 4.7833826616406432 6.510726546868681 5.5944910710677487 27.422569883987308 8.4407121343538165 5.8134342208504686 15.267359679564832 7.69199928082526 11.709596032276751 10.062954964116214 8.3551202826201898 42.062148379161954 8.4059257730841619 39.511985359713435 18.572129921987653 347.75232276506722 10.631940990686415 18.554151635617018 133.62412667926401 36.887711201794446 11.454350814223288 11.486537531018259 11.393588446080683 13.41411032527685 11.03939103335142
leaf_count=110 2981 21 476 336 56 1410 355 618 99 69 129 432 393 27 96 316 267 11 115 76 87 1681 108 26 55 333 63 50 26 289 70 230 76 706 96 270 218 86 51 53 581 144 440 94 38 83 39 45 71 97 105 101 348 281 19 1328 78 153 234 42 65 49 82 121 54 75 58 124 26 62 89 90 115 74 177 66 160 156 72 53 46 57 74 97 84 32 85 63 69 232 110 53 58 21 84 53 112 72 71 100 109 23 62 101 124 86 41 134 35 73 74 58 269 52 230 96 1896 43 131 1735 455 44 65 49 91 53
internal_value=0.000232322 0.00189493 -0.000837254 -0.00503445 -0.00320343 -0.000353838 0.00107515 -0.00257888 0.00189035 -0.00712752 0.00359845 -0.00827735 -0.00322214 0.0036539 -0.013415 0.0108405 0.00393012 -0.0131859 0.00431924 -0.00336595 0.00363557 0.00316617 0.000164612 -0.00233275 0.00677935 0.0102279 0.000289495 9.71113e-05 -0.0151847 0.00196958 -0.000466036 -0.0039619 0.000892671 0.00390373 0.00167033 -0.0074638 -0.00498598 -0.00182074 0.00429288 0.00248544 -0.00929727 -0.00565963 -0.0074864 -0.0111422 0.00311472 0.000373964 -0.00403322 0.0157814 -0.0163639 -0.00472593 0.00216472 0.000842647 -0.00192598 0.00434388 -0.00952269 -0.0134352 0.0112684 0.00662228 0.000108224 0.00607027 0.0146236 -0.00540548 0.00124454 -0.011289 0.00924313 0.00301612 -0.00713306 0.0156704 -0.0140433 0.00307838 0.00226994 -0.00766346 0.00316545 0.00134111 0.00407011 0.000811712 -0.00420771 0.00929764 0.0054277 -0.00379597 -0.0101063 -0.000444573 0.00805893 9.33444e-05 0.00400776 0.0122961 0.00518941 0.00791697 0.0134805 0.00840145 0.00145384 -0.0028706 -0.0182707 0.000578859 0.00437014 0.000933708 -0.00634052 -0.0183739 0.0097826 0.00396424 0.00877567 -0.00576986 0.0165795 -0.0115591 0.0139502 -0.00173122 0.00767454 -0.0067479 -0.00498015 -0.00329176 0.00999966 -0.00553399 -0.0108713 0.0038932 0.00141819 0.00575895 0.00641735 0.0122449 -0.0145785 -0.00949063 -0.00326477 0.0113991 0.00493799 -0.00320983 -0.00765631 0.00819832
internal_weight=3526.71 2681.44 1043.04 845.263 691.659 443.977 800.133 330.565 172.627 242.91 254.303 247.682 126.2 469.568 16.729 81.9167 57.8969 153.604 452.839 70.908 1638.4 1531.3 418.971 304.284 114.687 107.1 35.3366 172.386 17.8659 154.52 131.993 107.926 78.7844 161.677 139.299 157.938 132.858 105.056 1112.33 628.226 68.3028 189.674 166.405 116.674 18.5321 61.612 48.5547 22.527 27.8018 51.2741 150.652 143.299 119.218 65.3308 53.8868 121.483 27.5102 484.103 83.3973 53.594 24.0673 29.3693 22.541 24.9737 102.143 52.8627 25.6636 49.2799 150.793 603.253 551.32 44.69 506.63 370.42 242.426 174.692 109.86 64.8316 41.5533 127.994 68.307 31.9361 136.21 94.5885 73.5321 67.7341 113.642 22.5771 28.7246 58.9194 24.4559 25.3501 36.371 75.3802 59.7999 52.6219 32.1321 20.2341 26.1081 42.3209 34.0101 78.948 22.9063 9.54536 38.262 23.2941 14.8534 153.631 138.364 127.8 17.755 110.045 62.1777 20.1155 47.8671 381.931 366.324 20.4899 33.4055 200.589 66.9646 51.9326 34.3345 22.8801 74.1646 56.7448
internal_count=26758 16522 8248 10236 7218 3881 5242 2459 1011 3006 1654 3337 1577 2783 123 499 603 3018 2660 553 8274 7726 2366 1892 474 548 215 1155 155 1000 905 770 540 912 802 1448 1178 889 5360 3250 974 2227 2083 1643 233 477 394 95 289 386 880 854 753 386 367 1760 154 2110 429 276 135 194 145 172 419 241 133 178 3007 3078 2858 325 2533 1848 1136 874 591 283 207 712 384 166 685 466 369 262 596 109 135 285 163 127 218 398 313 292 196 162 157 340 271 732 162 139 198 183 97 1012 878 791 109 682 394 125 288 2107 1992 96 246 2666 931 220 158 114 709 230
is_linear=0
shrinkage=0.03


Tree=53
num_leaves=127
num_cat=0
split_feature=12 15 82 35 42 15 129 43 16 129 18 15 43 16 84 53 133 43 52 53 41 37 132 34 41 34 81 37 13 84 15 7 42 86 52 15 15 21 127 34 19 38 127 15 7 127 49 37 83 41 19 12 16 82 13 41 38 14 82 16 40 60 43 21 13 39 37 38 49 12 22 37 43 22 33 18 129 52 128 132 37 132 3 82 53 21 83 16 35 19 82 132 10 16 37 17 81 42 14 131 35 9 128 13 10 13 38 0 4 84 22 32 50 40 7 83 81 49 42 13 19 18 131 40 81 12
split_gain=27.6056 16.123 8.64762 8.14222 10.6041 6.94277 6.93597 6.03252 5.91515 5.67793 7.69019 7.30265 5.66801 8.38829 6.15342 5.79394 5.37166 7.91905 5.33934 5.24296 5.22431 5.35563 5.94978 5.0668 8.5886 5.05637 6.00747 5.29267 7.22252 6.63694 6.2972 5.76245 5.22583 4.99856 4.88314 5.27122 4.88779 4.8233 5.0238 4.81746 7.24041 7.02411 6.25539 5.11114 5.10494 4.77228 4.76542 4.89915 7.62626 6.77588 5.51932 4.75483 4.73269 6.14537 5.78727 5.06613 4.59409 4.58506 4.49408 4.4769 5.95029 5.73027 8.02803 5.38615 7.13933 5.15963 6.50423 5.99139 5.67435 6.62368 5.58689 7.05443 8.3819 7.3518 6.10593 6.81784 6.47003 5.31603 5.18429 5.1807 5.02873 4.78478 4.62918 6.2104 4.73817 4.65491 4.96453 5.6745 4.58526 5.02536 4.47369 4.44381 4.42212 5.91198 4.29423 4.5096 4.23938 6.61167 4.63576 5.80926 4.22341 4.79353 4.65555 4.61506 4.72096 4.60676 7.36376 6.05214 4.18802 5.01115 5.48738 4.18397 4.9818 5.21569 4.28005 5.14621 4.00644 3.97756 3.95195 3.99233 5.23474 3.94755 3.94099 4.68778 3.88626 3.88601
threshold=-0.065121123152961494 -0.055525955975566789 -0.87709432973073065 -0.36231904979196822 2.6946444291137932 0.12317378884882271 -0.50389794398700816 -0.5828770316107319 2.8280217238434116 -0.5996124832365729 0.36621042761093342 1.9601194658347618 1.685697366183367 -0.53084839368666181 0.051606271446639755 1.2108371364567028 0.74007581539207756 -0.15167258748273937 -1.1919302235474678 1.2108371364567028 1.1364189883946338 -0.71934547314982122 0.99531377080896344 -1.2011954523996318 1.0582830034624198 -0.703848308893395 -0.22293131774843541 -0.98340900126811026 -1.3202798163128624 0.056908570260825055 -1.0910773983074655 0.1515715611383914 2.4728587994477889 1.0000000180025095e-35 -0.26978595762534746 -0.81730917028646244 -0.53895844286442396 1.4434423112011676 -0.21868445388496552 0.29084597811907847 -0.26921269514007012 -0.40876919240222659 -0.87565529936364983 1.6927469292400101 0.34264852464266587 4.526104985683312 0.82966710900990626 -0.25365708366042533 -0.14324281563379632 -0.26582966484653059 -0.72620712008612498 -0.40704722508671082 0.20742674959595483 -0.50111997262349284 0.15225559079874743 -0.83204341014974703 -0.23325467031252523 0.12854432742481448 -0.24247671051194444 1.0865940957951017 1.0913618427638265 1.0000000180025095e-35 -1.0576477534254332 0.4291116526514917 1.8102630148366288 0.20857631757687872 -0.14048700018115859 1.3439453307446738 1.0421685522620672 0.31873443557421777 -0.36599225886577441 -0.87899767520754557 0.028658623167780003 -0.1586756186969592 0.45331009835172259 -0.56367799806097263 1.6544491594320159 -0.093430280367278434 1.5330047463144156 0.58721008935006258 0.41336709929847087 -1.506115703861862 0.34967487373001416 -0.46071394352142053 1.0000000180025095e-35 0.91622622712673396 0.12220610424509136 -0.057450591887121392 1.4578597631650048 -0.43677731762029026 -0.82457211779978234 -0.33153588699962361 -0.15490823783616722 -0.71119041341982014 -0.39232295606145767 1.7510944685722747 0.41366321147465818 -0.21688525840193537 -0.083504177959165038 -0.14828529798366727 -0.93183254211453914 0.62704097211895682 -0.93830462920968516 0.64122727178619054 -0.15490823783616722 0.72553273402540486 1.2016077496649531 0.60936290016033456 1.8627669538868543 0.51639616871068283 1.4221137625902565 0.62788386000544671 1.0000000180025095e-35 -0.46828447612951002 0.49551009544608554 0.51842644773461799 1.9002092414786353 0.28926829009791732 -0.83977612259723966 -0.21868844305379545 -0.81760600507533598 0.37463089246877473 0.13555560359028554 0.89560462529634288 0.85699860920028537 0.31873443557421777
decision_type=2 2 2 2 2 2 2 2 2 2 2 2 2 2 2 2 2 2 2 2 2 2 2 2 2 2 2 2 2 2 2 2 2 2 2 2 2 2 2 2 2 2 2 2 2 2 2 2 2 2 2 2 2 2 2 2 2 2 2 2 2 2 2 2 2 2 2 2 2 2 2 2 2 2 2 2 2 2 2 2 2 2 2 2 2 2 2 2 2 2 2 2 2 2 2 2 2 2 2 2 2 2 2 2 2 2 2 2 2 2 2 2 2 2 2 2 2 2 2 2 2 2 2 2 2 2
left_child=1 2 6 5 8 33 -1 -4 12 10 11 92 45 -14 -15 -16 -8 -18 -6 23 21 -12 56 24 -7 58 27 29 -29 117 -30 -31 34 111 35 -32 -37 100 -39 40 46 -42 -43 52 -45 59 47 94 50 90 -49 -44 54 55 108 -54 -23 -22 -9 61 63 62 -5 96 -65 70 68 -68 69 -67 81 73 79 77 -74 -76 -77 -72 82 -73 -81 -64 83 -71 91 86 -85 -88 -63 -90 -50 -84 118 -94 95 -11 98 -98 99 -61 101 121 103 104 -102 107 -107 -104 109 110 -41 114 113 -113 -2 -116 -51 -27 -3 -120 -121 -25 -53 -124 125 -21
right_child=3 9 7 4 18 19 16 25 -10 39 20 -13 13 14 15 -17 17 -19 -20 124 57 22 -24 37 -26 26 -28 28 30 31 32 -33 -34 -35 -36 36 -38 38 -40 43 41 42 51 44 -46 -47 -48 48 49 116 -52 122 53 -55 -56 -57 -58 -59 -60 60 -62 88 65 64 -66 66 67 -69 -70 78 71 72 74 -75 75 76 -78 -79 -80 80 -82 -83 84 85 -86 -87 87 -89 89 -91 -92 -93 93 -95 -96 -97 97 -99 -100 -101 102 -103 105 -105 -106 106 -108 -109 -110 -111 -112 112 -114 -115 115 -117 -118 -119 119 120 -122 -123 123 -125 -126 -127
leaf_value=-0.020146526507397677 -0.012443756146836286 0.0040689667205470832 -0.0093925822384230244 -0.013716929744642541 0.0060180720700498532 -0.021104292948107648 -0.010805391741772296 -0.010434052544679599 -0.018598689765587657 0.0021959923558873373 0.021679375185236837 0.011755745763675151 0.0092396551607548272 0.0015375884131442392 -0.024134873201677582 0.004659427052869934 -0.014085027506437454 0.024544014375062113 -0.022613668831440184 0.0018473225763826083 -0.030598166216762885 -0.025819997653616249 0.024091725796225781 0.0086929096453543953 0.015081619433953031 -0.012830246862739944 -0.011616031933142057 0.013770840347343613 -0.017271654107452135 0.027334013529153177 -0.010148695308412323 -0.00040107852571476141 -0.02534221116908052 0.0088626832449248266 -0.004596625456868131 0.025639088254919947 0.0014858773760474345 0.0072042315088442733 -0.020866937043947563 -0.0016155906677600234 -0.032910158854395744 0.015057158273710278 -0.012167628950047736 0.022190763255114817 0.001399584414833374 0.021989663916806516 -0.00984108043701842 -0.014687002652136412 -0.0030669944837113179 -0.00445758903638985 0.0028575320207782726 0.016467398819849495 0.0041481098761945636 0.010832290412735925 -0.013157016946988729 -0.027668019743260754 0.0030455802265104198 -0.00031778952784402095 0.01107047705445958 0.0041049199215418067 0.01655853600691698 0.0068048166499584005 -0.010926060485157584 0.015650735743032822 -0.010613026628690382 0.012200853435394924 -0.0161936372526694 0.0027131718299567603 0.013400230491607943 0.007089785054766244 -0.019563584161690586 0.012821118185641755 -0.019367117491579326 0.02383680830427962 0.020275455767752297 -0.013835323445390508 0.019022113559991401 0.010848222875954274 0.013271342665294132 -0.019936948578349364 0.0090923647660839275 0.012389093118732711 -0.010432065792279257 -0.024152039589081607 -0.010782772030080642 -0.030971092199026332 0.011320445184782041 -0.015504549947813112 0.0084957089505051358 -0.0096380649857655282 0.027249811570627627 0.014284964821992711 0.028015458490744258 -0.0077018162049903062 0.023295972726863498 0.0204211432490095 -0.022662383642296873 0.0041711584427085923 0.013544858970187281 -0.023565327177122342 -0.032563219964613636 -0.0042014737440622344 0.013789531116922122 0.0051375540863330647 0.00091653022843203146 -0.0089230003216046617 0.017225841811076049 -0.012469545715701455 -0.019158211396681567 0.020829502705483238 0.025759286596273447 0.017493017650456116 -0.021294803963266377 -0.0069151673897811638 -0.0098836933764873645 0.013130935861118936 0.018399944938951949 0.016733404959890039 -0.026443337241666556 0.015343247888168716 -0.016104682928593222 0.027718381734574055 -0.014063677389070897 0.0049957183940264552 0.0015745784723012835 -0.024951878198914881
leaf_weight=63.523136449046433 101.09721641149372 6.9209963027387849 161.60793228726834 28.530877191573381 7.4953487440943745 16.372771923430268 62.206054313108325 10.220249742269514 9.3526110760867578 63.217305669561028 17.780291520059109 12.305578608065842 31.387466214597225 25.003801003098488 26.730332929641008 7.5479668229818335 7.6047306535765555 9.7733696382492763 19.548364612273872 6.6866978704929378 4.9471138492226627 6.8220048565417573 6.1559172682464114 22.076683420687914 7.9863263852894297 15.484468510374429 69.590496446937323 18.620661146938801 32.223813856951892 16.448168670758609 10.686730076558886 10.598149638622997 8.0007220571860653 19.027659603394568 135.0952657898888 14.244245385751126 15.737748811021449 9.6866684220731276 11.487804409116505 69.801335103809834 7.4800748471170655 12.166353233158587 64.291105626150966 25.182240348309278 18.676004938781261 13.266746848821638 25.37870280072093 37.591119570657611 5.3179960437119034 34.915586337447166 26.833417626097798 9.4674542620778066 10.612256027758123 80.708513049408793 28.042070336639881 6.4116184003651133 12.679652091115713 19.450166821479797 38.77285975497216 30.215953385457397 57.718421092256904 477.37205383181572 7.7157122362405053 59.701612871140242 10.13669149763882 29.698097685351968 38.78385235182941 23.496916059404612 31.649664402008057 13.263667652383445 7.475563399493697 38.958692638203502 27.686115313321352 22.070443924516439 9.1096698138862831 27.555817548185587 5.6678180918097487 12.241215631365774 14.034688636660574 9.8821285143494624 9.5956578049808723 97.893633861094713 7.8304827213287345 13.053038634359835 17.496840745210648 12.276400234550236 13.388563908636565 12.963896263390785 22.094101417809725 32.851418158039451 16.97406412102282 24.71587385609746 3.7103976216167203 34.896233030594885 14.720159564167259 14.404113397002218 14.09208168834448 17.375795856118202 30.596758171916008 7.7240178100764743 7.839761558920145 10.009228132665156 68.888984309509397 13.839151825755833 6.2463610861450451 31.670426584780216 12.764532331377266 8.0029119402170164 6.6502813696861258 12.456527974456547 6.259095210582017 17.306477256119251 5.7541673649102441 12.870745759457352 19.606799449771643 14.187256006523965 7.5425586290657511 4.4449081234633914 31.021970570087429 4.9742560964077738 23.556353328749541 20.054902628064156 20.788779139518738 23.769585601985455 20.017401725053787 14.162820424884556
leaf_count=1471 988 60 2395 268 35 115 935 129 77 347 78 50 142 134 188 46 143 85 199 50 55 83 38 125 39 153 725 164 523 78 130 68 138 132 1722 117 137 45 67 480 90 65 493 91 87 59 204 329 44 233 209 56 86 469 214 54 91 114 294 228 212 2330 51 280 73 150 374 129 143 58 43 232 223 87 52 225 26 56 57 89 82 536 41 78 81 75 62 79 106 193 79 105 25 441 65 51 94 90 153 52 54 68 306 65 36 170 55 73 63 65 30 99 34 83 221 81 29 29 366 34 260 74 160 120 105 111
internal_value=0.000122451 -0.00287316 -0.0062107 0.00250812 0.00362209 -0.000884669 -0.0127867 -0.00451044 0.00397948 -4.76492e-05 -0.00467004 -0.00929529 0.00414318 -0.00306762 -0.00967877 -0.0177571 -0.00669787 0.00762994 -0.0146396 0.002044 0.00330895 0.00950185 0.000453782 0.00370408 -0.00899526 -0.00251281 -0.0037802 -0.00179879 -0.00365096 0.0072722 -0.00522329 0.0167322 -0.00301228 -0.00532739 -0.00184124 0.00713038 0.0135149 0.00514141 -0.00814418 0.00127076 -0.00086594 -0.00635122 -0.00456717 0.00437908 0.0136328 0.00463889 0.00220036 0.00363143 -0.000128709 0.00706459 -0.0074017 -0.00671954 0.0024755 0.00737544 -0.00141517 -0.00853845 -0.00767263 -0.00753898 0.00640552 0.00444526 0.00827907 0.00363479 0.00149637 0.00536742 0.0117003 0.00234766 -0.000739195 -0.00908303 0.00200805 -0.000314487 0.0051782 0.00177305 -0.00170818 0.0123345 -0.00867132 -0.0013215 -0.00775029 -0.000925276 -0.00328997 0.0065902 -0.00574363 0.0105711 -0.00543418 -0.0106616 0.00136714 -0.0153224 -0.0097271 -0.00185062 0.00585987 -0.00227116 0.0200675 0.00811504 -0.0118764 -0.00357269 0.00886857 0.00583289 0.000843071 -0.00808104 0.00504091 -0.0019118 0.00658642 0.0138868 0.00394064 -0.00687885 -0.0184414 0.00649131 -0.00113156 0.010893 0.00211434 0.00394222 0.000903228 -0.00696784 0.00201694 0.00709868 -0.00938045 -3.58798e-05 0 -0.00560876 -0.0165301 -0.0190013 -0.0101863 0.0182514 -7.84494e-05 -0.00394414 -0.00776383 -0.0165286
internal_weight=3474.65 1539.76 704.884 1934.89 1457.25 477.644 143.107 561.776 1430.2 834.879 185.221 117.386 1420.85 90.6696 59.2821 34.2783 79.5842 17.3781 27.0437 287.793 67.8351 43.4379 25.6576 246.927 24.3591 400.168 351.175 281.585 234.609 46.9757 215.989 27.0463 183.765 189.85 175.764 40.6687 29.982 222.567 21.1745 649.658 384.858 137.963 130.483 264.8 43.8582 1330.18 246.895 221.516 129.175 64.7502 64.4245 118.317 220.942 97.7324 123.209 17.0239 19.5017 24.3973 48.9931 1316.91 227.561 1089.35 557.035 169.843 69.8383 528.504 252.652 62.2808 190.371 158.722 275.852 170.243 128.456 41.7872 70.0194 42.3333 33.2236 19.7168 129.023 58.4365 19.4778 105.609 114.989 64.9456 50.0432 51.6819 39.4055 26.3525 532.318 54.9455 22.2921 32.5464 105.08 38.6066 92.3416 77.6214 100.005 31.4679 68.5367 37.94 201.393 52.1408 149.252 27.9253 14.0861 121.327 44.435 76.8919 95.1672 88.517 76.0604 170.823 35.9314 30.1772 134.891 33.7941 42.4581 19.9294 66.4736 59.5526 28.5306 42.1316 54.0258 44.5584 40.8669 20.8495
internal_count=26633 15344 9436 11289 8093 3196 2634 6802 7859 5908 1695 1236 7782 510 368 234 1163 228 234 1558 459 290 212 1292 154 4407 3984 3259 2931 328 2767 146 2244 1638 2106 384 254 1138 112 4213 2574 984 894 1639 178 7272 1590 1386 923 385 538 829 1461 609 852 140 174 169 423 7213 1182 6031 3402 970 353 3134 1432 503 929 786 1702 1115 929 186 526 303 251 99 636 403 171 587 579 352 227 294 219 141 2629 299 123 146 1186 466 463 398 617 184 433 280 1026 267 759 155 90 604 225 379 638 575 510 1506 216 182 1290 302 262 182 720 660 294 199 336 280 266 161
is_linear=0
shrinkage=0.03


end of trees

feature_importances:
age__pr=265
tr_plcrate=217
wg__z=213
hr_last_finpct=212
wgBudam__pr=203
rating__z=193
jk_plcrate=186
train_runs_14__z=181
jk_winrate__z=180
train_sec_14=170
jk_starts=159
tr_winrate__z=156
ow_plcrate=151
tr_starts=150
te_jkName=146
hr_rest_days__z=145
te_owName=144
te_rank=143
wg=137
ow_starts=136
style_vs_race=132
ilsu=130
wg_diff__pr=130
te_trName=129
jk_winrate=128
clinic_30d=124
hr_rest_days__pr=124
chulNo=118
hr_plcrate=113
ow_winrate=105
hr_style=104
hr_winrate__z=102
jk_winrate__pr=101
hr_rest_days=98
tr_winrate=95
wg_diff=83
hr_starts=81
hr_prev_rating=81
race_style_mean=79
train_runs_14=78
hr_winrate__pr=78
rating=77
wgBudam=69
hr_style_sd=66
race_style_sd=64
waterRate=63
age=57
hr_dist_chg=43
race_front_ratio=43
hr_winrate=42
wgBudam_chg=42
n_run=39
train_days_14=36
rcDist=34
hr_dist_starts=30
spRating=30
jkhr_starts=30
tool_망사눈가면=29
hr_style_n=29
hr_dist_winrate=27
hr_last_dist=22
jkhr_winrate=21
tool_BlueBond편자=21
race_front_n=20
oh_sex_암=20
tool_n=19
ill_n=12
oh_sex_수=9
oh_born_미국=8
tool_Triabit러깅재갈=8
rating__pr__missing=8
tool_계란형큰고리재갈=7
tool_쿠션편자_Cushion=7
stRating=6
pace_conflict=6
oh_rcDay_금요일=5
oh_rcDay_일요일=4
oh_rcDay_토요일=4
tool_눈가면=4
buga1=3
oh_sex_거=3
oh_weather_맑음=3
oh_weather_비=3
tool_망사가면=3
tool_반가지큰고리재갈=3
tool_혀보정끈=3
is_front=2
race_style_sd__missing=2
oh_weather_흐림=2
oh_budam_핸디캡=2
oh_born_한국_포=2
tool_구각자극판=2
hr_prev_rating__missing=2
hr_rest_days__pr__missing=2
oh_born_한국=1
tool_JR러깅재갈=1
tool_눈가리개_BF=1
tool_양털코굴레=1
ageCond_2세=1
jk_winrate__pr__missing=1

parameters:
[boosting: gbdt]
[objective: lambdarank]
[metric: ndcg]
[tree_learner: serial]
[device_type: cpu]
[data_sample_strategy: bagging]
[data: ]
[valid: ]
[num_iterations: 3000]
[learning_rate: 0.03]
[num_leaves: 127]
[num_threads: 0]
[seed: 42]
[deterministic: 0]
[force_col_wise: 0]
[force_row_wise: 0]
[histogram_pool_size: -1]
[max_depth: -1]
[min_data_in_leaf: 35]
[min_sum_hessian_in_leaf: 0.001]
[bagging_fraction: 0.8]
[pos_bagging_fraction: 1]
[neg_bagging_fraction: 1]
[bagging_freq: 1]
[bagging_seed: 400]
[bagging_by_query: 0]
[feature_fraction: 0.8]
[feature_fraction_bynode: 1]
[feature_fraction_seed: 30056]
[extra_trees: 0]
[extra_seed: 12879]
[early_stopping_round: 0]
[early_stopping_min_delta: 0]
[first_metric_only: 0]
[max_delta_step: 0]
[lambda_l1: 0.1]
[lambda_l2: 1]
[linear_lambda: 0]
[min_gain_to_split: 0]
[drop_rate: 0.1]
[max_drop: 50]
[skip_drop: 0.5]
[xgboost_dart_mode: 0]
[uniform_drop: 0]
[drop_seed: 17869]
[top_rate: 0.2]
[other_rate: 0.1]
[min_data_per_group: 100]
[max_cat_threshold: 32]
[cat_l2: 10]
[cat_smooth: 10]
[max_cat_to_onehot: 4]
[top_k: 20]
[monotone_constraints: ]
[monotone_constraints_method: basic]
[monotone_penalty: 0]
[feature_contri: ]
[forcedsplits_filename: ]
[refit_decay_rate: 0.9]
[cegb_tradeoff: 1]
[cegb_penalty_split: 0]
[cegb_penalty_feature_lazy: ]
[cegb_penalty_feature_coupled: ]
[path_smooth: 0]
[interaction_constraints: ]
[verbosity: -1]
[saved_feature_importance_type: 0]
[use_quantized_grad: 0]
[num_grad_quant_bins: 4]
[quant_train_renew_leaf: 0]
[stochastic_rounding: 1]
[linear_tree: 0]
[max_bin: 255]
[max_bin_by_feature: ]
[min_data_in_bin: 3]
[bin_construct_sample_cnt: 200000]
[data_random_seed: 175]
[is_enable_sparse: 1]
[enable_bundle: 1]
[use_missing: 1]
[zero_as_missing: 0]
[feature_pre_filter: 1]
[pre_partition: 0]
[two_round: 0]
[header: 0]
[label_column: ]
[weight_column: ]
[group_column: ]
[ignore_column: ]
[categorical_feature: ]
[forcedbins_filename: ]
[precise_float_parser: 0]
[parser_config_file: ]
[objective_seed: 16083]
[num_class: 1]
[is_unbalance: 0]
[scale_pos_weight: 1]
[sigmoid: 1]
[boost_from_average: 1]
[reg_sqrt: 0]
[alpha: 0.9]
[fair_c: 1]
[poisson_max_delta_step: 0.7]
[tweedie_variance_power: 1.5]
[lambdarank_truncation_level: 16]
[lambdarank_norm: 1]
[label_gain: ]
[lambdarank_position_bias_regularization: 0]
[eval_at: 1,3,5]
[multi_error_top_k: 1]
[auc_mu_weights: ]
[num_machines: 1]
[local_listen_port: 12400]
[time_out: 120]
[machine_list_filename: ]
[machines: ]
[gpu_platform_id: -1]
[gpu_device_id: -1]
[gpu_device_id_list: ]
[gpu_use_dp: 0]
[num_gpu: 1]

end of parameters

pandas_categorical:[]
