rcDate,race_id,entry_id,model,winner_p,winner_q,winner_delta_ll
20251025,20251025_1_01,20251025_1_01_12,h11b_deep_mlp_3seed,0.213168603110985,0.20264239232672,0.0506406050684731
20251025,20251025_1_02,20251025_1_02_07,h11b_deep_mlp_3seed,0.136763187968108,0.135687769203919,0.00789444353989044
20251025,20251025_1_03,20251025_1_03_04,h11b_deep_mlp_3seed,0.206976137779408,0.230031732835652,-0.10561375806448
20251025,20251025_1_04,20251025_1_04_10,h11b_deep_mlp_3seed,0.147705239589652,0.148228450222064,-0.0035360027977891
20251025,20251025_1_05,20251025_1_05_04,h11b_deep_mlp_3seed,0.183218385712109,0.16129109658631,0.127468020140287
20251025,20251025_1_06,20251025_1_06_02,h11b_deep_mlp_3seed,0.184321720261545,0.173148384038107,0.0625337724035187
20251025,20251025_1_07,20251025_1_07_07,h11b_deep_mlp_3seed,0.492273065941675,0.495384578592258,-0.00630081275992711
20251025,20251025_1_08,20251025_1_08_05,h11b_deep_mlp_3seed,0.0806088587868083,0.0933084634836587,-0.146302262339396
20251025,20251025_1_09,20251025_1_09_04,h11b_deep_mlp_3seed,0.489300244155844,0.50587021226598,-0.0333038416032627
20251025,20251025_1_10,20251025_1_10_03,h11b_deep_mlp_3seed,0.171764429426656,0.172692026127666,-0.00538587056988571
20251025,20251025_1_11,20251025_1_11_11,h11b_deep_mlp_3seed,0.354722295366586,0.331606293523184,0.0673868144295138
20251026,20251026_1_01,20251026_1_01_05,h11b_deep_mlp_3seed,0.0243264653962025,0.0236683403688911,0.0274265629652937
20251026,20251026_1_02,20251026_1_02_02,h11b_deep_mlp_3seed,0.372158914332752,0.379539936670274,-0.019638874146245
20251026,20251026_1_03,20251026_1_03_06,h11b_deep_mlp_3seed,0.108805102345327,0.110383591639282,-0.0144032664626605
20251026,20251026_1_04,20251026_1_04_03,h11b_deep_mlp_3seed,0.364474815329588,0.398219580279453,-0.0885461070780607
20251026,20251026_1_05,20251026_1_05_11,h11b_deep_mlp_3seed,0.0337839403020753,0.0344453344740614,-0.019388008795842
20251026,20251026_1_06,20251026_1_06_11,h11b_deep_mlp_3seed,0.0477266098169239,0.0512901010517528,-0.0720086714564077
20251026,20251026_1_07,20251026_1_07_07,h11b_deep_mlp_3seed,0.534631417534348,0.524827501752232,0.0185079297698992
20251026,20251026_1_08,20251026_1_08_10,h11b_deep_mlp_3seed,0.129558076843968,0.131682435159398,-0.0162639793219199
20251026,20251026_1_09,20251026_1_09_09,h11b_deep_mlp_3seed,0.128807958373431,0.130067912171322,-0.00973411499436905
20251026,20251026_1_10,20251026_1_10_10,h11b_deep_mlp_3seed,0.533209814479867,0.537935298407906,-0.00882329486066757
20251026,20251026_1_11,20251026_1_11_03,h11b_deep_mlp_3seed,0.0464206802075695,0.0493726479227332,-0.0616515310099364
20251026,20251026_3_01,20251026_3_01_05,h11b_deep_mlp_3seed,0.1617999860455,0.160536226587644,0.0078412904513665
20251026,20251026_3_02,20251026_3_02_10,h11b_deep_mlp_3seed,0.224918995504533,0.217375761140239,0.0341128432257816
20251026,20251026_3_03,20251026_3_03_05,h11b_deep_mlp_3seed,0.0624858289923228,0.0642352080260824,-0.0276116770834407
20251026,20251026_3_04,20251026_3_04_03,h11b_deep_mlp_3seed,0.360635987739469,0.350909373857121,0.0273411094110889
20251026,20251026_3_05,20251026_3_05_01,h11b_deep_mlp_3seed,0.289850777436642,0.298721825481184,-0.0301465608001676
20251026,20251026_3_06,20251026_3_06_01,h11b_deep_mlp_3seed,0.469722805952611,0.425632133744533,0.0985673087531775
20251031,20251031_3_01,20251031_3_01_02,h11b_deep_mlp_3seed,0.0660354679527259,0.0688492117830073,-0.0417267858812793
20251031,20251031_3_02,20251031_3_02_07,h11b_deep_mlp_3seed,0.282002912343565,0.265598145531244,0.0599329629529135
20251031,20251031_3_03,20251031_3_03_04,h11b_deep_mlp_3seed,0.120562397213711,0.0963890657627114,0.223774668624231
20251031,20251031_3_04,20251031_3_04_01,h11b_deep_mlp_3seed,0.435249880473037,0.399390655154547,0.085980280532908
20251031,20251031_3_05,20251031_3_05_06,h11b_deep_mlp_3seed,0.02052131218328,0.0279550213739419,-0.309132874250498
20251031,20251031_3_06,20251031_3_06_02,h11b_deep_mlp_3seed,0.0532830203730172,0.0554782928677092,-0.0403741114363259
20251031,20251031_3_07,20251031_3_07_10,h11b_deep_mlp_3seed,0.293777042721402,0.275729469631817,0.0634009190185163
20251031,20251031_3_08,20251031_3_08_11,h11b_deep_mlp_3seed,0.535388073649296,0.50009019788379,0.0682033773280757
20251101,20251101_1_01,20251101_1_01_12,h11b_deep_mlp_3seed,0.0431358064182726,0.0443011054559062,-0.0266562030248627
20251101,20251101_1_02,20251101_1_02_02,h11b_deep_mlp_3seed,0.380398803850228,0.331915142281566,0.136340845504755
20251101,20251101_1_03,20251101_1_03_07,h11b_deep_mlp_3seed,0.186202433122084,0.170979540873665,0.0852905266772168
20251101,20251101_1_04,20251101_1_04_06,h11b_deep_mlp_3seed,0.218486805430165,0.228690525461122,-0.0456440467011563
20251101,20251101_1_05,20251101_1_05_10,h11b_deep_mlp_3seed,0.314472968054806,0.308527383555353,0.0190875173586453
20251101,20251101_1_06,20251101_1_06_01,h11b_deep_mlp_3seed,0.51741252033415,0.529617514359926,-0.0233146069796643
20251101,20251101_1_07,20251101_1_07_10,h11b_deep_mlp_3seed,0.160356517384456,0.154680946587021,0.0360349836881442
20251101,20251101_1_08,20251101_1_08_02,h11b_deep_mlp_3seed,0.364898795684864,0.365204332960581,-0.000836970234930678
20251101,20251101_1_09,20251101_1_09_08,h11b_deep_mlp_3seed,0.191653709866836,0.201136830661487,-0.0482952768643921
20251101,20251101_1_10,20251101_1_10_09,h11b_deep_mlp_3seed,0.350071822071153,0.346497779009561,0.0102619305245879
20251101,20251101_1_11,20251101_1_11_01,h11b_deep_mlp_3seed,0.046764749987602,0.0482010944384147,-0.0302520132611663
20251102,20251102_1_01,20251102_1_01_08,h11b_deep_mlp_3seed,0.0368300529256491,0.0349279315327958,0.0530273279140974
20251102,20251102_1_02,20251102_1_02_02,h11b_deep_mlp_3seed,0.578791444461964,0.576120367147349,0.0046256035315253
20251102,20251102_1_03,20251102_1_03_11,h11b_deep_mlp_3seed,0.057349299318909,0.0536239611627079,0.0671646210672194
20251102,20251102_1_04,20251102_1_04_03,h11b_deep_mlp_3seed,0.101244324848133,0.093211899558129,0.0826612623293244
20251102,20251102_1_05,20251102_1_05_11,h11b_deep_mlp_3seed,0.41859900969982,0.416178390621576,0.00579945231346501
20251102,20251102_1_06,20251102_1_06_07,h11b_deep_mlp_3seed,0.335394811132664,0.321359705186836,0.0427473059272805
20251102,20251102_1_07,20251102_1_07_04,h11b_deep_mlp_3seed,0.229736836381732,0.202461928996052,0.126382600280163
20251102,20251102_1_08,20251102_1_08_11,h11b_deep_mlp_3seed,0.360443914793792,0.366648468417103,-0.0170671688366331
20251102,20251102_1_09,20251102_1_09_06,h11b_deep_mlp_3seed,0.192782451565492,0.174916661750051,0.097252717258492
20251102,20251102_1_10,20251102_1_10_08,h11b_deep_mlp_3seed,0.0269265675682294,0.0310808607464751,-0.143478778509496
20251102,20251102_1_11,20251102_1_11_09,h11b_deep_mlp_3seed,0.246218953595568,0.221778442086049,0.104542320425904
20251102,20251102_3_01,20251102_3_01_02,h11b_deep_mlp_3seed,0.286629498760135,0.305198562293559,-0.06277215201104
20251102,20251102_3_02,20251102_3_02_04,h11b_deep_mlp_3seed,0.479213861658353,0.449705361834624,0.0635543562064912
20251102,20251102_3_03,20251102_3_03_09,h11b_deep_mlp_3seed,0.243097372159334,0.221298138814844,0.0939512347670193
20251102,20251102_3_04,20251102_3_04_02,h11b_deep_mlp_3seed,0.143549551016347,0.115364489236112,0.218583691051722
20251102,20251102_3_05,20251102_3_05_11,h11b_deep_mlp_3seed,0.145832001885443,0.147841903105601,-0.0136881933891353
20251102,20251102_3_06,20251102_3_06_05,h11b_deep_mlp_3seed,0.173908576892825,0.168241088576556,0.0331317392243435
20251107,20251107_3_01,20251107_3_01_07,h11b_deep_mlp_3seed,0.570113112754679,0.562937576079776,0.0126660398787907
20251107,20251107_3_02,20251107_3_02_06,h11b_deep_mlp_3seed,0.484585284145114,0.447646789466073,0.0792889358265715
20251107,20251107_3_03,20251107_3_03_01,h11b_deep_mlp_3seed,0.0429233281661961,0.0441399787794478,-0.0279504618359132
20251107,20251107_3_04,20251107_3_04_02,h11b_deep_mlp_3seed,0.167154144038089,0.200690308230361,-0.182846559912968
20251107,20251107_3_05,20251107_3_05_06,h11b_deep_mlp_3seed,0.273576472586526,0.249066761108418,0.0938602126134853
20251107,20251107_3_06,20251107_3_06_01,h11b_deep_mlp_3seed,0.136802955916421,0.126931317634151,0.0748954783912299
20251107,20251107_3_07,20251107_3_07_08,h11b_deep_mlp_3seed,0.137599787951011,0.141084075997612,-0.0250066118983483
20251107,20251107_3_08,20251107_3_08_04,h11b_deep_mlp_3seed,0.384726491799139,0.378608792705452,0.0160292081478816
20251107,20251107_3_09,20251107_3_09_05,h11b_deep_mlp_3seed,0.0385893421213698,0.0351969370946018,0.0920170630396466
20251108,20251108_1_01,20251108_1_01_01,h11b_deep_mlp_3seed,0.17883210667592,0.180490737769573,-0.00923204800251765
20251108,20251108_1_02,20251108_1_02_05,h11b_deep_mlp_3seed,0.144489190547909,0.137963153158744,0.0462180554488909
20251108,20251108_1_03,20251108_1_03_02,h11b_deep_mlp_3seed,0.178681132413015,0.173408867895166,0.0299506298207175
20251108,20251108_1_04,20251108_1_04_11,h11b_deep_mlp_3seed,0.13931083773278,0.128681625946985,0.0793663412680381
20251108,20251108_1_05,20251108_1_05_10,h11b_deep_mlp_3seed,0.303151725792631,0.308819342463228,-0.0185230283308917
20251108,20251108_1_06,20251108_1_06_05,h11b_deep_mlp_3seed,0.0377369887685869,0.0489442265598903,-0.260040668457875
20251108,20251108_1_07,20251108_1_07_10,h11b_deep_mlp_3seed,0.194060913821005,0.186034545951528,0.0422397111576926
20251108,20251108_1_08,20251108_1_08_03,h11b_deep_mlp_3seed,0.0117904171806633,0.0127946769492433,-0.0817421228866158
20251108,20251108_1_09,20251108_1_09_08,h11b_deep_mlp_3seed,0.630713211470317,0.602234765612454,0.0462039153748988
20251108,20251108_1_10,20251108_1_10_09,h11b_deep_mlp_3seed,0.0342311871112569,0.036118085042817,-0.0536565782352798
20251108,20251108_1_11,20251108_1_11_04,h11b_deep_mlp_3seed,0.130082802271864,0.120980120773911,0.072544947273065
20251109,20251109_1_01,20251109_1_01_06,h11b_deep_mlp_3seed,0.374905733224148,0.396754853505936,-0.0566439761902454
20251109,20251109_1_02,20251109_1_02_02,h11b_deep_mlp_3seed,0.552422210644166,0.568981687729475,-0.0295356220910472
20251109,20251109_1_03,20251109_1_03_01,h11b_deep_mlp_3seed,0.204092176355309,0.210768863901663,-0.0321903646344954
20251109,20251109_1_04,20251109_1_04_03,h11b_deep_mlp_3seed,0.269472492197292,0.251086142550214,0.0706702377064827
20251109,20251109_1_05,20251109_1_05_06,h11b_deep_mlp_3seed,0.507008500889998,0.498201973608154,0.0175222061941734
20251109,20251109_1_06,20251109_1_06_07,h11b_deep_mlp_3seed,0.180014217241318,0.182274797177107,-0.0124795905166251
20251109,20251109_1_07,20251109_1_07_09,h11b_deep_mlp_3seed,0.0915350375274379,0.0891039531042717,0.0269181222381198
20251109,20251109_1_08,20251109_1_08_07,h11b_deep_mlp_3seed,0.0945376968763925,0.0898456611217404,0.050905341880271
20251109,20251109_1_09,20251109_1_09_09,h11b_deep_mlp_3seed,0.0216807487111485,0.0210004581225843,0.0318804577755807
20251109,20251109_1_10,20251109_1_10_07,h11b_deep_mlp_3seed,0.271794475867239,0.276016003930266,-0.0154126720360819
20251109,20251109_1_11,20251109_1_11_08,h11b_deep_mlp_3seed,0.310978353135364,0.286628994895871,0.0815346269003623
20251109,20251109_3_01,20251109_3_01_07,h11b_deep_mlp_3seed,0.160265021369981,0.182360719287889,-0.129157871160854
20251109,20251109_3_02,20251109_3_02_05,h11b_deep_mlp_3seed,0.375115557068883,0.363237846862634,0.0321762854697334
20251109,20251109_3_03,20251109_3_03_05,h11b_deep_mlp_3seed,0.702361070611656,0.68415713143772,0.0262600018319924
20251109,20251109_3_04,20251109_3_04_06,h11b_deep_mlp_3seed,0.0321464661742378,0.0334398139893078,-0.0394446978579732
20251109,20251109_3_05,20251109_3_05_05,h11b_deep_mlp_3seed,0.330989666690051,0.320186041474575,0.0331849499645263
20251109,20251109_3_06,20251109_3_06_05,h11b_deep_mlp_3seed,0.51232600987636,0.494750643490341,0.0349072753284142
20251114,20251114_3_01,20251114_3_01_03,h11b_deep_mlp_3seed,0.170229839607121,0.187331234361226,-0.0957288350720955
20251114,20251114_3_02,20251114_3_02_06,h11b_deep_mlp_3seed,0.123196272276537,0.110689096848456,0.107053451069367
20251114,20251114_3_03,20251114_3_03_03,h11b_deep_mlp_3seed,0.149224497778337,0.144972479729607,0.0289079390770433
20251114,20251114_3_04,20251114_3_04_03,h11b_deep_mlp_3seed,0.619569546251179,0.624097208106193,-0.00728118178313514
20251114,20251114_3_05,20251114_3_05_05,h11b_deep_mlp_3seed,0.0812082693963805,0.0838021722718088,-0.0314418474108136
20251114,20251114_3_06,20251114_3_06_02,h11b_deep_mlp_3seed,0.432225300104235,0.41859737053656,0.0320374518883224
20251114,20251114_3_07,20251114_3_07_10,h11b_deep_mlp_3seed,0.173884882135544,0.174441294949566,-0.00319478307336629
20251114,20251114_3_08,20251114_3_08_04,h11b_deep_mlp_3seed,0.456798442277685,0.396958178905308,0.140411315930408
20251114,20251114_3_09,20251114_3_09_02,h11b_deep_mlp_3seed,0.0529258580833883,0.0566762824589883,-0.0684637943537827
20251115,20251115_1_01,20251115_1_01_08,h11b_deep_mlp_3seed,0.0744657764727082,0.0720003757323077,0.0336683061279688
20251115,20251115_1_02,20251115_1_02_01,h11b_deep_mlp_3seed,0.257786846119064,0.25688396602916,0.00350857672440608
20251115,20251115_1_03,20251115_1_03_08,h11b_deep_mlp_3seed,0.177074538785692,0.169104275768227,0.0460552259826221
20251115,20251115_1_04,20251115_1_04_05,h11b_deep_mlp_3seed,0.263794545642347,0.266283014491372,-0.00938914346608377
20251115,20251115_1_05,20251115_1_05_06,h11b_deep_mlp_3seed,0.544125993127018,0.502955001475043,0.0786801192427996
20251115,20251115_1_06,20251115_1_06_09,h11b_deep_mlp_3seed,0.0118001749621698,0.0163495000381372,-0.326082959504299
20251115,20251115_1_07,20251115_1_07_03,h11b_deep_mlp_3seed,0.312658748507255,0.294864790119928,0.0585954227197074
20251115,20251115_1_08,20251115_1_08_09,h11b_deep_mlp_3seed,0.111530193434321,0.125108314402644,-0.114884529940611
20251115,20251115_1_09,20251115_1_09_11,h11b_deep_mlp_3seed,0.114132264307217,0.122089309972599,-0.0673948367833757
20251115,20251115_1_10,20251115_1_10_10,h11b_deep_mlp_3seed,0.288905856140683,0.284203997255985,0.0164085972391017
20251115,20251115_1_11,20251115_1_11_01,h11b_deep_mlp_3seed,0.118790538530476,0.119819397954102,-0.00862383029953273
20251116,20251116_1_01,20251116_1_01_09,h11b_deep_mlp_3seed,0.403980238099479,0.399929785054257,0.0100769668342556
20251116,20251116_1_02,20251116_1_02_06,h11b_deep_mlp_3seed,0.194121892209278,0.186787221613709,0.0385161554400864
20251116,20251116_1_03,20251116_1_03_05,h11b_deep_mlp_3seed,0.0909959850712629,0.087355430402052,0.0408301824878352
20251116,20251116_1_04,20251116_1_04_06,h11b_deep_mlp_3seed,0.41962675087927,0.39531046198329,0.0596941918917347
20251116,20251116_1_05,20251116_1_05_03,h11b_deep_mlp_3seed,0.0433536964353479,0.0447879654872994,-0.0325475066689602
20251116,20251116_1_06,20251116_1_06_08,h11b_deep_mlp_3seed,0.0535207442841858,0.0443826918441138,0.187219752271925
20251116,20251116_1_07,20251116_1_07_03,h11b_deep_mlp_3seed,0.0534259352612935,0.0574383291062188,-0.0724155278277578
20251116,20251116_1_08,20251116_1_08_04,h11b_deep_mlp_3seed,0.299427827416902,0.275893331502905,0.0818591006581924
20251116,20251116_1_09,20251116_1_09_02,h11b_deep_mlp_3seed,0.134014450411837,0.148587867455838,-0.103228850265603
20251116,20251116_1_10,20251116_1_10_10,h11b_deep_mlp_3seed,0.141399288072393,0.146510978524975,-0.0355126457852921
20251116,20251116_1_11,20251116_1_11_05,h11b_deep_mlp_3seed,0.209004744250342,0.180666175108615,0.145705959502767
20251116,20251116_3_01,20251116_3_01_03,h11b_deep_mlp_3seed,0.448265268852233,0.46386248812468,-0.0342029713461187
20251116,20251116_3_02,20251116_3_02_07,h11b_deep_mlp_3seed,0.366127616682904,0.380535062911534,-0.0385963705383255
20251116,20251116_3_03,20251116_3_03_06,h11b_deep_mlp_3seed,0.127787816512602,0.141969445103577,-0.105240654174053
20251116,20251116_3_04,20251116_3_04_02,h11b_deep_mlp_3seed,0.0424291529748817,0.0568623729472923,-0.292798142376644
20251116,20251116_3_05,20251116_3_05_09,h11b_deep_mlp_3seed,0.170380690283745,0.160148186050912,0.0619357386150781
20251116,20251116_3_06,20251116_3_06_06,h11b_deep_mlp_3seed,0.167550996514529,0.178200685883991,-0.0616226022547735
20251121,20251121_3_01,20251121_3_01_08,h11b_deep_mlp_3seed,0.158599305693427,0.166247634352252,-0.0470975185045601
20251121,20251121_3_02,20251121_3_02_02,h11b_deep_mlp_3seed,0.141910347888401,0.140499438747736,0.00999201122771698
20251121,20251121_3_03,20251121_3_03_05,h11b_deep_mlp_3seed,0.13146313629383,0.130987814550093,0.00362217977798274
20251121,20251121_3_04,20251121_3_04_12,h11b_deep_mlp_3seed,0.119045998263047,0.129882540850946,-0.0871205516590057
20251121,20251121_3_05,20251121_3_05_02,h11b_deep_mlp_3seed,0.223321842269731,0.196129705242614,0.129837768064703
20251121,20251121_3_06,20251121_3_06_09,h11b_deep_mlp_3seed,0.49782449937304,0.476468503832754,0.0438459820930829
20251121,20251121_3_07,20251121_3_07_01,h11b_deep_mlp_3seed,0.0061821954334639,0.0089829807649681,-0.37365830445715
20251121,20251121_3_08,20251121_3_08_05,h11b_deep_mlp_3seed,0.0089985669900899,0.0109936931877413,-0.200256420467906
20251121,20251121_3_09,20251121_3_09_05,h11b_deep_mlp_3seed,0.19533130988611,0.194517489810801,0.00417506098822074
20251122,20251122_1_01,20251122_1_01_04,h11b_deep_mlp_3seed,0.553942069001047,0.540462038669175,0.0246357118062376
20251122,20251122_1_02,20251122_1_02_08,h11b_deep_mlp_3seed,0.296774349074057,0.29633383696485,0.00148543621745856
20251122,20251122_1_03,20251122_1_03_02,h11b_deep_mlp_3seed,0.0931365374465236,0.0893242314039923,0.0417937616858008
20251122,20251122_1_04,20251122_1_04_08,h11b_deep_mlp_3seed,0.190545921913734,0.1852708953754,0.0280741720671229
20251122,20251122_1_05,20251122_1_05_07,h11b_deep_mlp_3seed,0.211774893792886,0.222935200049129,-0.0513572576851673
20251122,20251122_1_06,20251122_1_06_08,h11b_deep_mlp_3seed,0.288474947659948,0.265855187042177,0.0816564947225678
20251122,20251122_1_07,20251122_1_07_04,h11b_deep_mlp_3seed,0.162162031176891,0.167432419080938,-0.0319837738532969
20251122,20251122_1_08,20251122_1_08_04,h11b_deep_mlp_3seed,0.263260512003491,0.25839581618871,0.0186515012968242
20251122,20251122_1_09,20251122_1_09_07,h11b_deep_mlp_3seed,0.329476493180968,0.297081623512925,0.103498082832874
20251122,20251122_1_10,20251122_1_10_04,h11b_deep_mlp_3seed,0.383437354699718,0.396629499140734,-0.0338263374382529
20251122,20251122_1_11,20251122_1_11_05,h11b_deep_mlp_3seed,0.0821620378618678,0.0887078683251734,-0.0766552236527303
20251123,20251123_1_01,20251123_1_01_12,h11b_deep_mlp_3seed,0.183016470217991,0.209664372946617,-0.135931878148472
20251123,20251123_1_02,20251123_1_02_01,h11b_deep_mlp_3seed,0.515147897798195,0.532460817129561,-0.0330552723948754
20251123,20251123_1_03,20251123_1_03_06,h11b_deep_mlp_3seed,0.362670486616679,0.362553078262363,0.000323785274025434
20251123,20251123_1_04,20251123_1_04_05,h11b_deep_mlp_3seed,0.65918619583505,0.628504019566034,0.0476636140910367
20251123,20251123_1_05,20251123_1_05_06,h11b_deep_mlp_3seed,0.0175109219951323,0.0188409708221134,-0.0732089973978907
20251123,20251123_1_06,20251123_1_06_05,h11b_deep_mlp_3seed,0.0873701905694022,0.081988327626116,0.0635772643751342
20251123,20251123_1_07,20251123_1_07_05,h11b_deep_mlp_3seed,0.263134131665183,0.234210508404287,0.116443588982465
20251123,20251123_1_08,20251123_1_08_02,h11b_deep_mlp_3seed,0.380609636700755,0.378843754068046,0.00465041261685473
20251123,20251123_1_09,20251123_1_09_10,h11b_deep_mlp_3seed,0.153731067330292,0.158007940731565,-0.0274405297696121
20251123,20251123_1_10,20251123_1_10_01,h11b_deep_mlp_3seed,0.0193474531417653,0.0196760454835246,-0.0168411403225317
20251123,20251123_1_11,20251123_1_11_02,h11b_deep_mlp_3seed,0.160402443704516,0.169658708065172,-0.0561028891223445
20251123,20251123_3_01,20251123_3_01_06,h11b_deep_mlp_3seed,0.194611836230762,0.222268874616671,-0.132880804660002
20251123,20251123_3_02,20251123_3_02_05,h11b_deep_mlp_3seed,0.578150695709247,0.535978908737839,0.0757397429842862
20251123,20251123_3_03,20251123_3_03_10,h11b_deep_mlp_3seed,0.279268426024764,0.267148703661445,0.0443679738290144
20251123,20251123_3_04,20251123_3_04_01,h11b_deep_mlp_3seed,0.159629802306774,0.185220107063561,-0.148687486947467
20251123,20251123_3_05,20251123_3_05_03,h11b_deep_mlp_3seed,0.0955564999880006,0.0966033713974917,-0.0108959457467663
20251123,20251123_3_06,20251123_3_06_07,h11b_deep_mlp_3seed,0.0740576442326322,0.0809221312570683,-0.0886435837046422
20251128,20251128_3_01,20251128_3_01_11,h11b_deep_mlp_3seed,0.231049727566416,0.228264804362955,0.0121265805351749
20251128,20251128_3_02,20251128_3_02_03,h11b_deep_mlp_3seed,0.0415668641997199,0.0423292914990876,-0.0181760006276708
20251128,20251128_3_03,20251128_3_03_12,h11b_deep_mlp_3seed,0.124989188679661,0.122775683569172,0.0178682634315748
20251128,20251128_3_04,20251128_3_04_12,h11b_deep_mlp_3seed,0.0159783105046913,0.0180256142869155,-0.12056155317326
20251128,20251128_3_05,20251128_3_05_02,h11b_deep_mlp_3seed,0.0519843946354704,0.0537831789303509,-0.0340171886150444
20251128,20251128_3_06,20251128_3_06_07,h11b_deep_mlp_3seed,0.635854643951226,0.617778699739506,0.0288396876813325
20251128,20251128_3_07,20251128_3_07_01,h11b_deep_mlp_3seed,0.24335239222953,0.235248915566584,0.0338663978895652
20251128,20251128_3_08,20251128_3_08_01,h11b_deep_mlp_3seed,0.419818859804942,0.44269940089892,-0.0530676543800195
20251128,20251128_3_09,20251128_3_09_09,h11b_deep_mlp_3seed,0.529019919679146,0.539198745590189,-0.0190581466702434
20251129,20251129_1_01,20251129_1_01_01,h11b_deep_mlp_3seed,0.492806717428362,0.495581263218099,-0.00561429950981041
20251129,20251129_1_02,20251129_1_02_04,h11b_deep_mlp_3seed,0.102724678192342,0.0976265786473435,0.050902603501862
20251129,20251129_1_03,20251129_1_03_05,h11b_deep_mlp_3seed,0.547886807067339,0.560099979176771,-0.022046592872254
20251129,20251129_1_04,20251129_1_04_04,h11b_deep_mlp_3seed,0.17949620783836,0.186488556199894,-0.0382157948862618
20251129,20251129_1_05,20251129_1_05_04,h11b_deep_mlp_3seed,0.337052203159924,0.318861744501104,0.0554802178539611
20251129,20251129_1_06,20251129_1_06_05,h11b_deep_mlp_3seed,0.288349785272204,0.308055643635122,-0.0661061524257978
20251129,20251129_1_07,20251129_1_07_08,h11b_deep_mlp_3seed,0.0727105335680506,0.0714477743454253,0.0175195108669723
20251129,20251129_1_08,20251129_1_08_01,h11b_deep_mlp_3seed,0.474713425387582,0.474971784820007,-0.000544094898018432
20251129,20251129_1_09,20251129_1_09_07,h11b_deep_mlp_3seed,0.227565463846928,0.21734905635939,0.04593333431764
20251129,20251129_1_10,20251129_1_10_10,h11b_deep_mlp_3seed,0.103419991715376,0.0991571942067901,0.0420918757100854
20251129,20251129_1_11,20251129_1_11_02,h11b_deep_mlp_3seed,0.37459713026711,0.349081895334708,0.0705445773938317
20251130,20251130_1_01,20251130_1_01_01,h11b_deep_mlp_3seed,0.159460846686564,0.160934597894682,-0.00919964142484786
20251130,20251130_1_02,20251130_1_02_06,h11b_deep_mlp_3seed,0.581556843028287,0.567707689220828,0.0241020649951221
20251130,20251130_1_03,20251130_1_03_09,h11b_deep_mlp_3seed,0.293320478875712,0.274391775602171,0.0667088727220568
20251130,20251130_1_04,20251130_1_04_01,h11b_deep_mlp_3seed,0.384545019071492,0.365268487492776,0.0514282014565988
20251130,20251130_1_05,20251130_1_05_02,h11b_deep_mlp_3seed,0.642991272214235,0.602488831217651,0.0650620228113052
20251130,20251130_1_06,20251130_1_06_11,h11b_deep_mlp_3seed,0.291232530975663,0.295492808876303,-0.0145224775076913
20251130,20251130_1_07,20251130_1_07_08,h11b_deep_mlp_3seed,0.0493660823979042,0.0478424511840174,0.0313502517927877
20251130,20251130_1_08,20251130_1_08_11,h11b_deep_mlp_3seed,0.0667320912679212,0.0606275851624722,0.0959359754672646
20251130,20251130_1_09,20251130_1_09_03,h11b_deep_mlp_3seed,0.0230111618845143,0.0284941274752186,-0.213718615005339
20251130,20251130_1_10,20251130_1_10_06,h11b_deep_mlp_3seed,0.167057042338879,0.167212676014788,-0.000931186276288853
20251130,20251130_1_11,20251130_1_11_08,h11b_deep_mlp_3seed,0.0082937471222691,0.0107338536805261,-0.257900770136802
20251130,20251130_3_01,20251130_3_01_05,h11b_deep_mlp_3seed,0.294669478180683,0.249846735198262,0.165006644603518
20251130,20251130_3_02,20251130_3_02_05,h11b_deep_mlp_3seed,0.113798541556559,0.112668146404065,0.00998296527009845
20251130,20251130_3_03,20251130_3_03_04,h11b_deep_mlp_3seed,0.320299227822016,0.307479331408874,0.0408477757590711
20251130,20251130_3_04,20251130_3_04_09,h11b_deep_mlp_3seed,0.273082994716913,0.275023238597911,-0.00707983915335131
20251130,20251130_3_05,20251130_3_05_05,h11b_deep_mlp_3seed,0.247900303142016,0.241854188179459,0.0246916455007342
20251130,20251130_3_06,20251130_3_06_12,h11b_deep_mlp_3seed,0.0195131574163219,0.0232800062845828,-0.176505915485462
20251205,20251205_3_01,20251205_3_01_03,h11b_deep_mlp_3seed,0.749550260157647,0.722881874216554,0.0362275475593845
20251205,20251205_3_02,20251205_3_02_07,h11b_deep_mlp_3seed,0.198982256596903,0.19985810926976,-0.00439200319588284
20251205,20251205_3_03,20251205_3_03_04,h11b_deep_mlp_3seed,0.064444055586914,0.0612544780286706,0.0507605347653244
20251205,20251205_3_04,20251205_3_04_03,h11b_deep_mlp_3seed,0.146524294250591,0.14810269617196,-0.0107146804146983
20251205,20251205_3_05,20251205_3_05_02,h11b_deep_mlp_3seed,0.0269793742251294,0.0237865244997556,0.125953433644963
20251205,20251205_3_06,20251205_3_06_12,h11b_deep_mlp_3seed,0.120315843591713,0.126571923431377,-0.0506903962827341
20251205,20251205_3_07,20251205_3_07_12,h11b_deep_mlp_3seed,0.163891128998452,0.15380996735494,0.0634844975884885
20251205,20251205_3_08,20251205_3_08_09,h11b_deep_mlp_3seed,0.124747933836325,0.141014385088998,-0.122566735021874
20251205,20251205_3_09,20251205_3_09_07,h11b_deep_mlp_3seed,0.0697091964467794,0.0688679206547355,0.0121417755669664
20251206,20251206_1_01,20251206_1_01_09,h11b_deep_mlp_3seed,0.471310225333946,0.446760650400024,0.0534935362269129
20251206,20251206_1_03,20251206_1_03_06,h11b_deep_mlp_3seed,0.515337136428853,0.500400773412212,0.0294119961473877
20251206,20251206_1_04,20251206_1_04_11,h11b_deep_mlp_3seed,0.231940872321145,0.20960056548042,0.101278828153071
20251206,20251206_1_05,20251206_1_05_02,h11b_deep_mlp_3seed,0.334162472916874,0.321131250421074,0.039777401181299
20251206,20251206_1_06,20251206_1_06_05,h11b_deep_mlp_3seed,0.284711206229098,0.256956449217687,0.10256874280604
20251206,20251206_1_07,20251206_1_07_09,h11b_deep_mlp_3seed,0.668192800690584,0.628034370962872,0.0619818598779923
20251206,20251206_1_08,20251206_1_08_08,h11b_deep_mlp_3seed,0.238404862608009,0.223468807538771,0.0646984911000525
20251206,20251206_1_09,20251206_1_09_09,h11b_deep_mlp_3seed,0.256839091917515,0.265973965315774,-0.0349486419153604
20251206,20251206_1_10,20251206_1_10_05,h11b_deep_mlp_3seed,0.202209580145375,0.199892900276777,0.0115229605144729
20251206,20251206_1_11,20251206_1_11_11,h11b_deep_mlp_3seed,0.0665062035903243,0.0659761539822063,0.00800185694262812
20251207,20251207_1_01,20251207_1_01_08,h11b_deep_mlp_3seed,0.0371756421862999,0.0355351544072642,0.0451312953931189
20251207,20251207_1_02,20251207_1_02_04,h11b_deep_mlp_3seed,0.0615094322131293,0.0598410239504525,0.0274990873804883
20251207,20251207_1_03,20251207_1_03_03,h11b_deep_mlp_3seed,0.429482604063454,0.383218952419816,0.113974734669688
20251207,20251207_1_04,20251207_1_04_07,h11b_deep_mlp_3seed,0.296099225314574,0.308142762288374,-0.0398685706999571
20251207,20251207_1_05,20251207_1_05_08,h11b_deep_mlp_3seed,0.478231659931113,0.444145058830157,0.0739440411453666
20251207,20251207_1_06,20251207_1_06_09,h11b_deep_mlp_3seed,0.195729790163479,0.173467607835837,0.120744202838444
20251207,20251207_1_07,20251207_1_07_09,h11b_deep_mlp_3seed,0.467885618647704,0.499646120904923,-0.0656762282059186
20251207,20251207_1_08,20251207_1_08_09,h11b_deep_mlp_3seed,0.350458981137201,0.320747368529411,0.0885898707154897
20251207,20251207_1_09,20251207_1_09_10,h11b_deep_mlp_3seed,0.475781989124002,0.448235399244373,0.0596412041134654
20251207,20251207_1_10,20251207_1_10_04,h11b_deep_mlp_3seed,0.0612387911447289,0.0874079885431049,-0.355805849620328
20251207,20251207_1_11,20251207_1_11_10,h11b_deep_mlp_3seed,0.263363690828968,0.257598411383386,0.0221341045563108
20251207,20251207_3_01,20251207_3_01_05,h11b_deep_mlp_3seed,0.298930112508927,0.311586438974819,-0.0414669837880819
20251207,20251207_3_02,20251207_3_02_06,h11b_deep_mlp_3seed,0.448506167943492,0.421411420336146,0.0623128318437197
20251207,20251207_3_03,20251207_3_03_04,h11b_deep_mlp_3seed,0.069498972616695,0.0688837192928264,0.00889211460428818
20251207,20251207_3_04,20251207_3_04_05,h11b_deep_mlp_3seed,0.239366091455277,0.241106771071876,-0.00724572548380165
20251207,20251207_3_05,20251207_3_05_05,h11b_deep_mlp_3seed,0.145290392526161,0.161634268295733,-0.10660173313849
20251207,20251207_3_06,20251207_3_06_06,h11b_deep_mlp_3seed,0.261651607424747,0.26587303012236,-0.0160049882410673
20251212,20251212_3_01,20251212_3_01_07,h11b_deep_mlp_3seed,0.469223707582019,0.44706004239597,0.0483867345447259
20251212,20251212_3_02,20251212_3_02_09,h11b_deep_mlp_3seed,0.569151582059546,0.538113883371397,0.0560765825656639
20251212,20251212_3_03,20251212_3_03_06,h11b_deep_mlp_3seed,0.370271884381206,0.364233398241578,0.016442692326508
20251212,20251212_3_04,20251212_3_04_04,h11b_deep_mlp_3seed,0.040245280121054,0.0363624135717956,0.101457085946813
20251212,20251212_3_05,20251212_3_05_12,h11b_deep_mlp_3seed,0.427182033176433,0.398020494945975,0.0707067307925288
20251212,20251212_3_06,20251212_3_06_02,h11b_deep_mlp_3seed,0.112684830037737,0.11510308819308,-0.0212333387157608
20251212,20251212_3_07,20251212_3_07_10,h11b_deep_mlp_3seed,0.0751018392469448,0.0656157431635928,0.135029394701011
20251212,20251212_3_08,20251212_3_08_06,h11b_deep_mlp_3seed,0.0352402864242332,0.0307926143721693,0.134915060737696
20251212,20251212_3_09,20251212_3_09_06,h11b_deep_mlp_3seed,0.128921555399089,0.12089525143871,0.0642796416327349
20251213,20251213_1_01,20251213_1_01_11,h11b_deep_mlp_3seed,0.723211509473601,0.718561044778579,0.00645106027185249
20251213,20251213_1_02,20251213_1_02_10,h11b_deep_mlp_3seed,0.32432173560275,0.316102322115267,0.0256700688666409
20251213,20251213_1_03,20251213_1_03_08,h11b_deep_mlp_3seed,0.199122795112636,0.216599263838391,-0.0841272405581592
20251213,20251213_1_04,20251213_1_04_08,h11b_deep_mlp_3seed,0.142557309175808,0.139295360960537,0.023147510792445
20251213,20251213_1_05,20251213_1_05_05,h11b_deep_mlp_3seed,0.0824275054137143,0.0862810977534198,-0.0456913598105499
20251213,20251213_1_06,20251213_1_06_09,h11b_deep_mlp_3seed,0.105657594794438,0.134807536578914,-0.243644478411321
20251213,20251213_1_07,20251213_1_07_05,h11b_deep_mlp_3seed,0.258637055091714,0.266843499452818,-0.0312365949551987
20251213,20251213_1_08,20251213_1_08_02,h11b_deep_mlp_3seed,0.583132560172866,0.533619220852019,0.0887320214045746
20251213,20251213_1_09,20251213_1_09_11,h11b_deep_mlp_3seed,0.622086605191199,0.618221620724965,0.00623231692849419
20251213,20251213_1_10,20251213_1_10_04,h11b_deep_mlp_3seed,0.417947076842145,0.397668642746994,0.0497357114782806
20251213,20251213_1_11,20251213_1_11_05,h11b_deep_mlp_3seed,0.0419459046245405,0.0417062205792945,0.00573051074487418
20251214,20251214_1_01,20251214_1_01_07,h11b_deep_mlp_3seed,0.0642094487434786,0.0601887705194042,0.0646645778639781
20251214,20251214_1_02,20251214_1_02_10,h11b_deep_mlp_3seed,0.453008723954022,0.418652484074801,0.078870201305516
20251214,20251214_1_03,20251214_1_03_07,h11b_deep_mlp_3seed,0.0760353423164255,0.0807951610098348,-0.0607188125690685
20251214,20251214_1_04,20251214_1_04_06,h11b_deep_mlp_3seed,0.405680845471203,0.398855134982951,0.016968474822861
20251214,20251214_1_05,20251214_1_05_01,h11b_deep_mlp_3seed,0.151098607802292,0.161172723132078,-0.0645439489295085
20251214,20251214_1_07,20251214_1_07_05,h11b_deep_mlp_3seed,0.307573356948997,0.298095333922636,0.0313002701432032
20251214,20251214_1_08,20251214_1_08_08,h11b_deep_mlp_3seed,0.285955776069068,0.267448168184151,0.066911385970539
20251214,20251214_1_09,20251214_1_09_10,h11b_deep_mlp_3seed,0.48912788554801,0.473324660099955,0.0328424418944969
20251214,20251214_1_10,20251214_1_10_01,h11b_deep_mlp_3seed,0.101249517410664,0.0927447980038464,0.0877363259581045
20251214,20251214_1_11,20251214_1_11_06,h11b_deep_mlp_3seed,0.151562467230077,0.154452401141541,-0.0188881007262869
20251214,20251214_3_01,20251214_3_01_02,h11b_deep_mlp_3seed,0.311175969517685,0.319948685316375,-0.0278020539994561
20251214,20251214_3_02,20251214_3_02_07,h11b_deep_mlp_3seed,0.402991022569372,0.363918617531561,0.101984020766351
20251214,20251214_3_03,20251214_3_03_03,h11b_deep_mlp_3seed,0.565455506527293,0.57542347085362,-0.0174746282056492
20251214,20251214_3_04,20251214_3_04_10,h11b_deep_mlp_3seed,0.0192824931061599,0.0208472361432094,-0.0780237890714019
20251214,20251214_3_05,20251214_3_05_08,h11b_deep_mlp_3seed,0.333523076505241,0.31799854111272,0.0476652628062808
20251214,20251214_3_06,20251214_3_06_04,h11b_deep_mlp_3seed,0.384126428619931,0.382556669633777,0.00409494139958622
20251219,20251219_3_01,20251219_3_01_02,h11b_deep_mlp_3seed,0.412257999063731,0.401631922443638,0.0261133113057971
20251219,20251219_3_02,20251219_3_02_01,h11b_deep_mlp_3seed,0.104345953219893,0.110794109404113,-0.0599617567406527
20251219,20251219_3_03,20251219_3_03_07,h11b_deep_mlp_3seed,0.0173199554731424,0.020889369462817,-0.187381059131527
20251219,20251219_3_04,20251219_3_04_11,h11b_deep_mlp_3seed,0.169560540427148,0.156420352564498,0.0806630825804844
20251219,20251219_3_05,20251219_3_05_05,h11b_deep_mlp_3seed,0.392223187345293,0.348888804982963,0.117077772170458
20251219,20251219_3_06,20251219_3_06_07,h11b_deep_mlp_3seed,0.226912354121486,0.200657096093961,0.122966376112507
20251219,20251219_3_07,20251219_3_07_12,h11b_deep_mlp_3seed,0.022803681731319,0.0215900873577076,0.054687711637718
20251219,20251219_3_08,20251219_3_08_05,h11b_deep_mlp_3seed,0.119451414860551,0.120653095328962,-0.0100097286880909
20251219,20251219_3_09,20251219_3_09_05,h11b_deep_mlp_3seed,0.0588482625427107,0.0656930972917467,-0.110031546136279
20251220,20251220_1_01,20251220_1_01_05,h11b_deep_mlp_3seed,0.742257795742139,0.728663817641491,0.0184841462959223
20251220,20251220_1_02,20251220_1_02_03,h11b_deep_mlp_3seed,0.401450092221574,0.381159034337107,0.0518665213594302
20251220,20251220_1_03,20251220_1_03_01,h11b_deep_mlp_3seed,0.690255402703125,0.677962738476689,0.0179693495170638
20251220,20251220_1_04,20251220_1_04_11,h11b_deep_mlp_3seed,0.565745414062621,0.564069163394266,0.00296730442629323
20251220,20251220_1_05,20251220_1_05_10,h11b_deep_mlp_3seed,0.371135607263437,0.365802023721373,0.014475245794253
20251220,20251220_1_06,20251220_1_06_05,h11b_deep_mlp_3seed,0.0328541539500468,0.0454913558241967,-0.325444137029822
20251220,20251220_1_07,20251220_1_07_05,h11b_deep_mlp_3seed,0.440775730685715,0.424243939008289,0.0382275812508591
20251220,20251220_1_08,20251220_1_08_04,h11b_deep_mlp_3seed,0.0799257965283425,0.0780294625755381,0.0240121801468516
20251220,20251220_1_09,20251220_1_09_04,h11b_deep_mlp_3seed,0.58515617216695,0.611671071357931,-0.0443159003515025
20251220,20251220_1_10,20251220_1_10_07,h11b_deep_mlp_3seed,0.0355187810279797,0.0314462307701013,0.121782471992517
20251220,20251220_1_11,20251220_1_11_10,h11b_deep_mlp_3seed,0.170471520898581,0.176835448919636,-0.0366513831254989
20251221,20251221_1_01,20251221_1_01_01,h11b_deep_mlp_3seed,0.278820003671603,0.26944073926798,0.0342179507228724
20251221,20251221_1_02,20251221_1_02_02,h11b_deep_mlp_3seed,0.519267970611967,0.533121517898363,-0.026329315789643
20251221,20251221_1_03,20251221_1_03_06,h11b_deep_mlp_3seed,0.247359936926571,0.235174519479036,0.0505166358052189
20251221,20251221_1_04,20251221_1_04_10,h11b_deep_mlp_3seed,0.173765567374654,0.177852045944803,-0.0232449252621398
20251221,20251221_1_05,20251221_1_05_08,h11b_deep_mlp_3seed,0.0265863160796894,0.0316772336850707,-0.175201592259385
20251221,20251221_1_06,20251221_1_06_07,h11b_deep_mlp_3seed,0.0239248407340649,0.0264075016654322,-0.0987308433483434
20251221,20251221_1_07,20251221_1_07_10,h11b_deep_mlp_3seed,0.111204340961612,0.0986577882883291,0.119712240436159
20251221,20251221_1_08,20251221_1_08_02,h11b_deep_mlp_3seed,0.117011399760431,0.121390434445703,-0.0367407179270542
20251221,20251221_1_09,20251221_1_09_05,h11b_deep_mlp_3seed,0.329782924536984,0.36171840187815,-0.0924313801650642
20251221,20251221_1_10,20251221_1_10_04,h11b_deep_mlp_3seed,0.547906661219973,0.534946781775167,0.0239376775691665
20251221,20251221_1_11,20251221_1_11_09,h11b_deep_mlp_3seed,0.269359022172444,0.284879090169608,-0.0560197005745557
20251221,20251221_3_01,20251221_3_01_09,h11b_deep_mlp_3seed,0.0635703920077245,0.0795896741202264,-0.224736534846466
20251221,20251221_3_02,20251221_3_02_10,h11b_deep_mlp_3seed,0.51859876406173,0.506622716216902,0.0233639127800337
20251221,20251221_3_03,20251221_3_03_09,h11b_deep_mlp_3seed,0.371959098320157,0.366260005494786,0.0154404187606317
20251221,20251221_3_04,20251221_3_04_07,h11b_deep_mlp_3seed,0.379748672641617,0.378956899203129,0.00208716992546987
20251221,20251221_3_05,20251221_3_05_01,h11b_deep_mlp_3seed,0.612361860260239,0.602574787155647,0.0161115969924815
20251221,20251221_3_06,20251221_3_06_11,h11b_deep_mlp_3seed,0.024039041049837,0.0281913852968132,-0.159337226247573
20251226,20251226_3_01,20251226_3_01_11,h11b_deep_mlp_3seed,0.560821438254595,0.538951453079515,0.0397770646213226
20251226,20251226_3_02,20251226_3_02_05,h11b_deep_mlp_3seed,0.275957845852379,0.267689055410685,0.030422055728172
20251226,20251226_3_03,20251226_3_03_05,h11b_deep_mlp_3seed,0.521541913422557,0.496165044165334,0.0498810203986738
20251226,20251226_3_04,20251226_3_04_08,h11b_deep_mlp_3seed,0.0243061356140831,0.027402431461094,-0.119902936031031
20251226,20251226_3_05,20251226_3_05_12,h11b_deep_mlp_3seed,0.0932871667278695,0.0989161999155676,-0.0585904762571268
20251226,20251226_3_07,20251226_3_07_11,h11b_deep_mlp_3seed,0.0669825299179048,0.0868762036692933,-0.260052321078614
20251226,20251226_3_08,20251226_3_08_08,h11b_deep_mlp_3seed,0.444387715205527,0.419170042432684,0.0584207470407732
20251226,20251226_3_09,20251226_3_09_11,h11b_deep_mlp_3seed,0.0912119100783398,0.0869862447483633,0.0474354817042122
20251227,20251227_1_01,20251227_1_01_04,h11b_deep_mlp_3seed,0.155493517135195,0.148040497947771,0.0491181691861282
20251227,20251227_1_02,20251227_1_02_09,h11b_deep_mlp_3seed,0.668052903724717,0.679809493343531,-0.0174452344777386
20251227,20251227_1_03,20251227_1_03_01,h11b_deep_mlp_3seed,0.408182812987435,0.396574755889337,0.0288505823508908
20251227,20251227_1_04,20251227_1_04_01,h11b_deep_mlp_3seed,0.125470136304477,0.129855804463104,-0.0343568658821338
20251227,20251227_1_05,20251227_1_05_04,h11b_deep_mlp_3seed,0.3558574372399,0.347532043677897,0.0236733206800392
20251227,20251227_1_06,20251227_1_06_06,h11b_deep_mlp_3seed,0.470847379103704,0.448124743424098,0.049462366832803
20251227,20251227_1_07,20251227_1_07_10,h11b_deep_mlp_3seed,0.474774190799284,0.469185773749936,0.0118405071174587
20251227,20251227_1_08,20251227_1_08_04,h11b_deep_mlp_3seed,0.0687390852138913,0.069265890045804,-0.00763461447323177
20251227,20251227_1_09,20251227_1_09_07,h11b_deep_mlp_3seed,0.464250519189489,0.476562020256754,-0.0261735539884708
20251227,20251227_1_10,20251227_1_10_05,h11b_deep_mlp_3seed,0.0867469346061045,0.0888617071829965,-0.0240862271258879
20251227,20251227_1_11,20251227_1_11_08,h11b_deep_mlp_3seed,0.0414908027020736,0.0467043966990874,-0.118366526937129
20251025,20251025_1_01,20251025_1_01_12,h11b_equal_ensemble,0.208656723007051,0.20264239232672,0.0292476165548798
20251025,20251025_1_02,20251025_1_02_07,h11b_equal_ensemble,0.134782914732253,0.135687769203919,-0.00669098650030686
20251025,20251025_1_03,20251025_1_03_04,h11b_equal_ensemble,0.203945680485111,0.230031732835652,-0.120363582001339
20251025,20251025_1_04,20251025_1_04_10,h11b_equal_ensemble,0.150081337893386,0.148228450222064,0.012422733506446
20251025,20251025_1_05,20251025_1_05_04,h11b_equal_ensemble,0.176726916004372,0.16129109658631,0.0913949079714977
20251025,20251025_1_06,20251025_1_06_02,h11b_equal_ensemble,0.179573191405656,0.173148384038107,0.0364339383071486
20251025,20251025_1_07,20251025_1_07_07,h11b_equal_ensemble,0.506150906741314,0.495384578592258,0.0215004721244043
20251025,20251025_1_08,20251025_1_08_05,h11b_equal_ensemble,0.0823293033873492,0.0933084634836587,-0.125183716268988
20251025,20251025_1_09,20251025_1_09_04,h11b_equal_ensemble,0.490559139420342,0.50587021226598,-0.0307342974865068
20251025,20251025_1_10,20251025_1_10_03,h11b_equal_ensemble,0.161827654040376,0.172692026127666,-0.0649779072932
20251025,20251025_1_11,20251025_1_11_11,h11b_equal_ensemble,0.359151819625561,0.331606293523184,0.0797967926431935
20251026,20251026_1_01,20251026_1_01_05,h11b_equal_ensemble,0.0247456323582803,0.0236683403688911,0.0445106973844802
20251026,20251026_1_02,20251026_1_02_02,h11b_equal_ensemble,0.379103277074902,0.379539936670274,-0.001151159426938
20251026,20251026_1_03,20251026_1_03_06,h11b_equal_ensemble,0.109593363591627,0.110383591639282,-0.00718467483187268
20251026,20251026_1_04,20251026_1_04_03,h11b_equal_ensemble,0.378749633048026,0.398219580279453,-0.0501281744206902
20251026,20251026_1_05,20251026_1_05_11,h11b_equal_ensemble,0.0336905731831829,0.0344453344740614,-0.0221554886533717
20251026,20251026_1_06,20251026_1_06_11,h11b_equal_ensemble,0.0503295796571324,0.0512901010517528,-0.0189048025855367
20251026,20251026_1_07,20251026_1_07_07,h11b_equal_ensemble,0.530028470024134,0.524827501752232,0.00986108161981247
20251026,20251026_1_08,20251026_1_08_10,h11b_equal_ensemble,0.127481128151588,0.131682435159398,-0.0324248906206521
20251026,20251026_1_09,20251026_1_09_09,h11b_equal_ensemble,0.13159198561914,0.130067912171322,0.0116494021167819
20251026,20251026_1_10,20251026_1_10_10,h11b_equal_ensemble,0.552087957489952,0.537935298407906,0.0259690871149446
20251026,20251026_1_11,20251026_1_11_03,h11b_equal_ensemble,0.0401261856770407,0.0493726479227332,-0.207367454481504
20251026,20251026_3_01,20251026_3_01_05,h11b_equal_ensemble,0.162423716609375,0.160536226587644,0.0116888273724449
20251026,20251026_3_02,20251026_3_02_10,h11b_equal_ensemble,0.221755235059637,0.217375761140239,0.0199467546702217
20251026,20251026_3_03,20251026_3_03_05,h11b_equal_ensemble,0.0620056333182269,0.0642352080260824,-0.0353262311054645
20251026,20251026_3_04,20251026_3_04_03,h11b_equal_ensemble,0.364909983861531,0.350909373857121,0.0391227076206733
20251026,20251026_3_05,20251026_3_05_01,h11b_equal_ensemble,0.307242518981935,0.298721825481184,0.0281246090546456
20251026,20251026_3_06,20251026_3_06_01,h11b_equal_ensemble,0.449874908797731,0.425632133744533,0.0553941262745704
20251031,20251031_3_01,20251031_3_01_02,h11b_equal_ensemble,0.067846135295988,0.0688492117830073,-0.014676351656723
20251031,20251031_3_02,20251031_3_02_07,h11b_equal_ensemble,0.269437424215583,0.265598145531244,0.0143517358469911
20251031,20251031_3_03,20251031_3_03_04,h11b_equal_ensemble,0.112323344296515,0.0963890657627114,0.152988945068626
20251031,20251031_3_04,20251031_3_04_01,h11b_equal_ensemble,0.429974857163374,0.399390655154547,0.0737867117664357
20251031,20251031_3_05,20251031_3_05_06,h11b_equal_ensemble,0.0239313259934353,0.0279550213739419,-0.155408527334162
20251031,20251031_3_06,20251031_3_06_02,h11b_equal_ensemble,0.0515787843788328,0.0554782928677092,-0.072881392253509
20251031,20251031_3_07,20251031_3_07_10,h11b_equal_ensemble,0.286391682291726,0.275729469631817,0.037940189856525
20251031,20251031_3_08,20251031_3_08_11,h11b_equal_ensemble,0.511767471278114,0.50009019788379,0.0230818862983372
20251101,20251101_1_01,20251101_1_01_12,h11b_equal_ensemble,0.0431223982313006,0.0443011054559062,-0.0269670879345236
20251101,20251101_1_02,20251101_1_02_02,h11b_equal_ensemble,0.365488217774566,0.331915142281566,0.0963547020504147
20251101,20251101_1_03,20251101_1_03_07,h11b_equal_ensemble,0.183863689588303,0.170979540873665,0.07265076028217
20251101,20251101_1_04,20251101_1_04_06,h11b_equal_ensemble,0.215698808990995,0.228690525461122,-0.0584866405857321
20251101,20251101_1_05,20251101_1_05_10,h11b_equal_ensemble,0.309927869440821,0.308527383555353,0.00452898822525394
20251101,20251101_1_06,20251101_1_06_01,h11b_equal_ensemble,0.541253134743923,0.529617514359926,0.0217319959773351
20251101,20251101_1_07,20251101_1_07_10,h11b_equal_ensemble,0.156752478710033,0.154680946587021,0.0133034061626365
20251101,20251101_1_08,20251101_1_08_02,h11b_equal_ensemble,0.375809304209482,0.365204332960581,0.0286248318060843
20251101,20251101_1_09,20251101_1_09_08,h11b_equal_ensemble,0.177213465125288,0.201136830661487,-0.126630402438124
20251101,20251101_1_10,20251101_1_10_09,h11b_equal_ensemble,0.345662832752489,0.346497779009561,-0.00241258068682249
20251101,20251101_1_11,20251101_1_11_01,h11b_equal_ensemble,0.0434056567012764,0.0482010944384147,-0.104791955637858
20251102,20251102_1_01,20251102_1_01_08,h11b_equal_ensemble,0.0360851449748181,0.0349279315327958,0.0325944445411221
20251102,20251102_1_02,20251102_1_02_02,h11b_equal_ensemble,0.576427831012505,0.576120367147349,0.000533537552599883
20251102,20251102_1_03,20251102_1_03_11,h11b_equal_ensemble,0.0545877180231856,0.0536239611627079,0.0178129080133798
20251102,20251102_1_04,20251102_1_04_03,h11b_equal_ensemble,0.0968634514680493,0.093211899558129,0.0384268787111872
20251102,20251102_1_05,20251102_1_05_11,h11b_equal_ensemble,0.413430640082026,0.416178390621576,-0.00662423017482783
20251102,20251102_1_06,20251102_1_06_07,h11b_equal_ensemble,0.32719470105884,0.321359705186836,0.0179943371311211
20251102,20251102_1_07,20251102_1_07_04,h11b_equal_ensemble,0.219291181777785,0.202461928996052,0.079848579930077
20251102,20251102_1_08,20251102_1_08_11,h11b_equal_ensemble,0.36909861055882,0.366648468417103,0.00666030832883435
20251102,20251102_1_09,20251102_1_09_06,h11b_equal_ensemble,0.191308666002789,0.174916661750051,0.0895785340854574
20251102,20251102_1_10,20251102_1_10_08,h11b_equal_ensemble,0.02820013813105,0.0310808607464751,-0.0972653434652346
20251102,20251102_1_11,20251102_1_11_09,h11b_equal_ensemble,0.256572072977312,0.221778442086049,0.14573073649922
20251102,20251102_3_01,20251102_3_01_02,h11b_equal_ensemble,0.299943127306713,0.305198562293559,-0.0173697076564041
20251102,20251102_3_02,20251102_3_02_04,h11b_equal_ensemble,0.467932978990824,0.449705361834624,0.0397324615355477
20251102,20251102_3_03,20251102_3_03_09,h11b_equal_ensemble,0.220077625263213,0.221298138814844,-0.00553051056221898
20251102,20251102_3_04,20251102_3_04_02,h11b_equal_ensemble,0.133284411281595,0.115364489236112,0.1443886879276
20251102,20251102_3_05,20251102_3_05_11,h11b_equal_ensemble,0.152923524697193,0.147841903105601,0.0337944773024259
20251102,20251102_3_06,20251102_3_06_05,h11b_equal_ensemble,0.173206196914788,0.168241088576556,0.0290847726895558
20251107,20251107_3_01,20251107_3_01_07,h11b_equal_ensemble,0.563807331566372,0.562937576079776,0.00154383774613831
20251107,20251107_3_02,20251107_3_02_06,h11b_equal_ensemble,0.465161219261088,0.447646789466073,0.0383795485053887
20251107,20251107_3_03,20251107_3_03_01,h11b_equal_ensemble,0.0426351428819426,0.0441399787794478,-0.0346870566016673
20251107,20251107_3_04,20251107_3_04_02,h11b_equal_ensemble,0.177308199518184,0.200690308230361,-0.123873506214241
20251107,20251107_3_05,20251107_3_05_06,h11b_equal_ensemble,0.263676026150989,0.249066761108418,0.0570001984525501
20251107,20251107_3_06,20251107_3_06_01,h11b_equal_ensemble,0.136261724655981,0.126931317634151,0.0709313482220517
20251107,20251107_3_07,20251107_3_07_08,h11b_equal_ensemble,0.139041545002972,0.141084075997612,-0.0145832229557472
20251107,20251107_3_08,20251107_3_08_04,h11b_equal_ensemble,0.39960415630876,0.378608792705452,0.0539709851262098
20251107,20251107_3_09,20251107_3_09_05,h11b_equal_ensemble,0.0385855283952176,0.0351969370946018,0.0919182296725212
20251108,20251108_1_01,20251108_1_01_01,h11b_equal_ensemble,0.185247738279578,0.180490737769573,0.0260145929242259
20251108,20251108_1_02,20251108_1_02_05,h11b_equal_ensemble,0.142524024825248,0.137963153158744,0.0325239373543458
20251108,20251108_1_03,20251108_1_03_02,h11b_equal_ensemble,0.179360818275226,0.173408867895166,0.0337473172053553
20251108,20251108_1_04,20251108_1_04_11,h11b_equal_ensemble,0.130652038642268,0.128681625946985,0.015196257813987
20251108,20251108_1_05,20251108_1_05_10,h11b_equal_ensemble,0.306252436178108,0.308819342463228,-0.00834673700483846
20251108,20251108_1_06,20251108_1_06_05,h11b_equal_ensemble,0.0416511534913126,0.0489442265598903,-0.1613523532605
20251108,20251108_1_07,20251108_1_07_10,h11b_equal_ensemble,0.183866888559515,0.186034545951528,-0.0117203233253365
20251108,20251108_1_08,20251108_1_08_03,h11b_equal_ensemble,0.0127472064901336,0.0127946769492433,-0.00371707230433227
20251108,20251108_1_09,20251108_1_09_08,h11b_equal_ensemble,0.626579164317281,0.602234765612454,0.0396277806095919
20251108,20251108_1_10,20251108_1_10_09,h11b_equal_ensemble,0.0350047225759998,0.036118085042817,-0.0313107274801219
20251108,20251108_1_11,20251108_1_11_04,h11b_equal_ensemble,0.130762692095494,0.120980120773911,0.0777579287351822
20251109,20251109_1_01,20251109_1_01_06,h11b_equal_ensemble,0.384403124112355,0.396754853505936,-0.0316267881844633
20251109,20251109_1_02,20251109_1_02_02,h11b_equal_ensemble,0.552608161392158,0.568981687729475,-0.0291990688985688
20251109,20251109_1_03,20251109_1_03_01,h11b_equal_ensemble,0.207275794878219,0.210768863901663,-0.0167118524148651
20251109,20251109_1_04,20251109_1_04_03,h11b_equal_ensemble,0.260478737183046,0.251086142550214,0.0367251571001281
20251109,20251109_1_05,20251109_1_05_06,h11b_equal_ensemble,0.549408107208667,0.498201973608154,0.0978359657318071
20251109,20251109_1_06,20251109_1_06_07,h11b_equal_ensemble,0.182478419186027,0.182274797177107,0.0011164920331721
20251109,20251109_1_07,20251109_1_07_09,h11b_equal_ensemble,0.0955373755550411,0.0891039531042717,0.069713837447178
20251109,20251109_1_08,20251109_1_08_07,h11b_equal_ensemble,0.0919580721189093,0.0898456611217404,0.0232394135096672
20251109,20251109_1_09,20251109_1_09_09,h11b_equal_ensemble,0.0214451294753913,0.0210004581225843,0.0209533026601236
20251109,20251109_1_10,20251109_1_10_07,h11b_equal_ensemble,0.27431851427693,0.276016003930266,-0.006168957172348
20251109,20251109_1_11,20251109_1_11_08,h11b_equal_ensemble,0.30996038316945,0.286628994895871,0.0782558142949372
20251109,20251109_3_01,20251109_3_01_07,h11b_equal_ensemble,0.170068923729689,0.182360719287889,-0.0697829110784693
20251109,20251109_3_02,20251109_3_02_05,h11b_equal_ensemble,0.374378493462198,0.363237846862634,0.0302094550625583
20251109,20251109_3_03,20251109_3_03_05,h11b_equal_ensemble,0.696273918634736,0.68415713143772,0.0175555286021965
20251109,20251109_3_04,20251109_3_04_06,h11b_equal_ensemble,0.0320666501548597,0.0334398139893078,-0.0419306715981267
20251109,20251109_3_05,20251109_3_05_05,h11b_equal_ensemble,0.330277556993179,0.320186041474575,0.0310311762807791
20251109,20251109_3_06,20251109_3_06_05,h11b_equal_ensemble,0.494130001295452,0.494750643490341,-0.00125524203482597
20251114,20251114_3_01,20251114_3_01_03,h11b_equal_ensemble,0.17439668725683,0.187331234361226,-0.071545840477881
20251114,20251114_3_02,20251114_3_02_06,h11b_equal_ensemble,0.116866449517383,0.110689096848456,0.0543064836463816
20251114,20251114_3_03,20251114_3_03_03,h11b_equal_ensemble,0.147920936416711,0.144972479729607,0.0201339881816955
20251114,20251114_3_04,20251114_3_04_03,h11b_equal_ensemble,0.651810274712103,0.624097208106193,0.0434473914174693
20251114,20251114_3_05,20251114_3_05_05,h11b_equal_ensemble,0.0792501494349612,0.0838021722718088,-0.055849630879758
20251114,20251114_3_06,20251114_3_06_02,h11b_equal_ensemble,0.432743249298333,0.41859737053656,0.0332350659665747
20251114,20251114_3_07,20251114_3_07_10,h11b_equal_ensemble,0.17290471230417,0.174441294949566,-0.00884761958958635
20251114,20251114_3_08,20251114_3_08_04,h11b_equal_ensemble,0.434764431463513,0.396958178905308,0.0909734152086911
20251114,20251114_3_09,20251114_3_09_02,h11b_equal_ensemble,0.0531530565285476,0.0566762824589883,-0.0641802137120147
20251115,20251115_1_01,20251115_1_01_08,h11b_equal_ensemble,0.0716935194126667,0.0720003757323077,-0.00427097874666238
20251115,20251115_1_02,20251115_1_02_01,h11b_equal_ensemble,0.256098965341092,0.25688396602916,-0.00306053575202503
20251115,20251115_1_03,20251115_1_03_08,h11b_equal_ensemble,0.16789621973255,0.169104275768227,-0.00716949219049146
20251115,20251115_1_04,20251115_1_04_05,h11b_equal_ensemble,0.271798490751084,0.266283014491372,0.0205012414832744
20251115,20251115_1_05,20251115_1_05_06,h11b_equal_ensemble,0.551121160558772,0.502955001475043,0.0914539712916249
20251115,20251115_1_06,20251115_1_06_09,h11b_equal_ensemble,0.0145778599622837,0.0163495000381372,-0.114693381353986
20251115,20251115_1_07,20251115_1_07_03,h11b_equal_ensemble,0.315283095235366,0.294864790119928,0.0669540375619089
20251115,20251115_1_08,20251115_1_08_09,h11b_equal_ensemble,0.113521207478105,0.125108314402644,-0.0971902078213507
20251115,20251115_1_09,20251115_1_09_11,h11b_equal_ensemble,0.115479992171946,0.122089309972599,-0.0556555388642144
20251115,20251115_1_10,20251115_1_10_10,h11b_equal_ensemble,0.274831564854484,0.284203997255985,-0.0335338619253982
20251115,20251115_1_11,20251115_1_11_01,h11b_equal_ensemble,0.125079005084607,0.119819397954102,0.0429599862684413
20251116,20251116_1_01,20251116_1_01_09,h11b_equal_ensemble,0.405929027758668,0.399929785054257,0.0148893415096238
20251116,20251116_1_02,20251116_1_02_06,h11b_equal_ensemble,0.184529549874851,0.186787221613709,-0.0121605040966906
20251116,20251116_1_03,20251116_1_03_05,h11b_equal_ensemble,0.0903260459558878,0.087355430402052,0.0334406539226988
20251116,20251116_1_04,20251116_1_04_06,h11b_equal_ensemble,0.409461075081994,0.39531046198329,0.0351704081449511
20251116,20251116_1_05,20251116_1_05_03,h11b_equal_ensemble,0.0433993288987717,0.0447879654872994,-0.0314954979936068
20251116,20251116_1_06,20251116_1_06_08,h11b_equal_ensemble,0.047450497701151,0.0443826918441138,0.0668374438543649
20251116,20251116_1_07,20251116_1_07_03,h11b_equal_ensemble,0.0525256614511049,0.0574383291062188,-0.0894099952167151
20251116,20251116_1_08,20251116_1_08_04,h11b_equal_ensemble,0.286840519330995,0.275893331502905,0.0389120685852029
20251116,20251116_1_09,20251116_1_09_02,h11b_equal_ensemble,0.139062543505704,0.148587867455838,-0.0662526980861022
20251116,20251116_1_10,20251116_1_10_10,h11b_equal_ensemble,0.153465053460103,0.146510978524975,0.0463725119662863
20251116,20251116_1_11,20251116_1_11_05,h11b_equal_ensemble,0.192005072737872,0.180666175108615,0.0608708002217042
20251116,20251116_3_01,20251116_3_01_03,h11b_equal_ensemble,0.445545104622408,0.46386248812468,-0.040289659772543
20251116,20251116_3_02,20251116_3_02_07,h11b_equal_ensemble,0.365422583507412,0.380535062911534,-0.0405238757009018
20251116,20251116_3_03,20251116_3_03_06,h11b_equal_ensemble,0.129437963365525,0.141969445103577,-0.0924101401315216
20251116,20251116_3_04,20251116_3_04_02,h11b_equal_ensemble,0.0499607035229423,0.0568623729472923,-0.129397071626335
20251116,20251116_3_05,20251116_3_05_09,h11b_equal_ensemble,0.163799157798756,0.160148186050912,0.0225414803341373
20251116,20251116_3_06,20251116_3_06_06,h11b_equal_ensemble,0.167698295262769,0.178200685883991,-0.0607438606059039
20251121,20251121_3_01,20251121_3_01_08,h11b_equal_ensemble,0.163574140404829,0.166247634352252,-0.0162121042848336
20251121,20251121_3_02,20251121_3_02_02,h11b_equal_ensemble,0.142962632001742,0.140499438747736,0.0173797873503578
20251121,20251121_3_03,20251121_3_03_05,h11b_equal_ensemble,0.136299788846717,0.130987814550093,0.0397524893478616
20251121,20251121_3_04,20251121_3_04_12,h11b_equal_ensemble,0.126435067795159,0.129882540850946,-0.0269016317857407
20251121,20251121_3_05,20251121_3_05_02,h11b_equal_ensemble,0.224895142646837,0.196129705242614,0.136858059091839
20251121,20251121_3_06,20251121_3_06_09,h11b_equal_ensemble,0.499668542372616,0.476468503832754,0.047543341419202
20251121,20251121_3_07,20251121_3_07_01,h11b_equal_ensemble,0.0067629935851518,0.0089829807649681,-0.283866130903136
20251121,20251121_3_08,20251121_3_08_05,h11b_equal_ensemble,0.0093918404501015,0.0109936931877413,-0.157480486713159
20251121,20251121_3_09,20251121_3_09_05,h11b_equal_ensemble,0.200413940122199,0.194517489810801,0.0298628473572415
20251122,20251122_1_01,20251122_1_01_04,h11b_equal_ensemble,0.548657162228352,0.540462038669175,0.0150493687440791
20251122,20251122_1_02,20251122_1_02_08,h11b_equal_ensemble,0.299383645256128,0.29633383696485,0.0102391990422162
20251122,20251122_1_03,20251122_1_03_02,h11b_equal_ensemble,0.0931792924864632,0.0893242314039923,0.0422527140003246
20251122,20251122_1_04,20251122_1_04_08,h11b_equal_ensemble,0.197636887807205,0.1852708953754,0.0646123937136625
20251122,20251122_1_05,20251122_1_05_07,h11b_equal_ensemble,0.217901542601128,0.222935200049129,-0.0228378251685317
20251122,20251122_1_06,20251122_1_06_08,h11b_equal_ensemble,0.272812420611774,0.265855187042177,0.0258327041135538
20251122,20251122_1_07,20251122_1_07_04,h11b_equal_ensemble,0.167899644963877,0.167432419080938,0.00278664783589444
20251122,20251122_1_08,20251122_1_08_04,h11b_equal_ensemble,0.264156344042779,0.25839581618871,0.0220485595838709
20251122,20251122_1_09,20251122_1_09_07,h11b_equal_ensemble,0.310653761310815,0.297081623512925,0.044672056622
20251122,20251122_1_10,20251122_1_10_04,h11b_equal_ensemble,0.393788669878183,0.396629499140734,-0.00718819887010613
20251122,20251122_1_11,20251122_1_11_05,h11b_equal_ensemble,0.0831504138548491,0.0887078683251734,-0.0646974097076067
20251123,20251123_1_01,20251123_1_01_12,h11b_equal_ensemble,0.191137013525813,0.209664372946617,-0.0925175089532373
20251123,20251123_1_02,20251123_1_02_01,h11b_equal_ensemble,0.524319031143611,0.532460817129561,-0.0154089749062728
20251123,20251123_1_03,20251123_1_03_06,h11b_equal_ensemble,0.37117512673806,0.362553078262363,0.0235031045882782
20251123,20251123_1_04,20251123_1_04_05,h11b_equal_ensemble,0.6485679603429,0.628504019566034,0.0314243709761063
20251123,20251123_1_05,20251123_1_05_06,h11b_equal_ensemble,0.0178985676443545,0.0188409708221134,-0.0513131078802838
20251123,20251123_1_06,20251123_1_06_05,h11b_equal_ensemble,0.0878954634722411,0.081988327626116,0.0695713021505173
20251123,20251123_1_07,20251123_1_07_05,h11b_equal_ensemble,0.232926207072125,0.234210508404287,-0.00549862395954381
20251123,20251123_1_08,20251123_1_08_02,h11b_equal_ensemble,0.386884064526356,0.378843754068046,0.0210012115960555
20251123,20251123_1_09,20251123_1_09_10,h11b_equal_ensemble,0.161909376912383,0.158007940731565,0.0243914873746223
20251123,20251123_1_10,20251123_1_10_01,h11b_equal_ensemble,0.0188580981269687,0.0196760454835246,-0.0424595000586572
20251123,20251123_1_11,20251123_1_11_02,h11b_equal_ensemble,0.163983111623466,0.169658708065172,-0.034025374888353
20251123,20251123_3_01,20251123_3_01_06,h11b_equal_ensemble,0.20289355405523,0.222268874616671,-0.0912063186926304
20251123,20251123_3_02,20251123_3_02_05,h11b_equal_ensemble,0.565617320126636,0.535978908737839,0.0538229257584558
20251123,20251123_3_03,20251123_3_03_10,h11b_equal_ensemble,0.267424770189533,0.267148703661445,0.00103284792879976
20251123,20251123_3_04,20251123_3_04_01,h11b_equal_ensemble,0.169323850995071,0.185220107063561,-0.0897317264946969
20251123,20251123_3_05,20251123_3_05_03,h11b_equal_ensemble,0.103001939329297,0.0966033713974917,0.0641341752875455
20251123,20251123_3_06,20251123_3_06_07,h11b_equal_ensemble,0.0748709996305114,0.0809221312570683,-0.0777207220780709
20251128,20251128_3_01,20251128_3_01_11,h11b_equal_ensemble,0.228077099337593,0.228264804362955,-0.000822650887090326
20251128,20251128_3_02,20251128_3_02_03,h11b_equal_ensemble,0.0415393727642711,0.0423292914990876,-0.0188375980590041
20251128,20251128_3_03,20251128_3_03_12,h11b_equal_ensemble,0.124362949517506,0.122775683569172,0.0128453229158318
20251128,20251128_3_04,20251128_3_04_12,h11b_equal_ensemble,0.0169644154587241,0.0180256142869155,-0.060675820384831
20251128,20251128_3_05,20251128_3_05_02,h11b_equal_ensemble,0.0492750654412876,0.0537831789303509,-0.0875425778716186
20251128,20251128_3_06,20251128_3_06_07,h11b_equal_ensemble,0.632684914251407,0.617778699739506,0.0238422301307044
20251128,20251128_3_07,20251128_3_07_01,h11b_equal_ensemble,0.232451530728341,0.235248915566584,-0.0119624354396304
20251128,20251128_3_08,20251128_3_08_01,h11b_equal_ensemble,0.437085113780366,0.44269940089892,-0.012763041941275
20251128,20251128_3_09,20251128_3_09_09,h11b_equal_ensemble,0.54073655730544,0.539198745590189,0.00284797200453268
20251129,20251129_1_01,20251129_1_01_01,h11b_equal_ensemble,0.490024029965529,0.495581263218099,-0.0112769121332417
20251129,20251129_1_02,20251129_1_02_04,h11b_equal_ensemble,0.101776099415076,0.0976265786473435,0.0416255181862435
20251129,20251129_1_03,20251129_1_03_05,h11b_equal_ensemble,0.552489859966307,0.560099979176771,-0.0136802218167574
20251129,20251129_1_04,20251129_1_04_04,h11b_equal_ensemble,0.184982837977535,0.186488556199894,-0.00810682325660239
20251129,20251129_1_05,20251129_1_05_04,h11b_equal_ensemble,0.330419843386561,0.318861744501104,0.0356064924985631
20251129,20251129_1_06,20251129_1_06_05,h11b_equal_ensemble,0.286515826788258,0.308055643635122,-0.0724866513364544
20251129,20251129_1_07,20251129_1_07_08,h11b_equal_ensemble,0.0697391315886788,0.0714477743454253,-0.0242051650284076
20251129,20251129_1_08,20251129_1_08_01,h11b_equal_ensemble,0.468274859927127,0.474971784820007,-0.0141999708347675
20251129,20251129_1_09,20251129_1_09_07,h11b_equal_ensemble,0.21660977525708,0.21734905635939,-0.0034071518476948
20251129,20251129_1_10,20251129_1_10_10,h11b_equal_ensemble,0.102572769472538,0.0991571942067901,0.0338660816081102
20251129,20251129_1_11,20251129_1_11_02,h11b_equal_ensemble,0.372033456528373,0.349081895334708,0.0636772353390342
20251130,20251130_1_01,20251130_1_01_01,h11b_equal_ensemble,0.152588010437626,0.160934597894682,-0.0532565109934877
20251130,20251130_1_02,20251130_1_02_06,h11b_equal_ensemble,0.587362189427494,0.567707689220828,0.0340349927155863
20251130,20251130_1_03,20251130_1_03_09,h11b_equal_ensemble,0.284412696812135,0.274391775602171,0.035869418031127
20251130,20251130_1_04,20251130_1_04_01,h11b_equal_ensemble,0.382575053349627,0.365268487492776,0.0462921865793854
20251130,20251130_1_05,20251130_1_05_02,h11b_equal_ensemble,0.626804269639037,0.602488831217651,0.0395651944682278
20251130,20251130_1_06,20251130_1_06_11,h11b_equal_ensemble,0.284201266216326,0.295492808876303,-0.0389618300823769
20251130,20251130_1_07,20251130_1_07_08,h11b_equal_ensemble,0.0468828666931519,0.0478424511840174,-0.0202610524567626
20251130,20251130_1_08,20251130_1_08_11,h11b_equal_ensemble,0.0706351777890672,0.0606275851624722,0.152778299167672
20251130,20251130_1_09,20251130_1_09_03,h11b_equal_ensemble,0.0253429599997189,0.0284941274752186,-0.117197033116148
20251130,20251130_1_10,20251130_1_10_06,h11b_equal_ensemble,0.171914556883932,0.167212676014788,0.0277310798209809
20251130,20251130_1_11,20251130_1_11_08,h11b_equal_ensemble,0.0093160209785432,0.0107338536805261,-0.141667038356593
20251130,20251130_3_01,20251130_3_01_05,h11b_equal_ensemble,0.275812373126884,0.249846735198262,0.0988731563743028
20251130,20251130_3_02,20251130_3_02_05,h11b_equal_ensemble,0.112672369553507,0.112668146404065,3.74823801654323e-05
20251130,20251130_3_03,20251130_3_03_04,h11b_equal_ensemble,0.322198961843169,0.307479331408874,0.0467613785923855
20251130,20251130_3_04,20251130_3_04_09,h11b_equal_ensemble,0.275720759312324,0.275023238597911,0.00253301385039273
20251130,20251130_3_05,20251130_3_05_05,h11b_equal_ensemble,0.245849906102688,0.241854188179459,0.0163861955490219
20251130,20251130_3_06,20251130_3_06_12,h11b_equal_ensemble,0.0200121463223368,0.0232800062845828,-0.151255487490476
20251205,20251205_3_01,20251205_3_01_03,h11b_equal_ensemble,0.745348351244861,0.722881874216554,0.0306058686750729
20251205,20251205_3_02,20251205_3_02_07,h11b_equal_ensemble,0.19264798041681,0.19985810926976,-0.0367430732708263
20251205,20251205_3_03,20251205_3_03_04,h11b_equal_ensemble,0.06436397457645,0.0612544780286706,0.0495171181758449
20251205,20251205_3_04,20251205_3_04_03,h11b_equal_ensemble,0.146131528719189,0.14810269617196,-0.0133988283891164
20251205,20251205_3_05,20251205_3_05_02,h11b_equal_ensemble,0.026210999781585,0.0237865244997556,0.0970599388132749
20251205,20251205_3_06,20251205_3_06_12,h11b_equal_ensemble,0.129944964749318,0.126571923431377,0.0263003014654752
20251205,20251205_3_07,20251205_3_07_12,h11b_equal_ensemble,0.166570710165074,0.15380996735494,0.0797020427222488
20251205,20251205_3_08,20251205_3_08_09,h11b_equal_ensemble,0.143403433152402,0.141014385088998,0.0167999618875321
20251205,20251205_3_09,20251205_3_09_07,h11b_equal_ensemble,0.0686974532711172,0.0688679206547355,-0.00247834852633844
20251206,20251206_1_01,20251206_1_01_09,h11b_equal_ensemble,0.474507483623871,0.446760650400024,0.0602543960380949
20251206,20251206_1_03,20251206_1_03_06,h11b_equal_ensemble,0.518313714114947,0.500400773412212,0.0351713604672618
20251206,20251206_1_04,20251206_1_04_11,h11b_equal_ensemble,0.223277790233217,0.20960056548042,0.0632130419915162
20251206,20251206_1_05,20251206_1_05_02,h11b_equal_ensemble,0.324638587107545,0.321131250421074,0.0108626045078835
20251206,20251206_1_06,20251206_1_06_05,h11b_equal_ensemble,0.276602878870188,0.256956449217687,0.0736762150007553
20251206,20251206_1_07,20251206_1_07_09,h11b_equal_ensemble,0.651076128594,0.628034370962872,0.0360316805729909
20251206,20251206_1_08,20251206_1_08_08,h11b_equal_ensemble,0.233922768370332,0.223468807538771,0.0457191704510735
20251206,20251206_1_09,20251206_1_09_09,h11b_equal_ensemble,0.257713396504311,0.265973965315774,-0.0315503280489191
20251206,20251206_1_10,20251206_1_10_05,h11b_equal_ensemble,0.199072175780266,0.199892900276777,-0.00411427317066471
20251206,20251206_1_11,20251206_1_11_11,h11b_equal_ensemble,0.0693260993095611,0.0659761539822063,0.049528075267649
20251207,20251207_1_01,20251207_1_01_08,h11b_equal_ensemble,0.0365798186759928,0.0355351544072642,0.028974214548088
20251207,20251207_1_02,20251207_1_02_04,h11b_equal_ensemble,0.0581439859629798,0.0598410239504525,-0.028768994195763
20251207,20251207_1_03,20251207_1_03_03,h11b_equal_ensemble,0.410994075335374,0.383218952419816,0.0699722959781914
20251207,20251207_1_04,20251207_1_04_07,h11b_equal_ensemble,0.295964330484796,0.308142762288374,-0.0403242475636667
20251207,20251207_1_05,20251207_1_05_08,h11b_equal_ensemble,0.463911166265529,0.444145058830157,0.043541863731667
20251207,20251207_1_06,20251207_1_06_09,h11b_equal_ensemble,0.19966007969027,0.173467607835837,0.140625435433987
20251207,20251207_1_07,20251207_1_07_09,h11b_equal_ensemble,0.469092003727537,0.499646120904923,-0.0631011704507602
20251207,20251207_1_08,20251207_1_08_09,h11b_equal_ensemble,0.333825775397597,0.320747368529411,0.0399654269891385
20251207,20251207_1_09,20251207_1_09_10,h11b_equal_ensemble,0.471866582181382,0.448235399244373,0.0513777415992202
20251207,20251207_1_10,20251207_1_10_04,h11b_equal_ensemble,0.0678694953017174,0.0874079885431049,-0.253000006141504
20251207,20251207_1_11,20251207_1_11_10,h11b_equal_ensemble,0.261061222249209,0.257598411383386,0.0133531205993322
20251207,20251207_3_01,20251207_3_01_05,h11b_equal_ensemble,0.297917542527025,0.311586438974819,-0.0448600471429406
20251207,20251207_3_02,20251207_3_02_06,h11b_equal_ensemble,0.445945636324546,0.421411420336146,0.0565874509987385
20251207,20251207_3_03,20251207_3_03_04,h11b_equal_ensemble,0.0668367752484925,0.0688837192928264,-0.0301663986337193
20251207,20251207_3_04,20251207_3_04_05,h11b_equal_ensemble,0.240547963586459,0.241106771071876,-0.00232036641988387
20251207,20251207_3_05,20251207_3_05_05,h11b_equal_ensemble,0.153062004736586,0.161634268295733,-0.0544930808785691
20251207,20251207_3_06,20251207_3_06_06,h11b_equal_ensemble,0.28408454413816,0.26587303012236,0.066253020031243
20251212,20251212_3_01,20251212_3_01_07,h11b_equal_ensemble,0.468683730165558,0.44706004239597,0.0472352830168045
20251212,20251212_3_02,20251212_3_02_09,h11b_equal_ensemble,0.561287469940743,0.538113883371397,0.0421629815251675
20251212,20251212_3_03,20251212_3_03_06,h11b_equal_ensemble,0.354666001394512,0.364233398241578,-0.0266183606493244
20251212,20251212_3_04,20251212_3_04_04,h11b_equal_ensemble,0.0376973807213081,0.0363624135717956,0.0360549681833571
20251212,20251212_3_05,20251212_3_05_12,h11b_equal_ensemble,0.419043173996104,0.398020494945975,0.0514704563795598
20251212,20251212_3_06,20251212_3_06_02,h11b_equal_ensemble,0.10981695511346,0.11510308819308,-0.0470132105803391
20251212,20251212_3_07,20251212_3_07_10,h11b_equal_ensemble,0.0708648869459087,0.0656157431635928,0.0769594088654495
20251212,20251212_3_08,20251212_3_08_06,h11b_equal_ensemble,0.0333344343722144,0.0307926143721693,0.0793160598277196
20251212,20251212_3_09,20251212_3_09_06,h11b_equal_ensemble,0.125502999156325,0.12089525143871,0.0374051758651848
20251213,20251213_1_01,20251213_1_01_11,h11b_equal_ensemble,0.718893092982759,0.718561044778579,0.000461994857941794
20251213,20251213_1_02,20251213_1_02_10,h11b_equal_ensemble,0.322506426931166,0.316102322115267,0.0200570991700941
20251213,20251213_1_03,20251213_1_03_08,h11b_equal_ensemble,0.209515327791634,0.216599263838391,-0.0332520354773151
20251213,20251213_1_04,20251213_1_04_08,h11b_equal_ensemble,0.141981060275546,0.139295360960537,0.0190970926418372
20251213,20251213_1_05,20251213_1_05_05,h11b_equal_ensemble,0.0907960156551287,0.0862810977534198,0.0510048596038928
20251213,20251213_1_06,20251213_1_06_09,h11b_equal_ensemble,0.123264285072348,0.134807536578914,-0.0895173968240011
20251213,20251213_1_07,20251213_1_07_05,h11b_equal_ensemble,0.256252609900629,0.266843499452818,-0.0404986268001963
20251213,20251213_1_08,20251213_1_08_02,h11b_equal_ensemble,0.57902066098897,0.533619220852019,0.0816556458154507
20251213,20251213_1_09,20251213_1_09_11,h11b_equal_ensemble,0.628767508037652,0.618221620724965,0.01691456405183
20251213,20251213_1_10,20251213_1_10_04,h11b_equal_ensemble,0.425452645134319,0.397668642746994,0.0675345469335034
20251213,20251213_1_11,20251213_1_11_05,h11b_equal_ensemble,0.0413325177861491,0.0417062205792945,-0.00900074648074911
20251214,20251214_1_01,20251214_1_01_07,h11b_equal_ensemble,0.0631819116006044,0.0601887705194042,0.0485322526438368
20251214,20251214_1_02,20251214_1_02_10,h11b_equal_ensemble,0.430898763393993,0.418652484074801,0.0288319926276237
20251214,20251214_1_03,20251214_1_03_07,h11b_equal_ensemble,0.0764291559431893,0.0807951610098348,-0.055552829575257
20251214,20251214_1_04,20251214_1_04_06,h11b_equal_ensemble,0.401784026647219,0.398855134982951,0.00731641635809444
20251214,20251214_1_05,20251214_1_05_01,h11b_equal_ensemble,0.157781396558947,0.161172723132078,-0.0212660954821584
20251214,20251214_1_07,20251214_1_07_05,h11b_equal_ensemble,0.318709266423659,0.298095333922636,0.0668659488581607
20251214,20251214_1_08,20251214_1_08_08,h11b_equal_ensemble,0.281006654458375,0.267448168184151,0.0494525666360119
20251214,20251214_1_09,20251214_1_09_10,h11b_equal_ensemble,0.470789239894965,0.473324660099955,-0.00537101784035965
20251214,20251214_1_10,20251214_1_10_01,h11b_equal_ensemble,0.107294384058324,0.0927447980038464,0.145724695871949
20251214,20251214_1_11,20251214_1_11_06,h11b_equal_ensemble,0.152365120145649,0.154452401141541,-0.0136062190218047
20251214,20251214_3_01,20251214_3_01_02,h11b_equal_ensemble,0.313468624843393,0.319948685316375,-0.0204613497284092
20251214,20251214_3_02,20251214_3_02_07,h11b_equal_ensemble,0.403906248337487,0.363918617531561,0.10425252803141
20251214,20251214_3_03,20251214_3_03_03,h11b_equal_ensemble,0.574027360445695,0.57542347085362,-0.00242917932013353
20251214,20251214_3_04,20251214_3_04_10,h11b_equal_ensemble,0.020160148175965,0.0208472361432094,-0.0335135872049728
20251214,20251214_3_05,20251214_3_05_08,h11b_equal_ensemble,0.328855181971848,0.31799854111272,0.0335706824081468
20251214,20251214_3_06,20251214_3_06_04,h11b_equal_ensemble,0.384141252920218,0.382556669633777,0.00413353289743412
20251219,20251219_3_01,20251219_3_01_02,h11b_equal_ensemble,0.405417997042701,0.401631922443638,0.00938257295481459
20251219,20251219_3_02,20251219_3_02_01,h11b_equal_ensemble,0.107873344191311,0.110794109404113,-0.0267158087186776
20251219,20251219_3_03,20251219_3_03_07,h11b_equal_ensemble,0.0189275854447053,0.020889369462817,-0.0986199861272126
20251219,20251219_3_04,20251219_3_04_11,h11b_equal_ensemble,0.161260701391446,0.156420352564498,0.0304753675606757
20251219,20251219_3_05,20251219_3_05_05,h11b_equal_ensemble,0.393822843799045,0.348888804982963,0.121147912082629
20251219,20251219_3_06,20251219_3_06_07,h11b_equal_ensemble,0.220550261240397,0.200657096093961,0.0945281494259544
20251219,20251219_3_07,20251219_3_07_12,h11b_equal_ensemble,0.0213996323956851,0.0215900873577076,-0.00886054662154878
20251219,20251219_3_08,20251219_3_08_05,h11b_equal_ensemble,0.120776750106246,0.120653095328962,0.00102435378586563
20251219,20251219_3_09,20251219_3_09_05,h11b_equal_ensemble,0.0615542989501126,0.0656930972917467,-0.0650741608835426
20251220,20251220_1_01,20251220_1_01_05,h11b_equal_ensemble,0.737978297788469,0.728663817641491,0.0127019472322728
20251220,20251220_1_02,20251220_1_02_03,h11b_equal_ensemble,0.400969259419777,0.381159034337107,0.0506680635745688
20251220,20251220_1_03,20251220_1_03_01,h11b_equal_ensemble,0.707734517229676,0.677962738476689,0.0429767192773002
20251220,20251220_1_04,20251220_1_04_11,h11b_equal_ensemble,0.566363685474929,0.564069163394266,0.00405955158520577
20251220,20251220_1_05,20251220_1_05_10,h11b_equal_ensemble,0.371577105175937,0.365802023721373,0.0156641253087894
20251220,20251220_1_06,20251220_1_06_05,h11b_equal_ensemble,0.0388988162822565,0.0454913558241967,-0.156558505622911
20251220,20251220_1_07,20251220_1_07_05,h11b_equal_ensemble,0.436060554251035,0.424243939008289,0.0274725019580724
20251220,20251220_1_08,20251220_1_08_04,h11b_equal_ensemble,0.0778958962115879,0.0780294625755381,-0.00171320941838093
20251220,20251220_1_09,20251220_1_09_04,h11b_equal_ensemble,0.588475237719077,0.611671071357931,-0.0386598240526383
20251220,20251220_1_10,20251220_1_10_07,h11b_equal_ensemble,0.0355892849366702,0.0314462307701013,0.123765479991334
20251220,20251220_1_11,20251220_1_11_10,h11b_equal_ensemble,0.169794700546429,0.176835448919636,-0.0406295696283432
20251221,20251221_1_01,20251221_1_01_01,h11b_equal_ensemble,0.275783379444946,0.26944073926798,0.0232672257016138
20251221,20251221_1_02,20251221_1_02_02,h11b_equal_ensemble,0.522977237167574,0.533121517898363,-0.0192114471951003
20251221,20251221_1_03,20251221_1_03_06,h11b_equal_ensemble,0.247271188032955,0.235174519479036,0.050157786998136
20251221,20251221_1_04,20251221_1_04_10,h11b_equal_ensemble,0.174322002509125,0.177852045944803,-0.020047823977412
20251221,20251221_1_05,20251221_1_05_08,h11b_equal_ensemble,0.0258619955951558,0.0316772336850707,-0.202823703034005
20251221,20251221_1_06,20251221_1_06_07,h11b_equal_ensemble,0.0255949386725668,0.0264075016654322,-0.0312534999459806
20251221,20251221_1_07,20251221_1_07_10,h11b_equal_ensemble,0.106855675970691,0.0986577882883291,0.0798219232349768
20251221,20251221_1_08,20251221_1_08_02,h11b_equal_ensemble,0.120857178706016,0.121390434445703,-0.00440257465553762
20251221,20251221_1_09,20251221_1_09_05,h11b_equal_ensemble,0.34531710110771,0.36171840187815,-0.0464028852117282
20251221,20251221_1_10,20251221_1_10_04,h11b_equal_ensemble,0.547389165257534,0.534946781775167,0.0229927346807963
20251221,20251221_1_11,20251221_1_11_09,h11b_equal_ensemble,0.282098734099912,0.284879090169608,-0.00980771465059371
20251221,20251221_3_01,20251221_3_01_09,h11b_equal_ensemble,0.0657373268393284,0.0795896741202264,-0.191217457539161
20251221,20251221_3_02,20251221_3_02_10,h11b_equal_ensemble,0.52330149702292,0.506622716216902,0.0323911970086705
20251221,20251221_3_03,20251221_3_03_09,h11b_equal_ensemble,0.36714097263901,0.366260005494786,0.00240241721570222
20251221,20251221_3_04,20251221_3_04_07,h11b_equal_ensemble,0.373735654956459,0.378956899203129,-0.013873733615444
20251221,20251221_3_05,20251221_3_05_01,h11b_equal_ensemble,0.618950893560048,0.602574787155647,0.0268141519268621
20251221,20251221_3_06,20251221_3_06_11,h11b_equal_ensemble,0.0264761446514244,0.0281913852968132,-0.0627723196109895
20251226,20251226_3_01,20251226_3_01_11,h11b_equal_ensemble,0.554537117763146,0.538951453079515,0.02850824535369
20251226,20251226_3_02,20251226_3_02_05,h11b_equal_ensemble,0.292193760896777,0.267689055410685,0.0875910810162712
20251226,20251226_3_03,20251226_3_03_05,h11b_equal_ensemble,0.509907134221627,0.496165044165334,0.0273199976673562
20251226,20251226_3_04,20251226_3_04_08,h11b_equal_ensemble,0.0235246740664075,0.027402431461094,-0.152581918312884
20251226,20251226_3_05,20251226_3_05_12,h11b_equal_ensemble,0.0974583040187297,0.0989161999155676,-0.0148483907360148
20251226,20251226_3_07,20251226_3_07_11,h11b_equal_ensemble,0.0737312204784163,0.0868762036692933,-0.164057833761604
20251226,20251226_3_08,20251226_3_08_08,h11b_equal_ensemble,0.432579768074603,0.419170042432684,0.0314900774297984
20251226,20251226_3_09,20251226_3_09_11,h11b_equal_ensemble,0.0899034342922086,0.0869862447483633,0.0329861421822675
20251227,20251227_1_01,20251227_1_01_04,h11b_equal_ensemble,0.154206094490226,0.148040497947771,0.0408041125159369
20251227,20251227_1_02,20251227_1_02_09,h11b_equal_ensemble,0.668587481150567,0.679809493343531,-0.0166453522350624
20251227,20251227_1_03,20251227_1_03_01,h11b_equal_ensemble,0.407669854174182,0.396574755889337,0.0275931031478611
20251227,20251227_1_04,20251227_1_04_01,h11b_equal_ensemble,0.116198319318144,0.129855804463104,-0.111126257790348
20251227,20251227_1_05,20251227_1_05_04,h11b_equal_ensemble,0.356845432781205,0.347532043677897,0.0264458538513017
20251227,20251227_1_06,20251227_1_06_06,h11b_equal_ensemble,0.467830480512258,0.448124743424098,0.043034370372666
20251227,20251227_1_07,20251227_1_07_10,h11b_equal_ensemble,0.485063995487434,0.469185773749936,0.033282035597945
20251227,20251227_1_08,20251227_1_08_04,h11b_equal_ensemble,0.0673243080288937,0.069265890045804,-0.0284312173167125
20251227,20251227_1_09,20251227_1_09_07,h11b_equal_ensemble,0.470957481381993,0.476562020256754,-0.0118300556937387
20251227,20251227_1_10,20251227_1_10_05,h11b_equal_ensemble,0.0862246345169762,0.0888617071829965,-0.0301253892748661
20251227,20251227_1_11,20251227_1_11_08,h11b_equal_ensemble,0.0443785037960077,0.0467043966990874,-0.0510831045135252
20251025,20251025_1_01,20251025_1_01_12,h11b_lightgbm,0.196539108334993,0.20264239232672,-0.0305813753087045
20251025,20251025_1_02,20251025_1_02_07,h11b_lightgbm,0.13240274814097,0.135687769203919,-0.0245080319967113
20251025,20251025_1_03,20251025_1_03_04,h11b_lightgbm,0.197986648743858,0.230031732835652,-0.150017670422611
20251025,20251025_1_04,20251025_1_04_10,h11b_lightgbm,0.156744954816147,0.148228450222064,0.0558653265676079
20251025,20251025_1_05,20251025_1_05_04,h11b_lightgbm,0.169659928037565,0.16129109658631,0.0505852244680451
20251025,20251025_1_06,20251025_1_06_02,h11b_lightgbm,0.176815384357106,0.173148384038107,0.0209572239357487
20251025,20251025_1_07,20251025_1_07_07,h11b_lightgbm,0.511079721906059,0.495384578592258,0.0311912022264405
20251025,20251025_1_08,20251025_1_08_05,h11b_lightgbm,0.0972947844852069,0.0933084634836587,0.0418345690236461
20251025,20251025_1_09,20251025_1_09_04,h11b_lightgbm,0.481639801599351,0.50587021226598,-0.0490836037916268
20251025,20251025_1_10,20251025_1_10_03,h11b_lightgbm,0.150917312288591,0.172692026127666,-0.134777726183277
20251025,20251025_1_11,20251025_1_11_11,h11b_lightgbm,0.374741290229523,0.331606293523184,0.122287492820898
20251026,20251026_1_01,20251026_1_01_05,h11b_lightgbm,0.0241430886039317,0.0236683403688911,0.0198598472819258
20251026,20251026_1_02,20251026_1_02_02,h11b_lightgbm,0.384042598425,0.379539936670274,0.0117936535668517
20251026,20251026_1_03,20251026_1_03_06,h11b_lightgbm,0.113892935294191,0.110383591639282,0.0312973466763369
20251026,20251026_1_04,20251026_1_04_03,h11b_lightgbm,0.392573733924287,0.398219580279453,-0.0142791856822421
20251026,20251026_1_05,20251026_1_05_11,h11b_lightgbm,0.0331503152143406,0.0344453344740614,-0.0383213340637742
20251026,20251026_1_06,20251026_1_06_11,h11b_lightgbm,0.0574168415115874,0.0512901010517528,0.112839894812543
20251026,20251026_1_07,20251026_1_07_07,h11b_lightgbm,0.511855963106101,0.524827501752232,-0.0250263771076769
20251026,20251026_1_08,20251026_1_08_10,h11b_lightgbm,0.116594284947325,0.131682435159398,-0.121692971225285
20251026,20251026_1_09,20251026_1_09_09,h11b_lightgbm,0.14306499807691,0.130067912171322,0.0952423436285115
20251026,20251026_1_10,20251026_1_10_10,h11b_lightgbm,0.564420293674045,0.537935298407906,0.0480608857757183
20251026,20251026_1_11,20251026_1_11_03,h11b_lightgbm,0.0398443948251389,0.0493726479227332,-0.214414846570206
20251026,20251026_3_01,20251026_3_01_05,h11b_lightgbm,0.16742554089528,0.160536226587644,0.0420190925353587
20251026,20251026_3_02,20251026_3_02_10,h11b_lightgbm,0.213204899971378,0.217375761140239,-0.0193737991682477
20251026,20251026_3_03,20251026_3_03_05,h11b_lightgbm,0.0646887333108294,0.0642352080260824,0.00703557695815782
20251026,20251026_3_04,20251026_3_04_03,h11b_lightgbm,0.369761510366526,0.350909373857121,0.0523302352502061
20251026,20251026_3_05,20251026_3_05_01,h11b_lightgbm,0.327766875914517,0.298721825481184,0.0927898207370426
20251026,20251026_3_06,20251026_3_06_01,h11b_lightgbm,0.42412631218627,0.425632133744533,-0.00354412043014207
20251031,20251031_3_01,20251031_3_01_02,h11b_lightgbm,0.0714366843412926,0.0688492117830073,0.0368927469083697
20251031,20251031_3_02,20251031_3_02_07,h11b_lightgbm,0.250557615666739,0.265598145531244,-0.0582955386513242
20251031,20251031_3_03,20251031_3_03_04,h11b_lightgbm,0.107755495361134,0.0963890657627114,0.111471959229454
20251031,20251031_3_04,20251031_3_04_01,h11b_lightgbm,0.429316882461211,0.399390655154547,0.0722552765147811
20251031,20251031_3_05,20251031_3_05_06,h11b_lightgbm,0.0243645893985403,0.0279550213739419,-0.137466015010481
20251031,20251031_3_06,20251031_3_06_02,h11b_lightgbm,0.0501702046422101,0.0554782928677092,-0.100570507280945
20251031,20251031_3_07,20251031_3_07_10,h11b_lightgbm,0.283076953754272,0.275729469631817,0.026298579541767
20251031,20251031_3_08,20251031_3_08_11,h11b_lightgbm,0.484032232624435,0.50009019788379,-0.032636977089739
20251101,20251101_1_01,20251101_1_01_12,h11b_lightgbm,0.0425883500294673,0.0443011054559062,-0.0394288882097267
20251101,20251101_1_02,20251101_1_02_02,h11b_lightgbm,0.351992334947044,0.331915142281566,0.058730058933447
20251101,20251101_1_03,20251101_1_03_07,h11b_lightgbm,0.176603908584816,0.170979540873665,0.0323655150107007
20251101,20251101_1_04,20251101_1_04_06,h11b_lightgbm,0.220841392906269,0.228690525461122,-0.0349249076605018
20251101,20251101_1_05,20251101_1_05_10,h11b_lightgbm,0.308333076720851,0.308527383555353,-0.000629986369498958
20251101,20251101_1_06,20251101_1_06_01,h11b_lightgbm,0.559605896100898,0.529617514359926,0.0550777040160587
20251101,20251101_1_07,20251101_1_07_10,h11b_lightgbm,0.152465077754839,0.154680946587021,-0.0144290148731001
20251101,20251101_1_08,20251101_1_08_02,h11b_lightgbm,0.372835864104525,0.365204332960581,0.0206812669072931
20251101,20251101_1_09,20251101_1_09_08,h11b_lightgbm,0.159367467430856,0.201136830661487,-0.232772774397022
20251101,20251101_1_10,20251101_1_10_09,h11b_lightgbm,0.346163070298682,0.346497779009561,-0.000966443353235258
20251101,20251101_1_11,20251101_1_11_01,h11b_lightgbm,0.0408189115525443,0.0482010944384147,-0.16623623452661
20251102,20251102_1_01,20251102_1_01_08,h11b_lightgbm,0.035054321161527,0.0349279315327958,0.00361205194978487
20251102,20251102_1_02,20251102_1_02_02,h11b_lightgbm,0.580347531595639,0.576120367147349,0.0073105068961753
20251102,20251102_1_03,20251102_1_03_11,h11b_lightgbm,0.0546545964054264,0.0536239611627079,0.0190373125116872
20251102,20251102_1_04,20251102_1_04_03,h11b_lightgbm,0.0887587073213669,0.093211899558129,-0.048953856997497
20251102,20251102_1_05,20251102_1_05_11,h11b_lightgbm,0.388673841784926,0.416178390621576,-0.0683734530271702
20251102,20251102_1_06,20251102_1_06_07,h11b_lightgbm,0.325348585117711,0.321359705186836,0.0123361044725092
20251102,20251102_1_07,20251102_1_07_04,h11b_lightgbm,0.21639364959228,0.202461928996052,0.0665473369361884
20251102,20251102_1_08,20251102_1_08_11,h11b_lightgbm,0.401339745187785,0.366648468417103,0.0904047761576137
20251102,20251102_1_09,20251102_1_09_06,h11b_lightgbm,0.193880803501883,0.174916661750051,0.102933913370069
20251102,20251102_1_10,20251102_1_10_08,h11b_lightgbm,0.0294847329221248,0.0310808607464751,-0.0527196183431529
20251102,20251102_1_11,20251102_1_11_09,h11b_lightgbm,0.269632293293759,0.221778442086049,0.195380279203028
20251102,20251102_3_01,20251102_3_01_02,h11b_lightgbm,0.310168948434636,0.305198562293559,0.0161545552772362
20251102,20251102_3_02,20251102_3_02_04,h11b_lightgbm,0.45837531201582,0.449705361834624,0.0190956902487741
20251102,20251102_3_03,20251102_3_03_09,h11b_lightgbm,0.19041337306894,0.221298138814844,-0.150313480188553
20251102,20251102_3_04,20251102_3_04_02,h11b_lightgbm,0.125748146195468,0.115364489236112,0.0861844790925264
20251102,20251102_3_05,20251102_3_05_11,h11b_lightgbm,0.151424575472213,0.147841903105601,0.0239441687629471
20251102,20251102_3_06,20251102_3_06_05,h11b_lightgbm,0.174653231289369,0.168241088576556,0.0374044708429315
20251107,20251107_3_01,20251107_3_01_07,h11b_lightgbm,0.561715321921347,0.562937576079776,-0.00217356775908895
20251107,20251107_3_02,20251107_3_02_06,h11b_lightgbm,0.453245598733345,0.447646789466073,0.012429634045388
20251107,20251107_3_03,20251107_3_03_01,h11b_lightgbm,0.0431040162815755,0.0441399787794478,-0.0237497421172757
20251107,20251107_3_04,20251107_3_04_02,h11b_lightgbm,0.190445503594576,0.200690308230361,-0.0523968815313836
20251107,20251107_3_05,20251107_3_05_06,h11b_lightgbm,0.260120517781103,0.249066761108418,0.0434240761169651
20251107,20251107_3_06,20251107_3_06_01,h11b_lightgbm,0.133165063931004,0.126931317634151,0.0479433067639161
20251107,20251107_3_07,20251107_3_07_08,h11b_lightgbm,0.134649831122454,0.141084075997612,-0.0466784312822905
20251107,20251107_3_08,20251107_3_08_04,h11b_lightgbm,0.416002802273818,0.378608792705452,0.0941885337065438
20251107,20251107_3_09,20251107_3_09_05,h11b_lightgbm,0.0411302996662559,0.0351969370946018,0.155786003587265
20251108,20251108_1_01,20251108_1_01_01,h11b_lightgbm,0.202751026521232,0.180490737769573,0.116299293812437
20251108,20251108_1_02,20251108_1_02_05,h11b_lightgbm,0.144171849948025,0.137963153158744,0.0440193470455519
20251108,20251108_1_03,20251108_1_03_02,h11b_lightgbm,0.183376497228601,0.173408867895166,0.0558891969729223
20251108,20251108_1_04,20251108_1_04_11,h11b_lightgbm,0.120780379486272,0.128681625946985,-0.0633674870376173
20251108,20251108_1_05,20251108_1_05_10,h11b_lightgbm,0.324892144880436,0.308819342463228,0.0507368116456126
20251108,20251108_1_06,20251108_1_06_05,h11b_lightgbm,0.0454043398516481,0.0489442265598903,-0.0750737244345818
20251108,20251108_1_07,20251108_1_07_10,h11b_lightgbm,0.172841431875572,0.186034545951528,-0.0735577919608468
20251108,20251108_1_08,20251108_1_08_03,h11b_lightgbm,0.0132163453116567,0.0127946769492433,0.0324251236505413
20251108,20251108_1_09,20251108_1_09_08,h11b_lightgbm,0.619324900835417,0.602234765612454,0.0279826697813038
20251108,20251108_1_10,20251108_1_10_09,h11b_lightgbm,0.0354563354565503,0.036118085042817,-0.018491758323135
20251108,20251108_1_11,20251108_1_11_04,h11b_lightgbm,0.117749853553592,0.120980120773911,-0.0270637517852474
20251109,20251109_1_01,20251109_1_01_06,h11b_lightgbm,0.397206407414428,0.396754853505936,0.00113747100621664
20251109,20251109_1_02,20251109_1_02_02,h11b_lightgbm,0.545465252340394,0.568981687729475,-0.0422091458463061
20251109,20251109_1_03,20251109_1_03_01,h11b_lightgbm,0.208476574851478,0.210768863901663,-0.0109354172117282
20251109,20251109_1_04,20251109_1_04_03,h11b_lightgbm,0.24558393440646,0.251086142550214,-0.0221572971852948
20251109,20251109_1_05,20251109_1_05_06,h11b_lightgbm,0.583104060905184,0.498201973608154,0.157360098243478
20251109,20251109_1_06,20251109_1_06_07,h11b_lightgbm,0.183580072967573,0.182274797177107,0.00713551429933079
20251109,20251109_1_07,20251109_1_07_09,h11b_lightgbm,0.101781641095505,0.0891039531042717,0.133026044435578
20251109,20251109_1_08,20251109_1_08_07,h11b_lightgbm,0.0923275773345988,0.0898456611217404,0.0272495544181965
20251109,20251109_1_09,20251109_1_09_09,h11b_lightgbm,0.0193956185351619,0.0210004581225843,-0.0794970609879999
20251109,20251109_1_10,20251109_1_10_07,h11b_lightgbm,0.277615044235028,0.276016003930266,0.00577657180376967
20251109,20251109_1_11,20251109_1_11_08,h11b_lightgbm,0.304678098418023,0.286628994895871,0.0610671254518733
20251109,20251109_3_01,20251109_3_01_07,h11b_lightgbm,0.181483868813178,0.182360719287889,-0.00481992697402589
20251109,20251109_3_02,20251109_3_02_05,h11b_lightgbm,0.381766748858471,0.363237846862634,0.0497519718136014
20251109,20251109_3_03,20251109_3_03_05,h11b_lightgbm,0.679908308038563,0.68415713143772,-0.00622966760559823
20251109,20251109_3_04,20251109_3_04_06,h11b_lightgbm,0.0293507483723489,0.0334398139893078,-0.130429181525203
20251109,20251109_3_05,20251109_3_05_05,h11b_lightgbm,0.344845780964216,0.320186041474575,0.0741950989277516
20251109,20251109_3_06,20251109_3_06_05,h11b_lightgbm,0.476511126759461,0.494750643490341,-0.0375628112808698
20251114,20251114_3_01,20251114_3_01_03,h11b_lightgbm,0.177604654543783,0.187331234361226,-0.0533183184539263
20251114,20251114_3_02,20251114_3_02_06,h11b_lightgbm,0.110230408553691,0.110689096848456,-0.00415254373352303
20251114,20251114_3_03,20251114_3_03_03,h11b_lightgbm,0.145088885787049,0.144972479729607,0.00080263059842256
20251114,20251114_3_04,20251114_3_04_03,h11b_lightgbm,0.680376030629453,0.624097208106193,0.0863394930912996
20251114,20251114_3_05,20251114_3_05_05,h11b_lightgbm,0.0797369971094337,0.0838021722718088,-0.0497252465281894
20251114,20251114_3_06,20251114_3_06_02,h11b_lightgbm,0.422934330177762,0.41859737053656,0.0103073907610017
20251114,20251114_3_07,20251114_3_07_10,h11b_lightgbm,0.167309334368813,0.174441294949566,-0.0417438657826372
20251114,20251114_3_08,20251114_3_08_04,h11b_lightgbm,0.424343926550198,0.396958178905308,0.0667133416231908
20251114,20251114_3_09,20251114_3_09_02,h11b_lightgbm,0.0529158987713318,0.0566762824589883,-0.0686519868475934
20251115,20251115_1_01,20251115_1_01_08,h11b_lightgbm,0.0689157330609557,0.0720003757323077,-0.0437868392412959
20251115,20251115_1_02,20251115_1_02_01,h11b_lightgbm,0.255785763018751,0.25688396602916,-0.00428425798507304
20251115,20251115_1_03,20251115_1_03_08,h11b_lightgbm,0.154427490450387,0.169104275768227,-0.0907908723261091
20251115,20251115_1_04,20251115_1_04_05,h11b_lightgbm,0.28116809603599,0.266283014491372,0.0543929895871438
20251115,20251115_1_05,20251115_1_05_06,h11b_lightgbm,0.562477665925763,0.502955001475043,0.111850722459699
20251115,20251115_1_06,20251115_1_06_09,h11b_lightgbm,0.0186394297795983,0.0163495000381372,0.131081899397737
20251115,20251115_1_07,20251115_1_07_03,h11b_lightgbm,0.311038497097618,0.294864790119928,0.0533997767042467
20251115,20251115_1_08,20251115_1_08_09,h11b_lightgbm,0.120241593053236,0.125108314402644,-0.0396768830131728
20251115,20251115_1_09,20251115_1_09_11,h11b_lightgbm,0.107626118493397,0.122089309972599,-0.126089470672525
20251115,20251115_1_10,20251115_1_10_10,h11b_lightgbm,0.252027868902152,0.284203997255985,-0.120152608225962
20251115,20251115_1_11,20251115_1_11_01,h11b_lightgbm,0.138565052402401,0.119819397954102,0.145354315735409
20251116,20251116_1_01,20251116_1_01_09,h11b_lightgbm,0.407105924598561,0.399929785054257,0.0177844142453997
20251116,20251116_1_02,20251116_1_02_06,h11b_lightgbm,0.174250100564068,0.186787221613709,-0.0694784899103578
20251116,20251116_1_03,20251116_1_03_05,h11b_lightgbm,0.0864705867843878,0.087355430402052,-0.0101808840223052
20251116,20251116_1_04,20251116_1_04_06,h11b_lightgbm,0.387221823857259,0.39531046198329,-0.0206737188035723
20251116,20251116_1_05,20251116_1_05_03,h11b_lightgbm,0.0456743147844589,0.0447879654872994,0.0195966243507821
20251116,20251116_1_06,20251116_1_06_08,h11b_lightgbm,0.0441158508171917,0.0443826918441138,-0.00603042327159375
20251116,20251116_1_07,20251116_1_07_03,h11b_lightgbm,0.0510594363274248,0.0574383291062188,-0.117721462603935
20251116,20251116_1_08,20251116_1_08_04,h11b_lightgbm,0.273167418847642,0.275893331502905,-0.00992944787994476
20251116,20251116_1_09,20251116_1_09_02,h11b_lightgbm,0.149739211939477,0.148587867455838,0.00771871063295548
20251116,20251116_1_10,20251116_1_10_10,h11b_lightgbm,0.156185711325458,0.146510978524975,0.0639453920453017
20251116,20251116_1_11,20251116_1_11_05,h11b_lightgbm,0.17528136507735,0.180666175108615,-0.0302585087286975
20251116,20251116_3_01,20251116_3_01_03,h11b_lightgbm,0.428740595103632,0.46386248812468,-0.0787360838809509
20251116,20251116_3_02,20251116_3_02_07,h11b_lightgbm,0.378785001388844,0.380535062911534,-0.00460955716501288
20251116,20251116_3_03,20251116_3_03_06,h11b_lightgbm,0.133072051960063,0.141969445103577,-0.0647211335287601
20251116,20251116_3_04,20251116_3_04_02,h11b_lightgbm,0.055118787217855,0.0568623729472923,-0.0311432146242758
20251116,20251116_3_05,20251116_3_05_09,h11b_lightgbm,0.177649631669133,0.160148186050912,0.10371369968566
20251116,20251116_3_06,20251116_3_06_06,h11b_lightgbm,0.169635841013915,0.178200685883991,-0.0492563362210376
20251121,20251121_3_01,20251121_3_01_08,h11b_lightgbm,0.175031395405361,0.166247634352252,0.0514869101746107
20251121,20251121_3_02,20251121_3_02_02,h11b_lightgbm,0.144069608889832,0.140499438747736,0.0250930837587329
20251121,20251121_3_03,20251121_3_03_05,h11b_lightgbm,0.147977651160129,0.130987814550093,0.121956956513746
20251121,20251121_3_04,20251121_3_04_12,h11b_lightgbm,0.133463776194249,0.129882540850946,0.0271995915434076
20251121,20251121_3_05,20251121_3_05_02,h11b_lightgbm,0.222235013432828,0.196129705242614,0.124959239192173
20251121,20251121_3_06,20251121_3_06_09,h11b_lightgbm,0.494323885287139,0.476468503832754,0.0367893186614011
20251121,20251121_3_07,20251121_3_07_01,h11b_lightgbm,0.0076495437089816,0.0089829807649681,-0.16068576079959
20251121,20251121_3_08,20251121_3_08_05,h11b_lightgbm,0.0095216015519166,0.0109936931877413,-0.143758696905908
20251121,20251121_3_09,20251121_3_09_05,h11b_lightgbm,0.211249256972559,0.194517489810801,0.082516668019238
20251122,20251122_1_01,20251122_1_01_04,h11b_lightgbm,0.55332691167082,0.540462038669175,0.0235245863177518
20251122,20251122_1_02,20251122_1_02_08,h11b_lightgbm,0.304452164566154,0.29633383696485,0.0270273334001196
20251122,20251122_1_03,20251122_1_03_02,h11b_lightgbm,0.0956703923790588,0.0893242314039923,0.068636071678879
20251122,20251122_1_04,20251122_1_04_08,h11b_lightgbm,0.211163568714295,0.1852708953754,0.130813986970956
20251122,20251122_1_05,20251122_1_05_07,h11b_lightgbm,0.215561959420418,0.222935200049129,-0.0336327635621583
20251122,20251122_1_06,20251122_1_06_08,h11b_lightgbm,0.244750729185517,0.265855187042177,-0.0827114902073927
20251122,20251122_1_07,20251122_1_07_04,h11b_lightgbm,0.16882013997015,0.167432419080938,0.00825408598760902
20251122,20251122_1_08,20251122_1_08_04,h11b_lightgbm,0.267122454900271,0.25839581618871,0.0332146052885491
20251122,20251122_1_09,20251122_1_09_07,h11b_lightgbm,0.288228950350011,0.297081623512925,-0.0302517968770772
20251122,20251122_1_10,20251122_1_10_04,h11b_lightgbm,0.419954514702822,0.396629499140734,0.0571438136839395
20251122,20251122_1_11,20251122_1_11_05,h11b_lightgbm,0.0832085700215123,0.0887078683251734,-0.0639982449534453
20251123,20251123_1_01,20251123_1_01_12,h11b_lightgbm,0.193928039097154,0.209664372946617,-0.0780208703692815
20251123,20251123_1_02,20251123_1_02_01,h11b_lightgbm,0.549674874584676,0.532460817129561,0.0318176542963682
20251123,20251123_1_03,20251123_1_03_06,h11b_lightgbm,0.385941661595439,0.362553078262363,0.0625153359108753
20251123,20251123_1_04,20251123_1_04_05,h11b_lightgbm,0.63424502968834,0.628504019566034,0.00909293842974218
20251123,20251123_1_05,20251123_1_05_06,h11b_lightgbm,0.017431469609738,0.0188409708221134,-0.0777566267199941
20251123,20251123_1_06,20251123_1_06_05,h11b_lightgbm,0.0969344809714625,0.081988327626116,0.167458405270052
20251123,20251123_1_07,20251123_1_07_05,h11b_lightgbm,0.204527181827395,0.234210508404287,-0.135519434396415
20251123,20251123_1_08,20251123_1_08_02,h11b_lightgbm,0.37737410334342,0.378843754068046,-0.00388684969671937
20251123,20251123_1_09,20251123_1_09_10,h11b_lightgbm,0.162952746969203,0.158007940731565,0.0308149733255647
20251123,20251123_1_10,20251123_1_10_01,h11b_lightgbm,0.0186426699440646,0.0196760454835246,-0.0539488942124913
20251123,20251123_1_11,20251123_1_11_02,h11b_lightgbm,0.172271616399677,0.169658708065172,0.0152835768534934
20251123,20251123_3_01,20251123_3_01_06,h11b_lightgbm,0.208286096963612,0.222268874616671,-0.0649751951619917
20251123,20251123_3_02,20251123_3_02_05,h11b_lightgbm,0.558277281868982,0.535978908737839,0.0407609489422627
20251123,20251123_3_03,20251123_3_03_10,h11b_lightgbm,0.250767496533312,0.267148703661445,-0.0632792447069399
20251123,20251123_3_04,20251123_3_04_01,h11b_lightgbm,0.170429475667007,0.185220107063561,-0.0832233070740143
20251123,20251123_3_05,20251123_3_05_03,h11b_lightgbm,0.105619409298902,0.0966033713974917,0.0892285133573654
20251123,20251123_3_06,20251123_3_06_07,h11b_lightgbm,0.072851119440661,0.0809221312570683,-0.105069450879561
20251128,20251128_3_01,20251128_3_01_11,h11b_lightgbm,0.223093158843359,0.228264804362955,-0.0229169407828871
20251128,20251128_3_02,20251128_3_02_03,h11b_lightgbm,0.0408138965000447,0.0423292914990876,-0.0364566929225867
20251128,20251128_3_03,20251128_3_03_12,h11b_lightgbm,0.125164714867722,0.122775683569172,0.0192716092469176
20251128,20251128_3_04,20251128_3_04_12,h11b_lightgbm,0.0183583575375732,0.0180256142869155,0.0182911601445981
20251128,20251128_3_05,20251128_3_05_02,h11b_lightgbm,0.0471733048524764,0.0537831789303509,-0.131132601558325
20251128,20251128_3_06,20251128_3_06_07,h11b_lightgbm,0.642092128053278,0.617778699739506,0.0386014927438178
20251128,20251128_3_07,20251128_3_07_01,h11b_lightgbm,0.222966441034852,0.235248915566584,-0.0536228972459045
20251128,20251128_3_08,20251128_3_08_01,h11b_lightgbm,0.45608668661369,0.44269940089892,0.0297919072221627
20251128,20251128_3_09,20251128_3_09_09,h11b_lightgbm,0.538776502113611,0.539198745590189,-0.000783401101411174
20251129,20251129_1_01,20251129_1_01_01,h11b_lightgbm,0.47831920577869,0.495581263218099,-0.0354530386494296
20251129,20251129_1_02,20251129_1_02_04,h11b_lightgbm,0.109890387621649,0.0976265786473435,0.118333614260671
20251129,20251129_1_03,20251129_1_03_05,h11b_lightgbm,0.529185598506025,0.560099979176771,-0.0567760838750218
20251129,20251129_1_04,20251129_1_04_04,h11b_lightgbm,0.202057249693498,0.186488556199894,0.0801811952284597
20251129,20251129_1_05,20251129_1_05_04,h11b_lightgbm,0.322278864985135,0.318861744501104,0.0106596050535246
20251129,20251129_1_06,20251129_1_06_05,h11b_lightgbm,0.277584481292857,0.308055643635122,-0.104155103863012
20251129,20251129_1_07,20251129_1_07_08,h11b_lightgbm,0.0686607040802448,0.0714477743454253,-0.0397897115032531
20251129,20251129_1_08,20251129_1_08_01,h11b_lightgbm,0.451861486820646,0.474971784820007,-0.0498797141101623
20251129,20251129_1_09,20251129_1_09_07,h11b_lightgbm,0.193180495815412,0.21734905635939,-0.117879652507762
20251129,20251129_1_10,20251129_1_10_10,h11b_lightgbm,0.101848569951488,0.0991571942067901,0.0267806906912638
20251129,20251129_1_11,20251129_1_11_02,h11b_lightgbm,0.3706237021327,0.349081895334708,0.0598807161174013
20251130,20251130_1_01,20251130_1_01_01,h11b_lightgbm,0.133935342351737,0.160934597894682,-0.183640894458771
20251130,20251130_1_02,20251130_1_02_06,h11b_lightgbm,0.594703348812787,0.567707689220828,0.046456053193326
20251130,20251130_1_03,20251130_1_03_09,h11b_lightgbm,0.269796327813853,0.274391775602171,-0.0168895901977153
20251130,20251130_1_04,20251130_1_04_01,h11b_lightgbm,0.377262274091889,0.365268487492776,0.0323079674696902
20251130,20251130_1_05,20251130_1_05_02,h11b_lightgbm,0.604033429530108,0.602488831217651,0.00256041551248276
20251130,20251130_1_06,20251130_1_06_11,h11b_lightgbm,0.273148151914584,0.295492808876303,-0.0786301721133809
20251130,20251130_1_07,20251130_1_07_08,h11b_lightgbm,0.0482775151167091,0.0478424511840174,0.00905258127999264
20251130,20251130_1_08,20251130_1_08_11,h11b_lightgbm,0.0700555944764759,0.0606275851624722,0.144539143437097
20251130,20251130_1_09,20251130_1_09_03,h11b_lightgbm,0.0260281360746348,0.0284941274752186,-0.0905199029128565
20251130,20251130_1_10,20251130_1_10_06,h11b_lightgbm,0.186645461730058,0.167212676014788,0.109944379471189
20251130,20251130_1_11,20251130_1_11_08,h11b_lightgbm,0.009956841931883,0.0107338536805261,-0.0751426960538621
20251130,20251130_3_01,20251130_3_01_05,h11b_lightgbm,0.25146088365244,0.249846735198262,0.00643977458869327
20251130,20251130_3_02,20251130_3_02_05,h11b_lightgbm,0.109211470412753,0.112668146404065,-0.0311606422882744
20251130,20251130_3_03,20251130_3_03_04,h11b_lightgbm,0.332819622123489,0.307479331408874,0.0791927978594831
20251130,20251130_3_04,20251130_3_04_09,h11b_lightgbm,0.27616020952359,0.275023238597911,0.00412556850967816
20251130,20251130_3_05,20251130_3_05_05,h11b_lightgbm,0.235438981134547,0.241854188179459,-0.0268832399588561
20251130,20251130_3_06,20251130_3_06_12,h11b_lightgbm,0.0207930867117402,0.0232800062845828,-0.112974330987136
20251205,20251205_3_01,20251205_3_01_03,h11b_lightgbm,0.747290960556345,0.722881874216554,0.0332087887414572
20251205,20251205_3_02,20251205_3_02_07,h11b_lightgbm,0.189532205244732,0.19985810926976,-0.0530487025116231
20251205,20251205_3_03,20251205_3_03_04,h11b_lightgbm,0.0640478820312601,0.0612544780286706,0.0445940029438163
20251205,20251205_3_04,20251205_3_04_03,h11b_lightgbm,0.143612429877278,0.14810269617196,-0.0307877142833446
20251205,20251205_3_05,20251205_3_05_02,h11b_lightgbm,0.0262953722364097,0.0237865244997556,0.10027374027021
20251205,20251205_3_06,20251205_3_06_12,h11b_lightgbm,0.125716882144471,0.126571923431377,-0.00677829964524834
20251205,20251205_3_07,20251205_3_07_12,h11b_lightgbm,0.180237566392171,0.15380996735494,0.158557931771131
20251205,20251205_3_08,20251205_3_08_09,h11b_lightgbm,0.150512295255425,0.141014385088998,0.0651828698192487
20251205,20251205_3_09,20251205_3_09_07,h11b_lightgbm,0.0665632531324018,0.0688679206547355,-0.0340378062731816
20251206,20251206_1_01,20251206_1_01_09,h11b_lightgbm,0.469727174256425,0.446760650400024,0.0501290523678828
20251206,20251206_1_03,20251206_1_03_06,h11b_lightgbm,0.539604483594878,0.500400773412212,0.0754271092279378
20251206,20251206_1_04,20251206_1_04_11,h11b_lightgbm,0.212302325254594,0.20960056548042,0.0128076709861809
20251206,20251206_1_05,20251206_1_05_02,h11b_lightgbm,0.309737247540514,0.321131250421074,-0.0361255698839673
20251206,20251206_1_06,20251206_1_06_05,h11b_lightgbm,0.26665498799456,0.256956449217687,0.0370490307817863
20251206,20251206_1_07,20251206_1_07_09,h11b_lightgbm,0.619540678961258,0.628034370962872,-0.0136165327068989
20251206,20251206_1_08,20251206_1_08_08,h11b_lightgbm,0.226294967419611,0.223468807538771,0.0125674731287677
20251206,20251206_1_09,20251206_1_09_09,h11b_lightgbm,0.261808546840026,0.265973965315774,-0.0157849298482393
20251206,20251206_1_10,20251206_1_10_05,h11b_lightgbm,0.192139975789051,0.199892900276777,-0.0395575775265564
20251206,20251206_1_11,20251206_1_11_11,h11b_lightgbm,0.0743864648626255,0.0659761539822063,0.119980627958688
20251207,20251207_1_01,20251207_1_01_08,h11b_lightgbm,0.035979001429449,0.0355351544072642,0.0124130031619836
20251207,20251207_1_02,20251207_1_02_04,h11b_lightgbm,0.0562028689134905,0.0598410239504525,-0.0627236411118126
20251207,20251207_1_03,20251207_1_03_03,h11b_lightgbm,0.392346731807279,0.383218952419816,0.0235394655780293
20251207,20251207_1_04,20251207_1_04_07,h11b_lightgbm,0.299842867991296,0.308142762288374,-0.0273046254307987
20251207,20251207_1_05,20251207_1_05_08,h11b_lightgbm,0.470083390148615,0.444145058830157,0.0567588866627519
20251207,20251207_1_06,20251207_1_06_09,h11b_lightgbm,0.202064811168167,0.173467607835837,0.152597609703773
20251207,20251207_1_07,20251207_1_07_09,h11b_lightgbm,0.464944343204696,0.499646120904923,-0.0719823832621882
20251207,20251207_1_08,20251207_1_08_09,h11b_lightgbm,0.315252465584153,0.320747368529411,-0.0172800034863532
20251207,20251207_1_09,20251207_1_09_10,h11b_lightgbm,0.477695456477297,0.448235399244373,0.063654869944522
20251207,20251207_1_10,20251207_1_10_04,h11b_lightgbm,0.0688604772064232,0.0874079885431049,-0.238504292597046
20251207,20251207_1_11,20251207_1_11_10,h11b_lightgbm,0.254725236879794,0.257598411383386,-0.0112163654180566
20251207,20251207_3_01,20251207_3_01_05,h11b_lightgbm,0.285359191364663,0.311586438974819,-0.087928085120472
20251207,20251207_3_02,20251207_3_02_06,h11b_lightgbm,0.434558688867726,0.421411420336146,0.0307214058337786
20251207,20251207_3_03,20251207_3_03_04,h11b_lightgbm,0.065769438797584,0.0688837192928264,-0.0462645808891766
20251207,20251207_3_04,20251207_3_04_05,h11b_lightgbm,0.261428926241448,0.241106771071876,0.080922585113401
20251207,20251207_3_05,20251207_3_05_05,h11b_lightgbm,0.161731000797351,0.161634268295733,0.000598286295707906
20251207,20251207_3_06,20251207_3_06_06,h11b_lightgbm,0.296173095007239,0.26587303012236,0.107925199380252
20251212,20251212_3_01,20251212_3_01_07,h11b_lightgbm,0.475070204440654,0.44706004239597,0.060769683309373
20251212,20251212_3_02,20251212_3_02_09,h11b_lightgbm,0.559254611824317,0.538113883371397,0.0385346298912392
20251212,20251212_3_03,20251212_3_03_06,h11b_lightgbm,0.349537974535822,0.364233398241578,-0.0411826564486077
20251212,20251212_3_04,20251212_3_04_04,h11b_lightgbm,0.0385566646116307,0.0363624135717956,0.0585933203714926
20251212,20251212_3_05,20251212_3_05_12,h11b_lightgbm,0.400755945115028,0.398020494945975,0.0068491275538658
20251212,20251212_3_06,20251212_3_06_02,h11b_lightgbm,0.113557480046934,0.11510308819308,-0.0135190050303251
20251212,20251212_3_07,20251212_3_07_10,h11b_lightgbm,0.0684865810842748,0.0656157431635928,0.0428221750904085
20251212,20251212_3_08,20251212_3_08_06,h11b_lightgbm,0.0331139863107213,0.0307926143721693,0.0726808721736334
20251212,20251212_3_09,20251212_3_09_06,h11b_lightgbm,0.119486940460686,0.12089525143871,-0.0117173995293447
20251213,20251213_1_01,20251213_1_01_11,h11b_lightgbm,0.715921786114995,0.718561044778579,-0.00367973960344886
20251213,20251213_1_02,20251213_1_02_10,h11b_lightgbm,0.32347454618582,0.316102322115267,0.0230544629308145
20251213,20251213_1_03,20251213_1_03_08,h11b_lightgbm,0.226887853279868,0.216599263838391,0.0464069211431444
20251213,20251213_1_04,20251213_1_04_08,h11b_lightgbm,0.131135364444279,0.139295360960537,-0.060366471656689
20251213,20251213_1_05,20251213_1_05_05,h11b_lightgbm,0.0955186438756518,0.0862810977534198,0.101710907671352
20251213,20251213_1_06,20251213_1_06_09,h11b_lightgbm,0.141359303197947,0.134807536578914,0.0474567924716811
20251213,20251213_1_07,20251213_1_07_05,h11b_lightgbm,0.240041688945203,0.266843499452818,-0.10584972998346
20251213,20251213_1_08,20251213_1_08_02,h11b_lightgbm,0.59242217603328,0.533619220852019,0.104537000875621
20251213,20251213_1_09,20251213_1_09_11,h11b_lightgbm,0.654829822182292,0.618221620724965,0.057528385655775
20251213,20251213_1_10,20251213_1_10_04,h11b_lightgbm,0.440350003213164,0.397668642746994,0.101950769943101
20251213,20251213_1_11,20251213_1_11_05,h11b_lightgbm,0.0395847235478656,0.0417062205792945,-0.0522070174036124
20251214,20251214_1_01,20251214_1_01_07,h11b_lightgbm,0.0629323514966071,0.0601887705194042,0.0445745650102145
20251214,20251214_1_02,20251214_1_02_10,h11b_lightgbm,0.40725290677317,0.418652484074801,-0.0276067971474813
20251214,20251214_1_03,20251214_1_03_07,h11b_lightgbm,0.0786964194518493,0.0807951610098348,-0.0263194170177012
20251214,20251214_1_04,20251214_1_04_06,h11b_lightgbm,0.390183567122232,0.398855134982951,-0.0219809674306585
20251214,20251214_1_05,20251214_1_05_01,h11b_lightgbm,0.180088072367059,0.161172723132078,0.110969417739334
20251214,20251214_1_07,20251214_1_07_05,h11b_lightgbm,0.328253423998382,0.298095333922636,0.0963725963610702
20251214,20251214_1_08,20251214_1_08_08,h11b_lightgbm,0.27164801778321,0.267448168184151,0.0155813922558552
20251214,20251214_1_09,20251214_1_09_10,h11b_lightgbm,0.441806798038113,0.473324660099955,-0.0689088600199567
20251214,20251214_1_10,20251214_1_10_01,h11b_lightgbm,0.116388884963724,0.0927447980038464,0.227085427032748
20251214,20251214_1_11,20251214_1_11_06,h11b_lightgbm,0.142746073865455,0.154452401141541,-0.0788186210557489
20251214,20251214_3_01,20251214_3_01_02,h11b_lightgbm,0.326093258148155,0.319948685316375,0.0190227838475387
20251214,20251214_3_02,20251214_3_02_07,h11b_lightgbm,0.39343996495325,0.363918617531561,0.0779982249607212
20251214,20251214_3_03,20251214_3_03_03,h11b_lightgbm,0.585217112436308,0.57542347085362,0.0168766699636337
20251214,20251214_3_04,20251214_3_04_10,h11b_lightgbm,0.0211407162447438,0.0208472361432094,0.0139794805078508
20251214,20251214_3_05,20251214_3_05_08,h11b_lightgbm,0.314249839399448,0.31799854111272,-0.011858458663411
20251214,20251214_3_06,20251214_3_06_04,h11b_lightgbm,0.37738650906652,0.382556669633777,-0.013606912943926
20251219,20251219_3_01,20251219_3_01_02,h11b_lightgbm,0.394181058535437,0.401631922443638,-0.0187257102029029
20251219,20251219_3_02,20251219_3_02_01,h11b_lightgbm,0.111342748686294,0.110794109404113,0.00493966109428889
20251219,20251219_3_03,20251219_3_03_07,h11b_lightgbm,0.0198363223456432,0.020889369462817,-0.0517256723963686
20251219,20251219_3_04,20251219_3_04_11,h11b_lightgbm,0.152922847543224,0.156420352564498,-0.0226134213463991
20251219,20251219_3_05,20251219_3_05_05,h11b_lightgbm,0.383078860784775,0.348888804982963,0.0934876097465177
20251219,20251219_3_06,20251219_3_06_07,h11b_lightgbm,0.213849662115439,0.200657096093961,0.0636757930449667
20251219,20251219_3_07,20251219_3_07_12,h11b_lightgbm,0.0191700530939322,0.0215900873577076,-0.118884964039847
20251219,20251219_3_08,20251219_3_08_05,h11b_lightgbm,0.124785913843999,0.120653095328962,0.0336801325423073
20251219,20251219_3_09,20251219_3_09_05,h11b_lightgbm,0.0639848923146607,0.0656930972917467,-0.0263468580081208
20251220,20251220_1_01,20251220_1_01_05,h11b_lightgbm,0.735619541722627,0.728663817641491,0.00950058792363112
20251220,20251220_1_02,20251220_1_02_03,h11b_lightgbm,0.420285615080514,0.381159034337107,0.0977178150713249
20251220,20251220_1_03,20251220_1_03_01,h11b_lightgbm,0.735402501480961,0.677962738476689,0.0813256419545074
20251220,20251220_1_04,20251220_1_04_11,h11b_lightgbm,0.579889558353035,0.564069163394266,0.0276607946649411
20251220,20251220_1_05,20251220_1_05_10,h11b_lightgbm,0.379340834886516,0.365802023721373,0.0363428331881793
20251220,20251220_1_06,20251220_1_06_05,h11b_lightgbm,0.0436232172208511,0.0454913558241967,-0.0419328123324023
20251220,20251220_1_07,20251220_1_07_05,h11b_lightgbm,0.416621929191451,0.424243939008289,-0.0181294517209236
20251220,20251220_1_08,20251220_1_08_04,h11b_lightgbm,0.0797822444730093,0.0780294625755381,0.0222144986639101
20251220,20251220_1_09,20251220_1_09_04,h11b_lightgbm,0.59902563250518,0.611671071357931,-0.0208902835626381
20251220,20251220_1_10,20251220_1_10_07,h11b_lightgbm,0.0340873113693979,0.0314462307701013,0.0806460868020937
20251220,20251220_1_11,20251220_1_11_10,h11b_lightgbm,0.175058312424101,0.176835448919636,-0.0101005007725177
20251221,20251221_1_01,20251221_1_01_01,h11b_lightgbm,0.277239825952855,0.26944073926798,0.0285344544940411
20251221,20251221_1_02,20251221_1_02_02,h11b_lightgbm,0.526649435618252,0.533121517898363,-0.0122142670955296
20251221,20251221_1_03,20251221_1_03_06,h11b_lightgbm,0.250214493412877,0.235174519479036,0.0619906490573154
20251221,20251221_1_04,20251221_1_04_10,h11b_lightgbm,0.18106980932637,0.177852045944803,0.0179306416993708
20251221,20251221_1_05,20251221_1_05_08,h11b_lightgbm,0.0267736403238564,0.0316772336850707,-0.168180409097484
20251221,20251221_1_06,20251221_1_06_07,h11b_lightgbm,0.0256697085433654,0.0264075016654322,-0.0283364829419757
20251221,20251221_1_07,20251221_1_07_10,h11b_lightgbm,0.0956832123351647,0.0986577882883291,-0.0306143146671292
20251221,20251221_1_08,20251221_1_08_02,h11b_lightgbm,0.125159450005686,0.121390434445703,0.0305764426329711
20251221,20251221_1_09,20251221_1_09_05,h11b_lightgbm,0.356623358050208,0.36171840187815,-0.0141858083562949
20251221,20251221_1_10,20251221_1_10_04,h11b_lightgbm,0.536498548488927,0.534946781775167,0.00289658791708869
20251221,20251221_1_11,20251221_1_11_09,h11b_lightgbm,0.293204062776388,0.284879090169608,0.0288039813566767
20251221,20251221_3_01,20251221_3_01_09,h11b_lightgbm,0.0666248177410858,0.0795896741202264,-0.17780721543918
20251221,20251221_3_02,20251221_3_02_10,h11b_lightgbm,0.529134831894018,0.506622716216902,0.0434767029877973
20251221,20251221_3_03,20251221_3_03_09,h11b_lightgbm,0.345709670511042,0.366260005494786,-0.0577441584703593
20251221,20251221_3_04,20251221_3_04_07,h11b_lightgbm,0.348000594191249,0.378956899203129,-0.0852182889772207
20251221,20251221_3_05,20251221_3_05_01,h11b_lightgbm,0.634153731246428,0.602574787155647,0.0510796176300553
20251221,20251221_3_06,20251221_3_06_11,h11b_lightgbm,0.0263733938455339,0.0281913852968132,-0.0666607522549802
20251226,20251226_3_01,20251226_3_01_11,h11b_lightgbm,0.562569914720041,0.538951453079515,0.0428899208360207
20251226,20251226_3_02,20251226_3_02_05,h11b_lightgbm,0.329464511780956,0.267689055410685,0.20764257899243
20251226,20251226_3_03,20251226_3_03_05,h11b_lightgbm,0.495301364740192,0.496165044165334,-0.00174222673778668
20251226,20251226_3_04,20251226_3_04_08,h11b_lightgbm,0.0244447188209887,0.027402431461094,-0.114217555464757
20251226,20251226_3_05,20251226_3_05_12,h11b_lightgbm,0.106655101491429,0.0989161999155676,0.0753272515484937
20251226,20251226_3_07,20251226_3_07_11,h11b_lightgbm,0.0771777871109285,0.0868762036692933,-0.118372475070792
20251226,20251226_3_08,20251226_3_08_08,h11b_lightgbm,0.418233340475557,0.419170042432684,-0.00223715921601997
20251226,20251226_3_09,20251226_3_09_11,h11b_lightgbm,0.0873408055323203,0.0869862447483633,0.00406777114955759
20251227,20251227_1_01,20251227_1_01_04,h11b_lightgbm,0.156366095366341,0.148040497947771,0.0547141519503742
20251227,20251227_1_02,20251227_1_02_09,h11b_lightgbm,0.665336251564475,0.679809493343531,-0.0215200477585121
20251227,20251227_1_03,20251227_1_03_01,h11b_lightgbm,0.398069710435434,0.396574755889337,0.00376257904791866
20251227,20251227_1_04,20251227_1_04_01,h11b_lightgbm,0.114941978116814,0.129855804463104,-0.121997175477875
20251227,20251227_1_05,20251227_1_05_04,h11b_lightgbm,0.347987265992439,0.347532043677897,0.0013090143529173
20251227,20251227_1_06,20251227_1_06_06,h11b_lightgbm,0.465113756237796,0.448124743424098,0.0372103739397095
20251227,20251227_1_07,20251227_1_07_10,h11b_lightgbm,0.49201090053482,0.469185773749936,0.0475020757118539
20251227,20251227_1_08,20251227_1_08_04,h11b_lightgbm,0.0695237297610167,0.069265890045804,0.00371555181434502
20251227,20251227_1_09,20251227_1_09_07,h11b_lightgbm,0.474134008352083,0.476562020256754,-0.00510787278073987
20251227,20251227_1_10,20251227_1_10_05,h11b_lightgbm,0.0883083237911856,0.0888617071829965,-0.00624693903795226
20251227,20251227_1_11,20251227_1_11_08,h11b_lightgbm,0.0492945555705283,0.0467043966990874,0.0539753323001078
20251025,20251025_1_01,20251025_1_01_12,h11b_m6,0.220176706299739,0.20264239232672,0.0829876229840196
20251025,20251025_1_02,20251025_1_02_07,h11b_m6,0.136387708440282,0.135687769203919,0.00514519563871807
20251025,20251025_1_03,20251025_1_03_04,h11b_m6,0.192970340681713,0.230031732835652,-0.175680766385677
20251025,20251025_1_04,20251025_1_04_10,h11b_m6,0.147762942538419,0.148228450222064,-0.0031454162440343
20251025,20251025_1_05,20251025_1_05_04,h11b_m6,0.193756533858569,0.16129109658631,0.183391605051143
20251025,20251025_1_06,20251025_1_06_02,h11b_m6,0.183720558463227,0.173148384038107,0.0592669611282699
20251025,20251025_1_07,20251025_1_07_07,h11b_m6,0.514998575836683,0.495384578592258,0.0388297479276752
20251025,20251025_1_08,20251025_1_08_05,h11b_m6,0.0723279959200975,0.0933084634836587,-0.254699543291846
20251025,20251025_1_09,20251025_1_09_04,h11b_m6,0.505152661575425,0.50587021226598,-0.0014194551470601
20251025,20251025_1_10,20251025_1_10_03,h11b_m6,0.158729465939742,0.172692026127666,-0.0843085312768568
20251025,20251025_1_11,20251025_1_11_11,h11b_m6,0.357468687046613,0.331606293523184,0.0750993672743987
20251026,20251026_1_01,20251026_1_01_05,h11b_m6,0.0258726325069641,0.0236683403688911,0.0890474443990232
20251026,20251026_1_02,20251026_1_02_02,h11b_m6,0.385006702763013,0.379539936670274,0.0143009176436375
20251026,20251026_1_03,20251026_1_03_06,h11b_m6,0.109854822639955,0.110383591639282,-0.00480179642641376
20251026,20251026_1_04,20251026_1_04_03,h11b_m6,0.371977162389574,0.398219580279453,-0.0681711014309659
20251026,20251026_1_05,20251026_1_05_11,h11b_m6,0.0303150003762448,0.0344453344740614,-0.127730907443791
20251026,20251026_1_06,20251026_1_06_11,h11b_m6,0.0454623909641281,0.0512901010517528,-0.12061235966227
20251026,20251026_1_07,20251026_1_07_07,h11b_m6,0.550262745375459,0.524827501752232,0.0473262425093439
20251026,20251026_1_08,20251026_1_08_10,h11b_m6,0.138069510217567,0.131682435159398,0.047364025806526
20251026,20251026_1_09,20251026_1_09_09,h11b_m6,0.126672822334602,0.130067912171322,-0.0264491551194328
20251026,20251026_1_10,20251026_1_10_10,h11b_m6,0.561981552088455,0.537935298407906,0.0437307341422828
20251026,20251026_1_11,20251026_1_11_03,h11b_m6,0.0405814612914746,0.0493726479227332,-0.196085241189516
20251026,20251026_3_01,20251026_3_01_05,h11b_m6,0.161454655792237,0.160536226587644,0.00570470622371522
20251026,20251026_3_02,20251026_3_02_10,h11b_m6,0.224462528523846,0.217375761140239,0.0320813082681985
20251026,20251026_3_03,20251026_3_03_05,h11b_m6,0.0599044115796613,0.0642352080260824,-0.0698013205088479
20251026,20251026_3_04,20251026_3_04_03,h11b_m6,0.370368198316903,0.350909373857121,0.0539696454215312
20251026,20251026_3_05,20251026_3_05_01,h11b_m6,0.293931652793995,0.298721825481184,-0.0161655239629483
20251026,20251026_3_06,20251026_3_06_01,h11b_m6,0.464249269291016,0.425632133744533,0.0868461888791863
20251031,20251031_3_01,20251031_3_01_02,h11b_m6,0.0636600499500423,0.0688492117830073,-0.0783615702953591
20251031,20251031_3_02,20251031_3_02_07,h11b_m6,0.290058001934564,0.265598145531244,0.0880964742614418
20251031,20251031_3_03,20251031_3_03_04,h11b_m6,0.114943156750519,0.0963890657627114,0.176044947550882
20251031,20251031_3_04,20251031_3_04_01,h11b_m6,0.438179576567656,0.399390655154547,0.0926887950176719
20251031,20251031_3_05,20251031_3_05_06,h11b_m6,0.0240598297650886,0.0279550213739419,-0.150053203973404
20251031,20251031_3_06,20251031_3_06_02,h11b_m6,0.0552359764205914,0.0554782928677092,-0.00437733700625476
20251031,20251031_3_07,20251031_3_07_10,h11b_m6,0.282823187913351,0.275729469631817,0.0254017221662484
20251031,20251031_3_08,20251031_3_08_11,h11b_m6,0.521802048578414,0.50009019788379,0.0424998207584387
20251101,20251101_1_01,20251101_1_01_12,h11b_m6,0.0423589878997834,0.0443011054559062,-0.0448290029784397
20251101,20251101_1_02,20251101_1_02_02,h11b_m6,0.378253376110767,0.331915142281566,0.130684937526489
20251101,20251101_1_03,20251101_1_03_07,h11b_m6,0.187757642125694,0.170979540873665,0.0936080882168382
20251101,20251101_1_04,20251101_1_04_06,h11b_m6,0.217991330858537,0.228690525461122,-0.0479143770717145
20251101,20251101_1_05,20251101_1_05_10,h11b_m6,0.313875521102806,0.308527383555353,0.0171858747435933
20251101,20251101_1_06,20251101_1_06_01,h11b_m6,0.539559285773294,0.529617514359926,0.0185975938826907
20251101,20251101_1_07,20251101_1_07_10,h11b_m6,0.160093064625061,0.154680946587021,0.0343907136778685
20251101,20251101_1_08,20251101_1_08_02,h11b_m6,0.370403495331652,0.365204332960581,0.0141359260938846
20251101,20251101_1_09,20251101_1_09_08,h11b_m6,0.173145548469039,0.201136830661487,-0.149852864597596
20251101,20251101_1_10,20251101_1_10_09,h11b_m6,0.338293604049575,0.346497779009561,-0.0239622393663019
20251101,20251101_1_11,20251101_1_11_01,h11b_m6,0.0438791901531086,0.0482010944384147,-0.0939415476987979
20251102,20251102_1_01,20251102_1_01_08,h11b_m6,0.0356414782941862,0.0349279315327958,0.0202232406875762
20251102,20251102_1_02,20251102_1_02_02,h11b_m6,0.57361179182633,0.576120367147349,-0.00436376295508201
20251102,20251102_1_03,20251102_1_03_11,h11b_m6,0.0544059397892055,0.0536239611627079,0.014477330399628
20251102,20251102_1_04,20251102_1_04_03,h11b_m6,0.106231050474354,0.093211899558129,0.130741052218105
20251102,20251102_1_05,20251102_1_05_11,h11b_m6,0.432559930801004,0.416178390621576,0.0386068931459972
20251102,20251102_1_06,20251102_1_06_07,h11b_m6,0.329174841110833,0.321359705186836,0.0240279688948568
20251102,20251102_1_07,20251102_1_07_04,h11b_m6,0.221134443458405,0.202461928996052,0.0882189940801816
20251102,20251102_1_08,20251102_1_08_11,h11b_m6,0.344652291614395,0.366648468417103,-0.0618674788813558
20251102,20251102_1_09,20251102_1_09_06,h11b_m6,0.197042973235277,0.174916661750051,0.119112201275135
20251102,20251102_1_10,20251102_1_10_08,h11b_m6,0.0275873897575566,0.0310808607464751,-0.119233444187876
20251102,20251102_1_11,20251102_1_11_09,h11b_m6,0.255873697288462,0.221778442086049,0.143005077856928
20251102,20251102_3_01,20251102_3_01_02,h11b_m6,0.304268801663032,0.305198562293559,-0.00305106198222416
20251102,20251102_3_02,20251102_3_02_04,h11b_m6,0.475091009354893,0.449705361834624,0.0549137674814527
20251102,20251102_3_03,20251102_3_03_09,h11b_m6,0.252586626796779,0.221298138814844,0.132243429515086
20251102,20251102_3_04,20251102_3_04_02,h11b_m6,0.138891940648316,0.115364489236112,0.185599637592294
20251102,20251102_3_05,20251102_3_05_11,h11b_m6,0.160077345776774,0.147841903105601,0.0795136289845306
20251102,20251102_3_06,20251102_3_06_05,h11b_m6,0.168601133052264,0.168241088576556,0.00213776415014122
20251107,20251107_3_01,20251107_3_01_07,h11b_m6,0.56323423228283,0.562937576079776,0.00052684005710768
20251107,20251107_3_02,20251107_3_02_06,h11b_m6,0.483181077606744,0.447646789466073,0.0763869801907707
20251107,20251107_3_03,20251107_3_03_01,h11b_m6,0.0414014169203906,0.0441399787794478,-0.0640508146970644
20251107,20251107_3_04,20251107_3_04_02,h11b_m6,0.168282212514334,0.200690308230361,-0.176120558351483
20251107,20251107_3_05,20251107_3_05_06,h11b_m6,0.272859970291717,0.249066761108418,0.0912377568282672
20251107,20251107_3_06,20251107_3_06_01,h11b_m6,0.133107939809135,0.126931317634151,0.0475142424431336
20251107,20251107_3_07,20251107_3_07_08,h11b_m6,0.148705248951137,0.141084075997612,0.052610155432061
20251107,20251107_3_08,20251107_3_08_04,h11b_m6,0.379023318212742,0.378608792705452,0.00109426604991925
20251107,20251107_3_09,20251107_3_09_05,h11b_m6,0.0374636709716213,0.0351969370946018,0.0624126248611758
20251108,20251108_1_01,20251108_1_01_01,h11b_m6,0.179749138485504,0.180490737769573,-0.00411725841902388
20251108,20251108_1_02,20251108_1_02_05,h11b_m6,0.138778240486473,0.137963153158744,0.00589062354507397
20251108,20251108_1_03,20251108_1_03_02,h11b_m6,0.174211338019612,0.173408867895166,0.0046169442181907
20251108,20251108_1_04,20251108_1_04_11,h11b_m6,0.134648377263501,0.128681625946985,0.0453254297946826
20251108,20251108_1_05,20251108_1_05_10,h11b_m6,0.283459759800044,0.308819342463228,-0.0856862813467445
20251108,20251108_1_06,20251108_1_06_05,h11b_m6,0.0415933480167227,0.0489442265598903,-0.162741165322173
20251108,20251108_1_07,20251108_1_07_10,h11b_m6,0.183907435731663,0.186034545951528,-0.011499823036796
20251108,20251108_1_08,20251108_1_08_03,h11b_m6,0.012357656123332,0.0127946769492433,-0.034753421077955
20251108,20251108_1_09,20251108_1_09_08,h11b_m6,0.634488115514803,0.602234765612454,0.0521712111175745
20251108,20251108_1_10,20251108_1_10_09,h11b_m6,0.0320252261457254,0.036118085042817,-0.120269801315095
20251108,20251108_1_11,20251108_1_11_04,h11b_m6,0.138412572195074,0.120980120773911,0.134612637642917
20251109,20251109_1_01,20251109_1_01_06,h11b_m6,0.371020822453554,0.396754853505936,-0.0670604062467436
20251109,20251109_1_02,20251109_1_02_02,h11b_m6,0.55728835254518,0.568981687729475,-0.0207654557924367
20251109,20251109_1_03,20251109_1_03_01,h11b_m6,0.211984690644656,0.210768863901663,0.0057519568176414
20251109,20251109_1_04,20251109_1_04_03,h11b_m6,0.281092029873865,0.251086142550214,0.112886046498242
20251109,20251109_1_05,20251109_1_05_06,h11b_m6,0.54122500182817,0.498201973608154,0.0828295279534712
20251109,20251109_1_06,20251109_1_06_07,h11b_m6,0.182758156046776,0.182274797177107,0.00264830420324125
20251109,20251109_1_07,20251109_1_07_09,h11b_m6,0.096244791556714,0.0891039531042717,0.0770911574633319
20251109,20251109_1_08,20251109_1_08_07,h11b_m6,0.0927233423393696,0.0898456611217404,0.0315269242240217
20251109,20251109_1_09,20251109_1_09_09,h11b_m6,0.0223032976246488,0.0210004581225843,0.0601902902317235
20251109,20251109_1_10,20251109_1_10_07,h11b_m6,0.272692806795608,0.276016003930266,-0.0121129375075542
20251109,20251109_1_11,20251109_1_11_08,h11b_m6,0.316268113222754,0.286628994895871,0.0984016346241976
20251109,20251109_3_01,20251109_3_01_07,h11b_m6,0.151962305352455,0.182360719287889,-0.182354200677621
20251109,20251109_3_02,20251109_3_02_05,h11b_m6,0.366516547816632,0.363237846862634,0.00898582602434783
20251109,20251109_3_03,20251109_3_03_05,h11b_m6,0.715232749483453,0.68415713143772,0.0444203979116177
20251109,20251109_3_04,20251109_3_04_06,h11b_m6,0.0344975683111075,0.0334398139893078,0.0311416121368744
20251109,20251109_3_05,20251109_3_05_05,h11b_m6,0.327780355633638,0.320186041474575,0.0234415301455482
20251109,20251109_3_06,20251109_3_06_05,h11b_m6,0.506815058623119,0.494750643490341,0.0240922760337856
20251114,20251114_3_01,20251114_3_01_03,h11b_m6,0.169181926399403,0.187331234361226,-0.101903733189122
20251114,20251114_3_02,20251114_3_02_06,h11b_m6,0.117761674412201,0.110689096848456,0.061937531656437
20251114,20251114_3_03,20251114_3_03_03,h11b_m6,0.149962147449243,0.144972479729607,0.0338389824731697
20251114,20251114_3_04,20251114_3_04_03,h11b_m6,0.651429960594729,0.624097208106193,0.0428637474846535
20251114,20251114_3_05,20251114_3_05_05,h11b_m6,0.0804601100730145,0.0838021722718088,-0.0406973946829017
20251114,20251114_3_06,20251114_3_06_02,h11b_m6,0.433659917267822,0.41859737053656,0.0353510977330803
20251114,20251114_3_07,20251114_3_07_10,h11b_m6,0.179110476527717,0.174441294949566,0.0264145363507726
20251114,20251114_3_08,20251114_3_08_04,h11b_m6,0.441816188072846,0.396958178905308,0.107062999163205
20251114,20251114_3_09,20251114_3_09_02,h11b_m6,0.0520015195629532,0.0566762824589883,-0.0860828839201435
20251115,20251115_1_01,20251115_1_01_08,h11b_m6,0.0731177363188201,0.0720003757323077,0.0153996307193154
20251115,20251115_1_02,20251115_1_02_01,h11b_m6,0.252603967706101,0.25688396602916,-0.0168015716313501
20251115,20251115_1_03,20251115_1_03_08,h11b_m6,0.165758304943083,0.169104275768227,-0.019984807978723
20251115,20251115_1_04,20251115_1_04_05,h11b_m6,0.258681956062615,0.266283014491372,-0.0289603691684062
20251115,20251115_1_05,20251115_1_05_06,h11b_m6,0.555602992780844,0.502955001475043,0.0995532916305305
20251115,20251115_1_06,20251115_1_06_09,h11b_m6,0.0122656300054936,0.0163495000381372,-0.287396275654668
20251115,20251115_1_07,20251115_1_07_03,h11b_m6,0.321963732272637,0.294864790119928,0.0879219938131217
20251115,20251115_1_08,20251115_1_08_09,h11b_m6,0.10276902650239,0.125108314402644,-0.196695868309232
20251115,20251115_1_09,20251115_1_09_11,h11b_m6,0.123412463071665,0.122089309972599,0.010779277838818
20251115,20251115_1_10,20251115_1_10_10,h11b_m6,0.289913482716367,0.284203997255985,0.0198902625046193
20251115,20251115_1_11,20251115_1_11_01,h11b_m6,0.118389954609691,0.119819397954102,-0.0120017160301296
20251116,20251116_1_01,20251116_1_01_09,h11b_m6,0.415499229824435,0.399929785054257,0.0381917663471779
20251116,20251116_1_02,20251116_1_02_06,h11b_m6,0.19048763334984,0.186787221613709,0.0196171589847969
20251116,20251116_1_03,20251116_1_03_05,h11b_m6,0.0961017526860031,0.087355430402052,0.0954223509980463
20251116,20251116_1_04,20251116_1_04_06,h11b_m6,0.422978731359574,0.39531046198329,0.067650461422993
20251116,20251116_1_05,20251116_1_05_03,h11b_m6,0.040200659070995,0.0447879654872994,-0.108056085527015
20251116,20251116_1_06,20251116_1_06_08,h11b_m6,0.0482513026956207,0.0443826918441138,0.0835732561869578
20251116,20251116_1_07,20251116_1_07_03,h11b_m6,0.0518412720484017,0.0574383291062188,-0.102525245226771
20251116,20251116_1_08,20251116_1_08_04,h11b_m6,0.291436606039571,0.275893331502905,0.0548081961939901
20251116,20251116_1_09,20251116_1_09_02,h11b_m6,0.131551691612783,0.148587867455838,-0.121776616806849
20251116,20251116_1_10,20251116_1_10_10,h11b_m6,0.166626707907438,0.146510978524975,0.128655664067087
20251116,20251116_1_11,20251116_1_11_05,h11b_m6,0.19526757241668,0.180666175108615,0.0777197922765331
20251116,20251116_3_01,20251116_3_01_03,h11b_m6,0.464541714494873,0.46386248812468,0.00146321287530016
20251116,20251116_3_02,20251116_3_02_07,h11b_m6,0.356059420229233,0.380535062911534,-0.0664806949463693
20251116,20251116_3_03,20251116_3_03_06,h11b_m6,0.124116101685193,0.141969445103577,-0.134394427662016
20251116,20251116_3_04,20251116_3_04_02,h11b_m6,0.0489405252606194,0.0568623729472923,-0.150028047805244
20251116,20251116_3_05,20251116_3_05_09,h11b_m6,0.157079142505937,0.160148186050912,-0.0193497786969552
20251116,20251116_3_06,20251116_3_06_06,h11b_m6,0.166327655023242,0.178200685883991,-0.0689506956216162
20251121,20251121_3_01,20251121_3_01_08,h11b_m6,0.15465220456714,0.166247634352252,-0.0722996957421345
20251121,20251121_3_02,20251121_3_02_02,h11b_m6,0.147619302775593,0.140499438747736,0.0494331871403568
20251121,20251121_3_03,20251121_3_03_05,h11b_m6,0.128104632370354,0.130987814550093,-0.0222569297824884
20251121,20251121_3_04,20251121_3_04_12,h11b_m6,0.127107701122027,0.129882540850946,-0.0215957427023112
20251121,20251121_3_05,20251121_3_05_02,h11b_m6,0.237075632634184,0.196129705242614,0.189603013459442
20251121,20251121_3_06,20251121_3_06_09,h11b_m6,0.51493329288049,0.476468503832754,0.0776357419640644
20251121,20251121_3_07,20251121_3_07_01,h11b_m6,0.0059436246942814,0.0089829807649681,-0.413012595814575
20251121,20251121_3_08,20251121_3_08_05,h11b_m6,0.00920666583405,0.0109936931877413,-0.177393992926648
20251121,20251121_3_09,20251121_3_09_05,h11b_m6,0.201795724173647,0.194517489810801,0.0367338383369893
20251122,20251122_1_01,20251122_1_01_04,h11b_m6,0.54324395037403,0.540462038669175,0.00513408220242995
20251122,20251122_1_02,20251122_1_02_08,h11b_m6,0.304193299836964,0.29633383696485,0.0261767076748363
20251122,20251122_1_03,20251122_1_03_02,h11b_m6,0.0907373901431788,0.0893242314039923,0.0156967125168337
20251122,20251122_1_04,20251122_1_04_08,h11b_m6,0.200034022271645,0.1852708953754,0.0766684100749921
20251122,20251122_1_05,20251122_1_05_07,h11b_m6,0.22633128358663,0.222935200049129,0.0151186360378588
20251122,20251122_1_06,20251122_1_06_08,h11b_m6,0.296417782463783,0.265855187042177,0.108818135518296
20251122,20251122_1_07,20251122_1_07_04,h11b_m6,0.169293025024449,0.167432419080938,0.0110512877034363
20251122,20251122_1_08,20251122_1_08_04,h11b_m6,0.251635283279313,0.25839581618871,-0.0265118299536642
20251122,20251122_1_09,20251122_1_09_07,h11b_m6,0.32145890625522,0.297081623512925,0.078862789018729
20251122,20251122_1_10,20251122_1_10_04,h11b_m6,0.376355807476994,0.396629499140734,-0.052467600987165
20251122,20251122_1_11,20251122_1_11_05,h11b_m6,0.0832873126111463,0.0887078683251734,-0.0630523645597711
20251123,20251123_1_01,20251123_1_01_12,h11b_m6,0.189113983104852,0.209664372946617,-0.103158109643539
20251123,20251123_1_02,20251123_1_02_01,h11b_m6,0.499234733154198,0.532460817129561,-0.0644329197535293
20251123,20251123_1_03,20251123_1_03_06,h11b_m6,0.356728235283053,0.362553078262363,-0.0161966401894207
20251123,20251123_1_04,20251123_1_04_05,h11b_m6,0.669133327414888,0.628504019566034,0.0626409103658923
20251123,20251123_1_05,20251123_1_05_06,h11b_m6,0.0192747018977568,0.0188409708221134,0.0227596559275969
20251123,20251123_1_06,20251123_1_06_05,h11b_m6,0.0815068500220109,0.081988327626116,-0.00588982504442548
20251123,20251123_1_07,20251123_1_07_05,h11b_m6,0.249826939435693,0.234210508404287,0.0645481163769481
20251123,20251123_1_08,20251123_1_08_02,h11b_m6,0.408034107127546,0.378843754068046,0.074226905126154
20251123,20251123_1_09,20251123_1_09_10,h11b_m6,0.171450804175305,0.158007940731565,0.0816510797754366
20251123,20251123_1_10,20251123_1_10_01,h11b_m6,0.0196457908850064,0.0196760454835246,-0.00153881951009582
20251123,20251123_1_11,20251123_1_11_02,h11b_m6,0.160055801254708,0.169658708065172,-0.0582663072303919
20251123,20251123_3_01,20251123_3_01_06,h11b_m6,0.200001430521201,0.222268874616671,-0.105563276818988
20251123,20251123_3_02,20251123_3_02_05,h11b_m6,0.579979129439979,0.535978908737839,0.0788973082419679
20251123,20251123_3_03,20251123_3_03_10,h11b_m6,0.280864014380256,0.267148703661445,0.0500651716922387
20251123,20251123_3_04,20251123_3_04_01,h11b_m6,0.179914161943957,0.185220107063561,-0.0290650267179489
20251123,20251123_3_05,20251123_3_05_03,h11b_m6,0.106021936951589,0.0966033713974917,0.0930323838692448
20251123,20251123_3_06,20251123_3_06_07,h11b_m6,0.0801754746213832,0.0809221312570683,-0.00926968440165243
20251128,20251128_3_01,20251128_3_01_11,h11b_m6,0.228803214757069,0.228264804362955,0.00235593224914199
20251128,20251128_3_02,20251128_3_02_03,h11b_m6,0.0418841864136806,0.0423292914990876,-0.0105709737040898
20251128,20251128_3_03,20251128_3_03_12,h11b_m6,0.122270546830644,0.122775683569172,-0.00412279310075814
20251128,20251128_3_04,20251128_3_04_12,h11b_m6,0.0156507046487514,0.0180256142869155,-0.141277820856363
20251128,20251128_3_05,20251128_3_05_02,h11b_m6,0.0488096727990158,0.0537831789303509,-0.0970322526804077
20251128,20251128_3_06,20251128_3_06_07,h11b_m6,0.62505592091776,0.617778699739506,0.0117108169109176
20251128,20251128_3_07,20251128_3_07_01,h11b_m6,0.224363778150787,0.235248915566584,-0.0473754245693641
20251128,20251128_3_08,20251128_3_08_01,h11b_m6,0.430586237519108,0.44269940089892,-0.027743363201129
20251128,20251128_3_09,20251128_3_09_09,h11b_m6,0.560508549060057,0.539198745590189,0.0387602617885113
20251129,20251129_1_01,20251129_1_01_01,h11b_m6,0.506172121679282,0.495581263218099,0.0211454300857599
20251129,20251129_1_02,20251129_1_02_04,h11b_m6,0.0968338023447274,0.0976265786473435,-0.0081536474491859
20251129,20251129_1_03,20251129_1_03_05,h11b_m6,0.574803210198402,0.560099979176771,0.0259124370475029
20251129,20251129_1_04,20251129_1_04_04,h11b_m6,0.170927892308225,0.186488556199894,-0.0871280911811485
20251129,20251129_1_05,20251129_1_05_04,h11b_m6,0.325961917912208,0.318861744501104,0.0220229523020985
20251129,20251129_1_06,20251129_1_06_05,h11b_m6,0.29514053239975,0.308055643635122,-0.0428288038868005
20251129,20251129_1_07,20251129_1_07_08,h11b_m6,0.0680766413699445,0.0714477743454253,-0.0483326046023915
20251129,20251129_1_08,20251129_1_08_01,h11b_m6,0.482113462207218,0.474971784820007,0.0149240832273831
20251129,20251129_1_09,20251129_1_09_07,h11b_m6,0.241788848147977,0.21734905635939,0.106560201114478
20251129,20251129_1_10,20251129_1_10_10,h11b_m6,0.108247915427964,0.0991571942067901,0.0877176985292922
20251129,20251129_1_11,20251129_1_11_02,h11b_m6,0.366118473550244,0.349081895334708,0.0476504274528504
20251130,20251130_1_01,20251130_1_01_01,h11b_m6,0.168806918156368,0.160934597894682,0.0477575074642902
20251130,20251130_1_02,20251130_1_02_06,h11b_m6,0.588541352030467,0.567707689220828,0.0360405364640923
20251130,20251130_1_03,20251130_1_03_09,h11b_m6,0.296735149245345,0.274391775602171,0.078283064464181
20251130,20251130_1_04,20251130_1_04_01,h11b_m6,0.384818038455306,0.365268487492776,0.0521379298289295
20251130,20251130_1_05,20251130_1_05_02,h11b_m6,0.649525347181667,0.602488831217651,0.0751727332381306
20251130,20251130_1_06,20251130_1_06_11,h11b_m6,0.298694715598278,0.295492808876303,0.0107775326246542
20251130,20251130_1_07,20251130_1_07_08,h11b_m6,0.0451573179493595,0.0478424511840174,-0.0577609978971401
20251130,20251130_1_08,20251130_1_08_11,h11b_m6,0.0740939366958772,0.0606275851624722,0.200583712783824
20251130,20251130_1_09,20251130_1_09_03,h11b_m6,0.0257167504239706,0.0284941274752186,-0.102555465478888
20251130,20251130_1_10,20251130_1_10_06,h11b_m6,0.157292129583581,0.167212676014788,-0.0611617368837001
20251130,20251130_1_11,20251130_1_11_08,h11b_m6,0.0090468873088943,0.0107338536805261,-0.170981887478253
20251130,20251130_3_01,20251130_3_01_05,h11b_m6,0.294649609770498,0.249846735198262,0.164939216242216
20251130,20251130_3_02,20251130_3_02_05,h11b_m6,0.112268462744707,0.112668146404065,-0.00355374860062074
20251130,20251130_3_03,20251130_3_03_04,h11b_m6,0.319286022831341,0.307479331408874,0.0376794542969752
20251130,20251130_3_04,20251130_3_04_09,h11b_m6,0.276009621106852,0.275023238597911,0.00358012610367231
20251130,20251130_3_05,20251130_3_05_05,h11b_m6,0.263665079071747,0.241854188179459,0.0863446414821654
20251130,20251130_3_06,20251130_3_06_12,h11b_m6,0.0191252100665757,0.0232800062845828,-0.19658752929399
20251205,20251205_3_01,20251205_3_01_03,h11b_m6,0.745921647924391,0.722881874216554,0.0313747391118039
20251205,20251205_3_02,20251205_3_02_07,h11b_m6,0.20797858926406,0.19985810926976,0.0398274770570406
20251205,20251205_3_03,20251205_3_03_04,h11b_m6,0.0646695714754152,0.0612544780286706,0.054253831684719
20251205,20251205_3_04,20251205_3_04_03,h11b_m6,0.147906992147499,0.14810269617196,-0.00132228140292923
20251205,20251205_3_05,20251205_3_05_02,h11b_m6,0.0263300548475666,0.0237865244997556,0.101591833750874
20251205,20251205_3_06,20251205_3_06_12,h11b_m6,0.139012813155867,0.126571923431377,0.0937553985889041
20251205,20251205_3_07,20251205_3_07_12,h11b_m6,0.165785308462189,0.15380996735494,0.0749757665553066
20251205,20251205_3_08,20251205_3_08_09,h11b_m6,0.145746825010651,0.141014385088998,0.0330091341078336
20251205,20251205_3_09,20251205_3_09_07,h11b_m6,0.0734242575114595,0.0688679206547355,0.0640638880519684
20251206,20251206_1_01,20251206_1_01_09,h11b_m6,0.486017186050176,0.446760650400024,0.0842209920316013
20251206,20251206_1_03,20251206_1_03_06,h11b_m6,0.507998209128263,0.500400773412212,0.0150685980546871
20251206,20251206_1_04,20251206_1_04_11,h11b_m6,0.22719941520366,0.20960056548042,0.0806244625701131
20251206,20251206_1_05,20251206_1_05_02,h11b_m6,0.339402331672603,0.321131250421074,0.0553363033827545
20251206,20251206_1_06,20251206_1_06_05,h11b_m6,0.289869437930536,0.256956449217687,0.120523995332516
20251206,20251206_1_07,20251206_1_07_09,h11b_m6,0.669298575370867,0.628034370962872,0.063635365765229
20251206,20251206_1_08,20251206_1_08_08,h11b_m6,0.246618372181178,0.223468807538771,0.098570249177554
20251206,20251206_1_09,20251206_1_09_09,h11b_m6,0.263572308394119,0.265973965315774,-0.00907068374451203
20251206,20251206_1_10,20251206_1_10_05,h11b_m6,0.208499085000129,0.199892900276777,0.0421529282393085
20251206,20251206_1_11,20251206_1_11_11,h11b_m6,0.0680755042706624,0.0659761539822063,0.0313240726665454
20251207,20251207_1_01,20251207_1_01_08,h11b_m6,0.0370147149822148,0.0355351544072642,0.0407930643178771
20251207,20251207_1_02,20251207_1_02_04,h11b_m6,0.0582144747246838,0.0598410239504525,-0.0275574145665707
20251207,20251207_1_03,20251207_1_03_03,h11b_m6,0.420140281270531,0.383218952419816,0.0919821553641508
20251207,20251207_1_04,20251207_1_04_07,h11b_m6,0.287960379129358,0.308142762288374,-0.0677402913029905
20251207,20251207_1_05,20251207_1_05_08,h11b_m6,0.466816016672381,0.444145058830157,0.0497839933098965
20251207,20251207_1_06,20251207_1_06_09,h11b_m6,0.210219525983704,0.173467607835837,0.192161462930357
20251207,20251207_1_07,20251207_1_07_09,h11b_m6,0.468761579139691,0.499646120904923,-0.0638058105087693
20251207,20251207_1_08,20251207_1_08_09,h11b_m6,0.347108299227172,0.320747368529411,0.07898303342764
20251207,20251207_1_09,20251207_1_09_10,h11b_m6,0.476606768175303,0.448235399244373,0.0613732263599858
20251207,20251207_1_10,20251207_1_10_04,h11b_m6,0.0681980740124308,0.0874079885431049,-0.248170356415881
20251207,20251207_1_11,20251207_1_11_10,h11b_m6,0.271179556210251,0.257598411383386,0.0513793432980358
20251207,20251207_3_01,20251207_3_01_05,h11b_m6,0.311723175535367,0.311586438974819,0.000438743634167071
20251207,20251207_3_02,20251207_3_02_06,h11b_m6,0.460329088625358,0.421411420336146,0.0883320418115434
20251207,20251207_3_03,20251207_3_03_04,h11b_m6,0.0648977579959186,0.0688837192928264,-0.0596067777676978
20251207,20251207_3_04,20251207_3_04_05,h11b_m6,0.220405657104072,0.241106771071876,-0.0897701244828548
20251207,20251207_3_05,20251207_3_05_05,h11b_m6,0.141216280999026,0.161634268295733,-0.135043556953948
20251207,20251207_3_06,20251207_3_06_06,h11b_m6,0.271572428020452,0.26587303012236,0.0212100092137624
20251212,20251212_3_01,20251212_3_01_07,h11b_m6,0.466002216330771,0.44706004239597,0.0414974815624252
20251212,20251212_3_02,20251212_3_02_09,h11b_m6,0.56438242282449,0.538113883371397,0.0476618594863039
20251212,20251212_3_03,20251212_3_03_06,h11b_m6,0.350484912579908,0.364233398241578,-0.038477205986619
20251212,20251212_3_04,20251212_3_04_04,h11b_m6,0.0368903364299585,0.0363624135717956,0.0144139844129447
20251212,20251212_3_05,20251212_3_05_12,h11b_m6,0.432110384106372,0.398020494945975,0.0821775755717432
20251212,20251212_3_06,20251212_3_06_02,h11b_m6,0.11010834218126,0.11510308819308,-0.0443633359011648
20251212,20251212_3_07,20251212_3_07_10,h11b_m6,0.0696116683812289,0.0656157431635928,0.0591165480368123
20251212,20251212_3_08,20251212_3_08_06,h11b_m6,0.032535830359317,0.0307926143721693,0.0550670865402694
20251212,20251212_3_09,20251212_3_09_06,h11b_m6,0.114969484217508,0.12089525143871,-0.0502577415609538
20251213,20251213_1_01,20251213_1_01_11,h11b_m6,0.715625990981584,0.718561044778579,-0.00409299180830447
20251213,20251213_1_02,20251213_1_02_10,h11b_m6,0.321277635869945,0.316102322115267,0.0162396932278082
20251213,20251213_1_03,20251213_1_03_08,h11b_m6,0.197547231656669,0.216599263838391,-0.0920712324677477
20251213,20251213_1_04,20251213_1_04_08,h11b_m6,0.158905307708054,0.139295360960537,0.131711898082017
20251213,20251213_1_05,20251213_1_05_05,h11b_m6,0.0824887339249355,0.0862810977534198,-0.044948819060409
20251213,20251213_1_06,20251213_1_06_09,h11b_m6,0.120112647919862,0.134807536578914,-0.115418071140856
20251213,20251213_1_07,20251213_1_07_05,h11b_m6,0.27246698584825,0.266843499452818,0.0208551117342284
20251213,20251213_1_08,20251213_1_08_02,h11b_m6,0.578048203971855,0.533619220852019,0.0799747480304874
20251213,20251213_1_09,20251213_1_09_11,h11b_m6,0.595173317429111,0.618221620724965,-0.037994349834145
20251213,20251213_1_10,20251213_1_10_04,h11b_m6,0.420859391978843,0.397668642746994,0.0566796894930218
20251213,20251213_1_11,20251213_1_11_05,h11b_m6,0.0454548874918054,0.0417062205792945,0.0860700581724743
20251214,20251214_1_01,20251214_1_01_07,h11b_m6,0.0634089034925144,0.0601887705194042,0.0521184865269655
20251214,20251214_1_02,20251214_1_02_10,h11b_m6,0.445950413545639,0.418652484074801,0.0631665832793922
20251214,20251214_1_03,20251214_1_03_07,h11b_m6,0.0753810063018109,0.0807951610098348,-0.0693617377727334
20251214,20251214_1_04,20251214_1_04_06,h11b_m6,0.396776609982591,0.398855134982951,-0.00522485368890169
20251214,20251214_1_05,20251214_1_05_01,h11b_m6,0.138632686887684,0.161172723132078,-0.150648709333898
20251214,20251214_1_07,20251214_1_07_05,h11b_m6,0.323028000191449,0.298095333922636,0.0803256595283186
20251214,20251214_1_08,20251214_1_08_08,h11b_m6,0.282385626953314,0.267448168184151,0.0543478245023039
20251214,20251214_1_09,20251214_1_09_10,h11b_m6,0.498741645097005,0.473324660099955,0.0523066783517342
20251214,20251214_1_10,20251214_1_10_01,h11b_m6,0.101426187380328,0.0927447980038464,0.0894797023000642
20251214,20251214_1_11,20251214_1_11_06,h11b_m6,0.156997224143938,0.154452401141541,0.0163421589360015
20251214,20251214_3_01,20251214_3_01_02,h11b_m6,0.294452516016923,0.319948685316375,-0.0830428703926782
20251214,20251214_3_02,20251214_3_02_07,h11b_m6,0.408120395724485,0.363918617531561,0.114631954004994
20251214,20251214_3_03,20251214_3_03_03,h11b_m6,0.560428230954689,0.57542347085362,-0.0264050511554763
20251214,20251214_3_04,20251214_3_04_10,h11b_m6,0.0189184884574352,0.0208472361432094,-0.097081711203205
20251214,20251214_3_05,20251214_3_05_08,h11b_m6,0.329772283996462,0.31799854111272,0.0363555726981042
20251214,20251214_3_06,20251214_3_06_04,h11b_m6,0.393515553879645,0.382556669633777,0.0282437958914741
20251219,20251219_3_01,20251219_3_01_02,h11b_m6,0.412415492826623,0.401631922443638,0.0264952655370294
20251219,20251219_3_02,20251219_3_02_01,h11b_m6,0.105598296771555,0.110794109404113,-0.0480313665922614
20251219,20251219_3_03,20251219_3_03_07,h11b_m6,0.0173927648372994,0.020889369462817,-0.183186085630197
20251219,20251219_3_04,20251219_3_04_11,h11b_m6,0.171740395621757,0.156420352564498,0.093437057718976
20251219,20251219_3_05,20251219_3_05_05,h11b_m6,0.402077048880431,0.348888804982963,0.141890473064154
20251219,20251219_3_06,20251219_3_06_07,h11b_m6,0.233901357017288,0.200657096093961,0.153302013652435
20251219,20251219_3_07,20251219_3_07_12,h11b_m6,0.0223092285318743,0.0215900873577076,0.0327661376397428
20251219,20251219_3_08,20251219_3_08_05,h11b_m6,0.113546342297156,0.120653095328962,-0.0607083914165982
20251219,20251219_3_09,20251219_3_09_05,h11b_m6,0.0647145185580245,0.0656930972917467,-0.0150082814702728
20251220,20251220_1_01,20251220_1_01_05,h11b_m6,0.737896453374281,0.728663817641491,0.0125910375304737
20251220,20251220_1_02,20251220_1_02_03,h11b_m6,0.392276749613754,0.381159034337107,0.0287508836141975
20251220,20251220_1_03,20251220_1_03_01,h11b_m6,0.69580806583881,0.677962738476689,0.0259815263994387
20251220,20251220_1_04,20251220_1_04_11,h11b_m6,0.554908674461253,0.564069163394266,-0.016373324425029
20251220,20251220_1_05,20251220_1_05_10,h11b_m6,0.370103615221744,0.365802023721373,0.0116907393159612
20251220,20251220_1_06,20251220_1_06_05,h11b_m6,0.0354265616414633,0.0454913558241967,-0.250060458383613
20251220,20251220_1_07,20251220_1_07_05,h11b_m6,0.462135359771016,0.424243939008289,0.0855492170428434
20251220,20251220_1_08,20251220_1_08_04,h11b_m6,0.0762114557937578,0.0780294625755381,-0.0235746908030916
20251220,20251220_1_09,20251220_1_09_04,h11b_m6,0.580396577725436,0.611671071357931,-0.0524830483390165
20251220,20251220_1_10,20251220_1_10_07,h11b_m6,0.0356283886398401,0.0314462307701013,0.124863626143429
20251220,20251220_1_11,20251220_1_11_10,h11b_m6,0.163140038783076,0.176835448919636,-0.0806106674434284
20251221,20251221_1_01,20251221_1_01_01,h11b_m6,0.288920589416202,0.26944073926798,0.0698033984772846
20251221,20251221_1_02,20251221_1_02_02,h11b_m6,0.529932107829945,0.533121517898363,-0.00600048682588306
20251221,20251221_1_03,20251221_1_03_06,h11b_m6,0.251371441510035,0.235174519479036,0.0666038172838803
20251221,20251221_1_04,20251221_1_04_10,h11b_m6,0.168714501569912,0.177852045944803,-0.0527440555379499
20251221,20251221_1_05,20251221_1_05_08,h11b_m6,0.0268194329404764,0.0316772336850707,-0.166471508115512
20251221,20251221_1_06,20251221_1_06_07,h11b_m6,0.0274376964739502,0.0264075016654322,0.0382697278097215
20251221,20251221_1_07,20251221_1_07_10,h11b_m6,0.111342648079755,0.0986577882883291,0.120955188152905
20251221,20251221_1_08,20251221_1_08_02,h11b_m6,0.120462924356921,0.121390434445703,-0.00767005792659381
20251221,20251221_1_09,20251221_1_09_05,h11b_m6,0.351253332512849,0.36171840187815,-0.0293583055599327
20251221,20251221_1_10,20251221_1_10_04,h11b_m6,0.558682759905221,0.534946781775167,0.0434145298411823
20251221,20251221_1_11,20251221_1_11_09,h11b_m6,0.278113611935386,0.284879090169608,-0.0240351390004514
20251221,20251221_3_01,20251221_3_01_09,h11b_m6,0.0631005300752967,0.0795896741202264,-0.232155192256728
20251221,20251221_3_02,20251221_3_02_10,h11b_m6,0.522617854261933,0.506622716216902,0.0310839396995772
20251221,20251221_3_03,20251221_3_03_09,h11b_m6,0.392008576932733,0.366260005494786,0.0679402407663212
20251221,20251221_3_04,20251221_3_04_07,h11b_m6,0.399634249526177,0.378956899203129,0.0531272764301589
20251221,20251221_3_05,20251221_3_05_01,h11b_m6,0.616630003835891,0.602574787155647,0.0230573886770258
20251221,20251221_3_06,20251221_3_06_11,h11b_m6,0.0257825320703959,0.0281913852968132,-0.0893192342554938
20251226,20251226_3_01,20251226_3_01_11,h11b_m6,0.548379293655464,0.538951453079515,0.0173416908809949
20251226,20251226_3_02,20251226_3_02_05,h11b_m6,0.278674361661133,0.267689055410685,0.04021787174657
20251226,20251226_3_03,20251226_3_03_05,h11b_m6,0.521066668584073,0.496165044165334,0.0489693745910329
20251226,20251226_3_04,20251226_3_04_08,h11b_m6,0.0220340833930939,0.027402431461094,-0.218041249256162
20251226,20251226_3_05,20251226_3_05_12,h11b_m6,0.0926751579081974,0.0989161999155676,-0.0651725732536459
20251226,20251226_3_07,20251226_3_07_11,h11b_m6,0.0744360828971187,0.0868762036692933,-0.154543349527011
20251226,20251226_3_08,20251226_3_08_08,h11b_m6,0.445034383505425,0.419170042432684,0.0598748786949872
20251226,20251226_3_09,20251226_3_09_11,h11b_m6,0.0902659151856371,0.0869862447483633,0.0370099273993607
20251227,20251227_1_01,20251227_1_01_04,h11b_m6,0.149355693740108,0.148040497947771,0.00884479628934098
20251227,20251227_1_02,20251227_1_02_09,h11b_m6,0.667117824971258,0.679809493343531,-0.0188459226238184
20251227,20251227_1_03,20251227_1_03_01,h11b_m6,0.425831129838288,0.396574755889337,0.0711782961012598
20251227,20251227_1_04,20251227_1_04_01,h11b_m6,0.119127689651792,0.129855804463104,-0.0862286982857108
20251227,20251227_1_05,20251227_1_05_04,h11b_m6,0.359871804837786,0.347532043677897,0.034890997583201
20251227,20251227_1_06,20251227_1_06_06,h11b_m6,0.474678907108621,0.448124743424098,0.0575669516198506
20251227,20251227_1_07,20251227_1_07_10,h11b_m6,0.489034435886191,0.469185773749936,0.0414341119369827
20251227,20251227_1_08,20251227_1_08_04,h11b_m6,0.0639019734648877,0.069265890045804,-0.0806023333397445
20251227,20251227_1_09,20251227_1_09_07,h11b_m6,0.461365185416139,0.476562020256754,-0.0324079839027681
20251227,20251227_1_10,20251227_1_10_05,h11b_m6,0.0859528856291145,0.0888617071829965,-0.0332820047642546
20251227,20251227_1_11,20251227_1_11_08,h11b_m6,0.041800722772221,0.0467043966990874,-0.110924677392618
20251025,20251025_1_01,20251025_1_01_12,h11b_xgboost,0.204742474282487,0.20264239232672,0.0103101549957716
20251025,20251025_1_02,20251025_1_02_07,h11b_xgboost,0.133578014379649,0.135687769203919,-0.0156707471019606
20251025,20251025_1_03,20251025_1_03_04,h11b_xgboost,0.217849594735465,0.230031732835652,-0.0544123759869524
20251025,20251025_1_04,20251025_1_04_10,h11b_xgboost,0.148112214629325,0.148228450222064,-0.000784472821225624
20251025,20251025_1_05,20251025_1_05_04,h11b_xgboost,0.160272816409246,0.16129109658631,-0.00633332000010745
20251025,20251025_1_06,20251025_1_06_02,h11b_xgboost,0.173435102540744,0.173148384038107,0.00165454258006181
20251025,20251025_1_07,20251025_1_07_07,h11b_xgboost,0.50625226328084,0.495384578592258,0.0217007017223855
20251025,20251025_1_08,20251025_1_08_05,h11b_xgboost,0.079085574357284,0.0933084634836587,-0.165380330398237
20251025,20251025_1_09,20251025_1_09_04,h11b_xgboost,0.486143850350747,0.50587021226598,-0.0397755704076934
20251025,20251025_1_10,20251025_1_10_03,h11b_xgboost,0.165899408506515,0.172692026127666,-0.0401281804438838
20251025,20251025_1_11,20251025_1_11_11,h11b_xgboost,0.349675005859523,0.331606293523184,0.0530557660796742
20251026,20251026_1_01,20251026_1_01_05,h11b_xgboost,0.0246403429260231,0.0236683403688911,0.0402467503357307
20251026,20251026_1_02,20251026_1_02_02,h11b_xgboost,0.375204892778843,0.379539936670274,-0.0114875687642765
20251026,20251026_1_03,20251026_1_03_06,h11b_xgboost,0.105820594087036,0.110383591639282,-0.0422163447528798
20251026,20251026_1_04,20251026_1_04_03,h11b_xgboost,0.385972820548657,0.398219580279453,-0.0312366084943732
20251026,20251026_1_05,20251026_1_05_11,h11b_xgboost,0.0375130368400709,0.0344453344740614,0.0853149622503255
20251026,20251026_1_06,20251026_1_06_11,h11b_xgboost,0.0507124763358898,0.0512901010517528,-0.0113258097032656
20251026,20251026_1_07,20251026_1_07_07,h11b_xgboost,0.523363754080627,0.524827501752232,-0.00279290370900043
20251026,20251026_1_08,20251026_1_08_10,h11b_xgboost,0.125702640597493,0.131682435159398,-0.0464741072510444
20251026,20251026_1_09,20251026_1_09_09,h11b_xgboost,0.127822163691619,0.130067912171322,-0.0174167636452394
20251026,20251026_1_10,20251026_1_10_10,h11b_xgboost,0.54874016971744,0.537935298407906,0.019886760527116
20251026,20251026_1_11,20251026_1_11_03,h11b_xgboost,0.0336582063839799,0.0493726479227332,-0.383139684010883
20251026,20251026_3_01,20251026_3_01_05,h11b_xgboost,0.159014683704485,0.160536226587644,-0.00952307962878574
20251026,20251026_3_02,20251026_3_02_10,h11b_xgboost,0.224434516238789,0.217375761140239,0.0319565033249685
20251026,20251026_3_03,20251026_3_03_05,h11b_xgboost,0.060943559390094,0.0642352080260824,-0.0526032920346879
20251026,20251026_3_04,20251026_3_04_03,h11b_xgboost,0.358874239023223,0.350909373857121,0.0224440219994269
20251026,20251026_3_05,20251026_3_05_01,h11b_xgboost,0.317420769782584,0.298721825481184,0.0607154524139357
20251026,20251026_3_06,20251026_3_06_01,h11b_xgboost,0.441401247761026,0.425632133744533,0.0363788832481263
20251031,20251031_3_01,20251031_3_01_02,h11b_xgboost,0.0702523389398913,0.0688492117830073,0.0201748253908334
20251031,20251031_3_02,20251031_3_02_07,h11b_xgboost,0.255131166917465,0.265598145531244,-0.0402066424124845
20251031,20251031_3_03,20251031_3_03_04,h11b_xgboost,0.106032327860697,0.0963890657627114,0.0953512579477658
20251031,20251031_3_04,20251031_3_04_01,h11b_xgboost,0.41715308915159,0.399390655154547,0.0435132511956957
20251031,20251031_3_05,20251031_3_05_06,h11b_xgboost,0.0267795726268325,0.0279550213739419,-0.0429574575959299
20251031,20251031_3_06,20251031_3_06_02,h11b_xgboost,0.0476259360795127,0.0554782928677092,-0.152614336277903
20251031,20251031_3_07,20251031_3_07_10,h11b_xgboost,0.285889544777878,0.275729469631817,0.0361853266216015
20251031,20251031_3_08,20251031_3_08_11,h11b_xgboost,0.505847530260309,0.50009019788379,0.0114468223637508
20251101,20251101_1_01,20251101_1_01_12,h11b_xgboost,0.0444064485776791,0.0443011054559062,0.00237506653046804
20251101,20251101_1_02,20251101_1_02_02,h11b_xgboost,0.351308356190224,0.331915142281566,0.0567850047593876
20251101,20251101_1_03,20251101_1_03_07,h11b_xgboost,0.184890774520618,0.170979540873665,0.0782213373911398
20251101,20251101_1_04,20251101_1_04_06,h11b_xgboost,0.205475706769007,0.228690525461122,-0.107041860653788
20251101,20251101_1_05,20251101_1_05_10,h11b_xgboost,0.303029911884821,0.308527383555353,-0.017979083227992
20251101,20251101_1_06,20251101_1_06_01,h11b_xgboost,0.548434836767349,0.529617514359926,0.0349133950484743
20251101,20251101_1_07,20251101_1_07_10,h11b_xgboost,0.154095255075775,0.154680946587021,-0.00379363571749214
20251101,20251101_1_08,20251101_1_08_02,h11b_xgboost,0.395099061716884,0.365204332960581,0.0786795093413023
20251101,20251101_1_09,20251101_1_09_08,h11b_xgboost,0.18468713473442,0.201136830661487,-0.0853221961647022
20251101,20251101_1_10,20251101_1_10_09,h11b_xgboost,0.348122834590545,0.346497779009561,0.00467898163091363
20251101,20251101_1_11,20251101_1_11_01,h11b_xgboost,0.0421597751118506,0.0482010944384147,-0.133915156930211
20251102,20251102_1_01,20251102_1_01_08,h11b_xgboost,0.0368147275179099,0.0349279315327958,0.052611129838195
20251102,20251102_1_02,20251102_1_02_02,h11b_xgboost,0.572960556166087,0.576120367147349,-0.00549973266761639
20251102,20251102_1_03,20251102_1_03_11,h11b_xgboost,0.0519410365792015,0.0536239611627079,-0.0318868415248805
20251102,20251102_1_04,20251102_1_04_03,h11b_xgboost,0.091219723228343,0.093211899558129,-0.0216042540363888
20251102,20251102_1_05,20251102_1_05_11,h11b_xgboost,0.413889778042351,0.416178390621576,-0.00551429018687632
20251102,20251102_1_06,20251102_1_06_07,h11b_xgboost,0.31886056687415,0.321359705186836,-0.00780715986556113
20251102,20251102_1_07,20251102_1_07_04,h11b_xgboost,0.209899797678722,0.202461928996052,0.0360783990187932
20251102,20251102_1_08,20251102_1_08_11,h11b_xgboost,0.36995849063931,0.366648468417103,0.00898727458651483
20251102,20251102_1_09,20251102_1_09_06,h11b_xgboost,0.181528435708504,0.174916661750051,0.0371026700793224
20251102,20251102_1_10,20251102_1_10_08,h11b_xgboost,0.0288018622762891,0.0310808607464751,-0.0761521722389622
20251102,20251102_1_11,20251102_1_11_09,h11b_xgboost,0.254563347731461,0.221778442086049,0.137870840644999
20251102,20251102_3_01,20251102_3_01_02,h11b_xgboost,0.29870526036905,0.305198562293559,-0.0215052527522854
20251102,20251102_3_02,20251102_3_02_04,h11b_xgboost,0.459051732934229,0.449705361834624,0.020570294784803
20251102,20251102_3_03,20251102_3_03_09,h11b_xgboost,0.194213129027796,0.221298138814844,-0.130554677509484
20251102,20251102_3_04,20251102_3_04_02,h11b_xgboost,0.124948007266247,0.115364489236112,0.0798011211101515
20251102,20251102_3_05,20251102_3_05_11,h11b_xgboost,0.154360175654342,0.147841903105601,0.0431451940726078
20251102,20251102_3_06,20251102_3_06_05,h11b_xgboost,0.175661846424693,0.168241088576556,0.0431628180366792
20251107,20251107_3_01,20251107_3_01_07,h11b_xgboost,0.560166659306633,0.562937576079776,-0.00493439933372986
20251107,20251107_3_02,20251107_3_02_06,h11b_xgboost,0.43963291655915,0.447646789466073,-0.0180644069217463
20251107,20251107_3_03,20251107_3_03_01,h11b_xgboost,0.043111810159608,0.0441399787794478,-0.0235689428748289
20251107,20251107_3_04,20251107_3_04_02,h11b_xgboost,0.183350937925737,0.200690308230361,-0.0903609548047539
20251107,20251107_3_05,20251107_3_05_06,h11b_xgboost,0.248147143944611,0.249066761108418,-0.00369908485290482
20251107,20251107_3_06,20251107_3_06_01,h11b_xgboost,0.141970938967364,0.126931317634151,0.111976247357168
20251107,20251107_3_07,20251107_3_07_08,h11b_xgboost,0.135211311987285,0.141084075997612,-0.0425171676888529
20251107,20251107_3_08,20251107_3_08_04,h11b_xgboost,0.418664012949341,0.378608792705452,0.100565257075978
20251107,20251107_3_09,20251107_3_09_05,h11b_xgboost,0.0371588008216234,0.0351969370946018,0.0542415782872303
20251108,20251108_1_01,20251108_1_01_01,h11b_xgboost,0.179658681435654,0.180490737769573,-0.00462062560663568
20251108,20251108_1_02,20251108_1_02_05,h11b_xgboost,0.142656818318583,0.137963153158744,0.0334552306450824
20251108,20251108_1_03,20251108_1_03_02,h11b_xgboost,0.181174305439677,0.173408867895166,0.0438073770420035
20251108,20251108_1_04,20251108_1_04_11,h11b_xgboost,0.127868560086519,0.128681625946985,-0.00633847587638137
20251108,20251108_1_05,20251108_1_05_10,h11b_xgboost,0.313506114239319,0.308819342463228,0.0150624093390883
20251108,20251108_1_06,20251108_1_06_05,h11b_xgboost,0.0418699373282927,0.0489442265598903,-0.156113333145885
20251108,20251108_1_07,20251108_1_07_10,h11b_xgboost,0.184657772809822,0.186034545951528,-0.00742815214984405
20251108,20251108_1_08,20251108_1_08_03,h11b_xgboost,0.0136244073448825,0.0127946769492433,0.062833620889891
20251108,20251108_1_09,20251108_1_09_08,h11b_xgboost,0.621790429448587,0.602234765612454,0.0319557604301708
20251108,20251108_1_10,20251108_1_10_09,h11b_xgboost,0.0383061415904666,0.036118085042817,0.0588165275635539
20251108,20251108_1_11,20251108_1_11_04,h11b_xgboost,0.136805540361447,0.120980120773911,0.122934263111764
20251109,20251109_1_01,20251109_1_01_06,h11b_xgboost,0.39447953335729,0.396754853505936,-0.00575133350701007
20251109,20251109_1_02,20251109_1_02_02,h11b_xgboost,0.555256830038889,0.568981687729475,-0.0244174868218563
20251109,20251109_1_03,20251109_1_03_01,h11b_xgboost,0.204549737661431,0.210768863901663,-0.0299509394475506
20251109,20251109_1_04,20251109_1_04_03,h11b_xgboost,0.245766492254568,0.251086142550214,-0.0214142110023874
20251109,20251109_1_05,20251109_1_05_06,h11b_xgboost,0.566294865211315,0.498201973608154,0.128109341521944
20251109,20251109_1_06,20251109_1_06_07,h11b_xgboost,0.18356123048844,0.182274797177107,0.00703287000966979
20251109,20251109_1_07,20251109_1_07_09,h11b_xgboost,0.092588032040507,0.0891039531042717,0.0383561891325379
20251109,20251109_1_08,20251109_1_08_07,h11b_xgboost,0.0882436719252761,0.0898456611217404,-0.0179913348081544
20251109,20251109_1_09,20251109_1_09_09,h11b_xgboost,0.022400853030606,0.0210004581225843,0.0645547870127574
20251109,20251109_1_10,20251109_1_10_07,h11b_xgboost,0.275171730209846,0.276016003930266,-0.00306347303617049
20251109,20251109_1_11,20251109_1_11_08,h11b_xgboost,0.307916967901661,0.286628994895871,0.0716414831041676
20251109,20251109_3_01,20251109_3_01_07,h11b_xgboost,0.186564499383144,0.182360719287889,0.0227903208243188
20251109,20251109_3_02,20251109_3_02_05,h11b_xgboost,0.374115120104807,0.363237846862634,0.0295057126030729
20251109,20251109_3_03,20251109_3_03_05,h11b_xgboost,0.687593546405269,0.68415713143772,0.00501027221884781
20251109,20251109_3_04,20251109_3_04_06,h11b_xgboost,0.0322718177617447,0.0334398139893078,-0.0355528914308518
20251109,20251109_3_05,20251109_3_05_05,h11b_xgboost,0.317494424684809,0.320186041474575,-0.00844194833544942
20251109,20251109_3_06,20251109_3_06_05,h11b_xgboost,0.48086780992287,0.494750643490341,-0.0284614762295032
20251114,20251114_3_01,20251114_3_01_03,h11b_xgboost,0.180570328477012,0.187331234361226,-0.0367580233474618
20251114,20251114_3_02,20251114_3_02_06,h11b_xgboost,0.116277442827103,0.110689096848456,0.0492537418612309
20251114,20251114_3_03,20251114_3_03_03,h11b_xgboost,0.147408214652215,0.144972479729607,0.0166617791040278
20251114,20251114_3_04,20251114_3_04_03,h11b_xgboost,0.655865561373048,0.624097208106193,0.0496496925522169
20251114,20251114_3_05,20251114_3_05_05,h11b_xgboost,0.0755952211610158,0.0838021722718088,-0.103065860218383
20251114,20251114_3_06,20251114_3_06_02,h11b_xgboost,0.442153449643513,0.41859737053656,0.0547474645405326
20251114,20251114_3_07,20251114_3_07_10,h11b_xgboost,0.171314156184606,0.174441294949566,-0.018089224774982
20251114,20251114_3_08,20251114_3_08_04,h11b_xgboost,0.416099168953322,0.396958178905308,0.0470926864281844
20251114,20251114_3_09,20251114_3_09_02,h11b_xgboost,0.054768949696517,0.0566762824589883,-0.0342324024474365
20251115,20251115_1_01,20251115_1_01_08,h11b_xgboost,0.0702748317981827,0.0720003757323077,-0.0242576141971278
20251115,20251115_1_02,20251115_1_02_01,h11b_xgboost,0.25821928452045,0.25688396602916,0.0051846750377611
20251115,20251115_1_03,20251115_1_03_08,h11b_xgboost,0.174324544751037,0.169104275768227,0.030403220581334
20251115,20251115_1_04,20251115_1_04_05,h11b_xgboost,0.283549365263386,0.266283014491372,0.0628265284963108
20251115,20251115_1_05,20251115_1_05_06,h11b_xgboost,0.542277990401462,0.502955001475043,0.0752780615626496
20251115,20251115_1_06,20251115_1_06_09,h11b_xgboost,0.0156062051018732,0.0163495000381372,-0.046528720059146
20251115,20251115_1_07,20251115_1_07_03,h11b_xgboost,0.315471403063951,0.294864790119928,0.0675511251282692
20251115,20251115_1_08,20251115_1_08_09,h11b_xgboost,0.11954401692247,0.125108314402644,-0.045495231318279
20251115,20251115_1_09,20251115_1_09_11,h11b_xgboost,0.116749122815504,0.122089309972599,-0.044725442708637
20251115,20251115_1_10,20251115_1_10_10,h11b_xgboost,0.268479051658731,0.284203997255985,-0.0569193894920039
20251115,20251115_1_11,20251115_1_11_01,h11b_xgboost,0.124570474795859,0.119819397954102,0.0388860263119639
20251116,20251116_1_01,20251116_1_01_09,h11b_xgboost,0.397130718512195,0.399929785054257,-0.00702350207023494
20251116,20251116_1_02,20251116_1_02_06,h11b_xgboost,0.179258573376219,0.186787221613709,-0.0411408091840493
20251116,20251116_1_03,20251116_1_03_05,h11b_xgboost,0.0877358592818975,0.087355430402052,0.00434549861594968
20251116,20251116_1_04,20251116_1_04_06,h11b_xgboost,0.408016994231873,0.39531046198329,0.0316373901804602
20251116,20251116_1_05,20251116_1_05_03,h11b_xgboost,0.0443686453042849,0.0447879654872994,-0.00940644268809931
20251116,20251116_1_06,20251116_1_06_08,h11b_xgboost,0.0439140930076059,0.0443826918441138,-0.0106142763127877
20251116,20251116_1_07,20251116_1_07_03,h11b_xgboost,0.0537760021672996,0.0574383291062188,-0.065884523655344
20251116,20251116_1_08,20251116_1_08_04,h11b_xgboost,0.283330225019863,0.275893331502905,0.0265987792854017
20251116,20251116_1_09,20251116_1_09_02,h11b_xgboost,0.140944820058722,0.148587867455838,-0.0528080166159806
20251116,20251116_1_10,20251116_1_10_10,h11b_xgboost,0.149648506535124,0.146510978524975,0.0211888901440098
20251116,20251116_1_11,20251116_1_11_05,h11b_xgboost,0.188466609207115,0.180666175108615,0.042269859745401
20251116,20251116_3_01,20251116_3_01_03,h11b_xgboost,0.440632840038892,0.46386248812468,-0.0513761800978526
20251116,20251116_3_02,20251116_3_02_07,h11b_xgboost,0.360718295728664,0.380535062911534,-0.053481013162722
20251116,20251116_3_03,20251116_3_03_06,h11b_xgboost,0.132775883304244,0.141969445103577,-0.0669492401947114
20251116,20251116_3_04,20251116_3_04_02,h11b_xgboost,0.0533543486384129,0.0568623729472923,-0.0636783525850113
20251116,20251116_3_05,20251116_3_05_09,h11b_xgboost,0.150087166736209,0.160148186050912,-0.064883312536844
20251116,20251116_3_06,20251116_3_06_06,h11b_xgboost,0.167278688499392,0.178200685883991,-0.063249149047728
20251121,20251121_3_01,20251121_3_01_08,h11b_xgboost,0.166013655953387,0.166247634352252,-0.00140840022216038
20251121,20251121_3_02,20251121_3_02_02,h11b_xgboost,0.138251268453142,0.140499438747736,-0.0161306786595006
20251121,20251121_3_03,20251121_3_03_05,h11b_xgboost,0.137653735562552,0.130987814550093,0.0496370691697499
20251121,20251121_3_04,20251121_3_04_12,h11b_xgboost,0.126122795601315,0.129882540850946,-0.0293745094762334
20251121,20251121_3_05,20251121_3_05_02,h11b_xgboost,0.216948082250606,0.196129705242614,0.10088187080883
20251121,20251121_3_06,20251121_3_06_09,h11b_xgboost,0.491592491949792,0.476468503832754,0.0312484829710394
20251121,20251121_3_07,20251121_3_07_01,h11b_xgboost,0.0072766105038805,0.0089829807649681,-0.210666597312836
20251121,20251121_3_08,20251121_3_08_05,h11b_xgboost,0.0098405274243496,0.0109936931877413,-0.110812452140141
20251121,20251121_3_09,20251121_3_09_05,h11b_xgboost,0.193279469456479,0.194517489810801,-0.00638491112736728
20251122,20251122_1_01,20251122_1_01_04,h11b_xgboost,0.54411571786751,0.540462038669175,0.00673754001997451
20251122,20251122_1_02,20251122_1_02_08,h11b_xgboost,0.292114767547338,0.29633383696485,-0.0143398817941278
20251122,20251122_1_03,20251122_1_03_02,h11b_xgboost,0.0931728499770913,0.0893242314039923,0.0421835706109404
20251122,20251122_1_04,20251122_1_04_08,h11b_xgboost,0.188804038329146,0.1852708953754,0.018890589573898
20251122,20251122_1_05,20251122_1_05_07,h11b_xgboost,0.217938033604578,0.222935200049129,-0.0226703736311877
20251122,20251122_1_06,20251122_1_06_08,h11b_xgboost,0.261606223137847,0.265855187042177,-0.0161113428677653
20251122,20251122_1_07,20251122_1_07_04,h11b_xgboost,0.171323383684016,0.167432419080938,0.022973101541208
20251122,20251122_1_08,20251122_1_08_04,h11b_xgboost,0.274607125988041,0.25839581618871,0.0608488628698234
20251122,20251122_1_09,20251122_1_09_07,h11b_xgboost,0.303450695457061,0.297081623512925,0.0212122164257291
20251122,20251122_1_10,20251122_1_10_04,h11b_xgboost,0.395407002633196,0.396629499140734,-0.00308697257160451
20251122,20251122_1_11,20251122_1_11_05,h11b_xgboost,0.0839437349248698,0.0887078683251734,-0.0552018404530661
20251123,20251123_1_01,20251123_1_01_12,h11b_xgboost,0.198489561683253,0.209664372946617,-0.0547715153652562
20251123,20251123_1_02,20251123_1_02_01,h11b_xgboost,0.533218619037374,0.532460817129561,0.00142219509887331
20251123,20251123_1_03,20251123_1_03_06,h11b_xgboost,0.379360123457069,0.362553078262363,0.0453150613834846
20251123,20251123_1_04,20251123_1_04_05,h11b_xgboost,0.631707288433322,0.628504019566034,0.00508371214535258
20251123,20251123_1_05,20251123_1_05_06,h11b_xgboost,0.0173771770747906,0.0188409708221134,-0.0808761147866868
20251123,20251123_1_06,20251123_1_06_05,h11b_xgboost,0.0857703323260887,0.081988327626116,0.0450962785049023
20251123,20251123_1_07,20251123_1_07_05,h11b_xgboost,0.214216575360228,0.234210508404287,-0.089232781863881
20251123,20251123_1_08,20251123_1_08_02,h11b_xgboost,0.381518410933701,0.378843754068046,0.00703524720333437
20251123,20251123_1_09,20251123_1_09_10,h11b_xgboost,0.159502889174731,0.158007940731565,0.00941674645020418
20251123,20251123_1_10,20251123_1_10_01,h11b_xgboost,0.0177964785370384,0.0196760454835246,-0.100401327826697
20251123,20251123_1_11,20251123_1_11_02,h11b_xgboost,0.163202585134961,0.169658708065172,-0.0387965368119605
20251123,20251123_3_01,20251123_3_01_06,h11b_xgboost,0.208674852505345,0.222268874616671,-0.0631104850260662
20251123,20251123_3_02,20251123_3_02_05,h11b_xgboost,0.546062173488338,0.535978908737839,0.0186380291929805
20251123,20251123_3_03,20251123_3_03_10,h11b_xgboost,0.258799143819798,0.267148703661445,-0.0317531915659797
20251123,20251123_3_04,20251123_3_04_01,h11b_xgboost,0.167321964062546,0.185220107063561,-0.101625000910511
20251123,20251123_3_05,20251123_3_05_03,h11b_xgboost,0.104809911078696,0.0966033713974917,0.0815346975723386
20251123,20251123_3_06,20251123_3_06_07,h11b_xgboost,0.0723997602273692,0.0809221312570683,-0.11128436217152
20251128,20251128_3_01,20251128_3_01_11,h11b_xgboost,0.229362296183526,0.228264804362955,0.00479645511960713
20251128,20251128_3_02,20251128_3_02_03,h11b_xgboost,0.0418925439436391,0.0423292914990876,-0.010371454578658
20251128,20251128_3_03,20251128_3_03_12,h11b_xgboost,0.125027347691997,0.122775683569172,0.0181735153415921
20251128,20251128_3_04,20251128_3_04_12,h11b_xgboost,0.0178702891438804,0.0180256142869155,-0.00865425286038768
20251128,20251128_3_05,20251128_3_05_02,h11b_xgboost,0.0491328894781878,0.0537831789303509,-0.0904321016329681
20251128,20251128_3_06,20251128_3_06_07,h11b_xgboost,0.627736964083366,0.617778699739506,0.0159909294348952
20251128,20251128_3_07,20251128_3_07_01,h11b_xgboost,0.239123511498195,0.235248915566584,0.0163360342071364
20251128,20251128_3_08,20251128_3_08_01,h11b_xgboost,0.441848671183722,0.44269940089892,-0.00192353588087579
20251128,20251128_3_09,20251128_3_09_09,h11b_xgboost,0.534641258368945,0.539198745590189,-0.00848825629238781
20251129,20251129_1_01,20251129_1_01_01,h11b_xgboost,0.482798074975779,0.495581263218099,-0.0261328407744157
20251129,20251129_1_02,20251129_1_02_04,h11b_xgboost,0.0976555295015869,0.0976265786473435,0.00029650288733496
20251129,20251129_1_03,20251129_1_03_05,h11b_xgboost,0.558083824093459,0.560099979176771,-0.00360612854931774
20251129,20251129_1_04,20251129_1_04_04,h11b_xgboost,0.187450002070058,0.186488556199894,0.00514227788243238
20251129,20251129_1_05,20251129_1_05_04,h11b_xgboost,0.336386387488977,0.318861744501104,0.0535028560064668
20251129,20251129_1_06,20251129_1_06_05,h11b_xgboost,0.284988508188223,0.308055643635122,-0.0778315705002044
20251129,20251129_1_07,20251129_1_07_08,h11b_xgboost,0.0695086473364751,0.0714477743454253,-0.027515587133097
20251129,20251129_1_08,20251129_1_08_01,h11b_xgboost,0.464411065293061,0.474971784820007,-0.0224853252777846
20251129,20251129_1_09,20251129_1_09_07,h11b_xgboost,0.203904293218004,0.21734905635939,-0.0638538829873048
20251129,20251129_1_10,20251129_1_10_10,h11b_xgboost,0.0967746007953235,0.0991571942067901,-0.0243218397768055
20251129,20251129_1_11,20251129_1_11_02,h11b_xgboost,0.376794520163436,0.349081895334708,0.0763934477115292
20251130,20251130_1_01,20251130_1_01_01,h11b_xgboost,0.148148934555837,0.160934597894682,-0.0827799758608958
20251130,20251130_1_02,20251130_1_02_06,h11b_xgboost,0.584647213838436,0.567707689220828,0.0294019574551057
20251130,20251130_1_03,20251130_1_03_09,h11b_xgboost,0.27779883131363,0.274391775602171,0.0123403002697606
20251130,20251130_1_04,20251130_1_04_01,h11b_xgboost,0.383674881779822,0.365268487492776,0.0491628665887691
20251130,20251130_1_05,20251130_1_05_02,h11b_xgboost,0.610667029630139,0.602488831217651,0.0134827231433876
20251130,20251130_1_06,20251130_1_06_11,h11b_xgboost,0.27372966637678,0.295492808876303,-0.0765035008097903
20251130,20251130_1_07,20251130_1_07_08,h11b_xgboost,0.0447305513086347,0.0478424511840174,-0.0672566028305877
20251130,20251130_1_08,20251130_1_08_11,h11b_xgboost,0.0716590887159943,0.0606275851624722,0.167170004818495
20251130,20251130_1_09,20251130_1_09_03,h11b_xgboost,0.026615791615756,0.0284941274752186,-0.0681933031408279
20251130,20251130_1_10,20251130_1_10_06,h11b_xgboost,0.176663593883209,0.167212676014788,0.0549808133504055
20251130,20251130_1_11,20251130_1_11_08,h11b_xgboost,0.0099666075511264,0.0107338536805261,-0.0741623818734478
20251130,20251130_3_01,20251130_3_01_05,h11b_xgboost,0.262469520903916,0.249846735198262,0.0492872937904092
20251130,20251130_3_02,20251130_3_02_05,h11b_xgboost,0.115411003500009,0.112668146404065,0.0240529599891186
20251130,20251130_3_03,20251130_3_03_04,h11b_xgboost,0.316390974595828,0.307479331408874,0.0285708401319515
20251130,20251130_3_04,20251130_3_04_09,h11b_xgboost,0.277630211901939,0.275023238597911,0.00943445712189206
20251130,20251130_3_05,20251130_3_05_05,h11b_xgboost,0.236395261062444,0.241854188179459,-0.0228297773157258
20251130,20251130_3_06,20251130_3_06_12,h11b_xgboost,0.0206171310947094,0.0232800062845828,-0.121472556077812
20251205,20251205_3_01,20251205_3_01_03,h11b_xgboost,0.738630536341057,0.722881874216554,0.0215520191231162
20251205,20251205_3_02,20251205_3_02_07,h11b_xgboost,0.174098870561543,0.19985810926976,-0.137984301659684
20251205,20251205_3_03,20251205_3_03_04,h11b_xgboost,0.0642943892122105,0.0612544780286706,0.0484354104815217
20251205,20251205_3_04,20251205_3_04_03,h11b_xgboost,0.146482398601389,0.14810269617196,-0.0110006510120215
20251205,20251205_3_05,20251205_3_05_02,h11b_xgboost,0.0252391978172342,0.0237865244997556,0.0592790321286092
20251205,20251205_3_06,20251205_3_06_12,h11b_xgboost,0.134734320105221,0.126571923431377,0.0624941288920806
20251205,20251205_3_07,20251205_3_07_12,h11b_xgboost,0.156368836807483,0.15380996735494,0.0164996928876484
20251205,20251205_3_08,20251205_3_08_09,h11b_xgboost,0.152606678507207,0.141014385088998,0.0790019756022913
20251205,20251205_3_09,20251205_3_09_07,h11b_xgboost,0.0650931059938281,0.0688679206547355,-0.056371831883566
20251206,20251206_1_01,20251206_1_01_09,h11b_xgboost,0.470975348854935,0.446760650400024,0.0527827612723087
20251206,20251206_1_03,20251206_1_03_06,h11b_xgboost,0.510315027307793,0.500400773412212,0.0196189114438786
20251206,20251206_1_04,20251206_1_04_11,h11b_xgboost,0.221668548153467,0.20960056548042,0.0559795895160811
20251206,20251206_1_05,20251206_1_05_02,h11b_xgboost,0.31525229630019,0.321131250421074,-0.0184766604985014
20251206,20251206_1_06,20251206_1_06_05,h11b_xgboost,0.265175883326556,0.256956449217687,0.0314867042553555
20251206,20251206_1_07,20251206_1_07_09,h11b_xgboost,0.647272459353289,0.628034370962872,0.0301724218839645
20251206,20251206_1_08,20251206_1_08_08,h11b_xgboost,0.224372871272532,0.223468807538771,0.0040374311039717
20251206,20251206_1_09,20251206_1_09_09,h11b_xgboost,0.248633638865584,0.265973965315774,-0.0674179460999722
20251206,20251206_1_10,20251206_1_10_05,h11b_xgboost,0.19344006218651,0.199892900276777,-0.0328140161579031
20251206,20251206_1_11,20251206_1_11_11,h11b_xgboost,0.0683362245146322,0.0659761539822063,0.0351466261047264
20251207,20251207_1_01,20251207_1_01_08,h11b_xgboost,0.0361499161060074,0.0355351544072642,0.0171521563972585
20251207,20251207_1_02,20251207_1_02_04,h11b_xgboost,0.0566491680006154,0.0598410239504525,-0.0548141442868104
20251207,20251207_1_03,20251207_1_03_03,h11b_xgboost,0.40200668420023,0.383218952419816,0.0478622126728017
20251207,20251207_1_04,20251207_1_04_07,h11b_xgboost,0.299954849503956,0.308142762288374,-0.0269312278312588
20251207,20251207_1_05,20251207_1_05_08,h11b_xgboost,0.440513598310006,0.444145058830157,-0.00820990308133174
20251207,20251207_1_06,20251207_1_06_09,h11b_xgboost,0.190626191445731,0.173467607835837,0.094323513945171
20251207,20251207_1_07,20251207_1_07_09,h11b_xgboost,0.474776473918056,0.499646120904923,-0.0510559776015682
20251207,20251207_1_08,20251207_1_08_09,h11b_xgboost,0.322483355641859,0.320747368529411,0.00539772514622427
20251207,20251207_1_09,20251207_1_09_10,h11b_xgboost,0.457382114948926,0.448235399244373,0.0202006401104575
20251207,20251207_1_10,20251207_1_10_04,h11b_xgboost,0.0731806388432867,0.0874079885431049,-0.177655791274155
20251207,20251207_1_11,20251207_1_11_10,h11b_xgboost,0.254976405077824,0.257598411383386,-0.0102308154504491
20251207,20251207_3_01,20251207_3_01_05,h11b_xgboost,0.295657690699143,0.311586438974819,-0.0524744576509326
20251207,20251207_3_02,20251207_3_02_06,h11b_xgboost,0.440388599861609,0.421411420336146,0.0440479166977228
20251207,20251207_3_03,20251207_3_03_04,h11b_xgboost,0.0671809315837722,0.0688837192928264,-0.0250304042947675
20251207,20251207_3_04,20251207_3_04_05,h11b_xgboost,0.240991179545041,0.241106771071876,-0.000479535450846225
20251207,20251207_3_05,20251207_3_05_05,h11b_xgboost,0.164010344623807,0.161634268295733,0.014593322917646
20251207,20251207_3_06,20251207_3_06_06,h11b_xgboost,0.306941046100202,0.26587303012236,0.14363683244352
20251212,20251212_3_01,20251212_3_01_07,h11b_xgboost,0.464438792308786,0.44706004239597,0.0381368698119269
20251212,20251212_3_02,20251212_3_02_09,h11b_xgboost,0.552361263054617,0.538113883371397,0.0261320773757538
20251212,20251212_3_03,20251212_3_03_06,h11b_xgboost,0.348369234081112,0.364233398241578,-0.0445319313459658
20251212,20251212_3_04,20251212_3_04_04,h11b_xgboost,0.0350972417225893,0.0363624135717956,-0.0354131029866291
20251212,20251212_3_05,20251212_3_05_12,h11b_xgboost,0.416124333586582,0.398020494945975,0.0444805956220287
20251212,20251212_3_06,20251212_3_06_02,h11b_xgboost,0.10291716818791,0.11510308819308,-0.11190367354678
20251212,20251212_3_07,20251212_3_07_10,h11b_xgboost,0.0702594590711863,0.0656157431635928,0.0683792934420935
20251212,20251212_3_08,20251212_3_08_06,h11b_xgboost,0.0324476343945859,0.0307926143721693,0.0523526723668257
20251212,20251212_3_09,20251212_3_09_06,h11b_xgboost,0.138634016548018,0.12089525143871,0.136913006201182
20251213,20251213_1_01,20251213_1_01_11,h11b_xgboost,0.720813085360856,0.718561044778579,0.00312919674289225
20251213,20251213_1_02,20251213_1_02_10,h11b_xgboost,0.320951790066149,0.316102322115267,0.0152249598051497
20251213,20251213_1_03,20251213_1_03_08,h11b_xgboost,0.214503431117363,0.216599263838391,-0.00972320172111285
20251213,20251213_1_04,20251213_1_04_08,h11b_xgboost,0.135326259774041,0.139295360960537,-0.0289079758343918
20251213,20251213_1_05,20251213_1_05_05,h11b_xgboost,0.102749179406213,0.0862810977534198,0.17468032243977
20251213,20251213_1_06,20251213_1_06_09,h11b_xgboost,0.125927594377144,0.134807536578914,-0.0681410122767541
20251213,20251213_1_07,20251213_1_07_05,h11b_xgboost,0.253864709717349,0.266843499452818,-0.0498608559710441
20251213,20251213_1_08,20251213_1_08_02,h11b_xgboost,0.562479703777877,0.533619220852019,0.0526725362152739
20251213,20251213_1_09,20251213_1_09_11,h11b_xgboost,0.642980287348007,0.618221620724965,0.0392670636951251
20251213,20251213_1_10,20251213_1_10_04,h11b_xgboost,0.422654108503123,0.397668642746994,0.0609350315390516
20251213,20251213_1_11,20251213_1_11_05,h11b_xgboost,0.0383445554803849,0.0417062205792945,-0.0840377437288056
20251214,20251214_1_01,20251214_1_01_07,h11b_xgboost,0.0621769426698172,0.0601887705194042,0.0324984357012128
20251214,20251214_1_02,20251214_1_02_10,h11b_xgboost,0.41738300930314,0.418652484074801,-0.00303689438399346
20251214,20251214_1_03,20251214_1_03_07,h11b_xgboost,0.0756038557026714,0.0807951610098348,-0.0664097919984692
20251214,20251214_1_04,20251214_1_04_06,h11b_xgboost,0.414495084012848,0.398855134982951,0.0384628337178918
20251214,20251214_1_05,20251214_1_05_01,h11b_xgboost,0.161306219178752,0.161172723132078,0.000827936567536547
20251214,20251214_1_07,20251214_1_07_05,h11b_xgboost,0.315982284555807,0.298095333922636,0.0582728026467689
20251214,20251214_1_08,20251214_1_08_08,h11b_xgboost,0.284037197027907,0.267448168184151,0.0601794212711833
20251214,20251214_1_09,20251214_1_09_10,h11b_xgboost,0.453480630896729,0.473324660099955,-0.042828979644539
20251214,20251214_1_10,20251214_1_10_01,h11b_xgboost,0.110112946478578,0.0927447980038464,0.1716550114742
20251214,20251214_1_11,20251214_1_11_06,h11b_xgboost,0.158154715343127,0.154452401141541,0.0236877993008924
20251214,20251214_3_01,20251214_3_01_02,h11b_xgboost,0.32215275569081,0.319948685316375,0.00686520506058641
20251214,20251214_3_02,20251214_3_02_07,h11b_xgboost,0.411073610102842,0.363918617531561,0.121842034037249
20251214,20251214_3_03,20251214_3_03_03,h11b_xgboost,0.58500859186449,0.57542347085362,0.0165202932864518
20251214,20251214_3_04,20251214_3_04_10,h11b_xgboost,0.021298894895521,0.0208472361432094,0.0214338081506353
20251214,20251214_3_05,20251214_3_05_08,h11b_xgboost,0.337875527986242,0.31799854111272,0.0606307721889694
20251214,20251214_3_06,20251214_3_06_04,h11b_xgboost,0.381536520114777,0.382556669633777,-0.00267022436224873
20251219,20251219_3_01,20251219_3_01_02,h11b_xgboost,0.402817437745014,0.401631922443638,0.00294739785566522
20251219,20251219_3_02,20251219_3_02_01,h11b_xgboost,0.110206378087502,0.110794109404113,-0.00531883625107277
20251219,20251219_3_03,20251219_3_03_07,h11b_xgboost,0.0211612991227361,0.020889369462817,0.0129336088920837
20251219,20251219_3_04,20251219_3_04_11,h11b_xgboost,0.150819021973654,0.156420352564498,-0.0364663631037294
20251219,20251219_3_05,20251219_3_05_05,h11b_xgboost,0.39791227818568,0.348888804982963,0.131478313351338
20251219,20251219_3_06,20251219_3_06_07,h11b_xgboost,0.207537671707374,0.200657096093961,0.0337154119700522
20251219,20251219_3_07,20251219_3_07_12,h11b_xgboost,0.0213155662256151,0.0215900873577076,-0.0127966762110434
20251219,20251219_3_08,20251219_3_08_05,h11b_xgboost,0.125323329423276,0.120653095328962,0.0379775859218259
20251219,20251219_3_09,20251219_3_09_05,h11b_xgboost,0.0586695223850544,0.0656930972917467,-0.113073473715062
20251220,20251220_1_01,20251220_1_01_05,h11b_xgboost,0.736139400314826,0.728663817641491,0.010207033251015
20251220,20251220_1_02,20251220_1_02_03,h11b_xgboost,0.389864580763265,0.381159034337107,0.0225827490212365
20251220,20251220_1_03,20251220_1_03_01,h11b_xgboost,0.709472098895806,0.677962738476689,0.0454288423721534
20251220,20251220_1_04,20251220_1_04_11,h11b_xgboost,0.564911095022806,0.564069163394266,0.00149149071179711
20251220,20251220_1_05,20251220_1_05_10,h11b_xgboost,0.365728363332051,0.365802023721373,-0.000201387094439953
20251220,20251220_1_06,20251220_1_06_05,h11b_xgboost,0.0436913323166649,0.0454913558241967,-0.0403725887501403
20251220,20251220_1_07,20251220_1_07_05,h11b_xgboost,0.424709197355958,0.424243939008289,0.00109607556488134
20251220,20251220_1_08,20251220_1_08_04,h11b_xgboost,0.075664088051242,0.0780294625755381,-0.0307828310820941
20251220,20251220_1_09,20251220_1_09_04,h11b_xgboost,0.589322568478743,0.611671071357931,-0.0372209847180952
20251220,20251220_1_10,20251220_1_10_07,h11b_xgboost,0.0371226587094633,0.0314462307701013,0.165948402432615
20251220,20251220_1_11,20251220_1_11_10,h11b_xgboost,0.170508930079957,0.176835448919636,-0.0364319618570996
20251221,20251221_1_01,20251221_1_01_01,h11b_xgboost,0.258153098739122,0.26944073926798,-0.0427956598789241
20251221,20251221_1_02,20251221_1_02_02,h11b_xgboost,0.516059434610129,0.533121517898363,-0.0325274445312479
20251221,20251221_1_03,20251221_1_03_06,h11b_xgboost,0.240138880282335,0.235174519479036,0.0208895492139447
20251221,20251221_1_04,20251221_1_04_10,h11b_xgboost,0.173738131765566,0.177852045944803,-0.0234028263677224
20251221,20251221_1_05,20251221_1_05_08,h11b_xgboost,0.0232685930366011,0.0316772336850707,-0.308493729644287
20251221,20251221_1_06,20251221_1_06_07,h11b_xgboost,0.0253475089388867,0.0264075016654322,-0.0409676652836959
20251221,20251221_1_07,20251221_1_07_10,h11b_xgboost,0.109192502506232,0.0986577882883291,0.101455224542917
20251221,20251221_1_08,20251221_1_08_02,h11b_xgboost,0.120794940701024,0.121390434445703,-0.00491767881866645
20251221,20251221_1_09,20251221_1_09_05,h11b_xgboost,0.343608789330797,0.36171840187815,-0.0513622438364558
20251221,20251221_1_10,20251221_1_10_04,h11b_xgboost,0.546468691416015,0.534946781775167,0.0213097480785253
20251221,20251221_1_11,20251221_1_11_09,h11b_xgboost,0.28771823951543,0.284879090169608,0.00991682100565772
20251221,20251221_3_01,20251221_3_01_09,h11b_xgboost,0.0696535675332066,0.0795896741202264,-0.133350442549501
20251221,20251221_3_02,20251221_3_02_10,h11b_xgboost,0.522854537873996,0.506622716216902,0.0315367180185212
20251221,20251221_3_03,20251221_3_03_09,h11b_xgboost,0.358886544792108,0.366260005494786,-0.0203371713950882
20251221,20251221_3_04,20251221_3_04_07,h11b_xgboost,0.367559103466793,0.378956899203129,-0.0305383447145587
20251221,20251221_3_05,20251221_3_05_01,h11b_xgboost,0.612657978897634,0.602574787155647,0.0165950481721228
20251221,20251221_3_06,20251221_3_06_11,h11b_xgboost,0.0297096116399308,0.0281913852968132,0.0524541723485923
20251226,20251226_3_01,20251226_3_01_11,h11b_xgboost,0.546377824422482,0.538951453079515,0.013685224200195
20251226,20251226_3_02,20251226_3_02_05,h11b_xgboost,0.284678324292638,0.267689055410685,0.0615337902243502
20251226,20251226_3_03,20251226_3_03_05,h11b_xgboost,0.501718590139688,0.496165044165334,0.0111307633893412
20251226,20251226_3_04,20251226_3_04_08,h11b_xgboost,0.0233137584374644,0.027402431461094,-0.161588071734081
20251226,20251226_3_05,20251226_3_05_12,h11b_xgboost,0.0972157899474232,0.0989161999155676,-0.0173398798891582
20251226,20251226_3_07,20251226_3_07_11,h11b_xgboost,0.076328481987713,0.0868762036692933,-0.129438000854761
20251226,20251226_3_08,20251226_3_08_08,h11b_xgboost,0.422663633111902,0.419170042432684,0.00830000233257
20251226,20251226_3_09,20251226_3_09_11,h11b_xgboost,0.0907951063725371,0.0869862447483633,0.0428553897654935
20251227,20251227_1_01,20251227_1_01_04,h11b_xgboost,0.155609071719259,0.148040497947771,0.0498610404672901
20251227,20251227_1_02,20251227_1_02_09,h11b_xgboost,0.673842944341818,0.679809493343531,-0.00881553857664008
20251227,20251227_1_03,20251227_1_03_01,h11b_xgboost,0.398595763435571,0.396574755889337,0.00508321636394815
20251227,20251227_1_04,20251227_1_04_01,h11b_xgboost,0.105253473199494,0.129855804463104,-0.21005316686613
20251227,20251227_1_05,20251227_1_05_04,h11b_xgboost,0.363665223054695,0.347532043677897,0.0453768547786562
20251227,20251227_1_06,20251227_1_06_06,h11b_xgboost,0.460681879598908,0.448124743424098,0.0276361000461759
20251227,20251227_1_07,20251227_1_07_10,h11b_xgboost,0.48443645472944,0.469185773749936,0.0319874702462838
20251227,20251227_1_08,20251227_1_08_04,h11b_xgboost,0.067132443675779,0.069265890045804,-0.0312851384609907
20251227,20251227_1_09,20251227_1_09_07,h11b_xgboost,0.484080212570257,0.476562020256754,0.0156527488751623
20251227,20251227_1_10,20251227_1_10_05,h11b_xgboost,0.0838903940414998,0.0888617071829965,-0.0575701954074415
20251227,20251227_1_11,20251227_1_11_08,h11b_xgboost,0.0449279341392078,0.0467043966990874,-0.0387785654916546
20251025,20251025_1_01,20251025_1_01_12,h11d_alpha_anchor,0.208951844844625,0.20264239232672,0.0306610065541422
20251025,20251025_1_02,20251025_1_02_07,h11d_alpha_anchor,0.134733661922611,0.135687769203919,-0.00705647652545349
20251025,20251025_1_03,20251025_1_03_04,h11d_alpha_anchor,0.202689790655852,0.230031732835652,-0.126540582836876
20251025,20251025_1_04,20251025_1_04_10,h11d_alpha_anchor,0.150167088008878,0.148228450222064,0.0129939279602771
20251025,20251025_1_05,20251025_1_05_04,h11d_alpha_anchor,0.177503332747821,0.16129109658631,0.0957785990285653
20251025,20251025_1_06,20251025_1_06_02,h11d_alpha_anchor,0.179891992041414,0.173148384038107,0.038207688500616
20251025,20251025_1_07,20251025_1_07_07,h11d_alpha_anchor,0.506655270995329,0.495384578592258,0.022496446096116
20251025,20251025_1_08,20251025_1_08_05,h11d_alpha_anchor,0.0817951703848813,0.0933084634836587,-0.131692616202517
20251025,20251025_1_09,20251025_1_09_04,h11d_alpha_anchor,0.489763177305296,0.50587021226598,-0.0323581762381726
20251025,20251025_1_10,20251025_1_10_03,h11d_alpha_anchor,0.161291052456307,0.172692026127666,-0.0682993001223984
20251025,20251025_1_11,20251025_1_11_11,h11d_alpha_anchor,0.360535740109405,0.331606293523184,0.0836426898548721
20251026,20251026_1_01,20251026_1_01_05,h11d_alpha_anchor,0.0247999351767964,0.0236683403688911,0.0467027336436878
20251026,20251026_1_02,20251026_1_02_02,h11d_alpha_anchor,0.379076300233569,0.379539936670274,-0.0012223215688667
20251026,20251026_1_03,20251026_1_03_06,h11d_alpha_anchor,0.109550173007163,0.110383591639282,-0.0075788510480046
20251026,20251026_1_04,20251026_1_04_03,h11d_alpha_anchor,0.377743382307307,0.398219580279453,-0.0527884801042855
20251026,20251026_1_05,20251026_1_05_11,h11d_alpha_anchor,0.0336489749702999,0.0344453344740614,-0.0233909652585749
20251026,20251026_1_06,20251026_1_06_11,h11d_alpha_anchor,0.0502757005327247,0.0512901010517528,-0.0199759020239978
20251026,20251026_1_07,20251026_1_07_07,h11d_alpha_anchor,0.530277014942309,0.524827501752232,0.0103298991940909
20251026,20251026_1_08,20251026_1_08_10,h11d_alpha_anchor,0.12726348274804,0.131682435159398,-0.0341336251507833
20251026,20251026_1_09,20251026_1_09_09,h11d_alpha_anchor,0.131648535125138,0.130067912171322,0.0120790434706852
20251026,20251026_1_10,20251026_1_10_10,h11d_alpha_anchor,0.552777536451267,0.537935298407906,0.0272173459385493
20251026,20251026_1_11,20251026_1_11_03,h11d_alpha_anchor,0.0397075725134371,0.0493726479227332,-0.217854672163225
20251026,20251026_3_01,20251026_3_01_05,h11d_alpha_anchor,0.162491131417979,0.160536226587644,0.0121037964634594
20251026,20251026_3_02,20251026_3_02_10,h11d_alpha_anchor,0.221965532005317,0.217375761140239,0.0208946344046623
20251026,20251026_3_03,20251026_3_03_05,h11d_alpha_anchor,0.0618902411856592,0.0642352080260824,-0.0371889592454444
20251026,20251026_3_04,20251026_3_04_03,h11d_alpha_anchor,0.36559072901109,0.350909373857121,0.0409864849849386
20251026,20251026_3_05,20251026_3_05_01,h11d_alpha_anchor,0.307656186091015,0.298721825481184,0.0294700897592652
20251026,20251026_3_06,20251026_3_06_01,h11d_alpha_anchor,0.45104766247669,0.425632133744533,0.0579975782886679
20251031,20251031_3_01,20251031_3_01_02,h11d_alpha_anchor,0.0677947971017791,0.0688492117830073,-0.0154333236968407
20251031,20251031_3_02,20251031_3_02_07,h11d_alpha_anchor,0.269624319763136,0.265598145531244,0.015045146414997
20251031,20251031_3_03,20251031_3_03_04,h11d_alpha_anchor,0.113169632002796,0.0963890657627114,0.160495091766803
20251031,20251031_3_04,20251031_3_04_01,h11d_alpha_anchor,0.431486738558749,0.399390655154547,0.0772967532009705
20251031,20251031_3_05,20251031_3_05_06,h11d_alpha_anchor,0.0237440048579551,0.0279550213739419,-0.163266767480065
20251031,20251031_3_06,20251031_3_06_02,h11d_alpha_anchor,0.0513870269815368,0.0554782928677092,-0.0766060774952311
20251031,20251031_3_07,20251031_3_07_10,h11d_alpha_anchor,0.286901552478357,0.275729469631817,0.0397189316596376
20251031,20251031_3_08,20251031_3_08_11,h11d_alpha_anchor,0.512326394926294,0.50009019788379,0.0241734340990234
20251101,20251101_1_01,20251101_1_01_12,h11d_alpha_anchor,0.0430623710048012,0.0443011054559062,-0.0283600773626547
20251101,20251101_1_02,20251101_1_02_02,h11d_alpha_anchor,0.367176881460162,0.331915142281566,0.100964357068919
20251101,20251101_1_03,20251101_1_03_07,h11d_alpha_anchor,0.184515110396509,0.170979540873665,0.0761874539640064
20251101,20251101_1_04,20251101_1_04_06,h11d_alpha_anchor,0.215055108775825,0.228690525461122,-0.0614753571952371
20251101,20251101_1_05,20251101_1_05_10,h11d_alpha_anchor,0.309950482532495,0.308527383555353,0.00460194799747926
20251101,20251101_1_06,20251101_1_06_01,h11d_alpha_anchor,0.541787340416699,0.529617514359926,0.0227184885939089
20251101,20251101_1_07,20251101_1_07_10,h11d_alpha_anchor,0.156828659940714,0.154680946587021,0.0137892850806562
20251101,20251101_1_08,20251101_1_08_02,h11d_alpha_anchor,0.376322118412895,0.365204332960581,0.0299884612661854
20251101,20251101_1_09,20251101_1_09_08,h11d_alpha_anchor,0.176060814867281,0.201136830661487,-0.1331559516419
20251101,20251101_1_10,20251101_1_10_09,h11d_alpha_anchor,0.345594631127953,0.346497779009561,-0.00260990694605789
20251101,20251101_1_11,20251101_1_11_01,h11d_alpha_anchor,0.04317399049135,0.0482010944384147,-0.110143485017479
20251102,20251102_1_01,20251102_1_01_08,h11d_alpha_anchor,0.0361416785345024,0.0349279315327958,0.0341598898558311
20251102,20251102_1_02,20251102_1_02_02,h11d_alpha_anchor,0.576430625752967,0.576120367147349,0.000538385919622075
20251102,20251102_1_03,20251102_1_03_11,h11d_alpha_anchor,0.0546295917566297,0.0536239611627079,0.0185797046975362
20251102,20251102_1_04,20251102_1_04_03,h11d_alpha_anchor,0.0970386980977122,0.093211899558129,0.0402344572013815
20251102,20251102_1_05,20251102_1_05_11,h11d_alpha_anchor,0.413263563007102,0.416178390621576,-0.00702843544583087
20251102,20251102_1_06,20251102_1_06_07,h11d_alpha_anchor,0.327449336525914,0.321359705186836,0.0187722728192115
20251102,20251102_1_07,20251102_1_07_04,h11d_alpha_anchor,0.220118152035519,0.202461928996052,0.0836125929833254
20251102,20251102_1_08,20251102_1_08_11,h11d_alpha_anchor,0.369206887555539,0.366648468417103,0.00695362050860604
20251102,20251102_1_09,20251102_1_09_06,h11d_alpha_anchor,0.192149123713438,0.174916661750051,0.0939621146464742
20251102,20251102_1_10,20251102_1_10_08,h11d_alpha_anchor,0.0280606559697218,0.0310808607464751,-0.102223767864778
20251102,20251102_1_11,20251102_1_11_09,h11d_alpha_anchor,0.258381758217106,0.221778442086049,0.152759299372772
20251102,20251102_3_01,20251102_3_01_02,h11d_alpha_anchor,0.299680953825096,0.305198562293559,-0.0182441671938827
20251102,20251102_3_02,20251102_3_02_04,h11d_alpha_anchor,0.468839978259704,0.449705361834624,0.0416688956421909
20251102,20251102_3_03,20251102_3_03_09,h11d_alpha_anchor,0.220011712812413,0.221298138814844,-0.00583005179437457
20251102,20251102_3_04,20251102_3_04_02,h11d_alpha_anchor,0.134208882327728,0.115364489236112,0.151300821793883
20251102,20251102_3_05,20251102_3_05_11,h11d_alpha_anchor,0.153161742952858,0.147841903105601,0.0353510259438639
20251102,20251102_3_06,20251102_3_06_05,h11d_alpha_anchor,0.173451570079797,0.168241088576556,0.0305004236822648
20251107,20251107_3_01,20251107_3_01_07,h11d_alpha_anchor,0.563844946372843,0.562937576079776,0.00161055123081844
20251107,20251107_3_02,20251107_3_02_06,h11d_alpha_anchor,0.466003707095355,0.447646789466073,0.0401890841532822
20251107,20251107_3_03,20251107_3_03_01,h11d_alpha_anchor,0.0425555076693198,0.0441399787794478,-0.0365566334931064
20251107,20251107_3_04,20251107_3_04_02,h11d_alpha_anchor,0.176184658281131,0.200690308230361,-0.130230325005377
20251107,20251107_3_05,20251107_3_05_06,h11d_alpha_anchor,0.264404976860125,0.249066761108418,0.0597609535941683
20251107,20251107_3_06,20251107_3_06_01,h11d_alpha_anchor,0.136736615189792,0.126931317634151,0.074410424417783
20251107,20251107_3_07,20251107_3_07_08,h11d_alpha_anchor,0.138928637876061,0.141084075997612,-0.0153955916202588
20251107,20251107_3_08,20251107_3_08_04,h11d_alpha_anchor,0.400631486620282,0.378608792705452,0.0565385560285619
20251107,20251107_3_09,20251107_3_09_05,h11d_alpha_anchor,0.0387560154570395,0.0351969370946018,0.0963269168920866
20251108,20251108_1_01,20251108_1_01_01,h11d_alpha_anchor,0.185487843149482,0.180490737769573,0.0273098821573166
20251108,20251108_1_02,20251108_1_02_05,h11d_alpha_anchor,0.142752530398292,0.137963153158744,0.0341259310529485
20251108,20251108_1_03,20251108_1_03_02,h11d_alpha_anchor,0.17965934303047,0.173408867895166,0.0354103147537761
20251108,20251108_1_04,20251108_1_04_11,h11d_alpha_anchor,0.130742475229643,0.128681625946985,0.0158882125887394
20251108,20251108_1_05,20251108_1_05_10,h11d_alpha_anchor,0.306115216383286,0.308819342463228,-0.00879489848607995
20251108,20251108_1_06,20251108_1_06_05,h11d_alpha_anchor,0.0413111434090257,0.0489442265598903,-0.169549136586994
20251108,20251108_1_07,20251108_1_07_10,h11d_alpha_anchor,0.18372588255275,0.186034545951528,-0.0124875093244217
20251108,20251108_1_08,20251108_1_08_03,h11d_alpha_anchor,0.0127442264885728,0.0127946769492433,-0.00395087646723358
20251108,20251108_1_09,20251108_1_09_08,h11d_alpha_anchor,0.627730293865853,0.602234765612454,0.0414632604654445
20251108,20251108_1_10,20251108_1_10_09,h11d_alpha_anchor,0.0349476173898498,0.036118085042817,-0.0329434162182882
20251108,20251108_1_11,20251108_1_11_04,h11d_alpha_anchor,0.131259241311711,0.120980120773911,0.0815480680122813
20251109,20251109_1_01,20251109_1_01_06,h11d_alpha_anchor,0.38377653874689,0.396754853505936,-0.0332581396370494
20251109,20251109_1_02,20251109_1_02_02,h11d_alpha_anchor,0.551752825839556,0.568981687729475,-0.0307480836383475
20251109,20251109_1_03,20251109_1_03_01,h11d_alpha_anchor,0.207079487520507,0.210768863901663,-0.017659384065785
20251109,20251109_1_04,20251109_1_04_03,h11d_alpha_anchor,0.260947902744361,0.251086142550214,0.0385247033910161
20251109,20251109_1_05,20251109_1_05_06,h11d_alpha_anchor,0.551909764038673,0.498201973608154,0.10237899767197
20251109,20251109_1_06,20251109_1_06_07,h11d_alpha_anchor,0.182483699268882,0.182274797177107,0.00114542699704345
20251109,20251109_1_07,20251109_1_07_09,h11d_alpha_anchor,0.0958447114801607,0.0891039531042717,0.0729255924663752
20251109,20251109_1_08,20251109_1_08_07,h11d_alpha_anchor,0.0920543405243787,0.0898456611217404,0.0242857387316384
20251109,20251109_1_09,20251109_1_09_09,h11d_alpha_anchor,0.0214627339748412,0.0210004581225843,0.0217738748826548
20251109,20251109_1_10,20251109_1_10_07,h11d_alpha_anchor,0.274223962632705,0.276016003930266,-0.00651369490603781
20251109,20251109_1_11,20251109_1_11_08,h11d_alpha_anchor,0.311122528661467,0.286628994895871,0.0819981386326336
20251109,20251109_3_01,20251109_3_01_07,h11d_alpha_anchor,0.169458118272709,0.182360719287889,-0.0733808932144961
20251109,20251109_3_02,20251109_3_02_05,h11d_alpha_anchor,0.374938534597076,0.363237846862634,0.0317042595797058
20251109,20251109_3_03,20251109_3_03_05,h11d_alpha_anchor,0.696859142108503,0.68415713143772,0.0183956831067182
20251109,20251109_3_04,20251109_3_04_06,h11d_alpha_anchor,0.0319982430280257,0.0334398139893078,-0.0440662297621555
20251109,20251109_3_05,20251109_3_05_05,h11d_alpha_anchor,0.33072184670937,0.320186041474575,0.0323754733576314
20251109,20251109_3_06,20251109_3_06_05,h11d_alpha_anchor,0.494081878184735,0.494750643490341,-0.00135263635228933
20251114,20251114_3_01,20251114_3_01_03,h11d_alpha_anchor,0.173762826391325,0.187331234361226,-0.0751870540078297
20251114,20251114_3_02,20251114_3_02_06,h11d_alpha_anchor,0.117165314898048,0.110689096848456,0.0568605432961453
20251114,20251114_3_03,20251114_3_03_03,h11d_alpha_anchor,0.148058836277692,0.144972479729607,0.0210658077429016
20251114,20251114_3_04,20251114_3_04_03,h11d_alpha_anchor,0.653142298885705,0.624097208106193,0.0454888826764992
20251114,20251114_3_05,20251114_3_05_05,h11d_alpha_anchor,0.0790217959424825,0.0838021722718088,-0.0587352168297492
20251114,20251114_3_06,20251114_3_06_02,h11d_alpha_anchor,0.433388524299793,0.41859737053656,0.034725082013816
20251114,20251114_3_07,20251114_3_07_10,h11d_alpha_anchor,0.172818418934747,0.174441294949566,-0.00934682466681536
20251114,20251114_3_08,20251114_3_08_04,h11d_alpha_anchor,0.436620981898766,0.396958178905308,0.0952345681175274
20251114,20251114_3_09,20251114_3_09_02,h11d_alpha_anchor,0.0529700794668439,0.0566762824589883,-0.0676286086601841
20251115,20251115_1_01,20251115_1_01_08,h11d_alpha_anchor,0.0716735967946055,0.0720003757323077,-0.00454890326263913
20251115,20251115_1_02,20251115_1_02_01,h11d_alpha_anchor,0.256046020341963,0.25688396602916,-0.0032672936069178
20251115,20251115_1_03,20251115_1_03_08,h11d_alpha_anchor,0.167824338859863,0.169104275768227,-0.00759771067128301
20251115,20251115_1_04,20251115_1_04_05,h11d_alpha_anchor,0.272062805618597,0.266283014491372,0.0214732352253812
20251115,20251115_1_05,20251115_1_05_06,h11d_alpha_anchor,0.553491299801319,0.502955001475043,0.0957453276992739
20251115,20251115_1_06,20251115_1_06_09,h11d_alpha_anchor,0.0144922582657147,0.0163495000381372,-0.120582724033466
20251115,20251115_1_07,20251115_1_07_03,h11d_alpha_anchor,0.31629381094956,0.294864790119928,0.0701546503997252
20251115,20251115_1_08,20251115_1_08_09,h11d_alpha_anchor,0.1129485417494,0.125108314402644,-0.102247545070414
20251115,20251115_1_09,20251115_1_09_11,h11d_alpha_anchor,0.115140262260279,0.122089309972599,-0.0586017688755236
20251115,20251115_1_10,20251115_1_10_10,h11d_alpha_anchor,0.274345340922035,0.284203997255985,-0.0353045993849705
20251115,20251115_1_11,20251115_1_11_01,h11d_alpha_anchor,0.125336870260994,0.119819397954102,0.0450194824339847
20251116,20251116_1_01,20251116_1_01_09,h11d_alpha_anchor,0.406217982949384,0.399929785054257,0.0156009250015277
20251116,20251116_1_02,20251116_1_02_06,h11d_alpha_anchor,0.18439492708413,0.186787221613709,-0.0128903163217091
20251116,20251116_1_03,20251116_1_03_05,h11d_alpha_anchor,0.0904698311556882,0.087355430402052,0.0350312347745594
20251116,20251116_1_04,20251116_1_04_06,h11d_alpha_anchor,0.410151743925257,0.39531046198329,0.0368557624750167
20251116,20251116_1_05,20251116_1_05_03,h11d_alpha_anchor,0.0433275929738073,0.0447879654872994,-0.0331497926411144
20251116,20251116_1_06,20251116_1_06_08,h11d_alpha_anchor,0.047608002073559,0.0443826918441138,0.0701512877908517
20251116,20251116_1_07,20251116_1_07_03,h11d_alpha_anchor,0.0522668736010995,0.0574383291062188,-0.0943490564953811
20251116,20251116_1_08,20251116_1_08_04,h11d_alpha_anchor,0.287362061431138,0.275893331502905,0.040728647824098
20251116,20251116_1_09,20251116_1_09_02,h11d_alpha_anchor,0.138579872442853,0.148587867455838,-0.0697296275563668
20251116,20251116_1_10,20251116_1_10_10,h11d_alpha_anchor,0.153818265607562,0.146510978524975,0.0486714477112764
20251116,20251116_1_11,20251116_1_11_05,h11d_alpha_anchor,0.192571627906928,0.180666175108615,0.0638171855745886
20251116,20251116_3_01,20251116_3_01_03,h11d_alpha_anchor,0.44461798306735,0.46386248812468,-0.0423726980452256
20251116,20251116_3_02,20251116_3_02_07,h11d_alpha_anchor,0.364628920131511,0.380535062911534,-0.0426981433645136
20251116,20251116_3_03,20251116_3_03_06,h11d_alpha_anchor,0.1288203171735,0.141969445103577,-0.0971933158602396
20251116,20251116_3_04,20251116_3_04_02,h11d_alpha_anchor,0.0496325438537853,0.0568623729472923,-0.135987093850139
20251116,20251116_3_05,20251116_3_05_09,h11d_alpha_anchor,0.163966514247787,0.160148186050912,0.0235626761325267
20251116,20251116_3_06,20251116_3_06_06,h11d_alpha_anchor,0.167171464686011,0.178200685883991,-0.063890343653459
20251121,20251121_3_01,20251121_3_01_08,h11d_alpha_anchor,0.163438422700288,0.166247634352252,-0.0170421501463411
20251121,20251121_3_02,20251121_3_02_02,h11d_alpha_anchor,0.143081711626432,0.140499438747736,0.0182123829546519
20251121,20251121_3_03,20251121_3_03_05,h11d_alpha_anchor,0.13655201678953,0.130987814550093,0.0416013172423439
20251121,20251121_3_04,20251121_3_04_12,h11d_alpha_anchor,0.126238963786101,0.129882540850946,-0.0284538613299161
20251121,20251121_3_05,20251121_3_05_02,h11d_alpha_anchor,0.226401366218659,0.196129705242614,0.143533179040654
20251121,20251121_3_06,20251121_3_06_09,h11d_alpha_anchor,0.500789908355421,0.476468503832754,0.0497850466126248
20251121,20251121_3_07,20251121_3_07_01,h11d_alpha_anchor,0.0066671873384892,0.0089829807649681,-0.298133678364835
20251121,20251121_3_08,20251121_3_08_05,h11d_alpha_anchor,0.0093174683223177,0.0109936931877413,-0.16543080924282
20251121,20251121_3_09,20251121_3_09_05,h11d_alpha_anchor,0.200680061106939,0.194517489810801,0.0311898231932042
20251122,20251122_1_01,20251122_1_01_04,h11d_alpha_anchor,0.549061396426986,0.540462038669175,0.0157858675738008
20251122,20251122_1_02,20251122_1_02_08,h11d_alpha_anchor,0.299526889768409,0.29633383696485,0.0107175493354057
20251122,20251122_1_03,20251122_1_03_02,h11d_alpha_anchor,0.093372615077895,0.0893242314039923,0.0443253024091943
20251122,20251122_1_04,20251122_1_04_08,h11d_alpha_anchor,0.198257761488597,0.1852708953754,0.0677489563901728
20251122,20251122_1_05,20251122_1_05_07,h11d_alpha_anchor,0.217639650466293,0.222935200049129,-0.0240404308947746
20251122,20251122_1_06,20251122_1_06_08,h11d_alpha_anchor,0.273157327216717,0.265855187042177,0.0270961684435715
20251122,20251122_1_07,20251122_1_07_04,h11d_alpha_anchor,0.167913370966097,0.167432419080938,0.00286839572282216
20251122,20251122_1_08,20251122_1_08_04,h11d_alpha_anchor,0.264429280679393,0.25839581618871,0.0230812651593009
20251122,20251122_1_09,20251122_1_09_07,h11d_alpha_anchor,0.311331430679415,0.297081623512925,0.0468511105463483
20251122,20251122_1_10,20251122_1_10_04,h11d_alpha_anchor,0.393623661378193,0.396629499140734,-0.00760731474079979
20251122,20251122_1_11,20251122_1_11_05,h11d_alpha_anchor,0.0828702711024658,0.0887078683251734,-0.0680722062679266
20251123,20251123_1_01,20251123_1_01_12,h11d_alpha_anchor,0.190240122783738,0.209664372946617,-0.0972209497740366
20251123,20251123_1_02,20251123_1_02_01,h11d_alpha_anchor,0.523900595614797,0.532460817129561,-0.0162073487209941
20251123,20251123_1_03,20251123_1_03_06,h11d_alpha_anchor,0.371590204336187,0.362553078262363,0.0246207594490241
20251123,20251123_1_04,20251123_1_04_05,h11d_alpha_anchor,0.649522435139419,0.628504019566034,0.0328949541833368
20251123,20251123_1_05,20251123_1_05_06,h11d_alpha_anchor,0.0178501591732055,0.0188409708221134,-0.0540213722044642
20251123,20251123_1_06,20251123_1_06_05,h11d_alpha_anchor,0.0881887787565292,0.081988327626116,0.072902838827178
20251123,20251123_1_07,20251123_1_07_05,h11d_alpha_anchor,0.232836430117978,0.234210508404287,-0.00588412914218339
20251123,20251123_1_08,20251123_1_08_02,h11d_alpha_anchor,0.387251755941956,0.378843754068046,0.0219511519903082
20251123,20251123_1_09,20251123_1_09_10,h11d_alpha_anchor,0.162093420186799,0.158007940731565,0.0255275472843426
20251123,20251123_1_10,20251123_1_10_01,h11d_alpha_anchor,0.0188165321119056,0.0196760454835246,-0.0446660794817295
20251123,20251123_1_11,20251123_1_11_02,h11d_alpha_anchor,0.16368509662858,0.169658708065172,-0.0358443800255754
20251123,20251123_3_01,20251123_3_01_06,h11d_alpha_anchor,0.201957015296857,0.222268874616671,-0.0958329167505445
20251123,20251123_3_02,20251123_3_02_05,h11d_alpha_anchor,0.567068291373217,0.535978908737839,0.0563849288871504
20251123,20251123_3_03,20251123_3_03_10,h11d_alpha_anchor,0.267416811025786,0.267148703661445,0.00100308523260284
20251123,20251123_3_04,20251123_3_04_01,h11d_alpha_anchor,0.168548309922463,0.185220107063561,-0.0943224713050486
20251123,20251123_3_05,20251123_3_05_03,h11d_alpha_anchor,0.103326017608169,0.0966033713974917,0.0672755677599204
20251123,20251123_3_06,20251123_3_06_07,h11d_alpha_anchor,0.0745785660884493,0.0809221312570683,-0.0816342017042091
20251128,20251128_3_01,20251128_3_01_11,h11d_alpha_anchor,0.228065824974709,0.228264804362955,-0.000872084353159552
20251128,20251128_3_02,20251128_3_02_03,h11d_alpha_anchor,0.0414996018646915,0.0423292914990876,-0.0197954832640725
20251128,20251128_3_03,20251128_3_03_12,h11d_alpha_anchor,0.124422174116554,0.122775683569172,0.0133214333785641
20251128,20251128_3_04,20251128_3_04_12,h11d_alpha_anchor,0.0169106459294691,0.0180256142869155,-0.0638504020510373
20251128,20251128_3_05,20251128_3_05_02,h11d_alpha_anchor,0.0490560845073149,0.0537831789303509,-0.0919965336342421
20251128,20251128_3_06,20251128_3_06_07,h11d_alpha_anchor,0.633376136322964,0.617778699739506,0.0249341555792001
20251128,20251128_3_07,20251128_3_07_01,h11d_alpha_anchor,0.232295724231155,0.235248915566584,-0.0126329353785146
20251128,20251128_3_08,20251128_3_08_01,h11d_alpha_anchor,0.436772784433905,0.44269940089892,-0.0134778706574724
20251128,20251128_3_09,20251128_3_09_09,h11d_alpha_anchor,0.540771460344407,0.539198745590189,0.0029125171367177
20251129,20251129_1_01,20251129_1_01_01,h11d_alpha_anchor,0.489734301760417,0.495581263218099,-0.0118683400480144
20251129,20251129_1_02,20251129_1_02_04,h11d_alpha_anchor,0.101983473387917,0.0976265786473435,0.0436609959955709
20251129,20251129_1_03,20251129_1_03_05,h11d_alpha_anchor,0.552084969942523,0.560099979176771,-0.0144133365518659
20251129,20251129_1_04,20251129_1_04_04,h11d_alpha_anchor,0.184885405874481,0.186488556199894,-0.00863367089452427
20251129,20251129_1_05,20251129_1_05_04,h11d_alpha_anchor,0.330951771791275,0.318861744501104,0.0372150541821992
20251129,20251129_1_06,20251129_1_06_05,h11d_alpha_anchor,0.285390858251782,0.308055643635122,-0.0764207546328397
20251129,20251129_1_07,20251129_1_07_08,h11d_alpha_anchor,0.0696427671038804,0.0714477743454253,-0.0255879055572161
20251129,20251129_1_08,20251129_1_08_01,h11d_alpha_anchor,0.467893142837192,0.474971784820007,-0.0150154593153863
20251129,20251129_1_09,20251129_1_09_07,h11d_alpha_anchor,0.216562427247304,0.21734905635939,-0.00362576241268964
20251129,20251129_1_10,20251129_1_10_10,h11d_alpha_anchor,0.102734736018597,0.0991571942067901,0.0354438766260912
20251129,20251129_1_11,20251129_1_11_02,h11d_alpha_anchor,0.373176378698233,0.349081895334708,0.0667446212267814
20251130,20251130_1_01,20251130_1_01_01,h11d_alpha_anchor,0.152178344109862,0.160934597894682,-0.0559449086357449
20251130,20251130_1_02,20251130_1_02_06,h11d_alpha_anchor,0.588314461347555,0.567707689220828,0.0356549485557969
20251130,20251130_1_03,20251130_1_03_09,h11d_alpha_anchor,0.284896732613206,0.274391775602171,0.0375698497917276
20251130,20251130_1_04,20251130_1_04_01,h11d_alpha_anchor,0.383432160119295,0.365268487492776,0.048530043122499
20251130,20251130_1_05,20251130_1_05_02,h11d_alpha_anchor,0.627967164808683,0.602488831217651,0.0414187519698797
20251130,20251130_1_06,20251130_1_06_11,h11d_alpha_anchor,0.28360624406504,0.295492808876303,-0.0410576895358743
20251130,20251130_1_07,20251130_1_07_08,h11d_alpha_anchor,0.0468310172152329,0.0478424511840174,-0.0213676010501445
20251130,20251130_1_08,20251130_1_08_11,h11d_alpha_anchor,0.0711662324541643,0.0606275851624722,0.160268452431598
20251130,20251130_1_09,20251130_1_09_03,h11d_alpha_anchor,0.0251909542209921,0.0284941274752186,-0.123213041950004
20251130,20251130_1_10,20251130_1_10_06,h11d_alpha_anchor,0.172132560837968,0.167212676014788,0.0289983712585968
20251130,20251130_1_11,20251130_1_11_08,h11d_alpha_anchor,0.0092498392948719,0.0107338536805261,-0.148796464413228
20251130,20251130_3_01,20251130_3_01_05,h11d_alpha_anchor,0.277108680460783,0.249846735198262,0.103562106815113
20251130,20251130_3_02,20251130_3_02_05,h11d_alpha_anchor,0.11266910355195,0.112668146404065,8.49524776747046e-06
20251130,20251130_3_03,20251130_3_03_04,h11d_alpha_anchor,0.322914711076189,0.307479331408874,0.048980365901929
20251130,20251130_3_04,20251130_3_04_09,h11d_alpha_anchor,0.275746653050717,0.275023238597911,0.00262692234917994
20251130,20251130_3_05,20251130_3_05_05,h11d_alpha_anchor,0.246037153001166,0.241854188179459,0.0171475366091571
20251130,20251130_3_06,20251130_3_06_12,h11d_alpha_anchor,0.0198605887815254,0.0232800062845828,-0.158857588039444
20251205,20251205_3_01,20251205_3_01_03,h11d_alpha_anchor,0.746417582013151,0.722881874216554,0.032039379023519
20251205,20251205_3_02,20251205_3_02_07,h11d_alpha_anchor,0.192287859602378,0.19985810926976,-0.0386141431066513
20251205,20251205_3_03,20251205_3_03_04,h11d_alpha_anchor,0.064519391105915,0.0612544780286706,0.0519288584958422
20251205,20251205_3_04,20251205_3_04_03,h11d_alpha_anchor,0.146028220901658,0.14810269617196,-0.0141060293089583
20251205,20251205_3_05,20251205_3_05_02,h11d_alpha_anchor,0.0263359773877578,0.0237865244997556,0.101816743050656
20251205,20251205_3_06,20251205_3_06_12,h11d_alpha_anchor,0.130094269855382,0.126571923431377,0.0274486291222469
20251205,20251205_3_07,20251205_3_07_12,h11d_alpha_anchor,0.167196876344681,0.15380996735494,0.0834541561061199
20251205,20251205_3_08,20251205_3_08_09,h11d_alpha_anchor,0.143515607494023,0.141014385088998,0.0175818852278848
20251205,20251205_3_09,20251205_3_09_07,h11d_alpha_anchor,0.068686430107566,0.0688679206547355,-0.00263882096755585
20251206,20251206_1_01,20251206_1_01_09,h11d_alpha_anchor,0.475899827913801,0.446760650400024,0.0631843930385807
20251206,20251206_1_03,20251206_1_03_06,h11d_alpha_anchor,0.51918151837809,0.500400773412212,0.0368442442325966
20251206,20251206_1_04,20251206_1_04_11,h11d_alpha_anchor,0.223948552415391,0.20960056548042,0.0662126984122828
20251206,20251206_1_05,20251206_1_05_02,h11d_alpha_anchor,0.324784308315807,0.321131250421074,0.0113113759070267
20251206,20251206_1_06,20251206_1_06_05,h11d_alpha_anchor,0.277593584447438,0.256956449217687,0.0772515053468663
20251206,20251206_1_07,20251206_1_07_09,h11d_alpha_anchor,0.652163452245317,0.628034370962872,0.0377003283329236
20251206,20251206_1_08,20251206_1_08_08,h11d_alpha_anchor,0.234429043106191,0.223468807538771,0.047881113335233
20251206,20251206_1_09,20251206_1_09_09,h11d_alpha_anchor,0.257292941044942,0.265973965315774,-0.0331831450537898
20251206,20251206_1_10,20251206_1_10_05,h11d_alpha_anchor,0.199020906034823,0.199892900276777,-0.00437184984340355
20251206,20251206_1_11,20251206_1_11_11,h11d_alpha_anchor,0.0694814839891777,0.0659761539822063,0.0517669262126592
20251207,20251207_1_01,20251207_1_01_08,h11d_alpha_anchor,0.0366315327240832,0.0355351544072642,0.0303869478388248
20251207,20251207_1_02,20251207_1_02_04,h11d_alpha_anchor,0.0580581121775401,0.0598410239504525,-0.0302470019502961
20251207,20251207_1_03,20251207_1_03_03,h11d_alpha_anchor,0.412371146017453,0.383218952419816,0.0733172805132709
20251207,20251207_1_04,20251207_1_04_07,h11d_alpha_anchor,0.295338779084885,0.308142762288374,-0.042440088401162
20251207,20251207_1_05,20251207_1_05_08,h11d_alpha_anchor,0.464889717515083,0.444145058830157,0.045648992673307
20251207,20251207_1_06,20251207_1_06_09,h11d_alpha_anchor,0.201027229135369,0.173467607835837,0.147449483615154
20251207,20251207_1_07,20251207_1_07_09,h11d_alpha_anchor,0.467548095299264,0.499646120904923,-0.0663978685702871
20251207,20251207_1_08,20251207_1_08_09,h11d_alpha_anchor,0.33445073496248,0.320747368529411,0.0418357897428312
20251207,20251207_1_09,20251207_1_09_10,h11d_alpha_anchor,0.473027909466785,0.448235399244373,0.0538358528072462
20251207,20251207_1_10,20251207_1_10_04,h11d_alpha_anchor,0.0669992312557348,0.0874079885431049,-0.265905535049456
20251207,20251207_1_11,20251207_1_11_10,h11d_alpha_anchor,0.261222701261902,0.257598411383386,0.0139714778206415
20251207,20251207_3_01,20251207_3_01_05,h11d_alpha_anchor,0.297234754628339,0.311586438974819,-0.0471545462199223
20251207,20251207_3_02,20251207_3_02_06,h11d_alpha_anchor,0.447152526403093,0.421411420336146,0.0592901568458005
20251207,20251207_3_03,20251207_3_03_04,h11d_alpha_anchor,0.0667280397244351,0.0688837192928264,-0.0317946051056324
20251207,20251207_3_04,20251207_3_04_05,h11d_alpha_anchor,0.240504283997254,0.241106771071876,-0.00250196660799129
20251207,20251207_3_05,20251207_3_05_05,h11d_alpha_anchor,0.152628600162169,0.161634268295733,-0.057328659452925
20251207,20251207_3_06,20251207_3_06_06,h11d_alpha_anchor,0.284986599822457,0.26587303012236,0.0694232965402197
20251212,20251212_3_01,20251212_3_01_07,h11d_alpha_anchor,0.469728246007452,0.44706004239597,0.0494614188713608
20251212,20251212_3_02,20251212_3_02_09,h11d_alpha_anchor,0.562415025102762,0.538113883371397,0.0441698392929964
20251212,20251212_3_03,20251212_3_03_06,h11d_alpha_anchor,0.354170982607477,0.364233398241578,-0.0280150678716631
20251212,20251212_3_04,20251212_3_04_04,h11d_alpha_anchor,0.0377634142554914,0.0363624135717956,0.0378051101228545
20251212,20251212_3_05,20251212_3_05_12,h11d_alpha_anchor,0.420077823371515,0.398020494945975,0.0539364890565934
20251212,20251212_3_06,20251212_3_06_02,h11d_alpha_anchor,0.109547769883633,0.11510308819308,-0.0494674371196728
20251212,20251212_3_07,20251212_3_07_10,h11d_alpha_anchor,0.0711117965233857,0.0656157431635928,0.0804375831735586
20251212,20251212_3_08,20251212_3_08_06,h11d_alpha_anchor,0.0334650666381992,0.0307926143721693,0.0832272397178642
20251212,20251212_3_09,20251212_3_09_06,h11d_alpha_anchor,0.125727877153002,0.12089525143871,0.0391953862090664
20251213,20251213_1_01,20251213_1_01_11,h11d_alpha_anchor,0.718903233773291,0.718561044778579,0.000476100876079799
20251213,20251213_1_02,20251213_1_02_10,h11d_alpha_anchor,0.322824140376322,0.316102322115267,0.0210417525769544
20251213,20251213_1_03,20251213_1_03_08,h11d_alpha_anchor,0.209159432310499,0.216599263838391,-0.0349521406700419
20251213,20251213_1_04,20251213_1_04_08,h11d_alpha_anchor,0.14211177313991,0.139295360960537,0.0200173050387309
20251213,20251213_1_05,20251213_1_05_05,h11d_alpha_anchor,0.0910199574443111,0.0862810977534198,0.0534682504557553
20251213,20251213_1_06,20251213_1_06_09,h11d_alpha_anchor,0.122691061204772,0.134807536578914,-0.0941786080081934
20251213,20251213_1_07,20251213_1_07_05,h11d_alpha_anchor,0.255717955080143,0.266843499452818,-0.0425872430270577
20251213,20251213_1_08,20251213_1_08_02,h11d_alpha_anchor,0.581239412918368,0.533619220852019,0.0854802273620318
20251213,20251213_1_09,20251213_1_09_11,h11d_alpha_anchor,0.629257569869099,0.618221620724965,0.0176936611697511
20251213,20251213_1_10,20251213_1_10_04,h11d_alpha_anchor,0.426844752300459,0.397668642746994,0.0708012667623196
20251213,20251213_1_11,20251213_1_11_05,h11d_alpha_anchor,0.0413089759253335,0.0417062205792945,-0.00957048113570602
20251214,20251214_1_01,20251214_1_01_07,h11d_alpha_anchor,0.0633307915358573,0.0601887705194042,0.0508858503504328
20251214,20251214_1_02,20251214_1_02_10,h11d_alpha_anchor,0.431469686697288,0.418652484074801,0.0301560748958158
20251214,20251214_1_03,20251214_1_03_07,h11d_alpha_anchor,0.0762063495938536,0.0807951610098348,-0.0584722880171755
20251214,20251214_1_04,20251214_1_04_06,h11d_alpha_anchor,0.401900861208244,0.398855134982951,0.00760716354922408
20251214,20251214_1_05,20251214_1_05_01,h11d_alpha_anchor,0.15759504339623,0.161172723132078,-0.0224478780175408
20251214,20251214_1_07,20251214_1_07_05,h11d_alpha_anchor,0.319708675458372,0.298095333922636,0.069996844108877
20251214,20251214_1_08,20251214_1_08_08,h11d_alpha_anchor,0.28165969868692,0.267448168184151,0.0517738162295658
20251214,20251214_1_09,20251214_1_09_10,h11d_alpha_anchor,0.470599340038736,0.473324660099955,-0.00577446411717175
20251214,20251214_1_10,20251214_1_10_01,h11d_alpha_anchor,0.108050880082941,0.0927447980038464,0.152750614362186
20251214,20251214_1_11,20251214_1_11_06,h11d_alpha_anchor,0.152236543735791,0.154452401141541,-0.0144504456478582
20251214,20251214_3_01,20251214_3_01_02,h11d_alpha_anchor,0.313130994044671,0.319948685316375,-0.0215390102351185
20251214,20251214_3_02,20251214_3_02_07,h11d_alpha_anchor,0.405889869963688,0.363918617531561,0.10915160212862
20251214,20251214_3_03,20251214_3_03_03,h11d_alpha_anchor,0.573950211895109,0.57542347085362,-0.00256358708655957
20251214,20251214_3_04,20251214_3_04_10,h11d_alpha_anchor,0.0201232686402074,0.0208472361432094,-0.0353445910758383
20251214,20251214_3_05,20251214_3_05_08,h11d_alpha_anchor,0.329383808863325,0.31799854111272,0.0351768680412818
20251214,20251214_3_06,20251214_3_06_04,h11d_alpha_anchor,0.384179489320857,0.382556669633777,0.0042330652894883
20251219,20251219_3_01,20251219_3_01_02,h11d_alpha_anchor,0.405580894511873,0.401631922443638,0.0097842935318917
20251219,20251219_3_02,20251219_3_02_01,h11d_alpha_anchor,0.107723662680569,0.110794109404113,-0.0281043394498157
20251219,20251219_3_03,20251219_3_03_07,h11d_alpha_anchor,0.0188326091094394,0.020889369462817,-0.10365049704893
20251219,20251219_3_04,20251219_3_04_11,h11d_alpha_anchor,0.161490456619999,0.156420352564498,0.0318990976490714
20251219,20251219_3_05,20251219_3_05_05,h11d_alpha_anchor,0.396108250596332,0.348888804982963,0.126934272918807
20251219,20251219_3_06,20251219_3_06_07,h11d_alpha_anchor,0.221560108691686,0.200657096093961,0.0990964621198767
20251219,20251219_3_07,20251219_3_07_12,h11d_alpha_anchor,0.0213850060219766,0.0215900873577076,-0.009544267453101
20251219,20251219_3_08,20251219_3_08_05,h11d_alpha_anchor,0.120770420840259,0.120653095328962,0.000971947740590728
20251219,20251219_3_09,20251219_3_09_05,h11d_alpha_anchor,0.0613513866047827,0.0656930972917467,-0.0683760834719296
20251220,20251220_1_01,20251220_1_01_05,h11d_alpha_anchor,0.738423762004557,0.728663817641491,0.0133053929219493
20251220,20251220_1_02,20251220_1_02_03,h11d_alpha_anchor,0.401954183214595,0.381159034337107,0.0531214090282782
20251220,20251220_1_03,20251220_1_03_01,h11d_alpha_anchor,0.7091743895393,0.677962738476689,0.0450091333561259
20251220,20251220_1_04,20251220_1_04_11,h11d_alpha_anchor,0.56644990602133,0.564069163394266,0.0042117753000589
20251220,20251220_1_05,20251220_1_05_10,h11d_alpha_anchor,0.371839251439259,0.365802023721373,0.0163693728375931
20251220,20251220_1_06,20251220_1_06_05,h11d_alpha_anchor,0.0385892037682145,0.0454913558241967,-0.164549783797441
20251220,20251220_1_07,20251220_1_07_05,h11d_alpha_anchor,0.436638691059514,0.424243939008289,0.0287974415547555
20251220,20251220_1_08,20251220_1_08_04,h11d_alpha_anchor,0.0778787965733875,0.0780294625755381,-0.00193275263125292
20251220,20251220_1_09,20251220_1_09_04,h11d_alpha_anchor,0.587280569452057,0.611671071357931,-0.040691995479513
20251220,20251220_1_10,20251220_1_10_07,h11d_alpha_anchor,0.0358066216134884,0.0314462307701013,0.129853709937451
20251220,20251220_1_11,20251220_1_11_10,h11d_alpha_anchor,0.169421470045051,0.176835448919636,-0.0428301171514052
20251221,20251221_1_01,20251221_1_01_01,h11d_alpha_anchor,0.276097211627149,0.26944073926798,0.0244045449736043
20251221,20251221_1_02,20251221_1_02_02,h11d_alpha_anchor,0.522466970617192,0.533121517898363,-0.0201876190215877
20251221,20251221_1_03,20251221_1_03_06,h11d_alpha_anchor,0.247854130795009,0.235174519479036,0.0525125162323019
20251221,20251221_1_04,20251221_1_04_10,h11d_alpha_anchor,0.174136863464082,0.177852045944803,-0.0211104404325715
20251221,20251221_1_05,20251221_1_05_08,h11d_alpha_anchor,0.0255978494924794,0.0316772336850707,-0.21308989882961
20251221,20251221_1_06,20251221_1_06_07,h11d_alpha_anchor,0.0255531437428226,0.0264075016654322,-0.0328877719293201
20251221,20251221_1_07,20251221_1_07_10,h11d_alpha_anchor,0.107274137543803,0.0986577882883291,0.0837304131267467
20251221,20251221_1_08,20251221_1_08_02,h11d_alpha_anchor,0.12081316602058,0.121390434445703,-0.00476681202998464
20251221,20251221_1_09,20251221_1_09_05,h11d_alpha_anchor,0.344483987620941,0.36171840187815,-0.0488184044257871
20251221,20251221_1_10,20251221_1_10_04,h11d_alpha_anchor,0.547996435708433,0.534946781775167,0.0241015141144096
20251221,20251221_1_11,20251221_1_11_09,h11d_alpha_anchor,0.281946144849921,0.284879090169608,-0.010348768241925
20251221,20251221_3_01,20251221_3_01_09,h11d_alpha_anchor,0.0651001582663727,0.0795896741202264,-0.200957381989343
20251221,20251221_3_02,20251221_3_02_10,h11d_alpha_anchor,0.524116681441072,0.506622716216902,0.0339477569376553
20251221,20251221_3_03,20251221_3_03_09,h11d_alpha_anchor,0.367148914316698,0.366260005494786,0.00242404812150343
20251221,20251221_3_04,20251221_3_04_07,h11d_alpha_anchor,0.373451360780165,0.378956899203129,-0.0146347055917375
20251221,20251221_3_05,20251221_3_05_01,h11d_alpha_anchor,0.619741256708204,0.602574787155647,0.0280902773228983
20251221,20251221_3_06,20251221_3_06_11,h11d_alpha_anchor,0.0263926857967941,0.0281913852968132,-0.0659295267309097
20251226,20251226_3_01,20251226_3_01_11,h11d_alpha_anchor,0.55529276333766,0.538951453079515,0.0298699778212491
20251226,20251226_3_02,20251226_3_02_05,h11d_alpha_anchor,0.293436576500175,0.267689055410685,0.0918354563150969
20251226,20251226_3_03,20251226_3_03_05,h11d_alpha_anchor,0.510573215778778,0.496165044165334,0.0286254253548983
20251226,20251226_3_04,20251226_3_04_08,h11d_alpha_anchor,0.0233443818562164,0.027402431461094,-0.160275399477684
20251226,20251226_3_05,20251226_3_05_12,h11d_alpha_anchor,0.0973747407662193,0.0989161999155676,-0.015706184214801
20251226,20251226_3_07,20251226_3_07_11,h11d_alpha_anchor,0.0731222961947424,0.0868762036692933,-0.172350829221294
20251226,20251226_3_08,20251226_3_08_08,h11d_alpha_anchor,0.433230677969274,0.419170042432684,0.0329936629323189
20251226,20251226_3_09,20251226_3_09_11,h11d_alpha_anchor,0.090029182557898,0.0869862447483633,0.0343838686018905
20251227,20251227_1_01,20251227_1_01_04,h11d_alpha_anchor,0.154516783622503,0.148040497947771,0.0428168511834628
20251227,20251227_1_02,20251227_1_02_09,h11d_alpha_anchor,0.668013800704397,0.679809493343531,-0.0175037690107852
20251227,20251227_1_03,20251227_1_03_01,h11d_alpha_anchor,0.40820947208393,0.396574755889337,0.0289158918766969
20251227,20251227_1_04,20251227_1_04_01,h11d_alpha_anchor,0.115544619580223,0.129855804463104,-0.116767866331635
20251227,20251227_1_05,20251227_1_05_04,h11d_alpha_anchor,0.357296364766448,0.347532043677897,0.0277087180239939
20251227,20251227_1_06,20251227_1_06_06,h11d_alpha_anchor,0.468799666356537,0.448124743424098,0.0451038877663351
20251227,20251227_1_07,20251227_1_07_10,h11d_alpha_anchor,0.485778404651876,0.469185773749936,0.0347537663202323
20251227,20251227_1_08,20251227_1_08_04,h11d_alpha_anchor,0.0672203655122201,0.069265890045804,-0.0299763180571095
20251227,20251227_1_09,20251227_1_09_07,h11d_alpha_anchor,0.4706375300019,0.476562020256754,-0.0125096501872067
20251227,20251227_1_10,20251227_1_10_05,h11d_alpha_anchor,0.0860836031423438,0.0888617071829965,-0.0317623557721296
20251227,20251227_1_11,20251227_1_11_08,h11d_alpha_anchor,0.0442611350540205,0.0467043966990874,-0.05373132853842
20251025,20251025_1_01,20251025_1_01_12,h13_nonnegative_log_pool,0.202879843656447,0.20264239232672,0.00117108920692899
20251025,20251025_1_02,20251025_1_02_07,h13_nonnegative_log_pool,0.133694523943221,0.135687769203919,-0.0147989061587619
20251025,20251025_1_03,20251025_1_03_04,h13_nonnegative_log_pool,0.20110189664788,0.230031732835652,-0.134405540156013
20251025,20251025_1_04,20251025_1_04_10,h13_nonnegative_log_pool,0.153132561626123,0.148228450222064,0.0325492958813327
20251025,20251025_1_05,20251025_1_05_04,h13_nonnegative_log_pool,0.172967491964339,0.16129109658631,0.0698928833656278
20251025,20251025_1_06,20251025_1_06_02,h13_nonnegative_log_pool,0.179095331300734,0.173148384038107,0.0337693030943316
20251025,20251025_1_07,20251025_1_07_07,h13_nonnegative_log_pool,0.506232044164411,0.495384578592258,0.0216607621079487
20251025,20251025_1_08,20251025_1_08_05,h13_nonnegative_log_pool,0.0878550780889382,0.0933084634836587,-0.0602221992702465
20251025,20251025_1_09,20251025_1_09_04,h13_nonnegative_log_pool,0.48179422187645,0.50587021226598,-0.0487630415638897
20251025,20251025_1_10,20251025_1_10_03,h13_nonnegative_log_pool,0.157914871502092,0.172692026127666,-0.089453712405223
20251025,20251025_1_11,20251025_1_11_11,h13_nonnegative_log_pool,0.368848905651454,0.331606293523184,0.106438688062879
20251026,20251026_1_01,20251026_1_01_05,h13_nonnegative_log_pool,0.0244230786484654,0.0236683403688911,0.0313902258320566
20251026,20251026_1_02,20251026_1_02_02,h13_nonnegative_log_pool,0.37889822329897,0.379539936670274,-0.00169219735584136
20251026,20251026_1_03,20251026_1_03_06,h13_nonnegative_log_pool,0.110821565885904,0.110383591639282,0.00395989699188792
20251026,20251026_1_04,20251026_1_04_03,h13_nonnegative_log_pool,0.381364751067229,0.398219580279453,-0.0432472933535567
20251026,20251026_1_05,20251026_1_05_11,h13_nonnegative_log_pool,0.0341959058337807,0.0344453344740614,-0.00726763493876303
20251026,20251026_1_06,20251026_1_06_11,h13_nonnegative_log_pool,0.053437559196261,0.0512901010517528,0.0410160828596191
20251026,20251026_1_07,20251026_1_07_07,h13_nonnegative_log_pool,0.520514909482379,0.524827501752232,-0.00825110832686649
20251026,20251026_1_08,20251026_1_08_10,h13_nonnegative_log_pool,0.120683510874177,0.131682435159398,-0.0872217234711536
20251026,20251026_1_09,20251026_1_09_09,h13_nonnegative_log_pool,0.136790849486085,0.130067912171322,0.0503963978602535
20251026,20251026_1_10,20251026_1_10_10,h13_nonnegative_log_pool,0.554680177554055,0.537935298407906,0.0306534012401342
20251026,20251026_1_11,20251026_1_11_03,h13_nonnegative_log_pool,0.0389929536034248,0.0493726479227332,-0.236015632108313
20251026,20251026_3_01,20251026_3_01_05,h13_nonnegative_log_pool,0.164559815751985,0.160536226587644,0.0247544977760707
20251026,20251026_3_02,20251026_3_02_10,h13_nonnegative_log_pool,0.219058632138847,0.217375761140239,0.00771194646948281
20251026,20251026_3_03,20251026_3_03_05,h13_nonnegative_log_pool,0.0631703407311363,0.0642352080260824,-0.0167165732225465
20251026,20251026_3_04,20251026_3_04_03,h13_nonnegative_log_pool,0.367444739268299,0.350909373857121,0.0460449420195637
20251026,20251026_3_05,20251026_3_05_01,h13_nonnegative_log_pool,0.317248418089896,0.298721825481184,0.0601723294761327
20251026,20251026_3_06,20251026_3_06_01,h13_nonnegative_log_pool,0.44279985400099,0.425632133744533,0.0395424337201171
20251031,20251031_3_01,20251031_3_01_02,h13_nonnegative_log_pool,0.0697943636842674,0.0688492117830073,0.0136344802120494
20251031,20251031_3_02,20251031_3_02_07,h13_nonnegative_log_pool,0.259423586386229,0.265598145531244,-0.0235222409415996
20251031,20251031_3_03,20251031_3_03_04,h13_nonnegative_log_pool,0.113236899482014,0.0963890657627114,0.161089310323631
20251031,20251031_3_04,20251031_3_04_01,h13_nonnegative_log_pool,0.433042599998903,0.399390655154547,0.0808960830339038
20251031,20251031_3_05,20251031_3_05_06,h13_nonnegative_log_pool,0.0231341041128801,0.0279550213739419,-0.189288941772015
20251031,20251031_3_06,20251031_3_06_02,h13_nonnegative_log_pool,0.0498337865715948,0.0554782928677092,-0.107298625541031
20251031,20251031_3_07,20251031_3_07_10,h13_nonnegative_log_pool,0.288415742101974,0.275729469631817,0.0449827856552096
20251031,20251031_3_08,20251031_3_08_11,h13_nonnegative_log_pool,0.503804604798461,0.50009019788379,0.00740002608824819
20251101,20251101_1_01,20251101_1_01_12,h13_nonnegative_log_pool,0.0429653138707393,0.0443011054559062,-0.0306164945935072
20251101,20251101_1_02,20251101_1_02_02,h13_nonnegative_log_pool,0.363967078345481,0.331915142281566,0.0921840787316759
20251101,20251101_1_03,20251101_1_03_07,h13_nonnegative_log_pool,0.182558788555588,0.170979540873665,0.0655283448907429
20251101,20251101_1_04,20251101_1_04_06,h13_nonnegative_log_pool,0.215408993982207,0.228690525461122,-0.0598311537235015
20251101,20251101_1_05,20251101_1_05_10,h13_nonnegative_log_pool,0.30914785083815,0.308527383555353,0.00200904118198086
20251101,20251101_1_06,20251101_1_06_01,h13_nonnegative_log_pool,0.547832469287954,0.529617514359926,0.0338144522328125
20251101,20251101_1_07,20251101_1_07_10,h13_nonnegative_log_pool,0.155123732003707,0.154680946587021,0.00285848309455794
20251101,20251101_1_08,20251101_1_08_02,h13_nonnegative_log_pool,0.377321985027929,0.365204332960581,0.0326418813542874
20251101,20251101_1_09,20251101_1_09_08,h13_nonnegative_log_pool,0.169515457339716,0.201136830661487,-0.171041309606588
20251101,20251101_1_10,20251101_1_10_09,h13_nonnegative_log_pool,0.347961586685135,0.346497779009561,0.00421568176852416
20251101,20251101_1_11,20251101_1_11_01,h13_nonnegative_log_pool,0.0419648323244391,0.0482010944384147,-0.138549785068071
20251102,20251102_1_01,20251102_1_01_08,h13_nonnegative_log_pool,0.0360553536504529,0.0349279315327958,0.031768519391548
20251102,20251102_1_02,20251102_1_02_02,h13_nonnegative_log_pool,0.578795423789622,0.576120367147349,0.00463247874368899
20251102,20251102_1_03,20251102_1_03_11,h13_nonnegative_log_pool,0.0550235442885228,0.0536239611627079,0.0257651668030361
20251102,20251102_1_04,20251102_1_04_03,h13_nonnegative_log_pool,0.0925532994007238,0.093211899558129,-0.00709070289292857
20251102,20251102_1_05,20251102_1_05_11,h13_nonnegative_log_pool,0.400303630968718,0.416178390621576,-0.038890655376033
20251102,20251102_1_06,20251102_1_06_07,h13_nonnegative_log_pool,0.327767698767516,0.321359705186836,0.0197440493436518
20251102,20251102_1_07,20251102_1_07_04,h13_nonnegative_log_pool,0.221264581800829,0.202461928996052,0.0888073242470535
20251102,20251102_1_08,20251102_1_08_11,h13_nonnegative_log_pool,0.386127928468049,0.366648468417103,0.0517651981617899
20251102,20251102_1_09,20251102_1_09_06,h13_nonnegative_log_pool,0.193493589048461,0.174916661750051,0.100934738464168
20251102,20251102_1_10,20251102_1_10_08,h13_nonnegative_log_pool,0.0282951467751097,0.0310808607464751,-0.0939019217643344
20251102,20251102_1_11,20251102_1_11_09,h13_nonnegative_log_pool,0.265754705903381,0.221778442086049,0.180894850165548
20251102,20251102_3_01,20251102_3_01_02,h13_nonnegative_log_pool,0.300483185272089,0.305198562293559,-0.0155707921202217
20251102,20251102_3_02,20251102_3_02_04,h13_nonnegative_log_pool,0.466714578020109,0.449705361834624,0.0371252720088803
20251102,20251102_3_03,20251102_3_03_09,h13_nonnegative_log_pool,0.202977193404664,0.221298138814844,-0.0864172118159243
20251102,20251102_3_04,20251102_3_04_02,h13_nonnegative_log_pool,0.132722466589963,0.115364489236112,0.140163642830513
20251102,20251102_3_05,20251102_3_05_11,h13_nonnegative_log_pool,0.15093368785391,0.147841903105601,0.0206971065248907
20251102,20251102_3_06,20251102_3_06_05,h13_nonnegative_log_pool,0.175752737103166,0.168241088576556,0.0436801026615088
20251107,20251107_3_01,20251107_3_01_07,h13_nonnegative_log_pool,0.563967060685056,0.562937576079776,0.00182710206008074
20251107,20251107_3_02,20251107_3_02_06,h13_nonnegative_log_pool,0.461060441481792,0.447646789466073,0.0295246388265504
20251107,20251107_3_03,20251107_3_03_01,h13_nonnegative_log_pool,0.0429274873111434,0.0441399787794478,-0.0278535694551612
20251107,20251107_3_04,20251107_3_04_02,h13_nonnegative_log_pool,0.179755335469038,0.200690308230361,-0.110166285921236
20251107,20251107_3_05,20251107_3_05_06,h13_nonnegative_log_pool,0.263181973233325,0.249066761108418,0.0551247289216454
20251107,20251107_3_06,20251107_3_06_01,h13_nonnegative_log_pool,0.137464688575204,0.126931317634151,0.0797209396230871
20251107,20251107_3_07,20251107_3_07_08,h13_nonnegative_log_pool,0.13499222840818,0.141084075997612,-0.0441387869081573
20251107,20251107_3_08,20251107_3_08_04,h13_nonnegative_log_pool,0.412062314930012,0.378608792705452,0.0846711249753788
20251107,20251107_3_09,20251107_3_09_05,h13_nonnegative_log_pool,0.040243987981709,0.0351969370946018,0.134001561333982
20251108,20251108_1_01,20251108_1_01_01,h13_nonnegative_log_pool,0.19265569987136,0.180490737769573,0.0652251951409784
20251108,20251108_1_02,20251108_1_02_05,h13_nonnegative_log_pool,0.144847546117321,0.137963153158744,0.0486951398093505
20251108,20251108_1_03,20251108_1_03_02,h13_nonnegative_log_pool,0.182823002687351,0.173408867895166,0.0528662820707262
20251108,20251108_1_04,20251108_1_04_11,h13_nonnegative_log_pool,0.127154392820401,0.128681625946985,-0.0119392982720226
20251108,20251108_1_05,20251108_1_05_10,h13_nonnegative_log_pool,0.317727896740631,0.308819342463228,0.0284388921587257
20251108,20251108_1_06,20251108_1_06_05,h13_nonnegative_log_pool,0.0415542728718486,0.0489442265598903,-0.163681063477601
20251108,20251108_1_07,20251108_1_07_10,h13_nonnegative_log_pool,0.180484529226645,0.186034545951528,-0.0302873239456818
20251108,20251108_1_08,20251108_1_08_03,h13_nonnegative_log_pool,0.012902327333988,0.0127946769492433,0.00837848749244774
20251108,20251108_1_09,20251108_1_09_08,h13_nonnegative_log_pool,0.626259467860113,0.602234765612454,0.0391174252359681
20251108,20251108_1_10,20251108_1_10_09,h13_nonnegative_log_pool,0.0356273737088621,0.036118085042817,-0.0136794438167471
20251108,20251108_1_11,20251108_1_11_04,h13_nonnegative_log_pool,0.125867544048764,0.120980120773911,0.0396038753305743
20251109,20251109_1_01,20251109_1_01_06,h13_nonnegative_log_pool,0.389412927730772,0.396754853505936,-0.0186783010007698
20251109,20251109_1_02,20251109_1_02_02,h13_nonnegative_log_pool,0.546871506669117,0.568981687729475,-0.0396343810697655
20251109,20251109_1_03,20251109_1_03_01,h13_nonnegative_log_pool,0.205994603154003,0.210768863901663,-0.0229121311416569
20251109,20251109_1_04,20251109_1_04_03,h13_nonnegative_log_pool,0.252432143009067,0.251086142550214,0.00534639437581541
20251109,20251109_1_05,20251109_1_05_06,h13_nonnegative_log_pool,0.567412685310826,0.498201973608154,0.130081314737141
20251109,20251109_1_06,20251109_1_06_07,h13_nonnegative_log_pool,0.182668104138927,0.182274797177107,0.00215544466093087
20251109,20251109_1_07,20251109_1_07_09,h13_nonnegative_log_pool,0.0983210024608666,0.0891039531042717,0.0984339605616991
20251109,20251109_1_08,20251109_1_08_07,h13_nonnegative_log_pool,0.0924578350795115,0.0898456611217404,0.0286593817934868
20251109,20251109_1_09,20251109_1_09_09,h13_nonnegative_log_pool,0.02059230792691,0.0210004581225843,-0.0196266483891425
20251109,20251109_1_10,20251109_1_10_07,h13_nonnegative_log_pool,0.275541861406627,0.276016003930266,-0.00171928521096909
20251109,20251109_1_11,20251109_1_11_08,h13_nonnegative_log_pool,0.310595767660021,0.286628994895871,0.0803036054956503
20251109,20251109_3_01,20251109_3_01_07,h13_nonnegative_log_pool,0.175506901954198,0.182360719287889,-0.0383083301597817
20251109,20251109_3_02,20251109_3_02_05,h13_nonnegative_log_pool,0.380703174886418,0.363237846862634,0.046962157740279
20251109,20251109_3_03,20251109_3_03_05,h13_nonnegative_log_pool,0.688586637590471,0.68415713143772,0.00645352996828308
20251109,20251109_3_04,20251109_3_04_06,h13_nonnegative_log_pool,0.0303672237156345,0.0334398139893078,-0.0963833661574358
20251109,20251109_3_05,20251109_3_05_05,h13_nonnegative_log_pool,0.337581476258868,0.320186041474575,0.0529046858488205
20251109,20251109_3_06,20251109_3_06_05,h13_nonnegative_log_pool,0.486648219354149,0.494750643490341,-0.01651236524004
20251114,20251114_3_01,20251114_3_01_03,h13_nonnegative_log_pool,0.17454178615033,0.187331234361226,-0.0707141815298367
20251114,20251114_3_02,20251114_3_02_06,h13_nonnegative_log_pool,0.115760289845018,0.110689096848456,0.0447962440877592
20251114,20251114_3_03,20251114_3_03_03,h13_nonnegative_log_pool,0.147109699911295,0.144972479729607,0.0146346369277304
20251114,20251114_3_04,20251114_3_04_03,h13_nonnegative_log_pool,0.663828811429894,0.624097208106193,0.0617181636669569
20251114,20251114_3_05,20251114_3_05_05,h13_nonnegative_log_pool,0.0786590691687341,0.0838021722718088,-0.0633359959200623
20251114,20251114_3_06,20251114_3_06_02,h13_nonnegative_log_pool,0.431334239687016,0.41859737053656,0.0299737592478034
20251114,20251114_3_07,20251114_3_07_10,h13_nonnegative_log_pool,0.169404241765048,0.174441294949566,-0.0293004445741021
20251114,20251114_3_08,20251114_3_08_04,h13_nonnegative_log_pool,0.436866344138801,0.396958178905308,0.0957963673312641
20251114,20251114_3_09,20251114_3_09_02,h13_nonnegative_log_pool,0.0529463806225772,0.0566762824589883,-0.0680761093535076
20251115,20251115_1_01,20251115_1_01_08,h13_nonnegative_log_pool,0.0705383763885125,0.0720003757323077,-0.0205144298546478
20251115,20251115_1_02,20251115_1_02_01,h13_nonnegative_log_pool,0.256849615990633,0.25688396602916,-0.000133727051453647
20251115,20251115_1_03,20251115_1_03_08,h13_nonnegative_log_pool,0.16406613335175,0.169104275768227,-0.0302459423420531
20251115,20251115_1_04,20251115_1_04_05,h13_nonnegative_log_pool,0.278609418714659,0.266283014491372,0.0452511606512376
20251115,20251115_1_05,20251115_1_05_06,h13_nonnegative_log_pool,0.560463355113258,0.502955001475043,0.108263155641461
20251115,20251115_1_06,20251115_1_06_09,h13_nonnegative_log_pool,0.0157501830615877,0.0163495000381372,-0.0373453300064748
20251115,20251115_1_07,20251115_1_07_03,h13_nonnegative_log_pool,0.315134998517407,0.294864790119928,0.066484201044998
20251115,20251115_1_08,20251115_1_08_09,h13_nonnegative_log_pool,0.11660685208313,0.125108314402644,-0.0703718394045887
20251115,20251115_1_09,20251115_1_09_11,h13_nonnegative_log_pool,0.109834556768196,0.122089309972599,-0.105777621647031
20251115,20251115_1_10,20251115_1_10_10,h13_nonnegative_log_pool,0.263062726978359,0.284203997255985,-0.0772997711432628
20251115,20251115_1_11,20251115_1_11_01,h13_nonnegative_log_pool,0.131347332315498,0.119819397954102,0.0918596141270127
20251116,20251116_1_01,20251116_1_01_09,h13_nonnegative_log_pool,0.404838154192704,0.399929785054257,0.0121983736250647
20251116,20251116_1_02,20251116_1_02_06,h13_nonnegative_log_pool,0.17984814585385,0.186787221613709,-0.0378572559906556
20251116,20251116_1_03,20251116_1_03_05,h13_nonnegative_log_pool,0.0882056302353373,0.087355430402052,0.00968559288347448
20251116,20251116_1_04,20251116_1_04_06,h13_nonnegative_log_pool,0.401697607153317,0.39531046198329,0.01602814866183
20251116,20251116_1_05,20251116_1_05_03,h13_nonnegative_log_pool,0.0447509293069751,0.0447879654872994,-0.000827264676911632
20251116,20251116_1_06,20251116_1_06_08,h13_nonnegative_log_pool,0.0469187652217542,0.0443826918441138,0.0555681366605376
20251116,20251116_1_07,20251116_1_07_03,h13_nonnegative_log_pool,0.0515533499359981,0.0574383291062188,-0.108094642379396
20251116,20251116_1_08,20251116_1_08_04,h13_nonnegative_log_pool,0.283614294220101,0.275893331502905,0.0276008851859619
20251116,20251116_1_09,20251116_1_09_02,h13_nonnegative_log_pool,0.142661725347071,0.148587867455838,-0.0407002124004854
20251116,20251116_1_10,20251116_1_10_10,h13_nonnegative_log_pool,0.151229873173443,0.146510978524975,0.0317006537423306
20251116,20251116_1_11,20251116_1_11_05,h13_nonnegative_log_pool,0.188204160285896,0.180666175108615,0.0408763406037769
20251116,20251116_3_01,20251116_3_01_03,h13_nonnegative_log_pool,0.432998698550176,0.46386248812468,-0.0688534241619794
20251116,20251116_3_02,20251116_3_02_07,h13_nonnegative_log_pool,0.370172075828904,0.380535062911534,-0.0276103552919472
20251116,20251116_3_03,20251116_3_03_06,h13_nonnegative_log_pool,0.13013507013498,0.141969445103577,-0.0870389470149115
20251116,20251116_3_04,20251116_3_04_02,h13_nonnegative_log_pool,0.0500761438159142,0.0568623729472923,-0.127089115162583
20251116,20251116_3_05,20251116_3_05_09,h13_nonnegative_log_pool,0.171007301025097,0.160148186050912,0.0656067022165339
20251116,20251116_3_06,20251116_3_06_06,h13_nonnegative_log_pool,0.167203778108898,0.178200685883991,-0.0636970672450898
20251121,20251121_3_01,20251121_3_01_08,h13_nonnegative_log_pool,0.168784931834425,0.166247634352252,0.0151468618190536
20251121,20251121_3_02,20251121_3_02_02,h13_nonnegative_log_pool,0.142558575574746,0.140499438747736,0.0145494778251556
20251121,20251121_3_03,20251121_3_03_05,h13_nonnegative_log_pool,0.142681373477905,0.130987814550093,0.0855096865532234
20251121,20251121_3_04,20251121_3_04_12,h13_nonnegative_log_pool,0.127683797842727,0.129882540850946,-0.0170736318408329
20251121,20251121_3_05,20251121_3_05_02,h13_nonnegative_log_pool,0.225400202970085,0.196129705242614,0.13910130028879
20251121,20251121_3_06,20251121_3_06_09,h13_nonnegative_log_pool,0.497474589254044,0.476468503832754,0.0431428564951379
20251121,20251121_3_07,20251121_3_07_01,h13_nonnegative_log_pool,0.006902725584434,0.0089829807649681,-0.263415415131158
20251121,20251121_3_08,20251121_3_08_05,h13_nonnegative_log_pool,0.0092380087815233,0.0109936931877413,-0.173995399208375
20251121,20251121_3_09,20251121_3_09_05,h13_nonnegative_log_pool,0.204256222851881,0.194517489810801,0.0488531191928825
20251122,20251122_1_01,20251122_1_01_04,h13_nonnegative_log_pool,0.553214219360875,0.540462038669175,0.0233209024108927
20251122,20251122_1_02,20251122_1_02_08,h13_nonnegative_log_pool,0.300200473193178,0.29633383696485,0.0129638490695947
20251122,20251122_1_03,20251122_1_03_02,h13_nonnegative_log_pool,0.0952019916148105,0.0893242314039923,0.0637280625189884
20251122,20251122_1_04,20251122_1_04_08,h13_nonnegative_log_pool,0.202908675289692,0.1852708953754,0.0909369490332708
20251122,20251122_1_05,20251122_1_05_07,h13_nonnegative_log_pool,0.214085183969479,0.222935200049129,-0.040507154742689
20251122,20251122_1_06,20251122_1_06_08,h13_nonnegative_log_pool,0.259561161417619,0.265855187042177,-0.0239593866149639
20251122,20251122_1_07,20251122_1_07_04,h13_nonnegative_log_pool,0.167518835345156,0.167432419080938,0.000515993088505473
20251122,20251122_1_08,20251122_1_08_04,h13_nonnegative_log_pool,0.269026199075351,0.25839581618871,0.0403161886342711
20251122,20251122_1_09,20251122_1_09_07,h13_nonnegative_log_pool,0.303805042733337,0.297081623512925,0.0223792611952025
20251122,20251122_1_10,20251122_1_10_04,h13_nonnegative_log_pool,0.405763859650122,0.396629499140734,0.0227687705117341
20251122,20251122_1_11,20251122_1_11_05,h13_nonnegative_log_pool,0.0822978819250173,0.0887078683251734,-0.0750032212168783
20251123,20251123_1_01,20251123_1_01_12,h13_nonnegative_log_pool,0.189354820558586,0.209664372946617,-0.101885415651796
20251123,20251123_1_02,20251123_1_02_01,h13_nonnegative_log_pool,0.537272722635055,0.532460817129561,0.00899651694895165
20251123,20251123_1_03,20251123_1_03_06,h13_nonnegative_log_pool,0.380382648129018,0.362553078262363,0.0480068284593725
20251123,20251123_1_04,20251123_1_04_05,h13_nonnegative_log_pool,0.642632570520253,0.628504019566034,0.0222307074244715
20251123,20251123_1_05,20251123_1_05_06,h13_nonnegative_log_pool,0.0172923273954653,0.0188409708221134,-0.0857708976819413
20251123,20251123_1_06,20251123_1_06_05,h13_nonnegative_log_pool,0.0933437629064852,0.081988327626116,0.129712162575591
20251123,20251123_1_07,20251123_1_07_05,h13_nonnegative_log_pool,0.220468297041946,0.234210508404287,-0.0604664125554015
20251123,20251123_1_08,20251123_1_08_02,h13_nonnegative_log_pool,0.379338965468966,0.378843754068046,0.00130631168076123
20251123,20251123_1_09,20251123_1_09_10,h13_nonnegative_log_pool,0.159873481161937,0.158007940731565,0.0117374701351844
20251123,20251123_1_10,20251123_1_10_01,h13_nonnegative_log_pool,0.0185388125353476,0.0196760454835246,-0.0595354212630994
20251123,20251123_1_11,20251123_1_11_02,h13_nonnegative_log_pool,0.166643964475789,0.169658708065172,-0.0179292321733047
20251123,20251123_3_01,20251123_3_01_06,h13_nonnegative_log_pool,0.201954923910014,0.222268874616671,-0.0958432724080034
20251123,20251123_3_02,20251123_3_02_05,h13_nonnegative_log_pool,0.565366141771707,0.535978908737839,0.0533787488672446
20251123,20251123_3_03,20251123_3_03_10,h13_nonnegative_log_pool,0.259331570017887,0.267148703661445,-0.0296980098472592
20251123,20251123_3_04,20251123_3_04_01,h13_nonnegative_log_pool,0.164262433579349,0.185220107063561,-0.120079532163589
20251123,20251123_3_05,20251123_3_05_03,h13_nonnegative_log_pool,0.103435329047639,0.0966033713974917,0.0683329360874412
20251123,20251123_3_06,20251123_3_06_07,h13_nonnegative_log_pool,0.0720320229419003,0.0809221312570683,-0.116376566560817
20251128,20251128_3_01,20251128_3_01_11,h13_nonnegative_log_pool,0.226562893273723,0.228264804362955,-0.00748379679312605
20251128,20251128_3_02,20251128_3_02_03,h13_nonnegative_log_pool,0.0411059564464902,0.0423292914990876,-0.0293262801259835
20251128,20251128_3_03,20251128_3_03_12,h13_nonnegative_log_pool,0.125470556732901,0.122775683569172,0.0217121437736836
20251128,20251128_3_04,20251128_3_04_12,h13_nonnegative_log_pool,0.0175089982023065,0.0180256142869155,-0.029078830536597
20251128,20251128_3_05,20251128_3_05_02,h13_nonnegative_log_pool,0.0482336164311564,0.0537831789303509,-0.10890454470057
20251128,20251128_3_06,20251128_3_06_07,h13_nonnegative_log_pool,0.640322951433377,0.617778699739506,0.0358423584033548
20251128,20251128_3_07,20251128_3_07_01,h13_nonnegative_log_pool,0.231724624554339,0.235248915566584,-0.0150944652087237
20251128,20251128_3_08,20251128_3_08_01,h13_nonnegative_log_pool,0.44312421805961,0.44269940089892,0.000959146232198282
20251128,20251128_3_09,20251128_3_09_09,h13_nonnegative_log_pool,0.534756473729653,0.539198745590189,-0.00827277919215563
20251129,20251129_1_01,20251129_1_01_01,h13_nonnegative_log_pool,0.481668516554603,0.495581263218099,-0.0284751903125928
20251129,20251129_1_02,20251129_1_02_04,h13_nonnegative_log_pool,0.106412099051116,0.0976265786473435,0.0861695047766826
20251129,20251129_1_03,20251129_1_03_05,h13_nonnegative_log_pool,0.537705568943012,0.560099979176771,-0.0408041613056348
20251129,20251129_1_04,20251129_1_04_04,h13_nonnegative_log_pool,0.193367506530807,0.186488556199894,0.0362226808277417
20251129,20251129_1_05,20251129_1_05_04,h13_nonnegative_log_pool,0.330849962353732,0.318861744501104,0.0369073806507061
20251129,20251129_1_06,20251129_1_06_05,h13_nonnegative_log_pool,0.278509951080095,0.308055643635122,-0.100826638092533
20251129,20251129_1_07,20251129_1_07_08,h13_nonnegative_log_pool,0.0697833225655581,0.0714477743454253,-0.0235717045775448
20251129,20251129_1_08,20251129_1_08_01,h13_nonnegative_log_pool,0.458930366142954,0.474971784820007,-0.0343569110892306
20251129,20251129_1_09,20251129_1_09_07,h13_nonnegative_log_pool,0.203010978222548,0.21734905635939,-0.0682445583601214
20251129,20251129_1_10,20251129_1_10_10,h13_nonnegative_log_pool,0.101555221434103,0.0991571942067901,0.0238962929249364
20251129,20251129_1_11,20251129_1_11_02,h13_nonnegative_log_pool,0.376824765156481,0.349081895334708,0.0764737136857426
20251130,20251130_1_01,20251130_1_01_01,h13_nonnegative_log_pool,0.141454766100743,0.160934597894682,-0.129018066419495
20251130,20251130_1_02,20251130_1_02_06,h13_nonnegative_log_pool,0.591982678771682,0.567707689220828,0.0418707210249794
20251130,20251130_1_03,20251130_1_03_09,h13_nonnegative_log_pool,0.278659584367182,0.274391775602171,0.0154339860360659
20251130,20251130_1_04,20251130_1_04_01,h13_nonnegative_log_pool,0.383077014348047,0.365268487492776,0.0476033854685759
20251130,20251130_1_05,20251130_1_05_02,h13_nonnegative_log_pool,0.618713020693348,0.602488831217651,0.0265724197660247
20251130,20251130_1_06,20251130_1_06_11,h13_nonnegative_log_pool,0.276317335963846,0.295492808876303,-0.0670945278809549
20251130,20251130_1_07,20251130_1_07_08,h13_nonnegative_log_pool,0.0478388721448559,0.0478424511840174,-7.48116568343171e-05
20251130,20251130_1_08,20251130_1_08_11,h13_nonnegative_log_pool,0.0708475323974355,0.0606275851624722,0.155780146779306
20251130,20251130_1_09,20251130_1_09_03,h13_nonnegative_log_pool,0.0248371553666577,0.0284941274752186,-0.137357280284496
20251130,20251130_1_10,20251130_1_10_06,h13_nonnegative_log_pool,0.180779898785454,0.167212676014788,0.0780137512307284
20251130,20251130_1_11,20251130_1_11_08,h13_nonnegative_log_pool,0.009297136550088,0.0107338536805261,-0.14369618735034
20251130,20251130_3_01,20251130_3_01_05,h13_nonnegative_log_pool,0.268150328365174,0.249846735198262,0.0707000793283286
20251130,20251130_3_02,20251130_3_02_05,h13_nonnegative_log_pool,0.111651417896591,0.112668146404065,-0.00906506281016606
20251130,20251130_3_03,20251130_3_03_04,h13_nonnegative_log_pool,0.328666402188977,0.307479331408874,0.0666353911782922
20251130,20251130_3_04,20251130_3_04_09,h13_nonnegative_log_pool,0.275829259453636,0.275023238597911,0.00292645103294964
20251130,20251130_3_05,20251130_3_05_05,h13_nonnegative_log_pool,0.238788682823907,0.241854188179459,-0.0127560278438514
20251130,20251130_3_06,20251130_3_06_12,h13_nonnegative_log_pool,0.0200279377733652,0.0232800062845828,-0.1504667053386
20251205,20251205_3_01,20251205_3_01_03,h13_nonnegative_log_pool,0.749573491861947,0.722881874216554,0.0362585412705713
20251205,20251205_3_02,20251205_3_02_07,h13_nonnegative_log_pool,0.187426978764043,0.19985810926976,-0.0642183381508243
20251205,20251205_3_03,20251205_3_03_04,h13_nonnegative_log_pool,0.0646935271629362,0.0612544780286706,0.0546241952280631
20251205,20251205_3_04,20251205_3_04_03,h13_nonnegative_log_pool,0.144629464993738,0.14810269617196,-0.0237308682441622
20251205,20251205_3_05,20251205_3_05_02,h13_nonnegative_log_pool,0.0266746679891528,0.0237865244997556,0.114595127755285
20251205,20251205_3_06,20251205_3_06_12,h13_nonnegative_log_pool,0.126092175609663,0.126571923431377,-0.00379751931578864
20251205,20251205_3_07,20251205_3_07_12,h13_nonnegative_log_pool,0.172929291136601,0.15380996735494,0.117164926973597
20251205,20251205_3_08,20251205_3_08_09,h13_nonnegative_log_pool,0.143760839519909,0.141014385088998,0.0192891751084321
20251205,20251205_3_09,20251205_3_09_07,h13_nonnegative_log_pool,0.066920169399032,0.0688679206547355,-0.0286900692963998
20251206,20251206_1_01,20251206_1_01_09,h13_nonnegative_log_pool,0.473965501570331,0.446760650400024,0.0591115440623596
20251206,20251206_1_03,20251206_1_03_06,h13_nonnegative_log_pool,0.530473994852254,0.500400773412212,0.058361612601846
20251206,20251206_1_04,20251206_1_04_11,h13_nonnegative_log_pool,0.221134079657321,0.20960056548042,0.053565562488552
20251206,20251206_1_05,20251206_1_05_02,h13_nonnegative_log_pool,0.317287350098326,0.321131250421074,-0.0120420889067183
20251206,20251206_1_06,20251206_1_06_05,h13_nonnegative_log_pool,0.273511234953099,0.256956449217687,0.0624360872188563
20251206,20251206_1_07,20251206_1_07_09,h13_nonnegative_log_pool,0.641051095227381,0.628034370962872,0.0205142696839217
20251206,20251206_1_08,20251206_1_08_08,h13_nonnegative_log_pool,0.230284027814646,0.223468807538771,0.0300416098701055
20251206,20251206_1_09,20251206_1_09_09,h13_nonnegative_log_pool,0.256718085541947,0.265973965315774,-0.035419889843022
20251206,20251206_1_10,20251206_1_10_05,h13_nonnegative_log_pool,0.194585258240127,0.199892900276777,-0.0269113117806494
20251206,20251206_1_11,20251206_1_11_11,h13_nonnegative_log_pool,0.0716564303681606,0.0659761539822063,0.0825895237451459
20251207,20251207_1_01,20251207_1_01_08,h13_nonnegative_log_pool,0.036471314971912,0.0355351544072642,0.0260035889477863
20251207,20251207_1_02,20251207_1_02_04,h13_nonnegative_log_pool,0.0574559489980886,0.0598410239504525,-0.0406728951769781
20251207,20251207_1_03,20251207_1_03_03,h13_nonnegative_log_pool,0.408003259199716,0.383218952419816,0.062668659435111
20251207,20251207_1_04,20251207_1_04_07,h13_nonnegative_log_pool,0.297658400621578,0.308142762288374,-0.0346166671530426
20251207,20251207_1_05,20251207_1_05_08,h13_nonnegative_log_pool,0.46951957030359,0.444145058830157,0.055558762915959
20251207,20251207_1_06,20251207_1_06_09,h13_nonnegative_log_pool,0.201781747806796,0.173467607835837,0.151195773281323
20251207,20251207_1_07,20251207_1_07_09,h13_nonnegative_log_pool,0.463477693657482,0.499646120904923,-0.0751418316789735
20251207,20251207_1_08,20251207_1_08_09,h13_nonnegative_log_pool,0.327499985062081,0.320747368529411,0.0208342101184384
20251207,20251207_1_09,20251207_1_09_10,h13_nonnegative_log_pool,0.476816913806725,0.448235399244373,0.0618140495507581
20251207,20251207_1_10,20251207_1_10_04,h13_nonnegative_log_pool,0.0650249347298994,0.0874079885431049,-0.295815873014712
20251207,20251207_1_11,20251207_1_11_10,h13_nonnegative_log_pool,0.257409462997342,0.257598411383386,-0.00073376895352939
20251207,20251207_3_01,20251207_3_01_05,h13_nonnegative_log_pool,0.288407258859121,0.311586438974819,-0.077303217921102
20251207,20251207_3_02,20251207_3_02_06,h13_nonnegative_log_pool,0.442704938501221,0.421411420336146,0.0492938931456801
20251207,20251207_3_03,20251207_3_03_04,h13_nonnegative_log_pool,0.0669027233950176,0.0688837192928264,-0.0291801806122787
20251207,20251207_3_04,20251207_3_04_05,h13_nonnegative_log_pool,0.252410560046925,0.241106771071876,0.0458170994560327
20251207,20251207_3_05,20251207_3_05_05,h13_nonnegative_log_pool,0.15689882205479,0.161634268295733,-0.0297350277985635
20251207,20251207_3_06,20251207_3_06_06,h13_nonnegative_log_pool,0.291855530978658,0.26587303012236,0.0932400584570623
20251212,20251212_3_01,20251212_3_01_07,h13_nonnegative_log_pool,0.47466390848475,0.44706004239597,0.0599140838838927
20251212,20251212_3_02,20251212_3_02_09,h13_nonnegative_log_pool,0.564009259512898,0.538113883371397,0.0470004520494425
20251212,20251212_3_03,20251212_3_03_06,h13_nonnegative_log_pool,0.353837096939006,0.364233398241578,-0.0289582370327734
20251212,20251212_3_04,20251212_3_04_04,h13_nonnegative_log_pool,0.0386651511796389,0.0363624135717956,0.0614030610715384
20251212,20251212_3_05,20251212_3_05_12,h13_nonnegative_log_pool,0.413279445720795,0.398020494945975,0.0376204893777419
20251212,20251212_3_06,20251212_3_06_02,h13_nonnegative_log_pool,0.110630884269283,0.11510308819308,-0.0396288528416289
20251212,20251212_3_07,20251212_3_07_10,h13_nonnegative_log_pool,0.0715227099279612,0.0656157431635928,0.0861993662314595
20251212,20251212_3_08,20251212_3_08_06,h13_nonnegative_log_pool,0.0340542067682007,0.0307926143721693,0.100678703641103
20251212,20251212_3_09,20251212_3_09_06,h13_nonnegative_log_pool,0.126861601543913,0.12089525143871,0.0481722605437542
20251213,20251213_1_01,20251213_1_01_11,h13_nonnegative_log_pool,0.719109357952847,0.718561044778579,0.000762780119576978
20251213,20251213_1_02,20251213_1_02_10,h13_nonnegative_log_pool,0.324282184849283,0.316102322115267,0.0255481123003316
20251213,20251213_1_03,20251213_1_03_08,h13_nonnegative_log_pool,0.2163439731357,0.216599263838391,-0.00117932657437225
20251213,20251213_1_04,20251213_1_04_08,h13_nonnegative_log_pool,0.134618122725253,0.139295360960537,-0.0341545282286151
20251213,20251213_1_05,20251213_1_05_05,h13_nonnegative_log_pool,0.0942307933933463,0.0862810977534198,0.0881364773459881
20251213,20251213_1_06,20251213_1_06_09,h13_nonnegative_log_pool,0.12642838856617,0.134807536578914,-0.0641720566721631
20251213,20251213_1_07,20251213_1_07_05,h13_nonnegative_log_pool,0.245540125292234,0.266843499452818,-0.083201965154257
20251213,20251213_1_08,20251213_1_08_02,h13_nonnegative_log_pool,0.59095823037485,0.533619220852019,0.10206282368407
20251213,20251213_1_09,20251213_1_09_11,h13_nonnegative_log_pool,0.646901153635869,0.618221620724965,0.0453465036179097
20251213,20251213_1_10,20251213_1_10_04,h13_nonnegative_log_pool,0.43542573550498,0.397668642746994,0.0907051521769254
20251213,20251213_1_11,20251213_1_11_05,h13_nonnegative_log_pool,0.0397780175024351,0.0417062205792945,-0.0473358565989028
20251214,20251214_1_01,20251214_1_01_07,h13_nonnegative_log_pool,0.0635830411975676,0.0601887705194042,0.0548609882600246
20251214,20251214_1_02,20251214_1_02_10,h13_nonnegative_log_pool,0.423263708487881,0.418652484074801,0.0109542269505659
20251214,20251214_1_03,20251214_1_03_07,h13_nonnegative_log_pool,0.0768601019071609,0.0807951610098348,-0.0499301642253864
20251214,20251214_1_04,20251214_1_04_06,h13_nonnegative_log_pool,0.399802110259772,0.398855134982951,0.00237141959519749
20251214,20251214_1_05,20251214_1_05_01,h13_nonnegative_log_pool,0.168580924559447,0.161172723132078,0.0449392945349079
20251214,20251214_1_07,20251214_1_07_05,h13_nonnegative_log_pool,0.323132633369701,0.298095333922636,0.0806495207285611
20251214,20251214_1_08,20251214_1_08_08,h13_nonnegative_log_pool,0.279758116397099,0.267448168184151,0.0449995760442925
20251214,20251214_1_09,20251214_1_09_10,h13_nonnegative_log_pool,0.455474582118789,0.473324660099955,-0.0384416250379499
20251214,20251214_1_10,20251214_1_10_01,h13_nonnegative_log_pool,0.113538261955686,0.0927447980038464,0.202288276151707
20251214,20251214_1_11,20251214_1_11_06,h13_nonnegative_log_pool,0.147514888100887,0.154452401141541,-0.045956858680793
20251214,20251214_3_01,20251214_3_01_02,h13_nonnegative_log_pool,0.321286972159095,0.319948685316375,0.00417409347158149
20251214,20251214_3_02,20251214_3_02_07,h13_nonnegative_log_pool,0.405613310496964,0.363918617531561,0.108470004116217
20251214,20251214_3_03,20251214_3_03_03,h13_nonnegative_log_pool,0.580427895722192,0.57542347085362,0.00865934199554808
20251214,20251214_3_04,20251214_3_04_10,h13_nonnegative_log_pool,0.0206002621959599,0.0208472361432094,-0.0119175767056392
20251214,20251214_3_05,20251214_3_05_08,h13_nonnegative_log_pool,0.325505196514275,0.31799854111272,0.0233316311609788
20251214,20251214_3_06,20251214_3_06_04,h13_nonnegative_log_pool,0.379734566457341,0.382556669633777,-0.00740429887154315
20251219,20251219_3_01,20251219_3_01_02,h13_nonnegative_log_pool,0.400931924159547,0.401631922443638,-0.00174440566830492
20251219,20251219_3_02,20251219_3_02_01,h13_nonnegative_log_pool,0.108859312436001,0.110794109404113,-0.017617271729935
20251219,20251219_3_03,20251219_3_03_07,h13_nonnegative_log_pool,0.0191730784188549,0.020889369462817,-0.0857332620328712
20251219,20251219_3_04,20251219_3_04_11,h13_nonnegative_log_pool,0.157101112548469,0.156420352564498,0.00434267589038506
20251219,20251219_3_05,20251219_3_05_05,h13_nonnegative_log_pool,0.394755793464482,0.348888804982963,0.123514068244174
20251219,20251219_3_06,20251219_3_06_07,h13_nonnegative_log_pool,0.218487479916185,0.200657096093961,0.0851312511197617
20251219,20251219_3_07,20251219_3_07_12,h13_nonnegative_log_pool,0.0204454606665648,0.0215900873577076,-0.0544734051758962
20251219,20251219_3_08,20251219_3_08_05,h13_nonnegative_log_pool,0.123827163235111,0.120653095328962,0.0259673012385324
20251219,20251219_3_09,20251219_3_09_05,h13_nonnegative_log_pool,0.0608034656380161,0.0656930972917467,-0.0773470679454769
20251220,20251220_1_01,20251220_1_01_05,h13_nonnegative_log_pool,0.739040865699756,0.728663817641491,0.0141407479206588
20251220,20251220_1_02,20251220_1_02_03,h13_nonnegative_log_pool,0.413165579386311,0.381159034337107,0.0806317302331299
20251220,20251220_1_03,20251220_1_03_01,h13_nonnegative_log_pool,0.72342237237604,0.677962738476689,0.0649009173103531
20251220,20251220_1_04,20251220_1_04_11,h13_nonnegative_log_pool,0.574339160512392,0.564069163394266,0.0180432196849872
20251220,20251220_1_05,20251220_1_05_10,h13_nonnegative_log_pool,0.375489706864302,0.365802023721373,0.0261387907577448
20251220,20251220_1_06,20251220_1_06_05,h13_nonnegative_log_pool,0.039618503066996,0.0454913558241967,-0.138226067722173
20251220,20251220_1_07,20251220_1_07_05,h13_nonnegative_log_pool,0.425422736623472,0.424243939008289,0.00277473132771022
20251220,20251220_1_08,20251220_1_08_04,h13_nonnegative_log_pool,0.079121263486417,0.0780294625755381,0.0138951757320718
20251220,20251220_1_09,20251220_1_09_04,h13_nonnegative_log_pool,0.590526018203586,0.611671071357931,-0.0351809769479669
20251220,20251220_1_10,20251220_1_10_07,h13_nonnegative_log_pool,0.0356772380769401,0.0314462307701013,0.126233768921532
20251220,20251220_1_11,20251220_1_11_10,h13_nonnegative_log_pool,0.172227947543716,0.176835448919636,-0.0264007572179017
20251221,20251221_1_01,20251221_1_01_01,h13_nonnegative_log_pool,0.274358167346434,0.26944073926798,0.0180859580980148
20251221,20251221_1_02,20251221_1_02_02,h13_nonnegative_log_pool,0.520848099863219,0.533121517898363,-0.0232909424547559
20251221,20251221_1_03,20251221_1_03_06,h13_nonnegative_log_pool,0.24902237285397,0.235174519479036,0.0572148686400851
20251221,20251221_1_04,20251221_1_04_10,h13_nonnegative_log_pool,0.177583892511799,0.177852045944803,-0.00150887096585106
20251221,20251221_1_05,20251221_1_05_08,h13_nonnegative_log_pool,0.0252278343653099,0.0316772336850707,-0.227650319316853
20251221,20251221_1_06,20251221_1_06_07,h13_nonnegative_log_pool,0.0249194777198047,0.0264075016654322,-0.0579983883564794
20251221,20251221_1_07,20251221_1_07_10,h13_nonnegative_log_pool,0.103439701340081,0.0986577882883291,0.0473316691396168
20251221,20251221_1_08,20251221_1_08_02,h13_nonnegative_log_pool,0.122036406059221,0.121390434445703,0.00530732871095063
20251221,20251221_1_09,20251221_1_09_05,h13_nonnegative_log_pool,0.344344478949313,0.36171840187815,-0.0492234651348207
20251221,20251221_1_10,20251221_1_10_04,h13_nonnegative_log_pool,0.543027405628571,0.534946781775167,0.014992520800416
20251221,20251221_1_11,20251221_1_11_09,h13_nonnegative_log_pool,0.285675130699758,0.284879090169608,0.00279041331237906
20251221,20251221_3_01,20251221_3_01_09,h13_nonnegative_log_pool,0.0646381697082076,0.0795896741202264,-0.20807926367371
20251221,20251221_3_02,20251221_3_02_10,h13_nonnegative_log_pool,0.527527044678643,0.506622716216902,0.0404335564679951
20251221,20251221_3_03,20251221_3_03_09,h13_nonnegative_log_pool,0.354215939319283,0.366260005494786,-0.0334367534775788
20251221,20251221_3_04,20251221_3_04_07,h13_nonnegative_log_pool,0.359158252234577,0.378956899203129,-0.0536593708141443
20251221,20251221_3_05,20251221_3_05_01,h13_nonnegative_log_pool,0.626704883540469,0.602574787155647,0.0392639639487772
20251221,20251221_3_06,20251221_3_06_11,h13_nonnegative_log_pool,0.0261028121148471,0.0281913852968132,-0.0769733929565586
20251226,20251226_3_01,20251226_3_01_11,h13_nonnegative_log_pool,0.561681660243176,0.538951453079515,0.0413097502025552
20251226,20251226_3_02,20251226_3_02_05,h13_nonnegative_log_pool,0.310215776251505,0.267689055410685,0.147442041865986
20251226,20251226_3_03,20251226_3_03_05,h13_nonnegative_log_pool,0.50530183770115,0.496165044165334,0.018247327433774
20251226,20251226_3_04,20251226_3_04_08,h13_nonnegative_log_pool,0.0237333889267849,0.027402431461094,-0.143748876745109
20251226,20251226_3_05,20251226_3_05_12,h13_nonnegative_log_pool,0.10104625290017,0.0989161999155676,0.0213053353399579
20251226,20251226_3_07,20251226_3_07_11,h13_nonnegative_log_pool,0.0723113187942841,0.0868762036692933,-0.183503488892246
20251226,20251226_3_08,20251226_3_08_08,h13_nonnegative_log_pool,0.427886062068884,0.419170042432684,0.0205802832314704
20251226,20251226_3_09,20251226_3_09_11,h13_nonnegative_log_pool,0.0897288856916948,0.0869862447483633,0.0310427429602824
20251227,20251227_1_01,20251227_1_01_04,h13_nonnegative_log_pool,0.157156466525262,0.148040497947771,0.0597560400267141
20251227,20251227_1_02,20251227_1_02_09,h13_nonnegative_log_pool,0.666254062984751,0.679809493343531,-0.0201415283211254
20251227,20251227_1_03,20251227_1_03_01,h13_nonnegative_log_pool,0.401815397887266,0.396574755889337,0.0131282111674652
20251227,20251227_1_04,20251227_1_04_01,h13_nonnegative_log_pool,0.113817811228145,0.129855804463104,-0.131825615530659
20251227,20251227_1_05,20251227_1_05_04,h13_nonnegative_log_pool,0.354385145845455,0.347532043677897,0.0195274315475999
20251227,20251227_1_06,20251227_1_06_06,h13_nonnegative_log_pool,0.468736286764484,0.448124743424098,0.0449686831548453
20251227,20251227_1_07,20251227_1_07_10,h13_nonnegative_log_pool,0.488186204043013,0.469185773749936,0.0396981026437926
20251227,20251227_1_08,20251227_1_08_04,h13_nonnegative_log_pool,0.0687325575339645,0.069265890045804,-0.00772958213057873
20251227,20251227_1_09,20251227_1_09_07,h13_nonnegative_log_pool,0.473180118707073,0.476562020256754,-0.0071217559060025
20251227,20251227_1_10,20251227_1_10_05,h13_nonnegative_log_pool,0.0868345112039663,0.0888617071829965,-0.0230771722135508
20251227,20251227_1_11,20251227_1_11_08,h13_nonnegative_log_pool,0.0460636277733708,0.0467043966990874,-0.0138146547787379
20251025,20251025_1_01,20251025_1_01_12,h14_convex_residual_pool,0.20271660095929,0.20264239232672,0.00036613784140993
20251025,20251025_1_02,20251025_1_02_07,h14_convex_residual_pool,0.133951562321878,0.135687769203919,-0.0128781722428155
20251025,20251025_1_03,20251025_1_03_04,h14_convex_residual_pool,0.203892234834822,0.230031732835652,-0.120625674605225
20251025,20251025_1_04,20251025_1_04_10,h14_convex_residual_pool,0.152829521410689,0.148228450222064,0.0305683947741116
20251025,20251025_1_05,20251025_1_05_04,h14_convex_residual_pool,0.172113047176571,0.16129109658631,0.0649407261904638
20251025,20251025_1_06,20251025_1_06_02,h14_convex_residual_pool,0.178615516564507,0.173148384038107,0.0310866054526253
20251025,20251025_1_07,20251025_1_07_07,h14_convex_residual_pool,0.504908835872643,0.495384578592258,0.0190435025880765
20251025,20251025_1_08,20251025_1_08_05,h14_convex_residual_pool,0.0892015089461012,0.0933084634836587,-0.0450128604395741
20251025,20251025_1_09,20251025_1_09_04,h14_convex_residual_pool,0.484847376915196,0.50587021226598,-0.0424459842478724
20251025,20251025_1_10,20251025_1_10_03,h14_convex_residual_pool,0.159315583169531,0.172692026127666,-0.0806227773564394
20251025,20251025_1_11,20251025_1_11_11,h14_convex_residual_pool,0.365018379552271,0.331606293523184,0.0959993049097043
20251026,20251026_1_01,20251026_1_01_05,h14_convex_residual_pool,0.0243089908142808,0.0236683403688911,0.0267079685884659
20251026,20251026_1_02,20251026_1_02_02,h14_convex_residual_pool,0.37924755921972,0.379539936670274,-0.000770643866978116
20251026,20251026_1_03,20251026_1_03_06,h14_convex_residual_pool,0.11108120381554,0.110383591639282,0.00630000341299253
20251026,20251026_1_04,20251026_1_04_03,h14_convex_residual_pool,0.383551164520965,0.398219580279453,-0.0375305358283226
20251026,20251026_1_05,20251026_1_05_11,h14_convex_residual_pool,0.0340585695160248,0.0344453344740614,-0.0112918839684126
20251026,20251026_1_06,20251026_1_06_11,h14_convex_residual_pool,0.0533513748114292,0.0512901010517528,0.0394019754739747
20251026,20251026_1_07,20251026_1_07_07,h14_convex_residual_pool,0.520861933770926,0.524827501752232,-0.00758463623534444
20251026,20251026_1_08,20251026_1_08_10,h14_convex_residual_pool,0.121800696408456,0.131682435159398,-0.0780071568678951
20251026,20251026_1_09,20251026_1_09_09,h14_convex_residual_pool,0.136486751060565,0.130067912171322,0.0481708327174679
20251026,20251026_1_10,20251026_1_10_10,h14_convex_residual_pool,0.5529322961188,0.537935298407906,0.0274972741149734
20251026,20251026_1_11,20251026_1_11_03,h14_convex_residual_pool,0.0405763710616722,0.0493726479227332,-0.196210681449845
20251026,20251026_3_01,20251026_3_01_05,h14_convex_residual_pool,0.16442161698551,0.160536226587644,0.02391433622985
20251026,20251026_3_02,20251026_3_02_10,h14_convex_residual_pool,0.218498211452007,0.217375761140239,0.00515035475177239
20251026,20251026_3_03,20251026_3_03_05,h14_convex_residual_pool,0.0634566343085558,0.0642352080260824,-0.0121947236695119
20251026,20251026_3_04,20251026_3_04_03,h14_convex_residual_pool,0.365773153657749,0.350909373857121,0.0414853465086347
20251026,20251026_3_05,20251026_3_05_01,h14_convex_residual_pool,0.314897326975394,0.298721825481184,0.0527338487981279
20251026,20251026_3_06,20251026_3_06_01,h14_convex_residual_pool,0.440480959709247,0.425632133744533,0.0342917827758689
20251031,20251031_3_01,20251031_3_01_02,h14_convex_residual_pool,0.0696663015604426,0.0688492117830073,0.0117979457369741
20251031,20251031_3_02,20251031_3_02_07,h14_convex_residual_pool,0.260373180514724,0.265598145531244,-0.0198685237761309
20251031,20251031_3_03,20251031_3_03_04,h14_convex_residual_pool,0.111205838736877,0.0963890657627114,0.142990117579346
20251031,20251031_3_04,20251031_3_04_01,h14_convex_residual_pool,0.429439989650199,0.399390655154547,0.0725419867440202
20251031,20251031_3_05,20251031_3_05_06,h14_convex_residual_pool,0.0235527671574393,0.0279550213739419,-0.171353524125034
20251031,20251031_3_06,20251031_3_06_02,h14_convex_residual_pool,0.050678599934112,0.0554782928677092,-0.0904880952825993
20251031,20251031_3_07,20251031_3_07_10,h14_convex_residual_pool,0.286888847810089,0.275729469631817,0.0396746483524801
20251031,20251031_3_08,20251031_3_08_11,h14_convex_residual_pool,0.503022116574694,0.50009019788379,0.00584566054609392
20251101,20251101_1_01,20251101_1_01_12,h14_convex_residual_pool,0.0430660061773296,0.0443011054559062,-0.0282756644746032
20251101,20251101_1_02,20251101_1_02_02,h14_convex_residual_pool,0.360255737242275,0.331915142281566,0.0819348197684542
20251101,20251101_1_03,20251101_1_03_07,h14_convex_residual_pool,0.180822301526222,0.170979540873665,0.0559708841695599
20251101,20251101_1_04,20251101_1_04_06,h14_convex_residual_pool,0.217767335900252,0.228690525461122,-0.0489424460241017
20251101,20251101_1_05,20251101_1_05_10,h14_convex_residual_pool,0.309498761277719,0.308527383555353,0.00314348682616883
20251101,20251101_1_06,20251101_1_06_01,h14_convex_residual_pool,0.54565230069432,0.529617514359926,0.0298268859816323
20251101,20251101_1_07,20251101_1_07_10,h14_convex_residual_pool,0.155205505215893,0.154680946587021,0.00338549250437881
20251101,20251101_1_08,20251101_1_08_02,h14_convex_residual_pool,0.374788265158651,0.365204332960581,0.0259042269912436
20251101,20251101_1_09,20251101_1_09_08,h14_convex_residual_pool,0.172571282291338,0.201136830661487,-0.153175044224278
20251101,20251101_1_10,20251101_1_10_09,h14_convex_residual_pool,0.347793201447064,0.346497779009561,0.00373164559879435
20251101,20251101_1_11,20251101_1_11_01,h14_convex_residual_pool,0.0427300847059456,0.0482010944384147,-0.120478494982936
20251102,20251102_1_01,20251102_1_01_08,h14_convex_residual_pool,0.0358585506807737,0.0349279315327958,0.0262952117520046
20251102,20251102_1_02,20251102_1_02_02,h14_convex_residual_pool,0.578799436126812,0.576120367147349,0.00463941093962195
20251102,20251102_1_03,20251102_1_03_11,h14_convex_residual_pool,0.0550202654393751,0.0536239611627079,0.025705575097573
20251102,20251102_1_04,20251102_1_04_03,h14_convex_residual_pool,0.0926975452818278,0.093211899558129,-0.00553339922175544
20251102,20251102_1_05,20251102_1_05_11,h14_convex_residual_pool,0.401616566068643,0.416178390621576,-0.0356161742545761
20251102,20251102_1_06,20251102_1_06_07,h14_convex_residual_pool,0.327459884707261,0.321359705186836,0.0188044854709986
20251102,20251102_1_07,20251102_1_07_04,h14_convex_residual_pool,0.219359813148087,0.202461928996052,0.0801615000951119
20251102,20251102_1_08,20251102_1_08_11,h14_convex_residual_pool,0.384615147497551,0.366648468417103,0.0478396801511977
20251102,20251102_1_09,20251102_1_09_06,h14_convex_residual_pool,0.191624745806976,0.174916661750051,0.0912293687539514
20251102,20251102_1_10,20251102_1_10_08,h14_convex_residual_pool,0.0286391020200967,0.0310808607464751,-0.0818192321074971
20251102,20251102_1_11,20251102_1_11_09,h14_convex_residual_pool,0.260324162262023,0.221778442086049,0.160248757455516
20251102,20251102_3_01,20251102_3_01_02,h14_convex_residual_pool,0.301313835159961,0.305198562293559,-0.0128102253936226
20251102,20251102_3_02,20251102_3_02_04,h14_convex_residual_pool,0.464788915551943,0.449705361834624,0.0329907406311346
20251102,20251102_3_03,20251102_3_03_09,h14_convex_residual_pool,0.205680587060275,0.221298138814844,-0.0731864195914613
20251102,20251102_3_04,20251102_3_04_02,h14_convex_residual_pool,0.130711080507281,0.115364489236112,0.124892807415935
20251102,20251102_3_05,20251102_3_05_11,h14_convex_residual_pool,0.150399699915671,0.147841903105601,0.017152935723572
20251102,20251102_3_06,20251102_3_06_05,h14_convex_residual_pool,0.17474034556338,0.168241088576556,0.0379031307015365
20251107,20251107_3_01,20251107_3_01_07,h14_convex_residual_pool,0.564030986283048,0.562937576079776,0.00194044551529726
20251107,20251107_3_02,20251107_3_02_06,h14_convex_residual_pool,0.460425514793443,0.447646789466073,0.0281465889832445
20251107,20251107_3_03,20251107_3_03_01,h14_convex_residual_pool,0.0430889526183394,0.0441399787794478,-0.0240992755788034
20251107,20251107_3_04,20251107_3_04_02,h14_convex_residual_pool,0.182373526713039,0.200690308230361,-0.0957060363305786
20251107,20251107_3_05,20251107_3_05_06,h14_convex_residual_pool,0.262116097692617,0.249066761108418,0.0510665491471114
20251107,20251107_3_06,20251107_3_06_01,h14_convex_residual_pool,0.135751486383513,0.126931317634151,0.0671797740322886
20251107,20251107_3_07,20251107_3_07_08,h14_convex_residual_pool,0.13579030511338,0.141084075997612,-0.0382441746842359
20251107,20251107_3_08,20251107_3_08_04,h14_convex_residual_pool,0.407323591708975,0.378608792705452,0.0731044724021971
20251107,20251107_3_09,20251107_3_09_05,h14_convex_residual_pool,0.0397423036381714,0.0351969370946018,0.121457138728052
20251108,20251108_1_01,20251108_1_01_01,h14_convex_residual_pool,0.191841847310597,0.180490737769573,0.0609918585064142
20251108,20251108_1_02,20251108_1_02_05,h14_convex_residual_pool,0.144038512512901,0.137963153158744,0.0430940684157453
20251108,20251108_1_03,20251108_1_03_02,h14_convex_residual_pool,0.181667189679391,0.173408867895166,0.0465241806574137
20251108,20251108_1_04,20251108_1_04_11,h14_convex_residual_pool,0.127253614090463,0.128681625946985,-0.0111592813511963
20251108,20251108_1_05,20251108_1_05_10,h14_convex_residual_pool,0.316857887441033,0.308819342463228,0.0256969150568844
20251108,20251108_1_06,20251108_1_06_05,h14_convex_residual_pool,0.0425004789371702,0.0489442265598903,-0.141166071382544
20251108,20251108_1_07,20251108_1_07_10,h14_convex_residual_pool,0.180988282035522,0.186034545951528,-0.0275000983546889
20251108,20251108_1_08,20251108_1_08_03,h14_convex_residual_pool,0.0128551859611111,0.0127946769492433,0.00471808557613862
20251108,20251108_1_09,20251108_1_09_08,h14_convex_residual_pool,0.623402578490354,0.602234765612454,0.0345451581095254
20251108,20251108_1_10,20251108_1_10_09,h14_convex_residual_pool,0.035556211981341,0.036118085042817,-0.0156788303477047
20251108,20251108_1_11,20251108_1_11_04,h14_convex_residual_pool,0.124573365087658,0.120980120773911,0.0292685791865104
20251109,20251109_1_01,20251109_1_01_06,h14_convex_residual_pool,0.390234955203771,0.396754853505936,-0.0165695855265156
20251109,20251109_1_02,20251109_1_02_02,h14_convex_residual_pool,0.549436219376532,0.568981687729475,-0.0349555535375846
20251109,20251109_1_03,20251109_1_03_01,h14_convex_residual_pool,0.206759650582098,0.210768863901663,-0.0192050909486787
20251109,20251109_1_04,20251109_1_04_03,h14_convex_residual_pool,0.252547901848688,0.251086142550214,0.00580486335029295
20251109,20251109_1_05,20251109_1_05_06,h14_convex_residual_pool,0.558688249797345,0.498201973608154,0.114586060618616
20251109,20251109_1_06,20251109_1_06_07,h14_convex_residual_pool,0.182598069754236,0.182274797177107,0.0017719742464517
20251109,20251109_1_07,20251109_1_07_09,h14_convex_residual_pool,0.0974368381725798,0.0891039531042717,0.089400653923446
20251109,20251109_1_08,20251109_1_08_07,h14_convex_residual_pool,0.0923807123975703,0.0898456611217404,0.0278248947509372
20251109,20251109_1_09,20251109_1_09_09,h14_convex_residual_pool,0.0205475240415262,0.0210004581225843,-0.0218038037605024
20251109,20251109_1_10,20251109_1_10_07,h14_convex_residual_pool,0.275677985690685,0.276016003930266,-0.0012253832314173
20251109,20251109_1_11,20251109_1_11_08,h14_convex_residual_pool,0.307537876603495,0.286628994895871,0.0704095768173223
20251109,20251109_3_01,20251109_3_01_07,h14_convex_residual_pool,0.175917685287903,0.182360719287889,-0.0359705112608864
20251109,20251109_3_02,20251109_3_02_05,h14_convex_residual_pool,0.378746454617806,0.363237846862634,0.0418091508194685
20251109,20251109_3_03,20251109_3_03_05,h14_convex_residual_pool,0.687983555116894,0.68415713143772,0.00557731963719171
20251109,20251109_3_04,20251109_3_04_06,h14_convex_residual_pool,0.0306478927960331,0.0334398139893078,-0.0871833161987925
20251109,20251109_3_05,20251109_3_05_05,h14_convex_residual_pool,0.336580964879615,0.320186041474575,0.0499365225316706
20251109,20251109_3_06,20251109_3_06_05,h14_convex_residual_pool,0.487985020177352,0.494750643490341,-0.0137691760950848
20251114,20251114_3_01,20251114_3_01_03,h14_convex_residual_pool,0.175919003293354,0.187331234361226,-0.0628546761361652
20251114,20251114_3_02,20251114_3_02_06,h14_convex_residual_pool,0.115018407546439,0.110689096848456,0.0383668390986744
20251114,20251114_3_03,20251114_3_03_03,h14_convex_residual_pool,0.146802093987576,0.144972479729607,0.0125414508602275
20251114,20251114_3_04,20251114_3_04_03,h14_convex_residual_pool,0.659343101945703,0.624097208106193,0.0549379008400745
20251114,20251114_3_05,20251114_3_05_05,h14_convex_residual_pool,0.0795235080736269,0.0838021722718088,-0.0524062522607487
20251114,20251114_3_06,20251114_3_06_02,h14_convex_residual_pool,0.429092400228539,0.41859737053656,0.0247627524576957
20251114,20251114_3_07,20251114_3_07_10,h14_convex_residual_pool,0.169953700823369,0.174441294949566,-0.0260622145549598
20251114,20251114_3_08,20251114_3_08_04,h14_convex_residual_pool,0.432631241451115,0.396958178905308,0.0860547964521938
20251114,20251114_3_09,20251114_3_09_02,h14_convex_residual_pool,0.0533668481873557,0.0566762824589883,-0.0601660917232634
20251115,20251115_1_01,20251115_1_01_08,h14_convex_residual_pool,0.0707413866840413,0.0720003757323077,-0.0176405513763922
20251115,20251115_1_02,20251115_1_02_01,h14_convex_residual_pool,0.256807174430113,0.25688396602916,-0.000298979653611031
20251115,20251115_1_03,20251115_1_03_08,h14_convex_residual_pool,0.16408431920431,0.169104275768227,-0.0301351038383282
20251115,20251115_1_04,20251115_1_04_05,h14_convex_residual_pool,0.276766841885315,0.266283014491372,0.0386157182650928
20251115,20251115_1_05,20251115_1_05_06,h14_convex_residual_pool,0.553953084586465,0.502955001475043,0.096579292489598
20251115,20251115_1_06,20251115_1_06_09,h14_convex_residual_pool,0.0158723089918886,0.0163495000381372,-0.0296213000805796
20251115,20251115_1_07,20251115_1_07_03,h14_convex_residual_pool,0.312420288254236,0.294864790119928,0.0578324463581188
20251115,20251115_1_08,20251115_1_08_09,h14_convex_residual_pool,0.117612759235344,0.125108314402644,-0.0617823508375226
20251115,20251115_1_09,20251115_1_09_11,h14_convex_residual_pool,0.111057909233902,0.122089309972599,-0.0947010557902264
20251115,20251115_1_10,20251115_1_10_10,h14_convex_residual_pool,0.265410062498735,0.284203997255985,-0.0684162448608876
20251115,20251115_1_11,20251115_1_11_01,h14_convex_residual_pool,0.130249506915591,0.119819397954102,0.083466302892341
20251116,20251116_1_01,20251116_1_01_09,h14_convex_residual_pool,0.4046655301543,0.399929785054257,0.0117718800973429
20251116,20251116_1_02,20251116_1_02_06,h14_convex_residual_pool,0.180779628645944,0.186787221613709,-0.0326913484845366
20251116,20251116_1_03,20251116_1_03_05,h14_convex_residual_pool,0.0881126256663176,0.087355430402052,0.00863063034235978
20251116,20251116_1_04,20251116_1_04_06,h14_convex_residual_pool,0.400398560894948,0.39531046198329,0.0127890173807861
20251116,20251116_1_05,20251116_1_05_03,h14_convex_residual_pool,0.0447938068143718,0.0447879654872994,0.000130413295709175
20251116,20251116_1_06,20251116_1_06_08,h14_convex_residual_pool,0.0467068656795722,0.0443826918441138,0.0510416004556093
20251116,20251116_1_07,20251116_1_07_03,h14_convex_residual_pool,0.0522333762294343,0.0574383291062188,-0.0949901530069552
20251116,20251116_1_08,20251116_1_08_04,h14_convex_residual_pool,0.28258043394379,0.275893331502905,0.0239489210332779
20251116,20251116_1_09,20251116_1_09_02,h14_convex_residual_pool,0.143642475446341,0.148587867455838,-0.0338490804034395
20251116,20251116_1_10,20251116_1_10_10,h14_convex_residual_pool,0.150743639121358,0.146510978524975,0.0284802754474851
20251116,20251116_1_11,20251116_1_11_05,h14_convex_residual_pool,0.187070053371873,0.180666175108615,0.0348321716982505
20251116,20251116_3_01,20251116_3_01_03,h14_convex_residual_pool,0.436642770020331,0.46386248812468,-0.0604727456168284
20251116,20251116_3_02,20251116_3_02_07,h14_convex_residual_pool,0.372261582722281,0.380535062911534,-0.0219815361072732
20251116,20251116_3_03,20251116_3_03_06,h14_convex_residual_pool,0.131593863146819,0.141969445103577,-0.0758914739398762
20251116,20251116_3_04,20251116_3_04_02,h14_convex_residual_pool,0.0508233818284637,0.0568623729472923,-0.112277317603266
20251116,20251116_3_05,20251116_3_05_09,h14_convex_residual_pool,0.170839083848354,0.160148186050912,0.0646225339013824
20251116,20251116_3_06,20251116_3_06_06,h14_convex_residual_pool,0.168698576651771,0.178200685883991,-0.0547968116252198
20251121,20251121_3_01,20251121_3_01_08,h14_convex_residual_pool,0.168675159781412,0.166247634352252,0.0144962838122775
20251121,20251121_3_02,20251121_3_02_02,h14_convex_residual_pool,0.142537346413912,0.140499438747736,0.0144005513815562
20251121,20251121_3_03,20251121_3_03_05,h14_convex_residual_pool,0.141444555656276,0.130987814550093,0.0768035073058571
20251121,20251121_3_04,20251121_3_04_12,h14_convex_residual_pool,0.128137661493897,0.129882540850946,-0.0135253436828426
20251121,20251121_3_05,20251121_3_05_02,h14_convex_residual_pool,0.221787098454898,0.196129705242614,0.122941703948443
20251121,20251121_3_06,20251121_3_06_09,h14_convex_residual_pool,0.495121323657364,0.476468503832754,0.0384012089119665
20251121,20251121_3_07,20251121_3_07_01,h14_convex_residual_pool,0.0071367710273618,0.0089829807649681,-0.230071323977091
20251121,20251121_3_08,20251121_3_08_05,h14_convex_residual_pool,0.0094252424213319,0.0109936931877413,-0.153930307703886
20251121,20251121_3_09,20251121_3_09_05,h14_convex_residual_pool,0.203688519472466,0.194517489810801,0.0460698807442042
20251122,20251122_1_01,20251122_1_01_04,h14_convex_residual_pool,0.552049759245017,0.540462038669175,0.0212137848910194
20251122,20251122_1_02,20251122_1_02_08,h14_convex_residual_pool,0.300206083429599,0.29633383696485,0.0129825371946981
20251122,20251122_1_03,20251122_1_03_02,h14_convex_residual_pool,0.0945320394292337,0.0893242314039923,0.0566660192341373
20251122,20251122_1_04,20251122_1_04_08,h14_convex_residual_pool,0.201409809041818,0.1852708953754,0.0835226300136089
20251122,20251122_1_05,20251122_1_05_07,h14_convex_residual_pool,0.215084515585312,0.222935200049129,-0.0358500998620326
20251122,20251122_1_06,20251122_1_06_08,h14_convex_residual_pool,0.260123931645783,0.265855187042177,-0.0217935732958576
20251122,20251122_1_07,20251122_1_07_04,h14_convex_residual_pool,0.167344652873011,0.167432419080938,-0.000524326289288224
20251122,20251122_1_08,20251122_1_08_04,h14_convex_residual_pool,0.267323304503711,0.25839581618871,0.0339662236122462
20251122,20251122_1_09,20251122_1_09_07,h14_convex_residual_pool,0.302762696656428,0.297081623512925,0.0189423916248559
20251122,20251122_1_10,20251122_1_10_04,h14_convex_residual_pool,0.405329329885806,0.396629499140734,0.0216973034805883
20251122,20251122_1_11,20251122_1_11_05,h14_convex_residual_pool,0.0830831039744727,0.0887078683251734,-0.0655072329602682
20251123,20251123_1_01,20251123_1_01_12,h14_convex_residual_pool,0.191536259896556,0.209664372946617,-0.090430890716056
20251123,20251123_1_02,20251123_1_02_01,h14_convex_residual_pool,0.537012155999507,0.532460817129561,0.00851141910230047
20251123,20251123_1_03,20251123_1_03_06,h14_convex_residual_pool,0.378166377596081,0.362553078262363,0.04216336478285
20251123,20251123_1_04,20251123_1_04_05,h14_convex_residual_pool,0.641352003270568,0.628504019566034,0.0202360297618098
20251123,20251123_1_05,20251123_1_05_06,h14_convex_residual_pool,0.0174934997451576,0.0188409708221134,-0.07420442886324
20251123,20251123_1_06,20251123_1_06_05,h14_convex_residual_pool,0.0922585139289439,0.081988327626116,0.11801767946555
20251123,20251123_1_07,20251123_1_07_05,h14_convex_residual_pool,0.222456117230918,0.234210508404287,-0.051490463291519
20251123,20251123_1_08,20251123_1_08_02,h14_convex_residual_pool,0.379208571090831,0.378843754068046,0.000962511528141308
20251123,20251123_1_09,20251123_1_09_10,h14_convex_residual_pool,0.15970415605198,0.158007940731565,0.0106777894436492
20251123,20251123_1_10,20251123_1_10_01,h14_convex_residual_pool,0.0187336867185899,0.0196760454835246,-0.0490785985196887
20251123,20251123_1_11,20251123_1_11_02,h14_convex_residual_pool,0.16731720033522,0.169658708065172,-0.0138974054679375
20251123,20251123_3_01,20251123_3_01_06,h14_convex_residual_pool,0.204277543647993,0.222268874616671,-0.0844082186773802
20251123,20251123_3_02,20251123_3_02_05,h14_convex_residual_pool,0.562469350164004,0.535978908737839,0.0482418330697999
20251123,20251123_3_03,20251123_3_03_10,h14_convex_residual_pool,0.260322410103229,0.267148703661445,-0.0258845442566114
20251123,20251123_3_04,20251123_3_04_01,h14_convex_residual_pool,0.166861974249268,0.185220107063561,-0.104377916601825
20251123,20251123_3_05,20251123_3_05_03,h14_convex_residual_pool,0.102466970881021,0.0966033713974917,0.0589268701377841
20251123,20251123_3_06,20251123_3_06_07,h14_convex_residual_pool,0.0731473730069736,0.0809221312570683,-0.101011135372982
20251128,20251128_3_01,20251128_3_01_11,h14_convex_residual_pool,0.226609942798391,0.228264804362955,-0.00727615184580555
20251128,20251128_3_02,20251128_3_02_03,h14_convex_residual_pool,0.0412219849048335,0.0423292914990876,-0.0265075886037729
20251128,20251128_3_03,20251128_3_03_12,h14_convex_residual_pool,0.125190521710796,0.122775683569172,0.0194777710473897
20251128,20251128_3_04,20251128_3_04_12,h14_convex_residual_pool,0.0175703780024825,0.0180256142869155,-0.0255793462551352
20251128,20251128_3_05,20251128_3_05_02,h14_convex_residual_pool,0.0488833931946757,0.0537831789303509,-0.0955230276621699
20251128,20251128_3_06,20251128_3_06_07,h14_convex_residual_pool,0.638172483305303,0.617778699739506,0.0324782945237355
20251128,20251128_3_07,20251128_3_07_01,h14_convex_residual_pool,0.231756979868008,0.235248915566584,-0.0149548466632923
20251128,20251128_3_08,20251128_3_08_01,h14_convex_residual_pool,0.443349523628437,0.44269940089892,0.00146746489542104
20251128,20251128_3_09,20251128_3_09_09,h14_convex_residual_pool,0.535491065826445,0.539198745590189,-0.00690002721656091
20251129,20251129_1_01,20251129_1_01_01,h14_convex_residual_pool,0.483430974298749,0.495581263218099,-0.0248228006468494
20251129,20251129_1_02,20251129_1_02_04,h14_convex_residual_pool,0.105742385288579,0.0976265786473435,0.0798560300539215
20251129,20251129_1_03,20251129_1_03_05,h14_convex_residual_pool,0.539543601399471,0.560099979176771,-0.0373917024415227
20251129,20251129_1_04,20251129_1_04_04,h14_convex_residual_pool,0.192939902342581,0.186488556199894,0.0340088772451939
20251129,20251129_1_05,20251129_1_05_04,h14_convex_residual_pool,0.328979854495288,0.318861744501104,0.0312389103326218
20251129,20251129_1_06,20251129_1_06_05,h14_convex_residual_pool,0.282128712469344,0.308055643635122,-0.087917033806149
20251129,20251129_1_07,20251129_1_07_08,h14_convex_residual_pool,0.070045934138985,0.0714477743454253,-0.0198155252431338
20251129,20251129_1_08,20251129_1_08_01,h14_convex_residual_pool,0.460783965312307,0.474971784820007,-0.0303260906145354
20251129,20251129_1_09,20251129_1_09_07,h14_convex_residual_pool,0.204737839704941,0.21734905635939,-0.0597742858246606
20251129,20251129_1_10,20251129_1_10_10,h14_convex_residual_pool,0.101528564984151,0.0991571942067901,0.0236337761521854
20251129,20251129_1_11,20251129_1_11_02,h14_convex_residual_pool,0.373063424368048,0.349081895334708,0.0664418919148819
20251130,20251130_1_01,20251130_1_01_01,h14_convex_residual_pool,0.14347043613239,0.160934597894682,-0.114869064205107
20251130,20251130_1_02,20251130_1_02_06,h14_convex_residual_pool,0.589287753722936,0.567707689220828,0.0373079559712839
20251130,20251130_1_03,20251130_1_03_09,h14_convex_residual_pool,0.278065698296094,0.274391775602171,0.0133004874691653
20251130,20251130_1_04,20251130_1_04_01,h14_convex_residual_pool,0.380637294478587,0.365268487492776,0.0412142733607526
20251130,20251130_1_05,20251130_1_05_02,h14_convex_residual_pool,0.616936460550106,0.602488831217651,0.0236969095273343
20251130,20251130_1_06,20251130_1_06_11,h14_convex_residual_pool,0.278967991245837,0.295492808876303,-0.0575474525837343
20251130,20251130_1_07,20251130_1_07_08,h14_convex_residual_pool,0.0480305157627629,0.0478424511840174,0.00392320851126193
20251130,20251130_1_08,20251130_1_08_11,h14_convex_residual_pool,0.0693745557990217,0.0606275851624722,0.134770178945395
20251130,20251130_1_09,20251130_1_09_03,h14_convex_residual_pool,0.0252194916702135,0.0284941274752186,-0.122080838028163
20251130,20251130_1_10,20251130_1_10_06,h14_convex_residual_pool,0.179263309879845,0.167212676014788,0.0695892186257254
20251130,20251130_1_11,20251130_1_11_08,h14_convex_residual_pool,0.0094482775898813,0.0107338536805261,-0.127570182987051
20251130,20251130_3_01,20251130_3_01_05,h14_convex_residual_pool,0.265905578858714,0.249846735198262,0.0622936084118877
20251130,20251130_3_02,20251130_3_02_05,h14_convex_residual_pool,0.11157944048812,0.112668146404065,-0.00970993253369956
20251130,20251130_3_03,20251130_3_03_04,h14_convex_residual_pool,0.326589605143501,0.307479331408874,0.0602964824881167
20251130,20251130_3_04,20251130_3_04_09,h14_convex_residual_pool,0.275659011871238,0.275023238597911,0.00230903957868001
20251130,20251130_3_05,20251130_3_05_05,h14_convex_residual_pool,0.239314553173643,0.241854188179459,-0.0105562077120951
20251130,20251130_3_06,20251130_3_06_12,h14_convex_residual_pool,0.0204097530518323,0.0232800062845828,-0.131582015442225
20251205,20251205_3_01,20251205_3_01_03,h14_convex_residual_pool,0.746758617714091,0.722881874216554,0.0324961713390298
20251205,20251205_3_02,20251205_3_02_07,h14_convex_residual_pool,0.189807811086732,0.19985810926976,-0.0515956214833713
20251205,20251205_3_03,20251205_3_03_04,h14_convex_residual_pool,0.0642474259051484,0.0612544780286706,0.0477047018151029
20251205,20251205_3_04,20251205_3_04_03,h14_convex_residual_pool,0.144982780363392,0.14810269617196,-0.0212909469314535
20251205,20251205_3_05,20251205_3_05_02,h14_convex_residual_pool,0.0263510859504737,0.0237865244997556,0.102390263842014
20251205,20251205_3_06,20251205_3_06_12,h14_convex_residual_pool,0.125750427479673,0.126571923431377,-0.00651150285602631
20251205,20251205_3_07,20251205_3_07_12,h14_convex_residual_pool,0.17140094039038,0.15380996735494,0.108287630452668
20251205,20251205_3_08,20251205_3_08_09,h14_convex_residual_pool,0.143014013557919,0.141014385088998,0.0140807152849736
20251205,20251205_3_09,20251205_3_09_07,h14_convex_residual_pool,0.0672737039927016,0.0688679206547355,-0.0234210446732299
20251206,20251206_1_01,20251206_1_01_09,h14_convex_residual_pool,0.470467566312441,0.446760650400024,0.0517040286512337
20251206,20251206_1_03,20251206_1_03_06,h14_convex_residual_pool,0.527780001107885,0.500400773412212,0.0532702081295454
20251206,20251206_1_04,20251206_1_04_11,h14_convex_residual_pool,0.219518547147241,0.20960056548042,0.0462330758534606
20251206,20251206_1_05,20251206_1_05_02,h14_convex_residual_pool,0.317877576482326,0.321131250421074,-0.0101835903367009
20251206,20251206_1_06,20251206_1_06_05,h14_convex_residual_pool,0.27170246504001,0.256956449217687,0.0558009768062449
20251206,20251206_1_07,20251206_1_07_09,h14_convex_residual_pool,0.638887317306212,0.628034370962872,0.0171332007804935
20251206,20251206_1_08,20251206_1_08_08,h14_convex_residual_pool,0.229698996017714,0.223468807538771,0.0274978981152239
20251206,20251206_1_09,20251206_1_09_09,h14_convex_residual_pool,0.258447437834653,0.265973965315774,-0.0287060912283239
20251206,20251206_1_10,20251206_1_10_05,h14_convex_residual_pool,0.195350545041156,0.199892900276777,-0.0229861129291167
20251206,20251206_1_11,20251206_1_11_11,h14_convex_residual_pool,0.0711148797909456,0.0659761539822063,0.0750032212326182
20251207,20251207_1_01,20251207_1_01_08,h14_convex_residual_pool,0.0363606379749633,0.0355351544072642,0.0229643437356435
20251207,20251207_1_02,20251207_1_02_04,h14_convex_residual_pool,0.0578052035912018,0.0598410239504525,-0.0346126458357481
20251207,20251207_1_03,20251207_1_03_03,h14_convex_residual_pool,0.404905369858709,0.383218952419816,0.0550468819634372
20251207,20251207_1_04,20251207_1_04_07,h14_convex_residual_pool,0.298971966925012,0.308142762288374,-0.0302133766157995
20251207,20251207_1_05,20251207_1_05_08,h14_convex_residual_pool,0.46778807216486,0.444145058830157,0.0518641379499555
20251207,20251207_1_06,20251207_1_06_09,h14_convex_residual_pool,0.198487872228151,0.173467607835837,0.134737117569259
20251207,20251207_1_07,20251207_1_07_09,h14_convex_residual_pool,0.467715772485086,0.499646120904923,-0.0660393019809119
20251207,20251207_1_08,20251207_1_08_09,h14_convex_residual_pool,0.326801420312035,0.320747368529411,0.01869890975156
20251207,20251207_1_09,20251207_1_09_10,h14_convex_residual_pool,0.474149862284756,0.448235399244373,0.05620489772398
20251207,20251207_1_10,20251207_1_10_04,h14_convex_residual_pool,0.0672885610654345,0.0874079885431049,-0.26159642768537
20251207,20251207_1_11,20251207_1_11_10,h14_convex_residual_pool,0.257560589335513,0.257598411383386,-0.000146836405413575
20251207,20251207_3_01,20251207_3_01_05,h14_convex_residual_pool,0.291008983022899,0.311586438974819,-0.0683226562400419
20251207,20251207_3_02,20251207_3_02_06,h14_convex_residual_pool,0.439945571660452,0.421411420336146,0.0430414165460991
20251207,20251207_3_03,20251207_3_03_04,h14_convex_residual_pool,0.0671495194801232,0.0688837192928264,-0.0254980883377045
20251207,20251207_3_04,20251207_3_04_05,h14_convex_residual_pool,0.251647628026694,0.241106771071876,0.0427899386206796
20251207,20251207_3_05,20251207_3_05_05,h14_convex_residual_pool,0.157232880928436,0.161634268295733,-0.0276081555573884
20251207,20251207_3_06,20251207_3_06_06,h14_convex_residual_pool,0.287670760217118,0.26587303012236,0.0787977680448129
20251212,20251212_3_01,20251212_3_01_07,h14_convex_residual_pool,0.471678658786386,0.44706004239597,0.0536050374482965
20251212,20251212_3_02,20251212_3_02_09,h14_convex_residual_pool,0.561251541573288,0.538113883371397,0.0420989688412452
20251212,20251212_3_03,20251212_3_03_06,h14_convex_residual_pool,0.355478947726016,0.364233398241578,-0.024328837397412
20251212,20251212_3_04,20251212_3_04_04,h14_convex_residual_pool,0.0385613213142603,0.0363624135717956,0.058714088635325
20251212,20251212_3_05,20251212_3_05_12,h14_convex_residual_pool,0.411039561998591,0.398020494945975,0.0321859689700965
20251212,20251212_3_06,20251212_3_06_02,h14_convex_residual_pool,0.111689603437584,0.11510308819308,-0.0301045199067618
20251212,20251212_3_07,20251212_3_07_10,h14_convex_residual_pool,0.0707928506072574,0.0656157431635928,0.0759423610697549
20251212,20251212_3_08,20251212_3_08_06,h14_convex_residual_pool,0.033684533898441,0.0307926143721693,0.0897639291379861
20251212,20251212_3_09,20251212_3_09_06,h14_convex_residual_pool,0.125386367473459,0.12089525143871,0.0364754298752703
20251213,20251213_1_01,20251213_1_01_11,h14_convex_residual_pool,0.718931078828062,0.718561044778579,0.000514832814148269
20251213,20251213_1_02,20251213_1_02_10,h14_convex_residual_pool,0.323370060308531,0.316102322115267,0.0227313996258125
20251213,20251213_1_03,20251213_1_03_08,h14_convex_residual_pool,0.216599534516434,0.216599263838391,1.24967125314512e-06
20251213,20251213_1_04,20251213_1_04_08,h14_convex_residual_pool,0.135153659839032,0.139295360960537,-0.0301842255366505
20251213,20251213_1_05,20251213_1_05_05,h14_convex_residual_pool,0.0927397873873167,0.0862810977534198,0.0721870418030193
20251213,20251213_1_06,20251213_1_06_09,h14_convex_residual_pool,0.127737693324168,0.134807536578914,-0.0538692158684602
20251213,20251213_1_07,20251213_1_07_05,h14_convex_residual_pool,0.247788220914732,0.266843499452818,-0.0740879087597337
20251213,20251213_1_08,20251213_1_08_02,h14_convex_residual_pool,0.585067402005842,0.533619220852019,0.0920445426592175
20251213,20251213_1_09,20251213_1_09_11,h14_convex_residual_pool,0.643541277774355,0.618221620724965,0.0401391679444631
20251213,20251213_1_10,20251213_1_10_04,h14_convex_residual_pool,0.431145913411899,0.397668642746994,0.080827476404008
20251213,20251213_1_11,20251213_1_11_05,h14_convex_residual_pool,0.0401113547582453,0.0417062205792945,-0.0389908369592571
20251214,20251214_1_01,20251214_1_01_07,h14_convex_residual_pool,0.0632025960864285,0.0601887705194042,0.0488595789338597
20251214,20251214_1_02,20251214_1_02_10,h14_convex_residual_pool,0.422864751727628,0.418652484074801,0.0100112098826445
20251214,20251214_1_03,20251214_1_03_07,h14_convex_residual_pool,0.0774935982662544,0.0807951610098348,-0.0417217453101069
20251214,20251214_1_04,20251214_1_04_06,h14_convex_residual_pool,0.398864456423097,0.398855134982951,2.33702174211592e-05
20251214,20251214_1_05,20251214_1_05_01,h14_convex_residual_pool,0.168153711315946,0.161172723132078,0.0424019049871853
20251214,20251214_1_07,20251214_1_07_05,h14_convex_residual_pool,0.320336498421576,0.298095333922636,0.0719586530254479
20251214,20251214_1_08,20251214_1_08_08,h14_convex_residual_pool,0.277908009134242,0.267448168184151,0.0383643727716794
20251214,20251214_1_09,20251214_1_09_10,h14_convex_residual_pool,0.457973141279384,0.473324660099955,-0.0329709991270326
20251214,20251214_1_10,20251214_1_10_01,h14_convex_residual_pool,0.110845870623841,0.0927447980038464,0.178289069738232
20251214,20251214_1_11,20251214_1_11_06,h14_convex_residual_pool,0.147877225387856,0.154452401141541,-0.0435035943439948
20251214,20251214_3_01,20251214_3_01_02,h14_convex_residual_pool,0.321146375845026,0.319948685316375,0.00373639416238336
20251214,20251214_3_02,20251214_3_02_07,h14_convex_residual_pool,0.39971942997396,0.363918617531561,0.0938326114998204
20251214,20251214_3_03,20251214_3_03_03,h14_convex_residual_pool,0.579606381028083,0.57542347085362,0.00724297896574966
20251214,20251214_3_04,20251214_3_04_10,h14_convex_residual_pool,0.0206096825518021,0.0208472361432094,-0.0114603882253368
20251214,20251214_3_05,20251214_3_05_08,h14_convex_residual_pool,0.323776798374879,0.31799854111272,0.0180075894173921
20251214,20251214_3_06,20251214_3_06_04,h14_convex_residual_pool,0.38013583040364,0.382556669633777,-0.00634816091629475
20251219,20251219_3_01,20251219_3_01_02,h14_convex_residual_pool,0.400918124566484,0.401631922443638,-0.00177882505404159
20251219,20251219_3_02,20251219_3_02_01,h14_convex_residual_pool,0.109082793176335,0.110794109404113,-0.0155664443504904
20251219,20251219_3_03,20251219_3_03_07,h14_convex_residual_pool,0.0192994023254428,0.020889369462817,-0.0791662635900807
20251219,20251219_3_04,20251219_3_04_11,h14_convex_residual_pool,0.157336674780577,0.156420352564498,0.00584098357266072
20251219,20251219_3_05,20251219_3_05_05,h14_convex_residual_pool,0.388294108066115,0.348888804982963,0.107009801886745
20251219,20251219_3_06,20251219_3_06_07,h14_convex_residual_pool,0.216642193610449,0.200657096093961,0.0766496536553898
20251219,20251219_3_07,20251219_3_07_12,h14_convex_residual_pool,0.0205442953903901,0.0215900873577076,-0.0496509848995994
20251219,20251219_3_08,20251219_3_08_05,h14_convex_residual_pool,0.123362674696281,0.120653095328962,0.0222091444355699
20251219,20251219_3_09,20251219_3_09_05,h14_convex_residual_pool,0.0615931674119883,0.0656930972917467,-0.0644429101673958
20251220,20251220_1_01,20251220_1_01_05,h14_convex_residual_pool,0.737867212379289,0.728663817641491,0.0125514092408306
20251220,20251220_1_02,20251220_1_02_03,h14_convex_residual_pool,0.410244768274255,0.381159034337107,0.0735372763656917
20251220,20251220_1_03,20251220_1_03_01,h14_convex_residual_pool,0.718539208153428,0.677962738476689,0.0581279450540702
20251220,20251220_1_04,20251220_1_04_11,h14_convex_residual_pool,0.573593651532242,0.564069163394266,0.0167443473518005
20251220,20251220_1_05,20251220_1_05_10,h14_convex_residual_pool,0.37484112275915,0.365802023721373,0.0244099952955772
20251220,20251220_1_06,20251220_1_06_05,h14_convex_residual_pool,0.0401996566669228,0.0454913558241967,-0.12366387105758
20251220,20251220_1_07,20251220_1_07_05,h14_convex_residual_pool,0.425240925219469,0.424243939008289,0.00234727353228215
20251220,20251220_1_08,20251220_1_08_04,h14_convex_residual_pool,0.0791885995214134,0.0780294625755381,0.0147458623257912
20251220,20251220_1_09,20251220_1_09_04,h14_convex_residual_pool,0.59358001942804,0.611671071357931,-0.0300226416313004
20251220,20251220_1_10,20251220_1_10_07,h14_convex_residual_pool,0.0350038095811993,0.0314462307701013,0.107177773106728
20251220,20251220_1_11,20251220_1_11_10,h14_convex_residual_pool,0.173045390505454,0.176835448919636,-0.0216657000966967
20251221,20251221_1_01,20251221_1_01_01,h14_convex_residual_pool,0.274648586816105,0.26944073926798,0.0191439396057429
20251221,20251221_1_02,20251221_1_02_02,h14_convex_residual_pool,0.522808149925115,0.533121517898363,-0.0195348161119342
20251221,20251221_1_03,20251221_1_03_06,h14_convex_residual_pool,0.247770462286701,0.235174519479036,0.0521748876712083
20251221,20251221_1_04,20251221_1_04_10,h14_convex_residual_pool,0.177889912865264,0.177852045944803,0.000212889818961282
20251221,20251221_1_05,20251221_1_05_08,h14_convex_residual_pool,0.0261352713107958,0.0316772336850707,-0.192312449346958
20251221,20251221_1_06,20251221_1_06_07,h14_convex_residual_pool,0.0251014015194154,0.0264075016654322,-0.0507244417760191
20251221,20251221_1_07,20251221_1_07_10,h14_convex_residual_pool,0.102448357076745,0.0986577882883291,0.0377016601712006
20251221,20251221_1_08,20251221_1_08_02,h14_convex_residual_pool,0.122095310897095,0.121390434445703,0.00578989475973346
20251221,20251221_1_09,20251221_1_09_05,h14_convex_residual_pool,0.346860385549547,0.36171840187815,-0.0419436618798672
20251221,20251221_1_10,20251221_1_10_04,h14_convex_residual_pool,0.541723765181068,0.534946781775167,0.0125889445514142
20251221,20251221_1_11,20251221_1_11_09,h14_convex_residual_pool,0.285574152784211,0.284879090169608,0.00243687968172779
20251221,20251221_3_01,20251221_3_01_09,h14_convex_residual_pool,0.0662221107050338,0.0795896741202264,-0.183869956584665
20251221,20251221_3_02,20251221_3_02_10,h14_convex_residual_pool,0.525074285352792,0.506622716216902,0.0357731713911387
20251221,20251221_3_03,20251221_3_03_09,h14_convex_residual_pool,0.355544091664043,0.366260005494786,-0.0296942099782929
20251221,20251221_3_04,20251221_3_04_07,h14_convex_residual_pool,0.361219039303841,0.378956899203129,-0.0479379447917699
20251221,20251221_3_05,20251221_3_05_01,h14_convex_residual_pool,0.624444953437685,0.602574787155647,0.0356513949441898
20251221,20251221_3_06,20251221_3_06_11,h14_convex_residual_pool,0.0261896097187253,0.0281913852968132,-0.0736536888561554
20251226,20251226_3_01,20251226_3_01_11,h14_convex_residual_pool,0.559593451724065,0.538951453079515,0.0375850426601438
20251226,20251226_3_02,20251226_3_02_05,h14_convex_residual_pool,0.306011159719588,0.267689055410685,0.133795505053957
20251226,20251226_3_03,20251226_3_03_05,h14_convex_residual_pool,0.504203544907343,0.496165044165334,0.016071423776289
20251226,20251226_3_04,20251226_3_04_08,h14_convex_residual_pool,0.0242225369470295,0.027402431461094,-0.123348270318451
20251226,20251226_3_05,20251226_3_05_12,h14_convex_residual_pool,0.101059411220878,0.0989161999155676,0.0214355476304853
20251226,20251226_3_07,20251226_3_07_11,h14_convex_residual_pool,0.0739453524147453,0.0868762036692933,-0.16115781946406
20251226,20251226_3_08,20251226_3_08_08,h14_convex_residual_pool,0.426943485951471,0.419170042432684,0.0183749862770068
20251226,20251226_3_09,20251226_3_09_11,h14_convex_residual_pool,0.0893519348314218,0.0869862447483633,0.0268328960778437
20251227,20251227_1_01,20251227_1_01_04,h14_convex_residual_pool,0.156015749999545,0.148040497947771,0.0524710925736243
20251227,20251227_1_02,20251227_1_02_09,h14_convex_residual_pool,0.667666159922531,0.679809493343531,-0.0180243140514593
20251227,20251227_1_03,20251227_1_03_01,h14_convex_residual_pool,0.401290684127465,0.396574755889337,0.0118215000212939
20251227,20251227_1_04,20251227_1_04_01,h14_convex_residual_pool,0.11634959790795,0.129855804463104,-0.109825204545493
20251227,20251227_1_05,20251227_1_05_04,h14_convex_residual_pool,0.352966458002621,0.347532043677897,0.0155161598197182
20251227,20251227_1_06,20251227_1_06_06,h14_convex_residual_pool,0.466428826560665,0.448124743424098,0.0400338008463663
20251227,20251227_1_07,20251227_1_07_10,h14_convex_residual_pool,0.48608888670026,0.469185773749936,0.0353927055287219
20251227,20251227_1_08,20251227_1_08_04,h14_convex_residual_pool,0.0689166105286609,0.069265890045804,-0.00505534723362588
20251227,20251227_1_09,20251227_1_09_07,h14_convex_residual_pool,0.47315967687761,0.476562020256754,-0.00716495778668313
20251227,20251227_1_10,20251227_1_10_05,h14_convex_residual_pool,0.0873290240570718,0.0888617071829965,-0.0173984383582093
20251227,20251227_1_11,20251227_1_11_08,h14_convex_residual_pool,0.0462616390888162,0.0467043966990874,-0.0095252197025113
20251025,20251025_1_01,20251025_1_01_12,h17_ridge_convex_pool,0.202751432018749,0.20264239232672,0.000537944527567058
20251025,20251025_1_02,20251025_1_02_07,h17_ridge_convex_pool,0.135672412737142,0.135687769203919,-0.000113181430551501
20251025,20251025_1_03,20251025_1_03_04,h17_ridge_convex_pool,0.22951220703661,0.230031732835652,-0.00226105046894576
20251025,20251025_1_04,20251025_1_04_10,h17_ridge_convex_pool,0.148273344714672,0.148228450222064,0.00030282779880686
20251025,20251025_1_05,20251025_1_05_04,h17_ridge_convex_pool,0.161579077388043,0.16129109658631,0.00178388034147647
20251025,20251025_1_06,20251025_1_06_02,h17_ridge_convex_pool,0.17327601474133,0.173148384038107,0.00073684595800616
20251025,20251025_1_07,20251025_1_07_07,h17_ridge_convex_pool,0.49560176703336,0.495384578592258,0.000438327824674678
20251025,20251025_1_08,20251025_1_08_05,h17_ridge_convex_pool,0.0930993590481862,0.0933084634836587,-0.00224351661148825
20251025,20251025_1_09,20251025_1_09_04,h17_ridge_convex_pool,0.50558337788116,0.50587021226598,-0.000567172622259249
20251025,20251025_1_10,20251025_1_10_03,h17_ridge_convex_pool,0.172476990026202,0.172692026127666,-0.00124597585078567
20251025,20251025_1_11,20251025_1_11_11,h17_ridge_convex_pool,0.332148081075267,0.331606293523184,0.00163249446825664
20251026,20251026_1_01,20251026_1_01_05,h17_ridge_convex_pool,0.0236885059456093,0.0236683403688911,0.000851643616769149
20251026,20251026_1_02,20251026_1_02_02,h17_ridge_convex_pool,0.379536051751638,0.379539936670274,-1.02359149685149e-05
20251026,20251026_1_03,20251026_1_03_06,h17_ridge_convex_pool,0.110372850221583,0.110383591639282,-9.73146479172904e-05
20251026,20251026_1_04,20251026_1_04_03,h17_ridge_convex_pool,0.397865207079191,0.398219580279453,-0.000890290153251927
20251026,20251026_1_05,20251026_1_05_11,h17_ridge_convex_pool,0.0344320303901853,0.0344453344740614,-0.000386312225149066
20251026,20251026_1_06,20251026_1_06_11,h17_ridge_convex_pool,0.0512756228891705,0.0512901010517528,-0.00028231970920034
20251026,20251026_1_07,20251026_1_07_07,h17_ridge_convex_pool,0.524926922862611,0.524827501752232,0.000189417845442241
20251026,20251026_1_08,20251026_1_08_10,h17_ridge_convex_pool,0.131592827674442,0.131682435159398,-0.00068071331466113
20251026,20251026_1_09,20251026_1_09_09,h17_ridge_convex_pool,0.130114101213504,0.130067912171322,0.000355051773690551
20251026,20251026_1_10,20251026_1_10_10,h17_ridge_convex_pool,0.538217688193672,0.537935298407906,0.00052481347124933
20251026,20251026_1_11,20251026_1_11_03,h17_ridge_convex_pool,0.0491783190851479,0.0493726479227332,-0.00394372770458684
20251026,20251026_3_01,20251026_3_01_05,h17_ridge_convex_pool,0.160586592650569,0.160536226587644,0.000313687226943138
20251026,20251026_3_02,20251026_3_02_10,h17_ridge_convex_pool,0.217458848945553,0.217375761140239,0.000382158201750693
20251026,20251026_3_03,20251026_3_03_05,h17_ridge_convex_pool,0.0641968338313149,0.0642352080260824,-0.000597579783899516
20251026,20251026_3_04,20251026_3_04_03,h17_ridge_convex_pool,0.351196178401297,0.350909373857121,0.000816984167710144
20251026,20251026_3_05,20251026_3_05_01,h17_ridge_convex_pool,0.298895966706266,0.298721825481184,0.000582784623507138
20251026,20251026_3_06,20251026_3_06_01,h17_ridge_convex_pool,0.426107477270872,0.425632133744533,0.00111617111507312
20251031,20251031_3_01,20251031_3_01_02,h17_ridge_convex_pool,0.0688320710451259,0.0688492117830073,-0.00024899154943725
20251031,20251031_3_02,20251031_3_02_07,h17_ridge_convex_pool,0.265660276732868,0.265598145531244,0.000233901993093477
20251031,20251031_3_03,20251031_3_03_04,h17_ridge_convex_pool,0.0966788380030765,0.0963890657627114,0.00300176727771273
20251031,20251031_3_04,20251031_3_04_01,h17_ridge_convex_pool,0.399995461335646,0.399390655154547,0.00151317688417363
20251031,20251031_3_05,20251031_3_05_06,h17_ridge_convex_pool,0.0278686497594652,0.0279550213739419,-0.00309444655447111
20251031,20251031_3_06,20251031_3_06_02,h17_ridge_convex_pool,0.0554012757136335,0.0554782928677092,-0.0013892039344543
20251031,20251031_3_07,20251031_3_07_10,h17_ridge_convex_pool,0.275951178597054,0.275729469631817,0.000803758398576049
20251031,20251031_3_08,20251031_3_08_11,h17_ridge_convex_pool,0.500325358708567,0.50009019788379,0.000470126294136342
20251101,20251101_1_01,20251101_1_01_12,h17_ridge_convex_pool,0.0442789539202244,0.0443011054559062,-0.000500147240802828
20251101,20251101_1_02,20251101_1_02_02,h17_ridge_convex_pool,0.332553555310875,0.331915142281566,0.00192157502096002
20251101,20251101_1_03,20251101_1_03_07,h17_ridge_convex_pool,0.171221096747607,0.170979540873665,0.00141177945044912
20251101,20251101_1_04,20251101_1_04_06,h17_ridge_convex_pool,0.228446560694188,0.228690525461122,-0.00106735943105107
20251101,20251101_1_05,20251101_1_05_10,h17_ridge_convex_pool,0.308577934398011,0.308527383555353,0.000163832141127696
20251101,20251101_1_06,20251101_1_06_01,h17_ridge_convex_pool,0.529862879570762,0.529617514359926,0.000463180284653308
20251101,20251101_1_07,20251101_1_07_10,h17_ridge_convex_pool,0.154733634177652,0.154680946587021,0.000340563078890632
20251101,20251101_1_08,20251101_1_08_02,h17_ridge_convex_pool,0.365418841713481,0.365204332960581,0.000587193964000532
20251101,20251101_1_09,20251101_1_09_08,h17_ridge_convex_pool,0.2006524959263,0.201136830661487,-0.00241089017418794
20251101,20251101_1_10,20251101_1_10_09,h17_ridge_convex_pool,0.346498498506275,0.346497779009561,2.07648074934674e-06
20251101,20251101_1_11,20251101_1_11_01,h17_ridge_convex_pool,0.0481056653493225,0.0482010944384147,-0.00198177408387767
20251102,20251102_1_01,20251102_1_01_08,h17_ridge_convex_pool,0.0349503793468282,0.0349279315327958,0.000642483040073305
20251102,20251102_1_02,20251102_1_02_02,h17_ridge_convex_pool,0.576138070997366,0.576120367147349,3.07289570334879e-05
20251102,20251102_1_03,20251102_1_03_11,h17_ridge_convex_pool,0.0536473353238426,0.0536239611627079,0.000435795264347671
20251102,20251102_1_04,20251102_1_04_03,h17_ridge_convex_pool,0.0932765732457081,0.093211899558129,0.000693594506936179
20251102,20251102_1_05,20251102_1_05_11,h17_ridge_convex_pool,0.416119424180235,0.416178390621576,-0.000141695533475761
20251102,20251102_1_06,20251102_1_06_07,h17_ridge_convex_pool,0.321494488855695,0.321359705186836,0.000419328899407878
20251102,20251102_1_07,20251102_1_07_04,h17_ridge_convex_pool,0.202795362619693,0.202461928996052,0.00164554077510481
20251102,20251102_1_08,20251102_1_08_11,h17_ridge_convex_pool,0.366728532154285,0.366648468417103,0.000218342646245206
20251102,20251102_1_09,20251102_1_09_06,h17_ridge_convex_pool,0.17522765338214,0.174916661750051,0.00177636306189122
20251102,20251102_1_10,20251102_1_10_08,h17_ridge_convex_pool,0.0310245305924309,0.0310808607464751,-0.0018140186633322
20251102,20251102_1_11,20251102_1_11_09,h17_ridge_convex_pool,0.222425543090811,0.221778442086049,0.00291353289978247
20251102,20251102_3_01,20251102_3_01_02,h17_ridge_convex_pool,0.305095396826558,0.305198562293559,-0.000338084513018311
20251102,20251102_3_02,20251102_3_02_04,h17_ridge_convex_pool,0.450061720736162,0.449705361834624,0.000792113708257491
20251102,20251102_3_03,20251102_3_03_09,h17_ridge_convex_pool,0.22124230882018,0.221298138814844,-0.000252315896811517
20251102,20251102_3_04,20251102_3_04_02,h17_ridge_convex_pool,0.115695569497597,0.115364489236112,0.00286575265221378
20251102,20251102_3_05,20251102_3_05_11,h17_ridge_convex_pool,0.147941166322747,0.147841903105601,0.000671189335236244
20251102,20251102_3_06,20251102_3_06_05,h17_ridge_convex_pool,0.168342470899667,0.168241088576556,0.000602419953816158
20251107,20251107_3_01,20251107_3_01_07,h17_ridge_convex_pool,0.562960624741548,0.562937576079776,4.09427100215298e-05
20251107,20251107_3_02,20251107_3_02_06,h17_ridge_convex_pool,0.448000326530531,0.447646789466073,0.000789456196541916
20251107,20251107_3_03,20251107_3_03_01,h17_ridge_convex_pool,0.0441142651749238,0.0441399787794478,-0.000582716572019137
20251107,20251107_3_04,20251107_3_04_02,h17_ridge_convex_pool,0.200228948815546,0.200690308230361,-0.00230150889665115
20251107,20251107_3_05,20251107_3_05_06,h17_ridge_convex_pool,0.249350219028207,0.249066761108418,0.00113743295933455
20251107,20251107_3_06,20251107_3_06_01,h17_ridge_convex_pool,0.127107701354821,0.126931317634151,0.0013886350979937
20251107,20251107_3_07,20251107_3_07_08,h17_ridge_convex_pool,0.141045561534968,0.141084075997612,-0.000273026706592683
20251107,20251107_3_08,20251107_3_08_04,h17_ridge_convex_pool,0.379027481948643,0.378608792705452,0.00110525142425144
20251107,20251107_3_09,20251107_3_09_05,h17_ridge_convex_pool,0.0352639384674351,0.0351969370946018,0.00190180415708419
20251108,20251108_1_01,20251108_1_01_01,h17_ridge_convex_pool,0.18058947486839,0.180490737769573,0.000546898433215981
20251108,20251108_1_02,20251108_1_02_05,h17_ridge_convex_pool,0.138053727277188,0.137963153158744,0.00065629407558454
20251108,20251108_1_03,20251108_1_03_02,h17_ridge_convex_pool,0.173526713907492,0.173408867895166,0.000679353880313149
20251108,20251108_1_04,20251108_1_04_11,h17_ridge_convex_pool,0.128718472938854,0.128681625946985,0.000286301305095105
20251108,20251108_1_05,20251108_1_05_10,h17_ridge_convex_pool,0.308791441833619,0.308819342463228,-9.03502022200353e-05
20251108,20251108_1_06,20251108_1_06_05,h17_ridge_convex_pool,0.048794983182069,0.0489442265598903,-0.00305391243098896
20251108,20251108_1_07,20251108_1_07_10,h17_ridge_convex_pool,0.186003408582492,0.186034545951528,-0.000167388131933954
20251108,20251108_1_08,20251108_1_08_03,h17_ridge_convex_pool,0.0127936899864259,0.0127946769492433,-7.71415245353069e-05
20251108,20251108_1_09,20251108_1_09_08,h17_ridge_convex_pool,0.60273023604885,0.602234765612454,0.00082238150259617
20251108,20251108_1_10,20251108_1_10_09,h17_ridge_convex_pool,0.0360966803046115,0.036118085042817,-0.000592807820654517
20251108,20251108_1_11,20251108_1_11_04,h17_ridge_convex_pool,0.121156394151907,0.120980120773911,0.00145598369737732
20251109,20251109_1_01,20251109_1_01_06,h17_ridge_convex_pool,0.39652707678125,0.396754853505936,-0.000574264261543944
20251109,20251109_1_02,20251109_1_02_02,h17_ridge_convex_pool,0.568680231612494,0.568981687729475,-0.000529957307898066
20251109,20251109_1_03,20251109_1_03_01,h17_ridge_convex_pool,0.210712080218738,0.210768863901663,-0.000269448401221117
20251109,20251109_1_04,20251109_1_04_03,h17_ridge_convex_pool,0.2512548479052,0.251086142550214,0.000671676667976628
20251109,20251109_1_05,20251109_1_05_06,h17_ridge_convex_pool,0.499215393500049,0.498201973608154,0.00203208862016635
20251109,20251109_1_06,20251109_1_06_07,h17_ridge_convex_pool,0.182281902552584,0.182274797177107,3.89809074055059e-05
20251109,20251109_1_07,20251109_1_07_09,h17_ridge_convex_pool,0.0892379496066097,0.0891039531042717,0.00150269258672076
20251109,20251109_1_08,20251109_1_08_07,h17_ridge_convex_pool,0.089892669906435,0.0898456611217404,0.000523080252248231
20251109,20251109_1_09,20251109_1_09_09,h17_ridge_convex_pool,0.0210090533938408,0.0210004581225843,0.00040920596627636
20251109,20251109_1_10,20251109_1_10_07,h17_ridge_convex_pool,0.275991682834678,0.276016003930266,-8.81186845302917e-05
20251109,20251109_1_11,20251109_1_11_08,h17_ridge_convex_pool,0.287082108240369,0.286628994895871,0.0015795874830864
20251109,20251109_3_01,20251109_3_01_07,h17_ridge_convex_pool,0.182121054623963,0.182360719287889,-0.00131509839789667
20251109,20251109_3_02,20251109_3_02_05,h17_ridge_convex_pool,0.363460317362915,0.363237846862634,0.000612277609005174
20251109,20251109_3_03,20251109_3_03_05,h17_ridge_convex_pool,0.684394042051285,0.68415713143772,0.000346221055553098
20251109,20251109_3_04,20251109_3_04_06,h17_ridge_convex_pool,0.0334106327527508,0.0334398139893078,-0.000873030468234504
20251109,20251109_3_05,20251109_3_05_05,h17_ridge_convex_pool,0.320418409062197,0.320186041474575,0.00072546357621639
20251109,20251109_3_06,20251109_3_06_05,h17_ridge_convex_pool,0.494746332154938,0.494750643490341,-8.71419622072711e-06
20251114,20251114_3_01,20251114_3_01_03,h17_ridge_convex_pool,0.187078506032216,0.187331234361226,-0.0013500095757546
20251114,20251114_3_02,20251114_3_02_06,h17_ridge_convex_pool,0.110809887255812,0.110689096848456,0.001090663416071
20251114,20251114_3_03,20251114_3_03_03,h17_ridge_convex_pool,0.145033653484814,0.144972479729607,0.000421879050880092
20251114,20251114_3_04,20251114_3_04_03,h17_ridge_convex_pool,0.624668877844789,0.624097208106193,0.000915575438767802
20251114,20251114_3_05,20251114_3_05_05,h17_ridge_convex_pool,0.0837167885827304,0.0838021722718088,-0.00101939142932572
20251114,20251114_3_06,20251114_3_06_02,h17_ridge_convex_pool,0.41889134314025,0.41859737053656,0.000702033617798858
20251114,20251114_3_07,20251114_3_07_10,h17_ridge_convex_pool,0.17441192030911,0.174441294949566,-0.000168406878542582
20251114,20251114_3_08,20251114_3_08_04,h17_ridge_convex_pool,0.397701779379005,0.396958178905308,0.00187149404719134
20251114,20251114_3_09,20251114_3_09_02,h17_ridge_convex_pool,0.0566140969557627,0.0566762824589883,-0.00109780741828658
20251115,20251115_1_01,20251115_1_01_08,h17_ridge_convex_pool,0.0719953521186442,0.0720003757323077,-6.97744820699064e-05
20251115,20251115_1_02,20251115_1_02_01,h17_ridge_convex_pool,0.256875854331001,0.25688396602916,-3.15777833843622e-05
20251115,20251115_1_03,20251115_1_03_08,h17_ridge_convex_pool,0.169080278670858,0.169104275768227,-0.000141917169751204
20251115,20251115_1_04,20251115_1_04_05,h17_ridge_convex_pool,0.266402627085838,0.266283014491372,0.000449092624768443
20251115,20251115_1_05,20251115_1_05_06,h17_ridge_convex_pool,0.503899149447011,0.502955001475043,0.00187544193533729
20251115,20251115_1_06,20251115_1_06_09,h17_ridge_convex_pool,0.0163113752707341,0.0163495000381372,-0.00233458438320877
20251115,20251115_1_07,20251115_1_07_03,h17_ridge_convex_pool,0.295260173222508,0.294864790119928,0.00133999808956586
20251115,20251115_1_08,20251115_1_08_09,h17_ridge_convex_pool,0.124888045056745,0.125108314402644,-0.0017621808843522
20251115,20251115_1_09,20251115_1_09_11,h17_ridge_convex_pool,0.121957305967047,0.122089309972599,-0.00108179347554138
20251115,20251115_1_10,20251115_1_10_10,h17_ridge_convex_pool,0.284018520788523,0.284203997255985,-0.000652830425261985
20251115,20251115_1_11,20251115_1_11_01,h17_ridge_convex_pool,0.11992610710262,0.119819397954102,0.000890186913323987
20251116,20251116_1_01,20251116_1_01_09,h17_ridge_convex_pool,0.400049999086113,0.399929785054257,0.000300542676564097
20251116,20251116_1_02,20251116_1_02_06,h17_ridge_convex_pool,0.186747537733054,0.186787221613709,-0.000212477579723425
20251116,20251116_1_03,20251116_1_03_05,h17_ridge_convex_pool,0.0874125836295832,0.087355430402052,0.000654046793233665
20251116,20251116_1_04,20251116_1_04_06,h17_ridge_convex_pool,0.395581764387393,0.39531046198329,0.0006860667122498
20251116,20251116_1_05,20251116_1_05_03,h17_ridge_convex_pool,0.0447641242513751,0.0447879654872994,-0.000532455167872925
20251116,20251116_1_06,20251116_1_06_08,h17_ridge_convex_pool,0.0444393912948011,0.0443826918441138,0.00127669733438029
20251116,20251116_1_07,20251116_1_07_03,h17_ridge_convex_pool,0.0573492226712564,0.0574383291062188,-0.0015525455762595
20251116,20251116_1_08,20251116_1_08_04,h17_ridge_convex_pool,0.2761114769594,0.275893331502905,0.000790375244949182
20251116,20251116_1_09,20251116_1_09_02,h17_ridge_convex_pool,0.148413565677325,0.148587867455838,-0.00117374382126756
20251116,20251116_1_10,20251116_1_10_10,h17_ridge_convex_pool,0.146634001170023,0.146510978524975,0.000839329756887386
20251116,20251116_1_11,20251116_1_11_05,h17_ridge_convex_pool,0.180879986737784,0.180666175108615,0.00118276268237905
20251116,20251116_3_01,20251116_3_01_03,h17_ridge_convex_pool,0.46350522725528,0.46386248812468,-0.000770483770673569
20251116,20251116_3_02,20251116_3_02_07,h17_ridge_convex_pool,0.380273367764483,0.380535062911534,-0.000687939688416184
20251116,20251116_3_03,20251116_3_03_06,h17_ridge_convex_pool,0.141730554885273,0.141969445103577,-0.00168410486270476
20251116,20251116_3_04,20251116_3_04_02,h17_ridge_convex_pool,0.056718311314064,0.0568623729472923,-0.00253672904716407
20251116,20251116_3_05,20251116_3_05_09,h17_ridge_convex_pool,0.160236001628099,0.160148186050912,0.000548189222584261
20251116,20251116_3_06,20251116_3_06_06,h17_ridge_convex_pool,0.178003038708662,0.178200685883991,-0.00110974244213602
20251121,20251121_3_01,20251121_3_01_08,h17_ridge_convex_pool,0.166202416360624,0.166247634352252,-0.000272028786338252
20251121,20251121_3_02,20251121_3_02_02,h17_ridge_convex_pool,0.14054898746789,0.140499438747736,0.00035259916829733
20251121,20251121_3_03,20251121_3_03_05,h17_ridge_convex_pool,0.131101309713309,0.130987814550093,0.000866080732110142
20251121,20251121_3_04,20251121_3_04_12,h17_ridge_convex_pool,0.129828477723058,0.129882540850946,-0.000416332960894383
20251121,20251121_3_05,20251121_3_05_02,h17_ridge_convex_pool,0.196657602939894,0.196129705242614,0.00268795861845117
20251121,20251121_3_06,20251121_3_06_09,h17_ridge_convex_pool,0.476926914109774,0.476468503832754,0.00096163733057375
20251121,20251121_3_07,20251121_3_07_01,h17_ridge_convex_pool,0.008934161600104,0.0089829807649681,-0.00544944999403807
20251121,20251121_3_08,20251121_3_08_05,h17_ridge_convex_pool,0.0109607208207912,0.0109936931877413,-0.0030037141258088
20251121,20251121_3_09,20251121_3_09_05,h17_ridge_convex_pool,0.194647012977529,0.194517489810801,0.000665647409170855
20251122,20251122_1_01,20251122_1_01_04,h17_ridge_convex_pool,0.540630463395973,0.540462038669175,0.000311582455412407
20251122,20251122_1_02,20251122_1_02_08,h17_ridge_convex_pool,0.296398136639841,0.29633383696485,0.000216960373680575
20251122,20251122_1_03,20251122_1_03_02,h17_ridge_convex_pool,0.0894004202150534,0.0893242314039923,0.000852583177374022
20251122,20251122_1_04,20251122_1_04_08,h17_ridge_convex_pool,0.185513649426227,0.1852708953754,0.00130940778905075
20251122,20251122_1_05,20251122_1_05_07,h17_ridge_convex_pool,0.222839410258765,0.222935200049129,-0.000429767822676563
20251122,20251122_1_06,20251122_1_06_08,h17_ridge_convex_pool,0.265970917471566,0.265855187042177,0.000435219069669701
20251122,20251122_1_07,20251122_1_07_04,h17_ridge_convex_pool,0.167443631509274,0.167432419080938,6.69646474904528e-05
20251122,20251122_1_08,20251122_1_08_04,h17_ridge_convex_pool,0.258516248445743,0.25839581618871,0.000465968072524747
20251122,20251122_1_09,20251122_1_09_07,h17_ridge_convex_pool,0.297336130711719,0.297081623512925,0.000856324403290865
20251122,20251122_1_10,20251122_1_10_04,h17_ridge_convex_pool,0.396601401464697,0.396629499140734,-7.08436245441257e-05
20251122,20251122_1_11,20251122_1_11_05,h17_ridge_convex_pool,0.0886028063625101,0.0887078683251734,-0.00118506091236581
20251123,20251123_1_01,20251123_1_01_12,h17_ridge_convex_pool,0.209297203417424,0.209664372946617,-0.00175276036709793
20251123,20251123_1_02,20251123_1_02_01,h17_ridge_convex_pool,0.532329258405834,0.532460817129561,-0.000247107345228925
20251123,20251123_1_03,20251123_1_03_06,h17_ridge_convex_pool,0.362735802134453,0.362553078262363,0.000503865096776801
20251123,20251123_1_04,20251123_1_04_05,h17_ridge_convex_pool,0.628906356990845,0.628504019566034,0.00063994610835616
20251123,20251123_1_05,20251123_1_05_06,h17_ridge_convex_pool,0.0188231775356582,0.0188409708221134,-0.000944839512094564
20251123,20251123_1_06,20251123_1_06_05,h17_ridge_convex_pool,0.0821087645835898,0.081988327626116,0.00146787462808806
20251123,20251123_1_07,20251123_1_07_05,h17_ridge_convex_pool,0.234177096743846,0.234210508404287,-0.000142666715047701
20251123,20251123_1_08,20251123_1_08_02,h17_ridge_convex_pool,0.379001348541843,0.378843754068046,0.000415901549079667
20251123,20251123_1_09,20251123_1_09_10,h17_ridge_convex_pool,0.158081219642795,0.158007940731565,0.000463659762683477
20251123,20251123_1_10,20251123_1_10_01,h17_ridge_convex_pool,0.0196612074335078,0.0196760454835246,-0.000754401978796615
20251123,20251123_1_11,20251123_1_11_02,h17_ridge_convex_pool,0.169560604400227,0.169658708065172,-0.000578408504906758
20251123,20251123_3_01,20251123_3_01_06,h17_ridge_convex_pool,0.221883197132135,0.222268874616671,-0.00173669157932399
20251123,20251123_3_02,20251123_3_02_05,h17_ridge_convex_pool,0.536567529282816,0.535978908737839,0.00109761327473723
20251123,20251123_3_03,20251123_3_03_10,h17_ridge_convex_pool,0.267152637188766,0.267148703661445,1.47240031811435e-05
20251123,20251123_3_04,20251123_3_04_01,h17_ridge_convex_pool,0.184901331287684,0.185220107063561,-0.0017225473677962
20251123,20251123_3_05,20251123_3_05_03,h17_ridge_convex_pool,0.0967214032887011,0.0966033713974917,0.00122107377149838
20251123,20251123_3_06,20251123_3_06_07,h17_ridge_convex_pool,0.0807984379719028,0.0809221312570683,-0.0015297164717607
20251128,20251128_3_01,20251128_3_01_11,h17_ridge_convex_pool,0.228262192072914,0.228264804362955,-1.14441864829118e-05
20251128,20251128_3_02,20251128_3_02_03,h17_ridge_convex_pool,0.0423137979741736,0.0423292914990876,-0.000366090727156987
20251128,20251128_3_03,20251128_3_03_12,h17_ridge_convex_pool,0.122816972364657,0.122775683569172,0.000336238033802783
20251128,20251128_3_04,20251128_3_04_12,h17_ridge_convex_pool,0.0180059872099123,0.0180256142869155,-0.00108943694585228
20251128,20251128_3_05,20251128_3_05_02,h17_ridge_convex_pool,0.0536941920997153,0.0537831789303509,-0.00165591789446884
20251128,20251128_3_06,20251128_3_06_07,h17_ridge_convex_pool,0.618102096826278,0.617778699739506,0.000523346741938491
20251128,20251128_3_07,20251128_3_07_01,h17_ridge_convex_pool,0.235204569315986,0.235248915566584,-0.000188525548876495
20251128,20251128_3_08,20251128_3_08_01,h17_ridge_convex_pool,0.442613894210431,0.44269940089892,-0.000193167072555345
20251128,20251128_3_09,20251128_3_09_09,h17_ridge_convex_pool,0.539239416750966,0.539198745590189,7.54260415052332e-05
20251129,20251129_1_01,20251129_1_01_01,h17_ridge_convex_pool,0.495472000674279,0.495581263218099,-0.000220497824372501
20251129,20251129_1_02,20251129_1_02_04,h17_ridge_convex_pool,0.0977131333816452,0.0976265786473435,0.000886197067327288
20251129,20251129_1_03,20251129_1_03_05,h17_ridge_convex_pool,0.559943159900118,0.560099979176771,-0.000280023638744242
20251129,20251129_1_04,20251129_1_04_04,h17_ridge_convex_pool,0.186476182998021,0.186488556199894,-6.63505183045032e-05
20251129,20251129_1_05,20251129_1_05_04,h17_ridge_convex_pool,0.319100935595253,0.318861744501104,0.000749859240421813
20251129,20251129_1_06,20251129_1_06_05,h17_ridge_convex_pool,0.307657008030344,0.308055643635122,-0.00129487565148834
20251129,20251129_1_07,20251129_1_07_08,h17_ridge_convex_pool,0.071421325683751,0.0714477743454253,-0.000370250277646367
20251129,20251129_1_08,20251129_1_08_01,h17_ridge_convex_pool,0.474856563349016,0.474971784820007,-0.000242615356296327
20251129,20251129_1_09,20251129_1_09_07,h17_ridge_convex_pool,0.217315369195102,0.21734905635939,-0.000155003089161498
20251129,20251129_1_10,20251129_1_10_10,h17_ridge_convex_pool,0.0992256908012169,0.0991571942067901,0.000690549460916845
20251129,20251129_1_11,20251129_1_11_02,h17_ridge_convex_pool,0.349532029488956,0.349081895334708,0.00128864942579776
20251130,20251130_1_01,20251130_1_01_01,h17_ridge_convex_pool,0.160751443667477,0.160934597894682,-0.00113871429488244
20251130,20251130_1_02,20251130_1_02_06,h17_ridge_convex_pool,0.568100817593332,0.567707689220828,0.000692244134190001
20251130,20251130_1_03,20251130_1_03_09,h17_ridge_convex_pool,0.274586214681957,0.274391775602171,0.000708367516943031
20251130,20251130_1_04,20251130_1_04_01,h17_ridge_convex_pool,0.365605057123337,0.365268487492776,0.000921006532064617
20251130,20251130_1_05,20251130_1_05_02,h17_ridge_convex_pool,0.602973646082476,0.602488831217651,0.000804363304696687
20251130,20251130_1_06,20251130_1_06_11,h17_ridge_convex_pool,0.295288537005815,0.295492808876303,-0.000691531240964993
20251130,20251130_1_07,20251130_1_07_08,h17_ridge_convex_pool,0.0478282725498079,0.0478424511840174,-0.000296404872043521
20251130,20251130_1_08,20251130_1_08_11,h17_ridge_convex_pool,0.0608063651268776,0.0606275851624722,0.00294448287563087
20251130,20251130_1_09,20251130_1_09_03,h17_ridge_convex_pool,0.0284302171162419,0.0284941274752186,-0.00224545003683829
20251130,20251130_1_10,20251130_1_10_06,h17_ridge_convex_pool,0.167317271595036,0.167212676014788,0.000625328670292191
20251130,20251130_1_11,20251130_1_11_08,h17_ridge_convex_pool,0.0107043455512256,0.0107338536805261,-0.00275285695560878
20251130,20251130_3_01,20251130_3_01_05,h17_ridge_convex_pool,0.250334901912959,0.249846735198262,0.00195195838262152
20251130,20251130_3_02,20251130_3_02_05,h17_ridge_convex_pool,0.112668345492284,0.112668146404065,1.7670304268691e-06
20251130,20251130_3_03,20251130_3_03_04,h17_ridge_convex_pool,0.3077791771409,0.307479331408874,0.000974698444957012
20251130,20251130_3_04,20251130_3_04_09,h17_ridge_convex_pool,0.275042686678001,0.275023238597911,7.07118154583686e-05
20251130,20251130_3_05,20251130_3_05_05,h17_ridge_convex_pool,0.241925758002226,0.241854188179459,0.000295877594155947
20251130,20251130_3_06,20251130_3_06_12,h17_ridge_convex_pool,0.0232138206597605,0.0232800062845828,-0.00284707342370227
20251205,20251205_3_01,20251205_3_01_03,h17_ridge_convex_pool,0.723344031801673,0.722881874216554,0.000639122282248494
20251205,20251205_3_02,20251205_3_02_07,h17_ridge_convex_pool,0.1997165190848,0.19985810926976,-0.000708704611548594
20251205,20251205_3_03,20251205_3_03_04,h17_ridge_convex_pool,0.0613148594526906,0.0612544780286706,0.000985261569415474
20251205,20251205_3_04,20251205_3_04_03,h17_ridge_convex_pool,0.14806546665987,0.14810269617196,-0.000251407929398928
20251205,20251205_3_05,20251205_3_05_02,h17_ridge_convex_pool,0.0238328558563886,0.0237865244997556,0.00194590399564731
20251205,20251205_3_06,20251205_3_06_12,h17_ridge_convex_pool,0.126634449420296,0.126571923431377,0.000493873748003359
20251205,20251205_3_07,20251205_3_07_12,h17_ridge_convex_pool,0.154066711982366,0.15380996735494,0.00166784108165485
20251205,20251205_3_08,20251205_3_08_09,h17_ridge_convex_pool,0.141052752223343,0.141014385088998,0.000272042570768738
20251205,20251205_3_09,20251205_3_09_07,h17_ridge_convex_pool,0.0688643602056745,0.0688679206547355,-5.17010106784177e-05
20251206,20251206_1_01,20251206_1_01_09,h17_ridge_convex_pool,0.447286216912981,0.446760650400024,0.00117570251115773
20251206,20251206_1_03,20251206_1_03_06,h17_ridge_convex_pool,0.500773133713076,0.500400773412212,0.000743847428269273
20251206,20251206_1_04,20251206_1_04_11,h17_ridge_convex_pool,0.209864120023798,0.20960056548042,0.00125662344014743
20251206,20251206_1_05,20251206_1_05_02,h17_ridge_convex_pool,0.321205265418457,0.321131250421074,0.000230455519452111
20251206,20251206_1_06,20251206_1_06_05,h17_ridge_convex_pool,0.25732610679946,0.256956449217687,0.00143756633823067
20251206,20251206_1_07,20251206_1_07_09,h17_ridge_convex_pool,0.628496248292256,0.628034370962872,0.000735162905079079
20251206,20251206_1_08,20251206_1_08_08,h17_ridge_convex_pool,0.223672448293966,0.223468807538771,0.000910856543061334
20251206,20251206_1_09,20251206_1_09_09,h17_ridge_convex_pool,0.265825192501694,0.265973965315774,-0.000559507535033532
20251206,20251206_1_10,20251206_1_10_05,h17_ridge_convex_pool,0.199877732709543,0.199892900276777,-7.58813478982656e-05
20251206,20251206_1_11,20251206_1_11_11,h17_ridge_convex_pool,0.0660476412940512,0.0659761539822063,0.00108294597472902
20251207,20251207_1_01,20251207_1_01_08,h17_ridge_convex_pool,0.0355554012044331,0.0355351544072642,0.00056960583700949
20251207,20251207_1_02,20251207_1_02_04,h17_ridge_convex_pool,0.059809088862482,0.0598410239504525,-0.000533807916734297
20251207,20251207_1_03,20251207_1_03_03,h17_ridge_convex_pool,0.383756352933086,0.383218952419816,0.00140135046712364
20251207,20251207_1_04,20251207_1_04_07,h17_ridge_convex_pool,0.307922303744825,0.308142762288374,-0.000715698925695119
20251207,20251207_1_05,20251207_1_05_08,h17_ridge_convex_pool,0.444547663785286,0.444145058830157,0.000906061166985661
20251207,20251207_1_06,20251207_1_06_09,h17_ridge_convex_pool,0.173950781477636,0.173467607835837,0.00278151052551845
20251207,20251207_1_07,20251207_1_07_09,h17_ridge_convex_pool,0.499068374062286,0.499646120904923,-0.00115698111922202
20251207,20251207_1_08,20251207_1_08_09,h17_ridge_convex_pool,0.321005190839513,0.320747368529411,0.000803494493973211
20251207,20251207_1_09,20251207_1_09_10,h17_ridge_convex_pool,0.448712235716069,0.448235399244373,0.00106324270900982
20251207,20251207_1_10,20251207_1_10_04,h17_ridge_convex_pool,0.086986740428076,0.0874079885431049,-0.00483098241311319
20251207,20251207_1_11,20251207_1_11_10,h17_ridge_convex_pool,0.257669027173766,0.257598411383386,0.00027409374448184
20251207,20251207_3_01,20251207_3_01_05,h17_ridge_convex_pool,0.311311519982406,0.311586438974819,-0.000882709619803856
20251207,20251207_3_02,20251207_3_02_06,h17_ridge_convex_pool,0.421887778758366,0.421411420336146,0.00112974961531376
20251207,20251207_3_03,20251207_3_03_04,h17_ridge_convex_pool,0.0688488392051815,0.0688837192928264,-0.000506490096037204
20251207,20251207_3_04,20251207_3_04_05,h17_ridge_convex_pool,0.241117649695867,0.241106771071876,4.51185113152786e-05
20251207,20251207_3_05,20251207_3_05_05,h17_ridge_convex_pool,0.161472926988807,0.161634268295733,-0.000998686025506901
20251207,20251207_3_06,20251207_3_06_06,h17_ridge_convex_pool,0.266220291415969,0.26587303012236,0.00130526480546078
20251212,20251212_3_01,20251212_3_01_07,h17_ridge_convex_pool,0.447495649064703,0.44706004239597,0.000973906280675729
20251212,20251212_3_02,20251212_3_02_09,h17_ridge_convex_pool,0.538579224028483,0.538113883371397,0.000864388715523523
20251212,20251212_3_03,20251212_3_03_06,h17_ridge_convex_pool,0.364064478439064,0.364233398241578,-0.000463875595278385
20251212,20251212_3_04,20251212_3_04_04,h17_ridge_convex_pool,0.0363921089434992,0.0363624135717956,0.000816316905835723
20251212,20251212_3_05,20251212_3_05_12,h17_ridge_convex_pool,0.398422786302236,0.398020494945975,0.00101021981086635
20251212,20251212_3_06,20251212_3_06_02,h17_ridge_convex_pool,0.115010130708526,0.11510308819308,-0.000807928288993232
20251212,20251212_3_07,20251212_3_07_10,h17_ridge_convex_pool,0.0657248872870113,0.0656157431635928,0.00166200128882643
20251212,20251212_3_08,20251212_3_08_06,h17_ridge_convex_pool,0.0308420646412449,0.0307926143721693,0.00160462520378513
20251212,20251212_3_09,20251212_3_09_06,h17_ridge_convex_pool,0.120983055323683,0.12089525143871,0.000726017062091966
20251213,20251213_1_01,20251213_1_01_11,h17_ridge_convex_pool,0.718572959459888,0.718561044778579,1.65811695696516e-05
20251213,20251213_1_02,20251213_1_02_10,h17_ridge_convex_pool,0.316229689935497,0.316102322115267,0.000402851095706813
20251213,20251213_1_03,20251213_1_03_08,h17_ridge_convex_pool,0.216470997003549,0.216599263838391,-0.000592360409803261
20251213,20251213_1_04,20251213_1_04_08,h17_ridge_convex_pool,0.139333891469708,0.139295360960537,0.000276571889564758
20251213,20251213_1_05,20251213_1_05_05,h17_ridge_convex_pool,0.0863641258946302,0.0862810977534198,0.000961835443309411
20251213,20251213_1_06,20251213_1_06_09,h17_ridge_convex_pool,0.134581375427947,0.134807536578914,-0.0016790683953265
20251213,20251213_1_07,20251213_1_07_05,h17_ridge_convex_pool,0.266630866055061,0.266843499452818,-0.000797164485362156
20251213,20251213_1_08,20251213_1_08_02,h17_ridge_convex_pool,0.534528444543247,0.533619220852019,0.00170243111562607
20251213,20251213_1_09,20251213_1_09_11,h17_ridge_convex_pool,0.618466732422936,0.618221620724965,0.000396400112537887
20251213,20251213_1_10,20251213_1_10_04,h17_ridge_convex_pool,0.398215673226162,0.397668642746994,0.00137464843654023
20251213,20251213_1_11,20251213_1_11_05,h17_ridge_convex_pool,0.0416988577884291,0.0417062205792945,-0.000176554977913135
20251214,20251214_1_01,20251214_1_01_07,h17_ridge_convex_pool,0.0602473444551873,0.0601887705194042,0.00097269727462912
20251214,20251214_1_02,20251214_1_02_10,h17_ridge_convex_pool,0.418906946150665,0.418652484074801,0.00060762752948551
20251214,20251214_1_03,20251214_1_03_07,h17_ridge_convex_pool,0.0807165429455613,0.0807951610098348,-0.000973527844204458
20251214,20251214_1_04,20251214_1_04_06,h17_ridge_convex_pool,0.398920503075834,0.398855134982951,0.000163875881665665
20251214,20251214_1_05,20251214_1_05_01,h17_ridge_convex_pool,0.161119344765265,0.161172723132078,-0.000331242203068793
20251214,20251214_1_07,20251214_1_07_05,h17_ridge_convex_pool,0.298507691953958,0.298095333922636,0.00138235335424541
20251214,20251214_1_08,20251214_1_08_08,h17_ridge_convex_pool,0.2677152017879,0.267448168184151,0.000997951806473774
20251214,20251214_1_09,20251214_1_09_10,h17_ridge_convex_pool,0.47329353369011,0.473324660099955,-6.57633881547826e-05
20251214,20251214_1_10,20251214_1_10_01,h17_ridge_convex_pool,0.0930160917262468,0.0927447980038464,0.00292089379713678
20251214,20251214_1_11,20251214_1_11_06,h17_ridge_convex_pool,0.154413114018102,0.154452401141541,-0.000254396309869342
20251214,20251214_3_01,20251214_3_01_02,h17_ridge_convex_pool,0.319839787381364,0.319948685316375,-0.000340418562413625
20251214,20251214_3_02,20251214_3_02_07,h17_ridge_convex_pool,0.36469504330609,0.363918617531561,0.00213124213874005
20251214,20251214_3_03,20251214_3_03_03,h17_ridge_convex_pool,0.575410936434453,0.57542347085362,-2.17831845963357e-05
20251214,20251214_3_04,20251214_3_04_10,h17_ridge_convex_pool,0.0208349790490496,0.0208472361432094,-0.0005881210706562
20251214,20251214_3_05,20251214_3_05_08,h17_ridge_convex_pool,0.318205073851718,0.31799854111272,0.000649266182699115
20251214,20251214_3_06,20251214_3_06_04,h17_ridge_convex_pool,0.382599634830411,0.382556669633777,0.000112304365601057
20251219,20251219_3_01,20251219_3_01_02,h17_ridge_convex_pool,0.401710097524006,0.401631922443638,0.000194624652194997
20251219,20251219_3_02,20251219_3_02_01,h17_ridge_convex_pool,0.110739817295541,0.110794109404113,-0.000490147134279528
20251219,20251219_3_03,20251219_3_03_07,h17_ridge_convex_pool,0.0208498922102774,0.020889369462817,-0.00189161296719842
20251219,20251219_3_04,20251219_3_04_11,h17_ridge_convex_pool,0.156512123255861,0.156420352564498,0.000586520742233754
20251219,20251219_3_05,20251219_3_05_05,h17_ridge_convex_pool,0.349729321334526,0.348888804982963,0.00240622659345191
20251219,20251219_3_06,20251219_3_06_07,h17_ridge_convex_pool,0.201030229170174,0.200657096093961,0.00185782901310638
20251219,20251219_3_07,20251219_3_07_12,h17_ridge_convex_pool,0.0215868167083679,0.0215900873577076,-0.000151499947330436
20251219,20251219_3_08,20251219_3_08_05,h17_ridge_convex_pool,0.120663920772995,0.120653095328962,8.97196908442588e-05
20251219,20251219_3_09,20251219_3_09_05,h17_ridge_convex_pool,0.0656118260522508,0.0656930972917467,-0.00123790102921451
20251220,20251220_1_01,20251220_1_01_05,h17_ridge_convex_pool,0.72885910793467,0.728663817641491,0.000267975605626636
20251220,20251220_1_02,20251220_1_02_03,h17_ridge_convex_pool,0.381566372309663,0.381159034337107,0.00106811182040734
20251220,20251220_1_03,20251220_1_03_01,h17_ridge_convex_pool,0.67857839253985,0.677962738476689,0.000907682179851821
20251220,20251220_1_04,20251220_1_04_11,h17_ridge_convex_pool,0.564142088000522,0.564069163394266,0.000129274736919482
20251220,20251220_1_05,20251220_1_05_10,h17_ridge_convex_pool,0.365932093281804,0.365802023721373,0.000355510447794138
20251220,20251220_1_06,20251220_1_06_05,h17_ridge_convex_pool,0.045352105003427,0.0454913558241967,-0.00306573370424301
20251220,20251220_1_07,20251220_1_07_05,h17_ridge_convex_pool,0.424464389718029,0.424243939008289,0.00051949699852516
20251220,20251220_1_08,20251220_1_08_04,h17_ridge_convex_pool,0.0780347436975721,0.0780294625755381,6.76788376030579e-05
20251220,20251220_1_09,20251220_1_09_04,h17_ridge_convex_pool,0.611249507899484,0.611671071357931,-0.000689437208427957
20251220,20251220_1_10,20251220_1_10_07,h17_ridge_convex_pool,0.0315213265074353,0.0314462307701013,0.0023852210942974
20251220,20251220_1_11,20251220_1_11_10,h17_ridge_convex_pool,0.176715094462399,0.176835448919636,-0.000680833132001624
20251221,20251221_1_01,20251221_1_01_01,h17_ridge_convex_pool,0.269567775779794,0.26944073926798,0.00047137108457318
20251221,20251221_1_02,20251221_1_02_02,h17_ridge_convex_pool,0.532928307877852,0.533121517898363,-0.000362478409461464
20251221,20251221_1_03,20251221_1_03_06,h17_ridge_convex_pool,0.235417377501294,0.235174519479036,0.00103213865507068
20251221,20251221_1_04,20251221_1_04_10,h17_ridge_convex_pool,0.177796128700913,0.177852045944803,-0.000314452587340641
20251221,20251221_1_05,20251221_1_05_08,h17_ridge_convex_pool,0.0315562122605479,0.0316772336850707,-0.003827770904413
20251221,20251221_1_06,20251221_1_06_07,h17_ridge_convex_pool,0.0263906401503776,0.0264075016654322,-0.000638716252047367
20251221,20251221_1_07,20251221_1_07_10,h17_ridge_convex_pool,0.0988089529514389,0.0986577882883291,0.00153103952280009
20251221,20251221_1_08,20251221_1_08_02,h17_ridge_convex_pool,0.121388621214805,0.121390434445703,-1.49372926183666e-05
20251221,20251221_1_09,20251221_1_09_05,h17_ridge_convex_pool,0.361412140620238,0.36171840187815,-0.000847042845582902
20251221,20251221_1_10,20251221_1_10_04,h17_ridge_convex_pool,0.535187662036092,0.534946781775167,0.000450186920692208
20251221,20251221_1_11,20251221_1_11_09,h17_ridge_convex_pool,0.284838541852535,0.284879090169608,-0.000142345312353021
20251221,20251221_3_01,20251221_3_01_09,h17_ridge_convex_pool,0.0793023242836442,0.0795896741202264,-0.00361692410859238
20251221,20251221_3_02,20251221_3_02_10,h17_ridge_convex_pool,0.506953670532436,0.506622716216902,0.000653042694408024
20251221,20251221_3_03,20251221_3_03_09,h17_ridge_convex_pool,0.366272309543402,0.366260005494786,3.35931899910769e-05
20251221,20251221_3_04,20251221_3_04_07,h17_ridge_convex_pool,0.378856124869385,0.378956899203129,-0.00026596094586917
20251221,20251221_3_05,20251221_3_05_01,h17_ridge_convex_pool,0.60291200526792,0.602574787155647,0.000559472112324544
20251221,20251221_3_06,20251221_3_06_11,h17_ridge_convex_pool,0.0281548088474913,0.0281913852968132,-0.00129827595332399
20251226,20251226_3_01,20251226_3_01_11,h17_ridge_convex_pool,0.539275438511726,0.538951453079515,0.000600959676463342
20251226,20251226_3_02,20251226_3_02_05,h17_ridge_convex_pool,0.26816816038569,0.267689055410685,0.00178818195798081
20251226,20251226_3_03,20251226_3_03_05,h17_ridge_convex_pool,0.496435270132064,0.496165044165334,0.000544480934599689
20251226,20251226_3_04,20251226_3_04_08,h17_ridge_convex_pool,0.0273242954971818,0.027402431461094,-0.00285549753648828
20251226,20251226_3_05,20251226_3_05_12,h17_ridge_convex_pool,0.0988952271617717,0.0989161999155676,-0.000212047950761463
20251226,20251226_3_07,20251226_3_07_11,h17_ridge_convex_pool,0.0866018351755304,0.0868762036692933,-0.00316315222787589
20251226,20251226_3_08,20251226_3_08_08,h17_ridge_convex_pool,0.41943733011886,0.419170042432684,0.000637456106340029
20251226,20251226_3_09,20251226_3_09_11,h17_ridge_convex_pool,0.0870534434417892,0.0869862447483633,0.000772222674771061
20251227,20251227_1_01,20251227_1_01_04,h17_ridge_convex_pool,0.148161457368142,0.148040497947771,0.000816736182350342
20251227,20251227_1_02,20251227_1_02_09,h17_ridge_convex_pool,0.679599212824559,0.679809493343531,-0.000309370566326905
20251227,20251227_1_03,20251227_1_03_01,h17_ridge_convex_pool,0.396787939313063,0.396574755889337,0.000537417325380707
20251227,20251227_1_04,20251227_1_04_01,h17_ridge_convex_pool,0.129586114907539,0.129855804463104,-0.00207899828491476
20251227,20251227_1_05,20251227_1_05_04,h17_ridge_convex_pool,0.34771229540306,0.347532043677897,0.000518527714845396
20251227,20251227_1_06,20251227_1_06_06,h17_ridge_convex_pool,0.448515867405688,0.448124743424098,0.00087242090459172
20251227,20251227_1_07,20251227_1_07_10,h17_ridge_convex_pool,0.469525769561551,0.469185773749936,0.00072438829351662
20251227,20251227_1_08,20251227_1_08_04,h17_ridge_convex_pool,0.0692343310668904,0.069265890045804,-0.000455724607603347
20251227,20251227_1_09,20251227_1_09_07,h17_ridge_convex_pool,0.476475986114709,0.476562020256754,-0.00018054713810578
20251227,20251227_1_10,20251227_1_10_05,h17_ridge_convex_pool,0.0888198214654532,0.0888617071829965,-0.000471469585361817
20251227,20251227_1_11,20251227_1_11_08,h17_ridge_convex_pool,0.0466619649235137,0.0467043966990874,-0.000908930748881431
