rcDate,race_id,meet,race_no,runners,place_slots,bet_type,candidate_tickets,selected_ticket,model_event_probability,market_proxy_probability_for_selected_ticket,probability_edge,hit,official_final_dividend,realized_gross_return,realized_return,realized_edge,market_proxy_selected_ticket,market_proxy_selection_probability,market_proxy_selection_hit,market_proxy_selection_final_dividend,market_proxy_selection_gross_return,market_proxy_selection_return,actual_top3_ordered,probability_market_source,settlement_source,interpretation
20260814,20260814_3_01,3,1,11,3,단승,11,8,0.3427989146677795,0.3203126713425276,0.022486243325251898,0,,0.0,-1.0,-0.3203126713425276,8,0.3203126713425276,0,,0.0,-1.0,11-2-6,normalized inverse closing win odds,official KRA final winning-combination dividend,descriptive settlement; not executable EDGE/EV
20260814,20260814_3_01,3,1,11,3,복승,55,4-8,0.08000343720119649,0.0663085005256549,0.013694936675541586,0,,0.0,-1.0,-0.0663085005256549,6-8,0.1653110983950606,0,,0.0,-1.0,11-2-6,Plackett-Luce/Harville proxy from normalized inverse closing win odds,official KRA final winning-combination dividend,descriptive settlement; not executable EDGE/EV
20260814,20260814_3_01,3,1,11,3,복연승,55,4-8,0.21165574316349184,0.18096635039965328,0.030689392763838558,0,,0.0,-1.0,-0.18096635039965328,6-8,0.385378639519336,0,,0.0,-1.0,11-2-6,Plackett-Luce/Harville proxy from normalized inverse closing win odds,official KRA final winning-combination dividend,descriptive settlement; not executable EDGE/EV
20260814,20260814_3_01,3,1,11,3,삼복승,165,4-6-8,0.07353706272050588,0.06421342698964719,0.00932363573085869,0,,0.0,-1.0,-0.06421342698964719,2-6-8,0.07698557652293339,0,,0.0,-1.0,11-2-6,Plackett-Luce/Harville proxy from normalized inverse closing win odds,official KRA final winning-combination dividend,descriptive settlement; not executable EDGE/EV
20260814,20260814_3_01,3,1,11,3,삼쌍승,990,8-4-6,0.01459811789835446,0.01213742934249762,0.002460688555856839,0,,0.0,-1.0,-0.01213742934249762,8-6-2,0.017515943765609096,0,,0.0,-1.0,11-2-6,Plackett-Luce/Harville proxy from normalized inverse closing win odds,official KRA final winning-combination dividend,descriptive settlement; not executable EDGE/EV
20260814,20260814_3_01,3,1,11,3,쌍승,110,8-4,0.046473547750798753,0.03811920893053566,0.008354338820263096,0,,0.0,-1.0,-0.03811920893053566,8-6,0.0898524210505483,0,,0.0,-1.0,11-2-6,Plackett-Luce/Harville proxy from normalized inverse closing win odds,official KRA final winning-combination dividend,descriptive settlement; not executable EDGE/EV
20260814,20260814_3_01,3,1,11,3,연승,11,4,0.3086152954521639,0.27919281860414197,0.029422476848021906,0,,0.0,-1.0,-0.27919281860414197,8,0.741282542684303,0,,0.0,-1.0,11-2-6,Plackett-Luce/Harville proxy from normalized inverse closing win odds,official KRA final winning-combination dividend,descriptive settlement; not executable EDGE/EV
20260814,20260814_3_02,3,2,11,3,단승,11,8,0.0194740158928869,0.01615552242618,0.003318493466706901,0,,0.0,-1.0,-0.01615552242618,2,0.3325345032722062,1,2.4,2.4,1.4,2-5-9,normalized inverse closing win odds,official KRA final winning-combination dividend,descriptive settlement; not executable EDGE/EV
20260814,20260814_3_02,3,2,11,3,복승,55,2-8,0.015788183508473115,0.013509244175243247,0.002278939333229868,0,,0.0,-1.0,-0.013509244175243247,2-3,0.16004738189962817,0,,0.0,-1.0,2-5-9,Plackett-Luce/Harville proxy from normalized inverse closing win odds,official KRA final winning-combination dividend,descriptive settlement; not executable EDGE/EV
20260814,20260814_3_02,3,2,11,3,복연승,55,2-8,0.04552779777292218,0.03888319145177553,0.006644606321146648,0,,0.0,-1.0,-0.03888319145177553,2-3,0.38019248756478424,0,,0.0,-1.0,2-5-9,Plackett-Luce/Harville proxy from normalized inverse closing win odds,official KRA final winning-combination dividend,descriptive settlement; not executable EDGE/EV
20260814,20260814_3_02,3,2,11,3,삼복승,165,2-3-8,0.013706449411609648,0.01159104514316276,0.0021154042684468875,0,,0.0,-1.0,-0.01159104514316276,2-3-9,0.10134810359631488,0,,0.0,-1.0,2-5-9,Plackett-Luce/Harville proxy from normalized inverse closing win odds,official KRA final winning-combination dividend,descriptive settlement; not executable EDGE/EV
20260814,20260814_3_02,3,2,11,3,삼쌍승,990,2-3-8,0.003395406949619293,0.0029125101275647453,0.0004828968220545477,0,,0.0,-1.0,-0.0029125101275647453,2-3-9,0.022480937547140457,0,,0.0,-1.0,2-5-9,Plackett-Luce/Harville proxy from normalized inverse closing win odds,official KRA final winning-combination dividend,descriptive settlement; not executable EDGE/EV
20260814,20260814_3_02,3,2,11,3,쌍승,110,2-8,0.009347063767410605,0.008048758552209741,0.0012983052152008637,0,,0.0,-1.0,-0.008048758552209741,2-3,0.08835748277314723,0,,0.0,-1.0,2-5-9,Plackett-Luce/Harville proxy from normalized inverse closing win odds,official KRA final winning-combination dividend,descriptive settlement; not executable EDGE/EV
20260814,20260814_3_02,3,2,11,3,연승,11,8,0.07273959390135744,0.061003596555724536,0.011735997345632902,0,,0.0,-1.0,-0.061003596555724536,2,0.7599516935225161,1,1.6,1.6,0.6000000000000001,2-5-9,Plackett-Luce/Harville proxy from normalized inverse closing win odds,official KRA final winning-combination dividend,descriptive settlement; not executable EDGE/EV
20260814,20260814_3_03,3,3,10,3,단승,10,7,0.1097565642804398,0.095341373502342,0.014415190778097803,0,,0.0,-1.0,-0.095341373502342,6,0.3956667000347196,0,,0.0,-1.0,9-11-3,normalized inverse closing win odds,official KRA final winning-combination dividend,descriptive settlement; not executable EDGE/EV
20260814,20260814_3_03,3,3,10,3,복승,45,6-7,0.11924497431190159,0.10412057719680401,0.015124397115097582,0,,0.0,-1.0,-0.10412057719680401,6-9,0.20972545848727486,0,,0.0,-1.0,9-11-3,Plackett-Luce/Harville proxy from normalized inverse closing win odds,official KRA final winning-combination dividend,descriptive settlement; not executable EDGE/EV
20260814,20260814_3_03,3,3,10,3,복연승,45,6-7,0.3069397228596825,0.2712760957437383,0.03566362711594423,0,,0.0,-1.0,-0.2712760957437383,6-9,0.46881420622143694,0,,0.0,-1.0,9-11-3,Plackett-Luce/Harville proxy from normalized inverse closing win odds,official KRA final winning-combination dividend,descriptive settlement; not executable EDGE/EV
20260814,20260814_3_03,3,3,10,3,삼복승,120,6-7-9,0.12726141993815984,0.10767527767306949,0.019586142265090353,0,,0.0,-1.0,-0.10767527767306949,6-9-11,0.1562382251104924,0,,0.0,-1.0,9-11-3,Plackett-Luce/Harville proxy from normalized inverse closing win odds,official KRA final winning-combination dividend,descriptive settlement; not executable EDGE/EV
20260814,20260814_3_03,3,3,10,3,삼쌍승,720,6-9-7,0.03163505005182596,0.027331513271362965,0.004303536780462993,0,,0.0,-1.0,-0.027331513271362965,6-9-11,0.0378085933587188,0,,0.0,-1.0,9-11-3,Plackett-Luce/Harville proxy from normalized inverse closing win odds,official KRA final winning-combination dividend,descriptive settlement; not executable EDGE/EV
20260814,20260814_3_03,3,3,10,3,쌍승,90,6-7,0.07087143386548028,0.06242152572531841,0.008449908140161874,0,,0.0,-1.0,-0.06242152572531841,6-9,0.12048806128375424,0,,0.0,-1.0,9-11-3,Plackett-Luce/Harville proxy from normalized inverse closing win odds,official KRA final winning-combination dividend,descriptive settlement; not executable EDGE/EV
20260814,20260814_3_03,3,3,10,3,연승,10,7,0.39730716781353165,0.35256586430113035,0.0447413035124013,0,,0.0,-1.0,-0.35256586430113035,6,0.8359393192602853,0,,0.0,-1.0,9-11-3,Plackett-Luce/Harville proxy from normalized inverse closing win odds,official KRA final winning-combination dividend,descriptive settlement; not executable EDGE/EV
20260814,20260814_3_04,3,4,11,3,단승,11,9,0.1047239819260214,0.0957734169932269,0.008950564932794502,0,,0.0,-1.0,-0.0957734169932269,3,0.3179677444175134,0,,0.0,-1.0,1-3-8,normalized inverse closing win odds,official KRA final winning-combination dividend,descriptive settlement; not executable EDGE/EV
20260814,20260814_3_04,3,4,11,3,복승,55,3-9,0.0868571884076022,0.07832851961420345,0.008528668793398753,0,,0.0,-1.0,-0.07832851961420345,1-3,0.10131897910621707,1,8.3,8.3,7.300000000000001,1-3-8,Plackett-Luce/Harville proxy from normalized inverse closing win odds,official KRA final winning-combination dividend,descriptive settlement; not executable EDGE/EV
20260814,20260814_3_04,3,4,11,3,복연승,55,3-9,0.22232872135533252,0.20297890364219195,0.019349817713140566,0,,0.0,-1.0,-0.20297890364219195,1-3,0.2540553705853016,1,3.7,3.7,2.7,1-3-8,Plackett-Luce/Harville proxy from normalized inverse closing win odds,official KRA final winning-combination dividend,descriptive settlement; not executable EDGE/EV
20260814,20260814_3_04,3,4,11,3,삼복승,165,3-7-9,0.04093814260114341,0.03450309622562541,0.0064350463755179985,0,,0.0,-1.0,-0.03450309622562541,1-3-7,0.04559927087440099,0,,0.0,-1.0,1-3-8,Plackett-Luce/Harville proxy from normalized inverse closing win odds,official KRA final winning-combination dividend,descriptive settlement; not executable EDGE/EV
20260814,20260814_3_04,3,4,11,3,삼쌍승,990,3-9-7,0.0088731609706557,0.007474321708290751,0.001398839262364949,0,,0.0,-1.0,-0.007474321708290751,3-1-7,0.009996361054070042,0,,0.0,-1.0,1-3-8,Plackett-Luce/Harville proxy from normalized inverse closing win odds,official KRA final winning-combination dividend,descriptive settlement; not executable EDGE/EV
20260814,20260814_3_04,3,4,11,3,쌍승,110,3-9,0.04937661715431792,0.044650171787676204,0.004726445366641713,0,,0.0,-1.0,-0.044650171787676204,3-1,0.05701483474426346,0,,0.0,-1.0,1-3-8,Plackett-Luce/Harville proxy from normalized inverse closing win odds,official KRA final winning-combination dividend,descriptive settlement; not executable EDGE/EV
20260814,20260814_3_04,3,4,11,3,연승,11,9,0.3413708601804514,0.3154201325129457,0.02595072766750567,0,,0.0,-1.0,-0.3154201325129457,3,0.7260285366902708,1,1.3,1.3,0.30000000000000004,1-3-8,Plackett-Luce/Harville proxy from normalized inverse closing win odds,official KRA final winning-combination dividend,descriptive settlement; not executable EDGE/EV
20260814,20260814_3_05,3,5,11,3,단승,11,8,0.1630629558315458,0.1502068366513789,0.012856119180166908,0,,0.0,-1.0,-0.1502068366513789,2,0.2274560669292309,0,,0.0,-1.0,9-6-2,normalized inverse closing win odds,official KRA final winning-combination dividend,descriptive settlement; not executable EDGE/EV
20260814,20260814_3_05,3,5,11,3,복승,55,3-8,0.02763761975800176,0.021834940951413813,0.005802678806587948,0,,0.0,-1.0,-0.021834940951413813,2-6,0.11197536091156675,0,,0.0,-1.0,9-6-2,Plackett-Luce/Harville proxy from normalized inverse closing win odds,official KRA final winning-combination dividend,descriptive settlement; not executable EDGE/EV
20260814,20260814_3_05,3,5,11,3,복연승,55,3-8,0.0867276470190291,0.06979286210559961,0.016934784913429493,0,,0.0,-1.0,-0.06979286210559961,2-6,0.28585506340742795,1,3.1,3.1,2.1,9-6-2,Plackett-Luce/Harville proxy from normalized inverse closing win odds,official KRA final winning-combination dividend,descriptive settlement; not executable EDGE/EV
20260814,20260814_3_05,3,5,11,3,삼복승,165,2-3-8,0.028082208681957356,0.022491024556115628,0.0055911841258417284,0,,0.0,-1.0,-0.022491024556115628,2-6-8,0.07988608762275913,0,,0.0,-1.0,9-6-2,Plackett-Luce/Harville proxy from normalized inverse closing win odds,official KRA final winning-combination dividend,descriptive settlement; not executable EDGE/EV
20260814,20260814_3_05,3,5,11,3,삼쌍승,990,8-2-3,0.005256617874814619,0.004181275283934531,0.0010753425908800879,0,,0.0,-1.0,-0.004181275283934531,2-6-8,0.01484693818061218,0,,0.0,-1.0,9-6-2,Plackett-Luce/Harville proxy from normalized inverse closing win odds,official KRA final winning-combination dividend,descriptive settlement; not executable EDGE/EV
20260814,20260814_3_05,3,5,11,3,쌍승,110,8-2,0.04335681357485055,0.04020443769631502,0.003152375878535528,0,,0.0,-1.0,-0.04020443769631502,2-6,0.05716840187799363,0,,0.0,-1.0,9-6-2,Plackett-Luce/Harville proxy from normalized inverse closing win odds,official KRA final winning-combination dividend,descriptive settlement; not executable EDGE/EV
20260814,20260814_3_05,3,5,11,3,연승,11,3,0.24494960239623825,0.21551302160693755,0.029436580789300698,0,,0.0,-1.0,-0.21551302160693755,2,0.596342383035476,1,1.5,1.5,0.5,9-6-2,Plackett-Luce/Harville proxy from normalized inverse closing win odds,official KRA final winning-combination dividend,descriptive settlement; not executable EDGE/EV
20260814,20260814_3_06,3,6,11,3,단승,11,9,0.3306610517120813,0.3188774360965787,0.011783615615502618,1,2.5,2.5,1.5,0.6811225639034213,9,0.3188774360965787,1,2.5,2.5,1.5,9-8-5,normalized inverse closing win odds,official KRA final winning-combination dividend,descriptive settlement; not executable EDGE/EV
20260814,20260814_3_06,3,6,11,3,복승,55,5-9,0.25416414863702097,0.23078293873572597,0.023381209901294997,0,,0.0,-1.0,-0.23078293873572597,5-9,0.23078293873572597,0,,0.0,-1.0,9-8-5,Plackett-Luce/Harville proxy from normalized inverse closing win odds,official KRA final winning-combination dividend,descriptive settlement; not executable EDGE/EV
20260814,20260814_3_06,3,6,11,3,복연승,55,5-9,0.5445512543819866,0.5075591944219789,0.03699205996000765,1,1.7,1.7,0.7,0.49244080557802106,5-9,0.5075591944219789,1,1.7,1.7,0.7,9-8-5,Plackett-Luce/Harville proxy from normalized inverse closing win odds,official KRA final winning-combination dividend,descriptive settlement; not executable EDGE/EV
20260814,20260814_3_06,3,6,11,3,삼복승,165,5-7-9,0.14175244057637923,0.11525810515802737,0.02649433541835186,0,,0.0,-1.0,-0.11525810515802737,3-5-9,0.16271095796261104,0,,0.0,-1.0,9-8-5,Plackett-Luce/Harville proxy from normalized inverse closing win odds,official KRA final winning-combination dividend,descriptive settlement; not executable EDGE/EV
20260814,20260814_3_06,3,6,11,3,삼쌍승,990,9-5-7,0.033716927737889965,0.02694987977217337,0.006767047965716595,0,,0.0,-1.0,-0.02694987977217337,9-5-3,0.036512740336492974,0,,0.0,-1.0,9-8-5,Plackett-Luce/Harville proxy from normalized inverse closing win odds,official KRA final winning-combination dividend,descriptive settlement; not executable EDGE/EV
20260814,20260814_3_06,3,6,11,3,쌍승,110,9-5,0.13270941270063744,0.1203928307997869,0.01231658190085054,0,,0.0,-1.0,-0.1203928307997869,9-5,0.1203928307997869,0,,0.0,-1.0,9-8-5,Plackett-Luce/Harville proxy from normalized inverse closing win odds,official KRA final winning-combination dividend,descriptive settlement; not executable EDGE/EV
20260814,20260814_3_06,3,6,11,3,연승,11,7,0.3691798686927268,0.33919538479286776,0.029984483899859027,0,,0.0,-1.0,-0.33919538479286776,9,0.7642014929352228,1,1.3,1.3,0.30000000000000004,9-8-5,Plackett-Luce/Harville proxy from normalized inverse closing win odds,official KRA final winning-combination dividend,descriptive settlement; not executable EDGE/EV
20260814,20260814_3_07,3,7,10,3,단승,10,2,0.3962661229270961,0.3682396331248904,0.028026489802205734,0,,0.0,-1.0,-0.3682396331248904,2,0.3682396331248904,0,,0.0,-1.0,5-6-2,normalized inverse closing win odds,official KRA final winning-combination dividend,descriptive settlement; not executable EDGE/EV
20260814,20260814_3_07,3,7,10,3,복승,45,2-6,0.3988827583151784,0.3654168923229101,0.03346586599226831,0,,0.0,-1.0,-0.3654168923229101,2-6,0.3654168923229101,0,,0.0,-1.0,5-6-2,Plackett-Luce/Harville proxy from normalized inverse closing win odds,official KRA final winning-combination dividend,descriptive settlement; not executable EDGE/EV
20260814,20260814_3_07,3,7,10,3,복연승,45,2-5,0.31099693591468447,0.26886197204609513,0.04213496386858934,1,2.9,2.9,1.9,0.7311380279539048,2-6,0.6931117310100172,1,1.4,1.4,0.3999999999999999,5-6-2,Plackett-Luce/Harville proxy from normalized inverse closing win odds,official KRA final winning-combination dividend,descriptive settlement; not executable EDGE/EV
20260814,20260814_3_07,3,7,10,3,삼복승,120,2-5-6,0.22591711855556093,0.18683823647801742,0.03907888207754351,1,3.7,3.7,2.7,0.8131617635219826,2-6-10,0.24292619053774628,0,,0.0,-1.0,5-6-2,Plackett-Luce/Harville proxy from normalized inverse closing win odds,official KRA final winning-combination dividend,descriptive settlement; not executable EDGE/EV
20260814,20260814_3_07,3,7,10,3,삼쌍승,720,2-6-5,0.06397066477142194,0.05023061306090766,0.013740051710514276,0,,0.0,-1.0,-0.05023061306090766,2-6-10,0.06375423965422901,0,,0.0,-1.0,5-6-2,Plackett-Luce/Harville proxy from normalized inverse closing win odds,official KRA final winning-combination dividend,descriptive settlement; not executable EDGE/EV
20260814,20260814_3_07,3,7,10,3,쌍승,90,2-6,0.21106130740747275,0.18888233952648223,0.022178967880990524,0,,0.0,-1.0,-0.18888233952648223,2-6,0.18888233952648223,0,,0.0,-1.0,5-6-2,Plackett-Luce/Harville proxy from normalized inverse closing win odds,official KRA final winning-combination dividend,descriptive settlement; not executable EDGE/EV
20260814,20260814_3_07,3,7,10,3,연승,10,5,0.37867765768207173,0.3459585195494111,0.03271913813266064,1,1.6,1.6,0.6000000000000001,0.654041480450589,2,0.8540563990850379,1,1.3,1.3,0.30000000000000004,5-6-2,Plackett-Luce/Harville proxy from normalized inverse closing win odds,official KRA final winning-combination dividend,descriptive settlement; not executable EDGE/EV
20260814,20260814_3_08,3,8,11,3,단승,11,7,0.1661107649095852,0.1506201917453307,0.015490573164254506,0,,0.0,-1.0,-0.1506201917453307,9,0.2347902988971332,0,,0.0,-1.0,2-8-5,normalized inverse closing win odds,official KRA final winning-combination dividend,descriptive settlement; not executable EDGE/EV
20260814,20260814_3_08,3,8,11,3,복승,55,3-7,0.05170881736692699,0.04217306729827086,0.009535750068656132,0,,0.0,-1.0,-0.04217306729827086,6-9,0.0915983698605583,0,,0.0,-1.0,2-8-5,Plackett-Luce/Harville proxy from normalized inverse closing win odds,official KRA final winning-combination dividend,descriptive settlement; not executable EDGE/EV
20260814,20260814_3_08,3,8,11,3,복연승,55,3-7,0.1523552182329463,0.12897970373512704,0.023375514497819244,0,,0.0,-1.0,-0.12897970373512704,6-9,0.24231421955099358,0,,0.0,-1.0,2-8-5,Plackett-Luce/Harville proxy from normalized inverse closing win odds,official KRA final winning-combination dividend,descriptive settlement; not executable EDGE/EV
20260814,20260814_3_08,3,8,11,3,삼복승,165,2-3-7,0.01914095247692107,0.012948046373361007,0.006192906103560065,0,,0.0,-1.0,-0.012948046373361007,6-7-9,0.06391847869262823,0,,0.0,-1.0,2-8-5,Plackett-Luce/Harville proxy from normalized inverse closing win odds,official KRA final winning-combination dividend,descriptive settlement; not executable EDGE/EV
20260814,20260814_3_08,3,8,11,3,삼쌍승,990,7-3-9,0.008076452147378491,0.006913379066124131,0.0011630730812543597,0,,0.0,-1.0,-0.006913379066124131,9-6-7,0.01188449445607945,0,,0.0,-1.0,2-8-5,Plackett-Luce/Harville proxy from normalized inverse closing win odds,official KRA final winning-combination dividend,descriptive settlement; not executable EDGE/EV
20260814,20260814_3_08,3,8,11,3,쌍승,110,7-3,0.026367166551835946,0.021448473752847155,0.004918692798988791,0,,0.0,-1.0,-0.021448473752847155,9-6,0.04802734411822318,0,,0.0,-1.0,2-8-5,Plackett-Luce/Harville proxy from normalized inverse closing win odds,official KRA final winning-combination dividend,descriptive settlement; not executable EDGE/EV
20260814,20260814_3_08,3,8,11,3,연승,11,2,0.29562029058751416,0.26011451833863725,0.03550577224887691,1,2.5,2.5,1.5,0.7398854816613627,9,0.6066385922363914,0,,0.0,-1.0,2-8-5,Plackett-Luce/Harville proxy from normalized inverse closing win odds,official KRA final winning-combination dividend,descriptive settlement; not executable EDGE/EV
20260815,20260815_1_01,1,1,10,3,단승,10,2,0.2416619350731777,0.2343901098491372,0.007271825224040518,0,,0.0,-1.0,-0.2343901098491372,5,0.3794887492795555,1,2.1,2.1,1.1,5-4-2,normalized inverse closing win odds,official KRA final winning-combination dividend,descriptive settlement; not executable EDGE/EV
20260815,20260815_1_01,1,1,10,3,복승,45,2-7,0.10078711800721671,0.09323720082343384,0.007549917183782867,0,,0.0,-1.0,-0.09323720082343384,2-5,0.2595267806684023,0,,0.0,-1.0,5-4-2,Plackett-Luce/Harville proxy from normalized inverse closing win odds,official KRA final winning-combination dividend,descriptive settlement; not executable EDGE/EV
20260815,20260815_1_01,1,1,10,3,복연승,45,2-7,0.3550816194241246,0.3386856282721019,0.01639599115202267,0,,0.0,-1.0,-0.3386856282721019,2-5,0.5656114524812957,1,1.9,1.9,0.8999999999999999,5-4-2,Plackett-Luce/Harville proxy from normalized inverse closing win odds,official KRA final winning-combination dividend,descriptive settlement; not executable EDGE/EV
20260815,20260815_1_01,1,1,10,3,삼복승,120,2-5-7,0.26114734129682815,0.25161496547392687,0.009532375822901284,0,,0.0,-1.0,-0.25161496547392687,2-5-7,0.25161496547392687,0,,0.0,-1.0,5-4-2,Plackett-Luce/Harville proxy from normalized inverse closing win odds,official KRA final winning-combination dividend,descriptive settlement; not executable EDGE/EV
20260815,20260815_1_01,1,1,10,3,삼쌍승,720,2-7-5,0.03286259906968588,0.030545362320973324,0.0023172367487125575,0,,0.0,-1.0,-0.030545362320973324,5-2-7,0.059171576696613055,0,,0.0,-1.0,5-4-2,Plackett-Luce/Harville proxy from normalized inverse closing win odds,official KRA final winning-combination dividend,descriptive settlement; not executable EDGE/EV
20260815,20260815_1_01,1,1,10,3,쌍승,90,2-7,0.0527977196584406,0.04879551913481705,0.004002200523623552,0,,0.0,-1.0,-0.04879551913481705,5-2,0.14334697320455217,0,,0.0,-1.0,5-4-2,Plackett-Luce/Harville proxy from normalized inverse closing win odds,official KRA final winning-combination dividend,descriptive settlement; not executable EDGE/EV
20260815,20260815_1_01,1,1,10,3,연승,10,7,0.5643448702445328,0.5507990280785324,0.01354584216600041,0,,0.0,-1.0,-0.5507990280785324,5,0.8402108159228857,1,1.2,1.2,0.19999999999999996,5-4-2,Plackett-Luce/Harville proxy from normalized inverse closing win odds,official KRA final winning-combination dividend,descriptive settlement; not executable EDGE/EV
20260815,20260815_1_02,1,2,10,3,단승,10,10,0.1439619067376257,0.1237615444553912,0.020200362282234513,0,,0.0,-1.0,-0.1237615444553912,3,0.4233947573473911,0,,0.0,-1.0,5-3-6,normalized inverse closing win odds,official KRA final winning-combination dividend,descriptive settlement; not executable EDGE/EV
20260815,20260815_1_02,1,2,10,3,복승,45,3-10,0.17342349340888408,0.1506777736016238,0.022745719807260284,0,,0.0,-1.0,-0.1506777736016238,3-5,0.16115398259274372,1,6.7,6.7,5.7,5-3-6,Plackett-Luce/Harville proxy from normalized inverse closing win odds,official KRA final winning-combination dividend,descriptive settlement; not executable EDGE/EV
20260815,20260815_1_02,1,2,10,3,복연승,45,3-10,0.40250742968381614,0.3559540975619587,0.046553332121857416,0,,0.0,-1.0,-0.3559540975619587,3-5,0.3753261402242246,1,2.4,2.4,1.4,5-3-6,Plackett-Luce/Harville proxy from normalized inverse closing win odds,official KRA final winning-combination dividend,descriptive settlement; not executable EDGE/EV
20260815,20260815_1_02,1,2,10,3,삼복승,120,3-5-10,0.1346916212186149,0.11001593782269553,0.024675683395919357,0,,0.0,-1.0,-0.11001593782269553,3-5-10,0.11001593782269553,0,,0.0,-1.0,5-3-6,Plackett-Luce/Harville proxy from normalized inverse closing win odds,official KRA final winning-combination dividend,descriptive settlement; not executable EDGE/EV
20260815,20260815_1_02,1,2,10,3,삼쌍승,720,3-10-5,0.03238353675129587,0.02646509902292303,0.00591843772837284,0,,0.0,-1.0,-0.02646509902292303,3-5-10,0.0269480407644928,0,,0.0,-1.0,5-3-6,Plackett-Luce/Harville proxy from normalized inverse closing win odds,official KRA final winning-combination dividend,descriptive settlement; not executable EDGE/EV
20260815,20260815_1_02,1,2,10,3,쌍승,90,3-10,0.10320344743152944,0.0908767128834423,0.012326734548087137,0,,0.0,-1.0,-0.0908767128834423,3-5,0.0968358415971107,0,,0.0,-1.0,5-3-6,Plackett-Luce/Harville proxy from normalized inverse closing win odds,official KRA final winning-combination dividend,descriptive settlement; not executable EDGE/EV
20260815,20260815_1_02,1,2,10,3,연승,10,10,0.49670299300679316,0.4409182642798523,0.055784728726940846,0,,0.0,-1.0,-0.4409182642798523,3,0.8530364673464372,1,1.2,1.2,0.19999999999999996,5-3-6,Plackett-Luce/Harville proxy from normalized inverse closing win odds,official KRA final winning-combination dividend,descriptive settlement; not executable EDGE/EV
20260815,20260815_1_03,1,3,11,3,단승,11,1,0.1602846145697521,0.140422527744705,0.019862086825047087,1,5.7,5.7,4.7,0.859577472255295,5,0.2425480024681268,0,,0.0,-1.0,1-2-5,normalized inverse closing win odds,official KRA final winning-combination dividend,descriptive settlement; not executable EDGE/EV
20260815,20260815_1_03,1,3,11,3,복승,55,1-5,0.09758625344695612,0.08458868691627644,0.012997566530679683,0,,0.0,-1.0,-0.08458868691627644,5-10,0.140540288238227,0,,0.0,-1.0,1-2-5,Plackett-Luce/Harville proxy from normalized inverse closing win odds,official KRA final winning-combination dividend,descriptive settlement; not executable EDGE/EV
20260815,20260815_1_03,1,3,11,3,복연승,55,1-5,0.2697541993128469,0.23889911201372682,0.030855087299120065,1,3.0,3.0,2.0,0.7611008879862732,5-10,0.35126648427991436,0,,0.0,-1.0,1-2-5,Plackett-Luce/Harville proxy from normalized inverse closing win odds,official KRA final winning-combination dividend,descriptive settlement; not executable EDGE/EV
20260815,20260815_1_03,1,3,11,3,삼복승,165,1-5-10,0.11291495159850282,0.09646540768321626,0.016449543915286552,0,,0.0,-1.0,-0.09646540768321626,1-5-10,0.09646540768321626,0,,0.0,-1.0,1-2-5,Plackett-Luce/Harville proxy from normalized inverse closing win odds,official KRA final winning-combination dividend,descriptive settlement; not executable EDGE/EV
20260815,20260815_1_03,1,3,11,3,삼쌍승,990,1-5-10,0.017212415471858047,0.014277517410600632,0.002934898061257416,0,,0.0,-1.0,-0.014277517410600632,5-10-1,0.018682728889492593,0,,0.0,-1.0,1-2-5,Plackett-Luce/Harville proxy from normalized inverse closing win odds,official KRA final winning-combination dividend,descriptive settlement; not executable EDGE/EV
20260815,20260815_1_03,1,3,11,3,쌍승,110,1-5,0.04628251695747751,0.03962319244668119,0.006659324510796323,0,,0.0,-1.0,-0.03962319244668119,5-10,0.07119536624352582,0,,0.0,-1.0,1-2-5,Plackett-Luce/Harville proxy from normalized inverse closing win odds,official KRA final winning-combination dividend,descriptive settlement; not executable EDGE/EV
20260815,20260815_1_03,1,3,11,3,연승,11,1,0.4846306411394943,0.4370821877441346,0.04754845339535968,1,2.0,2.0,1.0,0.5629178122558653,5,0.6375933866275747,1,1.4,1.4,0.3999999999999999,1-2-5,Plackett-Luce/Harville proxy from normalized inverse closing win odds,official KRA final winning-combination dividend,descriptive settlement; not executable EDGE/EV
20260815,20260815_1_04,1,4,11,3,단승,11,6,0.1829925119115906,0.17755702309976,0.005435488811830619,0,,0.0,-1.0,-0.17755702309976,6,0.17755702309976,0,,0.0,-1.0,11-6-1,normalized inverse closing win odds,official KRA final winning-combination dividend,descriptive settlement; not executable EDGE/EV
20260815,20260815_1_04,1,4,11,3,복승,55,6-11,0.0772328029445252,0.07306902709454997,0.004163775849975224,1,8.8,8.8,7.800000000000001,0.92693097290545,6-11,0.07306902709454997,1,8.8,8.8,7.800000000000001,11-6-1,Plackett-Luce/Harville proxy from normalized inverse closing win odds,official KRA final winning-combination dividend,descriptive settlement; not executable EDGE/EV
20260815,20260815_1_04,1,4,11,3,복연승,55,6-11,0.2120159065025071,0.20186014423995677,0.010155762262550327,1,3.9,3.9,2.9,0.7981398557600432,6-11,0.20186014423995677,1,3.9,3.9,2.9,11-6-1,Plackett-Luce/Harville proxy from normalized inverse closing win odds,official KRA final winning-combination dividend,descriptive settlement; not executable EDGE/EV
20260815,20260815_1_04,1,4,11,3,삼복승,165,1-6-11,0.043857195866918476,0.03999233809962344,0.0038648577672950393,1,16.8,16.8,15.8,0.9600076619003766,2-6-11,0.055352846879048526,0,,0.0,-1.0,11-6-1,Plackett-Luce/Harville proxy from normalized inverse closing win odds,official KRA final winning-combination dividend,descriptive settlement; not executable EDGE/EV
20260815,20260815_1_04,1,4,11,3,삼쌍승,990,6-11-1,0.007850663240697614,0.007134322934046904,0.0007163403066507094,0,,0.0,-1.0,-0.007134322934046904,6-11-2,0.009363798850936564,0,,0.0,-1.0,11-6-1,Plackett-Luce/Harville proxy from normalized inverse closing win odds,official KRA final winning-combination dividend,descriptive settlement; not executable EDGE/EV
20260815,20260815_1_04,1,4,11,3,쌍승,110,6-11,0.03884141589421659,0.03670156382792887,0.002139852066287716,0,,0.0,-1.0,-0.03670156382792887,6-11,0.03670156382792887,0,,0.0,-1.0,11-6-1,Plackett-Luce/Harville proxy from normalized inverse closing win odds,official KRA final winning-combination dividend,descriptive settlement; not executable EDGE/EV
20260815,20260815_1_04,1,4,11,3,연승,11,4,0.18967058773197945,0.17681499991504093,0.012855587816938518,0,,0.0,-1.0,-0.17681499991504093,6,0.49794842226769565,1,1.6,1.6,0.6000000000000001,11-6-1,Plackett-Luce/Harville proxy from normalized inverse closing win odds,official KRA final winning-combination dividend,descriptive settlement; not executable EDGE/EV
20260815,20260815_1_05,1,5,10,3,단승,10,8,0.251526744968261,0.2173262754034448,0.034200469564816205,1,3.7,3.7,2.7,0.7826737245965552,7,0.259389425481531,0,,0.0,-1.0,8-7-2,normalized inverse closing win odds,official KRA final winning-combination dividend,descriptive settlement; not executable EDGE/EV
20260815,20260815_1_05,1,5,10,3,복승,45,7-8,0.17362304831775116,0.1481408414332998,0.025482206884451353,1,5.7,5.7,4.7,0.8518591585667001,7-8,0.1481408414332998,1,5.7,5.7,4.7,8-7-2,Plackett-Luce/Harville proxy from normalized inverse closing win odds,official KRA final winning-combination dividend,descriptive settlement; not executable EDGE/EV
20260815,20260815_1_05,1,5,10,3,복연승,45,7-8,0.41051584932137136,0.36203639744983,0.048479451871541346,1,2.6,2.6,1.6,0.63796360255017,7-8,0.36203639744983,1,2.6,2.6,1.6,8-7-2,Plackett-Luce/Harville proxy from normalized inverse closing win odds,official KRA final winning-combination dividend,descriptive settlement; not executable EDGE/EV
20260815,20260815_1_05,1,5,10,3,삼복승,120,4-7-8,0.11107098806262004,0.09206381535729913,0.019007172705320916,0,,0.0,-1.0,-0.09206381535729913,2-7-8,0.09746938417944188,1,9.9,9.9,8.9,8-7-2,Plackett-Luce/Harville proxy from normalized inverse closing win odds,official KRA final winning-combination dividend,descriptive settlement; not executable EDGE/EV
20260815,20260815_1_05,1,5,10,3,삼쌍승,720,8-7-4,0.022374780374392573,0.017567884095547503,0.00480689627884507,0,,0.0,-1.0,-0.017567884095547503,7-8-2,0.019493938972781764,0,,0.0,-1.0,8-7-2,Plackett-Luce/Harville proxy from normalized inverse closing win odds,official KRA final winning-combination dividend,descriptive settlement; not executable EDGE/EV
20260815,20260815_1_05,1,5,10,3,쌍승,90,8-7,0.08647409490350687,0.07202508011623703,0.014449014787269843,1,10.6,10.6,9.6,0.927974919883763,7-8,0.07611576131706277,0,,0.0,-1.0,8-7-2,Plackett-Luce/Harville proxy from normalized inverse closing win odds,official KRA final winning-combination dividend,descriptive settlement; not executable EDGE/EV
20260815,20260815_1_05,1,5,10,3,연승,10,8,0.6592995312205738,0.596407679294381,0.06289185192619284,1,1.8,1.8,0.8,0.403592320705619,7,0.6613851099393072,1,1.3,1.3,0.30000000000000004,8-7-2,Plackett-Luce/Harville proxy from normalized inverse closing win odds,official KRA final winning-combination dividend,descriptive settlement; not executable EDGE/EV
20260815,20260815_1_06,1,6,11,3,단승,11,10,0.142469684852525,0.134644238971409,0.007825445881116,0,,0.0,-1.0,-0.134644238971409,7,0.3610913681505969,1,2.2,2.2,1.2000000000000002,7-3-8,normalized inverse closing win odds,official KRA final winning-combination dividend,descriptive settlement; not executable EDGE/EV
20260815,20260815_1_06,1,6,11,3,복승,55,7-10,0.14434527929124144,0.1322804346844055,0.012064844606835934,0,,0.0,-1.0,-0.1322804346844055,7-10,0.1322804346844055,0,,0.0,-1.0,7-3-8,Plackett-Luce/Harville proxy from normalized inverse closing win odds,official KRA final winning-combination dividend,descriptive settlement; not executable EDGE/EV
20260815,20260815_1_06,1,6,11,3,복연승,55,7-10,0.3407928671195839,0.3176006781048945,0.02319218901468939,0,,0.0,-1.0,-0.3176006781048945,7-10,0.3176006781048945,0,,0.0,-1.0,7-3-8,Plackett-Luce/Harville proxy from normalized inverse closing win odds,official KRA final winning-combination dividend,descriptive settlement; not executable EDGE/EV
20260815,20260815_1_06,1,6,11,3,삼복승,165,6-7-10,0.048883179060364226,0.04189986373009835,0.006983315330265874,0,,0.0,-1.0,-0.04189986373009835,5-7-10,0.07735177949050809,0,,0.0,-1.0,7-3-8,Plackett-Luce/Harville proxy from normalized inverse closing win odds,official KRA final winning-combination dividend,descriptive settlement; not executable EDGE/EV
20260815,20260815_1_06,1,6,11,3,삼쌍승,990,7-10-6,0.011980683876315866,0.010159342564252025,0.0018213413120638407,0,,0.0,-1.0,-0.010159342564252025,7-10-5,0.01762944739090792,0,,0.0,-1.0,7-3-8,Plackett-Luce/Harville proxy from normalized inverse closing win odds,official KRA final winning-combination dividend,descriptive settlement; not executable EDGE/EV
20260815,20260815_1_06,1,6,11,3,쌍승,110,7-10,0.08312687904112105,0.07609675318213878,0.007030125858982272,0,,0.0,-1.0,-0.07609675318213878,7-10,0.07609675318213878,0,,0.0,-1.0,7-3-8,Plackett-Luce/Harville proxy from normalized inverse closing win odds,official KRA final winning-combination dividend,descriptive settlement; not executable EDGE/EV
20260815,20260815_1_06,1,6,11,3,연승,11,10,0.46013412400113657,0.4368968351250602,0.023237288876076345,0,,0.0,-1.0,-0.4368968351250602,7,0.7831785002015303,1,1.2,1.2,0.19999999999999996,7-3-8,Plackett-Luce/Harville proxy from normalized inverse closing win odds,official KRA final winning-combination dividend,descriptive settlement; not executable EDGE/EV
20260815,20260815_1_07,1,7,10,3,단승,10,1,0.3736306474103323,0.3637044146840087,0.009926232726323592,0,,0.0,-1.0,-0.3637044146840087,1,0.3637044146840087,0,,0.0,-1.0,4-7-3,normalized inverse closing win odds,official KRA final winning-combination dividend,descriptive settlement; not executable EDGE/EV
20260815,20260815_1_07,1,7,10,3,복승,45,1-8,0.19183068463492475,0.17601341053995537,0.015817274094969386,0,,0.0,-1.0,-0.17601341053995537,1-7,0.2052880951255407,0,,0.0,-1.0,4-7-3,Plackett-Luce/Harville proxy from normalized inverse closing win odds,official KRA final winning-combination dividend,descriptive settlement; not executable EDGE/EV
20260815,20260815_1_07,1,7,10,3,복연승,45,1-8,0.45673408916013974,0.4316294152453863,0.02510467391475346,0,,0.0,-1.0,-0.4316294152453863,1-7,0.4767905328386022,0,,0.0,-1.0,4-7-3,Plackett-Luce/Harville proxy from normalized inverse closing win odds,official KRA final winning-combination dividend,descriptive settlement; not executable EDGE/EV
20260815,20260815_1_07,1,7,10,3,삼복승,120,1-3-8,0.09785902097530086,0.0808750080809437,0.016984012894357164,0,,0.0,-1.0,-0.0808750080809437,1-7-8,0.20774888655875662,0,,0.0,-1.0,4-7-3,Plackett-Luce/Harville proxy from normalized inverse closing win odds,official KRA final winning-combination dividend,descriptive settlement; not executable EDGE/EV
20260815,20260815_1_07,1,7,10,3,삼쌍승,720,1-8-3,0.023921828425092516,0.019553333500442582,0.0043684949246499336,0,,0.0,-1.0,-0.019553333500442582,1-7-8,0.04559012529838471,0,,0.0,-1.0,4-7-3,Plackett-Luce/Harville proxy from normalized inverse closing win odds,official KRA final winning-combination dividend,descriptive settlement; not executable EDGE/EV
20260815,20260815_1_07,1,7,10,3,쌍승,90,1-8,0.10863401954452648,0.09942671350197267,0.009207306042553806,0,,0.0,-1.0,-0.09942671350197267,1-7,0.11434072052726861,0,,0.0,-1.0,4-7-3,Plackett-Luce/Harville proxy from normalized inverse closing win odds,official KRA final winning-combination dividend,descriptive settlement; not executable EDGE/EV
20260815,20260815_1_07,1,7,10,3,연승,10,3,0.3597531069226468,0.3346940995819912,0.02505900734065558,1,2.1,2.1,1.1,0.6653059004180089,1,0.8132599817469739,0,,0.0,-1.0,4-7-3,Plackett-Luce/Harville proxy from normalized inverse closing win odds,official KRA final winning-combination dividend,descriptive settlement; not executable EDGE/EV
20260815,20260815_1_08,1,8,10,3,단승,10,4,0.3649661551217351,0.3315838967381646,0.03338225838357051,1,2.4,2.4,1.4,0.6684161032618354,4,0.3315838967381646,1,2.4,2.4,1.4,4-10-3,normalized inverse closing win odds,official KRA final winning-combination dividend,descriptive settlement; not executable EDGE/EV
20260815,20260815_1_08,1,8,10,3,복승,45,3-4,0.11421890080507079,0.10044240154520569,0.0137764992598651,0,,0.0,-1.0,-0.10044240154520569,4-10,0.11446575419216852,1,8.3,8.3,7.300000000000001,4-10-3,Plackett-Luce/Harville proxy from normalized inverse closing win odds,official KRA final winning-combination dividend,descriptive settlement; not executable EDGE/EV
20260815,20260815_1_08,1,8,10,3,복연승,45,3-4,0.28331476714785053,0.2560355359500424,0.027279231197808118,1,3.3,3.3,2.3,0.7439644640499576,4-10,0.2858480734189288,1,3.1,3.1,2.1,4-10-3,Plackett-Luce/Harville proxy from normalized inverse closing win odds,official KRA final winning-combination dividend,descriptive settlement; not executable EDGE/EV
20260815,20260815_1_08,1,8,10,3,삼복승,120,3-4-7,0.0715763070632892,0.062117636270585454,0.009458670792703745,0,,0.0,-1.0,-0.062117636270585454,4-7-10,0.07169704740288252,0,,0.0,-1.0,4-10-3,Plackett-Luce/Harville proxy from normalized inverse closing win odds,official KRA final winning-combination dividend,descriptive settlement; not executable EDGE/EV
20260815,20260815_1_08,1,8,10,3,삼쌍승,720,4-3-7,0.01603231253750783,0.013277769243800482,0.0027545432937073483,0,,0.0,-1.0,-0.013277769243800482,4-10-7,0.01544140783355839,0,,0.0,-1.0,4-10-3,Plackett-Luce/Harville proxy from normalized inverse closing win odds,official KRA final winning-combination dividend,descriptive settlement; not executable EDGE/EV
20260815,20260815_1_08,1,8,10,3,쌍승,90,4-3,0.06647981719870064,0.057213973276995185,0.00926584392170545,0,,0.0,-1.0,-0.057213973276995185,4-10,0.0647174451821749,1,12.6,12.6,11.6,4-10-3,Plackett-Luce/Harville proxy from normalized inverse closing win odds,official KRA final winning-combination dividend,descriptive settlement; not executable EDGE/EV
20260815,20260815_1_08,1,8,10,3,연승,10,4,0.7904432058696972,0.750372731974372,0.04007047389532514,1,1.3,1.3,0.30000000000000004,0.24962726802562796,4,0.750372731974372,1,1.3,1.3,0.30000000000000004,4-10-3,Plackett-Luce/Harville proxy from normalized inverse closing win odds,official KRA final winning-combination dividend,descriptive settlement; not executable EDGE/EV
20260815,20260815_1_09,1,9,9,3,단승,9,9,0.3879430214387463,0.3479481423254448,0.03999487911330152,0,,0.0,-1.0,-0.3479481423254448,9,0.3479481423254448,0,,0.0,-1.0,3-7-11,normalized inverse closing win odds,official KRA final winning-combination dividend,descriptive settlement; not executable EDGE/EV
20260815,20260815_1_09,1,9,9,3,복승,36,3-9,0.23516303835135116,0.21385595621702658,0.021307082134324584,0,,0.0,-1.0,-0.21385595621702658,3-9,0.21385595621702658,0,,0.0,-1.0,3-7-11,Plackett-Luce/Harville proxy from normalized inverse closing win odds,official KRA final winning-combination dividend,descriptive settlement; not executable EDGE/EV
20260815,20260815_1_09,1,9,9,3,복연승,36,3-9,0.5150630080756406,0.4837439629623692,0.03131904511327144,0,,0.0,-1.0,-0.4837439629623692,3-9,0.4837439629623692,0,,0.0,-1.0,3-7-11,Plackett-Luce/Harville proxy from normalized inverse closing win odds,official KRA final winning-combination dividend,descriptive settlement; not executable EDGE/EV
20260815,20260815_1_09,1,9,9,3,삼복승,84,3-4-9,0.14050721614249043,0.1258533021882154,0.014653913954275039,0,,0.0,-1.0,-0.1258533021882154,1-3-9,0.15753999495117738,0,,0.0,-1.0,3-7-11,Plackett-Luce/Harville proxy from normalized inverse closing win odds,official KRA final winning-combination dividend,descriptive settlement; not executable EDGE/EV
20260815,20260815_1_09,1,9,9,3,삼쌍승,504,9-3-4,0.03530558959114935,0.02971936708729298,0.005586222503856372,0,,0.0,-1.0,-0.02971936708729298,9-3-1,0.03608780289171293,0,,0.0,-1.0,3-7-11,Plackett-Luce/Harville proxy from normalized inverse closing win odds,official KRA final winning-combination dividend,descriptive settlement; not executable EDGE/EV
20260815,20260815_1_09,1,9,9,3,쌍승,72,9-3,0.13256664649628846,0.11658487633413936,0.015981770162149106,0,,0.0,-1.0,-0.11658487633413936,9-3,0.11658487633413936,0,,0.0,-1.0,3-7-11,Plackett-Luce/Harville proxy from normalized inverse closing win odds,official KRA final winning-combination dividend,descriptive settlement; not executable EDGE/EV
20260815,20260815_1_09,1,9,9,3,연승,9,9,0.8361441996623563,0.7944542296928971,0.04168996996945917,0,,0.0,-1.0,-0.7944542296928971,9,0.7944542296928971,0,,0.0,-1.0,3-7-11,Plackett-Luce/Harville proxy from normalized inverse closing win odds,official KRA final winning-combination dividend,descriptive settlement; not executable EDGE/EV
20260815,20260815_1_10,1,10,8,3,단승,8,8,0.1277719204155765,0.1043252918027246,0.023446628612851905,0,,0.0,-1.0,-0.1043252918027246,1,0.4462804149338777,0,,0.0,-1.0,6-2-7,normalized inverse closing win odds,official KRA final winning-combination dividend,descriptive settlement; not executable EDGE/EV
20260815,20260815_1_10,1,10,8,3,복승,28,6-8,0.06590701810899133,0.04695021076029178,0.018956807348699548,0,,0.0,-1.0,-0.04695021076029178,1-6,0.2596954577278784,0,,0.0,-1.0,6-2-7,Plackett-Luce/Harville proxy from normalized inverse closing win odds,official KRA final winning-combination dividend,descriptive settlement; not executable EDGE/EV
20260815,20260815_1_10,1,10,8,3,복연승,28,6-8,0.2608140112756444,0.21132196809739487,0.04949204317824954,0,,0.0,-1.0,-0.21132196809739487,1-6,0.564807577170448,0,,0.0,-1.0,6-2-7,Plackett-Luce/Harville proxy from normalized inverse closing win odds,official KRA final winning-combination dividend,descriptive settlement; not executable EDGE/EV
20260815,20260815_1_10,1,10,8,3,삼복승,56,1-6-8,0.18903964505364687,0.16240222443614635,0.026637420617500518,0,,0.0,-1.0,-0.16240222443614635,1-2-6,0.24097930545659862,0,,0.0,-1.0,6-2-7,Plackett-Luce/Harville proxy from normalized inverse closing win odds,official KRA final winning-combination dividend,descriptive settlement; not executable EDGE/EV
20260815,20260815_1_10,1,10,8,3,삼쌍승,336,6-1-8,0.036080383417405146,0.030378423543346154,0.005701959874058991,0,,0.0,-1.0,-0.030378423543346154,1-6-2,0.06211702928694557,0,,0.0,-1.0,6-2-7,Plackett-Luce/Harville proxy from normalized inverse closing win odds,official KRA final winning-combination dividend,descriptive settlement; not executable EDGE/EV
20260815,20260815_1_10,1,10,8,3,쌍승,56,6-8,0.03465351884874163,0.02467251133227745,0.009981007516464177,0,,0.0,-1.0,-0.02467251133227745,1-6,0.15415193702869143,0,,0.0,-1.0,6-2-7,Plackett-Luce/Harville proxy from normalized inverse closing win odds,official KRA final winning-combination dividend,descriptive settlement; not executable EDGE/EV
20260815,20260815_1_10,1,10,8,3,연승,8,8,0.4764193953372759,0.41910580727961516,0.057313588057660736,0,,0.0,-1.0,-0.41910580727961516,1,0.8932477058719165,0,,0.0,-1.0,6-2-7,Plackett-Luce/Harville proxy from normalized inverse closing win odds,official KRA final winning-combination dividend,descriptive settlement; not executable EDGE/EV
20260816,20260816_1_01,1,1,9,3,단승,9,8,0.295906019846364,0.2670467726735166,0.02885924717284738,0,,0.0,-1.0,-0.2670467726735166,8,0.2670467726735166,0,,0.0,-1.0,3-9-8,normalized inverse closing win odds,official KRA final winning-combination dividend,descriptive settlement; not executable EDGE/EV
20260816,20260816_1_01,1,1,9,3,복승,36,8-9,0.18722745328970328,0.1626684618026144,0.02455899148708887,0,,0.0,-1.0,-0.1626684618026144,8-9,0.1626684618026144,0,,0.0,-1.0,3-9-8,Plackett-Luce/Harville proxy from normalized inverse closing win odds,official KRA final winning-combination dividend,descriptive settlement; not executable EDGE/EV
20260816,20260816_1_01,1,1,9,3,복연승,36,8-9,0.4572870500063236,0.41693075850465633,0.04035629150166725,1,2.9,2.9,1.9,0.5830692414953437,8-9,0.41693075850465633,1,2.9,2.9,1.9,3-9-8,Plackett-Luce/Harville proxy from normalized inverse closing win odds,official KRA final winning-combination dividend,descriptive settlement; not executable EDGE/EV
20260816,20260816_1_01,1,1,9,3,삼복승,84,1-8-9,0.15290487027342095,0.1422544029600665,0.01065046731335445,0,,0.0,-1.0,-0.1422544029600665,3-8-9,0.16835050128944254,1,6.1,6.1,5.1,3-9-8,Plackett-Luce/Harville proxy from normalized inverse closing win odds,official KRA final winning-combination dividend,descriptive settlement; not executable EDGE/EV
20260816,20260816_1_01,1,1,9,3,삼쌍승,504,8-9-3,0.03588421884304801,0.031559646597919926,0.004324572245128083,0,,0.0,-1.0,-0.031559646597919926,8-9-3,0.031559646597919926,0,,0.0,-1.0,3-9-8,Plackett-Luce/Harville proxy from normalized inverse closing win odds,official KRA final winning-combination dividend,descriptive settlement; not executable EDGE/EV
20260816,20260816_1_01,1,1,9,3,쌍승,72,8-9,0.09765537017420454,0.08339722817215424,0.014258142002050306,0,,0.0,-1.0,-0.08339722817215424,8-9,0.08339722817215424,0,,0.0,-1.0,3-9-8,Plackett-Luce/Harville proxy from normalized inverse closing win odds,official KRA final winning-combination dividend,descriptive settlement; not executable EDGE/EV
20260816,20260816_1_01,1,1,9,3,연승,9,8,0.742443499437724,0.7018610288838995,0.04058247055382458,1,1.3,1.3,0.30000000000000004,0.29813897111610055,8,0.7018610288838995,1,1.3,1.3,0.30000000000000004,3-9-8,Plackett-Luce/Harville proxy from normalized inverse closing win odds,official KRA final winning-combination dividend,descriptive settlement; not executable EDGE/EV
20260816,20260816_1_02,1,2,11,3,단승,11,3,0.1552543277440021,0.13505725913612,0.020197068607882118,0,,0.0,-1.0,-0.13505725913612,5,0.2414660087585176,0,,0.0,-1.0,10-9-11,normalized inverse closing win odds,official KRA final winning-combination dividend,descriptive settlement; not executable EDGE/EV
20260816,20260816_1_02,1,2,11,3,복승,55,3-5,0.09186634760717516,0.08069703888411686,0.011169308723058297,0,,0.0,-1.0,-0.08069703888411686,5-10,0.13483233497076974,0,,0.0,-1.0,10-9-11,Plackett-Luce/Harville proxy from normalized inverse closing win odds,official KRA final winning-combination dividend,descriptive settlement; not executable EDGE/EV
20260816,20260816_1_02,1,2,11,3,복연승,55,3-5,0.2534936317864757,0.22647390500317327,0.027019726783302445,0,,0.0,-1.0,-0.22647390500317327,5-10,0.33670098249173874,0,,0.0,-1.0,10-9-11,Plackett-Luce/Harville proxy from normalized inverse closing win odds,official KRA final winning-combination dividend,descriptive settlement; not executable EDGE/EV
20260816,20260816_1_02,1,2,11,3,삼복승,165,3-5-10,0.09909321401065038,0.08767983447175179,0.011413379538898594,0,,0.0,-1.0,-0.08767983447175179,3-5-10,0.08767983447175179,0,,0.0,-1.0,10-9-11,Plackett-Luce/Harville proxy from normalized inverse closing win odds,official KRA final winning-combination dividend,descriptive settlement; not executable EDGE/EV
20260816,20260816_1_02,1,2,11,3,삼쌍승,990,3-5-10,0.015234923621560604,0.013023704876878902,0.0022112187446817026,0,,0.0,-1.0,-0.013023704876878902,5-10-3,0.017046271488735165,0,,0.0,-1.0,10-9-11,Plackett-Luce/Harville proxy from normalized inverse closing win odds,official KRA final winning-combination dividend,descriptive settlement; not executable EDGE/EV
20260816,20260816_1_02,1,2,11,3,쌍승,110,3-5,0.04359210412520153,0.03770392625631156,0.005888177868889968,0,,0.0,-1.0,-0.03770392625631156,5-10,0.0685565850010949,0,,0.0,-1.0,10-9-11,Plackett-Luce/Harville proxy from normalized inverse closing win odds,official KRA final winning-combination dividend,descriptive settlement; not executable EDGE/EV
20260816,20260816_1_02,1,2,11,3,연승,11,3,0.46839217161047275,0.419757083071953,0.04863508853851978,0,,0.0,-1.0,-0.419757083071953,5,0.6308506051250231,0,,0.0,-1.0,10-9-11,Plackett-Luce/Harville proxy from normalized inverse closing win odds,official KRA final winning-combination dividend,descriptive settlement; not executable EDGE/EV
20260816,20260816_1_03,1,3,10,3,단승,10,2,0.3986588732104668,0.3839673929495823,0.01469148026088446,0,,0.0,-1.0,-0.3839673929495823,2,0.3839673929495823,0,,0.0,-1.0,1-4-3,normalized inverse closing win odds,official KRA final winning-combination dividend,descriptive settlement; not executable EDGE/EV
20260816,20260816_1_03,1,3,10,3,복승,45,2-6,0.1202908464457306,0.10726284833959626,0.013027998106134336,0,,0.0,-1.0,-0.10726284833959626,2-4,0.23567755517577668,0,,0.0,-1.0,1-4-3,Plackett-Luce/Harville proxy from normalized inverse closing win odds,official KRA final winning-combination dividend,descriptive settlement; not executable EDGE/EV
20260816,20260816_1_03,1,3,10,3,복연승,45,2-6,0.313898212333831,0.2837563969791543,0.030141815354676693,0,,0.0,-1.0,-0.2837563969791543,2-4,0.5068275660892716,0,,0.0,-1.0,1-4-3,Plackett-Luce/Harville proxy from normalized inverse closing win odds,official KRA final winning-combination dividend,descriptive settlement; not executable EDGE/EV
20260816,20260816_1_03,1,3,10,3,삼복승,120,2-4-6,0.1511942684020529,0.13274812586325427,0.018446142538798643,0,,0.0,-1.0,-0.13274812586325427,2-4-6,0.13274812586325427,0,,0.0,-1.0,1-4-3,Plackett-Luce/Harville proxy from normalized inverse closing win odds,official KRA final winning-combination dividend,descriptive settlement; not executable EDGE/EV
20260816,20260816_1_03,1,3,10,3,삼쌍승,720,2-4-6,0.03863074387036106,0.03342703030947786,0.0052037135608832,0,,0.0,-1.0,-0.03342703030947786,2-4-6,0.03342703030947786,0,,0.0,-1.0,1-4-3,Plackett-Luce/Harville proxy from normalized inverse closing win odds,official KRA final winning-combination dividend,descriptive settlement; not executable EDGE/EV
20260816,20260816_1_03,1,3,10,3,쌍승,90,2-6,0.07184010413788143,0.06361758712088386,0.008222517016997569,0,,0.0,-1.0,-0.06361758712088386,2-4,0.13225761533025857,0,,0.0,-1.0,1-4-3,Plackett-Luce/Harville proxy from normalized inverse closing win odds,official KRA final winning-combination dividend,descriptive settlement; not executable EDGE/EV
20260816,20260816_1_03,1,3,10,3,연승,10,6,0.4001013085307339,0.3727308208371876,0.027370487693546275,0,,0.0,-1.0,-0.3727308208371876,2,0.8266711958108047,0,,0.0,-1.0,1-4-3,Plackett-Luce/Harville proxy from normalized inverse closing win odds,official KRA final winning-combination dividend,descriptive settlement; not executable EDGE/EV
20260816,20260816_1_04,1,4,10,3,단승,10,3,0.5436539816707359,0.5025651249555583,0.04108885671517759,1,1.6,1.6,0.6000000000000001,0.4974348750444417,3,0.5025651249555583,1,1.6,1.6,0.6000000000000001,3-8-10,normalized inverse closing win odds,official KRA final winning-combination dividend,descriptive settlement; not executable EDGE/EV
20260816,20260816_1_04,1,4,10,3,복승,45,3-8,0.17531210780259232,0.151790653002153,0.023521454800439323,1,7.1,7.1,6.1,0.848209346997847,2-3,0.24316775337296118,0,,0.0,-1.0,3-8-10,Plackett-Luce/Harville proxy from normalized inverse closing win odds,official KRA final winning-combination dividend,descriptive settlement; not executable EDGE/EV
20260816,20260816_1_04,1,4,10,3,복연승,45,3-8,0.39374968211300326,0.35540224544059285,0.03834743667241042,1,2.8,2.8,1.7999999999999998,0.6445977545594072,2-3,0.5050623430022501,0,,0.0,-1.0,3-8-10,Plackett-Luce/Harville proxy from normalized inverse closing win odds,official KRA final winning-combination dividend,descriptive settlement; not executable EDGE/EV
20260816,20260816_1_04,1,4,10,3,삼복승,120,1-3-8,0.06962800674146939,0.05337743725334858,0.016250569488120814,0,,0.0,-1.0,-0.05337743725334858,2-3-8,0.14811083405553147,0,,0.0,-1.0,3-8-10,Plackett-Luce/Harville proxy from normalized inverse closing win odds,official KRA final winning-combination dividend,descriptive settlement; not executable EDGE/EV
20260816,20260816_1_04,1,4,10,3,삼쌍승,720,3-8-2,0.04321204084481407,0.037073605208933685,0.006138435635880388,0,,0.0,-1.0,-0.037073605208933685,3-2-8,0.04295423149627134,0,,0.0,-1.0,3-8-10,Plackett-Luce/Harville proxy from normalized inverse closing win odds,official KRA final winning-combination dividend,descriptive settlement; not executable EDGE/EV
20260816,20260816_1_04,1,4,10,3,쌍승,90,3-8,0.11642650389257443,0.09787918751583718,0.018547316376737247,1,9.0,9.0,8.0,0.9021208124841629,3-2,0.15328250120404702,0,,0.0,-1.0,3-8-10,Plackett-Luce/Harville proxy from normalized inverse closing win odds,official KRA final winning-combination dividend,descriptive settlement; not executable EDGE/EV
20260816,20260816_1_04,1,4,10,3,연승,10,1,0.30479934029165945,0.27631175341170955,0.0284875868799499,0,,0.0,-1.0,-0.27631175341170955,3,0.9125941408139892,1,1.1,1.1,0.10000000000000009,3-8-10,Plackett-Luce/Harville proxy from normalized inverse closing win odds,official KRA final winning-combination dividend,descriptive settlement; not executable EDGE/EV
20260816,20260816_1_05,1,5,8,3,단승,8,8,0.3011564624269458,0.2862649339422002,0.01489152848474562,1,2.8,2.8,1.7999999999999998,0.7137350660577998,8,0.2862649339422002,1,2.8,2.8,1.7999999999999998,8-5-6,normalized inverse closing win odds,official KRA final winning-combination dividend,descriptive settlement; not executable EDGE/EV
20260816,20260816_1_05,1,5,8,3,복승,28,1-8,0.16940019043028326,0.1479741683506281,0.02142602207965516,0,,0.0,-1.0,-0.1479741683506281,1-8,0.1479741683506281,0,,0.0,-1.0,8-5-6,Plackett-Luce/Harville proxy from normalized inverse closing win odds,official KRA final winning-combination dividend,descriptive settlement; not executable EDGE/EV
20260816,20260816_1_05,1,5,8,3,복연승,28,1-8,0.41712475169546637,0.3760105064614848,0.04111424523398155,0,,0.0,-1.0,-0.3760105064614848,1-8,0.3760105064614848,0,,0.0,-1.0,8-5-6,Plackett-Luce/Harville proxy from normalized inverse closing win odds,official KRA final winning-combination dividend,descriptive settlement; not executable EDGE/EV
20260816,20260816_1_05,1,5,8,3,삼복승,56,1-4-8,0.14406318398758103,0.11877794148419711,0.025285242503383917,0,,0.0,-1.0,-0.11877794148419711,1-6-8,0.12796677874919027,0,,0.0,-1.0,8-5-6,Plackett-Luce/Harville proxy from normalized inverse closing win odds,official KRA final winning-combination dividend,descriptive settlement; not executable EDGE/EV
20260816,20260816_1_05,1,5,8,3,삼쌍승,336,8-1-4,0.029487180787227424,0.023779404998600356,0.005707775788627068,0,,0.0,-1.0,-0.023779404998600356,8-1-6,0.02526561781101287,0,,0.0,-1.0,8-5-6,Plackett-Luce/Harville proxy from normalized inverse closing win odds,official KRA final winning-combination dividend,descriptive settlement; not executable EDGE/EV
20260816,20260816_1_05,1,5,8,3,쌍승,56,8-1,0.08995323738378247,0.07841035948383024,0.01154287789995223,0,,0.0,-1.0,-0.07841035948383024,8-1,0.07841035948383024,0,,0.0,-1.0,8-5-6,Plackett-Luce/Harville proxy from normalized inverse closing win odds,official KRA final winning-combination dividend,descriptive settlement; not executable EDGE/EV
20260816,20260816_1_05,1,5,8,3,연승,8,1,0.6078536275347146,0.5753210544354483,0.03253257309926627,0,,0.0,-1.0,-0.5753210544354483,8,0.7150126671467442,1,1.4,1.4,0.3999999999999999,8-5-6,Plackett-Luce/Harville proxy from normalized inverse closing win odds,official KRA final winning-combination dividend,descriptive settlement; not executable EDGE/EV
20260816,20260816_1_06,1,6,8,3,단승,8,6,0.455916065700676,0.4210338977773436,0.034882167923332374,1,1.9,1.9,0.8999999999999999,0.5789661022226564,6,0.4210338977773436,1,1.9,1.9,0.8999999999999999,6-8-2,normalized inverse closing win odds,official KRA final winning-combination dividend,descriptive settlement; not executable EDGE/EV
20260816,20260816_1_06,1,6,8,3,복승,28,2-6,0.247104685661719,0.22030667133888043,0.02679801432283857,0,,0.0,-1.0,-0.22030667133888043,2-6,0.22030667133888043,0,,0.0,-1.0,6-8-2,Plackett-Luce/Harville proxy from normalized inverse closing win odds,official KRA final winning-combination dividend,descriptive settlement; not executable EDGE/EV
20260816,20260816_1_06,1,6,8,3,복연승,28,2-6,0.5411518927227094,0.49760896294327556,0.0435429297794338,1,2.1,2.1,1.1,0.5023910370567244,2-6,0.49760896294327556,1,2.1,2.1,1.1,6-8-2,Plackett-Luce/Harville proxy from normalized inverse closing win odds,official KRA final winning-combination dividend,descriptive settlement; not executable EDGE/EV
20260816,20260816_1_06,1,6,8,3,삼복승,56,2-3-6,0.24820893467134614,0.21476764420299208,0.03344129046835406,0,,0.0,-1.0,-0.21476764420299208,2-3-6,0.21476764420299208,0,,0.0,-1.0,6-8-2,Plackett-Luce/Harville proxy from normalized inverse closing win odds,official KRA final winning-combination dividend,descriptive settlement; not executable EDGE/EV
20260816,20260816_1_06,1,6,8,3,삼쌍승,336,6-2-3,0.06313821001977725,0.05155441779201646,0.011583792227760792,0,,0.0,-1.0,-0.05155441779201646,6-2-3,0.05155441779201646,0,,0.0,-1.0,6-8-2,Plackett-Luce/Harville proxy from normalized inverse closing win odds,official KRA final winning-combination dividend,descriptive settlement; not executable EDGE/EV
20260816,20260816_1_06,1,6,8,3,쌍승,56,6-2,0.14872483166612308,0.12927724114278188,0.01944759052334119,0,,0.0,-1.0,-0.12927724114278188,6-2,0.12927724114278188,0,,0.0,-1.0,6-8-2,Plackett-Luce/Harville proxy from normalized inverse closing win odds,official KRA final winning-combination dividend,descriptive settlement; not executable EDGE/EV
20260816,20260816_1_06,1,6,8,3,연승,8,6,0.895672365513528,0.8663206932713544,0.02935167224217361,1,1.1,1.1,0.10000000000000009,0.13367930672864559,6,0.8663206932713544,1,1.1,1.1,0.10000000000000009,6-8-2,Plackett-Luce/Harville proxy from normalized inverse closing win odds,official KRA final winning-combination dividend,descriptive settlement; not executable EDGE/EV
20260816,20260816_1_07,1,7,9,3,단승,9,1,0.4618649474353527,0.4438440599198417,0.018020887515511008,0,,0.0,-1.0,-0.4438440599198417,1,0.4438440599198417,0,,0.0,-1.0,6-1-4,normalized inverse closing win odds,official KRA final winning-combination dividend,descriptive settlement; not executable EDGE/EV
20260816,20260816_1_07,1,7,9,3,복승,36,1-4,0.1926994389865756,0.17141299686174516,0.02128644212483044,0,,0.0,-1.0,-0.17141299686174516,1-6,0.17757873713766023,1,6.5,6.5,5.5,6-1-4,Plackett-Luce/Harville proxy from normalized inverse closing win odds,official KRA final winning-combination dividend,descriptive settlement; not executable EDGE/EV
20260816,20260816_1_07,1,7,9,3,복연승,36,1-4,0.4339957609050967,0.395713522224207,0.038282238680889646,1,1.9,1.9,0.8999999999999999,0.604286477775793,1-6,0.40647700527758424,1,3.3,3.3,2.3,6-1-4,Plackett-Luce/Harville proxy from normalized inverse closing win odds,official KRA final winning-combination dividend,descriptive settlement; not executable EDGE/EV
20260816,20260816_1_07,1,7,9,3,삼복승,84,1-4-6,0.15464040673883478,0.1346240325440298,0.02001637419480498,1,7.3,7.3,6.3,0.8653759674559702,1-4-6,0.1346240325440298,1,7.3,7.3,6.3,6-1-4,Plackett-Luce/Harville proxy from normalized inverse closing win odds,official KRA final winning-combination dividend,descriptive settlement; not executable EDGE/EV
20260816,20260816_1_07,1,7,9,3,삼쌍승,504,1-4-6,0.0395538430319762,0.03328735677778622,0.006266486254189976,0,,0.0,-1.0,-0.03328735677778622,1-6-4,0.033638602057664266,0,,0.0,-1.0,6-1-4,Plackett-Luce/Harville proxy from normalized inverse closing win odds,official KRA final winning-combination dividend,descriptive settlement; not executable EDGE/EV
20260816,20260816_1_07,1,7,9,3,쌍승,72,1-4,0.11862502209438733,0.10452180811366428,0.014103213980723048,0,,0.0,-1.0,-0.10452180811366428,1-6,0.10806492025311044,0,,0.0,-1.0,6-1-4,Plackett-Luce/Harville proxy from normalized inverse closing win odds,official KRA final winning-combination dividend,descriptive settlement; not executable EDGE/EV
20260816,20260816_1_07,1,7,9,3,연승,9,4,0.507032701342967,0.47439271320846016,0.0326399881345068,1,1.7,1.7,0.7,0.5256072867915398,1,0.8722346706940158,1,1.2,1.2,0.19999999999999996,6-1-4,Plackett-Luce/Harville proxy from normalized inverse closing win odds,official KRA final winning-combination dividend,descriptive settlement; not executable EDGE/EV
20260816,20260816_1_08,1,8,8,3,단승,8,4,0.3557162589468012,0.3497909331096257,0.005925325837175477,0,,0.0,-1.0,-0.3497909331096257,4,0.3497909331096257,0,,0.0,-1.0,5-1-8,normalized inverse closing win odds,official KRA final winning-combination dividend,descriptive settlement; not executable EDGE/EV
20260816,20260816_1_08,1,8,8,3,복승,28,1-4,0.18666001855022896,0.1766333610630884,0.010026657487140545,0,,0.0,-1.0,-0.1766333610630884,1-4,0.1766333610630884,0,,0.0,-1.0,5-1-8,Plackett-Luce/Harville proxy from normalized inverse closing win odds,official KRA final winning-combination dividend,descriptive settlement; not executable EDGE/EV
20260816,20260816_1_08,1,8,8,3,복연승,28,1-4,0.4484237217749268,0.43244874812851736,0.01597497364640943,0,,0.0,-1.0,-0.43244874812851736,1-4,0.43244874812851736,0,,0.0,-1.0,5-1-8,Plackett-Luce/Harville proxy from normalized inverse closing win odds,official KRA final winning-combination dividend,descriptive settlement; not executable EDGE/EV
20260816,20260816_1_08,1,8,8,3,삼복승,56,1-4-5,0.1660144771091321,0.1523427770946244,0.01367170001450771,0,,0.0,-1.0,-0.1523427770946244,1-3-4,0.15610163648414646,0,,0.0,-1.0,5-1-8,Plackett-Luce/Harville proxy from normalized inverse closing win odds,official KRA final winning-combination dividend,descriptive settlement; not executable EDGE/EV
20260816,20260816_1_08,1,8,8,3,삼쌍승,336,4-1-5,0.03649967614311045,0.03320093890187578,0.003298737241234667,0,,0.0,-1.0,-0.03320093890187578,4-1-3,0.0338649576799133,0,,0.0,-1.0,5-1-8,Plackett-Luce/Harville proxy from normalized inverse closing win odds,official KRA final winning-combination dividend,descriptive settlement; not executable EDGE/EV
20260816,20260816_1_08,1,8,8,3,쌍승,56,4-1,0.10405233076811565,0.09836469150920966,0.005687639258905988,0,,0.0,-1.0,-0.09836469150920966,4-1,0.09836469150920966,0,,0.0,-1.0,5-1-8,Plackett-Luce/Harville proxy from normalized inverse closing win odds,official KRA final winning-combination dividend,descriptive settlement; not executable EDGE/EV
20260816,20260816_1_08,1,8,8,3,연승,8,1,0.5893207457277041,0.575854299705694,0.013466446022010081,1,1.7,1.7,0.7,0.424145700294306,4,0.8007680201441916,0,,0.0,-1.0,5-1-8,Plackett-Luce/Harville proxy from normalized inverse closing win odds,official KRA final winning-combination dividend,descriptive settlement; not executable EDGE/EV
20260816,20260816_1_09,1,9,11,3,단승,11,4,0.1759703835922998,0.1605410816956576,0.015429301896642211,0,,0.0,-1.0,-0.1605410816956576,2,0.2767949684407891,0,,0.0,-1.0,10-9-4,normalized inverse closing win odds,official KRA final winning-combination dividend,descriptive settlement; not executable EDGE/EV
20260816,20260816_1_09,1,9,11,3,복승,55,2-4,0.13264449026036126,0.11437973420747656,0.018264756052884704,0,,0.0,-1.0,-0.11437973420747656,2-4,0.11437973420747656,0,,0.0,-1.0,10-9-4,Plackett-Luce/Harville proxy from normalized inverse closing win odds,official KRA final winning-combination dividend,descriptive settlement; not executable EDGE/EV
20260816,20260816_1_09,1,9,11,3,복연승,55,2-4,0.32251850292256673,0.28630981008963446,0.036208692832932265,0,,0.0,-1.0,-0.28630981008963446,2-4,0.28630981008963446,0,,0.0,-1.0,10-9-4,Plackett-Luce/Harville proxy from normalized inverse closing win odds,official KRA final winning-combination dividend,descriptive settlement; not executable EDGE/EV
20260816,20260816_1_09,1,9,11,3,삼복승,165,2-4-8,0.05866867822239379,0.04358750135551983,0.015081176866873963,0,,0.0,-1.0,-0.04358750135551983,2-4-10,0.06607153340987419,0,,0.0,-1.0,10-9-4,Plackett-Luce/Harville proxy from normalized inverse closing win odds,official KRA final winning-combination dividend,descriptive settlement; not executable EDGE/EV
20260816,20260816_1_09,1,9,11,3,삼쌍승,990,2-4-8,0.012663805773478714,0.009325286470651721,0.0033385193028269925,0,,0.0,-1.0,-0.009325286470651721,2-4-10,0.013485798896019424,0,,0.0,-1.0,10-9-4,Plackett-Luce/Harville proxy from normalized inverse closing win odds,official KRA final winning-combination dividend,descriptive settlement; not executable EDGE/EV
20260816,20260816_1_09,1,9,11,3,쌍승,110,2-4,0.07115640822144162,0.06144448904841656,0.009711919173025059,0,,0.0,-1.0,-0.06144448904841656,2-4,0.06144448904841656,0,,0.0,-1.0,10-9-4,Plackett-Luce/Harville proxy from normalized inverse closing win odds,official KRA final winning-combination dividend,descriptive settlement; not executable EDGE/EV
20260816,20260816_1_09,1,9,11,3,연승,11,4,0.5108899720142595,0.4732796948199765,0.03761027719428295,1,1.8,1.8,0.8,0.5267203051800236,2,0.6718792849775826,0,,0.0,-1.0,10-9-4,Plackett-Luce/Harville proxy from normalized inverse closing win odds,official KRA final winning-combination dividend,descriptive settlement; not executable EDGE/EV
20260816,20260816_1_10,1,10,11,3,단승,11,1,0.2089185210992334,0.1895062850649668,0.01941223603426659,1,4.2,4.2,3.2,0.8104937149350332,6,0.2040836916084258,0,,0.0,-1.0,1-7-6,normalized inverse closing win odds,official KRA final winning-combination dividend,descriptive settlement; not executable EDGE/EV
20260816,20260816_1_10,1,10,11,3,복승,55,1-10,0.10379665727508161,0.0863241787360624,0.017472478539019204,0,,0.0,-1.0,-0.0863241787360624,1-6,0.0963099749657465,0,,0.0,-1.0,1-7-6,Plackett-Luce/Harville proxy from normalized inverse closing win odds,official KRA final winning-combination dividend,descriptive settlement; not executable EDGE/EV
20260816,20260816_1_10,1,10,11,3,복연승,55,1-10,0.27850157592931846,0.24001821089018197,0.03848336503913649,0,,0.0,-1.0,-0.24001821089018197,1-6,0.2606270490484426,1,3.3,3.3,2.3,1-7-6,Plackett-Luce/Harville proxy from normalized inverse closing win odds,official KRA final winning-combination dividend,descriptive settlement; not executable EDGE/EV
20260816,20260816_1_10,1,10,11,3,삼복승,165,1-10-11,0.07191729586140147,0.05900886857189668,0.012908427289504788,0,,0.0,-1.0,-0.05900886857189668,1-6-10,0.08667453664877105,0,,0.0,-1.0,1-7-6,Plackett-Luce/Harville proxy from normalized inverse closing win odds,official KRA final winning-combination dividend,descriptive settlement; not executable EDGE/EV
20260816,20260816_1_10,1,10,11,3,삼쌍승,990,1-10-11,0.013066437864149141,0.01039253185518388,0.002673906008965261,0,,0.0,-1.0,-0.01039253185518388,6-1-10,0.014832098396073226,0,,0.0,-1.0,1-7-6,Plackett-Luce/Harville proxy from normalized inverse closing win odds,official KRA final winning-combination dividend,descriptive settlement; not executable EDGE/EV
20260816,20260816_1_10,1,10,11,3,쌍승,110,1-10,0.05225798075439197,0.04327911980381485,0.008978860950577115,0,,0.0,-1.0,-0.04327911980381485,6-1,0.04859197107948911,0,,0.0,-1.0,1-7-6,Plackett-Luce/Harville proxy from normalized inverse closing win odds,official KRA final winning-combination dividend,descriptive settlement; not executable EDGE/EV
20260816,20260816_1_10,1,10,11,3,연승,11,1,0.5741274014333182,0.5342364612319698,0.039890940201348424,1,1.7,1.7,0.7,0.4657635387680302,6,0.5617490468299768,1,1.7,1.7,0.7,1-7-6,Plackett-Luce/Harville proxy from normalized inverse closing win odds,official KRA final winning-combination dividend,descriptive settlement; not executable EDGE/EV
20260816,20260816_3_01,3,1,11,3,단승,11,1,0.4519187428690707,0.4407478824267462,0.011170860442324515,1,1.8,1.8,0.8,0.5592521175732539,1,0.4407478824267462,1,1.8,1.8,0.8,1-9-10,normalized inverse closing win odds,official KRA final winning-combination dividend,descriptive settlement; not executable EDGE/EV
20260816,20260816_3_01,3,1,11,3,복승,55,1-9,0.1691940583203416,0.15746378003568803,0.011730278284653561,1,7.4,7.4,6.4,0.8425362199643119,1-8,0.17444509405947534,0,,0.0,-1.0,1-9-10,Plackett-Luce/Harville proxy from normalized inverse closing win odds,official KRA final winning-combination dividend,descriptive settlement; not executable EDGE/EV
20260816,20260816_3_01,3,1,11,3,복연승,55,1-11,0.2361449980838341,0.214823322489886,0.021321675593948097,0,,0.0,-1.0,-0.214823322489886,1-8,0.39475083567062,0,,0.0,-1.0,1-9-10,Plackett-Luce/Harville proxy from normalized inverse closing win odds,official KRA final winning-combination dividend,descriptive settlement; not executable EDGE/EV
20260816,20260816_3_01,3,1,11,3,삼복승,165,1-9-11,0.0657334664038068,0.055614559607349096,0.010118906796457702,0,,0.0,-1.0,-0.055614559607349096,1-8-9,0.12087540440761081,0,,0.0,-1.0,1-9-10,Plackett-Luce/Harville proxy from normalized inverse closing win odds,official KRA final winning-combination dividend,descriptive settlement; not executable EDGE/EV
20260816,20260816_3_01,3,1,11,3,삼쌍승,990,1-9-11,0.017861867650788246,0.014918660782066759,0.0029432068687214874,0,,0.0,-1.0,-0.014918660782066759,1-8-9,0.030448916013071536,0,,0.0,-1.0,1-9-10,Plackett-Luce/Harville proxy from normalized inverse closing win odds,official KRA final winning-combination dividend,descriptive settlement; not executable EDGE/EV
20260816,20260816_3_01,3,1,11,3,쌍승,110,1-9,0.10398047335996029,0.0961904552298505,0.007790018130109794,1,10.4,10.4,9.4,0.9038095447701495,1-8,0.10597253542271666,0,,0.0,-1.0,1-9-10,Plackett-Luce/Harville proxy from normalized inverse closing win odds,official KRA final winning-combination dividend,descriptive settlement; not executable EDGE/EV
20260816,20260816_3_01,3,1,11,3,연승,11,11,0.28826919974144194,0.2670081678594611,0.021261031881980863,0,,0.0,-1.0,-0.2670081678594611,1,0.8649793947463293,1,1.2,1.2,0.19999999999999996,1-9-10,Plackett-Luce/Harville proxy from normalized inverse closing win odds,official KRA final winning-combination dividend,descriptive settlement; not executable EDGE/EV
20260816,20260816_3_02,3,2,11,3,단승,11,1,0.6218876156639375,0.616321633015235,0.00556598264870245,0,,0.0,-1.0,-0.616321633015235,1,0.616321633015235,0,,0.0,-1.0,5-2-6,normalized inverse closing win odds,official KRA final winning-combination dividend,descriptive settlement; not executable EDGE/EV
20260816,20260816_3_02,3,2,11,3,복승,55,1-9,0.2213787324818449,0.2079895554389579,0.013389177042887002,0,,0.0,-1.0,-0.2079895554389579,1-9,0.2079895554389579,0,,0.0,-1.0,5-2-6,Plackett-Luce/Harville proxy from normalized inverse closing win odds,official KRA final winning-combination dividend,descriptive settlement; not executable EDGE/EV
20260816,20260816_3_02,3,2,11,3,복연승,55,1-9,0.4522160921932504,0.4285122870100379,0.023703805183212467,0,,0.0,-1.0,-0.4285122870100379,1-9,0.4285122870100379,0,,0.0,-1.0,5-2-6,Plackett-Luce/Harville proxy from normalized inverse closing win odds,official KRA final winning-combination dividend,descriptive settlement; not executable EDGE/EV
20260816,20260816_3_02,3,2,11,3,삼복승,165,1-9-10,0.13385132081319936,0.11942722497388296,0.014424095839316406,0,,0.0,-1.0,-0.11942722497388296,1-9-10,0.11942722497388296,0,,0.0,-1.0,5-2-6,Plackett-Luce/Harville proxy from normalized inverse closing win odds,official KRA final winning-combination dividend,descriptive settlement; not executable EDGE/EV
20260816,20260816_3_02,3,2,11,3,삼쌍승,990,1-9-10,0.04400848554938304,0.03887779424358941,0.005130691305793626,0,,0.0,-1.0,-0.03887779424358941,1-9-10,0.03887779424358941,0,,0.0,-1.0,5-2-6,Plackett-Luce/Harville proxy from normalized inverse closing win odds,official KRA final winning-combination dividend,descriptive settlement; not executable EDGE/EV
20260816,20260816_3_02,3,2,11,3,쌍승,110,1-9,0.15614519424487253,0.14625414753462446,0.00989104671024807,0,,0.0,-1.0,-0.14625414753462446,1-9,0.14625414753462446,0,,0.0,-1.0,5-2-6,Plackett-Luce/Harville proxy from normalized inverse closing win odds,official KRA final winning-combination dividend,descriptive settlement; not executable EDGE/EV
20260816,20260816_3_02,3,2,11,3,연승,11,9,0.4753455232635165,0.4523191489241084,0.023026374339408073,0,,0.0,-1.0,-0.4523191489241084,1,0.959606133674343,0,,0.0,-1.0,5-2-6,Plackett-Luce/Harville proxy from normalized inverse closing win odds,official KRA final winning-combination dividend,descriptive settlement; not executable EDGE/EV
20260816,20260816_3_03,3,3,10,3,단승,10,4,0.2461449409044369,0.2221156287495425,0.0240293121548944,0,,0.0,-1.0,-0.2221156287495425,4,0.2221156287495425,0,,0.0,-1.0,7-9-1,normalized inverse closing win odds,official KRA final winning-combination dividend,descriptive settlement; not executable EDGE/EV
20260816,20260816_3_03,3,3,10,3,복승,45,4-5,0.08394348434700985,0.06738855314093553,0.01655493120607432,0,,0.0,-1.0,-0.06738855314093553,1-4,0.0987349671966768,0,,0.0,-1.0,7-9-1,Plackett-Luce/Harville proxy from normalized inverse closing win odds,official KRA final winning-combination dividend,descriptive settlement; not executable EDGE/EV
20260816,20260816_3_03,3,3,10,3,복연승,45,4-5,0.22848977158967015,0.1902627915107905,0.03822698007887965,0,,0.0,-1.0,-0.1902627915107905,1-4,0.26151569044476325,0,,0.0,-1.0,7-9-1,Plackett-Luce/Harville proxy from normalized inverse closing win odds,official KRA final winning-combination dividend,descriptive settlement; not executable EDGE/EV
20260816,20260816_3_03,3,3,10,3,삼복승,120,4-5-9,0.04112230111739446,0.029862390042470613,0.01125991107492385,0,,0.0,-1.0,-0.029862390042470613,1-4-7,0.06642174506599031,0,,0.0,-1.0,7-9-1,Plackett-Luce/Harville proxy from normalized inverse closing win odds,official KRA final winning-combination dividend,descriptive settlement; not executable EDGE/EV
20260816,20260816_3_03,3,3,10,3,삼쌍승,720,4-5-9,0.008121202781412989,0.005748540402957923,0.002372662378455066,0,,0.0,-1.0,-0.005748540402957923,4-1-7,0.012290286277435721,0,,0.0,-1.0,7-9-1,Plackett-Luce/Harville proxy from normalized inverse closing win odds,official KRA final winning-combination dividend,descriptive settlement; not executable EDGE/EV
20260816,20260816_3_03,3,3,10,3,쌍승,90,4-5,0.04480001952433528,0.03567514251021308,0.0091248770141222,0,,0.0,-1.0,-0.03567514251021308,4-1,0.05073798045896973,0,,0.0,-1.0,7-9-1,Plackett-Luce/Harville proxy from normalized inverse closing win odds,official KRA final winning-combination dividend,descriptive settlement; not executable EDGE/EV
20260816,20260816_3_03,3,3,10,3,연승,10,4,0.6324047431705603,0.590373555550006,0.042031187620554245,0,,0.0,-1.0,-0.590373555550006,4,0.590373555550006,0,,0.0,-1.0,7-9-1,Plackett-Luce/Harville proxy from normalized inverse closing win odds,official KRA final winning-combination dividend,descriptive settlement; not executable EDGE/EV
20260816,20260816_3_04,3,4,11,3,단승,11,7,0.3740998733319909,0.3612630335286313,0.01283683980335959,0,,0.0,-1.0,-0.3612630335286313,7,0.3612630335286313,0,,0.0,-1.0,10-7-4,normalized inverse closing win odds,official KRA final winning-combination dividend,descriptive settlement; not executable EDGE/EV
20260816,20260816_3_04,3,4,11,3,복승,55,1-7,0.07597655054541091,0.06362955237691202,0.012346998168498893,0,,0.0,-1.0,-0.06362955237691202,3-7,0.10725971876972859,0,,0.0,-1.0,10-7-4,Plackett-Luce/Harville proxy from normalized inverse closing win odds,official KRA final winning-combination dividend,descriptive settlement; not executable EDGE/EV
20260816,20260816_3_04,3,4,11,3,복연승,55,1-7,0.19318585077501296,0.16561063082620964,0.027575219948803326,0,,0.0,-1.0,-0.16561063082620964,3-7,0.26476018454057393,0,,0.0,-1.0,10-7-4,Plackett-Luce/Harville proxy from normalized inverse closing win odds,official KRA final winning-combination dividend,descriptive settlement; not executable EDGE/EV
20260816,20260816_3_04,3,4,11,3,삼복승,165,1-7-8,0.02204280939974408,0.016325424292617137,0.005717385107126945,0,,0.0,-1.0,-0.016325424292617137,3-6-7,0.051754254504010035,0,,0.0,-1.0,10-7-4,Plackett-Luce/Harville proxy from normalized inverse closing win odds,official KRA final winning-combination dividend,descriptive settlement; not executable EDGE/EV
20260816,20260816_3_04,3,4,11,3,삼쌍승,990,7-1-3,0.008766184780090168,0.0072904987538993426,0.001475686026190825,0,,0.0,-1.0,-0.0072904987538993426,7-3-6,0.011888080285749855,0,,0.0,-1.0,10-7-4,Plackett-Luce/Harville proxy from normalized inverse closing win odds,official KRA final winning-combination dividend,descriptive settlement; not executable EDGE/EV
20260816,20260816_3_04,3,4,11,3,쌍승,110,7-1,0.04529892524034534,0.03777467328601764,0.007524251954327696,0,,0.0,-1.0,-0.03777467328601764,7-3,0.062433140569945825,0,,0.0,-1.0,10-7-4,Plackett-Luce/Harville proxy from normalized inverse closing win odds,official KRA final winning-combination dividend,descriptive settlement; not executable EDGE/EV
20260816,20260816_3_04,3,4,11,3,연승,11,1,0.2688482395391224,0.2375331777271898,0.03131506181193261,0,,0.0,-1.0,-0.2375331777271898,7,0.7813049009824177,1,1.4,1.4,0.3999999999999999,10-7-4,Plackett-Luce/Harville proxy from normalized inverse closing win odds,official KRA final winning-combination dividend,descriptive settlement; not executable EDGE/EV
20260816,20260816_3_05,3,5,11,3,단승,11,5,0.4131268476147445,0.365669021733138,0.04745782588160652,1,2.2,2.2,1.2000000000000002,0.634330978266862,5,0.365669021733138,1,2.2,2.2,1.2000000000000002,5-2-7,normalized inverse closing win odds,official KRA final winning-combination dividend,descriptive settlement; not executable EDGE/EV
20260816,20260816_3_05,3,5,11,3,복승,55,5-7,0.1453723777333042,0.11547005772752611,0.029902320005778082,0,,0.0,-1.0,-0.11547005772752611,4-5,0.22024243681873695,0,,0.0,-1.0,5-2-7,Plackett-Luce/Harville proxy from normalized inverse closing win odds,official KRA final winning-combination dividend,descriptive settlement; not executable EDGE/EV
20260816,20260816_3_05,3,5,11,3,복연승,55,5-7,0.36164663311328143,0.3011505511435021,0.06049608196977935,1,2.6,2.6,1.6,0.6988494488564979,4-5,0.48032314871403947,0,,0.0,-1.0,5-2-7,Plackett-Luce/Harville proxy from normalized inverse closing win odds,official KRA final winning-combination dividend,descriptive settlement; not executable EDGE/EV
20260816,20260816_3_05,3,5,11,3,삼복승,165,4-5-7,0.1741050597813668,0.1402292492715783,0.03387581050978852,0,,0.0,-1.0,-0.1402292492715783,4-5-7,0.1402292492715783,0,,0.0,-1.0,5-2-7,Plackett-Luce/Harville proxy from normalized inverse closing win odds,official KRA final winning-combination dividend,descriptive settlement; not executable EDGE/EV
20260816,20260816_3_05,3,5,11,3,삼쌍승,990,5-4-7,0.04421054486651966,0.03366690082626509,0.010543644040254568,0,,0.0,-1.0,-0.03366690082626509,5-4-7,0.03366690082626509,0,,0.0,-1.0,5-2-7,Plackett-Luce/Harville proxy from normalized inverse closing win odds,official KRA final winning-combination dividend,descriptive settlement; not executable EDGE/EV
20260816,20260816_3_05,3,5,11,3,쌍승,110,5-7,0.08706482408441883,0.06721001753789219,0.019854806546526646,0,,0.0,-1.0,-0.06721001753789219,5-4,0.12203924237143578,0,,0.0,-1.0,5-2-7,Plackett-Luce/Harville proxy from normalized inverse closing win odds,official KRA final winning-combination dividend,descriptive settlement; not executable EDGE/EV
20260816,20260816_3_05,3,5,11,3,연승,11,5,0.8521806880701548,0.8038507092579701,0.048329978812184704,1,1.1,1.1,0.10000000000000009,0.1961492907420299,5,0.8038507092579701,1,1.1,1.1,0.10000000000000009,5-2-7,Plackett-Luce/Harville proxy from normalized inverse closing win odds,official KRA final winning-combination dividend,descriptive settlement; not executable EDGE/EV
20260816,20260816_3_06,3,6,8,3,단승,8,8,0.1615867971058379,0.1507113378233107,0.0108754592825272,0,,0.0,-1.0,-0.1507113378233107,4,0.6028453512932429,0,,0.0,-1.0,9-7-4,normalized inverse closing win odds,official KRA final winning-combination dividend,descriptive settlement; not executable EDGE/EV
20260816,20260816_3_06,3,6,8,3,복승,28,4-7,0.12061977964555282,0.11253860220664756,0.008081177438905254,0,,0.0,-1.0,-0.11253860220664756,4-8,0.335744877885109,0,,0.0,-1.0,9-7-4,Plackett-Luce/Harville proxy from normalized inverse closing win odds,official KRA final winning-combination dividend,descriptive settlement; not executable EDGE/EV
20260816,20260816_3_06,3,6,8,3,복연승,28,4-7,0.2947247533835645,0.2729044221106024,0.021820331272962123,1,2.6,2.6,1.6,0.7270955778893976,4-8,0.6248195016589471,0,,0.0,-1.0,9-7-4,Plackett-Luce/Harville proxy from normalized inverse closing win odds,official KRA final winning-combination dividend,descriptive settlement; not executable EDGE/EV
20260816,20260816_3_06,3,6,8,3,삼복승,56,4-7-8,0.14567003318119254,0.13365018716245405,0.012019846018738484,0,,0.0,-1.0,-0.13365018716245405,1-4-8,0.16415141947790954,0,,0.0,-1.0,9-7-4,Plackett-Luce/Harville proxy from normalized inverse closing win odds,official KRA final winning-combination dividend,descriptive settlement; not executable EDGE/EV
20260816,20260816_3_06,3,6,8,3,삼쌍승,336,8-4-7,0.02562598210566405,0.02267970961503465,0.002946272490629398,0,,0.0,-1.0,-0.02267970961503465,4-8-1,0.058668196727331604,0,,0.0,-1.0,9-7-4,Plackett-Luce/Harville proxy from normalized inverse closing win odds,official KRA final winning-combination dividend,descriptive settlement; not executable EDGE/EV
20260816,20260816_3_06,3,6,8,3,쌍승,56,7-4,0.03781503425919643,0.03323292545712314,0.004582108802073291,0,,0.0,-1.0,-0.03323292545712314,4-8,0.2287663752390129,0,,0.0,-1.0,9-7-4,Plackett-Luce/Harville proxy from normalized inverse closing win odds,official KRA final winning-combination dividend,descriptive settlement; not executable EDGE/EV
20260816,20260816_3_06,3,6,8,3,연승,8,7,0.31845527138573665,0.2902558828859233,0.02819938849981335,1,2.0,2.0,1.0,0.7097441171140767,4,0.9617600397021772,1,1.1,1.1,0.10000000000000009,9-7-4,Plackett-Luce/Harville proxy from normalized inverse closing win odds,official KRA final winning-combination dividend,descriptive settlement; not executable EDGE/EV
20260816,20260816_3_07,3,7,10,3,단승,10,4,0.3892953402102495,0.3612977940171044,0.027997546193145095,0,,0.0,-1.0,-0.3612977940171044,4,0.3612977940171044,0,,0.0,-1.0,3-7-4,normalized inverse closing win odds,official KRA final winning-combination dividend,descriptive settlement; not executable EDGE/EV
20260816,20260816_3_07,3,7,10,3,복승,45,4-6,0.14808693829740704,0.14005598346147416,0.008030954835932885,0,,0.0,-1.0,-0.14005598346147416,4-7,0.15486876195753774,0,,0.0,-1.0,3-7-4,Plackett-Luce/Harville proxy from normalized inverse closing win odds,official KRA final winning-combination dividend,descriptive settlement; not executable EDGE/EV
20260816,20260816_3_07,3,7,10,3,복연승,45,4-11,0.1670083977452213,0.1542894475574823,0.012718950187738998,0,,0.0,-1.0,-0.1542894475574823,4-7,0.3707447548859105,1,2.9,2.9,1.9,3-7-4,Plackett-Luce/Harville proxy from normalized inverse closing win odds,official KRA final winning-combination dividend,descriptive settlement; not executable EDGE/EV
20260816,20260816_3_07,3,7,10,3,삼복승,120,4-5-6,0.0837679636326978,0.07982233553202904,0.003945628100668758,0,,0.0,-1.0,-0.07982233553202904,4-6-7,0.11621446048292858,0,,0.0,-1.0,3-7-4,Plackett-Luce/Harville proxy from normalized inverse closing win odds,official KRA final winning-combination dividend,descriptive settlement; not executable EDGE/EV
20260816,20260816_3_07,3,7,10,3,삼쌍승,720,4-6-5,0.020039556678967112,0.018352992158325858,0.0016865645206412538,0,,0.0,-1.0,-0.018352992158325858,4-7-6,0.025916360075929915,0,,0.0,-1.0,3-7-4,Plackett-Luce/Harville proxy from normalized inverse closing win odds,official KRA final winning-combination dividend,descriptive settlement; not executable EDGE/EV
20260816,20260816_3_07,3,7,10,3,쌍승,90,4-6,0.08675703801579619,0.08029099824431093,0.0064660397714852574,0,,0.0,-1.0,-0.08029099824431093,4-7,0.08816266473885122,0,,0.0,-1.0,3-7-4,Plackett-Luce/Harville proxy from normalized inverse closing win odds,official KRA final winning-combination dividend,descriptive settlement; not executable EDGE/EV
20260816,20260816_3_07,3,7,10,3,연승,10,4,0.8225834483604424,0.7938142223903797,0.028769225970062706,1,1.2,1.2,0.19999999999999996,0.2061857776096203,4,0.7938142223903797,1,1.2,1.2,0.19999999999999996,3-7-4,Plackett-Luce/Harville proxy from normalized inverse closing win odds,official KRA final winning-combination dividend,descriptive settlement; not executable EDGE/EV
20260817,20260817_1_01,1,1,10,3,단승,10,6,0.0205963045229469,0.0190492877924375,0.0015470167305094012,0,,0.0,-1.0,-0.0190492877924375,2,0.7867355858276724,1,1.0,1.0,0.0,2-6-9,normalized inverse closing win odds,official KRA final winning-combination dividend,descriptive settlement; not executable EDGE/EV
20260817,20260817_1_01,1,1,10,3,복승,45,2-6,0.0916231391590358,0.08555088858430862,0.006072250574727184,1,7.7,7.7,6.7,0.9144491114156914,2-5,0.16258741688264636,0,,0.0,-1.0,2-6-9,Plackett-Luce/Harville proxy from normalized inverse closing win odds,official KRA final winning-combination dividend,descriptive settlement; not executable EDGE/EV
20260817,20260817_1_01,1,1,10,3,복연승,45,2-6,0.1930260829486029,0.18092268834023723,0.01210339460836568,1,3.6,3.6,2.6,0.8190773116597627,2-5,0.32525534109406484,0,,0.0,-1.0,2-6-9,Plackett-Luce/Harville proxy from normalized inverse closing win odds,official KRA final winning-combination dividend,descriptive settlement; not executable EDGE/EV
20260817,20260817_1_01,1,1,10,3,삼복승,120,2-5-6,0.036672269505902716,0.034555142992590146,0.00211712651331257,0,,0.0,-1.0,-0.034555142992590146,2-4-5,0.060562186337571926,0,,0.0,-1.0,2-6-9,Plackett-Luce/Harville proxy from normalized inverse closing win odds,official KRA final winning-combination dividend,descriptive settlement; not executable EDGE/EV
20260817,20260817_1_01,1,1,10,3,삼쌍승,720,2-6-5,0.013894296304542472,0.013058051981996418,0.000836244322546054,0,,0.0,-1.0,-0.013058051981996418,2-5-4,0.0242280072379961,0,,0.0,-1.0,2-6-9,Plackett-Luce/Harville proxy from normalized inverse closing win odds,official KRA final winning-combination dividend,descriptive settlement; not executable EDGE/EV
20260817,20260817_1_01,1,1,10,3,쌍승,90,2-6,0.075118887451445,0.07027310509888092,0.004845782352564082,1,9.5,9.5,8.5,0.929726894901119,2-5,0.13313207525613735,0,,0.0,-1.0,2-6-9,Plackett-Luce/Harville proxy from normalized inverse closing win odds,official KRA final winning-combination dividend,descriptive settlement; not executable EDGE/EV
20260817,20260817_1_01,1,1,10,3,연승,10,6,0.19520504920667303,0.18292653770662784,0.012278511500045192,1,3.5,3.5,2.5,0.8170734622933722,2,0.9929827428358805,1,1.1,1.1,0.10000000000000009,2-6-9,Plackett-Luce/Harville proxy from normalized inverse closing win odds,official KRA final winning-combination dividend,descriptive settlement; not executable EDGE/EV
20260817,20260817_1_02,1,2,10,3,단승,10,8,0.1308247098998966,0.1112032559570459,0.01962145394285071,0,,0.0,-1.0,-0.1112032559570459,2,0.4003317214453653,1,2.0,2.0,1.0,2-1-11,normalized inverse closing win odds,official KRA final winning-combination dividend,descriptive settlement; not executable EDGE/EV
20260817,20260817_1_02,1,2,10,3,복승,45,2-8,0.15265414340582173,0.12432618575777243,0.028327957648049296,0,,0.0,-1.0,-0.12432618575777243,2-11,0.23381515249678578,0,,0.0,-1.0,2-1-11,Plackett-Luce/Harville proxy from normalized inverse closing win odds,official KRA final winning-combination dividend,descriptive settlement; not executable EDGE/EV
20260817,20260817_1_02,1,2,10,3,복연승,45,2-8,0.3835192194555026,0.3255005663434525,0.05801865311205012,0,,0.0,-1.0,-0.3255005663434525,2-11,0.5172735518510149,1,2.1,2.1,1.1,2-1-11,Plackett-Luce/Harville proxy from normalized inverse closing win odds,official KRA final winning-combination dividend,descriptive settlement; not executable EDGE/EV
20260817,20260817_1_02,1,2,10,3,삼복승,120,2-8-11,0.17000132978360974,0.14676837966601403,0.023232950117595713,0,,0.0,-1.0,-0.14676837966601403,1-2-11,0.1850443842011468,1,5.2,5.2,4.2,2-1-11,Plackett-Luce/Harville proxy from normalized inverse closing win odds,official KRA final winning-combination dividend,descriptive settlement; not executable EDGE/EV
20260817,20260817_1_02,1,2,10,3,삼쌍승,720,2-8-11,0.037036677695596806,0.030421664254837517,0.00661501344075929,0,,0.0,-1.0,-0.030421664254837517,2-11-1,0.045391811240217655,0,,0.0,-1.0,2-1-11,Plackett-Luce/Harville proxy from normalized inverse closing win odds,official KRA final winning-combination dividend,descriptive settlement; not executable EDGE/EV
20260817,20260817_1_02,1,2,10,3,쌍승,90,2-8,0.09093388922947954,0.0742380287230047,0.01669586050647484,0,,0.0,-1.0,-0.0742380287230047,2-11,0.13362845170140844,0,,0.0,-1.0,2-1-11,Plackett-Luce/Harville proxy from normalized inverse closing win odds,official KRA final winning-combination dividend,descriptive settlement; not executable EDGE/EV
20260817,20260817_1_02,1,2,10,3,연승,10,8,0.474559301474225,0.4126804956801633,0.061878805794061686,0,,0.0,-1.0,-0.4126804956801633,2,0.8496675315993238,1,1.0,1.0,0.0,2-1-11,Plackett-Luce/Harville proxy from normalized inverse closing win odds,official KRA final winning-combination dividend,descriptive settlement; not executable EDGE/EV
20260817,20260817_1_03,1,3,8,3,단승,8,1,0.2837410291852959,0.2421385437658328,0.041602485419463126,0,,0.0,-1.0,-0.2421385437658328,1,0.2421385437658328,0,,0.0,-1.0,8-4-7,normalized inverse closing win odds,official KRA final winning-combination dividend,descriptive settlement; not executable EDGE/EV
20260817,20260817_1_03,1,3,8,3,복승,28,1-8,0.13295948244932138,0.11175396177100883,0.02120552067831255,0,,0.0,-1.0,-0.11175396177100883,1-6,0.11767673171179677,0,,0.0,-1.0,8-4-7,Plackett-Luce/Harville proxy from normalized inverse closing win odds,official KRA final winning-combination dividend,descriptive settlement; not executable EDGE/EV
20260817,20260817_1_03,1,3,8,3,복연승,28,1-8,0.34737967237924694,0.30517041263026207,0.04220925974898487,0,,0.0,-1.0,-0.30517041263026207,1-6,0.3172971123244788,0,,0.0,-1.0,8-4-7,Plackett-Luce/Harville proxy from normalized inverse closing win odds,official KRA final winning-combination dividend,descriptive settlement; not executable EDGE/EV
20260817,20260817_1_03,1,3,8,3,삼복승,56,1-3-8,0.11911399388705383,0.09825551960852713,0.020858474278526704,0,,0.0,-1.0,-0.09825551960852713,1-6-8,0.10726753602247546,0,,0.0,-1.0,8-4-7,Plackett-Luce/Harville proxy from normalized inverse closing win odds,official KRA final winning-combination dividend,descriptive settlement; not executable EDGE/EV
20260817,20260817_1_03,1,3,8,3,삼쌍승,336,1-8-3,0.023045075785525334,0.017879197461577546,0.0051658783239477875,0,,0.0,-1.0,-0.017879197461577546,1-6-8,0.019448138101688682,0,,0.0,-1.0,8-4-7,Plackett-Luce/Harville proxy from normalized inverse closing win odds,official KRA final winning-combination dividend,descriptive settlement; not executable EDGE/EV
20260817,20260817_1_03,1,3,8,3,쌍승,56,1-8,0.07100012432555868,0.05802288191470123,0.012977242410857445,0,,0.0,-1.0,-0.05802288191470123,1-6,0.06078587629159176,0,,0.0,-1.0,8-4-7,Plackett-Luce/Harville proxy from normalized inverse closing win odds,official KRA final winning-combination dividend,descriptive settlement; not executable EDGE/EV
20260817,20260817_1_03,1,3,8,3,연승,8,1,0.7110120073070456,0.6462135972994345,0.0647984100076111,0,,0.0,-1.0,-0.6462135972994345,1,0.6462135972994345,0,,0.0,-1.0,8-4-7,Plackett-Luce/Harville proxy from normalized inverse closing win odds,official KRA final winning-combination dividend,descriptive settlement; not executable EDGE/EV
20260817,20260817_1_04,1,4,9,3,단승,9,4,0.4935981745097095,0.4498911451296176,0.04370702938009191,1,1.8,1.8,0.8,0.5501088548703824,4,0.4498911451296176,1,1.8,1.8,0.8,4-5-7,normalized inverse closing win odds,official KRA final winning-combination dividend,descriptive settlement; not executable EDGE/EV
20260817,20260817_1_04,1,4,9,3,복승,36,4-5,0.6627963477064344,0.6372417526818184,0.02555459502461599,1,1.2,1.2,0.19999999999999996,0.3627582473181816,4-5,0.6372417526818184,1,1.2,1.2,0.19999999999999996,4-5-7,Plackett-Luce/Harville proxy from normalized inverse closing win odds,official KRA final winning-combination dividend,descriptive settlement; not executable EDGE/EV
20260817,20260817_1_04,1,4,9,3,복연승,36,4-6,0.3441333477019698,0.28767080144313667,0.056462546258833124,0,,0.0,-1.0,-0.28767080144313667,4-5,0.908434287779462,1,1.2,1.2,0.19999999999999996,4-5-7,Plackett-Luce/Harville proxy from normalized inverse closing win odds,official KRA final winning-combination dividend,descriptive settlement; not executable EDGE/EV
20260817,20260817_1_04,1,4,9,3,삼복승,84,4-5-6,0.31580850384392456,0.26202761396251445,0.05378088988141011,0,,0.0,-1.0,-0.26202761396251445,4-5-6,0.26202761396251445,0,,0.0,-1.0,4-5-7,Plackett-Luce/Harville proxy from normalized inverse closing win odds,official KRA final winning-combination dividend,descriptive settlement; not executable EDGE/EV
20260817,20260817_1_04,1,4,9,3,삼쌍승,504,4-5-6,0.12399965029157815,0.09470372822147327,0.029295922070104882,0,,0.0,-1.0,-0.09470372822147327,4-5-6,0.09470372822147327,0,,0.0,-1.0,4-5-7,Plackett-Luce/Harville proxy from normalized inverse closing win odds,official KRA final winning-combination dividend,descriptive settlement; not executable EDGE/EV
20260817,20260817_1_04,1,4,9,3,쌍승,72,4-5,0.36600563104501604,0.3311378041030734,0.034867826941942626,1,2.0,2.0,1.0,0.6688621958969265,4-5,0.3311378041030734,1,2.0,2.0,1.0,4-5-7,Plackett-Luce/Harville proxy from normalized inverse closing win odds,official KRA final winning-combination dividend,descriptive settlement; not executable EDGE/EV
20260817,20260817_1_04,1,4,9,3,연승,9,6,0.36099804977714567,0.30948871600695294,0.05150933377019273,0,,0.0,-1.0,-0.30948871600695294,4,0.9581809708181989,1,1.0,1.0,0.0,4-5-7,Plackett-Luce/Harville proxy from normalized inverse closing win odds,official KRA final winning-combination dividend,descriptive settlement; not executable EDGE/EV
20260817,20260817_1_05,1,5,10,3,단승,10,1,0.1253936501153949,0.1155932871902525,0.009800362925142414,1,6.9,6.9,5.9,0.8844067128097475,7,0.3067668006202856,0,,0.0,-1.0,1-7-8,normalized inverse closing win odds,official KRA final winning-combination dividend,descriptive settlement; not executable EDGE/EV
20260817,20260817_1_05,1,5,10,3,복승,45,1-8,0.04089230658186019,0.0364039930467092,0.004488313535150987,0,,0.0,-1.0,-0.0364039930467092,7-8,0.10976461416851932,0,,0.0,-1.0,1-7-8,Plackett-Luce/Harville proxy from normalized inverse closing win odds,official KRA final winning-combination dividend,descriptive settlement; not executable EDGE/EV
20260817,20260817_1_05,1,5,10,3,복연승,45,1-5,0.1120139996518671,0.10046143275615892,0.011552566895708188,0,,0.0,-1.0,-0.10046143275615892,7-8,0.2789039138807316,1,3.1,3.1,2.1,1-7-8,Plackett-Luce/Harville proxy from normalized inverse closing win odds,official KRA final winning-combination dividend,descriptive settlement; not executable EDGE/EV
20260817,20260817_1_05,1,5,10,3,삼복승,120,1-5-8,0.01968478796606957,0.016401049270273964,0.0032837386957956065,0,,0.0,-1.0,-0.016401049270273964,1-7-8,0.059506605621693305,1,16.0,16.0,15.0,1-7-8,Plackett-Luce/Harville proxy from normalized inverse closing win odds,official KRA final winning-combination dividend,descriptive settlement; not executable EDGE/EV
20260817,20260817_1_05,1,5,10,3,삼쌍승,720,1-5-7,0.006536930030013862,0.005929523945332929,0.0006074060846809328,0,,0.0,-1.0,-0.005929523945332929,7-8-1,0.012657898525275683,0,,0.0,-1.0,1-7-8,Plackett-Luce/Harville proxy from normalized inverse closing win odds,official KRA final winning-combination dividend,descriptive settlement; not executable EDGE/EV
20260817,20260817_1_05,1,5,10,3,쌍승,90,1-8,0.02025851180820829,0.017973567840962205,0.002284943967246083,0,,0.0,-1.0,-0.017973567840962205,7-8,0.0608531011224984,0,,0.0,-1.0,1-7-8,Plackett-Luce/Harville proxy from normalized inverse closing win odds,official KRA final winning-combination dividend,descriptive settlement; not executable EDGE/EV
20260817,20260817_1_05,1,5,10,3,연승,10,1,0.39548685953028145,0.3737728391384491,0.021714020391832345,1,2.3,2.3,1.2999999999999998,0.6262271608615508,7,0.7199381900034341,1,1.4,1.4,0.3999999999999999,1-7-8,Plackett-Luce/Harville proxy from normalized inverse closing win odds,official KRA final winning-combination dividend,descriptive settlement; not executable EDGE/EV
20260817,20260817_1_06,1,6,8,3,단승,8,5,0.289157885088972,0.2660413098694914,0.023116575219480573,1,3.0,3.0,2.0,0.7339586901305086,7,0.295601455410546,0,,0.0,-1.0,5-3-2,normalized inverse closing win odds,official KRA final winning-combination dividend,descriptive settlement; not executable EDGE/EV
20260817,20260817_1_06,1,6,8,3,복승,28,5-7,0.23485923162985622,0.2187924546383629,0.016066776991493337,0,,0.0,-1.0,-0.2187924546383629,5-7,0.2187924546383629,0,,0.0,-1.0,5-3-2,Plackett-Luce/Harville proxy from normalized inverse closing win odds,official KRA final winning-combination dividend,descriptive settlement; not executable EDGE/EV
20260817,20260817_1_06,1,6,8,3,복연승,28,5-6,0.1907891458835269,0.15489523472216768,0.03589391116135923,0,,0.0,-1.0,-0.15489523472216768,5-7,0.49520813387849244,0,,0.0,-1.0,5-3-2,Plackett-Luce/Harville proxy from normalized inverse closing win odds,official KRA final winning-combination dividend,descriptive settlement; not executable EDGE/EV
20260817,20260817_1_06,1,6,8,3,삼복승,56,5-6-7,0.10240450546370147,0.08142775945562464,0.020976746008076835,0,,0.0,-1.0,-0.08142775945562464,3-5-7,0.15138933203972438,0,,0.0,-1.0,5-3-2,Plackett-Luce/Harville proxy from normalized inverse closing win odds,official KRA final winning-combination dividend,descriptive settlement; not executable EDGE/EV
20260817,20260817_1_06,1,6,8,3,삼쌍승,336,5-7-6,0.023330725616181262,0.01806352175928998,0.005267203856891282,0,,0.0,-1.0,-0.01806352175928998,7-5-3,0.032785941491507084,0,,0.0,-1.0,5-3-2,Plackett-Luce/Harville proxy from normalized inverse closing win odds,official KRA final winning-combination dividend,descriptive settlement; not executable EDGE/EV
20260817,20260817_1_06,1,6,8,3,쌍승,56,5-7,0.11746246183159147,0.10714799000849215,0.010314471823099317,0,,0.0,-1.0,-0.10714799000849215,7-5,0.11164446462987072,0,,0.0,-1.0,5-3-2,Plackett-Luce/Harville proxy from normalized inverse closing win odds,official KRA final winning-combination dividend,descriptive settlement; not executable EDGE/EV
20260817,20260817_1_06,1,6,8,3,연승,8,6,0.30659227572142256,0.269597124780474,0.036995150940948573,0,,0.0,-1.0,-0.269597124780474,7,0.7396244778823213,0,,0.0,-1.0,5-3-2,Plackett-Luce/Harville proxy from normalized inverse closing win odds,official KRA final winning-combination dividend,descriptive settlement; not executable EDGE/EV
20260817,20260817_1_07,1,7,11,3,단승,11,4,0.5327533155518058,0.5014206826445597,0.03133263290724608,0,,0.0,-1.0,-0.5014206826445597,4,0.5014206826445597,0,,0.0,-1.0,7-8-4,normalized inverse closing win odds,official KRA final winning-combination dividend,descriptive settlement; not executable EDGE/EV
20260817,20260817_1_07,1,7,11,3,복승,55,4-9,0.21429293076603564,0.18017067227412034,0.0341222584919153,0,,0.0,-1.0,-0.18017067227412034,4-9,0.18017067227412034,0,,0.0,-1.0,7-8-4,Plackett-Luce/Harville proxy from normalized inverse closing win odds,official KRA final winning-combination dividend,descriptive settlement; not executable EDGE/EV
20260817,20260817_1_07,1,7,11,3,복연승,55,4-9,0.45047274245901564,0.394369155167788,0.05610358729122766,0,,0.0,-1.0,-0.394369155167788,4-9,0.394369155167788,0,,0.0,-1.0,7-8-4,Plackett-Luce/Harville proxy from normalized inverse closing win odds,official KRA final winning-combination dividend,descriptive settlement; not executable EDGE/EV
20260817,20260817_1_07,1,7,11,3,삼복승,165,2-4-9,0.07549037412758489,0.05716968440520055,0.018320689722384334,0,,0.0,-1.0,-0.05716968440520055,4-8-9,0.10412628523116989,0,,0.0,-1.0,7-8-4,Plackett-Luce/Harville proxy from normalized inverse closing win odds,official KRA final winning-combination dividend,descriptive settlement; not executable EDGE/EV
20260817,20260817_1_07,1,7,11,3,삼쌍승,990,4-9-2,0.02341745959699621,0.016841560843184403,0.006575898753811808,0,,0.0,-1.0,-0.016841560843184403,4-9-8,0.029016183139462297,0,,0.0,-1.0,7-8-4,Plackett-Luce/Harville proxy from normalized inverse closing win odds,official KRA final winning-combination dividend,descriptive settlement; not executable EDGE/EV
20260817,20260817_1_07,1,7,11,3,쌍승,110,4-9,0.13982711999722394,0.1152635978643502,0.024563522132873744,0,,0.0,-1.0,-0.1152635978643502,4-9,0.1152635978643502,0,,0.0,-1.0,7-8-4,Plackett-Luce/Harville proxy from normalized inverse closing win odds,official KRA final winning-combination dividend,descriptive settlement; not executable EDGE/EV
20260817,20260817_1_07,1,7,11,3,연승,11,9,0.4975686986524739,0.449321567579553,0.04824713107292089,0,,0.0,-1.0,-0.449321567579553,4,0.9054125358019096,1,1.1,1.1,0.10000000000000009,7-8-4,Plackett-Luce/Harville proxy from normalized inverse closing win odds,official KRA final winning-combination dividend,descriptive settlement; not executable EDGE/EV
20260817,20260817_1_08,1,8,10,3,단승,10,2,0.5646342287101138,0.5285519730107268,0.036082255699387056,1,1.5,1.5,0.5,0.47144802698927324,2,0.5285519730107268,1,1.5,1.5,0.5,2-1-4,normalized inverse closing win odds,official KRA final winning-combination dividend,descriptive settlement; not executable EDGE/EV
20260817,20260817_1_08,1,8,10,3,복승,45,2-4,0.21135990037782806,0.17851530731821913,0.032844593059608934,0,,0.0,-1.0,-0.17851530731821913,2-6,0.22861884639763333,0,,0.0,-1.0,2-1-4,Plackett-Luce/Harville proxy from normalized inverse closing win odds,official KRA final winning-combination dividend,descriptive settlement; not executable EDGE/EV
20260817,20260817_1_08,1,8,10,3,복연승,45,2-4,0.4457198055896343,0.3977402740623405,0.047979531527293784,1,2.2,2.2,1.2000000000000002,0.6022597259376594,2-6,0.47784550638409534,0,,0.0,-1.0,2-1-4,Plackett-Luce/Harville proxy from normalized inverse closing win odds,official KRA final winning-combination dividend,descriptive settlement; not executable EDGE/EV
20260817,20260817_1_08,1,8,10,3,삼복승,120,2-4-5,0.0759389389581204,0.054171314987540964,0.021767623970579436,0,,0.0,-1.0,-0.054171314987540964,2-4-6,0.15618826807317435,0,,0.0,-1.0,2-1-4,Plackett-Luce/Harville proxy from normalized inverse closing win odds,official KRA final winning-combination dividend,descriptive settlement; not executable EDGE/EV
20260817,20260817_1_08,1,8,10,3,삼쌍승,720,2-4-5,0.024378131998297074,0.016507777180606704,0.00787035481769037,0,,0.0,-1.0,-0.016507777180606704,2-6-4,0.045546000388704516,0,,0.0,-1.0,2-1-4,Plackett-Luce/Harville proxy from normalized inverse closing win odds,official KRA final winning-combination dividend,descriptive settlement; not executable EDGE/EV
20260817,20260817_1_08,1,8,10,3,쌍승,90,2-4,0.14195920539507956,0.11695512053755595,0.025004084857523604,0,,0.0,-1.0,-0.11695512053755595,2-6,0.1481431526809043,0,,0.0,-1.0,2-1-4,Plackett-Luce/Harville proxy from normalized inverse closing win odds,official KRA final winning-combination dividend,descriptive settlement; not executable EDGE/EV
20260817,20260817_1_08,1,8,10,3,연승,10,4,0.4820202283381969,0.4416098267103254,0.04041040162787152,1,1.6,1.6,0.6000000000000001,0.5583901732896746,2,0.9248867154308265,1,1.1,1.1,0.10000000000000009,2-1-4,Plackett-Luce/Harville proxy from normalized inverse closing win odds,official KRA final winning-combination dividend,descriptive settlement; not executable EDGE/EV
20260817,20260817_1_09,1,9,11,3,단승,11,1,0.2635287939028942,0.2424919394205403,0.0210368544823539,0,,0.0,-1.0,-0.2424919394205403,1,0.2424919394205403,0,,0.0,-1.0,4-8-1,normalized inverse closing win odds,official KRA final winning-combination dividend,descriptive settlement; not executable EDGE/EV
20260817,20260817_1_09,1,9,11,3,복승,55,1-3,0.08085447638630015,0.06401917731947604,0.016835299066824114,0,,0.0,-1.0,-0.06401917731947604,1-11,0.14998306135767414,0,,0.0,-1.0,4-8-1,Plackett-Luce/Harville proxy from normalized inverse closing win odds,official KRA final winning-combination dividend,descriptive settlement; not executable EDGE/EV
20260817,20260817_1_09,1,9,11,3,복연승,55,1-3,0.22623109882762546,0.18512680470019705,0.041104294127428415,0,,0.0,-1.0,-0.18512680470019705,1-11,0.3603727397217292,0,,0.0,-1.0,4-8-1,Plackett-Luce/Harville proxy from normalized inverse closing win odds,official KRA final winning-combination dividend,descriptive settlement; not executable EDGE/EV
20260817,20260817_1_09,1,9,11,3,삼복승,165,1-3-11,0.09378642098926351,0.07710072389695916,0.016685697092304358,0,,0.0,-1.0,-0.07710072389695916,1-3-11,0.07710072389695916,0,,0.0,-1.0,4-8-1,Plackett-Luce/Harville proxy from normalized inverse closing win odds,official KRA final winning-combination dividend,descriptive settlement; not executable EDGE/EV
20260817,20260817_1_09,1,9,11,3,삼쌍승,990,1-11-3,0.019182888156113142,0.015603717875005186,0.003579170281107956,0,,0.0,-1.0,-0.015603717875005186,1-11-3,0.015603717875005186,0,,0.0,-1.0,4-8-1,Plackett-Luce/Harville proxy from normalized inverse closing win odds,official KRA final winning-combination dividend,descriptive settlement; not executable EDGE/EV
20260817,20260817_1_09,1,9,11,3,쌍승,110,1-3,0.043952199828518064,0.034617011758362,0.009335188070156063,0,,0.0,-1.0,-0.034617011758362,1-11,0.07534290794467029,0,,0.0,-1.0,4-8-1,Plackett-Luce/Harville proxy from normalized inverse closing win odds,official KRA final winning-combination dividend,descriptive settlement; not executable EDGE/EV
20260817,20260817_1_09,1,9,11,3,연승,11,3,0.39253267018633153,0.3489444732010183,0.04358819698531324,0,,0.0,-1.0,-0.3489444732010183,1,0.6312767812669335,1,1.5,1.5,0.5,4-8-1,Plackett-Luce/Harville proxy from normalized inverse closing win odds,official KRA final winning-combination dividend,descriptive settlement; not executable EDGE/EV
20260817,20260817_1_10,1,10,11,3,단승,11,3,0.1351100380096782,0.1229804094662944,0.012129628543383786,0,,0.0,-1.0,-0.1229804094662944,4,0.2498039567284106,1,3.2,3.2,2.2,4-1-3,normalized inverse closing win odds,official KRA final winning-combination dividend,descriptive settlement; not executable EDGE/EV
20260817,20260817_1_10,1,10,11,3,복승,55,3-4,0.08552411155294096,0.07597947565191993,0.009544635901021031,0,,0.0,-1.0,-0.07597947565191993,1-4,0.14523923470336966,1,6.2,6.2,5.2,4-1-3,Plackett-Luce/Harville proxy from normalized inverse closing win odds,official KRA final winning-combination dividend,descriptive settlement; not executable EDGE/EV
20260817,20260817_1_10,1,10,11,3,복연승,55,3-4,0.2353437552871473,0.2127176219193282,0.0226261333678191,1,5.6,5.6,4.6,0.7872823780806718,1-4,0.3507286947958433,1,2.7,2.7,1.7000000000000002,4-1-3,Plackett-Luce/Harville proxy from normalized inverse closing win odds,official KRA final winning-combination dividend,descriptive settlement; not executable EDGE/EV
20260817,20260817_1_10,1,10,11,3,삼복승,165,1-3-4,0.09354954306883943,0.08598082951161977,0.007568713557219664,1,10.0,10.0,9.0,0.9140191704883802,1-3-4,0.08598082951161977,1,10.0,10.0,9.0,4-1-3,Plackett-Luce/Harville proxy from normalized inverse closing win odds,official KRA final winning-combination dividend,descriptive settlement; not executable EDGE/EV
20260817,20260817_1_10,1,10,11,3,삼쌍승,990,4-3-1,0.01610644838840265,0.01449740909309581,0.0016090392953068394,0,,0.0,-1.0,-0.01449740909309581,4-1-3,0.01721676542492739,1,39.4,39.4,38.4,4-1-3,Plackett-Luce/Harville proxy from normalized inverse closing win odds,official KRA final winning-combination dividend,descriptive settlement; not executable EDGE/EV
20260817,20260817_1_10,1,10,11,3,쌍승,110,4-3,0.045906810819808325,0.040950619721728754,0.004956191098079571,0,,0.0,-1.0,-0.040950619721728754,4-1,0.07393861894201029,1,11.8,11.8,10.8,4-1-3,Plackett-Luce/Harville proxy from normalized inverse closing win odds,official KRA final winning-combination dividend,descriptive settlement; not executable EDGE/EV
20260817,20260817_1_10,1,10,11,3,연승,11,2,0.262935663676405,0.2293774958083195,0.033558167868085464,0,,0.0,-1.0,-0.2293774958083195,4,0.640204585526606,1,1.5,1.5,0.5,4-1-3,Plackett-Luce/Harville proxy from normalized inverse closing win odds,official KRA final winning-combination dividend,descriptive settlement; not executable EDGE/EV
20260817,20260817_1_11,1,11,8,3,단승,8,8,0.2907852375433591,0.2583713964132342,0.03241384113012491,0,,0.0,-1.0,-0.2583713964132342,8,0.2583713964132342,0,,0.0,-1.0,7-1-8,normalized inverse closing win odds,official KRA final winning-combination dividend,descriptive settlement; not executable EDGE/EV
20260817,20260817_1_11,1,11,8,3,복승,28,1-8,0.17780410564341392,0.15144398995278083,0.026360115690633096,0,,0.0,-1.0,-0.15144398995278083,1-8,0.15144398995278083,0,,0.0,-1.0,7-1-8,Plackett-Luce/Harville proxy from normalized inverse closing win odds,official KRA final winning-combination dividend,descriptive settlement; not executable EDGE/EV
20260817,20260817_1_11,1,11,8,3,복연승,28,1-8,0.4293936134698528,0.37983710000216014,0.04955651346769263,1,2.1,2.1,1.1,0.6201628999978399,1-8,0.37983710000216014,1,2.1,2.1,1.1,7-1-8,Plackett-Luce/Harville proxy from normalized inverse closing win odds,official KRA final winning-combination dividend,descriptive settlement; not executable EDGE/EV
20260817,20260817_1_11,1,11,8,3,삼복승,56,1-2-8,0.13763536245637473,0.11040651364290932,0.027228848813465406,0,,0.0,-1.0,-0.11040651364290932,1-7-8,0.12093308129536713,1,4.2,4.2,3.2,7-1-8,Plackett-Luce/Harville proxy from normalized inverse closing win odds,official KRA final winning-combination dividend,descriptive settlement; not executable EDGE/EV
20260817,20260817_1_11,1,11,8,3,삼쌍승,336,8-1-2,0.028419117454627153,0.021742964362467625,0.006676153092159527,0,,0.0,-1.0,-0.021742964362467625,8-1-7,0.023448294900700384,0,,0.0,-1.0,7-1-8,Plackett-Luce/Harville proxy from normalized inverse closing win odds,official KRA final winning-combination dividend,descriptive settlement; not executable EDGE/EV
20260817,20260817_1_11,1,11,8,3,쌍승,56,8-1,0.09277012165287732,0.07751068702836368,0.015259434624513638,0,,0.0,-1.0,-0.07751068702836368,8-1,0.07751068702836368,0,,0.0,-1.0,7-1-8,Plackett-Luce/Harville proxy from normalized inverse closing win odds,official KRA final winning-combination dividend,descriptive settlement; not executable EDGE/EV
20260817,20260817_1_11,1,11,8,3,연승,8,8,0.7248846602906721,0.6725330724166458,0.05235158787402627,1,1.3,1.3,0.30000000000000004,0.32746692758335416,8,0.6725330724166458,1,1.3,1.3,0.30000000000000004,7-1-8,Plackett-Luce/Harville proxy from normalized inverse closing win odds,official KRA final winning-combination dividend,descriptive settlement; not executable EDGE/EV
20260821,20260821_3_01,3,1,11,3,단승,11,8,0.4781686710968459,0.4731466280118574,0.005022043084988492,0,,0.0,-1.0,-0.4731466280118574,8,0.4731466280118574,0,,0.0,-1.0,7-8-5,normalized inverse closing win odds,official KRA final winning-combination dividend,descriptive settlement; not executable EDGE/EV
20260821,20260821_3_01,3,1,11,3,복승,55,3-8,0.22005161393649575,0.21238569963000908,0.007665914306486665,0,,0.0,-1.0,-0.21238569963000908,3-8,0.21238569963000908,0,,0.0,-1.0,7-8-5,Plackett-Luce/Harville proxy from normalized inverse closing win odds,official KRA final winning-combination dividend,descriptive settlement; not executable EDGE/EV
20260821,20260821_3_01,3,1,11,3,복연승,55,8-9,0.23192949458608825,0.21591061827982413,0.016018876306264113,0,,0.0,-1.0,-0.21591061827982413,3-8,0.4671182875344524,0,,0.0,-1.0,7-8-5,Plackett-Luce/Harville proxy from normalized inverse closing win odds,official KRA final winning-combination dividend,descriptive settlement; not executable EDGE/EV
20260821,20260821_3_01,3,1,11,3,삼복승,165,3-8-9,0.08105043818578583,0.07212288667289612,0.008927551512889709,0,,0.0,-1.0,-0.07212288667289612,3-5-8,0.17688456820765178,0,,0.0,-1.0,7-8-5,Plackett-Luce/Harville proxy from normalized inverse closing win odds,official KRA final winning-combination dividend,descriptive settlement; not executable EDGE/EV
20260821,20260821_3_01,3,1,11,3,삼쌍승,990,8-3-9,0.0235718008632639,0.02086906665136606,0.0027027342118978413,0,,0.0,-1.0,-0.02086906665136606,8-3-5,0.04625976441052815,0,,0.0,-1.0,7-8-5,Plackett-Luce/Harville proxy from normalized inverse closing win odds,official KRA final winning-combination dividend,descriptive settlement; not executable EDGE/EV
20260821,20260821_3_01,3,1,11,3,쌍승,110,8-3,0.1364149294369835,0.1313372645123908,0.00507766492459269,0,,0.0,-1.0,-0.1313372645123908,8-3,0.1313372645123908,0,,0.0,-1.0,7-8-5,Plackett-Luce/Harville proxy from normalized inverse closing win odds,official KRA final winning-combination dividend,descriptive settlement; not executable EDGE/EV
20260821,20260821_3_01,3,1,11,3,연승,11,9,0.27371358315513666,0.25670267069843944,0.017010912456697225,0,,0.0,-1.0,-0.25670267069843944,8,0.8961870475509814,1,1.2,1.2,0.19999999999999996,7-8-5,Plackett-Luce/Harville proxy from normalized inverse closing win odds,official KRA final winning-combination dividend,descriptive settlement; not executable EDGE/EV
20260821,20260821_3_02,3,2,11,3,단승,11,4,0.3662951864420654,0.3349413889331389,0.03135379750892647,0,,0.0,-1.0,-0.3349413889331389,4,0.3349413889331389,0,,0.0,-1.0,8-9-5,normalized inverse closing win odds,official KRA final winning-combination dividend,descriptive settlement; not executable EDGE/EV
20260821,20260821_3_02,3,2,11,3,복승,55,4-9,0.32719988507951114,0.2575478939644964,0.06965199111501474,0,,0.0,-1.0,-0.2575478939644964,4-9,0.2575478939644964,0,,0.0,-1.0,8-9-5,Plackett-Luce/Harville proxy from normalized inverse closing win odds,official KRA final winning-combination dividend,descriptive settlement; not executable EDGE/EV
20260821,20260821_3_02,3,2,11,3,복연승,55,4-9,0.6336738851211625,0.5409391317842575,0.09273475333690506,0,,0.0,-1.0,-0.5409391317842575,4-9,0.5409391317842575,0,,0.0,-1.0,8-9-5,Plackett-Luce/Harville proxy from normalized inverse closing win odds,official KRA final winning-combination dividend,descriptive settlement; not executable EDGE/EV
20260821,20260821_3_02,3,2,11,3,삼복승,165,1-4-9,0.15097650379518104,0.11634106026943149,0.03463544352574956,0,,0.0,-1.0,-0.11634106026943149,4-9-11,0.14434228031358512,0,,0.0,-1.0,8-9-5,Plackett-Luce/Harville proxy from normalized inverse closing win odds,official KRA final winning-combination dividend,descriptive settlement; not executable EDGE/EV
20260821,20260821_3_02,3,2,11,3,삼쌍승,990,4-9-1,0.03995499308146615,0.028455788438320247,0.0114992046431459,0,,0.0,-1.0,-0.028455788438320247,4-9-11,0.03457918595036385,0,,0.0,-1.0,8-9-5,Plackett-Luce/Harville proxy from normalized inverse closing win odds,official KRA final winning-combination dividend,descriptive settlement; not executable EDGE/EV
20260821,20260821_3_02,3,2,11,3,쌍승,110,4-9,0.1720126813937858,0.13494838759007569,0.037064293803710124,0,,0.0,-1.0,-0.13494838759007569,4-9,0.13494838759007569,0,,0.0,-1.0,8-9-5,Plackett-Luce/Harville proxy from normalized inverse closing win odds,official KRA final winning-combination dividend,descriptive settlement; not executable EDGE/EV
20260821,20260821_3_02,3,2,11,3,연승,11,9,0.7749625732299099,0.7129873983803907,0.0619751748495192,1,1.5,1.5,0.5,0.2870126016196093,4,0.7840905721867544,0,,0.0,-1.0,8-9-5,Plackett-Luce/Harville proxy from normalized inverse closing win odds,official KRA final winning-combination dividend,descriptive settlement; not executable EDGE/EV
20260821,20260821_3_03,3,3,11,3,단승,11,4,0.2776939922170913,0.2414964020033649,0.0361975902137264,0,,0.0,-1.0,-0.2414964020033649,7,0.25707681503584,0,,0.0,-1.0,10-7-9,normalized inverse closing win odds,official KRA final winning-combination dividend,descriptive settlement; not executable EDGE/EV
20260821,20260821_3_03,3,3,11,3,복승,55,1-4,0.10371005270881524,0.0822151176441831,0.02149493506463214,0,,0.0,-1.0,-0.0822151176441831,4-7,0.16541549046416543,0,,0.0,-1.0,10-7-9,Plackett-Luce/Harville proxy from normalized inverse closing win odds,official KRA final winning-combination dividend,descriptive settlement; not executable EDGE/EV
20260821,20260821_3_03,3,3,11,3,복연승,55,1-4,0.2904654265760221,0.24193763673195268,0.04852778984406941,0,,0.0,-1.0,-0.24193763673195268,4-7,0.4014304323062851,0,,0.0,-1.0,10-7-9,Plackett-Luce/Harville proxy from normalized inverse closing win odds,official KRA final winning-combination dividend,descriptive settlement; not executable EDGE/EV
20260821,20260821_3_03,3,3,11,3,삼복승,165,1-4-7,0.13340363197343313,0.11465152565911783,0.0187521063143153,0,,0.0,-1.0,-0.11465152565911783,4-7-10,0.1276565400574107,0,,0.0,-1.0,10-7-9,Plackett-Luce/Harville proxy from normalized inverse closing win odds,official KRA final winning-combination dividend,descriptive settlement; not executable EDGE/EV
20260821,20260821_3_03,3,3,11,3,삼쌍승,990,4-1-7,0.022944235395962364,0.01810717426961949,0.004837061126342874,0,,0.0,-1.0,-0.01810717426961949,7-4-10,0.02505941169107802,0,,0.0,-1.0,10-7-9,Plackett-Luce/Harville proxy from normalized inverse closing win odds,official KRA final winning-combination dividend,descriptive settlement; not executable EDGE/EV
20260821,20260821_3_03,3,3,11,3,쌍승,110,4-1,0.05618316571068592,0.04374713642261173,0.01243602928807419,0,,0.0,-1.0,-0.04374713642261173,7-4,0.08356600941540801,0,,0.0,-1.0,10-7-9,Plackett-Luce/Harville proxy from normalized inverse closing win odds,official KRA final winning-combination dividend,descriptive settlement; not executable EDGE/EV
20260821,20260821_3_03,3,3,11,3,연승,11,4,0.7045083774237524,0.6468277981274209,0.057680579296331524,0,,0.0,-1.0,-0.6468277981274209,7,0.6695057932148328,1,1.5,1.5,0.5,10-7-9,Plackett-Luce/Harville proxy from normalized inverse closing win odds,official KRA final winning-combination dividend,descriptive settlement; not executable EDGE/EV
20260821,20260821_3_04,3,4,11,3,단승,11,6,0.2576896198129585,0.2436854404477318,0.014004179365226715,0,,0.0,-1.0,-0.2436854404477318,1,0.2978377605472278,0,,0.0,-1.0,7-1-10,normalized inverse closing win odds,official KRA final winning-combination dividend,descriptive settlement; not executable EDGE/EV
20260821,20260821_3_04,3,4,11,3,복승,55,1-6,0.21322052676324746,0.19932828642770156,0.013892240335545897,0,,0.0,-1.0,-0.19932828642770156,1-6,0.19932828642770156,0,,0.0,-1.0,7-1-10,Plackett-Luce/Harville proxy from normalized inverse closing win odds,official KRA final winning-combination dividend,descriptive settlement; not executable EDGE/EV
20260821,20260821_3_04,3,4,11,3,복연승,55,1-6,0.4657192167369695,0.44291055473061386,0.022808662006355618,0,,0.0,-1.0,-0.44291055473061386,1-6,0.44291055473061386,0,,0.0,-1.0,7-1-10,Plackett-Luce/Harville proxy from normalized inverse closing win odds,official KRA final winning-combination dividend,descriptive settlement; not executable EDGE/EV
20260821,20260821_3_04,3,4,11,3,삼복승,165,1-4-6,0.0821740733822153,0.07602892665680525,0.006145146725410056,0,,0.0,-1.0,-0.07602892665680525,1-6-8,0.09131139134176908,0,,0.0,-1.0,7-1-10,Plackett-Luce/Harville proxy from normalized inverse closing win odds,official KRA final winning-combination dividend,descriptive settlement; not executable EDGE/EV
20260821,20260821_3_04,3,4,11,3,삼쌍승,990,6-1-4,0.017925060838062293,0.01618451532355653,0.001740545514505764,0,,0.0,-1.0,-0.01618451532355653,1-6-8,0.020602283344418746,0,,0.0,-1.0,7-1-10,Plackett-Luce/Harville proxy from normalized inverse closing win odds,official KRA final winning-combination dividend,descriptive settlement; not executable EDGE/EV
20260821,20260821_3_04,3,4,11,3,쌍승,110,6-1,0.10360151976183594,0.09596367667955946,0.0076378430822764826,0,,0.0,-1.0,-0.09596367667955946,1-6,0.10336460974814209,0,,0.0,-1.0,7-1-10,Plackett-Luce/Harville proxy from normalized inverse closing win odds,official KRA final winning-combination dividend,descriptive settlement; not executable EDGE/EV
20260821,20260821_3_04,3,4,11,3,연승,11,6,0.6738576233411602,0.6490383056680966,0.024819317673063557,0,,0.0,-1.0,-0.6490383056680966,1,0.7192045401708186,1,1.5,1.5,0.5,7-1-10,Plackett-Luce/Harville proxy from normalized inverse closing win odds,official KRA final winning-combination dividend,descriptive settlement; not executable EDGE/EV
20260821,20260821_3_05,3,5,10,3,단승,10,11,0.3367141472573143,0.3213858256822877,0.015328321575026616,0,,0.0,-1.0,-0.3213858256822877,11,0.3213858256822877,0,,0.0,-1.0,1-5-9,normalized inverse closing win odds,official KRA final winning-combination dividend,descriptive settlement; not executable EDGE/EV
20260821,20260821_3_05,3,5,10,3,복승,45,5-11,0.16088125299096334,0.1438852212936109,0.01699603169735245,0,,0.0,-1.0,-0.1438852212936109,5-11,0.1438852212936109,0,,0.0,-1.0,1-5-9,Plackett-Luce/Harville proxy from normalized inverse closing win odds,official KRA final winning-combination dividend,descriptive settlement; not executable EDGE/EV
20260821,20260821_3_05,3,5,10,3,복연승,45,5-11,0.3868490336773943,0.35064279192769143,0.03620624174970288,0,,0.0,-1.0,-0.35064279192769143,5-11,0.35064279192769143,0,,0.0,-1.0,1-5-9,Plackett-Luce/Harville proxy from normalized inverse closing win odds,official KRA final winning-combination dividend,descriptive settlement; not executable EDGE/EV
20260821,20260821_3_05,3,5,10,3,삼복승,120,1-5-11,0.14046873058071893,0.11483768090941686,0.025631049671302072,0,,0.0,-1.0,-0.11483768090941686,1-5-11,0.11483768090941686,0,,0.0,-1.0,1-5-9,Plackett-Luce/Harville proxy from normalized inverse closing win odds,official KRA final winning-combination dividend,descriptive settlement; not executable EDGE/EV
20260821,20260821_3_05,3,5,10,3,삼쌍승,720,11-5-1,0.029719719041876928,0.023959622330139846,0.005760096711737082,0,,0.0,-1.0,-0.023959622330139846,11-5-1,0.023959622330139846,0,,0.0,-1.0,1-5-9,Plackett-Luce/Harville proxy from normalized inverse closing win odds,official KRA final winning-combination dividend,descriptive settlement; not executable EDGE/EV
20260821,20260821_3_05,3,5,10,3,쌍승,90,11-5,0.08915138802054308,0.07927372803347549,0.009877659987067591,0,,0.0,-1.0,-0.07927372803347549,11-5,0.07927372803347549,0,,0.0,-1.0,1-5-9,Plackett-Luce/Harville proxy from normalized inverse closing win odds,official KRA final winning-combination dividend,descriptive settlement; not executable EDGE/EV
20260821,20260821_3_05,3,5,10,3,연승,10,1,0.5098799305885683,0.48070677480009577,0.029173155788472516,1,1.8,1.8,0.8,0.5192932251999043,11,0.7443072264352054,0,,0.0,-1.0,1-5-9,Plackett-Luce/Harville proxy from normalized inverse closing win odds,official KRA final winning-combination dividend,descriptive settlement; not executable EDGE/EV
20260821,20260821_3_06,3,6,11,3,단승,11,3,0.2034096186121249,0.1815100437731798,0.021899574838945085,1,4.4,4.4,3.4000000000000004,0.8184899562268202,3,0.1815100437731798,1,4.4,4.4,3.4000000000000004,3-2-9,normalized inverse closing win odds,official KRA final winning-combination dividend,descriptive settlement; not executable EDGE/EV
20260821,20260821_3_06,3,6,11,3,복승,55,3-6,0.09438661336888132,0.08050409351977844,0.013882519849102881,0,,0.0,-1.0,-0.08050409351977844,3-6,0.08050409351977844,0,,0.0,-1.0,3-2-9,Plackett-Luce/Harville proxy from normalized inverse closing win odds,official KRA final winning-combination dividend,descriptive settlement; not executable EDGE/EV
20260821,20260821_3_06,3,6,11,3,복연승,55,3-6,0.24933156612453275,0.21728722101818926,0.03204434510634349,0,,0.0,-1.0,-0.21728722101818926,3-6,0.21728722101818926,0,,0.0,-1.0,3-2-9,Plackett-Luce/Harville proxy from normalized inverse closing win odds,official KRA final winning-combination dividend,descriptive settlement; not executable EDGE/EV
20260821,20260821_3_06,3,6,11,3,삼복승,165,2-3-6,0.06344273477195078,0.054716269522469246,0.008726465249481535,0,,0.0,-1.0,-0.054716269522469246,2-3-6,0.054716269522469246,0,,0.0,-1.0,3-2-9,Plackett-Luce/Harville proxy from normalized inverse closing win odds,official KRA final winning-combination dividend,descriptive settlement; not executable EDGE/EV
20260821,20260821_3_06,3,6,11,3,삼쌍승,990,3-6-2,0.01144746152838879,0.009522252647194767,0.0019252088811940234,0,,0.0,-1.0,-0.009522252647194767,3-6-2,0.009522252647194767,0,,0.0,-1.0,3-2-9,Plackett-Luce/Harville proxy from normalized inverse closing win odds,official KRA final winning-combination dividend,descriptive settlement; not executable EDGE/EV
20260821,20260821_3_06,3,6,11,3,쌍승,110,3-6,0.04768220039087631,0.04025204675988922,0.007430153630987091,0,,0.0,-1.0,-0.04025204675988922,3-6,0.04025204675988922,0,,0.0,-1.0,3-2-9,Plackett-Luce/Harville proxy from normalized inverse closing win odds,official KRA final winning-combination dividend,descriptive settlement; not executable EDGE/EV
20260821,20260821_3_06,3,6,11,3,연승,11,3,0.5513334878470247,0.5046089434142369,0.04672454443278784,1,1.8,1.8,0.8,0.4953910565857631,6,0.504608943414237,0,,0.0,-1.0,3-2-9,Plackett-Luce/Harville proxy from normalized inverse closing win odds,official KRA final winning-combination dividend,descriptive settlement; not executable EDGE/EV
20260821,20260821_3_07,3,7,11,3,단승,11,1,0.1988418173209075,0.1770680105499696,0.021773806770937904,0,,0.0,-1.0,-0.1770680105499696,6,0.3794314511785063,0,,0.0,-1.0,10-6-2,normalized inverse closing win odds,official KRA final winning-combination dividend,descriptive settlement; not executable EDGE/EV
20260821,20260821_3_07,3,7,11,3,복승,55,1-10,0.05261814167505981,0.042126687960090586,0.01049145371496922,0,,0.0,-1.0,-0.042126687960090586,1-6,0.1899051221647727,0,,0.0,-1.0,10-6-2,Plackett-Luce/Harville proxy from normalized inverse closing win odds,official KRA final winning-combination dividend,descriptive settlement; not executable EDGE/EV
20260821,20260821_3_07,3,7,11,3,복연승,55,1-10,0.1851371391455158,0.1564155924756233,0.02872154666989249,0,,0.0,-1.0,-0.1564155924756233,1-6,0.42605383443850914,0,,0.0,-1.0,10-6-2,Plackett-Luce/Harville proxy from normalized inverse closing win odds,official KRA final winning-combination dividend,descriptive settlement; not executable EDGE/EV
20260821,20260821_3_07,3,7,11,3,삼복승,165,1-6-10,0.11735897911361709,0.10199744428765799,0.015361534825959103,0,,0.0,-1.0,-0.10199744428765799,1-6-10,0.10199744428765799,0,,0.0,-1.0,10-6-2,Plackett-Luce/Harville proxy from normalized inverse closing win odds,official KRA final winning-combination dividend,descriptive settlement; not executable EDGE/EV
20260821,20260821_3_07,3,7,11,3,삼쌍승,990,1-6-10,0.022288718448609753,0.018805000853189716,0.003483717595420037,0,,0.0,-1.0,-0.018805000853189716,6-1-10,0.024937191536879476,0,,0.0,-1.0,10-6-2,Plackett-Luce/Harville proxy from normalized inverse closing win odds,official KRA final winning-combination dividend,descriptive settlement; not executable EDGE/EV
20260821,20260821_3_07,3,7,11,3,쌍승,110,1-6,0.08871308837527743,0.08164122073461529,0.007071867640662144,0,,0.0,-1.0,-0.08164122073461529,6-1,0.10826390143015742,0,,0.0,-1.0,10-6-2,Plackett-Luce/Harville proxy from normalized inverse closing win odds,official KRA final winning-combination dividend,descriptive settlement; not executable EDGE/EV
20260821,20260821_3_07,3,7,11,3,연승,11,1,0.5919530033214033,0.5517140680659409,0.040238935255462405,0,,0.0,-1.0,-0.5517140680659409,6,0.8107198393783462,1,1.3,1.3,0.30000000000000004,10-6-2,Plackett-Luce/Harville proxy from normalized inverse closing win odds,official KRA final winning-combination dividend,descriptive settlement; not executable EDGE/EV
20260821,20260821_3_08,3,8,11,3,단승,11,9,0.3813809115470684,0.3498952713560881,0.03148564019098027,1,2.3,2.3,1.2999999999999998,0.6501047286439119,9,0.3498952713560881,1,2.3,2.3,1.2999999999999998,9-2-8,normalized inverse closing win odds,official KRA final winning-combination dividend,descriptive settlement; not executable EDGE/EV
20260821,20260821_3_08,3,8,11,3,복승,55,5-9,0.07171350771685676,0.05685650155237161,0.014857006164485154,0,,0.0,-1.0,-0.05685650155237161,7-9,0.23589102162574227,0,,0.0,-1.0,9-2-8,Plackett-Luce/Harville proxy from normalized inverse closing win odds,official KRA final winning-combination dividend,descriptive settlement; not executable EDGE/EV
20260821,20260821_3_08,3,8,11,3,복연승,55,5-9,0.19650790437870594,0.161931143788214,0.034576760590491945,0,,0.0,-1.0,-0.161931143788214,7-9,0.5007336908000565,0,,0.0,-1.0,9-2-8,Plackett-Luce/Harville proxy from normalized inverse closing win odds,official KRA final winning-combination dividend,descriptive settlement; not executable EDGE/EV
20260821,20260821_3_08,3,8,11,3,삼복승,165,5-7-9,0.09106845276724129,0.0760126339214421,0.015055818845799193,0,,0.0,-1.0,-0.0760126339214421,1-7-9,0.10461126763443179,0,,0.0,-1.0,9-2-8,Plackett-Luce/Harville proxy from normalized inverse closing win odds,official KRA final winning-combination dividend,descriptive settlement; not executable EDGE/EV
20260821,20260821_3_08,3,8,11,3,삼쌍승,990,9-7-5,0.023838842221542075,0.019223658794159895,0.00461518342738218,0,,0.0,-1.0,-0.019223658794159895,9-7-1,0.025831791504652372,0,,0.0,-1.0,9-2-8,Plackett-Luce/Harville proxy from normalized inverse closing win odds,official KRA final winning-combination dividend,descriptive settlement; not executable EDGE/EV
20260821,20260821_3_08,3,8,11,3,쌍승,110,9-5,0.04306905908609546,0.033576153934706164,0.009492905151389293,0,,0.0,-1.0,-0.033576153934706164,9-7,0.1273918781640323,0,,0.0,-1.0,9-2-8,Plackett-Luce/Harville proxy from normalized inverse closing win odds,official KRA final winning-combination dividend,descriptive settlement; not executable EDGE/EV
20260821,20260821_3_08,3,8,11,3,연승,11,5,0.2646270975786213,0.23261693391611118,0.03201016366251011,0,,0.0,-1.0,-0.23261693391611118,9,0.7881196038698528,1,1.3,1.3,0.30000000000000004,9-2-8,Plackett-Luce/Harville proxy from normalized inverse closing win odds,official KRA final winning-combination dividend,descriptive settlement; not executable EDGE/EV
20260822,20260822_1_01,1,1,9,3,단승,9,2,0.1893773773426262,0.1696167972245177,0.019760580118108495,0,,0.0,-1.0,-0.1696167972245177,6,0.4982493418470208,0,,0.0,-1.0,4-8-6,normalized inverse closing win odds,official KRA final winning-combination dividend,descriptive settlement; not executable EDGE/EV
20260822,20260822_1_01,1,1,9,3,복승,36,2-8,0.07669334369054648,0.06335476504871715,0.01333857864182933,0,,0.0,-1.0,-0.06335476504871715,2-6,0.27020722250110146,0,,0.0,-1.0,4-8-6,Plackett-Luce/Harville proxy from normalized inverse closing win odds,official KRA final winning-combination dividend,descriptive settlement; not executable EDGE/EV
20260822,20260822_1_01,1,1,9,3,복연승,36,2-8,0.3682499327642872,0.33785517284079686,0.030394759923490333,0,,0.0,-1.0,-0.33785517284079686,2-6,0.5758320218539378,0,,0.0,-1.0,4-8-6,Plackett-Luce/Harville proxy from normalized inverse closing win odds,official KRA final winning-combination dividend,descriptive settlement; not executable EDGE/EV
20260822,20260822_1_01,1,1,9,3,삼복승,84,2-6-8,0.316019036980691,0.29554352062319666,0.02047551635749434,0,,0.0,-1.0,-0.29554352062319666,2-6-8,0.29554352062319666,0,,0.0,-1.0,4-8-6,Plackett-Luce/Harville proxy from normalized inverse closing win odds,official KRA final winning-combination dividend,descriptive settlement; not executable EDGE/EV
20260822,20260822_1_01,1,1,9,3,삼쌍승,504,2-6-8,0.05342864419284496,0.047898335626473915,0.005530308566371045,0,,0.0,-1.0,-0.047898335626473915,6-2-8,0.07927039596029725,0,,0.0,-1.0,4-8-6,Plackett-Luce/Harville proxy from normalized inverse closing win odds,official KRA final winning-combination dividend,descriptive settlement; not executable EDGE/EV
20260822,20260822_1_01,1,1,9,3,쌍승,72,2-6,0.10961029541682908,0.10177404516474257,0.007836250252086507,0,,0.0,-1.0,-0.10177404516474257,6-2,0.1684331773363589,0,,0.0,-1.0,4-8-6,Plackett-Luce/Harville proxy from normalized inverse closing win odds,official KRA final winning-combination dividend,descriptive settlement; not executable EDGE/EV
20260822,20260822_1_01,1,1,9,3,연승,9,2,0.6653593042607259,0.634923285944559,0.030436018316166824,0,,0.0,-1.0,-0.634923285944559,6,0.9225547996180444,1,1.1,1.1,0.10000000000000009,4-8-6,Plackett-Luce/Harville proxy from normalized inverse closing win odds,official KRA final winning-combination dividend,descriptive settlement; not executable EDGE/EV
20260822,20260822_1_02,1,2,10,3,단승,10,7,0.4875902964262593,0.4710955822144964,0.016494714211762906,0,,0.0,-1.0,-0.4710955822144964,7,0.4710955822144964,0,,0.0,-1.0,10-7-2,normalized inverse closing win odds,official KRA final winning-combination dividend,descriptive settlement; not executable EDGE/EV
20260822,20260822_1_02,1,2,10,3,복승,45,2-7,0.32997048504898097,0.31351521201264837,0.016455273036332596,0,,0.0,-1.0,-0.31351521201264837,2-7,0.31351521201264837,0,,0.0,-1.0,10-7-2,Plackett-Luce/Harville proxy from normalized inverse closing win odds,official KRA final winning-combination dividend,descriptive settlement; not executable EDGE/EV
20260822,20260822_1_02,1,2,10,3,복연승,45,2-7,0.6369756495892368,0.6148741745411184,0.022101475048118435,1,1.6,1.6,0.6000000000000001,0.38512582545888163,2-7,0.6148741745411184,1,1.6,1.6,0.6000000000000001,10-7-2,Plackett-Luce/Harville proxy from normalized inverse closing win odds,official KRA final winning-combination dividend,descriptive settlement; not executable EDGE/EV
20260822,20260822_1_02,1,2,10,3,삼복승,120,2-7-10,0.21640792171519496,0.1997179985225479,0.01668992319264706,1,3.2,3.2,2.2,0.8002820014774521,2-7-10,0.1997179985225479,1,3.2,3.2,2.2,10-7-2,Plackett-Luce/Harville proxy from normalized inverse closing win odds,official KRA final winning-combination dividend,descriptive settlement; not executable EDGE/EV
20260822,20260822_1_02,1,2,10,3,삼쌍승,720,7-2-10,0.06509206843200621,0.05833721013346953,0.006754858298536684,0,,0.0,-1.0,-0.05833721013346953,7-2-10,0.05833721013346953,0,,0.0,-1.0,10-7-2,Plackett-Luce/Harville proxy from normalized inverse closing win odds,official KRA final winning-combination dividend,descriptive settlement; not executable EDGE/EV
20260822,20260822_1_02,1,2,10,3,쌍승,90,7-2,0.2001190605140522,0.18771811881440456,0.012400941699647644,0,,0.0,-1.0,-0.18771811881440456,7-2,0.18771811881440456,0,,0.0,-1.0,10-7-2,Plackett-Luce/Harville proxy from normalized inverse closing win odds,official KRA final winning-combination dividend,descriptive settlement; not executable EDGE/EV
20260822,20260822_1_02,1,2,10,3,연승,10,2,0.7042781680748275,0.6907305783145357,0.0135475897602918,1,1.3,1.3,0.30000000000000004,0.30926942168546434,7,0.9041180366957388,1,1.1,1.1,0.10000000000000009,10-7-2,Plackett-Luce/Harville proxy from normalized inverse closing win odds,official KRA final winning-combination dividend,descriptive settlement; not executable EDGE/EV
20260822,20260822_1_03,1,3,11,3,단승,11,8,0.3192366917942311,0.3092629850100337,0.0099737067841974,0,,0.0,-1.0,-0.3092629850100337,8,0.3092629850100337,0,,0.0,-1.0,10-8-1,normalized inverse closing win odds,official KRA final winning-combination dividend,descriptive settlement; not executable EDGE/EV
20260822,20260822_1_03,1,3,11,3,복승,55,8-10,0.16710322160033994,0.15894422222413762,0.00815899937620232,1,5.7,5.7,4.7,0.8410557777758624,8-10,0.15894422222413762,1,5.7,5.7,4.7,10-8-1,Plackett-Luce/Harville proxy from normalized inverse closing win odds,official KRA final winning-combination dividend,descriptive settlement; not executable EDGE/EV
20260822,20260822_1_03,1,3,11,3,복연승,55,8-10,0.3988062258724344,0.38573537262796354,0.013070853244470881,1,2.4,2.4,1.4,0.6142646273720365,8-10,0.38573537262796354,1,2.4,2.4,1.4,10-8-1,Plackett-Luce/Harville proxy from normalized inverse closing win odds,official KRA final winning-combination dividend,descriptive settlement; not executable EDGE/EV
20260822,20260822_1_03,1,3,11,3,삼복승,165,7-8-10,0.12362650622272861,0.11464091194572266,0.008985594277005945,0,,0.0,-1.0,-0.11464091194572266,7-8-10,0.11464091194572266,0,,0.0,-1.0,10-8-1,Plackett-Luce/Harville proxy from normalized inverse closing win odds,official KRA final winning-combination dividend,descriptive settlement; not executable EDGE/EV
20260822,20260822_1_03,1,3,11,3,삼쌍승,990,8-10-7,0.026472895531805075,0.024218212581408247,0.002254682950396828,0,,0.0,-1.0,-0.024218212581408247,8-10-7,0.024218212581408247,0,,0.0,-1.0,10-8-1,Plackett-Luce/Harville proxy from normalized inverse closing win odds,official KRA final winning-combination dividend,descriptive settlement; not executable EDGE/EV
20260822,20260822_1_03,1,3,11,3,쌍승,110,8-10,0.0906275609099488,0.08571704975178011,0.004910511158168693,0,,0.0,-1.0,-0.08571704975178011,8-10,0.08571704975178011,0,,0.0,-1.0,10-8-1,Plackett-Luce/Harville proxy from normalized inverse closing win odds,official KRA final winning-combination dividend,descriptive settlement; not executable EDGE/EV
20260822,20260822_1_03,1,3,11,3,연승,11,8,0.7492283883146065,0.7369769518615045,0.012251436453102005,1,1.3,1.3,0.30000000000000004,0.26302304813849553,8,0.7369769518615045,1,1.3,1.3,0.30000000000000004,10-8-1,Plackett-Luce/Harville proxy from normalized inverse closing win odds,official KRA final winning-combination dividend,descriptive settlement; not executable EDGE/EV
20260822,20260822_1_04,1,4,10,3,단승,10,10,0.2801570478152613,0.2753209512004543,0.004836096614806995,0,,0.0,-1.0,-0.2753209512004543,10,0.2753209512004543,0,,0.0,-1.0,5-10-6,normalized inverse closing win odds,official KRA final winning-combination dividend,descriptive settlement; not executable EDGE/EV
20260822,20260822_1_04,1,4,10,3,복승,45,5-10,0.16255116572381398,0.15774462831758104,0.004806537406232936,1,6.0,6.0,5.0,0.8422553716824189,5-10,0.15774462831758104,1,6.0,6.0,5.0,5-10-6,Plackett-Luce/Harville proxy from normalized inverse closing win odds,official KRA final winning-combination dividend,descriptive settlement; not executable EDGE/EV
20260822,20260822_1_04,1,4,10,3,복연승,45,2-10,0.15959853142906202,0.14788167555922485,0.011716855869837173,0,,0.0,-1.0,-0.14788167555922485,5-10,0.37380342736362016,1,2.8,2.8,1.7999999999999998,5-10-6,Plackett-Luce/Harville proxy from normalized inverse closing win odds,official KRA final winning-combination dividend,descriptive settlement; not executable EDGE/EV
20260822,20260822_1_04,1,4,10,3,삼복승,120,2-5-10,0.06154306139365041,0.05576001389772333,0.005783047495927077,0,,0.0,-1.0,-0.05576001389772333,5-6-10,0.07971004424022449,1,9.5,9.5,8.5,5-10-6,Plackett-Luce/Harville proxy from normalized inverse closing win odds,official KRA final winning-combination dividend,descriptive settlement; not executable EDGE/EV
20260822,20260822_1_04,1,4,10,3,삼쌍승,720,10-5-2,0.01355898686723875,0.01225055418315445,0.0013084326840842996,0,,0.0,-1.0,-0.01225055418315445,10-5-6,0.016925107753042328,0,,0.0,-1.0,5-10-6,Plackett-Luce/Harville proxy from normalized inverse closing win odds,official KRA final winning-combination dividend,descriptive settlement; not executable EDGE/EV
20260822,20260822_1_04,1,4,10,3,쌍승,90,10-5,0.08466339461228603,0.08198399757084755,0.0026793970414384777,0,,0.0,-1.0,-0.08198399757084755,10-5,0.08198399757084755,0,,0.0,-1.0,5-10-6,Plackett-Luce/Harville proxy from normalized inverse closing win odds,official KRA final winning-combination dividend,descriptive settlement; not executable EDGE/EV
20260822,20260822_1_04,1,4,10,3,연승,10,2,0.2733225855253445,0.2582804344750775,0.015042151050267016,0,,0.0,-1.0,-0.2582804344750775,10,0.6811000737099445,1,1.5,1.5,0.5,5-10-6,Plackett-Luce/Harville proxy from normalized inverse closing win odds,official KRA final winning-combination dividend,descriptive settlement; not executable EDGE/EV
20260822,20260822_1_05,1,5,11,3,단승,11,3,0.4977917424608584,0.4421900410988294,0.055601701362028966,0,,0.0,-1.0,-0.4421900410988294,3,0.4421900410988294,0,,0.0,-1.0,4-2-3,normalized inverse closing win odds,official KRA final winning-combination dividend,descriptive settlement; not executable EDGE/EV
20260822,20260822_1_05,1,5,11,3,복승,55,1-3,0.1382363030411856,0.11846714910186383,0.019769153939321757,0,,0.0,-1.0,-0.11846714910186383,3-7,0.22439927926449366,0,,0.0,-1.0,4-2-3,Plackett-Luce/Harville proxy from normalized inverse closing win odds,official KRA final winning-combination dividend,descriptive settlement; not executable EDGE/EV
20260822,20260822_1_05,1,5,11,3,복연승,55,1-3,0.324272784266931,0.2921256608350702,0.032147123431860825,0,,0.0,-1.0,-0.2921256608350702,3-7,0.4778787573832869,0,,0.0,-1.0,4-2-3,Plackett-Luce/Harville proxy from normalized inverse closing win odds,official KRA final winning-combination dividend,descriptive settlement; not executable EDGE/EV
20260822,20260822_1_05,1,5,11,3,삼복승,165,1-3-5,0.06245317438685165,0.05255785536785465,0.009895319018996998,0,,0.0,-1.0,-0.05255785536785465,1-3-7,0.11823619948320167,0,,0.0,-1.0,4-2-3,Plackett-Luce/Harville proxy from normalized inverse closing win odds,official KRA final winning-combination dividend,descriptive settlement; not executable EDGE/EV
20260822,20260822_1_05,1,5,11,3,삼쌍승,990,3-1-7,0.031017089416886467,0.026705145078778792,0.004311944338107675,0,,0.0,-1.0,-0.026705145078778792,3-7-1,0.03198470527542766,0,,0.0,-1.0,4-2-3,Plackett-Luce/Harville proxy from normalized inverse closing win odds,official KRA final winning-combination dividend,descriptive settlement; not executable EDGE/EV
20260822,20260822_1_05,1,5,11,3,쌍승,110,3-1,0.0890812982479961,0.07336783516276653,0.01571346308522957,0,,0.0,-1.0,-0.07336783516276653,3-7,0.13424752817016863,0,,0.0,-1.0,4-2-3,Plackett-Luce/Harville proxy from normalized inverse closing win odds,official KRA final winning-combination dividend,descriptive settlement; not executable EDGE/EV
20260822,20260822_1_05,1,5,11,3,연승,11,3,0.9065626698445303,0.8689465137203641,0.037616156124166134,1,1.2,1.2,0.19999999999999996,0.13105348627963587,3,0.8689465137203641,1,1.2,1.2,0.19999999999999996,4-2-3,Plackett-Luce/Harville proxy from normalized inverse closing win odds,official KRA final winning-combination dividend,descriptive settlement; not executable EDGE/EV
20260822,20260822_1_06,1,6,8,3,단승,8,4,0.4501840876808435,0.4035479758791991,0.0466361118016444,1,2.0,2.0,1.0,0.5964520241208009,4,0.4035479758791991,1,2.0,2.0,1.0,4-1-8,normalized inverse closing win odds,official KRA final winning-combination dividend,descriptive settlement; not executable EDGE/EV
20260822,20260822_1_06,1,6,8,3,복승,28,4-6,0.13638618659595825,0.11064938815318276,0.025736798442775488,0,,0.0,-1.0,-0.11064938815318276,1-4,0.23852445905123715,1,3.1,3.1,2.1,4-1-8,Plackett-Luce/Harville proxy from normalized inverse closing win odds,official KRA final winning-combination dividend,descriptive settlement; not executable EDGE/EV
20260822,20260822_1_06,1,6,8,3,복연승,28,4-6,0.3325067215532276,0.28960343013849715,0.04290329141473043,0,,0.0,-1.0,-0.28960343013849715,1-4,0.5136174978077683,1,1.8,1.8,0.8,4-1-8,Plackett-Luce/Harville proxy from normalized inverse closing win odds,official KRA final winning-combination dividend,descriptive settlement; not executable EDGE/EV
20260822,20260822_1_06,1,6,8,3,삼복승,56,2-4-6,0.0398185097088653,0.025635317353662583,0.014183192355202719,0,,0.0,-1.0,-0.025635317353662583,1-4-7,0.13897177634320904,0,,0.0,-1.0,4-1-8,Plackett-Luce/Harville proxy from normalized inverse closing win odds,official KRA final winning-combination dividend,descriptive settlement; not executable EDGE/EV
20260822,20260822_1_06,1,6,8,3,삼쌍승,336,4-6-2,0.010808278587110214,0.0065805250927796375,0.004227753494330576,0,,0.0,-1.0,-0.0065805250927796375,4-1-7,0.03579088537863988,0,,0.0,-1.0,4-1-8,Plackett-Luce/Harville proxy from normalized inverse closing win odds,official KRA final winning-combination dividend,descriptive settlement; not executable EDGE/EV
20260822,20260822_1_06,1,6,8,3,쌍승,56,4-6,0.08454770833866446,0.06659336692700912,0.017954341411655333,0,,0.0,-1.0,-0.06659336692700912,4-1,0.13651640220036876,1,5.1,5.1,4.1,4-1-8,Plackett-Luce/Harville proxy from normalized inverse closing win odds,official KRA final winning-combination dividend,descriptive settlement; not executable EDGE/EV
20260822,20260822_1_06,1,6,8,3,연승,8,2,0.23560015779653076,0.19700974026586088,0.038590417530669885,0,,0.0,-1.0,-0.19700974026586088,4,0.8467007199953186,1,1.2,1.2,0.19999999999999996,4-1-8,Plackett-Luce/Harville proxy from normalized inverse closing win odds,official KRA final winning-combination dividend,descriptive settlement; not executable EDGE/EV
20260822,20260822_1_07,1,7,9,3,단승,9,3,0.2394668784300302,0.211364084676578,0.028102793753452204,0,,0.0,-1.0,-0.211364084676578,5,0.2170766275056747,0,,0.0,-1.0,6-3-2,normalized inverse closing win odds,official KRA final winning-combination dividend,descriptive settlement; not executable EDGE/EV
20260822,20260822_1_07,1,7,9,3,복승,36,3-5,0.15317029111880048,0.11678289015757909,0.036387400961221394,0,,0.0,-1.0,-0.11678289015757909,3-5,0.11678289015757909,0,,0.0,-1.0,6-3-2,Plackett-Luce/Harville proxy from normalized inverse closing win odds,official KRA final winning-combination dividend,descriptive settlement; not executable EDGE/EV
20260822,20260822_1_07,1,7,9,3,복연승,36,3-5,0.3965268066923149,0.3221566094591251,0.07437019723318977,0,,0.0,-1.0,-0.3221566094591251,3-5,0.3221566094591251,0,,0.0,-1.0,6-3-2,Plackett-Luce/Harville proxy from normalized inverse closing win odds,official KRA final winning-combination dividend,descriptive settlement; not executable EDGE/EV
20260822,20260822_1_07,1,7,9,3,삼복승,84,3-5-6,0.14817424827538356,0.11313378683312775,0.03504046144225581,0,,0.0,-1.0,-0.11313378683312775,1-3-5,0.12052756906992007,0,,0.0,-1.0,6-3-2,Plackett-Luce/Harville proxy from normalized inverse closing win odds,official KRA final winning-combination dividend,descriptive settlement; not executable EDGE/EV
20260822,20260822_1_07,1,7,9,3,삼쌍승,504,3-5-6,0.02703071751655825,0.019465784925571054,0.007564932590987197,0,,0.0,-1.0,-0.019465784925571054,5-3-1,0.020588206373921687,0,,0.0,-1.0,6-3-2,Plackett-Luce/Harville proxy from normalized inverse closing win odds,official KRA final winning-combination dividend,descriptive settlement; not executable EDGE/EV
20260822,20260822_1_07,1,7,9,3,쌍승,72,3-5,0.07642149191338724,0.05817919496932748,0.018242296944059752,0,,0.0,-1.0,-0.05817919496932748,5-3,0.0586036951882516,0,,0.0,-1.0,6-3-2,Plackett-Luce/Harville proxy from normalized inverse closing win odds,official KRA final winning-combination dividend,descriptive settlement; not executable EDGE/EV
20260822,20260822_1_07,1,7,9,3,연승,9,3,0.6567399084223601,0.6003124671543456,0.05642744126801447,1,1.5,1.5,0.5,0.3996875328456544,5,0.6104054242907472,0,,0.0,-1.0,6-3-2,Plackett-Luce/Harville proxy from normalized inverse closing win odds,official KRA final winning-combination dividend,descriptive settlement; not executable EDGE/EV
20260822,20260822_1_08,1,8,7,3,단승,7,4,0.5310716431563975,0.4961818154637262,0.03488982769267135,0,,0.0,-1.0,-0.4961818154637262,4,0.4961818154637262,0,,0.0,-1.0,1-3-4,normalized inverse closing win odds,official KRA final winning-combination dividend,descriptive settlement; not executable EDGE/EV
20260822,20260822_1_08,1,8,7,3,복승,21,3-4,0.21895403290039372,0.20241129580614362,0.01654273709425011,0,,0.0,-1.0,-0.20241129580614362,3-4,0.20241129580614362,0,,0.0,-1.0,1-3-4,Plackett-Luce/Harville proxy from normalized inverse closing win odds,official KRA final winning-combination dividend,descriptive settlement; not executable EDGE/EV
20260822,20260822_1_08,1,8,7,3,복연승,21,3-4,0.4728612257101829,0.4495139709738487,0.0233472547363342,1,2.2,2.2,1.2000000000000002,0.5504860290261513,3-4,0.4495139709738487,1,2.2,2.2,1.2000000000000002,1-3-4,Plackett-Luce/Harville proxy from normalized inverse closing win odds,official KRA final winning-combination dividend,descriptive settlement; not executable EDGE/EV
20260822,20260822_1_08,1,8,7,3,삼복승,35,3-4-5,0.12027375271727422,0.10638803400623768,0.01388571871103654,0,,0.0,-1.0,-0.10638803400623768,1-3-4,0.11819260387663008,1,8.3,8.3,7.300000000000001,1-3-4,Plackett-Luce/Harville proxy from normalized inverse closing win odds,official KRA final winning-combination dividend,descriptive settlement; not executable EDGE/EV
20260822,20260822_1_08,1,8,7,3,삼쌍승,210,4-3-5,0.03589246292605195,0.030256981568721086,0.005635481357330864,0,,0.0,-1.0,-0.030256981568721086,4-3-1,0.033208882209571945,0,,0.0,-1.0,1-3-4,Plackett-Luce/Harville proxy from normalized inverse closing win odds,official KRA final winning-combination dividend,descriptive settlement; not executable EDGE/EV
20260822,20260822_1_08,1,8,7,3,쌍승,42,4-3,0.14250842502897274,0.1281734270923172,0.014334997936655547,0,,0.0,-1.0,-0.1281734270923172,4-3,0.1281734270923172,0,,0.0,-1.0,1-3-4,Plackett-Luce/Harville proxy from normalized inverse closing win odds,official KRA final winning-combination dividend,descriptive settlement; not executable EDGE/EV
20260822,20260822_1_08,1,8,7,3,연승,7,4,0.9316553600912523,0.9126653827132462,0.018989977378006118,1,1.0,1.0,0.0,0.08733461728675385,4,0.9126653827132462,1,1.0,1.0,0.0,1-3-4,Plackett-Luce/Harville proxy from normalized inverse closing win odds,official KRA final winning-combination dividend,descriptive settlement; not executable EDGE/EV
20260822,20260822_1_09,1,9,8,3,단승,8,2,0.2787771748376427,0.2579237453717333,0.0208534294659094,0,,0.0,-1.0,-0.2579237453717333,2,0.2579237453717333,0,,0.0,-1.0,5-3-4,normalized inverse closing win odds,official KRA final winning-combination dividend,descriptive settlement; not executable EDGE/EV
20260822,20260822_1_09,1,9,8,3,복승,28,2-5,0.16421011805218708,0.14186495143393316,0.02234516661825392,0,,0.0,-1.0,-0.14186495143393316,2-5,0.14186495143393316,0,,0.0,-1.0,5-3-4,Plackett-Luce/Harville proxy from normalized inverse closing win odds,official KRA final winning-combination dividend,descriptive settlement; not executable EDGE/EV
20260822,20260822_1_09,1,9,8,3,복연승,28,2-6,0.3322187766410306,0.2908318527703706,0.04138692387066001,0,,0.0,-1.0,-0.2908318527703706,2-5,0.3722753205482563,0,,0.0,-1.0,5-3-4,Plackett-Luce/Harville proxy from normalized inverse closing win odds,official KRA final winning-combination dividend,descriptive settlement; not executable EDGE/EV
20260822,20260822_1_09,1,9,8,3,삼복승,56,2-5-6,0.14530335171420858,0.11163505665086997,0.03366829506333861,0,,0.0,-1.0,-0.11163505665086997,1-2-5,0.1515964435480818,0,,0.0,-1.0,5-3-4,Plackett-Luce/Harville proxy from normalized inverse closing win odds,official KRA final winning-combination dividend,descriptive settlement; not executable EDGE/EV
20260822,20260822_1_09,1,9,8,3,삼쌍승,336,2-5-6,0.02859720636863404,0.021565382717766722,0.007031823650867318,0,,0.0,-1.0,-0.021565382717766722,2-5-1,0.027495862965152565,0,,0.0,-1.0,5-3-4,Plackett-Luce/Harville proxy from normalized inverse closing win odds,official KRA final winning-combination dividend,descriptive settlement; not executable EDGE/EV
20260822,20260822_1_09,1,9,8,3,쌍승,56,2-5,0.08528591806798733,0.0731328023856924,0.012153115682294921,0,,0.0,-1.0,-0.0731328023856924,2-5,0.0731328023856924,0,,0.0,-1.0,5-3-4,Plackett-Luce/Harville proxy from normalized inverse closing win odds,official KRA final winning-combination dividend,descriptive settlement; not executable EDGE/EV
20260822,20260822_1_09,1,9,8,3,연승,8,2,0.7120936698209861,0.6799551635211827,0.032138506299803415,0,,0.0,-1.0,-0.6799551635211827,2,0.6799551635211827,0,,0.0,-1.0,5-3-4,Plackett-Luce/Harville proxy from normalized inverse closing win odds,official KRA final winning-combination dividend,descriptive settlement; not executable EDGE/EV
20260822,20260822_1_10,1,10,11,3,단승,11,11,0.4528679292881377,0.4034708370606646,0.04939709222747307,1,2.0,2.0,1.0,0.5965291629393354,11,0.4034708370606646,1,2.0,2.0,1.0,11-4-5,normalized inverse closing win odds,official KRA final winning-combination dividend,descriptive settlement; not executable EDGE/EV
20260822,20260822_1_10,1,10,11,3,복승,55,5-11,0.14585882358193897,0.12313675503460093,0.022722068547338034,0,,0.0,-1.0,-0.12313675503460093,4-11,0.1434900909555803,1,8.0,8.0,7.0,11-4-5,Plackett-Luce/Harville proxy from normalized inverse closing win odds,official KRA final winning-combination dividend,descriptive settlement; not executable EDGE/EV
20260822,20260822_1_10,1,10,11,3,복연승,55,5-11,0.33600120964094743,0.2960828214332034,0.039918388207744016,1,4.2,4.2,3.2,0.7039171785667966,4-11,0.33579180586987567,1,2.4,2.4,1.4,11-4-5,Plackett-Luce/Harville proxy from normalized inverse closing win odds,official KRA final winning-combination dividend,descriptive settlement; not executable EDGE/EV
20260822,20260822_1_10,1,10,11,3,삼복승,165,5-6-11,0.06194310226043248,0.04963903982784425,0.012304062432588234,0,,0.0,-1.0,-0.04963903982784425,4-5-11,0.08154811608110085,1,19.7,19.7,18.7,11-4-5,Plackett-Luce/Harville proxy from normalized inverse closing win odds,official KRA final winning-combination dividend,descriptive settlement; not executable EDGE/EV
20260822,20260822_1_10,1,10,11,3,삼쌍승,990,11-5-6,0.016468178493496525,0.012332138053759042,0.004136040439737483,0,,0.0,-1.0,-0.012332138053759042,11-4-5,0.019767176747398987,1,46.7,46.7,45.7,11-4-5,Plackett-Luce/Harville proxy from normalized inverse closing win odds,official KRA final winning-combination dividend,descriptive settlement; not executable EDGE/EV
20260822,20260822_1_10,1,10,11,3,쌍승,110,11-5,0.09036083290623183,0.07375490269470433,0.016605930211527495,0,,0.0,-1.0,-0.07375490269470433,11-4,0.08527910624075197,1,10.3,10.3,9.3,11-4-5,Plackett-Luce/Harville proxy from normalized inverse closing win odds,official KRA final winning-combination dividend,descriptive settlement; not executable EDGE/EV
20260822,20260822_1_10,1,10,11,3,연승,11,11,0.8704301260641131,0.827329012603052,0.04310111346106105,1,1.3,1.3,0.30000000000000004,0.17267098739694797,11,0.827329012603052,1,1.3,1.3,0.30000000000000004,11-4-5,Plackett-Luce/Harville proxy from normalized inverse closing win odds,official KRA final winning-combination dividend,descriptive settlement; not executable EDGE/EV
