split,rcDate,race_id,meet_cd,meet_name,field_size,label_eligible,exclusion_reason,upset_label,market_upset_probability,raw_model_probability,calibrated_model_probability,evaluation_role,risk_band_high_10pct,risk_band_low_10pct,risk_band_high_20pct,risk_band_low_20pct,risk_band_high_30pct,risk_band_low_30pct,risk_band_high_40pct,risk_band_low_40pct
train,20230805,20230805_1_01,1,서울,11,True,,0.0,0.0545053538590557,0.08966430217191945,0.11424717263560379,in_sample_diagnostic_only,False,False,False,False,False,False,False,False
train,20230805,20230805_1_02,1,서울,7,True,,0.0,0.0826875733535668,0.07864257484217411,0.1083851843641801,in_sample_diagnostic_only,False,False,False,False,False,False,False,True
train,20230805,20230805_1_03,1,서울,10,True,,0.0,0.13903767709169712,0.07320210782492102,0.10532098528199021,in_sample_diagnostic_only,False,False,False,False,False,True,False,True
train,20230805,20230805_1_04,1,서울,11,True,,0.0,0.1185912167448651,0.08865753763637751,0.11372894831324375,in_sample_diagnostic_only,False,False,False,False,False,False,False,False
train,20230805,20230805_1_05,1,서울,11,True,,0.0,0.066203721677636,0.10177336673669639,0.1202463957824602,in_sample_diagnostic_only,False,False,False,False,False,False,False,False
train,20230805,20230805_1_06,1,서울,11,True,,0.0,0.1483491692530448,0.07099045629043027,0.10403844145652132,in_sample_diagnostic_only,False,False,False,False,False,True,False,True
train,20230805,20230805_1_07,1,서울,11,True,,0.0,0.1146825522669173,0.13153641093693885,0.13354523445800817,in_sample_diagnostic_only,False,False,False,False,True,False,True,False
train,20230805,20230805_1_08,1,서울,10,True,,0.0,0.1313906038064021,0.14589006372173807,0.1394094823206691,in_sample_diagnostic_only,False,False,True,False,True,False,True,False
train,20230805,20230805_1_09,1,서울,10,True,,1.0,0.236316322785671,0.2339867732427578,0.1708506671376852,in_sample_diagnostic_only,True,False,True,False,True,False,True,False
train,20230805,20230805_1_10,1,서울,10,True,,1.0,0.14392049251629999,0.29555919823598437,0.1902731673688397,in_sample_diagnostic_only,True,False,True,False,True,False,True,False
train,20230805,20230805_1_11,1,서울,10,True,,1.0,0.1736292351014739,0.29723353001307784,0.19078568399075235,in_sample_diagnostic_only,True,False,True,False,True,False,True,False
train,20230805,20230805_1_12,1,서울,11,True,,0.0,0.19310086034187762,0.129649811484339,0.13275140736628324,in_sample_diagnostic_only,False,False,False,False,True,False,True,False
train,20230805,20230805_1_13,1,서울,11,True,,0.0,0.1018359367073877,0.09289297510074294,0.11588785799446534,in_sample_diagnostic_only,False,False,False,False,False,False,False,False
train,20230805,20230805_1_14,1,서울,11,True,,0.0,0.1522588229141708,0.17282112772354888,0.14971672211375742,in_sample_diagnostic_only,True,False,True,False,True,False,True,False
train,20230805,20230805_1_15,1,서울,11,True,,0.0,0.1213125138597762,0.16417997371892115,0.14649538954837676,in_sample_diagnostic_only,False,False,True,False,True,False,True,False
train,20230806,20230806_1_01,1,서울,10,True,,0.0,0.1184627128595793,0.05381136097284096,0.09318102855072401,in_sample_diagnostic_only,False,True,False,True,False,True,False,True
train,20230806,20230806_1_02,1,서울,11,True,,0.0,0.0664255456124892,0.10738545768648994,0.12289593622441046,in_sample_diagnostic_only,False,False,False,False,False,False,False,False
train,20230806,20230806_1_03,1,서울,11,True,,0.0,0.114315598835888,0.05785089974277488,0.09589710664919077,in_sample_diagnostic_only,False,False,False,True,False,True,False,True
train,20230806,20230806_1_04,1,서울,11,True,,1.0,0.1376818760441678,0.22679456180303623,0.16848526779849973,in_sample_diagnostic_only,True,False,True,False,True,False,True,False
train,20230806,20230806_1_05,1,서울,11,True,,1.0,0.0925239287222078,0.15618013851709578,0.14344390476064817,in_sample_diagnostic_only,False,False,True,False,True,False,True,False
train,20230806,20230806_1_06,1,서울,10,True,,0.0,0.11640753558768681,0.1957927673163074,0.15795653588804623,in_sample_diagnostic_only,True,False,True,False,True,False,True,False
train,20230806,20230806_1_07,1,서울,11,True,,0.0,0.0672509168833702,0.09410131384877393,0.11649384011536341,in_sample_diagnostic_only,False,False,False,False,False,False,False,False
train,20230806,20230806_1_08,1,서울,9,True,,0.0,0.1844385779711773,0.18438778009653062,0.15391994194207437,in_sample_diagnostic_only,True,False,True,False,True,False,True,False
train,20230806,20230806_1_09,1,서울,11,True,,0.0,0.1445277081119018,0.08782198157882615,0.11329638112448431,in_sample_diagnostic_only,False,False,False,False,False,False,False,True
train,20230806,20230806_1_10,1,서울,10,True,,0.0,0.18769699499311793,0.1884739138667582,0.15537774663123988,in_sample_diagnostic_only,True,False,True,False,True,False,True,False
train,20230806,20230806_1_11,1,서울,11,True,,0.0,0.1328092188628856,0.1586366108580917,0.14438840590630111,in_sample_diagnostic_only,False,False,True,False,True,False,True,False
train,20230806,20230806_1_12,1,서울,11,True,,1.0,0.2970742739081967,0.33668639748975926,0.20271487628826748,in_sample_diagnostic_only,True,False,True,False,True,False,True,False
train,20230806,20230806_1_13,1,서울,10,True,,0.0,0.07473000576180049,0.12436888141705635,0.13049789979098209,in_sample_diagnostic_only,False,False,False,False,False,False,True,False
train,20230806,20230806_1_14,1,서울,10,True,,0.0,0.12792704344678982,0.17177915078161243,0.14933214971566736,in_sample_diagnostic_only,True,False,True,False,True,False,True,False
train,20230806,20230806_1_15,1,서울,11,True,,0.0,0.1157897829098079,0.2469434481177602,0.17505131430321372,in_sample_diagnostic_only,True,False,True,False,True,False,True,False
train,20230811,20230811_3_01,3,부경,11,True,,0.0,0.0599719944873629,0.10847526659241817,0.12340184321067085,in_sample_diagnostic_only,False,False,False,False,False,False,False,False
train,20230811,20230811_3_02,3,부경,11,True,,0.0,0.1031234775954348,0.049019062750295446,0.08979854517904753,in_sample_diagnostic_only,False,True,False,True,False,True,False,True
train,20230811,20230811_3_03,3,부경,11,True,,0.0,0.1092958809533216,0.1376953946646628,0.13609809595236505,in_sample_diagnostic_only,False,False,False,False,True,False,True,False
train,20230811,20230811_3_04,3,부경,11,True,,0.0,0.12193663643127521,0.09214652010549071,0.11551135441885864,in_sample_diagnostic_only,False,False,False,False,False,False,False,False
train,20230811,20230811_3_05,3,부경,11,True,,0.0,0.0786216099473591,0.13745822623892465,0.13600084796550882,in_sample_diagnostic_only,False,False,False,False,True,False,True,False
train,20230811,20230811_3_06,3,부경,11,True,,0.0,0.11945003687935399,0.09882537979385848,0.11882320503788502,in_sample_diagnostic_only,False,False,False,False,False,False,False,False
train,20230811,20230811_3_07,3,부경,11,True,,0.0,0.1619427125660164,0.13686861412872003,0.13575872686348212,in_sample_diagnostic_only,False,False,False,False,True,False,True,False
train,20230812,20230812_1_01,1,서울,11,True,,0.0,0.09141627522713242,0.056480105729882324,0.09498823690710119,in_sample_diagnostic_only,False,False,False,True,False,True,False,True
train,20230812,20230812_1_02,1,서울,11,True,,0.0,0.0442665410328881,0.07906549545276127,0.10861829822179365,in_sample_diagnostic_only,False,False,False,False,False,False,False,True
train,20230812,20230812_1_03,1,서울,11,True,,0.0,0.0720338761768394,0.08982238161938111,0.11432825104127434,in_sample_diagnostic_only,False,False,False,False,False,False,False,False
train,20230812,20230812_1_04,1,서울,9,True,,0.0,0.1559577070805514,0.10062960288496103,0.11969689349532818,in_sample_diagnostic_only,False,False,False,False,False,False,False,False
train,20230812,20230812_1_05,1,서울,10,True,,0.0,0.2491138310999667,0.13044583816883962,0.1330870530830042,in_sample_diagnostic_only,False,False,False,False,True,False,True,False
train,20230812,20230812_1_06,1,서울,11,True,,0.0,0.1593648119492327,0.12958556805090418,0.13272427403217046,in_sample_diagnostic_only,False,False,False,False,True,False,True,False
train,20230812,20230812_1_07,1,서울,11,True,,0.0,0.08495720952092528,0.26261344163075445,0.18004049292245675,in_sample_diagnostic_only,True,False,True,False,True,False,True,False
train,20230812,20230812_1_08,1,서울,10,True,,0.0,0.14603754376109299,0.10539425771728925,0.12196450679090032,in_sample_diagnostic_only,False,False,False,False,False,False,False,False
train,20230812,20230812_1_09,1,서울,9,True,,1.0,0.21269011393478898,0.3695086847235002,0.2125028993086158,in_sample_diagnostic_only,True,False,True,False,True,False,True,False
train,20230812,20230812_1_10,1,서울,9,True,,0.0,0.1160351603235783,0.1761197655932638,0.15092751459869527,in_sample_diagnostic_only,True,False,True,False,True,False,True,False
train,20230813,20230813_1_01,1,서울,10,True,,0.0,0.1362193674320556,0.07480362384966287,0.10623600928595295,in_sample_diagnostic_only,False,False,False,False,False,True,False,True
train,20230813,20230813_1_02,1,서울,10,True,,0.0,0.1518731540788841,0.07099557225807523,0.1040414343104993,in_sample_diagnostic_only,False,False,False,False,False,True,False,True
train,20230813,20230813_1_03,1,서울,11,True,,0.0,0.1015636610162357,0.07864514397961639,0.1083866025994382,in_sample_diagnostic_only,False,False,False,False,False,False,False,True
train,20230813,20230813_1_04,1,서울,9,True,,0.0,0.116349181741525,0.13008034732133478,0.13293307121629583,in_sample_diagnostic_only,False,False,False,False,True,False,True,False
train,20230813,20230813_1_05,1,서울,10,True,,0.0,0.1927760060389095,0.1327661552496909,0.13405961700730795,in_sample_diagnostic_only,False,False,False,False,True,False,True,False
train,20230813,20230813_1_06,1,서울,11,True,,0.0,0.2018539530183302,0.1500570272993662,0.14105893756690616,in_sample_diagnostic_only,False,False,True,False,True,False,True,False
train,20230813,20230813_1_07,1,서울,9,True,,0.0,0.1195560612115221,0.1312851124232242,0.1334398255017293,in_sample_diagnostic_only,False,False,False,False,True,False,True,False
train,20230813,20230813_1_08,1,서울,8,True,,0.0,0.130170548420351,0.13169838939543452,0.13361312419571642,in_sample_diagnostic_only,False,False,False,False,True,False,True,False
train,20230813,20230813_1_10,1,서울,11,True,,0.0,0.1535316714575908,0.1414266114096766,0.13761738408035615,in_sample_diagnostic_only,False,False,False,False,True,False,True,False
train,20230813,20230813_3_01,3,부경,11,True,,1.0,0.0523397154186677,0.30960101607751694,0.1945533326809985,in_sample_diagnostic_only,True,False,True,False,True,False,True,False
train,20230813,20230813_3_02,3,부경,11,True,,0.0,0.132262176541028,0.0814077057064881,0.10989682090671385,in_sample_diagnostic_only,False,False,False,False,False,False,False,True
train,20230813,20230813_3_03,3,부경,10,True,,0.0,0.1985575290984824,0.12400615149860195,0.13034135060726457,in_sample_diagnostic_only,False,False,False,False,False,False,True,False
train,20230813,20230813_3_04,3,부경,11,True,,0.0,0.0864465021528456,0.16465880299415642,0.14667585515817919,in_sample_diagnostic_only,False,False,True,False,True,False,True,False
train,20230813,20230813_3_05,3,부경,11,True,,0.0,0.1494706557289454,0.1441312199876511,0.13870650081841596,in_sample_diagnostic_only,False,False,False,False,True,False,True,False
train,20230813,20230813_3_07,3,부경,11,True,,0.0,0.0846481299607327,0.09590489435106257,0.11739049323639715,in_sample_diagnostic_only,False,False,False,False,False,False,False,False
train,20230818,20230818_3_01,3,부경,10,True,,0.0,0.0748467696872969,0.17181923523381692,0.1493469630859812,in_sample_diagnostic_only,True,False,True,False,True,False,True,False
train,20230818,20230818_3_02,3,부경,10,True,,0.0,0.08080467435259231,0.16377295620054563,0.14634180129078933,in_sample_diagnostic_only,False,False,True,False,True,False,True,False
train,20230818,20230818_3_04,3,부경,11,True,,0.0,0.1497084572600103,0.14493549087800828,0.13902846394015625,in_sample_diagnostic_only,False,False,True,False,True,False,True,False
train,20230818,20230818_3_05,3,부경,11,True,,0.0,0.09166422342170151,0.12112694980876054,0.1290903477900922,in_sample_diagnostic_only,False,False,False,False,False,False,True,False
train,20230818,20230818_3_06,3,부경,11,True,,0.0,0.20785765150658228,0.1569808041114372,0.14375250819903768,in_sample_diagnostic_only,False,False,True,False,True,False,True,False
train,20230818,20230818_3_07,3,부경,11,True,,1.0,0.1036279149731966,0.359140383874727,0.20941826802630972,in_sample_diagnostic_only,True,False,True,False,True,False,True,False
train,20230819,20230819_1_01,1,서울,11,True,,1.0,0.1187158233713255,0.21424299975114158,0.16429239182071873,in_sample_diagnostic_only,True,False,True,False,True,False,True,False
train,20230819,20230819_1_02,1,서울,10,True,,0.0,0.0678556603678376,0.13826850426641304,0.13633275366235567,in_sample_diagnostic_only,False,False,False,False,True,False,True,False
train,20230819,20230819_1_03,1,서울,10,True,,0.0,0.1443042006785952,0.06128813136643019,0.09812223948687197,in_sample_diagnostic_only,False,False,False,True,False,True,False,True
train,20230819,20230819_1_04,1,서울,11,True,,0.0,0.1280879222347674,0.061730035024199464,0.09840299724189155,in_sample_diagnostic_only,False,False,False,True,False,True,False,True
train,20230819,20230819_1_05,1,서울,11,True,,0.0,0.1124938555639345,0.06415382439841144,0.09992259851592197,in_sample_diagnostic_only,False,False,False,True,False,True,False,True
train,20230819,20230819_1_06,1,서울,11,True,,0.0,0.139506288925474,0.1145525674258698,0.12617517786020968,in_sample_diagnostic_only,False,False,False,False,False,False,True,False
train,20230819,20230819_1_07,1,서울,10,True,,1.0,0.1400137258116193,0.230474310349114,0.16969866122804492,in_sample_diagnostic_only,True,False,True,False,True,False,True,False
train,20230819,20230819_1_08,1,서울,11,True,,1.0,0.1397940209618162,0.20724623392181463,0.16191561384505865,in_sample_diagnostic_only,True,False,True,False,True,False,True,False
train,20230819,20230819_1_09,1,서울,11,True,,0.0,0.1242199635375113,0.18942260328124716,0.15571431377548864,in_sample_diagnostic_only,True,False,True,False,True,False,True,False
train,20230819,20230819_1_10,1,서울,10,True,,1.0,0.143345875781658,0.3667003488032386,0.21166782088837038,in_sample_diagnostic_only,True,False,True,False,True,False,True,False
train,20230820,20230820_1_01,1,서울,11,True,,0.0,0.0733012758052938,0.08396882957008543,0.11127148946256282,in_sample_diagnostic_only,False,False,False,False,False,False,False,True
train,20230820,20230820_1_02,1,서울,11,True,,0.0,0.0877065006194052,0.05533224210224826,0.09421720207146825,in_sample_diagnostic_only,False,False,False,True,False,True,False,True
train,20230820,20230820_1_03,1,서울,11,True,,0.0,0.0750244008528157,0.09667852801084352,0.11777229402624478,in_sample_diagnostic_only,False,False,False,False,False,False,False,False
train,20230820,20230820_1_04,1,서울,11,True,,0.0,0.11577228313910921,0.12583095543215347,0.13112657024967292,in_sample_diagnostic_only,False,False,False,False,True,False,True,False
train,20230820,20230820_1_05,1,서울,10,True,,0.0,0.1286443601170246,0.16944466777385364,0.14846677183212706,in_sample_diagnostic_only,False,False,True,False,True,False,True,False
train,20230820,20230820_1_06,1,서울,10,True,,1.0,0.1290022242906369,0.301724518182165,0.19215739341253732,in_sample_diagnostic_only,True,False,True,False,True,False,True,False
train,20230820,20230820_1_07,1,서울,11,True,,1.0,0.12240239172634589,0.261957363457481,0.17983340039978413,in_sample_diagnostic_only,True,False,True,False,True,False,True,False
train,20230820,20230820_1_08,1,서울,10,True,,0.0,0.2794234169905613,0.15486956314570974,0.1429371716261789,in_sample_diagnostic_only,False,False,True,False,True,False,True,False
train,20230820,20230820_1_09,1,서울,10,True,,0.0,0.2877139359640934,0.09907261356128051,0.11894343290206472,in_sample_diagnostic_only,False,False,False,False,False,False,False,False
train,20230820,20230820_1_10,1,서울,9,True,,0.0,0.18263011223041611,0.21373431712497726,0.1641205929189311,in_sample_diagnostic_only,True,False,True,False,True,False,True,False
train,20230820,20230820_3_01,3,부경,10,True,,0.0,0.1617363425158406,0.09102803560864674,0.11494406096087947,in_sample_diagnostic_only,False,False,False,False,False,False,False,False
train,20230820,20230820_3_02,3,부경,11,True,,0.0,0.1106515217857255,0.16377080008054984,0.1463409872168735,in_sample_diagnostic_only,False,False,True,False,True,False,True,False
train,20230820,20230820_3_03,3,부경,11,True,,0.0,0.117036456706674,0.1007853367457498,0.11977190998225808,in_sample_diagnostic_only,False,False,False,False,False,False,False,False
train,20230820,20230820_3_04,3,부경,11,True,,1.0,0.1316541187014052,0.27232719560725893,0.18309003706816396,in_sample_diagnostic_only,True,False,True,False,True,False,True,False
train,20230820,20230820_3_05,3,부경,11,True,,1.0,0.12052042970037921,0.419278419873781,0.2273092478056708,in_sample_diagnostic_only,True,False,True,False,True,False,True,False
train,20230820,20230820_3_06,3,부경,11,True,,0.0,0.2323012715059929,0.16084774859877699,0.1452328185527859,in_sample_diagnostic_only,False,False,True,False,True,False,True,False
train,20230820,20230820_3_07,3,부경,11,True,,1.0,0.165981786886327,0.3780025755018464,0.2150274148224088,in_sample_diagnostic_only,True,False,True,False,True,False,True,False
train,20230825,20230825_3_01,3,부경,12,True,,0.0,0.0922746870181048,0.051099365314208466,0.0912897662766292,in_sample_diagnostic_only,False,True,False,True,False,True,False,True
train,20230825,20230825_3_02,3,부경,12,True,,0.0,0.1011723263406566,0.04907306852413249,0.08983772589673887,in_sample_diagnostic_only,False,True,False,True,False,True,False,True
train,20230825,20230825_3_03,3,부경,12,True,,0.0,0.10614269055527781,0.06414420651894141,0.09991663478158519,in_sample_diagnostic_only,False,False,False,True,False,True,False,True
train,20230825,20230825_3_04,3,부경,11,True,,0.0,0.09561949987574969,0.11314264509666905,0.12553877755272996,in_sample_diagnostic_only,False,False,False,False,False,False,True,False
train,20230825,20230825_3_05,3,부경,11,True,,0.0,0.0583918966034555,0.09520808953338934,0.11704517317811025,in_sample_diagnostic_only,False,False,False,False,False,False,False,False
train,20230825,20230825_3_06,3,부경,10,True,,0.0,0.26390872189711,0.18370712418204832,0.153675789391772,in_sample_diagnostic_only,True,False,True,False,True,False,True,False
train,20230825,20230825_3_07,3,부경,11,True,,0.0,0.17790049393819451,0.1366255494695151,0.13565876431217191,in_sample_diagnostic_only,False,False,False,False,True,False,True,False
train,20230826,20230826_1_01,1,서울,11,True,,0.0,0.0498230672872418,0.07738877628188023,0.10768991269510923,in_sample_diagnostic_only,False,False,False,False,False,True,False,True
train,20230826,20230826_1_02,1,서울,12,True,,0.0,0.0722950035962919,0.06302543392050126,0.09921936134744394,in_sample_diagnostic_only,False,False,False,True,False,True,False,True
train,20230826,20230826_1_03,1,서울,11,True,,0.0,0.0678435365696645,0.12477704029850754,0.13067377806048985,in_sample_diagnostic_only,False,False,False,False,False,False,True,False
train,20230826,20230826_1_04,1,서울,11,True,,0.0,0.15209560191962399,0.08068974914511427,0.10950713459184028,in_sample_diagnostic_only,False,False,False,False,False,False,False,True
train,20230826,20230826_1_05,1,서울,12,True,,0.0,0.12526251883084,0.07318016983038877,0.1053083724949363,in_sample_diagnostic_only,False,False,False,False,False,True,False,True
train,20230826,20230826_1_06,1,서울,11,True,,0.0,0.14435463335967322,0.09434953467026179,0.11661779591264088,in_sample_diagnostic_only,False,False,False,False,False,False,False,False
train,20230826,20230826_1_07,1,서울,11,True,,0.0,0.1345788293430885,0.07342522583128047,0.10544914040950515,in_sample_diagnostic_only,False,False,False,False,False,True,False,True
train,20230826,20230826_1_08,1,서울,11,True,,0.0,0.17190565795131602,0.14603596992893578,0.13946761530605448,in_sample_diagnostic_only,False,False,True,False,True,False,True,False
train,20230826,20230826_1_09,1,서울,10,True,,0.0,0.10920613743185129,0.10743324583572089,0.12291817709705033,in_sample_diagnostic_only,False,False,False,False,False,False,False,False
train,20230826,20230826_1_10,1,서울,9,True,,0.0,0.09039601308553649,0.20366889232059138,0.16068852110336307,in_sample_diagnostic_only,True,False,True,False,True,False,True,False
train,20230827,20230827_1_01,1,서울,10,True,,0.0,0.2045140758767379,0.09899317176791513,0.11890481865838927,in_sample_diagnostic_only,False,False,False,False,False,False,False,False
train,20230827,20230827_1_02,1,서울,12,True,,0.0,0.0539875191229121,0.022506519182061212,0.06600958394091222,in_sample_diagnostic_only,False,True,False,True,False,True,False,True
train,20230827,20230827_1_03,1,서울,12,True,,0.0,0.1140583850439731,0.02404307893730714,0.06775611682043875,in_sample_diagnostic_only,False,True,False,True,False,True,False,True
train,20230827,20230827_1_04,1,서울,10,True,,0.0,0.1862639381978689,0.08795859141425033,0.11336725899486612,in_sample_diagnostic_only,False,False,False,False,False,False,False,True
train,20230827,20230827_1_05,1,서울,11,True,,0.0,0.1093769161933637,0.08024371448121823,0.10926406024775538,in_sample_diagnostic_only,False,False,False,False,False,False,False,True
train,20230827,20230827_1_06,1,서울,11,True,,0.0,0.1519663802721998,0.1645769238178935,0.1466450126439733,in_sample_diagnostic_only,False,False,True,False,True,False,True,False
train,20230827,20230827_1_07,1,서울,11,True,,0.0,0.09826959743819591,0.0889082916016644,0.11385832416369972,in_sample_diagnostic_only,False,False,False,False,False,False,False,False
train,20230827,20230827_1_08,1,서울,12,True,,0.0,0.07821212071272639,0.12252971431318259,0.1297017201112373,in_sample_diagnostic_only,False,False,False,False,False,False,True,False
train,20230827,20230827_1_09,1,서울,10,True,,0.0,0.1722044796577023,0.1378137148094224,0.13614658091659668,in_sample_diagnostic_only,False,False,False,False,True,False,True,False
train,20230827,20230827_1_10,1,서울,10,True,,0.0,0.12154751959654991,0.1455050594828528,0.13925595214013686,in_sample_diagnostic_only,False,False,True,False,True,False,True,False
train,20230827,20230827_3_01,3,부경,12,True,,0.0,0.1087004753280452,0.047650147965557395,0.08879675326291665,in_sample_diagnostic_only,False,True,False,True,False,True,False,True
train,20230827,20230827_3_02,3,부경,12,True,,0.0,0.0891348630329949,0.03820141705108053,0.08136218820234094,in_sample_diagnostic_only,False,True,False,True,False,True,False,True
train,20230827,20230827_3_03,3,부경,11,True,,0.0,0.12329740070185881,0.06934276146195258,0.10306804618388087,in_sample_diagnostic_only,False,False,False,False,False,True,False,True
train,20230827,20230827_3_04,3,부경,11,True,,0.0,0.160189261022968,0.14379132112847626,0.13857017338964234,in_sample_diagnostic_only,False,False,False,False,True,False,True,False
train,20230827,20230827_3_05,3,부경,11,True,,0.0,0.11602802807783999,0.09726521702936124,0.1180607302638917,in_sample_diagnostic_only,False,False,False,False,False,False,False,False
train,20230827,20230827_3_06,3,부경,10,True,,0.0,0.1178066103927658,0.12642155338567554,0.13137946774894052,in_sample_diagnostic_only,False,False,False,False,True,False,True,False
train,20230827,20230827_3_07,3,부경,10,True,,0.0,0.17770425427340603,0.14903783103260998,0.14065753454855456,in_sample_diagnostic_only,False,False,True,False,True,False,True,False
train,20230901,20230901_3_01,3,부경,11,True,,0.0,0.0509102374953185,0.08827278751102113,0.11353004421995173,in_sample_diagnostic_only,False,False,False,False,False,False,False,True
train,20230901,20230901_3_02,3,부경,12,True,,0.0,0.1215316979657765,0.04792721490563466,0.08900087698967657,in_sample_diagnostic_only,False,True,False,True,False,True,False,True
train,20230901,20230901_3_03,3,부경,12,True,,0.0,0.0882698708872349,0.040795063761789194,0.083503122277961,in_sample_diagnostic_only,False,True,False,True,False,True,False,True
train,20230901,20230901_3_04,3,부경,11,True,,0.0,0.073560099711612,0.04953552449505198,0.0901721947912071,in_sample_diagnostic_only,False,True,False,True,False,True,False,True
train,20230901,20230901_3_05,3,부경,11,True,,0.0,0.1806898593948481,0.06684505499272797,0.10157152009199466,in_sample_diagnostic_only,False,False,False,False,False,True,False,True
train,20230901,20230901_3_06,3,부경,10,True,,1.0,0.1795718193842285,0.3135893397907735,0.19576214602568065,in_sample_diagnostic_only,True,False,True,False,True,False,True,False
train,20230901,20230901_3_07,3,부경,10,True,,0.0,0.13449206997407437,0.0975327244110663,0.11819193287482553,in_sample_diagnostic_only,False,False,False,False,False,False,False,False
train,20230901,20230901_3_08,3,부경,11,True,,0.0,0.1255704668987082,0.11625677467477705,0.126938986914463,in_sample_diagnostic_only,False,False,False,False,False,False,True,False
train,20230902,20230902_1_01,1,서울,10,True,,0.0,0.068424153941014,0.053018516709646704,0.09263404028442083,in_sample_diagnostic_only,False,True,False,True,False,True,False,True
train,20230902,20230902_1_02,1,서울,11,True,,0.0,0.05359112051541949,0.09894762977034054,0.11888267453002713,in_sample_diagnostic_only,False,False,False,False,False,False,False,False
train,20230902,20230902_1_03,1,서울,11,True,,0.0,0.0410229286351794,0.16049918068850405,0.14510005960679898,in_sample_diagnostic_only,False,False,True,False,True,False,True,False
train,20230902,20230902_1_04,1,서울,11,True,,0.0,0.0880384406811799,0.04189881500705978,0.0843894891649461,in_sample_diagnostic_only,False,True,False,True,False,True,False,True
train,20230902,20230902_1_05,1,서울,9,True,,0.0,0.1210380141454551,0.06067797780012168,0.0977326484787444,in_sample_diagnostic_only,False,False,False,True,False,True,False,True
train,20230902,20230902_1_06,1,서울,8,True,,0.0,0.122228848939952,0.045245778887414295,0.08699504155594433,in_sample_diagnostic_only,False,True,False,True,False,True,False,True
train,20230902,20230902_1_07,1,서울,10,True,,0.0,0.1607130528941224,0.12719163499586414,0.1317083251433657,in_sample_diagnostic_only,False,False,False,False,True,False,True,False
train,20230902,20230902_1_08,1,서울,9,True,,0.0,0.0885649788672334,0.0985520089085579,0.11869007758886041,in_sample_diagnostic_only,False,False,False,False,False,False,False,False
train,20230902,20230902_1_09,1,서울,9,True,,0.0,0.10643148378683011,0.07298482609088978,0.10519596881021216,in_sample_diagnostic_only,False,False,False,False,False,True,False,True
train,20230902,20230902_1_10,1,서울,10,True,,1.0,0.2501939276765382,0.36848573302650434,0.21219874688037343,in_sample_diagnostic_only,True,False,True,False,True,False,True,False
train,20230903,20230903_1_01,1,서울,8,True,,0.0,0.09055609129124431,0.04739606660591594,0.0886089446327337,in_sample_diagnostic_only,False,True,False,True,False,True,False,True
train,20230903,20230903_1_02,1,서울,8,True,,0.0,0.07206986975649929,0.05375479092791416,0.09314215800667046,in_sample_diagnostic_only,False,True,False,True,False,True,False,True
train,20230903,20230903_1_03,1,서울,12,True,,0.0,0.17900886216240272,0.04724612302216005,0.08849783112365361,in_sample_diagnostic_only,False,True,False,True,False,True,False,True
train,20230903,20230903_1_04,1,서울,8,True,,0.0,0.1426044315096994,0.09628932159977857,0.11758042259152778,in_sample_diagnostic_only,False,False,False,False,False,False,False,False
train,20230903,20230903_1_05,1,서울,8,True,,0.0,0.2270472239633246,0.04777135573002193,0.08888613703113891,in_sample_diagnostic_only,False,True,False,True,False,True,False,True
train,20230903,20230903_1_06,1,서울,10,True,,0.0,0.1102751209383577,0.14662087627731887,0.1397003788381617,in_sample_diagnostic_only,False,False,True,False,True,False,True,False
train,20230903,20230903_1_07,1,서울,10,True,,1.0,0.16692853844041053,0.25387707027073714,0.17727031055356002,in_sample_diagnostic_only,True,False,True,False,True,False,True,False
train,20230903,20230903_1_08,1,서울,11,True,,1.0,0.12227976538769891,0.19342983385385956,0.1571283446820007,in_sample_diagnostic_only,True,False,True,False,True,False,True,False
train,20230903,20230903_1_09,1,서울,10,True,,0.0,0.22061956267383898,0.22521396820276432,0.16796195270119438,in_sample_diagnostic_only,True,False,True,False,True,False,True,False
train,20230903,20230903_1_10,1,서울,10,True,,0.0,0.1202821978563265,0.10426604937336816,0.12143260260568248,in_sample_diagnostic_only,False,False,False,False,False,False,False,False
train,20230903,20230903_1_11,1,서울,10,True,,0.0,0.16912953585853938,0.10651428089334605,0.12248956194181014,in_sample_diagnostic_only,False,False,False,False,False,False,False,False
train,20230903,20230903_3_01,3,부경,12,True,,0.0,0.12129998646758822,0.06715249026883849,0.10175743604032919,in_sample_diagnostic_only,False,False,False,False,False,True,False,True
train,20230903,20230903_3_02,3,부경,12,True,,0.0,0.1374244157438204,0.04905677110518361,0.089825904949013,in_sample_diagnostic_only,False,True,False,True,False,True,False,True
train,20230903,20230903_3_03,3,부경,11,True,,0.0,0.1707485354362756,0.1179003895618748,0.1276701531407334,in_sample_diagnostic_only,False,False,False,False,False,False,True,False
train,20230903,20230903_3_04,3,부경,10,True,,0.0,0.1572234812883223,0.0681600070980538,0.10236331037908722,in_sample_diagnostic_only,False,False,False,False,False,True,False,True
train,20230903,20230903_3_05,3,부경,11,True,,0.0,0.10238560269985571,0.12978993164739938,0.13281056398823907,in_sample_diagnostic_only,False,False,False,False,True,False,True,False
train,20230903,20230903_3_06,3,부경,10,True,,0.0,0.1155103972224514,0.07786580853983253,0.10795518527883458,in_sample_diagnostic_only,False,False,False,False,False,False,False,True
train,20230908,20230908_3_01,3,부경,9,True,,0.0,0.0391805932559186,0.0599944982081074,0.09729352570182136,in_sample_diagnostic_only,False,False,False,True,False,True,False,True
train,20230908,20230908_3_02,3,부경,11,True,,0.0,0.1485195394623822,0.02981972561946328,0.07377490213142635,in_sample_diagnostic_only,False,True,False,True,False,True,False,True
train,20230908,20230908_3_03,3,부경,10,True,,0.0,0.1208147214773999,0.05372088759737252,0.09311885075586383,in_sample_diagnostic_only,False,True,False,True,False,True,False,True
train,20230908,20230908_3_04,3,부경,11,True,,0.0,0.07812225867099859,0.04972305207924896,0.09030729714254222,in_sample_diagnostic_only,False,True,False,True,False,True,False,True
train,20230908,20230908_3_05,3,부경,11,True,,0.0,0.11316368751890571,0.09270655615743119,0.11579398598053803,in_sample_diagnostic_only,False,False,False,False,False,False,False,False
train,20230908,20230908_3_06,3,부경,10,True,,0.0,0.07823988268070131,0.0639454466914841,0.09979327445869954,in_sample_diagnostic_only,False,False,False,True,False,True,False,True
train,20230908,20230908_3_07,3,부경,9,True,,1.0,0.2066649533737899,0.2844520186006131,0.18685659052567463,in_sample_diagnostic_only,True,False,True,False,True,False,True,False
train,20230908,20230908_3_08,3,부경,10,True,,0.0,0.1504503695540974,0.14768411531281556,0.1401223599831171,in_sample_diagnostic_only,False,False,True,False,True,False,True,False
train,20230909,20230909_1_01,1,서울,10,True,,0.0,0.2051387356875472,0.04118942867478037,0.08382144382663603,in_sample_diagnostic_only,False,True,False,True,False,True,False,True
train,20230909,20230909_1_02,1,서울,9,True,,0.0,0.08612918402522979,0.06592963807100732,0.10101500813166336,in_sample_diagnostic_only,False,False,False,True,False,True,False,True
train,20230909,20230909_1_03,1,서울,12,True,,0.0,0.1330033872893176,0.060574536064967745,0.09766637437063494,in_sample_diagnostic_only,False,False,False,True,False,True,False,True
train,20230909,20230909_1_04,1,서울,11,True,,0.0,0.0745416090691615,0.05342952667299168,0.09291819406179333,in_sample_diagnostic_only,False,True,False,True,False,True,False,True
train,20230909,20230909_1_05,1,서울,11,True,,0.0,0.12193286372772089,0.10446196483983221,0.12152518814629344,in_sample_diagnostic_only,False,False,False,False,False,False,False,False
train,20230909,20230909_1_06,1,서울,10,True,,0.0,0.2084424062288011,0.1478801366527815,0.14019999885948928,in_sample_diagnostic_only,False,False,True,False,True,False,True,False
train,20230909,20230909_1_07,1,서울,14,True,,0.0,0.1626630164101294,0.12566989512570415,0.1310574989935997,in_sample_diagnostic_only,False,False,False,False,True,False,True,False
train,20230909,20230909_1_08,1,서울,11,True,,0.0,0.09664825542982941,0.0823343989315472,0.11039697025846512,in_sample_diagnostic_only,False,False,False,False,False,False,False,True
train,20230909,20230909_1_09,1,서울,8,True,,0.0,0.18014011032342758,0.14023413203186536,0.1371339774076844,in_sample_diagnostic_only,False,False,False,False,True,False,True,False
train,20230909,20230909_1_10,1,서울,11,True,,0.0,0.128112187221084,0.13364051042284078,0.13442390474899568,in_sample_diagnostic_only,False,False,False,False,True,False,True,False
train,20230910,20230910_1_01,1,서울,10,True,,0.0,0.16410337524114318,0.05065760057168062,0.09097613694479866,in_sample_diagnostic_only,False,True,False,True,False,True,False,True
train,20230910,20230910_1_02,1,서울,9,True,,0.0,0.07497351588843121,0.04721101671094713,0.0884717859102895,in_sample_diagnostic_only,False,True,False,True,False,True,False,True
train,20230910,20230910_1_03,1,서울,10,True,,0.0,0.2476766438808536,0.05575092641783557,0.0944995129361479,in_sample_diagnostic_only,False,False,False,True,False,True,False,True
train,20230910,20230910_1_04,1,서울,9,True,,0.0,0.1457747001993062,0.05249188815069431,0.09226805360499077,in_sample_diagnostic_only,False,True,False,True,False,True,False,True
train,20230910,20230910_1_05,1,서울,11,True,,0.0,0.128328442298389,0.05846517808523558,0.09630030875878313,in_sample_diagnostic_only,False,False,False,True,False,True,False,True
train,20230910,20230910_1_06,1,서울,10,True,,0.0,0.079372340398028,0.11174733985289374,0.12490487930967407,in_sample_diagnostic_only,False,False,False,False,False,False,True,False
train,20230910,20230910_1_07,1,서울,15,True,,0.0,0.05301598764087319,0.054072682919517445,0.09336027802194252,in_sample_diagnostic_only,False,True,False,True,False,True,False,True
train,20230910,20230910_1_08,1,서울,14,True,,0.0,0.0397791920347791,0.05023279502012391,0.09067302219367375,in_sample_diagnostic_only,False,True,False,True,False,True,False,True
train,20230910,20230910_1_09,1,서울,10,True,,0.0,0.1115518685474049,0.18305835624260156,0.15344271807824805,in_sample_diagnostic_only,True,False,True,False,True,False,True,False
train,20230910,20230910_1_10,1,서울,11,True,,0.0,0.12429309623006358,0.11063029366240695,0.12439439808737829,in_sample_diagnostic_only,False,False,False,False,False,False,False,False
train,20230910,20230910_3_01,3,부경,9,True,,0.0,0.1017929933557061,0.06972700582117804,0.10329551222972315,in_sample_diagnostic_only,False,False,False,False,False,True,False,True
train,20230910,20230910_3_02,3,부경,9,True,,0.0,0.1216234447161112,0.041811133322717416,0.08431959030513533,in_sample_diagnostic_only,False,True,False,True,False,True,False,True
train,20230910,20230910_3_03,3,부경,11,True,,0.0,0.08167151386183019,0.06991802280820003,0.10340832416796142,in_sample_diagnostic_only,False,False,False,False,False,True,False,True
train,20230910,20230910_3_04,3,부경,8,True,,0.0,0.1738344150904782,0.1662296184256008,0.1472662187794823,in_sample_diagnostic_only,False,False,True,False,True,False,True,False
train,20230910,20230910_3_05,3,부경,11,True,,0.0,0.0766757531588695,0.12154243809760425,0.12927180782119635,in_sample_diagnostic_only,False,False,False,False,False,False,True,False
train,20230910,20230910_3_06,3,부경,11,True,,0.0,0.11654654762483171,0.08204463073282982,0.11024091813697486,in_sample_diagnostic_only,False,False,False,False,False,False,False,True
train,20230915,20230915_3_01,3,부경,11,True,,0.0,0.0493063064609655,0.08907086244678875,0.11394209464745804,in_sample_diagnostic_only,False,False,False,False,False,False,False,False
train,20230915,20230915_3_02,3,부경,11,True,,0.0,0.122891697938916,0.10508955082461127,0.12182115027083046,in_sample_diagnostic_only,False,False,False,False,False,False,False,False
train,20230915,20230915_3_03,3,부경,9,True,,0.0,0.045063649032643,0.04996760184109696,0.09048302909845846,in_sample_diagnostic_only,False,True,False,True,False,True,False,True
train,20230915,20230915_3_04,3,부경,9,True,,0.0,0.0679127984082017,0.11211461619281483,0.12507213606252487,in_sample_diagnostic_only,False,False,False,False,False,False,True,False
train,20230915,20230915_3_05,3,부경,11,True,,0.0,0.0861060331436796,0.10442232754530925,0.12150646387358925,in_sample_diagnostic_only,False,False,False,False,False,False,False,False
train,20230915,20230915_3_06,3,부경,11,True,,0.0,0.0949520831924996,0.08604162740868801,0.11236703613676922,in_sample_diagnostic_only,False,False,False,False,False,False,False,True
train,20230915,20230915_3_07,3,부경,11,True,,1.0,0.1185546502718562,0.30745149197269395,0.19390065105741675,in_sample_diagnostic_only,True,False,True,False,True,False,True,False
train,20230915,20230915_3_08,3,부경,11,True,,1.0,0.14784028028951812,0.1977729224766251,0.15864745578725095,in_sample_diagnostic_only,True,False,True,False,True,False,True,False
train,20230916,20230916_1_01,1,서울,11,True,,0.0,0.0405290150297797,0.03783805853304489,0.08105536642548304,in_sample_diagnostic_only,False,True,False,True,False,True,False,True
train,20230916,20230916_1_02,1,서울,8,True,,0.0,0.0780412327484252,0.03972787097915633,0.0826323704713601,in_sample_diagnostic_only,False,True,False,True,False,True,False,True
train,20230916,20230916_1_03,1,서울,8,True,,0.0,0.15983725803995869,0.058085448212550655,0.0960513537212489,in_sample_diagnostic_only,False,False,False,True,False,True,False,True
train,20230916,20230916_1_04,1,서울,9,True,,0.0,0.052763027121638106,0.06879925216196951,0.1027450623964712,in_sample_diagnostic_only,False,False,False,False,False,True,False,True
train,20230916,20230916_1_05,1,서울,10,True,,0.0,0.1569284616832296,0.09357706460573709,0.11623145426655554,in_sample_diagnostic_only,False,False,False,False,False,False,False,False
train,20230916,20230916_1_06,1,서울,8,True,,0.0,0.0942954020912058,0.12825111275027765,0.13215912851295933,in_sample_diagnostic_only,False,False,False,False,True,False,True,False
train,20230916,20230916_1_07,1,서울,11,True,,0.0,0.1839295595464543,0.15716747410093745,0.14382435196767981,in_sample_diagnostic_only,False,False,True,False,True,False,True,False
train,20230916,20230916_1_08,1,서울,11,True,,0.0,0.1141848073399373,0.1300544199961141,0.13292213976464815,in_sample_diagnostic_only,False,False,False,False,True,False,True,False
train,20230916,20230916_1_09,1,서울,11,True,,0.0,0.1393079394150429,0.12126766538414274,0.12915183947913217,in_sample_diagnostic_only,False,False,False,False,False,False,True,False
train,20230916,20230916_1_10,1,서울,9,True,,0.0,0.1585148772920477,0.09579282169417393,0.11733504497706343,in_sample_diagnostic_only,False,False,False,False,False,False,False,False
train,20230917,20230917_1_01,1,서울,10,True,,0.0,0.0924581631617234,0.09214804922647096,0.11551212739432283,in_sample_diagnostic_only,False,False,False,False,False,False,False,False
train,20230917,20230917_1_02,1,서울,10,True,,0.0,0.09017449411054179,0.04874169199518266,0.08959691172519564,in_sample_diagnostic_only,False,True,False,True,False,True,False,True
train,20230917,20230917_1_03,1,서울,7,True,,0.0,0.1537342021907708,0.09285963030579508,0.11587107466242685,in_sample_diagnostic_only,False,False,False,False,False,False,False,False
train,20230917,20230917_1_04,1,서울,11,True,,1.0,0.05848052437812121,0.19486728523257574,0.15763264742090027,in_sample_diagnostic_only,True,False,True,False,True,False,True,False
train,20230917,20230917_1_05,1,서울,10,True,,1.0,0.11977928547264878,0.400719726986136,0.2217793708969483,in_sample_diagnostic_only,True,False,True,False,True,False,True,False
train,20230917,20230917_1_06,1,서울,11,True,,0.0,0.2010290667665922,0.07758509991277261,0.10779919752303231,in_sample_diagnostic_only,False,False,False,False,False,True,False,True
train,20230917,20230917_1_07,1,서울,10,True,,0.0,0.16360868465394152,0.1291245151513804,0.1325293490230604,in_sample_diagnostic_only,False,False,False,False,True,False,True,False
train,20230917,20230917_1_08,1,서울,14,True,,0.0,0.0481570280466765,0.05411102443695585,0.0933865349393071,in_sample_diagnostic_only,False,True,False,True,False,True,False,True
train,20230917,20230917_1_09,1,서울,11,True,,1.0,0.1784454137740686,0.2573917717827775,0.17838808883788485,in_sample_diagnostic_only,True,False,True,False,True,False,True,False
train,20230917,20230917_1_10,1,서울,11,True,,0.0,0.1539030881784719,0.20501871013163592,0.1611525097739024,in_sample_diagnostic_only,True,False,True,False,True,False,True,False
train,20230917,20230917_1_11,1,서울,11,True,,1.0,0.1188494288781734,0.26803288374152884,0.18174562541703446,in_sample_diagnostic_only,True,False,True,False,True,False,True,False
train,20230917,20230917_3_01,3,부경,9,True,,0.0,0.1649190873598754,0.051881340629614366,0.09184103176866612,in_sample_diagnostic_only,False,True,False,True,False,True,False,True
train,20230917,20230917_3_02,3,부경,9,True,,0.0,0.0760474525355616,0.02176562777964643,0.06514142604337843,in_sample_diagnostic_only,False,True,False,True,False,True,False,True
train,20230917,20230917_3_03,3,부경,11,True,,0.0,0.0803030777153413,0.101692953517167,0.12020787135259438,in_sample_diagnostic_only,False,False,False,False,False,False,False,False
train,20230917,20230917_3_04,3,부경,11,True,,0.0,0.11209999005179419,0.1676298890347037,0.14779037076941431,in_sample_diagnostic_only,False,False,True,False,True,False,True,False
train,20230917,20230917_3_05,3,부경,11,True,,0.0,0.12182211571348091,0.11364531693636841,0.12576614228142527,in_sample_diagnostic_only,False,False,False,False,False,False,True,False
train,20230917,20230917_3_06,3,부경,9,True,,0.0,0.12973734492336858,0.15099751821077284,0.14142819839985513,in_sample_diagnostic_only,False,False,True,False,True,False,True,False
train,20230922,20230922_3_01,3,부경,12,True,,0.0,0.04691329038719699,0.07183454696859526,0.10453058239697739,in_sample_diagnostic_only,False,False,False,False,False,True,False,True
train,20230922,20230922_3_02,3,부경,12,True,,0.0,0.050660661013371903,0.060351203047318384,0.09752306249903567,in_sample_diagnostic_only,False,False,False,True,False,True,False,True
train,20230922,20230922_3_03,3,부경,12,True,,0.0,0.1730773929882687,0.044656416434316455,0.08654476996716051,in_sample_diagnostic_only,False,True,False,True,False,True,False,True
train,20230922,20230922_3_04,3,부경,10,True,,1.0,0.1472161848435774,0.28164433988195986,0.18598803087065038,in_sample_diagnostic_only,True,False,True,False,True,False,True,False
train,20230922,20230922_3_05,3,부경,11,True,,0.0,0.0953461369315285,0.05842824808416991,0.09627613851387135,in_sample_diagnostic_only,False,False,False,True,False,True,False,True
train,20230922,20230922_3_06,3,부경,11,True,,0.0,0.1728600381307589,0.08256711787127051,0.11052207690899647,in_sample_diagnostic_only,False,False,False,False,False,False,False,True
train,20230922,20230922_3_07,3,부경,11,True,,0.0,0.1610747868279432,0.06140710981703293,0.09819794611744877,in_sample_diagnostic_only,False,False,False,True,False,True,False,True
train,20230922,20230922_3_08,3,부경,11,True,,0.0,0.1339915009641674,0.0503197318092212,0.09073517763406459,in_sample_diagnostic_only,False,True,False,True,False,True,False,True
train,20230922,20230922_3_09,3,부경,11,True,,0.0,0.1433086837645829,0.06661797064633204,0.10143387905818242,in_sample_diagnostic_only,False,False,False,True,False,True,False,True
train,20230922,20230922_3_10,3,부경,10,True,,0.0,0.1600822399293457,0.18386097260197035,0.15373100855643312,in_sample_diagnostic_only,True,False,True,False,True,False,True,False
train,20230923,20230923_1_01,1,서울,11,True,,0.0,0.0310365373748411,0.07876431041750168,0.10845235715569657,in_sample_diagnostic_only,False,False,False,False,False,False,False,True
train,20230923,20230923_1_02,1,서울,11,True,,1.0,0.055997365013475596,0.3298883866141503,0.200675953202974,in_sample_diagnostic_only,True,False,True,False,True,False,True,False
train,20230923,20230923_1_03,1,서울,12,True,,0.0,0.0790551683322898,0.04882843555493479,0.08966004234821887,in_sample_diagnostic_only,False,True,False,True,False,True,False,True
train,20230923,20230923_1_04,1,서울,11,True,,0.0,0.136887023121037,0.15173383709987065,0.1417165380226027,in_sample_diagnostic_only,False,False,True,False,True,False,True,False
train,20230923,20230923_1_05,1,서울,10,True,,0.0,0.1369101463056805,0.09329714695229144,0.11609102710947346,in_sample_diagnostic_only,False,False,False,False,False,False,False,False
train,20230923,20230923_1_06,1,서울,11,True,,0.0,0.1217306996097206,0.06756925941596138,0.10200869050409507,in_sample_diagnostic_only,False,False,False,False,False,True,False,True
train,20230923,20230923_1_07,1,서울,9,True,,0.0,0.08378792555485651,0.11360295154746282,0.12574700019137028,in_sample_diagnostic_only,False,False,False,False,False,False,True,False
train,20230923,20230923_1_08,1,서울,9,True,,0.0,0.0989228887069852,0.09336972920334907,0.11612746175734731,in_sample_diagnostic_only,False,False,False,False,False,False,False,False
train,20230923,20230923_1_09,1,서울,11,True,,0.0,0.1521437883329723,0.1873773819219004,0.15498784937215526,in_sample_diagnostic_only,True,False,True,False,True,False,True,False
train,20230923,20230923_1_10,1,서울,11,True,,0.0,0.098824435538573,0.12608032675651126,0.1312334256677576,in_sample_diagnostic_only,False,False,False,False,True,False,True,False
train,20230923,20230923_1_11,1,서울,11,True,,0.0,0.1071926294640809,0.11535967796040753,0.1265376483122509,in_sample_diagnostic_only,False,False,False,False,False,False,True,False
train,20230923,20230923_1_12,1,서울,11,True,,0.0,0.1132199430827579,0.08512322298568081,0.11188345790028746,in_sample_diagnostic_only,False,False,False,False,False,False,False,True
train,20230924,20230924_1_01,1,서울,10,True,,0.0,0.0565091813844108,0.04295212810187997,0.08522244038076823,in_sample_diagnostic_only,False,True,False,True,False,True,False,True
train,20230924,20230924_1_02,1,서울,10,True,,0.0,0.07005228239724931,0.044210468456415054,0.08620171170522466,in_sample_diagnostic_only,False,True,False,True,False,True,False,True
train,20230924,20230924_1_03,1,서울,11,True,,0.0,0.07324816112155709,0.04814658314503784,0.08916199706153823,in_sample_diagnostic_only,False,True,False,True,False,True,False,True
train,20230924,20230924_1_04,1,서울,11,True,,0.0,0.1520127143608043,0.05956604704769899,0.09701676903198525,in_sample_diagnostic_only,False,False,False,True,False,True,False,True
train,20230924,20230924_1_05,1,서울,9,True,,0.0,0.1311848174782755,0.1057375180349298,0.12212573764338017,in_sample_diagnostic_only,False,False,False,False,False,False,False,False
train,20230924,20230924_1_06,1,서울,11,True,,0.0,0.3262094810377744,0.11993053217739948,0.12856603376647338,in_sample_diagnostic_only,False,False,False,False,False,False,True,False
train,20230924,20230924_1_07,1,서울,10,True,,0.0,0.19374819719545489,0.12817044173071426,0.13212486951385735,in_sample_diagnostic_only,False,False,False,False,True,False,True,False
train,20230924,20230924_1_08,1,서울,15,True,,0.0,0.049495478478038896,0.05902325233162171,0.096664483755154,in_sample_diagnostic_only,False,False,False,True,False,True,False,True
train,20230924,20230924_1_09,1,서울,9,True,,1.0,0.1990049132047976,0.31148531118732403,0.19512478886723758,in_sample_diagnostic_only,True,False,True,False,True,False,True,False
train,20230924,20230924_1_10,1,서울,11,True,,0.0,0.1833968620858684,0.14191994445574485,0.13781679142657025,in_sample_diagnostic_only,False,False,False,False,True,False,True,False
train,20230924,20230924_1_11,1,서울,11,True,,0.0,0.124667791739026,0.1404944067976536,0.13723965766875984,in_sample_diagnostic_only,False,False,False,False,True,False,True,False
train,20230924,20230924_3_01,3,부경,12,True,,0.0,0.0904260729505695,0.025498615746906202,0.0693489297561302,in_sample_diagnostic_only,False,True,False,True,False,True,False,True
train,20230924,20230924_3_02,3,부경,12,True,,0.0,0.1510094525307966,0.0790616144098502,0.1086161621836436,in_sample_diagnostic_only,False,False,False,False,False,False,False,True
train,20230924,20230924_3_03,3,부경,11,True,,1.0,0.1876821182632178,0.2763473454497902,0.1843435258706562,in_sample_diagnostic_only,True,False,True,False,True,False,True,False
train,20230924,20230924_3_04,3,부경,11,True,,0.0,0.185210752123391,0.18694731432635023,0.15483466888409855,in_sample_diagnostic_only,True,False,True,False,True,False,True,False
train,20230924,20230924_3_05,3,부경,11,True,,0.0,0.1999578525141273,0.10908148893483716,0.12368209844598418,in_sample_diagnostic_only,False,False,False,False,False,False,False,False
train,20230924,20230924_3_06,3,부경,8,True,,0.0,0.2930648344999257,0.060163682791104685,0.09740249329855406,in_sample_diagnostic_only,False,False,False,True,False,True,False,True
train,20231006,20231006_3_01,3,부경,12,True,,0.0,0.0678562473179527,0.0841056324210202,0.11134425512377542,in_sample_diagnostic_only,False,False,False,False,False,False,False,True
train,20231006,20231006_3_02,3,부경,11,True,,0.0,0.0739028694571013,0.048148174402621646,0.08916316420763239,in_sample_diagnostic_only,False,True,False,True,False,True,False,True
train,20231006,20231006_3_03,3,부경,11,True,,0.0,0.1165343505101221,0.08009724366298654,0.10918407317644889,in_sample_diagnostic_only,False,False,False,False,False,False,False,True
train,20231006,20231006_3_04,3,부경,11,True,,0.0,0.061626405677428005,0.05900076154287141,0.0966498461347664,in_sample_diagnostic_only,False,False,False,True,False,True,False,True
train,20231006,20231006_3_05,3,부경,11,True,,0.0,0.0481565118171277,0.135016297852598,0.1349947209592658,in_sample_diagnostic_only,False,False,False,False,True,False,True,False
train,20231006,20231006_3_06,3,부경,10,True,,0.0,0.10420606323866469,0.06712049674511854,0.10173811136793755,in_sample_diagnostic_only,False,False,False,False,False,True,False,True
train,20231006,20231006_3_07,3,부경,11,True,,0.0,0.1088459059591057,0.09265652458951534,0.1157687748042346,in_sample_diagnostic_only,False,False,False,False,False,False,False,False
train,20231006,20231006_3_08,3,부경,11,True,,0.0,0.09281967047646279,0.09705183103664744,0.11795593192955757,in_sample_diagnostic_only,False,False,False,False,False,False,False,False
train,20231006,20231006_3_09,3,부경,11,True,,0.0,0.1043855333376126,0.10950457455830738,0.12387720305859534,in_sample_diagnostic_only,False,False,False,False,False,False,False,False
train,20231007,20231007_1_01,1,서울,11,True,,0.0,0.0647993890214137,0.06561582661964903,0.10082320893269386,in_sample_diagnostic_only,False,False,False,True,False,True,False,True
train,20231007,20231007_1_02,1,서울,12,True,,0.0,0.0860691323148572,0.06887374744494673,0.10278941789850705,in_sample_diagnostic_only,False,False,False,False,False,True,False,True
train,20231007,20231007_1_03,1,서울,9,True,,0.0,0.12022976368404491,0.08124515559238595,0.10980876246646785,in_sample_diagnostic_only,False,False,False,False,False,False,False,True
train,20231007,20231007_1_04,1,서울,11,True,,0.0,0.07853917989046491,0.060352187926861596,0.09752369516810981,in_sample_diagnostic_only,False,False,False,True,False,True,False,True
train,20231007,20231007_1_05,1,서울,10,True,,0.0,0.15203355424625853,0.22529115249799211,0.16798753756789614,in_sample_diagnostic_only,True,False,True,False,True,False,True,False
train,20231007,20231007_1_06,1,서울,11,True,,0.0,0.0809593602224617,0.10460420790334266,0.12159235120045575,in_sample_diagnostic_only,False,False,False,False,False,False,False,False
train,20231007,20231007_1_07,1,서울,11,True,,0.0,0.0820689282563719,0.13128880461871476,0.13344137494857547,in_sample_diagnostic_only,False,False,False,False,True,False,True,False
train,20231007,20231007_1_08,1,서울,8,True,,0.0,0.1242456973658244,0.047187544151039186,0.08845436531832564,in_sample_diagnostic_only,False,True,False,True,False,True,False,True
train,20231007,20231007_1_09,1,서울,10,True,,0.0,0.16874229335814728,0.10804519632296923,0.12320252037916284,in_sample_diagnostic_only,False,False,False,False,False,False,False,False
train,20231007,20231007_1_10,1,서울,10,True,,0.0,0.1847665402292302,0.19324576548673927,0.157063657602119,in_sample_diagnostic_only,True,False,True,False,True,False,True,False
train,20231008,20231008_1_01,1,서울,10,True,,0.0,0.1191388149283515,0.05705951440351064,0.09537395396042549,in_sample_diagnostic_only,False,False,False,True,False,True,False,True
train,20231008,20231008_1_02,1,서울,11,True,,0.0,0.1171589091213216,0.09492921794283399,0.11690658569113489,in_sample_diagnostic_only,False,False,False,False,False,False,False,False
train,20231008,20231008_1_03,1,서울,8,True,,0.0,0.12403356283810911,0.07049718261351608,0.10374929469884393,in_sample_diagnostic_only,False,False,False,False,False,True,False,True
train,20231008,20231008_1_04,1,서울,11,True,,0.0,0.1748387473562788,0.12881505532262794,0.13239831872052915,in_sample_diagnostic_only,False,False,False,False,True,False,True,False
train,20231008,20231008_1_05,1,서울,10,True,,0.0,0.0793865736431727,0.11793357761796082,0.12768486240879692,in_sample_diagnostic_only,False,False,False,False,False,False,True,False
train,20231008,20231008_1_06,1,서울,11,True,,0.0,0.1191077169569664,0.11057931343323237,0.12437103603546626,in_sample_diagnostic_only,False,False,False,False,False,False,False,False
train,20231008,20231008_1_07,1,서울,10,True,,0.0,0.1139318988087801,0.09772602161637282,0.11828661681881342,in_sample_diagnostic_only,False,False,False,False,False,False,False,False
train,20231008,20231008_1_08,1,서울,11,True,,0.0,0.0422284075005236,0.11614042830065109,0.1268870274643074,in_sample_diagnostic_only,False,False,False,False,False,False,True,False
train,20231008,20231008_1_09,1,서울,11,True,,0.0,0.2391008036213285,0.08877964167214829,0.11379197275297652,in_sample_diagnostic_only,False,False,False,False,False,False,False,False
train,20231008,20231008_1_10,1,서울,11,True,,0.0,0.1774847552327285,0.12874258478821934,0.13236761066067798,in_sample_diagnostic_only,False,False,False,False,True,False,True,False
train,20231008,20231008_3_01,3,부경,12,True,,0.0,0.07482835785793569,0.029505469792494715,0.07346669147610818,in_sample_diagnostic_only,False,True,False,True,False,True,False,True
train,20231008,20231008_3_02,3,부경,11,True,,0.0,0.2051569504168002,0.04297828742891859,0.08524297101845298,in_sample_diagnostic_only,False,True,False,True,False,True,False,True
train,20231008,20231008_3_03,3,부경,11,True,,0.0,0.10750855186765998,0.16528810889159434,0.14691267291446375,in_sample_diagnostic_only,False,False,True,False,True,False,True,False
train,20231008,20231008_3_04,3,부경,11,True,,0.0,0.0659083855706394,0.1386250507147445,0.13647849978583226,in_sample_diagnostic_only,False,False,False,False,True,False,True,False
train,20231008,20231008_3_05,3,부경,11,True,,0.0,0.1074918697728658,0.06309314224573392,0.09926176297892003,in_sample_diagnostic_only,False,False,False,True,False,True,False,True
train,20231008,20231008_3_06,3,부경,8,True,,0.0,0.14018030270067808,0.19018082872742112,0.1559828074413131,in_sample_diagnostic_only,True,False,True,False,True,False,True,False
train,20231008,20231008_3_07,3,부경,10,True,,1.0,0.1943849547291,0.2239724807273564,0.16754999836412204,in_sample_diagnostic_only,True,False,True,False,True,False,True,False
train,20231009,20231009_1_01,1,서울,11,True,,0.0,0.11357528983895661,0.09367657861403561,0.1162813224603343,in_sample_diagnostic_only,False,False,False,False,False,False,False,False
train,20231009,20231009_1_02,1,서울,11,True,,0.0,0.0757155560894085,0.03396864401081212,0.07767200473306247,in_sample_diagnostic_only,False,True,False,True,False,True,False,True
train,20231009,20231009_1_03,1,서울,8,True,,1.0,0.08744565745071259,0.13557129699800277,0.13522417555675353,in_sample_diagnostic_only,False,False,False,False,True,False,True,False
train,20231009,20231009_1_04,1,서울,12,True,,0.0,0.062247237706352807,0.05793117315594352,0.09594993818200709,in_sample_diagnostic_only,False,False,False,True,False,True,False,True
train,20231009,20231009_1_05,1,서울,8,True,,0.0,0.1498402861910773,0.19479055715982163,0.15760576713431013,in_sample_diagnostic_only,True,False,True,False,True,False,True,False
train,20231009,20231009_1_06,1,서울,8,True,,0.0,0.1419463745987221,0.04987576417096368,0.0904170948063478,in_sample_diagnostic_only,False,True,False,True,False,True,False,True
train,20231009,20231009_1_07,1,서울,11,True,,0.0,0.1515564401343135,0.10030866233684578,0.11954210020487577,in_sample_diagnostic_only,False,False,False,False,False,False,False,False
train,20231009,20231009_1_08,1,서울,11,True,,0.0,0.18015541380130312,0.054910978782972714,0.09393188634363318,in_sample_diagnostic_only,False,False,False,True,False,True,False,True
train,20231009,20231009_1_09,1,서울,11,True,,0.0,0.1927860094515198,0.1272160099103114,0.13171871781251518,in_sample_diagnostic_only,False,False,False,False,True,False,True,False
train,20231009,20231009_1_10,1,서울,11,True,,0.0,0.1615475519309853,0.1133629664733148,0.12563849649976083,in_sample_diagnostic_only,False,False,False,False,False,False,True,False
train,20231013,20231013_3_01,3,부경,12,True,,0.0,0.1155957106620101,0.02947923813522761,0.07344087468810298,in_sample_diagnostic_only,False,True,False,True,False,True,False,True
train,20231013,20231013_3_02,3,부경,7,True,,0.0,0.08366676666090231,0.04462516669305878,0.08652079681745434,in_sample_diagnostic_only,False,True,False,True,False,True,False,True
train,20231013,20231013_3_03,3,부경,8,True,,0.0,0.176606230063575,0.04288853446693545,0.08517249903843463,in_sample_diagnostic_only,False,True,False,True,False,True,False,True
train,20231013,20231013_3_04,3,부경,9,True,,0.0,0.0738972987001821,0.05108992491273676,0.09128308085212765,in_sample_diagnostic_only,False,True,False,True,False,True,False,True
train,20231013,20231013_3_05,3,부경,11,True,,0.0,0.1827613470808162,0.04859502803557784,0.08949002057848601,in_sample_diagnostic_only,False,True,False,True,False,True,False,True
train,20231013,20231013_3_06,3,부경,11,True,,0.0,0.07012665286674839,0.05308103608565564,0.09267734665570404,in_sample_diagnostic_only,False,True,False,True,False,True,False,True
train,20231013,20231013_3_07,3,부경,11,True,,0.0,0.1753589893641745,0.12124664163251621,0.12914265457711888,in_sample_diagnostic_only,False,False,False,False,False,False,True,False
train,20231013,20231013_3_08,3,부경,11,True,,0.0,0.08829321925579131,0.0958636974493603,0.11737011505103753,in_sample_diagnostic_only,False,False,False,False,False,False,False,False
train,20231013,20231013_3_09,3,부경,11,True,,1.0,0.2092094217832763,0.2738294074403439,0.1835589915139157,in_sample_diagnostic_only,True,False,True,False,True,False,True,False
train,20231014,20231014_1_01,1,서울,11,True,,0.0,0.0264071663863882,0.046973904309201335,0.08829557181965579,in_sample_diagnostic_only,False,True,False,True,False,True,False,True
train,20231014,20231014_1_02,1,서울,10,True,,0.0,0.1110807194328003,0.09287460491422699,0.11587861219335326,in_sample_diagnostic_only,False,False,False,False,False,False,False,False
train,20231014,20231014_1_03,1,서울,8,True,,0.0,0.157840928245835,0.1000674410633467,0.11942558082061476,in_sample_diagnostic_only,False,False,False,False,False,False,False,False
train,20231014,20231014_1_04,1,서울,11,True,,0.0,0.1084310479054838,0.06751249773778659,0.10197452347878513,in_sample_diagnostic_only,False,False,False,False,False,True,False,True
train,20231014,20231014_1_05,1,서울,10,True,,0.0,0.1429707177378782,0.15460830610020346,0.14283591793542746,in_sample_diagnostic_only,False,False,True,False,True,False,True,False
train,20231014,20231014_1_06,1,서울,11,True,,1.0,0.16761491673589202,0.3295055810611305,0.20056097362235328,in_sample_diagnostic_only,True,False,True,False,True,False,True,False
train,20231014,20231014_1_07,1,서울,11,True,,0.0,0.1266943607058467,0.1309560691956852,0.1333016534440822,in_sample_diagnostic_only,False,False,False,False,True,False,True,False
train,20231014,20231014_1_08,1,서울,11,True,,0.0,0.13196529867765588,0.1004966858710295,0.11963281838519171,in_sample_diagnostic_only,False,False,False,False,False,False,False,False
train,20231014,20231014_1_09,1,서울,11,True,,0.0,0.1858956018196572,0.07034430171162542,0.10365944465725621,in_sample_diagnostic_only,False,False,False,False,False,True,False,True
train,20231014,20231014_1_10,1,서울,8,True,,0.0,0.1403120278392595,0.09730212577201747,0.1180788442739638,in_sample_diagnostic_only,False,False,False,False,False,False,False,False
train,20231014,20231014_1_11,1,서울,7,True,,0.0,0.1525422440701918,0.09853630878983309,0.11868242581455256,in_sample_diagnostic_only,False,False,False,False,False,False,False,False
train,20231015,20231015_1_01,1,서울,8,True,,0.0,0.0795327770721811,0.0900508162545257,0.11444527572917527,in_sample_diagnostic_only,False,False,False,False,False,False,False,False
train,20231015,20231015_1_02,1,서울,8,True,,0.0,0.1100243966456574,0.06943742608803753,0.10312415283892643,in_sample_diagnostic_only,False,False,False,False,False,True,False,True
train,20231015,20231015_1_03,1,서울,12,True,,0.0,0.16447362509094782,0.07247102766108277,0.10489950207777193,in_sample_diagnostic_only,False,False,False,False,False,True,False,True
train,20231015,20231015_1_04,1,서울,11,True,,0.0,0.0871205141822958,0.08526755531872739,0.11195964613828291,in_sample_diagnostic_only,False,False,False,False,False,False,False,True
train,20231015,20231015_1_05,1,서울,11,True,,0.0,0.1412932696686383,0.04412115427239603,0.08613275694381786,in_sample_diagnostic_only,False,True,False,True,False,True,False,True
train,20231015,20231015_1_06,1,서울,10,True,,0.0,0.1430979544529251,0.07801308491418085,0.1080368989351364,in_sample_diagnostic_only,False,False,False,False,False,False,False,True
train,20231015,20231015_1_07,1,서울,11,True,,0.0,0.13341259852262802,0.15747269656084273,0.1439417379083284,in_sample_diagnostic_only,False,False,True,False,True,False,True,False
train,20231015,20231015_1_08,1,서울,10,True,,0.0,0.0670995593762239,0.050428145648030484,0.09081259934451887,in_sample_diagnostic_only,False,True,False,True,False,True,False,True
train,20231015,20231015_1_09,1,서울,11,True,,1.0,0.13978472964869187,0.44155636011818494,0.23398438887224346,in_sample_diagnostic_only,True,False,True,False,True,False,True,False
train,20231015,20231015_1_10,1,서울,8,True,,0.0,0.2306830406498595,0.16897010659145711,0.14829020804774395,in_sample_diagnostic_only,False,False,True,False,True,False,True,False
train,20231015,20231015_1_11,1,서울,11,True,,1.0,0.22669387377917302,0.36333408247594895,0.21066646195118055,in_sample_diagnostic_only,True,False,True,False,True,False,True,False
train,20231015,20231015_3_01,3,부경,8,True,,0.0,0.1200690687333684,0.03562801815541836,0.07914993230564729,in_sample_diagnostic_only,False,True,False,True,False,True,False,True
train,20231015,20231015_3_02,3,부경,9,True,,0.0,0.0840083156732925,0.04496240323944461,0.08677898139406263,in_sample_diagnostic_only,False,True,False,True,False,True,False,True
train,20231015,20231015_3_03,3,부경,9,True,,0.0,0.16552329132982918,0.06811755130137905,0.10233788355349875,in_sample_diagnostic_only,False,False,False,False,False,True,False,True
train,20231015,20231015_3_04,3,부경,11,True,,0.0,0.0796053616550332,0.13380858885774852,0.13449379644819617,in_sample_diagnostic_only,False,False,False,False,True,False,True,False
train,20231015,20231015_3_05,3,부경,10,True,,0.0,0.161797183716509,0.08661010292967046,0.11266492828981861,in_sample_diagnostic_only,False,False,False,False,False,False,False,True
train,20231015,20231015_3_06,3,부경,9,True,,0.0,0.1492341379089497,0.0699593058552554,0.10343268218213383,in_sample_diagnostic_only,False,False,False,False,False,True,False,True
train,20231020,20231020_3_01,3,부경,9,True,,1.0,0.07004125367812211,0.21484433404921505,0.16449528581004552,in_sample_diagnostic_only,True,False,True,False,True,False,True,False
train,20231020,20231020_3_02,3,부경,12,True,,0.0,0.0727790592524627,0.09665658849421578,0.11776148942200636,in_sample_diagnostic_only,False,False,False,False,False,False,False,False
train,20231020,20231020_3_03,3,부경,12,True,,0.0,0.10061713363628501,0.04886207338025061,0.08968450558516035,in_sample_diagnostic_only,False,True,False,True,False,True,False,True
train,20231020,20231020_3_04,3,부경,10,True,,0.0,0.0632519216632942,0.06040359427289158,0.09755670936254394,in_sample_diagnostic_only,False,False,False,True,False,True,False,True
train,20231020,20231020_3_05,3,부경,10,True,,0.0,0.23255567149266382,0.11756098945990132,0.12751960465915282,in_sample_diagnostic_only,False,False,False,False,False,False,True,False
train,20231020,20231020_3_06,3,부경,11,True,,1.0,0.07815692578400779,0.1412381176796859,0.1375411049110547,in_sample_diagnostic_only,False,False,False,False,True,False,True,False
train,20231020,20231020_3_07,3,부경,11,True,,0.0,0.270031197656237,0.08137084034675737,0.10987685843542387,in_sample_diagnostic_only,False,False,False,False,False,False,False,True
train,20231020,20231020_3_08,3,부경,11,True,,0.0,0.08227922728180409,0.09061352917133599,0.1147328528447726,in_sample_diagnostic_only,False,False,False,False,False,False,False,False
train,20231020,20231020_3_09,3,부경,11,True,,0.0,0.12455832909840629,0.3093712624045174,0.19448361083075658,in_sample_diagnostic_only,True,False,True,False,True,False,True,False
train,20231021,20231021_1_01,1,서울,11,True,,0.0,0.048418624366341804,0.04525693178375563,0.08700352861894793,in_sample_diagnostic_only,False,True,False,True,False,True,False,True
train,20231021,20231021_1_02,1,서울,9,True,,1.0,0.12387780613475641,0.3079301550103018,0.19404606645370454,in_sample_diagnostic_only,True,False,True,False,True,False,True,False
train,20231021,20231021_1_03,1,서울,12,True,,0.0,0.0815574705005932,0.03592740115165856,0.07941213642056268,in_sample_diagnostic_only,False,True,False,True,False,True,False,True
train,20231021,20231021_1_04,1,서울,11,True,,0.0,0.1050214340507708,0.0811081035358859,0.1097344404247646,in_sample_diagnostic_only,False,False,False,False,False,False,False,True
train,20231021,20231021_1_05,1,서울,11,True,,1.0,0.08191400865741989,0.18306196105241282,0.1534440140817613,in_sample_diagnostic_only,True,False,True,False,True,False,True,False
train,20231021,20231021_1_06,1,서울,11,True,,0.0,0.1466483039250063,0.08296853533690123,0.11073741169903387,in_sample_diagnostic_only,False,False,False,False,False,False,False,True
train,20231021,20231021_1_07,1,서울,11,True,,0.0,0.1716889156272804,0.12455244318141848,0.13057703398105305,in_sample_diagnostic_only,False,False,False,False,False,False,True,False
train,20231021,20231021_1_08,1,서울,9,True,,1.0,0.16318815511374613,0.4336189770728525,0.23160015193232814,in_sample_diagnostic_only,True,False,True,False,True,False,True,False
train,20231021,20231021_1_09,1,서울,10,True,,0.0,0.1585767112372589,0.12102382135052969,0.129045258134395,in_sample_diagnostic_only,False,False,False,False,False,False,True,False
train,20231021,20231021_1_10,1,서울,10,True,,0.0,0.1800019321453711,0.07323026822411488,0.1053371723602026,in_sample_diagnostic_only,False,False,False,False,False,True,False,True
train,20231021,20231021_1_11,1,서울,11,True,,0.0,0.0752870251116165,0.15246995168907232,0.14200413896007028,in_sample_diagnostic_only,False,False,True,False,True,False,True,False
train,20231022,20231022_1_01,1,서울,10,True,,0.0,0.19993325512949583,0.07472431765393042,0.10619096089217313,in_sample_diagnostic_only,False,False,False,False,False,True,False,True
train,20231022,20231022_1_02,1,서울,11,True,,0.0,0.0958864971117441,0.06341696764916753,0.09946419213520592,in_sample_diagnostic_only,False,False,False,True,False,True,False,True
train,20231022,20231022_1_03,1,서울,12,True,,0.0,0.17836149573443072,0.05257254069532093,0.09232424364458759,in_sample_diagnostic_only,False,True,False,True,False,True,False,True
train,20231022,20231022_1_04,1,서울,11,True,,0.0,0.10359089731368201,0.10524765658963398,0.12189556243474022,in_sample_diagnostic_only,False,False,False,False,False,False,False,False
train,20231022,20231022_1_05,1,서울,11,True,,1.0,0.0535377567366902,0.2520681668250486,0.17669321458644122,in_sample_diagnostic_only,True,False,True,False,True,False,True,False
train,20231022,20231022_1_06,1,서울,10,True,,0.0,0.1363964476753001,0.09402436164181868,0.11645537572636162,in_sample_diagnostic_only,False,False,False,False,False,False,False,False
train,20231022,20231022_1_07,1,서울,9,True,,0.0,0.0978821067038205,0.09374008086396514,0.11631312941670165,in_sample_diagnostic_only,False,False,False,False,False,False,False,False
train,20231022,20231022_1_08,1,서울,11,True,,0.0,0.2005633459489318,0.11583607719143221,0.12675097849998185,in_sample_diagnostic_only,False,False,False,False,False,False,True,False
train,20231022,20231022_1_09,1,서울,10,True,,1.0,0.1543166135392188,0.28207716024370416,0.18612206165339526,in_sample_diagnostic_only,True,False,True,False,True,False,True,False
train,20231022,20231022_1_10,1,서울,11,True,,0.0,0.18661371877944627,0.12212857093205808,0.12952725559652203,in_sample_diagnostic_only,False,False,False,False,False,False,True,False
train,20231022,20231022_1_11,1,서울,11,True,,0.0,0.257250551536272,0.12996311136002825,0.13288363361359157,in_sample_diagnostic_only,False,False,False,False,True,False,True,False
train,20231022,20231022_3_01,3,부경,12,True,,0.0,0.0800792336747967,0.03880129076328825,0.08186491691012525,in_sample_diagnostic_only,False,True,False,True,False,True,False,True
train,20231022,20231022_3_02,3,부경,11,True,,0.0,0.1188931701860372,0.053887089118946206,0.09323302551347379,in_sample_diagnostic_only,False,True,False,True,False,True,False,True
train,20231022,20231022_3_03,3,부경,11,True,,0.0,0.0843863642084618,0.04180141594250317,0.08431183833145289,in_sample_diagnostic_only,False,True,False,True,False,True,False,True
train,20231022,20231022_3_04,3,부경,10,True,,0.0,0.2534292072859008,0.08180931265483425,0.11011396276462306,in_sample_diagnostic_only,False,False,False,False,False,False,False,True
train,20231022,20231022_3_05,3,부경,11,True,,0.0,0.08553816199118,0.15808703816486608,0.14417768939477998,in_sample_diagnostic_only,False,False,True,False,True,False,True,False
train,20231022,20231022_3_06,3,부경,11,True,,0.0,0.1870144144901555,0.12906034687277823,0.13250219211607725,in_sample_diagnostic_only,False,False,False,False,True,False,True,False
train,20231027,20231027_3_01,3,부경,12,True,,0.0,0.0630891431992855,0.036137989654646506,0.07959578641026792,in_sample_diagnostic_only,False,True,False,True,False,True,False,True
train,20231027,20231027_3_02,3,부경,10,True,,0.0,0.0599293522112256,0.05787924685472452,0.09591576803744617,in_sample_diagnostic_only,False,False,False,True,False,True,False,True
train,20231027,20231027_3_03,3,부경,11,True,,0.0,0.1040218297644176,0.08022443977024901,0.10925353909650129,in_sample_diagnostic_only,False,False,False,False,False,False,False,True
train,20231027,20231027_3_04,3,부경,11,True,,0.0,0.11793604902597588,0.046469305379615015,0.08791880644770866,in_sample_diagnostic_only,False,True,False,True,False,True,False,True
train,20231027,20231027_3_05,3,부경,11,True,,0.0,0.121093549745033,0.07254751296808495,0.10494371045132134,in_sample_diagnostic_only,False,False,False,False,False,True,False,True
train,20231027,20231027_3_06,3,부경,11,True,,0.0,0.075679427767466,0.06918488912846352,0.10297437941494202,in_sample_diagnostic_only,False,False,False,False,False,True,False,True
train,20231027,20231027_3_07,3,부경,10,True,,0.0,0.18993823768798912,0.09350567493716673,0.11619566181874745,in_sample_diagnostic_only,False,False,False,False,False,False,False,False
train,20231027,20231027_3_08,3,부경,11,True,,0.0,0.13735303633831353,0.12051270867675233,0.12882149873997403,in_sample_diagnostic_only,False,False,False,False,False,False,True,False
train,20231027,20231027_3_09,3,부경,11,True,,0.0,0.16589275876398912,0.11322987220179846,0.1255782692595798,in_sample_diagnostic_only,False,False,False,False,False,False,True,False
train,20231028,20231028_1_01,1,서울,11,True,,0.0,0.0480620733978405,0.03203174282168774,0.07589072875756564,in_sample_diagnostic_only,False,True,False,True,False,True,False,True
train,20231028,20231028_1_02,1,서울,12,True,,0.0,0.10469738185379218,0.04705916171010341,0.08835899290118096,in_sample_diagnostic_only,False,True,False,True,False,True,False,True
train,20231028,20231028_1_03,1,서울,8,True,,0.0,0.072431866783316,0.050230607520594,0.0906714574226184,in_sample_diagnostic_only,False,True,False,True,False,True,False,True
train,20231028,20231028_1_04,1,서울,11,True,,1.0,0.1678129179152896,0.27823494560957807,0.18493045399781857,in_sample_diagnostic_only,True,False,True,False,True,False,True,False
train,20231028,20231028_1_05,1,서울,11,True,,0.0,0.10666034256101431,0.07377077829724799,0.10564718379839662,in_sample_diagnostic_only,False,False,False,False,False,True,False,True
train,20231028,20231028_1_06,1,서울,11,True,,1.0,0.13161205866358372,0.4912222536178277,0.24912640110680948,in_sample_diagnostic_only,True,False,True,False,True,False,True,False
train,20231028,20231028_1_07,1,서울,11,True,,0.0,0.0675437739058466,0.14309347511941,0.13828979119129456,in_sample_diagnostic_only,False,False,False,False,True,False,True,False
train,20231028,20231028_1_08,1,서울,10,True,,0.0,0.135987987070681,0.21383802849270697,0.16415563207475287,in_sample_diagnostic_only,True,False,True,False,True,False,True,False
train,20231028,20231028_1_09,1,서울,11,True,,0.0,0.222851960132136,0.1723825177942553,0.1495549651963068,in_sample_diagnostic_only,True,False,True,False,True,False,True,False
train,20231028,20231028_1_10,1,서울,11,True,,1.0,0.12254738134495421,0.31977192144880223,0.19763072783351568,in_sample_diagnostic_only,True,False,True,False,True,False,True,False
train,20231028,20231028_1_11,1,서울,11,True,,1.0,0.129076856352641,0.4219209581804932,0.22809853001785818,in_sample_diagnostic_only,True,False,True,False,True,False,True,False
train,20231029,20231029_1_01,1,서울,11,True,,0.0,0.0888200123308963,0.06067432372890686,0.09773030846983916,in_sample_diagnostic_only,False,False,False,True,False,True,False,True
train,20231029,20231029_1_02,1,서울,11,True,,0.0,0.09738516164638841,0.1133774206495028,0.1256450350153592,in_sample_diagnostic_only,False,False,False,False,False,False,True,False
train,20231029,20231029_1_03,1,서울,11,True,,0.0,0.14216228613510049,0.09836902431828594,0.11860085534503834,in_sample_diagnostic_only,False,False,False,False,False,False,False,False
train,20231029,20231029_1_04,1,서울,11,True,,0.0,0.11178166600426911,0.06854395008316229,0.10259284294535355,in_sample_diagnostic_only,False,False,False,False,False,True,False,True
train,20231029,20231029_1_05,1,서울,11,True,,0.0,0.12315170317211291,0.11337092884086186,0.12564209842371146,in_sample_diagnostic_only,False,False,False,False,False,False,True,False
train,20231029,20231029_1_06,1,서울,11,True,,0.0,0.2146856694096943,0.09163327801483896,0.11525151057953366,in_sample_diagnostic_only,False,False,False,False,False,False,False,False
train,20231029,20231029_1_07,1,서울,8,True,,1.0,0.2208827613650224,0.2762473985971511,0.18431241998032544,in_sample_diagnostic_only,True,False,True,False,True,False,True,False
train,20231029,20231029_1_08,1,서울,11,True,,0.0,0.1458067796391039,0.11744244221903728,0.12746696742136698,in_sample_diagnostic_only,False,False,False,False,False,False,True,False
train,20231029,20231029_1_09,1,서울,11,True,,0.0,0.1657007600034486,0.07793885894064775,0.10799572686043625,in_sample_diagnostic_only,False,False,False,False,False,False,False,True
train,20231029,20231029_1_10,1,서울,11,True,,0.0,0.2160341290215328,0.1361957203009495,0.1354817785277599,in_sample_diagnostic_only,False,False,False,False,True,False,True,False
train,20231029,20231029_1_11,1,서울,11,True,,0.0,0.1101867231164848,0.06974079319236141,0.1033036607710849,in_sample_diagnostic_only,False,False,False,False,False,True,False,True
train,20231029,20231029_3_01,3,부경,12,True,,0.0,0.145201029287483,0.0329260510287435,0.07672103419314563,in_sample_diagnostic_only,False,True,False,True,False,True,False,True
train,20231029,20231029_3_02,3,부경,11,True,,1.0,0.1305930612601101,0.23513127898832384,0.17122476473074993,in_sample_diagnostic_only,True,False,True,False,True,False,True,False
train,20231029,20231029_3_03,3,부경,11,True,,0.0,0.09411377307754079,0.0940956655691848,0.11649101741925695,in_sample_diagnostic_only,False,False,False,False,False,False,False,False
train,20231029,20231029_3_04,3,부경,11,True,,0.0,0.1292787356641367,0.155850055453969,0.14331646560000774,in_sample_diagnostic_only,False,False,True,False,True,False,True,False
train,20231029,20231029_3_05,3,부경,13,True,,0.0,0.05287193260729079,0.07571485120829957,0.10675168508175532,in_sample_diagnostic_only,False,False,False,False,False,True,False,True
train,20231029,20231029_3_06,3,부경,11,True,,1.0,0.2061136506532161,0.41894163153306613,0.2272086951053418,in_sample_diagnostic_only,True,False,True,False,True,False,True,False
train,20231103,20231103_3_01,3,부경,11,True,,0.0,0.064034373817574,0.0865226498941985,0.1126191719081623,in_sample_diagnostic_only,False,False,False,False,False,False,False,True
train,20231103,20231103_3_02,3,부경,11,True,,0.0,0.09311957794648121,0.08149324627451357,0.10994312135747931,in_sample_diagnostic_only,False,False,False,False,False,False,False,True
train,20231103,20231103_3_03,3,부경,11,True,,0.0,0.16736175733527478,0.04784406349359732,0.08893969037435018,in_sample_diagnostic_only,False,True,False,True,False,True,False,True
train,20231103,20231103_3_04,3,부경,11,True,,0.0,0.067633249091733,0.07193249736972662,0.10458747771718334,in_sample_diagnostic_only,False,False,False,False,False,True,False,True
train,20231103,20231103_3_05,3,부경,11,True,,0.0,0.0744577657726425,0.06704314304192674,0.10169136643761564,in_sample_diagnostic_only,False,False,False,False,False,True,False,True
train,20231103,20231103_3_06,3,부경,11,True,,0.0,0.12574169140601021,0.12424086626059122,0.13044267679337487,in_sample_diagnostic_only,False,False,False,False,False,False,True,False
train,20231103,20231103_3_07,3,부경,11,True,,0.0,0.17296920615706,0.12478559004249225,0.13067745907046974,in_sample_diagnostic_only,False,False,False,False,False,False,True,False
train,20231103,20231103_3_08,3,부경,11,True,,0.0,0.2093905729297068,0.07734282151322405,0.10766430909373643,in_sample_diagnostic_only,False,False,False,False,False,True,False,True
train,20231103,20231103_3_09,3,부경,10,True,,0.0,0.10323093425459329,0.12775060112454326,0.13194639786948487,in_sample_diagnostic_only,False,False,False,False,True,False,True,False
train,20231104,20231104_1_01,1,서울,10,True,,0.0,0.1776073510014277,0.04044011650655319,0.0832150404048368,in_sample_diagnostic_only,False,True,False,True,False,True,False,True
train,20231104,20231104_1_02,1,서울,10,True,,1.0,0.11967045181528799,0.1238366425509308,0.13026811299174046,in_sample_diagnostic_only,False,False,False,False,False,False,True,False
train,20231104,20231104_1_03,1,서울,11,True,,0.0,0.15181878450362463,0.04678446015578876,0.08815440371142681,in_sample_diagnostic_only,False,True,False,True,False,True,False,True
train,20231104,20231104_1_04,1,서울,9,True,,0.0,0.0888786599150874,0.0682998968066091,0.10244702626786106,in_sample_diagnostic_only,False,False,False,False,False,True,False,True
train,20231104,20231104_1_05,1,서울,11,True,,0.0,0.11088204572714311,0.10647341784525197,0.12247045749262041,in_sample_diagnostic_only,False,False,False,False,False,False,False,False
train,20231104,20231104_1_06,1,서울,10,True,,1.0,0.22451520535541253,0.2977191796212982,0.1909342268614467,in_sample_diagnostic_only,True,False,True,False,True,False,True,False
train,20231104,20231104_1_07,1,서울,8,True,,1.0,0.1995082072005861,0.3858800321360741,0.21736802598335098,in_sample_diagnostic_only,True,False,True,False,True,False,True,False
train,20231104,20231104_1_08,1,서울,9,True,,0.0,0.1208633148927998,0.08698093105746132,0.11285866577999062,in_sample_diagnostic_only,False,False,False,False,False,False,False,True
train,20231104,20231104_1_09,1,서울,10,True,,0.0,0.1786818011114095,0.13883976919716326,0.13656618207643084,in_sample_diagnostic_only,False,False,False,False,True,False,True,False
train,20231104,20231104_1_10,1,서울,8,True,,0.0,0.1771010603254709,0.09778745975574848,0.11831669019220588,in_sample_diagnostic_only,False,False,False,False,False,False,False,False
train,20231104,20231104_1_11,1,서울,9,True,,1.0,0.23237328942436689,0.30425899029384995,0.19292966823072685,in_sample_diagnostic_only,True,False,True,False,True,False,True,False
train,20231105,20231105_1_01,1,서울,10,True,,0.0,0.141043368743574,0.1017016329480641,0.12021203028835235,in_sample_diagnostic_only,False,False,False,False,False,False,False,False
train,20231105,20231105_1_02,1,서울,11,True,,0.0,0.1517387337202086,0.04724057636646518,0.088493716848296,in_sample_diagnostic_only,False,True,False,True,False,True,False,True
train,20231105,20231105_1_03,1,서울,11,True,,0.0,0.0786814061212383,0.13268631600739209,0.13402629375561012,in_sample_diagnostic_only,False,False,False,False,True,False,True,False
train,20231105,20231105_1_04,1,서울,11,True,,1.0,0.16374639131580732,0.30721328623783445,0.19382826934054231,in_sample_diagnostic_only,True,False,True,False,True,False,True,False
train,20231105,20231105_1_05,1,서울,11,True,,0.0,0.1544980464240205,0.10912350530934418,0.12370149200503734,in_sample_diagnostic_only,False,False,False,False,False,False,False,False
train,20231105,20231105_1_06,1,서울,9,True,,0.0,0.1718268105681166,0.15811833953127033,0.14418970000919054,in_sample_diagnostic_only,False,False,True,False,True,False,True,False
train,20231105,20231105_1_07,1,서울,10,True,,0.0,0.1271723494374633,0.10998469134272004,0.12409812650820409,in_sample_diagnostic_only,False,False,False,False,False,False,False,False
train,20231105,20231105_1_08,1,서울,13,True,,0.0,0.11474953646190131,0.1587865301287317,0.1444458292314233,in_sample_diagnostic_only,False,False,True,False,True,False,True,False
train,20231105,20231105_1_09,1,서울,10,True,,0.0,0.2050292474595895,0.11683010869167053,0.1271946406026438,in_sample_diagnostic_only,False,False,False,False,False,False,True,False
train,20231105,20231105_1_10,1,서울,11,True,,0.0,0.18115328758851862,0.12916070258056722,0.13254466105564494,in_sample_diagnostic_only,False,False,False,False,True,False,True,False
train,20231105,20231105_1_11,1,서울,11,True,,0.0,0.2053075741915904,0.10857749412517517,0.12344916067045583,in_sample_diagnostic_only,False,False,False,False,False,False,False,False
train,20231105,20231105_3_01,3,부경,11,True,,0.0,0.0727095468379625,0.06291358778618944,0.09914926110025842,in_sample_diagnostic_only,False,False,False,True,False,True,False,True
train,20231105,20231105_3_02,3,부경,11,True,,0.0,0.1032050557928345,0.06816242232498394,0.10236475658813143,in_sample_diagnostic_only,False,False,False,False,False,True,False,True
train,20231105,20231105_3_03,3,부경,11,True,,0.0,0.10756295979772859,0.06882544855957828,0.10276066322234542,in_sample_diagnostic_only,False,False,False,False,False,True,False,True
train,20231105,20231105_3_04,3,부경,10,True,,0.0,0.11874484220594339,0.04073188012911137,0.08345195125190688,in_sample_diagnostic_only,False,True,False,True,False,True,False,True
train,20231105,20231105_3_05,3,부경,8,True,,1.0,0.1782460388191114,0.2969987029641144,0.19071384027633168,in_sample_diagnostic_only,True,False,True,False,True,False,True,False
train,20231105,20231105_3_06,3,부경,11,True,,0.0,0.169597784361618,0.08644373300683156,0.11257785972594746,in_sample_diagnostic_only,False,False,False,False,False,False,False,True
train,20231110,20231110_3_01,3,부경,12,True,,0.0,0.08592052121300349,0.07521081109642484,0.1064668792055821,in_sample_diagnostic_only,False,False,False,False,False,True,False,True
train,20231110,20231110_3_02,3,부경,11,True,,0.0,0.0513019820766796,0.03830791399434895,0.0814517826889597,in_sample_diagnostic_only,False,True,False,True,False,True,False,True
train,20231110,20231110_3_03,3,부경,11,True,,0.0,0.0880032865202248,0.07581166851991952,0.10680626834220873,in_sample_diagnostic_only,False,False,False,False,False,True,False,True
train,20231110,20231110_3_04,3,부경,10,True,,0.0,0.158261820012462,0.051287103033430516,0.091422565867715,in_sample_diagnostic_only,False,True,False,True,False,True,False,True
train,20231110,20231110_3_05,3,부경,11,True,,0.0,0.18025390279732711,0.10873077417302345,0.1235200644128568,in_sample_diagnostic_only,False,False,False,False,False,False,False,False
train,20231110,20231110_3_06,3,부경,11,True,,0.0,0.0719561341011795,0.05638470965112245,0.09492450950088688,in_sample_diagnostic_only,False,False,False,True,False,True,False,True
train,20231110,20231110_3_07,3,부경,11,True,,0.0,0.19728341585305142,0.08675605279961787,0.1127412338746113,in_sample_diagnostic_only,False,False,False,False,False,False,False,True
train,20231110,20231110_3_08,3,부경,11,True,,0.0,0.18475751721055902,0.11191232033429963,0.1249800466266868,in_sample_diagnostic_only,False,False,False,False,False,False,True,False
train,20231110,20231110_3_09,3,부경,10,True,,0.0,0.147706523517064,0.1208000279123494,0.12894734368825617,in_sample_diagnostic_only,False,False,False,False,False,False,True,False
train,20231111,20231111_1_01,1,서울,9,True,,0.0,0.12212673476234091,0.05147262720362036,0.09155351847826976,in_sample_diagnostic_only,False,True,False,True,False,True,False,True
train,20231111,20231111_1_02,1,서울,9,True,,0.0,0.054621712578445496,0.041160176747074624,0.08379789512474528,in_sample_diagnostic_only,False,True,False,True,False,True,False,True
train,20231111,20231111_1_03,1,서울,10,True,,0.0,0.0841592031011872,0.059281422986585786,0.0968322761428724,in_sample_diagnostic_only,False,False,False,True,False,True,False,True
train,20231111,20231111_1_04,1,서울,9,True,,0.0,0.1068640443149409,0.039815052756387546,0.08270402575458763,in_sample_diagnostic_only,False,True,False,True,False,True,False,True
train,20231111,20231111_1_05,1,서울,11,True,,0.0,0.0991769301857543,0.11489366433771896,0.12632852496804906,in_sample_diagnostic_only,False,False,False,False,False,False,True,False
train,20231111,20231111_1_06,1,서울,11,True,,0.0,0.1128816769661578,0.08407966142533961,0.11133044618057192,in_sample_diagnostic_only,False,False,False,False,False,False,False,True
train,20231111,20231111_1_07,1,서울,9,True,,0.0,0.18533554842631042,0.1394266912713049,0.13680551922354606,in_sample_diagnostic_only,False,False,False,False,True,False,True,False
train,20231111,20231111_1_08,1,서울,11,True,,1.0,0.1100903936623893,0.4103084186399702,0.2246339311518614,in_sample_diagnostic_only,True,False,True,False,True,False,True,False
train,20231111,20231111_1_09,1,서울,10,True,,0.0,0.16518949066494482,0.17717446300213077,0.15131255661399745,in_sample_diagnostic_only,True,False,True,False,True,False,True,False
train,20231111,20231111_1_10,1,서울,10,True,,0.0,0.0901692823221151,0.20759914502134455,0.16203622237864437,in_sample_diagnostic_only,True,False,True,False,True,False,True,False
train,20231112,20231112_1_01,1,서울,10,True,,0.0,0.07083853423179659,0.06817921883498015,0.10237481332483447,in_sample_diagnostic_only,False,False,False,False,False,True,False,True
train,20231112,20231112_1_02,1,서울,10,True,,0.0,0.108826353257683,0.05509981416321229,0.09405993994843166,in_sample_diagnostic_only,False,False,False,True,False,True,False,True
train,20231112,20231112_1_03,1,서울,11,True,,0.0,0.10793879802812881,0.06811911643700114,0.10233882107639233,in_sample_diagnostic_only,False,False,False,False,False,True,False,True
train,20231112,20231112_1_04,1,서울,11,True,,0.0,0.23771235672055133,0.14386266453844046,0.13859880085147708,in_sample_diagnostic_only,False,False,False,False,True,False,True,False
train,20231112,20231112_1_05,1,서울,11,True,,0.0,0.10952860746835591,0.08778921648049308,0.11327937240768911,in_sample_diagnostic_only,False,False,False,False,False,False,False,True
train,20231112,20231112_1_06,1,서울,11,True,,0.0,0.1330523577106281,0.07888567512416912,0.10851926718100699,in_sample_diagnostic_only,False,False,False,False,False,False,False,True
train,20231112,20231112_1_07,1,서울,11,True,,0.0,0.1061390314851447,0.07935578264136439,0.10877789893106808,in_sample_diagnostic_only,False,False,False,False,False,False,False,True
train,20231112,20231112_1_08,1,서울,11,True,,0.0,0.1303261498952847,0.13339879005089367,0.13432331412417797,in_sample_diagnostic_only,False,False,False,False,True,False,True,False
train,20231112,20231112_1_09,1,서울,11,True,,0.0,0.1549662686871223,0.11450494009458131,0.12615374709898014,in_sample_diagnostic_only,False,False,False,False,False,False,True,False
train,20231112,20231112_1_10,1,서울,9,True,,0.0,0.1117259320109938,0.06795230338205492,0.10223882972521507,in_sample_diagnostic_only,False,False,False,False,False,True,False,True
train,20231112,20231112_1_11,1,서울,10,True,,1.0,0.1573670578899471,0.27234133923617704,0.18309445555137152,in_sample_diagnostic_only,True,False,True,False,True,False,True,False
train,20231112,20231112_3_01,3,부경,11,True,,0.0,0.08712469404261061,0.031208824451610367,0.0751142383478305,in_sample_diagnostic_only,False,True,False,True,False,True,False,True
train,20231112,20231112_3_02,3,부경,11,True,,0.0,0.0927689289381992,0.04534675148050265,0.08707183378038053,in_sample_diagnostic_only,False,True,False,True,False,True,False,True
train,20231112,20231112_3_03,3,부경,10,True,,0.0,0.1020942242402155,0.08538758301686038,0.11202295021361339,in_sample_diagnostic_only,False,False,False,False,False,False,False,True
train,20231112,20231112_3_04,3,부경,11,True,,0.0,0.1189407096995773,0.09072677157310167,0.11479060712795017,in_sample_diagnostic_only,False,False,False,False,False,False,False,False
train,20231112,20231112_3_05,3,부경,16,True,,0.0,0.0697195447389998,0.07005010374467668,0.10348622627174266,in_sample_diagnostic_only,False,False,False,False,False,True,False,True
train,20231112,20231112_3_06,3,부경,11,True,,0.0,0.09350837462112409,0.1065464277086295,0.12250458860923921,in_sample_diagnostic_only,False,False,False,False,False,False,False,False
train,20231117,20231117_3_01,3,부경,10,True,,0.0,0.0383291335861162,0.04725111859036436,0.0885015363804506,in_sample_diagnostic_only,False,True,False,True,False,True,False,True
train,20231117,20231117_3_02,3,부경,12,True,,0.0,0.1048873274105666,0.06634509134523926,0.10126812319992619,in_sample_diagnostic_only,False,False,False,True,False,True,False,True
train,20231117,20231117_3_03,3,부경,10,True,,0.0,0.0607694690368583,0.02762896106912685,0.0715835057894257,in_sample_diagnostic_only,False,True,False,True,False,True,False,True
train,20231117,20231117_3_04,3,부경,11,True,,0.0,0.11380181194975039,0.17280990685014247,0.14971258617448735,in_sample_diagnostic_only,True,False,True,False,True,False,True,False
train,20231117,20231117_3_06,3,부경,11,True,,0.0,0.0614669240665464,0.06264896488876273,0.09898311935034401,in_sample_diagnostic_only,False,False,False,True,False,True,False,True
train,20231117,20231117_3_07,3,부경,11,True,,0.0,0.119903886614154,0.060206369115661316,0.0974299583479842,in_sample_diagnostic_only,False,False,False,True,False,True,False,True
train,20231117,20231117_3_08,3,부경,9,True,,0.0,0.1780475279800908,0.12119401305922242,0.12911965851145274,in_sample_diagnostic_only,False,False,False,False,False,False,True,False
train,20231117,20231117_3_09,3,부경,10,True,,1.0,0.13204557323042798,0.24247577420047176,0.17361116170296587,in_sample_diagnostic_only,True,False,True,False,True,False,True,False
train,20231118,20231118_1_01,1,서울,12,True,,0.0,0.09523040659379181,0.045899814042092944,0.08749065986658189,in_sample_diagnostic_only,False,True,False,True,False,True,False,True
train,20231118,20231118_1_02,1,서울,12,True,,0.0,0.0562093758106896,0.06270608759170823,0.09901901779668543,in_sample_diagnostic_only,False,False,False,True,False,True,False,True
train,20231118,20231118_1_03,1,서울,10,True,,1.0,0.08660187319454139,0.3418297282423526,0.20425415106254968,in_sample_diagnostic_only,True,False,True,False,True,False,True,False
train,20231118,20231118_1_04,1,서울,11,True,,0.0,0.0869570581285493,0.08512372614815092,0.11188372362766617,in_sample_diagnostic_only,False,False,False,False,False,False,False,True
train,20231118,20231118_1_05,1,서울,10,True,,0.0,0.2236077599744781,0.09985982157593191,0.1193251711999382,in_sample_diagnostic_only,False,False,False,False,False,False,False,False
train,20231118,20231118_1_06,1,서울,11,True,,0.0,0.05957303220521891,0.16594245014093237,0.14715848027775014,in_sample_diagnostic_only,False,False,True,False,True,False,True,False
train,20231118,20231118_1_07,1,서울,11,True,,0.0,0.1305992688736663,0.08943267160861793,0.11412822779550048,in_sample_diagnostic_only,False,False,False,False,False,False,False,False
train,20231118,20231118_1_08,1,서울,11,True,,0.0,0.0740535054262469,0.17483419610927425,0.1504568263594258,in_sample_diagnostic_only,True,False,True,False,True,False,True,False
train,20231118,20231118_1_09,1,서울,11,True,,1.0,0.18143245973892408,0.4204360142624868,0.22765493191465705,in_sample_diagnostic_only,True,False,True,False,True,False,True,False
train,20231118,20231118_1_10,1,서울,11,True,,0.0,0.11562198806370538,0.05393664963610003,0.09326703186131055,in_sample_diagnostic_only,False,True,False,True,False,True,False,True
train,20231118,20231118_1_11,1,서울,11,True,,0.0,0.1148106954555149,0.12017545037063762,0.12867358386059086,in_sample_diagnostic_only,False,False,False,False,False,False,True,False
train,20231119,20231119_1_01,1,서울,11,True,,0.0,0.043265170470757,0.036204209521116054,0.07965340234091901,in_sample_diagnostic_only,False,True,False,True,False,True,False,True
train,20231119,20231119_1_02,1,서울,11,True,,0.0,0.0462034866172451,0.05774002463858202,0.09582406437388258,in_sample_diagnostic_only,False,False,False,True,False,True,False,True
train,20231119,20231119_1_03,1,서울,11,True,,0.0,0.07836111670019169,0.10341773758884155,0.12103063227170473,in_sample_diagnostic_only,False,False,False,False,False,False,False,False
train,20231119,20231119_1_04,1,서울,11,True,,0.0,0.1182635941475623,0.08416799372489352,0.11137740333135036,in_sample_diagnostic_only,False,False,False,False,False,False,False,True
train,20231119,20231119_1_05,1,서울,11,True,,0.0,0.0942117910165061,0.1550334979350477,0.1430006660329335,in_sample_diagnostic_only,False,False,True,False,True,False,True,False
train,20231119,20231119_1_06,1,서울,11,True,,0.0,0.1277626440017321,0.11876281075449356,0.12805169483813794,in_sample_diagnostic_only,False,False,False,False,False,False,True,False
train,20231119,20231119_1_07,1,서울,10,True,,1.0,0.1883262374270523,0.3792829872296942,0.21540787529434055,in_sample_diagnostic_only,True,False,True,False,True,False,True,False
train,20231119,20231119_1_08,1,서울,16,True,,0.0,0.0500403216565178,0.07114665256003143,0.10412976124318346,in_sample_diagnostic_only,False,False,False,False,False,True,False,True
train,20231119,20231119_1_09,1,서울,10,True,,0.0,0.1589264725009324,0.17577547206626787,0.1508016050881882,in_sample_diagnostic_only,True,False,True,False,True,False,True,False
train,20231119,20231119_1_10,1,서울,11,True,,0.0,0.1377821831070627,0.11275333772806924,0.12536232583424683,in_sample_diagnostic_only,False,False,False,False,False,False,True,False
train,20231119,20231119_1_11,1,서울,11,True,,0.0,0.1279854307090961,0.10379092437466506,0.1212076820502818,in_sample_diagnostic_only,False,False,False,False,False,False,False,False
train,20231119,20231119_3_01,3,부경,9,True,,0.0,0.09254973930983951,0.07791580859495748,0.10798293667086808,in_sample_diagnostic_only,False,False,False,False,False,False,False,True
train,20231119,20231119_3_02,3,부경,9,True,,0.0,0.0754676784763748,0.0497860912237348,0.09035264543454155,in_sample_diagnostic_only,False,True,False,True,False,True,False,True
train,20231119,20231119_3_03,3,부경,10,True,,0.0,0.1070022958127147,0.08996553320501012,0.11440160524426951,in_sample_diagnostic_only,False,False,False,False,False,False,False,False
train,20231119,20231119_3_04,3,부경,10,True,,0.0,0.18748109113392242,0.08634687025225102,0.11252712447771245,in_sample_diagnostic_only,False,False,False,False,False,False,False,True
train,20231119,20231119_3_05,3,부경,11,True,,0.0,0.112594113754308,0.0737625780477937,0.10564249017401367,in_sample_diagnostic_only,False,False,False,False,False,True,False,True
train,20231119,20231119_3_06,3,부경,10,True,,1.0,0.22117996399199782,0.2596439195810797,0.17910196499953496,in_sample_diagnostic_only,True,False,True,False,True,False,True,False
train,20231124,20231124_3_01,3,부경,12,True,,0.0,0.063567810152535,0.03895597872805988,0.08199379734798737,in_sample_diagnostic_only,False,True,False,True,False,True,False,True
train,20231124,20231124_3_02,3,부경,11,True,,0.0,0.10981807971976591,0.0461294845677753,0.08766370479609464,in_sample_diagnostic_only,False,True,False,True,False,True,False,True
train,20231124,20231124_3_03,3,부경,10,True,,0.0,0.0748935917747485,0.04666431967142479,0.08806470282892855,in_sample_diagnostic_only,False,True,False,True,False,True,False,True
train,20231124,20231124_3_04,3,부경,11,True,,0.0,0.0823423225486685,0.08350306217039229,0.1110232505123933,in_sample_diagnostic_only,False,False,False,False,False,False,False,True
train,20231124,20231124_3_05,3,부경,10,True,,0.0,0.1262582147906364,0.09081254047580162,0.1148343234079376,in_sample_diagnostic_only,False,False,False,False,False,False,False,False
train,20231124,20231124_3_06,3,부경,11,True,,0.0,0.1718835796703055,0.07910311429899325,0.10863899972825981,in_sample_diagnostic_only,False,False,False,False,False,False,False,True
train,20231124,20231124_3_07,3,부경,11,True,,1.0,0.16183774661288872,0.2902416679541836,0.18864121729134511,in_sample_diagnostic_only,True,False,True,False,True,False,True,False
train,20231124,20231124_3_08,3,부경,11,True,,0.0,0.1187128392263926,0.13241616983080046,0.13391346622980346,in_sample_diagnostic_only,False,False,False,False,True,False,True,False
train,20231124,20231124_3_09,3,부경,11,True,,0.0,0.12352149342716862,0.1551626392463499,0.14305066233754102,in_sample_diagnostic_only,False,False,True,False,True,False,True,False
train,20231125,20231125_1_01,1,서울,12,True,,0.0,0.060814981155404305,0.04690110112456394,0.08824136109110434,in_sample_diagnostic_only,False,True,False,True,False,True,False,True
train,20231125,20231125_1_02,1,서울,11,True,,0.0,0.09092969593123959,0.029122796625257016,0.07308868232617924,in_sample_diagnostic_only,False,True,False,True,False,True,False,True
train,20231125,20231125_1_03,1,서울,11,True,,0.0,0.09930855946411771,0.09742087471495796,0.11813709842921202,in_sample_diagnostic_only,False,False,False,False,False,False,False,False
train,20231125,20231125_1_04,1,서울,11,True,,1.0,0.09039506971907549,0.28001876764444983,0.18548418747543213,in_sample_diagnostic_only,True,False,True,False,True,False,True,False
train,20231125,20231125_1_05,1,서울,11,True,,0.0,0.1498466085476555,0.13905439496830765,0.13665376020973047,in_sample_diagnostic_only,False,False,False,False,True,False,True,False
train,20231125,20231125_1_06,1,서울,10,True,,1.0,0.13926438870437707,0.3103578748860607,0.1947829440683014,in_sample_diagnostic_only,True,False,True,False,True,False,True,False
train,20231125,20231125_1_07,1,서울,11,True,,1.0,0.0874064193540652,0.2282050945098843,0.1689511951904141,in_sample_diagnostic_only,True,False,True,False,True,False,True,False
train,20231125,20231125_1_08,1,서울,9,True,,0.0,0.15428506914823809,0.11717156247710843,0.1273465883418823,in_sample_diagnostic_only,False,False,False,False,False,False,True,False
train,20231125,20231125_1_09,1,서울,10,True,,0.0,0.09905305513804219,0.3171865405734542,0.1968500881134332,in_sample_diagnostic_only,True,False,True,False,True,False,True,False
train,20231125,20231125_1_10,1,서울,11,True,,0.0,0.1513873511569306,0.08805907567090823,0.11341935485216618,in_sample_diagnostic_only,False,False,False,False,False,False,False,True
train,20231125,20231125_1_11,1,서울,11,True,,0.0,0.1175350443142032,0.07897978261942736,0.1085711100821303,in_sample_diagnostic_only,False,False,False,False,False,False,False,True
train,20231126,20231126_1_01,1,서울,12,True,,0.0,0.07353110525969389,0.05591551359282279,0.09461015094051783,in_sample_diagnostic_only,False,False,False,True,False,True,False,True
train,20231126,20231126_1_02,1,서울,12,True,,0.0,0.0845188530064052,0.03768165631932088,0.08092275521776567,in_sample_diagnostic_only,False,True,False,True,False,True,False,True
train,20231126,20231126_1_03,1,서울,11,True,,0.0,0.09101479493104139,0.05991001567515326,0.09723904569806176,in_sample_diagnostic_only,False,False,False,True,False,True,False,True
train,20231126,20231126_1_04,1,서울,11,True,,0.0,0.12661568260253392,0.0765460936218395,0.10721904174634624,in_sample_diagnostic_only,False,False,False,False,False,True,False,True
train,20231126,20231126_1_05,1,서울,11,True,,0.0,0.0745371202196942,0.15037061299902915,0.1411821807482368,in_sample_diagnostic_only,False,False,True,False,True,False,True,False
train,20231126,20231126_1_06,1,서울,11,True,,0.0,0.1187879955937013,0.14274473041555782,0.1381494240222519,in_sample_diagnostic_only,False,False,False,False,True,False,True,False
train,20231126,20231126_1_07,1,서울,11,True,,0.0,0.213993695415368,0.11719144196404996,0.1273554276905363,in_sample_diagnostic_only,False,False,False,False,False,False,True,False
train,20231126,20231126_1_08,1,서울,11,True,,1.0,0.15427762911079582,0.36027186060064637,0.20975512084868295,in_sample_diagnostic_only,True,False,True,False,True,False,True,False
train,20231126,20231126_1_09,1,서울,11,True,,0.0,0.1424583822022236,0.11672987194661162,0.12714999133570926,in_sample_diagnostic_only,False,False,False,False,False,False,True,False
train,20231126,20231126_1_10,1,서울,11,True,,0.0,0.15431472203449062,0.20013520951043084,0.15946809151280322,in_sample_diagnostic_only,True,False,True,False,True,False,True,False
train,20231126,20231126_1_11,1,서울,11,True,,0.0,0.1518312778834465,0.10543674488531903,0.12198447833730473,in_sample_diagnostic_only,False,False,False,False,False,False,False,False
train,20231126,20231126_3_01,3,부경,12,True,,0.0,0.0840453047184678,0.0637866252386401,0.09969454257369699,in_sample_diagnostic_only,False,False,False,True,False,True,False,True
train,20231126,20231126_3_02,3,부경,11,True,,0.0,0.09073378349034039,0.04853146654742303,0.08944363661264641,in_sample_diagnostic_only,False,True,False,True,False,True,False,True
train,20231126,20231126_3_03,3,부경,11,True,,0.0,0.16450351601396562,0.09921544435210718,0.11901281659050363,in_sample_diagnostic_only,False,False,False,False,False,False,False,False
train,20231126,20231126_3_04,3,부경,11,True,,0.0,0.1118722225243155,0.0919725733588183,0.11542337786835856,in_sample_diagnostic_only,False,False,False,False,False,False,False,False
train,20231126,20231126_3_05,3,부경,7,True,,0.0,0.1901853273717796,0.08668924495828945,0.11270631419916964,in_sample_diagnostic_only,False,False,False,False,False,False,False,True
train,20231126,20231126_3_06,3,부경,10,True,,0.0,0.12436444585748561,0.1654656386185285,0.14697940641556415,in_sample_diagnostic_only,False,False,True,False,True,False,True,False
train,20231201,20231201_3_01,3,부경,12,True,,0.0,0.1867059544930945,0.08303020731521014,0.1107704431879084,in_sample_diagnostic_only,False,False,False,False,False,False,False,True
train,20231201,20231201_3_02,3,부경,11,True,,0.0,0.06492229739506951,0.018578708438602317,0.06118542622274611,in_sample_diagnostic_only,False,True,False,True,False,True,False,True
train,20231201,20231201_3_03,3,부경,11,True,,1.0,0.0832148602821641,0.2227878479275784,0.16715614960132627,in_sample_diagnostic_only,True,False,True,False,True,False,True,False
train,20231201,20231201_3_04,3,부경,11,True,,0.0,0.0777256904765376,0.06281368120988427,0.09908658303145484,in_sample_diagnostic_only,False,False,False,True,False,True,False,True
train,20231201,20231201_3_05,3,부경,11,True,,0.0,0.1263820460108343,0.053112745966884305,0.09269930022382854,in_sample_diagnostic_only,False,True,False,True,False,True,False,True
train,20231201,20231201_3_06,3,부경,11,True,,0.0,0.10541226156016412,0.08831215566089902,0.11355041830898176,in_sample_diagnostic_only,False,False,False,False,False,False,False,True
train,20231201,20231201_3_07,3,부경,11,True,,0.0,0.1334557355329762,0.1708884268183261,0.14900258347811213,in_sample_diagnostic_only,False,False,True,False,True,False,True,False
train,20231201,20231201_3_08,3,부경,11,True,,0.0,0.1662439475510525,0.05571248757565535,0.09447364622713196,in_sample_diagnostic_only,False,False,False,True,False,True,False,True
train,20231201,20231201_3_09,3,부경,11,True,,0.0,0.18768303066901068,0.13710627853980545,0.13585638408072012,in_sample_diagnostic_only,False,False,False,False,True,False,True,False
train,20231202,20231202_1_01,1,서울,12,True,,0.0,0.0835763685561989,0.05933676966090148,0.09686819209231236,in_sample_diagnostic_only,False,False,False,True,False,True,False,True
train,20231202,20231202_1_02,1,서울,11,True,,1.0,0.0926219723392209,0.2093190153643161,0.16262287022048091,in_sample_diagnostic_only,True,False,True,False,True,False,True,False
train,20231202,20231202_1_03,1,서울,11,True,,0.0,0.0717437840605323,0.06876449094646309,0.1027243556811276,in_sample_diagnostic_only,False,False,False,False,False,True,False,True
train,20231202,20231202_1_04,1,서울,10,True,,1.0,0.15337919638503852,0.2468677171286936,0.17502697179007018,in_sample_diagnostic_only,True,False,True,False,True,False,True,False
train,20231202,20231202_1_05,1,서울,11,True,,0.0,0.1183351609702041,0.10801463805831533,0.12318834171344661,in_sample_diagnostic_only,False,False,False,False,False,False,False,False
train,20231202,20231202_1_06,1,서울,11,True,,0.0,0.12175712426794699,0.1500108955507816,0.14104079691034782,in_sample_diagnostic_only,False,False,True,False,True,False,True,False
train,20231202,20231202_1_07,1,서울,10,True,,0.0,0.1268320428509006,0.08275178520554949,0.11062121155219641,in_sample_diagnostic_only,False,False,False,False,False,False,False,True
train,20231202,20231202_1_08,1,서울,10,True,,1.0,0.2681084219030086,0.28674050629180825,0.18756301270376846,in_sample_diagnostic_only,True,False,True,False,True,False,True,False
train,20231202,20231202_1_09,1,서울,11,True,,0.0,0.1944957999154558,0.05637162592425607,0.0949157642677824,in_sample_diagnostic_only,False,False,False,True,False,True,False,True
train,20231202,20231202_1_10,1,서울,10,True,,0.0,0.1852777973207525,0.21999087191464328,0.16622325103307542,in_sample_diagnostic_only,True,False,True,False,True,False,True,False
train,20231202,20231202_1_11,1,서울,11,True,,0.0,0.13445606290442458,0.10296308720716567,0.12081447167011537,in_sample_diagnostic_only,False,False,False,False,False,False,False,False
train,20231203,20231203_1_01,1,서울,12,True,,1.0,0.1516105258870698,0.18050543507676248,0.15252214122297378,in_sample_diagnostic_only,True,False,True,False,True,False,True,False
train,20231203,20231203_1_02,1,서울,9,True,,0.0,0.061090990175991094,0.04105840987001259,0.08371589162499986,in_sample_diagnostic_only,False,True,False,True,False,True,False,True
train,20231203,20231203_1_03,1,서울,11,True,,0.0,0.0708701687177358,0.03445840070678933,0.07811264834560501,in_sample_diagnostic_only,False,True,False,True,False,True,False,True
train,20231203,20231203_1_04,1,서울,8,True,,0.0,0.11737316796916791,0.07922257645857832,0.10870470261963902,in_sample_diagnostic_only,False,False,False,False,False,False,False,True
train,20231203,20231203_1_05,1,서울,10,True,,0.0,0.1459320721429191,0.0834454029666923,0.11099246638945262,in_sample_diagnostic_only,False,False,False,False,False,False,False,True
train,20231203,20231203_1_06,1,서울,11,True,,0.0,0.11328272700501761,0.11368806789256772,0.12578545480609704,in_sample_diagnostic_only,False,False,False,False,False,False,True,False
train,20231203,20231203_1_07,1,서울,10,True,,0.0,0.23048741080937318,0.14855646992222865,0.14046750068371142,in_sample_diagnostic_only,False,False,True,False,True,False,True,False
train,20231203,20231203_1_08,1,서울,14,True,,0.0,0.14540636900601336,0.17180192190894017,0.1493405650646781,in_sample_diagnostic_only,True,False,True,False,True,False,True,False
train,20231203,20231203_1_09,1,서울,11,True,,0.0,0.2047251898981127,0.18780352255670854,0.15513948629411767,in_sample_diagnostic_only,True,False,True,False,True,False,True,False
train,20231203,20231203_1_10,1,서울,11,True,,0.0,0.124341021407776,0.198253915723563,0.1588148644730529,in_sample_diagnostic_only,True,False,True,False,True,False,True,False
train,20231203,20231203_1_11,1,서울,11,True,,1.0,0.19304646409920098,0.29063243037304676,0.18876136877532357,in_sample_diagnostic_only,True,False,True,False,True,False,True,False
train,20231203,20231203_3_01,3,부경,11,True,,0.0,0.0637660024428925,0.05971251432187897,0.09711150899364306,in_sample_diagnostic_only,False,False,False,True,False,True,False,True
train,20231203,20231203_3_02,3,부경,11,True,,0.0,0.11868816879050001,0.04616322000134543,0.08768907958117769,in_sample_diagnostic_only,False,True,False,True,False,True,False,True
train,20231203,20231203_3_03,3,부경,11,True,,0.0,0.09359265264741931,0.05984830601769755,0.09719922292712085,in_sample_diagnostic_only,False,False,False,True,False,True,False,True
train,20231203,20231203_3_04,3,부경,9,True,,0.0,0.128232669572063,0.12239727410401832,0.12964415180106267,in_sample_diagnostic_only,False,False,False,False,False,False,True,False
train,20231203,20231203_3_05,3,부경,10,True,,0.0,0.1188119574319151,0.20718672551717288,0.16189526885560412,in_sample_diagnostic_only,True,False,True,False,True,False,True,False
train,20231203,20231203_3_06,3,부경,11,True,,0.0,0.1575847959028456,0.10314061992179763,0.12089893911332451,in_sample_diagnostic_only,False,False,False,False,False,False,False,False
train,20231208,20231208_3_01,3,부경,11,True,,0.0,0.1072391194259332,0.034977342575474024,0.0785754516410061,in_sample_diagnostic_only,False,True,False,True,False,True,False,True
train,20231208,20231208_3_02,3,부경,9,True,,0.0,0.09671603431059979,0.07533113899239907,0.10653496796872368,in_sample_diagnostic_only,False,False,False,False,False,True,False,True
train,20231208,20231208_3_03,3,부경,11,True,,0.0,0.0945976462416189,0.06432198363117163,0.10002678526746699,in_sample_diagnostic_only,False,False,False,True,False,True,False,True
train,20231208,20231208_3_04,3,부경,10,True,,0.0,0.1339060944303965,0.07644183962236183,0.10716058399481468,in_sample_diagnostic_only,False,False,False,False,False,True,False,True
train,20231208,20231208_3_05,3,부경,11,True,,0.0,0.1891597495247959,0.12715286646590127,0.13169179343351445,in_sample_diagnostic_only,False,False,False,False,True,False,True,False
train,20231208,20231208_3_06,3,부경,11,True,,0.0,0.0703508093839852,0.14297813518574667,0.13824338605516187,in_sample_diagnostic_only,False,False,False,False,True,False,True,False
train,20231208,20231208_3_07,3,부경,11,True,,0.0,0.1059019211825965,0.06853670309279171,0.10258851731363194,in_sample_diagnostic_only,False,False,False,False,False,True,False,True
train,20231208,20231208_3_08,3,부경,11,True,,1.0,0.1328580536147007,0.29300435222146787,0.18948990645294794,in_sample_diagnostic_only,True,False,True,False,True,False,True,False
train,20231208,20231208_3_09,3,부경,11,True,,0.0,0.16267717633598242,0.20630502306717577,0.16159356376882864,in_sample_diagnostic_only,True,False,True,False,True,False,True,False
train,20231209,20231209_1_01,1,서울,10,True,,0.0,0.05738163543970411,0.038558143743644094,0.08166171141429604,in_sample_diagnostic_only,False,True,False,True,False,True,False,True
train,20231209,20231209_1_02,1,서울,10,True,,0.0,0.0916577314712858,0.04002483205185649,0.08287606065199818,in_sample_diagnostic_only,False,True,False,True,False,True,False,True
train,20231209,20231209_1_03,1,서울,9,True,,1.0,0.1682673322717798,0.37412943826775313,0.2138764327524502,in_sample_diagnostic_only,True,False,True,False,True,False,True,False
train,20231209,20231209_1_04,1,서울,9,True,,0.0,0.1481725738547679,0.09355468130118869,0.11622023361468507,in_sample_diagnostic_only,False,False,False,False,False,False,False,False
train,20231209,20231209_1_05,1,서울,9,True,,0.0,0.1902771534797355,0.12349494960651058,0.13012032660032416,in_sample_diagnostic_only,False,False,False,False,False,False,True,False
train,20231209,20231209_1_06,1,서울,10,True,,0.0,0.1438474810577472,0.11333422770970002,0.1256254948895401,in_sample_diagnostic_only,False,False,False,False,False,False,True,False
train,20231209,20231209_1_07,1,서울,8,True,,1.0,0.19580018131679372,0.19546407800628698,0.1578415765472755,in_sample_diagnostic_only,True,False,True,False,True,False,True,False
train,20231209,20231209_1_08,1,서울,9,True,,0.0,0.127341490711463,0.09492694373590535,0.11690545459482345,in_sample_diagnostic_only,False,False,False,False,False,False,False,False
train,20231209,20231209_1_09,1,서울,11,True,,0.0,0.21323313561722018,0.10342581218519077,0.12103446668764055,in_sample_diagnostic_only,False,False,False,False,False,False,False,False
train,20231209,20231209_1_10,1,서울,11,True,,0.0,0.1448025949270226,0.09242378882874278,0.11565139993010608,in_sample_diagnostic_only,False,False,False,False,False,False,False,False
train,20231210,20231210_1_01,1,서울,11,True,,0.0,0.0432396577714085,0.05560308552938769,0.09439996889680935,in_sample_diagnostic_only,False,False,False,True,False,True,False,True
train,20231210,20231210_1_02,1,서울,11,True,,0.0,0.06510820116101901,0.054653818713169364,0.09375708433290998,in_sample_diagnostic_only,False,False,False,True,False,True,False,True
train,20231210,20231210_1_03,1,서울,9,True,,0.0,0.1329827144426625,0.06912019444775876,0.10293596025717817,in_sample_diagnostic_only,False,False,False,False,False,True,False,True
train,20231210,20231210_1_04,1,서울,10,True,,1.0,0.17521981891391122,0.3145868639224425,0.1960640534936627,in_sample_diagnostic_only,True,False,True,False,True,False,True,False
train,20231210,20231210_1_05,1,서울,10,True,,0.0,0.1099696383338884,0.09576495216766691,0.11732125097598992,in_sample_diagnostic_only,False,False,False,False,False,False,False,False
train,20231210,20231210_1_06,1,서울,8,True,,0.0,0.2149240668539762,0.07368261165102362,0.10559670379937944,in_sample_diagnostic_only,False,False,False,False,False,True,False,True
train,20231210,20231210_1_07,1,서울,9,True,,0.0,0.1393728939585192,0.06842637134848259,0.10252262935963594,in_sample_diagnostic_only,False,False,False,False,False,True,False,True
train,20231210,20231210_1_08,1,서울,10,True,,0.0,0.17307405712440763,0.11646105980821791,0.12703015393198147,in_sample_diagnostic_only,False,False,False,False,False,False,True,False
train,20231210,20231210_1_09,1,서울,11,True,,0.0,0.1471919873648786,0.11231420600458766,0.12516290832931412,in_sample_diagnostic_only,False,False,False,False,False,False,True,False
train,20231210,20231210_1_10,1,서울,11,True,,0.0,0.1126732962621622,0.07711604143083681,0.10753783318337133,in_sample_diagnostic_only,False,False,False,False,False,True,False,True
train,20231210,20231210_3_01,3,부경,10,True,,0.0,0.0788683901761976,0.06173728461980931,0.0984075934431976,in_sample_diagnostic_only,False,False,False,True,False,True,False,True
train,20231210,20231210_3_02,3,부경,10,True,,0.0,0.0929950958696701,0.14375592636024426,0.13855596823920083,in_sample_diagnostic_only,False,False,False,False,True,False,True,False
train,20231210,20231210_3_03,3,부경,11,True,,0.0,0.0881879884823562,0.06982271092316644,0.10335205637722181,in_sample_diagnostic_only,False,False,False,False,False,True,False,True
train,20231210,20231210_3_04,3,부경,10,True,,0.0,0.2146780139647622,0.08645105237548084,0.11258169221975876,in_sample_diagnostic_only,False,False,False,False,False,False,False,True
train,20231210,20231210_3_05,3,부경,16,True,,0.0,0.0791616521602612,0.1743457504536571,0.15027759441713162,in_sample_diagnostic_only,True,False,True,False,True,False,True,False
train,20231210,20231210_3_06,3,부경,13,True,,0.0,0.033322337675568,0.06644641624652028,0.10132971697319697,in_sample_diagnostic_only,False,False,False,True,False,True,False,True
train,20231215,20231215_3_01,3,부경,12,True,,0.0,0.19042238152790147,0.07899902932104973,0.10858170862203409,in_sample_diagnostic_only,False,False,False,False,False,False,False,True
train,20231215,20231215_3_02,3,부경,12,True,,0.0,0.09760979638307479,0.07278952282970053,0.10508341724375361,in_sample_diagnostic_only,False,False,False,False,False,True,False,True
train,20231215,20231215_3_03,3,부경,11,True,,0.0,0.053079689956357604,0.06558724806810634,0.10080571570950175,in_sample_diagnostic_only,False,False,False,True,False,True,False,True
train,20231215,20231215_3_04,3,부경,11,True,,0.0,0.0640347969568354,0.05481628894657688,0.09386757780800467,in_sample_diagnostic_only,False,False,False,True,False,True,False,True
train,20231215,20231215_3_05,3,부경,11,True,,0.0,0.13948527919208278,0.10695486453377612,0.1226952986650574,in_sample_diagnostic_only,False,False,False,False,False,False,False,False
train,20231215,20231215_3_06,3,부경,11,True,,0.0,0.16519601538856102,0.13877664884909036,0.1365404131880091,in_sample_diagnostic_only,False,False,False,False,True,False,True,False
train,20231215,20231215_3_07,3,부경,11,True,,0.0,0.0993810248306724,0.14407844022785007,0.1386853419668177,in_sample_diagnostic_only,False,False,False,False,True,False,True,False
train,20231215,20231215_3_08,3,부경,11,True,,0.0,0.1315588893816446,0.07053597397822765,0.10377207516509682,in_sample_diagnostic_only,False,False,False,False,False,True,False,True
train,20231215,20231215_3_09,3,부경,10,True,,0.0,0.110067005498314,0.10523476888837983,0.12188949909352359,in_sample_diagnostic_only,False,False,False,False,False,False,False,False
train,20231216,20231216_1_01,1,서울,12,True,,0.0,0.060215136949663295,0.05647339053528497,0.09498375301876803,in_sample_diagnostic_only,False,False,False,True,False,True,False,True
train,20231216,20231216_1_02,1,서울,12,True,,0.0,0.0695518893430143,0.09114376688543357,0.11500293643414669,in_sample_diagnostic_only,False,False,False,False,False,False,False,False
train,20231216,20231216_1_03,1,서울,12,True,,0.0,0.06260227250103159,0.08302970272512883,0.11077017298521333,in_sample_diagnostic_only,False,False,False,False,False,False,False,True
train,20231216,20231216_1_04,1,서울,11,True,,0.0,0.0753866646973085,0.10022239864667581,0.11950044879378979,in_sample_diagnostic_only,False,False,False,False,False,False,False,False
train,20231216,20231216_1_05,1,서울,10,True,,0.0,0.17070260095738732,0.21907411071592345,0.1659165415846379,in_sample_diagnostic_only,True,False,True,False,True,False,True,False
train,20231216,20231216_1_06,1,서울,10,True,,1.0,0.1713535332056505,0.3238028845739277,0.1988458320502267,in_sample_diagnostic_only,True,False,True,False,True,False,True,False
train,20231216,20231216_1_07,1,서울,10,True,,0.0,0.0777552466511392,0.12302478279367059,0.12991663248299096,in_sample_diagnostic_only,False,False,False,False,False,False,True,False
train,20231216,20231216_1_08,1,서울,11,True,,1.0,0.1168644573655846,0.3459279157565662,0.2054788228960536,in_sample_diagnostic_only,True,False,True,False,True,False,True,False
train,20231216,20231216_1_09,1,서울,9,True,,0.0,0.26345031440665767,0.07157709938327647,0.10438083062215643,in_sample_diagnostic_only,False,False,False,False,False,True,False,True
train,20231216,20231216_1_10,1,서울,11,True,,1.0,0.1279267455247258,0.3215598283443808,0.19816997496027547,in_sample_diagnostic_only,True,False,True,False,True,False,True,False
train,20231216,20231216_1_11,1,서울,10,True,,0.0,0.1285428043368848,0.19239779738473817,0.156765330482165,in_sample_diagnostic_only,True,False,True,False,True,False,True,False
train,20231217,20231217_1_01,1,서울,11,True,,0.0,0.0709645490413949,0.06674443106663472,0.10151056284856737,in_sample_diagnostic_only,False,False,False,False,False,True,False,True
train,20231217,20231217_1_02,1,서울,11,True,,0.0,0.1387421068801445,0.09286723029340874,0.11587490023064119,in_sample_diagnostic_only,False,False,False,False,False,False,False,False
train,20231217,20231217_1_03,1,서울,11,True,,0.0,0.08740830206363169,0.08281929642631194,0.11065742264311465,in_sample_diagnostic_only,False,False,False,False,False,False,False,True
train,20231217,20231217_1_04,1,서울,11,True,,0.0,0.12749171985625551,0.07303720592180737,0.10522612571034783,in_sample_diagnostic_only,False,False,False,False,False,True,False,True
train,20231217,20231217_1_05,1,서울,10,True,,0.0,0.2119244408732684,0.13772891394382109,0.1361118334831846,in_sample_diagnostic_only,False,False,False,False,True,False,True,False
train,20231217,20231217_1_06,1,서울,10,True,,0.0,0.21524030182459408,0.08187400509122715,0.110148885016601,in_sample_diagnostic_only,False,False,False,False,False,False,False,True
train,20231217,20231217_1_07,1,서울,11,True,,0.0,0.16156978038445358,0.14941598164815875,0.14080661798241373,in_sample_diagnostic_only,False,False,True,False,True,False,True,False
train,20231217,20231217_1_08,1,서울,16,True,,0.0,0.037593034924483196,0.10281168660992661,0.12074237589071297,in_sample_diagnostic_only,False,False,False,False,False,False,False,False
train,20231217,20231217_1_09,1,서울,10,True,,0.0,0.1009428785465173,0.1514955110691961,0.1416232828964878,in_sample_diagnostic_only,False,False,True,False,True,False,True,False
train,20231217,20231217_1_10,1,서울,10,True,,1.0,0.21275119325005792,0.4356660665992941,0.23221435720458045,in_sample_diagnostic_only,True,False,True,False,True,False,True,False
train,20231217,20231217_1_11,1,서울,10,True,,0.0,0.20271990630261677,0.1788533948708105,0.15192344604590097,in_sample_diagnostic_only,True,False,True,False,True,False,True,False
train,20231217,20231217_3_01,3,부경,10,True,,0.0,0.1297740004127408,0.08870159742572241,0.11375169545280081,in_sample_diagnostic_only,False,False,False,False,False,False,False,False
train,20231217,20231217_3_02,3,부경,11,True,,0.0,0.0962082517598942,0.10394844695769352,0.12128231285754346,in_sample_diagnostic_only,False,False,False,False,False,False,False,False
train,20231217,20231217_3_03,3,부경,11,True,,1.0,0.1598705453587677,0.2803230027110216,0.1855785397088521,in_sample_diagnostic_only,True,False,True,False,True,False,True,False
train,20231217,20231217_3_04,3,부경,11,True,,1.0,0.19236670319544358,0.2932256124819047,0.189557799351456,in_sample_diagnostic_only,True,False,True,False,True,False,True,False
train,20231217,20231217_3_05,3,부경,11,True,,0.0,0.1686865598341972,0.1619801369782174,0.14566320424885815,in_sample_diagnostic_only,False,False,True,False,True,False,True,False
train,20231217,20231217_3_06,3,부경,11,True,,0.0,0.0996890559324329,0.10649561710601835,0.12248083665924303,in_sample_diagnostic_only,False,False,False,False,False,False,False,False
train,20231222,20231222_3_01,3,부경,11,True,,0.0,0.0869180937061922,0.08871796507470288,0.1137601441362631,in_sample_diagnostic_only,False,False,False,False,False,False,False,False
train,20231222,20231222_3_02,3,부경,9,True,,0.0,0.0626786344577761,0.07048876113410674,0.10374434818759101,in_sample_diagnostic_only,False,False,False,False,False,True,False,True
train,20231222,20231222_3_03,3,부경,9,True,,0.0,0.0942003339780859,0.07129156816916421,0.10421438357141945,in_sample_diagnostic_only,False,False,False,False,False,True,False,True
train,20231222,20231222_3_04,3,부경,10,True,,0.0,0.101083533595883,0.06501991297077755,0.1004575308095624,in_sample_diagnostic_only,False,False,False,True,False,True,False,True
train,20231222,20231222_3_05,3,부경,9,True,,0.0,0.1192140699980751,0.10174156627793017,0.12023116274680358,in_sample_diagnostic_only,False,False,False,False,False,False,False,False
train,20231222,20231222_3_06,3,부경,10,True,,0.0,0.1218353541105672,0.1041157827791547,0.12136152682865553,in_sample_diagnostic_only,False,False,False,False,False,False,False,False
train,20231222,20231222_3_07,3,부경,11,True,,1.0,0.2151547666981023,0.35642396825282896,0.2086092769650233,in_sample_diagnostic_only,True,False,True,False,True,False,True,False
train,20231222,20231222_3_08,3,부경,10,True,,0.0,0.2321299209205597,0.10543053172965362,0.12198155804470753,in_sample_diagnostic_only,False,False,False,False,False,False,False,False
train,20231223,20231223_1_01,1,서울,11,True,,0.0,0.065041120393335,0.08745696044116427,0.11310669606667939,in_sample_diagnostic_only,False,False,False,False,False,False,False,True
train,20231223,20231223_1_02,1,서울,11,True,,0.0,0.1192304781771436,0.04147320850445792,0.08404937830879887,in_sample_diagnostic_only,False,True,False,True,False,True,False,True
train,20231223,20231223_1_03,1,서울,9,True,,0.0,0.08530379550496589,0.06972997495973918,0.1032972671126232,in_sample_diagnostic_only,False,False,False,False,False,True,False,True
train,20231223,20231223_1_04,1,서울,11,True,,0.0,0.1084046453128874,0.1239570172407212,0.130320127031134,in_sample_diagnostic_only,False,False,False,False,False,False,True,False
train,20231223,20231223_1_05,1,서울,10,True,,0.0,0.1531990927979845,0.10226533230049913,0.12048173224225862,in_sample_diagnostic_only,False,False,False,False,False,False,False,False
train,20231223,20231223_1_06,1,서울,9,True,,1.0,0.121110435673081,0.3476894477617063,0.20600477782059126,in_sample_diagnostic_only,True,False,True,False,True,False,True,False
train,20231223,20231223_1_07,1,서울,9,True,,1.0,0.21902231468527789,0.43764904626716483,0.23280978059521917,in_sample_diagnostic_only,True,False,True,False,True,False,True,False
train,20231224,20231224_1_01,1,서울,11,True,,0.0,0.0516245542025153,0.060154163328429,0.09739636678246166,in_sample_diagnostic_only,False,False,False,True,False,True,False,True
train,20231224,20231224_1_02,1,서울,10,True,,0.0,0.14493407654461982,0.060885974499162575,0.0978657115601614,in_sample_diagnostic_only,False,False,False,True,False,True,False,True
train,20231224,20231224_1_03,1,서울,10,True,,0.0,0.1453956444080397,0.16203335187856227,0.14568339568337482,in_sample_diagnostic_only,False,False,True,False,True,False,True,False
train,20231224,20231224_1_04,1,서울,10,True,,0.0,0.2557537654007681,0.09729562965334763,0.11807565638994477,in_sample_diagnostic_only,False,False,False,False,False,False,False,False
train,20231224,20231224_1_05,1,서울,11,True,,0.0,0.2273919783484206,0.13466787375777747,0.13485043279374018,in_sample_diagnostic_only,False,False,False,False,True,False,True,False
train,20231224,20231224_1_06,1,서울,9,True,,0.0,0.0759069893692431,0.1553369250712918,0.14311810530649882,in_sample_diagnostic_only,False,False,True,False,True,False,True,False
train,20231224,20231224_1_07,1,서울,12,True,,0.0,0.1969176096831751,0.07532231844357899,0.10652997886447092,in_sample_diagnostic_only,False,False,False,False,False,True,False,True
train,20231224,20231224_3_01,3,부경,11,True,,0.0,0.1213811147996288,0.050640557546483424,0.090964005048894,in_sample_diagnostic_only,False,True,False,True,False,True,False,True
train,20231224,20231224_3_02,3,부경,9,True,,0.0,0.11728256809072359,0.040920397800916664,0.08360448746911817,in_sample_diagnostic_only,False,True,False,True,False,True,False,True
train,20231224,20231224_3_03,3,부경,11,True,,0.0,0.12083714542333102,0.05689444919168389,0.0952643028251303,in_sample_diagnostic_only,False,False,False,True,False,True,False,True
train,20231224,20231224_3_04,3,부경,10,True,,0.0,0.14091846297052252,0.07703657228911458,0.1074934633551388,in_sample_diagnostic_only,False,False,False,False,False,True,False,True
train,20231224,20231224_3_05,3,부경,11,True,,0.0,0.1274440389586878,0.10910017249285679,0.12369072272980047,in_sample_diagnostic_only,False,False,False,False,False,False,False,False
train,20231224,20231224_3_06,3,부경,10,True,,0.0,0.2712941837562185,0.10988572455643737,0.12405262906357402,in_sample_diagnostic_only,False,False,False,False,False,False,False,False
train,20231224,20231224_3_07,3,부경,11,True,,0.0,0.1565671934420208,0.05039742087159438,0.09079066780517622,in_sample_diagnostic_only,False,True,False,True,False,True,False,True
train,20231224,20231224_3_08,3,부경,11,True,,0.0,0.142177990464505,0.09584537984363208,0.11736105265702222,in_sample_diagnostic_only,False,False,False,False,False,False,False,False
train,20231224,20231224_3_09,3,부경,11,True,,0.0,0.1732926611151842,0.15754717470597196,0.14397036555860626,in_sample_diagnostic_only,False,False,True,False,True,False,True,False
train,20231224,20231224_3_10,3,부경,10,True,,0.0,0.0960870770090698,0.07276825170019968,0.10507114850845047,in_sample_diagnostic_only,False,False,False,False,False,True,False,True
train,20231225,20231225_1_01,1,서울,11,True,,0.0,0.09719554775277481,0.049620130667838006,0.09023318580058286,in_sample_diagnostic_only,False,True,False,True,False,True,False,True
train,20231225,20231225_1_02,1,서울,11,True,,0.0,0.05517139090885241,0.07598908659012071,0.10690619010655102,in_sample_diagnostic_only,False,False,False,False,False,True,False,True
train,20231225,20231225_1_03,1,서울,11,True,,0.0,0.06813470031206939,0.11574167433347395,0.12670874145627128,in_sample_diagnostic_only,False,False,False,False,False,False,True,False
train,20231225,20231225_1_04,1,서울,11,True,,1.0,0.1363025912865907,0.2575484508456942,0.17843781143122436,in_sample_diagnostic_only,True,False,True,False,True,False,True,False
train,20231225,20231225_1_05,1,서울,9,True,,0.0,0.1882806522007509,0.061509447983520406,0.09826299638954042,in_sample_diagnostic_only,False,False,False,True,False,True,False,True
train,20231225,20231225_1_06,1,서울,10,True,,0.0,0.19093964592512538,0.19982845849778988,0.15936174826820482,in_sample_diagnostic_only,True,False,True,False,True,False,True,False
train,20231225,20231225_1_07,1,서울,11,True,,0.0,0.0760071065181125,0.10615010390524532,0.1223191630024968,in_sample_diagnostic_only,False,False,False,False,False,False,False,False
train,20231225,20231225_1_08,1,서울,11,True,,0.0,0.1352806896685128,0.10311615102810402,0.12088730180064701,in_sample_diagnostic_only,False,False,False,False,False,False,False,False
train,20231225,20231225_1_09,1,서울,10,True,,0.0,0.16116083689229233,0.14029044602557136,0.13715685087138346,in_sample_diagnostic_only,False,False,False,False,True,False,True,False
train,20231225,20231225_1_10,1,서울,9,True,,0.0,0.1549753306942213,0.12297182559416178,0.12989366454429163,in_sample_diagnostic_only,False,False,False,False,False,False,True,False
train,20231225,20231225_1_11,1,서울,11,True,,0.0,0.08699531816442281,0.06328327843264517,0.0993806932050416,in_sample_diagnostic_only,False,False,False,True,False,True,False,True
train,20231225,20231225_1_12,1,서울,11,True,,1.0,0.17351410167345768,0.41020213243886955,0.22460226300499692,in_sample_diagnostic_only,True,False,True,False,True,False,True,False
train,20231229,20231229_3_01,3,부경,12,True,,0.0,0.17945833549732798,0.05915314384511763,0.0967489572162395,in_sample_diagnostic_only,False,False,False,True,False,True,False,True
train,20231229,20231229_3_02,3,부경,11,True,,1.0,0.0523065671719459,0.14777951695030736,0.1401601521891614,in_sample_diagnostic_only,False,False,True,False,True,False,True,False
train,20231229,20231229_3_03,3,부경,11,True,,0.0,0.09310874785320081,0.05542937322035309,0.09428280689117699,in_sample_diagnostic_only,False,False,False,True,False,True,False,True
train,20231229,20231229_3_04,3,부경,11,True,,0.0,0.0873404509667901,0.09779876102434733,0.11832222093953168,in_sample_diagnostic_only,False,False,False,False,False,False,False,False
train,20231229,20231229_3_05,3,부경,10,True,,0.0,0.2568315984486233,0.15341828118776996,0.14237369166958114,in_sample_diagnostic_only,False,False,True,False,True,False,True,False
train,20231229,20231229_3_06,3,부경,11,True,,0.0,0.1608121844385911,0.16863713695790142,0.14816619224928154,in_sample_diagnostic_only,False,False,True,False,True,False,True,False
train,20231229,20231229_3_07,3,부경,11,True,,0.0,0.178465020910018,0.1246245944610621,0.13060812244212608,in_sample_diagnostic_only,False,False,False,False,False,False,True,False
train,20231229,20231229_3_08,3,부경,11,True,,0.0,0.1799366481871062,0.08401012371498941,0.11129346083906169,in_sample_diagnostic_only,False,False,False,False,False,False,False,True
train,20231229,20231229_3_09,3,부경,9,True,,0.0,0.09701390994150291,0.08117856181993797,0.10977265806739041,in_sample_diagnostic_only,False,False,False,False,False,False,False,True
train,20231230,20231230_1_01,1,서울,11,True,,0.0,0.0732772544179516,0.04917692229183839,0.08991299930127714,in_sample_diagnostic_only,False,True,False,True,False,True,False,True
train,20231230,20231230_1_02,1,서울,11,True,,0.0,0.08997613527096471,0.07556529658576802,0.10666729211456816,in_sample_diagnostic_only,False,False,False,False,False,True,False,True
train,20231230,20231230_1_03,1,서울,11,True,,0.0,0.16255089471556702,0.06684508425991367,0.10157153781416568,in_sample_diagnostic_only,False,False,False,False,False,True,False,True
train,20231230,20231230_1_04,1,서울,11,True,,0.0,0.1387501843249988,0.09745966882553805,0.11815612114930718,in_sample_diagnostic_only,False,False,False,False,False,False,False,False
train,20231230,20231230_1_05,1,서울,11,True,,1.0,0.1973621380667507,0.3495842165473738,0.20657023546959988,in_sample_diagnostic_only,True,False,True,False,True,False,True,False
train,20231230,20231230_1_06,1,서울,11,True,,0.0,0.135211544015621,0.20335759911890192,0.16058134623951772,in_sample_diagnostic_only,True,False,True,False,True,False,True,False
train,20231230,20231230_1_07,1,서울,11,True,,0.0,0.15892112582345,0.1024128509089313,0.12055218081819442,in_sample_diagnostic_only,False,False,False,False,False,False,False,False
train,20231230,20231230_1_08,1,서울,10,True,,0.0,0.1659390001822493,0.16019246900083242,0.14498313296813362,in_sample_diagnostic_only,False,False,True,False,True,False,True,False
train,20231230,20231230_1_09,1,서울,10,True,,0.0,0.1724622028695127,0.12349780904136351,0.13012156420502366,in_sample_diagnostic_only,False,False,False,False,False,False,True,False
train,20231230,20231230_1_10,1,서울,10,True,,0.0,0.1797025864013784,0.15382239353271598,0.14253084356665122,in_sample_diagnostic_only,False,False,True,False,True,False,True,False
train,20231230,20231230_1_11,1,서울,10,True,,0.0,0.1856458220230395,0.15105607658871775,0.14145115389760696,in_sample_diagnostic_only,False,False,True,False,True,False,True,False
train,20231231,20231231_1_01,1,서울,12,True,,0.0,0.0691905835480659,0.11569341007463817,0.12668714049512025,in_sample_diagnostic_only,False,False,False,False,False,False,True,False
train,20231231,20231231_1_02,1,서울,10,True,,0.0,0.1766987072948457,0.07847732471428949,0.10829390685891233,in_sample_diagnostic_only,False,False,False,False,False,False,False,True
train,20231231,20231231_1_03,1,서울,11,True,,0.0,0.1289297460447683,0.11651380829612422,0.12705368069834008,in_sample_diagnostic_only,False,False,False,False,False,False,True,False
train,20231231,20231231_1_04,1,서울,11,True,,0.0,0.09323737383398911,0.1097408056289102,0.12398596732401654,in_sample_diagnostic_only,False,False,False,False,False,False,False,False
train,20231231,20231231_1_05,1,서울,11,True,,0.0,0.1523090043135323,0.07330890142705898,0.10538235334177391,in_sample_diagnostic_only,False,False,False,False,False,True,False,True
train,20231231,20231231_1_06,1,서울,10,True,,0.0,0.3419723794315145,0.08680456873842872,0.11276658325102522,in_sample_diagnostic_only,False,False,False,False,False,False,False,True
train,20231231,20231231_1_07,1,서울,10,True,,0.0,0.18809335226293392,0.09912203581911462,0.11896744712638402,in_sample_diagnostic_only,False,False,False,False,False,False,False,False
train,20231231,20231231_1_08,1,서울,8,True,,0.0,0.206777019134856,0.0894921559375347,0.1141587898312212,in_sample_diagnostic_only,False,False,False,False,False,False,False,False
train,20231231,20231231_1_09,1,서울,10,True,,0.0,0.1241297842880251,0.08033789273461342,0.1093154473149134,in_sample_diagnostic_only,False,False,False,False,False,False,False,True
train,20231231,20231231_1_10,1,서울,10,True,,0.0,0.11731801489306841,0.11761576430488402,0.12754391645990215,in_sample_diagnostic_only,False,False,False,False,False,False,True,False
train,20231231,20231231_1_11,1,서울,11,True,,0.0,0.1803346907906871,0.07367206277407036,0.1055906617202274,in_sample_diagnostic_only,False,False,False,False,False,True,False,True
train,20231231,20231231_3_01,3,부경,11,True,,0.0,0.0887828235092248,0.09015921034851031,0.11450074774426945,in_sample_diagnostic_only,False,False,False,False,False,False,False,False
train,20231231,20231231_3_02,3,부경,10,True,,0.0,0.14757223984350068,0.07888397036304119,0.10851832772401371,in_sample_diagnostic_only,False,False,False,False,False,False,False,True
train,20231231,20231231_3_03,3,부경,11,True,,0.0,0.112811130259651,0.07024520628065849,0.10360114540370682,in_sample_diagnostic_only,False,False,False,False,False,True,False,True
train,20231231,20231231_3_04,3,부경,11,True,,0.0,0.10603525667079121,0.06598061078611847,0.10104611260036005,in_sample_diagnostic_only,False,False,False,True,False,True,False,True
train,20231231,20231231_3_05,3,부경,11,True,,0.0,0.1365499042561787,0.10504074944950235,0.12179816995751051,in_sample_diagnostic_only,False,False,False,False,False,False,False,False
train,20231231,20231231_3_06,3,부경,11,True,,0.0,0.1951663145606336,0.08582175448979068,0.11225152580271495,in_sample_diagnostic_only,False,False,False,False,False,False,False,True
train,20240105,20240105_3_01,3,부경,12,True,,0.0,0.1254019740245541,0.0848917535149653,0.11176112280803022,in_sample_diagnostic_only,False,False,False,False,False,False,False,True
train,20240105,20240105_3_02,3,부경,11,True,,1.0,0.0993391203344856,0.2567396922546994,0.17818105328578554,in_sample_diagnostic_only,True,False,True,False,True,False,True,False
train,20240105,20240105_3_03,3,부경,11,True,,0.0,0.1316632904650027,0.07964652241845921,0.1089374199172458,in_sample_diagnostic_only,False,False,False,False,False,False,False,True
train,20240105,20240105_3_04,3,부경,11,True,,0.0,0.0935805604143246,0.11785514558493479,0.127650097123432,in_sample_diagnostic_only,False,False,False,False,False,False,True,False
train,20240105,20240105_3_05,3,부경,11,True,,1.0,0.0873604331403683,0.410690462452497,0.22474776732597374,in_sample_diagnostic_only,True,False,True,False,True,False,True,False
train,20240105,20240105_3_06,3,부경,11,True,,1.0,0.22275096167827152,0.5905603880242019,0.28147931050254293,in_sample_diagnostic_only,True,False,True,False,True,False,True,False
train,20240105,20240105_3_07,3,부경,11,True,,0.0,0.1204390056486658,0.1663016219037839,0.14729321956831318,in_sample_diagnostic_only,False,False,True,False,True,False,True,False
train,20240105,20240105_3_08,3,부경,11,True,,1.0,0.1886812595576144,0.3268524490874415,0.1997635602997068,in_sample_diagnostic_only,True,False,True,False,True,False,True,False
train,20240106,20240106_1_01,1,서울,12,True,,0.0,0.1048064777644662,0.13093120243537867,0.1332912043276379,in_sample_diagnostic_only,False,False,False,False,True,False,True,False
train,20240106,20240106_1_02,1,서울,10,True,,0.0,0.057972968861411,0.05503710559410919,0.09401744439566592,in_sample_diagnostic_only,False,False,False,True,False,True,False,True
train,20240106,20240106_1_04,1,서울,11,True,,0.0,0.0970408566265574,0.15257745373698714,0.14204608540573496,in_sample_diagnostic_only,False,False,True,False,True,False,True,False
train,20240106,20240106_1_05,1,서울,8,True,,1.0,0.2826647504451935,0.30830031070826047,0.19415848855236637,in_sample_diagnostic_only,True,False,True,False,True,False,True,False
train,20240106,20240106_1_06,1,서울,11,True,,0.0,0.3021422852652288,0.1396735129219408,0.13690602191034304,in_sample_diagnostic_only,False,False,False,False,True,False,True,False
train,20240106,20240106_1_07,1,서울,10,True,,1.0,0.1530471573736666,0.3905621625439029,0.2187593589742368,in_sample_diagnostic_only,True,False,True,False,True,False,True,False
train,20240106,20240106_1_08,1,서울,9,True,,0.0,0.20428671473285903,0.0860340579682296,0.11236306225180859,in_sample_diagnostic_only,False,False,False,False,False,False,False,True
train,20240106,20240106_1_09,1,서울,9,True,,0.0,0.0984266968823016,0.09898203867246368,0.1188994058621467,in_sample_diagnostic_only,False,False,False,False,False,False,False,False
train,20240106,20240106_1_10,1,서울,8,True,,0.0,0.1840868848547229,0.06645960040946908,0.10133772743904157,in_sample_diagnostic_only,False,False,False,True,False,True,False,True
train,20240106,20240106_1_11,1,서울,9,True,,1.0,0.19436708802591207,0.3061814258126789,0.19351460184607952,in_sample_diagnostic_only,True,False,True,False,True,False,True,False
train,20240107,20240107_1_01,1,서울,9,True,,0.0,0.1092962293291965,0.0754099795526076,0.10657954730893753,in_sample_diagnostic_only,False,False,False,False,False,True,False,True
train,20240107,20240107_1_02,1,서울,11,True,,0.0,0.0565890802520968,0.044350815057267234,0.08630989855327634,in_sample_diagnostic_only,False,True,False,True,False,True,False,True
train,20240107,20240107_1_03,1,서울,11,True,,0.0,0.0985007205575896,0.03587600827285495,0.07936721948694166,in_sample_diagnostic_only,False,True,False,True,False,True,False,True
train,20240107,20240107_1_04,1,서울,8,True,,0.0,0.102248573361872,0.1002492699236236,0.11951342534419988,in_sample_diagnostic_only,False,False,False,False,False,False,False,False
train,20240107,20240107_1_05,1,서울,8,True,,0.0,0.1980465649989592,0.16699510553233374,0.14755300214685285,in_sample_diagnostic_only,False,False,True,False,True,False,True,False
train,20240107,20240107_1_06,1,서울,9,True,,0.0,0.136397862661448,0.14646061375974226,0.1396366466646753,in_sample_diagnostic_only,False,False,True,False,True,False,True,False
train,20240107,20240107_1_07,1,서울,9,True,,0.0,0.1159271811894807,0.060772136478267895,0.09779291798688575,in_sample_diagnostic_only,False,False,False,True,False,True,False,True
train,20240107,20240107_1_08,1,서울,9,True,,0.0,0.09294988837277221,0.1995892097145573,0.1592787613479243,in_sample_diagnostic_only,True,False,True,False,True,False,True,False
train,20240107,20240107_1_09,1,서울,11,True,,0.0,0.17340290182671908,0.09470609708271083,0.11679554420736633,in_sample_diagnostic_only,False,False,False,False,False,False,False,False
train,20240107,20240107_1_10,1,서울,10,True,,0.0,0.3064857899074258,0.13975960129317305,0.1369410556136324,in_sample_diagnostic_only,False,False,False,False,True,False,True,False
train,20240107,20240107_1_11,1,서울,10,True,,0.0,0.23994345615075482,0.10568521251688298,0.12210118752133696,in_sample_diagnostic_only,False,False,False,False,False,False,False,False
train,20240107,20240107_3_01,3,부경,10,True,,0.0,0.14905295452253672,0.07996899712697171,0.10911397087393562,in_sample_diagnostic_only,False,False,False,False,False,False,False,True
train,20240107,20240107_3_02,3,부경,11,True,,0.0,0.07531196467226259,0.06766136828775442,0.10206409930550175,in_sample_diagnostic_only,False,False,False,False,False,True,False,True
train,20240107,20240107_3_03,3,부경,11,True,,0.0,0.11241966346469419,0.14279527159394123,0.13816977674698688,in_sample_diagnostic_only,False,False,False,False,True,False,True,False
train,20240107,20240107_3_04,3,부경,11,True,,0.0,0.2516962948642959,0.1863697694814989,0.15462872796908597,in_sample_diagnostic_only,True,False,True,False,True,False,True,False
train,20240107,20240107_3_05,3,부경,11,True,,0.0,0.15299403333502987,0.10667464031388191,0.12256449621727303,in_sample_diagnostic_only,False,False,False,False,False,False,False,False
train,20240107,20240107_3_06,3,부경,11,True,,1.0,0.13268884719202909,0.3126760747106502,0.19548559175268926,in_sample_diagnostic_only,True,False,True,False,True,False,True,False
train,20240112,20240112_3_01,3,부경,11,True,,0.0,0.12598960113669821,0.04799662787534373,0.0890519060956653,in_sample_diagnostic_only,False,True,False,True,False,True,False,True
train,20240112,20240112_3_02,3,부경,11,True,,0.0,0.073882935955057,0.07675035746126158,0.10733344717963297,in_sample_diagnostic_only,False,False,False,False,False,True,False,True
train,20240112,20240112_3_03,3,부경,11,True,,0.0,0.0840490910729757,0.10948193326266237,0.12386677217804005,in_sample_diagnostic_only,False,False,False,False,False,False,False,False
train,20240112,20240112_3_04,3,부경,12,True,,0.0,0.12002357551384088,0.1084937420885887,0.12341039659993258,in_sample_diagnostic_only,False,False,False,False,False,False,False,False
train,20240112,20240112_3_05,3,부경,10,True,,0.0,0.2295084423373943,0.09046902166500266,0.11465909553146257,in_sample_diagnostic_only,False,False,False,False,False,False,False,False
train,20240112,20240112_3_06,3,부경,8,True,,1.0,0.1334367232829141,0.3369069886272783,0.20278095007903682,in_sample_diagnostic_only,True,False,True,False,True,False,True,False
train,20240112,20240112_3_07,3,부경,10,True,,0.0,0.2081632484972748,0.21710188090652793,0.16525512025413414,in_sample_diagnostic_only,True,False,True,False,True,False,True,False
train,20240112,20240112_3_08,3,부경,11,True,,0.0,0.1158648883374766,0.06793403812854173,0.10222787258632093,in_sample_diagnostic_only,False,False,False,False,False,True,False,True
train,20240113,20240113_1_01,1,서울,12,True,,0.0,0.0985168306485702,0.04588065310802751,0.08747619986860661,in_sample_diagnostic_only,False,True,False,True,False,True,False,True
train,20240113,20240113_1_02,1,서울,11,True,,0.0,0.0456515432417032,0.055687749812484685,0.09445699387966132,in_sample_diagnostic_only,False,False,False,True,False,True,False,True
train,20240113,20240113_1_04,1,서울,11,True,,0.0,0.1196358733007094,0.07581291100579537,0.1068069685693148,in_sample_diagnostic_only,False,False,False,False,False,True,False,True
train,20240113,20240113_1_05,1,서울,11,True,,0.0,0.09897230872976019,0.054712759961270584,0.09379719159200121,in_sample_diagnostic_only,False,False,False,True,False,True,False,True
train,20240113,20240113_1_06,1,서울,11,True,,0.0,0.0652444136575282,0.07243145582233561,0.1048766191988783,in_sample_diagnostic_only,False,False,False,False,False,True,False,True
train,20240113,20240113_1_07,1,서울,9,True,,0.0,0.1150980368313139,0.11306216327068573,0.1255023256195081,in_sample_diagnostic_only,False,False,False,False,False,False,True,False
train,20240113,20240113_1_08,1,서울,9,True,,0.0,0.1095484851445831,0.08099988721611391,0.10967570601637618,in_sample_diagnostic_only,False,False,False,False,False,False,False,True
train,20240113,20240113_1_09,1,서울,11,True,,0.0,0.11746116433941829,0.21202033467215528,0.1635405916839663,in_sample_diagnostic_only,True,False,True,False,True,False,True,False
train,20240113,20240113_1_10,1,서울,10,True,,0.0,0.1817745437734065,0.1006392057812288,0.11970152098495268,in_sample_diagnostic_only,False,False,False,False,False,False,False,False
train,20240113,20240113_1_11,1,서울,11,True,,0.0,0.23006845113506472,0.10516351402389716,0.12185596832112905,in_sample_diagnostic_only,False,False,False,False,False,False,False,False
train,20240114,20240114_1_01,1,서울,10,True,,0.0,0.0568774253349212,0.07414075722118788,0.10585864338937377,in_sample_diagnostic_only,False,False,False,False,False,True,False,True
train,20240114,20240114_1_02,1,서울,11,True,,0.0,0.098304452206024,0.06089110131597846,0.09786898803578899,in_sample_diagnostic_only,False,False,False,True,False,True,False,True
train,20240114,20240114_1_03,1,서울,9,True,,0.0,0.1670094018546447,0.15349868989081158,0.14240497659523635,in_sample_diagnostic_only,False,False,True,False,True,False,True,False
train,20240114,20240114_1_04,1,서울,11,True,,0.0,0.1334424014440255,0.07655199141234553,0.10722234743596276,in_sample_diagnostic_only,False,False,False,False,False,True,False,True
train,20240114,20240114_1_05,1,서울,8,True,,0.0,0.1299267145483942,0.10499299814260885,0.12177567860898733,in_sample_diagnostic_only,False,False,False,False,False,False,False,False
train,20240114,20240114_1_06,1,서울,8,True,,0.0,0.2409905218835611,0.07610115804860283,0.10696924070449415,in_sample_diagnostic_only,False,False,False,False,False,True,False,True
train,20240114,20240114_1_07,1,서울,10,True,,0.0,0.2027934651656742,0.09347940103197205,0.11618248518265241,in_sample_diagnostic_only,False,False,False,False,False,False,False,False
train,20240114,20240114_1_08,1,서울,11,True,,0.0,0.1927595232698252,0.08763000618418364,0.11319667461863862,in_sample_diagnostic_only,False,False,False,False,False,False,False,True
train,20240114,20240114_1_09,1,서울,11,True,,0.0,0.15224100463648882,0.038204837445242466,0.0813650680626545,in_sample_diagnostic_only,False,True,False,True,False,True,False,True
train,20240114,20240114_3_01,3,부경,11,True,,0.0,0.0923588617172094,0.06601479000119566,0.10106696162457512,in_sample_diagnostic_only,False,False,False,True,False,True,False,True
train,20240114,20240114_3_02,3,부경,11,True,,1.0,0.09508116605754288,0.2501111975580974,0.17606745555863426,in_sample_diagnostic_only,True,False,True,False,True,False,True,False
train,20240114,20240114_3_03,3,부경,8,True,,0.0,0.09399763889100209,0.08789331695823382,0.11333339996332503,in_sample_diagnostic_only,False,False,False,False,False,False,False,True
train,20240114,20240114_3_04,3,부경,8,True,,0.0,0.1546534501994608,0.094497227073366,0.11669146573053474,in_sample_diagnostic_only,False,False,False,False,False,False,False,False
train,20240114,20240114_3_05,3,부경,8,True,,0.0,0.1848627121388901,0.09071647929341108,0.1147853596427677,in_sample_diagnostic_only,False,False,False,False,False,False,False,False
train,20240114,20240114_3_06,3,부경,11,True,,0.0,0.0611349800396991,0.15164564788085985,0.14168203832303677,in_sample_diagnostic_only,False,False,True,False,True,False,True,False
train,20240114,20240114_3_07,3,부경,11,True,,0.0,0.1131290682021744,0.12206289685869133,0.12949866485291134,in_sample_diagnostic_only,False,False,False,False,False,False,True,False
train,20240114,20240114_3_08,3,부경,11,True,,1.0,0.156634989376446,0.25956638121647346,0.17907741735410498,in_sample_diagnostic_only,True,False,True,False,True,False,True,False
train,20240119,20240119_3_01,3,부경,12,True,,0.0,0.0699440860943485,0.07112663986150121,0.10411806725989158,in_sample_diagnostic_only,False,False,False,False,False,True,False,True
train,20240119,20240119_3_02,3,부경,11,True,,0.0,0.1167265588363092,0.04343234352823037,0.08559814756129644,in_sample_diagnostic_only,False,True,False,True,False,True,False,True
train,20240119,20240119_3_03,3,부경,11,True,,0.0,0.1551962162494739,0.07904827292100754,0.10860881888045758,in_sample_diagnostic_only,False,False,False,False,False,False,False,True
train,20240119,20240119_3_04,3,부경,11,True,,0.0,0.0946685862242306,0.1371835238497726,0.13588810654364505,in_sample_diagnostic_only,False,False,False,False,True,False,True,False
train,20240119,20240119_3_05,3,부경,11,True,,0.0,0.1733311952159977,0.08251875462577506,0.11049609369415683,in_sample_diagnostic_only,False,False,False,False,False,False,False,True
train,20240119,20240119_3_06,3,부경,11,True,,0.0,0.1649614045765871,0.19135713085551234,0.15639847148162542,in_sample_diagnostic_only,True,False,True,False,True,False,True,False
train,20240119,20240119_3_07,3,부경,11,True,,0.0,0.112811687218978,0.12997100205826603,0.13288696176853512,in_sample_diagnostic_only,False,False,False,False,True,False,True,False
train,20240119,20240119_3_08,3,부경,11,True,,0.0,0.2398448319839025,0.08818706374357202,0.11348566246912863,in_sample_diagnostic_only,False,False,False,False,False,False,False,True
train,20240120,20240120_1_01,1,서울,11,True,,0.0,0.0917388177966625,0.04987250993026511,0.09041475712926594,in_sample_diagnostic_only,False,True,False,True,False,True,False,True
train,20240120,20240120_1_02,1,서울,10,True,,0.0,0.0922988272404348,0.047046708252335596,0.08834973330351249,in_sample_diagnostic_only,False,True,False,True,False,True,False,True
train,20240120,20240120_1_03,1,서울,11,True,,0.0,0.10938812277061549,0.1271373769379433,0.1316851876640307,in_sample_diagnostic_only,False,False,False,False,True,False,True,False
train,20240120,20240120_1_04,1,서울,12,True,,0.0,0.10592516921407871,0.0647185304128843,0.10027185353919851,in_sample_diagnostic_only,False,False,False,True,False,True,False,True
train,20240120,20240120_1_05,1,서울,11,True,,0.0,0.11563492151751659,0.10697253352838858,0.122703540062079,in_sample_diagnostic_only,False,False,False,False,False,False,False,False
train,20240120,20240120_1_06,1,서울,10,True,,0.0,0.073745759556217,0.08916334369200721,0.11398971132186296,in_sample_diagnostic_only,False,False,False,False,False,False,False,False
train,20240120,20240120_1_07,1,서울,10,True,,0.0,0.20153515976408667,0.07528379559276153,0.10650818557970015,in_sample_diagnostic_only,False,False,False,False,False,True,False,True
train,20240120,20240120_1_08,1,서울,11,True,,0.0,0.1669988562700202,0.1262611268926813,0.1313108314662073,in_sample_diagnostic_only,False,False,False,False,True,False,True,False
train,20240120,20240120_1_09,1,서울,11,True,,0.0,0.15861027002265188,0.10165999331762071,0.12019207602894091,in_sample_diagnostic_only,False,False,False,False,False,False,False,False
train,20240120,20240120_1_10,1,서울,10,True,,0.0,0.1176176404104442,0.10723951245058093,0.12282798000046945,in_sample_diagnostic_only,False,False,False,False,False,False,False,False
train,20240120,20240120_1_11,1,서울,11,True,,1.0,0.21013265424203673,0.3932137586199499,0.21954745710099063,in_sample_diagnostic_only,True,False,True,False,True,False,True,False
train,20240121,20240121_1_01,1,서울,9,True,,0.0,0.109951518399592,0.06396776296496855,0.09980713608663658,in_sample_diagnostic_only,False,False,False,True,False,True,False,True
train,20240121,20240121_1_02,1,서울,11,True,,0.0,0.0694739711229756,0.07438700492316473,0.10599905324053947,in_sample_diagnostic_only,False,False,False,False,False,True,False,True
train,20240121,20240121_1_03,1,서울,8,True,,0.0,0.1309154948539887,0.08886167086701027,0.11383428556646244,in_sample_diagnostic_only,False,False,False,False,False,False,False,False
train,20240121,20240121_1_04,1,서울,11,True,,0.0,0.11847138512594818,0.06335086138198623,0.09942291655628487,in_sample_diagnostic_only,False,False,False,True,False,True,False,True
train,20240121,20240121_1_05,1,서울,11,True,,0.0,0.07869855501784981,0.08687429930937089,0.11280300344297844,in_sample_diagnostic_only,False,False,False,False,False,False,False,True
train,20240121,20240121_1_06,1,서울,10,True,,0.0,0.1472328141705949,0.24320253928311536,0.17384600869388933,in_sample_diagnostic_only,True,False,True,False,True,False,True,False
train,20240121,20240121_1_07,1,서울,11,True,,0.0,0.0634592460815088,0.08157297295812396,0.10998625044702355,in_sample_diagnostic_only,False,False,False,False,False,False,False,True
train,20240121,20240121_1_08,1,서울,10,True,,0.0,0.2025497584735769,0.15754221695030504,0.14396846010850567,in_sample_diagnostic_only,False,False,True,False,True,False,True,False
train,20240121,20240121_1_09,1,서울,10,True,,0.0,0.1886054747868478,0.12916256062704126,0.132545447195018,in_sample_diagnostic_only,False,False,False,False,True,False,True,False
train,20240121,20240121_1_10,1,서울,9,True,,0.0,0.11364730913204191,0.13163880735855032,0.13358815653272665,in_sample_diagnostic_only,False,False,False,False,True,False,True,False
train,20240121,20240121_3_01,3,부경,11,True,,0.0,0.0640102394820412,0.04525702896098708,0.08700360256281994,in_sample_diagnostic_only,False,True,False,True,False,True,False,True
train,20240121,20240121_3_02,3,부경,11,True,,0.0,0.0907318094043286,0.11419394288890264,0.126013694013479,in_sample_diagnostic_only,False,False,False,False,False,False,True,False
train,20240121,20240121_3_03,3,부경,11,True,,1.0,0.1156200770907613,0.20298846049915936,0.16045417243017612,in_sample_diagnostic_only,True,False,True,False,True,False,True,False
train,20240121,20240121_3_04,3,부경,11,True,,0.0,0.1127563157971852,0.06162022790463452,0.09833334185567258,in_sample_diagnostic_only,False,False,False,True,False,True,False,True
train,20240121,20240121_3_05,3,부경,11,True,,0.0,0.1589673183332418,0.15239158030611477,0.14197355029951528,in_sample_diagnostic_only,False,False,True,False,True,False,True,False
train,20240121,20240121_3_06,3,부경,11,True,,0.0,0.24138303127961327,0.16729171142698726,0.14766396418107153,in_sample_diagnostic_only,False,False,True,False,True,False,True,False
train,20240126,20240126_3_01,3,부경,11,True,,1.0,0.0636282686507609,0.24711060735879628,0.1751050366461777,in_sample_diagnostic_only,True,False,True,False,True,False,True,False
train,20240126,20240126_3_02,3,부경,11,True,,0.0,0.07988845361464589,0.08991031538790023,0.11437331796709876,in_sample_diagnostic_only,False,False,False,False,False,False,False,False
train,20240126,20240126_3_03,3,부경,11,True,,0.0,0.11971279601581009,0.10815504807371336,0.12325347274828456,in_sample_diagnostic_only,False,False,False,False,False,False,False,False
train,20240126,20240126_3_04,3,부경,11,True,,0.0,0.10913231054387651,0.1345250881377472,0.13479124954247254,in_sample_diagnostic_only,False,False,False,False,True,False,True,False
train,20240126,20240126_3_05,3,부경,10,True,,0.0,0.1492700696571102,0.08521669162016882,0.1119328050668338,in_sample_diagnostic_only,False,False,False,False,False,False,False,True
train,20240126,20240126_3_06,3,부경,10,True,,0.0,0.2323300257731618,0.09098431831251393,0.11492181015342891,in_sample_diagnostic_only,False,False,False,False,False,False,False,False
train,20240126,20240126_3_07,3,부경,11,True,,0.0,0.1779669053021443,0.09953679586630859,0.11916872444921268,in_sample_diagnostic_only,False,False,False,False,False,False,False,False
train,20240126,20240126_3_08,3,부경,11,True,,0.0,0.10298905561981339,0.0746908246525171,0.10617192768207293,in_sample_diagnostic_only,False,False,False,False,False,True,False,True
train,20240127,20240127_1_01,1,서울,12,True,,0.0,0.0734533570322573,0.07958513525085319,0.10890376573413155,in_sample_diagnostic_only,False,False,False,False,False,False,False,True
train,20240127,20240127_1_02,1,서울,11,True,,0.0,0.0786702252863188,0.09420673001727789,0.11654650430183447,in_sample_diagnostic_only,False,False,False,False,False,False,False,False
train,20240127,20240127_1_03,1,서울,11,True,,0.0,0.0893072494653665,0.141308809119632,0.1375697179403405,in_sample_diagnostic_only,False,False,False,False,True,False,True,False
train,20240127,20240127_1_04,1,서울,10,True,,0.0,0.1785834540042314,0.14111540015992344,0.13749141729463826,in_sample_diagnostic_only,False,False,False,False,True,False,True,False
train,20240127,20240127_1_05,1,서울,11,True,,0.0,0.11856206512644439,0.10466258000801024,0.12161989872021957,in_sample_diagnostic_only,False,False,False,False,False,False,False,False
train,20240127,20240127_1_06,1,서울,11,True,,1.0,0.18210032666747922,0.4921816926098417,0.2494237459226863,in_sample_diagnostic_only,True,False,True,False,True,False,True,False
train,20240127,20240127_1_07,1,서울,11,True,,0.0,0.1068475114959304,0.1504443367166549,0.14121113743548788,in_sample_diagnostic_only,False,False,True,False,True,False,True,False
train,20240127,20240127_1_08,1,서울,10,True,,0.0,0.2449145714881274,0.1804784186908285,0.15251236953300476,in_sample_diagnostic_only,True,False,True,False,True,False,True,False
train,20240127,20240127_1_09,1,서울,11,True,,0.0,0.12482034978180699,0.11575794360994089,0.12671602181451624,in_sample_diagnostic_only,False,False,False,False,False,False,True,False
train,20240127,20240127_1_10,1,서울,11,True,,0.0,0.1624973853277656,0.1907171173933193,0.15617244427515062,in_sample_diagnostic_only,True,False,True,False,True,False,True,False
train,20240127,20240127_1_11,1,서울,10,True,,0.0,0.2169644804612722,0.0672287815502697,0.10180349602910685,in_sample_diagnostic_only,False,False,False,False,False,True,False,True
train,20240128,20240128_1_01,1,서울,11,True,,0.0,0.0925763876270728,0.05131789303496441,0.09144431835220972,in_sample_diagnostic_only,False,True,False,True,False,True,False,True
train,20240128,20240128_1_02,1,서울,10,True,,0.0,0.124797080789657,0.09349490591886424,0.11619026128900117,in_sample_diagnostic_only,False,False,False,False,False,False,False,False
train,20240128,20240128_1_03,1,서울,11,True,,0.0,0.2018544673137884,0.12503343535812783,0.13078411085082006,in_sample_diagnostic_only,False,False,False,False,False,False,True,False
train,20240128,20240128_1_04,1,서울,11,True,,0.0,0.1615625337127724,0.06076365322905702,0.09778749021490347,in_sample_diagnostic_only,False,False,False,True,False,True,False,True
train,20240128,20240128_1_05,1,서울,11,True,,0.0,0.08082968499161519,0.13806543992329798,0.13624966435549465,in_sample_diagnostic_only,False,False,False,False,True,False,True,False
train,20240128,20240128_1_06,1,서울,11,True,,0.0,0.2116637000032291,0.12161892608546937,0.12930517846228293,in_sample_diagnostic_only,False,False,False,False,False,False,True,False
train,20240128,20240128_1_07,1,서울,10,True,,0.0,0.19355634931839003,0.08858766517826983,0.11369286184233873,in_sample_diagnostic_only,False,False,False,False,False,False,False,False
train,20240128,20240128_1_08,1,서울,11,True,,1.0,0.2596211481636675,0.5588864749479143,0.27075529889775746,in_sample_diagnostic_only,True,False,True,False,True,False,True,False
train,20240128,20240128_1_09,1,서울,10,True,,1.0,0.1544932539206758,0.21655534873530582,0.1650714405745084,in_sample_diagnostic_only,True,False,True,False,True,False,True,False
train,20240128,20240128_1_10,1,서울,11,True,,0.0,0.2610016689765612,0.06704220419702474,0.10169079890225115,in_sample_diagnostic_only,False,False,False,False,False,True,False,True
train,20240128,20240128_1_11,1,서울,10,True,,0.0,0.1928660256217153,0.12336625769693167,0.13006461175061387,in_sample_diagnostic_only,False,False,False,False,False,False,True,False
train,20240128,20240128_3_02,3,부경,11,True,,0.0,0.0944454515351495,0.11727319736753472,0.1273917718028644,in_sample_diagnostic_only,False,False,False,False,False,False,True,False
train,20240128,20240128_3_03,3,부경,11,True,,0.0,0.2123976631815343,0.10196805066509594,0.12033959751917869,in_sample_diagnostic_only,False,False,False,False,False,False,False,False
train,20240128,20240128_3_04,3,부경,11,True,,0.0,0.14236931929484492,0.11248750254725647,0.12524165404920526,in_sample_diagnostic_only,False,False,False,False,False,False,True,False
train,20240128,20240128_3_05,3,부경,11,True,,0.0,0.12602632556786098,0.10184458379521177,0.12028050086902344,in_sample_diagnostic_only,False,False,False,False,False,False,False,False
train,20240128,20240128_3_06,3,부경,10,True,,0.0,0.1303638224526073,0.0619956736444894,0.09857120668081462,in_sample_diagnostic_only,False,False,False,True,False,True,False,True
train,20240202,20240202_3_01,3,부경,12,True,,0.0,0.14963250465788802,0.06368984156052122,0.09963430699977412,in_sample_diagnostic_only,False,False,False,True,False,True,False,True
train,20240202,20240202_3_02,3,부경,12,True,,0.0,0.1591228273309696,0.048802881417607365,0.08964145134015071,in_sample_diagnostic_only,False,True,False,True,False,True,False,True
train,20240202,20240202_3_03,3,부경,12,True,,0.0,0.1377116644023057,0.07713357015795043,0.10754761648389978,in_sample_diagnostic_only,False,False,False,False,False,True,False,True
train,20240202,20240202_3_04,3,부경,11,True,,0.0,0.171270990948715,0.07863365677956699,0.10838026114344879,in_sample_diagnostic_only,False,False,False,False,False,False,False,True
train,20240202,20240202_3_05,3,부경,12,True,,0.0,0.2543544942573896,0.14118397416235748,0.137519185101616,in_sample_diagnostic_only,False,False,False,False,True,False,True,False
train,20240202,20240202_3_06,3,부경,12,True,,1.0,0.2380234150487312,0.3837411368730339,0.2167325018276434,in_sample_diagnostic_only,True,False,True,False,True,False,True,False
train,20240202,20240202_3_07,3,부경,12,True,,0.0,0.2257181329625286,0.16876825052463174,0.14821503903355832,in_sample_diagnostic_only,False,False,True,False,True,False,True,False
train,20240202,20240202_3_08,3,부경,10,True,,0.0,0.21888646443086981,0.10232346096518911,0.12050949850483841,in_sample_diagnostic_only,False,False,False,False,False,False,False,False
train,20240203,20240203_1_01,1,서울,9,True,,0.0,0.15936877432453367,0.061381490258282254,0.09818165144916136,in_sample_diagnostic_only,False,False,False,True,False,True,False,True
train,20240203,20240203_1_02,1,서울,12,True,,0.0,0.0817957059898821,0.08933590633464701,0.11407848750544919,in_sample_diagnostic_only,False,False,False,False,False,False,False,False
train,20240203,20240203_1_03,1,서울,12,True,,1.0,0.1397980287260375,0.20901831234680282,0.16252043402999028,in_sample_diagnostic_only,True,False,True,False,True,False,True,False
train,20240203,20240203_1_04,1,서울,12,True,,0.0,0.0900939838346196,0.09526004061251252,0.11707096625287963,in_sample_diagnostic_only,False,False,False,False,False,False,False,False
train,20240203,20240203_1_05,1,서울,12,True,,0.0,0.16448481930184192,0.11497231824977394,0.12636385179232842,in_sample_diagnostic_only,False,False,False,False,False,False,True,False
train,20240203,20240203_1_06,1,서울,12,True,,0.0,0.14197795890650672,0.08073803954273419,0.10953340603542518,in_sample_diagnostic_only,False,False,False,False,False,False,False,True
train,20240203,20240203_1_07,1,서울,10,True,,0.0,0.2254713693784092,0.1473782559813529,0.1400011188745573,in_sample_diagnostic_only,False,False,True,False,True,False,True,False
train,20240203,20240203_1_08,1,서울,12,True,,0.0,0.1759801343293922,0.09946643791985729,0.11913461262406021,in_sample_diagnostic_only,False,False,False,False,False,False,False,False
train,20240203,20240203_1_09,1,서울,12,True,,0.0,0.2070774469349917,0.07189587563138976,0.10456621084068657,in_sample_diagnostic_only,False,False,False,False,False,True,False,True
train,20240203,20240203_1_10,1,서울,12,True,,0.0,0.13667329555599161,0.05755099584143337,0.09569934702859953,in_sample_diagnostic_only,False,False,False,True,False,True,False,True
train,20240203,20240203_1_11,1,서울,12,True,,0.0,0.20202883283153422,0.10397806987624364,0.12129634080828651,in_sample_diagnostic_only,False,False,False,False,False,False,False,False
train,20240204,20240204_1_01,1,서울,12,True,,0.0,0.1141392694195897,0.04372771585916519,0.08582801010400086,in_sample_diagnostic_only,False,True,False,True,False,True,False,True
train,20240204,20240204_1_02,1,서울,12,True,,0.0,0.0793583307531233,0.08967505773489791,0.11425269162125067,in_sample_diagnostic_only,False,False,False,False,False,False,False,False
train,20240204,20240204_1_03,1,서울,12,True,,0.0,0.1124178912828255,0.05792045685645667,0.09594288777639476,in_sample_diagnostic_only,False,False,False,True,False,True,False,True
train,20240204,20240204_1_04,1,서울,12,True,,0.0,0.1582727676980036,0.11423477659497037,0.1260320942142186,in_sample_diagnostic_only,False,False,False,False,False,False,True,False
train,20240204,20240204_1_05,1,서울,12,True,,0.0,0.10672995283573039,0.17204723888035975,0.14943119371519242,in_sample_diagnostic_only,True,False,True,False,True,False,True,False
train,20240204,20240204_1_06,1,서울,10,True,,0.0,0.14743390255439923,0.05300332733560315,0.09262351426703352,in_sample_diagnostic_only,False,True,False,True,False,True,False,True
train,20240204,20240204_1_07,1,서울,9,True,,1.0,0.208260385051514,0.3778565968843037,0.2149840378810166,in_sample_diagnostic_only,True,False,True,False,True,False,True,False
train,20240204,20240204_1_08,1,서울,11,True,,0.0,0.1681787645330409,0.16021719806735488,0.14499256415238204,in_sample_diagnostic_only,False,False,True,False,True,False,True,False
train,20240204,20240204_1_09,1,서울,12,True,,0.0,0.1045875317778054,0.08562492822710664,0.11214798363868789,in_sample_diagnostic_only,False,False,False,False,False,False,False,True
train,20240204,20240204_1_10,1,서울,12,True,,0.0,0.2089072313902591,0.21840296111889496,0.16569170612239462,in_sample_diagnostic_only,True,False,True,False,True,False,True,False
train,20240204,20240204_1_11,1,서울,12,True,,0.0,0.1681770920954815,0.10776913999722947,0.12307435645127683,in_sample_diagnostic_only,False,False,False,False,False,False,False,False
train,20240204,20240204_3_01,3,부경,12,True,,0.0,0.13351650676405138,0.06839791978548482,0.10250562876738138,in_sample_diagnostic_only,False,False,False,False,False,True,False,True
train,20240204,20240204_3_02,3,부경,12,True,,0.0,0.1127773724916283,0.07874856783693808,0.10844367380647012,in_sample_diagnostic_only,False,False,False,False,False,False,False,True
train,20240204,20240204_3_03,3,부경,12,True,,0.0,0.26079059712550073,0.09776424091964438,0.11830532599998897,in_sample_diagnostic_only,False,False,False,False,False,False,False,False
train,20240204,20240204_3_04,3,부경,12,True,,0.0,0.1543138433956775,0.058229397796678156,0.09614584001725067,in_sample_diagnostic_only,False,False,False,True,False,True,False,True
train,20240204,20240204_3_05,3,부경,12,True,,0.0,0.16405678440417013,0.08357311243446867,0.11106063425417563,in_sample_diagnostic_only,False,False,False,False,False,False,False,True
train,20240204,20240204_3_06,3,부경,11,True,,0.0,0.1482516769356129,0.05376263042519055,0.09314754613405286,in_sample_diagnostic_only,False,True,False,True,False,True,False,True
train,20240216,20240216_3_01,3,부경,12,True,,0.0,0.0658964573645099,0.05209267411230602,0.0919891732258146,in_sample_diagnostic_only,False,True,False,True,False,True,False,True
train,20240216,20240216_3_02,3,부경,12,True,,0.0,0.1069462673563384,0.11640721251217014,0.12700613137530525,in_sample_diagnostic_only,False,False,False,False,False,False,True,False
train,20240216,20240216_3_03,3,부경,12,True,,0.0,0.0840379203348049,0.0933233221787173,0.11610416826639673,in_sample_diagnostic_only,False,False,False,False,False,False,False,False
train,20240216,20240216_3_04,3,부경,12,True,,0.0,0.12842389699771112,0.08384348186295983,0.11120475881479491,in_sample_diagnostic_only,False,False,False,False,False,False,False,True
train,20240216,20240216_3_05,3,부경,12,True,,0.0,0.07783387337650069,0.0901727594184677,0.11450767906749258,in_sample_diagnostic_only,False,False,False,False,False,False,False,False
train,20240216,20240216_3_06,3,부경,12,True,,0.0,0.2016240254063532,0.13891562666318144,0.13659714330997874,in_sample_diagnostic_only,False,False,False,False,True,False,True,False
train,20240216,20240216_3_07,3,부경,12,True,,0.0,0.1691751730487071,0.12720432598426987,0.1317137362927099,in_sample_diagnostic_only,False,False,False,False,True,False,True,False
train,20240216,20240216_3_08,3,부경,12,True,,0.0,0.1567184271777363,0.16363103656379557,0.14628820711634616,in_sample_diagnostic_only,False,False,True,False,True,False,True,False
train,20240217,20240217_1_01,1,서울,11,True,,0.0,0.1508260455010887,0.03299280647694403,0.07678246310738916,in_sample_diagnostic_only,False,True,False,True,False,True,False,True
train,20240217,20240217_1_02,1,서울,12,True,,0.0,0.1076958291110445,0.05288966233803151,0.09254468970749272,in_sample_diagnostic_only,False,True,False,True,False,True,False,True
train,20240217,20240217_1_03,1,서울,12,True,,0.0,0.07741901163102051,0.05536493844017197,0.09423929353404266,in_sample_diagnostic_only,False,False,False,True,False,True,False,True
train,20240217,20240217_1_04,1,서울,11,True,,0.0,0.14358200793410592,0.06347404400332537,0.09949980958652137,in_sample_diagnostic_only,False,False,False,True,False,True,False,True
train,20240217,20240217_1_05,1,서울,7,True,,0.0,0.0798460132337699,0.07678021798273636,0.10735015724175932,in_sample_diagnostic_only,False,False,False,False,False,True,False,True
train,20240217,20240217_1_06,1,서울,10,True,,0.0,0.1093327673931086,0.07310719813870804,0.1052664034864991,in_sample_diagnostic_only,False,False,False,False,False,True,False,True
train,20240217,20240217_1_07,1,서울,10,True,,0.0,0.12383947732393219,0.12156328117034106,0.12928090242883022,in_sample_diagnostic_only,False,False,False,False,False,False,True,False
train,20240217,20240217_1_08,1,서울,12,True,,0.0,0.12739507428835578,0.07608301005697986,0.10695903433945696,in_sample_diagnostic_only,False,False,False,False,False,True,False,True
train,20240217,20240217_1_09,1,서울,12,True,,0.0,0.1581684379588492,0.2504897483928282,0.17618861776358408,in_sample_diagnostic_only,True,False,True,False,True,False,True,False
train,20240217,20240217_1_10,1,서울,12,True,,0.0,0.14007860028805919,0.08186272502451598,0.11014279692558474,in_sample_diagnostic_only,False,False,False,False,False,False,False,True
train,20240217,20240217_1_11,1,서울,11,True,,0.0,0.0853146859885191,0.06180359449784025,0.09844961900389748,in_sample_diagnostic_only,False,False,False,True,False,True,False,True
train,20240218,20240218_1_01,1,서울,12,True,,0.0,0.0903635725489797,0.032635925364146084,0.0764531810071158,in_sample_diagnostic_only,False,True,False,True,False,True,False,True
train,20240218,20240218_1_02,1,서울,12,True,,0.0,0.09344075101868861,0.0589017274911908,0.09658535337005093,in_sample_diagnostic_only,False,False,False,True,False,True,False,True
train,20240218,20240218_1_03,1,서울,12,True,,0.0,0.1324497861583763,0.05224521004585236,0.09209587879440127,in_sample_diagnostic_only,False,True,False,True,False,True,False,True
train,20240218,20240218_1_04,1,서울,12,True,,0.0,0.14787194278559979,0.11624584974289691,0.12693410906735927,in_sample_diagnostic_only,False,False,False,False,False,False,True,False
train,20240218,20240218_1_05,1,서울,10,True,,0.0,0.13794397241078452,0.06091974986029204,0.09788729396462686,in_sample_diagnostic_only,False,False,False,True,False,True,False,True
train,20240218,20240218_1_06,1,서울,12,True,,0.0,0.17625994896612732,0.13186334434803776,0.13368221865627566,in_sample_diagnostic_only,False,False,False,False,True,False,True,False
train,20240218,20240218_1_07,1,서울,16,True,,0.0,0.062594975444979,0.07362963934199324,0.10556635789208224,in_sample_diagnostic_only,False,False,False,False,False,True,False,True
train,20240218,20240218_1_08,1,서울,12,True,,0.0,0.17357636576410942,0.14923474683251167,0.14073518972176147,in_sample_diagnostic_only,False,False,True,False,True,False,True,False
train,20240218,20240218_1_09,1,서울,12,True,,0.0,0.097613144370755,0.07765111075223548,0.10783590784662359,in_sample_diagnostic_only,False,False,False,False,False,False,False,True
train,20240218,20240218_1_10,1,서울,11,True,,0.0,0.16342775195469472,0.11762894455021422,0.12754976563408638,in_sample_diagnostic_only,False,False,False,False,False,False,True,False
train,20240218,20240218_1_11,1,서울,12,True,,0.0,0.1278359206393736,0.13559419735002934,0.13523363332346575,in_sample_diagnostic_only,False,False,False,False,True,False,True,False
train,20240218,20240218_3_01,3,부경,12,True,,0.0,0.1396287067328924,0.053468290701494205,0.09294492738216717,in_sample_diagnostic_only,False,True,False,True,False,True,False,True
train,20240218,20240218_3_02,3,부경,11,True,,0.0,0.054454985592911,0.08492154935041604,0.1117768807448682,in_sample_diagnostic_only,False,False,False,False,False,False,False,True
train,20240218,20240218_3_03,3,부경,12,True,,0.0,0.0597653168115384,0.06918244938989813,0.10297293094118444,in_sample_diagnostic_only,False,False,False,False,False,True,False,True
train,20240218,20240218_3_04,3,부경,12,True,,0.0,0.11149763825017919,0.15499939630958645,0.14298746054406408,in_sample_diagnostic_only,False,False,True,False,True,False,True,False
train,20240218,20240218_3_05,3,부경,11,True,,0.0,0.1514840170470922,0.076429492606756,0.1071536577400039,in_sample_diagnostic_only,False,False,False,False,False,True,False,True
train,20240218,20240218_3_06,3,부경,12,True,,0.0,0.1216441392312392,0.16420482084622032,0.1465047600266371,in_sample_diagnostic_only,False,False,True,False,True,False,True,False
train,20240223,20240223_3_01,3,부경,12,True,,0.0,0.0625069826898231,0.050321102151469815,0.09073615685233274,in_sample_diagnostic_only,False,True,False,True,False,True,False,True
train,20240223,20240223_3_02,3,부경,11,True,,0.0,0.07444805975012289,0.031119097378901017,0.07502882852080303,in_sample_diagnostic_only,False,True,False,True,False,True,False,True
train,20240223,20240223_3_03,3,부경,11,True,,0.0,0.0931133994640399,0.06511458473764706,0.10051575417121275,in_sample_diagnostic_only,False,False,False,True,False,True,False,True
train,20240223,20240223_3_04,3,부경,11,True,,0.0,0.09132565315374191,0.05953321209693048,0.09699551168538544,in_sample_diagnostic_only,False,False,False,True,False,True,False,True
train,20240223,20240223_3_05,3,부경,12,True,,1.0,0.11340758074965221,0.34886654260028904,0.2063560923487485,in_sample_diagnostic_only,True,False,True,False,True,False,True,False
train,20240223,20240223_3_06,3,부경,12,True,,1.0,0.21492738125256522,0.3069975087524718,0.19376269348222372,in_sample_diagnostic_only,True,False,True,False,True,False,True,False
train,20240223,20240223_3_07,3,부경,12,True,,0.0,0.11017258843728331,0.1207365644001587,0.12891956009730185,in_sample_diagnostic_only,False,False,False,False,False,False,True,False
train,20240223,20240223_3_08,3,부경,12,True,,0.0,0.08341258007843409,0.07938069567091495,0.10879158088230444,in_sample_diagnostic_only,False,False,False,False,False,False,False,True
train,20240224,20240224_1_01,1,서울,12,True,,0.0,0.0441423980235424,0.04249151608874689,0.0848597093608012,in_sample_diagnostic_only,False,True,False,True,False,True,False,True
train,20240224,20240224_1_02,1,서울,12,True,,0.0,0.12125628683866319,0.029262207765252,0.0732267408638569,in_sample_diagnostic_only,False,True,False,True,False,True,False,True
train,20240224,20240224_1_03,1,서울,12,True,,0.0,0.0969586523526008,0.03060266669462091,0.07453432609100952,in_sample_diagnostic_only,False,True,False,True,False,True,False,True
train,20240224,20240224_1_04,1,서울,12,True,,0.0,0.1216891034009212,0.07683122942378956,0.10737869495125486,in_sample_diagnostic_only,False,False,False,False,False,True,False,True
train,20240224,20240224_1_05,1,서울,12,True,,0.0,0.12402061609870599,0.29846921416440453,0.19116353497348704,in_sample_diagnostic_only,True,False,True,False,True,False,True,False
train,20240224,20240224_1_06,1,서울,12,True,,0.0,0.18320715510442512,0.13109138583777766,0.1333584966835398,in_sample_diagnostic_only,False,False,False,False,True,False,True,False
train,20240224,20240224_1_07,1,서울,12,True,,1.0,0.1471625099452325,0.454437507364968,0.23787101373312386,in_sample_diagnostic_only,True,False,True,False,True,False,True,False
train,20240224,20240224_1_08,1,서울,12,True,,0.0,0.1371954362598072,0.09490328384795711,0.11689368627100075,in_sample_diagnostic_only,False,False,False,False,False,False,False,False
train,20240224,20240224_1_09,1,서울,12,True,,0.0,0.13375913240875148,0.08603005881498599,0.11236096265570586,in_sample_diagnostic_only,False,False,False,False,False,False,False,True
train,20240224,20240224_1_10,1,서울,12,True,,0.0,0.0965266485235731,0.11509754459158683,0.12642007032839855,in_sample_diagnostic_only,False,False,False,False,False,False,True,False
train,20240224,20240224_1_11,1,서울,12,True,,0.0,0.10864352570637391,0.10267548152671388,0.12067746750325252,in_sample_diagnostic_only,False,False,False,False,False,False,False,False
train,20240225,20240225_1_01,1,서울,12,True,,0.0,0.1245605525213263,0.07210575214532626,0.10468800622955987,in_sample_diagnostic_only,False,False,False,False,False,True,False,True
train,20240225,20240225_1_02,1,서울,10,True,,0.0,0.05809735784596091,0.0882190597703076,0.11350223055233115,in_sample_diagnostic_only,False,False,False,False,False,False,False,True
train,20240225,20240225_1_03,1,서울,11,True,,0.0,0.07258630525789181,0.1048491315064625,0.12170788299685165,in_sample_diagnostic_only,False,False,False,False,False,False,False,False
train,20240225,20240225_1_04,1,서울,12,True,,0.0,0.0871015671068221,0.05839690903000432,0.0962556204901037,in_sample_diagnostic_only,False,False,False,True,False,True,False,True
train,20240225,20240225_1_05,1,서울,11,True,,0.0,0.0976688881430324,0.09613986567872752,0.11750663173896653,in_sample_diagnostic_only,False,False,False,False,False,False,False,False
train,20240225,20240225_1_06,1,서울,10,True,,0.0,0.1210603847974675,0.048959808286866864,0.08975552720166019,in_sample_diagnostic_only,False,True,False,True,False,True,False,True
train,20240225,20240225_1_07,1,서울,9,True,,0.0,0.0743401486245282,0.14460485121429614,0.13889620774912542,in_sample_diagnostic_only,False,False,True,False,True,False,True,False
train,20240225,20240225_1_08,1,서울,11,True,,0.0,0.1683222255113117,0.12271111559406452,0.12978051894770967,in_sample_diagnostic_only,False,False,False,False,False,False,True,False
train,20240225,20240225_1_09,1,서울,12,True,,0.0,0.11580025070009509,0.13580644465878977,0.13532125323347025,in_sample_diagnostic_only,False,False,False,False,True,False,True,False
train,20240225,20240225_1_10,1,서울,11,True,,0.0,0.0985249140946413,0.11325828105263999,0.12559112781409462,in_sample_diagnostic_only,False,False,False,False,False,False,True,False
train,20240225,20240225_1_11,1,서울,12,True,,0.0,0.11776415589825101,0.04668614007050839,0.0880810048392967,in_sample_diagnostic_only,False,True,False,True,False,True,False,True
train,20240225,20240225_3_01,3,부경,12,True,,0.0,0.06535033834913351,0.048568840818614574,0.0894709148206391,in_sample_diagnostic_only,False,True,False,True,False,True,False,True
train,20240225,20240225_3_03,3,부경,12,True,,1.0,0.1516093805826932,0.3734764647020521,0.2136823639228076,in_sample_diagnostic_only,True,False,True,False,True,False,True,False
train,20240225,20240225_3_04,3,부경,12,True,,0.0,0.1702673548930307,0.17797512673027926,0.15160419384203916,in_sample_diagnostic_only,True,False,True,False,True,False,True,False
train,20240225,20240225_3_05,3,부경,9,True,,0.0,0.0464914412678826,0.15182231316500058,0.14175114043786427,in_sample_diagnostic_only,False,False,True,False,True,False,True,False
train,20240225,20240225_3_06,3,부경,12,True,,0.0,0.1719491601878798,0.0934330558642995,0.11615923766639946,in_sample_diagnostic_only,False,False,False,False,False,False,False,False
train,20240301,20240301_3_01,3,부경,11,True,,1.0,0.08370913767199689,0.234306208887523,0.17095514120272653,in_sample_diagnostic_only,True,False,True,False,True,False,True,False
train,20240301,20240301_3_02,3,부경,11,True,,0.0,0.09356957173097129,0.09432079702911624,0.1166034541050639,in_sample_diagnostic_only,False,False,False,False,False,False,False,False
train,20240301,20240301_3_03,3,부경,11,True,,0.0,0.0981254345987258,0.12913944141843037,0.13253566505447664,in_sample_diagnostic_only,False,False,False,False,True,False,True,False
train,20240301,20240301_3_04,3,부경,11,True,,0.0,0.24506915893973147,0.10497251746057674,0.12176603033038631,in_sample_diagnostic_only,False,False,False,False,False,False,False,False
train,20240301,20240301_3_05,3,부경,11,True,,0.0,0.12496462711617912,0.14168572500439452,0.13772216094705067,in_sample_diagnostic_only,False,False,False,False,True,False,True,False
train,20240301,20240301_3_06,3,부경,11,True,,0.0,0.09426054579596171,0.26558219332806965,0.18097576226681636,in_sample_diagnostic_only,True,False,True,False,True,False,True,False
train,20240301,20240301_3_07,3,부경,11,True,,1.0,0.1066653389036613,0.2342718604374635,0.17094390957276795,in_sample_diagnostic_only,True,False,True,False,True,False,True,False
train,20240301,20240301_3_08,3,부경,11,True,,1.0,0.0933747194972804,0.27111598368459927,0.1827114264048591,in_sample_diagnostic_only,True,False,True,False,True,False,True,False
train,20240302,20240302_1_01,1,서울,10,True,,0.0,0.0932182414982539,0.11014177314175173,0.12417029658394789,in_sample_diagnostic_only,False,False,False,False,False,False,False,False
train,20240302,20240302_1_02,1,서울,10,True,,0.0,0.0898008266398773,0.0805115440813276,0.10941010926002868,in_sample_diagnostic_only,False,False,False,False,False,False,False,True
train,20240302,20240302_1_03,1,서울,9,True,,0.0,0.0873984572612849,0.07122160604389616,0.10417354200439212,in_sample_diagnostic_only,False,False,False,False,False,True,False,True
train,20240302,20240302_1_04,1,서울,11,True,,0.0,0.0749173716815342,0.15713041140029887,0.14381009077838008,in_sample_diagnostic_only,False,False,True,False,True,False,True,False
train,20240302,20240302_1_05,1,서울,10,True,,0.0,0.184404853984981,0.09494778190356323,0.1169158180841945,in_sample_diagnostic_only,False,False,False,False,False,False,False,False
train,20240302,20240302_1_06,1,서울,11,True,,0.0,0.0915517563790517,0.11962629256340097,0.12843227660331225,in_sample_diagnostic_only,False,False,False,False,False,False,True,False
train,20240302,20240302_1_07,1,서울,10,True,,0.0,0.157119030547352,0.10904385050941329,0.12366472227447647,in_sample_diagnostic_only,False,False,False,False,False,False,False,False
train,20240302,20240302_1_08,1,서울,11,True,,1.0,0.1458467672747346,0.2087906460639679,0.16244284071780873,in_sample_diagnostic_only,True,False,True,False,True,False,True,False
train,20240302,20240302_1_09,1,서울,8,True,,0.0,0.08895590410204021,0.06870356366925107,0.10268804777527203,in_sample_diagnostic_only,False,False,False,False,False,True,False,True
train,20240302,20240302_1_10,1,서울,11,True,,1.0,0.1616531893765642,0.3221071347235012,0.19833495174146307,in_sample_diagnostic_only,True,False,True,False,True,False,True,False
train,20240302,20240302_1_11,1,서울,11,True,,0.0,0.1286156414961015,0.09637969092510053,0.11762501044901795,in_sample_diagnostic_only,False,False,False,False,False,False,False,False
train,20240303,20240303_1_01,1,서울,10,True,,0.0,0.0742449177818585,0.043853710591291645,0.0859257793515357,in_sample_diagnostic_only,False,True,False,True,False,True,False,True
train,20240303,20240303_1_02,1,서울,11,True,,0.0,0.0512222272795335,0.06921523001104016,0.1029923903661135,in_sample_diagnostic_only,False,False,False,False,False,True,False,True
train,20240303,20240303_1_03,1,서울,11,True,,1.0,0.0945456648494554,0.2611587458054235,0.17958111464153662,in_sample_diagnostic_only,True,False,True,False,True,False,True,False
train,20240303,20240303_1_04,1,서울,11,True,,0.0,0.1151804428162609,0.11167139675932003,0.12487025905298499,in_sample_diagnostic_only,False,False,False,False,False,False,True,False
train,20240303,20240303_1_05,1,서울,10,True,,0.0,0.10098808774957499,0.09641927866537726,0.11764453572751753,in_sample_diagnostic_only,False,False,False,False,False,False,False,False
train,20240303,20240303_1_06,1,서울,11,True,,1.0,0.1539466061382712,0.22049189448734619,0.16639067533977875,in_sample_diagnostic_only,True,False,True,False,True,False,True,False
train,20240303,20240303_1_07,1,서울,11,True,,0.0,0.1282350291091662,0.17227492311503695,0.14951525715895755,in_sample_diagnostic_only,True,False,True,False,True,False,True,False
train,20240303,20240303_1_08,1,서울,10,True,,0.0,0.0771452754413191,0.09133112857424631,0.11509816519284721,in_sample_diagnostic_only,False,False,False,False,False,False,False,False
train,20240303,20240303_1_09,1,서울,11,True,,0.0,0.10928609278307451,0.09715156460644765,0.11800492870837916,in_sample_diagnostic_only,False,False,False,False,False,False,False,False
train,20240303,20240303_1_10,1,서울,11,True,,0.0,0.1628023228721534,0.055994231122941183,0.09466299867938324,in_sample_diagnostic_only,False,False,False,True,False,True,False,True
train,20240303,20240303_1_11,1,서울,10,True,,0.0,0.1022340450543331,0.07408010355917759,0.10582401821244287,in_sample_diagnostic_only,False,False,False,False,False,True,False,True
train,20240303,20240303_3_01,3,부경,11,True,,0.0,0.0972063168900668,0.06587944328373245,0.10098436483369835,in_sample_diagnostic_only,False,False,False,True,False,True,False,True
train,20240303,20240303_3_02,3,부경,11,True,,0.0,0.09474014566378301,0.06275828270035827,0.09905180297374501,in_sample_diagnostic_only,False,False,False,True,False,True,False,True
train,20240303,20240303_3_03,3,부경,10,True,,0.0,0.2853411727726749,0.11339985746468884,0.12565518370816922,in_sample_diagnostic_only,False,False,False,False,False,False,True,False
train,20240303,20240303_3_04,3,부경,11,True,,1.0,0.1377755502991856,0.233071698674866,0.17055111628157976,in_sample_diagnostic_only,True,False,True,False,True,False,True,False
train,20240303,20240303_3_05,3,부경,11,True,,0.0,0.1391677664634987,0.1060583216193233,0.12227616894891262,in_sample_diagnostic_only,False,False,False,False,False,False,False,False
train,20240303,20240303_3_06,3,부경,9,True,,0.0,0.1032840629573879,0.1584180777294952,0.1443046566410713,in_sample_diagnostic_only,False,False,True,False,True,False,True,False
train,20240308,20240308_3_01,3,부경,8,True,,0.0,0.1916881119642515,0.05478843128870283,0.09384864590213243,in_sample_diagnostic_only,False,False,False,True,False,True,False,True
train,20240308,20240308_3_02,3,부경,12,True,,0.0,0.1956333341329707,0.05783542095595063,0.09588691444693395,in_sample_diagnostic_only,False,False,False,True,False,True,False,True
train,20240308,20240308_3_03,3,부경,11,True,,0.0,0.09621699491979539,0.06782682436674825,0.10216352203380245,in_sample_diagnostic_only,False,False,False,False,False,True,False,True
train,20240308,20240308_3_04,3,부경,12,True,,0.0,0.1500307389990709,0.1454659295045264,0.13924033715916614,in_sample_diagnostic_only,False,False,True,False,True,False,True,False
train,20240308,20240308_3_05,3,부경,11,True,,0.0,0.062404691209822796,0.1219395627768434,0.12944495095518205,in_sample_diagnostic_only,False,False,False,False,False,False,True,False
train,20240308,20240308_3_06,3,부경,12,True,,1.0,0.15167042400946604,0.43336805200585604,0.2315248966522792,in_sample_diagnostic_only,True,False,True,False,True,False,True,False
train,20240308,20240308_3_07,3,부경,12,True,,0.0,0.12463553486065089,0.05001988880630755,0.09052053623544473,in_sample_diagnostic_only,False,True,False,True,False,True,False,True
train,20240308,20240308_3_08,3,부경,11,True,,0.0,0.1461587028484448,0.09898986859819885,0.11890321272562225,in_sample_diagnostic_only,False,False,False,False,False,False,False,False
train,20240309,20240309_1_01,1,서울,11,True,,0.0,0.1837001360048749,0.04812674220232352,0.08914744232723688,in_sample_diagnostic_only,False,True,False,True,False,True,False,True
train,20240309,20240309_1_02,1,서울,11,True,,0.0,0.0736067513229381,0.07953450806015783,0.1088759995004143,in_sample_diagnostic_only,False,False,False,False,False,False,False,True
train,20240309,20240309_1_03,1,서울,9,True,,0.0,0.0681414610254903,0.1567210825810056,0.1436524830707923,in_sample_diagnostic_only,False,False,True,False,True,False,True,False
train,20240309,20240309_1_04,1,서울,10,True,,0.0,0.2098367179469861,0.10900492985273696,0.12364675081711607,in_sample_diagnostic_only,False,False,False,False,False,False,False,False
train,20240309,20240309_1_05,1,서울,8,True,,1.0,0.1435562244968093,0.25958264203400755,0.1790825654956093,in_sample_diagnostic_only,True,False,True,False,True,False,True,False
train,20240309,20240309_1_06,1,서울,11,True,,1.0,0.1237194926604816,0.38559992309565355,0.2172847965341757,in_sample_diagnostic_only,True,False,True,False,True,False,True,False
train,20240309,20240309_1_07,1,서울,11,True,,0.0,0.1297539745725778,0.11668045672632123,0.12712797259882253,in_sample_diagnostic_only,False,False,False,False,False,False,True,False
train,20240309,20240309_1_08,1,서울,11,True,,0.0,0.1933672622967943,0.10657592236864488,0.12251837343898851,in_sample_diagnostic_only,False,False,False,False,False,False,False,False
train,20240309,20240309_1_09,1,서울,11,True,,0.0,0.0755958103634977,0.10109486830521401,0.11992082544168105,in_sample_diagnostic_only,False,False,False,False,False,False,False,False
train,20240309,20240309_1_10,1,서울,11,True,,0.0,0.19606519834594222,0.12937885958896117,0.13263692448820738,in_sample_diagnostic_only,False,False,False,False,True,False,True,False
train,20240309,20240309_1_11,1,서울,8,True,,0.0,0.18127427229932908,0.06164115036892558,0.09834661942413565,in_sample_diagnostic_only,False,False,False,True,False,True,False,True
train,20240310,20240310_1_01,1,서울,10,True,,0.0,0.0764153249717836,0.04917511836074539,0.08991169261120974,in_sample_diagnostic_only,False,True,False,True,False,True,False,True
train,20240310,20240310_1_03,1,서울,10,True,,0.0,0.10776992084148089,0.0628694041231085,0.09912154884747877,in_sample_diagnostic_only,False,False,False,True,False,True,False,True
train,20240310,20240310_1_04,1,서울,11,True,,0.0,0.1032369485681066,0.06479163479350042,0.10031693779557009,in_sample_diagnostic_only,False,False,False,True,False,True,False,True
train,20240310,20240310_1_05,1,서울,11,True,,0.0,0.08656730791319489,0.15593186147526522,0.14334806113893336,in_sample_diagnostic_only,False,False,True,False,True,False,True,False
train,20240310,20240310_1_06,1,서울,11,True,,0.0,0.083156642379248,0.06004072426065949,0.09732331647801744,in_sample_diagnostic_only,False,False,False,True,False,True,False,True
train,20240310,20240310_1_07,1,서울,11,True,,0.0,0.12473329779755879,0.1341346480926099,0.13462925687307947,in_sample_diagnostic_only,False,False,False,False,True,False,True,False
train,20240310,20240310_1_08,1,서울,11,True,,0.0,0.0910419187571091,0.06784355591603246,0.10217356828500013,in_sample_diagnostic_only,False,False,False,False,False,True,False,True
train,20240310,20240310_1_09,1,서울,11,True,,0.0,0.11042879589186311,0.06137631732513616,0.09817836085789432,in_sample_diagnostic_only,False,False,False,True,False,True,False,True
train,20240310,20240310_1_10,1,서울,9,True,,0.0,0.1020905218124436,0.060660167938451255,0.09772124255454873,in_sample_diagnostic_only,False,False,False,True,False,True,False,True
train,20240310,20240310_1_11,1,서울,9,True,,0.0,0.1117653347256182,0.07782812937815137,0.1079342656813794,in_sample_diagnostic_only,False,False,False,False,False,False,False,True
train,20240310,20240310_3_01,3,부경,12,True,,0.0,0.09544104210534181,0.0375393585651228,0.08080181559716579,in_sample_diagnostic_only,False,True,False,True,False,True,False,True
train,20240310,20240310_3_02,3,부경,11,True,,0.0,0.08877888171544879,0.04764456540533897,0.08879263320175093,in_sample_diagnostic_only,False,True,False,True,False,True,False,True
train,20240310,20240310_3_03,3,부경,12,True,,0.0,0.14361178653067488,0.158941681492654,0.14450523026525772,in_sample_diagnostic_only,False,False,True,False,True,False,True,False
train,20240310,20240310_3_04,3,부경,12,True,,0.0,0.1649071022077715,0.14620414307862778,0.13953458550663925,in_sample_diagnostic_only,False,False,True,False,True,False,True,False
train,20240310,20240310_3_05,3,부경,14,True,,0.0,0.0721325651763989,0.0384134559865538,0.0815404264960436,in_sample_diagnostic_only,False,True,False,True,False,True,False,True
train,20240310,20240310_3_06,3,부경,12,True,,0.0,0.08752073264690571,0.077880760391288,0.10796348501584274,in_sample_diagnostic_only,False,False,False,False,False,False,False,True
train,20240315,20240315_3_01,3,부경,12,True,,0.0,0.11090319865556231,0.03814624024664214,0.08131570973954681,in_sample_diagnostic_only,False,True,False,True,False,True,False,True
train,20240315,20240315_3_02,3,부경,12,True,,0.0,0.08717347244833042,0.06399246217116547,0.09982247460296916,in_sample_diagnostic_only,False,False,False,True,False,True,False,True
train,20240315,20240315_3_03,3,부경,12,True,,0.0,0.1174886049510019,0.052341418843237196,0.09216308678580243,in_sample_diagnostic_only,False,True,False,True,False,True,False,True
train,20240315,20240315_3_04,3,부경,9,True,,0.0,0.1166207472479382,0.04906510706713751,0.08983195153211689,in_sample_diagnostic_only,False,True,False,True,False,True,False,True
train,20240315,20240315_3_05,3,부경,12,True,,0.0,0.11007557633233131,0.12575625802236481,0.1310945415886357,in_sample_diagnostic_only,False,False,False,False,True,False,True,False
train,20240315,20240315_3_06,3,부경,12,True,,0.0,0.12714073659469038,0.10813094746008771,0.12324229654309703,in_sample_diagnostic_only,False,False,False,False,False,False,False,False
train,20240315,20240315_3_07,3,부경,12,True,,1.0,0.16357767052758818,0.3577126483085924,0.20899311802456644,in_sample_diagnostic_only,True,False,True,False,True,False,True,False
train,20240315,20240315_3_08,3,부경,12,True,,0.0,0.1038781144175947,0.07349099699156288,0.10548687598083868,in_sample_diagnostic_only,False,False,False,False,False,True,False,True
train,20240316,20240316_1_01,1,서울,11,True,,0.0,0.1247624875149761,0.0702198912630125,0.10358624468227046,in_sample_diagnostic_only,False,False,False,False,False,True,False,True
train,20240316,20240316_1_02,1,서울,11,True,,0.0,0.0892230532087489,0.070558049331893,0.1037850358566405,in_sample_diagnostic_only,False,False,False,False,False,True,False,True
train,20240316,20240316_1_03,1,서울,11,True,,0.0,0.08105397445931631,0.0779349456909581,0.10799355562435907,in_sample_diagnostic_only,False,False,False,False,False,False,False,True
train,20240316,20240316_1_04,1,서울,11,True,,1.0,0.10016030694686881,0.2523407740105242,0.1767802650028108,in_sample_diagnostic_only,True,False,True,False,True,False,True,False
train,20240316,20240316_1_05,1,서울,11,True,,0.0,0.1448632995163906,0.08196616020698484,0.1101986055229959,in_sample_diagnostic_only,False,False,False,False,False,False,False,True
train,20240316,20240316_1_06,1,서울,11,True,,0.0,0.1367175793381521,0.08831151274817318,0.11355008562443976,in_sample_diagnostic_only,False,False,False,False,False,False,False,True
train,20240316,20240316_1_07,1,서울,9,True,,0.0,0.1998200509115245,0.07092680279047102,0.10400119369920405,in_sample_diagnostic_only,False,False,False,False,False,True,False,True
train,20240316,20240316_1_08,1,서울,11,True,,0.0,0.11540089523331161,0.09537587187528943,0.11712844750335775,in_sample_diagnostic_only,False,False,False,False,False,False,False,False
train,20240316,20240316_1_09,1,서울,11,True,,0.0,0.1363320515031632,0.12252232817887772,0.1296985103885638,in_sample_diagnostic_only,False,False,False,False,False,False,True,False
train,20240316,20240316_1_10,1,서울,11,True,,0.0,0.1112387136841575,0.0629218817863789,0.099154461890056,in_sample_diagnostic_only,False,False,False,True,False,True,False,True
train,20240316,20240316_1_11,1,서울,9,True,,0.0,0.0873849609652005,0.12807677680062995,0.13208507869156907,in_sample_diagnostic_only,False,False,False,False,True,False,True,False
train,20240317,20240317_1_01,1,서울,10,True,,0.0,0.1040645904639133,0.03948224011798275,0.08242997699337778,in_sample_diagnostic_only,False,True,False,True,False,True,False,True
train,20240317,20240317_1_02,1,서울,11,True,,0.0,0.1401651832502135,0.07113769382640095,0.10412452663492883,in_sample_diagnostic_only,False,False,False,False,False,True,False,True
train,20240317,20240317_1_04,1,서울,11,True,,0.0,0.1109595437693781,0.0973388126959446,0.11809684573020239,in_sample_diagnostic_only,False,False,False,False,False,False,False,False
train,20240317,20240317_1_05,1,서울,11,True,,0.0,0.097223202897116,0.05252456494228381,0.09229082540395116,in_sample_diagnostic_only,False,True,False,True,False,True,False,True
train,20240317,20240317_1_06,1,서울,11,True,,0.0,0.0992043252368776,0.05853698261726254,0.09634727850488171,in_sample_diagnostic_only,False,False,False,True,False,True,False,True
train,20240317,20240317_1_07,1,서울,15,True,,0.0,0.0472323183329721,0.05162229675348872,0.09165896047108005,in_sample_diagnostic_only,False,True,False,True,False,True,False,True
train,20240317,20240317_1_08,1,서울,11,True,,0.0,0.09088810756031811,0.07432827272111107,0.10596558825657182,in_sample_diagnostic_only,False,False,False,False,False,True,False,True
train,20240317,20240317_1_09,1,서울,11,True,,0.0,0.18801706690822767,0.09056205939782751,0.11470658984836635,in_sample_diagnostic_only,False,False,False,False,False,False,False,False
train,20240317,20240317_1_10,1,서울,11,True,,0.0,0.14100808757481353,0.11017805923510152,0.12418696025373162,in_sample_diagnostic_only,False,False,False,False,False,False,False,False
train,20240317,20240317_1_11,1,서울,8,True,,0.0,0.128038863673619,0.09475535051919606,0.11682006861900152,in_sample_diagnostic_only,False,False,False,False,False,False,False,False
train,20240317,20240317_3_01,3,부경,8,True,,0.0,0.1123259539931052,0.05096202064120929,0.09119243079512888,in_sample_diagnostic_only,False,True,False,True,False,True,False,True
train,20240317,20240317_3_02,3,부경,12,True,,0.0,0.1072264806559015,0.14198127904906843,0.1378415596022889,in_sample_diagnostic_only,False,False,False,False,True,False,True,False
train,20240317,20240317_3_03,3,부경,12,True,,1.0,0.1235183476487569,0.39036895183035514,0.21870193883318476,in_sample_diagnostic_only,True,False,True,False,True,False,True,False
train,20240317,20240317_3_04,3,부경,12,True,,0.0,0.1825976364276043,0.11421266151793659,0.12602212929786938,in_sample_diagnostic_only,False,False,False,False,False,False,True,False
train,20240317,20240317_3_05,3,부경,12,True,,0.0,0.1927304212070891,0.14242207374319357,0.13801940918266012,in_sample_diagnostic_only,False,False,False,False,True,False,True,False
train,20240317,20240317_3_06,3,부경,8,True,,0.0,0.1293468567725915,0.07041575022745122,0.10370144972633025,in_sample_diagnostic_only,False,False,False,False,False,True,False,True
train,20240322,20240322_3_01,3,부경,12,True,,0.0,0.0725515868276435,0.039672035319467364,0.0825864292943001,in_sample_diagnostic_only,False,True,False,True,False,True,False,True
train,20240322,20240322_3_02,3,부경,12,True,,0.0,0.1017387663320658,0.08185922647966827,0.11014090859146825,in_sample_diagnostic_only,False,False,False,False,False,False,False,True
train,20240322,20240322_3_03,3,부경,12,True,,0.0,0.1425068961022145,0.06959811341307588,0.10321929027198573,in_sample_diagnostic_only,False,False,False,False,False,True,False,True
train,20240322,20240322_3_04,3,부경,12,True,,0.0,0.1011583477819429,0.13044773415453242,0.13308785130098524,in_sample_diagnostic_only,False,False,False,False,True,False,True,False
train,20240322,20240322_3_05,3,부경,12,True,,0.0,0.1116476461830162,0.08024575362429026,0.10926517323637437,in_sample_diagnostic_only,False,False,False,False,False,False,False,True
train,20240322,20240322_3_06,3,부경,12,True,,0.0,0.1047018480370383,0.10924470284828847,0.12375741125839089,in_sample_diagnostic_only,False,False,False,False,False,False,False,False
train,20240322,20240322_3_07,3,부경,11,True,,0.0,0.2137087024177557,0.1283384584763193,0.13219620986252115,in_sample_diagnostic_only,False,False,False,False,True,False,True,False
train,20240322,20240322_3_08,3,부경,12,True,,0.0,0.1850938967501349,0.08450011724944644,0.11155371399780302,in_sample_diagnostic_only,False,False,False,False,False,False,False,True
train,20240323,20240323_1_01,1,서울,10,True,,0.0,0.1202234642531062,0.07763162123150481,0.10782507105483471,in_sample_diagnostic_only,False,False,False,False,False,False,False,True
train,20240323,20240323_1_02,1,서울,10,True,,0.0,0.1361456156592577,0.06835119814741245,0.10247770250354715,in_sample_diagnostic_only,False,False,False,False,False,True,False,True
train,20240323,20240323_1_03,1,서울,10,True,,0.0,0.1279703577980983,0.08969718048521372,0.11426404228851807,in_sample_diagnostic_only,False,False,False,False,False,False,False,False
train,20240323,20240323_1_04,1,서울,9,True,,0.0,0.07805287094653329,0.08836415689111354,0.1135773226743504,in_sample_diagnostic_only,False,False,False,False,False,False,False,True
train,20240323,20240323_1_05,1,서울,10,True,,0.0,0.1096058778872575,0.09895409588731376,0.11888581891977594,in_sample_diagnostic_only,False,False,False,False,False,False,False,False
train,20240323,20240323_1_06,1,서울,11,True,,1.0,0.12266870404026811,0.28141768375812654,0.18591782242809687,in_sample_diagnostic_only,True,False,True,False,True,False,True,False
train,20240323,20240323_1_07,1,서울,11,True,,1.0,0.1051574910953913,0.275340273887543,0.18402996789087284,in_sample_diagnostic_only,True,False,True,False,True,False,True,False
train,20240323,20240323_1_08,1,서울,11,True,,0.0,0.19928105022338022,0.10613482850768835,0.12231200883952985,in_sample_diagnostic_only,False,False,False,False,False,False,False,False
train,20240323,20240323_1_09,1,서울,11,True,,0.0,0.06465100424760209,0.08390968573061498,0.11124001031228822,in_sample_diagnostic_only,False,False,False,False,False,False,False,True
train,20240323,20240323_1_10,1,서울,11,True,,1.0,0.1712978650834894,0.2717872368292982,0.18292130781424634,in_sample_diagnostic_only,True,False,True,False,True,False,True,False
train,20240323,20240323_1_11,1,서울,11,True,,0.0,0.1401479339969147,0.09642956719253876,0.11764960947363204,in_sample_diagnostic_only,False,False,False,False,False,False,False,False
train,20240324,20240324_1_01,1,서울,11,True,,0.0,0.0746486365282905,0.041520080847211586,0.08408693681968432,in_sample_diagnostic_only,False,True,False,True,False,True,False,True
train,20240324,20240324_1_02,1,서울,11,True,,0.0,0.057168845900376596,0.06140227489521032,0.09819487129047458,in_sample_diagnostic_only,False,False,False,True,False,True,False,True
train,20240324,20240324_1_03,1,서울,10,True,,1.0,0.0880067680591961,0.20157700059272676,0.1599670622981254,in_sample_diagnostic_only,True,False,True,False,True,False,True,False
train,20240324,20240324_1_04,1,서울,10,True,,0.0,0.1623077273678799,0.08009675657913021,0.1091838070452137,in_sample_diagnostic_only,False,False,False,False,False,False,False,True
train,20240324,20240324_1_05,1,서울,9,True,,0.0,0.1703896084547491,0.1338160245675961,0.13449688741698967,in_sample_diagnostic_only,False,False,False,False,True,False,True,False
train,20240324,20240324_1_06,1,서울,10,True,,0.0,0.13663811678268262,0.12180703758941626,0.12938720319053665,in_sample_diagnostic_only,False,False,False,False,False,False,True,False
train,20240324,20240324_1_07,1,서울,9,True,,0.0,0.0458385385072315,0.10301690216644628,0.12084008426003552,in_sample_diagnostic_only,False,False,False,False,False,False,False,False
train,20240324,20240324_1_08,1,서울,10,True,,0.0,0.16202020775513037,0.17208452052074016,0.14944496185547115,in_sample_diagnostic_only,True,False,True,False,True,False,True,False
train,20240324,20240324_1_09,1,서울,11,True,,0.0,0.13879776413508918,0.08419430965633826,0.11139138748525493,in_sample_diagnostic_only,False,False,False,False,False,False,False,True
train,20240324,20240324_1_10,1,서울,11,True,,0.0,0.09649331273519979,0.09577324951977886,0.11732535797230732,in_sample_diagnostic_only,False,False,False,False,False,False,False,False
train,20240324,20240324_1_11,1,서울,11,True,,1.0,0.1518383031512026,0.28018484719969905,0.18553569678903614,in_sample_diagnostic_only,True,False,True,False,True,False,True,False
train,20240324,20240324_3_01,3,부경,12,True,,0.0,0.1340698140320056,0.07852041086803913,0.10831771633097621,in_sample_diagnostic_only,False,False,False,False,False,False,False,True
train,20240324,20240324_3_02,3,부경,9,True,,0.0,0.0851560677873691,0.09723679507270337,0.11804677884501898,in_sample_diagnostic_only,False,False,False,False,False,False,False,False
train,20240324,20240324_3_03,3,부경,12,True,,1.0,0.1662544590476685,0.33190994011965097,0.2012828458332267,in_sample_diagnostic_only,True,False,True,False,True,False,True,False
train,20240324,20240324_3_04,3,부경,12,True,,0.0,0.13865806855122398,0.09107374596964529,0.11496731990408295,in_sample_diagnostic_only,False,False,False,False,False,False,False,False
train,20240324,20240324_3_05,3,부경,12,True,,0.0,0.20943944860734098,0.11961538668547396,0.1284274786498166,in_sample_diagnostic_only,False,False,False,False,False,False,True,False
train,20240324,20240324_3_06,3,부경,12,True,,0.0,0.16707067985393678,0.11454670925972991,0.12617254212509096,in_sample_diagnostic_only,False,False,False,False,False,False,True,False
train,20240329,20240329_3_01,3,부경,11,True,,0.0,0.0959154528544308,0.06350719637392813,0.09952048921324409,in_sample_diagnostic_only,False,False,False,True,False,True,False,True
train,20240329,20240329_3_02,3,부경,12,True,,0.0,0.08063880923602679,0.11237791269880079,0.12519186395995074,in_sample_diagnostic_only,False,False,False,False,False,False,True,False
train,20240329,20240329_3_03,3,부경,10,True,,0.0,0.079712613260198,0.08751591066961835,0.11313735945214776,in_sample_diagnostic_only,False,False,False,False,False,False,False,True
train,20240329,20240329_3_04,3,부경,12,True,,0.0,0.07959439401921341,0.11219963700694245,0.12511081337128055,in_sample_diagnostic_only,False,False,False,False,False,False,True,False
train,20240329,20240329_3_05,3,부경,12,True,,0.0,0.1648045260937819,0.23800631178318538,0.17216182354075396,in_sample_diagnostic_only,True,False,True,False,True,False,True,False
train,20240329,20240329_3_06,3,부경,12,True,,0.0,0.1745366089230211,0.14259697749950898,0.13808990451533468,in_sample_diagnostic_only,False,False,False,False,True,False,True,False
train,20240329,20240329_3_07,3,부경,12,True,,0.0,0.13511554335094073,0.13754953650080398,0.1360382983605986,in_sample_diagnostic_only,False,False,False,False,True,False,True,False
train,20240329,20240329_3_08,3,부경,12,True,,0.0,0.17493153922690333,0.10002909507880706,0.11940704426679727,in_sample_diagnostic_only,False,False,False,False,False,False,False,False
train,20240330,20240330_1_01,1,서울,11,True,,1.0,0.1205907698758849,0.23762462487700156,0.1720376386087616,in_sample_diagnostic_only,True,False,True,False,True,False,True,False
train,20240330,20240330_1_02,1,서울,11,True,,0.0,0.097731762321097,0.045388499532457265,0.08710355453310718,in_sample_diagnostic_only,False,True,False,True,False,True,False,True
train,20240330,20240330_1_03,1,서울,10,True,,0.0,0.10376580120305459,0.04245978958244287,0.08483463863050099,in_sample_diagnostic_only,False,True,False,True,False,True,False,True
train,20240330,20240330_1_04,1,서울,11,True,,0.0,0.1104890560256746,0.19775854440648216,0.15864244901879002,in_sample_diagnostic_only,True,False,True,False,True,False,True,False
train,20240330,20240330_1_05,1,서울,9,True,,0.0,0.1217970419518117,0.17596636084334658,0.15087142713234766,in_sample_diagnostic_only,True,False,True,False,True,False,True,False
train,20240330,20240330_1_06,1,서울,10,True,,0.0,0.18169332802858962,0.1455551247911326,0.13927592796968874,in_sample_diagnostic_only,False,False,True,False,True,False,True,False
train,20240330,20240330_1_07,1,서울,10,True,,0.0,0.14834437228615271,0.10259506707193926,0.12063912442688622,in_sample_diagnostic_only,False,False,False,False,False,False,False,False
train,20240330,20240330_1_08,1,서울,11,True,,0.0,0.0882229219644247,0.1457827691753401,0.13936671547026327,in_sample_diagnostic_only,False,False,True,False,True,False,True,False
train,20240330,20240330_1_09,1,서울,11,True,,0.0,0.09245178166547041,0.08770779584873264,0.11323709087537479,in_sample_diagnostic_only,False,False,False,False,False,False,False,True
train,20240330,20240330_1_10,1,서울,11,True,,0.0,0.1501024672539763,0.0946301434671029,0.11675771153801122,in_sample_diagnostic_only,False,False,False,False,False,False,False,False
train,20240330,20240330_1_11,1,서울,11,True,,0.0,0.1468910257811851,0.10304658242455152,0.12085420716199217,in_sample_diagnostic_only,False,False,False,False,False,False,False,False
train,20240331,20240331_1_01,1,서울,11,True,,0.0,0.0789465922254229,0.03729641850895754,0.08059470173905435,in_sample_diagnostic_only,False,True,False,True,False,True,False,True
train,20240331,20240331_1_02,1,서울,11,True,,0.0,0.1062279890006522,0.059001126656466105,0.09665008378662816,in_sample_diagnostic_only,False,False,False,True,False,True,False,True
train,20240331,20240331_1_03,1,서울,11,True,,0.0,0.1131237091565993,0.06650156031906579,0.10136321546022838,in_sample_diagnostic_only,False,False,False,True,False,True,False,True
train,20240331,20240331_1_04,1,서울,10,True,,0.0,0.204075430627188,0.08378616060602505,0.11117422450148057,in_sample_diagnostic_only,False,False,False,False,False,False,False,True
train,20240331,20240331_1_05,1,서울,8,True,,1.0,0.1683772475228743,0.20850699893709995,0.16234612264431345,in_sample_diagnostic_only,True,False,True,False,True,False,True,False
train,20240331,20240331_1_06,1,서울,10,True,,0.0,0.1714256273987617,0.09857590623324437,0.11870172317475132,in_sample_diagnostic_only,False,False,False,False,False,False,False,False
train,20240331,20240331_1_07,1,서울,11,True,,0.0,0.1184076649399184,0.08172722525423746,0.11006962812364703,in_sample_diagnostic_only,False,False,False,False,False,False,False,True
train,20240331,20240331_1_08,1,서울,10,True,,0.0,0.1564083178714658,0.10514632999577965,0.1218478801326882,in_sample_diagnostic_only,False,False,False,False,False,False,False,False
train,20240331,20240331_1_09,1,서울,9,True,,0.0,0.1257113495664745,0.06016488914290588,0.09740326963971471,in_sample_diagnostic_only,False,False,False,True,False,True,False,True
train,20240331,20240331_1_10,1,서울,10,True,,1.0,0.1981444350004642,0.26240842865031794,0.17997579599120608,in_sample_diagnostic_only,True,False,True,False,True,False,True,False
train,20240331,20240331_1_11,1,서울,11,True,,0.0,0.11405875745714289,0.07121546357832648,0.1041699551440766,in_sample_diagnostic_only,False,False,False,False,False,True,False,True
train,20240331,20240331_3_01,3,부경,12,True,,0.0,0.10429749004663709,0.03966104849829174,0.08257738485881393,in_sample_diagnostic_only,False,True,False,True,False,True,False,True
train,20240331,20240331_3_02,3,부경,11,True,,1.0,0.0667973667920815,0.18422274444071352,0.15386077841387774,in_sample_diagnostic_only,True,False,True,False,True,False,True,False
train,20240331,20240331_3_03,3,부경,11,True,,0.0,0.22203347498135942,0.1840889005425224,0.15381278033673476,in_sample_diagnostic_only,True,False,True,False,True,False,True,False
train,20240331,20240331_3_04,3,부경,12,True,,0.0,0.1439424683738563,0.1285436160167779,0.13228325655977524,in_sample_diagnostic_only,False,False,False,False,True,False,True,False
train,20240331,20240331_3_05,3,부경,16,True,,0.0,0.0658769197560514,0.17555505070851107,0.1507209396666312,in_sample_diagnostic_only,True,False,True,False,True,False,True,False
train,20240331,20240331_3_06,3,부경,11,True,,1.0,0.08941183142914991,0.24028686080543554,0.17290245302441457,in_sample_diagnostic_only,True,False,True,False,True,False,True,False
train,20240405,20240405_3_01,3,부경,12,True,,1.0,0.14682927046473093,0.23477102891820362,0.17110707843834602,in_sample_diagnostic_only,True,False,True,False,True,False,True,False
train,20240405,20240405_3_02,3,부경,10,True,,0.0,0.1514147323188722,0.06395533995824669,0.09979941995059857,in_sample_diagnostic_only,False,False,False,True,False,True,False,True
train,20240405,20240405_3_03,3,부경,12,True,,0.0,0.1225397879400734,0.1064289688322358,0.12244967209739877,in_sample_diagnostic_only,False,False,False,False,False,False,False,False
train,20240405,20240405_3_04,3,부경,12,True,,1.0,0.13213170251756712,0.34173674825868505,0.20422634774183857,in_sample_diagnostic_only,True,False,True,False,True,False,True,False
train,20240405,20240405_3_05,3,부경,12,True,,0.0,0.1450904584053333,0.12906359734081374,0.1325035679224216,in_sample_diagnostic_only,False,False,False,False,True,False,True,False
train,20240405,20240405_3_06,3,부경,12,True,,0.0,0.16599171815750702,0.06620603199775425,0.10118350308036357,in_sample_diagnostic_only,False,False,False,True,False,True,False,True
train,20240405,20240405_3_07,3,부경,11,True,,0.0,0.1043155700050647,0.0777587075205458,0.10789570747857137,in_sample_diagnostic_only,False,False,False,False,False,False,False,True
train,20240405,20240405_3_08,3,부경,12,True,,0.0,0.0817744361127547,0.05848365698537728,0.0963123996374295,in_sample_diagnostic_only,False,False,False,True,False,True,False,True
train,20240406,20240406_1_01,1,서울,10,True,,0.0,0.17963276493465208,0.049852414393165304,0.09040031954531545,in_sample_diagnostic_only,False,True,False,True,False,True,False,True
train,20240406,20240406_1_02,1,서울,7,True,,0.0,0.1305253580237548,0.058633374272569524,0.09641027873955332,in_sample_diagnostic_only,False,False,False,True,False,True,False,True
train,20240406,20240406_1_03,1,서울,11,True,,0.0,0.06693283781123671,0.09234281708028264,0.11561052576955777,in_sample_diagnostic_only,False,False,False,False,False,False,False,False
train,20240406,20240406_1_04,1,서울,11,True,,1.0,0.1700837860888962,0.45104760109775444,0.23684589382743274,in_sample_diagnostic_only,True,False,True,False,True,False,True,False
train,20240406,20240406_1_05,1,서울,11,True,,0.0,0.1575401263512785,0.0669087815181285,0.10161009787672896,in_sample_diagnostic_only,False,False,False,False,False,True,False,True
train,20240406,20240406_1_06,1,서울,11,True,,0.0,0.1667390068209698,0.10466897588770512,0.12162291662660082,in_sample_diagnostic_only,False,False,False,False,False,False,False,False
train,20240406,20240406_1_07,1,서울,9,True,,0.0,0.17892803693143391,0.08660188555574336,0.11266062996036898,in_sample_diagnostic_only,False,False,False,False,False,False,False,True
train,20240406,20240406_1_08,1,서울,10,True,,0.0,0.202975538383873,0.08211247727392833,0.11027748388507991,in_sample_diagnostic_only,False,False,False,False,False,False,False,True
train,20240406,20240406_1_09,1,서울,7,True,,0.0,0.13002957706634768,0.1106514761150165,0.12440410343134223,in_sample_diagnostic_only,False,False,False,False,False,False,False,False
train,20240406,20240406_1_10,1,서울,11,True,,0.0,0.11336794546691072,0.07014116238918708,0.10353988429576551,in_sample_diagnostic_only,False,False,False,False,False,True,False,True
train,20240406,20240406_1_11,1,서울,8,True,,0.0,0.22901742315849122,0.13438986906176112,0.13473517386265035,in_sample_diagnostic_only,False,False,False,False,True,False,True,False
train,20240407,20240407_1_01,1,서울,11,True,,0.0,0.0944691599607499,0.028265627502320277,0.072230894749106,in_sample_diagnostic_only,False,True,False,True,False,True,False,True
train,20240407,20240407_1_02,1,서울,7,True,,0.0,0.1138541250342742,0.059437465061456585,0.09693348606972978,in_sample_diagnostic_only,False,False,False,True,False,True,False,True
train,20240407,20240407_1_03,1,서울,9,True,,0.0,0.0884060016900794,0.03323019520412688,0.07700030451879525,in_sample_diagnostic_only,False,True,False,True,False,True,False,True
train,20240407,20240407_1_04,1,서울,11,True,,0.0,0.13265427763488338,0.10907617969481019,0.12367964757174311,in_sample_diagnostic_only,False,False,False,False,False,False,False,False
train,20240407,20240407_1_05,1,서울,9,True,,0.0,0.1183167689622326,0.041160438764373614,0.08379810610112667,in_sample_diagnostic_only,False,True,False,True,False,True,False,True
train,20240407,20240407_1_06,1,서울,9,True,,1.0,0.1700734239692887,0.5414201862289544,0.26502571532074254,in_sample_diagnostic_only,True,False,True,False,True,False,True,False
train,20240407,20240407_1_07,1,서울,11,True,,0.0,0.1363640829959087,0.06423808219030094,0.09997482197130844,in_sample_diagnostic_only,False,False,False,True,False,True,False,True
train,20240407,20240407_1_08,1,서울,10,True,,0.0,0.18406472760497358,0.1172218931697527,0.12736896621381852,in_sample_diagnostic_only,False,False,False,False,False,False,True,False
train,20240407,20240407_1_09,1,서울,11,True,,1.0,0.230583783638014,0.2136959475994796,0.16410762806124357,in_sample_diagnostic_only,True,False,True,False,True,False,True,False
train,20240407,20240407_1_10,1,서울,8,True,,0.0,0.25444051944703416,0.11014289045708159,0.1241708097320197,in_sample_diagnostic_only,False,False,False,False,False,False,False,False
train,20240407,20240407_1_11,1,서울,10,True,,0.0,0.1982345054059242,0.051048057156452414,0.09125342251329362,in_sample_diagnostic_only,False,True,False,True,False,True,False,True
train,20240407,20240407_3_01,3,부경,11,True,,0.0,0.11107498511598038,0.05120715806449005,0.09136605047426793,in_sample_diagnostic_only,False,True,False,True,False,True,False,True
train,20240407,20240407_3_02,3,부경,12,True,,0.0,0.1536051192831501,0.06296398174563866,0.09918085474111848,in_sample_diagnostic_only,False,False,False,True,False,True,False,True
train,20240407,20240407_3_03,3,부경,12,True,,0.0,0.22309632098739768,0.10036917760239755,0.11957130778131961,in_sample_diagnostic_only,False,False,False,False,False,False,False,False
train,20240407,20240407_3_04,3,부경,11,True,,0.0,0.1456078520155667,0.11149866833151836,0.12479147113110937,in_sample_diagnostic_only,False,False,False,False,False,False,True,False
train,20240407,20240407_3_05,3,부경,13,True,,0.0,0.0769195178463839,0.11306372804396546,0.12550303446798125,in_sample_diagnostic_only,False,False,False,False,False,False,True,False
train,20240407,20240407_3_06,3,부경,12,True,,0.0,0.1496665462577391,0.0754346562282944,0.10659349498211522,in_sample_diagnostic_only,False,False,False,False,False,True,False,True
train,20240412,20240412_3_01,3,부경,9,True,,0.0,0.0990872946729004,0.09380376933658627,0.11634501783199282,in_sample_diagnostic_only,False,False,False,False,False,False,False,False
train,20240412,20240412_3_02,3,부경,11,True,,0.0,0.054598750162461906,0.08567380146473695,0.11217370615000387,in_sample_diagnostic_only,False,False,False,False,False,False,False,True
train,20240412,20240412_3_03,3,부경,12,True,,0.0,0.19710213408305371,0.11863811441219027,0.12799661688850147,in_sample_diagnostic_only,False,False,False,False,False,False,True,False
train,20240412,20240412_3_04,3,부경,12,True,,0.0,0.1306826275226984,0.11385332194554303,0.12586007183806847,in_sample_diagnostic_only,False,False,False,False,False,False,True,False
train,20240412,20240412_3_05,3,부경,12,True,,0.0,0.1462519942676917,0.10954672754639032,0.12389661997703469,in_sample_diagnostic_only,False,False,False,False,False,False,False,False
train,20240412,20240412_3_06,3,부경,12,True,,1.0,0.23295586964077858,0.26659906013724094,0.18129543955303798,in_sample_diagnostic_only,True,False,True,False,True,False,True,False
train,20240412,20240412_3_07,3,부경,12,True,,0.0,0.0675450477063426,0.12417312719446229,0.13041344389797233,in_sample_diagnostic_only,False,False,False,False,False,False,True,False
train,20240412,20240412_3_08,3,부경,12,True,,0.0,0.103842628581264,0.07308389785174918,0.10525299752073916,in_sample_diagnostic_only,False,False,False,False,False,True,False,True
train,20240413,20240413_1_01,1,서울,11,True,,0.0,0.0978323862382883,0.05101145541572897,0.09122748276944335,in_sample_diagnostic_only,False,True,False,True,False,True,False,True
train,20240413,20240413_1_02,1,서울,9,True,,0.0,0.10721955162757502,0.05115116479691182,0.09132643624742136,in_sample_diagnostic_only,False,True,False,True,False,True,False,True
train,20240413,20240413_1_03,1,서울,9,True,,0.0,0.1942076748680435,0.05195367310689436,0.09189177562827129,in_sample_diagnostic_only,False,True,False,True,False,True,False,True
train,20240413,20240413_1_04,1,서울,9,True,,0.0,0.1040536213669216,0.10425901478439559,0.12142927648059439,in_sample_diagnostic_only,False,False,False,False,False,False,False,False
train,20240413,20240413_1_05,1,서울,10,True,,1.0,0.160883166857215,0.3453101256087219,0.20529430254613273,in_sample_diagnostic_only,True,False,True,False,True,False,True,False
train,20240413,20240413_1_06,1,서울,10,True,,0.0,0.1345576418290904,0.0618245022514,0.09846286439926659,in_sample_diagnostic_only,False,False,False,True,False,True,False,True
train,20240413,20240413_1_07,1,서울,8,True,,0.0,0.23100310707663982,0.09387286494377459,0.11637960019853492,in_sample_diagnostic_only,False,False,False,False,False,False,False,False
train,20240413,20240413_1_08,1,서울,8,True,,0.0,0.26052073178411306,0.1795585751508052,0.15217929127441768,in_sample_diagnostic_only,True,False,True,False,True,False,True,False
train,20240413,20240413_1_09,1,서울,8,True,,0.0,0.1917457405284779,0.07609384369017051,0.10696512730128273,in_sample_diagnostic_only,False,False,False,False,False,True,False,True
train,20240413,20240413_1_10,1,서울,8,True,,0.0,0.19943925762794007,0.08239129960010738,0.11042757754068658,in_sample_diagnostic_only,False,False,False,False,False,False,False,True
train,20240413,20240413_1_11,1,서울,11,True,,0.0,0.2336876130102008,0.14286215119472664,0.13819670352876,in_sample_diagnostic_only,False,False,False,False,True,False,True,False
train,20240414,20240414_1_01,1,서울,10,True,,0.0,0.1435320593672538,0.05239769579070937,0.0922023661319431,in_sample_diagnostic_only,False,True,False,True,False,True,False,True
train,20240414,20240414_1_02,1,서울,11,True,,0.0,0.058595102455842304,0.03499490161498877,0.07859103858807662,in_sample_diagnostic_only,False,True,False,True,False,True,False,True
train,20240414,20240414_1_03,1,서울,11,True,,0.0,0.13663508911013922,0.1273955756777927,0.1317952478416977,in_sample_diagnostic_only,False,False,False,False,True,False,True,False
train,20240414,20240414_1_04,1,서울,7,True,,0.0,0.1470031946248947,0.09989472523997833,0.11934205928605353,in_sample_diagnostic_only,False,False,False,False,False,False,False,False
train,20240414,20240414_1_05,1,서울,8,True,,0.0,0.1042382546547832,0.12202754404296538,0.12948327099598037,in_sample_diagnostic_only,False,False,False,False,False,False,True,False
train,20240414,20240414_1_06,1,서울,10,True,,0.0,0.1466783454518029,0.0768319528965047,0.10737909961200649,in_sample_diagnostic_only,False,False,False,False,False,True,False,True
train,20240414,20240414_1_07,1,서울,16,True,,0.0,0.0535955483169038,0.04697900095612719,0.08829936501938615,in_sample_diagnostic_only,False,True,False,True,False,True,False,True
train,20240414,20240414_1_08,1,서울,14,True,,1.0,0.18718093576203337,0.3827224402337237,0.21642982456669194,in_sample_diagnostic_only,True,False,True,False,True,False,True,False
train,20240414,20240414_1_09,1,서울,9,True,,0.0,0.11880801810046951,0.05284668915848181,0.09251486266126771,in_sample_diagnostic_only,False,True,False,True,False,True,False,True
train,20240414,20240414_1_10,1,서울,9,True,,0.0,0.11419175095149278,0.05841678195122395,0.0962686322548824,in_sample_diagnostic_only,False,False,False,True,False,True,False,True
train,20240414,20240414_1_11,1,서울,10,True,,0.0,0.14407536349799677,0.03712986252942013,0.08045223906999016,in_sample_diagnostic_only,False,True,False,True,False,True,False,True
train,20240414,20240414_3_01,3,부경,12,True,,0.0,0.0900149338696615,0.0413886896625571,0.08398158974378321,in_sample_diagnostic_only,False,True,False,True,False,True,False,True
train,20240414,20240414_3_02,3,부경,12,True,,0.0,0.1296058628721378,0.11700545717889994,0.12727269978726188,in_sample_diagnostic_only,False,False,False,False,False,False,True,False
train,20240414,20240414_3_03,3,부경,12,True,,0.0,0.1551090883530834,0.10358659601655183,0.12111078545035397,in_sample_diagnostic_only,False,False,False,False,False,False,False,False
train,20240414,20240414_3_04,3,부경,10,True,,0.0,0.18472505895745708,0.09366339603642275,0.11627471810549152,in_sample_diagnostic_only,False,False,False,False,False,False,False,False
train,20240414,20240414_3_05,3,부경,9,True,,0.0,0.12402508992223389,0.08274460816133235,0.11061736102080313,in_sample_diagnostic_only,False,False,False,False,False,False,False,True
train,20240414,20240414_3_06,3,부경,12,True,,1.0,0.1179916520805313,0.22370712867062384,0.16746184300473088,in_sample_diagnostic_only,True,False,True,False,True,False,True,False
train,20240419,20240419_3_01,3,부경,12,True,,0.0,0.0702228014432512,0.05176399479284516,0.09175862070106561,in_sample_diagnostic_only,False,True,False,True,False,True,False,True
train,20240419,20240419_3_02,3,부경,10,True,,0.0,0.1028723845928222,0.06011123793548898,0.09736873394299222,in_sample_diagnostic_only,False,False,False,True,False,True,False,True
train,20240419,20240419_3_03,3,부경,9,True,,0.0,0.0772057063184168,0.07706437763511503,0.10750899078888589,in_sample_diagnostic_only,False,False,False,False,False,True,False,True
train,20240419,20240419_3_04,3,부경,12,True,,0.0,0.1577348583055474,0.141558326654658,0.13767065695839262,in_sample_diagnostic_only,False,False,False,False,True,False,True,False
train,20240419,20240419_3_05,3,부경,11,True,,0.0,0.17399345633922308,0.0737635561115042,0.10564305000958109,in_sample_diagnostic_only,False,False,False,False,False,True,False,True
train,20240419,20240419_3_06,3,부경,12,True,,0.0,0.1590139216030771,0.14777049131941833,0.14015657729315803,in_sample_diagnostic_only,False,False,True,False,True,False,True,False
train,20240419,20240419_3_07,3,부경,12,True,,0.0,0.178599679281712,0.13204260689884106,0.1337572572548317,in_sample_diagnostic_only,False,False,False,False,True,False,True,False
train,20240419,20240419_3_08,3,부경,12,True,,0.0,0.1181359563343787,0.13519747456306627,0.1350696764362332,in_sample_diagnostic_only,False,False,False,False,True,False,True,False
train,20240420,20240420_1_01,1,서울,8,True,,0.0,0.0774523350718377,0.07182940699436441,0.10452759557892645,in_sample_diagnostic_only,False,False,False,False,False,True,False,True
train,20240420,20240420_1_02,1,서울,9,True,,0.0,0.0709707556408911,0.04520814594640721,0.08696639468766588,in_sample_diagnostic_only,False,True,False,True,False,True,False,True
train,20240420,20240420_1_03,1,서울,10,True,,0.0,0.12551391451231653,0.13250673817506398,0.13395130518578582,in_sample_diagnostic_only,False,False,False,False,True,False,True,False
train,20240420,20240420_1_04,1,서울,10,True,,0.0,0.19086165056307822,0.09460040427344026,0.11674289386901893,in_sample_diagnostic_only,False,False,False,False,False,False,False,False
train,20240420,20240420_1_05,1,서울,10,True,,0.0,0.2224090302146287,0.13615845991873116,0.13546642329427308,in_sample_diagnostic_only,False,False,False,False,True,False,True,False
train,20240420,20240420_1_06,1,서울,11,True,,0.0,0.1522608889394702,0.075517685161037,0.10664040537659045,in_sample_diagnostic_only,False,False,False,False,False,True,False,True
train,20240420,20240420_1_07,1,서울,8,True,,1.0,0.1772402506113739,0.4193992922598757,0.22734533806287038,in_sample_diagnostic_only,True,False,True,False,True,False,True,False
train,20240420,20240420_1_08,1,서울,9,True,,0.0,0.0983760005434582,0.06245962137190954,0.09886399174524241,in_sample_diagnostic_only,False,False,False,True,False,True,False,True
train,20240420,20240420_1_09,1,서울,11,True,,0.0,0.15386582562202328,0.11014535065836151,0.12417193961604875,in_sample_diagnostic_only,False,False,False,False,False,False,False,False
train,20240420,20240420_1_10,1,서울,11,True,,1.0,0.0670271525657928,0.2651572898178888,0.1808420824194805,in_sample_diagnostic_only,True,False,True,False,True,False,True,False
train,20240420,20240420_1_11,1,서울,11,True,,0.0,0.1132506405158715,0.04392959423345079,0.0859845827415631,in_sample_diagnostic_only,False,True,False,True,False,True,False,True
train,20240421,20240421_1_01,1,서울,11,True,,0.0,0.057486008951517606,0.04599571049490481,0.08756297530069101,in_sample_diagnostic_only,False,True,False,True,False,True,False,True
train,20240421,20240421_1_02,1,서울,8,True,,0.0,0.1102164467775469,0.07362081403586186,0.10556130099047556,in_sample_diagnostic_only,False,False,False,False,False,True,False,True
train,20240421,20240421_1_03,1,서울,11,True,,0.0,0.0591711467191411,0.053253812007745975,0.09279687062691859,in_sample_diagnostic_only,False,True,False,True,False,True,False,True
train,20240421,20240421_1_04,1,서울,10,True,,0.0,0.1589287140517899,0.09585296275791629,0.11736480431812876,in_sample_diagnostic_only,False,False,False,False,False,False,False,False
train,20240421,20240421_1_05,1,서울,11,True,,1.0,0.14159977530000106,0.3609784484817205,0.20996544659768013,in_sample_diagnostic_only,True,False,True,False,True,False,True,False
train,20240421,20240421_1_06,1,서울,10,True,,0.0,0.1839115975175963,0.055548438505793024,0.09436313480519246,in_sample_diagnostic_only,False,False,False,True,False,True,False,True
train,20240421,20240421_1_07,1,서울,15,True,,0.0,0.051381945965687306,0.04081005448541673,0.0835152559755874,in_sample_diagnostic_only,False,True,False,True,False,True,False,True
train,20240421,20240421_1_08,1,서울,8,True,,0.0,0.26082977045945877,0.06903077385841754,0.10288282361686991,in_sample_diagnostic_only,False,False,False,False,False,True,False,True
train,20240421,20240421_1_09,1,서울,9,True,,0.0,0.0889671198687417,0.13916293190430687,0.1366980235762831,in_sample_diagnostic_only,False,False,False,False,True,False,True,False
train,20240421,20240421_1_10,1,서울,9,True,,0.0,0.1640557310405273,0.07998819981766077,0.1091244714908417,in_sample_diagnostic_only,False,False,False,False,False,False,False,True
train,20240421,20240421_1_11,1,서울,11,True,,0.0,0.16319859922553,0.09266670794103825,0.11577390685366232,in_sample_diagnostic_only,False,False,False,False,False,False,False,False
train,20240421,20240421_3_01,3,부경,12,True,,1.0,0.13080807244745782,0.24858019536158119,0.17557684949189403,in_sample_diagnostic_only,True,False,True,False,True,False,True,False
train,20240421,20240421_3_02,3,부경,12,True,,1.0,0.0952408543338309,0.3878429158946556,0.21795128070250044,in_sample_diagnostic_only,True,False,True,False,True,False,True,False
train,20240421,20240421_3_03,3,부경,12,True,,1.0,0.15962328913036727,0.20864435031326686,0.16239296304494608,in_sample_diagnostic_only,True,False,True,False,True,False,True,False
train,20240421,20240421_3_04,3,부경,12,True,,0.0,0.2123914768151676,0.12357506959467006,0.13015499816084633,in_sample_diagnostic_only,False,False,False,False,False,False,True,False
train,20240421,20240421_3_05,3,부경,12,True,,0.0,0.1352828113144171,0.11479743584632632,0.12628528751868975,in_sample_diagnostic_only,False,False,False,False,False,False,True,False
train,20240421,20240421_3_06,3,부경,10,True,,0.0,0.1471959290650126,0.06261889173333086,0.09896421242695683,in_sample_diagnostic_only,False,False,False,True,False,True,False,True
train,20240426,20240426_3_01,3,부경,11,True,,0.0,0.090032289545536,0.05995572237341351,0.09726852598605987,in_sample_diagnostic_only,False,False,False,True,False,True,False,True
train,20240426,20240426_3_02,3,부경,12,True,,0.0,0.1138582974290218,0.11573373947486752,0.12670519048384737,in_sample_diagnostic_only,False,False,False,False,False,False,True,False
train,20240426,20240426_3_03,3,부경,12,True,,0.0,0.11735303824749499,0.1333251408949213,0.1342926474356475,in_sample_diagnostic_only,False,False,False,False,True,False,True,False
train,20240426,20240426_3_04,3,부경,12,True,,0.0,0.1153586265454163,0.1627583966959181,0.14595820003997448,in_sample_diagnostic_only,False,False,True,False,True,False,True,False
train,20240426,20240426_3_05,3,부경,12,True,,1.0,0.1301266972387268,0.44253840078541623,0.2342799054997558,in_sample_diagnostic_only,True,False,True,False,True,False,True,False
train,20240426,20240426_3_06,3,부경,12,True,,0.0,0.1684175753349934,0.08059129145668233,0.1094535432980033,in_sample_diagnostic_only,False,False,False,False,False,False,False,True
train,20240426,20240426_3_07,3,부경,12,True,,1.0,0.1580420532650939,0.3433314260846942,0.20470308354143535,in_sample_diagnostic_only,True,False,True,False,True,False,True,False
train,20240426,20240426_3_08,3,부경,11,True,,0.0,0.1146891295034537,0.12513577161404893,0.13082811644920153,in_sample_diagnostic_only,False,False,False,False,False,False,True,False
train,20240427,20240427_1_01,1,서울,11,True,,0.0,0.1606010865727649,0.04948840826082739,0.09013820288945917,in_sample_diagnostic_only,False,True,False,True,False,True,False,True
train,20240427,20240427_1_02,1,서울,10,True,,0.0,0.1156112891186546,0.07415158653950171,0.10586482379874668,in_sample_diagnostic_only,False,False,False,False,False,True,False,True
train,20240427,20240427_1_03,1,서울,10,True,,0.0,0.16799865597426442,0.12130732797106682,0.12916916513341692,in_sample_diagnostic_only,False,False,False,False,False,False,True,False
train,20240427,20240427_1_04,1,서울,10,True,,0.0,0.0817002213606193,0.1298389842454673,0.13283126568544948,in_sample_diagnostic_only,False,False,False,False,True,False,True,False
train,20240427,20240427_1_05,1,서울,10,True,,0.0,0.1736482970875038,0.11318138647139159,0.12555631951227608,in_sample_diagnostic_only,False,False,False,False,False,False,True,False
train,20240427,20240427_1_06,1,서울,11,True,,0.0,0.1257010706108319,0.10915640538047357,0.12371667498730832,in_sample_diagnostic_only,False,False,False,False,False,False,False,False
train,20240427,20240427_1_07,1,서울,10,True,,0.0,0.14510471484741772,0.1364698502385985,0.13559468557177762,in_sample_diagnostic_only,False,False,False,False,True,False,True,False
train,20240427,20240427_1_08,1,서울,10,True,,0.0,0.1575224819786057,0.08585439240618953,0.11226868251689269,in_sample_diagnostic_only,False,False,False,False,False,False,False,True
train,20240427,20240427_1_09,1,서울,11,True,,0.0,0.2042703949349268,0.12771583206843268,0.1319316045119076,in_sample_diagnostic_only,False,False,False,False,True,False,True,False
train,20240427,20240427_1_10,1,서울,10,True,,0.0,0.12250668857220312,0.09338406748509812,0.11613465741919742,in_sample_diagnostic_only,False,False,False,False,False,False,False,False
train,20240427,20240427_1_11,1,서울,11,True,,0.0,0.1472866388582234,0.06738778328663686,0.10189939509340923,in_sample_diagnostic_only,False,False,False,False,False,True,False,True
train,20240428,20240428_1_01,1,서울,11,True,,1.0,0.0928443771984094,0.1744952062349668,0.1503324595589579,in_sample_diagnostic_only,True,False,True,False,True,False,True,False
train,20240428,20240428_1_02,1,서울,10,True,,0.0,0.1690018549157833,0.04915656558486221,0.08989825213367922,in_sample_diagnostic_only,False,True,False,True,False,True,False,True
train,20240428,20240428_1_03,1,서울,10,True,,0.0,0.17996750317826318,0.09108540925001266,0.11497325354022969,in_sample_diagnostic_only,False,False,False,False,False,False,False,False
train,20240428,20240428_1_04,1,서울,10,True,,0.0,0.15226450879049552,0.11542537505352853,0.12656709446990244,in_sample_diagnostic_only,False,False,False,False,False,False,True,False
train,20240428,20240428_1_05,1,서울,8,True,,0.0,0.1128391683995663,0.07585152663671399,0.106828727924201,in_sample_diagnostic_only,False,False,False,False,False,True,False,True
train,20240428,20240428_1_06,1,서울,10,True,,0.0,0.1938546339104157,0.25206522354832117,0.17669227456661152,in_sample_diagnostic_only,True,False,True,False,True,False,True,False
train,20240428,20240428_1_07,1,서울,12,True,,0.0,0.05572996937611499,0.06728514263853791,0.10183750410730483,in_sample_diagnostic_only,False,False,False,False,False,True,False,True
train,20240428,20240428_1_08,1,서울,10,True,,0.0,0.1186769660758043,0.06697847828310027,0.10165226565852852,in_sample_diagnostic_only,False,False,False,False,False,True,False,True
train,20240428,20240428_1_09,1,서울,10,True,,0.0,0.11391972749403369,0.08569425457066181,0.11218446842190821,in_sample_diagnostic_only,False,False,False,False,False,False,False,True
train,20240428,20240428_1_10,1,서울,11,True,,0.0,0.16698138521645778,0.08695205066820036,0.11284359379695691,in_sample_diagnostic_only,False,False,False,False,False,False,False,True
train,20240428,20240428_1_11,1,서울,11,True,,1.0,0.1774887457739287,0.3375467319370972,0.20297254328975398,in_sample_diagnostic_only,True,False,True,False,True,False,True,False
train,20240428,20240428_3_01,3,부경,11,True,,0.0,0.0937172036765496,0.032472862568575636,0.0763020047856314,in_sample_diagnostic_only,False,True,False,True,False,True,False,True
train,20240428,20240428_3_02,3,부경,12,True,,0.0,0.17870409558434758,0.11924017848823401,0.12826227141908014,in_sample_diagnostic_only,False,False,False,False,False,False,True,False
train,20240428,20240428_3_03,3,부경,12,True,,0.0,0.1748543485484459,0.10213284713194368,0.12041841654302365,in_sample_diagnostic_only,False,False,False,False,False,False,False,False
train,20240428,20240428_3_04,3,부경,12,True,,0.0,0.1328871586322327,0.21536869820492957,0.16467203691078092,in_sample_diagnostic_only,True,False,True,False,True,False,True,False
train,20240428,20240428_3_05,3,부경,12,True,,0.0,0.11194874841910189,0.07611284395485143,0.1069758120875757,in_sample_diagnostic_only,False,False,False,False,False,True,False,True
train,20240428,20240428_3_06,3,부경,9,True,,0.0,0.1912130435986828,0.09503131076322145,0.1169573472354327,in_sample_diagnostic_only,False,False,False,False,False,False,False,False
train,20240503,20240503_3_01,3,부경,11,True,,0.0,0.0744303868672134,0.03766535322647722,0.08090891305542554,in_sample_diagnostic_only,False,True,False,True,False,True,False,True
train,20240503,20240503_3_02,3,부경,7,True,,0.0,0.058200617206113,0.10068763249653502,0.11972485346328189,in_sample_diagnostic_only,False,False,False,False,False,False,False,False
train,20240503,20240503_3_03,3,부경,9,True,,0.0,0.14776028401006241,0.12075935111134756,0.1289295367180146,in_sample_diagnostic_only,False,False,False,False,False,False,True,False
train,20240503,20240503_3_04,3,부경,11,True,,0.0,0.09453362785187511,0.13852175813601553,0.13643629561001422,in_sample_diagnostic_only,False,False,False,False,True,False,True,False
train,20240503,20240503_3_05,3,부경,12,True,,0.0,0.10908623866387851,0.09731759257157878,0.11808643393634141,in_sample_diagnostic_only,False,False,False,False,False,False,False,False
train,20240503,20240503_3_06,3,부경,12,True,,0.0,0.1122029848108953,0.11984844877449226,0.12852996349309892,in_sample_diagnostic_only,False,False,False,False,False,False,True,False
train,20240503,20240503_3_07,3,부경,12,True,,0.0,0.0986120572820581,0.0902209758593895,0.11453234059665113,in_sample_diagnostic_only,False,False,False,False,False,False,False,False
train,20240503,20240503_3_08,3,부경,8,True,,0.0,0.1099114880722474,0.13737707456389084,0.1359675537989249,in_sample_diagnostic_only,False,False,False,False,True,False,True,False
train,20240504,20240504_1_01,1,서울,11,True,,0.0,0.0710031728458147,0.047658013636662264,0.08880255782842891,in_sample_diagnostic_only,False,True,False,True,False,True,False,True
train,20240504,20240504_1_02,1,서울,10,True,,0.0,0.1318302382404889,0.06364762485981504,0.09960801588225765,in_sample_diagnostic_only,False,False,False,True,False,True,False,True
train,20240504,20240504_1_03,1,서울,9,True,,0.0,0.0765554967265348,0.06451970323174588,0.10014908583016359,in_sample_diagnostic_only,False,False,False,True,False,True,False,True
train,20240504,20240504_1_04,1,서울,7,True,,0.0,0.23165871609566013,0.12389487248017872,0.13029327742346533,in_sample_diagnostic_only,False,False,False,False,False,False,True,False
train,20240504,20240504_1_05,1,서울,9,True,,0.0,0.0897359218467623,0.08095625383196774,0.10965201156091894,in_sample_diagnostic_only,False,False,False,False,False,False,False,True
train,20240504,20240504_1_06,1,서울,11,True,,0.0,0.1124484579468932,0.0770984455629144,0.10752801114715814,in_sample_diagnostic_only,False,False,False,False,False,True,False,True
train,20240504,20240504_1_07,1,서울,8,True,,0.0,0.19819856274617562,0.15447296884292677,0.1427834347185019,in_sample_diagnostic_only,False,False,True,False,True,False,True,False
train,20240504,20240504_1_08,1,서울,10,True,,0.0,0.09506390455561001,0.08125673082105163,0.1098150363875233,in_sample_diagnostic_only,False,False,False,False,False,False,False,True
train,20240504,20240504_1_09,1,서울,8,True,,0.0,0.1114624092156176,0.06342684213534144,0.09947035545273375,in_sample_diagnostic_only,False,False,False,True,False,True,False,True
train,20240504,20240504_1_10,1,서울,8,True,,0.0,0.1195212465133878,0.0879645377789047,0.11337034279067232,in_sample_diagnostic_only,False,False,False,False,False,False,False,True
train,20240504,20240504_1_11,1,서울,10,True,,0.0,0.2101824487754571,0.13072051854584488,0.13320263422070389,in_sample_diagnostic_only,False,False,False,False,True,False,True,False
train,20240505,20240505_1_01,1,서울,11,True,,0.0,0.0765402589680786,0.05137914107013385,0.09148756593418096,in_sample_diagnostic_only,False,True,False,True,False,True,False,True
train,20240505,20240505_1_02,1,서울,9,True,,0.0,0.0879711418062864,0.08760075276188693,0.1131814706306407,in_sample_diagnostic_only,False,False,False,False,False,False,False,True
train,20240505,20240505_1_03,1,서울,11,True,,0.0,0.1407030921564915,0.08594106852948644,0.11231422783501363,in_sample_diagnostic_only,False,False,False,False,False,False,False,True
train,20240505,20240505_1_04,1,서울,9,True,,0.0,0.1759428239688993,0.1712070104073726,0.14912054600968672,in_sample_diagnostic_only,True,False,True,False,True,False,True,False
train,20240505,20240505_1_05,1,서울,8,True,,0.0,0.11151293120865831,0.1371617582882992,0.13587916893240318,in_sample_diagnostic_only,False,False,False,False,True,False,True,False
train,20240505,20240505_1_06,1,서울,9,True,,0.0,0.2267717964627559,0.14009025892893123,0.1370755190804543,in_sample_diagnostic_only,False,False,False,False,True,False,True,False
train,20240505,20240505_1_07,1,서울,8,True,,0.0,0.25497292782522335,0.10667142978647556,0.1225629965583786,in_sample_diagnostic_only,False,False,False,False,False,False,False,False
train,20240505,20240505_1_08,1,서울,11,True,,0.0,0.1567512894660781,0.08521459530737778,0.11193169863932347,in_sample_diagnostic_only,False,False,False,False,False,False,False,True
train,20240505,20240505_1_09,1,서울,11,True,,0.0,0.1087911777818067,0.06954999635843447,0.10319081501627576,in_sample_diagnostic_only,False,False,False,False,False,True,False,True
train,20240505,20240505_1_10,1,서울,11,True,,0.0,0.0790195025567699,0.03829898613987666,0.08144427754426489,in_sample_diagnostic_only,False,True,False,True,False,True,False,True
train,20240505,20240505_3_01,3,부경,11,True,,0.0,0.0555243453846735,0.03892073534107168,0.0819644608513064,in_sample_diagnostic_only,False,True,False,True,False,True,False,True
train,20240505,20240505_3_02,3,부경,12,True,,1.0,0.137664971016994,0.33804661130694075,0.20312221924057977,in_sample_diagnostic_only,True,False,True,False,True,False,True,False
train,20240505,20240505_3_03,3,부경,11,True,,1.0,0.0965218517373061,0.33389502263591,0.20187831090818228,in_sample_diagnostic_only,True,False,True,False,True,False,True,False
train,20240505,20240505_3_04,3,부경,12,True,,0.0,0.1029280315058752,0.10949205844967214,0.12387143700824801,in_sample_diagnostic_only,False,False,False,False,False,False,False,False
train,20240505,20240505_3_05,3,부경,11,True,,0.0,0.0810890018907474,0.12929360337144158,0.13260087705259574,in_sample_diagnostic_only,False,False,False,False,True,False,True,False
train,20240505,20240505_3_06,3,부경,15,True,,0.0,0.047474551834739996,0.15711240009145264,0.14380315972490276,in_sample_diagnostic_only,False,False,True,False,True,False,True,False
train,20240505,20240505_3_07,3,부경,10,True,,0.0,0.21158165305213683,0.08452805759055836,0.11156852876940199,in_sample_diagnostic_only,False,False,False,False,False,False,False,True
train,20240510,20240510_3_01,3,부경,11,True,,0.0,0.062245492698637994,0.034317412586787534,0.07798618767079384,in_sample_diagnostic_only,False,True,False,True,False,True,False,True
train,20240510,20240510_3_02,3,부경,10,True,,0.0,0.1723572789024216,0.08521020051472235,0.11192937903204504,in_sample_diagnostic_only,False,False,False,False,False,False,False,True
train,20240510,20240510_3_03,3,부경,12,True,,0.0,0.11070523527904251,0.05331929197512876,0.09284210919194272,in_sample_diagnostic_only,False,True,False,True,False,True,False,True
train,20240510,20240510_3_04,3,부경,9,True,,0.0,0.1268204066481613,0.16746195153134685,0.14772761213006178,in_sample_diagnostic_only,False,False,True,False,True,False,True,False
train,20240510,20240510_3_05,3,부경,10,True,,1.0,0.15713070899668158,0.2562752963518984,0.17803351246108223,in_sample_diagnostic_only,True,False,True,False,True,False,True,False
train,20240510,20240510_3_06,3,부경,10,True,,0.0,0.07993713972145311,0.07039327614052028,0.10368823968391955,in_sample_diagnostic_only,False,False,False,False,False,True,False,True
train,20240510,20240510_3_07,3,부경,8,True,,0.0,0.1738233758352979,0.07876077918875811,0.10845040947280318,in_sample_diagnostic_only,False,False,False,False,False,False,False,True
train,20240510,20240510_3_08,3,부경,11,True,,0.0,0.0699492721041232,0.07970723813626134,0.10897069166348919,in_sample_diagnostic_only,False,False,False,False,False,False,False,True
train,20240511,20240511_1_01,1,서울,11,True,,1.0,0.06600785630301581,0.1358817704807505,0.13535233297844826,in_sample_diagnostic_only,False,False,False,False,True,False,True,False
train,20240511,20240511_1_02,1,서울,11,True,,0.0,0.0895731606364076,0.03235305926038105,0.07619064223834758,in_sample_diagnostic_only,False,True,False,True,False,True,False,True
train,20240511,20240511_1_03,1,서울,9,True,,0.0,0.082173714349162,0.03405707294944268,0.077751847945516,in_sample_diagnostic_only,False,True,False,True,False,True,False,True
train,20240511,20240511_1_04,1,서울,8,True,,0.0,0.1415502226617414,0.14287569438996775,0.13820215548993348,in_sample_diagnostic_only,False,False,False,False,True,False,True,False
train,20240511,20240511_1_05,1,서울,9,True,,0.0,0.1176783950541034,0.1655148811557341,0.14699791097745876,in_sample_diagnostic_only,False,False,True,False,True,False,True,False
train,20240511,20240511_1_06,1,서울,10,True,,0.0,0.1330978797974297,0.14481285188695145,0.13897942517975953,in_sample_diagnostic_only,False,False,True,False,True,False,True,False
train,20240511,20240511_1_07,1,서울,10,True,,1.0,0.17028941464253108,0.3370330948785067,0.20281872040661503,in_sample_diagnostic_only,True,False,True,False,True,False,True,False
train,20240511,20240511_1_08,1,서울,11,True,,0.0,0.1390499205783177,0.11545752595093736,0.1265815016782499,in_sample_diagnostic_only,False,False,False,False,False,False,True,False
train,20240511,20240511_1_09,1,서울,9,True,,0.0,0.1122615858210399,0.050245228166555425,0.0906819151585369,in_sample_diagnostic_only,False,True,False,True,False,True,False,True
train,20240511,20240511_1_10,1,서울,11,True,,0.0,0.1031045811270388,0.05837900089194523,0.096243892952513,in_sample_diagnostic_only,False,False,False,True,False,True,False,True
train,20240511,20240511_1_11,1,서울,11,True,,1.0,0.14712518680930803,0.3760974873219689,0.21446130607561775,in_sample_diagnostic_only,True,False,True,False,True,False,True,False
train,20240512,20240512_1_01,1,서울,9,True,,0.0,0.1113743785827476,0.061401120343217416,0.09819413701840181,in_sample_diagnostic_only,False,False,False,True,False,True,False,True
train,20240512,20240512_1_02,1,서울,9,True,,0.0,0.13651749476413189,0.03670070669527168,0.0800833848753746,in_sample_diagnostic_only,False,True,False,True,False,True,False,True
train,20240512,20240512_1_03,1,서울,10,True,,0.0,0.0993998628238732,0.15335391221650446,0.14234864184114066,in_sample_diagnostic_only,False,False,True,False,True,False,True,False
train,20240512,20240512_1_04,1,서울,8,True,,1.0,0.21799815836259162,0.3346669299869818,0.202109736251506,in_sample_diagnostic_only,True,False,True,False,True,False,True,False
train,20240512,20240512_1_05,1,서울,10,True,,0.0,0.15942771263346778,0.07685904836456986,0.10739425339947607,in_sample_diagnostic_only,False,False,False,False,False,True,False,True
train,20240512,20240512_1_06,1,서울,11,True,,0.0,0.13153300092031128,0.14196700908858145,0.13783579756091732,in_sample_diagnostic_only,False,False,False,False,True,False,True,False
train,20240512,20240512_1_07,1,서울,11,True,,0.0,0.1309143525832595,0.08549392471693565,0.1120789948416656,in_sample_diagnostic_only,False,False,False,False,False,False,False,True
train,20240512,20240512_1_08,1,서울,15,True,,1.0,0.08452651716583161,0.31793647332798297,0.19707663363000708,in_sample_diagnostic_only,True,False,True,False,True,False,True,False
train,20240512,20240512_1_09,1,서울,11,True,,0.0,0.09830474622714051,0.06941836999077518,0.10311286202637972,in_sample_diagnostic_only,False,False,False,False,False,True,False,True
train,20240512,20240512_1_10,1,서울,10,True,,0.0,0.15244081124336029,0.09471212980641666,0.11679854841183501,in_sample_diagnostic_only,False,False,False,False,False,False,False,False
train,20240512,20240512_3_01,3,부경,9,True,,0.0,0.1256260423581055,0.07883355158955295,0.1084905378625802,in_sample_diagnostic_only,False,False,False,False,False,False,False,True
train,20240512,20240512_3_02,3,부경,10,True,,0.0,0.2080467255188826,0.1179721007071662,0.12770193353237855,in_sample_diagnostic_only,False,False,False,False,False,False,True,False
train,20240512,20240512_3_03,3,부경,10,True,,0.0,0.0931074483969005,0.1290908220366891,0.13251509047455873,in_sample_diagnostic_only,False,False,False,False,True,False,True,False
train,20240512,20240512_3_04,3,부경,11,True,,0.0,0.1658330169400656,0.061398332085345814,0.09819236370889389,in_sample_diagnostic_only,False,False,False,True,False,True,False,True
train,20240512,20240512_3_05,3,부경,10,True,,0.0,0.19238367361015968,0.1256684338229604,0.1310568721036467,in_sample_diagnostic_only,False,False,False,False,True,False,True,False
train,20240512,20240512_3_06,3,부경,8,True,,0.0,0.1440016535490983,0.09141233822020872,0.11513940762879729,in_sample_diagnostic_only,False,False,False,False,False,False,False,False
train,20240512,20240512_3_07,3,부경,12,True,,0.0,0.24433022927066989,0.13739570401011036,0.1359751977720395,in_sample_diagnostic_only,False,False,False,False,True,False,True,False
train,20240517,20240517_3_01,3,부경,12,True,,0.0,0.12068889468268149,0.057779588592879974,0.09585013769169295,in_sample_diagnostic_only,False,False,False,True,False,True,False,True
train,20240517,20240517_3_02,3,부경,10,True,,0.0,0.0792709474444694,0.10084180063364863,0.11979909304743544,in_sample_diagnostic_only,False,False,False,False,False,False,False,False
train,20240517,20240517_3_03,3,부경,10,True,,0.0,0.10457572782371789,0.09389524159726909,0.1163907967393196,in_sample_diagnostic_only,False,False,False,False,False,False,False,False
train,20240517,20240517_3_04,3,부경,12,True,,0.0,0.1896622380137952,0.1254254848938273,0.13095259705579188,in_sample_diagnostic_only,False,False,False,False,True,False,True,False
train,20240517,20240517_3_05,3,부경,11,True,,0.0,0.19853894240092648,0.1349153208798711,0.13495292370812562,in_sample_diagnostic_only,False,False,False,False,True,False,True,False
train,20240517,20240517_3_06,3,부경,12,True,,0.0,0.20929701509499182,0.25970971886019195,0.1791227945316868,in_sample_diagnostic_only,True,False,True,False,True,False,True,False
train,20240517,20240517_3_07,3,부경,10,True,,0.0,0.23089021908734284,0.0911527990279097,0.1150075295897687,in_sample_diagnostic_only,False,False,False,False,False,False,False,False
train,20240517,20240517_3_08,3,부경,11,True,,0.0,0.0931559251020304,0.12234017692267862,0.12961932332093523,in_sample_diagnostic_only,False,False,False,False,False,False,True,False
train,20240518,20240518_1_01,1,서울,11,True,,0.0,0.057157114058342,0.0552200829026064,0.09414136291594358,in_sample_diagnostic_only,False,False,False,True,False,True,False,True
train,20240518,20240518_1_02,1,서울,10,True,,0.0,0.0989743775929724,0.04485755037692036,0.08669883097283172,in_sample_diagnostic_only,False,True,False,True,False,True,False,True
train,20240518,20240518_1_03,1,서울,8,True,,1.0,0.1991172272813379,0.2904423504930247,0.18870292767778674,in_sample_diagnostic_only,True,False,True,False,True,False,True,False
train,20240518,20240518_1_04,1,서울,11,True,,1.0,0.2035789764522849,0.18641439310223032,0.1546446493861362,in_sample_diagnostic_only,True,False,True,False,True,False,True,False
train,20240518,20240518_1_05,1,서울,10,True,,0.0,0.1474908338308664,0.11345016926040435,0.1256779370885049,in_sample_diagnostic_only,False,False,False,False,False,False,True,False
train,20240518,20240518_1_06,1,서울,8,True,,0.0,0.23588935714596213,0.1384570640218272,0.1364098544775939,in_sample_diagnostic_only,False,False,False,False,True,False,True,False
train,20240518,20240518_1_07,1,서울,11,True,,0.0,0.1528961819175293,0.11747926716577335,0.12748332134309473,in_sample_diagnostic_only,False,False,False,False,False,False,True,False
train,20240518,20240518_1_08,1,서울,9,True,,0.0,0.1074163706446693,0.06610875960379477,0.10112425025529544,in_sample_diagnostic_only,False,False,False,True,False,True,False,True
train,20240518,20240518_1_09,1,서울,11,True,,0.0,0.112666776319003,0.16269391516519877,0.1459337830818194,in_sample_diagnostic_only,False,False,True,False,True,False,True,False
train,20240518,20240518_1_10,1,서울,9,True,,0.0,0.061253068956592605,0.06878080388970692,0.10273407379436125,in_sample_diagnostic_only,False,False,False,False,False,True,False,True
train,20240518,20240518_1_11,1,서울,11,True,,0.0,0.0828082963206936,0.04519404037155046,0.08695565361873131,in_sample_diagnostic_only,False,True,False,True,False,True,False,True
train,20240519,20240519_1_01,1,서울,11,True,,0.0,0.089530924411547,0.09856986194498993,0.11869877783114169,in_sample_diagnostic_only,False,False,False,False,False,False,False,False
train,20240519,20240519_1_02,1,서울,10,True,,0.0,0.0831246087559798,0.09215299408588577,0.11551462698819788,in_sample_diagnostic_only,False,False,False,False,False,False,False,False
train,20240519,20240519_1_03,1,서울,11,True,,0.0,0.0779439408893212,0.060619078885106495,0.0976949205736811,in_sample_diagnostic_only,False,False,False,True,False,True,False,True
train,20240519,20240519_1_04,1,서울,11,True,,0.0,0.11079603694694418,0.07427643760179327,0.1059360406921386,in_sample_diagnostic_only,False,False,False,False,False,True,False,True
train,20240519,20240519_1_05,1,서울,11,True,,0.0,0.1673688022062485,0.13565390459766502,0.13525828850317534,in_sample_diagnostic_only,False,False,False,False,True,False,True,False
train,20240519,20240519_1_06,1,서울,10,True,,0.0,0.1139016749792848,0.10670534251278464,0.12257883621051373,in_sample_diagnostic_only,False,False,False,False,False,False,False,False
train,20240519,20240519_1_07,1,서울,14,True,,0.0,0.065297737432797,0.08933532167079447,0.11407818688025977,in_sample_diagnostic_only,False,False,False,False,False,False,False,False
train,20240519,20240519_1_08,1,서울,16,True,,1.0,0.0736257910605966,0.12124742440784814,0.12914299657232953,in_sample_diagnostic_only,False,False,False,False,False,False,True,False
train,20240519,20240519_1_09,1,서울,9,True,,0.0,0.0945420315468597,0.050665201698086935,0.09098154694915808,in_sample_diagnostic_only,False,True,False,True,False,True,False,True
train,20240519,20240519_1_10,1,서울,10,True,,1.0,0.19055285403382322,0.5189033468651657,0.2578007330995834,in_sample_diagnostic_only,True,False,True,False,True,False,True,False
train,20240519,20240519_3_01,3,부경,10,True,,0.0,0.0857227310396083,0.040822723728635636,0.08352550855705218,in_sample_diagnostic_only,False,True,False,True,False,True,False,True
train,20240519,20240519_3_02,3,부경,11,True,,0.0,0.1936061432201326,0.16472617744362458,0.14670122877748884,in_sample_diagnostic_only,False,False,True,False,True,False,True,False
train,20240519,20240519_3_03,3,부경,12,True,,0.0,0.1243443234013033,0.09844081197961789,0.11863586928661042,in_sample_diagnostic_only,False,False,False,False,False,False,False,False
train,20240519,20240519_3_04,3,부경,12,True,,1.0,0.1370966278259434,0.25300092508084315,0.17699094956268674,in_sample_diagnostic_only,True,False,True,False,True,False,True,False
train,20240519,20240519_3_05,3,부경,9,True,,0.0,0.11183170403724801,0.08210290611905632,0.1102723265552988,in_sample_diagnostic_only,False,False,False,False,False,False,False,True
train,20240519,20240519_3_06,3,부경,9,True,,0.0,0.1132134719318411,0.13695516321244383,0.13579429986451347,in_sample_diagnostic_only,False,False,False,False,True,False,True,False
train,20240519,20240519_3_07,3,부경,8,True,,1.0,0.16489294934411491,0.3707891142467124,0.21288356419100848,in_sample_diagnostic_only,True,False,True,False,True,False,True,False
train,20240524,20240524_3_01,3,부경,12,True,,0.0,0.109006039906765,0.05090472470221524,0.09115177972603211,in_sample_diagnostic_only,False,True,False,True,False,True,False,True
train,20240524,20240524_3_02,3,부경,11,True,,1.0,0.11551731036864399,0.2023570191552811,0.16023642058664916,in_sample_diagnostic_only,True,False,True,False,True,False,True,False
train,20240524,20240524_3_03,3,부경,10,True,,0.0,0.26816374148725197,0.20475235579016512,0.16106104729490797,in_sample_diagnostic_only,True,False,True,False,True,False,True,False
train,20240524,20240524_3_04,3,부경,9,True,,0.0,0.05850374058604969,0.09472841550324743,0.11680665791996636,in_sample_diagnostic_only,False,False,False,False,False,False,False,False
train,20240524,20240524_3_05,3,부경,11,True,,1.0,0.11047978281906029,0.33307633885627114,0.20163278652642289,in_sample_diagnostic_only,True,False,True,False,True,False,True,False
train,20240524,20240524_3_06,3,부경,10,True,,0.0,0.1458134240700112,0.1608328751989172,0.1452271564218101,in_sample_diagnostic_only,False,False,True,False,True,False,True,False
train,20240524,20240524_3_07,3,부경,8,True,,0.0,0.1426833896843971,0.23674855187496327,0.1717523500257033,in_sample_diagnostic_only,True,False,True,False,True,False,True,False
train,20240524,20240524_3_08,3,부경,8,True,,0.0,0.1456318516219433,0.18931316508705667,0.1556755240920398,in_sample_diagnostic_only,True,False,True,False,True,False,True,False
train,20240525,20240525_1_01,1,서울,10,True,,0.0,0.0797723051969336,0.03248736880737612,0.0763154721332326,in_sample_diagnostic_only,False,True,False,True,False,True,False,True
train,20240525,20240525_1_02,1,서울,10,True,,0.0,0.1189700634230309,0.06220204045398445,0.09870159549274042,in_sample_diagnostic_only,False,False,False,True,False,True,False,True
train,20240525,20240525_1_03,1,서울,9,True,,0.0,0.2203357685784443,0.08322613948750275,0.11087529364158892,in_sample_diagnostic_only,False,False,False,False,False,False,False,True
train,20240525,20240525_1_04,1,서울,11,True,,0.0,0.20889577579592022,0.16415881020677373,0.14648740774714672,in_sample_diagnostic_only,False,False,True,False,True,False,True,False
train,20240525,20240525_1_05,1,서울,9,True,,0.0,0.1487626716046918,0.12696000561304077,0.13160951568285134,in_sample_diagnostic_only,False,False,False,False,True,False,True,False
train,20240525,20240525_1_06,1,서울,11,True,,0.0,0.1079389637855161,0.07469981856152545,0.10617703916406131,in_sample_diagnostic_only,False,False,False,False,False,True,False,True
train,20240525,20240525_1_07,1,서울,11,True,,0.0,0.13717778845476492,0.1018530142907245,0.12028453729572575,in_sample_diagnostic_only,False,False,False,False,False,False,False,False
train,20240525,20240525_1_08,1,서울,8,True,,0.0,0.2007572040618536,0.1136246020048507,0.12575678305296747,in_sample_diagnostic_only,False,False,False,False,False,False,True,False
train,20240525,20240525_1_09,1,서울,11,True,,0.0,0.1170934502242876,0.08634489799145065,0.11252609110960372,in_sample_diagnostic_only,False,False,False,False,False,False,False,True
train,20240525,20240525_1_10,1,서울,10,True,,0.0,0.12197128877236257,0.16878356409993162,0.148220743049979,in_sample_diagnostic_only,False,False,True,False,True,False,True,False
train,20240525,20240525_1_11,1,서울,11,True,,0.0,0.08176294822519489,0.056367427428174195,0.09491295771891721,in_sample_diagnostic_only,False,False,False,True,False,True,False,True
train,20240526,20240526_1_02,1,서울,8,True,,0.0,0.1905428102929393,0.08446001268350516,0.11153244463959046,in_sample_diagnostic_only,False,False,False,False,False,False,False,True
train,20240526,20240526_1_03,1,서울,9,True,,0.0,0.0952808081528635,0.06272745645352601,0.09903244207325324,in_sample_diagnostic_only,False,False,False,True,False,True,False,True
train,20240526,20240526_1_04,1,서울,8,True,,0.0,0.1266414275631198,0.09460375097832421,0.11674456150453312,in_sample_diagnostic_only,False,False,False,False,False,False,False,False
train,20240526,20240526_1_05,1,서울,11,True,,0.0,0.17281062840786518,0.1248520353932732,0.13070606211016253,in_sample_diagnostic_only,False,False,False,False,False,False,True,False
train,20240526,20240526_1_06,1,서울,9,True,,0.0,0.0723463468498511,0.05775898522850978,0.09583656102531604,in_sample_diagnostic_only,False,False,False,True,False,True,False,True
train,20240526,20240526_1_07,1,서울,10,True,,0.0,0.2392929767062947,0.08641186895530857,0.11256117329698656,in_sample_diagnostic_only,False,False,False,False,False,False,False,True
train,20240526,20240526_1_08,1,서울,8,True,,0.0,0.1855288584016288,0.1124302551311716,0.12521564793205242,in_sample_diagnostic_only,False,False,False,False,False,False,True,False
train,20240526,20240526_1_09,1,서울,11,True,,0.0,0.12108644693973321,0.10502063862639821,0.12178869822061754,in_sample_diagnostic_only,False,False,False,False,False,False,False,False
train,20240526,20240526_1_10,1,서울,9,True,,0.0,0.11893275433178971,0.06362757004253512,0.09959552289619333,in_sample_diagnostic_only,False,False,False,True,False,True,False,True
train,20240526,20240526_3_01,3,부경,10,True,,0.0,0.1245839970104057,0.0438346607025223,0.08591100778724796,in_sample_diagnostic_only,False,True,False,True,False,True,False,True
train,20240526,20240526_3_02,3,부경,11,True,,0.0,0.060721770682300294,0.06730836157787971,0.10185150957208276,in_sample_diagnostic_only,False,False,False,False,False,True,False,True
train,20240526,20240526_3_03,3,부경,14,True,,0.0,0.0419989746858058,0.04735450702960506,0.08857816841342653,in_sample_diagnostic_only,False,True,False,True,False,True,False,True
train,20240526,20240526_3_04,3,부경,12,True,,0.0,0.1273563342355831,0.1239994534513704,0.13033845763328175,in_sample_diagnostic_only,False,False,False,False,False,False,True,False
train,20240526,20240526_3_05,3,부경,12,True,,0.0,0.19230715509432617,0.21858732238252124,0.16575349240127576,in_sample_diagnostic_only,True,False,True,False,True,False,True,False
train,20240526,20240526_3_06,3,부경,12,True,,0.0,0.1540302821017262,0.11579056892181341,0.1267306197528923,in_sample_diagnostic_only,False,False,False,False,False,False,True,False
train,20240526,20240526_3_07,3,부경,12,True,,0.0,0.11373277183104522,0.12646016967929577,0.1313959826200159,in_sample_diagnostic_only,False,False,False,False,True,False,True,False
train,20240531,20240531_3_01,3,부경,8,True,,1.0,0.1258265999539028,0.23480938202351437,0.17111961050408012,in_sample_diagnostic_only,True,False,True,False,True,False,True,False
train,20240531,20240531_3_02,3,부경,11,True,,0.0,0.1197221926665055,0.09201893430777813,0.11544683461988504,in_sample_diagnostic_only,False,False,False,False,False,False,False,False
train,20240531,20240531_3_03,3,부경,11,True,,0.0,0.1086697038150065,0.054354215816027555,0.09355282279255149,in_sample_diagnostic_only,False,True,False,True,False,True,False,True
train,20240531,20240531_3_04,3,부경,11,True,,0.0,0.1101671201902891,0.1493069243161934,0.14076364124307364,in_sample_diagnostic_only,False,False,True,False,True,False,True,False
train,20240531,20240531_3_05,3,부경,9,True,,0.0,0.07790498516974131,0.06689604618468777,0.10160239004563461,in_sample_diagnostic_only,False,False,False,False,False,True,False,True
train,20240531,20240531_3_06,3,부경,10,True,,0.0,0.17123218200290438,0.14595689525273994,0.1394361132722871,in_sample_diagnostic_only,False,False,True,False,True,False,True,False
train,20240531,20240531_3_07,3,부경,11,True,,0.0,0.1366581255435434,0.22009623061878478,0.16625846974042444,in_sample_diagnostic_only,True,False,True,False,True,False,True,False
train,20240531,20240531_3_08,3,부경,8,True,,0.0,0.0725227617448517,0.08081044860357667,0.10957278226484882,in_sample_diagnostic_only,False,False,False,False,False,False,False,True
train,20240601,20240601_1_01,1,서울,11,True,,0.0,0.0476733490811765,0.06623781206614912,0.10120285083491033,in_sample_diagnostic_only,False,False,False,True,False,True,False,True
train,20240601,20240601_1_02,1,서울,11,True,,0.0,0.1468016746819649,0.09582716952868939,0.11735204241031079,in_sample_diagnostic_only,False,False,False,False,False,False,False,False
train,20240601,20240601_1_03,1,서울,8,True,,0.0,0.10344501280309609,0.153114895732724,0.1422555829842208,in_sample_diagnostic_only,False,False,True,False,True,False,True,False
train,20240601,20240601_1_04,1,서울,9,True,,1.0,0.1656259442676646,0.19477472138755253,0.15760021882394615,in_sample_diagnostic_only,True,False,True,False,True,False,True,False
train,20240601,20240601_1_05,1,서울,8,True,,0.0,0.23114706249775033,0.2310170907895676,0.16987707159658816,in_sample_diagnostic_only,True,False,True,False,True,False,True,False
train,20240601,20240601_1_06,1,서울,11,True,,0.0,0.111141172034271,0.08356817248262374,0.11105799852150874,in_sample_diagnostic_only,False,False,False,False,False,False,False,True
train,20240601,20240601_1_07,1,서울,8,True,,0.0,0.2014081761941421,0.10561153112999491,0.1220665934503078,in_sample_diagnostic_only,False,False,False,False,False,False,False,False
train,20240601,20240601_1_08,1,서울,8,True,,0.0,0.14534270250381628,0.13518918163592028,0.135066246614971,in_sample_diagnostic_only,False,False,False,False,True,False,True,False
train,20240601,20240601_1_09,1,서울,10,True,,0.0,0.1287937232644789,0.06463613631823968,0.10022100497927244,in_sample_diagnostic_only,False,False,False,True,False,True,False,True
train,20240601,20240601_1_10,1,서울,11,True,,1.0,0.2048668612319422,0.4218970521241424,0.22809138709265142,in_sample_diagnostic_only,True,False,True,False,True,False,True,False
train,20240601,20240601_1_11,1,서울,7,True,,1.0,0.19363676841148,0.26313066576141353,0.18020365202055702,in_sample_diagnostic_only,True,False,True,False,True,False,True,False
train,20240602,20240602_1_01,1,서울,9,True,,0.0,0.08064032236058671,0.06513463792090209,0.10052808066050302,in_sample_diagnostic_only,False,False,False,True,False,True,False,True
train,20240602,20240602_1_02,1,서울,10,True,,0.0,0.1209916253848986,0.04628818860963067,0.08778298142066045,in_sample_diagnostic_only,False,True,False,True,False,True,False,True
train,20240602,20240602_1_03,1,서울,10,True,,0.0,0.0991596403463883,0.2470983884243892,0.17510111006090237,in_sample_diagnostic_only,True,False,True,False,True,False,True,False
train,20240602,20240602_1_04,1,서울,10,True,,0.0,0.1359564300919591,0.0714625730674923,0.10431411442076921,in_sample_diagnostic_only,False,False,False,False,False,True,False,True
train,20240602,20240602_1_05,1,서울,10,True,,0.0,0.17724953439033073,0.12780498295455103,0.13196953189806687,in_sample_diagnostic_only,False,False,False,False,True,False,True,False
train,20240602,20240602_1_06,1,서울,10,True,,0.0,0.20626488609409988,0.13393478885772386,0.13454624529601997,in_sample_diagnostic_only,False,False,False,False,True,False,True,False
train,20240602,20240602_1_07,1,서울,9,True,,0.0,0.1335470313111323,0.06315196366921881,0.09929857791514861,in_sample_diagnostic_only,False,False,False,True,False,True,False,True
train,20240602,20240602_1_08,1,서울,9,True,,0.0,0.1651964886390182,0.08625645796564237,0.11247973940710962,in_sample_diagnostic_only,False,False,False,False,False,False,False,True
train,20240602,20240602_1_09,1,서울,11,True,,0.0,0.09755795657230851,0.054161298781932835,0.09342094711699198,in_sample_diagnostic_only,False,True,False,True,False,True,False,True
train,20240602,20240602_3_01,3,부경,9,True,,0.0,0.08542004688487372,0.0770943910386279,0.10752574772710755,in_sample_diagnostic_only,False,False,False,False,False,True,False,True
train,20240602,20240602_3_02,3,부경,11,True,,0.0,0.0573476510158835,0.06155183012859445,0.0982899178070185,in_sample_diagnostic_only,False,False,False,True,False,True,False,True
train,20240602,20240602_3_03,3,부경,11,True,,0.0,0.08206720696074529,0.08600417603456322,0.11234737262343657,in_sample_diagnostic_only,False,False,False,False,False,False,False,True
train,20240602,20240602_3_04,3,부경,11,True,,0.0,0.11866884482826359,0.12766465944016403,0.1319098281528891,in_sample_diagnostic_only,False,False,False,False,True,False,True,False
train,20240602,20240602_3_05,3,부경,11,True,,0.0,0.1024554565710223,0.1024391254126865,0.12056472268928399,in_sample_diagnostic_only,False,False,False,False,False,False,False,False
train,20240602,20240602_3_06,3,부경,11,True,,0.0,0.12460836206002229,0.14941806668806407,0.14080743949883973,in_sample_diagnostic_only,False,False,True,False,True,False,True,False
train,20240602,20240602_3_07,3,부경,10,True,,0.0,0.0634880648190847,0.0799328571179376,0.10909420457523644,in_sample_diagnostic_only,False,False,False,False,False,False,False,True
train,20240602,20240602_3_08,3,부경,11,True,,0.0,0.069373587246482,0.06658323735552095,0.10141280263540786,in_sample_diagnostic_only,False,False,False,True,False,True,False,True
train,20240607,20240607_3_01,3,부경,9,True,,0.0,0.106957463457683,0.07223877199666012,0.10476509568719429,in_sample_diagnostic_only,False,False,False,False,False,True,False,True
train,20240607,20240607_3_02,3,부경,9,True,,0.0,0.0969417401612168,0.03364792032762535,0.0773813643773631,in_sample_diagnostic_only,False,True,False,True,False,True,False,True
train,20240607,20240607_3_03,3,부경,10,True,,0.0,0.11837592256803861,0.0541164642369576,0.09339025932136873,in_sample_diagnostic_only,False,True,False,True,False,True,False,True
train,20240607,20240607_3_04,3,부경,10,True,,0.0,0.28483874916685337,0.10429351970556751,0.1214455901012195,in_sample_diagnostic_only,False,False,False,False,False,False,False,False
train,20240607,20240607_3_05,3,부경,11,True,,0.0,0.0902043814249936,0.15756928384096366,0.14397886258436002,in_sample_diagnostic_only,False,False,True,False,True,False,True,False
train,20240607,20240607_3_06,3,부경,11,True,,1.0,0.1312214478000292,0.19464185028778344,0.1575536581367362,in_sample_diagnostic_only,True,False,True,False,True,False,True,False
train,20240607,20240607_3_08,3,부경,11,True,,0.0,0.15717558325255582,0.08057430481993616,0.10944429362582013,in_sample_diagnostic_only,False,False,False,False,False,False,False,True
train,20240608,20240608_1_01,1,서울,11,True,,0.0,0.08289524541260951,0.07726427609753687,0.10762052780378609,in_sample_diagnostic_only,False,False,False,False,False,True,False,True
train,20240608,20240608_1_02,1,서울,10,True,,0.0,0.0985399141554177,0.05586925071727072,0.09457907161445721,in_sample_diagnostic_only,False,False,False,True,False,True,False,True
train,20240608,20240608_1_03,1,서울,9,True,,0.0,0.12487623491017061,0.11652306043046173,0.12705780674572387,in_sample_diagnostic_only,False,False,False,False,False,False,True,False
train,20240608,20240608_1_04,1,서울,8,True,,0.0,0.1213826163056648,0.08438948696211988,0.11149502785928195,in_sample_diagnostic_only,False,False,False,False,False,False,False,True
train,20240608,20240608_1_05,1,서울,11,True,,0.0,0.15897282366615947,0.16996288116631725,0.14865932523299624,in_sample_diagnostic_only,False,False,True,False,True,False,True,False
train,20240608,20240608_1_06,1,서울,8,True,,0.0,0.0916155342444343,0.07559156781359551,0.1066821236842826,in_sample_diagnostic_only,False,False,False,False,False,True,False,True
train,20240608,20240608_1_07,1,서울,9,True,,0.0,0.1337011145829822,0.10550343420631544,0.12201581772626365,in_sample_diagnostic_only,False,False,False,False,False,False,False,False
train,20240608,20240608_1_08,1,서울,10,True,,0.0,0.1321117930465299,0.07637105413433305,0.10712086716697311,in_sample_diagnostic_only,False,False,False,False,False,True,False,True
train,20240608,20240608_1_09,1,서울,10,True,,0.0,0.23631912359905022,0.2368535220743731,0.17178655154720662,in_sample_diagnostic_only,True,False,True,False,True,False,True,False
train,20240608,20240608_1_10,1,서울,8,True,,1.0,0.21589417132489172,0.30342337688539744,0.19267519240220554,in_sample_diagnostic_only,True,False,True,False,True,False,True,False
train,20240608,20240608_1_11,1,서울,9,True,,0.0,0.1124942663478512,0.07819239496219127,0.10813626865557092,in_sample_diagnostic_only,False,False,False,False,False,False,False,True
train,20240609,20240609_1_01,1,서울,11,True,,0.0,0.0897720266257046,0.08366372271668429,0.11110896436444277,in_sample_diagnostic_only,False,False,False,False,False,False,False,True
train,20240609,20240609_1_02,1,서울,11,True,,0.0,0.0583531354044453,0.0540234408893006,0.09332654021426673,in_sample_diagnostic_only,False,True,False,True,False,True,False,True
train,20240609,20240609_1_03,1,서울,9,True,,0.0,0.14348404421869432,0.09581568863624422,0.11734636132314591,in_sample_diagnostic_only,False,False,False,False,False,False,False,False
train,20240609,20240609_1_04,1,서울,8,True,,0.0,0.3034965991895525,0.0956888142775193,0.11728355545330027,in_sample_diagnostic_only,False,False,False,False,False,False,False,False
train,20240609,20240609_1_05,1,서울,8,True,,0.0,0.1529856900843531,0.07625998407013504,0.1070585052211464,in_sample_diagnostic_only,False,False,False,False,False,True,False,True
train,20240609,20240609_1_06,1,서울,9,True,,1.0,0.15632233107586158,0.24446857519206727,0.17425457758261026,in_sample_diagnostic_only,True,False,True,False,True,False,True,False
train,20240609,20240609_1_07,1,서울,10,True,,0.0,0.1124524030080091,0.0825054696993375,0.11048895486140295,in_sample_diagnostic_only,False,False,False,False,False,False,False,True
train,20240609,20240609_1_08,1,서울,8,True,,1.0,0.08286117129060701,0.29861295367320073,0.19120746660136043,in_sample_diagnostic_only,True,False,True,False,True,False,True,False
train,20240609,20240609_1_09,1,서울,11,True,,1.0,0.1628069657893342,0.3750777336110343,0.21415825933970023,in_sample_diagnostic_only,True,False,True,False,True,False,True,False
train,20240609,20240609_1_10,1,서울,11,True,,0.0,0.1129085143649775,0.08792483623632698,0.11334975131288944,in_sample_diagnostic_only,False,False,False,False,False,False,False,True
train,20240609,20240609_3_01,3,부경,10,True,,0.0,0.0810135379729298,0.08261220728742533,0.11054629359851656,in_sample_diagnostic_only,False,False,False,False,False,False,False,True
train,20240609,20240609_3_02,3,부경,9,True,,1.0,0.3363342375459214,0.1907897785703685,0.1561981210208919,in_sample_diagnostic_only,True,False,True,False,True,False,True,False
train,20240609,20240609_3_03,3,부경,8,True,,0.0,0.1474033896104041,0.11736266912091484,0.12743153116523087,in_sample_diagnostic_only,False,False,False,False,False,False,True,False
train,20240609,20240609_3_04,3,부경,11,True,,0.0,0.2009498125216908,0.05916725031450762,0.0967581246920582,in_sample_diagnostic_only,False,False,False,True,False,True,False,True
train,20240609,20240609_3_05,3,부경,9,True,,1.0,0.12724921280753332,0.37199594832359917,0.21324230978682554,in_sample_diagnostic_only,True,False,True,False,True,False,True,False
train,20240609,20240609_3_06,3,부경,10,True,,0.0,0.1365301266117001,0.09811485975481647,0.11847677711494443,in_sample_diagnostic_only,False,False,False,False,False,False,False,False
train,20240609,20240609_3_07,3,부경,11,True,,0.0,0.21416016861304857,0.11095308922127342,0.12454219021104806,in_sample_diagnostic_only,False,False,False,False,False,False,False,False
train,20240614,20240614_3_01,3,부경,10,True,,0.0,0.1040885753834048,0.04499727153587882,0.08680561038243997,in_sample_diagnostic_only,False,True,False,True,False,True,False,True
train,20240614,20240614_3_02,3,부경,11,True,,1.0,0.15530758572509712,0.1609597534673666,0.14527544980355958,in_sample_diagnostic_only,False,False,True,False,True,False,True,False
train,20240614,20240614_3_03,3,부경,9,True,,0.0,0.1754024842964337,0.10916042214771617,0.12371852851102756,in_sample_diagnostic_only,False,False,False,False,False,False,False,False
train,20240614,20240614_3_04,3,부경,11,True,,0.0,0.09922619258612729,0.12964268378186963,0.1327483973006029,in_sample_diagnostic_only,False,False,False,False,True,False,True,False
train,20240614,20240614_3_05,3,부경,9,True,,0.0,0.15850291828192992,0.15578308902968313,0.1432905957379438,in_sample_diagnostic_only,False,False,True,False,True,False,True,False
train,20240614,20240614_3_06,3,부경,7,True,,0.0,0.195329300709436,0.08823145252929669,0.11350864684055477,in_sample_diagnostic_only,False,False,False,False,False,False,False,True
train,20240614,20240614_3_07,3,부경,9,True,,0.0,0.17616250944711181,0.08116914122253803,0.10976754926865027,in_sample_diagnostic_only,False,False,False,False,False,False,False,True
train,20240614,20240614_3_08,3,부경,11,True,,1.0,0.1485527694681262,0.23962146983916688,0.17268660107457987,in_sample_diagnostic_only,True,False,True,False,True,False,True,False
train,20240615,20240615_1_01,1,서울,12,True,,0.0,0.07634792968183439,0.0737193368157684,0.1056177350363022,in_sample_diagnostic_only,False,False,False,False,False,True,False,True
train,20240615,20240615_1_02,1,서울,11,True,,0.0,0.18062197061647328,0.08678140650272696,0.11275448205842308,in_sample_diagnostic_only,False,False,False,False,False,False,False,True
train,20240615,20240615_1_03,1,서울,11,True,,1.0,0.1042749003704486,0.20413659622013705,0.1608494260094537,in_sample_diagnostic_only,True,False,True,False,True,False,True,False
train,20240615,20240615_1_04,1,서울,10,True,,0.0,0.2279147881267139,0.14003404311069123,0.13705266958976334,in_sample_diagnostic_only,False,False,False,False,True,False,True,False
train,20240615,20240615_1_05,1,서울,7,True,,0.0,0.1312073143807268,0.09463949022708013,0.11676236807329848,in_sample_diagnostic_only,False,False,False,False,False,False,False,False
train,20240615,20240615_1_06,1,서울,10,True,,0.0,0.21714339570995367,0.1613988018068344,0.14544242934665144,in_sample_diagnostic_only,False,False,True,False,True,False,True,False
train,20240615,20240615_1_07,1,서울,9,True,,0.0,0.1778822807755225,0.07075111835874187,0.1038982903129996,in_sample_diagnostic_only,False,False,False,False,False,True,False,True
train,20240615,20240615_1_08,1,서울,11,True,,0.0,0.06989568023168219,0.06444471257793474,0.10010272544518062,in_sample_diagnostic_only,False,False,False,True,False,True,False,True
train,20240615,20240615_1_09,1,서울,8,True,,0.0,0.2130865646111953,0.11240736094910471,0.12520524571722094,in_sample_diagnostic_only,False,False,False,False,False,False,True,False
train,20240615,20240615_1_10,1,서울,8,True,,0.0,0.22119455252760872,0.07950611250594784,0.1088604217515791,in_sample_diagnostic_only,False,False,False,False,False,False,False,True
train,20240615,20240615_1_11,1,서울,8,True,,0.0,0.2912398056901719,0.17483115235502314,0.15045571015282458,in_sample_diagnostic_only,True,False,True,False,True,False,True,False
train,20240616,20240616_1_01,1,서울,11,True,,0.0,0.07994312050884539,0.02149231125384626,0.06481661603314248,in_sample_diagnostic_only,False,True,False,True,False,True,False,True
train,20240616,20240616_1_02,1,서울,11,True,,0.0,0.1025382149780469,0.061661839586833966,0.09835974640253671,in_sample_diagnostic_only,False,False,False,True,False,True,False,True
train,20240616,20240616_1_03,1,서울,10,True,,0.0,0.25527689292425587,0.1540977109975042,0.14263779872015694,in_sample_diagnostic_only,False,False,True,False,True,False,True,False
train,20240616,20240616_1_04,1,서울,9,True,,0.0,0.08278752774698149,0.10196889742949071,0.12034000268510298,in_sample_diagnostic_only,False,False,False,False,False,False,False,False
train,20240616,20240616_1_05,1,서울,10,True,,1.0,0.18893880801137478,0.2346609998980454,0.171071122080418,in_sample_diagnostic_only,True,False,True,False,True,False,True,False
train,20240616,20240616_1_06,1,서울,9,True,,0.0,0.1572375817645452,0.21199192872323522,0.16353096444410076,in_sample_diagnostic_only,True,False,True,False,True,False,True,False
train,20240616,20240616_1_07,1,서울,9,True,,0.0,0.2084900024490411,0.046712543314590585,0.08810072464752816,in_sample_diagnostic_only,False,True,False,True,False,True,False,True
train,20240616,20240616_1_08,1,서울,15,True,,0.0,0.12425918690999761,0.12461178849796639,0.13060260529133774,in_sample_diagnostic_only,False,False,False,False,False,False,True,False
train,20240616,20240616_1_09,1,서울,8,True,,1.0,0.1693137541656627,0.24694102771363236,0.17505053633945555,in_sample_diagnostic_only,True,False,True,False,True,False,True,False
train,20240616,20240616_1_10,1,서울,8,True,,0.0,0.16739732019369938,0.12306197383026925,0.12993275950125044,in_sample_diagnostic_only,False,False,False,False,False,False,True,False
train,20240616,20240616_1_11,1,서울,8,True,,0.0,0.182536022471438,0.14469864668499544,0.13893374080421014,in_sample_diagnostic_only,False,False,True,False,True,False,True,False
train,20240616,20240616_3_01,3,부경,11,True,,0.0,0.1096260193873635,0.047486456825415316,0.08867582634944202,in_sample_diagnostic_only,False,True,False,True,False,True,False,True
train,20240616,20240616_3_02,3,부경,8,True,,0.0,0.13512682976585538,0.07013209913044276,0.1035345453847421,in_sample_diagnostic_only,False,False,False,False,False,True,False,True
train,20240616,20240616_3_03,3,부경,11,True,,0.0,0.2309799350277708,0.10160560235675242,0.1201660045538387,in_sample_diagnostic_only,False,False,False,False,False,False,False,False
train,20240616,20240616_3_04,3,부경,8,True,,0.0,0.17119885981339136,0.11609684932792977,0.12686755845439265,in_sample_diagnostic_only,False,False,False,False,False,False,True,False
train,20240616,20240616_3_05,3,부경,8,True,,0.0,0.14601189277285728,0.13586612963308484,0.13534588019969113,in_sample_diagnostic_only,False,False,False,False,True,False,True,False
train,20240616,20240616_3_06,3,부경,10,True,,0.0,0.13067504860316909,0.09290259522292248,0.11589269944805826,in_sample_diagnostic_only,False,False,False,False,False,False,False,False
train,20240621,20240621_3_01,3,부경,9,True,,0.0,0.1342293481942391,0.07185988117440381,0.10454530222133236,in_sample_diagnostic_only,False,False,False,False,False,True,False,True
train,20240621,20240621_3_03,3,부경,11,True,,0.0,0.0949006852482457,0.079908688675843,0.10908098316664616,in_sample_diagnostic_only,False,False,False,False,False,False,False,True
train,20240621,20240621_3_04,3,부경,9,True,,0.0,0.1006866734694731,0.1120025802610975,0.12502114566506678,in_sample_diagnostic_only,False,False,False,False,False,False,True,False
train,20240621,20240621_3_05,3,부경,10,True,,0.0,0.14615707550673357,0.13099403742446072,0.13331760593862296,in_sample_diagnostic_only,False,False,False,False,True,False,True,False
train,20240621,20240621_3_06,3,부경,9,True,,0.0,0.16563470503844202,0.10523912577695163,0.12189154894490879,in_sample_diagnostic_only,False,False,False,False,False,False,False,False
train,20240621,20240621_3_07,3,부경,11,True,,0.0,0.2700348027604046,0.18403012612450292,0.15379169843828286,in_sample_diagnostic_only,True,False,True,False,True,False,True,False
train,20240621,20240621_3_08,3,부경,10,True,,0.0,0.0924143892754859,0.17663206055162534,0.1511146647035755,in_sample_diagnostic_only,True,False,True,False,True,False,True,False
train,20240622,20240622_1_01,1,서울,10,True,,0.0,0.1312929180335268,0.06529111907640277,0.10062419298342963,in_sample_diagnostic_only,False,False,False,True,False,True,False,True
train,20240622,20240622_1_02,1,서울,11,True,,0.0,0.064289038162052,0.03022502433373443,0.07416951397086496,in_sample_diagnostic_only,False,True,False,True,False,True,False,True
train,20240622,20240622_1_03,1,서울,11,True,,0.0,0.06082871546591379,0.04914140629894451,0.08988726782840017,in_sample_diagnostic_only,False,True,False,True,False,True,False,True
train,20240622,20240622_1_04,1,서울,9,True,,0.0,0.0676871357449515,0.052767631956973836,0.09245995295174216,in_sample_diagnostic_only,False,True,False,True,False,True,False,True
train,20240622,20240622_1_05,1,서울,10,True,,0.0,0.18374164351249608,0.07867242112430652,0.10840165873355265,in_sample_diagnostic_only,False,False,False,False,False,False,False,True
train,20240622,20240622_1_06,1,서울,10,True,,0.0,0.10508454900633929,0.14080442089121298,0.13736540938815495,in_sample_diagnostic_only,False,False,False,False,True,False,True,False
train,20240622,20240622_1_07,1,서울,11,True,,0.0,0.1193411961915175,0.0746916840384171,0.1061724161094248,in_sample_diagnostic_only,False,False,False,False,False,True,False,True
train,20240622,20240622_1_08,1,서울,8,True,,0.0,0.1444259680996287,0.08899387655451647,0.11390243541312793,in_sample_diagnostic_only,False,False,False,False,False,False,False,False
train,20240622,20240622_1_09,1,서울,11,True,,0.0,0.11933754826146141,0.09331461185073864,0.11609979550835112,in_sample_diagnostic_only,False,False,False,False,False,False,False,False
train,20240622,20240622_1_10,1,서울,9,True,,0.0,0.0987033072283509,0.07746482143656733,0.10773226225895996,in_sample_diagnostic_only,False,False,False,False,False,True,False,True
train,20240622,20240622_1_11,1,서울,10,True,,0.0,0.098329849453757,0.07691976931445742,0.10742820208929758,in_sample_diagnostic_only,False,False,False,False,False,True,False,True
train,20240623,20240623_1_01,1,서울,11,True,,0.0,0.058822707869351204,0.05600739020361555,0.09467182890662977,in_sample_diagnostic_only,False,False,False,True,False,True,False,True
train,20240623,20240623_1_02,1,서울,11,True,,0.0,0.08837889484251349,0.07103238288841486,0.10406296499395283,in_sample_diagnostic_only,False,False,False,False,False,True,False,True
train,20240623,20240623_1_03,1,서울,11,True,,0.0,0.1514773098488681,0.08426181188296482,0.11142724670614859,in_sample_diagnostic_only,False,False,False,False,False,False,False,True
train,20240623,20240623_1_04,1,서울,11,True,,0.0,0.1263885341908122,0.11046256540289216,0.12431751406658911,in_sample_diagnostic_only,False,False,False,False,False,False,False,False
train,20240623,20240623_1_05,1,서울,11,True,,0.0,0.1311571926637449,0.0925457170816758,0.11571291176597984,in_sample_diagnostic_only,False,False,False,False,False,False,False,False
train,20240623,20240623_1_06,1,서울,10,True,,0.0,0.1357604905721429,0.10607736044241166,0.1222850890290351,in_sample_diagnostic_only,False,False,False,False,False,False,False,False
train,20240623,20240623_1_07,1,서울,10,True,,0.0,0.20718223517538759,0.12365222148645441,0.13018837446456322,in_sample_diagnostic_only,False,False,False,False,False,False,True,False
train,20240623,20240623_1_08,1,서울,10,True,,0.0,0.2405472648655815,0.2236111526869895,0.16742994863293792,in_sample_diagnostic_only,True,False,True,False,True,False,True,False
train,20240623,20240623_1_09,1,서울,10,True,,0.0,0.1256120696859222,0.11886330349737502,0.12809606043638475,in_sample_diagnostic_only,False,False,False,False,False,False,True,False
train,20240623,20240623_1_10,1,서울,10,True,,0.0,0.1352335205837156,0.14454831315205327,0.1388735779004317,in_sample_diagnostic_only,False,False,True,False,True,False,True,False
train,20240623,20240623_3_01,3,부경,11,True,,0.0,0.124846668690664,0.06362968366512291,0.09959683966756848,in_sample_diagnostic_only,False,False,False,True,False,True,False,True
train,20240623,20240623_3_02,3,부경,10,True,,0.0,0.1670309418856793,0.09447730607494761,0.11668153268713644,in_sample_diagnostic_only,False,False,False,False,False,False,False,False
train,20240623,20240623_3_03,3,부경,8,True,,0.0,0.19829170390094572,0.12090194134452134,0.12899194453980817,in_sample_diagnostic_only,False,False,False,False,False,False,True,False
train,20240623,20240623_3_04,3,부경,10,True,,0.0,0.1467330463837226,0.07147056967032633,0.10431877474370989,in_sample_diagnostic_only,False,False,False,False,False,True,False,True
train,20240623,20240623_3_05,3,부경,8,True,,1.0,0.2744448894443159,0.3262372687230349,0.19957853196753347,in_sample_diagnostic_only,True,False,True,False,True,False,True,False
train,20240623,20240623_3_06,3,부경,9,True,,0.0,0.1578109354766647,0.13368191378207356,0.13444112546813747,in_sample_diagnostic_only,False,False,False,False,True,False,True,False
train,20240623,20240623_3_07,3,부경,9,True,,0.0,0.0945533551131551,0.11584144359602448,0.12675337896058195,in_sample_diagnostic_only,False,False,False,False,False,False,True,False
train,20240628,20240628_3_01,3,부경,9,True,,0.0,0.0817166592654798,0.05485835187993294,0.09389615285243877,in_sample_diagnostic_only,False,False,False,True,False,True,False,True
train,20240628,20240628_3_02,3,부경,8,True,,0.0,0.1917223744578936,0.08247106878816828,0.11047046608718948,in_sample_diagnostic_only,False,False,False,False,False,False,False,True
train,20240628,20240628_3_03,3,부경,11,True,,0.0,0.072130394969924,0.0661206135960441,0.10113147371899087,in_sample_diagnostic_only,False,False,False,True,False,True,False,True
train,20240628,20240628_3_04,3,부경,11,True,,0.0,0.0809211291644495,0.07923412812724907,0.10871105295771838,in_sample_diagnostic_only,False,False,False,False,False,False,False,True
train,20240628,20240628_3_05,3,부경,11,True,,0.0,0.15074163140319968,0.10671734303556374,0.1225844406669967,in_sample_diagnostic_only,False,False,False,False,False,False,False,False
train,20240628,20240628_3_06,3,부경,11,True,,0.0,0.17352312187298857,0.09055204369278606,0.11470147827534558,in_sample_diagnostic_only,False,False,False,False,False,False,False,False
train,20240628,20240628_3_07,3,부경,10,True,,0.0,0.2391624436654324,0.17211145422931196,0.14945490767646846,in_sample_diagnostic_only,True,False,True,False,True,False,True,False
train,20240628,20240628_3_08,3,부경,11,True,,0.0,0.09261451441784072,0.1338267817479,0.13450135894530474,in_sample_diagnostic_only,False,False,False,False,True,False,True,False
train,20240629,20240629_1_01,1,서울,9,True,,0.0,0.1847204612493144,0.08135231169886839,0.10986682332141763,in_sample_diagnostic_only,False,False,False,False,False,False,False,True
train,20240629,20240629_1_02,1,서울,8,True,,0.0,0.1015420571208562,0.0782902728686372,0.10819045630702614,in_sample_diagnostic_only,False,False,False,False,False,False,False,True
train,20240629,20240629_1_03,1,서울,11,True,,0.0,0.1117435945252075,0.16245282469994435,0.14584245124395132,in_sample_diagnostic_only,False,False,True,False,True,False,True,False
train,20240629,20240629_1_04,1,서울,9,True,,0.0,0.0628506914848088,0.04855473065767978,0.08946061775468588,in_sample_diagnostic_only,False,True,False,True,False,True,False,True
train,20240629,20240629_1_05,1,서울,9,True,,0.0,0.1175244524690575,0.1380840109619661,0.13625726569032875,in_sample_diagnostic_only,False,False,False,False,True,False,True,False
train,20240629,20240629_1_06,1,서울,10,True,,0.0,0.11191720677929651,0.12191926526295697,0.12943610841062228,in_sample_diagnostic_only,False,False,False,False,False,False,True,False
train,20240629,20240629_1_07,1,서울,10,True,,1.0,0.1574008778899975,0.22162267672264588,0.16676803741841628,in_sample_diagnostic_only,True,False,True,False,True,False,True,False
train,20240629,20240629_1_08,1,서울,10,True,,0.0,0.1686322742457236,0.0802630487734469,0.10927461249715177,in_sample_diagnostic_only,False,False,False,False,False,False,False,True
train,20240629,20240629_1_09,1,서울,10,True,,0.0,0.0969599669261927,0.11124862878286368,0.1246773051079526,in_sample_diagnostic_only,False,False,False,False,False,False,True,False
train,20240629,20240629_1_10,1,서울,10,True,,0.0,0.1187169118767442,0.05614837608396429,0.09476635953095607,in_sample_diagnostic_only,False,False,False,True,False,True,False,True
train,20240629,20240629_1_11,1,서울,8,True,,0.0,0.15037979589464578,0.08579657201241855,0.11223828570056753,in_sample_diagnostic_only,False,False,False,False,False,False,False,True
train,20240630,20240630_1_01,1,서울,9,True,,0.0,0.061711944711398,0.049600989624462084,0.09021939276178195,in_sample_diagnostic_only,False,True,False,True,False,True,False,True
train,20240630,20240630_1_02,1,서울,10,True,,0.0,0.1668840822684566,0.09184811244550953,0.11536037364324231,in_sample_diagnostic_only,False,False,False,False,False,False,False,False
train,20240630,20240630_1_03,1,서울,11,True,,0.0,0.1542660401078691,0.11326424021500021,0.12559382486568235,in_sample_diagnostic_only,False,False,False,False,False,False,True,False
train,20240630,20240630_1_04,1,서울,8,True,,0.0,0.1844805258398202,0.15990227927013898,0.144872410236493,in_sample_diagnostic_only,False,False,True,False,True,False,True,False
train,20240630,20240630_1_05,1,서울,8,True,,0.0,0.1329612032528247,0.10058957883397555,0.11967760395457121,in_sample_diagnostic_only,False,False,False,False,False,False,False,False
train,20240630,20240630_1_06,1,서울,10,True,,0.0,0.13718429949052988,0.08596694965714231,0.11232782253421114,in_sample_diagnostic_only,False,False,False,False,False,False,False,True
train,20240630,20240630_1_07,1,서울,8,True,,1.0,0.1770203804420139,0.41912112926703926,0.22726228546607766,in_sample_diagnostic_only,True,False,True,False,True,False,True,False
train,20240630,20240630_1_08,1,서울,11,True,,1.0,0.10914232049379531,0.18286339782563343,0.1533726103458646,in_sample_diagnostic_only,True,False,True,False,True,False,True,False
train,20240630,20240630_3_01,3,부경,11,True,,0.0,0.11979779517717211,0.11197124799591275,0.1250068807711425,in_sample_diagnostic_only,False,False,False,False,False,False,True,False
train,20240630,20240630_3_02,3,부경,11,True,,0.0,0.09142463933539251,0.1857700269636062,0.15441458821255793,in_sample_diagnostic_only,True,False,True,False,True,False,True,False
train,20240630,20240630_3_03,3,부경,11,True,,0.0,0.1266021808306724,0.1187814549950591,0.12805992737149013,in_sample_diagnostic_only,False,False,False,False,False,False,True,False
train,20240630,20240630_3_04,3,부경,11,True,,0.0,0.065254175686211,0.05302578293921406,0.09263907504991326,in_sample_diagnostic_only,False,True,False,True,False,True,False,True
train,20240630,20240630_3_05,3,부경,10,True,,1.0,0.226836234270901,0.32653049597086875,0.19966673252762515,in_sample_diagnostic_only,True,False,True,False,True,False,True,False
train,20240630,20240630_3_06,3,부경,9,True,,0.0,0.0805180727325408,0.07703992527895731,0.10749533594436285,in_sample_diagnostic_only,False,False,False,False,False,True,False,True
train,20240630,20240630_3_07,3,부경,9,True,,0.0,0.1218012448985962,0.08370172163682849,0.11112922371196339,in_sample_diagnostic_only,False,False,False,False,False,False,False,True
train,20240630,20240630_3_08,3,부경,16,True,,0.0,0.0837165125895347,0.056074385714923625,0.09471676654437612,in_sample_diagnostic_only,False,False,False,True,False,True,False,True
train,20240630,20240630_3_09,3,부경,8,True,,0.0,0.25135914290292727,0.12614170545669262,0.13125970997235403,in_sample_diagnostic_only,False,False,False,False,True,False,True,False
train,20240705,20240705_3_01,3,부경,9,True,,0.0,0.06299233325810771,0.07117707378431434,0.10414753362674628,in_sample_diagnostic_only,False,False,False,False,False,True,False,True
train,20240705,20240705_3_02,3,부경,11,True,,0.0,0.0834459581309777,0.06556919840409224,0.10079466506303497,in_sample_diagnostic_only,False,False,False,True,False,True,False,True
train,20240705,20240705_3_03,3,부경,11,True,,0.0,0.0675882638904705,0.15203405571797127,0.14183391300960296,in_sample_diagnostic_only,False,False,True,False,True,False,True,False
train,20240705,20240705_3_04,3,부경,10,True,,0.0,0.2608308177803141,0.09250419160258155,0.11569196747664484,in_sample_diagnostic_only,False,False,False,False,False,False,False,False
train,20240705,20240705_3_05,3,부경,10,True,,1.0,0.1269320418006907,0.32735165900663216,0.19991367090597956,in_sample_diagnostic_only,True,False,True,False,True,False,True,False
train,20240705,20240705_3_06,3,부경,9,True,,0.0,0.114671591829193,0.10536232340650574,0.12194949290592634,in_sample_diagnostic_only,False,False,False,False,False,False,False,False
train,20240705,20240705_3_07,3,부경,9,True,,1.0,0.1751612595762595,0.3948412997164183,0.22003126725169314,in_sample_diagnostic_only,True,False,True,False,True,False,True,False
train,20240705,20240705_3_08,3,부경,11,True,,0.0,0.0964124522361913,0.13353509973996988,0.13438004978233864,in_sample_diagnostic_only,False,False,False,False,True,False,True,False
train,20240706,20240706_1_01,1,서울,12,True,,0.0,0.1103973681677372,0.0657400692293368,0.10089920812817099,in_sample_diagnostic_only,False,False,False,True,False,True,False,True
train,20240706,20240706_1_02,1,서울,11,True,,0.0,0.07117379954938641,0.09541751334982446,0.11714910279523408,in_sample_diagnostic_only,False,False,False,False,False,False,False,False
train,20240706,20240706_1_03,1,서울,9,True,,1.0,0.1032523798226654,0.22191751504421342,0.16686631574321026,in_sample_diagnostic_only,True,False,True,False,True,False,True,False
train,20240706,20240706_1_04,1,서울,9,True,,1.0,0.1893510264508706,0.3772486300209239,0.2148033805499284,in_sample_diagnostic_only,True,False,True,False,True,False,True,False
train,20240706,20240706_1_05,1,서울,10,True,,1.0,0.2016070040370559,0.4509160829920015,0.2368061567100132,in_sample_diagnostic_only,True,False,True,False,True,False,True,False
train,20240706,20240706_1_06,1,서울,10,True,,0.0,0.1437377532858901,0.11404530634994325,0.12594668744914217,in_sample_diagnostic_only,False,False,False,False,False,False,True,False
train,20240706,20240706_1_07,1,서울,9,True,,0.0,0.2082056964489781,0.15650607400329392,0.143569619750379,in_sample_diagnostic_only,False,False,True,False,True,False,True,False
train,20240706,20240706_1_08,1,서울,10,True,,0.0,0.19494120831241402,0.06949731872922074,0.10315962792308186,in_sample_diagnostic_only,False,False,False,False,False,True,False,True
train,20240706,20240706_1_09,1,서울,10,True,,0.0,0.19619292267997357,0.0841590463931079,0.11137264820956669,in_sample_diagnostic_only,False,False,False,False,False,False,False,True
train,20240706,20240706_1_10,1,서울,9,True,,0.0,0.1252926545339563,0.04681438320384954,0.08817672399134169,in_sample_diagnostic_only,False,True,False,True,False,True,False,True
train,20240707,20240707_1_01,1,서울,11,True,,0.0,0.16297761783771703,0.06050438297079876,0.09762139054448717,in_sample_diagnostic_only,False,False,False,True,False,True,False,True
train,20240707,20240707_1_02,1,서울,11,True,,0.0,0.061894673455533705,0.08899599708495065,0.11390352805637896,in_sample_diagnostic_only,False,False,False,False,False,False,False,False
train,20240707,20240707_1_03,1,서울,11,True,,1.0,0.20930939295394788,0.44076330608971853,0.23374583111639938,in_sample_diagnostic_only,True,False,True,False,True,False,True,False
train,20240707,20240707_1_04,1,서울,10,True,,1.0,0.3682164862847533,0.3143334837944886,0.19598738215735276,in_sample_diagnostic_only,True,False,True,False,True,False,True,False
train,20240707,20240707_1_05,1,서울,10,True,,0.0,0.12980535317807151,0.13897912605554213,0.13662305423387802,in_sample_diagnostic_only,False,False,False,False,True,False,True,False
train,20240707,20240707_1_06,1,서울,11,True,,0.0,0.1141501169070719,0.07409976365918235,0.10583524327751949,in_sample_diagnostic_only,False,False,False,False,False,True,False,True
train,20240707,20240707_1_08,1,서울,11,True,,0.0,0.0631396536765384,0.028780149948928132,0.07274764923978236,in_sample_diagnostic_only,False,True,False,True,False,True,False,True
train,20240707,20240707_3_01,3,부경,10,True,,0.0,0.1549590920173463,0.03301206930489518,0.07680017497104494,in_sample_diagnostic_only,False,True,False,True,False,True,False,True
train,20240707,20240707_3_02,3,부경,11,True,,0.0,0.19306224642157377,0.09614427139342305,0.11750880786301136,in_sample_diagnostic_only,False,False,False,False,False,False,False,False
train,20240707,20240707_3_03,3,부경,11,True,,1.0,0.16191109509314142,0.21069602580105679,0.163091241468281,in_sample_diagnostic_only,True,False,True,False,True,False,True,False
train,20240707,20240707_3_04,3,부경,11,True,,0.0,0.16588825156951148,0.10144670517709686,0.12008979666769944,in_sample_diagnostic_only,False,False,False,False,False,False,False,False
train,20240707,20240707_3_05,3,부경,8,True,,0.0,0.10914941498505609,0.14354903562361454,0.13847290199709303,in_sample_diagnostic_only,False,False,False,False,True,False,True,False
train,20240707,20240707_3_06,3,부경,10,True,,0.0,0.2459025549183021,0.15639207474103917,0.1435256635018305,in_sample_diagnostic_only,False,False,True,False,True,False,True,False
train,20240707,20240707_3_07,3,부경,10,True,,0.0,0.18217634917492082,0.15408445255365025,0.14263265014007787,in_sample_diagnostic_only,False,False,True,False,True,False,True,False
train,20240707,20240707_3_08,3,부경,10,True,,1.0,0.23594679072552302,0.20349738507549167,0.16062948096934615,in_sample_diagnostic_only,True,False,True,False,True,False,True,False
train,20240707,20240707_3_09,3,부경,11,True,,0.0,0.1270428987659852,0.15407146218082735,0.14262760545743267,in_sample_diagnostic_only,False,False,True,False,True,False,True,False
train,20240712,20240712_3_01,3,부경,11,True,,0.0,0.1428536931446101,0.1265192788712133,0.13142125666368118,in_sample_diagnostic_only,False,False,False,False,True,False,True,False
train,20240712,20240712_3_02,3,부경,8,True,,0.0,0.13456658569090751,0.06918078001823538,0.10297193981771048,in_sample_diagnostic_only,False,False,False,False,False,True,False,True
train,20240712,20240712_3_03,3,부경,10,True,,0.0,0.1331230479843765,0.05827963599980699,0.0961787835302574,in_sample_diagnostic_only,False,False,False,True,False,True,False,True
train,20240712,20240712_3_04,3,부경,10,True,,0.0,0.1336875597700682,0.08835321873749573,0.1135716642252261,in_sample_diagnostic_only,False,False,False,False,False,False,False,True
train,20240712,20240712_3_05,3,부경,8,True,,0.0,0.1002010515165627,0.10514997258003606,0.12184959468518823,in_sample_diagnostic_only,False,False,False,False,False,False,False,False
train,20240712,20240712_3_06,3,부경,11,True,,0.0,0.1296368897502114,0.1602864087153112,0.14501895619214303,in_sample_diagnostic_only,False,False,True,False,True,False,True,False
train,20240712,20240712_3_07,3,부경,9,True,,0.0,0.1548193754181319,0.17506765360157586,0.15054241466264698,in_sample_diagnostic_only,True,False,True,False,True,False,True,False
train,20240712,20240712_3_08,3,부경,11,True,,0.0,0.1537018265825729,0.1655669447337182,0.1470174729386177,in_sample_diagnostic_only,False,False,True,False,True,False,True,False
train,20240713,20240713_1_01,1,서울,10,True,,0.0,0.13129835432671838,0.09315013691267587,0.11601718389388282,in_sample_diagnostic_only,False,False,False,False,False,False,False,False
train,20240713,20240713_1_02,1,서울,9,True,,0.0,0.08979354865994699,0.05711282425616656,0.09540932754853522,in_sample_diagnostic_only,False,False,False,True,False,True,False,True
train,20240713,20240713_1_03,1,서울,10,True,,0.0,0.0803679946835499,0.06546721052971825,0.10073219150040078,in_sample_diagnostic_only,False,False,False,True,False,True,False,True
train,20240713,20240713_1_04,1,서울,8,True,,1.0,0.2373342716637847,0.3047806217817207,0.1930884547045941,in_sample_diagnostic_only,True,False,True,False,True,False,True,False
train,20240713,20240713_1_05,1,서울,11,True,,0.0,0.1452792122249693,0.05922670294835156,0.09679674763722756,in_sample_diagnostic_only,False,False,False,True,False,True,False,True
train,20240713,20240713_1_06,1,서울,10,True,,0.0,0.1380913288516386,0.13898544087754894,0.13662563068001185,in_sample_diagnostic_only,False,False,False,False,True,False,True,False
train,20240713,20240713_1_07,1,서울,8,True,,0.0,0.1895491612156915,0.056258157809236015,0.09483987172617073,in_sample_diagnostic_only,False,False,False,True,False,True,False,True
train,20240713,20240713_1_08,1,서울,11,True,,0.0,0.1544362928568082,0.08433278396327827,0.11146493197525814,in_sample_diagnostic_only,False,False,False,False,False,False,False,True
train,20240713,20240713_1_09,1,서울,10,True,,0.0,0.1373989844627024,0.06766812514623269,0.10206816224036833,in_sample_diagnostic_only,False,False,False,False,False,True,False,True
train,20240713,20240713_1_10,1,서울,10,True,,0.0,0.1616564450684146,0.06326368267051065,0.09936844561372442,in_sample_diagnostic_only,False,False,False,True,False,True,False,True
train,20240714,20240714_1_01,1,서울,11,True,,0.0,0.0527125207593496,0.06528687959481301,0.100621590801776,in_sample_diagnostic_only,False,False,False,True,False,True,False,True
train,20240714,20240714_1_02,1,서울,9,True,,0.0,0.09440150994958191,0.06151124326649535,0.09826413698331163,in_sample_diagnostic_only,False,False,False,True,False,True,False,True
train,20240714,20240714_1_03,1,서울,11,True,,0.0,0.1224193632107575,0.08229083418486242,0.11037352847498835,in_sample_diagnostic_only,False,False,False,False,False,False,False,True
train,20240714,20240714_1_04,1,서울,8,True,,0.0,0.1539214605244714,0.0896681189747366,0.11424913118755037,in_sample_diagnostic_only,False,False,False,False,False,False,False,False
train,20240714,20240714_1_05,1,서울,8,True,,0.0,0.2048677351871225,0.13474301238165504,0.1348815645471071,in_sample_diagnostic_only,False,False,False,False,True,False,True,False
train,20240714,20240714_1_06,1,서울,9,True,,0.0,0.08412011210933901,0.08842885301694992,0.11361078291567898,in_sample_diagnostic_only,False,False,False,False,False,False,False,True
train,20240714,20240714_1_07,1,서울,10,True,,0.0,0.2086936470859628,0.23344227114427551,0.17067247171521438,in_sample_diagnostic_only,True,False,True,False,True,False,True,False
train,20240714,20240714_1_08,1,서울,11,True,,0.0,0.11888179015859521,0.08247640128821834,0.11047333232216876,in_sample_diagnostic_only,False,False,False,False,False,False,False,True
train,20240714,20240714_1_09,1,서울,11,True,,0.0,0.1553306918792654,0.06395174609916408,0.09979718758348016,in_sample_diagnostic_only,False,False,False,True,False,True,False,True
train,20240714,20240714_3_01,3,부경,8,True,,0.0,0.09529487905672929,0.07541467598143363,0.10658220200878184,in_sample_diagnostic_only,False,False,False,False,False,True,False,True
train,20240714,20240714_3_02,3,부경,9,True,,0.0,0.1561177110416322,0.09656196348700667,0.11771487396934018,in_sample_diagnostic_only,False,False,False,False,False,False,False,False
train,20240714,20240714_3_03,3,부경,11,True,,0.0,0.1510075713246295,0.1038277835015346,0.12122515053066601,in_sample_diagnostic_only,False,False,False,False,False,False,False,False
train,20240714,20240714_3_04,3,부경,10,True,,0.0,0.2524543401438063,0.1263422885987457,0.1313455609055417,in_sample_diagnostic_only,False,False,False,False,True,False,True,False
train,20240714,20240714_3_05,3,부경,11,True,,1.0,0.1604282761527263,0.5116357326706747,0.2555029830068857,in_sample_diagnostic_only,True,False,True,False,True,False,True,False
train,20240714,20240714_3_06,3,부경,11,True,,0.0,0.2276150782618279,0.11769188635726482,0.1275776934899072,in_sample_diagnostic_only,False,False,False,False,False,False,True,False
train,20240714,20240714_3_07,3,부경,11,True,,1.0,0.1315852046996053,0.3466211349094314,0.20568583367362875,in_sample_diagnostic_only,True,False,True,False,True,False,True,False
train,20240714,20240714_3_08,3,부경,11,True,,0.0,0.1287148642316717,0.09676508233097614,0.11781490665738034,in_sample_diagnostic_only,False,False,False,False,False,False,False,False
train,20240719,20240719_3_01,3,부경,11,True,,0.0,0.0685857317412611,0.07988497606129039,0.10906800893753599,in_sample_diagnostic_only,False,False,False,False,False,False,False,True
train,20240719,20240719_3_02,3,부경,11,True,,0.0,0.12735222915665662,0.04537366462517554,0.08709228475063319,in_sample_diagnostic_only,False,True,False,True,False,True,False,True
train,20240719,20240719_3_03,3,부경,11,True,,1.0,0.15257169834896378,0.24083287292949193,0.17307943250349453,in_sample_diagnostic_only,True,False,True,False,True,False,True,False
train,20240719,20240719_3_04,3,부경,11,True,,0.0,0.2065053875394499,0.12724527014829354,0.13173119209657502,in_sample_diagnostic_only,False,False,False,False,True,False,True,False
train,20240719,20240719_3_05,3,부경,10,True,,0.0,0.1551992237327279,0.10040209049905176,0.1195871891471405,in_sample_diagnostic_only,False,False,False,False,False,False,False,False
train,20240719,20240719_3_06,3,부경,9,True,,0.0,0.19266441800697762,0.17494924501041587,0.15049901090127948,in_sample_diagnostic_only,True,False,True,False,True,False,True,False
train,20240719,20240719_3_07,3,부경,11,True,,0.0,0.1277602710589481,0.1157051386244084,0.12669239010921987,in_sample_diagnostic_only,False,False,False,False,False,False,True,False
train,20240719,20240719_3_08,3,부경,11,True,,0.0,0.12565853237690988,0.13996419395487628,0.13702427245586513,in_sample_diagnostic_only,False,False,False,False,True,False,True,False
train,20240720,20240720_1_01,1,서울,11,True,,0.0,0.0931714666511368,0.05895129147613783,0.09661763822192351,in_sample_diagnostic_only,False,False,False,True,False,True,False,True
train,20240720,20240720_1_02,1,서울,10,True,,0.0,0.1127235114411044,0.09215622028334298,0.11551625777015598,in_sample_diagnostic_only,False,False,False,False,False,False,False,False
train,20240720,20240720_1_03,1,서울,9,True,,0.0,0.1548375568820075,0.11319171386275063,0.1255609951890963,in_sample_diagnostic_only,False,False,False,False,False,False,True,False
train,20240720,20240720_1_04,1,서울,10,True,,0.0,0.1536432272131578,0.11961061678105102,0.12842538009785523,in_sample_diagnostic_only,False,False,False,False,False,False,True,False
train,20240720,20240720_1_05,1,서울,11,True,,0.0,0.1108238696265005,0.09794177189656535,0.1183921794080258,in_sample_diagnostic_only,False,False,False,False,False,False,False,False
train,20240720,20240720_1_06,1,서울,8,True,,1.0,0.2312433991871472,0.5082531109265042,0.25443870811606145,in_sample_diagnostic_only,True,False,True,False,True,False,True,False
train,20240720,20240720_1_07,1,서울,10,True,,0.0,0.1162995669324569,0.04159744202064107,0.08414887046928433,in_sample_diagnostic_only,False,True,False,True,False,True,False,True
train,20240720,20240720_1_08,1,서울,10,True,,1.0,0.2218434052781938,0.31603537372698026,0.19650215921413808,in_sample_diagnostic_only,True,False,True,False,True,False,True,False
train,20240720,20240720_1_09,1,서울,11,True,,1.0,0.21624771573200569,0.35816867092353827,0.20912892430531077,in_sample_diagnostic_only,True,False,True,False,True,False,True,False
train,20240720,20240720_1_10,1,서울,9,True,,0.0,0.11534847239914929,0.21025767000685033,0.16294226754424007,in_sample_diagnostic_only,True,False,True,False,True,False,True,False
train,20240721,20240721_1_01,1,서울,11,True,,0.0,0.1261152770617645,0.04540636740021451,0.08711712548876971,in_sample_diagnostic_only,False,True,False,True,False,True,False,True
train,20240721,20240721_1_02,1,서울,10,True,,0.0,0.1449677642460109,0.08484635675927249,0.11173710819688724,in_sample_diagnostic_only,False,False,False,False,False,False,False,True
train,20240721,20240721_1_03,1,서울,11,True,,0.0,0.075038289287694,0.10215772841548738,0.12043031086060259,in_sample_diagnostic_only,False,False,False,False,False,False,False,False
train,20240721,20240721_1_04,1,서울,8,True,,0.0,0.2276902051528053,0.10130867819127976,0.12002354618282529,in_sample_diagnostic_only,False,False,False,False,False,False,False,False
train,20240721,20240721_1_05,1,서울,10,True,,1.0,0.18349973742508846,0.38807379713197393,0.2180198877447443,in_sample_diagnostic_only,True,False,True,False,True,False,True,False
train,20240721,20240721_1_06,1,서울,11,True,,0.0,0.1818186088814889,0.05303995011099455,0.09264889030731138,in_sample_diagnostic_only,False,True,False,True,False,True,False,True
train,20240721,20240721_1_07,1,서울,10,True,,0.0,0.1623042858448822,0.09387807849524159,0.11638220901824237,in_sample_diagnostic_only,False,False,False,False,False,False,False,False
train,20240721,20240721_1_08,1,서울,10,True,,0.0,0.2081231009357506,0.15921543253048553,0.14460997304221376,in_sample_diagnostic_only,False,False,True,False,True,False,True,False
train,20240721,20240721_1_09,1,서울,10,True,,0.0,0.16686676981783588,0.0799376905493395,0.10909684844703803,in_sample_diagnostic_only,False,False,False,False,False,False,False,True
train,20240721,20240721_1_10,1,서울,11,True,,0.0,0.2177691379050388,0.04530539096781408,0.08704039036226949,in_sample_diagnostic_only,False,True,False,True,False,True,False,True
train,20240721,20240721_3_01,3,부경,11,True,,0.0,0.12774980050893892,0.11902309129422384,0.1281665638415089,in_sample_diagnostic_only,False,False,False,False,False,False,True,False
train,20240721,20240721_3_02,3,부경,11,True,,0.0,0.1255250803563821,0.07245121471960309,0.10488804590182474,in_sample_diagnostic_only,False,False,False,False,False,True,False,True
train,20240721,20240721_3_03,3,부경,11,True,,0.0,0.13651981004424868,0.12635983913379967,0.13135306936922378,in_sample_diagnostic_only,False,False,False,False,True,False,True,False
train,20240721,20240721_3_04,3,부경,11,True,,0.0,0.16072880972689413,0.09395740014841564,0.11642189119128102,in_sample_diagnostic_only,False,False,False,False,False,False,False,False
train,20240721,20240721_3_05,3,부경,9,True,,0.0,0.12165704093795121,0.06192917546299056,0.09852913753346555,in_sample_diagnostic_only,False,False,False,True,False,True,False,True
train,20240721,20240721_3_06,3,부경,10,True,,1.0,0.1779642168268713,0.2761205501393594,0.18427293748717505,in_sample_diagnostic_only,True,False,True,False,True,False,True,False
train,20240727,20240727_1_01,1,서울,9,True,,0.0,0.0961349236015242,0.050629045402690934,0.09095580888880113,in_sample_diagnostic_only,False,True,False,True,False,True,False,True
train,20240727,20240727_1_02,1,서울,11,True,,0.0,0.0779024632442282,0.1043388687417241,0.12146702634314968,in_sample_diagnostic_only,False,False,False,False,False,False,False,False
train,20240727,20240727_1_03,1,서울,9,True,,0.0,0.09869086874125721,0.13820309542547338,0.13630599638972904,in_sample_diagnostic_only,False,False,False,False,True,False,True,False
train,20240727,20240727_1_04,1,서울,11,True,,0.0,0.083089561125506,0.12605394018992871,0.1312221241121464,in_sample_diagnostic_only,False,False,False,False,True,False,True,False
train,20240727,20240727_1_05,1,서울,11,True,,0.0,0.1360348891261167,0.11245724494504043,0.12522790961587826,in_sample_diagnostic_only,False,False,False,False,False,False,True,False
train,20240727,20240727_1_06,1,서울,11,True,,0.0,0.09967844129106831,0.04205283391587889,0.08451206014874901,in_sample_diagnostic_only,False,True,False,True,False,True,False,True
train,20240727,20240727_1_07,1,서울,10,True,,1.0,0.1987557325181816,0.42119842866886076,0.22788266555652678,in_sample_diagnostic_only,True,False,True,False,True,False,True,False
train,20240727,20240727_1_08,1,서울,10,True,,0.0,0.2627178331570087,0.2044358975506596,0.16095231951695096,in_sample_diagnostic_only,True,False,True,False,True,False,True,False
train,20240727,20240727_1_09,1,서울,11,True,,1.0,0.12755016736407582,0.3090829098123619,0.1943960927262173,in_sample_diagnostic_only,True,False,True,False,True,False,True,False
train,20240728,20240728_1_01,1,서울,10,True,,0.0,0.0972992000587647,0.07403851231992437,0.10580026584387041,in_sample_diagnostic_only,False,False,False,False,False,True,False,True
train,20240728,20240728_1_02,1,서울,11,True,,0.0,0.09477760102877669,0.051030582642139014,0.09124103965048437,in_sample_diagnostic_only,False,True,False,True,False,True,False,True
train,20240728,20240728_1_03,1,서울,11,True,,0.0,0.1444886807267809,0.09634397254367323,0.11760738985964055,in_sample_diagnostic_only,False,False,False,False,False,False,False,False
train,20240728,20240728_1_04,1,서울,10,True,,0.0,0.1782533487473576,0.04209328432722423,0.08454420684689555,in_sample_diagnostic_only,False,True,False,True,False,True,False,True
train,20240728,20240728_1_05,1,서울,8,True,,0.0,0.1401376694814006,0.1274713433347582,0.13182752330227265,in_sample_diagnostic_only,False,False,False,False,True,False,True,False
train,20240728,20240728_1_06,1,서울,11,True,,0.0,0.0753132962787857,0.04189687987439146,0.08438794744197624,in_sample_diagnostic_only,False,True,False,True,False,True,False,True
train,20240728,20240728_1_07,1,서울,8,True,,0.0,0.1740665012799691,0.13952802650915538,0.13684679217099244,in_sample_diagnostic_only,False,False,False,False,True,False,True,False
train,20240728,20240728_1_08,1,서울,9,True,,0.0,0.1347342910989582,0.10238490301602061,0.12053883827865294,in_sample_diagnostic_only,False,False,False,False,False,False,False,False
train,20240728,20240728_1_09,1,서울,10,True,,0.0,0.189884826467286,0.14407441683587668,0.13868372887791228,in_sample_diagnostic_only,False,False,False,False,True,False,True,False
train,20240728,20240728_1_10,1,서울,11,True,,0.0,0.1484107164299382,0.13679100966268345,0.135726820823932,in_sample_diagnostic_only,False,False,False,False,True,False,True,False
train,20240728,20240728_1_11,1,서울,11,True,,0.0,0.17773362199828902,0.06836743658418011,0.10248740971531901,in_sample_diagnostic_only,False,False,False,False,False,True,False,True
train,20240728,20240728_1_12,1,서울,9,True,,0.0,0.1399449321097305,0.07015541739456488,0.10354828072101932,in_sample_diagnostic_only,False,False,False,False,False,True,False,True
train,20240728,20240728_1_13,1,서울,11,True,,0.0,0.1495163621933627,0.11715139768120104,0.1273376213380873,in_sample_diagnostic_only,False,False,False,False,False,False,True,False
train,20240728,20240728_1_14,1,서울,11,True,,0.0,0.12151069028052301,0.03635132080871316,0.07978117309480148,in_sample_diagnostic_only,False,True,False,True,False,True,False,True
train,20240802,20240802_3_01,3,부경,10,True,,0.0,0.0957812871414569,0.08642355807321515,0.11256729499985144,in_sample_diagnostic_only,False,False,False,False,False,False,False,True
train,20240802,20240802_3_02,3,부경,8,True,,0.0,0.1312377835003019,0.06873384738039981,0.10270609681070701,in_sample_diagnostic_only,False,False,False,False,False,True,False,True
train,20240802,20240802_3_03,3,부경,8,True,,0.0,0.0642075165747043,0.034652884227383975,0.07828658160195155,in_sample_diagnostic_only,False,True,False,True,False,True,False,True
train,20240802,20240802_3_04,3,부경,9,True,,0.0,0.0889229535864854,0.1190416559023077,0.12817475196599815,in_sample_diagnostic_only,False,False,False,False,False,False,True,False
train,20240802,20240802_3_05,3,부경,8,True,,0.0,0.22152445999852372,0.06955501972816633,0.10319378832979832,in_sample_diagnostic_only,False,False,False,False,False,True,False,True
train,20240802,20240802_3_06,3,부경,11,True,,1.0,0.1230388038576419,0.31732507906074237,0.196891945637006,in_sample_diagnostic_only,True,False,True,False,True,False,True,False
train,20240802,20240802_3_07,3,부경,11,True,,0.0,0.12072779603869642,0.07799522183440288,0.1080269925605716,in_sample_diagnostic_only,False,False,False,False,False,False,False,True
train,20240802,20240802_3_08,3,부경,9,True,,1.0,0.1187635986751198,0.28397479261584474,0.18670910712382255,in_sample_diagnostic_only,True,False,True,False,True,False,True,False
train,20240802,20240802_3_09,3,부경,11,True,,0.0,0.1228607511805155,0.14214336168021538,0.13790698694865883,in_sample_diagnostic_only,False,False,False,False,True,False,True,False
train,20240802,20240802_3_10,3,부경,10,True,,1.0,0.1538643017893902,0.34995890396082513,0.2066820209513515,in_sample_diagnostic_only,True,False,True,False,True,False,True,False
train,20240802,20240802_3_11,3,부경,11,True,,0.0,0.2069182307369316,0.16203332240599777,0.14568338450137971,in_sample_diagnostic_only,False,False,True,False,True,False,True,False
train,20240802,20240802_3_12,3,부경,10,True,,0.0,0.17935814258087482,0.09972878576241699,0.11926174130509523,in_sample_diagnostic_only,False,False,False,False,False,False,False,False
train,20240802,20240802_3_13,3,부경,9,True,,0.0,0.1537338853378522,0.11573406357002947,0.1267053355239424,in_sample_diagnostic_only,False,False,False,False,False,False,True,False
train,20240802,20240802_3_14,3,부경,9,True,,0.0,0.14739487423034178,0.05772368778708469,0.09581329506965416,in_sample_diagnostic_only,False,False,False,True,False,True,False,True
train,20240803,20240803_1_01,1,서울,9,True,,0.0,0.09257401099744969,0.03868198292315414,0.08176530335794056,in_sample_diagnostic_only,False,True,False,True,False,True,False,True
train,20240803,20240803_1_02,1,서울,11,True,,0.0,0.0620986390041437,0.07724336414337996,0.1076088672279545,in_sample_diagnostic_only,False,False,False,False,False,True,False,True
train,20240803,20240803_1_03,1,서울,11,True,,1.0,0.10094638992745819,0.2054582955028624,0.16130335637402027,in_sample_diagnostic_only,True,False,True,False,True,False,True,False
train,20240803,20240803_1_04,1,서울,9,True,,0.0,0.0849602813867873,0.10609727927418237,0.12229442050045192,in_sample_diagnostic_only,False,False,False,False,False,False,False,False
train,20240803,20240803_1_05,1,서울,10,True,,1.0,0.2550132150577693,0.36820835778069944,0.21211626977804005,in_sample_diagnostic_only,True,False,True,False,True,False,True,False
train,20240803,20240803_1_06,1,서울,9,True,,0.0,0.1782007172528382,0.12344128782658974,0.13009709829689933,in_sample_diagnostic_only,False,False,False,False,False,False,True,False
train,20240803,20240803_1_07,1,서울,11,True,,0.0,0.1686658600285413,0.1091897503459441,0.12373206081853823,in_sample_diagnostic_only,False,False,False,False,False,False,False,False
train,20240803,20240803_1_08,1,서울,11,True,,0.0,0.1664937449854316,0.10651860378034049,0.12249158276687333,in_sample_diagnostic_only,False,False,False,False,False,False,False,False
train,20240803,20240803_1_09,1,서울,11,True,,0.0,0.07084885776309881,0.051375433876385435,0.0914849491280032,in_sample_diagnostic_only,False,True,False,True,False,True,False,True
train,20240803,20240803_3_01,3,부경,10,True,,0.0,0.22838168190525798,0.061216875583061436,0.09807685820742267,in_sample_diagnostic_only,False,False,False,True,False,True,False,True
train,20240803,20240803_3_02,3,부경,8,True,,0.0,0.43142869072215906,0.09074350106602305,0.11479913590732431,in_sample_diagnostic_only,False,False,False,False,False,False,False,False
train,20240803,20240803_3_03,3,부경,10,True,,1.0,0.1734392678345359,0.2936771082405976,0.1896963040030601,in_sample_diagnostic_only,True,False,True,False,True,False,True,False
train,20240803,20240803_3_04,3,부경,10,True,,0.0,0.1688978663088582,0.17535898561112365,0.15064915051865202,in_sample_diagnostic_only,True,False,True,False,True,False,True,False
train,20240803,20240803_3_05,3,부경,11,True,,0.0,0.2385610278480442,0.0979906768232344,0.11841609017247882,in_sample_diagnostic_only,False,False,False,False,False,False,False,False
train,20240803,20240803_3_06,3,부경,7,True,,0.0,0.13187234707461842,0.07589847586950213,0.1068551747044873,in_sample_diagnostic_only,False,False,False,False,False,True,False,True
train,20240804,20240804_1_01,1,서울,11,True,,0.0,0.068799476784897,0.10165434606581508,0.12018936945362976,in_sample_diagnostic_only,False,False,False,False,False,False,False,False
train,20240804,20240804_1_02,1,서울,11,True,,0.0,0.06539989997914869,0.060937881378076014,0.09789887711089892,in_sample_diagnostic_only,False,False,False,True,False,True,False,True
train,20240804,20240804_1_03,1,서울,11,True,,0.0,0.184370471038315,0.15473341538658242,0.1428844156922488,in_sample_diagnostic_only,False,False,True,False,True,False,True,False
train,20240804,20240804_1_04,1,서울,11,True,,0.0,0.17969243050769187,0.12847564976676962,0.1322544267760963,in_sample_diagnostic_only,False,False,False,False,True,False,True,False
train,20240804,20240804_1_05,1,서울,10,True,,0.0,0.1261446339003134,0.09323808842043925,0.1160613696291239,in_sample_diagnostic_only,False,False,False,False,False,False,False,False
train,20240804,20240804_1_06,1,서울,10,True,,0.0,0.13009217543464352,0.16246456756109265,0.14584690120040028,in_sample_diagnostic_only,False,False,True,False,True,False,True,False
train,20240804,20240804_1_08,1,서울,10,True,,0.0,0.20659695881047077,0.10396007963350408,0.12128782177267651,in_sample_diagnostic_only,False,False,False,False,False,False,False,False
train,20240804,20240804_1_09,1,서울,9,True,,0.0,0.148718829121728,0.06410334271740507,0.09989129070640718,in_sample_diagnostic_only,False,False,False,True,False,True,False,True
train,20240804,20240804_1_10,1,서울,10,True,,0.0,0.1311932406476648,0.14919788676404683,0.14072065739184336,in_sample_diagnostic_only,False,False,True,False,True,False,True,False
train,20240804,20240804_1_11,1,서울,8,True,,0.0,0.1489033878012572,0.16314892106018314,0.14610598427756358,in_sample_diagnostic_only,False,False,True,False,True,False,True,False
train,20240804,20240804_1_12,1,서울,10,True,,0.0,0.0840050748167814,0.05819812385752898,0.09612532387761588,in_sample_diagnostic_only,False,False,False,True,False,True,False,True
train,20240804,20240804_1_13,1,서울,8,True,,0.0,0.1589260701749191,0.078389650111084,0.10824543500982986,in_sample_diagnostic_only,False,False,False,False,False,False,False,True
train,20240804,20240804_1_14,1,서울,11,True,,0.0,0.1871845613572437,0.09073738900207763,0.11479602004665744,in_sample_diagnostic_only,False,False,False,False,False,False,False,False
train,20240810,20240810_3_01,3,부경,8,True,,0.0,0.0859165585419946,0.08301525429270928,0.11076243561239085,in_sample_diagnostic_only,False,False,False,False,False,False,False,True
train,20240810,20240810_3_02,3,부경,8,True,,0.0,0.1615647538954377,0.061540162054694265,0.09828250724263572,in_sample_diagnostic_only,False,False,False,True,False,True,False,True
train,20240810,20240810_3_03,3,부경,8,True,,0.0,0.1480730161654813,0.1562248861561026,0.1434611713735772,in_sample_diagnostic_only,False,False,True,False,True,False,True,False
train,20240810,20240810_3_04,3,부경,8,True,,0.0,0.1866011100124309,0.17931707756382723,0.15209172276028182,in_sample_diagnostic_only,True,False,True,False,True,False,True,False
train,20240810,20240810_3_05,3,부경,8,True,,1.0,0.23581089249495168,0.3908779931719922,0.21885322183815764,in_sample_diagnostic_only,True,False,True,False,True,False,True,False
train,20240810,20240810_3_06,3,부경,8,True,,0.0,0.2194179226777822,0.07968639864889057,0.1089592733897445,in_sample_diagnostic_only,False,False,False,False,False,False,False,True
train,20240810,20240810_3_07,3,부경,9,True,,0.0,0.23532566545537129,0.1469133502983409,0.13981660215199215,in_sample_diagnostic_only,False,False,True,False,True,False,True,False
train,20240810,20240810_3_08,3,부경,11,True,,0.0,0.1089624589704635,0.11316444205050266,0.12554864752386133,in_sample_diagnostic_only,False,False,False,False,False,False,True,False
train,20240810,20240810_3_09,3,부경,8,True,,0.0,0.1937835909283766,0.10232717511543847,0.12051127235192413,in_sample_diagnostic_only,False,False,False,False,False,False,False,False
train,20240811,20240811_3_01,3,부경,8,True,,0.0,0.2457432666194428,0.11322910107602016,0.12557792020530822,in_sample_diagnostic_only,False,False,False,False,False,False,True,False
train,20240811,20240811_3_02,3,부경,8,True,,0.0,0.1657537575402507,0.05352881673812135,0.09298664594768183,in_sample_diagnostic_only,False,True,False,True,False,True,False,True
train,20240811,20240811_3_03,3,부경,10,True,,0.0,0.10645541951320579,0.07229668325583224,0.10479863194141333,in_sample_diagnostic_only,False,False,False,False,False,True,False,True
train,20240811,20240811_3_04,3,부경,8,True,,0.0,0.0988876332426087,0.09442548422061413,0.11665568783202353,in_sample_diagnostic_only,False,False,False,False,False,False,False,False
train,20240811,20240811_3_05,3,부경,8,True,,0.0,0.1803088438067868,0.09390674425027523,0.11639655172137219,in_sample_diagnostic_only,False,False,False,False,False,False,False,False
train,20240811,20240811_3_06,3,부경,8,True,,0.0,0.1870763520414172,0.10819689619425629,0.12327287589563062,in_sample_diagnostic_only,False,False,False,False,False,False,False,False
train,20240811,20240811_3_08,3,부경,11,True,,0.0,0.14739220655538068,0.1033801476676754,0.12101277968732292,in_sample_diagnostic_only,False,False,False,False,False,False,False,False
train,20240811,20240811_3_09,3,부경,10,True,,1.0,0.29039731835545396,0.27013399562127505,0.18240413619445559,in_sample_diagnostic_only,True,False,True,False,True,False,True,False
train,20240811,20240811_3_10,3,부경,11,True,,0.0,0.1192269387256048,0.15978554497221698,0.144827843880475,in_sample_diagnostic_only,False,False,True,False,True,False,True,False
train,20240811,20240811_3_11,3,부경,10,True,,0.0,0.21956938410635518,0.13327204198243062,0.13427053241775713,in_sample_diagnostic_only,False,False,False,False,True,False,True,False
train,20240811,20240811_3_12,3,부경,8,True,,0.0,0.1558956983156384,0.16253599803682728,0.14587396661583546,in_sample_diagnostic_only,False,False,True,False,True,False,True,False
train,20240811,20240811_3_13,3,부경,10,True,,0.0,0.18871895486005522,0.10708577032820728,0.12275634027593929,in_sample_diagnostic_only,False,False,False,False,False,False,False,False
train,20240811,20240811_3_14,3,부경,8,True,,1.0,0.25079088664377025,0.24953851454687254,0.1758840499886635,in_sample_diagnostic_only,True,False,True,False,True,False,True,False
train,20240816,20240816_3_01,3,부경,11,True,,0.0,0.1032762514275646,0.06322088878669002,0.0993416912815041,in_sample_diagnostic_only,False,False,False,True,False,True,False,True
train,20240816,20240816_3_02,3,부경,8,True,,0.0,0.14628990841855258,0.070613508731085,0.10381758648638564,in_sample_diagnostic_only,False,False,False,False,False,True,False,True
train,20240816,20240816_3_03,3,부경,11,True,,0.0,0.1784397072920477,0.10625055040350474,0.12236619304179447,in_sample_diagnostic_only,False,False,False,False,False,False,False,False
train,20240816,20240816_3_04,3,부경,8,True,,1.0,0.190974681751372,0.39791747938100025,0.22094590675715758,in_sample_diagnostic_only,True,False,True,False,True,False,True,False
train,20240816,20240816_3_05,3,부경,8,True,,1.0,0.16453404306988062,0.28218801531016674,0.18615638184241115,in_sample_diagnostic_only,True,False,True,False,True,False,True,False
train,20240816,20240816_3_06,3,부경,8,True,,0.0,0.1624038487463452,0.07582316422432271,0.1068127467223955,in_sample_diagnostic_only,False,False,False,False,False,True,False,True
train,20240816,20240816_3_07,3,부경,11,True,,0.0,0.1147811579145004,0.13106676587238886,0.13334815661683821,in_sample_diagnostic_only,False,False,False,False,True,False,True,False
train,20240816,20240816_3_08,3,부경,11,True,,0.0,0.1354856131590275,0.20629348842687315,0.16158961349152276,in_sample_diagnostic_only,True,False,True,False,True,False,True,False
train,20240817,20240817_1_01,1,서울,10,True,,1.0,0.1807429906674374,0.24033248646556024,0.17291724674778775,in_sample_diagnostic_only,True,False,True,False,True,False,True,False
train,20240817,20240817_1_02,1,서울,10,True,,0.0,0.1659846361067815,0.1301616804881173,0.13296735573744597,in_sample_diagnostic_only,False,False,False,False,True,False,True,False
train,20240817,20240817_1_03,1,서울,11,True,,0.0,0.085403784913934,0.055230763995189405,0.09414858908093637,in_sample_diagnostic_only,False,False,False,True,False,True,False,True
train,20240817,20240817_1_04,1,서울,11,True,,0.0,0.09179643879028179,0.09745289236614273,0.11815279860331986,in_sample_diagnostic_only,False,False,False,False,False,False,False,False
train,20240817,20240817_1_05,1,서울,11,True,,0.0,0.0927244078804825,0.19705205627580075,0.15839625352734596,in_sample_diagnostic_only,True,False,True,False,True,False,True,False
train,20240817,20240817_1_06,1,서울,11,True,,0.0,0.075130013628911,0.09216243623715291,0.11551939972936455,in_sample_diagnostic_only,False,False,False,False,False,False,False,False
train,20240817,20240817_1_07,1,서울,11,True,,1.0,0.11426896366897449,0.3369536324348588,0.20279492065505314,in_sample_diagnostic_only,True,False,True,False,True,False,True,False
train,20240817,20240817_1_08,1,서울,11,True,,0.0,0.1666915716024942,0.060167771875466895,0.09740512476997311,in_sample_diagnostic_only,False,False,False,True,False,True,False,True
train,20240817,20240817_1_09,1,서울,11,True,,0.0,0.1346901995270683,0.05476564604073268,0.09383315698068952,in_sample_diagnostic_only,False,False,False,True,False,True,False,True
train,20240817,20240817_1_10,1,서울,10,True,,0.0,0.2250648243827188,0.0933468180925542,0.11611596257057967,in_sample_diagnostic_only,False,False,False,False,False,False,False,False
train,20240818,20240818_1_01,1,서울,11,True,,0.0,0.1499179380969801,0.028330028844113442,0.07229588607839867,in_sample_diagnostic_only,False,True,False,True,False,True,False,True
train,20240818,20240818_1_02,1,서울,11,True,,0.0,0.0694330015876481,0.09053821658924201,0.1146944210223088,in_sample_diagnostic_only,False,False,False,False,False,False,False,False
train,20240818,20240818_1_03,1,서울,11,True,,0.0,0.09508916964802828,0.05041624264715648,0.09080410384341916,in_sample_diagnostic_only,False,True,False,True,False,True,False,True
train,20240818,20240818_1_04,1,서울,11,True,,0.0,0.1295101765873239,0.16442993153986474,0.14658962567305223,in_sample_diagnostic_only,False,False,True,False,True,False,True,False
train,20240818,20240818_1_05,1,서울,11,True,,0.0,0.16952046778582708,0.13999157708183746,0.1370354058739923,in_sample_diagnostic_only,False,False,False,False,True,False,True,False
train,20240818,20240818_1_06,1,서울,11,True,,0.0,0.1010453841846311,0.14420076479277658,0.1387343748974231,in_sample_diagnostic_only,False,False,False,False,True,False,True,False
train,20240818,20240818_1_07,1,서울,10,True,,0.0,0.1538198341399718,0.1198976582762914,0.12855158936745809,in_sample_diagnostic_only,False,False,False,False,False,False,True,False
train,20240818,20240818_1_08,1,서울,11,True,,0.0,0.1311782141548375,0.07135350476694699,0.10425052102610563,in_sample_diagnostic_only,False,False,False,False,False,True,False,True
train,20240818,20240818_1_09,1,서울,11,True,,0.0,0.0982663465262104,0.06953964497907422,0.10318468768649536,in_sample_diagnostic_only,False,False,False,False,False,True,False,True
train,20240818,20240818_1_10,1,서울,11,True,,0.0,0.1463381138272183,0.07626264744908748,0.10706000121561611,in_sample_diagnostic_only,False,False,False,False,False,True,False,True
train,20240818,20240818_3_01,3,부경,9,True,,0.0,0.08801897372770491,0.10184144169908987,0.12027899642277302,in_sample_diagnostic_only,False,False,False,False,False,False,False,False
train,20240818,20240818_3_02,3,부경,9,True,,0.0,0.16769646316609532,0.06532748121695908,0.10064650796201693,in_sample_diagnostic_only,False,False,False,True,False,True,False,True
train,20240818,20240818_3_03,3,부경,8,True,,0.0,0.13433551325839932,0.11423099911356666,0.12603039217581655,in_sample_diagnostic_only,False,False,False,False,False,False,True,False
train,20240818,20240818_3_04,3,부경,9,True,,0.0,0.1634929440088026,0.1330503719065182,0.13417816233147528,in_sample_diagnostic_only,False,False,False,False,True,False,True,False
train,20240818,20240818_3_05,3,부경,10,True,,0.0,0.1465750486410195,0.1148543308141625,0.12631085388292163,in_sample_diagnostic_only,False,False,False,False,False,False,True,False
train,20240818,20240818_3_06,3,부경,10,True,,0.0,0.2501795539766959,0.058727986673922775,0.0964720574051311,in_sample_diagnostic_only,False,False,False,True,False,True,False,True
train,20240823,20240823_3_01,3,부경,11,True,,0.0,0.1072459349525085,0.046907719328499034,0.08824629120155292,in_sample_diagnostic_only,False,True,False,True,False,True,False,True
train,20240823,20240823_3_02,3,부경,10,True,,0.0,0.09217845643022331,0.02553983898950534,0.0693932252978855,in_sample_diagnostic_only,False,True,False,True,False,True,False,True
train,20240823,20240823_3_03,3,부경,9,True,,0.0,0.1517148335032484,0.034392300435745815,0.07805339796363375,in_sample_diagnostic_only,False,True,False,True,False,True,False,True
train,20240823,20240823_3_04,3,부경,11,True,,0.0,0.07519345595636,0.0744357569603093,0.106026820250012,in_sample_diagnostic_only,False,False,False,False,False,True,False,True
train,20240823,20240823_3_05,3,부경,8,True,,0.0,0.129403539943655,0.1038896380515602,0.12125445753634463,in_sample_diagnostic_only,False,False,False,False,False,False,False,False
train,20240823,20240823_3_06,3,부경,11,True,,0.0,0.164542214422331,0.09358364919305087,0.11623475481203735,in_sample_diagnostic_only,False,False,False,False,False,False,False,False
train,20240823,20240823_3_07,3,부경,11,True,,0.0,0.12437664822912271,0.052215136207012916,0.09207485535475601,in_sample_diagnostic_only,False,True,False,True,False,True,False,True
train,20240823,20240823_3_08,3,부경,11,True,,0.0,0.1733125788991413,0.06196554916662918,0.09855215209233154,in_sample_diagnostic_only,False,False,False,True,False,True,False,True
train,20240824,20240824_1_01,1,서울,9,True,,0.0,0.171797286240616,0.0615440716769661,0.09828499039170517,in_sample_diagnostic_only,False,False,False,True,False,True,False,True
train,20240824,20240824_1_02,1,서울,11,True,,0.0,0.0875147649122123,0.031673582520425146,0.07555427533286493,in_sample_diagnostic_only,False,True,False,True,False,True,False,True
train,20240824,20240824_1_03,1,서울,11,True,,0.0,0.08252947802218011,0.061175499275579914,0.09805049245459133,in_sample_diagnostic_only,False,False,False,True,False,True,False,True
train,20240824,20240824_1_04,1,서울,10,True,,0.0,0.17714567354895278,0.11025373293230119,0.12422170260607678,in_sample_diagnostic_only,False,False,False,False,False,False,False,False
train,20240824,20240824_1_05,1,서울,11,True,,0.0,0.1694581213549952,0.1847316052321739,0.1540431277735198,in_sample_diagnostic_only,True,False,True,False,True,False,True,False
train,20240824,20240824_1_06,1,서울,11,True,,0.0,0.2208874439837586,0.19604407282912897,0.1580443775348273,in_sample_diagnostic_only,True,False,True,False,True,False,True,False
train,20240824,20240824_1_07,1,서울,11,True,,1.0,0.15300893110050778,0.34637860611444987,0.20561341372908024,in_sample_diagnostic_only,True,False,True,False,True,False,True,False
train,20240824,20240824_1_08,1,서울,10,True,,0.0,0.1097859614112198,0.06209757086201743,0.09863561981984753,in_sample_diagnostic_only,False,False,False,True,False,True,False,True
train,20240824,20240824_1_09,1,서울,8,True,,0.0,0.1699574331295689,0.14426574402352305,0.13876041320453328,in_sample_diagnostic_only,False,False,True,False,True,False,True,False
train,20240824,20240824_1_10,1,서울,10,True,,0.0,0.2299933640950436,0.11151204941449418,0.1247975770336238,in_sample_diagnostic_only,False,False,False,False,False,False,True,False
train,20240824,20240824_1_11,1,서울,11,True,,1.0,0.1934416315001961,0.3408650846427305,0.2039656583740916,in_sample_diagnostic_only,True,False,True,False,True,False,True,False
train,20240825,20240825_1_01,1,서울,12,True,,0.0,0.0985486668339273,0.03956545877802551,0.08249863126987482,in_sample_diagnostic_only,False,True,False,True,False,True,False,True
train,20240825,20240825_1_02,1,서울,8,True,,0.0,0.1617206993112772,0.07537703162133616,0.1065609205533582,in_sample_diagnostic_only,False,False,False,False,False,True,False,True
train,20240825,20240825_1_03,1,서울,11,True,,0.0,0.1045239099402541,0.07262832501961074,0.10499039086431912,in_sample_diagnostic_only,False,False,False,False,False,True,False,True
train,20240825,20240825_1_04,1,서울,9,True,,0.0,0.11433760450656781,0.05813969389238922,0.09608697577103663,in_sample_diagnostic_only,False,False,False,True,False,True,False,True
train,20240825,20240825_1_05,1,서울,8,True,,0.0,0.19038067624627403,0.07519354066557783,0.10645710149496737,in_sample_diagnostic_only,False,False,False,False,False,True,False,True
train,20240825,20240825_1_06,1,서울,11,True,,0.0,0.1442424225959736,0.04886214060301576,0.08968455446319755,in_sample_diagnostic_only,False,True,False,True,False,True,False,True
train,20240825,20240825_1_07,1,서울,8,True,,0.0,0.1699351731723886,0.07336221449861328,0.10541297024240662,in_sample_diagnostic_only,False,False,False,False,False,True,False,True
train,20240825,20240825_1_08,1,서울,13,True,,1.0,0.1401930288680703,0.31948004594755575,0.19754264986878864,in_sample_diagnostic_only,True,False,True,False,True,False,True,False
train,20240825,20240825_1_09,1,서울,11,True,,0.0,0.12656597341655978,0.1606297847885708,0.14514981822359904,in_sample_diagnostic_only,False,False,True,False,True,False,True,False
train,20240825,20240825_1_10,1,서울,10,True,,0.0,0.16075579730774012,0.07154639898041176,0.10436295237339181,in_sample_diagnostic_only,False,False,False,False,False,True,False,True
train,20240825,20240825_1_11,1,서울,11,True,,1.0,0.1950484981700278,0.3040916052453486,0.1928787042631575,in_sample_diagnostic_only,True,False,True,False,True,False,True,False
train,20240825,20240825_1_12,1,서울,10,True,,0.0,0.1360902318642217,0.09960997681037415,0.11920419116034811,in_sample_diagnostic_only,False,False,False,False,False,False,False,False
train,20240825,20240825_3_01,3,부경,10,True,,0.0,0.084223648746532,0.07693670187712799,0.1074376662770902,in_sample_diagnostic_only,False,False,False,False,False,True,False,True
train,20240825,20240825_3_02,3,부경,11,True,,0.0,0.1470403441719558,0.08796125801170578,0.11336864191153029,in_sample_diagnostic_only,False,False,False,False,False,False,False,True
train,20240825,20240825_3_03,3,부경,9,True,,0.0,0.1359665581952007,0.06208139298122129,0.09862539725400057,in_sample_diagnostic_only,False,False,False,True,False,True,False,True
train,20240825,20240825_3_04,3,부경,9,True,,0.0,0.16931439274762,0.15853278955892453,0.1443486247295239,in_sample_diagnostic_only,False,False,True,False,True,False,True,False
train,20240825,20240825_3_05,3,부경,8,True,,0.0,0.15850874744264068,0.043280516745974,0.0854796314143807,in_sample_diagnostic_only,False,True,False,True,False,True,False,True
train,20240830,20240830_3_01,3,부경,10,True,,0.0,0.0693015187693675,0.08463418778165918,0.11162477722925492,in_sample_diagnostic_only,False,False,False,False,False,False,False,True
train,20240830,20240830_3_02,3,부경,11,True,,1.0,0.09876013126853131,0.1512524802999464,0.14152811553375164,in_sample_diagnostic_only,False,False,True,False,True,False,True,False
train,20240830,20240830_3_04,3,부경,11,True,,0.0,0.14559227505138939,0.08474402496288234,0.11168294907123553,in_sample_diagnostic_only,False,False,False,False,False,False,False,True
train,20240830,20240830_3_05,3,부경,11,True,,0.0,0.1126614189158258,0.1774626284294294,0.1514175848913029,in_sample_diagnostic_only,True,False,True,False,True,False,True,False
train,20240830,20240830_3_06,3,부경,11,True,,0.0,0.1441739747607096,0.10949416171182799,0.12387240598510475,in_sample_diagnostic_only,False,False,False,False,False,False,False,False
train,20240830,20240830_3_07,3,부경,11,True,,0.0,0.1517064732256824,0.04839566339476103,0.08934441371872053,in_sample_diagnostic_only,False,True,False,True,False,True,False,True
train,20240830,20240830_3_08,3,부경,11,True,,0.0,0.2074239335321051,0.11083368694600247,0.12448754819283905,in_sample_diagnostic_only,False,False,False,False,False,False,False,False
train,20240831,20240831_1_01,1,서울,10,True,,1.0,0.2242544012637156,0.1810245616690536,0.15270978513363823,in_sample_diagnostic_only,True,False,True,False,True,False,True,False
train,20240831,20240831_1_02,1,서울,11,True,,0.0,0.0740357012265799,0.05999403394362576,0.09729322643490144,in_sample_diagnostic_only,False,False,False,True,False,True,False,True
train,20240831,20240831_1_03,1,서울,11,True,,0.0,0.09049503550324131,0.0892521373267112,0.11403540370863283,in_sample_diagnostic_only,False,False,False,False,False,False,False,False
train,20240831,20240831_1_04,1,서울,11,True,,0.0,0.3014342028593427,0.15666737269240613,0.14363178847601532,in_sample_diagnostic_only,False,False,True,False,True,False,True,False
train,20240831,20240831_1_05,1,서울,11,True,,0.0,0.2066791828743626,0.1836200836779765,0.15364454019797175,in_sample_diagnostic_only,True,False,True,False,True,False,True,False
train,20240831,20240831_1_06,1,서울,11,True,,0.0,0.18452762645827359,0.1375055348590069,0.13602025285745514,in_sample_diagnostic_only,False,False,False,False,True,False,True,False
train,20240831,20240831_1_07,1,서울,10,True,,0.0,0.2030518708457455,0.11155422250190004,0.12481681845807927,in_sample_diagnostic_only,False,False,False,False,False,False,True,False
train,20240831,20240831_1_08,1,서울,10,True,,0.0,0.1563575403078317,0.14859617247744206,0.14048318570728638,in_sample_diagnostic_only,False,False,True,False,True,False,True,False
train,20240831,20240831_1_09,1,서울,10,True,,1.0,0.23461702520054498,0.4911429431456952,0.249101831314538,in_sample_diagnostic_only,True,False,True,False,True,False,True,False
train,20240831,20240831_1_10,1,서울,10,True,,0.0,0.1392637296973404,0.0768362156401749,0.10738148385320065,in_sample_diagnostic_only,False,False,False,False,False,True,False,True
train,20240831,20240831_1_11,1,서울,9,True,,0.0,0.19028785121306369,0.1569058794245165,0.14372366075334927,in_sample_diagnostic_only,False,False,True,False,True,False,True,False
train,20240901,20240901_1_01,1,서울,8,True,,1.0,0.132717976766961,0.26463218511443637,0.1806767952432042,in_sample_diagnostic_only,True,False,True,False,True,False,True,False
train,20240901,20240901_1_02,1,서울,10,True,,0.0,0.12770977735786798,0.055823581556727994,0.09454837636619388,in_sample_diagnostic_only,False,False,False,True,False,True,False,True
train,20240901,20240901_1_03,1,서울,9,True,,0.0,0.0960349247796536,0.05272881662776631,0.09243297579496908,in_sample_diagnostic_only,False,True,False,True,False,True,False,True
train,20240901,20240901_1_04,1,서울,11,True,,0.0,0.1584099220640777,0.12039047677617053,0.12876791482787314,in_sample_diagnostic_only,False,False,False,False,False,False,True,False
train,20240901,20240901_1_05,1,서울,11,True,,0.0,0.1398580301112688,0.1575044601293537,0.14395394784510762,in_sample_diagnostic_only,False,False,True,False,True,False,True,False
train,20240901,20240901_1_06,1,서울,10,True,,0.0,0.1540090709140345,0.19720982852120197,0.15845126439335935,in_sample_diagnostic_only,True,False,True,False,True,False,True,False
train,20240901,20240901_1_07,1,서울,11,True,,1.0,0.1604728419985692,0.2563834296595624,0.17806787401541066,in_sample_diagnostic_only,True,False,True,False,True,False,True,False
train,20240901,20240901_1_08,1,서울,11,True,,0.0,0.13690066124648462,0.05067108575991157,0.0909857345259946,in_sample_diagnostic_only,False,True,False,True,False,True,False,True
train,20240901,20240901_1_09,1,서울,11,True,,0.0,0.1887860126873534,0.13630643259916475,0.13552739153500282,in_sample_diagnostic_only,False,False,False,False,True,False,True,False
train,20240901,20240901_1_10,1,서울,9,True,,1.0,0.1453627477172249,0.24895160918017806,0.17569595419178516,in_sample_diagnostic_only,True,False,True,False,True,False,True,False
train,20240901,20240901_3_01,3,부경,11,True,,0.0,0.1192594677035575,0.07461674392531589,0.10612981231765915,in_sample_diagnostic_only,False,False,False,False,False,True,False,True
train,20240901,20240901_3_02,3,부경,11,True,,0.0,0.1467159368672678,0.08317243332189171,0.11084656722682806,in_sample_diagnostic_only,False,False,False,False,False,False,False,True
train,20240901,20240901_3_03,3,부경,7,True,,0.0,0.18627997560360202,0.1240308712653435,0.13035202670850457,in_sample_diagnostic_only,False,False,False,False,False,False,True,False
train,20240901,20240901_3_04,3,부경,11,True,,0.0,0.16260362601252962,0.0933544131741196,0.11611977474615201,in_sample_diagnostic_only,False,False,False,False,False,False,False,False
train,20240901,20240901_3_06,3,부경,10,True,,0.0,0.2114910379162278,0.11799052216691931,0.12771009580065082,in_sample_diagnostic_only,False,False,False,False,False,False,True,False
train,20240901,20240901_3_07,3,부경,11,True,,0.0,0.1027718697024409,0.07523383864437871,0.1064799143487388,in_sample_diagnostic_only,False,False,False,False,False,True,False,True
train,20240906,20240906_3_02,3,부경,11,True,,1.0,0.07297673863325049,0.1705705093291909,0.14888477033085762,in_sample_diagnostic_only,False,False,True,False,True,False,True,False
train,20240906,20240906_3_03,3,부경,11,True,,0.0,0.1341166064747004,0.09689983339016667,0.11788120648252903,in_sample_diagnostic_only,False,False,False,False,False,False,False,False
train,20240906,20240906_3_04,3,부경,11,True,,0.0,0.1584449680549625,0.09892251731338945,0.11887046161179886,in_sample_diagnostic_only,False,False,False,False,False,False,False,False
train,20240906,20240906_3_05,3,부경,11,True,,0.0,0.18381618500122351,0.11558475096744932,0.12663849230647628,in_sample_diagnostic_only,False,False,False,False,False,False,True,False
train,20240906,20240906_3_06,3,부경,11,True,,0.0,0.0857548190656906,0.07481659737585789,0.10624337607658517,in_sample_diagnostic_only,False,False,False,False,False,True,False,True
train,20240906,20240906_3_07,3,부경,11,True,,0.0,0.1449794831229781,0.0723635799663987,0.10483735261131208,in_sample_diagnostic_only,False,False,False,False,False,True,False,True
train,20240906,20240906_3_08,3,부경,11,True,,0.0,0.12677948434231429,0.08235831619574817,0.11040983696782489,in_sample_diagnostic_only,False,False,False,False,False,False,False,True
train,20240907,20240907_1_01,1,서울,12,True,,0.0,0.2120977326229631,0.10432650103135349,0.12146118068712759,in_sample_diagnostic_only,False,False,False,False,False,False,False,False
train,20240907,20240907_1_02,1,서울,10,True,,0.0,0.1431174720606392,0.10194589546654753,0.12032899589872068,in_sample_diagnostic_only,False,False,False,False,False,False,False,False
train,20240907,20240907_1_03,1,서울,11,True,,0.0,0.11606000139149501,0.0585944559032162,0.09638484951043799,in_sample_diagnostic_only,False,False,False,True,False,True,False,True
train,20240907,20240907_1_04,1,서울,13,True,,0.0,0.09796810156474489,0.05514908536451068,0.09409330955512901,in_sample_diagnostic_only,False,False,False,True,False,True,False,True
train,20240907,20240907_1_05,1,서울,15,True,,0.0,0.0621125293240299,0.045016060032284186,0.08681995410738294,in_sample_diagnostic_only,False,True,False,True,False,True,False,True
train,20240907,20240907_1_06,1,서울,14,True,,0.0,0.15812053420989983,0.12239106680956002,0.1296414528708833,in_sample_diagnostic_only,False,False,False,False,False,False,True,False
train,20240907,20240907_1_07,1,서울,10,True,,0.0,0.1735390472530958,0.0652353127204788,0.10058993140070083,in_sample_diagnostic_only,False,False,False,True,False,True,False,True
train,20240907,20240907_1_08,1,서울,11,True,,0.0,0.1425973825704793,0.1130895897029135,0.12551474915854613,in_sample_diagnostic_only,False,False,False,False,False,False,True,False
train,20240907,20240907_1_09,1,서울,11,True,,0.0,0.1556597997084047,0.08165945703052328,0.1100330083595651,in_sample_diagnostic_only,False,False,False,False,False,False,False,True
train,20240907,20240907_1_10,1,서울,9,True,,0.0,0.0850500881420149,0.10122434115082167,0.11998304204222271,in_sample_diagnostic_only,False,False,False,False,False,False,False,False
train,20240907,20240907_1_11,1,서울,10,True,,0.0,0.15181908615454331,0.1771929287414892,0.15131928908265999,in_sample_diagnostic_only,True,False,True,False,True,False,True,False
train,20240908,20240908_1_01,1,서울,9,True,,0.0,0.0825729069577299,0.0676387933402681,0.10205052318028682,in_sample_diagnostic_only,False,False,False,False,False,True,False,True
train,20240908,20240908_1_02,1,서울,10,True,,0.0,0.1163277387865993,0.03700491837818031,0.08034511663055796,in_sample_diagnostic_only,False,True,False,True,False,True,False,True
train,20240908,20240908_1_03,1,서울,11,True,,0.0,0.1674774788256707,0.039783179698309766,0.08267783998149753,in_sample_diagnostic_only,False,True,False,True,False,True,False,True
train,20240908,20240908_1_04,1,서울,8,True,,1.0,0.14424706539169638,0.3481257882923711,0.20613502038752088,in_sample_diagnostic_only,True,False,True,False,True,False,True,False
train,20240908,20240908_1_05,1,서울,10,True,,0.0,0.11938625488919971,0.20693256811363608,0.16180835104414001,in_sample_diagnostic_only,True,False,True,False,True,False,True,False
train,20240908,20240908_1_06,1,서울,15,True,,0.0,0.050141396379630505,0.041438404358582766,0.08402147355633093,in_sample_diagnostic_only,False,True,False,True,False,True,False,True
train,20240908,20240908_1_07,1,서울,10,True,,0.0,0.0390942857067891,0.041126094050566595,0.08377044488367257,in_sample_diagnostic_only,False,True,False,True,False,True,False,True
train,20240908,20240908_1_08,1,서울,10,True,,1.0,0.18216608505992118,0.40014577171934257,0.22160863748587922,in_sample_diagnostic_only,True,False,True,False,True,False,True,False
train,20240908,20240908_1_09,1,서울,11,True,,0.0,0.10517553355314069,0.1372050060186368,0.13589692710151907,in_sample_diagnostic_only,False,False,False,False,True,False,True,False
train,20240908,20240908_3_01,3,부경,10,True,,1.0,0.19740800705262831,0.3063023719379965,0.19355137784670065,in_sample_diagnostic_only,True,False,True,False,True,False,True,False
train,20240908,20240908_3_02,3,부경,11,True,,0.0,0.073597868847562,0.044916791793075464,0.08674412929254076,in_sample_diagnostic_only,False,True,False,True,False,True,False,True
train,20240908,20240908_3_03,3,부경,11,True,,0.0,0.21451217305898831,0.09326487776365111,0.11607482373180464,in_sample_diagnostic_only,False,False,False,False,False,False,False,False
train,20240908,20240908_3_04,3,부경,11,True,,1.0,0.14512847791659989,0.20689145407107312,0.16179428682135466,in_sample_diagnostic_only,True,False,True,False,True,False,True,False
train,20240908,20240908_3_05,3,부경,10,True,,0.0,0.1637793787243368,0.13615921859564564,0.13546673597037304,in_sample_diagnostic_only,False,False,False,False,True,False,True,False
train,20240908,20240908_3_06,3,부경,9,True,,0.0,0.0861154758974713,0.11248188768681346,0.12523910366048155,in_sample_diagnostic_only,False,False,False,False,False,False,True,False
train,20240908,20240908_3_07,3,부경,11,True,,0.0,0.1020865049226925,0.06628882821174081,0.101233898374652,in_sample_diagnostic_only,False,False,False,True,False,True,False,True
train,20240913,20240913_3_01,3,부경,11,True,,0.0,0.0865093984117809,0.07680463401967857,0.10736381782226244,in_sample_diagnostic_only,False,False,False,False,False,True,False,True
train,20240913,20240913_3_02,3,부경,10,True,,0.0,0.0871382426511118,0.03737767260517747,0.08066406328242633,in_sample_diagnostic_only,False,True,False,True,False,True,False,True
train,20240913,20240913_3_03,3,부경,11,True,,0.0,0.1479929621871273,0.03446947669230342,0.0781225698387249,in_sample_diagnostic_only,False,True,False,True,False,True,False,True
train,20240913,20240913_3_04,3,부경,11,True,,0.0,0.061034799798881094,0.07268701926555231,0.10502427658216663,in_sample_diagnostic_only,False,False,False,False,False,True,False,True
train,20240913,20240913_3_05,3,부경,11,True,,0.0,0.1307695294430003,0.1598012225261301,0.1448338300647857,in_sample_diagnostic_only,False,False,True,False,True,False,True,False
train,20240913,20240913_3_06,3,부경,11,True,,0.0,0.14286378117405982,0.10397128087996804,0.12129312606360931,in_sample_diagnostic_only,False,False,False,False,False,False,False,False
train,20240913,20240913_3_07,3,부경,11,True,,0.0,0.1903559420656525,0.202789517513516,0.1603855959311745,in_sample_diagnostic_only,True,False,True,False,True,False,True,False
train,20240913,20240913_3_08,3,부경,11,True,,0.0,0.1044513602256038,0.09973345893472926,0.1192640041981073,in_sample_diagnostic_only,False,False,False,False,False,False,False,False
train,20240914,20240914_1_01,1,서울,12,True,,0.0,0.1053523595031596,0.04325092836538778,0.08545650585332902,in_sample_diagnostic_only,False,True,False,True,False,True,False,True
train,20240914,20240914_1_02,1,서울,11,True,,0.0,0.1043689420094103,0.04788393260557982,0.08896903574572022,in_sample_diagnostic_only,False,True,False,True,False,True,False,True
train,20240914,20240914_1_03,1,서울,12,True,,0.0,0.0818020068277156,0.05953443170391065,0.09699630138091635,in_sample_diagnostic_only,False,False,False,True,False,True,False,True
train,20240914,20240914_1_04,1,서울,10,True,,0.0,0.2268742924479467,0.1378875215476229,0.13617681492955983,in_sample_diagnostic_only,False,False,False,False,True,False,True,False
train,20240914,20240914_1_05,1,서울,10,True,,0.0,0.111716578035108,0.045697131589089786,0.08733752135385685,in_sample_diagnostic_only,False,True,False,True,False,True,False,True
train,20240914,20240914_1_06,1,서울,10,True,,1.0,0.13035067718011378,0.23950635790125477,0.17264923896636933,in_sample_diagnostic_only,True,False,True,False,True,False,True,False
train,20240914,20240914_1_07,1,서울,11,True,,1.0,0.1520968725777654,0.33137689753778965,0.20112286918656272,in_sample_diagnostic_only,True,False,True,False,True,False,True,False
train,20240914,20240914_1_08,1,서울,11,True,,0.0,0.1274128766086287,0.08982139580651427,0.11432774566479315,in_sample_diagnostic_only,False,False,False,False,False,False,False,False
train,20240914,20240914_1_09,1,서울,11,True,,0.0,0.107727786841694,0.1592866286265737,0.1446372005310257,in_sample_diagnostic_only,False,False,True,False,True,False,True,False
train,20240914,20240914_1_10,1,서울,11,True,,0.0,0.1358927315505817,0.08804004504592201,0.11340949098597772,in_sample_diagnostic_only,False,False,False,False,False,False,False,True
train,20240914,20240914_1_11,1,서울,9,True,,0.0,0.0880131203188324,0.05847326229447138,0.09630559858971148,in_sample_diagnostic_only,False,False,False,True,False,True,False,True
train,20240915,20240915_1_01,1,서울,10,True,,0.0,0.07868966383588091,0.057864306966309315,0.0959059335184421,in_sample_diagnostic_only,False,False,False,True,False,True,False,True
train,20240915,20240915_1_02,1,서울,10,True,,0.0,0.10415308255816151,0.04006097885598215,0.08290564920777331,in_sample_diagnostic_only,False,True,False,True,False,True,False,True
train,20240915,20240915_1_03,1,서울,10,True,,0.0,0.10854142983002339,0.049007813555211305,0.08979038077420791,in_sample_diagnostic_only,False,True,False,True,False,True,False,True
train,20240915,20240915_1_04,1,서울,11,True,,1.0,0.0532109455323144,0.36451218452858447,0.211016962021528,in_sample_diagnostic_only,True,False,True,False,True,False,True,False
train,20240915,20240915_1_05,1,서울,11,True,,0.0,0.1237903465994043,0.08688919931602382,0.11281078359854514,in_sample_diagnostic_only,False,False,False,False,False,False,False,True
train,20240915,20240915_1_06,1,서울,11,True,,0.0,0.13318039069152302,0.08093888858327422,0.10964257963231085,in_sample_diagnostic_only,False,False,False,False,False,False,False,True
train,20240915,20240915_1_07,1,서울,11,True,,1.0,0.1671636516781707,0.2864741426082952,0.18748085913755463,in_sample_diagnostic_only,True,False,True,False,True,False,True,False
train,20240915,20240915_1_08,1,서울,11,True,,0.0,0.1279727926698513,0.0950740433895677,0.1169785854955466,in_sample_diagnostic_only,False,False,False,False,False,False,False,False
train,20240915,20240915_1_09,1,서울,11,True,,0.0,0.1470823160885176,0.10983245404729987,0.12402813037309982,in_sample_diagnostic_only,False,False,False,False,False,False,False,False
train,20240915,20240915_1_10,1,서울,10,True,,1.0,0.2470559902716602,0.36081282406501464,0.20991614840135778,in_sample_diagnostic_only,True,False,True,False,True,False,True,False
train,20240915,20240915_3_01,3,부경,10,True,,0.0,0.0922523260781029,0.0491041818682153,0.08986028678098083,in_sample_diagnostic_only,False,True,False,True,False,True,False,True
train,20240915,20240915_3_02,3,부경,11,True,,0.0,0.16845952529621308,0.1054656898496044,0.12199808177306061,in_sample_diagnostic_only,False,False,False,False,False,False,False,False
train,20240915,20240915_3_03,3,부경,11,True,,1.0,0.14983070650385372,0.24139235203555262,0.1732606413029839,in_sample_diagnostic_only,True,False,True,False,True,False,True,False
train,20240915,20240915_3_04,3,부경,11,True,,0.0,0.207303841257368,0.13089573259648796,0.1332762980359124,in_sample_diagnostic_only,False,False,False,False,True,False,True,False
train,20240915,20240915_3_05,3,부경,11,True,,0.0,0.11779849016923089,0.09772991316444421,0.11828852199747313,in_sample_diagnostic_only,False,False,False,False,False,False,False,False
train,20240915,20240915_3_06,3,부경,11,True,,0.0,0.1361382893219601,0.07238819103866165,0.10485159268560186,in_sample_diagnostic_only,False,False,False,False,False,True,False,True
train,20240927,20240927_3_01,3,부경,12,True,,0.0,0.1216464692779947,0.04495734534108418,0.0867751176470039,in_sample_diagnostic_only,False,True,False,True,False,True,False,True
train,20240927,20240927_3_02,3,부경,11,True,,0.0,0.12884060737203099,0.07278209153394817,0.10507913126219535,in_sample_diagnostic_only,False,False,False,False,False,True,False,True
train,20240927,20240927_3_03,3,부경,11,True,,0.0,0.0805786248454679,0.05456301193293459,0.0936952441256892,in_sample_diagnostic_only,False,True,False,True,False,True,False,True
train,20240927,20240927_3_04,3,부경,11,True,,0.0,0.11509774348976151,0.11130944022896304,0.12470508350914737,in_sample_diagnostic_only,False,False,False,False,False,False,True,False
train,20240927,20240927_3_05,3,부경,11,True,,0.0,0.088696405828615,0.14497931584863602,0.13904598307055344,in_sample_diagnostic_only,False,False,True,False,True,False,True,False
train,20240927,20240927_3_06,3,부경,11,True,,0.0,0.16264964912372412,0.06856696037321047,0.10260657574263474,in_sample_diagnostic_only,False,False,False,False,False,True,False,True
train,20240928,20240928_1_01,1,서울,12,True,,0.0,0.1277124208792054,0.06081791059895655,0.0978221976994898,in_sample_diagnostic_only,False,False,False,True,False,True,False,True
train,20240928,20240928_1_02,1,서울,10,True,,0.0,0.07728467751925089,0.09258517983874659,0.11573281090874434,in_sample_diagnostic_only,False,False,False,False,False,False,False,False
train,20240928,20240928_1_03,1,서울,12,True,,0.0,0.1652896668106906,0.06164492940625466,0.09834901735370082,in_sample_diagnostic_only,False,False,False,True,False,True,False,True
train,20240928,20240928_1_04,1,서울,11,True,,0.0,0.050289322157599195,0.09008475893359134,0.11446265026316013,in_sample_diagnostic_only,False,False,False,False,False,False,False,False
train,20240928,20240928_1_05,1,서울,11,True,,0.0,0.0520772034490212,0.05072119420494924,0.09102138415174642,in_sample_diagnostic_only,False,True,False,True,False,True,False,True
train,20240928,20240928_1_06,1,서울,11,True,,0.0,0.14034715957889599,0.07217774181114803,0.10472973669753011,in_sample_diagnostic_only,False,False,False,False,False,True,False,True
train,20240928,20240928_1_07,1,서울,11,True,,0.0,0.136089831805476,0.099460872949745,0.11913191398984214,in_sample_diagnostic_only,False,False,False,False,False,False,False,False
train,20240928,20240928_1_08,1,서울,11,True,,0.0,0.12308825711812421,0.09121029182594656,0.1150367608026451,in_sample_diagnostic_only,False,False,False,False,False,False,False,False
train,20240928,20240928_1_09,1,서울,11,True,,0.0,0.10050331407841301,0.1268493421512695,0.13156227623636185,in_sample_diagnostic_only,False,False,False,False,True,False,True,False
train,20240928,20240928_1_10,1,서울,11,True,,0.0,0.0610451488890152,0.1101613475162683,0.12417928608684725,in_sample_diagnostic_only,False,False,False,False,False,False,False,False
train,20240928,20240928_1_11,1,서울,11,True,,0.0,0.1307282699926409,0.1025590605769326,0.12062195065600033,in_sample_diagnostic_only,False,False,False,False,False,False,False,False
train,20240929,20240929_1_03,1,서울,11,True,,0.0,0.1818638929302515,0.07954870812329688,0.1088837884569241,in_sample_diagnostic_only,False,False,False,False,False,False,False,True
train,20240929,20240929_1_04,1,서울,11,True,,0.0,0.0902682799225144,0.19490226119745105,0.15764489918907768,in_sample_diagnostic_only,True,False,True,False,True,False,True,False
train,20240929,20240929_1_05,1,서울,11,True,,1.0,0.2020591186472817,0.4812344570021772,0.24604353448163285,in_sample_diagnostic_only,True,False,True,False,True,False,True,False
train,20240929,20240929_1_06,1,서울,11,True,,0.0,0.10003148998718721,0.07140337755778312,0.10427960674419087,in_sample_diagnostic_only,False,False,False,False,False,True,False,True
train,20240929,20240929_1_07,1,서울,14,True,,0.0,0.1164791169252327,0.062416538461899936,0.09883685644925586,in_sample_diagnostic_only,False,False,False,True,False,True,False,True
train,20240929,20240929_1_08,1,서울,10,True,,1.0,0.15293424576817072,0.2969756551215399,0.1907067882955703,in_sample_diagnostic_only,True,False,True,False,True,False,True,False
train,20240929,20240929_1_09,1,서울,11,True,,0.0,0.2184805809814891,0.15375138196661411,0.142503242495501,in_sample_diagnostic_only,False,False,True,False,True,False,True,False
train,20240929,20240929_1_10,1,서울,8,True,,0.0,0.1619920202141808,0.15243907971860424,0.14199209039122124,in_sample_diagnostic_only,False,False,True,False,True,False,True,False
train,20240929,20240929_1_11,1,서울,10,True,,0.0,0.1444960239062576,0.07417066485981079,0.1058757107570058,in_sample_diagnostic_only,False,False,False,False,False,True,False,True
train,20240929,20240929_3_01,3,부경,12,True,,1.0,0.1082459610213611,0.11588932985725323,0.12677479653322882,in_sample_diagnostic_only,False,False,False,False,False,False,True,False
train,20240929,20240929_3_02,3,부경,11,True,,0.0,0.1690341556411428,0.057066022024927165,0.09537827310688951,in_sample_diagnostic_only,False,False,False,True,False,True,False,True
train,20240929,20240929_3_03,3,부경,11,True,,0.0,0.0822846256749743,0.11113597594532236,0.12462582470627376,in_sample_diagnostic_only,False,False,False,False,False,False,True,False
train,20240929,20240929_3_04,3,부경,11,True,,0.0,0.1567972836344297,0.08459350548948909,0.11160322046278658,in_sample_diagnostic_only,False,False,False,False,False,False,False,True
train,20240929,20240929_3_05,3,부경,11,True,,0.0,0.1795007103659721,0.23058666644987255,0.16973560423475778,in_sample_diagnostic_only,True,False,True,False,True,False,True,False
train,20240929,20240929_3_06,3,부경,9,True,,1.0,0.1885740598513066,0.40376723769940703,0.22268613508867238,in_sample_diagnostic_only,True,False,True,False,True,False,True,False
train,20241004,20241004_3_01,3,부경,12,True,,0.0,0.08279204857767851,0.08398523139072385,0.11128021709996203,in_sample_diagnostic_only,False,False,False,False,False,False,False,True
train,20241004,20241004_3_02,3,부경,9,True,,0.0,0.104755864012789,0.06491012288251428,0.10038994838488274,in_sample_diagnostic_only,False,False,False,True,False,True,False,True
train,20241004,20241004_3_03,3,부경,11,True,,0.0,0.1137745119876808,0.07107782658696743,0.10408953641200613,in_sample_diagnostic_only,False,False,False,False,False,True,False,True
train,20241004,20241004_3_04,3,부경,11,True,,0.0,0.1315629548916603,0.09420160572976065,0.11654394503564666,in_sample_diagnostic_only,False,False,False,False,False,False,False,False
train,20241004,20241004_3_05,3,부경,11,True,,0.0,0.1483438101793754,0.22679183883535325,0.16848436736561515,in_sample_diagnostic_only,True,False,True,False,True,False,True,False
train,20241004,20241004_3_06,3,부경,11,True,,0.0,0.1649901612024377,0.07808334710165539,0.10807585202389702,in_sample_diagnostic_only,False,False,False,False,False,False,False,True
train,20241004,20241004_3_07,3,부경,11,True,,0.0,0.10269121961096,0.1545192220685857,0.1428013739410737,in_sample_diagnostic_only,False,False,True,False,True,False,True,False
train,20241004,20241004_3_08,3,부경,11,True,,0.0,0.1540292766085056,0.0635275622704662,0.099533189859735,in_sample_diagnostic_only,False,False,False,True,False,True,False,True
train,20241005,20241005_1_01,1,서울,11,True,,0.0,0.0850446964083721,0.07675448532351883,0.10733575736583284,in_sample_diagnostic_only,False,False,False,False,False,True,False,True
train,20241005,20241005_1_02,1,서울,9,True,,0.0,0.09847998021753669,0.09962527305310834,0.11921160261808746,in_sample_diagnostic_only,False,False,False,False,False,False,False,False
train,20241005,20241005_1_03,1,서울,11,True,,0.0,0.0837096176308195,0.08014989328158957,0.10921283434430584,in_sample_diagnostic_only,False,False,False,False,False,False,False,True
train,20241005,20241005_1_04,1,서울,9,True,,1.0,0.11538283966721802,0.39236316119761044,0.21929462970450142,in_sample_diagnostic_only,True,False,True,False,True,False,True,False
train,20241005,20241005_1_05,1,서울,10,True,,1.0,0.2199988754625249,0.307019167624393,0.1937692761192685,in_sample_diagnostic_only,True,False,True,False,True,False,True,False
train,20241005,20241005_1_06,1,서울,11,True,,0.0,0.1599377901132881,0.06458425420434635,0.10018896733983117,in_sample_diagnostic_only,False,False,False,True,False,True,False,True
train,20241005,20241005_1_07,1,서울,10,True,,0.0,0.2050065166300746,0.15264726660483674,0.1420733183887919,in_sample_diagnostic_only,False,False,True,False,True,False,True,False
train,20241005,20241005_1_08,1,서울,10,True,,0.0,0.16936256547804987,0.18288443160438803,0.15338017569471,in_sample_diagnostic_only,True,False,True,False,True,False,True,False
train,20241005,20241005_1_09,1,서울,11,True,,1.0,0.11724792694440911,0.42118174967306926,0.22787768301825936,in_sample_diagnostic_only,True,False,True,False,True,False,True,False
train,20241005,20241005_1_10,1,서울,11,True,,0.0,0.1249502237077588,0.07161607569708214,0.10440352201474917,in_sample_diagnostic_only,False,False,False,False,False,True,False,True
train,20241005,20241005_1_11,1,서울,10,True,,0.0,0.1443038857524917,0.06328702850102721,0.0993830367936334,in_sample_diagnostic_only,False,False,False,True,False,True,False,True
train,20241006,20241006_1_01,1,서울,8,True,,0.0,0.0633655219592665,0.06076147070888431,0.09778609371865658,in_sample_diagnostic_only,False,False,False,True,False,True,False,True
train,20241006,20241006_1_02,1,서울,10,True,,1.0,0.23738678344963332,0.2760102473992798,0.1842386011710961,in_sample_diagnostic_only,True,False,True,False,True,False,True,False
train,20241006,20241006_1_03,1,서울,10,True,,0.0,0.1640279924951685,0.07441918680502395,0.10601738377817964,in_sample_diagnostic_only,False,False,False,False,False,True,False,True
train,20241006,20241006_1_04,1,서울,11,True,,0.0,0.1422709944557398,0.08362240970692858,0.11108693227055692,in_sample_diagnostic_only,False,False,False,False,False,False,False,True
train,20241006,20241006_1_05,1,서울,10,True,,1.0,0.1623018747666965,0.2511746022104865,0.17640767473097613,in_sample_diagnostic_only,True,False,True,False,True,False,True,False
train,20241006,20241006_1_06,1,서울,11,True,,0.0,0.1593598337569686,0.1607436496285639,0.14519318424080835,in_sample_diagnostic_only,False,False,True,False,True,False,True,False
train,20241006,20241006_1_07,1,서울,11,True,,0.0,0.08905436996211999,0.062168995576029853,0.09868073361143113,in_sample_diagnostic_only,False,False,False,True,False,True,False,True
train,20241006,20241006_1_08,1,서울,10,True,,0.0,0.2620857235352959,0.09923369978597915,0.11902168074477572,in_sample_diagnostic_only,False,False,False,False,False,False,False,False
train,20241006,20241006_1_09,1,서울,11,True,,0.0,0.1583807441656835,0.061057679421080174,0.09797535870217985,in_sample_diagnostic_only,False,False,False,True,False,True,False,True
train,20241006,20241006_1_10,1,서울,11,True,,0.0,0.1649350532123908,0.08464306378408537,0.11162947968662017,in_sample_diagnostic_only,False,False,False,False,False,False,False,True
train,20241006,20241006_1_11,1,서울,11,True,,0.0,0.12930063342852438,0.055842506497161847,0.0945610980182518,in_sample_diagnostic_only,False,False,False,True,False,True,False,True
train,20241006,20241006_3_01,3,부경,11,True,,0.0,0.0873676587764026,0.05991666207734049,0.0972433333626301,in_sample_diagnostic_only,False,False,False,True,False,True,False,True
train,20241006,20241006_3_02,3,부경,9,True,,0.0,0.09495383629306509,0.07645436447672461,0.10716760936519239,in_sample_diagnostic_only,False,False,False,False,False,True,False,True
train,20241006,20241006_3_03,3,부경,11,True,,0.0,0.11851357511116749,0.11723092492937309,0.12737298135942818,in_sample_diagnostic_only,False,False,False,False,False,False,True,False
train,20241006,20241006_3_04,3,부경,8,True,,0.0,0.1973032643360797,0.18422475373980177,0.15386149886097517,in_sample_diagnostic_only,True,False,True,False,True,False,True,False
train,20241006,20241006_3_05,3,부경,11,True,,0.0,0.1251367537011019,0.189160682216331,0.1556214619765105,in_sample_diagnostic_only,True,False,True,False,True,False,True,False
train,20241006,20241006_3_06,3,부경,8,True,,0.0,0.1850162053226388,0.14784970715494397,0.14018794975928678,in_sample_diagnostic_only,False,False,True,False,True,False,True,False
train,20241011,20241011_3_01,3,부경,12,True,,0.0,0.0762741762860856,0.04152773651621932,0.08409306885155984,in_sample_diagnostic_only,False,True,False,True,False,True,False,True
train,20241011,20241011_3_02,3,부경,11,True,,0.0,0.1171434925169739,0.06391455842368847,0.0997740837723496,in_sample_diagnostic_only,False,False,False,True,False,True,False,True
train,20241011,20241011_3_03,3,부경,11,True,,1.0,0.1652580144330438,0.14435959947712365,0.13879801273998396,in_sample_diagnostic_only,False,False,True,False,True,False,True,False
train,20241011,20241011_3_04,3,부경,11,True,,0.0,0.12793598773015222,0.05140589953188995,0.09150645069748962,in_sample_diagnostic_only,False,True,False,True,False,True,False,True
train,20241011,20241011_3_05,3,부경,10,True,,0.0,0.1170844215448287,0.13659766115272473,0.13564728939112705,in_sample_diagnostic_only,False,False,False,False,True,False,True,False
train,20241011,20241011_3_06,3,부경,11,True,,0.0,0.0918625037211312,0.11446126255755318,0.12613408953334335,in_sample_diagnostic_only,False,False,False,False,False,False,True,False
train,20241011,20241011_3_07,3,부경,11,True,,0.0,0.14924113569353442,0.07897426172934575,0.10856806963733279,in_sample_diagnostic_only,False,False,False,False,False,False,False,True
train,20241011,20241011_3_08,3,부경,11,True,,0.0,0.1320182814870457,0.1300054342610305,0.13290148346866615,in_sample_diagnostic_only,False,False,False,False,True,False,True,False
train,20241012,20241012_1_01,1,서울,11,True,,0.0,0.0853097105266496,0.05790356259067484,0.09593177125309756,in_sample_diagnostic_only,False,False,False,True,False,True,False,True
train,20241012,20241012_1_02,1,서울,11,True,,0.0,0.049037024276521006,0.05088583382987154,0.09113837086919203,in_sample_diagnostic_only,False,True,False,True,False,True,False,True
train,20241012,20241012_1_03,1,서울,11,True,,0.0,0.11597058051764611,0.04994933476393984,0.09046992006816239,in_sample_diagnostic_only,False,True,False,True,False,True,False,True
train,20241012,20241012_1_04,1,서울,10,True,,0.0,0.158730559020335,0.06895231783044473,0.10283617000068528,in_sample_diagnostic_only,False,False,False,False,False,True,False,True
train,20241012,20241012_1_05,1,서울,9,True,,1.0,0.17984423889666482,0.4585777100579417,0.23912542969514142,in_sample_diagnostic_only,True,False,True,False,True,False,True,False
train,20241012,20241012_1_06,1,서울,11,True,,0.0,0.1238312321777234,0.1832549402209717,0.15351337826370942,in_sample_diagnostic_only,True,False,True,False,True,False,True,False
train,20241012,20241012_1_07,1,서울,11,True,,0.0,0.08133963351751701,0.059660688758935765,0.09707800194924368,in_sample_diagnostic_only,False,False,False,True,False,True,False,True
train,20241012,20241012_1_08,1,서울,10,True,,0.0,0.16753338069960078,0.1203059002134459,0.12873082186734924,in_sample_diagnostic_only,False,False,False,False,False,False,True,False
train,20241012,20241012_1_09,1,서울,10,True,,0.0,0.0823240198460424,0.08488031066893198,0.11175507028444931,in_sample_diagnostic_only,False,False,False,False,False,False,False,True
train,20241012,20241012_1_10,1,서울,11,True,,0.0,0.16092428349039678,0.10322662244950571,0.12093982987204142,in_sample_diagnostic_only,False,False,False,False,False,False,False,False
train,20241012,20241012_1_11,1,서울,11,True,,0.0,0.10330990198018901,0.09687007294577628,0.11786656814063773,in_sample_diagnostic_only,False,False,False,False,False,False,False,False
train,20241013,20241013_1_01,1,서울,12,True,,0.0,0.0665302215582631,0.061751834808724586,0.09841681723372035,in_sample_diagnostic_only,False,False,False,True,False,True,False,True
train,20241013,20241013_1_02,1,서울,10,True,,0.0,0.0618636406461393,0.06187363849420851,0.09849398277255192,in_sample_diagnostic_only,False,False,False,True,False,True,False,True
train,20241013,20241013_1_03,1,서울,8,True,,0.0,0.1699198247543478,0.12195329439791064,0.12945093266314986,in_sample_diagnostic_only,False,False,False,False,False,False,True,False
train,20241013,20241013_1_04,1,서울,11,True,,0.0,0.20675769604534283,0.11777002674621388,0.12761235435016635,in_sample_diagnostic_only,False,False,False,False,False,False,True,False
train,20241013,20241013_1_05,1,서울,9,True,,1.0,0.1286466017352782,0.2505136489662187,0.17619626568888988,in_sample_diagnostic_only,True,False,True,False,True,False,True,False
train,20241013,20241013_1_06,1,서울,10,True,,0.0,0.1338922631970198,0.048580136744697036,0.08947915688782197,in_sample_diagnostic_only,False,True,False,True,False,True,False,True
train,20241013,20241013_1_07,1,서울,15,True,,0.0,0.053345891408848406,0.11309827005165254,0.125518680827356,in_sample_diagnostic_only,False,False,False,False,False,False,True,False
train,20241013,20241013_1_08,1,서울,10,True,,0.0,0.1943940733799005,0.073646022199126,0.1055757443586938,in_sample_diagnostic_only,False,False,False,False,False,True,False,True
train,20241013,20241013_1_09,1,서울,11,True,,0.0,0.065077490821993,0.08830360420329021,0.1135459931234244,in_sample_diagnostic_only,False,False,False,False,False,False,False,True
train,20241013,20241013_1_10,1,서울,10,True,,1.0,0.26561074849494404,0.4779947511168945,0.2450482247765738,in_sample_diagnostic_only,True,False,True,False,True,False,True,False
train,20241013,20241013_1_11,1,서울,9,True,,0.0,0.1572662454573715,0.17692621361631508,0.15122201718375566,in_sample_diagnostic_only,True,False,True,False,True,False,True,False
train,20241013,20241013_3_01,3,부경,9,True,,0.0,0.054431080090031295,0.05627341309168279,0.09485008034680754,in_sample_diagnostic_only,False,False,False,True,False,True,False,True
train,20241013,20241013_3_02,3,부경,11,True,,0.0,0.1747523836181229,0.06579747179556608,0.10093429333092423,in_sample_diagnostic_only,False,False,False,True,False,True,False,True
train,20241013,20241013_3_03,3,부경,11,True,,0.0,0.1272224538782723,0.11738729136627207,0.12744247001915296,in_sample_diagnostic_only,False,False,False,False,False,False,True,False
train,20241013,20241013_3_04,3,부경,11,True,,0.0,0.1759628091133351,0.09600645473336372,0.11744071010452815,in_sample_diagnostic_only,False,False,False,False,False,False,False,False
train,20241013,20241013_3_05,3,부경,11,True,,0.0,0.1316062074122209,0.18766001825318268,0.15508843810735898,in_sample_diagnostic_only,True,False,True,False,True,False,True,False
train,20241013,20241013_3_06,3,부경,9,True,,0.0,0.1262969615341582,0.07214547888828882,0.1047110376840449,in_sample_diagnostic_only,False,False,False,False,False,True,False,True
train,20241018,20241018_3_01,3,부경,11,True,,0.0,0.0683655139337665,0.02752497954468614,0.07147691597638466,in_sample_diagnostic_only,False,True,False,True,False,True,False,True
train,20241018,20241018_3_02,3,부경,9,True,,0.0,0.1255554957424992,0.04688040480049627,0.08822594107805667,in_sample_diagnostic_only,False,True,False,True,False,True,False,True
train,20241018,20241018_3_03,3,부경,11,True,,0.0,0.0875953089253337,0.10610034707025595,0.12229585760295368,in_sample_diagnostic_only,False,False,False,False,False,False,False,False
train,20241018,20241018_3_04,3,부경,10,True,,0.0,0.0866476561286416,0.143562298184732,0.13847822862380585,in_sample_diagnostic_only,False,False,False,False,True,False,True,False
train,20241018,20241018_3_05,3,부경,11,True,,0.0,0.1224224316522751,0.06929139423844026,0.1030375830594,in_sample_diagnostic_only,False,False,False,False,False,True,False,True
train,20241018,20241018_3_06,3,부경,11,True,,0.0,0.1388268779723649,0.04666059952089347,0.08806192305486694,in_sample_diagnostic_only,False,True,False,True,False,True,False,True
train,20241018,20241018_3_07,3,부경,11,True,,0.0,0.09979584594080901,0.12495059451925392,0.13074847507775383,in_sample_diagnostic_only,False,False,False,False,False,False,True,False
train,20241018,20241018_3_08,3,부경,11,True,,0.0,0.16300369527696548,0.17602356534142016,0.1508923445893714,in_sample_diagnostic_only,True,False,True,False,True,False,True,False
train,20241019,20241019_1_01,1,서울,9,True,,0.0,0.0863929782685793,0.0569779318454573,0.09531978269958415,in_sample_diagnostic_only,False,False,False,True,False,True,False,True
train,20241019,20241019_1_02,1,서울,10,True,,0.0,0.1256175328839332,0.0658028531221525,0.10093758156446533,in_sample_diagnostic_only,False,False,False,True,False,True,False,True
train,20241019,20241019_1_03,1,서울,8,True,,0.0,0.1385355055053156,0.08756041655826415,0.11316050194245447,in_sample_diagnostic_only,False,False,False,False,False,False,False,True
train,20241019,20241019_1_04,1,서울,11,True,,0.0,0.1130443381810236,0.05373221495701592,0.09312663884564938,in_sample_diagnostic_only,False,True,False,True,False,True,False,True
train,20241019,20241019_1_05,1,서울,10,True,,0.0,0.13602613114281392,0.13893554397091543,0.13660527119006127,in_sample_diagnostic_only,False,False,False,False,True,False,True,False
train,20241019,20241019_1_06,1,서울,10,True,,0.0,0.1174997864708279,0.09149945483995345,0.11518362758378259,in_sample_diagnostic_only,False,False,False,False,False,False,False,False
train,20241019,20241019_1_07,1,서울,11,True,,0.0,0.1024411140322533,0.11186214549437709,0.12495719245140884,in_sample_diagnostic_only,False,False,False,False,False,False,True,False
train,20241019,20241019_1_08,1,서울,11,True,,1.0,0.0990034913693654,0.23752139015416696,0.1720040389777541,in_sample_diagnostic_only,True,False,True,False,True,False,True,False
train,20241019,20241019_1_09,1,서울,11,True,,0.0,0.1100432751424866,0.14829753495376477,0.1403651559847892,in_sample_diagnostic_only,False,False,True,False,True,False,True,False
train,20241019,20241019_1_10,1,서울,11,True,,0.0,0.10792038766845351,0.15370001562036423,0.14248327348672696,in_sample_diagnostic_only,False,False,True,False,True,False,True,False
train,20241019,20241019_1_11,1,서울,9,True,,0.0,0.0991146055325817,0.11945957134048109,0.12835890432947084,in_sample_diagnostic_only,False,False,False,False,False,False,True,False
train,20241020,20241020_1_01,1,서울,8,True,,0.0,0.0608899799516181,0.03935067961435675,0.08232126427832955,in_sample_diagnostic_only,False,True,False,True,False,True,False,True
train,20241020,20241020_1_02,1,서울,9,True,,0.0,0.06210851307845531,0.07221424216839575,0.10475088591384807,in_sample_diagnostic_only,False,False,False,False,False,True,False,True
train,20241020,20241020_1_03,1,서울,9,True,,0.0,0.11744288934813751,0.07774322627590481,0.10788710625877922,in_sample_diagnostic_only,False,False,False,False,False,False,False,True
train,20241020,20241020_1_04,1,서울,9,True,,0.0,0.0950260375605835,0.08140842908786595,0.10989721256472261,in_sample_diagnostic_only,False,False,False,False,False,False,False,True
train,20241020,20241020_1_05,1,서울,11,True,,0.0,0.18063032332367648,0.10762295892268428,0.12300641896178709,in_sample_diagnostic_only,False,False,False,False,False,False,False,False
train,20241020,20241020_1_06,1,서울,11,True,,0.0,0.28757464795916277,0.16925066248788925,0.14839461750014143,in_sample_diagnostic_only,False,False,True,False,True,False,True,False
train,20241020,20241020_1_07,1,서울,12,True,,0.0,0.1635928027764788,0.1618719949345196,0.14562216236379555,in_sample_diagnostic_only,False,False,True,False,True,False,True,False
train,20241020,20241020_1_08,1,서울,9,True,,0.0,0.2015763737661481,0.07000184666165384,0.10345777370853923,in_sample_diagnostic_only,False,False,False,False,False,True,False,True
train,20241020,20241020_1_09,1,서울,8,True,,0.0,0.1496776907980383,0.060529724092316065,0.09763764336656484,in_sample_diagnostic_only,False,False,False,True,False,True,False,True
train,20241020,20241020_1_10,1,서울,7,True,,0.0,0.1224277643801458,0.11456128419434403,0.1261790996218278,in_sample_diagnostic_only,False,False,False,False,False,False,True,False
train,20241020,20241020_1_11,1,서울,10,True,,0.0,0.21187065341803862,0.1262319921445839,0.13129836182748375,in_sample_diagnostic_only,False,False,False,False,True,False,True,False
train,20241020,20241020_3_01,3,부경,10,True,,0.0,0.0535546126701993,0.048627080954024716,0.08951339756416349,in_sample_diagnostic_only,False,True,False,True,False,True,False,True
train,20241020,20241020_3_02,3,부경,9,True,,0.0,0.0955700286308913,0.10270041964411557,0.1206893551837467,in_sample_diagnostic_only,False,False,False,False,False,False,False,False
train,20241020,20241020_3_03,3,부경,11,True,,0.0,0.16459706642068897,0.13905721346858704,0.13665490985983625,in_sample_diagnostic_only,False,False,False,False,True,False,True,False
train,20241020,20241020_3_04,3,부경,13,True,,0.0,0.0585804139563363,0.09706290834799663,0.11796137530183572,in_sample_diagnostic_only,False,False,False,False,False,False,False,False
train,20241020,20241020_3_05,3,부경,11,True,,0.0,0.1694397473033552,0.1098817848344268,0.12405081743056946,in_sample_diagnostic_only,False,False,False,False,False,False,False,False
train,20241020,20241020_3_06,3,부경,7,True,,1.0,0.0931510474290682,0.31692883810137457,0.19677221863553845,in_sample_diagnostic_only,True,False,True,False,True,False,True,False
train,20241025,20241025_3_01,3,부경,10,True,,0.0,0.0636655639276232,0.03902755220450451,0.08205332598792009,in_sample_diagnostic_only,False,True,False,True,False,True,False,True
train,20241025,20241025_3_02,3,부경,10,True,,0.0,0.0900163867336021,0.040644794801906976,0.08338134490329327,in_sample_diagnostic_only,False,True,False,True,False,True,False,True
train,20241025,20241025_3_03,3,부경,10,True,,0.0,0.13486546788689,0.055499675982555036,0.09433024916101539,in_sample_diagnostic_only,False,False,False,True,False,True,False,True
train,20241025,20241025_3_04,3,부경,10,True,,0.0,0.0697411015152266,0.05538995200422146,0.09425618892830244,in_sample_diagnostic_only,False,False,False,True,False,True,False,True
train,20241025,20241025_3_05,3,부경,11,True,,0.0,0.0679447486156841,0.07717954001637387,0.10757326766138854,in_sample_diagnostic_only,False,False,False,False,False,True,False,True
train,20241025,20241025_3_06,3,부경,12,True,,0.0,0.0738675836365779,0.048603371029401876,0.08949610620824121,in_sample_diagnostic_only,False,True,False,True,False,True,False,True
train,20241025,20241025_3_07,3,부경,12,True,,0.0,0.1864357266832276,0.12169637269433649,0.12933895638579532,in_sample_diagnostic_only,False,False,False,False,False,False,True,False
train,20241025,20241025_3_08,3,부경,11,True,,0.0,0.0521538036695504,0.05733767439008503,0.09555831431331921,in_sample_diagnostic_only,False,False,False,True,False,True,False,True
train,20241026,20241026_1_01,1,서울,12,True,,1.0,0.049635800924418695,0.0773532081617029,0.10767009674330126,in_sample_diagnostic_only,False,False,False,False,False,True,False,True
train,20241026,20241026_1_02,1,서울,11,True,,0.0,0.0602141404382776,0.04864877877613103,0.08952921714737296,in_sample_diagnostic_only,False,True,False,True,False,True,False,True
train,20241026,20241026_1_03,1,서울,10,True,,0.0,0.0727357191143225,0.055885498751117695,0.09458998873332926,in_sample_diagnostic_only,False,False,False,True,False,True,False,True
train,20241026,20241026_1_04,1,서울,9,True,,0.0,0.0918353947854499,0.06983301212982282,0.10335813985628559,in_sample_diagnostic_only,False,False,False,False,False,True,False,True
train,20241026,20241026_1_05,1,서울,11,True,,0.0,0.1337722959525463,0.062001998227017414,0.09857520647732876,in_sample_diagnostic_only,False,False,False,True,False,True,False,True
train,20241026,20241026_1_06,1,서울,11,True,,0.0,0.0760649859745256,0.0430796325227759,0.08532243946176775,in_sample_diagnostic_only,False,True,False,True,False,True,False,True
train,20241026,20241026_1_07,1,서울,10,True,,0.0,0.1710977873717629,0.12879506872324442,0.13238985063338604,in_sample_diagnostic_only,False,False,False,False,True,False,True,False
train,20241026,20241026_1_08,1,서울,9,True,,0.0,0.1140052098871845,0.1537572120448707,0.14250550877962972,in_sample_diagnostic_only,False,False,True,False,True,False,True,False
train,20241026,20241026_1_09,1,서울,11,True,,0.0,0.15224044010694082,0.09857353323056545,0.11870056683712574,in_sample_diagnostic_only,False,False,False,False,False,False,False,False
train,20241026,20241026_1_10,1,서울,11,True,,0.0,0.1468695128832172,0.10715506711722154,0.12278863747588008,in_sample_diagnostic_only,False,False,False,False,False,False,False,False
train,20241026,20241026_1_11,1,서울,11,True,,0.0,0.0911874768235137,0.09040275694782743,0.1146252520465698,in_sample_diagnostic_only,False,False,False,False,False,False,False,False
train,20241027,20241027_1_01,1,서울,10,True,,0.0,0.09662486261864339,0.041818884863952,0.084325773272717,in_sample_diagnostic_only,False,True,False,True,False,True,False,True
train,20241027,20241027_1_02,1,서울,9,True,,0.0,0.0729007026064038,0.04952252881878707,0.0901628209985603,in_sample_diagnostic_only,False,True,False,True,False,True,False,True
train,20241027,20241027_1_03,1,서울,10,True,,1.0,0.1646783024636658,0.16218780928452625,0.14574198462090943,in_sample_diagnostic_only,False,False,True,False,True,False,True,False
train,20241027,20241027_1_04,1,서울,10,True,,0.0,0.1329449907189336,0.09099114882696317,0.11492528706973125,in_sample_diagnostic_only,False,False,False,False,False,False,False,False
train,20241027,20241027_1_05,1,서울,11,True,,0.0,0.1342943125214392,0.09031239023200995,0.11457907691580407,in_sample_diagnostic_only,False,False,False,False,False,False,False,False
train,20241027,20241027_1_06,1,서울,11,True,,0.0,0.15895364862595268,0.10261414305041187,0.12064822165694693,in_sample_diagnostic_only,False,False,False,False,False,False,False,False
train,20241027,20241027_1_07,1,서울,11,True,,0.0,0.0725769783267554,0.06714366449942222,0.10175210564299567,in_sample_diagnostic_only,False,False,False,False,False,True,False,True
train,20241027,20241027_1_08,1,서울,11,True,,0.0,0.13245467832727809,0.10101615924451246,0.1198829818264784,in_sample_diagnostic_only,False,False,False,False,False,False,False,False
train,20241027,20241027_1_09,1,서울,11,True,,0.0,0.11307179484812789,0.10975410767746012,0.1239920881106546,in_sample_diagnostic_only,False,False,False,False,False,False,False,False
train,20241027,20241027_1_10,1,서울,10,True,,0.0,0.1219487118945168,0.1756729808491559,0.15076410288386694,in_sample_diagnostic_only,True,False,True,False,True,False,True,False
train,20241027,20241027_1_11,1,서울,8,True,,1.0,0.1096421938157855,0.18504661882958678,0.1541559060592392,in_sample_diagnostic_only,True,False,True,False,True,False,True,False
train,20241027,20241027_3_01,3,부경,11,True,,0.0,0.085366380591871,0.06256823471950537,0.09893235258803222,in_sample_diagnostic_only,False,False,False,True,False,True,False,True
train,20241027,20241027_3_02,3,부경,12,True,,0.0,0.1527550751133752,0.07228208858916241,0.10479018165147327,in_sample_diagnostic_only,False,False,False,False,False,True,False,True
train,20241027,20241027_3_03,3,부경,12,True,,0.0,0.1165771421043841,0.09598611439763177,0.11743065507110324,in_sample_diagnostic_only,False,False,False,False,False,False,False,False
train,20241027,20241027_3_04,3,부경,12,True,,1.0,0.2270981759692593,0.24463495641358643,0.17430822088553435,in_sample_diagnostic_only,True,False,True,False,True,False,True,False
train,20241027,20241027_3_05,3,부경,12,True,,0.0,0.2071054059157173,0.1053127392388251,0.12192617615571022,in_sample_diagnostic_only,False,False,False,False,False,False,False,False
train,20241027,20241027_3_06,3,부경,8,True,,0.0,0.1961019554928607,0.10306948899067483,0.12086510541664426,in_sample_diagnostic_only,False,False,False,False,False,False,False,False
train,20241101,20241101_3_01,3,부경,8,True,,0.0,0.1524478160385819,0.053530417518775956,0.09298774893580652,in_sample_diagnostic_only,False,True,False,True,False,True,False,True
train,20241101,20241101_3_02,3,부경,8,True,,1.0,0.0862759276033215,0.13774769783325738,0.1361195311489061,in_sample_diagnostic_only,False,False,False,False,True,False,True,False
train,20241101,20241101_3_03,3,부경,10,True,,0.0,0.1446403213761038,0.11900205704500041,0.12815728565903614,in_sample_diagnostic_only,False,False,False,False,False,False,True,False
train,20241101,20241101_3_04,3,부경,10,True,,0.0,0.1298181010609082,0.23908462035827185,0.1725123042886647,in_sample_diagnostic_only,True,False,True,False,True,False,True,False
train,20241101,20241101_3_05,3,부경,11,True,,0.0,0.13113829638648727,0.11476976539108731,0.12627285111753972,in_sample_diagnostic_only,False,False,False,False,False,False,True,False
train,20241101,20241101_3_06,3,부경,11,True,,0.0,0.1383725262823588,0.1440386268868036,0.13866937874316368,in_sample_diagnostic_only,False,False,False,False,True,False,True,False
train,20241101,20241101_3_07,3,부경,12,True,,0.0,0.0739970468817135,0.11941792909768938,0.12834056978421168,in_sample_diagnostic_only,False,False,False,False,False,False,True,False
train,20241101,20241101_3_08,3,부경,12,True,,1.0,0.2379572268637643,0.48440704298960674,0.24702038715651933,in_sample_diagnostic_only,True,False,True,False,True,False,True,False
train,20241102,20241102_1_01,1,서울,11,True,,0.0,0.0724397671860878,0.06537535314391446,0.10067587543406509,in_sample_diagnostic_only,False,False,False,True,False,True,False,True
train,20241102,20241102_1_02,1,서울,10,True,,0.0,0.0702910360455596,0.030359643278686885,0.07429987405509296,in_sample_diagnostic_only,False,True,False,True,False,True,False,True
train,20241102,20241102_1_03,1,서울,9,True,,0.0,0.0771697536793863,0.055512474894035074,0.09433888243638137,in_sample_diagnostic_only,False,False,False,True,False,True,False,True
train,20241102,20241102_1_04,1,서울,9,True,,0.0,0.1710285859128329,0.12300307362294817,0.1299072176615951,in_sample_diagnostic_only,False,False,False,False,False,False,True,False
train,20241102,20241102_1_05,1,서울,10,True,,1.0,0.16399209632411713,0.33539985463781335,0.20232941176943292,in_sample_diagnostic_only,True,False,True,False,True,False,True,False
train,20241102,20241102_1_06,1,서울,11,True,,0.0,0.16985786720088392,0.11769808400343622,0.1275804430244134,in_sample_diagnostic_only,False,False,False,False,False,False,True,False
train,20241102,20241102_1_07,1,서울,10,True,,0.0,0.1930076022195125,0.07619435372951326,0.10702163195114646,in_sample_diagnostic_only,False,False,False,False,False,True,False,True
train,20241102,20241102_1_08,1,서울,8,True,,0.0,0.1744816257151752,0.08973831831036733,0.11428514504929305,in_sample_diagnostic_only,False,False,False,False,False,False,False,False
train,20241102,20241102_1_09,1,서울,10,True,,0.0,0.25521210298223507,0.20966517869039883,0.16274072314137916,in_sample_diagnostic_only,True,False,True,False,True,False,True,False
train,20241102,20241102_1_10,1,서울,10,True,,0.0,0.19045069117302638,0.19309273337827623,0.1570098584167265,in_sample_diagnostic_only,True,False,True,False,True,False,True,False
train,20241102,20241102_1_11,1,서울,8,True,,0.0,0.1158723984665938,0.057803101899241316,0.09586562842393091,in_sample_diagnostic_only,False,False,False,True,False,True,False,True
train,20241103,20241103_1_01,1,서울,10,True,,0.0,0.1147570989934289,0.047022665152164744,0.0883318522732268,in_sample_diagnostic_only,False,True,False,True,False,True,False,True
train,20241103,20241103_1_02,1,서울,11,True,,0.0,0.1123812710148052,0.1225925172925468,0.1297290078158793,in_sample_diagnostic_only,False,False,False,False,False,False,True,False
train,20241103,20241103_1_03,1,서울,9,True,,0.0,0.06782257411989331,0.027867468216349476,0.0718270795500299,in_sample_diagnostic_only,False,True,False,True,False,True,False,True
train,20241103,20241103_1_04,1,서울,9,True,,0.0,0.0947223889086639,0.08555921115489967,0.11211338318231313,in_sample_diagnostic_only,False,False,False,False,False,False,False,True
train,20241103,20241103_1_05,1,서울,11,True,,0.0,0.1627139473929057,0.15783120708934523,0.1440794834626572,in_sample_diagnostic_only,False,False,True,False,True,False,True,False
train,20241103,20241103_1_06,1,서울,9,True,,0.0,0.13328406777973512,0.1480013333274383,0.1402479771073188,in_sample_diagnostic_only,False,False,True,False,True,False,True,False
train,20241103,20241103_1_07,1,서울,10,True,,1.0,0.18982109124104662,0.2235514520566701,0.16741010667981807,in_sample_diagnostic_only,True,False,True,False,True,False,True,False
train,20241103,20241103_1_08,1,서울,10,True,,0.0,0.1275052369049403,0.06130024002840711,0.09812994818964933,in_sample_diagnostic_only,False,False,False,True,False,True,False,True
train,20241103,20241103_1_09,1,서울,10,True,,0.0,0.12241252850112491,0.13981206816474778,0.13696240186522632,in_sample_diagnostic_only,False,False,False,False,True,False,True,False
train,20241103,20241103_1_10,1,서울,8,True,,0.0,0.1382351076629362,0.12148777121995152,0.12924795083320678,in_sample_diagnostic_only,False,False,False,False,False,False,True,False
train,20241103,20241103_1_11,1,서울,9,True,,0.0,0.1502867688209214,0.09001405004205217,0.11442645182220104,in_sample_diagnostic_only,False,False,False,False,False,False,False,False
train,20241103,20241103_3_01,3,부경,12,True,,0.0,0.1283656681222731,0.0683335481426603,0.102467149967419,in_sample_diagnostic_only,False,False,False,False,False,True,False,True
train,20241103,20241103_3_02,3,부경,11,True,,0.0,0.0832121642063274,0.056924770099443404,0.09528445861877179,in_sample_diagnostic_only,False,False,False,True,False,True,False,True
train,20241103,20241103_3_03,3,부경,12,True,,0.0,0.1211040142601633,0.10368908737532717,0.12115940166101115,in_sample_diagnostic_only,False,False,False,False,False,False,False,False
train,20241103,20241103_3_04,3,부경,10,True,,1.0,0.18854144844880888,0.28858770344437523,0.18813224619188545,in_sample_diagnostic_only,True,False,True,False,True,False,True,False
train,20241103,20241103_3_05,3,부경,12,True,,0.0,0.1981667137444777,0.13262965255289325,0.13400263754438196,in_sample_diagnostic_only,False,False,False,False,True,False,True,False
train,20241103,20241103_3_06,3,부경,12,True,,0.0,0.1439824156423918,0.10885452706399097,0.12357727106625696,in_sample_diagnostic_only,False,False,False,False,False,False,False,False
train,20241108,20241108_3_01,3,부경,10,True,,0.0,0.0887995977560359,0.03940112711600164,0.08236297638726314,in_sample_diagnostic_only,False,True,False,True,False,True,False,True
train,20241108,20241108_3_02,3,부경,12,True,,0.0,0.096705298298644,0.060937544802058895,0.09789866211076835,in_sample_diagnostic_only,False,False,False,True,False,True,False,True
train,20241108,20241108_3_03,3,부경,8,True,,0.0,0.16336878516941922,0.07346442043352026,0.10547163024735996,in_sample_diagnostic_only,False,False,False,False,False,True,False,True
train,20241108,20241108_3_04,3,부경,10,True,,0.0,0.2132545335436054,0.08471373649957069,0.11166691192003236,in_sample_diagnostic_only,False,False,False,False,False,False,False,True
train,20241108,20241108_3_05,3,부경,8,True,,0.0,0.100456607942355,0.06656530074965246,0.10140191609165285,in_sample_diagnostic_only,False,False,False,True,False,True,False,True
train,20241108,20241108_3_06,3,부경,12,True,,0.0,0.10561872680756831,0.03668359340516,0.08006862260358447,in_sample_diagnostic_only,False,True,False,True,False,True,False,True
train,20241108,20241108_3_07,3,부경,12,True,,0.0,0.1701862936274606,0.14654570809790018,0.1396704905924845,in_sample_diagnostic_only,False,False,True,False,True,False,True,False
train,20241108,20241108_3_08,3,부경,12,True,,0.0,0.1500307124891661,0.13513100930432553,0.13504218454994507,in_sample_diagnostic_only,False,False,False,False,True,False,True,False
train,20241109,20241109_1_01,1,서울,8,True,,0.0,0.0672598710782698,0.06173613330923587,0.09840686353991915,in_sample_diagnostic_only,False,False,False,True,False,True,False,True
train,20241109,20241109_1_02,1,서울,11,True,,0.0,0.0724987360609902,0.06592951092606401,0.10101493052821968,in_sample_diagnostic_only,False,False,False,True,False,True,False,True
train,20241109,20241109_1_03,1,서울,8,True,,0.0,0.09169124658895589,0.053209629819043806,0.09276632772172652,in_sample_diagnostic_only,False,True,False,True,False,True,False,True
train,20241109,20241109_1_04,1,서울,11,True,,0.0,0.1074378972912762,0.055416802381260975,0.0942743200235766,in_sample_diagnostic_only,False,False,False,True,False,True,False,True
train,20241109,20241109_1_05,1,서울,11,True,,0.0,0.0838919489298871,0.09707973825033957,0.11796964484306902,in_sample_diagnostic_only,False,False,False,False,False,False,False,False
train,20241109,20241109_1_06,1,서울,9,True,,0.0,0.083309069091295,0.1523850732387259,0.14197101023264422,in_sample_diagnostic_only,False,False,True,False,True,False,True,False
train,20241109,20241109_1_07,1,서울,10,True,,0.0,0.1699239785656026,0.26036757767276175,0.17933096339225488,in_sample_diagnostic_only,True,False,True,False,True,False,True,False
train,20241109,20241109_1_08,1,서울,9,True,,0.0,0.14088671674627862,0.06433134327986063,0.10003257962039798,in_sample_diagnostic_only,False,False,False,True,False,True,False,True
train,20241109,20241109_1_09,1,서울,8,True,,0.0,0.2218545847420812,0.0942949745192389,0.11659056508987896,in_sample_diagnostic_only,False,False,False,False,False,False,False,False
train,20241109,20241109_1_10,1,서울,9,True,,0.0,0.1685772273970436,0.07161179172466217,0.10440102829832039,in_sample_diagnostic_only,False,False,False,False,False,True,False,True
train,20241109,20241109_1_11,1,서울,10,True,,1.0,0.25297280777438214,0.345501961893335,0.2053516033358219,in_sample_diagnostic_only,True,False,True,False,True,False,True,False
train,20241110,20241110_1_01,1,서울,11,True,,0.0,0.11745854814394191,0.06531033127696456,0.10063598415645698,in_sample_diagnostic_only,False,False,False,True,False,True,False,True
train,20241110,20241110_1_02,1,서울,11,True,,0.0,0.11848366350556709,0.040976698439893704,0.08364996076401797,in_sample_diagnostic_only,False,True,False,True,False,True,False,True
train,20241110,20241110_1_03,1,서울,11,True,,0.0,0.10600654258720169,0.07155401295045213,0.10436738674421613,in_sample_diagnostic_only,False,False,False,False,False,True,False,True
train,20241110,20241110_1_04,1,서울,9,True,,0.0,0.1138060815658178,0.12080130398934248,0.1289479022631477,in_sample_diagnostic_only,False,False,False,False,False,False,True,False
train,20241110,20241110_1_05,1,서울,11,True,,0.0,0.09819275294229879,0.06953576383967283,0.10318239017495043,in_sample_diagnostic_only,False,False,False,False,False,True,False,True
train,20241110,20241110_1_06,1,서울,8,True,,0.0,0.15182420341907538,0.11956565306217441,0.12840559588581751,in_sample_diagnostic_only,False,False,False,False,False,False,True,False
train,20241110,20241110_1_07,1,서울,10,True,,0.0,0.1823994696960711,0.1448104755526753,0.13897847477497366,in_sample_diagnostic_only,False,False,True,False,True,False,True,False
train,20241110,20241110_1_08,1,서울,11,True,,0.0,0.1356509412053547,0.047953881646590236,0.08902048628090205,in_sample_diagnostic_only,False,True,False,True,False,True,False,True
train,20241110,20241110_1_09,1,서울,9,True,,0.0,0.21545491012807622,0.07508497510951574,0.10639560759874704,in_sample_diagnostic_only,False,False,False,False,False,True,False,True
train,20241110,20241110_3_01,3,부경,8,True,,0.0,0.1323902499680261,0.060243367025929695,0.09745375422615413,in_sample_diagnostic_only,False,False,False,True,False,True,False,True
train,20241110,20241110_3_02,3,부경,11,True,,0.0,0.0993638403501847,0.02274060701388347,0.06628025309242845,in_sample_diagnostic_only,False,True,False,True,False,True,False,True
train,20241110,20241110_3_03,3,부경,11,True,,0.0,0.1390140253782413,0.09895513987347139,0.11888632658645011,in_sample_diagnostic_only,False,False,False,False,False,False,False,False
train,20241110,20241110_3_04,3,부경,8,True,,0.0,0.2891773238591019,0.07067959747253294,0.1038563567050799,in_sample_diagnostic_only,False,False,False,False,False,True,False,True
train,20241110,20241110_3_05,3,부경,9,True,,0.0,0.1765051849495885,0.1316671303145056,0.133600025880417,in_sample_diagnostic_only,False,False,False,False,True,False,True,False
train,20241110,20241110_3_06,3,부경,16,True,,0.0,0.12564467169330568,0.07886549813806655,0.10850814734783845,in_sample_diagnostic_only,False,False,False,False,False,False,False,True
train,20241110,20241110_3_07,3,부경,9,True,,0.0,0.1356371697387681,0.07231102911042565,0.10480693722292872,in_sample_diagnostic_only,False,False,False,False,False,True,False,True
train,20241110,20241110_3_08,3,부경,12,True,,0.0,0.1763552513966104,0.07617384227476515,0.1070101042629456,in_sample_diagnostic_only,False,False,False,False,False,True,False,True
train,20241115,20241115_3_01,3,부경,8,True,,0.0,0.09537260245487811,0.029238836766935734,0.07320362446641254,in_sample_diagnostic_only,False,True,False,True,False,True,False,True
train,20241115,20241115_3_02,3,부경,11,True,,0.0,0.0791477598044391,0.046653656999147135,0.08805673510611224,in_sample_diagnostic_only,False,True,False,True,False,True,False,True
train,20241115,20241115_3_03,3,부경,12,True,,0.0,0.0985771702689154,0.03604880128769625,0.07951808582769156,in_sample_diagnostic_only,False,True,False,True,False,True,False,True
train,20241115,20241115_3_04,3,부경,9,True,,0.0,0.1426051674426622,0.04669924455567142,0.08809079302158182,in_sample_diagnostic_only,False,True,False,True,False,True,False,True
train,20241115,20241115_3_05,3,부경,12,True,,0.0,0.1052734518846664,0.09222655730446284,0.1155518040360042,in_sample_diagnostic_only,False,False,False,False,False,False,False,False
train,20241115,20241115_3_06,3,부경,9,True,,0.0,0.07219017469952699,0.08369546712490132,0.11112588943466996,in_sample_diagnostic_only,False,False,False,False,False,False,False,True
train,20241115,20241115_3_07,3,부경,12,True,,0.0,0.1774453976738108,0.12786761321545542,0.13199616866074693,in_sample_diagnostic_only,False,False,False,False,True,False,True,False
train,20241115,20241115_3_08,3,부경,12,True,,0.0,0.22110371205846202,0.10453173474110312,0.12155813756417128,in_sample_diagnostic_only,False,False,False,False,False,False,False,False
train,20241116,20241116_1_01,1,서울,12,True,,0.0,0.09070448194975239,0.06885438154078505,0.10277788982148363,in_sample_diagnostic_only,False,False,False,False,False,True,False,True
train,20241116,20241116_1_02,1,서울,11,True,,0.0,0.0505214124186386,0.05698112768055431,0.09532190560401806,in_sample_diagnostic_only,False,False,False,True,False,True,False,True
train,20241116,20241116_1_03,1,서울,11,True,,0.0,0.101208106342671,0.0521319137135714,0.09201664059897405,in_sample_diagnostic_only,False,True,False,True,False,True,False,True
train,20241116,20241116_1_04,1,서울,11,True,,0.0,0.1301121596082013,0.11328910709545668,0.12560507854281075,in_sample_diagnostic_only,False,False,False,False,False,False,True,False
train,20241116,20241116_1_05,1,서울,11,True,,0.0,0.1285884710373306,0.13605696811908335,0.13542458738601829,in_sample_diagnostic_only,False,False,False,False,True,False,True,False
train,20241116,20241116_1_06,1,서울,11,True,,0.0,0.058177917075132396,0.07468824675113617,0.10617046252658112,in_sample_diagnostic_only,False,False,False,False,False,True,False,True
train,20241116,20241116_1_07,1,서울,10,True,,1.0,0.4241855089942191,0.46817744376221576,0.2420449833001411,in_sample_diagnostic_only,True,False,True,False,True,False,True,False
train,20241116,20241116_1_08,1,서울,8,True,,0.0,0.1629396409148672,0.15292152361529376,0.1421802454191359,in_sample_diagnostic_only,False,False,True,False,True,False,True,False
train,20241116,20241116_1_09,1,서울,11,True,,0.0,0.1701410023506341,0.11300884862098604,0.1254781708063407,in_sample_diagnostic_only,False,False,False,False,False,False,True,False
train,20241116,20241116_1_10,1,서울,11,True,,0.0,0.1435475500820062,0.10884196326334668,0.12357146482595398,in_sample_diagnostic_only,False,False,False,False,False,False,False,False
train,20241116,20241116_1_11,1,서울,10,True,,0.0,0.20859738930655572,0.17128474677401898,0.14914931483201044,in_sample_diagnostic_only,True,False,True,False,True,False,True,False
train,20241117,20241117_1_01,1,서울,11,True,,1.0,0.06621464255705391,0.1281766786075837,0.1321275185494403,in_sample_diagnostic_only,False,False,False,False,True,False,True,False
train,20241117,20241117_1_02,1,서울,10,True,,0.0,0.062226607000892095,0.07041776243298535,0.10370263236301733,in_sample_diagnostic_only,False,False,False,False,False,True,False,True
train,20241117,20241117_1_03,1,서울,10,True,,1.0,0.1365835143620478,0.28134961692440674,0.1858967354929659,in_sample_diagnostic_only,True,False,True,False,True,False,True,False
train,20241117,20241117_1_04,1,서울,11,True,,0.0,0.11805809177621078,0.10987076525472898,0.12404575002980046,in_sample_diagnostic_only,False,False,False,False,False,False,False,False
train,20241117,20241117_1_05,1,서울,11,True,,0.0,0.0935680966309563,0.17939595106692796,0.1521203283575519,in_sample_diagnostic_only,True,False,True,False,True,False,True,False
train,20241117,20241117_1_06,1,서울,11,True,,0.0,0.0740577688252455,0.0514339141673178,0.09152621579793686,in_sample_diagnostic_only,False,True,False,True,False,True,False,True
train,20241117,20241117_1_07,1,서울,11,True,,0.0,0.0957804491606494,0.10340346039353855,0.12102385201092236,in_sample_diagnostic_only,False,False,False,False,False,False,False,False
train,20241117,20241117_1_08,1,서울,11,True,,0.0,0.1146663735315724,0.12452473031070284,0.13056509065736657,in_sample_diagnostic_only,False,False,False,False,False,False,True,False
train,20241117,20241117_1_09,1,서울,11,True,,0.0,0.15433247439132822,0.17892003384112257,0.15194764178875875,in_sample_diagnostic_only,True,False,True,False,True,False,True,False
train,20241117,20241117_1_10,1,서울,11,True,,0.0,0.06523757986614309,0.1356436374066735,0.13525404920779963,in_sample_diagnostic_only,False,False,False,False,True,False,True,False
train,20241117,20241117_1_11,1,서울,9,True,,0.0,0.1258897809044309,0.12555085614323766,0.13100641987927716,in_sample_diagnostic_only,False,False,False,False,True,False,True,False
train,20241117,20241117_3_01,3,부경,8,True,,0.0,0.0910601852571537,0.03892017247822266,0.08196399219668674,in_sample_diagnostic_only,False,True,False,True,False,True,False,True
train,20241117,20241117_3_02,3,부경,10,True,,0.0,0.16622261654781262,0.04465771710216422,0.08654576755437694,in_sample_diagnostic_only,False,True,False,True,False,True,False,True
train,20241117,20241117_3_03,3,부경,12,True,,0.0,0.1410127556833545,0.10546116040437895,0.12199595317411921,in_sample_diagnostic_only,False,False,False,False,False,False,False,False
train,20241117,20241117_3_04,3,부경,12,True,,0.0,0.0962927862235014,0.07550590143530525,0.10663374948524457,in_sample_diagnostic_only,False,False,False,False,False,True,False,True
train,20241117,20241117_3_05,3,부경,12,True,,0.0,0.1673080336261648,0.043360961546994904,0.08554245752013509,in_sample_diagnostic_only,False,True,False,True,False,True,False,True
train,20241117,20241117_3_06,3,부경,9,True,,0.0,0.060411855809591894,0.0804473985302456,0.10937515517249544,in_sample_diagnostic_only,False,False,False,False,False,False,False,True
train,20241122,20241122_3_01,3,부경,11,True,,0.0,0.0552437194146861,0.03330246650381576,0.07706643820974278,in_sample_diagnostic_only,False,True,False,True,False,True,False,True
train,20241122,20241122_3_02,3,부경,11,True,,0.0,0.0657412935196231,0.02786560074990695,0.07182517733615242,in_sample_diagnostic_only,False,True,False,True,False,True,False,True
train,20241122,20241122_3_03,3,부경,10,True,,0.0,0.09034043812638999,0.13475442572413301,0.13488629261973273,in_sample_diagnostic_only,False,False,False,False,True,False,True,False
train,20241122,20241122_3_04,3,부경,12,True,,0.0,0.07840642109625551,0.18191793810932827,0.1530321676755141,in_sample_diagnostic_only,True,False,True,False,True,False,True,False
train,20241122,20241122_3_05,3,부경,12,True,,0.0,0.1681131290710633,0.13665173795606778,0.13566953877138693,in_sample_diagnostic_only,False,False,False,False,True,False,True,False
train,20241122,20241122_3_06,3,부경,12,True,,0.0,0.0957010283943354,0.09014248411531482,0.11449219028322559,in_sample_diagnostic_only,False,False,False,False,False,False,False,False
train,20241122,20241122_3_07,3,부경,12,True,,0.0,0.1769243288938804,0.11866336048965695,0.1280077704053693,in_sample_diagnostic_only,False,False,False,False,False,False,True,False
train,20241122,20241122_3_08,3,부경,12,True,,1.0,0.1199896475988647,0.2727702325891996,0.18322841339185544,in_sample_diagnostic_only,True,False,True,False,True,False,True,False
train,20241123,20241123_1_01,1,서울,11,True,,0.0,0.0442092195778244,0.08422446602442923,0.11140740943589941,in_sample_diagnostic_only,False,False,False,False,False,False,False,True
train,20241123,20241123_1_02,1,서울,9,True,,0.0,0.05366482442572319,0.07087531042634877,0.1039710482411693,in_sample_diagnostic_only,False,False,False,False,False,True,False,True
train,20241123,20241123_1_03,1,서울,10,True,,0.0,0.1100560734656815,0.08308063046445824,0.110797439635763,in_sample_diagnostic_only,False,False,False,False,False,False,False,True
train,20241123,20241123_1_04,1,서울,9,True,,0.0,0.0705509886859439,0.06491741915808324,0.10039444172705861,in_sample_diagnostic_only,False,False,False,True,False,True,False,True
train,20241123,20241123_1_05,1,서울,11,True,,0.0,0.0954855798492232,0.1201494816252736,0.12866218563800788,in_sample_diagnostic_only,False,False,False,False,False,False,True,False
train,20241123,20241123_1_06,1,서울,11,True,,0.0,0.1050447236454229,0.12152903319824247,0.12926595834301613,in_sample_diagnostic_only,False,False,False,False,False,False,True,False
train,20241123,20241123_1_07,1,서울,11,True,,0.0,0.17243174696921929,0.09112430135591339,0.11499303669201656,in_sample_diagnostic_only,False,False,False,False,False,False,False,False
train,20241123,20241123_1_08,1,서울,11,True,,1.0,0.1030111641639257,0.3522936207040693,0.2073783355081065,in_sample_diagnostic_only,True,False,True,False,True,False,True,False
train,20241123,20241123_1_09,1,서울,9,True,,1.0,0.1602015815054962,0.24745891140592974,0.17521693937644806,in_sample_diagnostic_only,True,False,True,False,True,False,True,False
train,20241123,20241123_1_10,1,서울,10,True,,0.0,0.12714563637519322,0.17970621114482563,0.1522328000393819,in_sample_diagnostic_only,True,False,True,False,True,False,True,False
train,20241123,20241123_1_11,1,서울,11,True,,0.0,0.1548551634380472,0.06984894300180029,0.1033675469791332,in_sample_diagnostic_only,False,False,False,False,False,True,False,True
train,20241124,20241124_1_01,1,서울,8,True,,0.0,0.0954118459289294,0.06064019128709638,0.09770844664379638,in_sample_diagnostic_only,False,False,False,True,False,True,False,True
train,20241124,20241124_1_02,1,서울,10,True,,0.0,0.06601892743044961,0.05598989224286189,0.09466008686499254,in_sample_diagnostic_only,False,False,False,True,False,True,False,True
train,20241124,20241124_1_03,1,서울,8,True,,0.0,0.0941127156392195,0.03652001973910624,0.07992731127915984,in_sample_diagnostic_only,False,True,False,True,False,True,False,True
train,20241124,20241124_1_04,1,서울,9,True,,0.0,0.0778267139179179,0.051078627749421845,0.09127507956417026,in_sample_diagnostic_only,False,True,False,True,False,True,False,True
train,20241124,20241124_1_05,1,서울,11,True,,0.0,0.1542832614248304,0.07281860540907474,0.10510018815694333,in_sample_diagnostic_only,False,False,False,False,False,True,False,True
train,20241124,20241124_1_06,1,서울,8,True,,0.0,0.21378006504871921,0.1363835154221268,0.13555913855646934,in_sample_diagnostic_only,False,False,False,False,True,False,True,False
train,20241124,20241124_1_07,1,서울,10,True,,0.0,0.1503141621304903,0.0906526345164122,0.11475280127970242,in_sample_diagnostic_only,False,False,False,False,False,False,False,False
train,20241124,20241124_1_08,1,서울,11,True,,0.0,0.1412090173573463,0.07156340488803807,0.10437285623149595,in_sample_diagnostic_only,False,False,False,False,False,True,False,True
train,20241124,20241124_1_09,1,서울,11,True,,0.0,0.0897686094502155,0.05692911046660324,0.09528734336019451,in_sample_diagnostic_only,False,False,False,True,False,True,False,True
train,20241124,20241124_1_10,1,서울,11,True,,0.0,0.1467710689095703,0.07326577657385952,0.10535757812278335,in_sample_diagnostic_only,False,False,False,False,False,True,False,True
train,20241124,20241124_1_11,1,서울,9,True,,0.0,0.10735789381857841,0.09194647329538475,0.1154101694482208,in_sample_diagnostic_only,False,False,False,False,False,False,False,False
train,20241124,20241124_3_01,3,부경,10,True,,0.0,0.0961556733861135,0.07926269711573647,0.10872675604994413,in_sample_diagnostic_only,False,False,False,False,False,False,False,True
train,20241124,20241124_3_02,3,부경,11,True,,0.0,0.12485431531728491,0.08561091518276485,0.11214060691893034,in_sample_diagnostic_only,False,False,False,False,False,False,False,True
train,20241124,20241124_3_03,3,부경,12,True,,0.0,0.1880721584167683,0.11190060222587783,0.12497470961776526,in_sample_diagnostic_only,False,False,False,False,False,False,True,False
train,20241124,20241124_3_04,3,부경,12,True,,1.0,0.1769916847254099,0.41619058887230304,0.2263876588257941,in_sample_diagnostic_only,True,False,True,False,True,False,True,False
train,20241124,20241124_3_05,3,부경,16,True,,0.0,0.06567709839460661,0.07948276225282869,0.10884760950329024,in_sample_diagnostic_only,False,False,False,False,False,False,False,True
train,20241124,20241124_3_06,3,부경,16,True,,1.0,0.11237026821866461,0.34106435690680753,0.2040252614123902,in_sample_diagnostic_only,True,False,True,False,True,False,True,False
train,20241129,20241129_3_01,3,부경,12,True,,0.0,0.0703037818824517,0.04099967498578458,0.08366850788819455,in_sample_diagnostic_only,False,True,False,True,False,True,False,True
train,20241129,20241129_3_02,3,부경,12,True,,0.0,0.0682942548604665,0.06112597645700413,0.09801892198193198,in_sample_diagnostic_only,False,False,False,True,False,True,False,True
train,20241129,20241129_3_03,3,부경,12,True,,0.0,0.09323517042371181,0.04287133428576676,0.08515898380835939,in_sample_diagnostic_only,False,True,False,True,False,True,False,True
train,20241129,20241129_3_04,3,부경,11,True,,0.0,0.1091913946369975,0.07387402898286712,0.10570625665975922,in_sample_diagnostic_only,False,False,False,False,False,True,False,True
train,20241129,20241129_3_05,3,부경,12,True,,1.0,0.1876666260511966,0.30043591846441337,0.19176424414958423,in_sample_diagnostic_only,True,False,True,False,True,False,True,False
train,20241129,20241129_3_06,3,부경,12,True,,0.0,0.16970459102198962,0.0782184509260543,0.10815069761695438,in_sample_diagnostic_only,False,False,False,False,False,False,False,True
train,20241129,20241129_3_07,3,부경,10,True,,0.0,0.1963203203922279,0.16869308502380848,0.1481870379570061,in_sample_diagnostic_only,False,False,True,False,True,False,True,False
train,20241129,20241129_3_08,3,부경,12,True,,0.0,0.14521318388913831,0.07620732378598416,0.10702892037590708,in_sample_diagnostic_only,False,False,False,False,False,True,False,True
train,20241130,20241130_1_01,1,서울,9,True,,0.0,0.0696846979035696,0.061045699060063185,0.09796771411044758,in_sample_diagnostic_only,False,False,False,True,False,True,False,True
train,20241130,20241130_1_02,1,서울,11,True,,0.0,0.0558595624968591,0.05470871776144263,0.09379444183949551,in_sample_diagnostic_only,False,False,False,True,False,True,False,True
train,20241130,20241130_1_03,1,서울,10,True,,0.0,0.0921594988937306,0.04281075250319739,0.08511135523899864,in_sample_diagnostic_only,False,True,False,True,False,True,False,True
train,20241130,20241130_1_04,1,서울,8,True,,0.0,0.11135260974554839,0.09865766989800259,0.11874155650720643,in_sample_diagnostic_only,False,False,False,False,False,False,False,False
train,20241130,20241130_1_05,1,서울,11,True,,0.0,0.0903420897762545,0.1845388588892445,0.153974082463018,in_sample_diagnostic_only,True,False,True,False,True,False,True,False
train,20241130,20241130_1_06,1,서울,11,True,,0.0,0.078358873630533,0.14639526173670797,0.13961064830505052,in_sample_diagnostic_only,False,False,True,False,True,False,True,False
train,20241130,20241130_1_07,1,서울,10,True,,1.0,0.17133261389200288,0.2929243086736659,0.18946534258241973,in_sample_diagnostic_only,True,False,True,False,True,False,True,False
train,20241130,20241130_1_08,1,서울,11,True,,0.0,0.2339004039895148,0.23674781005932616,0.171752108308399,in_sample_diagnostic_only,True,False,True,False,True,False,True,False
train,20241130,20241130_1_09,1,서울,10,True,,1.0,0.17222606198752471,0.36020611500028454,0.20973554948035394,in_sample_diagnostic_only,True,False,True,False,True,False,True,False
train,20241130,20241130_1_10,1,서울,9,True,,0.0,0.15089708248953831,0.09371803480342869,0.11630208833732086,in_sample_diagnostic_only,False,False,False,False,False,False,False,False
train,20241130,20241130_1_11,1,서울,9,True,,0.0,0.15033720678758888,0.11991298663101933,0.12855832471666342,in_sample_diagnostic_only,False,False,False,False,False,False,True,False
train,20241201,20241201_1_01,1,서울,9,True,,0.0,0.053874468121003605,0.11979233541548219,0.12850529803709285,in_sample_diagnostic_only,False,False,False,False,False,False,True,False
train,20241201,20241201_1_02,1,서울,11,True,,0.0,0.0567838885756118,0.057186490579637025,0.0954581768802496,in_sample_diagnostic_only,False,False,False,True,False,True,False,True
train,20241201,20241201_1_03,1,서울,10,True,,0.0,0.107785565745439,0.08470033356524609,0.11165981430954096,in_sample_diagnostic_only,False,False,False,False,False,False,False,True
train,20241201,20241201_1_04,1,서울,9,True,,0.0,0.2182292552146335,0.12258503735663298,0.1297257581811046,in_sample_diagnostic_only,False,False,False,False,False,False,True,False
train,20241201,20241201_1_05,1,서울,10,True,,0.0,0.1118756870255802,0.13861688528925617,0.136475164046369,in_sample_diagnostic_only,False,False,False,False,True,False,True,False
train,20241201,20241201_1_06,1,서울,10,True,,0.0,0.2000974806357586,0.046136766563129004,0.08766918302770875,in_sample_diagnostic_only,False,True,False,True,False,True,False,True
train,20241201,20241201_1_07,1,서울,14,True,,0.0,0.058454432434951006,0.04779560157873041,0.0889040008205326,in_sample_diagnostic_only,False,True,False,True,False,True,False,True
train,20241201,20241201_1_08,1,서울,9,True,,0.0,0.1575493945466583,0.12214274436104486,0.12953342486672637,in_sample_diagnostic_only,False,False,False,False,False,False,True,False
train,20241201,20241201_1_09,1,서울,11,True,,0.0,0.13774732056349082,0.0999419168187458,0.11936488780579062,in_sample_diagnostic_only,False,False,False,False,False,False,False,False
train,20241201,20241201_1_10,1,서울,10,True,,1.0,0.2344610585149006,0.30140779780190247,0.19206079446435967,in_sample_diagnostic_only,True,False,True,False,True,False,True,False
train,20241201,20241201_1_11,1,서울,9,True,,0.0,0.157666456847441,0.08375057057660573,0.11115526028229418,in_sample_diagnostic_only,False,False,False,False,False,False,False,True
train,20241201,20241201_3_01,3,부경,11,True,,0.0,0.058166128339551496,0.04035033351192901,0.08314193134377626,in_sample_diagnostic_only,False,True,False,True,False,True,False,True
train,20241201,20241201_3_02,3,부경,11,True,,0.0,0.06818366186095741,0.03278092663462884,0.07658722966383992,in_sample_diagnostic_only,False,True,False,True,False,True,False,True
train,20241201,20241201_3_03,3,부경,12,True,,0.0,0.1214002806635548,0.04581336212688432,0.08742538959153756,in_sample_diagnostic_only,False,True,False,True,False,True,False,True
train,20241201,20241201_3_04,3,부경,12,True,,0.0,0.1146677478987999,0.1545533368714616,0.14281460369162952,in_sample_diagnostic_only,False,False,True,False,True,False,True,False
train,20241201,20241201_3_05,3,부경,12,True,,0.0,0.254719560043703,0.058919002539253314,0.09659660773927747,in_sample_diagnostic_only,False,False,False,True,False,True,False,True
train,20241201,20241201_3_06,3,부경,10,True,,0.0,0.1418298122763318,0.05096410916485318,0.09119391207882636,in_sample_diagnostic_only,False,True,False,True,False,True,False,True
train,20241206,20241206_3_01,3,부경,12,True,,0.0,0.07308708421145449,0.058429669338602,0.09627706887269052,in_sample_diagnostic_only,False,False,False,True,False,True,False,True
train,20241206,20241206_3_02,3,부경,12,True,,0.0,0.1012520831170059,0.03946178476293093,0.08241308833168706,in_sample_diagnostic_only,False,True,False,True,False,True,False,True
train,20241206,20241206_3_03,3,부경,11,True,,0.0,0.07694099833223961,0.12942079301411988,0.13265465010884828,in_sample_diagnostic_only,False,False,False,False,True,False,True,False
train,20241206,20241206_3_04,3,부경,12,True,,0.0,0.1007380984760112,0.07869499752249176,0.10841411798022949,in_sample_diagnostic_only,False,False,False,False,False,False,False,True
train,20241206,20241206_3_05,3,부경,11,True,,0.0,0.1866880551336995,0.11251917976769128,0.1252560412658388,in_sample_diagnostic_only,False,False,False,False,False,False,True,False
train,20241206,20241206_3_06,3,부경,12,True,,1.0,0.1591409826920482,0.24174658270348925,0.1733753018604315,in_sample_diagnostic_only,True,False,True,False,True,False,True,False
train,20241206,20241206_3_07,3,부경,12,True,,0.0,0.1124683278663107,0.07897387771913837,0.10856785815216112,in_sample_diagnostic_only,False,False,False,False,False,False,False,True
train,20241206,20241206_3_08,3,부경,12,True,,0.0,0.093611040564513,0.06245926934892307,0.0988637700713802,in_sample_diagnostic_only,False,False,False,True,False,True,False,True
train,20241207,20241207_1_01,1,서울,11,True,,0.0,0.0902956726930228,0.05493004170281175,0.09394482504897994,in_sample_diagnostic_only,False,False,False,True,False,True,False,True
train,20241207,20241207_1_02,1,서울,10,True,,0.0,0.08827475136978889,0.05912692646580435,0.09673191575127585,in_sample_diagnostic_only,False,False,False,True,False,True,False,True
train,20241207,20241207_1_03,1,서울,9,True,,0.0,0.061062989585734403,0.043926262071405715,0.08598200186897549,in_sample_diagnostic_only,False,True,False,True,False,True,False,True
train,20241207,20241207_1_04,1,서울,8,True,,0.0,0.18842957008868771,0.1381964860558495,0.13630329230125585,in_sample_diagnostic_only,False,False,False,False,True,False,True,False
train,20241207,20241207_1_05,1,서울,8,True,,0.0,0.1722076184697041,0.060334410633778604,0.09751227442819618,in_sample_diagnostic_only,False,False,False,True,False,True,False,True
train,20241207,20241207_1_06,1,서울,10,True,,1.0,0.1572315016072998,0.38899049033740923,0.21829229240548018,in_sample_diagnostic_only,True,False,True,False,True,False,True,False
train,20241207,20241207_1_07,1,서울,10,True,,0.0,0.2179454051593282,0.10403580183138396,0.12132367367807144,in_sample_diagnostic_only,False,False,False,False,False,False,False,False
train,20241207,20241207_1_08,1,서울,11,True,,0.0,0.12108030792812861,0.06956056201339915,0.10319706864487524,in_sample_diagnostic_only,False,False,False,False,False,True,False,True
train,20241207,20241207_1_09,1,서울,11,True,,0.0,0.11960445651526719,0.13662903256897999,0.1356601973865293,in_sample_diagnostic_only,False,False,False,False,True,False,True,False
train,20241207,20241207_1_10,1,서울,10,True,,1.0,0.1454576548980432,0.21905639119142525,0.16591060877524008,in_sample_diagnostic_only,True,False,True,False,True,False,True,False
train,20241207,20241207_1_11,1,서울,10,True,,1.0,0.1520308027992016,0.26677115699184356,0.18134950898111346,in_sample_diagnostic_only,True,False,True,False,True,False,True,False
train,20241208,20241208_1_01,1,서울,11,True,,1.0,0.09391229066180379,0.195438893441551,0.15783276499966442,in_sample_diagnostic_only,True,False,True,False,True,False,True,False
train,20241208,20241208_1_02,1,서울,11,True,,0.0,0.072822708156486,0.10888738124087387,0.12359245263711302,in_sample_diagnostic_only,False,False,False,False,False,False,False,False
train,20241208,20241208_1_03,1,서울,10,True,,0.0,0.07597717354767719,0.061644254351989405,0.0983485890147342,in_sample_diagnostic_only,False,False,False,True,False,True,False,True
train,20241208,20241208_1_04,1,서울,11,True,,0.0,0.1296934763498246,0.15447344511113018,0.1427836194509835,in_sample_diagnostic_only,False,False,True,False,True,False,True,False
train,20241208,20241208_1_05,1,서울,11,True,,0.0,0.0927859037495457,0.1621021062449245,0.14570947880544388,in_sample_diagnostic_only,False,False,True,False,True,False,True,False
train,20241208,20241208_1_06,1,서울,11,True,,0.0,0.0682308614689359,0.13300017298495628,0.13415723378110053,in_sample_diagnostic_only,False,False,False,False,True,False,True,False
train,20241208,20241208_1_07,1,서울,11,True,,1.0,0.14890824433919547,0.2685205262892754,0.18189858258632743,in_sample_diagnostic_only,True,False,True,False,True,False,True,False
train,20241208,20241208_1_08,1,서울,10,True,,0.0,0.2453558259260235,0.10133269265152246,0.12003507617695243,in_sample_diagnostic_only,False,False,False,False,False,False,False,False
train,20241208,20241208_1_09,1,서울,10,True,,0.0,0.237117549184296,0.10313906073061806,0.12089819761200717,in_sample_diagnostic_only,False,False,False,False,False,False,False,False
train,20241208,20241208_1_10,1,서울,10,True,,0.0,0.095420336825912,0.07934499127073306,0.10877197168427757,in_sample_diagnostic_only,False,False,False,False,False,False,False,True
train,20241208,20241208_3_01,3,부경,10,True,,0.0,0.11858046657752501,0.04514172629925857,0.08691580024894315,in_sample_diagnostic_only,False,True,False,True,False,True,False,True
train,20241208,20241208_3_02,3,부경,12,True,,0.0,0.11862291050532321,0.08676229907122865,0.11274449796592047,in_sample_diagnostic_only,False,False,False,False,False,False,False,True
train,20241208,20241208_3_03,3,부경,12,True,,0.0,0.18201384230704032,0.14509262890590227,0.13909126841721248,in_sample_diagnostic_only,False,False,True,False,True,False,True,False
train,20241208,20241208_3_04,3,부경,12,True,,0.0,0.13436956110066428,0.16689739415811783,0.14751642835725173,in_sample_diagnostic_only,False,False,True,False,True,False,True,False
train,20241208,20241208_3_05,3,부경,12,True,,0.0,0.1167581275473203,0.08353650522724082,0.11104110025699326,in_sample_diagnostic_only,False,False,False,False,False,False,False,True
train,20241208,20241208_3_06,3,부경,12,True,,0.0,0.1838159472508186,0.0617618394647003,0.09842315874673271,in_sample_diagnostic_only,False,False,False,True,False,True,False,True
train,20241208,20241208_3_07,3,부경,11,True,,0.0,0.19656282938731942,0.14147970866640158,0.1376388624252227,in_sample_diagnostic_only,False,False,False,False,True,False,True,False
train,20241213,20241213_3_01,3,부경,10,True,,0.0,0.1737033580264984,0.06434707591329604,0.10004231825159404,in_sample_diagnostic_only,False,False,False,True,False,True,False,True
train,20241213,20241213_3_02,3,부경,12,True,,0.0,0.07380299117224601,0.06672608453542683,0.10149944295897917,in_sample_diagnostic_only,False,False,False,False,False,True,False,True
train,20241213,20241213_3_03,3,부경,10,True,,0.0,0.1201837434706471,0.08827267242512897,0.1135299846525148,in_sample_diagnostic_only,False,False,False,False,False,False,False,True
train,20241213,20241213_3_04,3,부경,12,True,,0.0,0.11230654342409359,0.09127558548608186,0.11506994596404384,in_sample_diagnostic_only,False,False,False,False,False,False,False,False
train,20241213,20241213_3_05,3,부경,12,True,,0.0,0.1193727118938248,0.050776691925372736,0.09106084373464969,in_sample_diagnostic_only,False,True,False,True,False,True,False,True
train,20241213,20241213_3_06,3,부경,12,True,,0.0,0.1184481509432175,0.09436120199767505,0.11662361792922354,in_sample_diagnostic_only,False,False,False,False,False,False,False,False
train,20241213,20241213_3_07,3,부경,12,True,,0.0,0.2726106011432513,0.09793076603446722,0.11838679749353209,in_sample_diagnostic_only,False,False,False,False,False,False,False,False
train,20241213,20241213_3_08,3,부경,12,True,,0.0,0.185141720272907,0.06755487493329984,0.10200003349335132,in_sample_diagnostic_only,False,False,False,False,False,True,False,True
train,20241214,20241214_1_01,1,서울,11,True,,0.0,0.0945140908643286,0.04263902789535326,0.08497612881001751,in_sample_diagnostic_only,False,True,False,True,False,True,False,True
train,20241214,20241214_1_02,1,서울,9,True,,0.0,0.1223521652403649,0.04561368648637726,0.08727435641093545,in_sample_diagnostic_only,False,True,False,True,False,True,False,True
train,20241214,20241214_1_03,1,서울,12,True,,0.0,0.0964126713376691,0.04125939767676624,0.08387773050551707,in_sample_diagnostic_only,False,True,False,True,False,True,False,True
train,20241214,20241214_1_04,1,서울,9,True,,0.0,0.24292865608599712,0.09939907818559388,0.11910194223181032,in_sample_diagnostic_only,False,False,False,False,False,False,False,False
train,20241214,20241214_1_05,1,서울,11,True,,0.0,0.0653115073855351,0.10723402388910355,0.12282542341502259,in_sample_diagnostic_only,False,False,False,False,False,False,False,False
train,20241214,20241214_1_06,1,서울,10,True,,0.0,0.1453867121669532,0.11057393558733423,0.12436857126907451,in_sample_diagnostic_only,False,False,False,False,False,False,False,False
train,20241214,20241214_1_07,1,서울,7,True,,0.0,0.1645628824927284,0.11228043541859888,0.12514755561101584,in_sample_diagnostic_only,False,False,False,False,False,False,True,False
train,20241214,20241214_1_08,1,서울,11,True,,0.0,0.1152916341033359,0.09318136786114996,0.11603287654159218,in_sample_diagnostic_only,False,False,False,False,False,False,False,False
train,20241214,20241214_1_09,1,서울,11,True,,0.0,0.0676188813151683,0.056392020152383905,0.09492939536222805,in_sample_diagnostic_only,False,False,False,True,False,True,False,True
train,20241214,20241214_1_10,1,서울,10,True,,0.0,0.21338921280049847,0.10814981727212658,0.12325104717462443,in_sample_diagnostic_only,False,False,False,False,False,False,False,False
train,20241214,20241214_1_11,1,서울,10,True,,0.0,0.1673546994697971,0.09618381021905571,0.11752833493502349,in_sample_diagnostic_only,False,False,False,False,False,False,False,False
train,20241215,20241215_1_01,1,서울,12,True,,0.0,0.10511908879941671,0.029628722273396458,0.07358780888663449,in_sample_diagnostic_only,False,True,False,True,False,True,False,True
train,20241215,20241215_1_02,1,서울,10,True,,0.0,0.09184037237018738,0.07114769326350409,0.10413036930418497,in_sample_diagnostic_only,False,False,False,False,False,True,False,True
train,20241215,20241215_1_03,1,서울,8,True,,0.0,0.1494876304375536,0.07990443566265026,0.10907865631252167,in_sample_diagnostic_only,False,False,False,False,False,False,False,True
train,20241215,20241215_1_04,1,서울,11,True,,0.0,0.12063024798545319,0.10332364560120746,0.12098593862405121,in_sample_diagnostic_only,False,False,False,False,False,False,False,False
train,20241215,20241215_1_05,1,서울,11,True,,0.0,0.1243674644269703,0.10558415197550708,0.1220537354195815,in_sample_diagnostic_only,False,False,False,False,False,False,False,False
train,20241215,20241215_1_06,1,서울,9,True,,0.0,0.0705901819345914,0.08660338250656512,0.11266141299959775,in_sample_diagnostic_only,False,False,False,False,False,False,False,True
train,20241215,20241215_1_07,1,서울,10,True,,0.0,0.1552640638818681,0.14300962045173846,0.13825605543317615,in_sample_diagnostic_only,False,False,False,False,True,False,True,False
train,20241215,20241215_1_08,1,서울,7,True,,0.0,0.2319693863756127,0.3421577202014307,0.20435222224267147,in_sample_diagnostic_only,True,False,True,False,True,False,True,False
train,20241215,20241215_1_09,1,서울,10,True,,0.0,0.15560765925557757,0.0426883702461601,0.08501501719809837,in_sample_diagnostic_only,False,True,False,True,False,True,False,True
train,20241215,20241215_1_10,1,서울,11,True,,1.0,0.2658869583538131,0.3439756323602683,0.20489560535708673,in_sample_diagnostic_only,True,False,True,False,True,False,True,False
train,20241215,20241215_1_11,1,서울,11,True,,0.0,0.1159273330988012,0.10388277643139165,0.12125120692497621,in_sample_diagnostic_only,False,False,False,False,False,False,False,False
train,20241215,20241215_3_01,3,부경,11,True,,0.0,0.11057501350976459,0.038447313658220586,0.08156883230712951,in_sample_diagnostic_only,False,True,False,True,False,True,False,True
train,20241215,20241215_3_02,3,부경,11,True,,0.0,0.08210504792295309,0.030727275416689123,0.07465410308892566,in_sample_diagnostic_only,False,True,False,True,False,True,False,True
train,20241215,20241215_3_03,3,부경,12,True,,0.0,0.211502164646215,0.09046363330852093,0.11465634403675196,in_sample_diagnostic_only,False,False,False,False,False,False,False,False
train,20241215,20241215_3_04,3,부경,10,True,,0.0,0.1630236935175062,0.10540492594307713,0.12196952190711778,in_sample_diagnostic_only,False,False,False,False,False,False,False,False
train,20241215,20241215_3_05,3,부경,10,True,,0.0,0.1623604962432098,0.09885085429889089,0.11883560059327297,in_sample_diagnostic_only,False,False,False,False,False,False,False,False
train,20241215,20241215_3_06,3,부경,12,True,,0.0,0.12195191832102491,0.06476448945006874,0.10030020039821415,in_sample_diagnostic_only,False,False,False,True,False,True,False,True
train,20241220,20241220_3_01,3,부경,10,True,,0.0,0.12162520291476858,0.056356345016806884,0.09490554892429866,in_sample_diagnostic_only,False,False,False,True,False,True,False,True
train,20241220,20241220_3_02,3,부경,12,True,,0.0,0.11918870257708719,0.042230702320089394,0.08465327795471184,in_sample_diagnostic_only,False,True,False,True,False,True,False,True
train,20241220,20241220_3_03,3,부경,12,True,,0.0,0.09560509565435579,0.05658963863799679,0.0950613305546581,in_sample_diagnostic_only,False,False,False,True,False,True,False,True
train,20241220,20241220_3_04,3,부경,12,True,,0.0,0.17870626199325673,0.06610811472779855,0.10112385726602022,in_sample_diagnostic_only,False,False,False,True,False,True,False,True
train,20241220,20241220_3_05,3,부경,12,True,,1.0,0.1175498217859009,0.2855925509365908,0.18720882417949777,in_sample_diagnostic_only,True,False,True,False,True,False,True,False
train,20241220,20241220_3_06,3,부경,12,True,,0.0,0.1397776245809237,0.09676077481437592,0.11781278645960906,in_sample_diagnostic_only,False,False,False,False,False,False,False,False
train,20241220,20241220_3_07,3,부경,12,True,,0.0,0.12337679323107509,0.04853267153298051,0.08944451628448144,in_sample_diagnostic_only,False,True,False,True,False,True,False,True
train,20241220,20241220_3_08,3,부경,11,True,,0.0,0.1940283172327798,0.11640954967840575,0.1270071741602921,in_sample_diagnostic_only,False,False,False,False,False,False,True,False
train,20241221,20241221_1_01,1,서울,10,True,,0.0,0.072442258810021,0.0649219847112908,0.10039725323157517,in_sample_diagnostic_only,False,False,False,True,False,True,False,True
train,20241221,20241221_1_02,1,서울,12,True,,0.0,0.061515072643906196,0.05609205947020823,0.09472861608289238,in_sample_diagnostic_only,False,False,False,True,False,True,False,True
train,20241221,20241221_1_03,1,서울,11,True,,0.0,0.1666407592789134,0.057785789723125855,0.09585422339720294,in_sample_diagnostic_only,False,False,False,True,False,True,False,True
train,20241221,20241221_1_04,1,서울,11,True,,0.0,0.0525316471108018,0.04692148381296293,0.08825654348226908,in_sample_diagnostic_only,False,True,False,True,False,True,False,True
train,20241221,20241221_1_05,1,서울,11,True,,1.0,0.0947430669672879,0.2869069203746398,0.18761433006443498,in_sample_diagnostic_only,True,False,True,False,True,False,True,False
train,20241221,20241221_1_06,1,서울,11,True,,0.0,0.1822768270067243,0.14519285318361175,0.1391313086882467,in_sample_diagnostic_only,False,False,True,False,True,False,True,False
train,20241221,20241221_1_07,1,서울,11,True,,0.0,0.1216308460007034,0.09159216824959876,0.11523066307590427,in_sample_diagnostic_only,False,False,False,False,False,False,False,False
train,20241221,20241221_1_08,1,서울,11,True,,0.0,0.1309856724776899,0.061858802905698215,0.0984845887867385,in_sample_diagnostic_only,False,False,False,True,False,True,False,True
train,20241221,20241221_1_09,1,서울,11,True,,0.0,0.17452628304415507,0.12453442923793283,0.1305692707254653,in_sample_diagnostic_only,False,False,False,False,False,False,True,False
train,20241221,20241221_1_10,1,서울,11,True,,0.0,0.0999804314674103,0.08417710985255052,0.1113822478714036,in_sample_diagnostic_only,False,False,False,False,False,False,False,True
train,20241221,20241221_1_11,1,서울,11,True,,0.0,0.1037227821839932,0.09394436017371417,0.11641536895110241,in_sample_diagnostic_only,False,False,False,False,False,False,False,False
train,20241222,20241222_1_01,1,서울,11,True,,0.0,0.1001759043641086,0.06772462545266116,0.10210212706206878,in_sample_diagnostic_only,False,False,False,False,False,True,False,True
train,20241222,20241222_1_02,1,서울,11,True,,0.0,0.10935771121282731,0.09096765932687866,0.11491332967863861,in_sample_diagnostic_only,False,False,False,False,False,False,False,False
train,20241222,20241222_1_03,1,서울,11,True,,0.0,0.052846252450361,0.058564345713830734,0.09636516878341593,in_sample_diagnostic_only,False,False,False,True,False,True,False,True
train,20241222,20241222_1_04,1,서울,11,True,,0.0,0.12261090722695658,0.10046542593767785,0.11961774233145007,in_sample_diagnostic_only,False,False,False,False,False,False,False,False
train,20241222,20241222_1_05,1,서울,11,True,,1.0,0.1574114081671244,0.2512952372911493,0.17644624198399814,in_sample_diagnostic_only,True,False,True,False,True,False,True,False
train,20241222,20241222_1_06,1,서울,11,True,,1.0,0.1325506249402414,0.30146537623414027,0.1920783572813432,in_sample_diagnostic_only,True,False,True,False,True,False,True,False
train,20241222,20241222_1_07,1,서울,11,True,,0.0,0.1076690269375764,0.1242743665986669,0.1304571309173127,in_sample_diagnostic_only,False,False,False,False,False,False,True,False
train,20241222,20241222_1_08,1,서울,10,True,,0.0,0.244498201725472,0.11137219775469923,0.12473374251567738,in_sample_diagnostic_only,False,False,False,False,False,False,True,False
train,20241222,20241222_1_09,1,서울,11,True,,1.0,0.1926660231594025,0.3296704211698375,0.20061048730808081,in_sample_diagnostic_only,True,False,True,False,True,False,True,False
train,20241222,20241222_1_10,1,서울,9,True,,0.0,0.127555888055282,0.05176756548764621,0.09176112999445406,in_sample_diagnostic_only,False,True,False,True,False,True,False,True
train,20241222,20241222_1_11,1,서울,10,True,,0.0,0.0935492207303193,0.04360312842506193,0.08573116772886608,in_sample_diagnostic_only,False,True,False,True,False,True,False,True
train,20241222,20241222_3_01,3,부경,11,True,,0.0,0.049252910154156,0.05235606855682973,0.09217331416665243,in_sample_diagnostic_only,False,True,False,True,False,True,False,True
train,20241222,20241222_3_02,3,부경,12,True,,0.0,0.08664816122493339,0.07340461434704186,0.10543731081585886,in_sample_diagnostic_only,False,False,False,False,False,True,False,True
train,20241222,20241222_3_03,3,부경,12,True,,0.0,0.10477664012659811,0.07272370136889456,0.10504544621089032,in_sample_diagnostic_only,False,False,False,False,False,True,False,True
train,20241222,20241222_3_04,3,부경,12,True,,0.0,0.10711766730756711,0.09857881519193606,0.11870314065721316,in_sample_diagnostic_only,False,False,False,False,False,False,False,False
train,20241222,20241222_3_05,3,부경,12,True,,0.0,0.14210457113044653,0.12076061699933784,0.12893009092869553,in_sample_diagnostic_only,False,False,False,False,False,False,True,False
train,20241222,20241222_3_06,3,부경,12,True,,0.0,0.2227259000404804,0.1159375667477754,0.1267963662808001,in_sample_diagnostic_only,False,False,False,False,False,False,True,False
train,20241227,20241227_3_01,3,부경,10,True,,0.0,0.21124240175444234,0.12092478462932338,0.12900193890627176,in_sample_diagnostic_only,False,False,False,False,False,False,True,False
train,20241227,20241227_3_02,3,부경,9,True,,0.0,0.0911432642637786,0.057466370148292416,0.09564343522781624,in_sample_diagnostic_only,False,False,False,True,False,True,False,True
train,20241227,20241227_3_03,3,부경,12,True,,0.0,0.1619736781049973,0.05386868613789044,0.09322039348477397,in_sample_diagnostic_only,False,True,False,True,False,True,False,True
train,20241227,20241227_3_04,3,부경,12,True,,0.0,0.1391627394984335,0.06370849852025304,0.09964592270681558,in_sample_diagnostic_only,False,False,False,True,False,True,False,True
train,20241227,20241227_3_05,3,부경,12,True,,0.0,0.21254146424072798,0.07696843764045459,0.10745540131244118,in_sample_diagnostic_only,False,False,False,False,False,True,False,True
train,20241227,20241227_3_06,3,부경,12,True,,0.0,0.1901106278252753,0.10956251126049588,0.12390388941071928,in_sample_diagnostic_only,False,False,False,False,False,False,False,False
train,20241227,20241227_3_07,3,부경,12,True,,0.0,0.16237156165111852,0.18701662621542703,0.15485936619124854,in_sample_diagnostic_only,True,False,True,False,True,False,True,False
train,20241227,20241227_3_08,3,부경,12,True,,0.0,0.1215084711536091,0.08291033037847347,0.11070622457257638,in_sample_diagnostic_only,False,False,False,False,False,False,False,True
train,20241228,20241228_1_01,1,서울,12,True,,0.0,0.0634321369903436,0.05132248921261179,0.09144756479453521,in_sample_diagnostic_only,False,True,False,True,False,True,False,True
train,20241228,20241228_1_02,1,서울,12,True,,0.0,0.07149100919300339,0.044787968503306325,0.08664558046466916,in_sample_diagnostic_only,False,True,False,True,False,True,False,True
train,20241228,20241228_1_03,1,서울,11,True,,0.0,0.0482397466333961,0.047060137467117694,0.08835971835052912,in_sample_diagnostic_only,False,True,False,True,False,True,False,True
train,20241228,20241228_1_04,1,서울,11,True,,0.0,0.1122214291336884,0.10563012416910851,0.12207532425977553,in_sample_diagnostic_only,False,False,False,False,False,False,False,False
train,20241228,20241228_1_05,1,서울,11,True,,0.0,0.17986847645140658,0.10535037652150642,0.1219438754669144,in_sample_diagnostic_only,False,False,False,False,False,False,False,False
train,20241228,20241228_1_06,1,서울,11,True,,0.0,0.10663144240263471,0.07557187468015525,0.10667100608869581,in_sample_diagnostic_only,False,False,False,False,False,True,False,True
train,20241228,20241228_1_07,1,서울,11,True,,0.0,0.1323751070879802,0.19876817264952976,0.15899367071753057,in_sample_diagnostic_only,True,False,True,False,True,False,True,False
train,20241228,20241228_1_08,1,서울,11,True,,0.0,0.09838055584292749,0.09299423660239789,0.11593880544067559,in_sample_diagnostic_only,False,False,False,False,False,False,False,False
train,20241228,20241228_1_09,1,서울,10,True,,0.0,0.14467587922588698,0.16166291666013569,0.1455427777916554,in_sample_diagnostic_only,False,False,True,False,True,False,True,False
train,20241228,20241228_1_10,1,서울,10,True,,0.0,0.1670497576506664,0.1148622537899877,0.12631441363388723,in_sample_diagnostic_only,False,False,False,False,False,False,True,False
train,20241228,20241228_1_11,1,서울,11,True,,0.0,0.136482365143923,0.09304472469489566,0.11596419605249214,in_sample_diagnostic_only,False,False,False,False,False,False,False,False
train,20241228,20241228_1_12,1,서울,11,True,,0.0,0.1100971747746907,0.11384319604555893,0.12585550132529372,in_sample_diagnostic_only,False,False,False,False,False,False,True,False
train,20241229,20241229_1_01,1,서울,11,True,,0.0,0.0727303111660627,0.060688290758723826,0.09773925229139589,in_sample_diagnostic_only,False,False,False,True,False,True,False,True
train,20241229,20241229_1_02,1,서울,11,True,,0.0,0.0415484358386558,0.05302878894503136,0.09264115779067769,in_sample_diagnostic_only,False,True,False,True,False,True,False,True
train,20241229,20241229_1_03,1,서울,10,True,,0.0,0.06622418539179391,0.057457959978409565,0.09563787604232286,in_sample_diagnostic_only,False,False,False,True,False,True,False,True
train,20241229,20241229_1_04,1,서울,11,True,,1.0,0.10810797562278139,0.31774358504882283,0.19701837296853544,in_sample_diagnostic_only,True,False,True,False,True,False,True,False
train,20241229,20241229_1_05,1,서울,11,True,,0.0,0.1514300794939853,0.12122639224488953,0.12913380720896273,in_sample_diagnostic_only,False,False,False,False,False,False,True,False
train,20241229,20241229_1_06,1,서울,11,True,,0.0,0.17873973584123748,0.11239595671961632,0.1252000636703264,in_sample_diagnostic_only,False,False,False,False,False,False,True,False
train,20241229,20241229_1_07,1,서울,11,True,,0.0,0.1087232258486346,0.10260371236679819,0.12064324743310709,in_sample_diagnostic_only,False,False,False,False,False,False,False,False
train,20241229,20241229_1_08,1,서울,11,True,,1.0,0.0979168273085166,0.22070955776119838,0.1664633677908555,in_sample_diagnostic_only,True,False,True,False,True,False,True,False
train,20241229,20241229_1_09,1,서울,11,True,,0.0,0.1867660277666478,0.15757935523182162,0.14398273305782863,in_sample_diagnostic_only,False,False,True,False,True,False,True,False
train,20241229,20241229_1_10,1,서울,11,True,,0.0,0.1448288934189447,0.12882379723932508,0.13240202236015666,in_sample_diagnostic_only,False,False,False,False,True,False,True,False
train,20241229,20241229_1_11,1,서울,11,True,,0.0,0.2698798087434133,0.0704011426619896,0.10369286382024517,in_sample_diagnostic_only,False,False,False,False,False,True,False,True
train,20241229,20241229_3_01,3,부경,12,True,,0.0,0.09291070449562641,0.07374685686928709,0.10563349092309357,in_sample_diagnostic_only,False,False,False,False,False,True,False,True
train,20241229,20241229_3_02,3,부경,12,True,,0.0,0.09954584921661461,0.11916718708011192,0.12823010160850012,in_sample_diagnostic_only,False,False,False,False,False,False,True,False
train,20241229,20241229_3_03,3,부경,12,True,,0.0,0.1222439240292301,0.10362158796790172,0.1211273865787383,in_sample_diagnostic_only,False,False,False,False,False,False,False,False
train,20241229,20241229_3_04,3,부경,12,True,,0.0,0.13394082897994952,0.08174016478400442,0.110076618296656,in_sample_diagnostic_only,False,False,False,False,False,False,False,True
train,20241229,20241229_3_05,3,부경,12,True,,1.0,0.1477057663813481,0.28888990101247514,0.18822529082911207,in_sample_diagnostic_only,True,False,True,False,True,False,True,False
train,20241229,20241229_3_06,3,부경,8,True,,0.0,0.1288547125618253,0.08248807869220347,0.11047960860071845,in_sample_diagnostic_only,False,False,False,False,False,False,False,True
train,20250103,20250103_3_01,3,부경,11,True,,0.0,0.107151639690625,0.0598541736221399,0.09720301046484187,in_sample_diagnostic_only,False,False,False,True,False,True,False,True
train,20250103,20250103_3_02,3,부경,10,True,,1.0,0.093427089688594,0.32535298242841687,0.19931247458090043,in_sample_diagnostic_only,True,False,True,False,True,False,True,False
train,20250103,20250103_3_03,3,부경,11,True,,1.0,0.145426994467875,0.2124440674460661,0.16368414392508707,in_sample_diagnostic_only,True,False,True,False,True,False,True,False
train,20250103,20250103_3_04,3,부경,12,True,,0.0,0.11700851918803308,0.09786200514890121,0.11835316570663451,in_sample_diagnostic_only,False,False,False,False,False,False,False,False
train,20250103,20250103_3_05,3,부경,12,True,,0.0,0.0915669194039794,0.08694365827534184,0.11283921348845473,in_sample_diagnostic_only,False,False,False,False,False,False,False,True
train,20250103,20250103_3_06,3,부경,12,True,,1.0,0.1724387885651918,0.23043738671806752,0.1696865192758419,in_sample_diagnostic_only,True,False,True,False,True,False,True,False
train,20250103,20250103_3_07,3,부경,12,True,,0.0,0.18264674168468567,0.16512491883290853,0.1468513011295435,in_sample_diagnostic_only,False,False,True,False,True,False,True,False
train,20250103,20250103_3_08,3,부경,12,True,,1.0,0.14789575197724691,0.3728250406992575,0.21348874698574932,in_sample_diagnostic_only,True,False,True,False,True,False,True,False
train,20250103,20250103_3_09,3,부경,11,True,,0.0,0.1097811581613852,0.14011123320614693,0.13708404314305592,in_sample_diagnostic_only,False,False,False,False,True,False,True,False
train,20250104,20250104_1_01,1,서울,12,True,,0.0,0.1500845406733933,0.0494311630442712,0.09009687771095141,in_sample_diagnostic_only,False,True,False,True,False,True,False,True
train,20250104,20250104_1_02,1,서울,11,True,,0.0,0.1734785866439986,0.08860069368947414,0.11369959176468385,in_sample_diagnostic_only,False,False,False,False,False,False,False,False
train,20250104,20250104_1_03,1,서울,11,True,,0.0,0.0579195199946779,0.11467151382034002,0.12622867962744103,in_sample_diagnostic_only,False,False,False,False,False,False,True,False
train,20250104,20250104_1_04,1,서울,11,True,,0.0,0.1416366487086136,0.10993198512430565,0.1240738988604998,in_sample_diagnostic_only,False,False,False,False,False,False,False,False
train,20250104,20250104_1_05,1,서울,8,True,,0.0,0.0975601249949002,0.13857817745871465,0.13645934981468874,in_sample_diagnostic_only,False,False,False,False,True,False,True,False
train,20250104,20250104_1_06,1,서울,11,True,,0.0,0.1263964575578869,0.14151256606409718,0.1376521515933901,in_sample_diagnostic_only,False,False,False,False,True,False,True,False
train,20250104,20250104_1_07,1,서울,10,True,,0.0,0.1373539684618374,0.07868644300390218,0.10840939723105412,in_sample_diagnostic_only,False,False,False,False,False,False,False,True
train,20250104,20250104_1_08,1,서울,10,True,,0.0,0.1863665513154937,0.140673968972517,0.13731251032671862,in_sample_diagnostic_only,False,False,False,False,True,False,True,False
train,20250104,20250104_1_09,1,서울,11,True,,0.0,0.1115840291402799,0.08973646821380564,0.11428419610660225,in_sample_diagnostic_only,False,False,False,False,False,False,False,False
train,20250104,20250104_1_10,1,서울,11,True,,0.0,0.1965661506266549,0.20777507827378167,0.1620963186588209,in_sample_diagnostic_only,True,False,True,False,True,False,True,False
train,20250104,20250104_1_11,1,서울,11,True,,0.0,0.1722779105197394,0.15404488117176857,0.14261728236516685,in_sample_diagnostic_only,False,False,True,False,True,False,True,False
train,20250105,20250105_1_01,1,서울,11,True,,0.0,0.0826857229220748,0.06987924528600126,0.10338543698328054,in_sample_diagnostic_only,False,False,False,False,False,True,False,True
train,20250105,20250105_1_02,1,서울,11,True,,0.0,0.06819900784246091,0.10340115838129244,0.12102275873509741,in_sample_diagnostic_only,False,False,False,False,False,False,False,False
train,20250105,20250105_1_03,1,서울,8,True,,0.0,0.2475612734513516,0.1235118843233043,0.13012765597740988,in_sample_diagnostic_only,False,False,False,False,False,False,True,False
train,20250105,20250105_1_04,1,서울,9,True,,0.0,0.0831490414580682,0.11122137992487104,0.12466485536202383,in_sample_diagnostic_only,False,False,False,False,False,False,True,False
train,20250105,20250105_1_05,1,서울,11,True,,0.0,0.1569195579442073,0.10472065974959456,0.12164730013502774,in_sample_diagnostic_only,False,False,False,False,False,False,False,False
train,20250105,20250105_1_06,1,서울,10,True,,0.0,0.2221091018365056,0.0789617642950256,0.10856118665347536,in_sample_diagnostic_only,False,False,False,False,False,False,False,True
train,20250105,20250105_1_07,1,서울,11,True,,0.0,0.11985824365618891,0.07157151482980482,0.10437757880661408,in_sample_diagnostic_only,False,False,False,False,False,True,False,True
train,20250105,20250105_1_08,1,서울,11,True,,1.0,0.07900419825195941,0.3085822664014073,0.19424410586845262,in_sample_diagnostic_only,True,False,True,False,True,False,True,False
train,20250105,20250105_1_09,1,서울,11,True,,0.0,0.1299765928941122,0.08628226089621083,0.11249326552765863,in_sample_diagnostic_only,False,False,False,False,False,False,False,True
train,20250105,20250105_1_10,1,서울,11,True,,0.0,0.1207032070438029,0.18559611714676214,0.15435243890353514,in_sample_diagnostic_only,True,False,True,False,True,False,True,False
train,20250105,20250105_1_11,1,서울,10,True,,0.0,0.1472047209711471,0.07398970197632457,0.1057723810503453,in_sample_diagnostic_only,False,False,False,False,False,True,False,True
train,20250105,20250105_3_01,3,부경,11,True,,0.0,0.0487642729681433,0.056396822324476605,0.09493260461866314,in_sample_diagnostic_only,False,False,False,True,False,True,False,True
train,20250105,20250105_3_02,3,부경,11,True,,0.0,0.1127853423487031,0.2090945757361422,0.1625464189166295,in_sample_diagnostic_only,True,False,True,False,True,False,True,False
train,20250105,20250105_3_03,3,부경,12,True,,0.0,0.0996171062321337,0.07553202104756751,0.10664850203164733,in_sample_diagnostic_only,False,False,False,False,False,True,False,True
train,20250105,20250105_3_04,3,부경,12,True,,0.0,0.13070016084472721,0.12531127312085344,0.13090354131978502,in_sample_diagnostic_only,False,False,False,False,False,False,True,False
train,20250105,20250105_3_05,3,부경,12,True,,0.0,0.2789454594075931,0.17763652890921497,0.15148093100802476,in_sample_diagnostic_only,True,False,True,False,True,False,True,False
train,20250105,20250105_3_06,3,부경,11,True,,0.0,0.11723390305666509,0.07942802441395354,0.10881756664194413,in_sample_diagnostic_only,False,False,False,False,False,False,False,True
train,20250110,20250110_3_01,3,부경,12,True,,0.0,0.0602801572944183,0.08702462275562706,0.11288146216408594,in_sample_diagnostic_only,False,False,False,False,False,False,False,True
train,20250110,20250110_3_02,3,부경,11,True,,0.0,0.0650989393901498,0.07871246498921994,0.10842375637858594,in_sample_diagnostic_only,False,False,False,False,False,False,False,True
train,20250110,20250110_3_03,3,부경,12,True,,0.0,0.1102435472737125,0.11849726893122198,0.12793436998246266,in_sample_diagnostic_only,False,False,False,False,False,False,True,False
train,20250110,20250110_3_04,3,부경,11,True,,1.0,0.1576650223397414,0.294478480599103,0.1899420243150825,in_sample_diagnostic_only,True,False,True,False,True,False,True,False
train,20250110,20250110_3_05,3,부경,12,True,,0.0,0.10329722260877329,0.12913711135660613,0.13253467911586117,in_sample_diagnostic_only,False,False,False,False,True,False,True,False
train,20250110,20250110_3_06,3,부경,12,True,,0.0,0.1796422965842139,0.15973710547077694,0.14480934644490343,in_sample_diagnostic_only,False,False,True,False,True,False,True,False
train,20250110,20250110_3_07,3,부경,12,True,,1.0,0.1719214655036068,0.36203727187864004,0.2102805746566191,in_sample_diagnostic_only,True,False,True,False,True,False,True,False
train,20250110,20250110_3_08,3,부경,9,True,,0.0,0.15933582084453501,0.1139552087508493,0.12590604853431653,in_sample_diagnostic_only,False,False,False,False,False,False,True,False
train,20250110,20250110_3_09,3,부경,12,True,,0.0,0.1220181155472702,0.12395558112511232,0.1303195066355983,in_sample_diagnostic_only,False,False,False,False,False,False,True,False
train,20250111,20250111_1_01,1,서울,12,True,,0.0,0.0679617386901778,0.08521386258580188,0.11193131190753887,in_sample_diagnostic_only,False,False,False,False,False,False,False,True
train,20250111,20250111_1_02,1,서울,9,True,,0.0,0.0626924066155847,0.04141296689919202,0.08400106982768726,in_sample_diagnostic_only,False,True,False,True,False,True,False,True
train,20250111,20250111_1_03,1,서울,11,True,,1.0,0.11469275483199869,0.26693396080249376,0.18140064984443316,in_sample_diagnostic_only,True,False,True,False,True,False,True,False
train,20250111,20250111_1_04,1,서울,11,True,,0.0,0.1191097775040485,0.05096890575635567,0.09119731392194308,in_sample_diagnostic_only,False,True,False,True,False,True,False,True
train,20250111,20250111_1_05,1,서울,11,True,,0.0,0.12317067525898041,0.12898192349995907,0.13246899303990645,in_sample_diagnostic_only,False,False,False,False,True,False,True,False
train,20250111,20250111_1_06,1,서울,9,True,,0.0,0.101297798041283,0.0914233083401341,0.11514497727831852,in_sample_diagnostic_only,False,False,False,False,False,False,False,False
train,20250111,20250111_1_07,1,서울,11,True,,0.0,0.1276498900160151,0.08089333750858897,0.10961783319287478,in_sample_diagnostic_only,False,False,False,False,False,False,False,True
train,20250111,20250111_1_08,1,서울,9,True,,0.0,0.1929952220572106,0.2435171850066261,0.17394761322113106,in_sample_diagnostic_only,True,False,True,False,True,False,True,False
train,20250111,20250111_1_09,1,서울,11,True,,0.0,0.10103107838924362,0.0454721129603087,0.0871670330741827,in_sample_diagnostic_only,False,True,False,True,False,True,False,True
train,20250111,20250111_1_10,1,서울,11,True,,0.0,0.0840722536725189,0.04880559515776296,0.08964342589899656,in_sample_diagnostic_only,False,True,False,True,False,True,False,True
train,20250111,20250111_1_11,1,서울,11,True,,0.0,0.08538521894697068,0.12520565390436025,0.1308581560258588,in_sample_diagnostic_only,False,False,False,False,False,False,True,False
train,20250112,20250112_1_01,1,서울,11,True,,0.0,0.11729562295942929,0.05574771448381644,0.09449735192433305,in_sample_diagnostic_only,False,False,False,True,False,True,False,True
train,20250112,20250112_1_02,1,서울,10,True,,0.0,0.1940669207478884,0.15356273836324838,0.14242989068384432,in_sample_diagnostic_only,False,False,True,False,True,False,True,False
train,20250112,20250112_1_03,1,서울,10,True,,0.0,0.0930917688041359,0.08316900812355259,0.11084473480186181,in_sample_diagnostic_only,False,False,False,False,False,False,False,True
train,20250112,20250112_1_04,1,서울,11,True,,1.0,0.0984679640286651,0.3766269607701595,0.21461864700056152,in_sample_diagnostic_only,True,False,True,False,True,False,True,False
train,20250112,20250112_1_05,1,서울,7,True,,0.0,0.17242086221955222,0.12839699323313242,0.1322210528264356,in_sample_diagnostic_only,False,False,False,False,True,False,True,False
train,20250112,20250112_1_06,1,서울,10,True,,0.0,0.21570837548042152,0.09278375253972146,0.11583287104963876,in_sample_diagnostic_only,False,False,False,False,False,False,False,False
train,20250112,20250112_1_07,1,서울,10,True,,0.0,0.15876926173117842,0.188965821250824,0.15555234855838612,in_sample_diagnostic_only,True,False,True,False,True,False,True,False
train,20250112,20250112_1_08,1,서울,9,True,,0.0,0.1201195739547376,0.09383984397590966,0.11636307493130371,in_sample_diagnostic_only,False,False,False,False,False,False,False,False
train,20250112,20250112_1_09,1,서울,11,True,,0.0,0.12566529322219072,0.030133944209707473,0.07408111584352478,in_sample_diagnostic_only,False,True,False,True,False,True,False,True
train,20250112,20250112_1_10,1,서울,11,True,,1.0,0.1413513816979174,0.26796711820119873,0.18172499114077806,in_sample_diagnostic_only,True,False,True,False,True,False,True,False
train,20250112,20250112_1_11,1,서울,11,True,,0.0,0.125572372894544,0.06203949490827422,0.09859891529657318,in_sample_diagnostic_only,False,False,False,True,False,True,False,True
train,20250112,20250112_3_01,3,부경,10,True,,0.0,0.1320260747548591,0.04309670976875616,0.08533581938484665,in_sample_diagnostic_only,False,True,False,True,False,True,False,True
train,20250112,20250112_3_02,3,부경,12,True,,1.0,0.15267008279616068,0.3209485672476494,0.19798566766079193,in_sample_diagnostic_only,True,False,True,False,True,False,True,False
train,20250112,20250112_3_03,3,부경,12,True,,0.0,0.18332097758905871,0.21441074848205813,0.16434901265368332,in_sample_diagnostic_only,True,False,True,False,True,False,True,False
train,20250112,20250112_3_04,3,부경,12,True,,0.0,0.1908071297091678,0.08669332819850335,0.11270844888864297,in_sample_diagnostic_only,False,False,False,False,False,False,False,True
train,20250112,20250112_3_05,3,부경,11,True,,1.0,0.1013060336478523,0.35493598603342275,0.20816594900572444,in_sample_diagnostic_only,True,False,True,False,True,False,True,False
train,20250112,20250112_3_06,3,부경,12,True,,0.0,0.12632917940165989,0.08652314386722865,0.11261943043219748,in_sample_diagnostic_only,False,False,False,False,False,False,False,True
train,20250117,20250117_3_01,3,부경,11,True,,0.0,0.1076473614969357,0.07073740297033246,0.10389025068231629,in_sample_diagnostic_only,False,False,False,False,False,True,False,True
train,20250117,20250117_3_02,3,부경,9,True,,0.0,0.0974070724137319,0.06310483623836854,0.09926908355299144,in_sample_diagnostic_only,False,False,False,True,False,True,False,True
train,20250117,20250117_3_03,3,부경,12,True,,0.0,0.0944142957409733,0.058247597795853076,0.09615777651230625,in_sample_diagnostic_only,False,False,False,True,False,True,False,True
train,20250117,20250117_3_04,3,부경,12,True,,0.0,0.1508631367597655,0.23860925699250377,0.17235786228709393,in_sample_diagnostic_only,True,False,True,False,True,False,True,False
train,20250117,20250117_3_05,3,부경,12,True,,1.0,0.1642163634185969,0.24889623966634675,0.17567820184919056,in_sample_diagnostic_only,True,False,True,False,True,False,True,False
train,20250117,20250117_3_06,3,부경,12,True,,0.0,0.1671005825475875,0.2043265450763747,0.16091473325804262,in_sample_diagnostic_only,True,False,True,False,True,False,True,False
train,20250117,20250117_3_07,3,부경,12,True,,0.0,0.2170437117720759,0.2097956599804921,0.16278512683499657,in_sample_diagnostic_only,True,False,True,False,True,False,True,False
train,20250117,20250117_3_08,3,부경,12,True,,0.0,0.20947292452873992,0.09037698583087636,0.11461208623883003,in_sample_diagnostic_only,False,False,False,False,False,False,False,False
train,20250117,20250117_3_09,3,부경,12,True,,0.0,0.1472104546964184,0.06841768468568032,0.10251743926931871,in_sample_diagnostic_only,False,False,False,False,False,True,False,True
train,20250118,20250118_1_01,1,서울,11,True,,0.0,0.053117890041240005,0.07384836520823385,0.10569157801337435,in_sample_diagnostic_only,False,False,False,False,False,True,False,True
train,20250118,20250118_1_02,1,서울,11,True,,0.0,0.1206280835033377,0.10866922584096912,0.12349159995331185,in_sample_diagnostic_only,False,False,False,False,False,False,False,False
train,20250118,20250118_1_03,1,서울,11,True,,0.0,0.0702869117361664,0.07698592584823516,0.10746517255975657,in_sample_diagnostic_only,False,False,False,False,False,True,False,True
train,20250118,20250118_1_04,1,서울,11,True,,1.0,0.1735781232690732,0.24732558214551598,0.17517410935233396,in_sample_diagnostic_only,True,False,True,False,True,False,True,False
train,20250118,20250118_1_05,1,서울,11,True,,0.0,0.1609349437020883,0.12400217650850964,0.13033963376678273,in_sample_diagnostic_only,False,False,False,False,False,False,True,False
train,20250118,20250118_1_06,1,서울,11,True,,0.0,0.138933587585898,0.07595587335862299,0.10688749447979054,in_sample_diagnostic_only,False,False,False,False,False,True,False,True
train,20250118,20250118_1_07,1,서울,10,True,,0.0,0.1443264592521909,0.1849756781260481,0.15413051558764004,in_sample_diagnostic_only,True,False,True,False,True,False,True,False
train,20250118,20250118_1_08,1,서울,10,True,,0.0,0.24804429600556407,0.10812061584149456,0.12323750504619309,in_sample_diagnostic_only,False,False,False,False,False,False,False,False
train,20250118,20250118_1_09,1,서울,10,True,,0.0,0.0966407966991545,0.06488149611881126,0.1003723160491811,in_sample_diagnostic_only,False,False,False,True,False,True,False,True
train,20250118,20250118_1_10,1,서울,11,True,,0.0,0.1553141037359391,0.11080379688630608,0.12447386477360109,in_sample_diagnostic_only,False,False,False,False,False,False,False,False
train,20250118,20250118_1_11,1,서울,11,True,,0.0,0.2152661021610429,0.1173956207750766,0.12744617023275198,in_sample_diagnostic_only,False,False,False,False,False,False,True,False
train,20250119,20250119_1_01,1,서울,11,True,,0.0,0.0478537225683656,0.10195965653289285,0.12033558093672223,in_sample_diagnostic_only,False,False,False,False,False,False,False,False
train,20250119,20250119_1_02,1,서울,11,True,,0.0,0.0919368117401991,0.08906919897845503,0.1139412379126236,in_sample_diagnostic_only,False,False,False,False,False,False,False,False
train,20250119,20250119_1_03,1,서울,11,True,,0.0,0.0937087326619725,0.053567860806334945,0.09301354301122092,in_sample_diagnostic_only,False,True,False,True,False,True,False,True
train,20250119,20250119_1_04,1,서울,11,True,,0.0,0.1565982875976937,0.11076862984338291,0.12445776311037321,in_sample_diagnostic_only,False,False,False,False,False,False,False,False
train,20250119,20250119_1_05,1,서울,10,True,,0.0,0.180304494771159,0.08173749024611518,0.11007517351264116,in_sample_diagnostic_only,False,False,False,False,False,False,False,True
train,20250119,20250119_1_06,1,서울,11,True,,1.0,0.1908617810143861,0.1984683892455027,0.15888945907399732,in_sample_diagnostic_only,True,False,True,False,True,False,True,False
train,20250119,20250119_1_07,1,서울,11,True,,0.0,0.1301544427750655,0.1402204934349427,0.13712843704622862,in_sample_diagnostic_only,False,False,False,False,True,False,True,False
train,20250119,20250119_1_08,1,서울,11,True,,0.0,0.1327938912951079,0.11550819499084923,0.12660420285765833,in_sample_diagnostic_only,False,False,False,False,False,False,True,False
train,20250119,20250119_1_09,1,서울,11,True,,0.0,0.1677171677670938,0.14496732951515998,0.13904119175993337,in_sample_diagnostic_only,False,False,True,False,True,False,True,False
train,20250119,20250119_1_10,1,서울,11,True,,0.0,0.1949862963716023,0.10179059104060434,0.12025464549106864,in_sample_diagnostic_only,False,False,False,False,False,False,False,False
train,20250119,20250119_1_11,1,서울,10,True,,0.0,0.120720522496332,0.07883780206976194,0.10849288103165113,in_sample_diagnostic_only,False,False,False,False,False,False,False,True
train,20250119,20250119_3_01,3,부경,12,True,,0.0,0.12255814203011961,0.053142322356372444,0.09271976977722848,in_sample_diagnostic_only,False,True,False,True,False,True,False,True
train,20250119,20250119_3_02,3,부경,9,True,,0.0,0.1428715869631853,0.10311429687715595,0.12088641991329041,in_sample_diagnostic_only,False,False,False,False,False,False,False,False
train,20250119,20250119_3_03,3,부경,12,True,,0.0,0.14040579146407262,0.18136922300737388,0.15283423949571487,in_sample_diagnostic_only,True,False,True,False,True,False,True,False
train,20250119,20250119_3_04,3,부경,12,True,,0.0,0.1612622803199462,0.0814502365225657,0.1099198449178844,in_sample_diagnostic_only,False,False,False,False,False,False,False,True
train,20250119,20250119_3_05,3,부경,12,True,,0.0,0.13181244524697178,0.1758268247980361,0.15082039180182835,in_sample_diagnostic_only,True,False,True,False,True,False,True,False
train,20250119,20250119_3_06,3,부경,11,True,,1.0,0.10681319756212469,0.16341132869128908,0.1462051955192081,in_sample_diagnostic_only,False,False,True,False,True,False,True,False
train,20250124,20250124_3_01,3,부경,12,True,,0.0,0.08113181807007881,0.057766489227873086,0.09584150614181765,in_sample_diagnostic_only,False,False,False,True,False,True,False,True
train,20250124,20250124_3_02,3,부경,9,True,,0.0,0.0789932689434394,0.12709060597877933,0.13166523893553256,in_sample_diagnostic_only,False,False,False,False,True,False,True,False
train,20250124,20250124_3_03,3,부경,12,True,,0.0,0.13504442215472678,0.11799192119227789,0.12771071566057193,in_sample_diagnostic_only,False,False,False,False,False,False,True,False
train,20250124,20250124_3_04,3,부경,12,True,,0.0,0.0984008559272522,0.06396369852030556,0.09980461168777259,in_sample_diagnostic_only,False,False,False,True,False,True,False,True
train,20250124,20250124_3_05,3,부경,12,True,,0.0,0.22391983097337131,0.06055497463900427,0.09765383416555876,in_sample_diagnostic_only,False,False,False,True,False,True,False,True
train,20250124,20250124_3_06,3,부경,12,True,,0.0,0.20721793043340608,0.18309696285517885,0.15345659738858744,in_sample_diagnostic_only,True,False,True,False,True,False,True,False
train,20250124,20250124_3_07,3,부경,12,True,,0.0,0.2015364167956549,0.12644139495665527,0.13138795363053696,in_sample_diagnostic_only,False,False,False,False,True,False,True,False
train,20250124,20250124_3_08,3,부경,12,True,,0.0,0.0755547914381475,0.10031174130709003,0.11954358649297417,in_sample_diagnostic_only,False,False,False,False,False,False,False,False
train,20250124,20250124_3_09,3,부경,11,True,,0.0,0.135750375302405,0.07201269824853108,0.10463403021509016,in_sample_diagnostic_only,False,False,False,False,False,True,False,True
train,20250125,20250125_1_01,1,서울,11,True,,1.0,0.19584475015154018,0.2252960616220933,0.16798916472758407,in_sample_diagnostic_only,True,False,True,False,True,False,True,False
train,20250125,20250125_1_02,1,서울,10,True,,0.0,0.1293803615470881,0.06126381973713704,0.09810675937485372,in_sample_diagnostic_only,False,False,False,True,False,True,False,True
train,20250125,20250125_1_03,1,서울,11,True,,0.0,0.1192673018745668,0.05970305768959213,0.0971053962115343,in_sample_diagnostic_only,False,False,False,True,False,True,False,True
train,20250125,20250125_1_04,1,서울,10,True,,0.0,0.17644329501778322,0.12378400474001493,0.1302453600424127,in_sample_diagnostic_only,False,False,False,False,False,False,True,False
train,20250125,20250125_1_05,1,서울,11,True,,1.0,0.0897289005606042,0.18447089109052212,0.15394972787500213,in_sample_diagnostic_only,True,False,True,False,True,False,True,False
train,20250125,20250125_1_06,1,서울,11,True,,0.0,0.16013617285471968,0.08662417639379379,0.11267228928768784,in_sample_diagnostic_only,False,False,False,False,False,False,False,True
train,20250125,20250125_1_07,1,서울,11,True,,0.0,0.1162963286333743,0.09695823587674252,0.11790992596820764,in_sample_diagnostic_only,False,False,False,False,False,False,False,False
train,20250125,20250125_1_08,1,서울,11,True,,1.0,0.1633394794170627,0.3747395217510139,0.21405774702470684,in_sample_diagnostic_only,True,False,True,False,True,False,True,False
train,20250125,20250125_1_09,1,서울,11,True,,0.0,0.1599255205364155,0.11950631675993353,0.12837948181757272,in_sample_diagnostic_only,False,False,False,False,False,False,True,False
train,20250125,20250125_1_10,1,서울,11,True,,0.0,0.16924447952662447,0.08690227599805307,0.1128176110820594,in_sample_diagnostic_only,False,False,False,False,False,False,False,True
train,20250125,20250125_1_11,1,서울,11,True,,0.0,0.08395316783046691,0.07515603074045331,0.1064358607462314,in_sample_diagnostic_only,False,False,False,False,False,True,False,True
train,20250126,20250126_1_01,1,서울,10,True,,0.0,0.18694351834695888,0.0681262526305523,0.10234309553007208,in_sample_diagnostic_only,False,False,False,False,False,True,False,True
train,20250126,20250126_1_03,1,서울,11,True,,1.0,0.12710808421353958,0.3083429199104991,0.1941714280027194,in_sample_diagnostic_only,True,False,True,False,True,False,True,False
train,20250126,20250126_1_04,1,서울,11,True,,0.0,0.1790341660516242,0.09275523628162137,0.11581850901095023,in_sample_diagnostic_only,False,False,False,False,False,False,False,False
train,20250126,20250126_1_05,1,서울,11,True,,0.0,0.23665605425533923,0.11079966034193242,0.12447197094532882,in_sample_diagnostic_only,False,False,False,False,False,False,False,False
train,20250126,20250126_1_06,1,서울,11,True,,0.0,0.1422792436788247,0.08890274551045771,0.11385546485090206,in_sample_diagnostic_only,False,False,False,False,False,False,False,False
train,20250126,20250126_1_07,1,서울,10,True,,1.0,0.2204733615288902,0.4352351723156996,0.2320850334862042,in_sample_diagnostic_only,True,False,True,False,True,False,True,False
train,20250126,20250126_1_08,1,서울,10,True,,0.0,0.1634565535770928,0.09070561886422882,0.11477982213365452,in_sample_diagnostic_only,False,False,False,False,False,False,False,False
train,20250126,20250126_1_09,1,서울,10,True,,0.0,0.2429228754336617,0.11758097824918542,0.1275284773569995,in_sample_diagnostic_only,False,False,False,False,False,False,True,False
train,20250126,20250126_1_10,1,서울,11,True,,0.0,0.1779436396289786,0.14222220027957974,0.13793879838015843,in_sample_diagnostic_only,False,False,False,False,True,False,True,False
train,20250126,20250126_1_11,1,서울,11,True,,0.0,0.1344078158155338,0.06433900163085968,0.10003732037522979,in_sample_diagnostic_only,False,False,False,True,False,True,False,True
train,20250126,20250126_3_01,3,부경,12,True,,1.0,0.1400306102734771,0.1539829047492788,0.1425932097484295,in_sample_diagnostic_only,False,False,True,False,True,False,True,False
train,20250126,20250126_3_02,3,부경,12,True,,0.0,0.130151785012557,0.11460653828441868,0.12619945739236668,in_sample_diagnostic_only,False,False,False,False,False,False,True,False
train,20250126,20250126_3_03,3,부경,12,True,,0.0,0.1743907448857889,0.13164972836433111,0.13359273336752586,in_sample_diagnostic_only,False,False,False,False,True,False,True,False
train,20250126,20250126_3_04,3,부경,12,True,,0.0,0.11632611421810118,0.14704666594205548,0.13986954239196625,in_sample_diagnostic_only,False,False,True,False,True,False,True,False
train,20250126,20250126_3_05,3,부경,12,True,,0.0,0.20915946003007052,0.10405844617396333,0.12133439230318892,in_sample_diagnostic_only,False,False,False,False,False,False,False,False
train,20250126,20250126_3_06,3,부경,10,True,,0.0,0.0813390819893986,0.05169409787887074,0.09170948034067208,in_sample_diagnostic_only,False,True,False,True,False,True,False,True
train,20250207,20250207_3_01,3,부경,12,True,,0.0,0.1074805584797835,0.05825813830946744,0.096164688528408,in_sample_diagnostic_only,False,False,False,True,False,True,False,True
train,20250207,20250207_3_02,3,부경,12,True,,0.0,0.1143602453318566,0.08693488899202777,0.11283463621635746,in_sample_diagnostic_only,False,False,False,False,False,False,False,True
train,20250207,20250207_3_03,3,부경,12,True,,0.0,0.10813301789422389,0.10101828162396004,0.11988400248248474,in_sample_diagnostic_only,False,False,False,False,False,False,False,False
train,20250207,20250207_3_04,3,부경,12,True,,0.0,0.20089446379828618,0.12683098845334062,0.13155443949139178,in_sample_diagnostic_only,False,False,False,False,True,False,True,False
train,20250207,20250207_3_05,3,부경,12,True,,0.0,0.1697580919290512,0.19450103624431297,0.15750429998525473,in_sample_diagnostic_only,True,False,True,False,True,False,True,False
train,20250207,20250207_3_06,3,부경,12,True,,0.0,0.14604493030260918,0.09739257606001948,0.11812321957424889,in_sample_diagnostic_only,False,False,False,False,False,False,False,False
train,20250207,20250207_3_07,3,부경,12,True,,0.0,0.0969231886095598,0.1435062281378507,0.13845570765542362,in_sample_diagnostic_only,False,False,False,False,True,False,True,False
train,20250207,20250207_3_08,3,부경,12,True,,0.0,0.10572384163455781,0.11527920380668118,0.12650156702562612,in_sample_diagnostic_only,False,False,False,False,False,False,True,False
train,20250207,20250207_3_09,3,부경,12,True,,0.0,0.1169603137582153,0.09226152843751388,0.11556947189251204,in_sample_diagnostic_only,False,False,False,False,False,False,False,False
train,20250208,20250208_1_01,1,서울,11,True,,0.0,0.1049154626362939,0.061023604555059105,0.09795361346350945,in_sample_diagnostic_only,False,False,False,True,False,True,False,True
train,20250208,20250208_1_02,1,서울,11,True,,0.0,0.0918018890990957,0.05797954646044851,0.09598175419983335,in_sample_diagnostic_only,False,False,False,True,False,True,False,True
train,20250208,20250208_1_03,1,서울,11,True,,0.0,0.0737812259462908,0.09414681554454805,0.11651657596168485,in_sample_diagnostic_only,False,False,False,False,False,False,False,False
train,20250208,20250208_1_04,1,서울,11,True,,0.0,0.1352769108828634,0.15295331902334977,0.1421926359477083,in_sample_diagnostic_only,False,False,True,False,True,False,True,False
train,20250208,20250208_1_05,1,서울,11,True,,0.0,0.1394262048187474,0.09783304810314501,0.11833899863517026,in_sample_diagnostic_only,False,False,False,False,False,False,False,False
train,20250208,20250208_1_06,1,서울,10,True,,0.0,0.2509022542740463,0.12185945705075524,0.12941004877958026,in_sample_diagnostic_only,False,False,False,False,False,False,True,False
train,20250208,20250208_1_07,1,서울,9,True,,0.0,0.1036716206791322,0.1114533614007749,0.1247707943347526,in_sample_diagnostic_only,False,False,False,False,False,False,True,False
train,20250208,20250208_1_08,1,서울,10,True,,0.0,0.1310412193485823,0.0797351004063083,0.10898595520807774,in_sample_diagnostic_only,False,False,False,False,False,False,False,True
train,20250208,20250208_1_09,1,서울,11,True,,0.0,0.1349369732719683,0.08732294271606321,0.11303694321033238,in_sample_diagnostic_only,False,False,False,False,False,False,False,True
train,20250208,20250208_1_10,1,서울,11,True,,1.0,0.2355587844718905,0.3107767323204856,0.1949099703187398,in_sample_diagnostic_only,True,False,True,False,True,False,True,False
train,20250208,20250208_1_11,1,서울,11,True,,0.0,0.1114508723516188,0.08547018162733534,0.11206648502243109,in_sample_diagnostic_only,False,False,False,False,False,False,False,True
train,20250209,20250209_1_01,1,서울,11,True,,0.0,0.09658279202048281,0.05906345282654951,0.09669063924597411,in_sample_diagnostic_only,False,False,False,True,False,True,False,True
train,20250209,20250209_1_02,1,서울,11,True,,0.0,0.15229903668429928,0.13821172549938415,0.13630952711261365,in_sample_diagnostic_only,False,False,False,False,True,False,True,False
train,20250209,20250209_1_03,1,서울,11,True,,1.0,0.1293180449832572,0.14628297706997842,0.1395659662030671,in_sample_diagnostic_only,False,False,True,False,True,False,True,False
train,20250209,20250209_1_04,1,서울,10,True,,1.0,0.1533507358073476,0.3129297581560151,0.19556242634999582,in_sample_diagnostic_only,True,False,True,False,True,False,True,False
train,20250209,20250209_1_05,1,서울,11,True,,0.0,0.2003339471557369,0.17314137137556992,0.14983471198823872,in_sample_diagnostic_only,True,False,True,False,True,False,True,False
train,20250209,20250209_1_06,1,서울,11,True,,0.0,0.10846222974608101,0.04741172779046598,0.08862053809987802,in_sample_diagnostic_only,False,True,False,True,False,True,False,True
train,20250209,20250209_1_07,1,서울,11,True,,0.0,0.11087104512863949,0.09693045837136129,0.11789626752046038,in_sample_diagnostic_only,False,False,False,False,False,False,False,False
train,20250209,20250209_1_08,1,서울,11,True,,0.0,0.119594864741875,0.03931834515344697,0.08229451194041167,in_sample_diagnostic_only,False,True,False,True,False,True,False,True
train,20250209,20250209_1_09,1,서울,11,True,,0.0,0.16135509688835248,0.17159258738613895,0.14926318434271746,in_sample_diagnostic_only,True,False,True,False,True,False,True,False
train,20250209,20250209_1_10,1,서울,11,True,,0.0,0.0954041764710702,0.10872179099608577,0.12351591046416098,in_sample_diagnostic_only,False,False,False,False,False,False,False,False
train,20250209,20250209_1_11,1,서울,11,True,,0.0,0.1674798213902911,0.10858782561933993,0.12345394143832097,in_sample_diagnostic_only,False,False,False,False,False,False,False,False
train,20250209,20250209_3_01,3,부경,12,True,,0.0,0.1628529649309757,0.15283712615336764,0.14214735023341102,in_sample_diagnostic_only,False,False,True,False,True,False,True,False
train,20250209,20250209_3_02,3,부경,11,True,,0.0,0.1538704444078198,0.1478173634198231,0.14017514138600176,in_sample_diagnostic_only,False,False,True,False,True,False,True,False
train,20250209,20250209_3_03,3,부경,12,True,,0.0,0.0920496868675704,0.09085246311560759,0.11485466417986062,in_sample_diagnostic_only,False,False,False,False,False,False,False,False
train,20250209,20250209_3_04,3,부경,11,True,,0.0,0.13469231347420849,0.04728115168491131,0.08852380729673022,in_sample_diagnostic_only,False,True,False,True,False,True,False,True
train,20250209,20250209_3_05,3,부경,12,True,,0.0,0.29680337186744465,0.14987009980576335,0.14098541462244218,in_sample_diagnostic_only,False,False,True,False,True,False,True,False
train,20250209,20250209_3_06,3,부경,11,True,,0.0,0.16582008325420589,0.09819184287491743,0.11851437712254938,in_sample_diagnostic_only,False,False,False,False,False,False,False,False
train,20250214,20250214_3_01,3,부경,11,True,,0.0,0.0657396427265248,0.06049683602939419,0.09761654946177253,in_sample_diagnostic_only,False,False,False,True,False,True,False,True
train,20250214,20250214_3_02,3,부경,12,True,,0.0,0.07946325555101169,0.11830585485399975,0.12784971294451467,in_sample_diagnostic_only,False,False,False,False,False,False,True,False
train,20250214,20250214_3_03,3,부경,11,True,,0.0,0.08167353043087609,0.0738887016529125,0.10571464753572445,in_sample_diagnostic_only,False,False,False,False,False,True,False,True
train,20250214,20250214_3_04,3,부경,12,True,,0.0,0.13664269696587128,0.11037665892408911,0.12427811208728431,in_sample_diagnostic_only,False,False,False,False,False,False,False,False
train,20250214,20250214_3_05,3,부경,12,True,,1.0,0.1750763039232259,0.37956614820203133,0.21549201171284213,in_sample_diagnostic_only,True,False,True,False,True,False,True,False
train,20250214,20250214_3_06,3,부경,12,True,,1.0,0.23050345368882852,0.19418070160412254,0.15739196209824735,in_sample_diagnostic_only,True,False,True,False,True,False,True,False
train,20250214,20250214_3_07,3,부경,12,True,,1.0,0.17547318038276072,0.26310453847313886,0.1801954123153868,in_sample_diagnostic_only,True,False,True,False,True,False,True,False
train,20250214,20250214_3_08,3,부경,12,True,,1.0,0.2397584797030723,0.47283177192561743,0.24346646814741377,in_sample_diagnostic_only,True,False,True,False,True,False,True,False
train,20250214,20250214_3_09,3,부경,10,True,,0.0,0.2700048062451635,0.3152352510424829,0.19626020282137369,in_sample_diagnostic_only,True,False,True,False,True,False,True,False
train,20250215,20250215_1_01,1,서울,12,True,,0.0,0.1929880029380645,0.11435135552551591,0.1260846073344227,in_sample_diagnostic_only,False,False,False,False,False,False,True,False
train,20250215,20250215_1_02,1,서울,10,True,,0.0,0.08867121474594651,0.09312040792518052,0.11600224326534843,in_sample_diagnostic_only,False,False,False,False,False,False,False,False
train,20250215,20250215_1_03,1,서울,11,True,,0.0,0.0818708355950354,0.08863837097449068,0.1137190510230125,in_sample_diagnostic_only,False,False,False,False,False,False,False,False
train,20250215,20250215_1_04,1,서울,11,True,,0.0,0.224507433286542,0.11738976560636578,0.12744356917699579,in_sample_diagnostic_only,False,False,False,False,False,False,True,False
train,20250215,20250215_1_05,1,서울,11,True,,0.0,0.1605988969268035,0.13510861205556618,0.1350329189167232,in_sample_diagnostic_only,False,False,False,False,True,False,True,False
train,20250215,20250215_1_06,1,서울,11,True,,0.0,0.0830854165873776,0.04633246779054211,0.08781621683199266,in_sample_diagnostic_only,False,True,False,True,False,True,False,True
train,20250215,20250215_1_07,1,서울,11,True,,0.0,0.1089537001034113,0.10089019003671909,0.11982238234969252,in_sample_diagnostic_only,False,False,False,False,False,False,False,False
train,20250215,20250215_1_08,1,서울,11,True,,0.0,0.2726768165166788,0.0999593798130291,0.11937333390632722,in_sample_diagnostic_only,False,False,False,False,False,False,False,False
train,20250215,20250215_1_09,1,서울,11,True,,1.0,0.1827513668930131,0.47772757697587387,0.24496624023154287,in_sample_diagnostic_only,True,False,True,False,True,False,True,False
train,20250215,20250215_1_10,1,서울,11,True,,0.0,0.13087624947759918,0.15561239631232923,0.1432246318383916,in_sample_diagnostic_only,False,False,True,False,True,False,True,False
train,20250215,20250215_1_11,1,서울,9,True,,0.0,0.1498851133107073,0.13428977485656163,0.13469364654630855,in_sample_diagnostic_only,False,False,False,False,True,False,True,False
train,20250216,20250216_1_01,1,서울,11,True,,0.0,0.09738544235213172,0.05540739651799121,0.09426796916762797,in_sample_diagnostic_only,False,False,False,True,False,True,False,True
train,20250216,20250216_1_02,1,서울,10,True,,0.0,0.1684344076592318,0.05912889209454063,0.09673319357515078,in_sample_diagnostic_only,False,False,False,True,False,True,False,True
train,20250216,20250216_1_03,1,서울,11,True,,0.0,0.16114865809228862,0.12117851029898957,0.12911288360106646,in_sample_diagnostic_only,False,False,False,False,False,False,True,False
train,20250216,20250216_1_04,1,서울,11,True,,0.0,0.07575459081833509,0.11985183602126956,0.12853145221729803,in_sample_diagnostic_only,False,False,False,False,False,False,True,False
train,20250216,20250216_1_05,1,서울,11,True,,0.0,0.22134917314366628,0.10886019157908451,0.12357988875196177,in_sample_diagnostic_only,False,False,False,False,False,False,False,False
train,20250216,20250216_1_06,1,서울,11,True,,0.0,0.11150493993450161,0.14318979182982083,0.1383285287869429,in_sample_diagnostic_only,False,False,False,False,True,False,True,False
train,20250216,20250216_1_07,1,서울,11,True,,0.0,0.1186136253295943,0.07793087619028843,0.10799129762847616,in_sample_diagnostic_only,False,False,False,False,False,False,False,True
train,20250216,20250216_1_08,1,서울,12,True,,0.0,0.0915930322193302,0.07835102145333925,0.10822406905323632,in_sample_diagnostic_only,False,False,False,False,False,False,False,True
train,20250216,20250216_1_09,1,서울,10,True,,0.0,0.17876469308685047,0.11697958796377937,0.12726118750559653,in_sample_diagnostic_only,False,False,False,False,False,False,True,False
train,20250216,20250216_1_10,1,서울,11,True,,0.0,0.14488758296058,0.11397384775230106,0.1259144571123352,in_sample_diagnostic_only,False,False,False,False,False,False,True,False
train,20250216,20250216_1_11,1,서울,11,True,,1.0,0.1653058923923065,0.2833094504580733,0.18650338784078577,in_sample_diagnostic_only,True,False,True,False,True,False,True,False
train,20250216,20250216_3_01,3,부경,12,True,,0.0,0.07569509694461089,0.027678996727125805,0.0716347097999324,in_sample_diagnostic_only,False,True,False,True,False,True,False,True
train,20250216,20250216_3_02,3,부경,12,True,,0.0,0.13734056634657713,0.07573922161475946,0.10676542824554913,in_sample_diagnostic_only,False,False,False,False,False,True,False,True
train,20250216,20250216_3_03,3,부경,12,True,,1.0,0.15597187331544488,0.2125597696681415,0.16372332277541216,in_sample_diagnostic_only,True,False,True,False,True,False,True,False
train,20250216,20250216_3_04,3,부경,12,True,,0.0,0.150602958113813,0.13010752462750919,0.1329445285114707,in_sample_diagnostic_only,False,False,False,False,True,False,True,False
train,20250216,20250216_3_05,3,부경,12,True,,1.0,0.1966712077538522,0.36363851959302607,0.21075704142736945,in_sample_diagnostic_only,True,False,True,False,True,False,True,False
train,20250216,20250216_3_06,3,부경,11,True,,0.0,0.1022670642936282,0.059922384154322585,0.09724702451361396,in_sample_diagnostic_only,False,False,False,True,False,True,False,True
train,20250221,20250221_3_01,3,부경,12,True,,0.0,0.0704914827163822,0.06208566089931446,0.09862809423881869,in_sample_diagnostic_only,False,False,False,True,False,True,False,True
train,20250221,20250221_3_02,3,부경,12,True,,0.0,0.0809168387505942,0.05893021032182915,0.0966039083709427,in_sample_diagnostic_only,False,False,False,True,False,True,False,True
train,20250221,20250221_3_03,3,부경,12,True,,0.0,0.1495916241946309,0.07836398684832716,0.10823124102407568,in_sample_diagnostic_only,False,False,False,False,False,False,False,True
train,20250221,20250221_3_04,3,부경,12,True,,0.0,0.1856647293414905,0.13616070577693104,0.1354673488849676,in_sample_diagnostic_only,False,False,False,False,True,False,True,False
train,20250221,20250221_3_05,3,부경,12,True,,0.0,0.2033196187788684,0.14972146813612516,0.14092692328564083,in_sample_diagnostic_only,False,False,True,False,True,False,True,False
train,20250221,20250221_3_06,3,부경,12,True,,1.0,0.1743107327319037,0.31083349339826083,0.19492718175321017,in_sample_diagnostic_only,True,False,True,False,True,False,True,False
train,20250221,20250221_3_07,3,부경,12,True,,1.0,0.17315991241536272,0.2999638473184666,0.19162012962097458,in_sample_diagnostic_only,True,False,True,False,True,False,True,False
train,20250221,20250221_3_08,3,부경,12,True,,1.0,0.2212710084948722,0.3954622147379546,0.22021586134845486,in_sample_diagnostic_only,True,False,True,False,True,False,True,False
train,20250221,20250221_3_09,3,부경,12,True,,0.0,0.1992561666489981,0.15559552081611597,0.14321810850205038,in_sample_diagnostic_only,False,False,True,False,True,False,True,False
train,20250222,20250222_1_01,1,서울,11,True,,0.0,0.1258523429911431,0.10370641691083231,0.12116761929175542,in_sample_diagnostic_only,False,False,False,False,False,False,False,False
train,20250222,20250222_1_02,1,서울,12,True,,0.0,0.1841698467553524,0.04765958658949485,0.08880371853956362,in_sample_diagnostic_only,False,True,False,True,False,True,False,True
train,20250222,20250222_1_03,1,서울,11,True,,0.0,0.0940041111696605,0.057635440766678446,0.09575509157280157,in_sample_diagnostic_only,False,False,False,True,False,True,False,True
train,20250222,20250222_1_04,1,서울,11,True,,0.0,0.17268940945349942,0.07155921207959161,0.104370414558811,in_sample_diagnostic_only,False,False,False,False,False,True,False,True
train,20250222,20250222_1_05,1,서울,11,True,,0.0,0.0923444272462281,0.11732986091921341,0.12741695371402548,in_sample_diagnostic_only,False,False,False,False,False,False,True,False
train,20250222,20250222_1_06,1,서울,10,True,,0.0,0.12879883394665378,0.10729245698879535,0.12285263813570077,in_sample_diagnostic_only,False,False,False,False,False,False,False,False
train,20250222,20250222_1_07,1,서울,11,True,,0.0,0.10122572687796401,0.1871064016158294,0.15489134939126117,in_sample_diagnostic_only,True,False,True,False,True,False,True,False
train,20250222,20250222_1_08,1,서울,10,True,,0.0,0.18297898877229588,0.11241991746396082,0.12521095104053323,in_sample_diagnostic_only,False,False,False,False,False,False,True,False
train,20250222,20250222_1_09,1,서울,10,True,,0.0,0.2645177111249937,0.18423097068411018,0.15386372796525136,in_sample_diagnostic_only,True,False,True,False,True,False,True,False
train,20250222,20250222_1_10,1,서울,11,True,,0.0,0.2013469710066696,0.15902311296161198,0.1445363963030257,in_sample_diagnostic_only,False,False,True,False,True,False,True,False
train,20250222,20250222_1_11,1,서울,11,True,,0.0,0.24349969989083262,0.15804710958396634,0.1441623668449276,in_sample_diagnostic_only,False,False,True,False,True,False,True,False
train,20250223,20250223_1_01,1,서울,11,True,,0.0,0.07192068767839549,0.08530614713617825,0.11198000533127259,in_sample_diagnostic_only,False,False,False,False,False,False,False,True
train,20250223,20250223_1_02,1,서울,11,True,,0.0,0.065699421287889,0.07179234389475946,0.10450605475623082,in_sample_diagnostic_only,False,False,False,False,False,True,False,True
train,20250223,20250223_1_03,1,서울,11,True,,0.0,0.0582528351160816,0.05483838276938979,0.09388258863371574,in_sample_diagnostic_only,False,False,False,True,False,True,False,True
train,20250223,20250223_1_05,1,서울,10,True,,0.0,0.2160782146239351,0.09706397859032045,0.11796190119927877,in_sample_diagnostic_only,False,False,False,False,False,False,False,False
train,20250223,20250223_1_06,1,서울,11,True,,0.0,0.2303088411948991,0.11654191555220218,0.1270662147796582,in_sample_diagnostic_only,False,False,False,False,False,False,True,False
train,20250223,20250223_1_07,1,서울,11,True,,0.0,0.0813272144144911,0.11469484259906261,0.12623916945698355,in_sample_diagnostic_only,False,False,False,False,False,False,True,False
train,20250223,20250223_1_08,1,서울,13,True,,1.0,0.11180470968205651,0.26503903930654693,0.1808048687163818,in_sample_diagnostic_only,True,False,True,False,True,False,True,False
train,20250223,20250223_1_09,1,서울,11,True,,1.0,0.10329145395401079,0.25293912375609184,0.1769712330103746,in_sample_diagnostic_only,True,False,True,False,True,False,True,False
train,20250223,20250223_1_10,1,서울,11,True,,0.0,0.19627017723676451,0.06220543291712831,0.09870373685791581,in_sample_diagnostic_only,False,False,False,True,False,True,False,True
train,20250223,20250223_1_11,1,서울,11,True,,1.0,0.1279702529145664,0.24958909274087604,0.1759002532359444,in_sample_diagnostic_only,True,False,True,False,True,False,True,False
train,20250223,20250223_3_02,3,부경,12,True,,0.0,0.1430181294908783,0.06805062472917188,0.1022977826840285,in_sample_diagnostic_only,False,False,False,False,False,True,False,True
train,20250223,20250223_3_03,3,부경,12,True,,1.0,0.1349221967181594,0.36389532598044655,0.2108334461989629,in_sample_diagnostic_only,True,False,True,False,True,False,True,False
train,20250223,20250223_3_04,3,부경,9,True,,0.0,0.0846395676694749,0.06414534881225,0.09991734310755017,in_sample_diagnostic_only,False,False,False,True,False,True,False,True
train,20250223,20250223_3_05,3,부경,12,True,,0.0,0.26641828022544883,0.23359388158520247,0.17072210236974725,in_sample_diagnostic_only,True,False,True,False,True,False,True,False
train,20250223,20250223_3_06,3,부경,9,True,,0.0,0.142946188090179,0.09617466290777711,0.11752381773276685,in_sample_diagnostic_only,False,False,False,False,False,False,False,False
train,20250228,20250228_3_01,3,부경,9,True,,0.0,0.0918239513410195,0.057161623769392225,0.09544169140802744,in_sample_diagnostic_only,False,False,False,True,False,True,False,True
train,20250228,20250228_3_02,3,부경,11,True,,0.0,0.13066306838989888,0.05032819087750343,0.09074122205825601,in_sample_diagnostic_only,False,True,False,True,False,True,False,True
train,20250228,20250228_3_03,3,부경,11,True,,0.0,0.10695268915342201,0.11323348978664917,0.1255799067624198,in_sample_diagnostic_only,False,False,False,False,False,False,True,False
train,20250228,20250228_3_04,3,부경,12,True,,1.0,0.1571632522377846,0.18646940362862777,0.15466427458339096,in_sample_diagnostic_only,True,False,True,False,True,False,True,False
train,20250228,20250228_3_05,3,부경,12,True,,1.0,0.15695382484902132,0.20812168566648728,0.16221465756084893,in_sample_diagnostic_only,True,False,True,False,True,False,True,False
train,20250228,20250228_3_06,3,부경,12,True,,0.0,0.172009422984562,0.10439702375576648,0.12149450862614433,in_sample_diagnostic_only,False,False,False,False,False,False,False,False
train,20250228,20250228_3_07,3,부경,12,True,,0.0,0.1456046468247715,0.14179017060645668,0.13776436893869212,in_sample_diagnostic_only,False,False,False,False,True,False,True,False
train,20250228,20250228_3_08,3,부경,12,True,,0.0,0.10194890580908689,0.10119480866169478,0.11996885433071028,in_sample_diagnostic_only,False,False,False,False,False,False,False,False
train,20250301,20250301_1_01,1,서울,10,True,,0.0,0.09311106182593559,0.08812885385924595,0.11345551188982923,in_sample_diagnostic_only,False,False,False,False,False,False,False,True
train,20250301,20250301_1_02,1,서울,10,True,,1.0,0.09493500687532119,0.23644734251896612,0.17165418149255682,in_sample_diagnostic_only,True,False,True,False,True,False,True,False
train,20250301,20250301_1_03,1,서울,10,True,,1.0,0.187553938975902,0.29327147573207313,0.1895718709004113,in_sample_diagnostic_only,True,False,True,False,True,False,True,False
train,20250301,20250301_1_04,1,서울,11,True,,0.0,0.13920960772410348,0.07838813579599918,0.10824459753633367,in_sample_diagnostic_only,False,False,False,False,False,False,False,True
train,20250301,20250301_1_05,1,서울,11,True,,0.0,0.1392325688787864,0.16182837652291363,0.14560560483345358,in_sample_diagnostic_only,False,False,True,False,True,False,True,False
train,20250301,20250301_1_06,1,서울,11,True,,0.0,0.17555180599785203,0.15786391266377595,0.1440920422619029,in_sample_diagnostic_only,False,False,True,False,True,False,True,False
train,20250301,20250301_1_07,1,서울,11,True,,0.0,0.1969116661022065,0.1923635258082511,0.15675326195073408,in_sample_diagnostic_only,True,False,True,False,True,False,True,False
train,20250301,20250301_1_08,1,서울,11,True,,0.0,0.1587004012571004,0.054755272650171,0.09382610412122211,in_sample_diagnostic_only,False,False,False,True,False,True,False,True
train,20250301,20250301_1_09,1,서울,11,True,,0.0,0.1082109453058541,0.1824367718625979,0.15321908319456176,in_sample_diagnostic_only,True,False,True,False,True,False,True,False
train,20250301,20250301_1_10,1,서울,9,True,,0.0,0.151900313545004,0.0746051940961196,0.10612324403038104,in_sample_diagnostic_only,False,False,False,False,False,True,False,True
train,20250302,20250302_1_01,1,서울,11,True,,0.0,0.07921760096569629,0.05481787346660042,0.0938686544692309,in_sample_diagnostic_only,False,False,False,True,False,True,False,True
train,20250302,20250302_1_02,1,서울,10,True,,0.0,0.105324095071219,0.07170504925525299,0.10445529464509037,in_sample_diagnostic_only,False,False,False,False,False,True,False,True
train,20250302,20250302_1_03,1,서울,10,True,,1.0,0.1445892851288687,0.2616214274579024,0.17972730409789767,in_sample_diagnostic_only,True,False,True,False,True,False,True,False
train,20250302,20250302_1_04,1,서울,11,True,,0.0,0.2242699221385361,0.09882184595150899,0.11882148538087328,in_sample_diagnostic_only,False,False,False,False,False,False,False,False
train,20250302,20250302_1_05,1,서울,11,True,,0.0,0.13567662674857078,0.07471458319178202,0.10618542954669861,in_sample_diagnostic_only,False,False,False,False,False,True,False,True
train,20250302,20250302_1_06,1,서울,11,True,,0.0,0.16224920350921102,0.12324013840250701,0.13000998190626298,in_sample_diagnostic_only,False,False,False,False,False,False,True,False
train,20250302,20250302_1_07,1,서울,11,True,,0.0,0.152425037866715,0.14282921476913604,0.1381834435670595,in_sample_diagnostic_only,False,False,False,False,True,False,True,False
train,20250302,20250302_1_08,1,서울,10,True,,0.0,0.21136852172587822,0.06583985337572981,0.1009601861980621,in_sample_diagnostic_only,False,False,False,True,False,True,False,True
train,20250302,20250302_1_09,1,서울,10,True,,0.0,0.20255520244293101,0.13515247638089609,0.13505106466279976,in_sample_diagnostic_only,False,False,False,False,True,False,True,False
train,20250302,20250302_1_10,1,서울,11,True,,0.0,0.1895605942790472,0.12637084855404082,0.13135777914612323,in_sample_diagnostic_only,False,False,False,False,True,False,True,False
train,20250302,20250302_1_11,1,서울,10,True,,0.0,0.27254336530809475,0.1504115035251652,0.1411982422734715,in_sample_diagnostic_only,False,False,True,False,True,False,True,False
train,20250302,20250302_3_01,3,부경,10,True,,0.0,0.1472914870176377,0.061337176031177304,0.09815345719415253,in_sample_diagnostic_only,False,False,False,True,False,True,False,True
train,20250302,20250302_3_02,3,부경,12,True,,0.0,0.1534791077002081,0.09717139499003845,0.11801466766300997,in_sample_diagnostic_only,False,False,False,False,False,False,False,False
train,20250302,20250302_3_03,3,부경,11,True,,0.0,0.1104951038592896,0.10584687751580456,0.12217704575349247,in_sample_diagnostic_only,False,False,False,False,False,False,False,False
train,20250302,20250302_3_04,3,부경,12,True,,1.0,0.1795764523472232,0.3764192912638014,0.21455693537476572,in_sample_diagnostic_only,True,False,True,False,True,False,True,False
train,20250302,20250302_3_05,3,부경,12,True,,0.0,0.1198588935321076,0.12832270993323872,0.13218952498828523,in_sample_diagnostic_only,False,False,False,False,True,False,True,False
train,20250302,20250302_3_06,3,부경,12,True,,0.0,0.1379885329174616,0.15972264060322028,0.14480382229253763,in_sample_diagnostic_only,False,False,True,False,True,False,True,False
train,20250307,20250307_3_01,3,부경,12,True,,0.0,0.1585102147891312,0.07162540820752869,0.10440895420970016,in_sample_diagnostic_only,False,False,False,False,False,True,False,True
train,20250307,20250307_3_02,3,부경,12,True,,0.0,0.10457960868862601,0.06748111575935452,0.10195562638406619,in_sample_diagnostic_only,False,False,False,False,False,True,False,True
train,20250307,20250307_3_03,3,부경,12,True,,0.0,0.15073357581592178,0.11234860057987973,0.125178542238637,in_sample_diagnostic_only,False,False,False,False,False,False,True,False
train,20250307,20250307_3_04,3,부경,12,True,,0.0,0.1106655401169931,0.08136386180651867,0.10987307900886514,in_sample_diagnostic_only,False,False,False,False,False,False,False,True
train,20250307,20250307_3_05,3,부경,12,True,,0.0,0.22761714921428902,0.10610921351656623,0.12230001094658728,in_sample_diagnostic_only,False,False,False,False,False,False,False,False
train,20250307,20250307_3_06,3,부경,12,True,,0.0,0.142212592571578,0.16687272733008204,0.1475071939358673,in_sample_diagnostic_only,False,False,True,False,True,False,True,False
train,20250307,20250307_3_07,3,부경,12,True,,0.0,0.1634239787865941,0.2182019990102774,0.16562433450766273,in_sample_diagnostic_only,True,False,True,False,True,False,True,False
train,20250307,20250307_3_08,3,부경,11,True,,0.0,0.1202218434553787,0.12504331924026538,0.13078836181514705,in_sample_diagnostic_only,False,False,False,False,False,False,True,False
train,20250308,20250308_1_01,1,서울,11,True,,0.0,0.054485619056811596,0.03447096134814301,0.07812389959717798,in_sample_diagnostic_only,False,True,False,True,False,True,False,True
train,20250308,20250308_1_02,1,서울,10,True,,0.0,0.1328875420621953,0.06220109447859594,0.09870099836917541,in_sample_diagnostic_only,False,False,False,True,False,True,False,True
train,20250308,20250308_1_03,1,서울,10,True,,0.0,0.1739545723912005,0.10010148778802845,0.11944203589350173,in_sample_diagnostic_only,False,False,False,False,False,False,False,False
train,20250308,20250308_1_04,1,서울,11,True,,0.0,0.12317162345008968,0.06272512027680618,0.09903097457686111,in_sample_diagnostic_only,False,False,False,True,False,True,False,True
train,20250308,20250308_1_05,1,서울,11,True,,0.0,0.1080372403813606,0.04351694485325675,0.08566408034097309,in_sample_diagnostic_only,False,True,False,True,False,True,False,True
train,20250308,20250308_1_06,1,서울,11,True,,1.0,0.2604553331466466,0.3871532365660933,0.21774634398833864,in_sample_diagnostic_only,True,False,True,False,True,False,True,False
train,20250308,20250308_1_07,1,서울,10,True,,0.0,0.12710022517903952,0.09973067577756825,0.1192626565151423,in_sample_diagnostic_only,False,False,False,False,False,False,False,False
train,20250308,20250308_1_08,1,서울,11,True,,0.0,0.1777815047333165,0.14175240861782026,0.13774911051066246,in_sample_diagnostic_only,False,False,False,False,True,False,True,False
train,20250308,20250308_1_09,1,서울,11,True,,0.0,0.1398614738105216,0.1550958138609922,0.1430247937052667,in_sample_diagnostic_only,False,False,True,False,True,False,True,False
train,20250308,20250308_1_10,1,서울,11,True,,1.0,0.1961425139869792,0.27998286114140813,0.18547305012838042,in_sample_diagnostic_only,True,False,True,False,True,False,True,False
train,20250309,20250309_1_01,1,서울,11,True,,0.0,0.0683222680378052,0.06318767897050867,0.09932092159781364,in_sample_diagnostic_only,False,False,False,True,False,True,False,True
train,20250309,20250309_1_02,1,서울,10,True,,0.0,0.11100950373465442,0.05594247587074912,0.09462825721429666,in_sample_diagnostic_only,False,False,False,True,False,True,False,True
train,20250309,20250309_1_03,1,서울,11,True,,0.0,0.1282492920925623,0.08846492991005533,0.11362943568332981,in_sample_diagnostic_only,False,False,False,False,False,False,False,False
train,20250309,20250309_1_04,1,서울,11,True,,0.0,0.14814745017135228,0.08036685044546384,0.1093312408974072,in_sample_diagnostic_only,False,False,False,False,False,False,False,True
train,20250309,20250309_1_05,1,서울,11,True,,0.0,0.1311711762796985,0.09953995866804127,0.11917025757304893,in_sample_diagnostic_only,False,False,False,False,False,False,False,False
train,20250309,20250309_1_06,1,서울,10,True,,0.0,0.1539008777136492,0.09585101115633733,0.11736383877499659,in_sample_diagnostic_only,False,False,False,False,False,False,False,False
train,20250309,20250309_1_07,1,서울,10,True,,0.0,0.1407508126676581,0.07731263685128478,0.10764748710337793,in_sample_diagnostic_only,False,False,False,False,False,True,False,True
train,20250309,20250309_1_08,1,서울,11,True,,0.0,0.10363932883282301,0.1058830766764971,0.12219402307664592,in_sample_diagnostic_only,False,False,False,False,False,False,False,False
train,20250309,20250309_1_09,1,서울,10,True,,0.0,0.1524236644140079,0.1471604191738478,0.1399146961699005,in_sample_diagnostic_only,False,False,True,False,True,False,True,False
train,20250309,20250309_1_10,1,서울,9,True,,0.0,0.13150161169759128,0.04349767679977844,0.08564907079323641,in_sample_diagnostic_only,False,True,False,True,False,True,False,True
train,20250309,20250309_1_11,1,서울,11,True,,0.0,0.0946681412189641,0.06005508417300034,0.09733256813144388,in_sample_diagnostic_only,False,False,False,True,False,True,False,True
train,20250309,20250309_3_01,3,부경,12,True,,0.0,0.12714655109889791,0.05373376373290927,0.09312770362661396,in_sample_diagnostic_only,False,True,False,True,False,True,False,True
train,20250309,20250309_3_02,3,부경,11,True,,0.0,0.1039062961832386,0.0403320325420616,0.08312701717609557,in_sample_diagnostic_only,False,True,False,True,False,True,False,True
train,20250309,20250309_3_03,3,부경,12,True,,0.0,0.1846044102025525,0.14361033770694967,0.13849752069119378,in_sample_diagnostic_only,False,False,False,False,True,False,True,False
train,20250309,20250309_3_04,3,부경,12,True,,0.0,0.17612622114059148,0.08843824285671581,0.1136156381311139,in_sample_diagnostic_only,False,False,False,False,False,False,False,False
train,20250309,20250309_3_05,3,부경,11,True,,1.0,0.1568162408888322,0.25684694868679475,0.17821511792584888,in_sample_diagnostic_only,True,False,True,False,True,False,True,False
train,20250309,20250309_3_06,3,부경,12,True,,0.0,0.13329082399417408,0.04824269913847039,0.08923245471423355,in_sample_diagnostic_only,False,True,False,True,False,True,False,True
train,20250314,20250314_3_01,3,부경,12,True,,0.0,0.046805204237026096,0.0300666249064158,0.07401567485238866,in_sample_diagnostic_only,False,True,False,True,False,True,False,True
train,20250314,20250314_3_02,3,부경,12,True,,0.0,0.1921356790182551,0.11021188899414965,0.12420249329788306,in_sample_diagnostic_only,False,False,False,False,False,False,False,False
train,20250314,20250314_3_03,3,부경,12,True,,0.0,0.17895454625531249,0.1266902703743111,0.13149433599306645,in_sample_diagnostic_only,False,False,False,False,True,False,True,False
train,20250314,20250314_3_04,3,부경,9,True,,0.0,0.0936889121166296,0.07694099844559656,0.10744006758893429,in_sample_diagnostic_only,False,False,False,False,False,True,False,True
train,20250314,20250314_3_05,3,부경,12,True,,1.0,0.1694485641930957,0.2562898481400179,0.1780381368379394,in_sample_diagnostic_only,True,False,True,False,True,False,True,False
train,20250314,20250314_3_06,3,부경,12,True,,0.0,0.1937717590941705,0.16966328511777667,0.14854803576680206,in_sample_diagnostic_only,False,False,True,False,True,False,True,False
train,20250314,20250314_3_07,3,부경,12,True,,0.0,0.1495626758814626,0.24342497981389183,0.1739178429501679,in_sample_diagnostic_only,True,False,True,False,True,False,True,False
train,20250314,20250314_3_08,3,부경,12,True,,0.0,0.1565351646642595,0.11113770574241448,0.12462661540085974,in_sample_diagnostic_only,False,False,False,False,False,False,True,False
train,20250315,20250315_1_01,1,서울,8,True,,0.0,0.1675195008234962,0.05636304946089848,0.09491003106956601,in_sample_diagnostic_only,False,False,False,True,False,True,False,True
train,20250315,20250315_1_02,1,서울,11,True,,0.0,0.17238342462851558,0.06662168393111428,0.10143613193339233,in_sample_diagnostic_only,False,False,False,True,False,True,False,True
train,20250315,20250315_1_03,1,서울,11,True,,0.0,0.064674232097508,0.04522762660483605,0.08698122548278518,in_sample_diagnostic_only,False,True,False,True,False,True,False,True
train,20250315,20250315_1_04,1,서울,11,True,,0.0,0.0729170462594893,0.1137268348893264,0.125802964319056,in_sample_diagnostic_only,False,False,False,False,False,False,True,False
train,20250315,20250315_1_05,1,서울,11,True,,0.0,0.120536309713702,0.10343322325430189,0.12103798587085163,in_sample_diagnostic_only,False,False,False,False,False,False,False,False
train,20250315,20250315_1_06,1,서울,11,True,,0.0,0.1118011131844742,0.19944327731284264,0.15922812312164916,in_sample_diagnostic_only,True,False,True,False,True,False,True,False
train,20250315,20250315_1_07,1,서울,10,True,,0.0,0.143712293660477,0.07173539139440076,0.10447294199224175,in_sample_diagnostic_only,False,False,False,False,False,True,False,True
train,20250315,20250315_1_08,1,서울,11,True,,0.0,0.1330353299296203,0.14750767152527897,0.14005243319534344,in_sample_diagnostic_only,False,False,True,False,True,False,True,False
train,20250315,20250315_1_09,1,서울,9,True,,1.0,0.1361664022168247,0.21920091431905253,0.16595899255399826,in_sample_diagnostic_only,True,False,True,False,True,False,True,False
train,20250315,20250315_1_10,1,서울,10,True,,0.0,0.1373906269128873,0.08032881296040081,0.10931049453369378,in_sample_diagnostic_only,False,False,False,False,False,False,False,True
train,20250316,20250316_1_01,1,서울,10,True,,0.0,0.0580147328992703,0.06195412047862325,0.0985449217173676,in_sample_diagnostic_only,False,False,False,True,False,True,False,True
train,20250316,20250316_1_02,1,서울,10,True,,0.0,0.09883989649836859,0.1500582778205844,0.141059429279865,in_sample_diagnostic_only,False,False,True,False,True,False,True,False
train,20250316,20250316_1_03,1,서울,11,True,,0.0,0.0562463740018225,0.08568466355176177,0.11217942187682797,in_sample_diagnostic_only,False,False,False,False,False,False,False,True
train,20250316,20250316_1_04,1,서울,10,True,,0.0,0.138130743369101,0.06953706163312548,0.10318315843571747,in_sample_diagnostic_only,False,False,False,False,False,True,False,True
train,20250316,20250316_1_05,1,서울,10,True,,0.0,0.1251581897236271,0.12229101734648094,0.12959794172999434,in_sample_diagnostic_only,False,False,False,False,False,False,True,False
train,20250316,20250316_1_06,1,서울,10,True,,0.0,0.1885158775250819,0.06532612012934848,0.10064567280903383,in_sample_diagnostic_only,False,False,False,True,False,True,False,True
train,20250316,20250316_1_07,1,서울,11,True,,0.0,0.10751733753037471,0.07833253999436669,0.10821384464707427,in_sample_diagnostic_only,False,False,False,False,False,False,False,True
train,20250316,20250316_1_08,1,서울,16,True,,0.0,0.0831036805547243,0.06413906955501109,0.09991344930568928,in_sample_diagnostic_only,False,False,False,True,False,True,False,True
train,20250316,20250316_1_09,1,서울,10,True,,0.0,0.1028362591585063,0.060529603784064204,0.097637566214814,in_sample_diagnostic_only,False,False,False,True,False,True,False,True
train,20250316,20250316_1_10,1,서울,11,True,,0.0,0.1101416733826946,0.07275060723596175,0.1050609700082685,in_sample_diagnostic_only,False,False,False,False,False,True,False,True
train,20250316,20250316_1_11,1,서울,11,True,,0.0,0.0941914464433552,0.08630168696440542,0.11250344736160094,in_sample_diagnostic_only,False,False,False,False,False,False,False,True
train,20250316,20250316_3_01,3,부경,10,True,,0.0,0.0702383312589137,0.07332608978872729,0.10539222574301019,in_sample_diagnostic_only,False,False,False,False,False,True,False,True
train,20250316,20250316_3_02,3,부경,12,True,,0.0,0.134216864425512,0.11446397007675498,0.1261353081963995,in_sample_diagnostic_only,False,False,False,False,False,False,True,False
train,20250316,20250316_3_03,3,부경,10,True,,0.0,0.205017797056022,0.09876893898163454,0.11879573553919329,in_sample_diagnostic_only,False,False,False,False,False,False,False,False
train,20250316,20250316_3_04,3,부경,12,True,,0.0,0.10950225049479378,0.11288640132323771,0.12542267207836036,in_sample_diagnostic_only,False,False,False,False,False,False,True,False
train,20250316,20250316_3_05,3,부경,12,True,,0.0,0.14327423005551831,0.09028417425685216,0.11456465405325648,in_sample_diagnostic_only,False,False,False,False,False,False,False,False
train,20250316,20250316_3_06,3,부경,12,True,,0.0,0.150402293245063,0.04995329425240215,0.09047276176218394,in_sample_diagnostic_only,False,True,False,True,False,True,False,True
train,20250321,20250321_3_01,3,부경,12,True,,0.0,0.0541308393031566,0.04893791889488464,0.08973962799700583,in_sample_diagnostic_only,False,True,False,True,False,True,False,True
train,20250321,20250321_3_02,3,부경,12,True,,0.0,0.0897099610337972,0.03995149564815436,0.08281598075702336,in_sample_diagnostic_only,False,True,False,True,False,True,False,True
train,20250321,20250321_3_03,3,부경,12,True,,0.0,0.15476455082492302,0.09358677554206046,0.11623632186007701,in_sample_diagnostic_only,False,False,False,False,False,False,False,False
train,20250321,20250321_3_04,3,부경,12,True,,0.0,0.1739874093514716,0.08518691996733321,0.11191709026095585,in_sample_diagnostic_only,False,False,False,False,False,False,False,True
train,20250321,20250321_3_05,3,부경,12,True,,1.0,0.1835888190450091,0.19098002494283492,0.15626533050245753,in_sample_diagnostic_only,True,False,True,False,True,False,True,False
train,20250321,20250321_3_06,3,부경,12,True,,1.0,0.15329034761976149,0.43908600203931253,0.23324153941778358,in_sample_diagnostic_only,True,False,True,False,True,False,True,False
train,20250321,20250321_3_07,3,부경,12,True,,0.0,0.1588370804973751,0.12094412829924586,0.12901040136802672,in_sample_diagnostic_only,False,False,False,False,False,False,True,False
train,20250321,20250321_3_08,3,부경,12,True,,0.0,0.21768621384243764,0.09657893583474092,0.11772323694136322,in_sample_diagnostic_only,False,False,False,False,False,False,False,False
train,20250322,20250322_1_01,1,서울,10,True,,0.0,0.22846018080104485,0.05832590625614442,0.09620911043056421,in_sample_diagnostic_only,False,False,False,True,False,True,False,True
train,20250322,20250322_1_02,1,서울,11,True,,0.0,0.0791715252754239,0.04200251821633233,0.084472047545926,in_sample_diagnostic_only,False,True,False,True,False,True,False,True
train,20250322,20250322_1_03,1,서울,9,True,,1.0,0.1211002321009541,0.3332487370030784,0.20168449545163686,in_sample_diagnostic_only,True,False,True,False,True,False,True,False
train,20250322,20250322_1_04,1,서울,11,True,,0.0,0.0879270261107755,0.13403940015077126,0.134589703275339,in_sample_diagnostic_only,False,False,False,False,True,False,True,False
train,20250322,20250322_1_05,1,서울,11,True,,0.0,0.171966223064054,0.10602350403732202,0.1222598539937896,in_sample_diagnostic_only,False,False,False,False,False,False,False,False
train,20250322,20250322_1_06,1,서울,11,True,,0.0,0.1497181430733602,0.07170679200035106,0.10445630836146794,in_sample_diagnostic_only,False,False,False,False,False,True,False,True
train,20250322,20250322_1_07,1,서울,10,True,,0.0,0.15895462774704,0.07425703321330808,0.10592497660234597,in_sample_diagnostic_only,False,False,False,False,False,True,False,True
train,20250322,20250322_1_08,1,서울,10,True,,0.0,0.08524611914812572,0.19794322300029957,0.15870674716970867,in_sample_diagnostic_only,True,False,True,False,True,False,True,False
train,20250322,20250322_1_09,1,서울,10,True,,0.0,0.1356124793145641,0.15442279519063398,0.1427639721260395,in_sample_diagnostic_only,False,False,True,False,True,False,True,False
train,20250322,20250322_1_10,1,서울,11,True,,0.0,0.190242649120175,0.12208272990551274,0.1295072998588945,in_sample_diagnostic_only,False,False,False,False,False,False,True,False
train,20250323,20250323_1_01,1,서울,10,True,,0.0,0.0788980088781153,0.047190306880784204,0.08845641599574756,in_sample_diagnostic_only,False,True,False,True,False,True,False,True
train,20250323,20250323_1_02,1,서울,10,True,,0.0,0.1922988086671086,0.06267143915124256,0.09899724543652853,in_sample_diagnostic_only,False,False,False,True,False,True,False,True
train,20250323,20250323_1_03,1,서울,11,True,,0.0,0.1050616365482608,0.17702558094872395,0.15125826421697688,in_sample_diagnostic_only,True,False,True,False,True,False,True,False
train,20250323,20250323_1_04,1,서울,10,True,,0.0,0.0882567397383099,0.10043759956778492,0.11960432009383201,in_sample_diagnostic_only,False,False,False,False,False,False,False,False
train,20250323,20250323_1_05,1,서울,11,True,,0.0,0.071346167238601,0.09768189033173828,0.11826500866472336,in_sample_diagnostic_only,False,False,False,False,False,False,False,False
train,20250323,20250323_1_06,1,서울,11,True,,0.0,0.09494125916158891,0.081178076736661,0.10977239501438663,in_sample_diagnostic_only,False,False,False,False,False,False,False,True
train,20250323,20250323_1_07,1,서울,11,True,,0.0,0.0947107227808565,0.06671309188180664,0.10149156700779596,in_sample_diagnostic_only,False,False,False,False,False,True,False,True
train,20250323,20250323_1_08,1,서울,14,True,,0.0,0.1250554170758572,0.10501063904577812,0.12178398828753006,in_sample_diagnostic_only,False,False,False,False,False,False,False,False
train,20250323,20250323_1_09,1,서울,11,True,,0.0,0.18106606376536538,0.05975561338912412,0.09713936116872555,in_sample_diagnostic_only,False,False,False,True,False,True,False,True
train,20250323,20250323_1_10,1,서울,10,True,,0.0,0.070792696810518,0.0674925093031476,0.10196248774830682,in_sample_diagnostic_only,False,False,False,False,False,True,False,True
train,20250323,20250323_1_11,1,서울,11,True,,0.0,0.1768621780108566,0.08545025238011501,0.11205598316013073,in_sample_diagnostic_only,False,False,False,False,False,False,False,True
train,20250323,20250323_3_01,3,부경,12,True,,0.0,0.0875661920782321,0.036709593808967204,0.0800910494481034,in_sample_diagnostic_only,False,True,False,True,False,True,False,True
train,20250323,20250323_3_02,3,부경,11,True,,0.0,0.07618338174491479,0.07155555384836873,0.10436828412935041,in_sample_diagnostic_only,False,False,False,False,False,True,False,True
train,20250323,20250323_3_03,3,부경,11,True,,0.0,0.15556035523436879,0.09335662175928228,0.11612088326259327,in_sample_diagnostic_only,False,False,False,False,False,False,False,False
train,20250323,20250323_3_04,3,부경,12,True,,0.0,0.11218366184766439,0.10557220489516539,0.12204812417436535,in_sample_diagnostic_only,False,False,False,False,False,False,False,False
train,20250323,20250323_3_05,3,부경,12,True,,0.0,0.12223525403234412,0.09423143560410899,0.11655884215609665,in_sample_diagnostic_only,False,False,False,False,False,False,False,False
train,20250323,20250323_3_06,3,부경,12,True,,0.0,0.0778058675478987,0.07213122576144487,0.10470277530963996,in_sample_diagnostic_only,False,False,False,False,False,True,False,True
train,20250328,20250328_3_01,3,부경,12,True,,0.0,0.1261518123708123,0.07316611546684376,0.10530029110547301,in_sample_diagnostic_only,False,False,False,False,False,True,False,True
train,20250328,20250328_3_02,3,부경,12,True,,0.0,0.11038226618500109,0.11688175960100844,0.1272176401350933,in_sample_diagnostic_only,False,False,False,False,False,False,True,False
train,20250328,20250328_3_03,3,부경,12,True,,0.0,0.16617156954720488,0.06502082533658776,0.10045809214992407,in_sample_diagnostic_only,False,False,False,True,False,True,False,True
train,20250328,20250328_3_04,3,부경,12,True,,0.0,0.10899473489348399,0.1348105970862737,0.13490955918907252,in_sample_diagnostic_only,False,False,False,False,True,False,True,False
train,20250328,20250328_3_05,3,부경,12,True,,1.0,0.1539052004294326,0.3284430991765301,0.20024174861726407,in_sample_diagnostic_only,True,False,True,False,True,False,True,False
train,20250328,20250328_3_06,3,부경,11,True,,0.0,0.08487131890679642,0.08364028962807517,0.11109646831893771,in_sample_diagnostic_only,False,False,False,False,False,False,False,True
train,20250328,20250328_3_07,3,부경,12,True,,0.0,0.1413671386760606,0.08965184247513769,0.11424077875454022,in_sample_diagnostic_only,False,False,False,False,False,False,False,False
train,20250328,20250328_3_08,3,부경,12,True,,1.0,0.1583742893029713,0.4438418614513196,0.23467233538090707,in_sample_diagnostic_only,True,False,True,False,True,False,True,False
train,20250329,20250329_1_01,1,서울,11,True,,0.0,0.060596943292585796,0.06599688149154752,0.10105603836459404,in_sample_diagnostic_only,False,False,False,True,False,True,False,True
train,20250329,20250329_1_03,1,서울,10,True,,0.0,0.1200407532129525,0.11994854429064947,0.12857394721004037,in_sample_diagnostic_only,False,False,False,False,False,False,True,False
train,20250329,20250329_1_04,1,서울,11,True,,0.0,0.16695531236869052,0.0591934183274257,0.09677512732284112,in_sample_diagnostic_only,False,False,False,True,False,True,False,True
train,20250329,20250329_1_05,1,서울,10,True,,0.0,0.1455639716047985,0.11421389273091107,0.12602268410124023,in_sample_diagnostic_only,False,False,False,False,False,False,True,False
train,20250329,20250329_1_06,1,서울,11,True,,1.0,0.1468828756430026,0.25703649051285343,0.17827530611577333,in_sample_diagnostic_only,True,False,True,False,True,False,True,False
train,20250329,20250329_1_07,1,서울,10,True,,0.0,0.12950315148090952,0.08936267058245315,0.11409224811068526,in_sample_diagnostic_only,False,False,False,False,False,False,False,False
train,20250329,20250329_1_08,1,서울,11,True,,0.0,0.19770698510179707,0.1002109142287248,0.11949490222128453,in_sample_diagnostic_only,False,False,False,False,False,False,False,False
train,20250329,20250329_1_09,1,서울,10,True,,0.0,0.1041538916623306,0.07635880848952241,0.10711399418237208,in_sample_diagnostic_only,False,False,False,False,False,True,False,True
train,20250329,20250329_1_10,1,서울,11,True,,0.0,0.1099205437831005,0.07568875061062291,0.1067369634376873,in_sample_diagnostic_only,False,False,False,False,False,True,False,True
train,20250330,20250330_1_01,1,서울,11,True,,0.0,0.07955107580026209,0.04871806010084056,0.08957970127889126,in_sample_diagnostic_only,False,True,False,True,False,True,False,True
train,20250330,20250330_1_02,1,서울,11,True,,0.0,0.09681498006770921,0.09998398187781635,0.11938523151974223,in_sample_diagnostic_only,False,False,False,False,False,False,False,False
train,20250330,20250330_1_03,1,서울,10,True,,0.0,0.1750196866043227,0.07946174842759927,0.10883607744120886,in_sample_diagnostic_only,False,False,False,False,False,False,False,True
train,20250330,20250330_1_04,1,서울,11,True,,0.0,0.09780264815546721,0.1385846558765585,0.13646199674771062,in_sample_diagnostic_only,False,False,False,False,True,False,True,False
train,20250330,20250330_1_05,1,서울,11,True,,0.0,0.0749693872642992,0.06287996253559788,0.09912817217047892,in_sample_diagnostic_only,False,False,False,True,False,True,False,True
train,20250330,20250330_1_06,1,서울,11,True,,0.0,0.1399248939062586,0.12161408755683314,0.1293030677983673,in_sample_diagnostic_only,False,False,False,False,False,False,True,False
train,20250330,20250330_1_07,1,서울,11,True,,1.0,0.2159958085552815,0.35238558206092085,0.2074057544499416,in_sample_diagnostic_only,True,False,True,False,True,False,True,False
train,20250330,20250330_1_08,1,서울,10,True,,1.0,0.2249070497217072,0.2555598519269462,0.17780605669245686,in_sample_diagnostic_only,True,False,True,False,True,False,True,False
train,20250330,20250330_1_09,1,서울,11,True,,0.0,0.12175610187680361,0.12730302717287464,0.13175581093850114,in_sample_diagnostic_only,False,False,False,False,True,False,True,False
train,20250330,20250330_1_10,1,서울,11,True,,0.0,0.1427511970763987,0.07380828149192142,0.1056686459443905,in_sample_diagnostic_only,False,False,False,False,False,True,False,True
train,20250330,20250330_1_11,1,서울,11,True,,0.0,0.1376629510262252,0.06180807456683807,0.09845245741774697,in_sample_diagnostic_only,False,False,False,True,False,True,False,True
train,20250330,20250330_3_01,3,부경,12,True,,0.0,0.0885927466046184,0.03750889772529412,0.08077589101555062,in_sample_diagnostic_only,False,True,False,True,False,True,False,True
train,20250330,20250330_3_02,3,부경,12,True,,0.0,0.1443342687385805,0.14405620271663883,0.13867642606293706,in_sample_diagnostic_only,False,False,False,False,True,False,True,False
train,20250330,20250330_3_03,3,부경,12,True,,0.0,0.17220754471163602,0.0717708635621542,0.104493567631133,in_sample_diagnostic_only,False,False,False,False,False,True,False,True
train,20250330,20250330_3_04,3,부경,12,True,,0.0,0.24321729042142612,0.1476811167178441,0.14012117193715581,in_sample_diagnostic_only,False,False,True,False,True,False,True,False
train,20250330,20250330_3_05,3,부경,10,True,,0.0,0.121942967324607,0.05868383579471106,0.09644323561289742,in_sample_diagnostic_only,False,False,False,True,False,True,False,True
train,20250330,20250330_3_06,3,부경,12,True,,0.0,0.12152892962145428,0.18827299859608612,0.1553063774755863,in_sample_diagnostic_only,True,False,True,False,True,False,True,False
train,20250404,20250404_3_01,3,부경,12,True,,1.0,0.0773315352613294,0.09690238981211988,0.11788246380224053,in_sample_diagnostic_only,False,False,False,False,False,False,False,False
train,20250404,20250404_3_02,3,부경,12,True,,1.0,0.1124262266245398,0.16674933034891853,0.14746098908812125,in_sample_diagnostic_only,False,False,True,False,True,False,True,False
train,20250404,20250404_3_03,3,부경,12,True,,0.0,0.1491903959584071,0.18499333375512197,0.15413683511860476,in_sample_diagnostic_only,True,False,True,False,True,False,True,False
train,20250404,20250404_3_04,3,부경,12,True,,0.0,0.109038730235591,0.1559393723185588,0.14335096162835934,in_sample_diagnostic_only,False,False,True,False,True,False,True,False
train,20250404,20250404_3_05,3,부경,11,True,,0.0,0.1332489037980357,0.12970410223187281,0.13277433190614724,in_sample_diagnostic_only,False,False,False,False,True,False,True,False
train,20250404,20250404_3_06,3,부경,11,True,,0.0,0.10962268717218458,0.0468501482660325,0.08820339086158283,in_sample_diagnostic_only,False,True,False,True,False,True,False,True
train,20250404,20250404_3_07,3,부경,12,True,,0.0,0.2434127456805496,0.11084396191038573,0.1244922515374502,in_sample_diagnostic_only,False,False,False,False,False,False,False,False
train,20250404,20250404_3_08,3,부경,12,True,,1.0,0.1736524085528614,0.255293617802368,0.17772136646436465,in_sample_diagnostic_only,True,False,True,False,True,False,True,False
train,20250405,20250405_1_01,1,서울,11,True,,0.0,0.065248494266946,0.027063439750414666,0.07100082456540978,in_sample_diagnostic_only,False,True,False,True,False,True,False,True
train,20250405,20250405_1_02,1,서울,11,True,,0.0,0.1212717283133493,0.07204885692175607,0.1046550088102339,in_sample_diagnostic_only,False,False,False,False,False,True,False,True
train,20250405,20250405_1_03,1,서울,11,True,,0.0,0.0974239851470235,0.09185131684134012,0.11536199634953895,in_sample_diagnostic_only,False,False,False,False,False,False,False,False
train,20250405,20250405_1_04,1,서울,10,True,,0.0,0.1851779983334856,0.12581925808451247,0.1311215553121501,in_sample_diagnostic_only,False,False,False,False,True,False,True,False
train,20250405,20250405_1_05,1,서울,10,True,,0.0,0.1045005128479487,0.10034142294675108,0.11955791322759333,in_sample_diagnostic_only,False,False,False,False,False,False,False,False
train,20250405,20250405_1_06,1,서울,11,True,,0.0,0.12424189936115901,0.1062327385072812,0.12235785506050446,in_sample_diagnostic_only,False,False,False,False,False,False,False,False
train,20250405,20250405_1_07,1,서울,10,True,,0.0,0.14533584209915001,0.15767284420472724,0.14401865575715952,in_sample_diagnostic_only,False,False,True,False,True,False,True,False
train,20250405,20250405_1_08,1,서울,9,True,,1.0,0.1932890277734216,0.23013916764370468,0.16958842838898947,in_sample_diagnostic_only,True,False,True,False,True,False,True,False
train,20250405,20250405_1_09,1,서울,9,True,,0.0,0.09250099172839499,0.09324603429936085,0.11606536041660623,in_sample_diagnostic_only,False,False,False,False,False,False,False,False
train,20250405,20250405_1_10,1,서울,10,True,,0.0,0.20881132196891228,0.07320587066537142,0.10532314843180088,in_sample_diagnostic_only,False,False,False,False,False,True,False,True
train,20250406,20250406_1_01,1,서울,11,True,,0.0,0.10373992724338899,0.05282260164366701,0.09249813763639765,in_sample_diagnostic_only,False,True,False,True,False,True,False,True
train,20250406,20250406_1_02,1,서울,11,True,,0.0,0.0746429210710176,0.12908629961831575,0.13251317649545943,in_sample_diagnostic_only,False,False,False,False,True,False,True,False
train,20250406,20250406_1_03,1,서울,11,True,,0.0,0.1216885434581122,0.08360248226140082,0.11107630285947137,in_sample_diagnostic_only,False,False,False,False,False,False,False,True
train,20250406,20250406_1_04,1,서울,11,True,,0.0,0.1349232112481106,0.10670938099520551,0.12258072229061111,in_sample_diagnostic_only,False,False,False,False,False,False,False,False
train,20250406,20250406_1_05,1,서울,9,True,,0.0,0.1164331133978401,0.10222618446562935,0.12046302776578645,in_sample_diagnostic_only,False,False,False,False,False,False,False,False
train,20250406,20250406_1_06,1,서울,11,True,,0.0,0.10308104144304281,0.06051366565849316,0.09762734456283698,in_sample_diagnostic_only,False,False,False,True,False,True,False,True
train,20250406,20250406_1_07,1,서울,9,True,,0.0,0.1804946380624367,0.137673035668062,0.13608893143534545,in_sample_diagnostic_only,False,False,False,False,True,False,True,False
train,20250406,20250406_1_08,1,서울,11,True,,1.0,0.1311660662552142,0.2705010010276059,0.182519017035241,in_sample_diagnostic_only,True,False,True,False,True,False,True,False
train,20250406,20250406_1_09,1,서울,9,True,,0.0,0.133261645905665,0.07111763617375075,0.1041128055392543,in_sample_diagnostic_only,False,False,False,False,False,True,False,True
train,20250406,20250406_1_10,1,서울,9,True,,0.0,0.1492360220616588,0.05961525802427105,0.0970486154529931,in_sample_diagnostic_only,False,False,False,True,False,True,False,True
train,20250406,20250406_1_11,1,서울,10,True,,0.0,0.2138535201853041,0.09629787863838891,0.11758464557343155,in_sample_diagnostic_only,False,False,False,False,False,False,False,False
train,20250406,20250406_3_01,3,부경,9,True,,0.0,0.18170133753942677,0.08278135405794143,0.11063707346952477,in_sample_diagnostic_only,False,False,False,False,False,False,False,True
train,20250406,20250406_3_02,3,부경,12,True,,0.0,0.08051317920013609,0.05896613217152162,0.09662730203691773,in_sample_diagnostic_only,False,False,False,True,False,True,False,True
train,20250406,20250406_3_03,3,부경,12,True,,0.0,0.1950052498047034,0.17324809798341675,0.1498740127634505,in_sample_diagnostic_only,True,False,True,False,True,False,True,False
train,20250406,20250406_3_04,3,부경,12,True,,0.0,0.10237326875397071,0.09693940077217611,0.11790066481057872,in_sample_diagnostic_only,False,False,False,False,False,False,False,False
train,20250406,20250406_3_05,3,부경,12,True,,0.0,0.11682972846705761,0.18036362689741942,0.15247084292610777,in_sample_diagnostic_only,True,False,True,False,True,False,True,False
train,20250406,20250406_3_06,3,부경,16,True,,0.0,0.1496231270350676,0.11537035106067736,0.12654243270609927,in_sample_diagnostic_only,False,False,False,False,False,False,True,False
train,20250411,20250411_3_01,3,부경,12,True,,0.0,0.0721391156248985,0.06886957306425626,0.1027869331427777,in_sample_diagnostic_only,False,False,False,False,False,True,False,True
train,20250411,20250411_3_02,3,부경,12,True,,0.0,0.1505571531872176,0.06550980112745278,0.10075828755765848,in_sample_diagnostic_only,False,False,False,True,False,True,False,True
train,20250411,20250411_3_03,3,부경,11,True,,0.0,0.11692333284732939,0.06993071905555787,0.10341581614198067,in_sample_diagnostic_only,False,False,False,False,False,True,False,True
train,20250411,20250411_3_04,3,부경,12,True,,0.0,0.0938254536088171,0.11457570706992136,0.12618558827680246,in_sample_diagnostic_only,False,False,False,False,False,False,True,False
train,20250411,20250411_3_05,3,부경,12,True,,0.0,0.172809897673657,0.08092859621176138,0.10963698879921586,in_sample_diagnostic_only,False,False,False,False,False,False,False,True
train,20250411,20250411_3_06,3,부경,12,True,,0.0,0.09160906317771499,0.14618829517954982,0.13952827610549262,in_sample_diagnostic_only,False,False,True,False,True,False,True,False
train,20250411,20250411_3_07,3,부경,12,True,,1.0,0.24480158691220233,0.3125356725328027,0.19544306254312227,in_sample_diagnostic_only,True,False,True,False,True,False,True,False
train,20250411,20250411_3_08,3,부경,12,True,,0.0,0.1377793430092355,0.07558305163885932,0.10667731614948617,in_sample_diagnostic_only,False,False,False,False,False,True,False,True
train,20250412,20250412_1_01,1,서울,11,True,,0.0,0.0986652709361072,0.05381390753057082,0.09318277778300357,in_sample_diagnostic_only,False,True,False,True,False,True,False,True
train,20250412,20250412_1_02,1,서울,11,True,,0.0,0.10864964015694871,0.05031397203468478,0.09073106164601179,in_sample_diagnostic_only,False,True,False,True,False,True,False,True
train,20250412,20250412_1_03,1,서울,9,True,,0.0,0.09982225366815149,0.08372940245472192,0.11114397867571103,in_sample_diagnostic_only,False,False,False,False,False,False,False,True
train,20250412,20250412_1_04,1,서울,9,True,,0.0,0.0756581661847253,0.07602299594710836,0.1069252728128142,in_sample_diagnostic_only,False,False,False,False,False,True,False,True
train,20250412,20250412_1_05,1,서울,11,True,,0.0,0.1002927085933692,0.15220736483816505,0.14190162110946872,in_sample_diagnostic_only,False,False,True,False,True,False,True,False
train,20250412,20250412_1_06,1,서울,8,True,,1.0,0.1718570016588596,0.3287699005373833,0.20033995220820827,in_sample_diagnostic_only,True,False,True,False,True,False,True,False
train,20250412,20250412_1_07,1,서울,11,True,,0.0,0.12489117065774472,0.11067556414260842,0.1244151388598351,in_sample_diagnostic_only,False,False,False,False,False,False,False,False
train,20250412,20250412_1_08,1,서울,9,True,,0.0,0.1418665843679576,0.10740941150811084,0.1229070851228061,in_sample_diagnostic_only,False,False,False,False,False,False,False,False
train,20250412,20250412_1_09,1,서울,10,True,,0.0,0.12967146587642092,0.17499948975848997,0.15051743014532074,in_sample_diagnostic_only,True,False,True,False,True,False,True,False
train,20250412,20250412_1_10,1,서울,11,True,,0.0,0.0872845529771549,0.07039917189474039,0.10369170538211846,in_sample_diagnostic_only,False,False,False,False,False,True,False,True
train,20250413,20250413_1_01,1,서울,11,True,,0.0,0.0990314232539725,0.054974759483628635,0.09397516632702865,in_sample_diagnostic_only,False,False,False,True,False,True,False,True
train,20250413,20250413_1_03,1,서울,9,True,,0.0,0.13357244867233709,0.10503538907263088,0.12179564543727742,in_sample_diagnostic_only,False,False,False,False,False,False,False,False
train,20250413,20250413_1_04,1,서울,10,True,,0.0,0.1279398815368443,0.17050721891811224,0.14886130468516637,in_sample_diagnostic_only,False,False,True,False,True,False,True,False
train,20250413,20250413_1_05,1,서울,10,True,,0.0,0.2386627041307813,0.1581386749034881,0.14419750228445857,in_sample_diagnostic_only,False,False,True,False,True,False,True,False
train,20250413,20250413_1_06,1,서울,9,True,,0.0,0.057839334155846404,0.08370622000499302,0.11113162170401461,in_sample_diagnostic_only,False,False,False,False,False,False,False,True
train,20250413,20250413_1_07,1,서울,10,True,,0.0,0.12000218963926351,0.199750538683096,0.15933472499197712,in_sample_diagnostic_only,True,False,True,False,True,False,True,False
train,20250413,20250413_1_08,1,서울,15,True,,0.0,0.0843277189667027,0.058412842322249074,0.0962660529939512,in_sample_diagnostic_only,False,False,False,True,False,True,False,True
train,20250413,20250413_1_09,1,서울,13,True,,0.0,0.0619250925291013,0.08599707010832001,0.11234364118345025,in_sample_diagnostic_only,False,False,False,False,False,False,False,True
train,20250413,20250413_1_10,1,서울,10,True,,0.0,0.1120343389843718,0.10405100879940064,0.12133087198376573,in_sample_diagnostic_only,False,False,False,False,False,False,False,False
train,20250413,20250413_1_11,1,서울,11,True,,0.0,0.1856329852294878,0.11836563057527642,0.12787615764602503,in_sample_diagnostic_only,False,False,False,False,False,False,True,False
train,20250413,20250413_3_01,3,부경,11,True,,0.0,0.0714818903824158,0.04448077747023277,0.08640989912450635,in_sample_diagnostic_only,False,True,False,True,False,True,False,True
train,20250413,20250413_3_02,3,부경,12,True,,0.0,0.058269905331748695,0.06988545177633813,0.10338910065260862,in_sample_diagnostic_only,False,False,False,False,False,True,False,True
train,20250413,20250413_3_03,3,부경,12,True,,0.0,0.06111226471900831,0.10256233729601355,0.1206235136638137,in_sample_diagnostic_only,False,False,False,False,False,False,False,False
train,20250413,20250413_3_04,3,부경,10,True,,0.0,0.097705684854049,0.08535372258079034,0.11200509681423064,in_sample_diagnostic_only,False,False,False,False,False,False,False,True
train,20250413,20250413_3_05,3,부경,8,True,,0.0,0.0873787913506051,0.13260478325934197,0.13399225336860504,in_sample_diagnostic_only,False,False,False,False,True,False,True,False
train,20250413,20250413_3_06,3,부경,11,True,,0.0,0.1149464914963402,0.0739130981743025,0.10572859710726541,in_sample_diagnostic_only,False,False,False,False,False,True,False,True
train,20250418,20250418_3_01,3,부경,11,True,,0.0,0.0837266610610915,0.06856790687430757,0.1026071405684573,in_sample_diagnostic_only,False,False,False,False,False,True,False,True
train,20250418,20250418_3_02,3,부경,12,True,,0.0,0.0947049213062651,0.09541161226326315,0.11714617599586834,in_sample_diagnostic_only,False,False,False,False,False,False,False,False
train,20250418,20250418_3_03,3,부경,12,True,,0.0,0.2030468606229886,0.06712593545983316,0.1017413968242701,in_sample_diagnostic_only,False,False,False,False,False,True,False,True
train,20250418,20250418_3_04,3,부경,12,True,,0.0,0.0764282083944374,0.10840275649905803,0.12336826659671184,in_sample_diagnostic_only,False,False,False,False,False,False,False,False
train,20250418,20250418_3_05,3,부경,12,True,,0.0,0.1562742747912454,0.07299915051441266,0.10520421710408322,in_sample_diagnostic_only,False,False,False,False,False,True,False,True
train,20250418,20250418_3_06,3,부경,12,True,,0.0,0.1419987494732354,0.05141951068040288,0.09151605453199717,in_sample_diagnostic_only,False,True,False,True,False,True,False,True
train,20250418,20250418_3_07,3,부경,12,True,,0.0,0.167768320207492,0.15297580239545924,0.1422013968871725,in_sample_diagnostic_only,False,False,True,False,True,False,True,False
train,20250418,20250418_3_08,3,부경,12,True,,0.0,0.0905522614794465,0.118036654860815,0.12773053360543588,in_sample_diagnostic_only,False,False,False,False,False,False,True,False
train,20250419,20250419_1_01,1,서울,11,True,,0.0,0.0392402465858125,0.054392231948816115,0.09357877773820765,in_sample_diagnostic_only,False,True,False,True,False,True,False,True
train,20250419,20250419_1_02,1,서울,11,True,,0.0,0.0816502971830047,0.11535696107484916,0.1265364303865693,in_sample_diagnostic_only,False,False,False,False,False,False,True,False
train,20250419,20250419_1_03,1,서울,11,True,,0.0,0.10231808947832,0.07191726051530187,0.10457863016205776,in_sample_diagnostic_only,False,False,False,False,False,True,False,True
train,20250419,20250419_1_04,1,서울,11,True,,0.0,0.1554673127329031,0.21237362052026043,0.16366028539375901,in_sample_diagnostic_only,True,False,True,False,True,False,True,False
train,20250419,20250419_1_05,1,서울,11,True,,0.0,0.10964628709561929,0.04825924024343179,0.089244571756277,in_sample_diagnostic_only,False,True,False,True,False,True,False,True
train,20250419,20250419_1_06,1,서울,11,True,,0.0,0.14482747271487223,0.0999705978926583,0.11937875919034319,in_sample_diagnostic_only,False,False,False,False,False,False,False,False
train,20250419,20250419_1_07,1,서울,11,True,,0.0,0.0962298822053037,0.11185009982730683,0.12495170496128381,in_sample_diagnostic_only,False,False,False,False,False,False,True,False
train,20250419,20250419_1_08,1,서울,11,True,,1.0,0.07626891125101601,0.19888814696674612,0.15903535896078033,in_sample_diagnostic_only,True,False,True,False,True,False,True,False
train,20250419,20250419_1_09,1,서울,11,True,,0.0,0.09281357210005318,0.07996344133851732,0.10911093253536698,in_sample_diagnostic_only,False,False,False,False,False,False,False,True
train,20250419,20250419_1_10,1,서울,11,True,,0.0,0.1810550853365185,0.14174969369715879,0.13774801342086934,in_sample_diagnostic_only,False,False,False,False,True,False,True,False
train,20250420,20250420_1_01,1,서울,9,True,,0.0,0.06412082051619239,0.08233420749096282,0.11039686726123894,in_sample_diagnostic_only,False,False,False,False,False,False,False,True
train,20250420,20250420_1_02,1,서울,8,True,,0.0,0.1171846150062386,0.08063653839442263,0.1094781761176276,in_sample_diagnostic_only,False,False,False,False,False,False,False,True
train,20250420,20250420_1_03,1,서울,7,True,,0.0,0.10211018659209971,0.0512500006110686,0.09139634356273685,in_sample_diagnostic_only,False,True,False,True,False,True,False,True
train,20250420,20250420_1_04,1,서울,9,True,,0.0,0.0633759260602027,0.058493375332644516,0.09631875752907172,in_sample_diagnostic_only,False,False,False,True,False,True,False,True
train,20250420,20250420_1_05,1,서울,11,True,,0.0,0.091894531652776,0.12775741734255727,0.13194929776052983,in_sample_diagnostic_only,False,False,False,False,True,False,True,False
train,20250420,20250420_1_06,1,서울,10,True,,1.0,0.1290574456573947,0.4588482318411063,0.23920748886728257,in_sample_diagnostic_only,True,False,True,False,True,False,True,False
train,20250420,20250420_1_07,1,서울,14,True,,0.0,0.0600854070369128,0.06967632329859212,0.1032655501810574,in_sample_diagnostic_only,False,False,False,False,False,True,False,True
train,20250420,20250420_1_08,1,서울,10,True,,0.0,0.1140102295162709,0.10741565027735127,0.12290998863543254,in_sample_diagnostic_only,False,False,False,False,False,False,False,False
train,20250420,20250420_1_09,1,서울,11,True,,0.0,0.0842502004662446,0.0910748275898981,0.11496787019058517,in_sample_diagnostic_only,False,False,False,False,False,False,False,False
train,20250420,20250420_1_10,1,서울,11,True,,0.0,0.1566899782531799,0.08588718794677816,0.11228591844360765,in_sample_diagnostic_only,False,False,False,False,False,False,False,True
train,20250420,20250420_1_11,1,서울,11,True,,0.0,0.1316873243165373,0.11257002236334047,0.12527912861346846,in_sample_diagnostic_only,False,False,False,False,False,False,True,False
train,20250420,20250420_3_01,3,부경,12,True,,0.0,0.0745791960138326,0.0398619055267901,0.0827424955514404,in_sample_diagnostic_only,False,True,False,True,False,True,False,True
train,20250420,20250420_3_02,3,부경,12,True,,1.0,0.1977973620304949,0.27317916041041124,0.18335608348155982,in_sample_diagnostic_only,True,False,True,False,True,False,True,False
train,20250420,20250420_3_03,3,부경,12,True,,0.0,0.0954663053006515,0.06811942844427084,0.10233900796859656,in_sample_diagnostic_only,False,False,False,False,False,True,False,True
train,20250420,20250420_3_04,3,부경,12,True,,0.0,0.1707566925959409,0.08788419309286148,0.11332866614374747,in_sample_diagnostic_only,False,False,False,False,False,False,False,True
train,20250420,20250420_3_05,3,부경,12,True,,0.0,0.1445833317956637,0.18287469819430469,0.15337667486508835,in_sample_diagnostic_only,True,False,True,False,True,False,True,False
train,20250420,20250420_3_06,3,부경,11,True,,0.0,0.0999707875560116,0.06167873022334217,0.09837046134786409,in_sample_diagnostic_only,False,False,False,True,False,True,False,True
train,20250425,20250425_3_01,3,부경,12,True,,0.0,0.0436215010699572,0.05451552118720694,0.0936628784733801,in_sample_diagnostic_only,False,True,False,True,False,True,False,True
train,20250425,20250425_3_02,3,부경,12,True,,0.0,0.1331900154992525,0.05372637219575069,0.09312262179430285,in_sample_diagnostic_only,False,True,False,True,False,True,False,True
train,20250425,20250425_3_03,3,부경,12,True,,0.0,0.0835611732270872,0.06356571585313928,0.09955697698636383,in_sample_diagnostic_only,False,False,False,True,False,True,False,True
train,20250425,20250425_3_04,3,부경,12,True,,0.0,0.18153073825188867,0.17697821992922472,0.15124098905328362,in_sample_diagnostic_only,True,False,True,False,True,False,True,False
train,20250425,20250425_3_05,3,부경,12,True,,0.0,0.0955270189844585,0.14773001119897367,0.14014054253738062,in_sample_diagnostic_only,False,False,True,False,True,False,True,False
train,20250425,20250425_3_06,3,부경,12,True,,0.0,0.0667912530765592,0.09592588732725908,0.11740087565215102,in_sample_diagnostic_only,False,False,False,False,False,False,False,False
train,20250425,20250425_3_07,3,부경,12,True,,1.0,0.19448252353017878,0.3104999848699527,0.1948260450624556,in_sample_diagnostic_only,True,False,True,False,True,False,True,False
train,20250425,20250425_3_08,3,부경,10,True,,0.0,0.13478640973796552,0.12099932017915913,0.1290345428754468,in_sample_diagnostic_only,False,False,False,False,False,False,True,False
train,20250426,20250426_1_01,1,서울,11,True,,0.0,0.0415637894752373,0.03703173857807921,0.08036812956097426,in_sample_diagnostic_only,False,True,False,True,False,True,False,True
train,20250426,20250426_1_02,1,서울,11,True,,0.0,0.10205326531653039,0.0514224262250977,0.09151811150439987,in_sample_diagnostic_only,False,True,False,True,False,True,False,True
train,20250426,20250426_1_03,1,서울,9,True,,1.0,0.10918495212044721,0.23667000248969308,0.17172675365582382,in_sample_diagnostic_only,True,False,True,False,True,False,True,False
train,20250426,20250426_1_04,1,서울,10,True,,1.0,0.2543801493707048,0.27648302905214733,0.1843857492798723,in_sample_diagnostic_only,True,False,True,False,True,False,True,False
train,20250426,20250426_1_05,1,서울,9,True,,0.0,0.1498835570114398,0.1222512855071332,0.12958065745123204,in_sample_diagnostic_only,False,False,False,False,False,False,True,False
train,20250426,20250426_1_06,1,서울,11,True,,0.0,0.1216378180407047,0.1109862267023588,0.12455734942400723,in_sample_diagnostic_only,False,False,False,False,False,False,True,False
train,20250426,20250426_1_07,1,서울,11,True,,0.0,0.10488193903634721,0.08460007581732677,0.11160670234397059,in_sample_diagnostic_only,False,False,False,False,False,False,False,True
train,20250426,20250426_1_08,1,서울,11,True,,0.0,0.1344840052809811,0.08247286890639856,0.11047143366778392,in_sample_diagnostic_only,False,False,False,False,False,False,False,True
train,20250426,20250426_1_09,1,서울,11,True,,0.0,0.0972356711352269,0.10340150945788071,0.12102292546986768,in_sample_diagnostic_only,False,False,False,False,False,False,False,False
train,20250426,20250426_1_10,1,서울,11,True,,0.0,0.0660549785216692,0.07425048879613845,0.10592124470440814,in_sample_diagnostic_only,False,False,False,False,False,True,False,True
train,20250427,20250427_1_01,1,서울,10,True,,0.0,0.0460203371558629,0.061150307418288107,0.09803443466495766,in_sample_diagnostic_only,False,False,False,True,False,True,False,True
train,20250427,20250427_1_02,1,서울,11,True,,0.0,0.0819296045250945,0.11006247718833438,0.12413387142278734,in_sample_diagnostic_only,False,False,False,False,False,False,False,False
train,20250427,20250427_1_03,1,서울,10,True,,0.0,0.128765968485321,0.08987683556526337,0.1143561620885613,in_sample_diagnostic_only,False,False,False,False,False,False,False,False
train,20250427,20250427_1_04,1,서울,11,True,,0.0,0.13494888842552089,0.077850277036867,0.1079465628274499,in_sample_diagnostic_only,False,False,False,False,False,False,False,True
train,20250427,20250427_1_05,1,서울,11,True,,0.0,0.1976767081418413,0.13708257870348214,0.1358466494668113,in_sample_diagnostic_only,False,False,False,False,True,False,True,False
train,20250427,20250427_1_06,1,서울,11,True,,0.0,0.1653918774586564,0.1668747512333723,0.14750795163951946,in_sample_diagnostic_only,False,False,True,False,True,False,True,False
train,20250427,20250427_1_07,1,서울,10,True,,1.0,0.2007457882222642,0.2856071035782906,0.18721331633985086,in_sample_diagnostic_only,True,False,True,False,True,False,True,False
train,20250427,20250427_1_08,1,서울,16,True,,0.0,0.10683005705499601,0.11770420146385817,0.12758315691174374,in_sample_diagnostic_only,False,False,False,False,False,False,True,False
train,20250427,20250427_1_09,1,서울,11,True,,1.0,0.07815505591002479,0.2187542203485336,0.1658094096284167,in_sample_diagnostic_only,True,False,True,False,True,False,True,False
train,20250427,20250427_1_10,1,서울,11,True,,0.0,0.0898482890381091,0.1423189355367632,0.13797781944855828,in_sample_diagnostic_only,False,False,False,False,True,False,True,False
train,20250427,20250427_1_11,1,서울,10,True,,0.0,0.1347557046766668,0.0952165265284771,0.11704936256388808,in_sample_diagnostic_only,False,False,False,False,False,False,False,False
train,20250427,20250427_3_01,3,부경,12,True,,0.0,0.14524198636211627,0.08667361138748732,0.11269814056250683,in_sample_diagnostic_only,False,False,False,False,False,False,False,True
train,20250427,20250427_3_02,3,부경,11,True,,0.0,0.0847850964198106,0.09327744740639278,0.11608113571028575,in_sample_diagnostic_only,False,False,False,False,False,False,False,False
train,20250427,20250427_3_03,3,부경,11,True,,0.0,0.1404202304968,0.07945202935119727,0.10883074318291322,in_sample_diagnostic_only,False,False,False,False,False,False,False,True
train,20250427,20250427_3_04,3,부경,11,True,,0.0,0.07764094793319279,0.08735917594531291,0.11305580753372535,in_sample_diagnostic_only,False,False,False,False,False,False,False,True
train,20250427,20250427_3_05,3,부경,10,True,,0.0,0.1845683025622435,0.05966439046530878,0.09708039579373635,in_sample_diagnostic_only,False,False,False,True,False,True,False,True
train,20250427,20250427_3_06,3,부경,11,True,,0.0,0.071479450233115,0.08377306046462389,0.11116724458678945,in_sample_diagnostic_only,False,False,False,False,False,False,False,True
train,20250502,20250502_3_01,3,부경,11,True,,0.0,0.0719311661216445,0.049659220367821034,0.0902613440818173,in_sample_diagnostic_only,False,True,False,True,False,True,False,True
train,20250502,20250502_3_02,3,부경,11,True,,0.0,0.061175513339262605,0.10927043371790489,0.12376927899363963,in_sample_diagnostic_only,False,False,False,False,False,False,False,False
train,20250502,20250502_3_03,3,부경,10,True,,1.0,0.12115984307479061,0.22279875011231232,0.16715977760889397,in_sample_diagnostic_only,True,False,True,False,True,False,True,False
train,20250502,20250502_3_04,3,부경,9,True,,0.0,0.105907558692359,0.12062357598752445,0.12887007651698787,in_sample_diagnostic_only,False,False,False,False,False,False,True,False
train,20250502,20250502_3_05,3,부경,9,True,,0.0,0.09254478160742219,0.12023818733391825,0.12870111519613797,in_sample_diagnostic_only,False,False,False,False,False,False,True,False
train,20250502,20250502_3_06,3,부경,10,True,,0.0,0.0806677697322296,0.17557830314503545,0.15072945121431286,in_sample_diagnostic_only,True,False,True,False,True,False,True,False
train,20250502,20250502_3_07,3,부경,11,True,,0.0,0.2146826972132965,0.14118004089974026,0.13751759257508603,in_sample_diagnostic_only,False,False,False,False,True,False,True,False
train,20250502,20250502_3_08,3,부경,11,True,,0.0,0.1126340792125062,0.06254231275987894,0.09891604364933129,in_sample_diagnostic_only,False,False,False,True,False,True,False,True
train,20250503,20250503_1_01,1,서울,11,True,,0.0,0.12101540815004169,0.05117705544885635,0.0913447565924538,in_sample_diagnostic_only,False,True,False,True,False,True,False,True
train,20250503,20250503_1_02,1,서울,11,True,,1.0,0.092455615091932,0.21063337924052727,0.16306995843763755,in_sample_diagnostic_only,True,False,True,False,True,False,True,False
train,20250503,20250503_1_03,1,서울,10,True,,1.0,0.12466411989535431,0.17571314806339444,0.15077880146602185,in_sample_diagnostic_only,True,False,True,False,True,False,True,False
train,20250503,20250503_1_04,1,서울,9,True,,0.0,0.1277354442227191,0.11006890903610388,0.124136826452844,in_sample_diagnostic_only,False,False,False,False,False,False,False,False
train,20250503,20250503_1_05,1,서울,9,True,,0.0,0.1160280473898312,0.1241022018611004,0.13038282726582326,in_sample_diagnostic_only,False,False,False,False,False,False,True,False
train,20250503,20250503_1_06,1,서울,11,True,,0.0,0.16788246260899858,0.1258651426293609,0.1311412257788626,in_sample_diagnostic_only,False,False,False,False,True,False,True,False
train,20250503,20250503_1_07,1,서울,10,True,,0.0,0.11376143706571609,0.06857105974715726,0.10260902201739934,in_sample_diagnostic_only,False,False,False,False,False,True,False,True
train,20250503,20250503_1_08,1,서울,11,True,,0.0,0.1170367903982748,0.11505051298194849,0.12639895990968605,in_sample_diagnostic_only,False,False,False,False,False,False,True,False
train,20250503,20250503_1_09,1,서울,10,True,,0.0,0.2704322889347689,0.09311315808104838,0.1159985993811637,in_sample_diagnostic_only,False,False,False,False,False,False,False,False
train,20250503,20250503_1_10,1,서울,11,True,,0.0,0.11697211987660369,0.07836703288970724,0.10823292588313627,in_sample_diagnostic_only,False,False,False,False,False,False,False,True
train,20250504,20250504_1_01,1,서울,11,True,,0.0,0.05748619338376279,0.06328188970727182,0.09937982530690198,in_sample_diagnostic_only,False,False,False,True,False,True,False,True
train,20250504,20250504_1_02,1,서울,8,True,,0.0,0.0893902597260267,0.041174659350728816,0.08380955531619386,in_sample_diagnostic_only,False,True,False,True,False,True,False,True
train,20250504,20250504_1_03,1,서울,11,True,,0.0,0.0697680667117553,0.08360898801627413,0.11107977322082958,in_sample_diagnostic_only,False,False,False,False,False,False,False,True
train,20250504,20250504_1_04,1,서울,11,True,,0.0,0.17248208224961248,0.20389791379901367,0.16076732975883334,in_sample_diagnostic_only,True,False,True,False,True,False,True,False
train,20250504,20250504_1_05,1,서울,10,True,,0.0,0.1327557620677194,0.13721439142122574,0.13590078052567586,in_sample_diagnostic_only,False,False,False,False,True,False,True,False
train,20250504,20250504_1_06,1,서울,11,True,,0.0,0.1610491970779313,0.19380453731187125,0.15725994899943072,in_sample_diagnostic_only,True,False,True,False,True,False,True,False
train,20250504,20250504_1_07,1,서울,10,True,,0.0,0.1705417685151733,0.08001398212665738,0.1091385678184853,in_sample_diagnostic_only,False,False,False,False,False,False,False,True
train,20250504,20250504_1_08,1,서울,10,True,,0.0,0.1133563346731796,0.09052205599431823,0.11468617202128588,in_sample_diagnostic_only,False,False,False,False,False,False,False,False
train,20250504,20250504_1_09,1,서울,11,True,,0.0,0.1040708933404755,0.1329923495563274,0.1341539717433146,in_sample_diagnostic_only,False,False,False,False,True,False,True,False
train,20250504,20250504_1_10,1,서울,10,True,,0.0,0.1393103227859079,0.11488162828951999,0.12632311795504006,in_sample_diagnostic_only,False,False,False,False,False,False,True,False
train,20250504,20250504_1_11,1,서울,11,True,,0.0,0.0790605649595546,0.05762863605201746,0.09575060135022993,in_sample_diagnostic_only,False,False,False,True,False,True,False,True
train,20250504,20250504_3_01,3,부경,11,True,,0.0,0.0434095203171663,0.08031438884058384,0.10930262590484825,in_sample_diagnostic_only,False,False,False,False,False,False,False,True
train,20250504,20250504_3_02,3,부경,10,True,,0.0,0.11865656423706669,0.15323097132145982,0.1423007844499057,in_sample_diagnostic_only,False,False,True,False,True,False,True,False
train,20250504,20250504_3_03,3,부경,11,True,,0.0,0.0898099288277066,0.06819492041769312,0.10238421320006556,in_sample_diagnostic_only,False,False,False,False,False,True,False,True
train,20250504,20250504_3_04,3,부경,11,True,,0.0,0.1258066191313304,0.13912049251705347,0.1366807180213354,in_sample_diagnostic_only,False,False,False,False,True,False,True,False
train,20250504,20250504_3_05,3,부경,11,True,,0.0,0.1367149260977027,0.08183433434165718,0.110127471795467,in_sample_diagnostic_only,False,False,False,False,False,False,False,True
train,20250504,20250504_3_06,3,부경,10,True,,0.0,0.07147369379659481,0.12435720557082618,0.1304928642796517,in_sample_diagnostic_only,False,False,False,False,False,False,True,False
train,20250509,20250509_3_01,3,부경,8,True,,0.0,0.11529549371303811,0.095313852469279,0.11709767510900082,in_sample_diagnostic_only,False,False,False,False,False,False,False,False
train,20250509,20250509_3_02,3,부경,11,True,,0.0,0.0610780848250483,0.04314154799686295,0.08537093483711365,in_sample_diagnostic_only,False,True,False,True,False,True,False,True
train,20250509,20250509_3_03,3,부경,9,True,,0.0,0.0606495421562619,0.08386111913369412,0.1112141516270887,in_sample_diagnostic_only,False,False,False,False,False,False,False,True
train,20250509,20250509_3_04,3,부경,11,True,,0.0,0.1048779669454107,0.10434810923994564,0.12147139366641567,in_sample_diagnostic_only,False,False,False,False,False,False,False,False
train,20250509,20250509_3_05,3,부경,11,True,,0.0,0.1265302856241602,0.12890254412805632,0.1324353789257646,in_sample_diagnostic_only,False,False,False,False,True,False,True,False
train,20250509,20250509_3_06,3,부경,11,True,,1.0,0.1545070232832883,0.25889063597078266,0.17886339469358084,in_sample_diagnostic_only,True,False,True,False,True,False,True,False
train,20250509,20250509_3_07,3,부경,11,True,,0.0,0.1112289283264406,0.05568865671719326,0.09445760444351893,in_sample_diagnostic_only,False,False,False,True,False,True,False,True
train,20250509,20250509_3_08,3,부경,11,True,,1.0,0.1021155246229811,0.3138330129174976,0.1958359108743398,in_sample_diagnostic_only,True,False,True,False,True,False,True,False
train,20250510,20250510_1_01,1,서울,8,True,,0.0,0.250066049108438,0.07498403227020041,0.10633838616741066,in_sample_diagnostic_only,False,False,False,False,False,True,False,True
train,20250510,20250510_1_02,1,서울,8,True,,0.0,0.1104669727313923,0.05399976461056676,0.09331031216303955,in_sample_diagnostic_only,False,True,False,True,False,True,False,True
train,20250510,20250510_1_03,1,서울,8,True,,0.0,0.115815193040514,0.10598069362250288,0.12223978982200784,in_sample_diagnostic_only,False,False,False,False,False,False,False,False
train,20250510,20250510_1_04,1,서울,11,True,,0.0,0.1291576312872226,0.07263560373760583,0.10499459390413332,in_sample_diagnostic_only,False,False,False,False,False,True,False,True
train,20250510,20250510_1_05,1,서울,11,True,,1.0,0.12961666315634318,0.34451251974594055,0.20505602631784056,in_sample_diagnostic_only,True,False,True,False,True,False,True,False
train,20250510,20250510_1_06,1,서울,8,True,,0.0,0.1674980102953419,0.08313100760741862,0.11082440232319739,in_sample_diagnostic_only,False,False,False,False,False,False,False,True
train,20250510,20250510_1_07,1,서울,10,True,,0.0,0.14192490247346112,0.04594094221281825,0.08752168556492047,in_sample_diagnostic_only,False,True,False,True,False,True,False,True
train,20250510,20250510_1_08,1,서울,11,True,,0.0,0.11796860889053781,0.08969513724533032,0.11426299401440652,in_sample_diagnostic_only,False,False,False,False,False,False,False,False
train,20250510,20250510_1_09,1,서울,11,True,,1.0,0.14733375219599132,0.3319373330782461,0.20129106607635683,in_sample_diagnostic_only,True,False,True,False,True,False,True,False
train,20250510,20250510_1_10,1,서울,8,True,,0.0,0.1560934749890699,0.1467902063695224,0.13976768072842413,in_sample_diagnostic_only,False,False,True,False,True,False,True,False
train,20250511,20250511_1_01,1,서울,7,True,,0.0,0.11566422163813611,0.07069217920105622,0.10386373528879612,in_sample_diagnostic_only,False,False,False,False,False,True,False,True
train,20250511,20250511_1_02,1,서울,8,True,,0.0,0.1376847570892686,0.040465292240315275,0.08323552322273896,in_sample_diagnostic_only,False,True,False,True,False,True,False,True
train,20250511,20250511_1_03,1,서울,11,True,,0.0,0.0635773048891958,0.06659119901872579,0.10141763439120063,in_sample_diagnostic_only,False,False,False,True,False,True,False,True
train,20250511,20250511_1_04,1,서울,11,True,,1.0,0.0824783244649073,0.23484544603256907,0.17113139396644214,in_sample_diagnostic_only,True,False,True,False,True,False,True,False
train,20250511,20250511_1_05,1,서울,9,True,,0.0,0.1586738090115893,0.13435257716589752,0.13471970390609903,in_sample_diagnostic_only,False,False,False,False,True,False,True,False
train,20250511,20250511_1_06,1,서울,9,True,,0.0,0.0839874534581259,0.06736557492144182,0.10188600832890356,in_sample_diagnostic_only,False,False,False,False,False,True,False,True
train,20250511,20250511_1_07,1,서울,16,True,,0.0,0.08088042332732161,0.10129463579361096,0.12001680336622156,in_sample_diagnostic_only,False,False,False,False,False,False,False,False
train,20250511,20250511_1_08,1,서울,11,True,,0.0,0.1696483899231095,0.16202070641443123,0.14567859786432075,in_sample_diagnostic_only,False,False,True,False,True,False,True,False
train,20250511,20250511_1_09,1,서울,10,True,,1.0,0.1724997754141459,0.16529548551533949,0.14691544643504184,in_sample_diagnostic_only,False,False,True,False,True,False,True,False
train,20250511,20250511_1_10,1,서울,11,True,,0.0,0.10756830898101699,0.1313137357806202,0.13345183685581924,in_sample_diagnostic_only,False,False,False,False,True,False,True,False
train,20250511,20250511_1_11,1,서울,10,True,,0.0,0.1590774426138413,0.07603833059810483,0.10693390090445444,in_sample_diagnostic_only,False,False,False,False,False,True,False,True
train,20250511,20250511_3_01,3,부경,8,True,,0.0,0.0886145057722598,0.04412347142820199,0.0861345469469407,in_sample_diagnostic_only,False,True,False,True,False,True,False,True
train,20250511,20250511_3_02,3,부경,11,True,,0.0,0.137364508427535,0.05631608121045681,0.09487862465895623,in_sample_diagnostic_only,False,False,False,True,False,True,False,True
train,20250511,20250511_3_03,3,부경,10,True,,0.0,0.1604889084353007,0.05435338846460918,0.09355225781235416,in_sample_diagnostic_only,False,True,False,True,False,True,False,True
train,20250511,20250511_3_04,3,부경,11,True,,0.0,0.1069824310893166,0.04925802141836477,0.08997171476931183,in_sample_diagnostic_only,False,True,False,True,False,True,False,True
train,20250511,20250511_3_05,3,부경,10,True,,0.0,0.1416335073417711,0.07247244319899185,0.10490032049735175,in_sample_diagnostic_only,False,False,False,False,False,True,False,True
train,20250511,20250511_3_06,3,부경,11,True,,0.0,0.09211404679960859,0.10829467460579843,0.1233181960106201,in_sample_diagnostic_only,False,False,False,False,False,False,False,False
valid,20250517,20250517_1_01,1,서울,11,True,,0.0,0.0817634586734764,0.04085701975262686,0.08355325306120022,chronological_oos_threshold_source,False,True,False,True,False,True,False,True
valid,20250517,20250517_1_02,1,서울,9,True,,0.0,0.1098093781629281,0.11773891407232454,0.1275985550758281,chronological_oos_threshold_source,False,False,False,False,False,False,True,False
valid,20250517,20250517_1_03,1,서울,10,True,,0.0,0.117706754815625,0.13484449532632053,0.1349235977549883,chronological_oos_threshold_source,False,False,False,False,True,False,True,False
valid,20250517,20250517_1_04,1,서울,9,True,,0.0,0.1826710792355706,0.14681383744595075,0.13977707017469101,chronological_oos_threshold_source,False,False,True,False,True,False,True,False
valid,20250517,20250517_1_05,1,서울,8,True,,0.0,0.11588409997018409,0.05463793028460259,0.09374626852658925,chronological_oos_threshold_source,False,False,False,True,False,True,False,True
valid,20250517,20250517_1_06,1,서울,10,True,,0.0,0.1409910135610957,0.1755965769113854,0.1507361399760771,chronological_oos_threshold_source,True,False,True,False,True,False,True,False
valid,20250517,20250517_1_07,1,서울,11,True,,1.0,0.20414162698697058,0.08297110417550674,0.11073878784149582,chronological_oos_threshold_source,False,False,False,False,False,False,False,True
valid,20250517,20250517_1_08,1,서울,10,True,,0.0,0.1897368412014393,0.23423811727998947,0.1709328753254677,chronological_oos_threshold_source,True,False,True,False,True,False,True,False
valid,20250517,20250517_1_09,1,서울,10,True,,0.0,0.1504055525740061,0.20021542142664772,0.1594958883791592,chronological_oos_threshold_source,True,False,True,False,True,False,True,False
valid,20250517,20250517_1_10,1,서울,10,True,,0.0,0.1051447218872883,0.11160741241174812,0.12484108085219366,chronological_oos_threshold_source,False,False,False,False,False,False,True,False
valid,20250518,20250518_1_01,1,서울,8,True,,0.0,0.0938083560374986,0.08801351008586136,0.11339573554052519,chronological_oos_threshold_source,False,False,False,False,False,False,False,True
valid,20250518,20250518_1_02,1,서울,8,True,,0.0,0.0956000824216558,0.08416813539814952,0.11137747862232512,chronological_oos_threshold_source,False,False,False,False,False,False,False,True
valid,20250518,20250518_1_04,1,서울,10,True,,0.0,0.1815506869035696,0.13945401671956828,0.13681665008000926,chronological_oos_threshold_source,False,False,False,False,True,False,True,False
valid,20250518,20250518_1_05,1,서울,8,True,,0.0,0.1185739659314333,0.09276955309742504,0.11582571988947965,chronological_oos_threshold_source,False,False,False,False,False,False,False,False
valid,20250518,20250518_1_06,1,서울,10,True,,0.0,0.1936995264705863,0.07278648158125461,0.10508166324128197,chronological_oos_threshold_source,False,False,False,False,False,True,False,True
valid,20250518,20250518_1_07,1,서울,11,True,,0.0,0.1392462582539561,0.07360589778258,0.10555275319240337,chronological_oos_threshold_source,False,False,False,False,False,True,False,True
valid,20250518,20250518_1_08,1,서울,14,True,,0.0,0.086900128171512,0.09846368694959141,0.1186470234964923,chronological_oos_threshold_source,False,False,False,False,False,False,False,False
valid,20250518,20250518_1_09,1,서울,10,True,,1.0,0.2129341524130265,0.1319245248666593,0.13370783429582542,chronological_oos_threshold_source,False,False,False,False,True,False,True,False
valid,20250518,20250518_1_10,1,서울,10,True,,0.0,0.1249329640938563,0.09817915866185134,0.11850818301126917,chronological_oos_threshold_source,False,False,False,False,False,False,False,False
valid,20250518,20250518_1_11,1,서울,11,True,,0.0,0.1444788237751188,0.16723929766828266,0.1476443623109492,chronological_oos_threshold_source,False,False,True,False,True,False,True,False
valid,20250518,20250518_3_01,3,부경,9,True,,0.0,0.1236010236198903,0.10538936638171013,0.12196220729135149,chronological_oos_threshold_source,False,False,False,False,False,False,False,False
valid,20250518,20250518_3_02,3,부경,11,True,,0.0,0.1320431336756662,0.054860812847542996,0.0938978242890167,chronological_oos_threshold_source,False,False,False,True,False,True,False,True
valid,20250518,20250518_3_03,3,부경,10,True,,0.0,0.1177041756559703,0.06789765536053533,0.10220604189707803,chronological_oos_threshold_source,False,False,False,False,False,True,False,True
valid,20250518,20250518_3_04,3,부경,11,True,,0.0,0.11862418954915359,0.05655826770742215,0.09504040452320668,chronological_oos_threshold_source,False,False,False,True,False,True,False,True
valid,20250518,20250518_3_05,3,부경,11,True,,0.0,0.1223924430636044,0.19297905307344457,0.1569698822660581,chronological_oos_threshold_source,True,False,True,False,True,False,True,False
valid,20250518,20250518_3_06,3,부경,10,True,,1.0,0.11612906812384612,0.075638396036513,0.10670855358809948,chronological_oos_threshold_source,False,False,False,False,False,True,False,True
valid,20250523,20250523_3_01,3,부경,11,True,,0.0,0.0643156296523598,0.12322189961286496,0.1300020792309621,chronological_oos_threshold_source,False,False,False,False,False,False,True,False
valid,20250523,20250523_3_02,3,부경,9,True,,0.0,0.0972038498986251,0.09658441701887274,0.11772593757523045,chronological_oos_threshold_source,False,False,False,False,False,False,False,False
valid,20250523,20250523_3_03,3,부경,9,True,,0.0,0.052216538308605204,0.09462925074536341,0.1167572667728866,chronological_oos_threshold_source,False,False,False,False,False,False,False,False
valid,20250523,20250523_3_04,3,부경,11,True,,0.0,0.1723469713874172,0.16304172036334535,0.14606543288855425,chronological_oos_threshold_source,False,False,True,False,True,False,True,False
valid,20250523,20250523_3_05,3,부경,11,True,,0.0,0.16025301673673512,0.17442149908643872,0.1503054042759128,chronological_oos_threshold_source,True,False,True,False,True,False,True,False
valid,20250523,20250523_3_06,3,부경,11,True,,0.0,0.1025092615602225,0.1532168411925209,0.14229528283851764,chronological_oos_threshold_source,False,False,True,False,True,False,True,False
valid,20250523,20250523_3_07,3,부경,11,True,,0.0,0.1456060252825375,0.0719406651734702,0.1045922200605278,chronological_oos_threshold_source,False,False,False,False,False,True,False,True
valid,20250523,20250523_3_08,3,부경,11,True,,0.0,0.11108363229289271,0.08814884613583858,0.11346586839384226,chronological_oos_threshold_source,False,False,False,False,False,False,False,True
valid,20250524,20250524_1_01,1,서울,11,True,,0.0,0.0526808650005394,0.051377499917225324,0.09148640750317595,chronological_oos_threshold_source,False,True,False,True,False,True,False,True
valid,20250524,20250524_1_02,1,서울,10,True,,0.0,0.2221637519258598,0.07756680651103942,0.10778902097585721,chronological_oos_threshold_source,False,False,False,False,False,True,False,True
valid,20250524,20250524_1_03,1,서울,10,True,,0.0,0.11187658246593289,0.06140666669324879,0.09819766431336913,chronological_oos_threshold_source,False,False,False,True,False,True,False,True
valid,20250524,20250524_1_04,1,서울,10,True,,0.0,0.1098310245439493,0.09742225530340434,0.1181377754721768,chronological_oos_threshold_source,False,False,False,False,False,False,False,False
valid,20250524,20250524_1_05,1,서울,9,True,,0.0,0.09961393868970249,0.12316418667523957,0.12997706889111332,chronological_oos_threshold_source,False,False,False,False,False,False,True,False
valid,20250524,20250524_1_06,1,서울,7,True,,1.0,0.12040314699325871,0.06567677760992682,0.10086050299794887,chronological_oos_threshold_source,False,False,False,True,False,True,False,True
valid,20250524,20250524_1_07,1,서울,9,True,,0.0,0.15471482790841232,0.03463443727499755,0.07827010915064923,chronological_oos_threshold_source,False,True,False,True,False,True,False,True
valid,20250524,20250524_1_08,1,서울,8,True,,0.0,0.1630000018378958,0.10788981319371936,0.12313040242533319,chronological_oos_threshold_source,False,False,False,False,False,False,False,False
valid,20250524,20250524_1_09,1,서울,9,True,,0.0,0.1518006762856458,0.0835613208870443,0.11105434267927723,chronological_oos_threshold_source,False,False,False,False,False,False,False,True
valid,20250524,20250524_1_10,1,서울,11,True,,0.0,0.078735708057269,0.0845173299023898,0.11156284096322946,chronological_oos_threshold_source,False,False,False,False,False,False,False,True
valid,20250525,20250525_1_01,1,서울,11,True,,0.0,0.0686115428964119,0.08463090087068553,0.11162303577225288,chronological_oos_threshold_source,False,False,False,False,False,False,False,True
valid,20250525,20250525_1_02,1,서울,8,True,,0.0,0.14027630712385822,0.12580299082173457,0.13111458074804905,chronological_oos_threshold_source,False,False,False,False,True,False,True,False
valid,20250525,20250525_1_03,1,서울,11,True,,0.0,0.10692807954762429,0.08372974226731922,0.11114415979228666,chronological_oos_threshold_source,False,False,False,False,False,False,False,True
valid,20250525,20250525_1_04,1,서울,9,True,,0.0,0.0994024226240789,0.10124593744129047,0.11999341571430448,chronological_oos_threshold_source,False,False,False,False,False,False,False,False
valid,20250525,20250525_1_05,1,서울,9,True,,0.0,0.1559123046656828,0.1834093983964592,0.1535688741734172,chronological_oos_threshold_source,True,False,True,False,True,False,True,False
valid,20250525,20250525_1_06,1,서울,11,True,,0.0,0.1153368562214757,0.10902670487144611,0.12365680576221752,chronological_oos_threshold_source,False,False,False,False,False,False,False,False
valid,20250525,20250525_1_07,1,서울,10,True,,0.0,0.093851784613373,0.08311001100430282,0.11081316569926229,chronological_oos_threshold_source,False,False,False,False,False,False,False,True
valid,20250525,20250525_1_08,1,서울,10,True,,0.0,0.1491007878274145,0.11264916212399104,0.12531505468994428,chronological_oos_threshold_source,False,False,False,False,False,False,True,False
valid,20250525,20250525_1_09,1,서울,10,True,,0.0,0.19508692459033838,0.14185622591785987,0.13779105506375053,chronological_oos_threshold_source,False,False,False,False,True,False,True,False
valid,20250525,20250525_1_10,1,서울,9,True,,0.0,0.17827316831223922,0.13313368370943446,0.13421288738812942,chronological_oos_threshold_source,False,False,False,False,True,False,True,False
valid,20250525,20250525_1_11,1,서울,9,True,,0.0,0.1675184690742573,0.17770511133627034,0.15150590590041565,chronological_oos_threshold_source,True,False,True,False,True,False,True,False
valid,20250525,20250525_3_01,3,부경,9,True,,0.0,0.061936163657431,0.08492327139444518,0.11177779137753188,chronological_oos_threshold_source,False,False,False,False,False,False,False,True
valid,20250525,20250525_3_02,3,부경,14,True,,0.0,0.050331360317853804,0.0495128223563724,0.09015581877036258,chronological_oos_threshold_source,False,True,False,True,False,True,False,True
valid,20250525,20250525_3_03,3,부경,11,True,,0.0,0.1842062294512632,0.1416302057419429,0.13769971865402703,chronological_oos_threshold_source,False,False,False,False,True,False,True,False
valid,20250525,20250525_3_04,3,부경,11,True,,0.0,0.1313172885678358,0.23370408718117527,0.17075817201643495,chronological_oos_threshold_source,True,False,True,False,True,False,True,False
valid,20250525,20250525_3_05,3,부경,11,True,,0.0,0.1092486932198438,0.09579700267213787,0.11733711416070361,chronological_oos_threshold_source,False,False,False,False,False,False,False,False
valid,20250525,20250525_3_06,3,부경,11,True,,0.0,0.1008972569441768,0.0924427557440129,0.11566097150536259,chronological_oos_threshold_source,False,False,False,False,False,False,False,False
valid,20250530,20250530_3_01,3,부경,11,True,,0.0,0.0496205629467228,0.047525256922719895,0.08870451225093455,chronological_oos_threshold_source,False,True,False,True,False,True,False,True
valid,20250530,20250530_3_02,3,부경,11,True,,0.0,0.1167113136678103,0.04531117101533274,0.08704478554141672,chronological_oos_threshold_source,False,True,False,True,False,True,False,True
valid,20250530,20250530_3_03,3,부경,11,True,,0.0,0.1505131678658479,0.14273848806295272,0.13814691001052548,chronological_oos_threshold_source,False,False,False,False,True,False,True,False
valid,20250530,20250530_3_04,3,부경,9,True,,0.0,0.1225411770096773,0.08555968006053682,0.11211363011637418,chronological_oos_threshold_source,False,False,False,False,False,False,False,True
valid,20250530,20250530_3_05,3,부경,11,True,,0.0,0.18529570512949378,0.0995692977634233,0.11918447803647715,chronological_oos_threshold_source,False,False,False,False,False,False,False,False
valid,20250530,20250530_3_06,3,부경,11,True,,1.0,0.1284914977518723,0.11379279729903868,0.1258327497588098,chronological_oos_threshold_source,False,False,False,False,False,False,True,False
valid,20250530,20250530_3_07,3,부경,11,True,,0.0,0.1003982437210576,0.19488284761976754,0.15763809889638755,chronological_oos_threshold_source,True,False,True,False,True,False,True,False
valid,20250530,20250530_3_08,3,부경,11,True,,1.0,0.13893634247981299,0.10313347151653218,0.12089553951176044,chronological_oos_threshold_source,False,False,False,False,False,False,False,False
valid,20250531,20250531_1_01,1,서울,7,True,,0.0,0.1251023605300015,0.15422441261937503,0.14268698962433743,chronological_oos_threshold_source,False,False,True,False,True,False,True,False
valid,20250531,20250531_1_02,1,서울,11,True,,0.0,0.0791473342673191,0.07688795925653524,0.10741041917989846,chronological_oos_threshold_source,False,False,False,False,False,True,False,True
valid,20250531,20250531_1_03,1,서울,9,True,,0.0,0.07537802790094811,0.09531633422497209,0.11709890670003195,chronological_oos_threshold_source,False,False,False,False,False,False,False,False
valid,20250531,20250531_1_04,1,서울,8,True,,0.0,0.1834485897085325,0.1255869458290704,0.13102190840077346,chronological_oos_threshold_source,False,False,False,False,True,False,True,False
valid,20250531,20250531_1_05,1,서울,9,True,,0.0,0.1060838060182524,0.06494176661861399,0.10040943377240238,chronological_oos_threshold_source,False,False,False,True,False,True,False,True
valid,20250531,20250531_1_06,1,서울,8,True,,0.0,0.1849267981191821,0.12206071952098844,0.12949771682957043,chronological_oos_threshold_source,False,False,False,False,False,False,True,False
valid,20250531,20250531_1_07,1,서울,11,True,,0.0,0.1999257476160563,0.08206682026522287,0.11025287899776781,chronological_oos_threshold_source,False,False,False,False,False,False,False,True
valid,20250531,20250531_1_08,1,서울,9,True,,0.0,0.096355795512123,0.15521429774930517,0.14307065618806164,chronological_oos_threshold_source,False,False,True,False,True,False,True,False
valid,20250531,20250531_1_09,1,서울,11,True,,0.0,0.0775953686362659,0.15969874761554864,0.14479469702440015,chronological_oos_threshold_source,False,False,True,False,True,False,True,False
valid,20250531,20250531_1_10,1,서울,11,True,,0.0,0.1617573491720956,0.19348708836516923,0.15714846048833891,chronological_oos_threshold_source,True,False,True,False,True,False,True,False
valid,20250601,20250601_1_01,1,서울,9,True,,0.0,0.0699711337477855,0.07039595359966931,0.10368981359392236,chronological_oos_threshold_source,False,False,False,False,False,True,False,True
valid,20250601,20250601_1_02,1,서울,7,True,,0.0,0.1201565400681896,0.05066972398148445,0.09098476539925307,chronological_oos_threshold_source,False,True,False,True,False,True,False,True
valid,20250601,20250601_1_03,1,서울,8,True,,0.0,0.118682697263884,0.13818269330058475,0.1362976490731542,chronological_oos_threshold_source,False,False,False,False,True,False,True,False
valid,20250601,20250601_1_04,1,서울,10,True,,0.0,0.1847616149188323,0.06395850290993356,0.09980138459464592,chronological_oos_threshold_source,False,False,False,True,False,True,False,True
valid,20250601,20250601_1_05,1,서울,11,True,,0.0,0.2015425491193606,0.1343127056675492,0.13470316148842257,chronological_oos_threshold_source,False,False,False,False,True,False,True,False
valid,20250601,20250601_1_06,1,서울,9,True,,0.0,0.2137908230326842,0.236648801638682,0.17171984458828396,chronological_oos_threshold_source,True,False,True,False,True,False,True,False
valid,20250601,20250601_1_07,1,서울,10,True,,0.0,0.2130708349601269,0.2011989172691281,0.15983635342995106,chronological_oos_threshold_source,True,False,True,False,True,False,True,False
valid,20250601,20250601_1_08,1,서울,8,True,,0.0,0.1409845388429294,0.10018070820361796,0.11948031213227807,chronological_oos_threshold_source,False,False,False,False,False,False,False,False
valid,20250601,20250601_1_09,1,서울,8,True,,0.0,0.20981443839708572,0.12048881049956564,0.12881102447454404,chronological_oos_threshold_source,False,False,False,False,False,False,True,False
valid,20250601,20250601_1_10,1,서울,9,True,,0.0,0.13902554202962691,0.15371700589816642,0.14248987891634557,chronological_oos_threshold_source,False,False,True,False,True,False,True,False
valid,20250601,20250601_1_11,1,서울,11,True,,0.0,0.0881436201538833,0.07877724970760418,0.10845949352474576,chronological_oos_threshold_source,False,False,False,False,False,False,False,True
valid,20250601,20250601_3_01,3,부경,11,True,,0.0,0.1345812302351916,0.05168987480460731,0.09170651009502918,chronological_oos_threshold_source,False,True,False,True,False,True,False,True
valid,20250601,20250601_3_02,3,부경,10,True,,0.0,0.1128419891957507,0.15748211618645705,0.14394535893764437,chronological_oos_threshold_source,False,False,True,False,True,False,True,False
valid,20250601,20250601_3_03,3,부경,11,True,,0.0,0.1074353394979335,0.12976072021618276,0.13279823400625712,chronological_oos_threshold_source,False,False,False,False,True,False,True,False
valid,20250601,20250601_3_04,3,부경,9,True,,0.0,0.0686564376948518,0.10938227042364665,0.1238208438187887,chronological_oos_threshold_source,False,False,False,False,False,False,False,False
valid,20250601,20250601_3_05,3,부경,11,True,,0.0,0.1391721958071471,0.09259200116195777,0.11573625009850586,chronological_oos_threshold_source,False,False,False,False,False,False,False,False
valid,20250601,20250601_3_06,3,부경,13,True,,0.0,0.0484036367635771,0.1244991381054637,0.13055406006951284,chronological_oos_threshold_source,False,False,False,False,False,False,True,False
valid,20250606,20250606_3_01,3,부경,11,True,,0.0,0.0554491448238119,0.037004202526697436,0.08034450226070171,chronological_oos_threshold_source,False,True,False,True,False,True,False,True
valid,20250606,20250606_3_02,3,부경,11,True,,0.0,0.0983059208323153,0.07231932573168745,0.10481173997845729,chronological_oos_threshold_source,False,False,False,False,False,True,False,True
valid,20250606,20250606_3_03,3,부경,11,True,,0.0,0.081168030062567,0.11752559984845928,0.1275038938729048,chronological_oos_threshold_source,False,False,False,False,False,False,True,False
valid,20250606,20250606_3_04,3,부경,9,True,,0.0,0.0954663254575647,0.13407911549849424,0.1346061975549582,chronological_oos_threshold_source,False,False,False,False,True,False,True,False
valid,20250606,20250606_3_05,3,부경,10,True,,0.0,0.20546972488255238,0.28776017154844163,0.1878773388680353,chronological_oos_threshold_source,True,False,True,False,True,False,True,False
valid,20250606,20250606_3_06,3,부경,11,True,,0.0,0.1632711555299444,0.15277757237653905,0.14212413311243766,chronological_oos_threshold_source,False,False,True,False,True,False,True,False
valid,20250606,20250606_3_07,3,부경,10,True,,1.0,0.18833201589882712,0.13115362482106044,0.13338463192323236,chronological_oos_threshold_source,False,False,False,False,True,False,True,False
valid,20250606,20250606_3_08,3,부경,11,True,,0.0,0.1406798751530109,0.15254734203878362,0.1420343374620429,chronological_oos_threshold_source,False,False,True,False,True,False,True,False
valid,20250607,20250607_1_01,1,서울,8,True,,0.0,0.0778796536519567,0.07120003810198346,0.10416094674039379,chronological_oos_threshold_source,False,False,False,False,False,True,False,True
valid,20250607,20250607_1_02,1,서울,10,True,,0.0,0.18267845988053488,0.03765285384095744,0.08089829799954147,chronological_oos_threshold_source,False,True,False,True,False,True,False,True
valid,20250607,20250607_1_03,1,서울,10,True,,1.0,0.10079074817732911,0.11997936382215851,0.1285874860485703,chronological_oos_threshold_source,False,False,False,False,False,False,True,False
valid,20250607,20250607_1_04,1,서울,10,True,,0.0,0.20092353120340029,0.12162169443187677,0.12930638605155523,chronological_oos_threshold_source,False,False,False,False,False,False,True,False
valid,20250607,20250607_1_05,1,서울,9,True,,0.0,0.0950855166799512,0.07647937404637904,0.10718163564570495,chronological_oos_threshold_source,False,False,False,False,False,True,False,True
valid,20250607,20250607_1_06,1,서울,7,True,,0.0,0.14764758198687578,0.08925821362940545,0.11403852960184625,chronological_oos_threshold_source,False,False,False,False,False,False,False,False
valid,20250607,20250607_1_07,1,서울,8,True,,0.0,0.1886307023561234,0.22653687939759937,0.16840004033413034,chronological_oos_threshold_source,True,False,True,False,True,False,True,False
valid,20250607,20250607_1_08,1,서울,8,True,,1.0,0.2088851767839112,0.10301823123062438,0.12084071672169759,chronological_oos_threshold_source,False,False,False,False,False,False,False,False
valid,20250607,20250607_1_09,1,서울,11,True,,0.0,0.1020850686138675,0.09853611780596402,0.11868233273059693,chronological_oos_threshold_source,False,False,False,False,False,False,False,False
valid,20250608,20250608_1_01,1,서울,11,True,,0.0,0.17226659214925372,0.06574809319957621,0.10090411354481915,chronological_oos_threshold_source,False,False,False,True,False,True,False,True
valid,20250608,20250608_1_02,1,서울,10,True,,0.0,0.07238957746674429,0.1167979856316614,0.12718033393008177,chronological_oos_threshold_source,False,False,False,False,False,False,True,False
valid,20250608,20250608_1_03,1,서울,11,True,,1.0,0.091675191488036,0.09026790813319084,0.11455633834372125,chronological_oos_threshold_source,False,False,False,False,False,False,False,False
valid,20250608,20250608_1_04,1,서울,11,True,,1.0,0.14294733339260118,0.08214186799977244,0.11029331871029122,chronological_oos_threshold_source,False,False,False,False,False,False,False,True
valid,20250608,20250608_1_05,1,서울,11,True,,0.0,0.11206479207465869,0.1019971027001272,0.12035349751482939,chronological_oos_threshold_source,False,False,False,False,False,False,False,False
valid,20250608,20250608_1_06,1,서울,8,True,,0.0,0.168040149801334,0.15338864345878941,0.14236215846374276,chronological_oos_threshold_source,False,False,True,False,True,False,True,False
valid,20250608,20250608_1_07,1,서울,9,True,,0.0,0.0694482329149109,0.19163123179404384,0.15649517775683086,chronological_oos_threshold_source,True,False,True,False,True,False,True,False
valid,20250608,20250608_1_08,1,서울,9,True,,0.0,0.067830038533926,0.08011492234735908,0.10919373178174574,chronological_oos_threshold_source,False,False,False,False,False,False,False,True
valid,20250608,20250608_1_09,1,서울,9,True,,0.0,0.11119206925420391,0.09862758740205796,0.11872690309866575,chronological_oos_threshold_source,False,False,False,False,False,False,False,False
valid,20250608,20250608_3_01,3,부경,11,True,,0.0,0.0607176505888833,0.0648246890195894,0.10033731305670554,chronological_oos_threshold_source,False,False,False,True,False,True,False,True
valid,20250608,20250608_3_02,3,부경,10,True,,0.0,0.1348681609514711,0.1615865561860527,0.14551377291560724,chronological_oos_threshold_source,False,False,True,False,True,False,True,False
valid,20250608,20250608_3_03,3,부경,11,True,,0.0,0.0965905787557799,0.20932596571593848,0.162625237231941,chronological_oos_threshold_source,True,False,True,False,True,False,True,False
valid,20250608,20250608_3_04,3,부경,10,True,,0.0,0.2003377974419805,0.14169657512987327,0.13772654634397108,chronological_oos_threshold_source,False,False,False,False,True,False,True,False
valid,20250608,20250608_3_05,3,부경,10,True,,0.0,0.1350270572422042,0.107118415648799,0.12277155668225385,chronological_oos_threshold_source,False,False,False,False,False,False,False,False
valid,20250608,20250608_3_06,3,부경,10,True,,0.0,0.1277562695596692,0.04876363891592214,0.08961289063181516,chronological_oos_threshold_source,False,True,False,True,False,True,False,True
valid,20250608,20250608_3_07,3,부경,10,True,,0.0,0.1693135865704489,0.10500467553488113,0.12178117928224255,chronological_oos_threshold_source,False,False,False,False,False,False,False,False
valid,20250608,20250608_3_08,3,부경,10,True,,0.0,0.1450930459964534,0.06244658822508848,0.09885578410542233,chronological_oos_threshold_source,False,False,False,True,False,True,False,True
valid,20250613,20250613_3_01,3,부경,8,True,,1.0,0.1218338159458066,0.061498564903862546,0.098256081649506,chronological_oos_threshold_source,False,False,False,True,False,True,False,True
valid,20250613,20250613_3_02,3,부경,11,True,,0.0,0.0852898658250307,0.0546119688350696,0.09372859169421972,chronological_oos_threshold_source,False,True,False,True,False,True,False,True
valid,20250613,20250613_3_03,3,부경,10,True,,0.0,0.1202142272101599,0.08220474243598251,0.11032718290382688,chronological_oos_threshold_source,False,False,False,False,False,False,False,True
valid,20250613,20250613_3_04,3,부경,8,True,,0.0,0.1861263528078994,0.08766807887968163,0.11321645807676585,chronological_oos_threshold_source,False,False,False,False,False,False,False,True
valid,20250613,20250613_3_05,3,부경,10,True,,0.0,0.2794561805548851,0.29055775200820533,0.18873840954039894,chronological_oos_threshold_source,True,False,True,False,True,False,True,False
valid,20250613,20250613_3_06,3,부경,10,True,,0.0,0.1807391425398606,0.13153382506409572,0.13354415030748817,chronological_oos_threshold_source,False,False,False,False,True,False,True,False
valid,20250613,20250613_3_07,3,부경,11,True,,0.0,0.17336830353318838,0.08295273202461398,0.11072894524533686,chronological_oos_threshold_source,False,False,False,False,False,False,False,True
valid,20250613,20250613_3_08,3,부경,11,True,,0.0,0.16021425033241332,0.11814630532864506,0.1277790946324004,chronological_oos_threshold_source,False,False,False,False,False,False,True,False
valid,20250614,20250614_1_01,1,서울,10,True,,0.0,0.05749890556903299,0.06128830315566267,0.09812234885873893,chronological_oos_threshold_source,False,False,False,True,False,True,False,True
valid,20250614,20250614_1_02,1,서울,10,True,,1.0,0.1174164489301155,0.10277056097154147,0.12072278236729111,chronological_oos_threshold_source,False,False,False,False,False,False,False,False
valid,20250614,20250614_1_03,1,서울,9,True,,0.0,0.09584158059713,0.051855355603244446,0.09182279215773842,chronological_oos_threshold_source,False,True,False,True,False,True,False,True
valid,20250614,20250614_1_04,1,서울,11,True,,0.0,0.1302042383635875,0.1943874744256067,0.15746448370328,chronological_oos_threshold_source,True,False,True,False,True,False,True,False
valid,20250614,20250614_1_05,1,서울,11,True,,0.0,0.1442693470758395,0.15520398160381896,0.1430666636864981,chronological_oos_threshold_source,False,False,True,False,True,False,True,False
valid,20250614,20250614_1_06,1,서울,11,True,,1.0,0.10995622430391581,0.1975508169502339,0.15857009732016047,chronological_oos_threshold_source,True,False,True,False,True,False,True,False
valid,20250614,20250614_1_07,1,서울,10,True,,0.0,0.1252662535653008,0.10306699148357543,0.12086391724090777,chronological_oos_threshold_source,False,False,False,False,False,False,False,False
valid,20250614,20250614_1_08,1,서울,11,True,,0.0,0.1107939851502002,0.10114119691582284,0.11994309300931344,chronological_oos_threshold_source,False,False,False,False,False,False,False,False
valid,20250614,20250614_1_09,1,서울,11,True,,0.0,0.134691111361481,0.10360719339142592,0.12112055776508793,chronological_oos_threshold_source,False,False,False,False,False,False,False,False
valid,20250615,20250615_1_01,1,서울,6,True,,0.0,0.091900414659341,0.07487014255068672,0.10627377311195364,chronological_oos_threshold_source,False,False,False,False,False,True,False,True
valid,20250615,20250615_1_02,1,서울,11,True,,0.0,0.1280766385602131,0.12326622016773424,0.130021281823733,chronological_oos_threshold_source,False,False,False,False,False,False,True,False
valid,20250615,20250615_1_03,1,서울,8,True,,0.0,0.0985555677108716,0.10510848904483439,0.12183006664880117,chronological_oos_threshold_source,False,False,False,False,False,False,False,False
valid,20250615,20250615_1_04,1,서울,9,True,,1.0,0.15788605655002128,0.12219761778586305,0.1295573061767712,chronological_oos_threshold_source,False,False,False,False,False,False,True,False
valid,20250615,20250615_1_05,1,서울,11,True,,0.0,0.14869532872363028,0.10688608178841998,0.12266320926214028,chronological_oos_threshold_source,False,False,False,False,False,False,False,False
valid,20250615,20250615_1_06,1,서울,11,True,,0.0,0.1441689830978802,0.07818768015867682,0.10813365745847654,chronological_oos_threshold_source,False,False,False,False,False,False,False,True
valid,20250615,20250615_1_07,1,서울,11,True,,1.0,0.08551001989811739,0.06606487471826002,0.10109750164408385,chronological_oos_threshold_source,False,False,False,True,False,True,False,True
valid,20250615,20250615_1_08,1,서울,13,True,,0.0,0.08033301001538631,0.10656991774484618,0.1225155672404121,chronological_oos_threshold_source,False,False,False,False,False,False,False,False
valid,20250615,20250615_1_09,1,서울,10,True,,1.0,0.2833823674441017,0.23160369178207788,0.17006972352086508,chronological_oos_threshold_source,True,False,True,False,True,False,True,False
valid,20250615,20250615_1_10,1,서울,10,True,,0.0,0.2071293760034171,0.07664019491063552,0.10727176801130375,chronological_oos_threshold_source,False,False,False,False,False,True,False,True
valid,20250615,20250615_1_11,1,서울,9,True,,0.0,0.1925569136030944,0.09207146375433187,0.11547340455440104,chronological_oos_threshold_source,False,False,False,False,False,False,False,False
valid,20250615,20250615_3_01,3,부경,11,True,,0.0,0.10213074788534629,0.05734020770653173,0.09555999095502624,chronological_oos_threshold_source,False,False,False,True,False,True,False,True
valid,20250615,20250615_3_02,3,부경,8,True,,0.0,0.11354428016048979,0.10654679423383359,0.12250475992344383,chronological_oos_threshold_source,False,False,False,False,False,False,False,False
valid,20250615,20250615_3_03,3,부경,9,True,,0.0,0.1912017436883581,0.11598032671251766,0.12681548305328666,chronological_oos_threshold_source,False,False,False,False,False,False,True,False
valid,20250615,20250615_3_04,3,부경,10,True,,0.0,0.10897955298437009,0.08874842428959011,0.1137758643412159,chronological_oos_threshold_source,False,False,False,False,False,False,False,False
valid,20250615,20250615_3_05,3,부경,10,True,,0.0,0.1902504066544709,0.1177627184493978,0.12760911310120912,chronological_oos_threshold_source,False,False,False,False,False,False,True,False
valid,20250615,20250615_3_06,3,부경,10,True,,0.0,0.1504794123289295,0.053339566321695474,0.0928561096399058,chronological_oos_threshold_source,False,True,False,True,False,True,False,True
valid,20250620,20250620_3_01,3,부경,11,True,,0.0,0.0941970294713923,0.055509429273694295,0.0943368281737072,chronological_oos_threshold_source,False,False,False,True,False,True,False,True
valid,20250620,20250620_3_02,3,부경,10,True,,0.0,0.1346359437051336,0.07563963875927894,0.1067092548561205,chronological_oos_threshold_source,False,False,False,False,False,True,False,True
valid,20250620,20250620_3_03,3,부경,11,True,,0.0,0.1034103759583673,0.14471773007295538,0.1389413757501591,chronological_oos_threshold_source,False,False,True,False,True,False,True,False
valid,20250620,20250620_3_04,3,부경,11,True,,0.0,0.1106680822448827,0.16557078601714645,0.14701891612237222,chronological_oos_threshold_source,False,False,True,False,True,False,True,False
valid,20250620,20250620_3_05,3,부경,10,True,,0.0,0.1023475516834189,0.08898695370946991,0.11389886818685717,chronological_oos_threshold_source,False,False,False,False,False,False,False,False
valid,20250620,20250620_3_06,3,부경,11,True,,1.0,0.2111247101757909,0.06757277521052535,0.10201080625320193,chronological_oos_threshold_source,False,False,False,False,False,True,False,True
valid,20250620,20250620_3_07,3,부경,11,True,,0.0,0.1376957224784713,0.1214254400644844,0.1292207423915724,chronological_oos_threshold_source,False,False,False,False,False,False,True,False
valid,20250620,20250620_3_08,3,부경,11,True,,0.0,0.1557218252828524,0.21336525897218328,0.1639958539564305,chronological_oos_threshold_source,True,False,True,False,True,False,True,False
valid,20250621,20250621_1_01,1,서울,10,True,,0.0,0.0714778447270941,0.08113759118247131,0.10975043723360536,chronological_oos_threshold_source,False,False,False,False,False,False,False,True
valid,20250621,20250621_1_02,1,서울,9,True,,0.0,0.1249534227247098,0.052592249883440995,0.09233796718007231,chronological_oos_threshold_source,False,True,False,True,False,True,False,True
valid,20250621,20250621_1_03,1,서울,10,True,,0.0,0.1124260645494147,0.03925357507705204,0.082240883898176,chronological_oos_threshold_source,False,True,False,True,False,True,False,True
valid,20250621,20250621_1_04,1,서울,11,True,,0.0,0.1125158579200225,0.1547962107431099,0.142908750975706,chronological_oos_threshold_source,False,False,True,False,True,False,True,False
valid,20250621,20250621_1_05,1,서울,8,True,,1.0,0.1360845697496544,0.09245851723220186,0.11566892465704366,chronological_oos_threshold_source,False,False,False,False,False,False,False,False
valid,20250621,20250621_1_06,1,서울,8,True,,1.0,0.2219806421778859,0.1492057084299764,0.14072374127879161,chronological_oos_threshold_source,False,False,True,False,True,False,True,False
valid,20250621,20250621_1_07,1,서울,8,True,,0.0,0.2632494043174062,0.28628492661572524,0.1874224890027406,chronological_oos_threshold_source,True,False,True,False,True,False,True,False
valid,20250621,20250621_1_08,1,서울,11,True,,0.0,0.11806074914386,0.216020383018967,0.16489148213100652,chronological_oos_threshold_source,True,False,True,False,True,False,True,False
valid,20250621,20250621_1_09,1,서울,11,True,,0.0,0.0918528332686723,0.21531340745361396,0.1646534072270518,chronological_oos_threshold_source,True,False,True,False,True,False,True,False
valid,20250622,20250622_1_01,1,서울,11,True,,0.0,0.1144819153629155,0.07572035328110889,0.10675478807549707,chronological_oos_threshold_source,False,False,False,False,False,True,False,True
valid,20250622,20250622_1_02,1,서울,11,True,,0.0,0.0741412293690842,0.0468430660277272,0.08819811121674753,chronological_oos_threshold_source,False,True,False,True,False,True,False,True
valid,20250622,20250622_1_03,1,서울,11,True,,0.0,0.0741204425551036,0.11486781927444926,0.12631691410004559,chronological_oos_threshold_source,False,False,False,False,False,False,True,False
valid,20250622,20250622_1_04,1,서울,10,True,,0.0,0.131421775603107,0.1301907985800531,0.13297962733129132,chronological_oos_threshold_source,False,False,False,False,True,False,True,False
valid,20250622,20250622_1_05,1,서울,11,True,,0.0,0.15192768097105008,0.17972703365874212,0.15224034537004463,chronological_oos_threshold_source,True,False,True,False,True,False,True,False
valid,20250622,20250622_1_06,1,서울,8,True,,0.0,0.132485252445395,0.10480045712882283,0.1216849344933715,chronological_oos_threshold_source,False,False,False,False,False,False,False,False
valid,20250622,20250622_1_07,1,서울,11,True,,1.0,0.1234051698225136,0.04999107165147174,0.09049986762061038,chronological_oos_threshold_source,False,True,False,True,False,True,False,True
valid,20250622,20250622_1_08,1,서울,11,True,,0.0,0.12810313183291622,0.15303681730714674,0.14222516909690056,chronological_oos_threshold_source,False,False,True,False,True,False,True,False
valid,20250622,20250622_1_09,1,서울,8,True,,0.0,0.15714207518194362,0.11225623176111134,0.12513655070272697,chronological_oos_threshold_source,False,False,False,False,False,False,True,False
valid,20250622,20250622_1_10,1,서울,11,True,,0.0,0.1080400470995254,0.09918389408568275,0.11899749488834434,chronological_oos_threshold_source,False,False,False,False,False,False,False,False
valid,20250622,20250622_1_11,1,서울,8,True,,0.0,0.1887570954273651,0.21269117232909157,0.1637678083392023,chronological_oos_threshold_source,True,False,True,False,True,False,True,False
valid,20250622,20250622_3_01,3,부경,11,True,,0.0,0.0747593178330285,0.053818240021382184,0.09318575366227295,chronological_oos_threshold_source,False,True,False,True,False,True,False,True
valid,20250622,20250622_3_02,3,부경,11,True,,0.0,0.1890356708072074,0.13133833320222485,0.13346215774269332,chronological_oos_threshold_source,False,False,False,False,True,False,True,False
valid,20250622,20250622_3_03,3,부경,11,True,,0.0,0.09206499908216631,0.0665603503625391,0.10139891117894977,chronological_oos_threshold_source,False,False,False,True,False,True,False,True
valid,20250622,20250622_3_04,3,부경,11,True,,0.0,0.11522992368111559,0.13734960696798612,0.13595628245603403,chronological_oos_threshold_source,False,False,False,False,True,False,True,False
valid,20250622,20250622_3_05,3,부경,11,True,,0.0,0.16210910136482962,0.10570388286194825,0.12210995137765386,chronological_oos_threshold_source,False,False,False,False,False,False,False,False
valid,20250622,20250622_3_06,3,부경,10,True,,0.0,0.10486540037724279,0.06426747606946917,0.09999303115599285,chronological_oos_threshold_source,False,False,False,True,False,True,False,True
valid,20250627,20250627_3_01,3,부경,11,True,,0.0,0.0734796044343745,0.057719824269522886,0.09581074796656144,chronological_oos_threshold_source,False,False,False,True,False,True,False,True
valid,20250627,20250627_3_02,3,부경,11,True,,0.0,0.0913960884612724,0.07810300667585968,0.10808674768075129,chronological_oos_threshold_source,False,False,False,False,False,False,False,True
valid,20250627,20250627_3_03,3,부경,11,True,,0.0,0.1283855411758553,0.05709054363070574,0.09539454565567833,chronological_oos_threshold_source,False,False,False,True,False,True,False,True
valid,20250627,20250627_3_04,3,부경,11,True,,0.0,0.1170993721828651,0.14280794281104917,0.138174878847345,chronological_oos_threshold_source,False,False,False,False,True,False,True,False
valid,20250627,20250627_3_05,3,부경,10,True,,0.0,0.1327526037851072,0.13291814059301735,0.13412302500716652,chronological_oos_threshold_source,False,False,False,False,True,False,True,False
valid,20250627,20250627_3_06,3,부경,11,True,,0.0,0.112155679075023,0.12151270353895886,0.1292588321446142,chronological_oos_threshold_source,False,False,False,False,False,False,True,False
valid,20250627,20250627_3_07,3,부경,11,True,,0.0,0.118312640497675,0.17098256705925188,0.14903745109665809,chronological_oos_threshold_source,False,False,True,False,True,False,True,False
valid,20250627,20250627_3_08,3,부경,10,True,,1.0,0.2215411945180722,0.13205222718243884,0.13376128283105082,chronological_oos_threshold_source,False,False,False,False,True,False,True,False
valid,20250628,20250628_1_01,1,서울,11,True,,0.0,0.054896489961689006,0.06936163149697366,0.10307923373753886,chronological_oos_threshold_source,False,False,False,False,False,True,False,True
valid,20250628,20250628_1_02,1,서울,10,True,,0.0,0.200684916310432,0.09218293782690534,0.11552976178250328,chronological_oos_threshold_source,False,False,False,False,False,False,False,False
valid,20250628,20250628_1_03,1,서울,8,True,,0.0,0.1113722670452522,0.07394063951198519,0.10574434169749394,chronological_oos_threshold_source,False,False,False,False,False,True,False,True
valid,20250628,20250628_1_04,1,서울,11,True,,0.0,0.1493007607462088,0.09652010272148785,0.11769424404118665,chronological_oos_threshold_source,False,False,False,False,False,False,False,False
valid,20250628,20250628_1_05,1,서울,11,True,,0.0,0.1123108257231567,0.10225119987808676,0.12047498034329152,chronological_oos_threshold_source,False,False,False,False,False,False,False,False
valid,20250628,20250628_1_06,1,서울,11,True,,0.0,0.0988190458180418,0.09065943920778291,0.11475627200856801,chronological_oos_threshold_source,False,False,False,False,False,False,False,False
valid,20250628,20250628_1_07,1,서울,10,True,,0.0,0.17197836501314323,0.09433969663542763,0.11661288641108014,chronological_oos_threshold_source,False,False,False,False,False,False,False,False
valid,20250628,20250628_1_08,1,서울,11,True,,1.0,0.15445906857232858,0.21787231332469198,0.16551375957809136,chronological_oos_threshold_source,True,False,True,False,True,False,True,False
valid,20250628,20250628_1_09,1,서울,11,True,,0.0,0.1450396469255044,0.18140671428977553,0.15284777118782208,chronological_oos_threshold_source,True,False,True,False,True,False,True,False
valid,20250629,20250629_1_01,1,서울,11,True,,0.0,0.0662577936667877,0.06624530306292474,0.10120741058717064,chronological_oos_threshold_source,False,False,False,True,False,True,False,True
valid,20250629,20250629_1_02,1,서울,11,True,,0.0,0.0788384240959283,0.040440978843484854,0.08321574212287748,chronological_oos_threshold_source,False,True,False,True,False,True,False,True
valid,20250629,20250629_1_03,1,서울,9,True,,0.0,0.0821704289974278,0.10162028161393903,0.12017304156931082,chronological_oos_threshold_source,False,False,False,False,False,False,False,False
valid,20250629,20250629_1_04,1,서울,8,True,,0.0,0.1271765680522742,0.11929697277011701,0.12828729558392693,chronological_oos_threshold_source,False,False,False,False,False,False,True,False
valid,20250629,20250629_1_05,1,서울,9,True,,0.0,0.1069030165025114,0.07765915690552594,0.10784038131583114,chronological_oos_threshold_source,False,False,False,False,False,False,False,True
valid,20250629,20250629_1_06,1,서울,11,True,,0.0,0.1175542790037323,0.12971041425684682,0.13277699687787767,chronological_oos_threshold_source,False,False,False,False,True,False,True,False
valid,20250629,20250629_1_07,1,서울,9,True,,0.0,0.1602628354120416,0.11803653985833168,0.12773048266192233,chronological_oos_threshold_source,False,False,False,False,False,False,True,False
valid,20250629,20250629_1_08,1,서울,11,True,,0.0,0.0807767714910959,0.11149594925264833,0.12479023034516228,chronological_oos_threshold_source,False,False,False,False,False,False,True,False
valid,20250629,20250629_1_09,1,서울,10,True,,0.0,0.17501834014985332,0.09549664060035495,0.11718833852926126,chronological_oos_threshold_source,False,False,False,False,False,False,False,False
valid,20250629,20250629_1_10,1,서울,10,True,,0.0,0.1915308188399677,0.12833029619355293,0.13219274522318886,chronological_oos_threshold_source,False,False,False,False,True,False,True,False
valid,20250629,20250629_1_11,1,서울,10,True,,0.0,0.18223639440544837,0.07967859577503839,0.10895499764430468,chronological_oos_threshold_source,False,False,False,False,False,False,False,True
valid,20250629,20250629_3_01,3,부경,10,True,,0.0,0.1669727027667787,0.03766454804980356,0.08090822932591421,chronological_oos_threshold_source,False,True,False,True,False,True,False,True
valid,20250629,20250629_3_02,3,부경,11,True,,0.0,0.17491659204778673,0.19071016124632983,0.15616998592523001,chronological_oos_threshold_source,True,False,True,False,True,False,True,False
valid,20250629,20250629_3_03,3,부경,11,True,,0.0,0.0875230472639045,0.10999978273143964,0.12410506249204963,chronological_oos_threshold_source,False,False,False,False,False,False,False,False
valid,20250629,20250629_3_04,3,부경,11,True,,0.0,0.1759135454291248,0.14615079338910245,0.1395133445026367,chronological_oos_threshold_source,False,False,True,False,True,False,True,False
valid,20250629,20250629_3_05,3,부경,11,True,,1.0,0.11787016505031211,0.0621446600480901,0.098665366005286,chronological_oos_threshold_source,False,False,False,True,False,True,False,True
valid,20250629,20250629_3_06,3,부경,16,True,,0.0,0.0756018888961124,0.07031371202565613,0.10364145331974951,chronological_oos_threshold_source,False,False,False,False,False,True,False,True
valid,20250704,20250704_3_01,3,부경,12,True,,1.0,0.09444094991839928,0.05691485770968945,0.09527787005785321,chronological_oos_threshold_source,False,False,False,True,False,True,False,True
valid,20250704,20250704_3_02,3,부경,11,True,,0.0,0.1183737995131493,0.11898566584360579,0.1281500549333476,chronological_oos_threshold_source,False,False,False,False,False,False,True,False
valid,20250704,20250704_3_03,3,부경,9,True,,0.0,0.1640483572661777,0.23530410405457464,0.17128120156576682,chronological_oos_threshold_source,True,False,True,False,True,False,True,False
valid,20250704,20250704_3_04,3,부경,11,True,,0.0,0.09568668297815469,0.08270616689077244,0.1105967338512734,chronological_oos_threshold_source,False,False,False,False,False,False,False,True
valid,20250704,20250704_3_05,3,부경,11,True,,0.0,0.13539737496387988,0.08728213409559923,0.11301569158666533,chronological_oos_threshold_source,False,False,False,False,False,False,False,True
valid,20250704,20250704_3_06,3,부경,11,True,,0.0,0.11864018723309189,0.18907644930916423,0.15559158982205898,chronological_oos_threshold_source,True,False,True,False,True,False,True,False
valid,20250704,20250704_3_07,3,부경,10,True,,0.0,0.1325406222428255,0.0722485285018282,0.1047707467251509,chronological_oos_threshold_source,False,False,False,False,False,True,False,True
valid,20250704,20250704_3_08,3,부경,11,True,,0.0,0.1072919509149878,0.12057634071674701,0.1288493826487787,chronological_oos_threshold_source,False,False,False,False,False,False,True,False
valid,20250705,20250705_1_01,1,서울,10,True,,0.0,0.12378159572451079,0.09152180920057947,0.11519497081936952,chronological_oos_threshold_source,False,False,False,False,False,False,False,False
valid,20250705,20250705_1_02,1,서울,10,True,,0.0,0.200008677896751,0.053046539308686344,0.09265345489033484,chronological_oos_threshold_source,False,True,False,True,False,True,False,True
valid,20250705,20250705_1_03,1,서울,11,True,,1.0,0.12830658081579988,0.11254186851932564,0.1252663447800095,chronological_oos_threshold_source,False,False,False,False,False,False,True,False
valid,20250705,20250705_1_04,1,서울,10,True,,0.0,0.1631416434798924,0.14078971365713666,0.13735944670718614,chronological_oos_threshold_source,False,False,False,False,True,False,True,False
valid,20250705,20250705_1_05,1,서울,9,True,,0.0,0.1204380816569179,0.07824989252473956,0.10816810536710839,chronological_oos_threshold_source,False,False,False,False,False,False,False,True
valid,20250705,20250705_1_06,1,서울,9,True,,0.0,0.1138957907692702,0.13907558916369286,0.13666240492116263,chronological_oos_threshold_source,False,False,False,False,True,False,True,False
valid,20250705,20250705_1_07,1,서울,7,True,,0.0,0.1008322725859456,0.1540393817465272,0.1426151464853159,chronological_oos_threshold_source,False,False,True,False,True,False,True,False
valid,20250705,20250705_1_08,1,서울,8,True,,0.0,0.18521705827896773,0.12318967904541872,0.1299881169403809,chronological_oos_threshold_source,False,False,False,False,False,False,True,False
valid,20250705,20250705_1_09,1,서울,10,True,,0.0,0.1677522601884577,0.10487983521221943,0.12172235594887577,chronological_oos_threshold_source,False,False,False,False,False,False,False,False
valid,20250706,20250706_1_01,1,서울,11,True,,0.0,0.0738743000023046,0.06954035160023528,0.10318510597593641,chronological_oos_threshold_source,False,False,False,False,False,True,False,True
valid,20250706,20250706_1_02,1,서울,11,True,,0.0,0.1052495927301009,0.1748534807921787,0.1504638982474037,chronological_oos_threshold_source,True,False,True,False,True,False,True,False
valid,20250706,20250706_1_03,1,서울,9,True,,0.0,0.08625793693148999,0.22012274565457332,0.16626733207000755,chronological_oos_threshold_source,True,False,True,False,True,False,True,False
valid,20250706,20250706_1_04,1,서울,8,True,,1.0,0.1684058921074132,0.13993582008236002,0.13701273509978207,chronological_oos_threshold_source,False,False,False,False,True,False,True,False
valid,20250706,20250706_1_05,1,서울,10,True,,1.0,0.1630813915466543,0.1245696522282421,0.13058444982674522,chronological_oos_threshold_source,False,False,False,False,False,False,True,False
valid,20250706,20250706_1_06,1,서울,10,True,,0.0,0.1682383822563502,0.2304369626923413,0.16968637983548945,chronological_oos_threshold_source,True,False,True,False,True,False,True,False
valid,20250706,20250706_1_07,1,서울,11,True,,0.0,0.1823317093650282,0.03753144408112278,0.08079508096086208,chronological_oos_threshold_source,False,True,False,True,False,True,False,True
valid,20250706,20250706_1_08,1,서울,10,True,,0.0,0.1732610485514737,0.1514482210217006,0.14160477044157826,chronological_oos_threshold_source,False,False,True,False,True,False,True,False
valid,20250706,20250706_1_09,1,서울,9,True,,0.0,0.16917320321987922,0.16382350291047834,0.14636088452944243,chronological_oos_threshold_source,False,False,True,False,True,False,True,False
valid,20250706,20250706_1_10,1,서울,8,True,,0.0,0.18092446235442378,0.08593876015176143,0.11231301519247355,chronological_oos_threshold_source,False,False,False,False,False,False,False,True
valid,20250706,20250706_1_11,1,서울,10,True,,1.0,0.1270429492282526,0.04440133966584755,0.08634879579485327,chronological_oos_threshold_source,False,True,False,True,False,True,False,True
valid,20250706,20250706_3_01,3,부경,9,True,,0.0,0.1230108644894948,0.058141679388075615,0.09608827923838101,chronological_oos_threshold_source,False,False,False,True,False,True,False,True
valid,20250706,20250706_3_02,3,부경,9,True,,0.0,0.0940789183041657,0.05531579023859411,0.09420608338613115,chronological_oos_threshold_source,False,False,False,True,False,True,False,True
valid,20250706,20250706_3_03,3,부경,11,True,,1.0,0.1207007813574395,0.0764264416935177,0.10715194618426525,chronological_oos_threshold_source,False,False,False,False,False,True,False,True
valid,20250706,20250706_3_04,3,부경,11,True,,1.0,0.1156543199724336,0.16593224293179767,0.1471546492372101,chronological_oos_threshold_source,False,False,True,False,True,False,True,False
valid,20250706,20250706_3_05,3,부경,11,True,,0.0,0.15854113434790532,0.10799471738149662,0.12317909761702982,chronological_oos_threshold_source,False,False,False,False,False,False,False,False
valid,20250706,20250706_3_06,3,부경,10,True,,0.0,0.1414078531994499,0.11849700524056242,0.12793425340811418,chronological_oos_threshold_source,False,False,False,False,False,False,True,False
valid,20250711,20250711_3_01,3,부경,12,True,,0.0,0.0983077887970776,0.1349630509905122,0.13497268249107375,chronological_oos_threshold_source,False,False,False,False,True,False,True,False
valid,20250711,20250711_3_02,3,부경,11,True,,0.0,0.0845709566932252,0.08174922171810622,0.11008151065146236,chronological_oos_threshold_source,False,False,False,False,False,False,False,True
valid,20250711,20250711_3_03,3,부경,11,True,,1.0,0.15508100562191113,0.1364133498710957,0.13557142367921518,chronological_oos_threshold_source,False,False,False,False,True,False,True,False
valid,20250711,20250711_3_04,3,부경,8,True,,1.0,0.1508225983455476,0.10279516813234876,0.12073450648259348,chronological_oos_threshold_source,False,False,False,False,False,False,False,False
valid,20250711,20250711_3_05,3,부경,9,True,,0.0,0.112431777115379,0.161858097829998,0.1456168872501685,chronological_oos_threshold_source,False,False,True,False,True,False,True,False
valid,20250711,20250711_3_06,3,부경,11,True,,0.0,0.1598948877104776,0.17101701774285344,0.14905020879753517,chronological_oos_threshold_source,False,False,True,False,True,False,True,False
valid,20250711,20250711_3_07,3,부경,11,True,,0.0,0.1516933280979422,0.17642184996881566,0.15103789979302662,chronological_oos_threshold_source,True,False,True,False,True,False,True,False
valid,20250711,20250711_3_08,3,부경,11,True,,1.0,0.18064871745473202,0.12163781951300508,0.12931341974514246,chronological_oos_threshold_source,False,False,False,False,False,False,True,False
valid,20250712,20250712_1_01,1,서울,9,True,,0.0,0.0949361005619335,0.10511691463555785,0.12183403325923509,chronological_oos_threshold_source,False,False,False,False,False,False,False,False
valid,20250712,20250712_1_02,1,서울,10,True,,0.0,0.07117923236291859,0.08251779967476602,0.11049558055988823,chronological_oos_threshold_source,False,False,False,False,False,False,False,True
valid,20250712,20250712_1_03,1,서울,11,True,,0.0,0.12709392570465358,0.116064204970437,0.12685297202410184,chronological_oos_threshold_source,False,False,False,False,False,False,True,False
valid,20250712,20250712_1_04,1,서울,9,True,,0.0,0.11750862867081571,0.1985312937419434,0.15891133134715327,chronological_oos_threshold_source,True,False,True,False,True,False,True,False
valid,20250712,20250712_1_05,1,서울,10,True,,0.0,0.1244982477497852,0.114523590257058,0.126162139623196,chronological_oos_threshold_source,False,False,False,False,False,False,True,False
valid,20250712,20250712_1_06,1,서울,10,True,,0.0,0.18676510449045572,0.15888532577144612,0.14448365708696106,chronological_oos_threshold_source,False,False,True,False,True,False,True,False
valid,20250712,20250712_1_07,1,서울,11,True,,0.0,0.1338220994481151,0.043656859673748,0.08577295346248201,chronological_oos_threshold_source,False,True,False,True,False,True,False,True
valid,20250712,20250712_1_08,1,서울,10,True,,0.0,0.1382863005013878,0.08265121926151009,0.11056724025052053,chronological_oos_threshold_source,False,False,False,False,False,False,False,True
valid,20250712,20250712_1_09,1,서울,9,True,,0.0,0.12443782395252412,0.12266097988906491,0.12975874647137278,chronological_oos_threshold_source,False,False,False,False,False,False,True,False
valid,20250713,20250713_1_01,1,서울,8,True,,0.0,0.138196835332977,0.06727785628448137,0.1018331084687872,chronological_oos_threshold_source,False,False,False,False,False,True,False,True
valid,20250713,20250713_1_02,1,서울,11,True,,0.0,0.0952838939181883,0.11022553037701938,0.12420875607305243,chronological_oos_threshold_source,False,False,False,False,False,False,False,False
valid,20250713,20250713_1_03,1,서울,11,True,,0.0,0.0586939066014927,0.11971657019563792,0.12847198488105893,chronological_oos_threshold_source,False,False,False,False,False,False,True,False
valid,20250713,20250713_1_04,1,서울,11,True,,0.0,0.1416393093978602,0.14230718616206484,0.13797308067178643,chronological_oos_threshold_source,False,False,False,False,True,False,True,False
valid,20250713,20250713_1_05,1,서울,11,True,,0.0,0.1353606389451354,0.21611953770353864,0.16492484946747554,chronological_oos_threshold_source,True,False,True,False,True,False,True,False
valid,20250713,20250713_1_06,1,서울,9,True,,0.0,0.15079310958893122,0.0864332098513472,0.11257234938243794,chronological_oos_threshold_source,False,False,False,False,False,False,False,True
valid,20250713,20250713_1_07,1,서울,8,True,,0.0,0.14516788470947872,0.12463951661021475,0.13061455093883997,chronological_oos_threshold_source,False,False,False,False,False,False,True,False
valid,20250713,20250713_1_08,1,서울,10,True,,0.0,0.18282014524045562,0.1755143150641227,0.15070602720984072,chronological_oos_threshold_source,True,False,True,False,True,False,True,False
valid,20250713,20250713_1_09,1,서울,8,True,,0.0,0.1675140555761151,0.14417644920249031,0.13872462976362485,chronological_oos_threshold_source,False,False,False,False,True,False,True,False
valid,20250713,20250713_1_10,1,서울,9,True,,0.0,0.11043255411053479,0.08331205993863071,0.11092122937296317,chronological_oos_threshold_source,False,False,False,False,False,False,False,True
valid,20250713,20250713_1_11,1,서울,11,True,,0.0,0.07352384987971179,0.03809576449474068,0.08127315589058295,chronological_oos_threshold_source,False,True,False,True,False,True,False,True
valid,20250713,20250713_3_01,3,부경,7,True,,0.0,0.1293193473116909,0.09307161738725997,0.11597771739186806,chronological_oos_threshold_source,False,False,False,False,False,False,False,False
valid,20250713,20250713_3_02,3,부경,11,True,,0.0,0.060487551956494696,0.0376797993507147,0.08092117873759937,chronological_oos_threshold_source,False,True,False,True,False,True,False,True
valid,20250713,20250713_3_03,3,부경,11,True,,0.0,0.0591153920902015,0.08642840171797397,0.11256983152844498,chronological_oos_threshold_source,False,False,False,False,False,False,False,True
valid,20250713,20250713_3_04,3,부경,11,True,,0.0,0.17025373997157542,0.18895087319534792,0.1555470455498622,chronological_oos_threshold_source,True,False,True,False,True,False,True,False
valid,20250713,20250713_3_05,3,부경,11,True,,0.0,0.16746930518977687,0.20817792591461984,0.16223385199713186,chronological_oos_threshold_source,True,False,True,False,True,False,True,False
valid,20250713,20250713_3_06,3,부경,10,True,,0.0,0.1794376152207136,0.07332933404754882,0.10539408898565238,chronological_oos_threshold_source,False,False,False,False,False,True,False,True
valid,20250718,20250718_3_01,3,부경,10,True,,0.0,0.0697306428899568,0.12482283782364961,0.1306934942491209,chronological_oos_threshold_source,False,False,False,False,False,False,True,False
valid,20250718,20250718_3_02,3,부경,11,True,,0.0,0.055869009317593,0.05465407134219532,0.09375725629138686,chronological_oos_threshold_source,False,False,False,True,False,True,False,True
valid,20250718,20250718_3_03,3,부경,11,True,,1.0,0.1200765663634081,0.12550088209316915,0.13098496891117975,chronological_oos_threshold_source,False,False,False,False,True,False,True,False
valid,20250718,20250718_3_04,3,부경,11,True,,0.0,0.1319692784668703,0.2529469081949447,0.17697371656989141,chronological_oos_threshold_source,True,False,True,False,True,False,True,False
valid,20250718,20250718_3_05,3,부경,11,True,,0.0,0.1139321773367501,0.09854689292542197,0.1186875842821082,chronological_oos_threshold_source,False,False,False,False,False,False,False,False
valid,20250718,20250718_3_06,3,부경,11,True,,0.0,0.10786727187107739,0.15802649340204866,0.144154454706633,chronological_oos_threshold_source,False,False,True,False,True,False,True,False
valid,20250718,20250718_3_07,3,부경,11,True,,0.0,0.1291009633264507,0.14979292254953447,0.1409550463280321,chronological_oos_threshold_source,False,False,True,False,True,False,True,False
valid,20250718,20250718_3_08,3,부경,11,True,,0.0,0.14473918193370927,0.20589926827977775,0.16145455313446844,chronological_oos_threshold_source,True,False,True,False,True,False,True,False
valid,20250719,20250719_1_01,1,서울,10,True,,0.0,0.13628739001109488,0.042044118696413835,0.08450513158384737,chronological_oos_threshold_source,False,True,False,True,False,True,False,True
valid,20250719,20250719_1_02,1,서울,11,True,,0.0,0.08459705462100349,0.09983872530733527,0.11931496225904013,chronological_oos_threshold_source,False,False,False,False,False,False,False,False
valid,20250719,20250719_1_03,1,서울,11,True,,0.0,0.1224197617446443,0.11455690565848055,0.12617712969403821,chronological_oos_threshold_source,False,False,False,False,False,False,True,False
valid,20250719,20250719_1_04,1,서울,9,True,,0.0,0.16001873009957607,0.1675936362814171,0.14777682541750123,chronological_oos_threshold_source,False,False,True,False,True,False,True,False
valid,20250719,20250719_1_05,1,서울,11,True,,0.0,0.1589299370189003,0.06315699175153006,0.09930172395227375,chronological_oos_threshold_source,False,False,False,True,False,True,False,True
valid,20250719,20250719_1_06,1,서울,9,True,,0.0,0.1241724194544614,0.17135231570679632,0.14917431617429003,chronological_oos_threshold_source,True,False,True,False,True,False,True,False
valid,20250719,20250719_1_07,1,서울,10,True,,0.0,0.2483531586745763,0.09109465935052133,0.11497795918641862,chronological_oos_threshold_source,False,False,False,False,False,False,False,False
valid,20250719,20250719_1_08,1,서울,10,True,,0.0,0.1578475532248742,0.15410151343435954,0.14263927526171363,chronological_oos_threshold_source,False,False,True,False,True,False,True,False
valid,20250719,20250719_1_09,1,서울,9,True,,0.0,0.11024488160912531,0.05272330485570084,0.09242914409503447,chronological_oos_threshold_source,False,True,False,True,False,True,False,True
valid,20250720,20250720_1_01,1,서울,12,True,,1.0,0.12285551227800441,0.07902437347166173,0.10859566261613852,chronological_oos_threshold_source,False,False,False,False,False,False,False,True
valid,20250720,20250720_1_02,1,서울,10,True,,0.0,0.0999946811203454,0.052453693962452676,0.09224142626874753,chronological_oos_threshold_source,False,True,False,True,False,True,False,True
valid,20250720,20250720_1_03,1,서울,8,True,,0.0,0.1103071085265141,0.14037196751364237,0.13718995511897344,chronological_oos_threshold_source,False,False,False,False,True,False,True,False
valid,20250720,20250720_1_04,1,서울,11,True,,1.0,0.099661591657687,0.10287504457044186,0.12077255336724041,chronological_oos_threshold_source,False,False,False,False,False,False,False,False
valid,20250720,20250720_1_05,1,서울,9,True,,0.0,0.2689421568912329,0.1882627031402135,0.15530271946801705,chronological_oos_threshold_source,True,False,True,False,True,False,True,False
valid,20250720,20250720_1_06,1,서울,8,True,,0.0,0.0963458440642021,0.14062934879973574,0.13729441108887067,chronological_oos_threshold_source,False,False,False,False,True,False,True,False
valid,20250720,20250720_1_07,1,서울,9,True,,0.0,0.1081854644201389,0.05366377164928452,0.09307956616958671,chronological_oos_threshold_source,False,True,False,True,False,True,False,True
valid,20250720,20250720_1_08,1,서울,10,True,,0.0,0.1260608634277235,0.11369631848318631,0.12578918153137447,chronological_oos_threshold_source,False,False,False,False,False,False,True,False
valid,20250720,20250720_1_09,1,서울,11,True,,0.0,0.1316489794887034,0.10689569768735895,0.12266769605246972,chronological_oos_threshold_source,False,False,False,False,False,False,False,False
valid,20250720,20250720_1_10,1,서울,11,True,,0.0,0.1023423066217512,0.06616091887479413,0.10115602895986824,chronological_oos_threshold_source,False,False,False,True,False,True,False,True
valid,20250720,20250720_1_11,1,서울,11,True,,0.0,0.1559077421095118,0.08048689342752319,0.10939667851493096,chronological_oos_threshold_source,False,False,False,False,False,False,False,True
valid,20250720,20250720_3_01,3,부경,11,True,,0.0,0.07739590594584081,0.07134575431336616,0.10424599993522264,chronological_oos_threshold_source,False,False,False,False,False,True,False,True
valid,20250720,20250720_3_02,3,부경,10,True,,0.0,0.1458957557272064,0.1797352273391079,0.15224331436227365,chronological_oos_threshold_source,True,False,True,False,True,False,True,False
valid,20250720,20250720_3_03,3,부경,11,True,,0.0,0.05311897552387541,0.13867260840124135,0.1364979261391691,chronological_oos_threshold_source,False,False,False,False,True,False,True,False
valid,20250720,20250720_3_04,3,부경,11,True,,0.0,0.13656172203354638,0.09017647431560448,0.11450957940432717,chronological_oos_threshold_source,False,False,False,False,False,False,False,False
valid,20250720,20250720_3_05,3,부경,11,True,,0.0,0.12858416476176732,0.14180084213327232,0.13776868060845612,chronological_oos_threshold_source,False,False,False,False,True,False,True,False
valid,20250720,20250720_3_06,3,부경,11,True,,0.0,0.1299957380120418,0.12295451575094003,0.12988615603934078,chronological_oos_threshold_source,False,False,False,False,False,False,True,False
valid,20250726,20250726_1_01,1,서울,11,True,,0.0,0.10455569922797349,0.08164774765893087,0.1100266792698497,chronological_oos_threshold_source,False,False,False,False,False,False,False,True
valid,20250726,20250726_1_02,1,서울,8,True,,0.0,0.1999596516881995,0.12174328842488795,0.12935941307641655,chronological_oos_threshold_source,False,False,False,False,False,False,True,False
valid,20250726,20250726_1_03,1,서울,10,True,,1.0,0.1370398176668621,0.1498672197024248,0.14098428147066489,chronological_oos_threshold_source,False,False,True,False,True,False,True,False
valid,20250726,20250726_1_04,1,서울,11,True,,0.0,0.1598503223692639,0.08591183743600533,0.11229887075178693,chronological_oos_threshold_source,False,False,False,False,False,False,False,True
valid,20250726,20250726_1_05,1,서울,11,True,,0.0,0.14872726566770939,0.23678282291968583,0.17176351681659532,chronological_oos_threshold_source,True,False,True,False,True,False,True,False
valid,20250726,20250726_1_06,1,서울,11,True,,0.0,0.1507526631236796,0.11027600377946606,0.12423192492498811,chronological_oos_threshold_source,False,False,False,False,False,False,False,False
valid,20250726,20250726_1_07,1,서울,10,True,,0.0,0.15574450575447288,0.15344041242476122,0.14238230312262043,chronological_oos_threshold_source,False,False,True,False,True,False,True,False
valid,20250726,20250726_1_08,1,서울,11,True,,0.0,0.1300403946142159,0.042349881651682866,0.08474770129418933,chronological_oos_threshold_source,False,True,False,True,False,True,False,True
valid,20250726,20250726_1_09,1,서울,8,True,,0.0,0.1688853489627142,0.23602227943803147,0.17151557603453338,chronological_oos_threshold_source,True,False,True,False,True,False,True,False
valid,20250727,20250727_1_01,1,서울,11,True,,1.0,0.07876393184581319,0.08164890004306315,0.11002730217316589,chronological_oos_threshold_source,False,False,False,False,False,False,False,True
valid,20250727,20250727_1_02,1,서울,11,True,,0.0,0.11477809852551639,0.090763531412521,0.11480934634193156,chronological_oos_threshold_source,False,False,False,False,False,False,False,False
valid,20250727,20250727_1_03,1,서울,8,True,,0.0,0.2255462025565177,0.12476202951548239,0.13066731500229886,chronological_oos_threshold_source,False,False,False,False,False,False,True,False
valid,20250727,20250727_1_04,1,서울,10,True,,0.0,0.20280028262648503,0.06157484164758596,0.09830453037145073,chronological_oos_threshold_source,False,False,False,True,False,True,False,True
valid,20250727,20250727_1_05,1,서울,9,True,,0.0,0.1419930189227718,0.11303515811288872,0.12549009136794248,chronological_oos_threshold_source,False,False,False,False,False,False,True,False
valid,20250727,20250727_1_06,1,서울,8,True,,0.0,0.1669932746707682,0.10560253977781849,0.12206237105087378,chronological_oos_threshold_source,False,False,False,False,False,False,False,False
valid,20250727,20250727_1_08,1,서울,11,True,,0.0,0.1848167983720056,0.11569198933878494,0.12668650456524141,chronological_oos_threshold_source,False,False,False,False,False,False,True,False
valid,20250727,20250727_1_09,1,서울,11,True,,0.0,0.09234484680880038,0.11164253440593666,0.12485709830257384,chronological_oos_threshold_source,False,False,False,False,False,False,True,False
valid,20250727,20250727_1_10,1,서울,11,True,,1.0,0.1737862336183028,0.16266033474148303,0.14592106557375958,chronological_oos_threshold_source,False,False,True,False,True,False,True,False
valid,20250727,20250727_1_11,1,서울,9,True,,0.0,0.1494951974227396,0.10412602437697595,0.12136637282079951,chronological_oos_threshold_source,False,False,False,False,False,False,False,False
valid,20250727,20250727_1_12,1,서울,10,True,,1.0,0.1545863895729396,0.10231148056178327,0.12050377652916458,chronological_oos_threshold_source,False,False,False,False,False,False,False,False
valid,20250727,20250727_1_13,1,서울,10,True,,0.0,0.17938309166455413,0.14513752751976391,0.13910920735807147,chronological_oos_threshold_source,False,False,True,False,True,False,True,False
valid,20250727,20250727_1_14,1,서울,11,True,,0.0,0.0936825837398002,0.0668817984224715,0.1015937658444493,chronological_oos_threshold_source,False,False,False,False,False,True,False,True
valid,20250801,20250801_3_01,3,부경,8,True,,0.0,0.10660730200552679,0.0850453343660673,0.11184231326137835,chronological_oos_threshold_source,False,False,False,False,False,False,False,True
valid,20250801,20250801_3_02,3,부경,11,True,,0.0,0.1085217510279466,0.0700694418937022,0.10349762497420884,chronological_oos_threshold_source,False,False,False,False,False,True,False,True
valid,20250801,20250801_3_03,3,부경,11,True,,0.0,0.135984057667689,0.14282091953636922,0.13818010373434336,chronological_oos_threshold_source,False,False,False,False,True,False,True,False
valid,20250801,20250801_3_04,3,부경,11,True,,0.0,0.1185035535137833,0.1322069102378786,0.13382598938843504,chronological_oos_threshold_source,False,False,False,False,True,False,True,False
valid,20250801,20250801_3_05,3,부경,11,True,,0.0,0.16314097849650847,0.11966498354019209,0.12844929657213996,chronological_oos_threshold_source,False,False,False,False,False,False,True,False
valid,20250801,20250801_3_06,3,부경,11,True,,0.0,0.0803273693516086,0.17087909882781444,0.148999128117629,chronological_oos_threshold_source,False,False,True,False,True,False,True,False
valid,20250801,20250801_3_07,3,부경,11,True,,0.0,0.0734375330019987,0.08994813675705976,0.11439269433066926,chronological_oos_threshold_source,False,False,False,False,False,False,False,False
valid,20250801,20250801_3_08,3,부경,11,True,,0.0,0.1606993247328952,0.29249321496269626,0.18933302228513765,chronological_oos_threshold_source,True,False,True,False,True,False,True,False
valid,20250801,20250801_3_09,3,부경,10,True,,0.0,0.1279313201085823,0.10477457447711433,0.12167272928843827,chronological_oos_threshold_source,False,False,False,False,False,False,False,False
valid,20250801,20250801_3_10,3,부경,11,True,,0.0,0.09480103598404051,0.0684307599971526,0.10252525133723166,chronological_oos_threshold_source,False,False,False,False,False,True,False,True
valid,20250801,20250801_3_11,3,부경,11,True,,1.0,0.18102156733304178,0.15794180778456623,0.14412194880472556,chronological_oos_threshold_source,False,False,True,False,True,False,True,False
valid,20250801,20250801_3_12,3,부경,10,True,,0.0,0.1247000483083925,0.1200783331380191,0.128630950596902,chronological_oos_threshold_source,False,False,False,False,False,False,True,False
valid,20250801,20250801_3_13,3,부경,11,True,,0.0,0.07090704667113461,0.09540341680118639,0.11714211107710927,chronological_oos_threshold_source,False,False,False,False,False,False,False,False
valid,20250801,20250801_3_14,3,부경,9,True,,0.0,0.136922915718802,0.09722471448484518,0.11804084820590577,chronological_oos_threshold_source,False,False,False,False,False,False,False,False
valid,20250802,20250802_1_01,1,서울,11,True,,0.0,0.1212638817019681,0.07663028727714254,0.10726621834931506,chronological_oos_threshold_source,False,False,False,False,False,True,False,True
valid,20250802,20250802_1_02,1,서울,11,True,,0.0,0.083132366648885,0.05958564154974333,0.0970294512635697,chronological_oos_threshold_source,False,False,False,True,False,True,False,True
valid,20250802,20250802_1_03,1,서울,11,True,,0.0,0.1403936817389202,0.1413430552531008,0.13758357688527853,chronological_oos_threshold_source,False,False,False,False,True,False,True,False
valid,20250802,20250802_1_04,1,서울,9,True,,0.0,0.1548504665104456,0.04820441691882112,0.08920440197141934,chronological_oos_threshold_source,False,True,False,True,False,True,False,True
valid,20250802,20250802_1_05,1,서울,9,True,,0.0,0.1541336657936615,0.11051056591036697,0.12433952302105952,chronological_oos_threshold_source,False,False,False,False,False,False,False,False
valid,20250802,20250802_1_06,1,서울,9,True,,0.0,0.1618360671621899,0.12961382131950214,0.13273620768422822,chronological_oos_threshold_source,False,False,False,False,True,False,True,False
valid,20250802,20250802_1_07,1,서울,9,True,,0.0,0.0789373720443095,0.0714268364119163,0.10429328389711567,chronological_oos_threshold_source,False,False,False,False,False,True,False,True
valid,20250802,20250802_1_08,1,서울,10,True,,0.0,0.1809976142951027,0.1789175991294037,0.15194675784502307,chronological_oos_threshold_source,True,False,True,False,True,False,True,False
valid,20250802,20250802_1_09,1,서울,9,True,,0.0,0.17737015002626982,0.07127261023750184,0.10420331881931025,chronological_oos_threshold_source,False,False,False,False,False,True,False,True
valid,20250802,20250802_3_01,3,부경,11,True,,0.0,0.0572438117176772,0.07093135830846592,0.10400386005956973,chronological_oos_threshold_source,False,False,False,False,False,True,False,True
valid,20250802,20250802_3_02,3,부경,11,True,,0.0,0.0696481446101036,0.17560739047050758,0.15074009792900958,chronological_oos_threshold_source,True,False,True,False,True,False,True,False
valid,20250802,20250802_3_03,3,부경,11,True,,1.0,0.0923450478007662,0.20143750168944743,0.15991884680185392,chronological_oos_threshold_source,True,False,True,False,True,False,True,False
valid,20250802,20250802_3_04,3,부경,11,True,,0.0,0.19133323696028218,0.1391798094150291,0.1367049050199055,chronological_oos_threshold_source,False,False,False,False,True,False,True,False
valid,20250802,20250802_3_05,3,부경,9,True,,1.0,0.2164331594532686,0.11726486909849394,0.1273880700967888,chronological_oos_threshold_source,False,False,False,False,False,False,True,False
valid,20250803,20250803_1_01,1,서울,12,True,,1.0,0.1125974227550671,0.08004963312393171,0.10915805559450369,chronological_oos_threshold_source,False,False,False,False,False,False,False,True
valid,20250803,20250803_1_02,1,서울,11,True,,1.0,0.142354646796934,0.05209878519013226,0.09199345172671893,chronological_oos_threshold_source,False,True,False,True,False,True,False,True
valid,20250803,20250803_1_03,1,서울,11,True,,0.0,0.0918208162415771,0.09771543984750833,0.11828143611225464,chronological_oos_threshold_source,False,False,False,False,False,False,False,False
valid,20250803,20250803_1_04,1,서울,9,True,,1.0,0.1803407060608544,0.2342979149986058,0.17095242922769063,chronological_oos_threshold_source,True,False,True,False,True,False,True,False
valid,20250803,20250803_1_05,1,서울,8,True,,0.0,0.1919560938329167,0.09214382167342233,0.11550999033581764,chronological_oos_threshold_source,False,False,False,False,False,False,False,False
valid,20250803,20250803_1_06,1,서울,8,True,,1.0,0.16903776735578402,0.1697720567182531,0.14858845072207835,chronological_oos_threshold_source,False,False,True,False,True,False,True,False
valid,20250803,20250803_1_07,1,서울,8,True,,0.0,0.264540803923596,0.07655782042746102,0.10722561443584483,chronological_oos_threshold_source,False,False,False,False,False,True,False,True
valid,20250803,20250803_1_08,1,서울,9,True,,1.0,0.1666789162180674,0.06969518182483755,0.10327670025502686,chronological_oos_threshold_source,False,False,False,False,False,True,False,True
valid,20250803,20250803_1_09,1,서울,11,True,,0.0,0.18121696093930312,0.11435464431384834,0.12608608836813986,chronological_oos_threshold_source,False,False,False,False,False,False,True,False
valid,20250803,20250803_1_10,1,서울,11,True,,0.0,0.17080284892031128,0.08235315057768108,0.11040705821030629,chronological_oos_threshold_source,False,False,False,False,False,False,False,True
valid,20250803,20250803_1_11,1,서울,11,True,,0.0,0.0849400470041774,0.1300155879288084,0.13290576538594742,chronological_oos_threshold_source,False,False,False,False,True,False,True,False
valid,20250803,20250803_1_12,1,서울,11,True,,0.0,0.17286102661908512,0.08815425530269683,0.11346867025580194,chronological_oos_threshold_source,False,False,False,False,False,False,False,True
valid,20250803,20250803_1_13,1,서울,10,True,,0.0,0.21317128407242192,0.15261401572557295,0.14206034843562707,chronological_oos_threshold_source,False,False,True,False,True,False,True,False
valid,20250803,20250803_1_14,1,서울,10,True,,0.0,0.110538272871423,0.07719834471295235,0.1075837581956383,chronological_oos_threshold_source,False,False,False,False,False,True,False,True
valid,20250809,20250809_3_01,3,부경,8,True,,0.0,0.2090850460520238,0.062396505344622266,0.09882423511596183,chronological_oos_threshold_source,False,False,False,True,False,True,False,True
valid,20250809,20250809_3_02,3,부경,10,True,,0.0,0.0834144504216929,0.0604143486975005,0.09756361400583637,chronological_oos_threshold_source,False,False,False,True,False,True,False,True
valid,20250809,20250809_3_03,3,부경,8,True,,0.0,0.10985863944264039,0.06307586775153852,0.09925094751008458,chronological_oos_threshold_source,False,False,False,True,False,True,False,True
valid,20250809,20250809_3_04,3,부경,10,True,,0.0,0.1129406677944806,0.1625310588217832,0.1458720952935764,chronological_oos_threshold_source,False,False,True,False,True,False,True,False
valid,20250809,20250809_3_05,3,부경,10,True,,0.0,0.14019773546425252,0.14488697982960344,0.13900906856791226,chronological_oos_threshold_source,False,False,True,False,True,False,True,False
valid,20250809,20250809_3_06,3,부경,10,True,,0.0,0.1429471369748842,0.15466139237683696,0.14285649870545494,chronological_oos_threshold_source,False,False,True,False,True,False,True,False
valid,20250809,20250809_3_07,3,부경,10,True,,0.0,0.1600717079473865,0.1996939184907734,0.15931508598001637,chronological_oos_threshold_source,True,False,True,False,True,False,True,False
valid,20250809,20250809_3_08,3,부경,9,True,,0.0,0.1940187964873312,0.1840508810635559,0.1537991433889409,chronological_oos_threshold_source,True,False,True,False,True,False,True,False
valid,20250809,20250809_3_09,3,부경,11,True,,0.0,0.0873155299802539,0.1648262362842914,0.14673890286672153,chronological_oos_threshold_source,False,False,True,False,True,False,True,False
valid,20250810,20250810_3_01,3,부경,10,True,,0.0,0.1156465745599363,0.12554083736950786,0.1310021197464965,chronological_oos_threshold_source,False,False,False,False,True,False,True,False
valid,20250810,20250810_3_02,3,부경,10,True,,0.0,0.0752146692548902,0.06880720711653578,0.10274980019622473,chronological_oos_threshold_source,False,False,False,False,False,True,False,True
valid,20250810,20250810_3_03,3,부경,8,True,,0.0,0.184419583501898,0.15520626239407517,0.14306754639687114,chronological_oos_threshold_source,False,False,True,False,True,False,True,False
valid,20250810,20250810_3_04,3,부경,11,True,,1.0,0.0771788349966349,0.06257891126807014,0.09893906865764297,chronological_oos_threshold_source,False,False,False,True,False,True,False,True
valid,20250810,20250810_3_05,3,부경,8,True,,1.0,0.2122428297816615,0.10821804230494579,0.12328267891456836,chronological_oos_threshold_source,False,False,False,False,False,False,False,False
valid,20250810,20250810_3_06,3,부경,8,True,,0.0,0.1503810735422696,0.1610703568882205,0.1453175342998107,chronological_oos_threshold_source,False,False,True,False,True,False,True,False
valid,20250810,20250810_3_07,3,부경,8,True,,1.0,0.17499234600024421,0.06993971320613952,0.10342112306181109,chronological_oos_threshold_source,False,False,False,False,False,True,False,True
valid,20250810,20250810_3_08,3,부경,8,True,,0.0,0.1553027534905534,0.07716480578771776,0.10756504690208828,chronological_oos_threshold_source,False,False,False,False,False,True,False,True
valid,20250810,20250810_3_09,3,부경,8,True,,0.0,0.20745910511949006,0.15236806538964134,0.14196437089114436,chronological_oos_threshold_source,False,False,True,False,True,False,True,False
valid,20250810,20250810_3_10,3,부경,10,True,,0.0,0.129931382730655,0.10709981106017288,0.1227628851442227,chronological_oos_threshold_source,False,False,False,False,False,False,False,False
valid,20250810,20250810_3_11,3,부경,11,True,,0.0,0.1363466313430004,0.13674535431276144,0.13570804607426362,chronological_oos_threshold_source,False,False,False,False,True,False,True,False
valid,20250810,20250810_3_12,3,부경,11,True,,0.0,0.1804587692558734,0.24116252169029315,0.17318621849140406,chronological_oos_threshold_source,True,False,True,False,True,False,True,False
valid,20250810,20250810_3_13,3,부경,9,True,,0.0,0.103231606830957,0.06890065521729792,0.10280543239389656,chronological_oos_threshold_source,False,False,False,False,False,True,False,True
valid,20250810,20250810_3_14,3,부경,10,True,,0.0,0.1541458473389375,0.11280781912666121,0.12538703843114302,chronological_oos_threshold_source,False,False,False,False,False,False,True,False
valid,20250815,20250815_3_01,3,부경,8,True,,1.0,0.2357218513878676,0.08131507260232614,0.10984665075893682,chronological_oos_threshold_source,False,False,False,False,False,False,False,True
valid,20250815,20250815_3_02,3,부경,10,True,,0.0,0.34967470215393515,0.05924236606304942,0.09680691930140613,chronological_oos_threshold_source,False,False,False,True,False,True,False,True
valid,20250815,20250815_3_03,3,부경,8,True,,0.0,0.15359524754559362,0.10012696453563197,0.11945434705126039,chronological_oos_threshold_source,False,False,False,False,False,False,False,False
valid,20250815,20250815_3_04,3,부경,8,True,,0.0,0.1114972147058708,0.0897885248231374,0.11431089262249497,chronological_oos_threshold_source,False,False,False,False,False,False,False,False
valid,20250815,20250815_3_05,3,부경,8,True,,0.0,0.1485060835655997,0.13721423795355273,0.1359007175165239,chronological_oos_threshold_source,False,False,False,False,True,False,True,False
valid,20250815,20250815_3_06,3,부경,11,True,,0.0,0.1534155468996333,0.12213778055670181,0.12953126431265846,chronological_oos_threshold_source,False,False,False,False,False,False,True,False
valid,20250815,20250815_3_07,3,부경,10,True,,0.0,0.1580550494361412,0.08998388501962055,0.11441100449370688,chronological_oos_threshold_source,False,False,False,False,False,False,False,False
valid,20250815,20250815_3_08,3,부경,9,True,,0.0,0.11804103177005698,0.1048389842787646,0.12170309935314043,chronological_oos_threshold_source,False,False,False,False,False,False,False,False
valid,20250816,20250816_1_01,1,서울,11,True,,0.0,0.10129157527039731,0.06907491241795463,0.10290905711673601,chronological_oos_threshold_source,False,False,False,False,False,True,False,True
valid,20250816,20250816_1_02,1,서울,10,True,,0.0,0.132690228615933,0.07649372768002274,0.10718968451731416,chronological_oos_threshold_source,False,False,False,False,False,True,False,True
valid,20250816,20250816_1_03,1,서울,11,True,,0.0,0.1316748073832016,0.09418362114121437,0.11653496223960295,chronological_oos_threshold_source,False,False,False,False,False,False,False,False
valid,20250816,20250816_1_04,1,서울,11,True,,0.0,0.2118427385608044,0.31198420361223195,0.19527598404069338,chronological_oos_threshold_source,True,False,True,False,True,False,True,False
valid,20250816,20250816_1_05,1,서울,11,True,,0.0,0.1203806830290644,0.08304794739986415,0.1107799422347517,chronological_oos_threshold_source,False,False,False,False,False,False,False,True
valid,20250816,20250816_1_06,1,서울,11,True,,1.0,0.103759243203429,0.12726056635858551,0.13173771263154377,chronological_oos_threshold_source,False,False,False,False,True,False,True,False
valid,20250816,20250816_1_07,1,서울,8,True,,1.0,0.1858034416567969,0.06320196616768438,0.0993298576985453,chronological_oos_threshold_source,False,False,False,True,False,True,False,True
valid,20250816,20250816_1_08,1,서울,10,True,,0.0,0.2182511945255236,0.2349893882332862,0.1711784191974798,chronological_oos_threshold_source,True,False,True,False,True,False,True,False
valid,20250816,20250816_1_09,1,서울,8,True,,0.0,0.1546297311715156,0.09178572689698046,0.11532877540994273,chronological_oos_threshold_source,False,False,False,False,False,False,False,False
valid,20250817,20250817_1_01,1,서울,11,True,,0.0,0.1798863089358434,0.061942418312381224,0.09853751752484617,chronological_oos_threshold_source,False,False,False,True,False,True,False,True
valid,20250817,20250817_1_02,1,서울,11,True,,0.0,0.1379541517834732,0.09008750566572589,0.11446405609923978,chronological_oos_threshold_source,False,False,False,False,False,False,False,False
valid,20250817,20250817_1_03,1,서울,11,True,,0.0,0.17653234370751839,0.07936648668841863,0.10878377776717282,chronological_oos_threshold_source,False,False,False,False,False,False,False,True
valid,20250817,20250817_1_04,1,서울,10,True,,0.0,0.10597647750165169,0.23950912096583754,0.17265013584879993,chronological_oos_threshold_source,True,False,True,False,True,False,True,False
valid,20250817,20250817_1_05,1,서울,11,True,,0.0,0.1104013609024874,0.14215351377976415,0.13791108380790715,chronological_oos_threshold_source,False,False,False,False,True,False,True,False
valid,20250817,20250817_1_06,1,서울,11,True,,0.0,0.16940275435582297,0.08073958680062437,0.10953424764507749,chronological_oos_threshold_source,False,False,False,False,False,False,False,True
valid,20250817,20250817_1_07,1,서울,11,True,,0.0,0.1300822287751201,0.08371444669580735,0.11113600700614691,chronological_oos_threshold_source,False,False,False,False,False,False,False,True
valid,20250817,20250817_1_08,1,서울,10,True,,0.0,0.145157339015839,0.1515982081672895,0.14166347595183829,chronological_oos_threshold_source,False,False,True,False,True,False,True,False
valid,20250817,20250817_1_09,1,서울,10,True,,0.0,0.1634358732009043,0.09800590428679493,0.11842353391764875,chronological_oos_threshold_source,False,False,False,False,False,False,False,False
valid,20250817,20250817_1_10,1,서울,11,True,,0.0,0.1328202030099272,0.10888555037366784,0.12359160667622156,chronological_oos_threshold_source,False,False,False,False,False,False,False,False
valid,20250817,20250817_1_11,1,서울,10,True,,0.0,0.1848337151625222,0.17564976611288022,0.15075560713519323,chronological_oos_threshold_source,True,False,True,False,True,False,True,False
valid,20250817,20250817_3_01,3,부경,8,True,,0.0,0.11184551148039759,0.07223137622005153,0.10476081171057809,chronological_oos_threshold_source,False,False,False,False,False,True,False,True
valid,20250817,20250817_3_02,3,부경,8,True,,0.0,0.1500465760171582,0.09781229841971247,0.11832884557333331,chronological_oos_threshold_source,False,False,False,False,False,False,False,False
valid,20250817,20250817_3_03,3,부경,8,True,,0.0,0.1833209714724972,0.16331205872395,0.1461676719935642,chronological_oos_threshold_source,False,False,True,False,True,False,True,False
valid,20250817,20250817_3_04,3,부경,10,True,,0.0,0.1406937191762049,0.054874333485971545,0.09390700643346823,chronological_oos_threshold_source,False,False,False,True,False,True,False,True
valid,20250817,20250817_3_05,3,부경,10,True,,0.0,0.13414245628692373,0.10362130697052821,0.12112725327791826,chronological_oos_threshold_source,False,False,False,False,False,False,False,False
valid,20250817,20250817_3_06,3,부경,10,True,,0.0,0.1045668050791458,0.11423323358456054,0.1260313989759644,chronological_oos_threshold_source,False,False,False,False,False,False,True,False
valid,20250822,20250822_3_01,3,부경,12,True,,0.0,0.08492269952692941,0.12941097580136426,0.13265050054684782,chronological_oos_threshold_source,False,False,False,False,True,False,True,False
valid,20250822,20250822_3_02,3,부경,8,True,,0.0,0.1845470642370013,0.05293064165520069,0.09257311957222836,chronological_oos_threshold_source,False,True,False,True,False,True,False,True
valid,20250822,20250822_3_03,3,부경,8,True,,0.0,0.1273885217941954,0.03480532597454664,0.0784225047282533,chronological_oos_threshold_source,False,True,False,True,False,True,False,True
valid,20250822,20250822_3_04,3,부경,11,True,,0.0,0.09711222366350111,0.0850448997348101,0.11184208360880145,chronological_oos_threshold_source,False,False,False,False,False,False,False,True
valid,20250822,20250822_3_05,3,부경,8,True,,0.0,0.14686012910985022,0.10931924915516374,0.1237917898702191,chronological_oos_threshold_source,False,False,False,False,False,False,False,False
valid,20250822,20250822_3_06,3,부경,8,True,,0.0,0.0915088319140194,0.1071920627967842,0.1228058755418858,chronological_oos_threshold_source,False,False,False,False,False,False,False,False
valid,20250822,20250822_3_07,3,부경,10,True,,0.0,0.1450991928891053,0.11077848889225818,0.12446227746830348,chronological_oos_threshold_source,False,False,False,False,False,False,False,False
valid,20250822,20250822_3_08,3,부경,10,True,,0.0,0.1547531076365559,0.1553531903039487,0.1431243976237051,chronological_oos_threshold_source,False,False,True,False,True,False,True,False
valid,20250823,20250823_1_01,1,서울,10,True,,0.0,0.1948400639956081,0.1108923971180625,0.12451441957168648,chronological_oos_threshold_source,False,False,False,False,False,False,False,False
valid,20250823,20250823_1_02,1,서울,11,True,,0.0,0.09007096840207339,0.0762306172432836,0.10704200819686184,chronological_oos_threshold_source,False,False,False,False,False,True,False,True
valid,20250823,20250823_1_03,1,서울,11,True,,0.0,0.08713953619307471,0.16335554680698078,0.1461841115363089,chronological_oos_threshold_source,False,False,True,False,True,False,True,False
valid,20250823,20250823_1_04,1,서울,11,True,,0.0,0.1290572184845769,0.1385437212303944,0.1364452707711618,chronological_oos_threshold_source,False,False,False,False,True,False,True,False
valid,20250823,20250823_1_05,1,서울,11,True,,1.0,0.1511434043964412,0.14296527202874953,0.13823820965219286,chronological_oos_threshold_source,False,False,False,False,True,False,True,False
valid,20250823,20250823_1_07,1,서울,11,True,,0.0,0.1167675998563109,0.11455990220095089,0.12617847785950354,chronological_oos_threshold_source,False,False,False,False,False,False,True,False
valid,20250823,20250823_1_08,1,서울,10,True,,0.0,0.1598298710603826,0.1425824312925565,0.1380840432328154,chronological_oos_threshold_source,False,False,False,False,True,False,True,False
valid,20250823,20250823_1_09,1,서울,11,True,,0.0,0.11006445616771669,0.2351955676796364,0.17124576013453197,chronological_oos_threshold_source,True,False,True,False,True,False,True,False
valid,20250823,20250823_1_10,1,서울,11,True,,0.0,0.1036882553931149,0.07865160635169137,0.10839016989312084,chronological_oos_threshold_source,False,False,False,False,False,False,False,True
valid,20250824,20250824_1_01,1,서울,12,True,,0.0,0.1003581575431498,0.04704921550079896,0.08835159765056154,chronological_oos_threshold_source,False,True,False,True,False,True,False,True
valid,20250824,20250824_1_02,1,서울,10,True,,0.0,0.163464744936367,0.13468175598581716,0.13485618518477752,chronological_oos_threshold_source,False,False,False,False,True,False,True,False
valid,20250824,20250824_1_03,1,서울,11,True,,0.0,0.07882916329970881,0.059224392408550104,0.09679524703459126,chronological_oos_threshold_source,False,False,False,True,False,True,False,True
valid,20250824,20250824_1_04,1,서울,10,True,,0.0,0.1339995191045036,0.10297654350174339,0.12082087670522008,chronological_oos_threshold_source,False,False,False,False,False,False,False,False
valid,20250824,20250824_1_05,1,서울,11,True,,0.0,0.1657229717946535,0.12461207933913092,0.13060273059667452,chronological_oos_threshold_source,False,False,False,False,False,False,True,False
valid,20250824,20250824_1_06,1,서울,10,True,,0.0,0.1747998400175834,0.1586008378413782,0.14437470012750148,chronological_oos_threshold_source,False,False,True,False,True,False,True,False
valid,20250824,20250824_1_07,1,서울,9,True,,0.0,0.0653045185218756,0.13977737458329575,0.13694828715028504,chronological_oos_threshold_source,False,False,False,False,True,False,True,False
valid,20250824,20250824_1_08,1,서울,9,True,,0.0,0.09158036163889671,0.06658947954442432,0.10141659090873659,chronological_oos_threshold_source,False,False,False,True,False,True,False,True
valid,20250824,20250824_1_09,1,서울,11,True,,0.0,0.1388003178653462,0.1023208405663658,0.12050824700351752,chronological_oos_threshold_source,False,False,False,False,False,False,False,False
valid,20250824,20250824_1_10,1,서울,11,True,,1.0,0.1799191588812932,0.23807601454668562,0.17218449476516648,chronological_oos_threshold_source,True,False,True,False,True,False,True,False
valid,20250824,20250824_1_11,1,서울,7,True,,0.0,0.08586158249924711,0.07812564534044321,0.10809929248428514,chronological_oos_threshold_source,False,False,False,False,False,False,False,True
valid,20250824,20250824_3_01,3,부경,11,True,,0.0,0.0878344692257801,0.03374774746944717,0.07747200630121405,chronological_oos_threshold_source,False,True,False,True,False,True,False,True
valid,20250824,20250824_3_02,3,부경,11,True,,0.0,0.0622250333981346,0.13446932130018913,0.13476812628364943,chronological_oos_threshold_source,False,False,False,False,True,False,True,False
valid,20250824,20250824_3_03,3,부경,10,True,,0.0,0.1238557696608031,0.15730724983488495,0.1438781216179146,chronological_oos_threshold_source,False,False,True,False,True,False,True,False
valid,20250824,20250824_3_04,3,부경,11,True,,0.0,0.0966728871622642,0.11926842719814779,0.12827471886858033,chronological_oos_threshold_source,False,False,False,False,False,False,True,False
valid,20250824,20250824_3_05,3,부경,10,True,,0.0,0.10147630205498079,0.06507301340063726,0.10049019371572321,chronological_oos_threshold_source,False,False,False,True,False,True,False,True
valid,20250824,20250824_3_06,3,부경,11,True,,0.0,0.1325173118555523,0.09455254905508435,0.11671904448871823,chronological_oos_threshold_source,False,False,False,False,False,False,False,False
valid,20250829,20250829_3_01,3,부경,9,True,,0.0,0.10357051335670511,0.16878014621402576,0.14821946997232677,chronological_oos_threshold_source,False,False,True,False,True,False,True,False
valid,20250829,20250829_3_02,3,부경,10,True,,0.0,0.11922940249758152,0.04201511382093837,0.08448206664509077,chronological_oos_threshold_source,False,True,False,True,False,True,False,True
valid,20250829,20250829_3_03,3,부경,10,True,,0.0,0.11415057067715599,0.04645488401642902,0.08790800295106482,chronological_oos_threshold_source,False,True,False,True,False,True,False,True
valid,20250829,20250829_3_04,3,부경,11,True,,0.0,0.2640844265077677,0.21318988279373394,0.16393654972648075,chronological_oos_threshold_source,True,False,True,False,True,False,True,False
valid,20250829,20250829_3_05,3,부경,10,True,,0.0,0.11723510551204061,0.08863061724973731,0.11371504681529811,chronological_oos_threshold_source,False,False,False,False,False,False,False,False
valid,20250829,20250829_3_06,3,부경,11,True,,0.0,0.12364010876396031,0.16614448057386413,0.1472342858966925,chronological_oos_threshold_source,False,False,True,False,True,False,True,False
valid,20250829,20250829_3_07,3,부경,11,True,,0.0,0.09359763885164779,0.12820908139383652,0.13214128018366006,chronological_oos_threshold_source,False,False,False,False,True,False,True,False
valid,20250829,20250829_3_08,3,부경,10,True,,1.0,0.1329773957806478,0.20672327380788014,0.16173674475678373,chronological_oos_threshold_source,True,False,True,False,True,False,True,False
valid,20250830,20250830_1_01,1,서울,8,True,,0.0,0.09854408306064821,0.10021177048605402,0.11949531577545948,chronological_oos_threshold_source,False,False,False,False,False,False,False,False
valid,20250830,20250830_1_02,1,서울,10,True,,0.0,0.13133400579043408,0.1209478828435598,0.12901204382424775,chronological_oos_threshold_source,False,False,False,False,False,False,True,False
valid,20250830,20250830_1_03,1,서울,12,True,,1.0,0.1093122833389557,0.0646897955799121,0.10025412441468919,chronological_oos_threshold_source,False,False,False,True,False,True,False,True
valid,20250830,20250830_1_04,1,서울,10,True,,0.0,0.0770183769526003,0.046359562794446876,0.08783654471221342,chronological_oos_threshold_source,False,True,False,True,False,True,False,True
valid,20250830,20250830_1_05,1,서울,11,True,,0.0,0.0986607124852473,0.06953792482037877,0.10318366941610775,chronological_oos_threshold_source,False,False,False,False,False,True,False,True
valid,20250830,20250830_1_06,1,서울,11,True,,0.0,0.11211830860031671,0.1529164360256278,0.14217826269584039,chronological_oos_threshold_source,False,False,True,False,True,False,True,False
valid,20250830,20250830_1_07,1,서울,10,True,,0.0,0.0951437435138282,0.10761647458845239,0.12300340424308621,chronological_oos_threshold_source,False,False,False,False,False,False,False,False
valid,20250830,20250830_1_08,1,서울,10,True,,1.0,0.1570754895319293,0.1469089169731549,0.1398148412640779,chronological_oos_threshold_source,False,False,True,False,True,False,True,False
valid,20250830,20250830_1_09,1,서울,10,True,,0.0,0.1879234187551145,0.13982026221173824,0.13696573527659425,chronological_oos_threshold_source,False,False,False,False,True,False,True,False
valid,20250830,20250830_1_10,1,서울,11,True,,0.0,0.141615816307754,0.1275794336011123,0.13187355077780288,chronological_oos_threshold_source,False,False,False,False,True,False,True,False
valid,20250831,20250831_1_01,1,서울,11,True,,0.0,0.076193710997919,0.07175359014517088,0.10448352455985675,chronological_oos_threshold_source,False,False,False,False,False,True,False,True
valid,20250831,20250831_1_02,1,서울,11,True,,0.0,0.0827006485832906,0.11834542724826759,0.12786722049203686,chronological_oos_threshold_source,False,False,False,False,False,False,True,False
valid,20250831,20250831_1_03,1,서울,11,True,,0.0,0.097255712674659,0.08372320608215408,0.111140676001817,chronological_oos_threshold_source,False,False,False,False,False,False,False,True
valid,20250831,20250831_1_04,1,서울,11,True,,0.0,0.1498058400149914,0.1678418561126417,0.14786954313784406,chronological_oos_threshold_source,False,False,True,False,True,False,True,False
valid,20250831,20250831_1_05,1,서울,11,True,,0.0,0.153008332935171,0.22669113544036676,0.1684510640235882,chronological_oos_threshold_source,True,False,True,False,True,False,True,False
valid,20250831,20250831_1_06,1,서울,11,True,,0.0,0.1058800033846647,0.11176060934231351,0.12491092721857758,chronological_oos_threshold_source,False,False,False,False,False,False,True,False
valid,20250831,20250831_1_07,1,서울,11,True,,0.0,0.11477272832509429,0.08338156990243983,0.11095837221842725,chronological_oos_threshold_source,False,False,False,False,False,False,False,True
valid,20250831,20250831_1_08,1,서울,11,True,,0.0,0.10473154522337999,0.13935254128804841,0.13677530930330428,chronological_oos_threshold_source,False,False,False,False,True,False,True,False
valid,20250831,20250831_1_09,1,서울,10,True,,0.0,0.1365969013853938,0.15106914685545103,0.141456277005148,chronological_oos_threshold_source,False,False,True,False,True,False,True,False
valid,20250831,20250831_1_10,1,서울,10,True,,0.0,0.1441470791765549,0.16489900683844522,0.1467662958882661,chronological_oos_threshold_source,False,False,True,False,True,False,True,False
valid,20250831,20250831_1_11,1,서울,9,True,,1.0,0.12055923213902199,0.060642919447352006,0.09771019429300792,chronological_oos_threshold_source,False,False,False,True,False,True,False,True
valid,20250831,20250831_3_01,3,부경,11,True,,0.0,0.06715493194840459,0.07410613084467449,0.10583887830212181,chronological_oos_threshold_source,False,False,False,False,False,True,False,True
valid,20250831,20250831_3_02,3,부경,11,True,,0.0,0.061057320448831505,0.12737271201349748,0.13178550648922024,chronological_oos_threshold_source,False,False,False,False,True,False,True,False
valid,20250831,20250831_3_03,3,부경,11,True,,0.0,0.1538526839341323,0.18113127352915628,0.15274832872754232,chronological_oos_threshold_source,True,False,True,False,True,False,True,False
valid,20250831,20250831_3_04,3,부경,11,True,,0.0,0.1190109513855876,0.14526918768580435,0.13916179592164485,chronological_oos_threshold_source,False,False,True,False,True,False,True,False
valid,20250831,20250831_3_05,3,부경,10,True,,0.0,0.11439300444510062,0.11024163676419656,0.12421615000932318,chronological_oos_threshold_source,False,False,False,False,False,False,False,False
valid,20250831,20250831_3_06,3,부경,11,True,,1.0,0.15638092372901732,0.14643262469998344,0.13962551272965867,chronological_oos_threshold_source,False,False,True,False,True,False,True,False
valid,20250905,20250905_3_01,3,부경,9,True,,0.0,0.0906629951611132,0.05295593506074781,0.09259066069952515,chronological_oos_threshold_source,False,True,False,True,False,True,False,True
valid,20250905,20250905_3_02,3,부경,11,True,,0.0,0.09013657016469659,0.037363422628592366,0.08065190552089115,chronological_oos_threshold_source,False,True,False,True,False,True,False,True
valid,20250905,20250905_3_03,3,부경,11,True,,0.0,0.11781948944552138,0.0789092469663306,0.1085322559429948,chronological_oos_threshold_source,False,False,False,False,False,False,False,True
valid,20250905,20250905_3_04,3,부경,10,True,,1.0,0.1413768291002293,0.13788867215441764,0.13617728619845487,chronological_oos_threshold_source,False,False,False,False,True,False,True,False
valid,20250905,20250905_3_05,3,부경,11,True,,0.0,0.086444837113203,0.09005175001080168,0.11444575374731177,chronological_oos_threshold_source,False,False,False,False,False,False,False,False
valid,20250905,20250905_3_06,3,부경,11,True,,0.0,0.146685857214036,0.07324423060103596,0.10534519686066714,chronological_oos_threshold_source,False,False,False,False,False,True,False,True
valid,20250905,20250905_3_07,3,부경,11,True,,0.0,0.11276771047293561,0.22993852438005974,0.16952240762699283,chronological_oos_threshold_source,True,False,True,False,True,False,True,False
valid,20250905,20250905_3_08,3,부경,11,True,,0.0,0.0871195783028419,0.17965117955698434,0.15221285675996296,chronological_oos_threshold_source,True,False,True,False,True,False,True,False
valid,20250906,20250906_1_01,1,서울,10,True,,1.0,0.1522083895285457,0.07463861622703137,0.1061422493257796,chronological_oos_threshold_source,False,False,False,False,False,True,False,True
valid,20250906,20250906_1_02,1,서울,11,True,,0.0,0.0896155048454614,0.13802425280779984,0.13623280421660494,chronological_oos_threshold_source,False,False,False,False,True,False,True,False
valid,20250906,20250906_1_03,1,서울,11,True,,0.0,0.11637344787891529,0.11805101264465978,0.12773689357927412,chronological_oos_threshold_source,False,False,False,False,False,False,True,False
valid,20250906,20250906_1_04,1,서울,12,True,,0.0,0.1489293702262174,0.11732387256646416,0.12741429272116567,chronological_oos_threshold_source,False,False,False,False,False,False,True,False
valid,20250906,20250906_1_05,1,서울,8,True,,0.0,0.112729412934809,0.10380289491007731,0.12121335555571007,chronological_oos_threshold_source,False,False,False,False,False,False,False,False
valid,20250906,20250906_1_06,1,서울,11,True,,0.0,0.0666120730523724,0.08054482453117519,0.10942823823440526,chronological_oos_threshold_source,False,False,False,False,False,False,False,True
valid,20250906,20250906_1_07,1,서울,6,True,,0.0,0.1258748921442825,0.1394820438849026,0.13682806566973554,chronological_oos_threshold_source,False,False,False,False,True,False,True,False
valid,20250906,20250906_1_08,1,서울,9,True,,0.0,0.0953024883863606,0.09904132818269092,0.11892822802568848,chronological_oos_threshold_source,False,False,False,False,False,False,False,False
valid,20250906,20250906_1_09,1,서울,10,True,,0.0,0.1630288085639563,0.20383514815748058,0.1607457349005774,chronological_oos_threshold_source,True,False,True,False,True,False,True,False
valid,20250906,20250906_1_10,1,서울,10,True,,0.0,0.1057302593430918,0.08927035339430918,0.11404477443138832,chronological_oos_threshold_source,False,False,False,False,False,False,False,False
valid,20250906,20250906_1_11,1,서울,11,True,,0.0,0.14363060116612641,0.12208336626517972,0.12950757690830078,chronological_oos_threshold_source,False,False,False,False,False,False,True,False
valid,20250907,20250907_1_01,1,서울,11,True,,1.0,0.09958793946067679,0.0863938303828272,0.11255172542313656,chronological_oos_threshold_source,False,False,False,False,False,False,False,True
valid,20250907,20250907_1_02,1,서울,11,True,,0.0,0.0792499812147209,0.06362954225817077,0.09959675157286331,chronological_oos_threshold_source,False,False,False,True,False,True,False,True
valid,20250907,20250907_1_03,1,서울,10,True,,1.0,0.11885334615226159,0.11826932328386139,0.1278335480282191,chronological_oos_threshold_source,False,False,False,False,False,False,True,False
valid,20250907,20250907_1_04,1,서울,10,True,,0.0,0.09349102049756391,0.12811416739157186,0.13210096475433583,chronological_oos_threshold_source,False,False,False,False,True,False,True,False
valid,20250907,20250907_1_05,1,서울,10,True,,0.0,0.2898252049132384,0.11476010015361174,0.1262685067382152,chronological_oos_threshold_source,False,False,False,False,False,False,True,False
valid,20250907,20250907_1_06,1,서울,11,True,,0.0,0.1153856619937863,0.11668127403464375,0.12712833681939215,chronological_oos_threshold_source,False,False,False,False,False,False,True,False
valid,20250907,20250907_1_07,1,서울,13,True,,0.0,0.0603029964493435,0.07444585721830159,0.10603257162128145,chronological_oos_threshold_source,False,False,False,False,False,True,False,True
valid,20250907,20250907_1_08,1,서울,11,True,,0.0,0.0656134775859626,0.054823170726965555,0.09387225375789322,chronological_oos_threshold_source,False,False,False,True,False,True,False,True
valid,20250907,20250907_1_09,1,서울,11,True,,0.0,0.1098965014294556,0.12709202304465744,0.13166584339629933,chronological_oos_threshold_source,False,False,False,False,True,False,True,False
valid,20250907,20250907_1_10,1,서울,9,True,,0.0,0.1324195701035011,0.05445231784383941,0.09361977878900032,chronological_oos_threshold_source,False,True,False,True,False,True,False,True
valid,20250907,20250907_3_01,3,부경,9,True,,0.0,0.12160889410533339,0.05884382278799765,0.0965476155124831,chronological_oos_threshold_source,False,False,False,True,False,True,False,True
valid,20250907,20250907_3_02,3,부경,11,True,,0.0,0.112340454238652,0.07765751184553243,0.10783946672298807,chronological_oos_threshold_source,False,False,False,False,False,False,False,True
valid,20250907,20250907_3_03,3,부경,11,True,,0.0,0.10482833149615159,0.17117682068517626,0.14910937178014957,chronological_oos_threshold_source,True,False,True,False,True,False,True,False
valid,20250907,20250907_3_04,3,부경,11,True,,0.0,0.1470156507585458,0.09653741941355946,0.11770277868601171,chronological_oos_threshold_source,False,False,False,False,False,False,False,False
valid,20250907,20250907_3_05,3,부경,11,True,,0.0,0.1290600931928073,0.07773340375988083,0.10788164846954501,chronological_oos_threshold_source,False,False,False,False,False,False,False,True
valid,20250907,20250907_3_06,3,부경,10,True,,0.0,0.1040679822084094,0.07269860253148881,0.10503096206367933,chronological_oos_threshold_source,False,False,False,False,False,True,False,True
valid,20250912,20250912_3_01,3,부경,10,True,,0.0,0.09022237636248459,0.05057740454764016,0.09091902924557727,chronological_oos_threshold_source,False,True,False,True,False,True,False,True
valid,20250912,20250912_3_02,3,부경,11,True,,0.0,0.07895392707971391,0.0775021291400404,0.10775303035341784,chronological_oos_threshold_source,False,False,False,False,False,True,False,True
valid,20250912,20250912_3_03,3,부경,10,True,,0.0,0.1386439115899199,0.09040454043313671,0.11462616310746107,chronological_oos_threshold_source,False,False,False,False,False,False,False,False
valid,20250912,20250912_3_04,3,부경,11,True,,0.0,0.0816487482395683,0.05669627375647875,0.09513241102068512,chronological_oos_threshold_source,False,False,False,True,False,True,False,True
valid,20250912,20250912_3_05,3,부경,11,True,,0.0,0.0868095342167985,0.13101087128339273,0.13332467800825742,chronological_oos_threshold_source,False,False,False,False,True,False,True,False
valid,20250912,20250912_3_06,3,부경,11,True,,0.0,0.14595702224093307,0.11328296842427489,0.12560230056514934,chronological_oos_threshold_source,False,False,False,False,False,False,True,False
valid,20250912,20250912_3_07,3,부경,11,True,,0.0,0.0917947107090699,0.16497281815651715,0.14679407509854217,chronological_oos_threshold_source,False,False,True,False,True,False,True,False
valid,20250912,20250912_3_08,3,부경,11,True,,0.0,0.1403176845343541,0.19067515445857744,0.15615761372530187,chronological_oos_threshold_source,True,False,True,False,True,False,True,False
valid,20250913,20250913_1_01,1,서울,10,True,,0.0,0.21000216077708048,0.13599901097010733,0.13540068998076135,chronological_oos_threshold_source,False,False,False,False,True,False,True,False
valid,20250913,20250913_1_02,1,서울,8,True,,0.0,0.1250699213446417,0.11808128957719977,0.1277503038445536,chronological_oos_threshold_source,False,False,False,False,False,False,True,False
valid,20250913,20250913_1_03,1,서울,8,True,,0.0,0.193753626149462,0.11972741245178847,0.1284767527700502,chronological_oos_threshold_source,False,False,False,False,False,False,True,False
valid,20250913,20250913_1_04,1,서울,10,True,,0.0,0.1103371070530967,0.04030007209717725,0.08310096166010203,chronological_oos_threshold_source,False,True,False,True,False,True,False,True
valid,20250913,20250913_1_05,1,서울,10,True,,0.0,0.15793819594914382,0.07680299183787088,0.10736289911140073,chronological_oos_threshold_source,False,False,False,False,False,True,False,True
valid,20250913,20250913_1_06,1,서울,10,True,,0.0,0.2054553272930468,0.14071848599445588,0.13733056493820603,chronological_oos_threshold_source,False,False,False,False,True,False,True,False
valid,20250913,20250913_1_07,1,서울,9,True,,1.0,0.19574665727895088,0.24651876445940743,0.1749147761203705,chronological_oos_threshold_source,True,False,True,False,True,False,True,False
valid,20250913,20250913_1_08,1,서울,11,True,,0.0,0.1025965871178918,0.1335649052140956,0.1343924517676813,chronological_oos_threshold_source,False,False,False,False,True,False,True,False
valid,20250913,20250913_1_09,1,서울,8,True,,0.0,0.187829673987418,0.14663320024208035,0.1397052783724439,chronological_oos_threshold_source,False,False,True,False,True,False,True,False
valid,20250913,20250913_1_10,1,서울,8,True,,0.0,0.15665991119350398,0.0955291417861823,0.11720444931728773,chronological_oos_threshold_source,False,False,False,False,False,False,False,False
valid,20250914,20250914_1_01,1,서울,11,True,,0.0,0.0902355837754537,0.03230270922557054,0.07614376529068002,chronological_oos_threshold_source,False,True,False,True,False,True,False,True
valid,20250914,20250914_1_02,1,서울,8,True,,0.0,0.21033109408662248,0.0651780042232854,0.10055473000815116,chronological_oos_threshold_source,False,False,False,True,False,True,False,True
valid,20250914,20250914_1_03,1,서울,9,True,,0.0,0.0931352626247366,0.14893815275654698,0.14061820710939613,chronological_oos_threshold_source,False,False,True,False,True,False,True,False
valid,20250914,20250914_1_04,1,서울,9,True,,0.0,0.20581996908712452,0.12352563485337077,0.13013360685569483,chronological_oos_threshold_source,False,False,False,False,False,False,True,False
valid,20250914,20250914_1_05,1,서울,9,True,,1.0,0.1182978892552984,0.0624980821248845,0.0988882066694118,chronological_oos_threshold_source,False,False,False,True,False,True,False,True
valid,20250914,20250914_1_06,1,서울,8,True,,0.0,0.1964398960854537,0.20643010609660292,0.1616363955635913,chronological_oos_threshold_source,True,False,True,False,True,False,True,False
valid,20250914,20250914_1_07,1,서울,8,True,,0.0,0.1605892579885112,0.09264305034381298,0.11576198378589268,chronological_oos_threshold_source,False,False,False,False,False,False,False,False
valid,20250914,20250914_1_08,1,서울,13,True,,0.0,0.1245484561993308,0.1269260642113976,0.13159502916578822,chronological_oos_threshold_source,False,False,False,False,True,False,True,False
valid,20250914,20250914_1_09,1,서울,10,True,,1.0,0.1842786804940568,0.07343010623538825,0.10545194115405404,chronological_oos_threshold_source,False,False,False,False,False,True,False,True
valid,20250914,20250914_1_10,1,서울,10,True,,0.0,0.1965271168851941,0.18709460711163559,0.15488714787183552,chronological_oos_threshold_source,True,False,True,False,True,False,True,False
valid,20250914,20250914_1_11,1,서울,11,True,,0.0,0.1608433908345462,0.07320013970043726,0.10531985383809798,chronological_oos_threshold_source,False,False,False,False,False,True,False,True
valid,20250914,20250914_3_01,3,부경,11,True,,0.0,0.1313495209641033,0.04871695364345183,0.08957889535595888,chronological_oos_threshold_source,False,True,False,True,False,True,False,True
valid,20250914,20250914_3_02,3,부경,11,True,,0.0,0.1102149987476205,0.060900025937282935,0.09787469125206771,chronological_oos_threshold_source,False,False,False,True,False,True,False,True
valid,20250914,20250914_3_03,3,부경,11,True,,0.0,0.0961893865842457,0.06308139318090934,0.09925440713838982,chronological_oos_threshold_source,False,False,False,True,False,True,False,True
valid,20250914,20250914_3_04,3,부경,11,True,,0.0,0.1457338250285164,0.15290650538152548,0.14217439245964894,chronological_oos_threshold_source,False,False,True,False,True,False,True,False
valid,20250914,20250914_3_05,3,부경,10,True,,0.0,0.17363646777638908,0.10262522155039008,0.12065350451728682,chronological_oos_threshold_source,False,False,False,False,False,False,False,False
valid,20250914,20250914_3_06,3,부경,8,True,,0.0,0.1220443028703489,0.1512434143692428,0.14152456404930547,chronological_oos_threshold_source,False,False,True,False,True,False,True,False
valid,20250919,20250919_3_01,3,부경,10,True,,0.0,0.1279720541781035,0.05375097702890953,0.09313953652712503,chronological_oos_threshold_source,False,True,False,True,False,True,False,True
valid,20250919,20250919_3_02,3,부경,11,True,,0.0,0.06972179022196849,0.04946314864676739,0.09011997152187874,chronological_oos_threshold_source,False,True,False,True,False,True,False,True
valid,20250919,20250919_3_03,3,부경,11,True,,0.0,0.2089561983656646,0.19747985909935317,0.15854537562494142,chronological_oos_threshold_source,True,False,True,False,True,False,True,False
valid,20250919,20250919_3_04,3,부경,10,True,,0.0,0.0704259737627125,0.12534538109520962,0.13091819360097248,chronological_oos_threshold_source,False,False,False,False,True,False,True,False
valid,20250919,20250919_3_05,3,부경,11,True,,0.0,0.150851918024856,0.13762275752992714,0.13606832073649558,chronological_oos_threshold_source,False,False,False,False,True,False,True,False
valid,20250919,20250919_3_06,3,부경,10,True,,0.0,0.0695193552248216,0.09280603894306158,0.11584409377878407,chronological_oos_threshold_source,False,False,False,False,False,False,False,False
valid,20250919,20250919_3_07,3,부경,11,True,,0.0,0.06166836663654479,0.052949066781747565,0.09258589799446237,chronological_oos_threshold_source,False,True,False,True,False,True,False,True
valid,20250919,20250919_3_08,3,부경,11,True,,0.0,0.0841652467454235,0.12401440994100264,0.13034491742676788,chronological_oos_threshold_source,False,False,False,False,False,False,True,False
valid,20250920,20250920_1_01,1,서울,11,True,,0.0,0.0683145994885852,0.07311161516499964,0.10526894457625248,chronological_oos_threshold_source,False,False,False,False,False,True,False,True
valid,20250920,20250920_1_02,1,서울,11,True,,0.0,0.0537601541659591,0.058963948508543765,0.09662588019008944,chronological_oos_threshold_source,False,False,False,True,False,True,False,True
valid,20250920,20250920_1_03,1,서울,11,True,,0.0,0.0691755420493526,0.1652660919305953,0.1469043944730189,chronological_oos_threshold_source,False,False,True,False,True,False,True,False
valid,20250920,20250920_1_04,1,서울,11,True,,0.0,0.0967414635476282,0.07607875700943795,0.10695664224174288,chronological_oos_threshold_source,False,False,False,False,False,True,False,True
valid,20250920,20250920_1_05,1,서울,11,True,,1.0,0.10286085928005341,0.13213189419317856,0.1337946136143752,chronological_oos_threshold_source,False,False,False,False,True,False,True,False
valid,20250920,20250920_1_06,1,서울,11,True,,0.0,0.1334508652216822,0.16370185101581436,0.14631495194544988,chronological_oos_threshold_source,False,False,True,False,True,False,True,False
valid,20250920,20250920_1_07,1,서울,11,True,,0.0,0.1063364627300559,0.09264522267718357,0.11576307867822198,chronological_oos_threshold_source,False,False,False,False,False,False,False,False
valid,20250920,20250920_1_08,1,서울,11,True,,0.0,0.0748841809439452,0.16309016276842433,0.1460837589619604,chronological_oos_threshold_source,False,False,True,False,True,False,True,False
valid,20250920,20250920_1_09,1,서울,11,True,,1.0,0.18557157132404692,0.1759588811809856,0.15086869189212204,chronological_oos_threshold_source,True,False,True,False,True,False,True,False
valid,20250920,20250920_1_10,1,서울,11,True,,0.0,0.1880541480682231,0.10876328625598541,0.12353509694670892,chronological_oos_threshold_source,False,False,False,False,False,False,False,False
valid,20250921,20250921_1_01,1,서울,12,True,,0.0,0.1236497563176385,0.08667889284369124,0.11270090193627379,chronological_oos_threshold_source,False,False,False,False,False,False,False,True
valid,20250921,20250921_1_02,1,서울,8,True,,0.0,0.1808959487820559,0.20878797213757877,0.1624419291967823,chronological_oos_threshold_source,True,False,True,False,True,False,True,False
valid,20250921,20250921_1_03,1,서울,10,True,,0.0,0.12639677113727119,0.051434385075104706,0.09152654798218633,chronological_oos_threshold_source,False,True,False,True,False,True,False,True
valid,20250921,20250921_1_04,1,서울,11,True,,0.0,0.10406075751640809,0.10249424069618941,0.12059102581781522,chronological_oos_threshold_source,False,False,False,False,False,False,False,False
valid,20250921,20250921_1_05,1,서울,10,True,,0.0,0.1394721930423158,0.07462731719274363,0.10613582473734569,chronological_oos_threshold_source,False,False,False,False,False,True,False,True
valid,20250921,20250921_1_06,1,서울,9,True,,0.0,0.0702730170347896,0.12483011139188777,0.13069662523824827,chronological_oos_threshold_source,False,False,False,False,False,False,True,False
valid,20250921,20250921_1_07,1,서울,11,True,,0.0,0.1137490938959674,0.07458216037099796,0.10611014322971607,chronological_oos_threshold_source,False,False,False,False,False,True,False,True
valid,20250921,20250921_1_08,1,서울,14,True,,0.0,0.0879418200215509,0.1462834389453333,0.13956615003351075,chronological_oos_threshold_source,False,False,True,False,True,False,True,False
valid,20250921,20250921_1_09,1,서울,10,True,,0.0,0.18497766701734472,0.06845938267566978,0.10254234945815797,chronological_oos_threshold_source,False,False,False,False,False,True,False,True
valid,20250921,20250921_1_10,1,서울,10,True,,0.0,0.12380645301599799,0.10091996392847047,0.11983670922042222,chronological_oos_threshold_source,False,False,False,False,False,False,False,False
valid,20250921,20250921_1_11,1,서울,10,True,,1.0,0.1821425592798588,0.09654485298394647,0.11770644211478809,chronological_oos_threshold_source,False,False,False,False,False,False,False,False
valid,20250921,20250921_3_01,3,부경,11,True,,0.0,0.06992036152471001,0.053513962551616064,0.09297641002257291,chronological_oos_threshold_source,False,True,False,True,False,True,False,True
valid,20250921,20250921_3_02,3,부경,11,True,,0.0,0.12148786364247399,0.08505358205465298,0.11184667109152906,chronological_oos_threshold_source,False,False,False,False,False,False,False,True
valid,20250921,20250921_3_03,3,부경,11,True,,0.0,0.1491874776999878,0.20807832036550286,0.16219985590128813,chronological_oos_threshold_source,True,False,True,False,True,False,True,False
valid,20250921,20250921_3_04,3,부경,11,True,,0.0,0.085231225030641,0.046915942374006404,0.08825241623473543,chronological_oos_threshold_source,False,True,False,True,False,True,False,True
valid,20250921,20250921_3_05,3,부경,11,True,,0.0,0.0722695432925359,0.07912405998667524,0.10865052366048805,chronological_oos_threshold_source,False,False,False,False,False,False,False,True
valid,20250921,20250921_3_06,3,부경,9,True,,0.0,0.1114230414565507,0.06037203346199407,0.09753644230792854,chronological_oos_threshold_source,False,False,False,True,False,True,False,True
valid,20250926,20250926_3_01,3,부경,11,True,,0.0,0.0784285935048091,0.03422389854263694,0.07790213652577858,chronological_oos_threshold_source,False,True,False,True,False,True,False,True
valid,20250926,20250926_3_02,3,부경,10,True,,0.0,0.0563679293874557,0.05796104137929275,0.09596958489513346,chronological_oos_threshold_source,False,False,False,True,False,True,False,True
valid,20250926,20250926_3_03,3,부경,11,True,,0.0,0.07305392563095,0.05227263864873732,0.09211504684362999,chronological_oos_threshold_source,False,True,False,True,False,True,False,True
valid,20250926,20250926_3_04,3,부경,11,True,,0.0,0.1449532116459216,0.04641042032089979,0.0878746812630524,chronological_oos_threshold_source,False,True,False,True,False,True,False,True
valid,20250926,20250926_3_05,3,부경,11,True,,0.0,0.1046337270872489,0.07695658524184906,0.10744877826781711,chronological_oos_threshold_source,False,False,False,False,False,True,False,True
valid,20250926,20250926_3_06,3,부경,11,True,,0.0,0.0990143303614394,0.12316074356512205,0.12997557660422138,chronological_oos_threshold_source,False,False,False,False,False,False,True,False
valid,20250926,20250926_3_07,3,부경,11,True,,0.0,0.12619087392799272,0.1761838717588457,0.15095094663283537,chronological_oos_threshold_source,True,False,True,False,True,False,True,False
valid,20250926,20250926_3_08,3,부경,11,True,,0.0,0.10771201194203289,0.10196738556552902,0.12033927927628349,chronological_oos_threshold_source,False,False,False,False,False,False,False,False
valid,20250927,20250927_1_01,1,서울,12,True,,0.0,0.1537466380080702,0.06722645933665933,0.10180209446247253,chronological_oos_threshold_source,False,False,False,False,False,True,False,True
valid,20250927,20250927_1_02,1,서울,10,True,,0.0,0.0786672050493495,0.09386966876546056,0.11637800081720476,chronological_oos_threshold_source,False,False,False,False,False,False,False,False
valid,20250927,20250927_1_03,1,서울,10,True,,0.0,0.0868049139323323,0.04442780174685742,0.08636915757272969,chronological_oos_threshold_source,False,True,False,True,False,True,False,True
valid,20250927,20250927_1_04,1,서울,11,True,,0.0,0.0696134653495354,0.06183558488202203,0.09846988436936037,chronological_oos_threshold_source,False,False,False,True,False,True,False,True
valid,20250927,20250927_1_05,1,서울,10,True,,0.0,0.14887976269664288,0.16385519751038144,0.1463728490409363,chronological_oos_threshold_source,False,False,True,False,True,False,True,False
valid,20250927,20250927_1_06,1,서울,11,True,,0.0,0.0939466618911025,0.11999783165835065,0.12859559800317147,chronological_oos_threshold_source,False,False,False,False,False,False,True,False
valid,20250927,20250927_1_07,1,서울,11,True,,0.0,0.1354579790412435,0.10481081779684741,0.12168981971228604,chronological_oos_threshold_source,False,False,False,False,False,False,False,False
valid,20250927,20250927_1_08,1,서울,11,True,,0.0,0.1197127613191572,0.0891517715857581,0.11398375457532425,chronological_oos_threshold_source,False,False,False,False,False,False,False,False
valid,20250927,20250927_1_09,1,서울,10,True,,0.0,0.0914272632805676,0.11407056005650096,0.12595807523746566,chronological_oos_threshold_source,False,False,False,False,False,False,True,False
valid,20250927,20250927_1_10,1,서울,10,True,,0.0,0.12832099204364322,0.10958993231942926,0.12391651729066065,chronological_oos_threshold_source,False,False,False,False,False,False,False,False
valid,20250928,20250928_1_01,1,서울,12,True,,0.0,0.1038786948098087,0.09144466834695811,0.11515582093463002,chronological_oos_threshold_source,False,False,False,False,False,False,False,False
valid,20250928,20250928_1_02,1,서울,11,True,,0.0,0.0978951575388774,0.03940377626581616,0.08236516593094531,chronological_oos_threshold_source,False,True,False,True,False,True,False,True
valid,20250928,20250928_1_03,1,서울,10,True,,0.0,0.15756940506210598,0.19499417850104717,0.15767709274642933,chronological_oos_threshold_source,True,False,True,False,True,False,True,False
valid,20250928,20250928_1_04,1,서울,10,True,,0.0,0.25756004441819474,0.11448869302254142,0.12614643537848405,chronological_oos_threshold_source,False,False,False,False,False,False,True,False
valid,20250928,20250928_1_05,1,서울,11,True,,0.0,0.14856942945247129,0.09661305801511508,0.11774004792570546,chronological_oos_threshold_source,False,False,False,False,False,False,False,False
valid,20250928,20250928_1_06,1,서울,9,True,,1.0,0.09615151021744761,0.12717815002221036,0.13170257515796915,chronological_oos_threshold_source,False,False,False,False,True,False,True,False
valid,20250928,20250928_1_07,1,서울,11,True,,0.0,0.1091813023674913,0.12405481984739639,0.13036236871349657,chronological_oos_threshold_source,False,False,False,False,False,False,True,False
valid,20250928,20250928_1_08,1,서울,12,True,,0.0,0.1794867870852499,0.09153592461496521,0.1152021325974235,chronological_oos_threshold_source,False,False,False,False,False,False,False,False
valid,20250928,20250928_1_09,1,서울,10,True,,0.0,0.1019371225581659,0.06047693230669813,0.09760378027925254,chronological_oos_threshold_source,False,False,False,True,False,True,False,True
valid,20250928,20250928_1_10,1,서울,11,True,,0.0,0.1980310544550316,0.08357944194603349,0.11106401126550815,chronological_oos_threshold_source,False,False,False,False,False,False,False,True
valid,20250928,20250928_1_11,1,서울,8,True,,0.0,0.1829451387038588,0.05799148308701246,0.09598960275760521,chronological_oos_threshold_source,False,False,False,True,False,True,False,True
valid,20250928,20250928_3_01,3,부경,11,True,,0.0,0.10345430735803582,0.05888299876849141,0.09657314978650225,chronological_oos_threshold_source,False,False,False,True,False,True,False,True
valid,20250928,20250928_3_02,3,부경,11,True,,0.0,0.11354865941443912,0.12848778678569311,0.13225957559456525,chronological_oos_threshold_source,False,False,False,False,True,False,True,False
valid,20250928,20250928_3_03,3,부경,11,True,,0.0,0.09160906548670761,0.10310242875281386,0.12088077489204657,chronological_oos_threshold_source,False,False,False,False,False,False,False,False
valid,20250928,20250928_3_04,3,부경,11,True,,0.0,0.1613113808600526,0.11614801648817781,0.12689041711745622,chronological_oos_threshold_source,False,False,False,False,False,False,True,False
valid,20250928,20250928_3_05,3,부경,11,True,,0.0,0.0763153216101776,0.08786204413993158,0.1133171732671343,chronological_oos_threshold_source,False,False,False,False,False,False,False,True
valid,20250928,20250928_3_06,3,부경,10,True,,0.0,0.1569206195698581,0.07888052238291318,0.10851642758181519,chronological_oos_threshold_source,False,False,False,False,False,False,False,True
valid,20251002,20251002_3_01,3,부경,12,True,,0.0,0.0776147589977293,0.04267402824988745,0.08500371654779754,chronological_oos_threshold_source,False,True,False,True,False,True,False,True
valid,20251002,20251002_3_02,3,부경,12,True,,0.0,0.0862834488785362,0.0689380186608332,0.10282766377167946,chronological_oos_threshold_source,False,False,False,False,False,True,False,True
valid,20251002,20251002_3_03,3,부경,12,True,,0.0,0.11363361070055221,0.10740950325767527,0.12290712782354532,chronological_oos_threshold_source,False,False,False,False,False,False,False,False
valid,20251002,20251002_3_04,3,부경,12,True,,0.0,0.0938610543135078,0.1590803558068419,0.144558300292991,chronological_oos_threshold_source,False,False,True,False,True,False,True,False
valid,20251002,20251002_3_05,3,부경,12,True,,0.0,0.1666950211472825,0.1382937373996003,0.13634307430595327,chronological_oos_threshold_source,False,False,False,False,True,False,True,False
valid,20251002,20251002_3_06,3,부경,12,True,,0.0,0.2237675477957089,0.1634754040656205,0.14622941017090718,chronological_oos_threshold_source,False,False,True,False,True,False,True,False
valid,20251002,20251002_3_07,3,부경,12,True,,0.0,0.1346145668952387,0.0864672275382694,0.11259016105708422,chronological_oos_threshold_source,False,False,False,False,False,False,False,True
valid,20251002,20251002_3_08,3,부경,12,True,,0.0,0.14760172320846793,0.08449672283490899,0.11155191399601079,chronological_oos_threshold_source,False,False,False,False,False,False,False,True
valid,20251003,20251003_1_01,1,서울,12,True,,0.0,0.093617996636202,0.08195179393047525,0.11019085653468391,chronological_oos_threshold_source,False,False,False,False,False,False,False,True
valid,20251003,20251003_1_02,1,서울,10,True,,1.0,0.11436720521640881,0.1027022700268279,0.12069023717581742,chronological_oos_threshold_source,False,False,False,False,False,False,False,False
valid,20251003,20251003_1_03,1,서울,10,True,,0.0,0.0910551909217623,0.056318414548072245,0.09488018526088679,chronological_oos_threshold_source,False,False,False,True,False,True,False,True
valid,20251003,20251003_1_04,1,서울,11,True,,0.0,0.0904578188359706,0.03904363046135008,0.08206668949184577,chronological_oos_threshold_source,False,True,False,True,False,True,False,True
valid,20251003,20251003_1_05,1,서울,11,True,,1.0,0.1259244072760649,0.11178685301916032,0.12492288733581312,chronological_oos_threshold_source,False,False,False,False,False,False,True,False
valid,20251003,20251003_1_06,1,서울,11,True,,0.0,0.19265758272655237,0.1502698145050118,0.14114257894020274,chronological_oos_threshold_source,False,False,True,False,True,False,True,False
valid,20251003,20251003_1_07,1,서울,11,True,,0.0,0.09362416149226958,0.1311169801075517,0.1333692449165041,chronological_oos_threshold_source,False,False,False,False,True,False,True,False
valid,20251003,20251003_1_08,1,서울,11,True,,0.0,0.1113112037564704,0.1106032498343017,0.12438200576659111,chronological_oos_threshold_source,False,False,False,False,False,False,False,False
valid,20251003,20251003_1_09,1,서울,11,True,,0.0,0.09372090711386691,0.07691941433739741,0.10742800366790277,chronological_oos_threshold_source,False,False,False,False,False,True,False,True
valid,20251003,20251003_1_10,1,서울,9,True,,0.0,0.0813328257509247,0.10812957513026036,0.12324166011135763,chronological_oos_threshold_source,False,False,False,False,False,False,False,False
valid,20251003,20251003_1_11,1,서울,11,True,,0.0,0.0908639845824911,0.08174029990549372,0.11007669128851436,chronological_oos_threshold_source,False,False,False,False,False,False,False,True
valid,20251004,20251004_1_01,1,서울,9,True,,0.0,0.1477735159282154,0.05788484392933586,0.09591945205681353,chronological_oos_threshold_source,False,False,False,True,False,True,False,True
valid,20251004,20251004_1_02,1,서울,11,True,,1.0,0.0800386362207698,0.02805470980105025,0.07201741387893716,chronological_oos_threshold_source,False,True,False,True,False,True,False,True
valid,20251004,20251004_1_03,1,서울,11,True,,0.0,0.1130684572733899,0.11916098680950808,0.12822736846931693,chronological_oos_threshold_source,False,False,False,False,False,False,True,False
valid,20251004,20251004_1_04,1,서울,10,True,,0.0,0.14427559644752738,0.1084299313989926,0.12338085163038766,chronological_oos_threshold_source,False,False,False,False,False,False,False,False
valid,20251004,20251004_1_05,1,서울,11,True,,0.0,0.0896374422221311,0.267594405366469,0.18160802432298015,chronological_oos_threshold_source,True,False,True,False,True,False,True,False
valid,20251004,20251004_1_06,1,서울,11,True,,1.0,0.10641907524341869,0.14557057999769576,0.1392820938601074,chronological_oos_threshold_source,False,False,True,False,True,False,True,False
valid,20251004,20251004_1_07,1,서울,11,True,,0.0,0.09732823231169871,0.1933199923411071,0.15708974614544066,chronological_oos_threshold_source,True,False,True,False,True,False,True,False
valid,20251004,20251004_1_08,1,서울,11,True,,0.0,0.0973306291626565,0.0704004955301292,0.10369248343123993,chronological_oos_threshold_source,False,False,False,False,False,True,False,True
valid,20251004,20251004_1_09,1,서울,10,True,,0.0,0.1478988257840812,0.10981129374796848,0.12401839717937743,chronological_oos_threshold_source,False,False,False,False,False,False,False,False
valid,20251004,20251004_1_10,1,서울,10,True,,1.0,0.11999065136079438,0.06951724196261655,0.10317142479980017,chronological_oos_threshold_source,False,False,False,False,False,True,False,True
valid,20251004,20251004_1_11,1,서울,11,True,,0.0,0.19467929337044118,0.12459697523402083,0.1305962229822239,chronological_oos_threshold_source,False,False,False,False,False,False,True,False
valid,20251004,20251004_3_01,3,부경,12,True,,0.0,0.11126045416592509,0.07762908930396886,0.10782366311022071,chronological_oos_threshold_source,False,False,False,False,False,True,False,True
valid,20251004,20251004_3_02,3,부경,12,True,,0.0,0.1424717352944403,0.04595665989453584,0.08753353809422103,chronological_oos_threshold_source,False,True,False,True,False,True,False,True
valid,20251004,20251004_3_03,3,부경,12,True,,0.0,0.127914854855637,0.10113397773880518,0.11993962351599434,chronological_oos_threshold_source,False,False,False,False,False,False,False,False
valid,20251004,20251004_3_04,3,부경,12,True,,0.0,0.11294315975244042,0.052644891643880753,0.09237460688660042,chronological_oos_threshold_source,False,True,False,True,False,True,False,True
valid,20251004,20251004_3_05,3,부경,11,True,,0.0,0.09751353427860039,0.09436163804800841,0.11662383551148411,chronological_oos_threshold_source,False,False,False,False,False,False,False,False
valid,20251004,20251004_3_06,3,부경,8,True,,0.0,0.12562007008513149,0.06708538036911753,0.10171689434138093,chronological_oos_threshold_source,False,False,False,False,False,True,False,True
valid,20251017,20251017_3_01,3,부경,12,True,,0.0,0.0771790565578424,0.08574955539269064,0.11221356016433136,chronological_oos_threshold_source,False,False,False,False,False,False,False,True
valid,20251017,20251017_3_02,3,부경,12,True,,0.0,0.0810408943816885,0.06386266047768703,0.09974182783583413,chronological_oos_threshold_source,False,False,False,True,False,True,False,True
valid,20251017,20251017_3_03,3,부경,12,True,,0.0,0.0567871582429221,0.041967426304000466,0.08444412442676408,chronological_oos_threshold_source,False,True,False,True,False,True,False,True
valid,20251017,20251017_3_04,3,부경,12,True,,0.0,0.095301623857831,0.09181235166239327,0.11534226227346875,chronological_oos_threshold_source,False,False,False,False,False,False,False,False
valid,20251017,20251017_3_05,3,부경,12,True,,0.0,0.1227111765356421,0.0991832388434179,0.1189971766562766,chronological_oos_threshold_source,False,False,False,False,False,False,False,False
valid,20251017,20251017_3_06,3,부경,12,True,,0.0,0.1201287055807648,0.13931143078246522,0.1367585568234325,chronological_oos_threshold_source,False,False,False,False,True,False,True,False
valid,20251017,20251017_3_07,3,부경,12,True,,0.0,0.07466871796486468,0.10293155451343286,0.1207994607299319,chronological_oos_threshold_source,False,False,False,False,False,False,False,False
valid,20251017,20251017_3_08,3,부경,12,True,,0.0,0.130887859494706,0.10036684566350326,0.11957018245116674,chronological_oos_threshold_source,False,False,False,False,False,False,False,False
valid,20251018,20251018_1_01,1,서울,12,True,,0.0,0.1374464906403606,0.057756342250724936,0.09583481922038835,chronological_oos_threshold_source,False,False,False,True,False,True,False,True
valid,20251018,20251018_1_02,1,서울,10,True,,0.0,0.0896662997490214,0.06243406010088189,0.09884789356889288,chronological_oos_threshold_source,False,False,False,True,False,True,False,True
valid,20251018,20251018_1_03,1,서울,11,True,,0.0,0.11027579737198041,0.05144017149572229,0.09153062964943746,chronological_oos_threshold_source,False,True,False,True,False,True,False,True
valid,20251018,20251018_1_04,1,서울,11,True,,0.0,0.1656409871579317,0.12624042499377736,0.1313019712270538,chronological_oos_threshold_source,False,False,False,False,True,False,True,False
valid,20251018,20251018_1_05,1,서울,11,True,,0.0,0.1320742665126508,0.1604624215337243,0.14508605145391948,chronological_oos_threshold_source,False,False,True,False,True,False,True,False
valid,20251018,20251018_1_06,1,서울,11,True,,0.0,0.077358774417087,0.09311961448376335,0.11600184447693694,chronological_oos_threshold_source,False,False,False,False,False,False,False,False
valid,20251018,20251018_1_07,1,서울,9,True,,0.0,0.1061149017763522,0.14421784576507407,0.13874122008773454,chronological_oos_threshold_source,False,False,True,False,True,False,True,False
valid,20251018,20251018_1_08,1,서울,11,True,,0.0,0.1098028160142015,0.09233244589023237,0.11560528902340036,chronological_oos_threshold_source,False,False,False,False,False,False,False,False
valid,20251018,20251018_1_09,1,서울,11,True,,0.0,0.1404388365375518,0.21167911520731436,0.16342491459175354,chronological_oos_threshold_source,True,False,True,False,True,False,True,False
valid,20251018,20251018_1_10,1,서울,11,True,,0.0,0.1046293972100243,0.11813044717905716,0.1277720729564605,chronological_oos_threshold_source,False,False,False,False,False,False,True,False
valid,20251018,20251018_1_11,1,서울,9,True,,0.0,0.11525374285473211,0.19552539017519213,0.1578630264590716,chronological_oos_threshold_source,True,False,True,False,True,False,True,False
valid,20251019,20251019_1_01,1,서울,12,True,,0.0,0.1165644775931247,0.09009402418079132,0.11446739231985606,chronological_oos_threshold_source,False,False,False,False,False,False,False,False
valid,20251019,20251019_1_02,1,서울,11,True,,0.0,0.060339203399884606,0.05850696442176038,0.0963276466869071,chronological_oos_threshold_source,False,False,False,True,False,True,False,True
valid,20251019,20251019_1_03,1,서울,11,True,,0.0,0.07854060832503801,0.10100641530277617,0.1198782957998029,chronological_oos_threshold_source,False,False,False,False,False,False,False,False
valid,20251019,20251019_1_04,1,서울,10,True,,0.0,0.17540581164398739,0.18432133460898886,0.15389612463462515,chronological_oos_threshold_source,True,False,True,False,True,False,True,False
valid,20251019,20251019_1_05,1,서울,11,True,,0.0,0.1097910367904075,0.07504683734394056,0.10637399358306943,chronological_oos_threshold_source,False,False,False,False,False,True,False,True
valid,20251019,20251019_1_06,1,서울,11,True,,0.0,0.10755221596675252,0.25511830986687356,0.17766558583700823,chronological_oos_threshold_source,True,False,True,False,True,False,True,False
valid,20251019,20251019_1_07,1,서울,12,True,,0.0,0.0944964682147026,0.1801809961360136,0.15240475179761973,chronological_oos_threshold_source,True,False,True,False,True,False,True,False
valid,20251019,20251019_1_08,1,서울,13,True,,0.0,0.057283786288031505,0.14194311653726474,0.13782614940199958,chronological_oos_threshold_source,False,False,False,False,True,False,True,False
valid,20251019,20251019_1_09,1,서울,11,True,,0.0,0.1304572524199183,0.09928079585907745,0.11904454476905141,chronological_oos_threshold_source,False,False,False,False,False,False,False,False
valid,20251019,20251019_1_10,1,서울,11,True,,1.0,0.1398708233749387,0.10949886598732278,0.12387457321819939,chronological_oos_threshold_source,False,False,False,False,False,False,False,False
valid,20251019,20251019_1_11,1,서울,11,True,,0.0,0.19925874198970372,0.1119966751997645,0.12501845738002962,chronological_oos_threshold_source,False,False,False,False,False,False,True,False
valid,20251019,20251019_3_01,3,부경,12,True,,0.0,0.1207378406234432,0.09582138237696525,0.11734917880171354,chronological_oos_threshold_source,False,False,False,False,False,False,False,False
valid,20251019,20251019_3_02,3,부경,12,True,,1.0,0.24401725996882273,0.18006719465710697,0.15236355433652807,chronological_oos_threshold_source,True,False,True,False,True,False,True,False
valid,20251019,20251019_3_03,3,부경,12,True,,0.0,0.10785536678276682,0.062055298545960744,0.09860890530869576,chronological_oos_threshold_source,False,False,False,True,False,True,False,True
valid,20251019,20251019_3_04,3,부경,12,True,,0.0,0.10158000124577671,0.11420025398824789,0.12601653810136831,chronological_oos_threshold_source,False,False,False,False,False,False,True,False
valid,20251019,20251019_3_05,3,부경,8,True,,0.0,0.057975270602056796,0.1960148176745251,0.15803415399284512,chronological_oos_threshold_source,True,False,True,False,True,False,True,False
valid,20251019,20251019_3_06,3,부경,12,True,,1.0,0.1977288439534678,0.11349949197855796,0.1257002380437261,chronological_oos_threshold_source,False,False,False,False,False,False,True,False
valid,20251024,20251024_3_01,3,부경,12,True,,0.0,0.041446937202932396,0.07333282370639516,0.10539609311412917,chronological_oos_threshold_source,False,False,False,False,False,True,False,True
valid,20251024,20251024_3_02,3,부경,12,True,,0.0,0.1154456258693779,0.08960122497568739,0.11421479858841767,chronological_oos_threshold_source,False,False,False,False,False,False,False,False
valid,20251024,20251024_3_03,3,부경,12,True,,0.0,0.068635217374107,0.10073529911981975,0.11974781382637607,chronological_oos_threshold_source,False,False,False,False,False,False,False,False
valid,20251024,20251024_3_04,3,부경,12,True,,1.0,0.09159001249790868,0.09851262401872567,0.1186708813093602,chronological_oos_threshold_source,False,False,False,False,False,False,False,False
valid,20251024,20251024_3_05,3,부경,12,True,,0.0,0.0790667780667214,0.10481090224491123,0.12168985952982667,chronological_oos_threshold_source,False,False,False,False,False,False,False,False
valid,20251024,20251024_3_06,3,부경,12,True,,0.0,0.1367710611113208,0.2373420526909886,0.17194565877184825,chronological_oos_threshold_source,True,False,True,False,True,False,True,False
valid,20251024,20251024_3_07,3,부경,12,True,,0.0,0.1464326991259133,0.15020535700346066,0.14111724822161653,chronological_oos_threshold_source,False,False,True,False,True,False,True,False
valid,20251024,20251024_3_08,3,부경,11,True,,0.0,0.0983571923892598,0.10018341042212565,0.11948161745209263,chronological_oos_threshold_source,False,False,False,False,False,False,False,False
valid,20251025,20251025_1_01,1,서울,12,True,,0.0,0.101672041078769,0.1333919898282893,0.1343204829397173,chronological_oos_threshold_source,False,False,False,False,True,False,True,False
valid,20251025,20251025_1_02,1,서울,11,True,,0.0,0.054923687774137905,0.04512368433292199,0.0869020493350716,chronological_oos_threshold_source,False,True,False,True,False,True,False,True
valid,20251025,20251025_1_03,1,서울,11,True,,0.0,0.0736282678094116,0.08418746976836239,0.1113877530372145,chronological_oos_threshold_source,False,False,False,False,False,False,False,True
valid,20251025,20251025_1_04,1,서울,11,True,,0.0,0.13084115287494802,0.09382308253189806,0.1163546854905125,chronological_oos_threshold_source,False,False,False,False,False,False,False,False
valid,20251025,20251025_1_05,1,서울,11,True,,0.0,0.1318921945673617,0.16017358884991229,0.1449759319961904,chronological_oos_threshold_source,False,False,True,False,True,False,True,False
valid,20251025,20251025_1_06,1,서울,11,True,,0.0,0.1109687518341563,0.1104985577396307,0.12433401756605729,chronological_oos_threshold_source,False,False,False,False,False,False,False,False
valid,20251025,20251025_1_07,1,서울,10,True,,0.0,0.1123174470513477,0.08606132156733044,0.1123773744759571,chronological_oos_threshold_source,False,False,False,False,False,False,False,True
valid,20251025,20251025_1_08,1,서울,11,True,,0.0,0.1447223672664371,0.12114059845451103,0.12909631375315372,chronological_oos_threshold_source,False,False,False,False,False,False,True,False
valid,20251025,20251025_1_09,1,서울,11,True,,0.0,0.073488120989141,0.18473768416672753,0.15404530486556525,chronological_oos_threshold_source,True,False,True,False,True,False,True,False
valid,20251025,20251025_1_10,1,서울,11,True,,0.0,0.06821701819109201,0.12041435043820738,0.12877838273804038,chronological_oos_threshold_source,False,False,False,False,False,False,True,False
valid,20251025,20251025_1_11,1,서울,11,True,,0.0,0.1073648903498311,0.1630173304709603,0.14605620509746764,chronological_oos_threshold_source,False,False,True,False,True,False,True,False
valid,20251026,20251026_1_01,1,서울,11,True,,0.0,0.0545757606929369,0.030129873901687747,0.07407716161877861,chronological_oos_threshold_source,False,True,False,True,False,True,False,True
valid,20251026,20251026_1_02,1,서울,10,True,,0.0,0.0855712004531881,0.050401766201302635,0.09079377000795302,chronological_oos_threshold_source,False,True,False,True,False,True,False,True
valid,20251026,20251026_1_03,1,서울,9,True,,0.0,0.052805055844447904,0.07399049754329606,0.10577283563239674,chronological_oos_threshold_source,False,False,False,False,False,True,False,True
valid,20251026,20251026_1_04,1,서울,11,True,,0.0,0.11917032177751531,0.10036668337196325,0.11957010413316893,chronological_oos_threshold_source,False,False,False,False,False,False,False,False
valid,20251026,20251026_1_05,1,서울,11,True,,1.0,0.12034572845143851,0.08837080874037456,0.11358076357336723,chronological_oos_threshold_source,False,False,False,False,False,False,False,True
valid,20251026,20251026_1_06,1,서울,11,True,,0.0,0.09857741719005281,0.05679556028388156,0.09519852286102479,chronological_oos_threshold_source,False,False,False,True,False,True,False,True
valid,20251026,20251026_1_07,1,서울,11,True,,0.0,0.081257113474157,0.1325164150395145,0.13395534736484857,chronological_oos_threshold_source,False,False,False,False,True,False,True,False
valid,20251026,20251026_1_08,1,서울,11,True,,0.0,0.0698069094120593,0.04959299360743215,0.09021362989934091,chronological_oos_threshold_source,False,True,False,True,False,True,False,True
valid,20251026,20251026_1_09,1,서울,11,True,,0.0,0.15222148231971108,0.09164485560415452,0.11525738085808311,chronological_oos_threshold_source,False,False,False,False,False,False,False,False
valid,20251026,20251026_1_10,1,서울,10,True,,0.0,0.13773994259428268,0.08489745563141646,0.1117641386885525,chronological_oos_threshold_source,False,False,False,False,False,False,False,True
valid,20251026,20251026_1_11,1,서울,8,True,,1.0,0.12622677215909592,0.07769316187166386,0.10785928438005904,chronological_oos_threshold_source,False,False,False,False,False,False,False,True
valid,20251026,20251026_3_01,3,부경,12,True,,0.0,0.1416646994661139,0.07030002250809206,0.1036334003751807,chronological_oos_threshold_source,False,False,False,False,False,True,False,True
valid,20251026,20251026_3_02,3,부경,12,True,,0.0,0.0981657566980756,0.14259353934044167,0.13808851916164194,chronological_oos_threshold_source,False,False,False,False,True,False,True,False
valid,20251026,20251026_3_03,3,부경,16,True,,0.0,0.0605895806262747,0.09158698907046131,0.11522803625670727,chronological_oos_threshold_source,False,False,False,False,False,False,False,False
valid,20251026,20251026_3_04,3,부경,12,True,,0.0,0.063309170604249,0.10029477633986311,0.11953539681698482,chronological_oos_threshold_source,False,False,False,False,False,False,False,False
valid,20251026,20251026_3_05,3,부경,12,True,,0.0,0.10011611721018489,0.10885870107350053,0.12357919996649873,chronological_oos_threshold_source,False,False,False,False,False,False,False,False
valid,20251026,20251026_3_06,3,부경,16,True,,0.0,0.0731219567643741,0.09782558343680595,0.11833534622123447,chronological_oos_threshold_source,False,False,False,False,False,False,False,False
valid,20251031,20251031_3_01,3,부경,11,True,,0.0,0.043568939130113796,0.11847695371421593,0.1279253884863924,chronological_oos_threshold_source,False,False,False,False,False,False,True,False
valid,20251031,20251031_3_02,3,부경,12,True,,0.0,0.0927880062601039,0.08565579205922362,0.11216422855404605,chronological_oos_threshold_source,False,False,False,False,False,False,False,True
valid,20251031,20251031_3_03,3,부경,12,True,,0.0,0.0746965929622905,0.13551481455222233,0.13520084512734895,chronological_oos_threshold_source,False,False,False,False,True,False,True,False
valid,20251031,20251031_3_04,3,부경,12,True,,0.0,0.07514127051989859,0.04545134844377667,0.08715127532472727,chronological_oos_threshold_source,False,True,False,True,False,True,False,True
valid,20251031,20251031_3_05,3,부경,12,True,,1.0,0.1011071696355061,0.09358607107198215,0.11623596875469792,chronological_oos_threshold_source,False,False,False,False,False,False,False,False
valid,20251031,20251031_3_06,3,부경,12,True,,0.0,0.11178939884397521,0.06991773319770098,0.1034081532615912,chronological_oos_threshold_source,False,False,False,False,False,True,False,True
valid,20251031,20251031_3_07,3,부경,11,True,,0.0,0.0860342514233221,0.09879558175309891,0.11880870351699038,chronological_oos_threshold_source,False,False,False,False,False,False,False,False
valid,20251031,20251031_3_08,3,부경,12,True,,0.0,0.09834919453807889,0.24640117435572248,0.17487695712680584,chronological_oos_threshold_source,True,False,True,False,True,False,True,False
valid,20251101,20251101_1_01,1,서울,12,True,,1.0,0.1918163735116245,0.075015846571764,0.10635642543681893,chronological_oos_threshold_source,False,False,False,False,False,True,False,True
valid,20251101,20251101_1_02,1,서울,10,True,,0.0,0.0463341450721618,0.03710710367089301,0.08043274262532912,chronological_oos_threshold_source,False,True,False,True,False,True,False,True
valid,20251101,20251101_1_03,1,서울,11,True,,0.0,0.0839874334202785,0.07867574280117091,0.10840349199503473,chronological_oos_threshold_source,False,False,False,False,False,False,False,True
valid,20251101,20251101_1_04,1,서울,11,True,,0.0,0.07708054889594379,0.11578692215683566,0.12672898814277872,chronological_oos_threshold_source,False,False,False,False,False,False,True,False
valid,20251101,20251101_1_05,1,서울,11,True,,0.0,0.1432772574350964,0.15510992065783244,0.14303025499029878,chronological_oos_threshold_source,False,False,True,False,True,False,True,False
valid,20251101,20251101_1_06,1,서울,11,True,,0.0,0.0747886669882756,0.11403151580314891,0.12594046824904936,chronological_oos_threshold_source,False,False,False,False,False,False,True,False
valid,20251101,20251101_1_07,1,서울,11,True,,0.0,0.15540566315177418,0.07780384299214486,0.10792077877236765,chronological_oos_threshold_source,False,False,False,False,False,False,False,True
valid,20251101,20251101_1_08,1,서울,10,True,,0.0,0.16082212293423592,0.13430471279100958,0.1346998450046859,chronological_oos_threshold_source,False,False,False,False,True,False,True,False
valid,20251101,20251101_1_09,1,서울,11,True,,0.0,0.1029080675411698,0.1669858408157108,0.14754953473609705,chronological_oos_threshold_source,False,False,True,False,True,False,True,False
valid,20251101,20251101_1_10,1,서울,11,True,,0.0,0.11026592868946111,0.13093205827113127,0.13329156396988007,chronological_oos_threshold_source,False,False,False,False,True,False,True,False
valid,20251101,20251101_1_11,1,서울,11,True,,0.0,0.0711984398252199,0.10805389497942121,0.12320655606267786,chronological_oos_threshold_source,False,False,False,False,False,False,False,False
valid,20251102,20251102_1_01,1,서울,12,True,,1.0,0.12264350843103661,0.060944018406994566,0.09790279723966488,chronological_oos_threshold_source,False,False,False,True,False,True,False,True
valid,20251102,20251102_1_02,1,서울,11,True,,0.0,0.0543634268182072,0.060959722835317885,0.09791282765949526,chronological_oos_threshold_source,False,False,False,True,False,True,False,True
valid,20251102,20251102_1_03,1,서울,10,True,,0.0,0.0919017369907505,0.044448079565194025,0.08638475586143422,chronological_oos_threshold_source,False,True,False,True,False,True,False,True
valid,20251102,20251102_1_04,1,서울,11,True,,0.0,0.1225928746434361,0.19207214972123143,0.1566506199542202,chronological_oos_threshold_source,True,False,True,False,True,False,True,False
valid,20251102,20251102_1_05,1,서울,11,True,,0.0,0.1037852331560294,0.1562668027925502,0.1434773435113405,chronological_oos_threshold_source,False,False,True,False,True,False,True,False
valid,20251102,20251102_1_06,1,서울,11,True,,0.0,0.10728687265346029,0.05687527824997302,0.09525155572097832,chronological_oos_threshold_source,False,False,False,True,False,True,False,True
valid,20251102,20251102_1_07,1,서울,10,True,,0.0,0.09127264240461878,0.07569290662487259,0.10673930776642403,chronological_oos_threshold_source,False,False,False,False,False,True,False,True
valid,20251102,20251102_1_08,1,서울,11,True,,0.0,0.0763880290903706,0.07338985351813605,0.10542883794145619,chronological_oos_threshold_source,False,False,False,False,False,True,False,True
valid,20251102,20251102_1_09,1,서울,10,True,,0.0,0.11045856367381401,0.06779358531825024,0.10214355983906828,chronological_oos_threshold_source,False,False,False,False,False,True,False,True
valid,20251102,20251102_1_10,1,서울,11,True,,1.0,0.0725250213542302,0.15517186066878638,0.1430542316144859,chronological_oos_threshold_source,False,False,True,False,True,False,True,False
valid,20251102,20251102_1_11,1,서울,11,True,,0.0,0.12335013604964751,0.04166674184103147,0.08420429197510064,chronological_oos_threshold_source,False,True,False,True,False,True,False,True
valid,20251102,20251102_3_01,3,부경,8,True,,0.0,0.126315786574355,0.09597767798978547,0.11742648428085994,chronological_oos_threshold_source,False,False,False,False,False,False,False,False
valid,20251102,20251102_3_02,3,부경,11,True,,0.0,0.0883867888766296,0.07462084929918007,0.10613214686914609,chronological_oos_threshold_source,False,False,False,False,False,True,False,True
valid,20251102,20251102_3_03,3,부경,12,True,,0.0,0.1314755827779515,0.09329299786426593,0.11608894389311482,chronological_oos_threshold_source,False,False,False,False,False,False,False,False
valid,20251102,20251102_3_04,3,부경,12,True,,0.0,0.1391507776591252,0.1512755837521733,0.14153716561744498,chronological_oos_threshold_source,False,False,True,False,True,False,True,False
valid,20251102,20251102_3_05,3,부경,11,True,,0.0,0.0559849059562637,0.08703325653401255,0.11288596613560203,chronological_oos_threshold_source,False,False,False,False,False,False,False,True
valid,20251102,20251102_3_06,3,부경,12,True,,0.0,0.08883730512758299,0.10088277256886048,0.11981881279161767,chronological_oos_threshold_source,False,False,False,False,False,False,False,False
valid,20251107,20251107_3_01,3,부경,9,True,,0.0,0.0716057884268036,0.06288584807566877,0.09913186390754898,chronological_oos_threshold_source,False,False,False,True,False,True,False,True
valid,20251107,20251107_3_02,3,부경,12,True,,0.0,0.0789872287722356,0.038840632997572226,0.08189772460593772,chronological_oos_threshold_source,False,True,False,True,False,True,False,True
valid,20251107,20251107_3_03,3,부경,12,True,,0.0,0.0751586488417789,0.07066035841379348,0.10384507246413376,chronological_oos_threshold_source,False,False,False,False,False,True,False,True
valid,20251107,20251107_3_04,3,부경,12,True,,0.0,0.13336929755195798,0.12072071254112371,0.1289126191669579,chronological_oos_threshold_source,False,False,False,False,False,False,True,False
valid,20251107,20251107_3_05,3,부경,12,True,,0.0,0.099561218060811,0.11892234463515935,0.12812211693372677,chronological_oos_threshold_source,False,False,False,False,False,False,True,False
valid,20251107,20251107_3_06,3,부경,12,True,,0.0,0.1901545977810612,0.1884441411054476,0.15536717274587242,chronological_oos_threshold_source,True,False,True,False,True,False,True,False
valid,20251107,20251107_3_07,3,부경,10,True,,0.0,0.1256910927807732,0.09977602157575408,0.11928461170044924,chronological_oos_threshold_source,False,False,False,False,False,False,False,False
valid,20251107,20251107_3_08,3,부경,12,True,,0.0,0.1204807357887638,0.04942214479742687,0.09009036488265539,chronological_oos_threshold_source,False,True,False,True,False,True,False,True
valid,20251107,20251107_3_09,3,부경,12,True,,1.0,0.13956883640033801,0.06757523121964762,0.1020122842028292,chronological_oos_threshold_source,False,False,False,False,False,True,False,True
valid,20251108,20251108_1_01,1,서울,11,True,,0.0,0.0656578364355085,0.032207416917289504,0.07605492517855782,chronological_oos_threshold_source,False,True,False,True,False,True,False,True
valid,20251108,20251108_1_02,1,서울,9,True,,0.0,0.0696841243014596,0.0423193215031899,0.08472350425131699,chronological_oos_threshold_source,False,True,False,True,False,True,False,True
valid,20251108,20251108_1_03,1,서울,8,True,,0.0,0.14216941841658498,0.08378627537961532,0.11117428565155812,chronological_oos_threshold_source,False,False,False,False,False,False,False,True
valid,20251108,20251108_1_04,1,서울,11,True,,0.0,0.039378161195005694,0.056681625572212076,0.0951226515185342,chronological_oos_threshold_source,False,False,False,True,False,True,False,True
valid,20251108,20251108_1_05,1,서울,11,True,,0.0,0.06900121532288081,0.0595492711428398,0.09700590916367997,chronological_oos_threshold_source,False,False,False,True,False,True,False,True
valid,20251108,20251108_1_06,1,서울,11,True,,0.0,0.0921717846231046,0.09085000644466656,0.1148534126363208,chronological_oos_threshold_source,False,False,False,False,False,False,False,False
valid,20251108,20251108_1_07,1,서울,11,True,,0.0,0.09534510409999651,0.115768343880872,0.12672067556577993,chronological_oos_threshold_source,False,False,False,False,False,False,True,False
valid,20251108,20251108_1_08,1,서울,11,True,,1.0,0.0777110917604725,0.056304441108590175,0.09487083886587991,chronological_oos_threshold_source,False,False,False,True,False,True,False,True
valid,20251108,20251108_1_09,1,서울,11,True,,0.0,0.10226714162978251,0.07897192809135067,0.10856678442863553,chronological_oos_threshold_source,False,False,False,False,False,False,False,True
valid,20251108,20251108_1_10,1,서울,11,True,,1.0,0.11851743817387281,0.16695261872877992,0.14753710033457665,chronological_oos_threshold_source,False,False,True,False,True,False,True,False
valid,20251108,20251108_1_11,1,서울,11,True,,0.0,0.1231930014704776,0.07885770249271755,0.10850385062466099,chronological_oos_threshold_source,False,False,False,False,False,False,False,True
valid,20251109,20251109_1_01,1,서울,12,True,,0.0,0.11196840172420411,0.11694596918482929,0.127246224552918,chronological_oos_threshold_source,False,False,False,False,False,False,True,False
valid,20251109,20251109_1_02,1,서울,11,True,,0.0,0.0755392129772133,0.04729599506595304,0.08853481124742564,chronological_oos_threshold_source,False,True,False,True,False,True,False,True
valid,20251109,20251109_1_03,1,서울,9,True,,0.0,0.134361664151323,0.04372819588006569,0.08582838290830644,chronological_oos_threshold_source,False,True,False,True,False,True,False,True
valid,20251109,20251109_1_04,1,서울,9,True,,0.0,0.117087296779046,0.0737181905486837,0.1056170786986039,chronological_oos_threshold_source,False,False,False,False,False,True,False,True
valid,20251109,20251109_1_05,1,서울,11,True,,0.0,0.08891448992313261,0.06812365733369925,0.10234154102289529,chronological_oos_threshold_source,False,False,False,False,False,True,False,True
valid,20251109,20251109_1_06,1,서울,11,True,,0.0,0.14049484844267207,0.20985994243027578,0.16280699872961465,chronological_oos_threshold_source,True,False,True,False,True,False,True,False
valid,20251109,20251109_1_07,1,서울,11,True,,0.0,0.19408742523340972,0.1781356962227546,0.15166261193530797,chronological_oos_threshold_source,True,False,True,False,True,False,True,False
valid,20251109,20251109_1_08,1,서울,10,True,,0.0,0.16669647841620558,0.10448474621703628,0.12153594813218316,chronological_oos_threshold_source,False,False,False,False,False,False,False,False
valid,20251109,20251109_1_09,1,서울,11,True,,1.0,0.139026394544947,0.10313811167931329,0.12089774627070878,chronological_oos_threshold_source,False,False,False,False,False,False,False,False
valid,20251109,20251109_1_10,1,서울,11,True,,0.0,0.1059699662838881,0.08679289901751215,0.1127604865873318,chronological_oos_threshold_source,False,False,False,False,False,False,False,True
valid,20251109,20251109_1_11,1,서울,8,True,,0.0,0.14107615037588,0.0837192900209708,0.11113858866633151,chronological_oos_threshold_source,False,False,False,False,False,False,False,True
valid,20251109,20251109_3_01,3,부경,9,True,,0.0,0.15999802451547981,0.09677605001444972,0.11782030481701379,chronological_oos_threshold_source,False,False,False,False,False,False,False,False
valid,20251109,20251109_3_02,3,부경,10,True,,0.0,0.1052667962188616,0.06792447336706794,0.10222213410925592,chronological_oos_threshold_source,False,False,False,False,False,True,False,True
valid,20251109,20251109_3_03,3,부경,11,True,,0.0,0.07932735884635041,0.058461313353175004,0.09629777975483622,chronological_oos_threshold_source,False,False,False,True,False,True,False,True
valid,20251109,20251109_3_04,3,부경,12,True,,1.0,0.11157104065822379,0.13039432914733068,0.13306536534439192,chronological_oos_threshold_source,False,False,False,False,True,False,True,False
valid,20251109,20251109_3_05,3,부경,12,True,,0.0,0.21305430524716262,0.09727781877419396,0.11806691534561006,chronological_oos_threshold_source,False,False,False,False,False,False,False,False
valid,20251109,20251109_3_06,3,부경,12,True,,0.0,0.10865718186234129,0.1081623653440588,0.12325686573370916,chronological_oos_threshold_source,False,False,False,False,False,False,False,False
valid,20251114,20251114_3_01,3,부경,9,True,,0.0,0.0801391827502574,0.07361589988471452,0.1055584850319463,chronological_oos_threshold_source,False,False,False,False,False,True,False,True
valid,20251114,20251114_3_02,3,부경,9,True,,0.0,0.11550487036658119,0.053348148395538704,0.09286203504811887,chronological_oos_threshold_source,False,True,False,True,False,True,False,True
valid,20251114,20251114_3_03,3,부경,12,True,,0.0,0.0678418382669384,0.03979516505027741,0.08268768819442374,chronological_oos_threshold_source,False,True,False,True,False,True,False,True
valid,20251114,20251114_3_04,3,부경,12,True,,0.0,0.09212114075291289,0.05556255414628044,0.0943726512949385,chronological_oos_threshold_source,False,False,False,True,False,True,False,True
valid,20251114,20251114_3_05,3,부경,11,True,,0.0,0.1144665130794354,0.13617159004931445,0.13547183453849296,chronological_oos_threshold_source,False,False,False,False,True,False,True,False
valid,20251114,20251114_3_06,3,부경,12,True,,0.0,0.10203800874881142,0.07846105516518843,0.10828491436811051,chronological_oos_threshold_source,False,False,False,False,False,False,False,True
valid,20251114,20251114_3_07,3,부경,12,True,,0.0,0.08880145210273581,0.06966225045773909,0.10325722851112047,chronological_oos_threshold_source,False,False,False,False,False,True,False,True
valid,20251114,20251114_3_08,3,부경,12,True,,0.0,0.1310603919462745,0.14661236757855808,0.13969699599183066,chronological_oos_threshold_source,False,False,True,False,True,False,True,False
valid,20251114,20251114_3_09,3,부경,12,True,,0.0,0.1363688198285568,0.09702514407576607,0.11794281661789052,chronological_oos_threshold_source,False,False,False,False,False,False,False,False
valid,20251115,20251115_1_01,1,서울,9,True,,0.0,0.0888908286685243,0.07828311765603878,0.10818649629587523,chronological_oos_threshold_source,False,False,False,False,False,False,False,True
valid,20251115,20251115_1_02,1,서울,11,True,,0.0,0.07747839958220949,0.04966072610980824,0.09026242848167618,chronological_oos_threshold_source,False,True,False,True,False,True,False,True
valid,20251115,20251115_1_03,1,서울,8,True,,0.0,0.05933001404641689,0.09791712685644956,0.11838012742184283,chronological_oos_threshold_source,False,False,False,False,False,False,False,False
valid,20251115,20251115_1_04,1,서울,8,True,,0.0,0.1282401311294355,0.07374426001023737,0.10563200430206984,chronological_oos_threshold_source,False,False,False,False,False,True,False,True
valid,20251115,20251115_1_05,1,서울,11,True,,0.0,0.07155956609952481,0.06751807760115493,0.10197788294288569,chronological_oos_threshold_source,False,False,False,False,False,True,False,True
valid,20251115,20251115_1_06,1,서울,11,True,,1.0,0.12259865556204981,0.09961613486958643,0.11920717498619784,chronological_oos_threshold_source,False,False,False,False,False,False,False,False
valid,20251115,20251115_1_07,1,서울,10,True,,0.0,0.137289789838516,0.09228276375831035,0.11558019845375975,chronological_oos_threshold_source,False,False,False,False,False,False,False,False
valid,20251115,20251115_1_08,1,서울,11,True,,0.0,0.0874590954676783,0.04868796302782474,0.0895577752717192,chronological_oos_threshold_source,False,True,False,True,False,True,False,True
valid,20251115,20251115_1_09,1,서울,11,True,,0.0,0.09808063789433821,0.10440862487433547,0.12149998998295507,chronological_oos_threshold_source,False,False,False,False,False,False,False,False
valid,20251115,20251115_1_10,1,서울,11,True,,0.0,0.0762529303924957,0.08526946691155343,0.11196065472352629,chronological_oos_threshold_source,False,False,False,False,False,False,False,True
valid,20251115,20251115_1_11,1,서울,10,True,,0.0,0.1661603598375495,0.17403206242607325,0.1501623726210234,chronological_oos_threshold_source,True,False,True,False,True,False,True,False
valid,20251116,20251116_1_01,1,서울,11,True,,0.0,0.06675077072167448,0.07295435889570738,0.10517842211855559,chronological_oos_threshold_source,False,False,False,False,False,True,False,True
valid,20251116,20251116_1_02,1,서울,11,True,,0.0,0.050043435907136606,0.05320601860522283,0.09276383065055382,chronological_oos_threshold_source,False,True,False,True,False,True,False,True
valid,20251116,20251116_1_03,1,서울,11,True,,0.0,0.099399977247759,0.07774548795425905,0.10788836288416012,chronological_oos_threshold_source,False,False,False,False,False,False,False,True
valid,20251116,20251116_1_04,1,서울,11,True,,0.0,0.0793373121147432,0.1119242924919087,0.12498549903958485,chronological_oos_threshold_source,False,False,False,False,False,False,True,False
valid,20251116,20251116_1_05,1,서울,11,True,,1.0,0.1042340658149942,0.12971393725065616,0.132778484276991,chronological_oos_threshold_source,False,False,False,False,True,False,True,False
valid,20251116,20251116_1_06,1,서울,11,True,,1.0,0.14678695724347912,0.12715115255359927,0.13169106252680932,chronological_oos_threshold_source,False,False,False,False,True,False,True,False
valid,20251116,20251116_1_07,1,서울,10,True,,0.0,0.1724877048380645,0.10661322381057285,0.12253580400037593,chronological_oos_threshold_source,False,False,False,False,False,False,False,False
valid,20251116,20251116_1_08,1,서울,11,True,,0.0,0.1308523512594322,0.1362207192044701,0.1354920795693309,chronological_oos_threshold_source,False,False,False,False,True,False,True,False
valid,20251116,20251116_1_09,1,서울,10,True,,0.0,0.1145936647040618,0.11695679556188286,0.12725104336997778,chronological_oos_threshold_source,False,False,False,False,False,False,True,False
valid,20251116,20251116_1_10,1,서울,10,True,,0.0,0.1504594207337821,0.05118330987588217,0.09134918143449712,chronological_oos_threshold_source,False,True,False,True,False,True,False,True
valid,20251116,20251116_1_11,1,서울,7,True,,0.0,0.1317742719092958,0.05115476463485323,0.09132898383655286,chronological_oos_threshold_source,False,True,False,True,False,True,False,True
valid,20251116,20251116_3_01,3,부경,9,True,,0.0,0.053648285008546,0.05705225756283071,0.09536913721331626,chronological_oos_threshold_source,False,False,False,True,False,True,False,True
valid,20251116,20251116_3_02,3,부경,9,True,,0.0,0.1110474709401824,0.07627479209027116,0.10706682236999225,chronological_oos_threshold_source,False,False,False,False,False,True,False,True
valid,20251116,20251116_3_03,3,부경,12,True,,0.0,0.0797846752271623,0.11460904789305194,0.12620058622930858,chronological_oos_threshold_source,False,False,False,False,False,False,True,False
valid,20251116,20251116_3_04,3,부경,12,True,,1.0,0.1468748255326182,0.10270551426981632,0.12069178353623274,chronological_oos_threshold_source,False,False,False,False,False,False,False,False
valid,20251116,20251116_3_05,3,부경,12,True,,0.0,0.09694274030321709,0.10922527105524286,0.12374844784075421,chronological_oos_threshold_source,False,False,False,False,False,False,False,False
valid,20251116,20251116_3_06,3,부경,12,True,,0.0,0.10098401481712152,0.07344884822129331,0.10546269573838865,chronological_oos_threshold_source,False,False,False,False,False,True,False,True
valid,20251121,20251121_3_01,3,부경,10,True,,0.0,0.11933441466702109,0.057319693919073135,0.09554641293494329,chronological_oos_threshold_source,False,False,False,True,False,True,False,True
valid,20251121,20251121_3_02,3,부경,11,True,,0.0,0.0460909391086985,0.07613638374735153,0.10698904758274841,chronological_oos_threshold_source,False,False,False,False,False,True,False,True
valid,20251121,20251121_3_03,3,부경,12,True,,0.0,0.0865492921478421,0.1348365449830488,0.13492030536861166,chronological_oos_threshold_source,False,False,False,False,True,False,True,False
valid,20251121,20251121_3_04,3,부경,12,True,,0.0,0.131612902246553,0.09736921306729382,0.11811175972958483,chronological_oos_threshold_source,False,False,False,False,False,False,False,False
valid,20251121,20251121_3_05,3,부경,12,True,,0.0,0.1472160581899984,0.15909514111115403,0.14456395730320865,chronological_oos_threshold_source,False,False,True,False,True,False,True,False
valid,20251121,20251121_3_06,3,부경,12,True,,0.0,0.1029808841355159,0.06663043714724363,0.10144144228358085,chronological_oos_threshold_source,False,False,False,True,False,True,False,True
valid,20251121,20251121_3_07,3,부경,12,True,,1.0,0.07517647594463421,0.053358743896976875,0.09286934983494696,chronological_oos_threshold_source,False,True,False,True,False,True,False,True
valid,20251121,20251121_3_08,3,부경,12,True,,1.0,0.0760820116558613,0.06499210101551581,0.10044041710131978,chronological_oos_threshold_source,False,False,False,True,False,True,False,True
valid,20251121,20251121_3_09,3,부경,11,True,,0.0,0.13924250221744272,0.14883944402373553,0.14057924986403095,chronological_oos_threshold_source,False,False,True,False,True,False,True,False
valid,20251122,20251122_1_01,1,서울,12,True,,0.0,0.07948793756138961,0.0394746624961099,0.08242372125315028,chronological_oos_threshold_source,False,True,False,True,False,True,False,True
valid,20251122,20251122_1_02,1,서울,11,True,,0.0,0.0575236333163583,0.1437620230060277,0.13855841515533915,chronological_oos_threshold_source,False,False,False,False,True,False,True,False
valid,20251122,20251122_1_03,1,서울,12,True,,0.0,0.07587265866023961,0.04420481379689691,0.08619734850202734,chronological_oos_threshold_source,False,True,False,True,False,True,False,True
valid,20251122,20251122_1_04,1,서울,10,True,,0.0,0.0788903746455589,0.05839387266783126,0.09625363220927104,chronological_oos_threshold_source,False,False,False,True,False,True,False,True
valid,20251122,20251122_1_05,1,서울,11,True,,0.0,0.1254988488123593,0.06152672110060848,0.09827396968585583,chronological_oos_threshold_source,False,False,False,True,False,True,False,True
valid,20251122,20251122_1_06,1,서울,10,True,,0.0,0.1179943125842323,0.18564240906624885,0.1543689844142537,chronological_oos_threshold_source,True,False,True,False,True,False,True,False
valid,20251122,20251122_1_07,1,서울,10,True,,0.0,0.18081895591921518,0.07105598156945801,0.10407676460638385,chronological_oos_threshold_source,False,False,False,False,False,True,False,True
valid,20251122,20251122_1_08,1,서울,10,True,,0.0,0.24441309072517,0.16551404899235792,0.14699759828435363,chronological_oos_threshold_source,False,False,True,False,True,False,True,False
valid,20251122,20251122_1_09,1,서울,11,True,,0.0,0.1145360493169378,0.09642364551775551,0.11764668925924836,chronological_oos_threshold_source,False,False,False,False,False,False,False,False
valid,20251122,20251122_1_10,1,서울,10,True,,0.0,0.10490424921457919,0.07210757385416257,0.10468906251763394,chronological_oos_threshold_source,False,False,False,False,False,True,False,True
valid,20251122,20251122_1_11,1,서울,11,True,,0.0,0.1552828741751695,0.105900954291747,0.12220240649848596,chronological_oos_threshold_source,False,False,False,False,False,False,False,False
valid,20251123,20251123_1_01,1,서울,12,True,,0.0,0.1780240111623409,0.04141762785973518,0.08400480900715997,chronological_oos_threshold_source,False,True,False,True,False,True,False,True
valid,20251123,20251123_1_02,1,서울,11,True,,0.0,0.0583494471719136,0.07041916914366797,0.10370345911980693,chronological_oos_threshold_source,False,False,False,False,False,True,False,True
valid,20251123,20251123_1_03,1,서울,9,True,,0.0,0.07789940996890911,0.17436830263386915,0.15028587463077492,chronological_oos_threshold_source,True,False,True,False,True,False,True,False
valid,20251123,20251123_1_04,1,서울,11,True,,0.0,0.0463382799308471,0.04700493218930092,0.08831866066384034,chronological_oos_threshold_source,False,True,False,True,False,True,False,True
valid,20251123,20251123_1_05,1,서울,11,True,,1.0,0.08811594127434949,0.11571219244610419,0.12669554721564974,chronological_oos_threshold_source,False,False,False,False,False,False,True,False
valid,20251123,20251123_1_06,1,서울,10,True,,0.0,0.12263301310949179,0.14213656319730283,0.13790424335530443,chronological_oos_threshold_source,False,False,False,False,True,False,True,False
valid,20251123,20251123_1_07,1,서울,11,True,,0.0,0.08939091626047149,0.0961161672679349,0.11749492540275497,chronological_oos_threshold_source,False,False,False,False,False,False,False,False
valid,20251123,20251123_1_08,1,서울,11,True,,0.0,0.11844647975799029,0.05914737239073936,0.09674520611142762,chronological_oos_threshold_source,False,False,False,True,False,True,False,True
valid,20251123,20251123_1_09,1,서울,10,True,,0.0,0.0834398206873607,0.10564768114412793,0.1220835678097769,chronological_oos_threshold_source,False,False,False,False,False,False,False,False
valid,20251123,20251123_1_10,1,서울,11,True,,1.0,0.12085770225421999,0.10979855427196131,0.12401253687123458,chronological_oos_threshold_source,False,False,False,False,False,False,False,False
valid,20251123,20251123_1_11,1,서울,9,True,,0.0,0.175119447545313,0.18987600418124959,0.15587492001615658,chronological_oos_threshold_source,True,False,True,False,True,False,True,False
valid,20251123,20251123_3_01,3,부경,7,True,,0.0,0.0551340875332863,0.05633724301946004,0.09489277688928636,chronological_oos_threshold_source,False,False,False,True,False,True,False,True
valid,20251123,20251123_3_02,3,부경,12,True,,0.0,0.0815004066583463,0.056116833405520004,0.09474522232818555,chronological_oos_threshold_source,False,False,False,True,False,True,False,True
valid,20251123,20251123_3_03,3,부경,12,True,,0.0,0.0713164115094002,0.12131161644188868,0.1291710382755539,chronological_oos_threshold_source,False,False,False,False,False,False,True,False
valid,20251123,20251123_3_04,3,부경,12,True,,0.0,0.10825474843020859,0.08421584367053063,0.11140282874189796,chronological_oos_threshold_source,False,False,False,False,False,False,False,True
valid,20251123,20251123_3_05,3,부경,11,True,,0.0,0.1219289745413059,0.10554599560246686,0.1220358131403066,chronological_oos_threshold_source,False,False,False,False,False,False,False,False
valid,20251123,20251123_3_06,3,부경,15,True,,0.0,0.049482509998973995,0.1333453932489325,0.13430108112914538,chronological_oos_threshold_source,False,False,False,False,True,False,True,False
valid,20251128,20251128_3_01,3,부경,12,True,,0.0,0.060083776282848396,0.0664435659669301,0.10132798507317164,chronological_oos_threshold_source,False,False,False,True,False,True,False,True
valid,20251128,20251128_3_02,3,부경,11,True,,0.0,0.0682216666481204,0.05886260695346686,0.09655985996493574,chronological_oos_threshold_source,False,False,False,True,False,True,False,True
valid,20251128,20251128_3_03,3,부경,12,True,,0.0,0.1350952431248143,0.055870380426817086,0.09457983073092677,chronological_oos_threshold_source,False,False,False,True,False,True,False,True
valid,20251128,20251128_3_04,3,부경,11,True,,1.0,0.1134577262364309,0.07776484867176663,0.10789911917140162,chronological_oos_threshold_source,False,False,False,False,False,False,False,True
valid,20251128,20251128_3_05,3,부경,12,True,,0.0,0.1035167622848519,0.1605837290908327,0.14513227366690185,chronological_oos_threshold_source,False,False,True,False,True,False,True,False
valid,20251128,20251128_3_06,3,부경,12,True,,0.0,0.0888268601340337,0.07621598125630621,0.10703378498533793,chronological_oos_threshold_source,False,False,False,False,False,True,False,True
valid,20251128,20251128_3_07,3,부경,12,True,,0.0,0.1569997118837348,0.1378921877495509,0.1361787261142328,chronological_oos_threshold_source,False,False,False,False,True,False,True,False
valid,20251128,20251128_3_08,3,부경,12,True,,0.0,0.111094843910766,0.05341467992641279,0.09290795209679292,chronological_oos_threshold_source,False,True,False,True,False,True,False,True
valid,20251128,20251128_3_09,3,부경,12,True,,0.0,0.0778462025748285,0.2211284610466938,0.1666031947956754,chronological_oos_threshold_source,True,False,True,False,True,False,True,False
valid,20251129,20251129_1_01,1,서울,12,True,,0.0,0.062725004090699,0.07768972341241132,0.10785737318255538,chronological_oos_threshold_source,False,False,False,False,False,False,False,True
valid,20251129,20251129_1_02,1,서울,11,True,,0.0,0.052841258083977105,0.11095786024657009,0.12454437293118562,chronological_oos_threshold_source,False,False,False,False,False,False,True,False
valid,20251129,20251129_1_03,1,서울,11,True,,0.0,0.04985969669968151,0.0728850647848288,0.10513849867296475,chronological_oos_threshold_source,False,False,False,False,False,True,False,True
valid,20251129,20251129_1_04,1,서울,11,True,,0.0,0.09991208385208951,0.10722459739706759,0.12282103236993447,chronological_oos_threshold_source,False,False,False,False,False,False,False,False
valid,20251129,20251129_1_05,1,서울,11,True,,0.0,0.1315657736745539,0.1591163069256536,0.1445720551408578,chronological_oos_threshold_source,False,False,True,False,True,False,True,False
valid,20251129,20251129_1_06,1,서울,11,True,,0.0,0.13830513903212277,0.11801346217433521,0.127720259247911,chronological_oos_threshold_source,False,False,False,False,False,False,True,False
valid,20251129,20251129_1_07,1,서울,11,True,,0.0,0.1514683930613826,0.07334374626055341,0.10540236564113437,chronological_oos_threshold_source,False,False,False,False,False,True,False,True
valid,20251129,20251129_1_08,1,서울,10,True,,0.0,0.10265788766444821,0.07558771441769223,0.10667994841051816,chronological_oos_threshold_source,False,False,False,False,False,True,False,True
valid,20251129,20251129_1_09,1,서울,11,True,,0.0,0.1896154363114926,0.08626834219020363,0.11248596949962811,chronological_oos_threshold_source,False,False,False,False,False,False,False,True
valid,20251129,20251129_1_10,1,서울,11,True,,0.0,0.19025698307268452,0.09550336240398372,0.11719167076167315,chronological_oos_threshold_source,False,False,False,False,False,False,False,False
valid,20251129,20251129_1_11,1,서울,10,True,,0.0,0.1307584067698354,0.07775995213415327,0.10789639893112378,chronological_oos_threshold_source,False,False,False,False,False,False,False,True
valid,20251130,20251130_1_01,1,서울,9,True,,0.0,0.0758288820499474,0.022881964264868375,0.06644287909525529,chronological_oos_threshold_source,False,True,False,True,False,True,False,True
valid,20251130,20251130_1_02,1,서울,11,True,,0.0,0.09727351331611861,0.04388360451911193,0.08594895184067278,chronological_oos_threshold_source,False,True,False,True,False,True,False,True
valid,20251130,20251130_1_03,1,서울,11,True,,0.0,0.12261589086994701,0.09301868037417226,0.11595109922737207,chronological_oos_threshold_source,False,False,False,False,False,False,False,False
valid,20251130,20251130_1_04,1,서울,11,True,,0.0,0.0821826064820362,0.10211785681529856,0.12041124978046644,chronological_oos_threshold_source,False,False,False,False,False,False,False,False
valid,20251130,20251130_1_05,1,서울,11,True,,0.0,0.1038853117095785,0.09512325923571241,0.11700303949785128,chronological_oos_threshold_source,False,False,False,False,False,False,False,False
valid,20251130,20251130_1_06,1,서울,11,True,,0.0,0.11599934734781209,0.0779217588832338,0.10798623857453381,chronological_oos_threshold_source,False,False,False,False,False,False,False,True
valid,20251130,20251130_1_07,1,서울,13,True,,0.0,0.0765116720190246,0.08619032460947611,0.1124450614782528,chronological_oos_threshold_source,False,False,False,False,False,False,False,True
valid,20251130,20251130_1_08,1,서울,16,True,,0.0,0.058509248798964894,0.04320027887097554,0.08541689753665839,chronological_oos_threshold_source,False,True,False,True,False,True,False,True
valid,20251130,20251130_1_09,1,서울,10,True,,1.0,0.11721943751446409,0.14090238567660654,0.13740511903367517,chronological_oos_threshold_source,False,False,False,False,True,False,True,False
valid,20251130,20251130_1_10,1,서울,11,True,,0.0,0.1305945339932471,0.11628629386988501,0.12695216568066908,chronological_oos_threshold_source,False,False,False,False,False,False,True,False
valid,20251130,20251130_1_11,1,서울,11,True,,1.0,0.1672760698438992,0.12427644731959134,0.13045802860399983,chronological_oos_threshold_source,False,False,False,False,False,False,True,False
valid,20251130,20251130_3_01,3,부경,8,True,,0.0,0.185559853972239,0.0637598734548093,0.0996778982640606,chronological_oos_threshold_source,False,False,False,True,False,True,False,True
valid,20251130,20251130_3_02,3,부경,8,True,,0.0,0.13432971591152199,0.0432752898153488,0.08547554685761646,chronological_oos_threshold_source,False,True,False,True,False,True,False,True
valid,20251130,20251130_3_03,3,부경,12,True,,0.0,0.1021265104702234,0.06682096175119391,0.10155692938778971,chronological_oos_threshold_source,False,False,False,False,False,True,False,True
valid,20251130,20251130_3_04,3,부경,12,True,,0.0,0.1543025893804026,0.17679893545074754,0.15117557597129633,chronological_oos_threshold_source,True,False,True,False,True,False,True,False
valid,20251130,20251130_3_05,3,부경,9,True,,0.0,0.0883659856403577,0.05244655022639783,0.09223644469860781,chronological_oos_threshold_source,False,True,False,True,False,True,False,True
valid,20251130,20251130_3_06,3,부경,12,True,,1.0,0.1494116616061195,0.18438518701515225,0.15391901252311735,chronological_oos_threshold_source,True,False,True,False,True,False,True,False
valid,20251205,20251205_3_01,3,부경,10,True,,0.0,0.08093856326532209,0.10172694050148003,0.12022415585864624,chronological_oos_threshold_source,False,False,False,False,False,False,False,False
valid,20251205,20251205_3_02,3,부경,12,True,,0.0,0.0671004816302316,0.05958287929605488,0.09702766358551405,chronological_oos_threshold_source,False,False,False,True,False,True,False,True
valid,20251205,20251205_3_03,3,부경,12,True,,0.0,0.1633608019138028,0.06222272636522909,0.09871465164717799,chronological_oos_threshold_source,False,False,False,True,False,True,False,True
valid,20251205,20251205_3_04,3,부경,12,True,,0.0,0.14716817655478512,0.1161568697346546,0.12689437172876128,chronological_oos_threshold_source,False,False,False,False,False,False,True,False
valid,20251205,20251205_3_05,3,부경,12,True,,1.0,0.2026582312579269,0.1360155969690625,0.13540752937980172,chronological_oos_threshold_source,False,False,False,False,True,False,True,False
valid,20251205,20251205_3_06,3,부경,12,True,,0.0,0.1050941695931937,0.14664524207976004,0.1397100655534645,chronological_oos_threshold_source,False,False,True,False,True,False,True,False
valid,20251205,20251205_3_07,3,부경,12,True,,0.0,0.1527362703929628,0.05863318680073035,0.09641015626919763,chronological_oos_threshold_source,False,False,False,True,False,True,False,True
valid,20251205,20251205_3_08,3,부경,12,True,,0.0,0.1590318267459421,0.15270286614178943,0.14209500276959675,chronological_oos_threshold_source,False,False,True,False,True,False,True,False
valid,20251205,20251205_3_09,3,부경,12,True,,0.0,0.12441097113598759,0.06481379653961006,0.10033059938468217,chronological_oos_threshold_source,False,False,False,True,False,True,False,True
valid,20251206,20251206_1_01,1,서울,7,True,,0.0,0.0887809343048775,0.06357773395823496,0.09956446805116896,chronological_oos_threshold_source,False,False,False,True,False,True,False,True
valid,20251206,20251206_1_03,1,서울,11,True,,0.0,0.04783729238206459,0.05037271814621543,0.09077302912039963,chronological_oos_threshold_source,False,True,False,True,False,True,False,True
valid,20251206,20251206_1_04,1,서울,11,True,,0.0,0.0605608086073351,0.050773406569225445,0.0910585085134287,chronological_oos_threshold_source,False,True,False,True,False,True,False,True
valid,20251206,20251206_1_05,1,서울,11,True,,0.0,0.1143754267933537,0.06070910012288259,0.09775257540094931,chronological_oos_threshold_source,False,False,False,True,False,True,False,True
valid,20251206,20251206_1_06,1,서울,11,True,,0.0,0.08935775415525592,0.18214626026637282,0.15311445117407296,chronological_oos_threshold_source,True,False,True,False,True,False,True,False
valid,20251206,20251206_1_07,1,서울,11,True,,0.0,0.0920843779708224,0.08442788044735673,0.11151539933110313,chronological_oos_threshold_source,False,False,False,False,False,False,False,True
valid,20251206,20251206_1_08,1,서울,11,True,,0.0,0.0973997987512335,0.08565073152037662,0.11216156520526152,chronological_oos_threshold_source,False,False,False,False,False,False,False,True
valid,20251206,20251206_1_09,1,서울,11,True,,0.0,0.1570332689322408,0.1169095930490084,0.12723003185289247,chronological_oos_threshold_source,False,False,False,False,False,False,True,False
valid,20251206,20251206_1_10,1,서울,11,True,,0.0,0.09054692791967779,0.09214374192474174,0.11550995002176917,chronological_oos_threshold_source,False,False,False,False,False,False,False,False
valid,20251206,20251206_1_11,1,서울,11,True,,1.0,0.1600432274635899,0.10761913612883833,0.12300464166712574,chronological_oos_threshold_source,False,False,False,False,False,False,False,False
valid,20251207,20251207_1_01,1,서울,12,True,,0.0,0.0773282091715827,0.06762845705194771,0.1020443062734729,chronological_oos_threshold_source,False,False,False,False,False,True,False,True
valid,20251207,20251207_1_02,1,서울,11,True,,0.0,0.0724590375645389,0.08842993619866901,0.113611343012241,chronological_oos_threshold_source,False,False,False,False,False,False,False,True
valid,20251207,20251207_1_03,1,서울,10,True,,0.0,0.13157937450216323,0.07928978474906552,0.10874164196948799,chronological_oos_threshold_source,False,False,False,False,False,False,False,True
valid,20251207,20251207_1_04,1,서울,11,True,,0.0,0.1125276752274403,0.10178186864768311,0.12025046792967628,chronological_oos_threshold_source,False,False,False,False,False,False,False,False
valid,20251207,20251207_1_05,1,서울,9,True,,0.0,0.1042823224403933,0.1350571400754546,0.1350116223293021,chronological_oos_threshold_source,False,False,False,False,True,False,True,False
valid,20251207,20251207_1_06,1,서울,11,True,,0.0,0.169896732999892,0.267260912365942,0.1815033277447887,chronological_oos_threshold_source,True,False,True,False,True,False,True,False
valid,20251207,20251207_1_07,1,서울,11,True,,0.0,0.0724385942801192,0.06667134901649183,0.10146625713975145,chronological_oos_threshold_source,False,False,False,False,False,True,False,True
valid,20251207,20251207_1_08,1,서울,11,True,,0.0,0.1151594676327605,0.09974710079687515,0.11927060967815876,chronological_oos_threshold_source,False,False,False,False,False,False,False,False
valid,20251207,20251207_1_09,1,서울,11,True,,0.0,0.1058826471812605,0.0913711327647251,0.11511848389272379,chronological_oos_threshold_source,False,False,False,False,False,False,False,False
valid,20251207,20251207_1_10,1,서울,9,True,,1.0,0.21417658458438288,0.08349768066492412,0.11102037783994902,chronological_oos_threshold_source,False,False,False,False,False,False,False,True
valid,20251207,20251207_1_11,1,서울,10,True,,0.0,0.1051707709621567,0.11716463317253484,0.1273435070668112,chronological_oos_threshold_source,False,False,False,False,False,False,True,False
valid,20251207,20251207_3_01,3,부경,8,True,,0.0,0.0841195430517303,0.0622025267411401,0.09870190244743124,chronological_oos_threshold_source,False,False,False,True,False,True,False,True
valid,20251207,20251207_3_02,3,부경,10,True,,0.0,0.1408960565946864,0.11496955237489631,0.12636260973352811,chronological_oos_threshold_source,False,False,False,False,False,False,True,False
valid,20251207,20251207_3_03,3,부경,12,True,,0.0,0.14969687390221,0.06056775864343717,0.09766202984867962,chronological_oos_threshold_source,False,False,False,True,False,True,False,True
valid,20251207,20251207_3_04,3,부경,12,True,,0.0,0.1365911474604675,0.16555602197007308,0.14701336913513302,chronological_oos_threshold_source,False,False,True,False,True,False,True,False
valid,20251207,20251207_3_05,3,부경,10,True,,0.0,0.11317272498471281,0.06281660954692081,0.09908842099342278,chronological_oos_threshold_source,False,False,False,True,False,True,False,True
valid,20251207,20251207_3_06,3,부경,11,True,,0.0,0.1022506037051481,0.09166206072015265,0.11526610375558986,chronological_oos_threshold_source,False,False,False,False,False,False,False,False
valid,20251212,20251212_3_01,3,부경,8,True,,0.0,0.1209503179698116,0.06645636797056043,0.10133576355053486,chronological_oos_threshold_source,False,False,False,True,False,True,False,True
valid,20251212,20251212_3_02,3,부경,9,True,,0.0,0.0992501353462821,0.07774494556591062,0.10788806152622608,chronological_oos_threshold_source,False,False,False,False,False,False,False,True
valid,20251212,20251212_3_03,3,부경,10,True,,0.0,0.0605974257090277,0.02865759791982991,0.07262507706854227,chronological_oos_threshold_source,False,True,False,True,False,True,False,True
valid,20251212,20251212_3_04,3,부경,10,True,,0.0,0.1081659405837231,0.1630739813470024,0.14607763770173268,chronological_oos_threshold_source,False,False,True,False,True,False,True,False
valid,20251212,20251212_3_05,3,부경,12,True,,0.0,0.1183463423045813,0.07788803713769478,0.10796752399549739,chronological_oos_threshold_source,False,False,False,False,False,False,False,True
valid,20251212,20251212_3_06,3,부경,11,True,,0.0,0.0669373402972928,0.06847237588157373,0.10255010976238674,chronological_oos_threshold_source,False,False,False,False,False,True,False,True
valid,20251212,20251212_3_07,3,부경,12,True,,1.0,0.18830553145764758,0.03831080685964865,0.08145421433289261,chronological_oos_threshold_source,False,True,False,True,False,True,False,True
valid,20251212,20251212_3_08,3,부경,11,True,,0.0,0.081470936309832,0.07677683133411746,0.10734826224477713,chronological_oos_threshold_source,False,False,False,False,False,True,False,True
valid,20251212,20251212_3_09,3,부경,11,True,,0.0,0.10928018863611591,0.11606145137014617,0.12685174153951537,chronological_oos_threshold_source,False,False,False,False,False,False,True,False
valid,20251213,20251213_1_01,1,서울,12,True,,0.0,0.059121971852021005,0.05435738003179629,0.09355498351978017,chronological_oos_threshold_source,False,True,False,True,False,True,False,True
valid,20251213,20251213_1_02,1,서울,9,True,,0.0,0.0657842802378968,0.08944801300861757,0.11413611101717766,chronological_oos_threshold_source,False,False,False,False,False,False,False,False
valid,20251213,20251213_1_03,1,서울,10,True,,0.0,0.0770396030115283,0.09025574693472448,0.11455012065135056,chronological_oos_threshold_source,False,False,False,False,False,False,False,False
valid,20251213,20251213_1_04,1,서울,11,True,,0.0,0.0807293084919953,0.0598044086131186,0.09717088030432992,chronological_oos_threshold_source,False,False,False,True,False,True,False,True
valid,20251213,20251213_1_05,1,서울,11,True,,0.0,0.1525772491037582,0.10606925305275927,0.12228129065431233,chronological_oos_threshold_source,False,False,False,False,False,False,False,False
valid,20251213,20251213_1_06,1,서울,11,True,,0.0,0.1550908668109885,0.12570266185911555,0.13107155475183146,chronological_oos_threshold_source,False,False,False,False,True,False,True,False
valid,20251213,20251213_1_07,1,서울,10,True,,0.0,0.1566418387698362,0.17030320211940486,0.1487856367739539,chronological_oos_threshold_source,False,False,True,False,True,False,True,False
valid,20251213,20251213_1_08,1,서울,8,True,,0.0,0.1129414735947656,0.05620320627173408,0.09480308550031513,chronological_oos_threshold_source,False,False,False,True,False,True,False,True
valid,20251213,20251213_1_09,1,서울,10,True,,0.0,0.0768554569210664,0.07261950880007581,0.10498529968502501,chronological_oos_threshold_source,False,False,False,False,False,True,False,True
valid,20251213,20251213_1_10,1,서울,11,True,,0.0,0.09488651967690438,0.09370064019537667,0.11629337579121064,chronological_oos_threshold_source,False,False,False,False,False,False,False,False
valid,20251213,20251213_1_11,1,서울,11,True,,1.0,0.1651857409835153,0.06496861166702572,0.10042595996002657,chronological_oos_threshold_source,False,False,False,True,False,True,False,True
valid,20251214,20251214_1_01,1,서울,9,True,,1.0,0.1186448777683524,0.043994581656747155,0.08603489441372719,chronological_oos_threshold_source,False,True,False,True,False,True,False,True
valid,20251214,20251214_1_02,1,서울,11,True,,0.0,0.0989147540988851,0.09531911885709962,0.1171002885751282,chronological_oos_threshold_source,False,False,False,False,False,False,False,False
valid,20251214,20251214_1_03,1,서울,11,True,,0.0,0.0490989378841986,0.08139391392532647,0.10988935329511948,chronological_oos_threshold_source,False,False,False,False,False,False,False,True
valid,20251214,20251214_1_04,1,서울,7,True,,0.0,0.1914897310476315,0.16807668790455016,0.14795720348003463,chronological_oos_threshold_source,False,False,True,False,True,False,True,False
valid,20251214,20251214_1_05,1,서울,11,True,,0.0,0.1007615684639678,0.08909109641698436,0.11395251502756071,chronological_oos_threshold_source,False,False,False,False,False,False,False,False
valid,20251214,20251214_1_07,1,서울,11,True,,0.0,0.1229643322289283,0.19196803168087517,0.15661392717661232,chronological_oos_threshold_source,True,False,True,False,True,False,True,False
valid,20251214,20251214_1_08,1,서울,11,True,,0.0,0.111880961560611,0.13401487087860697,0.13457951475176785,chronological_oos_threshold_source,False,False,False,False,True,False,True,False
valid,20251214,20251214_1_09,1,서울,11,True,,0.0,0.0901355544813203,0.1139557276370087,0.12590628262817558,chronological_oos_threshold_source,False,False,False,False,False,False,True,False
valid,20251214,20251214_1_10,1,서울,11,True,,0.0,0.1553200002546878,0.13022665169795797,0.13299473546072235,chronological_oos_threshold_source,False,False,False,False,True,False,True,False
valid,20251214,20251214_1_11,1,서울,10,True,,0.0,0.2538977232236211,0.1513673094418375,0.14157308996582843,chronological_oos_threshold_source,False,False,True,False,True,False,True,False
valid,20251214,20251214_3_01,3,부경,8,True,,0.0,0.09926515530710911,0.0611207916286124,0.09801561582934702,chronological_oos_threshold_source,False,False,False,True,False,True,False,True
valid,20251214,20251214_3_02,3,부경,9,True,,0.0,0.1058659112868296,0.10285064041902171,0.12076093081776416,chronological_oos_threshold_source,False,False,False,False,False,False,False,False
valid,20251214,20251214_3_03,3,부경,10,True,,0.0,0.0735215675891284,0.06797925423434868,0.10225499417994467,chronological_oos_threshold_source,False,False,False,False,False,True,False,True
valid,20251214,20251214_3_04,3,부경,10,True,,1.0,0.1254765719664243,0.07973248845571816,0.10898452445320736,chronological_oos_threshold_source,False,False,False,False,False,False,False,True
valid,20251214,20251214_3_05,3,부경,12,True,,0.0,0.16392551183356913,0.12868689521154328,0.1323440073164371,chronological_oos_threshold_source,False,False,False,False,True,False,True,False
valid,20251214,20251214_3_06,3,부경,10,True,,0.0,0.0898534740169936,0.12570686924743402,0.13107335943657444,chronological_oos_threshold_source,False,False,False,False,True,False,True,False
valid,20251219,20251219_3_01,3,부경,9,True,,0.0,0.06409849269772741,0.10570020528724838,0.12210822518994496,chronological_oos_threshold_source,False,False,False,False,False,False,False,False
valid,20251219,20251219_3_02,3,부경,12,True,,0.0,0.0584709832963988,0.07898676835658035,0.10857495707094372,chronological_oos_threshold_source,False,False,False,False,False,False,False,True
valid,20251219,20251219_3_03,3,부경,11,True,,1.0,0.1154405338172907,0.1055050399342778,0.12201657217782737,chronological_oos_threshold_source,False,False,False,False,False,False,False,False
valid,20251219,20251219_3_04,3,부경,12,True,,0.0,0.1087511933707804,0.10262799789002475,0.1206548283864204,chronological_oos_threshold_source,False,False,False,False,False,False,False,False
valid,20251219,20251219_3_05,3,부경,12,True,,0.0,0.0670880102244706,0.10302956838454014,0.12084611155470334,chronological_oos_threshold_source,False,False,False,False,False,False,False,False
valid,20251219,20251219_3_06,3,부경,11,True,,0.0,0.0719681217325048,0.18436560104825606,0.15391199229156569,chronological_oos_threshold_source,True,False,True,False,True,False,True,False
valid,20251219,20251219_3_07,3,부경,12,True,,1.0,0.11654462260744611,0.08379266493131296,0.11117768985918444,chronological_oos_threshold_source,False,False,False,False,False,False,False,True
valid,20251219,20251219_3_08,3,부경,11,True,,0.0,0.1421299534985953,0.13468416653556162,0.13485718401648467,chronological_oos_threshold_source,False,False,False,False,True,False,True,False
valid,20251219,20251219_3_09,3,부경,12,True,,0.0,0.1680704629619969,0.08384278519152177,0.11120438777651138,chronological_oos_threshold_source,False,False,False,False,False,False,False,True
valid,20251220,20251220_1_01,1,서울,12,True,,0.0,0.0751439774074324,0.07101484247655421,0.10405270633204362,chronological_oos_threshold_source,False,False,False,False,False,True,False,True
valid,20251220,20251220_1_02,1,서울,10,True,,0.0,0.0712186395720607,0.03929073185135857,0.08227165527802437,chronological_oos_threshold_source,False,True,False,True,False,True,False,True
valid,20251220,20251220_1_03,1,서울,11,True,,0.0,0.0768384478120675,0.08875536806086581,0.11377944765141809,chronological_oos_threshold_source,False,False,False,False,False,False,False,False
valid,20251220,20251220_1_04,1,서울,11,True,,0.0,0.08381642389620121,0.14146055142276776,0.1376311135898025,chronological_oos_threshold_source,False,False,False,False,True,False,True,False
valid,20251220,20251220_1_05,1,서울,11,True,,0.0,0.0808542407704258,0.10019644657417906,0.11948791436246495,chronological_oos_threshold_source,False,False,False,False,False,False,False,False
valid,20251220,20251220_1_06,1,서울,11,True,,1.0,0.20331433682241232,0.1554141973839825,0.14314799589608215,chronological_oos_threshold_source,False,False,True,False,True,False,True,False
valid,20251220,20251220_1_07,1,서울,11,True,,0.0,0.11666492304313089,0.09522909459627771,0.11705560285708301,chronological_oos_threshold_source,False,False,False,False,False,False,False,False
valid,20251220,20251220_1_08,1,서울,11,True,,0.0,0.1481117618416982,0.09939682447914744,0.11910084894689844,chronological_oos_threshold_source,False,False,False,False,False,False,False,False
valid,20251220,20251220_1_09,1,서울,11,True,,0.0,0.0507413353745395,0.09409336912551018,0.11648986975794826,chronological_oos_threshold_source,False,False,False,False,False,False,False,False
valid,20251220,20251220_1_10,1,서울,11,True,,1.0,0.1351864089948957,0.06503846671450769,0.10046894525582348,chronological_oos_threshold_source,False,False,False,True,False,True,False,True
valid,20251220,20251220_1_11,1,서울,10,True,,0.0,0.1315654130771776,0.16966143217370613,0.14854734719074444,chronological_oos_threshold_source,False,False,True,False,True,False,True,False
valid,20251221,20251221_1_01,1,서울,12,True,,0.0,0.07056160865223109,0.06765503684228644,0.10206029196233271,chronological_oos_threshold_source,False,False,False,False,False,True,False,True
valid,20251221,20251221_1_02,1,서울,12,True,,0.0,0.06466033197571391,0.10441169966602562,0.12150144272203749,chronological_oos_threshold_source,False,False,False,False,False,False,False,False
valid,20251221,20251221_1_03,1,서울,11,True,,0.0,0.1237326984701328,0.09796384025771389,0.11840296994665507,chronological_oos_threshold_source,False,False,False,False,False,False,False,False
valid,20251221,20251221_1_04,1,서울,11,True,,0.0,0.08968702828523559,0.1011187943299105,0.11993232602603426,chronological_oos_threshold_source,False,False,False,False,False,False,False,False
valid,20251221,20251221_1_05,1,서울,10,True,,1.0,0.09733087238889361,0.14056372514454835,0.1372677871468544,chronological_oos_threshold_source,False,False,False,False,True,False,True,False
valid,20251221,20251221_1_06,1,서울,11,True,,1.0,0.07859273894348828,0.14819776527859185,0.14032569905801756,chronological_oos_threshold_source,False,False,True,False,True,False,True,False
valid,20251221,20251221_1_07,1,서울,11,True,,0.0,0.1351614033591313,0.04018875787783783,0.0830101169094733,chronological_oos_threshold_source,False,True,False,True,False,True,False,True
valid,20251221,20251221_1_08,1,서울,11,True,,0.0,0.1235955434588448,0.15764081003852257,0.14400634789002598,chronological_oos_threshold_source,False,False,True,False,True,False,True,False
valid,20251221,20251221_1_09,1,서울,11,True,,0.0,0.1011998588242974,0.06447572972275491,0.10012190449938911,chronological_oos_threshold_source,False,False,False,True,False,True,False,True
valid,20251221,20251221_1_10,1,서울,11,True,,0.0,0.09122853643063719,0.06853689411976326,0.10258863133844325,chronological_oos_threshold_source,False,False,False,False,False,True,False,True
valid,20251221,20251221_1_11,1,서울,11,True,,0.0,0.169247315808083,0.05538674785980652,0.09425402494083654,chronological_oos_threshold_source,False,False,False,True,False,True,False,True
valid,20251221,20251221_3_01,3,부경,10,True,,0.0,0.0790431027778149,0.064145308445588,0.09991731807666472,chronological_oos_threshold_source,False,False,False,True,False,True,False,True
valid,20251221,20251221_3_02,3,부경,11,True,,0.0,0.0835566981246544,0.06333694434522129,0.0994142238322475,chronological_oos_threshold_source,False,False,False,True,False,True,False,True
valid,20251221,20251221_3_03,3,부경,12,True,,0.0,0.0913928874763629,0.049949849326164586,0.09047028937298306,chronological_oos_threshold_source,False,True,False,True,False,True,False,True
valid,20251221,20251221_3_04,3,부경,12,True,,0.0,0.12310720688292501,0.21492711303573303,0.16452319936966858,chronological_oos_threshold_source,True,False,True,False,True,False,True,False
valid,20251221,20251221_3_05,3,부경,12,True,,0.0,0.0782803295183013,0.14645947818908184,0.13963619495908333,chronological_oos_threshold_source,False,False,True,False,True,False,True,False
valid,20251221,20251221_3_06,3,부경,10,True,,1.0,0.14485763191853832,0.11012935841182235,0.12416459470136276,chronological_oos_threshold_source,False,False,False,False,False,False,False,False
valid,20251226,20251226_3_01,3,부경,12,True,,0.0,0.08487331484657039,0.04128404669107062,0.08389754585555599,chronological_oos_threshold_source,False,True,False,True,False,True,False,True
valid,20251226,20251226_3_02,3,부경,11,True,,0.0,0.0896873831336128,0.055884279147920386,0.0945891693415664,chronological_oos_threshold_source,False,False,False,True,False,True,False,True
valid,20251226,20251226_3_03,3,부경,10,True,,0.0,0.1253490635259801,0.08659546032057602,0.11265726890224852,chronological_oos_threshold_source,False,False,False,False,False,False,False,True
valid,20251226,20251226_3_04,3,부경,12,True,,0.0,0.09004843721649061,0.05917734900479042,0.09676468682107588,chronological_oos_threshold_source,False,False,False,True,False,True,False,True
valid,20251226,20251226_3_05,3,부경,12,True,,0.0,0.137532585153393,0.08320901780602444,0.11086613670040235,chronological_oos_threshold_source,False,False,False,False,False,False,False,True
valid,20251226,20251226_3_07,3,부경,11,True,,0.0,0.079863163848149,0.10275101461845797,0.12071346840934342,chronological_oos_threshold_source,False,False,False,False,False,False,False,False
valid,20251226,20251226_3_08,3,부경,11,True,,0.0,0.0854937298974805,0.13013414276144933,0.13295574891064169,chronological_oos_threshold_source,False,False,False,False,True,False,True,False
valid,20251226,20251226_3_09,3,부경,12,True,,0.0,0.1649408853180446,0.09304611343207836,0.11596489434605724,chronological_oos_threshold_source,False,False,False,False,False,False,False,False
valid,20251227,20251227_1_01,1,서울,12,True,,0.0,0.122452197552134,0.07993728658699961,0.10909662748434346,chronological_oos_threshold_source,False,False,False,False,False,False,False,True
valid,20251227,20251227_1_02,1,서울,11,True,,0.0,0.056400819520896796,0.07934272800200727,0.10877072850831854,chronological_oos_threshold_source,False,False,False,False,False,False,False,True
valid,20251227,20251227_1_03,1,서울,11,True,,0.0,0.1217766577975432,0.2640836336848403,0.18050402939566898,chronological_oos_threshold_source,True,False,True,False,True,False,True,False
valid,20251227,20251227_1_04,1,서울,10,True,,0.0,0.22308010332136513,0.1301595635971791,0.13296646353655842,chronological_oos_threshold_source,False,False,False,False,True,False,True,False
valid,20251227,20251227_1_05,1,서울,11,True,,0.0,0.08674692049551719,0.1200113971462009,0.1286015562035342,chronological_oos_threshold_source,False,False,False,False,False,False,True,False
valid,20251227,20251227_1_06,1,서울,10,True,,0.0,0.16431555907380646,0.15174467128015082,0.14172077571122027,chronological_oos_threshold_source,False,False,True,False,True,False,True,False
valid,20251227,20251227_1_07,1,서울,11,True,,0.0,0.1545214334498119,0.1693154238285499,0.1484187075974313,chronological_oos_threshold_source,False,False,True,False,True,False,True,False
valid,20251227,20251227_1_08,1,서울,11,True,,0.0,0.0596122285817733,0.03730945030317166,0.08060583227368741,chronological_oos_threshold_source,False,True,False,True,False,True,False,True
valid,20251227,20251227_1_09,1,서울,11,True,,0.0,0.134858570463821,0.07259457629349694,0.1049708997884378,chronological_oos_threshold_source,False,False,False,False,False,True,False,True
valid,20251227,20251227_1_10,1,서울,11,True,,0.0,0.154187800494054,0.18160320171141048,0.15291866967073364,chronological_oos_threshold_source,True,False,True,False,True,False,True,False
valid,20251227,20251227_1_11,1,서울,11,True,,1.0,0.1524441962650728,0.15753161749980518,0.1439643862518551,chronological_oos_threshold_source,False,False,True,False,True,False,True,False
test,20251228,20251228_1_01,1,서울,10,True,,0.0,0.0665947044975427,0.11687817565329757,0.12721604441610296,chronological_oos_exploratory_reuse,False,False,False,False,False,False,True,False
test,20251228,20251228_1_02,1,서울,11,True,,1.0,0.1633420425540923,0.0603622820999153,0.09753017913918241,chronological_oos_exploratory_reuse,False,False,False,True,False,True,False,True
test,20251228,20251228_1_03,1,서울,10,True,,0.0,0.09973828155155379,0.11133406247778263,0.12471632857725004,chronological_oos_exploratory_reuse,False,False,False,False,False,False,True,False
test,20251228,20251228_1_04,1,서울,11,True,,0.0,0.09100590434558001,0.09808197391545205,0.11846071018559626,chronological_oos_exploratory_reuse,False,False,False,False,False,False,False,False
test,20251228,20251228_1_05,1,서울,11,True,,0.0,0.060774728508064105,0.07726185120005259,0.10761917576409258,chronological_oos_exploratory_reuse,False,False,False,False,False,True,False,True
test,20251228,20251228_1_06,1,서울,10,True,,0.0,0.1480971028456598,0.10719658586701414,0.1228079828413705,chronological_oos_exploratory_reuse,False,False,False,False,False,False,False,False
test,20251228,20251228_1_07,1,서울,11,True,,0.0,0.10702680073408699,0.08866142134368224,0.11373095364004424,chronological_oos_exploratory_reuse,False,False,False,False,False,False,False,False
test,20251228,20251228_1_08,1,서울,10,True,,0.0,0.12048818962875799,0.12046878826071085,0.1288022481617771,chronological_oos_exploratory_reuse,False,False,False,False,False,False,True,False
test,20251228,20251228_1_09,1,서울,11,True,,0.0,0.11003437159728191,0.10515317551088431,0.12185110226812614,chronological_oos_exploratory_reuse,False,False,False,False,False,False,False,False
test,20251228,20251228_1_10,1,서울,11,True,,0.0,0.098989912416817,0.12404595884241183,0.1303585422773216,chronological_oos_exploratory_reuse,False,False,False,False,False,False,True,False
test,20251228,20251228_1_11,1,서울,11,True,,0.0,0.108197102869723,0.05058841886922967,0.09092687572258538,chronological_oos_exploratory_reuse,False,True,False,True,False,True,False,True
test,20251228,20251228_3_01,3,부경,11,True,,0.0,0.0879348103342738,0.09675750980910344,0.11781117936101305,chronological_oos_exploratory_reuse,False,False,False,False,False,False,False,False
test,20251228,20251228_3_02,3,부경,11,True,,0.0,0.0569826977901417,0.09788669861210639,0.11836524505183399,chronological_oos_exploratory_reuse,False,False,False,False,False,False,False,False
test,20251228,20251228_3_03,3,부경,12,True,,1.0,0.2049902637627906,0.10096979479107518,0.11986068220177784,chronological_oos_exploratory_reuse,False,False,False,False,False,False,False,False
test,20251228,20251228_3_04,3,부경,12,True,,0.0,0.0722490232678255,0.1455200496517216,0.13926193349524038,chronological_oos_exploratory_reuse,False,False,True,False,True,False,True,False
test,20251228,20251228_3_05,3,부경,12,True,,0.0,0.1434716148220755,0.12623364375767498,0.13129906875494077,chronological_oos_exploratory_reuse,False,False,False,False,True,False,True,False
test,20251228,20251228_3_06,3,부경,12,True,,0.0,0.15649614491462469,0.05852972277341173,0.09634253112490948,chronological_oos_exploratory_reuse,False,False,False,True,False,True,False,True
test,20260102,20260102_3_01,3,부경,12,True,,0.0,0.0682755010790497,0.04584698537074177,0.08745078346944146,chronological_oos_exploratory_reuse,False,True,False,True,False,True,False,True
test,20260102,20260102_3_02,3,부경,12,True,,0.0,0.13221980397054572,0.0517893561757301,0.09177644111599652,chronological_oos_exploratory_reuse,False,True,False,True,False,True,False,True
test,20260102,20260102_3_03,3,부경,10,True,,0.0,0.1627579006726343,0.10460710964132125,0.12159372080989775,chronological_oos_exploratory_reuse,False,False,False,False,False,False,False,False
test,20260102,20260102_3_04,3,부경,11,True,,0.0,0.1259802864486695,0.09582899206421776,0.11735294422107923,chronological_oos_exploratory_reuse,False,False,False,False,False,False,False,False
test,20260102,20260102_3_05,3,부경,11,True,,0.0,0.08188089098689819,0.18082896040407628,0.152639110038445,chronological_oos_exploratory_reuse,True,False,True,False,True,False,True,False
test,20260102,20260102_3_06,3,부경,12,True,,0.0,0.07921505031700579,0.07041445681177096,0.10370068953492705,chronological_oos_exploratory_reuse,False,False,False,False,False,True,False,True
test,20260102,20260102_3_07,3,부경,12,True,,0.0,0.1239532210525387,0.2244432498043386,0.16770630584083585,chronological_oos_exploratory_reuse,True,False,True,False,True,False,True,False
test,20260102,20260102_3_08,3,부경,10,True,,1.0,0.1162342067840623,0.05887393697604161,0.09656724433603088,chronological_oos_exploratory_reuse,False,False,False,True,False,True,False,True
test,20260102,20260102_3_09,3,부경,10,True,,0.0,0.1592223883977806,0.05099397138317176,0.09121508791901026,chronological_oos_exploratory_reuse,False,True,False,True,False,True,False,True
test,20260103,20260103_1_01,1,서울,9,True,,0.0,0.0713474119287263,0.05741931491279828,0.09561232525398133,chronological_oos_exploratory_reuse,False,False,False,True,False,True,False,True
test,20260103,20260103_1_02,1,서울,11,True,,1.0,0.0824248991473021,0.08542497525873682,0.11204266123937517,chronological_oos_exploratory_reuse,False,False,False,False,False,False,False,True
test,20260103,20260103_1_03,1,서울,11,True,,0.0,0.048609541897460105,0.0668570740428596,0.10157879761716537,chronological_oos_exploratory_reuse,False,False,False,False,False,True,False,True
test,20260103,20260103_1_04,1,서울,11,True,,0.0,0.0778603587733779,0.06934138045383331,0.10306722735160295,chronological_oos_exploratory_reuse,False,False,False,False,False,True,False,True
test,20260103,20260103_1_05,1,서울,11,True,,0.0,0.09798545309791519,0.15029565379227264,0.1411527319024984,chronological_oos_exploratory_reuse,False,False,True,False,True,False,True,False
test,20260103,20260103_1_06,1,서울,11,True,,0.0,0.14686883070976492,0.1055802064987457,0.12205188236506716,chronological_oos_exploratory_reuse,False,False,False,False,False,False,False,False
test,20260103,20260103_1_07,1,서울,10,True,,0.0,0.1100979740302403,0.14906448365837197,0.14066804805644112,chronological_oos_exploratory_reuse,False,False,True,False,True,False,True,False
test,20260103,20260103_1_08,1,서울,9,True,,1.0,0.1620927774267234,0.14182723829882518,0.1377793449052779,chronological_oos_exploratory_reuse,False,False,False,False,True,False,True,False
test,20260103,20260103_1_09,1,서울,11,True,,0.0,0.07200802750907989,0.14949741006512693,0.14083869715391653,chronological_oos_exploratory_reuse,False,False,True,False,True,False,True,False
test,20260103,20260103_1_10,1,서울,10,True,,0.0,0.1495841242821902,0.11306634855545845,0.12550422155854216,chronological_oos_exploratory_reuse,False,False,False,False,False,False,True,False
test,20260103,20260103_1_11,1,서울,11,True,,0.0,0.12548442580900399,0.10747600584733998,0.1229380734025698,chronological_oos_exploratory_reuse,False,False,False,False,False,False,False,False
test,20260104,20260104_1_01,1,서울,11,True,,0.0,0.058146140661575106,0.04332334952670666,0.0855130917881036,chronological_oos_exploratory_reuse,False,True,False,True,False,True,False,True
test,20260104,20260104_1_02,1,서울,10,True,,0.0,0.0830735090237114,0.11826939232457544,0.12783357858059338,chronological_oos_exploratory_reuse,False,False,False,False,False,False,True,False
test,20260104,20260104_1_03,1,서울,11,True,,0.0,0.1282868668843651,0.11779460940667003,0.1276232560618452,chronological_oos_exploratory_reuse,False,False,False,False,False,False,True,False
test,20260104,20260104_1_04,1,서울,11,True,,0.0,0.12335317708869761,0.09520248914033169,0.11704239219407588,chronological_oos_exploratory_reuse,False,False,False,False,False,False,False,False
test,20260104,20260104_1_05,1,서울,11,True,,0.0,0.10352235067536661,0.27231229086921965,0.18308538074787148,chronological_oos_exploratory_reuse,True,False,True,False,True,False,True,False
test,20260104,20260104_1_06,1,서울,11,True,,0.0,0.0707366599473385,0.06791168683808706,0.10221446197528274,chronological_oos_exploratory_reuse,False,False,False,False,False,True,False,True
test,20260104,20260104_1_07,1,서울,10,True,,0.0,0.1211611391767512,0.06738060043310909,0.10189506568826748,chronological_oos_exploratory_reuse,False,False,False,False,False,True,False,True
test,20260104,20260104_1_08,1,서울,10,True,,0.0,0.0627130441373011,0.09107123471204973,0.11496604225962,chronological_oos_exploratory_reuse,False,False,False,False,False,False,False,False
test,20260104,20260104_1_09,1,서울,11,True,,1.0,0.1625665087015787,0.12372402656682509,0.13021942817744878,chronological_oos_exploratory_reuse,False,False,False,False,False,False,True,False
test,20260104,20260104_1_10,1,서울,11,True,,0.0,0.06863360028064179,0.09591743241400988,0.11739669428668108,chronological_oos_exploratory_reuse,False,False,False,False,False,False,False,False
test,20260104,20260104_3_01,3,부경,11,True,,1.0,0.0588610303449827,0.10619123400270891,0.12233842337704619,chronological_oos_exploratory_reuse,False,False,False,False,False,False,False,False
test,20260104,20260104_3_02,3,부경,12,True,,0.0,0.14025714914361911,0.06508848523443697,0.10049970779120365,chronological_oos_exploratory_reuse,False,False,False,True,False,True,False,True
test,20260104,20260104_3_03,3,부경,12,True,,0.0,0.13713160938086338,0.12726732705837937,0.13174059448592373,chronological_oos_exploratory_reuse,False,False,False,False,True,False,True,False
test,20260104,20260104_3_04,3,부경,11,True,,0.0,0.080756065743776,0.13632248441806855,0.13553400330181142,chronological_oos_exploratory_reuse,False,False,False,False,True,False,True,False
test,20260104,20260104_3_05,3,부경,11,True,,0.0,0.10217807800889189,0.09139314178133313,0.11512966050489222,chronological_oos_exploratory_reuse,False,False,False,False,False,False,False,False
test,20260104,20260104_3_06,3,부경,12,True,,0.0,0.1893082321173118,0.13203160726018046,0.13375265431281425,chronological_oos_exploratory_reuse,False,False,False,False,True,False,True,False
test,20260104,20260104_3_07,3,부경,12,True,,0.0,0.12442646501671131,0.13047704305048502,0.13310018973108412,chronological_oos_exploratory_reuse,False,False,False,False,True,False,True,False
test,20260109,20260109_3_01,3,부경,12,True,,0.0,0.0733179911422661,0.03559277907179648,0.07911898230007948,chronological_oos_exploratory_reuse,False,True,False,True,False,True,False,True
test,20260109,20260109_3_02,3,부경,8,True,,0.0,0.1559876350424052,0.11631794302411733,0.1269662934330457,chronological_oos_exploratory_reuse,False,False,False,False,False,False,True,False
test,20260109,20260109_3_03,3,부경,9,True,,0.0,0.1149000706117812,0.08353130335158465,0.11103832409329926,chronological_oos_exploratory_reuse,False,False,False,False,False,False,False,True
test,20260109,20260109_3_04,3,부경,11,True,,1.0,0.067461440001766,0.1572054511873283,0.1438389633818384,chronological_oos_exploratory_reuse,False,False,True,False,True,False,True,False
test,20260109,20260109_3_05,3,부경,10,True,,0.0,0.0955435551967411,0.06366404110836532,0.09961824055785497,chronological_oos_exploratory_reuse,False,False,False,True,False,True,False,True
test,20260109,20260109_3_06,3,부경,11,True,,0.0,0.10110799787055721,0.0793614807353988,0.10878102847212337,chronological_oos_exploratory_reuse,False,False,False,False,False,False,False,True
test,20260109,20260109_3_07,3,부경,11,True,,0.0,0.115624167132564,0.111946410093504,0.1249955711310305,chronological_oos_exploratory_reuse,False,False,False,False,False,False,True,False
test,20260109,20260109_3_08,3,부경,12,True,,0.0,0.2489057144043892,0.07847709854465443,0.10829378185782544,chronological_oos_exploratory_reuse,False,False,False,False,False,False,False,True
test,20260109,20260109_3_09,3,부경,11,True,,0.0,0.10821687556455101,0.10612756915747261,0.12230860876404528,chronological_oos_exploratory_reuse,False,False,False,False,False,False,False,False
test,20260110,20260110_1_01,1,서울,9,True,,0.0,0.070597431641027,0.05664010439390016,0.0950949795941093,chronological_oos_exploratory_reuse,False,False,False,True,False,True,False,True
test,20260110,20260110_1_02,1,서울,10,True,,0.0,0.11316711343153739,0.09015174333397052,0.11449692758464708,chronological_oos_exploratory_reuse,False,False,False,False,False,False,False,False
test,20260110,20260110_1_03,1,서울,11,True,,0.0,0.0792101215134309,0.09628127412214121,0.11757645089693275,chronological_oos_exploratory_reuse,False,False,False,False,False,False,False,False
test,20260110,20260110_1_04,1,서울,11,True,,0.0,0.1369175496418251,0.07990460704075418,0.10907875007606015,chronological_oos_exploratory_reuse,False,False,False,False,False,False,False,True
test,20260110,20260110_1_05,1,서울,10,True,,0.0,0.09586087843572111,0.04898080065570647,0.08977077091119538,chronological_oos_exploratory_reuse,False,True,False,True,False,True,False,True
test,20260110,20260110_1_06,1,서울,11,True,,0.0,0.1799711662956827,0.21605783671642165,0.16490408664130854,chronological_oos_exploratory_reuse,True,False,True,False,True,False,True,False
test,20260110,20260110_1_07,1,서울,11,True,,0.0,0.1165949887720406,0.137116942624744,0.13586076404142658,chronological_oos_exploratory_reuse,False,False,False,False,True,False,True,False
test,20260110,20260110_1_08,1,서울,9,True,,0.0,0.0878113547966396,0.2012099206872851,0.15984015884195144,chronological_oos_exploratory_reuse,True,False,True,False,True,False,True,False
test,20260110,20260110_1_09,1,서울,11,True,,0.0,0.0746287472035736,0.15297144613545155,0.14219969946083305,chronological_oos_exploratory_reuse,False,False,True,False,True,False,True,False
test,20260110,20260110_1_10,1,서울,10,True,,0.0,0.1099768331277963,0.08163751366957125,0.11002114723024745,chronological_oos_exploratory_reuse,False,False,False,False,False,False,False,True
test,20260110,20260110_1_11,1,서울,8,True,,0.0,0.1408319718207245,0.11586487003589707,0.12676385722672923,chronological_oos_exploratory_reuse,False,False,False,False,False,False,True,False
test,20260111,20260111_1_01,1,서울,11,True,,0.0,0.10902854169373571,0.07491543424766638,0.10629947511712623,chronological_oos_exploratory_reuse,False,False,False,False,False,True,False,True
test,20260111,20260111_1_02,1,서울,11,True,,0.0,0.0635400211743491,0.08500094286525864,0.111818854093856,chronological_oos_exploratory_reuse,False,False,False,False,False,False,False,True
test,20260111,20260111_1_03,1,서울,11,True,,0.0,0.07700662446779671,0.13785434233490815,0.13616322446035267,chronological_oos_exploratory_reuse,False,False,False,False,True,False,True,False
test,20260111,20260111_1_04,1,서울,11,True,,0.0,0.10162435634772381,0.1415727900017272,0.13767650526277886,chronological_oos_exploratory_reuse,False,False,False,False,True,False,True,False
test,20260111,20260111_1_05,1,서울,11,True,,1.0,0.1044202101091173,0.15900515745722213,0.14452952487564913,chronological_oos_exploratory_reuse,False,False,True,False,True,False,True,False
test,20260111,20260111_1_06,1,서울,11,True,,1.0,0.1168954168475819,0.15452517399124624,0.14280368220024123,chronological_oos_exploratory_reuse,False,False,True,False,True,False,True,False
test,20260111,20260111_1_07,1,서울,11,True,,0.0,0.1292412802713223,0.06934094330911655,0.10306696815624743,chronological_oos_exploratory_reuse,False,False,False,False,False,True,False,True
test,20260111,20260111_1_08,1,서울,10,True,,0.0,0.1346178122590691,0.15702307675929197,0.14376878116270894,chronological_oos_exploratory_reuse,False,False,True,False,True,False,True,False
test,20260111,20260111_1_09,1,서울,10,True,,0.0,0.2035508796617563,0.07372875951580468,0.10562313013275366,chronological_oos_exploratory_reuse,False,False,False,False,False,True,False,True
test,20260111,20260111_1_10,1,서울,9,True,,1.0,0.1717623584038814,0.11289786242214113,0.12542786810924297,chronological_oos_exploratory_reuse,False,False,False,False,False,False,True,False
test,20260111,20260111_3_01,3,부경,11,True,,0.0,0.077176451403082,0.08409159415908225,0.11133679118575447,chronological_oos_exploratory_reuse,False,False,False,False,False,False,False,True
test,20260111,20260111_3_02,3,부경,8,True,,0.0,0.0651286005300531,0.14241762998092147,0.13801761756864422,chronological_oos_exploratory_reuse,False,False,False,False,True,False,True,False
test,20260111,20260111_3_03,3,부경,8,True,,0.0,0.14640224022581838,0.1322554975724848,0.13384630651004426,chronological_oos_exploratory_reuse,False,False,False,False,True,False,True,False
test,20260111,20260111_3_04,3,부경,11,True,,0.0,0.1100027380540083,0.14298266190615685,0.1382452076483871,chronological_oos_exploratory_reuse,False,False,False,False,True,False,True,False
test,20260111,20260111_3_05,3,부경,11,True,,0.0,0.1218201392329071,0.06024451905330215,0.09745449503709075,chronological_oos_exploratory_reuse,False,False,False,True,False,True,False,True
test,20260111,20260111_3_06,3,부경,10,True,,0.0,0.1105270013034993,0.0441737654916417,0.0861733853334246,chronological_oos_exploratory_reuse,False,True,False,True,False,True,False,True
test,20260111,20260111_3_07,3,부경,10,True,,0.0,0.1876297347013852,0.060653489811698665,0.0977169651974328,chronological_oos_exploratory_reuse,False,False,False,True,False,True,False,True
test,20260116,20260116_3_01,3,부경,12,True,,0.0,0.0725848596519187,0.05837757292486069,0.09624295772661227,chronological_oos_exploratory_reuse,False,False,False,True,False,True,False,True
test,20260116,20260116_3_02,3,부경,12,True,,0.0,0.0904600341728768,0.12407614242608178,0.13037157584455034,chronological_oos_exploratory_reuse,False,False,False,False,False,False,True,False
test,20260116,20260116_3_03,3,부경,12,True,,0.0,0.18314478386192629,0.08942373280443984,0.11412363422220782,chronological_oos_exploratory_reuse,False,False,False,False,False,False,False,False
test,20260116,20260116_3_04,3,부경,8,True,,1.0,0.1695600468133532,0.09508572155201071,0.11698438867738173,chronological_oos_exploratory_reuse,False,False,False,False,False,False,False,False
test,20260116,20260116_3_05,3,부경,8,True,,0.0,0.1098192279076379,0.14879843450213737,0.14056306107781763,chronological_oos_exploratory_reuse,False,False,True,False,True,False,True,False
test,20260116,20260116_3_06,3,부경,10,True,,0.0,0.1134605781808919,0.10486638795503277,0.12171601752919578,chronological_oos_exploratory_reuse,False,False,False,False,False,False,False,False
test,20260116,20260116_3_07,3,부경,12,True,,0.0,0.157665104210266,0.13973125254293822,0.1369295202400933,chronological_oos_exploratory_reuse,False,False,False,False,True,False,True,False
test,20260116,20260116_3_08,3,부경,12,True,,0.0,0.12050548546832221,0.17825950993377201,0.1517076420621976,chronological_oos_exploratory_reuse,True,False,True,False,True,False,True,False
test,20260116,20260116_3_09,3,부경,12,True,,0.0,0.08288019772866989,0.12738341898951777,0.13179006844123028,chronological_oos_exploratory_reuse,False,False,False,False,True,False,True,False
test,20260116,20260116_3_10,3,부경,12,True,,1.0,0.2083303641608401,0.19450159510397383,0.15750449590549767,chronological_oos_exploratory_reuse,True,False,True,False,True,False,True,False
test,20260117,20260117_1_01,1,서울,12,True,,0.0,0.12147318161606172,0.05365547640518801,0.09307385862433566,chronological_oos_exploratory_reuse,False,True,False,True,False,True,False,True
test,20260117,20260117_1_02,1,서울,11,True,,0.0,0.0905828540683836,0.049899631959153014,0.09043423742990217,chronological_oos_exploratory_reuse,False,True,False,True,False,True,False,True
test,20260117,20260117_1_03,1,서울,11,True,,0.0,0.0985070174690766,0.0858105998098082,0.11224566131209408,chronological_oos_exploratory_reuse,False,False,False,False,False,False,False,True
test,20260117,20260117_1_04,1,서울,11,True,,0.0,0.0646115713613945,0.05683252563901553,0.09522311969343697,chronological_oos_exploratory_reuse,False,False,False,True,False,True,False,True
test,20260117,20260117_1_05,1,서울,11,True,,0.0,0.09195785711165509,0.2055969256910678,0.16135090220491277,chronological_oos_exploratory_reuse,True,False,True,False,True,False,True,False
test,20260117,20260117_1_06,1,서울,11,True,,0.0,0.10580064377855711,0.11580185803350387,0.1267356704791392,chronological_oos_exploratory_reuse,False,False,False,False,False,False,True,False
test,20260117,20260117_1_07,1,서울,11,True,,0.0,0.1250575242546188,0.1021893344297911,0.1204454176472588,chronological_oos_exploratory_reuse,False,False,False,False,False,False,False,False
test,20260117,20260117_1_08,1,서울,10,True,,0.0,0.1321307188928595,0.20007919448667486,0.15944867728150355,chronological_oos_exploratory_reuse,True,False,True,False,True,False,True,False
test,20260117,20260117_1_09,1,서울,11,True,,0.0,0.1857299093842807,0.1412891503454427,0.1375617615639981,chronological_oos_exploratory_reuse,False,False,False,False,True,False,True,False
test,20260117,20260117_1_10,1,서울,10,True,,1.0,0.20332292230076,0.0630126577765498,0.09921135746516255,chronological_oos_exploratory_reuse,False,False,False,True,False,True,False,True
test,20260117,20260117_1_11,1,서울,11,True,,0.0,0.1786650780863972,0.0800929767041947,0.1091817417790159,chronological_oos_exploratory_reuse,False,False,False,False,False,False,False,True
test,20260118,20260118_1_01,1,서울,10,True,,0.0,0.1399064281223021,0.12896916577706827,0.132463591335892,chronological_oos_exploratory_reuse,False,False,False,False,True,False,True,False
test,20260118,20260118_1_02,1,서울,10,True,,0.0,0.1596617247911444,0.05865435845716978,0.09642398570590764,chronological_oos_exploratory_reuse,False,False,False,True,False,True,False,True
test,20260118,20260118_1_03,1,서울,8,True,,0.0,0.10822446251713241,0.10321310486443057,0.1209334040091365,chronological_oos_exploratory_reuse,False,False,False,False,False,False,False,False
test,20260118,20260118_1_04,1,서울,11,True,,0.0,0.1400752748586114,0.08259826870845442,0.11053880823465931,chronological_oos_exploratory_reuse,False,False,False,False,False,False,False,True
test,20260118,20260118_1_05,1,서울,10,True,,0.0,0.2894469725267308,0.13694806856600253,0.13579138427225032,chronological_oos_exploratory_reuse,False,False,False,False,True,False,True,False
test,20260118,20260118_1_06,1,서울,11,True,,0.0,0.1085261330310401,0.14715372463478024,0.1399120392681363,chronological_oos_exploratory_reuse,False,False,True,False,True,False,True,False
test,20260118,20260118_1_07,1,서울,11,True,,0.0,0.12416507498519169,0.12581420829107812,0.13111939026983147,chronological_oos_exploratory_reuse,False,False,False,False,True,False,True,False
test,20260118,20260118_1_08,1,서울,10,True,,0.0,0.1031715509551715,0.12128754386249559,0.1291605232809045,chronological_oos_exploratory_reuse,False,False,False,False,False,False,True,False
test,20260118,20260118_1_09,1,서울,11,True,,0.0,0.0954645411948709,0.13187054453106317,0.1336852336048867,chronological_oos_exploratory_reuse,False,False,False,False,True,False,True,False
test,20260118,20260118_1_10,1,서울,11,True,,0.0,0.1428614446777208,0.1402666637532749,0.13714719159923866,chronological_oos_exploratory_reuse,False,False,False,False,True,False,True,False
test,20260118,20260118_3_01,3,부경,10,True,,0.0,0.1019681524700808,0.1006624635736216,0.11971272757689148,chronological_oos_exploratory_reuse,False,False,False,False,False,False,False,False
test,20260118,20260118_3_02,3,부경,11,True,,0.0,0.0686317760503941,0.1038151670488534,0.12121917164494166,chronological_oos_exploratory_reuse,False,False,False,False,False,False,False,False
test,20260118,20260118_3_03,3,부경,9,True,,0.0,0.058609301909663694,0.08783150504181568,0.11330132419909553,chronological_oos_exploratory_reuse,False,False,False,False,False,False,False,True
test,20260118,20260118_3_04,3,부경,11,True,,0.0,0.0872489150131337,0.08133795716288494,0.1098590480262963,chronological_oos_exploratory_reuse,False,False,False,False,False,False,False,True
test,20260118,20260118_3_05,3,부경,12,True,,0.0,0.1799428571395439,0.08037151506979832,0.10933378469254698,chronological_oos_exploratory_reuse,False,False,False,False,False,False,False,True
test,20260118,20260118_3_06,3,부경,11,True,,0.0,0.1609901817497048,0.07987915569310476,0.10906482402399101,chronological_oos_exploratory_reuse,False,False,False,False,False,False,False,True
test,20260118,20260118_3_07,3,부경,11,True,,0.0,0.1104401526170292,0.08315166213200299,0.11083545433413287,chronological_oos_exploratory_reuse,False,False,False,False,False,False,False,True
test,20260123,20260123_3_01,3,부경,12,True,,0.0,0.0536986156205391,0.05137015232808031,0.09148122083599645,chronological_oos_exploratory_reuse,False,True,False,True,False,True,False,True
test,20260123,20260123_3_02,3,부경,12,True,,0.0,0.09482346898168739,0.042984008900139814,0.0852474604103215,chronological_oos_exploratory_reuse,False,True,False,True,False,True,False,True
test,20260123,20260123_3_03,3,부경,12,True,,1.0,0.0816779849395692,0.13984986488368714,0.13697777711310177,chronological_oos_exploratory_reuse,False,False,False,False,True,False,True,False
test,20260123,20260123_3_04,3,부경,12,True,,0.0,0.10419313981426939,0.14675261096529207,0.13975274127973514,chronological_oos_exploratory_reuse,False,False,True,False,True,False,True,False
test,20260123,20260123_3_05,3,부경,12,True,,0.0,0.1199515659287888,0.15801453618284048,0.14414986551152922,chronological_oos_exploratory_reuse,False,False,True,False,True,False,True,False
test,20260123,20260123_3_06,3,부경,12,True,,0.0,0.13532530143324648,0.11064050890182035,0.12439907861227115,chronological_oos_exploratory_reuse,False,False,False,False,False,False,False,False
test,20260123,20260123_3_07,3,부경,12,True,,0.0,0.0752263655543805,0.057854647328334084,0.09589957405484341,chronological_oos_exploratory_reuse,False,False,False,True,False,True,False,True
test,20260123,20260123_3_08,3,부경,12,True,,0.0,0.13734025628430588,0.12149458561707972,0.1292509249813294,chronological_oos_exploratory_reuse,False,False,False,False,False,False,True,False
test,20260123,20260123_3_09,3,부경,12,True,,0.0,0.13898203457936759,0.11999620747285865,0.12859488460917773,chronological_oos_exploratory_reuse,False,False,False,False,False,False,True,False
test,20260124,20260124_1_01,1,서울,12,True,,0.0,0.065979163006389,0.06487818959847448,0.10037027914578993,chronological_oos_exploratory_reuse,False,False,False,True,False,True,False,True
test,20260124,20260124_1_02,1,서울,11,True,,0.0,0.0513344635868368,0.14919342923404758,0.14071889986506528,chronological_oos_exploratory_reuse,False,False,True,False,True,False,True,False
test,20260124,20260124_1_03,1,서울,11,True,,0.0,0.0495383780885731,0.06730830659648389,0.10185147641105562,chronological_oos_exploratory_reuse,False,False,False,False,False,True,False,True
test,20260124,20260124_1_04,1,서울,9,True,,0.0,0.1243119213451652,0.11956238021000362,0.12840415566854355,chronological_oos_exploratory_reuse,False,False,False,False,False,False,True,False
test,20260124,20260124_1_05,1,서울,11,True,,0.0,0.1645196090447138,0.0883414757022239,0.11356558896977516,chronological_oos_exploratory_reuse,False,False,False,False,False,False,False,True
test,20260124,20260124_1_06,1,서울,11,True,,0.0,0.0897278504118478,0.11810277730090077,0.12775982011375708,chronological_oos_exploratory_reuse,False,False,False,False,False,False,True,False
test,20260124,20260124_1_07,1,서울,11,True,,0.0,0.0772658251169241,0.17244047086987682,0.1495763483667429,chronological_oos_exploratory_reuse,True,False,True,False,True,False,True,False
test,20260124,20260124_1_08,1,서울,11,True,,0.0,0.0869461388818481,0.11010064285629485,0.12415140481886307,chronological_oos_exploratory_reuse,False,False,False,False,False,False,False,False
test,20260124,20260124_1_10,1,서울,11,True,,0.0,0.0566924897878183,0.11442546190634979,0.1261179741325282,chronological_oos_exploratory_reuse,False,False,False,False,False,False,True,False
test,20260124,20260124_1_11,1,서울,10,True,,0.0,0.15173864175794138,0.197564374617417,0.158574820401757,chronological_oos_exploratory_reuse,True,False,True,False,True,False,True,False
test,20260125,20260125_1_01,1,서울,11,True,,0.0,0.0642320321700235,0.08129742447098613,0.10983708889142334,chronological_oos_exploratory_reuse,False,False,False,False,False,False,False,True
test,20260125,20260125_1_02,1,서울,11,True,,0.0,0.06297974458048239,0.08080408449599157,0.10956932224001245,chronological_oos_exploratory_reuse,False,False,False,False,False,False,False,True
test,20260125,20260125_1_03,1,서울,11,True,,0.0,0.10625679658461851,0.1472937944740091,0.13996761759011278,chronological_oos_exploratory_reuse,False,False,True,False,True,False,True,False
test,20260125,20260125_1_04,1,서울,11,True,,0.0,0.0578115428228417,0.09268995952672152,0.11578562367457258,chronological_oos_exploratory_reuse,False,False,False,False,False,False,False,False
test,20260125,20260125_1_05,1,서울,10,True,,0.0,0.10310111212525541,0.14468174886560894,0.13892697986326288,chronological_oos_exploratory_reuse,False,False,True,False,True,False,True,False
test,20260125,20260125_1_06,1,서울,11,True,,0.0,0.0801881595715132,0.07653257815716785,0.10721146583593043,chronological_oos_exploratory_reuse,False,False,False,False,False,True,False,True
test,20260125,20260125_1_07,1,서울,10,True,,0.0,0.1689156553629392,0.17518019729150422,0.15058365669771598,chronological_oos_exploratory_reuse,True,False,True,False,True,False,True,False
test,20260125,20260125_1_08,1,서울,10,True,,0.0,0.08624476403864911,0.09201347259252544,0.11544407155110004,chronological_oos_exploratory_reuse,False,False,False,False,False,False,False,False
test,20260125,20260125_1_09,1,서울,10,True,,0.0,0.1651118924296864,0.08933671668395161,0.11407890417284523,chronological_oos_exploratory_reuse,False,False,False,False,False,False,False,False
test,20260125,20260125_1_10,1,서울,10,True,,0.0,0.1533903061290224,0.12814114757644446,0.13211242631880296,chronological_oos_exploratory_reuse,False,False,False,False,True,False,True,False
test,20260125,20260125_3_01,3,부경,11,True,,0.0,0.0528218439854842,0.11003617832000603,0.12412178779828421,chronological_oos_exploratory_reuse,False,False,False,False,False,False,False,False
test,20260125,20260125_3_02,3,부경,12,True,,0.0,0.1026668248363564,0.10227192467215744,0.1204848816392993,chronological_oos_exploratory_reuse,False,False,False,False,False,False,False,False
test,20260125,20260125_3_03,3,부경,12,True,,0.0,0.1012810751978345,0.22626205973330146,0.16830910715047864,chronological_oos_exploratory_reuse,True,False,True,False,True,False,True,False
test,20260125,20260125_3_04,3,부경,12,True,,0.0,0.11026564409357689,0.07985413964903126,0.10905113372622306,chronological_oos_exploratory_reuse,False,False,False,False,False,False,False,True
test,20260125,20260125_3_05,3,부경,12,True,,0.0,0.19334878924502702,0.13335876302921565,0.13430664836179468,chronological_oos_exploratory_reuse,False,False,False,False,True,False,True,False
test,20260125,20260125_3_06,3,부경,12,True,,0.0,0.1232885474593933,0.08557664735081007,0.1121225648881525,chronological_oos_exploratory_reuse,False,False,False,False,False,False,False,True
test,20260125,20260125_3_07,3,부경,11,True,,0.0,0.09840719154648439,0.05854886420359997,0.09635504740885759,chronological_oos_exploratory_reuse,False,False,False,True,False,True,False,True
test,20260130,20260130_3_01,3,부경,8,True,,0.0,0.0918135853885065,0.06433682795856412,0.10003597483833444,chronological_oos_exploratory_reuse,False,False,False,True,False,True,False,True
test,20260130,20260130_3_02,3,부경,12,True,,0.0,0.15399011973235371,0.04803130130888101,0.08907737998215318,chronological_oos_exploratory_reuse,False,True,False,True,False,True,False,True
test,20260130,20260130_3_03,3,부경,11,True,,0.0,0.11872687152515161,0.08199885867441598,0.11021623983265108,chronological_oos_exploratory_reuse,False,False,False,False,False,False,False,True
test,20260130,20260130_3_04,3,부경,12,True,,0.0,0.0827700795513301,0.1256675703913594,0.13105650169502592,chronological_oos_exploratory_reuse,False,False,False,False,True,False,True,False
test,20260130,20260130_3_05,3,부경,12,True,,0.0,0.1310584308477122,0.17256753099659444,0.14962321914334942,chronological_oos_exploratory_reuse,True,False,True,False,True,False,True,False
test,20260130,20260130_3_06,3,부경,12,True,,0.0,0.16112877515134388,0.21530582588593458,0.16465085255251058,chronological_oos_exploratory_reuse,True,False,True,False,True,False,True,False
test,20260130,20260130_3_07,3,부경,12,True,,0.0,0.10505498465438609,0.1629357011893935,0.1460253165037863,chronological_oos_exploratory_reuse,False,False,True,False,True,False,True,False
test,20260130,20260130_3_08,3,부경,12,True,,0.0,0.09153235142556249,0.13252561181351696,0.1339591888663324,chronological_oos_exploratory_reuse,False,False,False,False,True,False,True,False
test,20260130,20260130_3_09,3,부경,11,True,,0.0,0.1038214937405218,0.10298272668831197,0.12082381967776609,chronological_oos_exploratory_reuse,False,False,False,False,False,False,False,False
test,20260131,20260131_1_01,1,서울,11,True,,0.0,0.0894631100786703,0.10310341670031488,0.12088124481820607,chronological_oos_exploratory_reuse,False,False,False,False,False,False,False,False
test,20260131,20260131_1_02,1,서울,10,True,,0.0,0.09839048112563309,0.10351198652766905,0.12107537867721893,chronological_oos_exploratory_reuse,False,False,False,False,False,False,False,False
test,20260131,20260131_1_03,1,서울,10,True,,0.0,0.08503835843806941,0.08800109282782541,0.11338929777690036,chronological_oos_exploratory_reuse,False,False,False,False,False,False,False,True
test,20260131,20260131_1_04,1,서울,11,True,,0.0,0.0794452774646559,0.13811929109549292,0.13627170486462076,chronological_oos_exploratory_reuse,False,False,False,False,True,False,True,False
test,20260131,20260131_1_05,1,서울,11,True,,0.0,0.0733650650141144,0.13808584431854515,0.13625801607658736,chronological_oos_exploratory_reuse,False,False,False,False,True,False,True,False
test,20260131,20260131_1_06,1,서울,11,True,,0.0,0.10138493969109141,0.10067278395780212,0.11971769992996874,chronological_oos_exploratory_reuse,False,False,False,False,False,False,False,False
test,20260131,20260131_1_07,1,서울,11,True,,0.0,0.1246979558843403,0.09749110328158529,0.11817153204884102,chronological_oos_exploratory_reuse,False,False,False,False,False,False,False,False
test,20260131,20260131_1_08,1,서울,11,True,,1.0,0.0806116368736712,0.11177673564968334,0.12491827668820187,chronological_oos_exploratory_reuse,False,False,False,False,False,False,True,False
test,20260131,20260131_1_09,1,서울,11,True,,0.0,0.0788250701019388,0.07503254839135248,0.10636589392755648,chronological_oos_exploratory_reuse,False,False,False,False,False,True,False,True
test,20260131,20260131_1_10,1,서울,11,True,,0.0,0.1659099984039959,0.13569002966888577,0.13527320318821204,chronological_oos_exploratory_reuse,False,False,False,False,True,False,True,False
test,20260131,20260131_1_11,1,서울,11,True,,0.0,0.1505773841117205,0.0844940701592996,0.1115505072980737,chronological_oos_exploratory_reuse,False,False,False,False,False,False,False,True
test,20260201,20260201_1_01,1,서울,11,True,,0.0,0.0643213700247595,0.04855137379082041,0.08945816777847862,chronological_oos_exploratory_reuse,False,True,False,True,False,True,False,True
test,20260201,20260201_1_02,1,서울,11,True,,0.0,0.07865240125316389,0.09567448946397056,0.11727646148045429,chronological_oos_exploratory_reuse,False,False,False,False,False,False,False,False
test,20260201,20260201_1_03,1,서울,11,True,,0.0,0.12621474667818838,0.15016551871376674,0.14110158986656518,chronological_oos_exploratory_reuse,False,False,True,False,True,False,True,False
test,20260201,20260201_1_04,1,서울,11,True,,0.0,0.07744743314465251,0.06810018724013044,0.10232748157782223,chronological_oos_exploratory_reuse,False,False,False,False,False,True,False,True
test,20260201,20260201_1_05,1,서울,10,True,,0.0,0.1864370300429975,0.13226772276192086,0.13385141796977623,chronological_oos_exploratory_reuse,False,False,False,False,True,False,True,False
test,20260201,20260201_1_06,1,서울,11,True,,0.0,0.1014135107114159,0.2604279139466795,0.17935004821053102,chronological_oos_exploratory_reuse,True,False,True,False,True,False,True,False
test,20260201,20260201_1_07,1,서울,10,True,,0.0,0.1355245333710387,0.06107407939849542,0.09798582201112216,chronological_oos_exploratory_reuse,False,False,False,True,False,True,False,True
test,20260201,20260201_1_08,1,서울,11,True,,1.0,0.0861857105070597,0.08818035452237757,0.11348218789994069,chronological_oos_exploratory_reuse,False,False,False,False,False,False,False,True
test,20260201,20260201_1_09,1,서울,10,True,,1.0,0.203869059347714,0.05610256190199079,0.09473565650404468,chronological_oos_exploratory_reuse,False,False,False,True,False,True,False,True
test,20260201,20260201_1_10,1,서울,10,True,,1.0,0.2442734565765746,0.10435550627088766,0.12147488956568896,chronological_oos_exploratory_reuse,False,False,False,False,False,False,False,False
test,20260201,20260201_3_01,3,부경,8,True,,0.0,0.1114502377092145,0.12550126046507654,0.1309851313406198,chronological_oos_exploratory_reuse,False,False,False,False,True,False,True,False
test,20260201,20260201_3_02,3,부경,12,True,,0.0,0.12190255255763421,0.12267057525516918,0.12976291381108712,chronological_oos_exploratory_reuse,False,False,False,False,False,False,True,False
test,20260201,20260201_3_03,3,부경,12,True,,0.0,0.064227688418606,0.10910372280248407,0.12369236145572278,chronological_oos_exploratory_reuse,False,False,False,False,False,False,False,False
test,20260201,20260201_3_04,3,부경,12,True,,0.0,0.1148569003654219,0.12591711819993143,0.1311635030482711,chronological_oos_exploratory_reuse,False,False,False,False,True,False,True,False
test,20260201,20260201_3_05,3,부경,12,True,,0.0,0.18370549779890888,0.19925662274348513,0.15916333286525325,chronological_oos_exploratory_reuse,True,False,True,False,True,False,True,False
test,20260201,20260201_3_06,3,부경,12,True,,0.0,0.0713104774696911,0.08071578306446703,0.10952129892962567,chronological_oos_exploratory_reuse,False,False,False,False,False,False,False,True
test,20260201,20260201_3_07,3,부경,12,True,,0.0,0.1632796929162179,0.19008143124545976,0.1559476352714972,chronological_oos_exploratory_reuse,True,False,True,False,True,False,True,False
test,20260206,20260206_3_01,3,부경,12,True,,0.0,0.0678167722423292,0.08065954213642443,0.10949069657995346,chronological_oos_exploratory_reuse,False,False,False,False,False,False,False,True
test,20260206,20260206_3_02,3,부경,12,True,,0.0,0.10600447989131401,0.07481491120731647,0.10624241865612112,chronological_oos_exploratory_reuse,False,False,False,False,False,True,False,True
test,20260206,20260206_3_03,3,부경,11,True,,0.0,0.0753436215495899,0.09608574019565894,0.11747989300082401,chronological_oos_exploratory_reuse,False,False,False,False,False,False,False,False
test,20260206,20260206_3_04,3,부경,10,True,,0.0,0.07707219711493049,0.1963809105129644,0.1581620448868052,chronological_oos_exploratory_reuse,True,False,True,False,True,False,True,False
test,20260206,20260206_3_05,3,부경,12,True,,0.0,0.0865218698341121,0.16397003835969784,0.14641619194103941,chronological_oos_exploratory_reuse,False,False,True,False,True,False,True,False
test,20260206,20260206_3_06,3,부경,11,True,,0.0,0.1003598798251692,0.14677353050710779,0.13976105439467007,chronological_oos_exploratory_reuse,False,False,True,False,True,False,True,False
test,20260206,20260206_3_07,3,부경,12,True,,0.0,0.1172343257431869,0.09061369358256144,0.11473293672419958,chronological_oos_exploratory_reuse,False,False,False,False,False,False,False,False
test,20260206,20260206_3_08,3,부경,10,True,,0.0,0.1411506085935929,0.08986865767816143,0.11435197100497614,chronological_oos_exploratory_reuse,False,False,False,False,False,False,False,False
test,20260206,20260206_3_09,3,부경,12,True,,0.0,0.0900094888426957,0.10183070624945399,0.12027385606523193,chronological_oos_exploratory_reuse,False,False,False,False,False,False,False,False
test,20260207,20260207_1_01,1,서울,12,True,,0.0,0.0697715747770465,0.1147541338470262,0.12626582487772983,chronological_oos_exploratory_reuse,False,False,False,False,False,False,True,False
test,20260207,20260207_1_02,1,서울,11,True,,0.0,0.0613171341159597,0.10818952616153699,0.12326945902112402,chronological_oos_exploratory_reuse,False,False,False,False,False,False,False,False
test,20260207,20260207_1_03,1,서울,11,True,,0.0,0.1113349629776251,0.07661241530059072,0.10725620651491297,chronological_oos_exploratory_reuse,False,False,False,False,False,True,False,True
test,20260207,20260207_1_04,1,서울,11,True,,1.0,0.1510062227995692,0.14279358766667036,0.13816909869255325,chronological_oos_exploratory_reuse,False,False,False,False,True,False,True,False
test,20260207,20260207_1_05,1,서울,11,True,,0.0,0.0759581833987657,0.12674583329699637,0.13151807205564955,chronological_oos_exploratory_reuse,False,False,False,False,True,False,True,False
test,20260207,20260207_1_06,1,서울,11,True,,1.0,0.1314844616531362,0.16922680898189515,0.14838574337328192,chronological_oos_exploratory_reuse,False,False,True,False,True,False,True,False
test,20260207,20260207_1_07,1,서울,11,True,,0.0,0.10112635788309779,0.09029556694614133,0.11457047783250203,chronological_oos_exploratory_reuse,False,False,False,False,False,False,False,False
test,20260207,20260207_1_08,1,서울,11,True,,0.0,0.1177770357816338,0.15669767182464497,0.14364346323519714,chronological_oos_exploratory_reuse,False,False,True,False,True,False,True,False
test,20260207,20260207_1_09,1,서울,11,True,,0.0,0.07026712863705331,0.11697369845970834,0.1272585663824766,chronological_oos_exploratory_reuse,False,False,False,False,False,False,True,False
test,20260207,20260207_1_10,1,서울,10,True,,0.0,0.1866434929409588,0.208986643352582,0.1625096425282697,chronological_oos_exploratory_reuse,True,False,True,False,True,False,True,False
test,20260207,20260207_1_11,1,서울,11,True,,0.0,0.11841813437884272,0.14702445977472314,0.13986072581682163,chronological_oos_exploratory_reuse,False,False,True,False,True,False,True,False
test,20260208,20260208_1_01,1,서울,11,True,,0.0,0.064521305303613,0.03092371918752253,0.07484233436179692,chronological_oos_exploratory_reuse,False,True,False,True,False,True,False,True
test,20260208,20260208_1_02,1,서울,11,True,,0.0,0.08570462237197199,0.10570214088416256,0.12210913372845808,chronological_oos_exploratory_reuse,False,False,False,False,False,False,False,False
test,20260208,20260208_1_03,1,서울,11,True,,0.0,0.0925238979492124,0.10820817616969311,0.12327810524872668,chronological_oos_exploratory_reuse,False,False,False,False,False,False,False,False
test,20260208,20260208_1_04,1,서울,11,True,,0.0,0.060847406296826806,0.0945314828019674,0.11670854371323743,chronological_oos_exploratory_reuse,False,False,False,False,False,False,False,False
test,20260208,20260208_1_05,1,서울,11,True,,0.0,0.1179268767511634,0.07793611806837256,0.10799420611527179,chronological_oos_exploratory_reuse,False,False,False,False,False,False,False,True
test,20260208,20260208_1_06,1,서울,11,True,,0.0,0.1348493767411665,0.08076283581459186,0.10954689253817801,chronological_oos_exploratory_reuse,False,False,False,False,False,False,False,True
test,20260208,20260208_1_07,1,서울,10,True,,0.0,0.14812430341049151,0.06646376564084548,0.10134025797043081,chronological_oos_exploratory_reuse,False,False,False,True,False,True,False,True
test,20260208,20260208_1_08,1,서울,11,True,,0.0,0.09746810928245159,0.22728000678169014,0.16864573442534478,chronological_oos_exploratory_reuse,True,False,True,False,True,False,True,False
test,20260208,20260208_1_09,1,서울,11,True,,0.0,0.14229120150022032,0.05772815959423803,0.09581624307588997,chronological_oos_exploratory_reuse,False,False,False,True,False,True,False,True
test,20260208,20260208_1_10,1,서울,11,True,,0.0,0.11442704326182052,0.0607764270010318,0.0977956629914455,chronological_oos_exploratory_reuse,False,False,False,True,False,True,False,True
test,20260208,20260208_3_01,3,부경,11,True,,1.0,0.0584864334285017,0.10245874487109236,0.12057408671691928,chronological_oos_exploratory_reuse,False,False,False,False,False,False,False,False
test,20260208,20260208_3_02,3,부경,10,True,,0.0,0.07889792077320809,0.08734089437943773,0.11304629003369802,chronological_oos_exploratory_reuse,False,False,False,False,False,False,False,True
test,20260208,20260208_3_03,3,부경,12,True,,1.0,0.1571985087364669,0.11852188770235492,0.12794525304407414,chronological_oos_exploratory_reuse,False,False,False,False,False,False,True,False
test,20260208,20260208_3_04,3,부경,11,True,,0.0,0.0909688456170121,0.18180598033454554,0.15299180386761954,chronological_oos_exploratory_reuse,True,False,True,False,True,False,True,False
test,20260208,20260208_3_05,3,부경,10,True,,0.0,0.12528145088629672,0.07986108955509719,0.10905493737821943,chronological_oos_exploratory_reuse,False,False,False,False,False,False,False,True
test,20260208,20260208_3_06,3,부경,12,True,,0.0,0.1153832748155535,0.15462152754929004,0.14284104400591172,chronological_oos_exploratory_reuse,False,False,True,False,True,False,True,False
test,20260208,20260208_3_07,3,부경,11,True,,0.0,0.1120939180531535,0.08548778337608001,0.11207575926144017,chronological_oos_exploratory_reuse,False,False,False,False,False,False,False,True
test,20260213,20260213_3_01,3,부경,12,True,,0.0,0.0600460097471,0.06167867624372106,0.09837042710741947,chronological_oos_exploratory_reuse,False,False,False,True,False,True,False,True
test,20260213,20260213_3_02,3,부경,11,True,,0.0,0.1278153555943939,0.08190393938133525,0.1101650389132042,chronological_oos_exploratory_reuse,False,False,False,False,False,False,False,True
test,20260213,20260213_3_03,3,부경,12,True,,0.0,0.1260362809161917,0.13869270976453793,0.13650613615879642,chronological_oos_exploratory_reuse,False,False,False,False,True,False,True,False
test,20260213,20260213_3_04,3,부경,12,True,,0.0,0.11005962992504821,0.18540054132945455,0.15428251763953876,chronological_oos_exploratory_reuse,True,False,True,False,True,False,True,False
test,20260213,20260213_3_05,3,부경,11,True,,0.0,0.0914236651545379,0.2207357818766139,0.1664721240372283,chronological_oos_exploratory_reuse,True,False,True,False,True,False,True,False
test,20260213,20260213_3_06,3,부경,12,True,,0.0,0.23495252526593952,0.18000828149450523,0.15234222269360434,chronological_oos_exploratory_reuse,True,False,True,False,True,False,True,False
test,20260213,20260213_3_07,3,부경,11,True,,0.0,0.09147548480929879,0.13733623088197697,0.13595079317081402,chronological_oos_exploratory_reuse,False,False,False,False,True,False,True,False
test,20260213,20260213_3_08,3,부경,10,True,,0.0,0.0882602578742918,0.09353591593888912,0.11621082549109442,chronological_oos_exploratory_reuse,False,False,False,False,False,False,False,False
test,20260213,20260213_3_09,3,부경,10,True,,0.0,0.1324191137247319,0.10028086695175674,0.1195286816361332,chronological_oos_exploratory_reuse,False,False,False,False,False,False,False,False
test,20260214,20260214_1_01,1,서울,7,True,,0.0,0.0835792818027529,0.08342172149753238,0.11097981946875103,chronological_oos_exploratory_reuse,False,False,False,False,False,False,False,True
test,20260214,20260214_1_02,1,서울,12,True,,0.0,0.0683472899916102,0.07251138871918898,0.10492283400637976,chronological_oos_exploratory_reuse,False,False,False,False,False,True,False,True
test,20260214,20260214_1_03,1,서울,11,True,,0.0,0.0548054385968658,0.06450622976489458,0.10014075861705656,chronological_oos_exploratory_reuse,False,False,False,True,False,True,False,True
test,20260214,20260214_1_04,1,서울,11,True,,1.0,0.1273089965287724,0.10525360737987738,0.12189836199932716,chronological_oos_exploratory_reuse,False,False,False,False,False,False,False,False
test,20260214,20260214_1_05,1,서울,11,True,,1.0,0.1460090334435903,0.16288880488871596,0.14600756771492235,chronological_oos_exploratory_reuse,False,False,True,False,True,False,True,False
test,20260214,20260214_1_06,1,서울,11,True,,0.0,0.11818994736732158,0.24545133139649197,0.17457126164808473,chronological_oos_exploratory_reuse,True,False,True,False,True,False,True,False
test,20260214,20260214_1_07,1,서울,10,True,,0.0,0.2582084206069053,0.06684214626011802,0.10156975874368374,chronological_oos_exploratory_reuse,False,False,False,False,False,True,False,True
test,20260214,20260214_1_08,1,서울,10,True,,0.0,0.15482499729554872,0.1068557121415445,0.12264903734086197,chronological_oos_exploratory_reuse,False,False,False,False,False,False,False,False
test,20260214,20260214_1_09,1,서울,11,True,,0.0,0.1592976556592594,0.1608390256374958,0.14522949785160846,chronological_oos_exploratory_reuse,False,False,True,False,True,False,True,False
test,20260214,20260214_1_10,1,서울,11,True,,0.0,0.1041070493196338,0.059066325315583784,0.09669250776532899,chronological_oos_exploratory_reuse,False,False,False,True,False,True,False,True
test,20260214,20260214_1_11,1,서울,11,True,,0.0,0.08595780551481551,0.1106845457324798,0.1244192532649755,chronological_oos_exploratory_reuse,False,False,False,False,False,False,False,False
test,20260215,20260215_1_01,1,서울,10,True,,0.0,0.0853012321683456,0.04470106911493477,0.08657900782870057,chronological_oos_exploratory_reuse,False,True,False,True,False,True,False,True
test,20260215,20260215_1_02,1,서울,11,True,,0.0,0.094619810962011,0.10137588784818087,0.12005581166892076,chronological_oos_exploratory_reuse,False,False,False,False,False,False,False,False
test,20260215,20260215_1_03,1,서울,11,True,,0.0,0.09180372241664121,0.06552560547530037,0.10076796869062209,chronological_oos_exploratory_reuse,False,False,False,True,False,True,False,True
test,20260215,20260215_1_04,1,서울,11,True,,0.0,0.07263195328562799,0.1310594951038103,0.13334510280248008,chronological_oos_exploratory_reuse,False,False,False,False,True,False,True,False
test,20260215,20260215_1_05,1,서울,11,True,,0.0,0.14625965299167482,0.19266453622418656,0.1568592308805725,chronological_oos_exploratory_reuse,True,False,True,False,True,False,True,False
test,20260215,20260215_1_06,1,서울,11,True,,0.0,0.11914938487215311,0.144980166507807,0.13904632309826404,chronological_oos_exploratory_reuse,False,False,True,False,True,False,True,False
test,20260215,20260215_1_07,1,서울,15,True,,0.0,0.07906121823223361,0.07269749354984056,0.10503032202205179,chronological_oos_exploratory_reuse,False,False,False,False,False,True,False,True
test,20260215,20260215_1_08,1,서울,11,True,,0.0,0.1750337201060195,0.10881290146087945,0.12355803283522926,chronological_oos_exploratory_reuse,False,False,False,False,False,False,False,False
test,20260215,20260215_1_09,1,서울,11,True,,0.0,0.1300055613789281,0.057735415122596286,0.09582102594647103,chronological_oos_exploratory_reuse,False,False,False,True,False,True,False,True
test,20260215,20260215_1_10,1,서울,10,True,,0.0,0.1312394408532542,0.15572312748517686,0.14326742754268135,chronological_oos_exploratory_reuse,False,False,True,False,True,False,True,False
test,20260215,20260215_3_01,3,부경,12,True,,0.0,0.08763637304536821,0.06190530395648525,0.09851402917065649,chronological_oos_exploratory_reuse,False,False,False,True,False,True,False,True
test,20260215,20260215_3_02,3,부경,10,True,,0.0,0.18472329264338588,0.08802666249719235,0.11340255389921504,chronological_oos_exploratory_reuse,False,False,False,False,False,False,False,True
test,20260215,20260215_3_03,3,부경,12,True,,0.0,0.1181299999267954,0.1700615807256,0.1486959695540069,chronological_oos_exploratory_reuse,False,False,True,False,True,False,True,False
test,20260215,20260215_3_04,3,부경,11,True,,0.0,0.054818770030209095,0.13981458624440277,0.13696342625262803,chronological_oos_exploratory_reuse,False,False,False,False,True,False,True,False
test,20260215,20260215_3_05,3,부경,8,True,,0.0,0.1503550681559861,0.08428404715969104,0.11143905525452961,chronological_oos_exploratory_reuse,False,False,False,False,False,False,False,True
test,20260215,20260215_3_06,3,부경,10,True,,0.0,0.0791196571134129,0.05430929880634769,0.09352214264625473,chronological_oos_exploratory_reuse,False,True,False,True,False,True,False,True
test,20260215,20260215_3_07,3,부경,12,True,,0.0,0.1564863916893453,0.12805470432477112,0.13207569970779287,chronological_oos_exploratory_reuse,False,False,False,False,True,False,True,False
test,20260227,20260227_3_01,3,부경,12,True,,0.0,0.0474241857774483,0.06542633266063531,0.10070713566125992,chronological_oos_exploratory_reuse,False,False,False,True,False,True,False,True
test,20260227,20260227_3_02,3,부경,12,True,,0.0,0.0756183118556391,0.04176083791456266,0.08427945585031958,chronological_oos_exploratory_reuse,False,True,False,True,False,True,False,True
test,20260227,20260227_3_03,3,부경,12,True,,0.0,0.07488523754645829,0.038143623674479724,0.08131350465516507,chronological_oos_exploratory_reuse,False,True,False,True,False,True,False,True
test,20260227,20260227_3_04,3,부경,12,True,,0.0,0.08433967266969229,0.1960836791896219,0.1580582174397288,chronological_oos_exploratory_reuse,True,False,True,False,True,False,True,False
test,20260227,20260227_3_05,3,부경,12,True,,1.0,0.14190758765911318,0.1961852729913779,0.15809371285201665,chronological_oos_exploratory_reuse,True,False,True,False,True,False,True,False
test,20260227,20260227_3_06,3,부경,11,True,,0.0,0.1194135302569603,0.07598469381650444,0.10690371769292571,chronological_oos_exploratory_reuse,False,False,False,False,False,True,False,True
test,20260227,20260227_3_07,3,부경,12,True,,0.0,0.14078975889215972,0.13308331888379255,0.13419189619918445,chronological_oos_exploratory_reuse,False,False,False,False,True,False,True,False
test,20260227,20260227_3_08,3,부경,11,True,,0.0,0.0919088506028852,0.0685266724526146,0.10258252972591728,chronological_oos_exploratory_reuse,False,False,False,False,False,True,False,True
test,20260227,20260227_3_09,3,부경,12,True,,0.0,0.1277643832087364,0.0808770333705972,0.10960897377947358,chronological_oos_exploratory_reuse,False,False,False,False,False,False,False,True
test,20260228,20260228_1_01,1,서울,10,True,,0.0,0.1026898920496918,0.11186930154187805,0.12496045229348304,chronological_oos_exploratory_reuse,False,False,False,False,False,False,True,False
test,20260228,20260228_1_02,1,서울,9,True,,0.0,0.0498120978686258,0.07635825625173455,0.10711368421898211,chronological_oos_exploratory_reuse,False,False,False,False,False,True,False,True
test,20260228,20260228_1_03,1,서울,11,True,,0.0,0.0782886727338586,0.18446614395451422,0.15394802671400354,chronological_oos_exploratory_reuse,True,False,True,False,True,False,True,False
test,20260228,20260228_1_04,1,서울,11,True,,0.0,0.08909734620886589,0.22961933728507597,0.16941733943379403,chronological_oos_exploratory_reuse,True,False,True,False,True,False,True,False
test,20260228,20260228_1_05,1,서울,11,True,,0.0,0.13140089410065842,0.15759819278554446,0.1439899720932219,chronological_oos_exploratory_reuse,False,False,True,False,True,False,True,False
test,20260228,20260228_1_06,1,서울,11,True,,0.0,0.1048263834208859,0.2273901567020129,0.16868212835740407,chronological_oos_exploratory_reuse,True,False,True,False,True,False,True,False
test,20260228,20260228_1_07,1,서울,11,True,,0.0,0.0984159183085787,0.11692859266269676,0.12723848978508123,chronological_oos_exploratory_reuse,False,False,False,False,False,False,True,False
test,20260228,20260228_1_09,1,서울,10,True,,1.0,0.22114078263510112,0.15988276947622518,0.14486496290637155,chronological_oos_exploratory_reuse,False,False,True,False,True,False,True,False
test,20260228,20260228_1_10,1,서울,11,True,,1.0,0.1207580189246523,0.09750725366695996,0.11817944880933122,chronological_oos_exploratory_reuse,False,False,False,False,False,False,False,False
test,20260228,20260228_1_11,1,서울,11,True,,0.0,0.14206614237233972,0.13667535035073813,0.13567925250408414,chronological_oos_exploratory_reuse,False,False,False,False,True,False,True,False
test,20260301,20260301_1_01,1,서울,11,True,,0.0,0.110080849057514,0.059329703214605976,0.09686360757114633,chronological_oos_exploratory_reuse,False,False,False,True,False,True,False,True
test,20260301,20260301_1_02,1,서울,11,True,,0.0,0.0848749711656005,0.09680280230517042,0.11783347057511538,chronological_oos_exploratory_reuse,False,False,False,False,False,False,False,False
test,20260301,20260301_1_03,1,서울,11,True,,0.0,0.10887523454447019,0.11045041066964431,0.124311940140171,chronological_oos_exploratory_reuse,False,False,False,False,False,False,False,False
test,20260301,20260301_1_04,1,서울,11,True,,0.0,0.1070801340303516,0.1333884035406142,0.1343189898064925,chronological_oos_exploratory_reuse,False,False,False,False,True,False,True,False
test,20260301,20260301_1_05,1,서울,11,True,,1.0,0.1532487393741,0.12082817399279602,0.12895966331837738,chronological_oos_exploratory_reuse,False,False,False,False,False,False,True,False
test,20260301,20260301_1_06,1,서울,10,True,,0.0,0.11167988267167592,0.0783031075212849,0.10819755906085667,chronological_oos_exploratory_reuse,False,False,False,False,False,False,False,True
test,20260301,20260301_1_07,1,서울,9,True,,0.0,0.0860436048829518,0.17850561494249853,0.15179710851152448,chronological_oos_exploratory_reuse,True,False,True,False,True,False,True,False
test,20260301,20260301_1_08,1,서울,11,True,,0.0,0.107601296767384,0.09248022195580456,0.11567987551446988,chronological_oos_exploratory_reuse,False,False,False,False,False,False,False,False
test,20260301,20260301_1_09,1,서울,11,True,,0.0,0.16574998852645348,0.11548109374884663,0.12659206137017623,chronological_oos_exploratory_reuse,False,False,False,False,False,False,True,False
test,20260301,20260301_1_10,1,서울,10,True,,0.0,0.1194873118388477,0.13518886655471762,0.1350661163004033,chronological_oos_exploratory_reuse,False,False,False,False,True,False,True,False
test,20260301,20260301_3_01,3,부경,10,True,,0.0,0.123319428270112,0.08616662793945672,0.11243263221470536,chronological_oos_exploratory_reuse,False,False,False,False,False,False,False,True
test,20260301,20260301_3_02,3,부경,11,True,,0.0,0.0682527697517397,0.053594034894350065,0.09303156762843125,chronological_oos_exploratory_reuse,False,True,False,True,False,True,False,True
test,20260301,20260301_3_03,3,부경,12,True,,0.0,0.1337631192059534,0.09920468248657338,0.11900759061963458,chronological_oos_exploratory_reuse,False,False,False,False,False,False,False,False
test,20260301,20260301_3_04,3,부경,12,True,,0.0,0.1949007211710259,0.22465106996030665,0.16777527034494008,chronological_oos_exploratory_reuse,True,False,True,False,True,False,True,False
test,20260301,20260301_3_05,3,부경,12,True,,0.0,0.2178896322760785,0.22687779248063403,0.1685127887439806,chronological_oos_exploratory_reuse,True,False,True,False,True,False,True,False
test,20260301,20260301_3_06,3,부경,8,True,,0.0,0.1230163397553764,0.2287748901138896,0.16913912438362508,chronological_oos_exploratory_reuse,True,False,True,False,True,False,True,False
test,20260301,20260301_3_07,3,부경,12,True,,1.0,0.10381790567616131,0.14676870042473683,0.13975913504207854,chronological_oos_exploratory_reuse,False,False,True,False,True,False,True,False
test,20260302,20260302_1_01,1,서울,10,True,,0.0,0.0916777263899515,0.0459144928146414,0.08750173492947254,chronological_oos_exploratory_reuse,False,True,False,True,False,True,False,True
test,20260302,20260302_1_02,1,서울,10,True,,0.0,0.19295323255550711,0.15889362060941245,0.1444868326030324,chronological_oos_exploratory_reuse,False,False,True,False,True,False,True,False
test,20260302,20260302_1_03,1,서울,11,True,,0.0,0.1289475510081246,0.0910177856323404,0.1149388445536557,chronological_oos_exploratory_reuse,False,False,False,False,False,False,False,False
test,20260302,20260302_1_04,1,서울,11,True,,0.0,0.09608011360020188,0.06088215602312126,0.09786327112239462,chronological_oos_exploratory_reuse,False,False,False,True,False,True,False,True
test,20260302,20260302_1_05,1,서울,11,True,,0.0,0.1489438934247844,0.1207649712968428,0.12893199723429344,chronological_oos_exploratory_reuse,False,False,False,False,False,False,True,False
test,20260302,20260302_1_06,1,서울,11,True,,0.0,0.09889711363463441,0.08831380219088157,0.1135512703237734,chronological_oos_exploratory_reuse,False,False,False,False,False,False,False,True
test,20260302,20260302_1_07,1,서울,11,True,,0.0,0.1441114190916625,0.18152145566707267,0.15288917725855353,chronological_oos_exploratory_reuse,True,False,True,False,True,False,True,False
test,20260302,20260302_1_08,1,서울,10,True,,0.0,0.1010964531402352,0.16654638782116163,0.14738496570200835,chronological_oos_exploratory_reuse,False,False,True,False,True,False,True,False
test,20260302,20260302_1_09,1,서울,10,True,,0.0,0.17859386323635673,0.2314092131876642,0.17000587131842995,chronological_oos_exploratory_reuse,True,False,True,False,True,False,True,False
test,20260302,20260302_1_10,1,서울,11,True,,1.0,0.18344775839116262,0.09707617533973303,0.11796789423609347,chronological_oos_exploratory_reuse,False,False,False,False,False,False,False,False
test,20260306,20260306_3_01,3,부경,10,True,,0.0,0.0769690382533348,0.06526706881492508,0.10060942971056695,chronological_oos_exploratory_reuse,False,False,False,True,False,True,False,True
test,20260306,20260306_3_02,3,부경,12,True,,0.0,0.10556403735695769,0.0501802607120012,0.09063543201485476,chronological_oos_exploratory_reuse,False,True,False,True,False,True,False,True
test,20260306,20260306_3_03,3,부경,12,True,,0.0,0.0968638134049438,0.2200696341180441,0.16624957979222954,chronological_oos_exploratory_reuse,True,False,True,False,True,False,True,False
test,20260306,20260306_3_04,3,부경,12,True,,0.0,0.12678070354421872,0.059834036443175115,0.09719001101760624,chronological_oos_exploratory_reuse,False,False,False,True,False,True,False,True
test,20260306,20260306_3_05,3,부경,12,True,,0.0,0.20857903225020127,0.23135842604049314,0.1699891935894994,chronological_oos_exploratory_reuse,True,False,True,False,True,False,True,False
test,20260306,20260306_3_06,3,부경,12,True,,0.0,0.1454261306542406,0.16941105289576572,0.14845427244481077,chronological_oos_exploratory_reuse,False,False,True,False,True,False,True,False
test,20260306,20260306_3_07,3,부경,12,True,,0.0,0.1004786796171122,0.09132490070355263,0.11509500152897982,chronological_oos_exploratory_reuse,False,False,False,False,False,False,False,False
test,20260306,20260306_3_08,3,부경,11,True,,1.0,0.1156519350054045,0.07000828426291691,0.10346156999127701,chronological_oos_exploratory_reuse,False,False,False,False,False,True,False,True
test,20260307,20260307_1_01,1,서울,11,True,,0.0,0.0803697065660126,0.09645381058003326,0.11766156384121548,chronological_oos_exploratory_reuse,False,False,False,False,False,False,False,False
test,20260307,20260307_1_02,1,서울,10,True,,1.0,0.074996822599155,0.09426816397075409,0.11657718086902927,chronological_oos_exploratory_reuse,False,False,False,False,False,False,False,False
test,20260307,20260307_1_03,1,서울,11,True,,0.0,0.1122793451766717,0.08614034935011576,0.11241884647814195,chronological_oos_exploratory_reuse,False,False,False,False,False,False,False,True
test,20260307,20260307_1_04,1,서울,11,True,,0.0,0.112618138088626,0.13867188408789582,0.1364976302962791,chronological_oos_exploratory_reuse,False,False,False,False,True,False,True,False
test,20260307,20260307_1_05,1,서울,11,True,,0.0,0.11536321238359681,0.11269862788600342,0.12533750332635268,chronological_oos_exploratory_reuse,False,False,False,False,False,False,True,False
test,20260307,20260307_1_06,1,서울,11,True,,0.0,0.1855968071690619,0.1287346504013022,0.13236424808181352,chronological_oos_exploratory_reuse,False,False,False,False,True,False,True,False
test,20260307,20260307_1_07,1,서울,11,True,,0.0,0.10435158996923051,0.19717735830478542,0.15843994436433226,chronological_oos_exploratory_reuse,True,False,True,False,True,False,True,False
test,20260307,20260307_1_08,1,서울,11,True,,0.0,0.1334232110446405,0.09698921235911344,0.11792515487879468,chronological_oos_exploratory_reuse,False,False,False,False,False,False,False,False
test,20260307,20260307_1_09,1,서울,10,True,,1.0,0.1458817642693887,0.0759442670518813,0.10688096023489266,chronological_oos_exploratory_reuse,False,False,False,False,False,True,False,True
test,20260307,20260307_1_10,1,서울,11,True,,0.0,0.1461246165298463,0.0987105166817721,0.11876729272522082,chronological_oos_exploratory_reuse,False,False,False,False,False,False,False,False
test,20260307,20260307_1_11,1,서울,11,True,,0.0,0.1796998191248128,0.1646401299976322,0.14666882196454892,chronological_oos_exploratory_reuse,False,False,True,False,True,False,True,False
test,20260308,20260308_1_01,1,서울,10,True,,0.0,0.15700991366861827,0.06269036166707216,0.09900913681582464,chronological_oos_exploratory_reuse,False,False,False,True,False,True,False,True
test,20260308,20260308_1_02,1,서울,10,True,,0.0,0.15245642533639092,0.06323742780383165,0.09935203256046848,chronological_oos_exploratory_reuse,False,False,False,True,False,True,False,True
test,20260308,20260308_1_03,1,서울,10,True,,0.0,0.1911745114203877,0.042454121866795785,0.08483015874535113,chronological_oos_exploratory_reuse,False,True,False,True,False,True,False,True
test,20260308,20260308_1_04,1,서울,11,True,,0.0,0.1268325093894879,0.07808709276427868,0.10807792805041666,chronological_oos_exploratory_reuse,False,False,False,False,False,False,False,True
test,20260308,20260308_1_05,1,서울,11,True,,0.0,0.11046144271110289,0.11811013920098225,0.127763080273042,chronological_oos_exploratory_reuse,False,False,False,False,False,False,True,False
test,20260308,20260308_1_06,1,서울,11,True,,0.0,0.12273450483676139,0.14233294452993672,0.13798346933050304,chronological_oos_exploratory_reuse,False,False,False,False,True,False,True,False
test,20260308,20260308_1_07,1,서울,11,True,,1.0,0.136702604174903,0.07806389900482914,0.10806507205048517,chronological_oos_exploratory_reuse,False,False,False,False,False,False,False,True
test,20260308,20260308_1_08,1,서울,11,True,,0.0,0.12115659254946551,0.06008779887494596,0.09735364041358974,chronological_oos_exploratory_reuse,False,False,False,True,False,True,False,True
test,20260308,20260308_1_09,1,서울,11,True,,0.0,0.13653121579634792,0.1346344004200871,0.13483656120992168,chronological_oos_exploratory_reuse,False,False,False,False,True,False,True,False
test,20260308,20260308_1_10,1,서울,11,True,,0.0,0.0964769404353715,0.13001234839054496,0.13290439925399505,chronological_oos_exploratory_reuse,False,False,False,False,True,False,True,False
test,20260308,20260308_3_01,3,부경,12,True,,0.0,0.0748348792968761,0.03593772984718648,0.07942115894580568,chronological_oos_exploratory_reuse,False,True,False,True,False,True,False,True
test,20260308,20260308_3_02,3,부경,12,True,,0.0,0.1505896605980155,0.12312535105185073,0.1299602358131866,chronological_oos_exploratory_reuse,False,False,False,False,False,False,True,False
test,20260308,20260308_3_03,3,부경,12,True,,0.0,0.1097476116987707,0.1691304805929113,0.14834990102167372,chronological_oos_exploratory_reuse,False,False,True,False,True,False,True,False
test,20260308,20260308_3_04,3,부경,12,True,,0.0,0.1910798355259956,0.07958490989848899,0.10890364216272605,chronological_oos_exploratory_reuse,False,False,False,False,False,False,False,True
test,20260308,20260308_3_05,3,부경,12,True,,0.0,0.1823015702284546,0.18476154065919861,0.1540538484686188,chronological_oos_exploratory_reuse,True,False,True,False,True,False,True,False
test,20260308,20260308_3_06,3,부경,12,True,,0.0,0.133369654403941,0.06900619491487768,0.10286821109818949,chronological_oos_exploratory_reuse,False,False,False,False,False,True,False,True
test,20260308,20260308_3_07,3,부경,12,True,,0.0,0.1479199509182727,0.19737220098319402,0.15850786075222756,chronological_oos_exploratory_reuse,True,False,True,False,True,False,True,False
test,20260313,20260313_3_01,3,부경,12,True,,0.0,0.0648287889213703,0.07750753670160392,0.10775604011500402,chronological_oos_exploratory_reuse,False,False,False,False,False,True,False,True
test,20260313,20260313_3_02,3,부경,12,True,,1.0,0.09796054037479311,0.1276110248894608,0.1318869994044903,chronological_oos_exploratory_reuse,False,False,False,False,True,False,True,False
test,20260313,20260313_3_03,3,부경,12,True,,0.0,0.1448658777086288,0.10533564578477643,0.12193694859067833,chronological_oos_exploratory_reuse,False,False,False,False,False,False,False,False
test,20260313,20260313_3_04,3,부경,12,True,,0.0,0.223769379119369,0.2342160827464072,0.17092566958936906,chronological_oos_exploratory_reuse,True,False,True,False,True,False,True,False
test,20260313,20260313_3_05,3,부경,12,True,,0.0,0.1653587661890946,0.13496661885173597,0.13497415933591242,chronological_oos_exploratory_reuse,False,False,False,False,True,False,True,False
test,20260313,20260313_3_06,3,부경,12,True,,0.0,0.1800416036166441,0.13614191607749265,0.13545960481103908,chronological_oos_exploratory_reuse,False,False,False,False,True,False,True,False
test,20260313,20260313_3_07,3,부경,12,True,,0.0,0.2545227615570367,0.10826585536983797,0.12330484059765419,chronological_oos_exploratory_reuse,False,False,False,False,False,False,False,False
test,20260313,20260313_3_08,3,부경,12,True,,0.0,0.20594453229121867,0.11377410322353372,0.12582430933240185,chronological_oos_exploratory_reuse,False,False,False,False,False,False,True,False
test,20260314,20260314_1_01,1,서울,11,True,,0.0,0.0536524407348941,0.051065126220704145,0.09126551565156953,chronological_oos_exploratory_reuse,False,True,False,True,False,True,False,True
test,20260314,20260314_1_02,1,서울,11,True,,0.0,0.0738540129892228,0.10257821454319598,0.1206310867939353,chronological_oos_exploratory_reuse,False,False,False,False,False,False,False,False
test,20260314,20260314_1_03,1,서울,10,True,,0.0,0.22100133873524908,0.1765584354035377,0.15108778272121307,chronological_oos_exploratory_reuse,True,False,True,False,True,False,True,False
test,20260314,20260314_1_04,1,서울,11,True,,0.0,0.1571969539811596,0.1418205142208229,0.13777662840656096,chronological_oos_exploratory_reuse,False,False,False,False,True,False,True,False
test,20260314,20260314_1_05,1,서울,10,True,,1.0,0.15605353666385913,0.11259113115874297,0.12528871239922548,chronological_oos_exploratory_reuse,False,False,False,False,False,False,True,False
test,20260314,20260314_1_06,1,서울,11,True,,0.0,0.154516596349267,0.1313452617651194,0.1334650647395291,chronological_oos_exploratory_reuse,False,False,False,False,True,False,True,False
test,20260314,20260314_1_07,1,서울,11,True,,1.0,0.1381543015241621,0.12235072912067335,0.12962391234804876,chronological_oos_exploratory_reuse,False,False,False,False,False,False,True,False
test,20260314,20260314_1_08,1,서울,11,True,,0.0,0.09783567350584749,0.10191528861003868,0.1203143479898155,chronological_oos_exploratory_reuse,False,False,False,False,False,False,False,False
test,20260314,20260314_1_10,1,서울,11,True,,0.0,0.1511022879294955,0.09877680624427679,0.1187995650103718,chronological_oos_exploratory_reuse,False,False,False,False,False,False,False,False
test,20260314,20260314_1_11,1,서울,10,True,,0.0,0.29848820362415585,0.16449881354013648,0.14661558333350236,chronological_oos_exploratory_reuse,False,False,True,False,True,False,True,False
test,20260315,20260315_1_01,1,서울,11,True,,0.0,0.0731469287733702,0.07306365998921784,0.10524135156775911,chronological_oos_exploratory_reuse,False,False,False,False,False,True,False,True
test,20260315,20260315_1_02,1,서울,11,True,,1.0,0.1530877064184486,0.07388677428090241,0.10571354538135001,chronological_oos_exploratory_reuse,False,False,False,False,False,True,False,True
test,20260315,20260315_1_03,1,서울,10,True,,0.0,0.1741804975578119,0.14332507307130313,0.1383829162533721,chronological_oos_exploratory_reuse,False,False,False,False,True,False,True,False
test,20260315,20260315_1_04,1,서울,11,True,,0.0,0.12753323771490432,0.06654788003430634,0.10139134105004254,chronological_oos_exploratory_reuse,False,False,False,True,False,True,False,True
test,20260315,20260315_1_05,1,서울,10,True,,0.0,0.112582953415148,0.18420654393712352,0.15385496949780553,chronological_oos_exploratory_reuse,True,False,True,False,True,False,True,False
test,20260315,20260315_1_06,1,서울,11,True,,0.0,0.1534776302728949,0.07647480578682087,0.10717907379232194,chronological_oos_exploratory_reuse,False,False,False,False,False,True,False,True
test,20260315,20260315_1_07,1,서울,12,True,,0.0,0.06466689622285479,0.05806254071538654,0.09603630499992111,chronological_oos_exploratory_reuse,False,False,False,True,False,True,False,True
test,20260315,20260315_1_08,1,서울,10,True,,0.0,0.1466073202111673,0.12976640795252495,0.13280063487714308,chronological_oos_exploratory_reuse,False,False,False,False,True,False,True,False
test,20260315,20260315_1_09,1,서울,11,True,,1.0,0.145032061754568,0.09657150872828374,0.11771957739948904,chronological_oos_exploratory_reuse,False,False,False,False,False,False,False,False
test,20260315,20260315_1_10,1,서울,11,True,,0.0,0.1072332013317034,0.20534834827241283,0.1612656390399736,chronological_oos_exploratory_reuse,True,False,True,False,True,False,True,False
test,20260315,20260315_3_01,3,부경,12,True,,0.0,0.1268398990573732,0.0571147565707103,0.0954106093675339,chronological_oos_exploratory_reuse,False,False,False,True,False,True,False,True
test,20260315,20260315_3_02,3,부경,12,True,,0.0,0.12131294373573291,0.03681584428673649,0.08018259751693559,chronological_oos_exploratory_reuse,False,True,False,True,False,True,False,True
test,20260315,20260315_3_03,3,부경,12,True,,0.0,0.1079377533697245,0.1042089864236271,0.12140561839652397,chronological_oos_exploratory_reuse,False,False,False,False,False,False,False,False
test,20260315,20260315_3_04,3,부경,12,True,,0.0,0.1487903463677012,0.14101035931475459,0.13744887016884524,chronological_oos_exploratory_reuse,False,False,False,False,True,False,True,False
test,20260315,20260315_3_05,3,부경,12,True,,0.0,0.1427933160566318,0.14641092657394963,0.13961688060131158,chronological_oos_exploratory_reuse,False,False,True,False,True,False,True,False
test,20260315,20260315_3_06,3,부경,12,True,,0.0,0.1760438720548148,0.12235318621185655,0.12962498087913485,chronological_oos_exploratory_reuse,False,False,False,False,False,False,True,False
test,20260315,20260315_3_07,3,부경,12,True,,0.0,0.153356585658321,0.06274403647750668,0.09904285609782049,chronological_oos_exploratory_reuse,False,False,False,True,False,True,False,True
test,20260320,20260320_3_01,3,부경,10,True,,0.0,0.0747863940060377,0.07071657814585293,0.10387804196930973,chronological_oos_exploratory_reuse,False,False,False,False,False,True,False,True
test,20260320,20260320_3_02,3,부경,11,True,,0.0,0.0723686817386287,0.046393904784547815,0.08786229947315928,chronological_oos_exploratory_reuse,False,True,False,True,False,True,False,True
test,20260320,20260320_3_03,3,부경,10,True,,0.0,0.1100729571745223,0.08053696915241099,0.10942395952559034,chronological_oos_exploratory_reuse,False,False,False,False,False,False,False,True
test,20260320,20260320_3_04,3,부경,12,True,,0.0,0.0958757491341926,0.11373595526824282,0.12580708317914682,chronological_oos_exploratory_reuse,False,False,False,False,False,False,True,False
test,20260320,20260320_3_05,3,부경,12,True,,0.0,0.1921609733597614,0.19760481560241971,0.15858890804592277,chronological_oos_exploratory_reuse,True,False,True,False,True,False,True,False
test,20260320,20260320_3_06,3,부경,12,True,,1.0,0.1301508148276605,0.1418006392663325,0.13776859864459154,chronological_oos_exploratory_reuse,False,False,False,False,True,False,True,False
test,20260320,20260320_3_07,3,부경,12,True,,0.0,0.1294576199267878,0.09814384638075169,0.11849093660237833,chronological_oos_exploratory_reuse,False,False,False,False,False,False,False,False
test,20260320,20260320_3_08,3,부경,12,True,,0.0,0.1387397031508451,0.057721377728395855,0.0958117721281056,chronological_oos_exploratory_reuse,False,False,False,True,False,True,False,True
test,20260321,20260321_1_01,1,서울,11,True,,0.0,0.0495948587172216,0.0506074714331292,0.09094044617216515,chronological_oos_exploratory_reuse,False,True,False,True,False,True,False,True
test,20260321,20260321_1_02,1,서울,10,True,,0.0,0.08824964076596599,0.04896660284185338,0.08976046152344536,chronological_oos_exploratory_reuse,False,True,False,True,False,True,False,True
test,20260321,20260321_1_03,1,서울,11,True,,0.0,0.09745428130162011,0.0816152244325002,0.11000909731661924,chronological_oos_exploratory_reuse,False,False,False,False,False,False,False,True
test,20260321,20260321_1_04,1,서울,10,True,,0.0,0.1458603030236319,0.12292115715458096,0.12987168453139647,chronological_oos_exploratory_reuse,False,False,False,False,False,False,True,False
test,20260321,20260321_1_05,1,서울,11,True,,0.0,0.1887248524564533,0.15304954227865397,0.1422301263516685,chronological_oos_exploratory_reuse,False,False,True,False,True,False,True,False
test,20260321,20260321_1_06,1,서울,10,True,,0.0,0.1514471130190742,0.2268796543329751,0.16851340434100423,chronological_oos_exploratory_reuse,True,False,True,False,True,False,True,False
test,20260321,20260321_1_07,1,서울,11,True,,0.0,0.0823207061673991,0.20190612482699286,0.16008076647973488,chronological_oos_exploratory_reuse,True,False,True,False,True,False,True,False
test,20260321,20260321_1_08,1,서울,11,True,,0.0,0.11120691391807169,0.14702421432894663,0.13986062836325866,chronological_oos_exploratory_reuse,False,False,True,False,True,False,True,False
test,20260321,20260321_1_09,1,서울,10,True,,0.0,0.1438975845333998,0.09117510730012773,0.11501887304410631,chronological_oos_exploratory_reuse,False,False,False,False,False,False,False,False
test,20260321,20260321_1_10,1,서울,11,True,,0.0,0.12627868384793278,0.08715158021067637,0.11294766698099473,chronological_oos_exploratory_reuse,False,False,False,False,False,False,False,True
test,20260321,20260321_1_11,1,서울,11,True,,0.0,0.0964248779787126,0.0740386795271556,0.10580036134952024,chronological_oos_exploratory_reuse,False,False,False,False,False,True,False,True
test,20260322,20260322_1_01,1,서울,11,True,,0.0,0.0936688078751749,0.14756177849410004,0.14007388067801327,chronological_oos_exploratory_reuse,False,False,True,False,True,False,True,False
test,20260322,20260322_1_02,1,서울,10,True,,0.0,0.1448499008425998,0.06900426145265835,0.10286706150194712,chronological_oos_exploratory_reuse,False,False,False,False,False,True,False,True
test,20260322,20260322_1_03,1,서울,9,True,,0.0,0.0766658656972893,0.08642600147671231,0.11256857457563625,chronological_oos_exploratory_reuse,False,False,False,False,False,False,False,True
test,20260322,20260322_1_04,1,서울,11,True,,0.0,0.0902587208696675,0.1247053069519008,0.1306428889085007,chronological_oos_exploratory_reuse,False,False,False,False,False,False,True,False
test,20260322,20260322_1_05,1,서울,11,True,,0.0,0.1042133062689467,0.12405744358107217,0.13036350169027514,chronological_oos_exploratory_reuse,False,False,False,False,False,False,True,False
test,20260322,20260322_1_06,1,서울,10,True,,1.0,0.154156521855091,0.1249066577084029,0.13072956984148743,chronological_oos_exploratory_reuse,False,False,False,False,False,False,True,False
test,20260322,20260322_1_07,1,서울,13,True,,0.0,0.1099550002215207,0.13474492116944398,0.1348823552922239,chronological_oos_exploratory_reuse,False,False,False,False,True,False,True,False
test,20260322,20260322_1_08,1,서울,11,True,,0.0,0.08656327501586361,0.07683758428346778,0.107382249348019,chronological_oos_exploratory_reuse,False,False,False,False,False,True,False,True
test,20260322,20260322_1_09,1,서울,10,True,,0.0,0.190226727526876,0.10658984274767981,0.12252487866070755,chronological_oos_exploratory_reuse,False,False,False,False,False,False,False,False
test,20260322,20260322_1_10,1,서울,11,True,,0.0,0.1811129343293935,0.147899209166661,0.14020755035732405,chronological_oos_exploratory_reuse,False,False,True,False,True,False,True,False
test,20260322,20260322_3_01,3,부경,12,True,,0.0,0.0763096067150564,0.06372650799003957,0.09965713342585464,chronological_oos_exploratory_reuse,False,False,False,True,False,True,False,True
test,20260322,20260322_3_02,3,부경,10,True,,0.0,0.1666882221936473,0.07866412509780261,0.10839707989628275,chronological_oos_exploratory_reuse,False,False,False,False,False,False,False,True
test,20260322,20260322_3_03,3,부경,12,True,,0.0,0.14111804572541659,0.1261331419299773,0.13125604318763237,chronological_oos_exploratory_reuse,False,False,False,False,True,False,True,False
test,20260322,20260322_3_04,3,부경,12,True,,0.0,0.1667838347808942,0.09006594299047829,0.11445301922796625,chronological_oos_exploratory_reuse,False,False,False,False,False,False,False,False
test,20260322,20260322_3_05,3,부경,11,True,,0.0,0.17856948230490088,0.16339285564294276,0.14619821358907217,chronological_oos_exploratory_reuse,False,False,True,False,True,False,True,False
test,20260322,20260322_3_06,3,부경,12,True,,0.0,0.1415023228617224,0.11124958170770764,0.12467774046132861,chronological_oos_exploratory_reuse,False,False,False,False,False,False,True,False
test,20260322,20260322_3_07,3,부경,11,True,,1.0,0.12402236829600431,0.07793907524419652,0.10799584687298194,chronological_oos_exploratory_reuse,False,False,False,False,False,False,False,True
test,20260327,20260327_3_01,3,부경,7,True,,0.0,0.1226428482423626,0.074444060401069,0.1060315484953267,chronological_oos_exploratory_reuse,False,False,False,False,False,True,False,True
test,20260327,20260327_3_02,3,부경,9,True,,0.0,0.0680677031589242,0.09070913635902156,0.11478161567168008,chronological_oos_exploratory_reuse,False,False,False,False,False,False,False,False
test,20260327,20260327_3_03,3,부경,12,True,,0.0,0.0715382160008675,0.058052121300989225,0.096029458982979,chronological_oos_exploratory_reuse,False,False,False,True,False,True,False,True
test,20260327,20260327_3_04,3,부경,11,True,,0.0,0.10979248923426752,0.1622971649285815,0.14578345011691823,chronological_oos_exploratory_reuse,False,False,True,False,True,False,True,False
test,20260327,20260327_3_05,3,부경,12,True,,0.0,0.1606684886004952,0.12505366474903035,0.13079281113797447,chronological_oos_exploratory_reuse,False,False,False,False,False,False,True,False
test,20260327,20260327_3_06,3,부경,12,True,,0.0,0.0819892936177876,0.09763949395236603,0.11824424499888586,chronological_oos_exploratory_reuse,False,False,False,False,False,False,False,False
test,20260327,20260327_3_07,3,부경,12,True,,0.0,0.17440817313297569,0.16669392910551625,0.14744023960941835,chronological_oos_exploratory_reuse,False,False,True,False,True,False,True,False
test,20260327,20260327_3_08,3,부경,12,True,,0.0,0.142919093328622,0.07868819439406331,0.10841036374655066,chronological_oos_exploratory_reuse,False,False,False,False,False,False,False,True
test,20260328,20260328_1_01,1,서울,10,True,,0.0,0.07392079965717979,0.08565250711045123,0.11216249970377175,chronological_oos_exploratory_reuse,False,False,False,False,False,False,False,True
test,20260328,20260328_1_02,1,서울,11,True,,0.0,0.0579673852891435,0.09971966794246076,0.11925732601311978,chronological_oos_exploratory_reuse,False,False,False,False,False,False,False,False
test,20260328,20260328_1_03,1,서울,11,True,,0.0,0.08866315989561721,0.13596143556808452,0.13538519387380285,chronological_oos_exploratory_reuse,False,False,False,False,True,False,True,False
test,20260328,20260328_1_04,1,서울,11,True,,0.0,0.12478616004289951,0.08212536674747759,0.11028442872968501,chronological_oos_exploratory_reuse,False,False,False,False,False,False,False,True
test,20260328,20260328_1_05,1,서울,11,True,,0.0,0.0859368709157801,0.06655634297763634,0.10139647857971783,chronological_oos_exploratory_reuse,False,False,False,True,False,True,False,True
test,20260328,20260328_1_06,1,서울,11,True,,0.0,0.13573291351225458,0.10799868582163506,0.1231809392249915,chronological_oos_exploratory_reuse,False,False,False,False,False,False,False,False
test,20260328,20260328_1_07,1,서울,11,True,,0.0,0.12732962385568108,0.054463579227113715,0.09362746030998878,chronological_oos_exploratory_reuse,False,True,False,True,False,True,False,True
test,20260328,20260328_1_08,1,서울,10,True,,0.0,0.0986973241589147,0.16093240999556377,0.14526504359623504,chronological_oos_exploratory_reuse,False,False,True,False,True,False,True,False
test,20260328,20260328_1_09,1,서울,11,True,,0.0,0.1002638768993306,0.10946543377160381,0.12385917011988386,chronological_oos_exploratory_reuse,False,False,False,False,False,False,False,False
test,20260328,20260328_1_10,1,서울,11,True,,0.0,0.1077101693011888,0.06784944311833264,0.10217710284438887,chronological_oos_exploratory_reuse,False,False,False,False,False,True,False,True
test,20260328,20260328_1_11,1,서울,11,True,,0.0,0.0849522514863258,0.10101758091847937,0.11988366551326242,chronological_oos_exploratory_reuse,False,False,False,False,False,False,False,False
test,20260329,20260329_1_01,1,서울,10,True,,0.0,0.1108902161721893,0.04797673430896339,0.08903728576491926,chronological_oos_exploratory_reuse,False,True,False,True,False,True,False,True
test,20260329,20260329_1_02,1,서울,10,True,,0.0,0.0979974733672873,0.14168672245312172,0.13772256410205794,chronological_oos_exploratory_reuse,False,False,False,False,True,False,True,False
test,20260329,20260329_1_03,1,서울,11,True,,0.0,0.1379881665439756,0.17624832055982892,0.15097450016513045,chronological_oos_exploratory_reuse,True,False,True,False,True,False,True,False
test,20260329,20260329_1_04,1,서울,10,True,,1.0,0.1423758019675398,0.11721484993930457,0.1273658349746131,chronological_oos_exploratory_reuse,False,False,False,False,False,False,True,False
test,20260329,20260329_1_05,1,서울,11,True,,0.0,0.1041739975102924,0.08081997308094861,0.10957796022768722,chronological_oos_exploratory_reuse,False,False,False,False,False,False,False,True
test,20260329,20260329_1_06,1,서울,10,True,,0.0,0.15562517135331408,0.08938891431284103,0.11410573889132782,chronological_oos_exploratory_reuse,False,False,False,False,False,False,False,False
test,20260329,20260329_1_07,1,서울,10,True,,0.0,0.1595535825373276,0.1543765984231735,0.14274604957060227,chronological_oos_exploratory_reuse,False,False,True,False,True,False,True,False
test,20260329,20260329_1_08,1,서울,11,True,,0.0,0.081525340811758,0.055024947532481765,0.09400920198985808,chronological_oos_exploratory_reuse,False,False,False,True,False,True,False,True
test,20260329,20260329_1_09,1,서울,10,True,,0.0,0.16678098507307598,0.06542377779610588,0.10070556937320281,chronological_oos_exploratory_reuse,False,False,False,True,False,True,False,True
test,20260329,20260329_1_10,1,서울,11,True,,0.0,0.15370172421038078,0.12186574127420506,0.12941278724883692,chronological_oos_exploratory_reuse,False,False,False,False,False,False,True,False
test,20260329,20260329_3_01,3,부경,12,True,,0.0,0.065221248633969,0.053331871445370556,0.09285079631210351,chronological_oos_exploratory_reuse,False,True,False,True,False,True,False,True
test,20260329,20260329_3_02,3,부경,12,True,,1.0,0.0891424364908369,0.050903603898267334,0.09115098425443016,chronological_oos_exploratory_reuse,False,True,False,True,False,True,False,True
test,20260329,20260329_3_03,3,부경,12,True,,0.0,0.1463558381421074,0.183691245619752,0.15367008915438213,chronological_oos_exploratory_reuse,True,False,True,False,True,False,True,False
test,20260329,20260329_3_04,3,부경,12,True,,0.0,0.0951074722867197,0.0701459809867282,0.10354272263560128,chronological_oos_exploratory_reuse,False,False,False,False,False,True,False,True
test,20260329,20260329_3_05,3,부경,12,True,,0.0,0.11807165777281001,0.09644919485543965,0.11765928796207563,chronological_oos_exploratory_reuse,False,False,False,False,False,False,False,False
test,20260329,20260329_3_06,3,부경,16,True,,0.0,0.11589271218260361,0.1150951189546466,0.1264189816765983,chronological_oos_exploratory_reuse,False,False,False,False,False,False,True,False
test,20260329,20260329_3_07,3,부경,10,True,,0.0,0.1118793858415815,0.07177730633888163,0.10449731322313673,chronological_oos_exploratory_reuse,False,False,False,False,False,True,False,True
test,20260403,20260403_3_01,3,부경,12,True,,0.0,0.06339773498311639,0.049684316419514644,0.09027941513058942,chronological_oos_exploratory_reuse,False,True,False,True,False,True,False,True
test,20260403,20260403_3_02,3,부경,12,True,,0.0,0.15745474349996572,0.07387658749141388,0.10570771986496794,chronological_oos_exploratory_reuse,False,False,False,False,False,True,False,True
test,20260403,20260403_3_03,3,부경,9,True,,0.0,0.1064472566463466,0.10864704559618217,0.12348134009457465,chronological_oos_exploratory_reuse,False,False,False,False,False,False,False,False
test,20260403,20260403_3_04,3,부경,12,True,,0.0,0.1351215125690033,0.11719957396652848,0.12735904333498765,chronological_oos_exploratory_reuse,False,False,False,False,False,False,True,False
test,20260403,20260403_3_05,3,부경,12,True,,0.0,0.1292286404591699,0.10391406866207678,0.12126603031801791,chronological_oos_exploratory_reuse,False,False,False,False,False,False,False,False
test,20260403,20260403_3_06,3,부경,12,True,,1.0,0.2106514807508456,0.18725209863585815,0.15494324145201366,chronological_oos_exploratory_reuse,True,False,True,False,True,False,True,False
test,20260403,20260403_3_07,3,부경,12,True,,0.0,0.19067459694044897,0.18134433768850192,0.15282525700166383,chronological_oos_exploratory_reuse,True,False,True,False,True,False,True,False
test,20260403,20260403_3_08,3,부경,10,True,,0.0,0.1347401294211956,0.20967037828677776,0.1627424928018976,chronological_oos_exploratory_reuse,True,False,True,False,True,False,True,False
test,20260404,20260404_1_01,1,서울,10,True,,0.0,0.08425763184899379,0.029020259892431174,0.07298688462652962,chronological_oos_exploratory_reuse,False,True,False,True,False,True,False,True
test,20260404,20260404_1_02,1,서울,11,True,,0.0,0.0479435995801363,0.04938160688928867,0.09006108039922418,chronological_oos_exploratory_reuse,False,True,False,True,False,True,False,True
test,20260404,20260404_1_03,1,서울,11,True,,0.0,0.0944642878764111,0.15289383871572898,0.14216945575163803,chronological_oos_exploratory_reuse,False,False,True,False,True,False,True,False
test,20260404,20260404_1_04,1,서울,11,True,,0.0,0.0584046020802943,0.1574932079054286,0.14394962261325098,chronological_oos_exploratory_reuse,False,False,True,False,True,False,True,False
test,20260404,20260404_1_05,1,서울,11,True,,0.0,0.09166821785499829,0.12069865047255839,0.12890295824166514,chronological_oos_exploratory_reuse,False,False,False,False,False,False,True,False
test,20260404,20260404_1_06,1,서울,9,True,,0.0,0.08948485794421271,0.04458388827953792,0.0864891148835078,chronological_oos_exploratory_reuse,False,True,False,True,False,True,False,True
test,20260404,20260404_1_07,1,서울,11,True,,0.0,0.08260918440841411,0.07100802771032154,0.10404872026687943,chronological_oos_exploratory_reuse,False,False,False,False,False,True,False,True
test,20260404,20260404_1_08,1,서울,10,True,,0.0,0.1759881645220178,0.13079005258264917,0.13323187375643902,chronological_oos_exploratory_reuse,False,False,False,False,True,False,True,False
test,20260404,20260404_1_09,1,서울,11,True,,0.0,0.0782749825427561,0.18368073866330226,0.1536663171523781,chronological_oos_exploratory_reuse,True,False,True,False,True,False,True,False
test,20260404,20260404_1_10,1,서울,11,True,,0.0,0.0777917612457775,0.06233813558805018,0.09878744741278132,chronological_oos_exploratory_reuse,False,False,False,True,False,True,False,True
test,20260404,20260404_1_11,1,서울,11,True,,0.0,0.10122192104601561,0.15044314268529524,0.14121066850570202,chronological_oos_exploratory_reuse,False,False,True,False,True,False,True,False
test,20260405,20260405_1_01,1,서울,11,True,,0.0,0.057953400073282105,0.05843434327662153,0.09628012835812504,chronological_oos_exploratory_reuse,False,False,False,True,False,True,False,True
test,20260405,20260405_1_02,1,서울,11,True,,0.0,0.0826220280512715,0.08524255594668084,0.11194645493539646,chronological_oos_exploratory_reuse,False,False,False,False,False,False,False,True
test,20260405,20260405_1_03,1,서울,10,True,,0.0,0.1033520016763789,0.05996960569411794,0.09727747797803646,chronological_oos_exploratory_reuse,False,False,False,True,False,True,False,True
test,20260405,20260405_1_04,1,서울,11,True,,0.0,0.1276285679711666,0.11760901609420066,0.12754092158473085,chronological_oos_exploratory_reuse,False,False,False,False,False,False,True,False
test,20260405,20260405_1_05,1,서울,9,True,,0.0,0.1237605692950972,0.10739130621262459,0.122898658442914,chronological_oos_exploratory_reuse,False,False,False,False,False,False,False,False
test,20260405,20260405_1_06,1,서울,11,True,,0.0,0.0959864228146617,0.14580492768037917,0.13937554893133092,chronological_oos_exploratory_reuse,False,False,True,False,True,False,True,False
test,20260405,20260405_1_07,1,서울,10,True,,0.0,0.1351867059839791,0.09332282360396159,0.116103917977963,chronological_oos_exploratory_reuse,False,False,False,False,False,False,False,False
test,20260405,20260405_1_08,1,서울,11,True,,0.0,0.0938467529926111,0.06844849744482527,0.10253584751015406,chronological_oos_exploratory_reuse,False,False,False,False,False,True,False,True
test,20260405,20260405_1_09,1,서울,9,True,,0.0,0.1711532576548146,0.06299442089022529,0.09919993095967028,chronological_oos_exploratory_reuse,False,False,False,True,False,True,False,True
test,20260405,20260405_1_10,1,서울,11,True,,0.0,0.10627692074902989,0.09975051234504011,0.11927226149625893,chronological_oos_exploratory_reuse,False,False,False,False,False,False,False,False
test,20260405,20260405_3_01,3,부경,11,True,,0.0,0.107505135595035,0.15430441966483807,0.14271804198732974,chronological_oos_exploratory_reuse,False,False,True,False,True,False,True,False
test,20260405,20260405_3_02,3,부경,12,True,,1.0,0.1313058065195759,0.10298444671191159,0.12082463832980035,chronological_oos_exploratory_reuse,False,False,False,False,False,False,False,False
test,20260405,20260405_3_03,3,부경,9,True,,0.0,0.0981953028479685,0.08442364329435853,0.1115131513631612,chronological_oos_exploratory_reuse,False,False,False,False,False,False,False,True
test,20260405,20260405_3_04,3,부경,12,True,,0.0,0.1218541321211617,0.13468376351964623,0.13485701702404215,chronological_oos_exploratory_reuse,False,False,False,False,True,False,True,False
test,20260405,20260405_3_05,3,부경,12,True,,0.0,0.0912985532548888,0.15981085522425303,0.1448375079986439,chronological_oos_exploratory_reuse,False,False,True,False,True,False,True,False
test,20260405,20260405_3_06,3,부경,16,True,,0.0,0.07560979339317139,0.14860907644892357,0.14048828316371947,chronological_oos_exploratory_reuse,False,False,True,False,True,False,True,False
test,20260405,20260405_3_07,3,부경,11,True,,0.0,0.09028953125037281,0.09015443356313409,0.11449830393855133,chronological_oos_exploratory_reuse,False,False,False,False,False,False,False,False
test,20260410,20260410_3_01,3,부경,10,True,,0.0,0.0772435664659786,0.03349169107350019,0.07723918382958607,chronological_oos_exploratory_reuse,False,True,False,True,False,True,False,True
test,20260410,20260410_3_02,3,부경,12,True,,0.0,0.13605014812833022,0.06930417994132934,0.10304516677696979,chronological_oos_exploratory_reuse,False,False,False,False,False,True,False,True
test,20260410,20260410_3_03,3,부경,12,True,,0.0,0.0600716395205376,0.043720217281759344,0.08582218607865677,chronological_oos_exploratory_reuse,False,True,False,True,False,True,False,True
test,20260410,20260410_3_04,3,부경,12,True,,0.0,0.1011308123956462,0.14788966127840478,0.1402037700612036,chronological_oos_exploratory_reuse,False,False,True,False,True,False,True,False
test,20260410,20260410_3_05,3,부경,12,True,,0.0,0.0968038232643438,0.13639310530049498,0.13556308758669974,chronological_oos_exploratory_reuse,False,False,False,False,True,False,True,False
test,20260410,20260410_3_06,3,부경,11,True,,1.0,0.1378870207747567,0.09360403292850725,0.11624497142059785,chronological_oos_exploratory_reuse,False,False,False,False,False,False,False,False
test,20260410,20260410_3_07,3,부경,11,True,,0.0,0.0871384264442135,0.14739241920265772,0.14000673575590075,chronological_oos_exploratory_reuse,False,False,True,False,True,False,True,False
test,20260410,20260410_3_08,3,부경,11,True,,0.0,0.1216097847241895,0.12612991369005208,0.1312546608668437,chronological_oos_exploratory_reuse,False,False,False,False,True,False,True,False
test,20260411,20260411_1_01,1,서울,11,True,,0.0,0.0630612184897488,0.06798722630980693,0.10225977492891168,chronological_oos_exploratory_reuse,False,False,False,False,False,True,False,True
test,20260411,20260411_1_02,1,서울,11,True,,0.0,0.0375094958827771,0.03813097327120311,0.08130284240125228,chronological_oos_exploratory_reuse,False,True,False,True,False,True,False,True
test,20260411,20260411_1_03,1,서울,11,True,,0.0,0.045697300236423696,0.0605831040032195,0.09767186626109885,chronological_oos_exploratory_reuse,False,False,False,True,False,True,False,True
test,20260411,20260411_1_04,1,서울,11,True,,0.0,0.17346577596256887,0.1483182441172258,0.14037334446302477,chronological_oos_exploratory_reuse,False,False,True,False,True,False,True,False
test,20260411,20260411_1_05,1,서울,10,True,,0.0,0.17211262449146877,0.22772947669036822,0.16879420208667095,chronological_oos_exploratory_reuse,True,False,True,False,True,False,True,False
test,20260411,20260411_1_06,1,서울,10,True,,0.0,0.1529139685230284,0.21312273968661175,0.16391384014034474,chronological_oos_exploratory_reuse,True,False,True,False,True,False,True,False
test,20260411,20260411_1_07,1,서울,11,True,,0.0,0.068816626338135,0.05671098621320149,0.09514221186136006,chronological_oos_exploratory_reuse,False,False,False,True,False,True,False,True
test,20260411,20260411_1_08,1,서울,10,True,,0.0,0.16095072905475058,0.23593546313056057,0.17148725651342414,chronological_oos_exploratory_reuse,True,False,True,False,True,False,True,False
test,20260411,20260411_1_09,1,서울,11,True,,0.0,0.1017853718444774,0.13399711286900975,0.13457213817512953,chronological_oos_exploratory_reuse,False,False,False,False,True,False,True,False
test,20260411,20260411_1_10,1,서울,11,True,,0.0,0.0731973363660609,0.07971587910236504,0.1089754256891652,chronological_oos_exploratory_reuse,False,False,False,False,False,False,False,True
test,20260411,20260411_1_11,1,서울,10,True,,0.0,0.15927805617483728,0.16052228784126338,0.1451088645107768,chronological_oos_exploratory_reuse,False,False,True,False,True,False,True,False
test,20260412,20260412_1_01,1,서울,11,True,,0.0,0.0637884670421056,0.09280011821211541,0.11584111242944965,chronological_oos_exploratory_reuse,False,False,False,False,False,False,False,False
test,20260412,20260412_1_02,1,서울,11,True,,0.0,0.0558632693108863,0.09314028137985184,0.11601223117676601,chronological_oos_exploratory_reuse,False,False,False,False,False,False,False,False
test,20260412,20260412_1_03,1,서울,11,True,,0.0,0.092464430408433,0.07438232004843877,0.10599638439900179,chronological_oos_exploratory_reuse,False,False,False,False,False,True,False,True
test,20260412,20260412_1_04,1,서울,11,True,,0.0,0.0673346992543179,0.052053097036502086,0.09196145728224382,chronological_oos_exploratory_reuse,False,True,False,True,False,True,False,True
test,20260412,20260412_1_06,1,서울,11,True,,0.0,0.0861349295352459,0.12297539239727565,0.12989521165237672,chronological_oos_exploratory_reuse,False,False,False,False,False,False,True,False
test,20260412,20260412_1_07,1,서울,14,True,,0.0,0.085584806336373,0.0947113605601145,0.11679816534470062,chronological_oos_exploratory_reuse,False,False,False,False,False,False,False,False
test,20260412,20260412_1_08,1,서울,9,True,,0.0,0.1223983777596067,0.14257723307071044,0.13808194857896092,chronological_oos_exploratory_reuse,False,False,False,False,True,False,True,False
test,20260412,20260412_1_09,1,서울,11,True,,0.0,0.1398791256311276,0.05454004803601482,0.09367959595114171,chronological_oos_exploratory_reuse,False,True,False,True,False,True,False,True
test,20260412,20260412_1_10,1,서울,11,True,,0.0,0.17095130993914337,0.09847682300832644,0.11865342822057875,chronological_oos_exploratory_reuse,False,False,False,False,False,False,False,False
test,20260412,20260412_3_01,3,부경,12,True,,0.0,0.07487220852010519,0.032311830754261334,0.07615226089865046,chronological_oos_exploratory_reuse,False,True,False,True,False,True,False,True
test,20260412,20260412_3_02,3,부경,11,True,,0.0,0.1041776957409245,0.08268141004867015,0.11058344676356019,chronological_oos_exploratory_reuse,False,False,False,False,False,False,False,True
test,20260412,20260412_3_03,3,부경,10,True,,1.0,0.2490374884735654,0.12181305277393102,0.1293898249998478,chronological_oos_exploratory_reuse,False,False,False,False,False,False,True,False
test,20260412,20260412_3_04,3,부경,12,True,,0.0,0.17295002838605128,0.07554709586096622,0.10665701508126853,chronological_oos_exploratory_reuse,False,False,False,False,False,True,False,True
test,20260412,20260412_3_05,3,부경,12,True,,0.0,0.1125493195420245,0.06152757571166661,0.09827451255827903,chronological_oos_exploratory_reuse,False,False,False,True,False,True,False,True
test,20260412,20260412_3_06,3,부경,9,True,,0.0,0.0848242920644403,0.03701037265150115,0.08034979745243155,chronological_oos_exploratory_reuse,False,True,False,True,False,True,False,True
test,20260412,20260412_3_07,3,부경,12,True,,0.0,0.12387068210710211,0.07808615487203954,0.10807740823065846,chronological_oos_exploratory_reuse,False,False,False,False,False,False,False,True
test,20260417,20260417_3_01,3,부경,12,True,,0.0,0.0424389987328131,0.04464394781239846,0.08653520589666988,chronological_oos_exploratory_reuse,False,True,False,True,False,True,False,True
test,20260417,20260417_3_02,3,부경,12,True,,0.0,0.045829888143183395,0.12419961277120999,0.13042487475417325,chronological_oos_exploratory_reuse,False,False,False,False,False,False,True,False
test,20260417,20260417_3_03,3,부경,9,True,,0.0,0.12933940871339641,0.0941548940910594,0.11652061194471736,chronological_oos_exploratory_reuse,False,False,False,False,False,False,False,False
test,20260417,20260417_3_04,3,부경,11,True,,0.0,0.0932913430964938,0.11336102072835627,0.1256376162860068,chronological_oos_exploratory_reuse,False,False,False,False,False,False,True,False
test,20260417,20260417_3_05,3,부경,12,True,,0.0,0.1546165897085254,0.12105701283867544,0.1290597722123432,chronological_oos_exploratory_reuse,False,False,False,False,False,False,True,False
test,20260417,20260417_3_06,3,부경,12,True,,0.0,0.0823271647090429,0.19457709837535503,0.15753096309347603,chronological_oos_exploratory_reuse,True,False,True,False,True,False,True,False
test,20260417,20260417_3_07,3,부경,12,True,,0.0,0.1350603327982412,0.19982709052754424,0.15936127388026933,chronological_oos_exploratory_reuse,True,False,True,False,True,False,True,False
test,20260417,20260417_3_08,3,부경,12,True,,0.0,0.1294978125969918,0.04250639856690338,0.08487146585503379,chronological_oos_exploratory_reuse,False,True,False,True,False,True,False,True
test,20260418,20260418_1_01,1,서울,10,True,,0.0,0.0628071527375158,0.05701983694911863,0.09534761357234314,chronological_oos_exploratory_reuse,False,False,False,True,False,True,False,True
test,20260418,20260418_1_02,1,서울,11,True,,0.0,0.0473430369137615,0.08267765364858612,0.11058143049577542,chronological_oos_exploratory_reuse,False,False,False,False,False,False,False,True
test,20260418,20260418_1_03,1,서울,8,True,,1.0,0.20977983370520592,0.05544056873377462,0.09429036429514369,chronological_oos_exploratory_reuse,False,False,False,True,False,True,False,True
test,20260418,20260418_1_04,1,서울,11,True,,0.0,0.11770210085913,0.14184966259653445,0.1377884037737486,chronological_oos_exploratory_reuse,False,False,False,False,True,False,True,False
test,20260418,20260418_1_05,1,서울,11,True,,1.0,0.1522593409322568,0.21283451761508915,0.16381632521191758,chronological_oos_exploratory_reuse,True,False,True,False,True,False,True,False
test,20260418,20260418_1_06,1,서울,10,True,,0.0,0.11767357820637112,0.10438559038757848,0.12148910621090174,chronological_oos_exploratory_reuse,False,False,False,False,False,False,False,False
test,20260418,20260418_1_07,1,서울,11,True,,0.0,0.112975392229823,0.1512641187258263,0.14153267461920319,chronological_oos_exploratory_reuse,False,False,True,False,True,False,True,False
test,20260418,20260418_1_08,1,서울,10,True,,0.0,0.2453217671336479,0.21458447958236018,0.16440763530487046,chronological_oos_exploratory_reuse,True,False,True,False,True,False,True,False
test,20260418,20260418_1_09,1,서울,11,True,,0.0,0.11263568449909271,0.10493312181724634,0.12174746855015517,chronological_oos_exploratory_reuse,False,False,False,False,False,False,False,False
test,20260418,20260418_1_10,1,서울,10,True,,0.0,0.14966721881668152,0.18479447287390435,0.15406564154846536,chronological_oos_exploratory_reuse,True,False,True,False,True,False,True,False
test,20260418,20260418_1_11,1,서울,11,True,,0.0,0.1231276330466963,0.09861604274935029,0.1187212789707545,chronological_oos_exploratory_reuse,False,False,False,False,False,False,False,False
test,20260419,20260419_1_01,1,서울,11,True,,0.0,0.0551611225844422,0.05219079813609578,0.09205783634666431,chronological_oos_exploratory_reuse,False,True,False,True,False,True,False,True
test,20260419,20260419_1_02,1,서울,9,True,,0.0,0.09726611656128181,0.08633309484504369,0.11251990656517434,chronological_oos_exploratory_reuse,False,False,False,False,False,False,False,True
test,20260419,20260419_1_03,1,서울,9,True,,0.0,0.0941057420077672,0.10726683820536498,0.12284070737205453,chronological_oos_exploratory_reuse,False,False,False,False,False,False,False,False
test,20260419,20260419_1_04,1,서울,10,True,,0.0,0.15647224833037626,0.10872250567987067,0.1235162409507404,chronological_oos_exploratory_reuse,False,False,False,False,False,False,False,False
test,20260419,20260419_1_05,1,서울,11,True,,0.0,0.1430066253964875,0.12146388300576433,0.1292375241312984,chronological_oos_exploratory_reuse,False,False,False,False,False,False,True,False
test,20260419,20260419_1_06,1,서울,11,True,,0.0,0.0981605675883071,0.07078967487900954,0.10392088645147557,chronological_oos_exploratory_reuse,False,False,False,False,False,True,False,True
test,20260419,20260419_1_07,1,서울,10,True,,0.0,0.12031649550246432,0.07584743880851635,0.10682642478821343,chronological_oos_exploratory_reuse,False,False,False,False,False,True,False,True
test,20260419,20260419_1_08,1,서울,11,True,,0.0,0.11760681122864919,0.1470647367673853,0.1398767166312455,chronological_oos_exploratory_reuse,False,False,True,False,True,False,True,False
test,20260419,20260419_1_09,1,서울,10,True,,0.0,0.2677649768076858,0.22206512996852096,0.16691550247784226,chronological_oos_exploratory_reuse,True,False,True,False,True,False,True,False
test,20260419,20260419_1_10,1,서울,11,True,,0.0,0.16893309722152888,0.08724182967519604,0.11299469713406758,chronological_oos_exploratory_reuse,False,False,False,False,False,False,False,True
test,20260419,20260419_3_01,3,부경,12,True,,0.0,0.08259314630344369,0.04877697423318013,0.08962259760570174,chronological_oos_exploratory_reuse,False,True,False,True,False,True,False,True
test,20260419,20260419_3_02,3,부경,10,True,,0.0,0.12344429647908,0.14289483209527643,0.13820985915591238,chronological_oos_exploratory_reuse,False,False,False,False,True,False,True,False
test,20260419,20260419_3_03,3,부경,11,True,,0.0,0.1653340551384624,0.09638299639590711,0.11762664092435202,chronological_oos_exploratory_reuse,False,False,False,False,False,False,False,False
test,20260419,20260419_3_04,3,부경,11,True,,0.0,0.0871696150996993,0.0664769531928912,0.10134826929210906,chronological_oos_exploratory_reuse,False,False,False,True,False,True,False,True
test,20260419,20260419_3_05,3,부경,12,True,,0.0,0.1429462847744353,0.1439658141197087,0.13864017884039218,chronological_oos_exploratory_reuse,False,False,False,False,True,False,True,False
test,20260419,20260419_3_06,3,부경,12,True,,0.0,0.17165225874795143,0.10096012240064617,0.1198560294378993,chronological_oos_exploratory_reuse,False,False,False,False,False,False,False,False
test,20260419,20260419_3_07,3,부경,12,True,,0.0,0.1014669516090131,0.08646342326634956,0.11258816933169169,chronological_oos_exploratory_reuse,False,False,False,False,False,False,False,True
test,20260424,20260424_3_01,3,부경,12,True,,0.0,0.0862235437307999,0.05452141980367315,0.09366689936783214,chronological_oos_exploratory_reuse,False,True,False,True,False,True,False,True
test,20260424,20260424_3_02,3,부경,12,True,,0.0,0.1191089792404557,0.06243970319866175,0.0988514478512696,chronological_oos_exploratory_reuse,False,False,False,True,False,True,False,True
test,20260424,20260424_3_03,3,부경,12,True,,0.0,0.1061071414727467,0.13898977464014337,0.13662739882115865,chronological_oos_exploratory_reuse,False,False,False,False,True,False,True,False
test,20260424,20260424_3_04,3,부경,12,True,,0.0,0.07052938578921071,0.07641184786761239,0.10714375854529425,chronological_oos_exploratory_reuse,False,False,False,False,False,True,False,True
test,20260424,20260424_3_05,3,부경,12,True,,0.0,0.12948909721716523,0.14498369291790553,0.1390477326739058,chronological_oos_exploratory_reuse,False,False,True,False,True,False,True,False
test,20260424,20260424_3_06,3,부경,12,True,,0.0,0.09780880305564689,0.0984427695170062,0.118636823868714,chronological_oos_exploratory_reuse,False,False,False,False,False,False,False,False
test,20260424,20260424_3_07,3,부경,12,True,,0.0,0.1322631191690254,0.10618575538963981,0.12233585808467509,chronological_oos_exploratory_reuse,False,False,False,False,False,False,False,False
test,20260424,20260424_3_08,3,부경,12,True,,0.0,0.11341376121885641,0.07499226547454071,0.10634305495517483,chronological_oos_exploratory_reuse,False,False,False,False,False,True,False,True
test,20260425,20260425_1_01,1,서울,11,True,,0.0,0.0573774713812937,0.0685178958624404,0.10257729030584929,chronological_oos_exploratory_reuse,False,False,False,False,False,True,False,True
test,20260425,20260425_1_02,1,서울,8,True,,0.0,0.1174544151852713,0.07044100137669689,0.1037162892246639,chronological_oos_exploratory_reuse,False,False,False,False,False,True,False,True
test,20260425,20260425_1_03,1,서울,9,True,,0.0,0.06264361331728589,0.08458195194952285,0.11159709741199166,chronological_oos_exploratory_reuse,False,False,False,False,False,False,False,True
test,20260425,20260425_1_04,1,서울,11,True,,0.0,0.0848742788166887,0.15363304741920378,0.1424572344553165,chronological_oos_exploratory_reuse,False,False,True,False,True,False,True,False
test,20260425,20260425_1_05,1,서울,11,True,,0.0,0.0825253033333325,0.13452831065190585,0.13479258558625778,chronological_oos_exploratory_reuse,False,False,False,False,True,False,True,False
test,20260425,20260425_1_06,1,서울,11,True,,0.0,0.1121758932658333,0.16328457577318567,0.1461572817497584,chronological_oos_exploratory_reuse,False,False,True,False,True,False,True,False
test,20260425,20260425_1_07,1,서울,11,True,,0.0,0.0959328574197779,0.05202608441131252,0.09194253313610398,chronological_oos_exploratory_reuse,False,True,False,True,False,True,False,True
test,20260425,20260425_1_08,1,서울,11,True,,0.0,0.16311133063610278,0.07892296616617098,0.10853981461132754,chronological_oos_exploratory_reuse,False,False,False,False,False,False,False,True
test,20260425,20260425_1_09,1,서울,11,True,,0.0,0.1253816414670626,0.1438095428972221,0.1385774857606125,chronological_oos_exploratory_reuse,False,False,False,False,True,False,True,False
test,20260425,20260425_1_10,1,서울,10,True,,0.0,0.09794977569035049,0.09962915479505886,0.1192134833330881,chronological_oos_exploratory_reuse,False,False,False,False,False,False,False,False
test,20260425,20260425_1_11,1,서울,11,True,,0.0,0.1315867405342939,0.12264202208754964,0.12975051246591746,chronological_oos_exploratory_reuse,False,False,False,False,False,False,True,False
test,20260426,20260426_1_01,1,서울,8,True,,0.0,0.1140135606526498,0.06009762010209479,0.0973599651869508,chronological_oos_exploratory_reuse,False,False,False,True,False,True,False,True
test,20260426,20260426_1_02,1,서울,11,True,,0.0,0.046457192563119504,0.07902941020923723,0.10859843544562717,chronological_oos_exploratory_reuse,False,False,False,False,False,False,False,True
test,20260426,20260426_1_03,1,서울,11,True,,0.0,0.0904680127746572,0.0863883130638026,0.11254883545644637,chronological_oos_exploratory_reuse,False,False,False,False,False,False,False,True
test,20260426,20260426_1_04,1,서울,11,True,,0.0,0.0708548460984038,0.11007847012724434,0.1241412190056008,chronological_oos_exploratory_reuse,False,False,False,False,False,False,False,False
test,20260426,20260426_1_05,1,서울,10,True,,0.0,0.1208677907233818,0.109342625163876,0.12380256766518334,chronological_oos_exploratory_reuse,False,False,False,False,False,False,False,False
test,20260426,20260426_1_06,1,서울,11,True,,1.0,0.1196256261175305,0.13279473153073368,0.1340715417337134,chronological_oos_exploratory_reuse,False,False,False,False,True,False,True,False
test,20260426,20260426_1_07,1,서울,16,True,,1.0,0.1100274789170797,0.15248582247460232,0.1420103324896728,chronological_oos_exploratory_reuse,False,False,True,False,True,False,True,False
test,20260426,20260426_1_08,1,서울,10,True,,0.0,0.15382164265687148,0.1238424200268489,0.1302706100337167,chronological_oos_exploratory_reuse,False,False,False,False,False,False,True,False
test,20260426,20260426_1_09,1,서울,11,True,,0.0,0.11414530529381439,0.07554178000693107,0.10665401322159021,chronological_oos_exploratory_reuse,False,False,False,False,False,True,False,True
test,20260426,20260426_1_10,1,서울,11,True,,0.0,0.0941919249463727,0.08982666610988126,0.11433044744774665,chronological_oos_exploratory_reuse,False,False,False,False,False,False,False,False
test,20260426,20260426_3_01,3,부경,12,True,,0.0,0.0418113799654355,0.022055744638430498,0.06548349198849565,chronological_oos_exploratory_reuse,False,True,False,True,False,True,False,True
test,20260426,20260426_3_02,3,부경,11,True,,0.0,0.12032941060998038,0.0601857100440394,0.09741666739201209,chronological_oos_exploratory_reuse,False,False,False,True,False,True,False,True
test,20260426,20260426_3_03,3,부경,11,True,,0.0,0.052518479333605206,0.10171418550132931,0.12021804477688039,chronological_oos_exploratory_reuse,False,False,False,False,False,False,False,False
test,20260426,20260426_3_04,3,부경,12,True,,0.0,0.1453050273222262,0.13713837228331224,0.1358695651398486,chronological_oos_exploratory_reuse,False,False,False,False,True,False,True,False
test,20260426,20260426_3_05,3,부경,10,True,,1.0,0.1301116960181792,0.08184161480715572,0.1101314020330808,chronological_oos_exploratory_reuse,False,False,False,False,False,False,False,True
test,20260426,20260426_3_06,3,부경,11,True,,0.0,0.1021687070804249,0.09142673052196475,0.11514671468230844,chronological_oos_exploratory_reuse,False,False,False,False,False,False,False,False
test,20260426,20260426_3_07,3,부경,12,True,,0.0,0.1657623729428052,0.08027319599449155,0.10928015006597745,chronological_oos_exploratory_reuse,False,False,False,False,False,False,False,True
test,20260501,20260501_3_01,3,부경,10,True,,0.0,0.083774125311748,0.05747734830459369,0.09565069115691507,chronological_oos_exploratory_reuse,False,False,False,True,False,True,False,True
test,20260501,20260501_3_02,3,부경,9,True,,0.0,0.0726287689022647,0.07885933790914225,0.10850475203637738,chronological_oos_exploratory_reuse,False,False,False,False,False,False,False,True
test,20260501,20260501_3_03,3,부경,9,True,,1.0,0.0973520567138826,0.11559224654813588,0.1266418489450207,chronological_oos_exploratory_reuse,False,False,False,False,False,False,True,False
test,20260501,20260501_3_04,3,부경,11,True,,0.0,0.15486612252273652,0.07502218541567501,0.1063600191550505,chronological_oos_exploratory_reuse,False,False,False,False,False,True,False,True
test,20260501,20260501_3_05,3,부경,11,True,,0.0,0.1200328446534934,0.0754692651851744,0.10661305219670845,chronological_oos_exploratory_reuse,False,False,False,False,False,True,False,True
test,20260501,20260501_3_06,3,부경,11,True,,0.0,0.1224471599857293,0.14491846342383394,0.13902165648979145,chronological_oos_exploratory_reuse,False,False,True,False,True,False,True,False
test,20260501,20260501_3_07,3,부경,11,True,,0.0,0.0746148546513777,0.12624590772267216,0.13130431786064606,chronological_oos_exploratory_reuse,False,False,False,False,True,False,True,False
test,20260501,20260501_3_08,3,부경,11,True,,1.0,0.101794201267826,0.13574051123847114,0.13529404184896196,chronological_oos_exploratory_reuse,False,False,False,False,True,False,True,False
test,20260502,20260502_1_01,1,서울,10,True,,0.0,0.061481657422321506,0.06232771451007492,0.09878087740008593,chronological_oos_exploratory_reuse,False,False,False,True,False,True,False,True
test,20260502,20260502_1_02,1,서울,11,True,,0.0,0.07650740446672401,0.07935174036837375,0.10877567873330458,chronological_oos_exploratory_reuse,False,False,False,False,False,False,False,True
test,20260502,20260502_1_03,1,서울,10,True,,0.0,0.147619763546916,0.08736071092499058,0.11305660660380368,chronological_oos_exploratory_reuse,False,False,False,False,False,False,False,True
test,20260502,20260502_1_04,1,서울,11,True,,0.0,0.10243537384774401,0.08956357423431588,0.11419546855589054,chronological_oos_exploratory_reuse,False,False,False,False,False,False,False,False
test,20260502,20260502_1_05,1,서울,10,True,,0.0,0.0998709003937086,0.1555709272503521,0.14320860110377004,chronological_oos_exploratory_reuse,False,False,True,False,True,False,True,False
test,20260502,20260502_1_06,1,서울,11,True,,0.0,0.08325869262156621,0.07328347452807707,0.10536774659628828,chronological_oos_exploratory_reuse,False,False,False,False,False,True,False,True
test,20260502,20260502_1_07,1,서울,10,True,,0.0,0.17461354313732352,0.14031063123341633,0.13716504855415046,chronological_oos_exploratory_reuse,False,False,False,False,True,False,True,False
test,20260502,20260502_1_08,1,서울,10,True,,0.0,0.09252533054908899,0.08528926873242262,0.11197110172425928,chronological_oos_exploratory_reuse,False,False,False,False,False,False,False,True
test,20260502,20260502_1_09,1,서울,11,True,,0.0,0.09692764345730541,0.09837985360308044,0.11860613813941932,chronological_oos_exploratory_reuse,False,False,False,False,False,False,False,False
test,20260502,20260502_1_10,1,서울,11,True,,0.0,0.1484343424817213,0.11757234447585481,0.12752464506144678,chronological_oos_exploratory_reuse,False,False,False,False,False,False,True,False
test,20260503,20260503_1_01,1,서울,11,True,,0.0,0.1062170139815896,0.05474300703779009,0.09381776373078775,chronological_oos_exploratory_reuse,False,False,False,True,False,True,False,True
test,20260503,20260503_1_02,1,서울,11,True,,0.0,0.0878630154344344,0.05137387304409594,0.0914838473460979,chronological_oos_exploratory_reuse,False,True,False,True,False,True,False,True
test,20260503,20260503_1_03,1,서울,11,True,,0.0,0.0799545104268774,0.0669604617202672,0.10164136773594196,chronological_oos_exploratory_reuse,False,False,False,False,False,True,False,True
test,20260503,20260503_1_04,1,서울,11,True,,0.0,0.11450927275301251,0.12774731547245655,0.13194499999415354,chronological_oos_exploratory_reuse,False,False,False,False,True,False,True,False
test,20260503,20260503_1_05,1,서울,10,True,,0.0,0.1452463741528298,0.1893373571470011,0.1556840996170193,chronological_oos_exploratory_reuse,True,False,True,False,True,False,True,False
test,20260503,20260503_1_06,1,서울,10,True,,0.0,0.1915850039005173,0.19296112240706667,0.15696357599365635,chronological_oos_exploratory_reuse,True,False,True,False,True,False,True,False
test,20260503,20260503_1_07,1,서울,10,True,,0.0,0.12365452800422319,0.0928519740561717,0.11586722060067672,chronological_oos_exploratory_reuse,False,False,False,False,False,False,False,False
test,20260503,20260503_1_08,1,서울,15,True,,0.0,0.1435370420801575,0.19010796567440522,0.15595702532230124,chronological_oos_exploratory_reuse,True,False,True,False,True,False,True,False
test,20260503,20260503_1_09,1,서울,11,True,,0.0,0.1049069350106368,0.13808334549388,0.13625699331542415,chronological_oos_exploratory_reuse,False,False,False,False,True,False,True,False
test,20260503,20260503_1_10,1,서울,9,True,,0.0,0.1219351490893941,0.10130252164201108,0.12002059001995996,chronological_oos_exploratory_reuse,False,False,False,False,False,False,False,False
test,20260503,20260503_3_01,3,부경,11,True,,0.0,0.0437155598839526,0.08314003560786311,0.11082923329627302,chronological_oos_exploratory_reuse,False,False,False,False,False,False,False,True
test,20260503,20260503_3_02,3,부경,9,True,,0.0,0.06483201125275251,0.08575445881160337,0.11221613917118362,chronological_oos_exploratory_reuse,False,False,False,False,False,False,False,True
test,20260503,20260503_3_03,3,부경,9,True,,0.0,0.1689666696924837,0.1114807554960009,0.12478329674902908,chronological_oos_exploratory_reuse,False,False,False,False,False,False,True,False
test,20260503,20260503_3_04,3,부경,10,True,,0.0,0.08988284506677169,0.12914665228184968,0.13253871619100852,chronological_oos_exploratory_reuse,False,False,False,False,True,False,True,False
test,20260503,20260503_3_05,3,부경,9,True,,0.0,0.10206643731700998,0.1280389213903077,0.13206899276149212,chronological_oos_exploratory_reuse,False,False,False,False,True,False,True,False
test,20260503,20260503_3_06,3,부경,10,True,,0.0,0.1317215303247347,0.19623271819282326,0.15811028697972226,chronological_oos_exploratory_reuse,True,False,True,False,True,False,True,False
test,20260503,20260503_3_07,3,부경,11,True,,0.0,0.2253832824195253,0.05127406076228146,0.09141334945837719,chronological_oos_exploratory_reuse,False,True,False,True,False,True,False,True
test,20260508,20260508_3_01,3,부경,9,True,,0.0,0.0517942304208322,0.04352465745835154,0.08567008724401377,chronological_oos_exploratory_reuse,False,True,False,True,False,True,False,True
test,20260508,20260508_3_02,3,부경,11,True,,0.0,0.0689086046914805,0.031033386514780926,0.07494710246222894,chronological_oos_exploratory_reuse,False,True,False,True,False,True,False,True
test,20260508,20260508_3_03,3,부경,9,True,,0.0,0.0801466161766072,0.12782508049218289,0.1319780801338582,chronological_oos_exploratory_reuse,False,False,False,False,True,False,True,False
test,20260508,20260508_3_04,3,부경,9,True,,0.0,0.06590898766086059,0.09392212863377429,0.11640424820079798,chronological_oos_exploratory_reuse,False,False,False,False,False,False,False,False
test,20260508,20260508_3_05,3,부경,9,True,,0.0,0.14059047271683622,0.13942642256824533,0.1368054097636843,chronological_oos_exploratory_reuse,False,False,False,False,True,False,True,False
test,20260508,20260508_3_06,3,부경,8,True,,0.0,0.1497882939918776,0.07426335713098703,0.10592858258504731,chronological_oos_exploratory_reuse,False,False,False,False,False,True,False,True
test,20260508,20260508_3_07,3,부경,10,True,,0.0,0.11995286029537021,0.07806382273706323,0.1080650297727025,chronological_oos_exploratory_reuse,False,False,False,False,False,False,False,True
test,20260508,20260508_3_08,3,부경,10,True,,0.0,0.2770373401818133,0.11962719995351208,0.12843267579216555,chronological_oos_exploratory_reuse,False,False,False,False,False,False,True,False
test,20260509,20260509_1_01,1,서울,9,True,,0.0,0.055111475976802604,0.07009823931785729,0.10351459603082157,chronological_oos_exploratory_reuse,False,False,False,False,False,True,False,True
test,20260509,20260509_1_02,1,서울,10,True,,0.0,0.055332343184169505,0.0528928023076085,0.0925468685550084,chronological_oos_exploratory_reuse,False,True,False,True,False,True,False,True
test,20260509,20260509_1_03,1,서울,7,True,,1.0,0.0841826980550627,0.06778141828623743,0.10213625134628689,chronological_oos_exploratory_reuse,False,False,False,False,False,True,False,True
test,20260509,20260509_1_04,1,서울,11,True,,0.0,0.0650509678108293,0.072746371674861,0.10505852644595634,chronological_oos_exploratory_reuse,False,False,False,False,False,True,False,True
test,20260509,20260509_1_05,1,서울,11,True,,0.0,0.0864224620138202,0.11922305924281114,0.12825472729300208,chronological_oos_exploratory_reuse,False,False,False,False,False,False,True,False
test,20260509,20260509_1_06,1,서울,11,True,,0.0,0.17953433448530898,0.0687155440668598,0.10269518861486408,chronological_oos_exploratory_reuse,False,False,False,False,False,True,False,True
test,20260509,20260509_1_07,1,서울,10,True,,0.0,0.11918005397599361,0.06867363647526743,0.10267020674386747,chronological_oos_exploratory_reuse,False,False,False,False,False,True,False,True
test,20260509,20260509_1_08,1,서울,10,True,,0.0,0.12398895671111351,0.08182878436157433,0.11012447560010219,chronological_oos_exploratory_reuse,False,False,False,False,False,False,False,True
test,20260509,20260509_1_09,1,서울,9,True,,0.0,0.10161177552679779,0.08056329351158453,0.10943829709357117,chronological_oos_exploratory_reuse,False,False,False,False,False,False,False,True
test,20260509,20260509_1_10,1,서울,11,True,,0.0,0.11731756835439638,0.1354063364457045,0.1351560240886834,chronological_oos_exploratory_reuse,False,False,False,False,True,False,True,False
test,20260510,20260510_1_01,1,서울,10,True,,0.0,0.0876295208954502,0.08301458657526375,0.11076207802056648,chronological_oos_exploratory_reuse,False,False,False,False,False,False,False,True
test,20260510,20260510_1_02,1,서울,10,True,,0.0,0.12729074199102852,0.032286852860689504,0.07612899354246963,chronological_oos_exploratory_reuse,False,True,False,True,False,True,False,True
test,20260510,20260510_1_03,1,서울,11,True,,0.0,0.1028820784743272,0.11349024094247381,0.12569605563208117,chronological_oos_exploratory_reuse,False,False,False,False,False,False,True,False
test,20260510,20260510_1_04,1,서울,11,True,,0.0,0.1206322401759186,0.10081721646243628,0.11978725864629312,chronological_oos_exploratory_reuse,False,False,False,False,False,False,False,False
test,20260510,20260510_1_05,1,서울,10,True,,0.0,0.3220162120119765,0.09950339810606149,0.11915253374886219,chronological_oos_exploratory_reuse,False,False,False,False,False,False,False,False
test,20260510,20260510_1_06,1,서울,10,True,,0.0,0.1550198019604937,0.12866854941465675,0.13233623055036986,chronological_oos_exploratory_reuse,False,False,False,False,True,False,True,False
test,20260510,20260510_1_07,1,서울,11,True,,0.0,0.0869207582762776,0.0952896221622546,0.11708564970892388,chronological_oos_exploratory_reuse,False,False,False,False,False,False,False,False
test,20260510,20260510_1_08,1,서울,11,True,,1.0,0.1015226782703331,0.13186637581409213,0.13368348803878968,chronological_oos_exploratory_reuse,False,False,False,False,True,False,True,False
test,20260510,20260510_1_10,1,서울,10,True,,0.0,0.13865636163350642,0.09475473208335497,0.11681976072873304,chronological_oos_exploratory_reuse,False,False,False,False,False,False,False,False
test,20260510,20260510_3_01,3,부경,8,True,,0.0,0.1687558729481588,0.07996502853030069,0.10911180054775232,chronological_oos_exploratory_reuse,False,False,False,False,False,False,False,True
test,20260510,20260510_3_02,3,부경,10,True,,0.0,0.05656119469753891,0.03548218066618371,0.07902172529161657,chronological_oos_exploratory_reuse,False,True,False,True,False,True,False,True
test,20260510,20260510_3_03,3,부경,9,True,,0.0,0.1810909051012838,0.19750191532676506,0.15855306039044118,chronological_oos_exploratory_reuse,True,False,True,False,True,False,True,False
test,20260510,20260510_3_04,3,부경,11,True,,1.0,0.1454080588998456,0.14686942034277542,0.13979915233750814,chronological_oos_exploratory_reuse,False,False,True,False,True,False,True,False
test,20260510,20260510_3_05,3,부경,11,True,,0.0,0.152319827580646,0.13691849079385993,0.13577922828877717,chronological_oos_exploratory_reuse,False,False,False,False,True,False,True,False
test,20260510,20260510_3_06,3,부경,12,True,,0.0,0.0763730043345726,0.1390962835332489,0.1366708451413986,chronological_oos_exploratory_reuse,False,False,False,False,True,False,True,False
test,20260510,20260510_3_07,3,부경,10,True,,0.0,0.1392367267797172,0.0682625431666258,0.10242468190869075,chronological_oos_exploratory_reuse,False,False,False,False,False,True,False,True
test,20260515,20260515_3_01,3,부경,11,True,,0.0,0.0761700768807516,0.042445569378141285,0.0848233979975041,chronological_oos_exploratory_reuse,False,True,False,True,False,True,False,True
test,20260515,20260515_3_02,3,부경,8,True,,0.0,0.11542745312268399,0.06126993623321353,0.09811065430931738,chronological_oos_exploratory_reuse,False,False,False,True,False,True,False,True
test,20260515,20260515_3_03,3,부경,9,True,,0.0,0.057560574808136006,0.08700293808068701,0.11287014885783268,chronological_oos_exploratory_reuse,False,False,False,False,False,False,False,True
test,20260515,20260515_3_05,3,부경,9,True,,0.0,0.1510312971507941,0.23647927934320445,0.17166459215015917,chronological_oos_exploratory_reuse,True,False,True,False,True,False,True,False
test,20260515,20260515_3_06,3,부경,9,True,,0.0,0.1664987861965104,0.09691896855227743,0.11789061725299813,chronological_oos_exploratory_reuse,False,False,False,False,False,False,False,False
test,20260515,20260515_3_07,3,부경,11,True,,0.0,0.1665757964772253,0.15780697170069577,0.1440701764013353,chronological_oos_exploratory_reuse,False,False,True,False,True,False,True,False
test,20260515,20260515_3_08,3,부경,10,True,,1.0,0.1378603674060297,0.14946776204713175,0.14082701811503007,chronological_oos_exploratory_reuse,False,False,True,False,True,False,True,False
test,20260516,20260516_1_01,1,서울,9,True,,0.0,0.086383724568747,0.12417715624570241,0.13041518286801254,chronological_oos_exploratory_reuse,False,False,False,False,False,False,True,False
test,20260516,20260516_1_02,1,서울,10,True,,0.0,0.0657236440068904,0.07943195430958408,0.1088197239526328,chronological_oos_exploratory_reuse,False,False,False,False,False,False,False,True
test,20260516,20260516_1_04,1,서울,11,True,,0.0,0.0538592353200269,0.05305525739042188,0.09265949371851238,chronological_oos_exploratory_reuse,False,True,False,True,False,True,False,True
test,20260516,20260516_1_05,1,서울,11,True,,0.0,0.1295059568272648,0.09032330648383088,0.11458465619626733,chronological_oos_exploratory_reuse,False,False,False,False,False,False,False,False
test,20260516,20260516_1_06,1,서울,10,True,,0.0,0.137513010220254,0.07713501097499086,0.1075484205906501,chronological_oos_exploratory_reuse,False,False,False,False,False,True,False,True
test,20260516,20260516_1_07,1,서울,9,True,,1.0,0.2069706260360527,0.07604829555028747,0.106939507189958,chronological_oos_exploratory_reuse,False,False,False,False,False,True,False,True
test,20260516,20260516_1_08,1,서울,10,True,,0.0,0.1865875502808892,0.05827667473172337,0.0961768421492419,chronological_oos_exploratory_reuse,False,False,False,True,False,True,False,True
test,20260516,20260516_1_09,1,서울,10,True,,0.0,0.23842049845874722,0.07046427271441447,0.10372996254416032,chronological_oos_exploratory_reuse,False,False,False,False,False,True,False,True
test,20260516,20260516_1_10,1,서울,11,True,,0.0,0.0736352965426781,0.09322635946987025,0.11605547846850332,chronological_oos_exploratory_reuse,False,False,False,False,False,False,False,False
test,20260517,20260517_1_01,1,서울,9,True,,0.0,0.0697955235646366,0.05492804496193516,0.09394346991088091,chronological_oos_exploratory_reuse,False,False,False,True,False,True,False,True
test,20260517,20260517_1_02,1,서울,8,True,,0.0,0.1200162015244401,0.08522670393822294,0.11193808932921795,chronological_oos_exploratory_reuse,False,False,False,False,False,False,False,True
test,20260517,20260517_1_03,1,서울,11,True,,0.0,0.15407773392264262,0.11913564852441445,0.12821619834666306,chronological_oos_exploratory_reuse,False,False,False,False,False,False,True,False
test,20260517,20260517_1_04,1,서울,11,True,,1.0,0.10090328277025878,0.15482739786672997,0.14292083530666846,chronological_oos_exploratory_reuse,False,False,True,False,True,False,True,False
test,20260517,20260517_1_05,1,서울,11,True,,0.0,0.16027377914803853,0.06262952179855681,0.09897089612506446,chronological_oos_exploratory_reuse,False,False,False,True,False,True,False,True
test,20260517,20260517_1_06,1,서울,10,True,,0.0,0.1539977806538842,0.0682465812150882,0.1024151315822486,chronological_oos_exploratory_reuse,False,False,False,False,False,True,False,True
test,20260517,20260517_1_07,1,서울,13,True,,0.0,0.1417254255634925,0.07546765629627786,0.10661214314041091,chronological_oos_exploratory_reuse,False,False,False,False,False,True,False,True
test,20260517,20260517_1_08,1,서울,15,True,,1.0,0.0690243138981611,0.061596486696461714,0.09831827232180704,chronological_oos_exploratory_reuse,False,False,False,True,False,True,False,True
test,20260517,20260517_1_09,1,서울,10,True,,0.0,0.17388816606779,0.07981262804160826,0.1090284107402748,chronological_oos_exploratory_reuse,False,False,False,False,False,False,False,True
test,20260517,20260517_1_10,1,서울,11,True,,0.0,0.18152454109817778,0.13743028513253167,0.13598938563451923,chronological_oos_exploratory_reuse,False,False,False,False,True,False,True,False
test,20260517,20260517_3_01,3,부경,10,True,,0.0,0.0730737787835254,0.03910835332678134,0.08212045081101572,chronological_oos_exploratory_reuse,False,True,False,True,False,True,False,True
test,20260517,20260517_3_02,3,부경,10,True,,0.0,0.0809631165067706,0.10898511625385443,0.12363760066579206,chronological_oos_exploratory_reuse,False,False,False,False,False,False,False,False
test,20260517,20260517_3_03,3,부경,8,True,,0.0,0.1506882623122623,0.08467348879190345,0.11164559660736374,chronological_oos_exploratory_reuse,False,False,False,False,False,False,False,True
test,20260517,20260517_3_04,3,부경,11,True,,0.0,0.10855629912862691,0.07466035871486489,0.10615461047129969,chronological_oos_exploratory_reuse,False,False,False,False,False,True,False,True
test,20260517,20260517_3_05,3,부경,10,True,,0.0,0.21223082377768748,0.1594052131755981,0.1446825383226018,chronological_oos_exploratory_reuse,False,False,True,False,True,False,True,False
test,20260517,20260517_3_06,3,부경,11,True,,0.0,0.098263916323483,0.09025610396501223,0.11455030319786091,chronological_oos_exploratory_reuse,False,False,False,False,False,False,False,False
test,20260517,20260517_3_07,3,부경,11,True,,0.0,0.11279424093450939,0.09884562503883006,0.1188330562456278,chronological_oos_exploratory_reuse,False,False,False,False,False,False,False,False
test,20260522,20260522_3_01,3,부경,11,True,,0.0,0.049443081287681205,0.073811921106773,0.10567072847579492,chronological_oos_exploratory_reuse,False,False,False,False,False,True,False,True
test,20260522,20260522_3_02,3,부경,11,True,,0.0,0.0911037761812179,0.10560650635607444,0.1220642338062721,chronological_oos_exploratory_reuse,False,False,False,False,False,False,False,False
test,20260522,20260522_3_03,3,부경,11,True,,0.0,0.07826555881636739,0.10440091117407697,0.12149634540996147,chronological_oos_exploratory_reuse,False,False,False,False,False,False,False,False
test,20260522,20260522_3_04,3,부경,10,True,,0.0,0.0780363264607473,0.10800610681369317,0.12318438293995737,chronological_oos_exploratory_reuse,False,False,False,False,False,False,False,False
test,20260522,20260522_3_05,3,부경,10,True,,0.0,0.12125455820225851,0.14696464913906296,0.13983697586967472,chronological_oos_exploratory_reuse,False,False,True,False,True,False,True,False
test,20260522,20260522_3_06,3,부경,11,True,,0.0,0.1116022350945575,0.05845048755005159,0.09629069504522807,chronological_oos_exploratory_reuse,False,False,False,True,False,True,False,True
test,20260522,20260522_3_07,3,부경,10,True,,0.0,0.1338441060924372,0.09555344611399279,0.11721649498672503,chronological_oos_exploratory_reuse,False,False,False,False,False,False,False,False
test,20260522,20260522_3_08,3,부경,11,True,,0.0,0.0788528919869374,0.05917558885392353,0.0967635431219554,chronological_oos_exploratory_reuse,False,False,False,True,False,True,False,True
test,20260523,20260523_1_01,1,서울,11,True,,0.0,0.0372950158534255,0.03452420759770392,0.07817156775377278,chronological_oos_exploratory_reuse,False,True,False,True,False,True,False,True
test,20260523,20260523_1_02,1,서울,10,True,,0.0,0.0822494138088728,0.1161216384372237,0.12687863351322642,chronological_oos_exploratory_reuse,False,False,False,False,False,False,True,False
test,20260523,20260523_1_03,1,서울,11,True,,1.0,0.0591671002878547,0.13145907523037523,0.1335128061641492,chronological_oos_exploratory_reuse,False,False,False,False,True,False,True,False
test,20260523,20260523_1_04,1,서울,11,True,,1.0,0.1215800563146824,0.22974992704444733,0.16946033234036545,chronological_oos_exploratory_reuse,True,False,True,False,True,False,True,False
test,20260523,20260523_1_05,1,서울,11,True,,0.0,0.0948943954331819,0.0735916589067609,0.10554459264920803,chronological_oos_exploratory_reuse,False,False,False,False,False,True,False,True
test,20260523,20260523_1_06,1,서울,11,True,,0.0,0.11227012208763801,0.057245379338123265,0.0954972005382388,chronological_oos_exploratory_reuse,False,False,False,True,False,True,False,True
test,20260523,20260523_1_07,1,서울,10,True,,0.0,0.0918339653509577,0.11525943757809866,0.12649270266094043,chronological_oos_exploratory_reuse,False,False,False,False,False,False,True,False
test,20260523,20260523_1_08,1,서울,11,True,,0.0,0.11357417319131,0.1287783673266809,0.1323827739412284,chronological_oos_exploratory_reuse,False,False,False,False,True,False,True,False
test,20260523,20260523_1_09,1,서울,11,True,,0.0,0.125525395659659,0.06349805930802227,0.09951479036130303,chronological_oos_exploratory_reuse,False,False,False,True,False,True,False,True
test,20260523,20260523_1_10,1,서울,10,True,,0.0,0.1280782326850706,0.2089385110308716,0.16249323979771826,chronological_oos_exploratory_reuse,True,False,True,False,True,False,True,False
test,20260524,20260524_1_01,1,서울,11,True,,0.0,0.0758156396277352,0.07267409750733168,0.10501681785138038,chronological_oos_exploratory_reuse,False,False,False,False,False,True,False,True
test,20260524,20260524_1_02,1,서울,11,True,,0.0,0.1060190052597158,0.105225762231486,0.12188526145188305,chronological_oos_exploratory_reuse,False,False,False,False,False,False,False,False
test,20260524,20260524_1_03,1,서울,11,True,,0.0,0.148884899421316,0.06376387331760135,0.09968038713803874,chronological_oos_exploratory_reuse,False,False,False,True,False,True,False,True
test,20260524,20260524_1_04,1,서울,10,True,,0.0,0.1203568880213377,0.1516208538340892,0.14167233716645358,chronological_oos_exploratory_reuse,False,False,True,False,True,False,True,False
test,20260524,20260524_1_05,1,서울,11,True,,0.0,0.0528251402658693,0.09850664923189766,0.1186679688231114,chronological_oos_exploratory_reuse,False,False,False,False,False,False,False,False
test,20260524,20260524_1_06,1,서울,11,True,,0.0,0.182068360738703,0.11525215072593151,0.12648943459903256,chronological_oos_exploratory_reuse,False,False,False,False,False,False,True,False
test,20260524,20260524_1_07,1,서울,10,True,,0.0,0.1202235153891715,0.09711069847543775,0.11798485542998063,chronological_oos_exploratory_reuse,False,False,False,False,False,False,False,False
test,20260524,20260524_1_09,1,서울,11,True,,0.0,0.14181356195948372,0.0525771358973845,0.092327443560804,chronological_oos_exploratory_reuse,False,True,False,True,False,True,False,True
test,20260524,20260524_1_10,1,서울,11,True,,0.0,0.1639571995048273,0.08735922389695758,0.11305583249620886,chronological_oos_exploratory_reuse,False,False,False,False,False,False,False,True
test,20260524,20260524_3_01,3,부경,11,True,,0.0,0.0518437227636647,0.04861508189045053,0.08950464741859136,chronological_oos_exploratory_reuse,False,True,False,True,False,True,False,True
test,20260524,20260524_3_02,3,부경,10,True,,0.0,0.09940954985040079,0.05378409710007675,0.09316229793066208,chronological_oos_exploratory_reuse,False,True,False,True,False,True,False,True
test,20260524,20260524_3_03,3,부경,15,True,,0.0,0.09048106407816281,0.08479232967786325,0.1117085188817085,chronological_oos_exploratory_reuse,False,False,False,False,False,False,False,True
test,20260524,20260524_3_04,3,부경,8,True,,0.0,0.15868300933749033,0.15424273847258338,0.1426941029263683,chronological_oos_exploratory_reuse,False,False,True,False,True,False,True,False
test,20260524,20260524_3_05,3,부경,11,True,,0.0,0.09341464119567469,0.15428449983855202,0.14271031140166712,chronological_oos_exploratory_reuse,False,False,True,False,True,False,True,False
test,20260524,20260524_3_06,3,부경,10,True,,0.0,0.1805515685214501,0.1262513833681344,0.13130666141100855,chronological_oos_exploratory_reuse,False,False,False,False,True,False,True,False
test,20260524,20260524_3_07,3,부경,11,True,,0.0,0.1359091776815627,0.11887930407827722,0.12810312259722179,chronological_oos_exploratory_reuse,False,False,False,False,False,False,True,False
test,20260529,20260529_3_01,3,부경,9,True,,0.0,0.0525717506194059,0.10184234562714146,0.1202794292291335,chronological_oos_exploratory_reuse,False,False,False,False,False,False,False,False
test,20260529,20260529_3_02,3,부경,11,True,,0.0,0.0714533172726069,0.09212309070009031,0.11549950990179733,chronological_oos_exploratory_reuse,False,False,False,False,False,False,False,False
test,20260529,20260529_3_03,3,부경,11,True,,1.0,0.1895022869894918,0.13630991144968072,0.13552882451099815,chronological_oos_exploratory_reuse,False,False,False,False,True,False,True,False
test,20260529,20260529_3_04,3,부경,11,True,,0.0,0.10207023534647519,0.16223548890151224,0.14576006535613514,chronological_oos_exploratory_reuse,False,False,True,False,True,False,True,False
test,20260529,20260529_3_05,3,부경,11,True,,0.0,0.0746445777290248,0.1763269066047562,0.1510032152384945,chronological_oos_exploratory_reuse,True,False,True,False,True,False,True,False
test,20260529,20260529_3_06,3,부경,11,True,,1.0,0.1341935375361124,0.11865053501295524,0.12800210436447063,chronological_oos_exploratory_reuse,False,False,False,False,False,False,True,False
test,20260529,20260529_3_07,3,부경,9,True,,1.0,0.166098769260998,0.05639771645939639,0.09493320214483078,chronological_oos_exploratory_reuse,False,False,False,True,False,True,False,True
test,20260529,20260529_3_08,3,부경,11,True,,0.0,0.1513316957847114,0.06860042262505084,0.102626541673923,chronological_oos_exploratory_reuse,False,False,False,False,False,True,False,True
test,20260530,20260530_1_01,1,서울,10,True,,0.0,0.11686285524655231,0.11102981772027772,0.1245772871341338,chronological_oos_exploratory_reuse,False,False,False,False,False,False,True,False
test,20260530,20260530_1_02,1,서울,10,True,,0.0,0.0941499560977442,0.0464939711383842,0.08793727973186694,chronological_oos_exploratory_reuse,False,True,False,True,False,True,False,True
test,20260530,20260530_1_03,1,서울,11,True,,0.0,0.1092262675634592,0.07962156489413692,0.10892373925426722,chronological_oos_exploratory_reuse,False,False,False,False,False,False,False,True
test,20260530,20260530_1_04,1,서울,9,True,,0.0,0.119511530959027,0.09818101352081281,0.11850908882588333,chronological_oos_exploratory_reuse,False,False,False,False,False,False,False,False
test,20260530,20260530_1_05,1,서울,11,True,,0.0,0.122841175194891,0.2520671536707578,0.1766928910069414,chronological_oos_exploratory_reuse,True,False,True,False,True,False,True,False
test,20260530,20260530_1_06,1,서울,11,True,,0.0,0.1575858199619325,0.1564595687198385,0.14355168987219016,chronological_oos_exploratory_reuse,False,False,True,False,True,False,True,False
test,20260530,20260530_1_07,1,서울,8,True,,0.0,0.21578019005112542,0.10632739357774919,0.12240215582498157,chronological_oos_exploratory_reuse,False,False,False,False,False,False,False,False
test,20260530,20260530_1_08,1,서울,10,True,,0.0,0.130769921123151,0.053229366629232916,0.0927799735118397,chronological_oos_exploratory_reuse,False,True,False,True,False,True,False,True
test,20260530,20260530_1_09,1,서울,10,True,,0.0,0.12957372895980349,0.1018257912825796,0.12027150257937304,chronological_oos_exploratory_reuse,False,False,False,False,False,False,False,False
test,20260530,20260530_1_10,1,서울,11,True,,0.0,0.1052905033825979,0.13121938457460866,0.13341223886302328,chronological_oos_exploratory_reuse,False,False,False,False,True,False,True,False
test,20260531,20260531_1_01,1,서울,8,True,,0.0,0.0643904539124697,0.09376824291897286,0.11632723143804051,chronological_oos_exploratory_reuse,False,False,False,False,False,False,False,False
test,20260531,20260531_1_02,1,서울,11,True,,0.0,0.06264825123114501,0.044265863928814216,0.08624443795834805,chronological_oos_exploratory_reuse,False,True,False,True,False,True,False,True
test,20260531,20260531_1_03,1,서울,11,True,,0.0,0.0831133729004572,0.11440649519892249,0.12610943534305594,chronological_oos_exploratory_reuse,False,False,False,False,False,False,True,False
test,20260531,20260531_1_04,1,서울,11,True,,0.0,0.0924043767705055,0.10983412612639126,0.12402889944436687,chronological_oos_exploratory_reuse,False,False,False,False,False,False,False,False
test,20260531,20260531_1_05,1,서울,11,True,,0.0,0.09371821081405039,0.06295099108701965,0.09917271186770048,chronological_oos_exploratory_reuse,False,False,False,True,False,True,False,True
test,20260531,20260531_1_06,1,서울,7,True,,0.0,0.1313832773620502,0.038481970387116364,0.08159789297443765,chronological_oos_exploratory_reuse,False,True,False,True,False,True,False,True
test,20260531,20260531_1_07,1,서울,10,True,,0.0,0.1550962952907253,0.08430690309494433,0.11145119161031136,chronological_oos_exploratory_reuse,False,False,False,False,False,False,False,True
test,20260531,20260531_1_08,1,서울,10,True,,0.0,0.1663551345399236,0.0768895023590611,0.10741128192280094,chronological_oos_exploratory_reuse,False,False,False,False,False,True,False,True
test,20260531,20260531_1_09,1,서울,9,True,,0.0,0.1240645758325492,0.09752334012639201,0.1181873335278368,chronological_oos_exploratory_reuse,False,False,False,False,False,False,False,False
test,20260531,20260531_1_10,1,서울,10,True,,0.0,0.246816648104062,0.14913519676328899,0.1406959375194788,chronological_oos_exploratory_reuse,False,False,True,False,True,False,True,False
test,20260531,20260531_3_01,3,부경,9,True,,0.0,0.06363613540348789,0.041506361166849616,0.0840759459503584,chronological_oos_exploratory_reuse,False,True,False,True,False,True,False,True
test,20260531,20260531_3_02,3,부경,7,True,,0.0,0.0975096585748822,0.046759659423415555,0.08813589786343232,chronological_oos_exploratory_reuse,False,True,False,True,False,True,False,True
test,20260531,20260531_3_03,3,부경,9,True,,0.0,0.1157422099503991,0.07701683701962032,0.10748244060193526,chronological_oos_exploratory_reuse,False,False,False,False,False,True,False,True
test,20260531,20260531_3_04,3,부경,11,True,,0.0,0.11252837397112611,0.12620843474632382,0.13128827822279063,chronological_oos_exploratory_reuse,False,False,False,False,True,False,True,False
test,20260531,20260531_3_05,3,부경,11,True,,1.0,0.1197670785992876,0.11249267546230685,0.1252440036379523,chronological_oos_exploratory_reuse,False,False,False,False,False,False,True,False
test,20260531,20260531_3_06,3,부경,16,True,,0.0,0.124868015852763,0.13379966417574513,0.1344900864123066,chronological_oos_exploratory_reuse,False,False,False,False,True,False,True,False
test,20260531,20260531_3_07,3,부경,11,True,,0.0,0.1124003123242221,0.09666077743468435,0.11776355246195311,chronological_oos_exploratory_reuse,False,False,False,False,False,False,False,False
test,20260605,20260605_3_01,3,부경,11,True,,0.0,0.0683511151385691,0.09509759405472686,0.11699028803410101,chronological_oos_exploratory_reuse,False,False,False,False,False,False,False,False
test,20260605,20260605_3_02,3,부경,9,True,,0.0,0.0693946795126258,0.10452685441614133,0.12155583317167484,chronological_oos_exploratory_reuse,False,False,False,False,False,False,False,False
test,20260605,20260605_3_03,3,부경,8,True,,0.0,0.07905427167083101,0.18527304942296127,0.15423692066498249,chronological_oos_exploratory_reuse,True,False,True,False,True,False,True,False
test,20260605,20260605_3_04,3,부경,9,True,,0.0,0.09301569526945899,0.11049620612032206,0.12433293936878734,chronological_oos_exploratory_reuse,False,False,False,False,False,False,False,False
test,20260605,20260605_3_05,3,부경,8,True,,0.0,0.19528596102472728,0.06901621572078456,0.10287416896446243,chronological_oos_exploratory_reuse,False,False,False,False,False,True,False,True
test,20260605,20260605_3_06,3,부경,10,True,,0.0,0.1105508897756721,0.09557248959006483,0.11722593211723527,chronological_oos_exploratory_reuse,False,False,False,False,False,False,False,False
test,20260605,20260605_3_07,3,부경,10,True,,0.0,0.1063908671177235,0.15940514984470983,0.14468251411379057,chronological_oos_exploratory_reuse,False,False,True,False,True,False,True,False
test,20260605,20260605_3_08,3,부경,11,True,,0.0,0.0949702601870552,0.10655134438859616,0.12250688664374987,chronological_oos_exploratory_reuse,False,False,False,False,False,False,False,False
test,20260606,20260606_1_01,1,서울,11,True,,0.0,0.057611965504230506,0.03689933462191996,0.08025442353326084,chronological_oos_exploratory_reuse,False,True,False,True,False,True,False,True
test,20260606,20260606_1_02,1,서울,11,True,,0.0,0.0840053252599761,0.050109817925771585,0.09058499119597206,chronological_oos_exploratory_reuse,False,True,False,True,False,True,False,True
test,20260606,20260606_1_03,1,서울,11,True,,1.0,0.10307213862228919,0.057418036987059905,0.09561148016194145,chronological_oos_exploratory_reuse,False,False,False,True,False,True,False,True
test,20260606,20260606_1_04,1,서울,11,True,,0.0,0.1588120976045059,0.12882248071570934,0.13240146460394123,chronological_oos_exploratory_reuse,False,False,False,False,True,False,True,False
test,20260606,20260606_1_05,1,서울,11,True,,0.0,0.1122011705387887,0.11917552291973715,0.12823377601165453,chronological_oos_exploratory_reuse,False,False,False,False,False,False,True,False
test,20260606,20260606_1_06,1,서울,11,True,,0.0,0.2322654585234129,0.09860702676164389,0.11871688646747341,chronological_oos_exploratory_reuse,False,False,False,False,False,False,False,False
test,20260606,20260606_1_07,1,서울,8,True,,1.0,0.12089611109601289,0.10012648143646305,0.11945411361839484,chronological_oos_exploratory_reuse,False,False,False,False,False,False,False,False
test,20260606,20260606_1_08,1,서울,9,True,,0.0,0.1688248571178681,0.10064243380729339,0.11970307646825135,chronological_oos_exploratory_reuse,False,False,False,False,False,False,False,False
test,20260606,20260606_1_09,1,서울,9,True,,0.0,0.1221013931538939,0.11864471346540224,0.12799953241610038,chronological_oos_exploratory_reuse,False,False,False,False,False,False,True,False
test,20260606,20260606_1_10,1,서울,10,True,,0.0,0.1472408456397586,0.08952750878471116,0.11417694822037551,chronological_oos_exploratory_reuse,False,False,False,False,False,False,False,False
test,20260607,20260607_1_01,1,서울,10,True,,0.0,0.072839632091492,0.07407932514526937,0.10582357373704,chronological_oos_exploratory_reuse,False,False,False,False,False,True,False,True
test,20260607,20260607_1_02,1,서울,10,True,,0.0,0.07357125038892029,0.06023789097300787,0.09745023273897284,chronological_oos_exploratory_reuse,False,False,False,True,False,True,False,True
test,20260607,20260607_1_03,1,서울,11,True,,0.0,0.07956201618318841,0.08349261653858339,0.11101767449166863,chronological_oos_exploratory_reuse,False,False,False,False,False,False,False,True
test,20260607,20260607_1_04,1,서울,11,True,,1.0,0.1445696381094569,0.06521930902899974,0.10058010302625113,chronological_oos_exploratory_reuse,False,False,False,True,False,True,False,True
test,20260607,20260607_1_05,1,서울,10,True,,0.0,0.199938079493992,0.12843266894971128,0.13223619129988667,chronological_oos_exploratory_reuse,False,False,False,False,True,False,True,False
test,20260607,20260607_1_06,1,서울,9,True,,0.0,0.15257642723932321,0.0803030028343218,0.10929641406421021,chronological_oos_exploratory_reuse,False,False,False,False,False,False,False,True
test,20260607,20260607_1_07,1,서울,7,True,,0.0,0.1842162772928272,0.14780713395534892,0.14017109015942544,chronological_oos_exploratory_reuse,False,False,True,False,True,False,True,False
test,20260607,20260607_1_08,1,서울,16,True,,0.0,0.1260570081811355,0.1404535630050691,0.13722308003744105,chronological_oos_exploratory_reuse,False,False,False,False,True,False,True,False
test,20260607,20260607_1_09,1,서울,11,True,,0.0,0.14101027717300807,0.1173476914038207,0.12742487647699602,chronological_oos_exploratory_reuse,False,False,False,False,False,False,True,False
test,20260607,20260607_1_10,1,서울,9,True,,0.0,0.14360077550258982,0.10891234550940598,0.12360398674653673,chronological_oos_exploratory_reuse,False,False,False,False,False,False,False,False
test,20260607,20260607_3_01,3,부경,10,True,,0.0,0.099298948869953,0.05044437217145504,0.09082417875720009,chronological_oos_exploratory_reuse,False,True,False,True,False,True,False,True
test,20260607,20260607_3_02,3,부경,8,True,,1.0,0.2415566713553559,0.09216942100079635,0.11552293015800465,chronological_oos_exploratory_reuse,False,False,False,False,False,False,False,False
test,20260607,20260607_3_03,3,부경,8,True,,0.0,0.1324220489603843,0.10804803741443302,0.12320383850346248,chronological_oos_exploratory_reuse,False,False,False,False,False,False,False,False
test,20260607,20260607_3_04,3,부경,9,True,,0.0,0.0928905602339817,0.13101289883852196,0.13332552977344544,chronological_oos_exploratory_reuse,False,False,False,False,True,False,True,False
test,20260607,20260607_3_05,3,부경,8,True,,0.0,0.24002572145360862,0.07432437545126074,0.10596336710300865,chronological_oos_exploratory_reuse,False,False,False,False,False,True,False,True
test,20260607,20260607_3_06,3,부경,10,True,,0.0,0.178946759850783,0.08238174823168136,0.11042244061547152,chronological_oos_exploratory_reuse,False,False,False,False,False,False,False,True
test,20260607,20260607_3_07,3,부경,10,True,,0.0,0.2396239959020326,0.12444424342625883,0.13053039582803866,chronological_oos_exploratory_reuse,False,False,False,False,False,False,True,False
test,20260612,20260612_3_01,3,부경,8,True,,0.0,0.2531321337839165,0.058863099757042785,0.09656018116814707,chronological_oos_exploratory_reuse,False,False,False,True,False,True,False,True
test,20260612,20260612_3_02,3,부경,9,True,,0.0,0.0825476317988174,0.06821807545976374,0.10239807288215204,chronological_oos_exploratory_reuse,False,False,False,False,False,True,False,True
test,20260612,20260612_3_03,3,부경,8,True,,0.0,0.19478982286899532,0.14112387622956749,0.13749484988168892,chronological_oos_exploratory_reuse,False,False,False,False,True,False,True,False
test,20260612,20260612_3_04,3,부경,9,True,,0.0,0.141049091924434,0.10053321228907722,0.11965043116410753,chronological_oos_exploratory_reuse,False,False,False,False,False,False,False,False
test,20260612,20260612_3_05,3,부경,8,True,,0.0,0.0732345468568969,0.08321299996494784,0.11086826651464378,chronological_oos_exploratory_reuse,False,False,False,False,False,False,False,True
test,20260612,20260612_3_06,3,부경,9,True,,0.0,0.08529450028906399,0.20825447489158957,0.16225997447346652,chronological_oos_exploratory_reuse,True,False,True,False,True,False,True,False
test,20260612,20260612_3_07,3,부경,9,True,,0.0,0.1167737205976261,0.05324206660377027,0.09278875254720349,chronological_oos_exploratory_reuse,False,True,False,True,False,True,False,True
test,20260612,20260612_3_08,3,부경,11,True,,0.0,0.10853050050530741,0.089353946471584,0.11408776293448467,chronological_oos_exploratory_reuse,False,False,False,False,False,False,False,False
test,20260613,20260613_1_01,1,서울,9,True,,0.0,0.091391668170541,0.11311705854170159,0.12552719032757484,chronological_oos_exploratory_reuse,False,False,False,False,False,False,True,False
test,20260613,20260613_1_02,1,서울,11,True,,0.0,0.1168530986699775,0.05466870067385692,0.09376721332919705,chronological_oos_exploratory_reuse,False,False,False,True,False,True,False,True
test,20260613,20260613_1_03,1,서울,11,True,,0.0,0.13133428344157722,0.11618165330984685,0.12690544134495835,chronological_oos_exploratory_reuse,False,False,False,False,False,False,True,False
test,20260613,20260613_1_04,1,서울,11,True,,0.0,0.12230057028583,0.11118258630248246,0.12464712815775886,chronological_oos_exploratory_reuse,False,False,False,False,False,False,True,False
test,20260613,20260613_1_05,1,서울,8,True,,0.0,0.14040622300410252,0.14360516824099856,0.13849544484838597,chronological_oos_exploratory_reuse,False,False,False,False,True,False,True,False
test,20260613,20260613_1_06,1,서울,8,True,,0.0,0.1957178503535733,0.11098784577654949,0.12455809003161196,chronological_oos_exploratory_reuse,False,False,False,False,False,False,True,False
test,20260613,20260613_1_07,1,서울,9,True,,0.0,0.1396724935003903,0.16464683725304705,0.1466713482972721,chronological_oos_exploratory_reuse,False,False,True,False,True,False,True,False
test,20260613,20260613_1_08,1,서울,10,True,,0.0,0.19505501092802552,0.08339541028554506,0.11096576580447584,chronological_oos_exploratory_reuse,False,False,False,False,False,False,False,True
test,20260613,20260613_1_09,1,서울,9,True,,0.0,0.1499339921267078,0.11658106136673829,0.12708366875685312,chronological_oos_exploratory_reuse,False,False,False,False,False,False,True,False
test,20260613,20260613_1_10,1,서울,11,True,,0.0,0.08136873296939959,0.10812312219086581,0.12323866743861595,chronological_oos_exploratory_reuse,False,False,False,False,False,False,False,False
test,20260614,20260614_1_01,1,서울,9,True,,0.0,0.12562251613515119,0.08026433909898599,0.10927531667888062,chronological_oos_exploratory_reuse,False,False,False,False,False,False,False,True
test,20260614,20260614_1_02,1,서울,11,True,,0.0,0.1147237745836127,0.07339498821576144,0.10543178542290546,chronological_oos_exploratory_reuse,False,False,False,False,False,True,False,True
test,20260614,20260614_1_03,1,서울,11,True,,0.0,0.0975514217249755,0.10733154881969141,0.12287084043840683,chronological_oos_exploratory_reuse,False,False,False,False,False,False,False,False
test,20260614,20260614_1_04,1,서울,10,True,,0.0,0.10609573166759478,0.09621953063524762,0.11754597245688543,chronological_oos_exploratory_reuse,False,False,False,False,False,False,False,False
test,20260614,20260614_1_05,1,서울,11,True,,1.0,0.229201238839079,0.08689467462190129,0.1128136423868872,chronological_oos_exploratory_reuse,False,False,False,False,False,False,False,True
test,20260614,20260614_1_06,1,서울,11,True,,0.0,0.15064256937657708,0.14303294307203337,0.13826543936868962,chronological_oos_exploratory_reuse,False,False,False,False,True,False,True,False
test,20260614,20260614_1_07,1,서울,9,True,,1.0,0.1172132337575037,0.1451530021276749,0.13911538951591498,chronological_oos_exploratory_reuse,False,False,True,False,True,False,True,False
test,20260614,20260614_1_08,1,서울,10,True,,0.0,0.13105702872806252,0.10737911316681095,0.12289298305499245,chronological_oos_exploratory_reuse,False,False,False,False,False,False,False,False
test,20260614,20260614_1_09,1,서울,11,True,,0.0,0.10141700900623069,0.06220961352657716,0.09870637561782568,chronological_oos_exploratory_reuse,False,False,False,True,False,True,False,True
test,20260614,20260614_1_10,1,서울,8,True,,0.0,0.1133839983904999,0.07512123557072892,0.10641615191269226,chronological_oos_exploratory_reuse,False,False,False,False,False,True,False,True
test,20260614,20260614_3_01,3,부경,8,True,,0.0,0.1367454027521417,0.07874382941960015,0.10844105998194999,chronological_oos_exploratory_reuse,False,False,False,False,False,False,False,True
test,20260614,20260614_3_02,3,부경,7,True,,0.0,0.0817701383178142,0.08068894632108274,0.10950669775670127,chronological_oos_exploratory_reuse,False,False,False,False,False,False,False,True
test,20260614,20260614_3_03,3,부경,8,True,,0.0,0.1270468679989678,0.15287557800927337,0.142162338483277,chronological_oos_exploratory_reuse,False,False,True,False,True,False,True,False
test,20260614,20260614_3_04,3,부경,11,True,,0.0,0.0937043420673709,0.09270630187714568,0.11579385786616284,chronological_oos_exploratory_reuse,False,False,False,False,False,False,False,False
test,20260614,20260614_3_05,3,부경,10,True,,0.0,0.1751937566227959,0.11951408509081933,0.12838290106087355,chronological_oos_exploratory_reuse,False,False,False,False,False,False,True,False
test,20260614,20260614_3_06,3,부경,10,True,,0.0,0.2008927290575658,0.2636600804324859,0.18037056246378172,chronological_oos_exploratory_reuse,True,False,True,False,True,False,True,False
test,20260614,20260614_3_07,3,부경,11,True,,0.0,0.0647448982375334,0.18789268519360436,0.15517119554797956,chronological_oos_exploratory_reuse,True,False,True,False,True,False,True,False
test,20260619,20260619_3_01,3,부경,11,True,,0.0,0.07124710240650631,0.07002039621189798,0.1034687119216913,chronological_oos_exploratory_reuse,False,False,False,False,False,True,False,True
test,20260619,20260619_3_02,3,부경,9,True,,0.0,0.07474269123068711,0.08187319843941339,0.11014844966510082,chronological_oos_exploratory_reuse,False,False,False,False,False,False,False,True
test,20260619,20260619_3_03,3,부경,10,True,,0.0,0.1883910074399835,0.0722676791555527,0.10478183765797862,chronological_oos_exploratory_reuse,False,False,False,False,False,True,False,True
test,20260619,20260619_3_04,3,부경,9,True,,0.0,0.14278846885983332,0.1543934102136271,0.14275257218403822,chronological_oos_exploratory_reuse,False,False,True,False,True,False,True,False
test,20260619,20260619_3_05,3,부경,11,True,,0.0,0.083280856656669,0.11947066385269375,0.12836378766514994,chronological_oos_exploratory_reuse,False,False,False,False,False,False,True,False
test,20260619,20260619_3_06,3,부경,11,True,,1.0,0.07702096592099639,0.17765725582930514,0.15148847933806792,chronological_oos_exploratory_reuse,True,False,True,False,True,False,True,False
test,20260619,20260619_3_07,3,부경,9,True,,0.0,0.0620960207238823,0.07260578893214903,0.10497737605339734,chronological_oos_exploratory_reuse,False,False,False,False,False,True,False,True
test,20260619,20260619_3_08,3,부경,11,True,,0.0,0.18354690160219683,0.17298303385652392,0.1497763864771687,chronological_oos_exploratory_reuse,True,False,True,False,True,False,True,False
test,20260620,20260620_1_01,1,서울,10,True,,1.0,0.088114362030661,0.1331513404892432,0.13422024549421185,chronological_oos_exploratory_reuse,False,False,False,False,True,False,True,False
test,20260620,20260620_1_03,1,서울,11,True,,0.0,0.1080523748452965,0.12405352900542767,0.13036181129955818,chronological_oos_exploratory_reuse,False,False,False,False,False,False,True,False
test,20260620,20260620_1_04,1,서울,11,True,,0.0,0.13606809838725847,0.28535518506638463,0.18713554556017148,chronological_oos_exploratory_reuse,True,False,True,False,True,False,True,False
test,20260620,20260620_1_05,1,서울,10,True,,0.0,0.1298398776123443,0.06772170205149951,0.1021003700760607,chronological_oos_exploratory_reuse,False,False,False,False,False,True,False,True
test,20260620,20260620_1_06,1,서울,11,True,,1.0,0.11265757722535899,0.06041612548207278,0.09756475468278614,chronological_oos_exploratory_reuse,False,False,False,True,False,True,False,True
test,20260620,20260620_1_07,1,서울,9,True,,0.0,0.14830344740182688,0.1730429973677539,0.14979847751416134,chronological_oos_exploratory_reuse,True,False,True,False,True,False,True,False
test,20260620,20260620_1_08,1,서울,11,True,,0.0,0.09500222918517201,0.08123139703623834,0.1098013045030379,chronological_oos_exploratory_reuse,False,False,False,False,False,False,False,True
test,20260620,20260620_1_09,1,서울,11,True,,0.0,0.1150622246639588,0.06429164551131142,0.1000080002566226,chronological_oos_exploratory_reuse,False,False,False,True,False,True,False,True
test,20260620,20260620_1_10,1,서울,10,True,,0.0,0.1918596556006898,0.19495598772628936,0.15766371737426152,chronological_oos_exploratory_reuse,True,False,True,False,True,False,True,False
test,20260621,20260621_1_01,1,서울,10,True,,1.0,0.1509025508172141,0.11063401212042358,0.12439610187555168,chronological_oos_exploratory_reuse,False,False,False,False,False,False,False,False
test,20260621,20260621_1_02,1,서울,11,True,,0.0,0.1300849163238103,0.08183132523798242,0.11012584732401808,chronological_oos_exploratory_reuse,False,False,False,False,False,False,False,True
test,20260621,20260621_1_03,1,서울,11,True,,0.0,0.056809690386190895,0.14197804257494354,0.1378402527769274,chronological_oos_exploratory_reuse,False,False,False,False,True,False,True,False
test,20260621,20260621_1_04,1,서울,10,True,,0.0,0.1204008061553819,0.22159958520844075,0.1667603383435099,chronological_oos_exploratory_reuse,True,False,True,False,True,False,True,False
test,20260621,20260621_1_05,1,서울,10,True,,1.0,0.144294608930853,0.13159837038519007,0.13357120833470446,chronological_oos_exploratory_reuse,False,False,False,False,True,False,True,False
test,20260621,20260621_1_06,1,서울,7,True,,0.0,0.1323316645871121,0.15039477882365673,0.14119167317240425,chronological_oos_exploratory_reuse,False,False,True,False,True,False,True,False
test,20260621,20260621_1_07,1,서울,10,True,,0.0,0.10090244269938531,0.1082522500387746,0.1232985349605405,chronological_oos_exploratory_reuse,False,False,False,False,False,False,False,False
test,20260621,20260621_1_08,1,서울,11,True,,1.0,0.195667507003721,0.14934356204835444,0.14077808090986915,chronological_oos_exploratory_reuse,False,False,True,False,True,False,True,False
test,20260621,20260621_1_09,1,서울,9,True,,0.0,0.1681475255029759,0.15457304872745556,0.14282224734446056,chronological_oos_exploratory_reuse,False,False,True,False,True,False,True,False
test,20260621,20260621_1_10,1,서울,11,True,,0.0,0.1802566059411123,0.05984493924988168,0.0971970495815142,chronological_oos_exploratory_reuse,False,False,False,True,False,True,False,True
test,20260621,20260621_3_01,3,부경,11,True,,0.0,0.0490522603227201,0.08240303394316773,0.11043388805971535,chronological_oos_exploratory_reuse,False,False,False,False,False,False,False,True
test,20260621,20260621_3_02,3,부경,9,True,,0.0,0.0936036688679083,0.078273962005113,0.10818142885636446,chronological_oos_exploratory_reuse,False,False,False,False,False,False,False,True
test,20260621,20260621_3_03,3,부경,9,True,,0.0,0.13019268942603968,0.10112619389630237,0.11993588249868112,chronological_oos_exploratory_reuse,False,False,False,False,False,False,False,False
test,20260621,20260621_3_04,3,부경,11,True,,1.0,0.1691800491254035,0.1426351078899453,0.1381052674895894,chronological_oos_exploratory_reuse,False,False,False,False,True,False,True,False
test,20260621,20260621_3_05,3,부경,11,True,,0.0,0.1002031912287891,0.06696859791557172,0.10164628939536324,chronological_oos_exploratory_reuse,False,False,False,False,False,True,False,True
test,20260621,20260621_3_06,3,부경,11,True,,0.0,0.0951466528993113,0.08248590512449354,0.11047844040637034,chronological_oos_exploratory_reuse,False,False,False,False,False,False,False,True
test,20260621,20260621_3_07,3,부경,11,True,,0.0,0.1319689282908957,0.07826864954406844,0.10817848837988593,chronological_oos_exploratory_reuse,False,False,False,False,False,False,False,True
test,20260626,20260626_3_01,3,부경,11,True,,0.0,0.0423586078167003,0.1289307387890019,0.1324473194726464,chronological_oos_exploratory_reuse,False,False,False,False,True,False,True,False
test,20260626,20260626_3_02,3,부경,9,True,,0.0,0.11160639051356688,0.10907800535611628,0.1236804903484802,chronological_oos_exploratory_reuse,False,False,False,False,False,False,False,False
test,20260626,20260626_3_03,3,부경,11,True,,0.0,0.0693976051961619,0.07630623661384904,0.10708448063652423,chronological_oos_exploratory_reuse,False,False,False,False,False,True,False,True
test,20260626,20260626_3_04,3,부경,11,True,,0.0,0.10664527314685869,0.1387982841003735,0.13654924642756716,chronological_oos_exploratory_reuse,False,False,False,False,True,False,True,False
test,20260626,20260626_3_05,3,부경,11,True,,0.0,0.16055395509826992,0.21277840353333977,0.1637973342154579,chronological_oos_exploratory_reuse,True,False,True,False,True,False,True,False
test,20260626,20260626_3_06,3,부경,11,True,,0.0,0.1349510337082318,0.15075623858610104,0.14133356984619005,chronological_oos_exploratory_reuse,False,False,True,False,True,False,True,False
test,20260626,20260626_3_07,3,부경,11,True,,0.0,0.158494794042934,0.06300886729752113,0.09920898265976152,chronological_oos_exploratory_reuse,False,False,False,True,False,True,False,True
test,20260626,20260626_3_08,3,부경,11,True,,1.0,0.16631423565160242,0.10424123315208814,0.12142086835742041,chronological_oos_exploratory_reuse,False,False,False,False,False,False,False,False
test,20260627,20260627_1_01,1,서울,11,True,,0.0,0.0766485300722659,0.08813259337423356,0.11345744915167431,chronological_oos_exploratory_reuse,False,False,False,False,False,False,False,True
test,20260627,20260627_1_02,1,서울,11,True,,1.0,0.10724958315229259,0.04759772962095752,0.08875805601506352,chronological_oos_exploratory_reuse,False,True,False,True,False,True,False,True
test,20260627,20260627_1_03,1,서울,11,True,,0.0,0.1599689170139594,0.0657943862624924,0.10093240786102035,chronological_oos_exploratory_reuse,False,False,False,True,False,True,False,True
test,20260627,20260627_1_04,1,서울,11,True,,0.0,0.1211220530294598,0.1591933872177255,0.1446015411265847,chronological_oos_exploratory_reuse,False,False,True,False,True,False,True,False
test,20260627,20260627_1_05,1,서울,10,True,,0.0,0.1259552399325927,0.22397797926077384,0.16755182469461358,chronological_oos_exploratory_reuse,True,False,True,False,True,False,True,False
test,20260627,20260627_1_06,1,서울,11,True,,0.0,0.1523990502381167,0.146384403167853,0.13960632800771752,chronological_oos_exploratory_reuse,False,False,True,False,True,False,True,False
test,20260627,20260627_1_07,1,서울,10,True,,0.0,0.130791301724186,0.1301193863141696,0.1329495287358019,chronological_oos_exploratory_reuse,False,False,False,False,True,False,True,False
test,20260627,20260627_1_08,1,서울,11,True,,0.0,0.0482519366165491,0.06616788601874907,0.10116027268972429,chronological_oos_exploratory_reuse,False,False,False,True,False,True,False,True
test,20260627,20260627_1_09,1,서울,10,True,,0.0,0.2232642146965585,0.17947823857018894,0.15215016636420325,chronological_oos_exploratory_reuse,True,False,True,False,True,False,True,False
test,20260627,20260627_1_10,1,서울,11,True,,0.0,0.09791690457343699,0.10890234792154,0.12359936778133593,chronological_oos_exploratory_reuse,False,False,False,False,False,False,False,False
test,20260628,20260628_1_01,1,서울,11,True,,0.0,0.0834178422039593,0.07476512159008776,0.10621414218425124,chronological_oos_exploratory_reuse,False,False,False,False,False,True,False,True
test,20260628,20260628_1_02,1,서울,11,True,,0.0,0.049871491424791206,0.06509718205984619,0.10050505514667485,chronological_oos_exploratory_reuse,False,False,False,True,False,True,False,True
test,20260628,20260628_1_03,1,서울,11,True,,0.0,0.1078923568239758,0.08399590665395912,0.11128589704628321,chronological_oos_exploratory_reuse,False,False,False,False,False,False,False,True
test,20260628,20260628_1_04,1,서울,11,True,,0.0,0.0792179829090081,0.09395395526885646,0.11642016820437874,chronological_oos_exploratory_reuse,False,False,False,False,False,False,False,False
test,20260628,20260628_1_05,1,서울,11,True,,0.0,0.0988368528483226,0.12526243092661438,0.1308825559114428,chronological_oos_exploratory_reuse,False,False,False,False,False,False,True,False
test,20260628,20260628_1_06,1,서울,11,True,,0.0,0.1386590404484832,0.21334238086456267,0.16398811866102714,chronological_oos_exploratory_reuse,True,False,True,False,True,False,True,False
test,20260628,20260628_1_07,1,서울,8,True,,0.0,0.1614959660847314,0.0970096681323664,0.117935210066588,chronological_oos_exploratory_reuse,False,False,False,False,False,False,False,False
test,20260628,20260628_1_08,1,서울,10,True,,0.0,0.1345955341432093,0.1514469513221964,0.14160427335954817,chronological_oos_exploratory_reuse,False,False,True,False,True,False,True,False
test,20260628,20260628_1_09,1,서울,9,True,,0.0,0.09277210622825381,0.08766264013378242,0.11321363226879734,chronological_oos_exploratory_reuse,False,False,False,False,False,False,False,True
test,20260628,20260628_1_10,1,서울,11,True,,0.0,0.1118328898822974,0.08283712256163989,0.11066698132252799,chronological_oos_exploratory_reuse,False,False,False,False,False,False,False,True
test,20260628,20260628_3_01,3,부경,11,True,,0.0,0.049109053114895995,0.06084155165078527,0.09783731483952895,chronological_oos_exploratory_reuse,False,False,False,True,False,True,False,True
test,20260628,20260628_3_02,3,부경,11,True,,0.0,0.12986981661191072,0.09045107595399103,0.11464993143597686,chronological_oos_exploratory_reuse,False,False,False,False,False,False,False,False
test,20260628,20260628_3_03,3,부경,11,True,,0.0,0.0894402546538614,0.18553142061026226,0.15432931236351946,chronological_oos_exploratory_reuse,True,False,True,False,True,False,True,False
test,20260628,20260628_3_04,3,부경,11,True,,0.0,0.1048143315203188,0.13409773340881692,0.13461392897145388,chronological_oos_exploratory_reuse,False,False,False,False,True,False,True,False
test,20260628,20260628_3_05,3,부경,10,True,,0.0,0.1427669564565729,0.08563785137410047,0.11215478602269414,chronological_oos_exploratory_reuse,False,False,False,False,False,False,False,True
test,20260628,20260628_3_06,3,부경,16,True,,0.0,0.0892897323019873,0.06891708505978894,0.10281520905734706,chronological_oos_exploratory_reuse,False,False,False,False,False,True,False,True
test,20260628,20260628_3_07,3,부경,10,True,,0.0,0.1499110690411295,0.15079108730081955,0.14134724174344823,chronological_oos_exploratory_reuse,False,False,True,False,True,False,True,False
test,20260703,20260703_3_01,3,부경,9,True,,0.0,0.0439994109182483,0.046301461715493986,0.08779294603158874,chronological_oos_exploratory_reuse,False,True,False,True,False,True,False,True
test,20260703,20260703_3_02,3,부경,9,True,,0.0,0.0722012907985214,0.09870198810943656,0.11876313984112762,chronological_oos_exploratory_reuse,False,False,False,False,False,False,False,False
test,20260703,20260703_3_03,3,부경,10,True,,0.0,0.09260533558295311,0.07251868118998345,0.10492704885081612,chronological_oos_exploratory_reuse,False,False,False,False,False,True,False,True
test,20260703,20260703_3_04,3,부경,8,True,,1.0,0.4529640694866121,0.18247472580617202,0.1532327476229738,chronological_oos_exploratory_reuse,True,False,True,False,True,False,True,False
test,20260703,20260703_3_05,3,부경,11,True,,0.0,0.091143153296211,0.10285528660212126,0.12076314369002984,chronological_oos_exploratory_reuse,False,False,False,False,False,False,False,False
test,20260703,20260703_3_06,3,부경,11,True,,1.0,0.1070114872583963,0.12443051574101623,0.130524477206996,chronological_oos_exploratory_reuse,False,False,False,False,False,False,True,False
test,20260703,20260703_3_07,3,부경,10,True,,1.0,0.1920295103565771,0.13181815308374342,0.1336632937424565,chronological_oos_exploratory_reuse,False,False,False,False,True,False,True,False
test,20260703,20260703_3_08,3,부경,11,True,,1.0,0.12094988525619618,0.10356613172862891,0.12110107524929986,chronological_oos_exploratory_reuse,False,False,False,False,False,False,False,False
test,20260704,20260704_1_01,1,서울,11,True,,1.0,0.0993465882316285,0.05632113811815597,0.09488200681344856,chronological_oos_exploratory_reuse,False,False,False,True,False,True,False,True
test,20260704,20260704_1_02,1,서울,10,True,,0.0,0.0629930779428235,0.10823523958914331,0.1232906505698648,chronological_oos_exploratory_reuse,False,False,False,False,False,False,False,False
test,20260704,20260704_1_03,1,서울,9,True,,0.0,0.1074259227306469,0.07021778080325651,0.10358500230184038,chronological_oos_exploratory_reuse,False,False,False,False,False,True,False,True
test,20260704,20260704_1_04,1,서울,11,True,,0.0,0.0725182472154641,0.07679506013440641,0.10735846160113587,chronological_oos_exploratory_reuse,False,False,False,False,False,True,False,True
test,20260704,20260704_1_05,1,서울,11,True,,0.0,0.12823045287606288,0.08314395918131762,0.1108313327483156,chronological_oos_exploratory_reuse,False,False,False,False,False,False,False,True
test,20260704,20260704_1_06,1,서울,8,True,,0.0,0.13700168186314687,0.0971130342715927,0.11798600288700405,chronological_oos_exploratory_reuse,False,False,False,False,False,False,False,False
test,20260704,20260704_1_07,1,서울,8,True,,0.0,0.1386800686109884,0.07517232449196741,0.10644508814791376,chronological_oos_exploratory_reuse,False,False,False,False,False,True,False,True
test,20260704,20260704_1_08,1,서울,10,True,,0.0,0.1439558149401038,0.13114869129208215,0.13338256047419028,chronological_oos_exploratory_reuse,False,False,False,False,True,False,True,False
test,20260704,20260704_1_09,1,서울,10,True,,0.0,0.129683685334374,0.12247460442615556,0.12967776914377002,chronological_oos_exploratory_reuse,False,False,False,False,False,False,True,False
test,20260704,20260704_1_10,1,서울,10,True,,0.0,0.2122082281275268,0.09312050804900256,0.11600229358804943,chronological_oos_exploratory_reuse,False,False,False,False,False,False,False,False
test,20260705,20260705_1_01,1,서울,8,True,,0.0,0.0784975804445321,0.07817371400293098,0.10812592206943021,chronological_oos_exploratory_reuse,False,False,False,False,False,False,False,True
test,20260705,20260705_1_02,1,서울,10,True,,0.0,0.1502817848013177,0.10156662550045102,0.1201473169848391,chronological_oos_exploratory_reuse,False,False,False,False,False,False,False,False
test,20260705,20260705_1_03,1,서울,8,True,,0.0,0.1253136765108216,0.05944587494148638,0.09693893637883386,chronological_oos_exploratory_reuse,False,False,False,True,False,True,False,True
test,20260705,20260705_1_04,1,서울,9,True,,0.0,0.153658907902557,0.06513151184821034,0.1005261592391653,chronological_oos_exploratory_reuse,False,False,False,True,False,True,False,True
test,20260705,20260705_1_05,1,서울,11,True,,0.0,0.13470378912490022,0.11578537090892863,0.12672829408618108,chronological_oos_exploratory_reuse,False,False,False,False,False,False,True,False
test,20260705,20260705_1_06,1,서울,11,True,,0.0,0.09437973076279149,0.084894554956055,0.11176260451959212,chronological_oos_exploratory_reuse,False,False,False,False,False,False,False,True
test,20260705,20260705_1_07,1,서울,9,True,,0.0,0.1191076448632082,0.15228573057000339,0.1419322249762269,chronological_oos_exploratory_reuse,False,False,True,False,True,False,True,False
test,20260705,20260705_1_08,1,서울,10,True,,0.0,0.1082816563080681,0.05229518215495769,0.09213079658791898,chronological_oos_exploratory_reuse,False,True,False,True,False,True,False,True
test,20260705,20260705_1_09,1,서울,11,True,,0.0,0.10135199967410871,0.052325321347565436,0.09215184672443825,chronological_oos_exploratory_reuse,False,True,False,True,False,True,False,True
test,20260705,20260705_1_10,1,서울,10,True,,0.0,0.10899794317220708,0.152683375798995,0.14208740176170903,chronological_oos_exploratory_reuse,False,False,True,False,True,False,True,False
test,20260705,20260705_3_01,3,부경,10,True,,1.0,0.1778719995472425,0.0500679532156156,0.09055499397776924,chronological_oos_exploratory_reuse,False,True,False,True,False,True,False,True
test,20260705,20260705_3_02,3,부경,9,True,,0.0,0.1018669141193268,0.13097038811529593,0.13330766986374032,chronological_oos_exploratory_reuse,False,False,False,False,True,False,True,False
test,20260705,20260705_3_03,3,부경,9,True,,0.0,0.0664063499375906,0.07712573101079338,0.10754324137936547,chronological_oos_exploratory_reuse,False,False,False,False,False,True,False,True
test,20260705,20260705_3_04,3,부경,11,True,,0.0,0.1833570556972329,0.1451263107591157,0.13910472602641913,chronological_oos_exploratory_reuse,False,False,True,False,True,False,True,False
test,20260705,20260705_3_05,3,부경,10,True,,0.0,0.11869978130173839,0.09321534773218473,0.11604994717731713,chronological_oos_exploratory_reuse,False,False,False,False,False,False,False,False
test,20260705,20260705_3_06,3,부경,11,True,,0.0,0.1232791784799927,0.18450707602449387,0.15396269432740753,chronological_oos_exploratory_reuse,True,False,True,False,True,False,True,False
test,20260705,20260705_3_07,3,부경,11,True,,0.0,0.24448566554577691,0.18654151043153974,0.15468999526010768,chronological_oos_exploratory_reuse,True,False,True,False,True,False,True,False
test,20260706,20260706_1_01,1,서울,7,True,,0.0,0.3776806561246664,0.18024532425860465,0.1524280343861308,chronological_oos_exploratory_reuse,True,False,True,False,True,False,True,False
test,20260706,20260706_1_02,1,서울,7,True,,0.0,0.38978109689540896,0.12731588840143396,0.13176129224950728,chronological_oos_exploratory_reuse,False,False,False,False,True,False,True,False
test,20260706,20260706_1_03,1,서울,11,True,,1.0,0.2374155558037302,0.07360458042513184,0.10555199822997367,chronological_oos_exploratory_reuse,False,False,False,False,False,True,False,True
test,20260706,20260706_1_04,1,서울,11,True,,0.0,0.33268421064009546,0.08621003734874734,0.1124553996656165,chronological_oos_exploratory_reuse,False,False,False,False,False,False,False,True
test,20260706,20260706_1_06,1,서울,11,True,,1.0,0.47476892470077936,0.10505530667555443,0.12180502547463185,chronological_oos_exploratory_reuse,False,False,False,False,False,False,False,False
test,20260706,20260706_3_02,3,부경,10,True,,1.0,0.43558652647854157,0.1786828614764648,0.151861509875136,chronological_oos_exploratory_reuse,True,False,True,False,True,False,True,False
test,20260706,20260706_3_03,3,부경,10,True,,0.0,0.45333685634512305,0.14378804098063416,0.13856885702328603,chronological_oos_exploratory_reuse,False,False,False,False,True,False,True,False
test,20260707,20260707_1_02,1,서울,11,False,invalid_or_sentinel_final_odds,,,0.1226121888338688,0.1297375535719985,chronological_oos_exploratory_reuse,False,False,False,False,False,False,True,False
test,20260710,20260710_3_01,3,부경,10,True,,0.0,0.08785624843825281,0.0789972383133971,0.1085807224329772,chronological_oos_exploratory_reuse,False,False,False,False,False,False,False,True
test,20260710,20260710_3_02,3,부경,8,True,,0.0,0.1348107455214579,0.1250250355948266,0.13078049805785652,chronological_oos_exploratory_reuse,False,False,False,False,False,False,True,False
test,20260710,20260710_3_03,3,부경,11,True,,0.0,0.1510964877789534,0.14982068023946735,0.1409659694893694,chronological_oos_exploratory_reuse,False,False,True,False,True,False,True,False
test,20260710,20260710_3_04,3,부경,11,True,,0.0,0.0805534924560649,0.14051714870265467,0.13724888710929978,chronological_oos_exploratory_reuse,False,False,False,False,True,False,True,False
test,20260710,20260710_3_05,3,부경,10,True,,0.0,0.154968745312008,0.11282665432231659,0.12539558056570307,chronological_oos_exploratory_reuse,False,False,False,False,False,False,True,False
test,20260710,20260710_3_06,3,부경,11,True,,1.0,0.1009600719567154,0.14899724326116706,0.14064152240718855,chronological_oos_exploratory_reuse,False,False,True,False,True,False,True,False
test,20260710,20260710_3_07,3,부경,9,True,,0.0,0.1337255649087791,0.153819115147146,0.142529569441564,chronological_oos_exploratory_reuse,False,False,True,False,True,False,True,False
test,20260710,20260710_3_08,3,부경,11,True,,0.0,0.0935829659959892,0.12804681419889774,0.1320723468567174,chronological_oos_exploratory_reuse,False,False,False,False,True,False,True,False
test,20260711,20260711_1_01,1,서울,9,True,,0.0,0.0729782199986065,0.0748006066039757,0.10623429589180285,chronological_oos_exploratory_reuse,False,False,False,False,False,True,False,True
test,20260711,20260711_1_02,1,서울,8,True,,0.0,0.0721479080902026,0.04758688446817165,0.08875004655169558,chronological_oos_exploratory_reuse,False,True,False,True,False,True,False,True
test,20260711,20260711_1_03,1,서울,8,True,,0.0,0.1280915910408238,0.05903634434750574,0.09667300290122197,chronological_oos_exploratory_reuse,False,False,False,True,False,True,False,True
test,20260711,20260711_1_04,1,서울,8,True,,0.0,0.10598715284864908,0.09923149268739316,0.1190206091072223,chronological_oos_exploratory_reuse,False,False,False,False,False,False,False,False
test,20260711,20260711_1_05,1,서울,10,True,,0.0,0.1618575556867952,0.08125150832368845,0.10981220578954423,chronological_oos_exploratory_reuse,False,False,False,False,False,False,False,True
test,20260711,20260711_1_06,1,서울,8,True,,0.0,0.122703780209561,0.20309726137196865,0.1604916653927172,chronological_oos_exploratory_reuse,True,False,True,False,True,False,True,False
test,20260711,20260711_1_07,1,서울,11,True,,0.0,0.1151813204974668,0.05000225483840038,0.09050788940668479,chronological_oos_exploratory_reuse,False,True,False,True,False,True,False,True
test,20260711,20260711_1_08,1,서울,8,True,,1.0,0.24874904746048088,0.18501760872562065,0.1541455235145625,chronological_oos_exploratory_reuse,True,False,True,False,True,False,True,False
test,20260711,20260711_1_09,1,서울,8,True,,0.0,0.12741155335923232,0.11872379596065204,0.12803446534494214,chronological_oos_exploratory_reuse,False,False,False,False,False,False,True,False
test,20260711,20260711_1_10,1,서울,10,True,,0.0,0.2196515046218699,0.17992521819791046,0.15231214152547293,chronological_oos_exploratory_reuse,True,False,True,False,True,False,True,False
test,20260712,20260712_1_01,1,서울,11,True,,0.0,0.11134105141779758,0.1096523051071209,0.12394523485326582,chronological_oos_exploratory_reuse,False,False,False,False,False,False,False,False
test,20260712,20260712_1_02,1,서울,8,True,,0.0,0.1283317447587153,0.03928368742852492,0.08226582277966334,chronological_oos_exploratory_reuse,False,True,False,True,False,True,False,True
test,20260712,20260712_1_03,1,서울,7,True,,0.0,0.0938069493911617,0.038674147949709456,0.08175875527090615,chronological_oos_exploratory_reuse,False,True,False,True,False,True,False,True
test,20260712,20260712_1_04,1,서울,9,True,,1.0,0.1344769770849008,0.08198882132565258,0.1102108271007713,chronological_oos_exploratory_reuse,False,False,False,False,False,False,False,True
test,20260712,20260712_1_05,1,서울,11,True,,0.0,0.1573196379582742,0.10321635846747469,0.12093495071759922,chronological_oos_exploratory_reuse,False,False,False,False,False,False,False,False
test,20260712,20260712_1_06,1,서울,11,True,,0.0,0.1205376258529251,0.18161360162999204,0.15292242135625264,chronological_oos_exploratory_reuse,True,False,True,False,True,False,True,False
test,20260712,20260712_1_07,1,서울,8,True,,1.0,0.2552851304417775,0.1343122985921105,0.13470299258300125,chronological_oos_exploratory_reuse,False,False,False,False,True,False,True,False
test,20260712,20260712_1_08,1,서울,10,True,,1.0,0.2328683588096873,0.09817548574007909,0.11850638932401167,chronological_oos_exploratory_reuse,False,False,False,False,False,False,False,False
test,20260712,20260712_1_09,1,서울,8,True,,1.0,0.1309109760951895,0.10727327420752499,0.12284370478448475,chronological_oos_exploratory_reuse,False,False,False,False,False,False,False,False
test,20260712,20260712_1_10,1,서울,8,True,,1.0,0.2272675530259912,0.1491201327285451,0.1406899967453248,chronological_oos_exploratory_reuse,False,False,True,False,True,False,True,False
test,20260712,20260712_3_01,3,부경,9,True,,0.0,0.053167042381132804,0.11199296045354491,0.12501676620004293,chronological_oos_exploratory_reuse,False,False,False,False,False,False,True,False
test,20260712,20260712_3_02,3,부경,11,True,,1.0,0.07230782112491911,0.08525503552993305,0.11195304019803409,chronological_oos_exploratory_reuse,False,False,False,False,False,False,False,True
test,20260712,20260712_3_03,3,부경,11,True,,0.0,0.137754556546175,0.11237529550309168,0.12519067457536662,chronological_oos_exploratory_reuse,False,False,False,False,False,False,True,False
test,20260712,20260712_3_04,3,부경,11,True,,0.0,0.12794360770863558,0.12405582254769823,0.13036280169949152,chronological_oos_exploratory_reuse,False,False,False,False,False,False,True,False
test,20260712,20260712_3_05,3,부경,11,True,,0.0,0.1433468971348665,0.12982124179188445,0.13282377828004394,chronological_oos_exploratory_reuse,False,False,False,False,True,False,True,False
test,20260712,20260712_3_06,3,부경,10,True,,0.0,0.1692509112428394,0.19713489922586347,0.15842514080611922,chronological_oos_exploratory_reuse,True,False,True,False,True,False,True,False
test,20260712,20260712_3_07,3,부경,11,True,,0.0,0.1460051482073547,0.10615436693558244,0.12232115947570701,chronological_oos_exploratory_reuse,False,False,False,False,False,False,False,False
test,20260717,20260717_3_01,3,부경,11,True,,0.0,0.0710850370572365,0.10742926054766418,0.1229163225220406,chronological_oos_exploratory_reuse,False,False,False,False,False,False,False,False
test,20260717,20260717_3_02,3,부경,11,True,,0.0,0.0940473939179767,0.0542664982480976,0.09349289426656363,chronological_oos_exploratory_reuse,False,True,False,True,False,True,False,True
test,20260717,20260717_3_03,3,부경,11,True,,0.0,0.140617902135991,0.23958897056591608,0.17267605331915567,chronological_oos_exploratory_reuse,True,False,True,False,True,False,True,False
test,20260717,20260717_3_04,3,부경,11,True,,0.0,0.102585369263376,0.17177713674922518,0.1493314053815925,chronological_oos_exploratory_reuse,True,False,True,False,True,False,True,False
test,20260717,20260717_3_05,3,부경,11,True,,0.0,0.0954684438551325,0.2081435944207583,0.1622221351150901,chronological_oos_exploratory_reuse,True,False,True,False,True,False,True,False
test,20260717,20260717_3_06,3,부경,11,True,,0.0,0.20776499650630087,0.08665425939328017,0.1126880217060835,chronological_oos_exploratory_reuse,False,False,False,False,False,False,False,True
test,20260717,20260717_3_07,3,부경,9,True,,0.0,0.0825938007230973,0.07820598870032515,0.10814379677182488,chronological_oos_exploratory_reuse,False,False,False,False,False,False,False,True
test,20260717,20260717_3_08,3,부경,11,True,,0.0,0.1525134368878533,0.15653228518204046,0.14357972424769322,chronological_oos_exploratory_reuse,False,False,True,False,True,False,True,False
test,20260718,20260718_1_01,1,서울,11,True,,1.0,0.07607786822997249,0.10217528410445134,0.12043870229596104,chronological_oos_exploratory_reuse,False,False,False,False,False,False,False,False
test,20260718,20260718_1_02,1,서울,11,True,,0.0,0.12395524050792212,0.07822570487500788,0.10815471414064289,chronological_oos_exploratory_reuse,False,False,False,False,False,False,False,True
test,20260718,20260718_1_03,1,서울,11,True,,0.0,0.1559687806726406,0.08148262828956418,0.10993737565156872,chronological_oos_exploratory_reuse,False,False,False,False,False,False,False,True
test,20260718,20260718_1_04,1,서울,11,True,,0.0,0.1313390220496374,0.18496007323792119,0.1541249298725934,chronological_oos_exploratory_reuse,True,False,True,False,True,False,True,False
test,20260718,20260718_1_05,1,서울,10,True,,0.0,0.19128203638121868,0.12989311551426086,0.13285410618536375,chronological_oos_exploratory_reuse,False,False,False,False,True,False,True,False
test,20260718,20260718_1_06,1,서울,11,True,,1.0,0.13960414347198558,0.06429211497391531,0.10000829098138916,chronological_oos_exploratory_reuse,False,False,False,True,False,True,False,True
test,20260718,20260718_1_07,1,서울,10,True,,1.0,0.3194169984054285,0.08830724111398372,0.11354787517122542,chronological_oos_exploratory_reuse,False,False,False,False,False,False,False,True
test,20260718,20260718_1_08,1,서울,11,True,,0.0,0.1031226168853682,0.158523914028008,0.1443452233369608,chronological_oos_exploratory_reuse,False,False,True,False,True,False,True,False
test,20260718,20260718_1_09,1,서울,11,True,,0.0,0.1647753859338616,0.2082027299017437,0.1622423168062355,chronological_oos_exploratory_reuse,True,False,True,False,True,False,True,False
test,20260718,20260718_1_10,1,서울,9,True,,0.0,0.1152840678338577,0.06690350813288612,0.1016069063576463,chronological_oos_exploratory_reuse,False,False,False,False,False,True,False,True
test,20260719,20260719_1_01,1,서울,11,True,,0.0,0.1039383429900893,0.07479954653007051,0.1062336939015521,chronological_oos_exploratory_reuse,False,False,False,False,False,True,False,True
test,20260719,20260719_1_02,1,서울,11,True,,0.0,0.1429345566323161,0.06826128285092782,0.1024239278854179,chronological_oos_exploratory_reuse,False,False,False,False,False,True,False,True
test,20260719,20260719_1_03,1,서울,10,True,,0.0,0.08433540378545991,0.09339461508678676,0.1161399503441003,chronological_oos_exploratory_reuse,False,False,False,False,False,False,False,False
test,20260719,20260719_1_04,1,서울,11,True,,0.0,0.1396073315923857,0.1125546433735261,0.1252721456735047,chronological_oos_exploratory_reuse,False,False,False,False,False,False,True,False
test,20260719,20260719_1_05,1,서울,9,True,,1.0,0.1623661401579663,0.07180149397500989,0.10451137331003903,chronological_oos_exploratory_reuse,False,False,False,False,False,True,False,True
test,20260719,20260719_1_06,1,서울,11,True,,0.0,0.2151993316535274,0.276447079362671,0.18437456260671672,chronological_oos_exploratory_reuse,True,False,True,False,True,False,True,False
test,20260719,20260719_1_07,1,서울,10,True,,0.0,0.121261150732272,0.1205589143741565,0.12884174708147153,chronological_oos_exploratory_reuse,False,False,False,False,False,False,True,False
test,20260719,20260719_1_08,1,서울,11,True,,0.0,0.13629310890337332,0.10594208932393678,0.12222169325667341,chronological_oos_exploratory_reuse,False,False,False,False,False,False,False,False
test,20260719,20260719_1_09,1,서울,9,True,,0.0,0.1073962220050774,0.12194344531727824,0.12944664228520877,chronological_oos_exploratory_reuse,False,False,False,False,False,False,True,False
test,20260719,20260719_1_10,1,서울,10,True,,0.0,0.214487774005714,0.20042565709874055,0.15956872306937095,chronological_oos_exploratory_reuse,True,False,True,False,True,False,True,False
test,20260719,20260719_3_01,3,부경,10,True,,0.0,0.1343812124981551,0.17431942471960904,0.15026792811922401,chronological_oos_exploratory_reuse,True,False,True,False,True,False,True,False
test,20260719,20260719_3_02,3,부경,10,True,,0.0,0.1257511224117512,0.06556999818395395,0.10079515475382779,chronological_oos_exploratory_reuse,False,False,False,True,False,True,False,True
test,20260719,20260719_3_03,3,부경,11,True,,0.0,0.1925005466713281,0.14846466310974069,0.14043122353559373,chronological_oos_exploratory_reuse,False,False,True,False,True,False,True,False
test,20260719,20260719_3_04,3,부경,11,True,,0.0,0.16992982311121663,0.21459032516739177,0.16440960749160866,chronological_oos_exploratory_reuse,True,False,True,False,True,False,True,False
test,20260719,20260719_3_05,3,부경,11,True,,0.0,0.1020762336846664,0.11204998628829411,0.1250427246137186,chronological_oos_exploratory_reuse,False,False,False,False,False,False,True,False
test,20260719,20260719_3_06,3,부경,11,True,,0.0,0.1766664528682064,0.0822982889184774,0.11037754028931117,chronological_oos_exploratory_reuse,False,False,False,False,False,False,False,True
test,20260719,20260719_3_07,3,부경,11,True,,0.0,0.12442215668388831,0.08084730151511031,0.10959281537743645,chronological_oos_exploratory_reuse,False,False,False,False,False,False,False,True
test,20260724,20260724_3_01,3,부경,9,True,,1.0,0.070809438462199,0.0638932657574808,0.09976085165253487,chronological_oos_exploratory_reuse,False,False,False,True,False,True,False,True
test,20260724,20260724_3_02,3,부경,8,True,,0.0,0.1310557824108305,0.0985756484546544,0.11870159756286018,chronological_oos_exploratory_reuse,False,False,False,False,False,False,False,False
test,20260724,20260724_3_03,3,부경,11,True,,0.0,0.11221420799466081,0.10896907297758539,0.12363019104991034,chronological_oos_exploratory_reuse,False,False,False,False,False,False,False,False
test,20260724,20260724_3_04,3,부경,11,True,,0.0,0.1451891734760179,0.2559762222394686,0.1779384531425088,chronological_oos_exploratory_reuse,True,False,True,False,True,False,True,False
test,20260724,20260724_3_05,3,부경,11,True,,0.0,0.1082329666984179,0.10455770839303724,0.12157040084128876,chronological_oos_exploratory_reuse,False,False,False,False,False,False,False,False
test,20260724,20260724_3_06,3,부경,11,True,,0.0,0.1002767469125195,0.11654252889030517,0.1270664882726775,chronological_oos_exploratory_reuse,False,False,False,False,False,False,True,False
test,20260724,20260724_3_07,3,부경,11,True,,0.0,0.0910254190539844,0.16048774004569324,0.14509569997248598,chronological_oos_exploratory_reuse,False,False,True,False,True,False,True,False
test,20260724,20260724_3_08,3,부경,10,True,,0.0,0.1449746611441117,0.06743596848518849,0.10192843146994617,chronological_oos_exploratory_reuse,False,False,False,False,False,True,False,True
test,20260725,20260725_1_01,1,서울,8,True,,0.0,0.0914838785222233,0.05739726108665784,0.09559773952205068,chronological_oos_exploratory_reuse,False,False,False,True,False,True,False,True
test,20260725,20260725_1_02,1,서울,11,True,,0.0,0.1104751866370279,0.16728781441494328,0.14766250685854004,chronological_oos_exploratory_reuse,False,False,True,False,True,False,True,False
test,20260725,20260725_1_03,1,서울,11,True,,0.0,0.105745278501062,0.054275137141419065,0.09349879886914748,chronological_oos_exploratory_reuse,False,True,False,True,False,True,False,True
test,20260725,20260725_1_04,1,서울,11,True,,0.0,0.13498432944513677,0.15012411109238796,0.14108531260328655,chronological_oos_exploratory_reuse,False,False,True,False,True,False,True,False
test,20260725,20260725_1_05,1,서울,10,True,,0.0,0.1400186632534815,0.14778418069247728,0.14016199937580748,chronological_oos_exploratory_reuse,False,False,True,False,True,False,True,False
test,20260725,20260725_1_06,1,서울,11,True,,0.0,0.0974436064695659,0.17147786544101995,0.14922075954504924,chronological_oos_exploratory_reuse,True,False,True,False,True,False,True,False
test,20260725,20260725_1_07,1,서울,11,True,,0.0,0.1020231949023533,0.11005984482687628,0.12413266199181014,chronological_oos_exploratory_reuse,False,False,False,False,False,False,False,False
test,20260725,20260725_1_08,1,서울,11,True,,0.0,0.1191066500836614,0.16052265214263095,0.14510900332194882,chronological_oos_exploratory_reuse,False,False,True,False,True,False,True,False
test,20260725,20260725_1_09,1,서울,11,True,,1.0,0.1084753585159428,0.09499014132229922,0.11693688096406353,chronological_oos_exploratory_reuse,False,False,False,False,False,False,False,False
test,20260725,20260725_1_10,1,서울,10,True,,0.0,0.191326811788242,0.06779594071373814,0.10214497459104582,chronological_oos_exploratory_reuse,False,False,False,False,False,True,False,True
test,20260726,20260726_1_01,1,서울,11,True,,0.0,0.0824534653175782,0.05317357625602795,0.0927413930447663,chronological_oos_exploratory_reuse,False,True,False,True,False,True,False,True
test,20260726,20260726_1_02,1,서울,11,True,,0.0,0.0760924284928608,0.0992941540662377,0.11905102879557522,chronological_oos_exploratory_reuse,False,False,False,False,False,False,False,False
test,20260726,20260726_1_03,1,서울,11,True,,0.0,0.11255736343906231,0.0912539209993953,0.11505893654692564,chronological_oos_exploratory_reuse,False,False,False,False,False,False,False,False
test,20260726,20260726_1_04,1,서울,11,True,,0.0,0.1954486662746313,0.14287268459701746,0.1382009438865188,chronological_oos_exploratory_reuse,False,False,False,False,True,False,True,False
test,20260726,20260726_1_05,1,서울,11,True,,0.0,0.19026736877682898,0.13133349575855577,0.13346012806521357,chronological_oos_exploratory_reuse,False,False,False,False,True,False,True,False
test,20260726,20260726_1_06,1,서울,11,True,,0.0,0.1694117287645415,0.21606652282616406,0.16490700971259514,chronological_oos_exploratory_reuse,True,False,True,False,True,False,True,False
test,20260726,20260726_1_07,1,서울,10,True,,0.0,0.1464463872403288,0.10288521275391163,0.12077739555910108,chronological_oos_exploratory_reuse,False,False,False,False,False,False,False,False
test,20260726,20260726_1_08,1,서울,11,True,,0.0,0.0920198179526803,0.12232718703833967,0.12961367389473039,chronological_oos_exploratory_reuse,False,False,False,False,False,False,True,False
test,20260726,20260726_1_09,1,서울,11,True,,1.0,0.11539939804927339,0.04914826044275762,0.08989223453788753,chronological_oos_exploratory_reuse,False,True,False,True,False,True,False,True
test,20260726,20260726_1_10,1,서울,10,True,,0.0,0.2250982568339838,0.09470927347641045,0.11679712601602059,chronological_oos_exploratory_reuse,False,False,False,False,False,False,False,False
test,20260726,20260726_3_01,3,부경,11,True,,0.0,0.089963616862637,0.05957419982539614,0.097022046083295,chronological_oos_exploratory_reuse,False,False,False,True,False,True,False,True
test,20260726,20260726_3_02,3,부경,11,True,,0.0,0.1211099970528687,0.07244655927190558,0.10488535378493045,chronological_oos_exploratory_reuse,False,False,False,False,False,True,False,True
test,20260726,20260726_3_03,3,부경,9,True,,1.0,0.1441266533038244,0.06349438769307446,0.09951250021582597,chronological_oos_exploratory_reuse,False,False,False,True,False,True,False,True
test,20260726,20260726_3_04,3,부경,11,True,,0.0,0.12368880857301351,0.07516932468767058,0.10644338939777329,chronological_oos_exploratory_reuse,False,False,False,False,False,True,False,True
test,20260726,20260726_3_05,3,부경,11,True,,0.0,0.1650499223122971,0.1194231387328206,0.12834286369989134,chronological_oos_exploratory_reuse,False,False,False,False,False,False,True,False
test,20260726,20260726_3_06,3,부경,10,True,,1.0,0.1814737928384642,0.10726172541004464,0.12283832614327259,chronological_oos_exploratory_reuse,False,False,False,False,False,False,False,False
test,20260726,20260726_3_07,3,부경,11,True,,0.0,0.1340024636969461,0.204443997559924,0.16095510331228366,chronological_oos_exploratory_reuse,True,False,True,False,True,False,True,False
test,20260807,20260807_3_01,3,부경,11,True,,0.0,0.0569886288231821,0.09955022365082455,0.11917523319865951,chronological_oos_exploratory_reuse,False,False,False,False,False,False,False,False
test,20260807,20260807_3_02,3,부경,11,True,,0.0,0.08282065393058481,0.0754431739120915,0.1065983087208792,chronological_oos_exploratory_reuse,False,False,False,False,False,True,False,True
test,20260807,20260807_3_03,3,부경,11,True,,0.0,0.1110933493835364,0.13287115396991878,0.1341034261298558,chronological_oos_exploratory_reuse,False,False,False,False,True,False,True,False
test,20260807,20260807_3_04,3,부경,11,True,,0.0,0.1036497043400671,0.15171481866851116,0.14170909879543675,chronological_oos_exploratory_reuse,False,False,True,False,True,False,True,False
test,20260807,20260807_3_05,3,부경,11,True,,0.0,0.12232529611335322,0.15985322383895087,0.14485368387206127,chronological_oos_exploratory_reuse,False,False,True,False,True,False,True,False
test,20260807,20260807_3_06,3,부경,11,True,,0.0,0.09831354795231881,0.18424368555587575,0.15386828682210435,chronological_oos_exploratory_reuse,True,False,True,False,True,False,True,False
test,20260807,20260807_3_07,3,부경,11,True,,0.0,0.15401365212217769,0.1100339068300167,0.12412074403820508,chronological_oos_exploratory_reuse,False,False,False,False,False,False,False,False
test,20260807,20260807_3_08,3,부경,11,True,,0.0,0.1051144637041776,0.11560666014739943,0.12664830326277685,chronological_oos_exploratory_reuse,False,False,False,False,False,False,True,False
test,20260808,20260808_1_01,1,서울,10,True,,0.0,0.0810476947363595,0.057421631635821285,0.09561385727445915,chronological_oos_exploratory_reuse,False,False,False,True,False,True,False,True
test,20260808,20260808_1_02,1,서울,10,True,,1.0,0.1639353871523125,0.1060465094707722,0.12227063428653882,chronological_oos_exploratory_reuse,False,False,False,False,False,False,False,False
test,20260808,20260808_1_03,1,서울,10,True,,0.0,0.0799086534760253,0.12530714327028852,0.13090176705974188,chronological_oos_exploratory_reuse,False,False,False,False,False,False,True,False
test,20260808,20260808_1_04,1,서울,11,True,,0.0,0.1862225013709482,0.1377832958125705,0.13613411784011253,chronological_oos_exploratory_reuse,False,False,False,False,True,False,True,False
test,20260808,20260808_1_05,1,서울,11,True,,1.0,0.1393954724192663,0.10360895391744633,0.12112139298909957,chronological_oos_exploratory_reuse,False,False,False,False,False,False,False,False
test,20260808,20260808_1_06,1,서울,11,True,,0.0,0.0793927422408319,0.08645974443861552,0.1125862432363651,chronological_oos_exploratory_reuse,False,False,False,False,False,False,False,True
test,20260808,20260808_1_07,1,서울,9,True,,0.0,0.14066390480069219,0.19998950446148003,0.1594175871414615,chronological_oos_exploratory_reuse,True,False,True,False,True,False,True,False
test,20260808,20260808_1_08,1,서울,11,True,,1.0,0.1164212305951023,0.17430197133972553,0.15026151922466768,chronological_oos_exploratory_reuse,True,False,True,False,True,False,True,False
test,20260808,20260808_1_09,1,서울,11,True,,0.0,0.0929779933041665,0.14294785957784858,0.1382312021594262,chronological_oos_exploratory_reuse,False,False,False,False,True,False,True,False
test,20260808,20260808_1_10,1,서울,11,True,,1.0,0.16135495690268797,0.11817269368075821,0.12779077779526343,chronological_oos_exploratory_reuse,False,False,False,False,False,False,True,False
test,20260809,20260809_1_01,1,서울,9,True,,1.0,0.09124159866915499,0.1032426306959639,0.12094743914001237,chronological_oos_exploratory_reuse,False,False,False,False,False,False,False,False
test,20260809,20260809_1_02,1,서울,9,True,,0.0,0.12034076880755329,0.03920146655777167,0.08219770081700249,chronological_oos_exploratory_reuse,False,True,False,True,False,True,False,True
test,20260809,20260809_1_03,1,서울,10,True,,0.0,0.1436289341735091,0.059076050113040776,0.09669883323554776,chronological_oos_exploratory_reuse,False,False,False,True,False,True,False,True
test,20260809,20260809_1_04,1,서울,11,True,,0.0,0.08794735956382049,0.05353182129376949,0.09298871616489982,chronological_oos_exploratory_reuse,False,True,False,True,False,True,False,True
test,20260809,20260809_1_05,1,서울,10,True,,0.0,0.2000639621682962,0.10661467293331081,0.12253648109445593,chronological_oos_exploratory_reuse,False,False,False,False,False,False,False,False
test,20260809,20260809_1_06,1,서울,11,True,,0.0,0.10498896335501649,0.0991908032547725,0.11900085040130357,chronological_oos_exploratory_reuse,False,False,False,False,False,False,False,False
test,20260809,20260809_1_07,1,서울,10,True,,0.0,0.1555054089872158,0.08080181945790955,0.10956809075194406,chronological_oos_exploratory_reuse,False,False,False,False,False,False,False,True
test,20260809,20260809_1_08,1,서울,11,True,,0.0,0.114085609930834,0.09257549626365011,0.11572792838429455,chronological_oos_exploratory_reuse,False,False,False,False,False,False,False,False
test,20260809,20260809_1_09,1,서울,8,True,,0.0,0.14332457907272741,0.15867817339219673,0.14440432804165668,chronological_oos_exploratory_reuse,False,False,True,False,True,False,True,False
test,20260809,20260809_1_10,1,서울,11,True,,0.0,0.1422706698810933,0.13974357608136598,0.13693453494434032,chronological_oos_exploratory_reuse,False,False,False,False,True,False,True,False
test,20260809,20260809_3_01,3,부경,9,True,,0.0,0.07924335865957041,0.05576317585176718,0.0945077537725196,chronological_oos_exploratory_reuse,False,False,False,True,False,True,False,True
test,20260809,20260809_3_02,3,부경,11,True,,1.0,0.07171797155873091,0.06582706223018778,0.10095237250738924,chronological_oos_exploratory_reuse,False,False,False,True,False,True,False,True
test,20260809,20260809_3_03,3,부경,11,True,,0.0,0.1624905098188499,0.12082833240848836,0.12895973265326818,chronological_oos_exploratory_reuse,False,False,False,False,False,False,True,False
test,20260809,20260809_3_04,3,부경,11,True,,1.0,0.1219584272119669,0.14160079912365925,0.13768783002303103,chronological_oos_exploratory_reuse,False,False,False,False,True,False,True,False
test,20260809,20260809_3_05,3,부경,11,True,,0.0,0.09359876636583901,0.0856105211890178,0.11214039950381309,chronological_oos_exploratory_reuse,False,False,False,False,False,False,False,True
test,20260809,20260809_3_06,3,부경,11,True,,0.0,0.1092165989512256,0.15629167204223499,0.1434869375294198,chronological_oos_exploratory_reuse,False,False,True,False,True,False,True,False
test,20260809,20260809_3_07,3,부경,11,True,,0.0,0.2061280972621066,0.11363269925705789,0.12576044158452918,chronological_oos_exploratory_reuse,False,False,False,False,False,False,True,False
