split,model_key,race_id,race_date,delta_ll
valid,full_upset_base_margin,20250517_1_01,20250517,-0.04069152154111011
valid,full_upset_base_margin,20250517_1_02,20250517,0.11832076125901336
valid,full_upset_base_margin,20250517_1_03,20250517,0.0016175959865254441
valid,full_upset_base_margin,20250517_1_04,20250517,0.15777972661436646
valid,full_upset_base_margin,20250517_1_05,20250517,0.12516171924231462
valid,full_upset_base_margin,20250517_1_06,20250517,0.10986568749523362
valid,full_upset_base_margin,20250517_1_07,20250517,-0.17176877405799118
valid,full_upset_base_margin,20250517_1_08,20250517,-0.18709810117423986
valid,full_upset_base_margin,20250517_1_09,20250517,-0.10132609368574319
valid,full_upset_base_margin,20250517_1_10,20250517,0.11510147414714533
valid,full_upset_base_margin,20250518_1_01,20250518,0.2955070504000129
valid,full_upset_base_margin,20250518_1_02,20250518,-0.1447441807574023
valid,full_upset_base_margin,20250518_1_05,20250518,0.03740063923712467
valid,full_upset_base_margin,20250518_1_06,20250518,0.045479740286658465
valid,full_upset_base_margin,20250518_1_07,20250518,0.039986911360822885
valid,full_upset_base_margin,20250518_1_08,20250518,0.05412089781553753
valid,full_upset_base_margin,20250518_1_09,20250518,-0.18864382512493538
valid,full_upset_base_margin,20250518_1_10,20250518,0.05224482262214003
valid,full_upset_base_margin,20250518_1_11,20250518,0.06375373460658595
valid,full_upset_base_margin,20250524_1_01,20250524,0.10749032662442437
valid,full_upset_base_margin,20250524_1_02,20250524,-0.06581641190844967
valid,full_upset_base_margin,20250524_1_03,20250524,-0.14495302767731877
valid,full_upset_base_margin,20250524_1_04,20250524,0.19800573440739022
valid,full_upset_base_margin,20250524_1_05,20250524,0.08466166522383634
valid,full_upset_base_margin,20250524_1_07,20250524,0.0971607164635766
valid,full_upset_base_margin,20250524_1_08,20250524,-0.0635399487794075
valid,full_upset_base_margin,20250524_1_09,20250524,0.14033937506804905
valid,full_upset_base_margin,20250524_1_10,20250524,0.15228131977372694
valid,full_upset_base_margin,20250525_1_01,20250525,0.09333589296806977
valid,full_upset_base_margin,20250525_1_02,20250525,-0.0016956610225120627
valid,full_upset_base_margin,20250525_1_03,20250525,0.003051788286968282
valid,full_upset_base_margin,20250525_1_04,20250525,0.04685559593463451
valid,full_upset_base_margin,20250525_1_05,20250525,0.008547664187275483
valid,full_upset_base_margin,20250525_1_06,20250525,0.0809679393044136
valid,full_upset_base_margin,20250525_1_07,20250525,0.05840898988540033
valid,full_upset_base_margin,20250525_1_08,20250525,0.12320952792677387
valid,full_upset_base_margin,20250525_1_09,20250525,0.15502013113023327
valid,full_upset_base_margin,20250525_1_10,20250525,0.04648814445432525
valid,full_upset_base_margin,20250525_1_11,20250525,-0.2036139250832063
valid,full_upset_base_margin,20250531_1_02,20250531,-0.10148725028914862
valid,full_upset_base_margin,20250531_1_03,20250531,0.06746112605086751
valid,full_upset_base_margin,20250531_1_04,20250531,0.03399693504760526
valid,full_upset_base_margin,20250531_1_05,20250531,0.23194609288134
valid,full_upset_base_margin,20250531_1_06,20250531,0.02500375138338784
valid,full_upset_base_margin,20250531_1_07,20250531,-0.07447067382795147
valid,full_upset_base_margin,20250531_1_08,20250531,0.14214731009202497
valid,full_upset_base_margin,20250531_1_09,20250531,-0.016627933786350635
valid,full_upset_base_margin,20250531_1_10,20250531,-0.06395114868034901
valid,full_upset_base_margin,20250601_1_01,20250601,0.09236382250711517
valid,full_upset_base_margin,20250601_1_03,20250601,0.010714211449625699
valid,full_upset_base_margin,20250601_1_04,20250601,0.07038946856374961
valid,full_upset_base_margin,20250601_1_05,20250601,0.10520999080353421
valid,full_upset_base_margin,20250601_1_06,20250601,-0.03162185822140717
valid,full_upset_base_margin,20250601_1_07,20250601,0.32921963283149713
valid,full_upset_base_margin,20250601_1_08,20250601,0.21900526838383094
valid,full_upset_base_margin,20250601_1_09,20250601,0.16315916142879328
valid,full_upset_base_margin,20250601_1_10,20250601,0.2773391787622752
valid,full_upset_base_margin,20250601_1_11,20250601,0.24006065430141899
valid,full_upset_base_margin,20250607_1_01,20250607,-0.1315384279579861
valid,full_upset_base_margin,20250607_1_02,20250607,0.07421250200781859
valid,full_upset_base_margin,20250607_1_03,20250607,-0.31855264636987624
valid,full_upset_base_margin,20250607_1_04,20250607,-0.2014168186567038
valid,full_upset_base_margin,20250607_1_05,20250607,0.09111225822743962
valid,full_upset_base_margin,20250607_1_07,20250607,-0.17710493918004744
valid,full_upset_base_margin,20250607_1_08,20250607,-0.07240753018019808
valid,full_upset_base_margin,20250607_1_09,20250607,0.22913500138526421
valid,full_upset_base_margin,20250608_1_01,20250608,-0.07964660421340763
valid,full_upset_base_margin,20250608_1_02,20250608,0.002329605738333407
valid,full_upset_base_margin,20250608_1_03,20250608,-0.27889376394795296
valid,full_upset_base_margin,20250608_1_04,20250608,-0.02146230591617604
valid,full_upset_base_margin,20250608_1_05,20250608,0.15252533226620613
valid,full_upset_base_margin,20250608_1_06,20250608,-0.035863552593072834
valid,full_upset_base_margin,20250608_1_07,20250608,0.12887186675969264
valid,full_upset_base_margin,20250608_1_08,20250608,-0.14838117178110055
valid,full_upset_base_margin,20250608_1_09,20250608,-0.04938200676704896
valid,full_upset_base_margin,20250614_1_01,20250614,0.058580176755365754
valid,full_upset_base_margin,20250614_1_02,20250614,0.19205069578464196
valid,full_upset_base_margin,20250614_1_03,20250614,0.07654274534790628
valid,full_upset_base_margin,20250614_1_04,20250614,-0.05563557078262882
valid,full_upset_base_margin,20250614_1_05,20250614,-0.1347643656837918
valid,full_upset_base_margin,20250614_1_06,20250614,0.11267462066224176
valid,full_upset_base_margin,20250614_1_07,20250614,0.3323296067263386
valid,full_upset_base_margin,20250614_1_08,20250614,0.22164532824971594
valid,full_upset_base_margin,20250614_1_09,20250614,0.05551925309416994
valid,full_upset_base_margin,20250615_1_02,20250615,0.16004985617292522
valid,full_upset_base_margin,20250615_1_03,20250615,0.08114890504593908
valid,full_upset_base_margin,20250615_1_04,20250615,0.10487624737202728
valid,full_upset_base_margin,20250615_1_05,20250615,-0.0010247014726698644
valid,full_upset_base_margin,20250615_1_06,20250615,-0.2750564139408542
valid,full_upset_base_margin,20250615_1_07,20250615,0.04062124323120608
valid,full_upset_base_margin,20250615_1_08,20250615,-0.0973898158901596
valid,full_upset_base_margin,20250615_1_09,20250615,-0.22918808787235934
valid,full_upset_base_margin,20250615_1_10,20250615,0.035290248746538966
valid,full_upset_base_margin,20250615_1_11,20250615,0.28109856791961857
valid,full_upset_base_margin,20250621_1_01,20250621,-0.030625887965780585
valid,full_upset_base_margin,20250621_1_02,20250621,0.18159686194043978
valid,full_upset_base_margin,20250621_1_03,20250621,-0.03802572756046185
valid,full_upset_base_margin,20250621_1_04,20250621,-0.0052664700788542795
valid,full_upset_base_margin,20250621_1_05,20250621,-0.09606144585817455
valid,full_upset_base_margin,20250621_1_06,20250621,0.008847882414986241
valid,full_upset_base_margin,20250621_1_07,20250621,0.14203398885963492
valid,full_upset_base_margin,20250621_1_09,20250621,-0.3289462712002087
valid,full_upset_base_margin,20250622_1_01,20250622,-0.131427595770635
valid,full_upset_base_margin,20250622_1_02,20250622,-0.1598192990937508
valid,full_upset_base_margin,20250622_1_03,20250622,-0.15944331840112103
valid,full_upset_base_margin,20250622_1_04,20250622,-0.015541003797111541
valid,full_upset_base_margin,20250622_1_05,20250622,-0.21151107784406054
valid,full_upset_base_margin,20250622_1_06,20250622,0.04970042031456767
valid,full_upset_base_margin,20250622_1_07,20250622,0.004918084579726756
valid,full_upset_base_margin,20250622_1_08,20250622,0.14634810178375468
valid,full_upset_base_margin,20250622_1_09,20250622,0.009124462691632251
valid,full_upset_base_margin,20250622_1_10,20250622,0.007306739361123249
valid,full_upset_base_margin,20250622_1_11,20250622,0.02559317660009519
valid,full_upset_base_margin,20250628_1_01,20250628,-0.15015597527128177
valid,full_upset_base_margin,20250628_1_02,20250628,-0.043180418790982
valid,full_upset_base_margin,20250628_1_03,20250628,-0.01771542004238258
valid,full_upset_base_margin,20250628_1_04,20250628,0.040469936496026815
valid,full_upset_base_margin,20250628_1_05,20250628,0.027715741270490923
valid,full_upset_base_margin,20250628_1_06,20250628,0.025312087392725724
valid,full_upset_base_margin,20250628_1_07,20250628,0.08810135961010634
valid,full_upset_base_margin,20250628_1_08,20250628,0.12242174154684626
valid,full_upset_base_margin,20250628_1_09,20250628,-0.0822619306851895
valid,full_upset_base_margin,20250629_1_01,20250629,0.2705468862657232
valid,full_upset_base_margin,20250629_1_02,20250629,-0.03730408077848524
valid,full_upset_base_margin,20250629_1_03,20250629,0.3240576449385837
valid,full_upset_base_margin,20250629_1_04,20250629,0.019487173104060118
valid,full_upset_base_margin,20250629_1_05,20250629,0.014600140152209118
valid,full_upset_base_margin,20250629_1_06,20250629,0.13188409555410763
valid,full_upset_base_margin,20250629_1_07,20250629,0.016033183619589497
valid,full_upset_base_margin,20250629_1_08,20250629,0.17167207670972362
valid,full_upset_base_margin,20250629_1_09,20250629,-0.08847318273903904
valid,full_upset_base_margin,20250629_1_10,20250629,0.1941686144488567
valid,full_upset_base_margin,20250629_1_11,20250629,-0.03126662746799047
valid,full_upset_base_margin,20250705_1_01,20250705,0.05293496714378909
valid,full_upset_base_margin,20250705_1_02,20250705,0.0037880336060043263
valid,full_upset_base_margin,20250705_1_03,20250705,-0.052697240380829236
valid,full_upset_base_margin,20250705_1_04,20250705,-0.18976442745266064
valid,full_upset_base_margin,20250705_1_05,20250705,0.13285148185910156
valid,full_upset_base_margin,20250705_1_06,20250705,-0.009765434310781362
valid,full_upset_base_margin,20250705_1_08,20250705,-0.29508961672457223
valid,full_upset_base_margin,20250705_1_09,20250705,-0.28793505011521825
valid,full_upset_base_margin,20250706_1_01,20250706,0.14312591996221624
valid,full_upset_base_margin,20250706_1_02,20250706,0.05039475412176264
valid,full_upset_base_margin,20250706_1_03,20250706,0.06796854585004952
valid,full_upset_base_margin,20250706_1_04,20250706,0.1276891229854149
valid,full_upset_base_margin,20250706_1_05,20250706,0.051853644645428965
valid,full_upset_base_margin,20250706_1_06,20250706,-0.056629054145637125
valid,full_upset_base_margin,20250706_1_07,20250706,0.07810880202025028
valid,full_upset_base_margin,20250706_1_08,20250706,0.09172996093564934
valid,full_upset_base_margin,20250706_1_09,20250706,-0.07959535908017612
valid,full_upset_base_margin,20250706_1_10,20250706,0.2943934737530354
valid,full_upset_base_margin,20250706_1_11,20250706,-0.1182405909237052
valid,full_upset_base_margin,20250712_1_01,20250712,-0.17228822578953906
valid,full_upset_base_margin,20250712_1_02,20250712,0.08749691449763175
valid,full_upset_base_margin,20250712_1_03,20250712,0.048914012579686084
valid,full_upset_base_margin,20250712_1_04,20250712,-0.08079034734482415
valid,full_upset_base_margin,20250712_1_05,20250712,-0.14704290843487278
valid,full_upset_base_margin,20250712_1_06,20250712,0.08898489974832402
valid,full_upset_base_margin,20250712_1_07,20250712,-0.16461145223144635
valid,full_upset_base_margin,20250712_1_08,20250712,-0.0049133557537901495
valid,full_upset_base_margin,20250712_1_09,20250712,0.12264945542828043
valid,full_upset_base_margin,20250713_1_01,20250713,-0.06345326310489763
valid,full_upset_base_margin,20250713_1_02,20250713,0.011980704515558216
valid,full_upset_base_margin,20250713_1_03,20250713,0.0730065507366724
valid,full_upset_base_margin,20250713_1_04,20250713,0.22065483749010273
valid,full_upset_base_margin,20250713_1_05,20250713,-0.03127382898508513
valid,full_upset_base_margin,20250713_1_06,20250713,0.25204965107332344
valid,full_upset_base_margin,20250713_1_07,20250713,-0.11169319363174268
valid,full_upset_base_margin,20250713_1_08,20250713,0.17111321628578935
valid,full_upset_base_margin,20250713_1_09,20250713,-0.06223297605485523
valid,full_upset_base_margin,20250713_1_10,20250713,0.013086676482470305
valid,full_upset_base_margin,20250713_1_11,20250713,-0.1442230406466436
valid,full_upset_base_margin,20250719_1_01,20250719,0.1785296152385123
valid,full_upset_base_margin,20250719_1_02,20250719,-0.05730537579382444
valid,full_upset_base_margin,20250719_1_03,20250719,0.08011582817974494
valid,full_upset_base_margin,20250719_1_04,20250719,-0.12523228423134047
valid,full_upset_base_margin,20250719_1_05,20250719,0.2529092133279547
valid,full_upset_base_margin,20250719_1_06,20250719,0.07842792196296355
valid,full_upset_base_margin,20250719_1_07,20250719,-0.0448451423377807
valid,full_upset_base_margin,20250719_1_08,20250719,0.15779254415573418
valid,full_upset_base_margin,20250719_1_09,20250719,0.1564322380896881
valid,full_upset_base_margin,20250720_1_01,20250720,0.08137148289305784
valid,full_upset_base_margin,20250720_1_02,20250720,0.0871132429486472
valid,full_upset_base_margin,20250720_1_03,20250720,-0.1823606439790595
valid,full_upset_base_margin,20250720_1_04,20250720,0.023465425116267813
valid,full_upset_base_margin,20250720_1_05,20250720,-0.0429013029423051
valid,full_upset_base_margin,20250720_1_06,20250720,-0.08100046021497276
valid,full_upset_base_margin,20250720_1_07,20250720,-0.09170057104795859
valid,full_upset_base_margin,20250720_1_08,20250720,0.19033197098390275
valid,full_upset_base_margin,20250720_1_09,20250720,0.1006153094402662
valid,full_upset_base_margin,20250720_1_10,20250720,-0.008930223328415865
valid,full_upset_base_margin,20250720_1_11,20250720,-0.34013371915781
valid,full_upset_base_margin,20250726_1_01,20250726,0.00039054336252886124
valid,full_upset_base_margin,20250726_1_02,20250726,0.03535538655855275
valid,full_upset_base_margin,20250726_1_03,20250726,-0.21431106419628376
valid,full_upset_base_margin,20250726_1_04,20250726,-0.12604441708407466
valid,full_upset_base_margin,20250726_1_05,20250726,0.11515164980678216
valid,full_upset_base_margin,20250726_1_06,20250726,-0.012647252513142249
valid,full_upset_base_margin,20250726_1_07,20250726,-0.01257603354470982
valid,full_upset_base_margin,20250726_1_08,20250726,-0.024120360390928797
valid,full_upset_base_margin,20250726_1_09,20250726,-0.26743656398682236
valid,full_upset_base_margin,20250727_1_01,20250727,-0.020079450739793003
valid,full_upset_base_margin,20250727_1_02,20250727,0.0380799115062187
valid,full_upset_base_margin,20250727_1_03,20250727,0.1736316816169734
valid,full_upset_base_margin,20250727_1_04,20250727,-0.06583302286626203
valid,full_upset_base_margin,20250727_1_05,20250727,-0.1260045966542167
valid,full_upset_base_margin,20250727_1_06,20250727,0.10094539462782304
valid,full_upset_base_margin,20250727_1_08,20250727,0.11949969576665387
valid,full_upset_base_margin,20250727_1_09,20250727,0.25596875488620874
valid,full_upset_base_margin,20250727_1_10,20250727,-0.132085480001634
valid,full_upset_base_margin,20250727_1_11,20250727,0.19305827132204678
valid,full_upset_base_margin,20250727_1_12,20250727,-0.23579018264334906
valid,full_upset_base_margin,20250727_1_13,20250727,-0.004287263545138753
valid,full_upset_base_margin,20250727_1_14,20250727,-0.22079519322961194
valid,full_upset_base_margin,20250802_1_01,20250802,-0.005184308717409936
valid,full_upset_base_margin,20250802_1_03,20250802,-0.1512580018501759
valid,full_upset_base_margin,20250802_1_04,20250802,-0.16245181155879385
valid,full_upset_base_margin,20250802_1_05,20250802,-0.03129298312575912
valid,full_upset_base_margin,20250802_1_06,20250802,0.28784177424140056
valid,full_upset_base_margin,20250802_1_07,20250802,-0.030183025046828682
valid,full_upset_base_margin,20250802_1_08,20250802,-0.3444585616819009
valid,full_upset_base_margin,20250802_1_09,20250802,0.21171932392422332
valid,full_upset_base_margin,20250803_1_01,20250803,-0.036280591237824567
valid,full_upset_base_margin,20250803_1_02,20250803,-0.008809833082109808
valid,full_upset_base_margin,20250803_1_03,20250803,-0.07137715990378468
valid,full_upset_base_margin,20250803_1_04,20250803,0.020477891285340277
valid,full_upset_base_margin,20250803_1_05,20250803,-0.08750806979063852
valid,full_upset_base_margin,20250803_1_06,20250803,-0.22847607917459678
valid,full_upset_base_margin,20250803_1_07,20250803,0.10246483749778257
valid,full_upset_base_margin,20250803_1_08,20250803,-0.10183443227465405
valid,full_upset_base_margin,20250803_1_09,20250803,0.45283759414353253
valid,full_upset_base_margin,20250803_1_10,20250803,-0.013565075157425
valid,full_upset_base_margin,20250803_1_11,20250803,-0.0260886087745833
valid,full_upset_base_margin,20250803_1_12,20250803,-0.31931354695737424
valid,full_upset_base_margin,20250803_1_13,20250803,-0.033575306217136
valid,full_upset_base_margin,20250803_1_14,20250803,-0.07479449686944761
valid,full_upset_base_margin,20250816_1_01,20250816,-0.07565342298849842
valid,full_upset_base_margin,20250816_1_02,20250816,0.15367768505705226
valid,full_upset_base_margin,20250816_1_03,20250816,0.07742047772826799
valid,full_upset_base_margin,20250816_1_04,20250816,0.059218305652776415
valid,full_upset_base_margin,20250816_1_05,20250816,0.19163966361946372
valid,full_upset_base_margin,20250816_1_06,20250816,0.009837193986707682
valid,full_upset_base_margin,20250816_1_07,20250816,0.04353475043175736
valid,full_upset_base_margin,20250816_1_08,20250816,0.22165398232889366
valid,full_upset_base_margin,20250816_1_09,20250816,0.09355750966583032
valid,full_upset_base_margin,20250817_1_01,20250817,0.006776900849038592
valid,full_upset_base_margin,20250817_1_02,20250817,0.008669037956111514
valid,full_upset_base_margin,20250817_1_03,20250817,0.07436863197766264
valid,full_upset_base_margin,20250817_1_04,20250817,-0.1579020859328889
valid,full_upset_base_margin,20250817_1_05,20250817,-0.20568891783224696
valid,full_upset_base_margin,20250817_1_06,20250817,0.0583931485002096
valid,full_upset_base_margin,20250817_1_07,20250817,0.03568709929106373
valid,full_upset_base_margin,20250817_1_08,20250817,0.08291172117667134
valid,full_upset_base_margin,20250817_1_09,20250817,-0.2849301335024317
valid,full_upset_base_margin,20250817_1_10,20250817,-0.2019815559945033
valid,full_upset_base_margin,20250817_1_11,20250817,0.10666797080291279
valid,full_upset_base_margin,20250823_1_01,20250823,-0.12824178767560357
valid,full_upset_base_margin,20250823_1_02,20250823,0.03389534010226569
valid,full_upset_base_margin,20250823_1_03,20250823,-0.07728499690431245
valid,full_upset_base_margin,20250823_1_04,20250823,0.352159043187267
valid,full_upset_base_margin,20250823_1_05,20250823,-0.02829713840653092
valid,full_upset_base_margin,20250823_1_07,20250823,-0.17785545199550779
valid,full_upset_base_margin,20250823_1_08,20250823,-0.008505895589010715
valid,full_upset_base_margin,20250823_1_09,20250823,0.12346791133838664
valid,full_upset_base_margin,20250823_1_10,20250823,-0.27843669505696633
valid,full_upset_base_margin,20250824_1_01,20250824,-0.2239541357899868
valid,full_upset_base_margin,20250824_1_02,20250824,-0.02928351865172818
valid,full_upset_base_margin,20250824_1_03,20250824,0.00037091551360646235
valid,full_upset_base_margin,20250824_1_04,20250824,0.029193886321467466
valid,full_upset_base_margin,20250824_1_05,20250824,-0.12212076147121587
valid,full_upset_base_margin,20250824_1_06,20250824,0.14010159952245704
valid,full_upset_base_margin,20250824_1_07,20250824,-0.0807752866284388
valid,full_upset_base_margin,20250824_1_08,20250824,-0.06865407659592093
valid,full_upset_base_margin,20250824_1_09,20250824,-0.20009564775803756
valid,full_upset_base_margin,20250824_1_10,20250824,0.11419411951682257
valid,full_upset_base_margin,20250830_1_01,20250830,0.09158707678402289
valid,full_upset_base_margin,20250830_1_02,20250830,0.030560638195425094
valid,full_upset_base_margin,20250830_1_03,20250830,0.07839271571716688
valid,full_upset_base_margin,20250830_1_04,20250830,0.21957570346113697
valid,full_upset_base_margin,20250830_1_05,20250830,0.09650926847283903
valid,full_upset_base_margin,20250830_1_06,20250830,-0.2107534279633002
valid,full_upset_base_margin,20250830_1_08,20250830,-0.14456670009582107
valid,full_upset_base_margin,20250830_1_09,20250830,-0.03948819895261746
valid,full_upset_base_margin,20250830_1_10,20250830,0.010740870680694181
valid,full_upset_base_margin,20250831_1_01,20250831,0.02637859006933141
valid,full_upset_base_margin,20250831_1_02,20250831,-0.006053647573815546
valid,full_upset_base_margin,20250831_1_03,20250831,0.020109148874303595
valid,full_upset_base_margin,20250831_1_04,20250831,0.13407323745538502
valid,full_upset_base_margin,20250831_1_05,20250831,0.12121494029276336
valid,full_upset_base_margin,20250831_1_06,20250831,0.02613683219839169
valid,full_upset_base_margin,20250831_1_07,20250831,-0.05250980384023207
valid,full_upset_base_margin,20250831_1_08,20250831,0.07606945117012809
valid,full_upset_base_margin,20250831_1_09,20250831,-0.04121433901131688
valid,full_upset_base_margin,20250831_1_10,20250831,0.19621678418410482
valid,full_upset_base_margin,20250831_1_11,20250831,0.02867908503336425
valid,full_upset_base_margin,20250906_1_01,20250906,0.26666211248258387
valid,full_upset_base_margin,20250906_1_02,20250906,0.14097485797305875
valid,full_upset_base_margin,20250906_1_03,20250906,0.11044207506061932
valid,full_upset_base_margin,20250906_1_04,20250906,0.07140821089073457
valid,full_upset_base_margin,20250906_1_05,20250906,0.10739067050962381
valid,full_upset_base_margin,20250906_1_06,20250906,-0.023195733741855684
valid,full_upset_base_margin,20250906_1_08,20250906,-0.03399603578843857
valid,full_upset_base_margin,20250906_1_09,20250906,0.014415956047586831
valid,full_upset_base_margin,20250906_1_10,20250906,-0.3238610431077409
valid,full_upset_base_margin,20250906_1_11,20250906,0.14943214533905547
valid,full_upset_base_margin,20250907_1_01,20250907,0.003266932223101371
valid,full_upset_base_margin,20250907_1_02,20250907,-0.0842295100867152
valid,full_upset_base_margin,20250907_1_03,20250907,0.06781412981504742
valid,full_upset_base_margin,20250907_1_04,20250907,0.21405041301335137
valid,full_upset_base_margin,20250907_1_05,20250907,-0.13624136796625352
valid,full_upset_base_margin,20250907_1_06,20250907,-0.17004738690203758
valid,full_upset_base_margin,20250907_1_07,20250907,-0.16845708615910837
valid,full_upset_base_margin,20250907_1_08,20250907,-0.11088217208975948
valid,full_upset_base_margin,20250907_1_09,20250907,0.1176290547149148
valid,full_upset_base_margin,20250907_1_10,20250907,-0.029238606821367696
valid,full_upset_base_margin,20250913_1_01,20250913,-0.0494840054891823
valid,full_upset_base_margin,20250913_1_02,20250913,0.22131522243484236
valid,full_upset_base_margin,20250913_1_03,20250913,-0.07124267534489759
valid,full_upset_base_margin,20250913_1_04,20250913,-0.24275590061742403
valid,full_upset_base_margin,20250913_1_05,20250913,-0.1749730587893965
valid,full_upset_base_margin,20250913_1_06,20250913,0.09662572675428316
valid,full_upset_base_margin,20250913_1_07,20250913,0.08900444997748691
valid,full_upset_base_margin,20250913_1_08,20250913,-0.37227709847595625
valid,full_upset_base_margin,20250913_1_09,20250913,0.1073010525589525
valid,full_upset_base_margin,20250913_1_10,20250913,0.22689409848003494
valid,full_upset_base_margin,20250914_1_01,20250914,-0.024998885134980497
valid,full_upset_base_margin,20250914_1_02,20250914,0.08411646550814922
valid,full_upset_base_margin,20250914_1_03,20250914,-0.3300389117783036
valid,full_upset_base_margin,20250914_1_04,20250914,0.09676275939211143
valid,full_upset_base_margin,20250914_1_05,20250914,-0.05034471341471525
valid,full_upset_base_margin,20250914_1_06,20250914,-0.0177436141221905
valid,full_upset_base_margin,20250914_1_07,20250914,0.015733851422875533
valid,full_upset_base_margin,20250914_1_08,20250914,-0.06903953323692935
valid,full_upset_base_margin,20250914_1_09,20250914,0.038847387971283176
valid,full_upset_base_margin,20250914_1_10,20250914,0.13963076895176307
valid,full_upset_base_margin,20250914_1_11,20250914,0.04678524304352627
valid,full_upset_base_margin,20250920_1_01,20250920,0.027849165190288017
valid,full_upset_base_margin,20250920_1_02,20250920,-0.016688889816981023
valid,full_upset_base_margin,20250920_1_03,20250920,0.1766488277817968
valid,full_upset_base_margin,20250920_1_04,20250920,0.2893546856869029
valid,full_upset_base_margin,20250920_1_05,20250920,-0.20576943887303445
valid,full_upset_base_margin,20250920_1_06,20250920,-0.07428740368408526
valid,full_upset_base_margin,20250920_1_07,20250920,-0.018098790196774628
valid,full_upset_base_margin,20250920_1_08,20250920,0.1459163911799033
valid,full_upset_base_margin,20250920_1_09,20250920,-0.17171305722831454
valid,full_upset_base_margin,20250920_1_10,20250920,-0.10732162104731313
valid,full_upset_base_margin,20250921_1_01,20250921,0.11800925236174997
valid,full_upset_base_margin,20250921_1_02,20250921,-0.04328268634233701
valid,full_upset_base_margin,20250921_1_03,20250921,0.20760128537427014
valid,full_upset_base_margin,20250921_1_04,20250921,0.14006004772620373
valid,full_upset_base_margin,20250921_1_05,20250921,0.15404356808050812
valid,full_upset_base_margin,20250921_1_06,20250921,-0.1053925976819341
valid,full_upset_base_margin,20250921_1_07,20250921,0.11908347717534262
valid,full_upset_base_margin,20250921_1_08,20250921,-0.015472896272914038
valid,full_upset_base_margin,20250921_1_09,20250921,-0.041239309961535575
valid,full_upset_base_margin,20250921_1_10,20250921,0.010950458696557419
valid,full_upset_base_margin,20250921_1_11,20250921,0.13663599257182035
valid,full_upset_base_margin,20250927_1_01,20250927,0.17048100108348807
valid,full_upset_base_margin,20250927_1_02,20250927,-0.1295143988185381
valid,full_upset_base_margin,20250927_1_03,20250927,-0.05148623777083239
valid,full_upset_base_margin,20250927_1_04,20250927,0.07737664441642955
valid,full_upset_base_margin,20250927_1_05,20250927,-0.0649236852892694
valid,full_upset_base_margin,20250927_1_06,20250927,-0.015730137835052505
valid,full_upset_base_margin,20250927_1_07,20250927,-0.12893061480552337
valid,full_upset_base_margin,20250927_1_08,20250927,0.24335772563041314
valid,full_upset_base_margin,20250927_1_09,20250927,-0.09739118552589465
valid,full_upset_base_margin,20250927_1_10,20250927,0.10525586817316035
valid,full_upset_base_margin,20250928_1_01,20250928,-0.13507216220956209
valid,full_upset_base_margin,20250928_1_02,20250928,-0.05441766221203648
valid,full_upset_base_margin,20250928_1_03,20250928,-0.03217272582968034
valid,full_upset_base_margin,20250928_1_04,20250928,0.15529718651062563
valid,full_upset_base_margin,20250928_1_05,20250928,0.10152292489038328
valid,full_upset_base_margin,20250928_1_06,20250928,0.06481068235410703
valid,full_upset_base_margin,20250928_1_07,20250928,-0.028390683749664136
valid,full_upset_base_margin,20250928_1_08,20250928,-0.21181867799741338
valid,full_upset_base_margin,20250928_1_09,20250928,0.00975171365834826
valid,full_upset_base_margin,20250928_1_10,20250928,0.2216058034220052
valid,full_upset_base_margin,20250928_1_11,20250928,0.12281342129260331
valid,full_upset_base_margin,20251003_1_01,20251003,0.044128559766249964
valid,full_upset_base_margin,20251003_1_02,20251003,0.03693758182155893
valid,full_upset_base_margin,20251003_1_03,20251003,0.1843192766608608
valid,full_upset_base_margin,20251003_1_04,20251003,0.12905777733589985
valid,full_upset_base_margin,20251003_1_05,20251003,0.06501234618574525
valid,full_upset_base_margin,20251003_1_06,20251003,-0.0878315828751064
valid,full_upset_base_margin,20251003_1_07,20251003,-0.01124226514788873
valid,full_upset_base_margin,20251003_1_08,20251003,0.25901557297996414
valid,full_upset_base_margin,20251003_1_09,20251003,-0.10367263518588254
valid,full_upset_base_margin,20251003_1_10,20251003,0.01412450636538809
valid,full_upset_base_margin,20251003_1_11,20251003,0.1585440812853689
valid,full_upset_base_margin,20251004_1_01,20251004,0.1207530741625753
valid,full_upset_base_margin,20251004_1_02,20251004,-0.12054951329840691
valid,full_upset_base_margin,20251004_1_03,20251004,0.020685841856222797
valid,full_upset_base_margin,20251004_1_04,20251004,0.08677246322890464
valid,full_upset_base_margin,20251004_1_05,20251004,0.3131741372817185
valid,full_upset_base_margin,20251004_1_06,20251004,0.0984603980927865
valid,full_upset_base_margin,20251004_1_07,20251004,0.06303093888285494
valid,full_upset_base_margin,20251004_1_08,20251004,-0.13489500986711755
valid,full_upset_base_margin,20251004_1_09,20251004,0.1462202810282478
valid,full_upset_base_margin,20251004_1_10,20251004,0.07680677410054493
valid,full_upset_base_margin,20251004_1_11,20251004,0.09823752542744746
valid,full_upset_base_margin,20251018_1_01,20251018,0.19510852926984978
valid,full_upset_base_margin,20251018_1_02,20251018,0.016027874360995176
valid,full_upset_base_margin,20251018_1_03,20251018,-0.09843784127904387
valid,full_upset_base_margin,20251018_1_04,20251018,-0.04324889017917277
valid,full_upset_base_margin,20251018_1_05,20251018,0.05874646641653092
valid,full_upset_base_margin,20251018_1_06,20251018,0.06673514164847305
valid,full_upset_base_margin,20251018_1_07,20251018,0.1290005387526343
valid,full_upset_base_margin,20251018_1_08,20251018,0.1827572647015518
valid,full_upset_base_margin,20251018_1_09,20251018,0.16130643514787213
valid,full_upset_base_margin,20251018_1_10,20251018,0.014539536925781027
valid,full_upset_base_margin,20251018_1_11,20251018,-0.06548058577305982
valid,full_upset_base_margin,20251019_1_01,20251019,-0.05433464601340654
valid,full_upset_base_margin,20251019_1_02,20251019,0.060965244441261834
valid,full_upset_base_margin,20251019_1_03,20251019,0.04891045603011124
valid,full_upset_base_margin,20251019_1_04,20251019,-0.010460975362974634
valid,full_upset_base_margin,20251019_1_05,20251019,0.007023841945247855
valid,full_upset_base_margin,20251019_1_06,20251019,0.04468119193332121
valid,full_upset_base_margin,20251019_1_07,20251019,0.04036790100294352
valid,full_upset_base_margin,20251019_1_08,20251019,-0.1085726611823965
valid,full_upset_base_margin,20251019_1_09,20251019,0.3286887303392845
valid,full_upset_base_margin,20251019_1_10,20251019,-0.1971256975514497
valid,full_upset_base_margin,20251019_1_11,20251019,-0.02860567380811374
valid,full_upset_base_margin,20251025_1_01,20251025,0.03611042961235422
valid,full_upset_base_margin,20251025_1_02,20251025,-0.17643822280797772
valid,full_upset_base_margin,20251025_1_03,20251025,-0.05302232820073538
valid,full_upset_base_margin,20251025_1_04,20251025,0.10225675674586121
valid,full_upset_base_margin,20251025_1_05,20251025,0.29789647702896405
valid,full_upset_base_margin,20251025_1_06,20251025,-0.07889247357963969
valid,full_upset_base_margin,20251025_1_07,20251025,0.2323071342373153
valid,full_upset_base_margin,20251025_1_08,20251025,-0.3537949925440045
valid,full_upset_base_margin,20251025_1_09,20251025,-0.031549884966156405
valid,full_upset_base_margin,20251025_1_10,20251025,0.12542713111669967
valid,full_upset_base_margin,20251025_1_11,20251025,0.092366759738163
valid,full_upset_base_margin,20251026_1_01,20251026,0.12810215015489668
valid,full_upset_base_margin,20251026_1_02,20251026,0.018732608947792828
valid,full_upset_base_margin,20251026_1_03,20251026,-0.13403126674230803
valid,full_upset_base_margin,20251026_1_04,20251026,-0.058460220601132984
valid,full_upset_base_margin,20251026_1_05,20251026,0.16993877129888224
valid,full_upset_base_margin,20251026_1_06,20251026,0.23788546501854224
valid,full_upset_base_margin,20251026_1_07,20251026,0.05282037245020388
valid,full_upset_base_margin,20251026_1_08,20251026,-0.265372494034704
valid,full_upset_base_margin,20251026_1_09,20251026,-0.034136907576432396
valid,full_upset_base_margin,20251026_1_10,20251026,0.1887518816533177
valid,full_upset_base_margin,20251026_1_11,20251026,-0.2746442378314651
valid,full_upset_base_margin,20251101_1_01,20251101,-0.06159124154314011
valid,full_upset_base_margin,20251101_1_02,20251101,0.04534450781527921
valid,full_upset_base_margin,20251101_1_03,20251101,-0.05288681718288335
valid,full_upset_base_margin,20251101_1_04,20251101,0.1106331722459919
valid,full_upset_base_margin,20251101_1_05,20251101,-0.11190902989535645
valid,full_upset_base_margin,20251101_1_06,20251101,0.003317739706301004
valid,full_upset_base_margin,20251101_1_07,20251101,-0.03617949474197135
valid,full_upset_base_margin,20251101_1_08,20251101,0.23879653554330882
valid,full_upset_base_margin,20251101_1_09,20251101,-0.10548641359736166
valid,full_upset_base_margin,20251101_1_10,20251101,-0.0154429225837045
valid,full_upset_base_margin,20251101_1_11,20251101,-0.17453016973455293
valid,full_upset_base_margin,20251102_1_01,20251102,0.04065754793521226
valid,full_upset_base_margin,20251102_1_02,20251102,-0.031131298563544463
valid,full_upset_base_margin,20251102_1_03,20251102,-0.006428272293223181
valid,full_upset_base_margin,20251102_1_04,20251102,0.14341095801357095
valid,full_upset_base_margin,20251102_1_05,20251102,-0.21095676936151653
valid,full_upset_base_margin,20251102_1_06,20251102,-0.13838911055417968
valid,full_upset_base_margin,20251102_1_07,20251102,-0.0017080570875720458
valid,full_upset_base_margin,20251102_1_08,20251102,0.03567634677860687
valid,full_upset_base_margin,20251102_1_09,20251102,0.10021269480119077
valid,full_upset_base_margin,20251102_1_10,20251102,0.1685561444679453
valid,full_upset_base_margin,20251102_1_11,20251102,0.22805146172399682
valid,full_upset_base_margin,20251108_1_01,20251108,-0.1641511204295627
valid,full_upset_base_margin,20251108_1_02,20251108,0.21505765483163342
valid,full_upset_base_margin,20251108_1_03,20251108,0.011162570532893268
valid,full_upset_base_margin,20251108_1_04,20251108,-0.2266047666761617
valid,full_upset_base_margin,20251108_1_05,20251108,0.10256307670276743
valid,full_upset_base_margin,20251108_1_06,20251108,-0.028863987147605297
valid,full_upset_base_margin,20251108_1_07,20251108,-0.09745417031130721
valid,full_upset_base_margin,20251108_1_08,20251108,-0.15700988172192787
valid,full_upset_base_margin,20251108_1_09,20251108,0.05701650001156605
valid,full_upset_base_margin,20251108_1_10,20251108,-0.18607323770668316
valid,full_upset_base_margin,20251108_1_11,20251108,0.1116720962000346
valid,full_upset_base_margin,20251109_1_01,20251109,-0.03621292485367733
valid,full_upset_base_margin,20251109_1_02,20251109,-0.027909741535768195
valid,full_upset_base_margin,20251109_1_03,20251109,-0.10427891882316276
valid,full_upset_base_margin,20251109_1_04,20251109,0.23093740612654368
valid,full_upset_base_margin,20251109_1_05,20251109,0.0803536954502474
valid,full_upset_base_margin,20251109_1_06,20251109,0.29928475749177474
valid,full_upset_base_margin,20251109_1_07,20251109,0.3477983928653505
valid,full_upset_base_margin,20251109_1_08,20251109,-0.09824237290265536
valid,full_upset_base_margin,20251109_1_09,20251109,0.3436941559077722
valid,full_upset_base_margin,20251109_1_10,20251109,-0.02221752029015689
valid,full_upset_base_margin,20251109_1_11,20251109,0.15118868703452537
valid,full_upset_base_margin,20251115_1_01,20251115,-0.018266302516642074
valid,full_upset_base_margin,20251115_1_02,20251115,0.0879781960881576
valid,full_upset_base_margin,20251115_1_03,20251115,0.2399879706610526
valid,full_upset_base_margin,20251115_1_04,20251115,-0.08756501027512309
valid,full_upset_base_margin,20251115_1_05,20251115,0.024059998220500756
valid,full_upset_base_margin,20251115_1_06,20251115,-0.3259716382168927
valid,full_upset_base_margin,20251115_1_07,20251115,-0.06730184608944123
valid,full_upset_base_margin,20251115_1_08,20251115,-0.07870732017110571
valid,full_upset_base_margin,20251115_1_09,20251115,-0.05740764950148591
valid,full_upset_base_margin,20251115_1_10,20251115,-0.043495158986230686
valid,full_upset_base_margin,20251115_1_11,20251115,-0.13674625313865052
valid,full_upset_base_margin,20251116_1_01,20251116,0.06930668655044192
valid,full_upset_base_margin,20251116_1_02,20251116,0.03458014046436486
valid,full_upset_base_margin,20251116_1_03,20251116,0.08053253942070793
valid,full_upset_base_margin,20251116_1_04,20251116,0.05404054941180514
valid,full_upset_base_margin,20251116_1_05,20251116,0.02512484720226782
valid,full_upset_base_margin,20251116_1_06,20251116,-0.10085564588115803
valid,full_upset_base_margin,20251116_1_07,20251116,-0.15231562537318322
valid,full_upset_base_margin,20251116_1_08,20251116,0.0673148373853194
valid,full_upset_base_margin,20251116_1_09,20251116,-0.04795157518288273
valid,full_upset_base_margin,20251116_1_10,20251116,0.07155127886699186
valid,full_upset_base_margin,20251122_1_01,20251122,-0.06244991958439394
valid,full_upset_base_margin,20251122_1_02,20251122,0.06727446629229239
valid,full_upset_base_margin,20251122_1_03,20251122,-0.2500907767649849
valid,full_upset_base_margin,20251122_1_04,20251122,0.20323031835749883
valid,full_upset_base_margin,20251122_1_05,20251122,-0.08035861881217721
valid,full_upset_base_margin,20251122_1_06,20251122,0.05773775484413912
valid,full_upset_base_margin,20251122_1_07,20251122,-0.000979575838422786
valid,full_upset_base_margin,20251122_1_08,20251122,0.06120468330119566
valid,full_upset_base_margin,20251122_1_09,20251122,0.019910005154816446
valid,full_upset_base_margin,20251122_1_10,20251122,0.24946806620002393
valid,full_upset_base_margin,20251122_1_11,20251122,-0.19807093879230786
valid,full_upset_base_margin,20251123_1_01,20251123,-0.024890756733656705
valid,full_upset_base_margin,20251123_1_03,20251123,-0.04965616283453134
valid,full_upset_base_margin,20251123_1_04,20251123,0.012388594343300308
valid,full_upset_base_margin,20251123_1_05,20251123,0.16035685280248568
valid,full_upset_base_margin,20251123_1_06,20251123,0.21377893370122614
valid,full_upset_base_margin,20251123_1_07,20251123,0.06257140046314924
valid,full_upset_base_margin,20251123_1_08,20251123,-0.13689040949190845
valid,full_upset_base_margin,20251123_1_09,20251123,0.07924548078155813
valid,full_upset_base_margin,20251123_1_10,20251123,0.09563526333459338
valid,full_upset_base_margin,20251123_1_11,20251123,-0.06674852336641446
valid,full_upset_base_margin,20251129_1_01,20251129,0.047461240059136656
valid,full_upset_base_margin,20251129_1_02,20251129,0.2980120135036355
valid,full_upset_base_margin,20251129_1_03,20251129,0.04139797021148939
valid,full_upset_base_margin,20251129_1_04,20251129,-0.058470362086471495
valid,full_upset_base_margin,20251129_1_05,20251129,0.15195772992998058
valid,full_upset_base_margin,20251129_1_06,20251129,-0.11362794240076046
valid,full_upset_base_margin,20251129_1_07,20251129,-0.01710019269318863
valid,full_upset_base_margin,20251129_1_08,20251129,0.06671916877796213
valid,full_upset_base_margin,20251129_1_09,20251129,0.010783152576971933
valid,full_upset_base_margin,20251129_1_10,20251129,0.005696537178731642
valid,full_upset_base_margin,20251129_1_11,20251129,-0.011259075846618005
valid,full_upset_base_margin,20251130_1_01,20251130,-0.01737068756859994
valid,full_upset_base_margin,20251130_1_02,20251130,0.03505349226113641
valid,full_upset_base_margin,20251130_1_03,20251130,0.18238998056792144
valid,full_upset_base_margin,20251130_1_04,20251130,0.15663500658306317
valid,full_upset_base_margin,20251130_1_05,20251130,-0.033238390924620775
valid,full_upset_base_margin,20251130_1_06,20251130,-0.1830420062900766
valid,full_upset_base_margin,20251130_1_07,20251130,0.03278272557356443
valid,full_upset_base_margin,20251130_1_08,20251130,0.0015781409792530177
valid,full_upset_base_margin,20251130_1_09,20251130,-0.3415611096827109
valid,full_upset_base_margin,20251130_1_10,20251130,0.1233143058020969
valid,full_upset_base_margin,20251130_1_11,20251130,-0.21716085054844037
valid,full_upset_base_margin,20251206_1_03,20251206,-0.11412763587317043
valid,full_upset_base_margin,20251206_1_04,20251206,0.06531224592823759
valid,full_upset_base_margin,20251206_1_05,20251206,-0.04272165369724967
valid,full_upset_base_margin,20251206_1_06,20251206,0.2151386221452405
valid,full_upset_base_margin,20251206_1_07,20251206,0.022555867898907234
valid,full_upset_base_margin,20251206_1_08,20251206,0.10821179221845911
valid,full_upset_base_margin,20251206_1_09,20251206,-0.06973539528086392
valid,full_upset_base_margin,20251206_1_10,20251206,0.13191743461650152
valid,full_upset_base_margin,20251206_1_11,20251206,0.07075563922267847
valid,full_upset_base_margin,20251207_1_01,20251207,0.002952215289133253
valid,full_upset_base_margin,20251207_1_02,20251207,0.0024615222786068536
valid,full_upset_base_margin,20251207_1_03,20251207,0.09162663002060412
valid,full_upset_base_margin,20251207_1_04,20251207,-0.052988903762109185
valid,full_upset_base_margin,20251207_1_05,20251207,0.09174930982407947
valid,full_upset_base_margin,20251207_1_06,20251207,0.23998917489129323
valid,full_upset_base_margin,20251207_1_07,20251207,-0.023604973352935876
valid,full_upset_base_margin,20251207_1_08,20251207,0.21316277804157935
valid,full_upset_base_margin,20251207_1_09,20251207,0.017530118688308338
valid,full_upset_base_margin,20251207_1_10,20251207,0.07951215093849306
valid,full_upset_base_margin,20251207_1_11,20251207,0.08743950395782507
valid,full_upset_base_margin,20251213_1_01,20251213,0.04971411390166525
valid,full_upset_base_margin,20251213_1_02,20251213,0.09253773597301906
valid,full_upset_base_margin,20251213_1_03,20251213,0.09683335006295768
valid,full_upset_base_margin,20251213_1_04,20251213,0.1147480745813434
valid,full_upset_base_margin,20251213_1_05,20251213,-0.008217072466807362
valid,full_upset_base_margin,20251213_1_06,20251213,0.036186565589944264
valid,full_upset_base_margin,20251213_1_07,20251213,0.016612982066934956
valid,full_upset_base_margin,20251213_1_08,20251213,0.009275863122453654
valid,full_upset_base_margin,20251213_1_09,20251213,-0.021575963183490587
valid,full_upset_base_margin,20251213_1_10,20251213,-0.06302161752717927
valid,full_upset_base_margin,20251213_1_11,20251213,0.08108908489585342
valid,full_upset_base_margin,20251214_1_01,20251214,-0.09370057794822229
valid,full_upset_base_margin,20251214_1_02,20251214,-0.041476529563631015
valid,full_upset_base_margin,20251214_1_03,20251214,-0.06659090544986901
valid,full_upset_base_margin,20251214_1_05,20251214,0.08029988491120044
valid,full_upset_base_margin,20251214_1_07,20251214,0.07356035826564677
valid,full_upset_base_margin,20251214_1_08,20251214,-0.017651526275660245
valid,full_upset_base_margin,20251214_1_09,20251214,0.02493248189363284
valid,full_upset_base_margin,20251214_1_10,20251214,-0.17330991407357965
valid,full_upset_base_margin,20251214_1_11,20251214,0.001313619214560191
valid,full_upset_base_margin,20251220_1_01,20251220,-0.012278741084283451
valid,full_upset_base_margin,20251220_1_02,20251220,-0.08134457410750295
valid,full_upset_base_margin,20251220_1_03,20251220,0.03167972698884147
valid,full_upset_base_margin,20251220_1_04,20251220,0.05772253146492834
valid,full_upset_base_margin,20251220_1_05,20251220,-0.05867599613177976
valid,full_upset_base_margin,20251220_1_06,20251220,-0.13265353528825274
valid,full_upset_base_margin,20251220_1_07,20251220,-0.09553630915177547
valid,full_upset_base_margin,20251220_1_08,20251220,0.017884370490361956
valid,full_upset_base_margin,20251220_1_09,20251220,0.016083201016804993
valid,full_upset_base_margin,20251220_1_10,20251220,-0.09564720138299876
valid,full_upset_base_margin,20251220_1_11,20251220,-0.019404306787108583
valid,full_upset_base_margin,20251221_1_01,20251221,0.049540036909747176
valid,full_upset_base_margin,20251221_1_02,20251221,-0.03315547429236665
valid,full_upset_base_margin,20251221_1_03,20251221,0.24101865953438595
valid,full_upset_base_margin,20251221_1_04,20251221,-0.29878911477086767
valid,full_upset_base_margin,20251221_1_05,20251221,-0.23999672383609294
valid,full_upset_base_margin,20251221_1_06,20251221,0.11096249396532354
valid,full_upset_base_margin,20251221_1_07,20251221,0.2654427165819122
valid,full_upset_base_margin,20251221_1_08,20251221,-0.09606040773309221
valid,full_upset_base_margin,20251221_1_09,20251221,0.32343535219087505
valid,full_upset_base_margin,20251221_1_10,20251221,0.056485183841847864
valid,full_upset_base_margin,20251227_1_01,20251227,0.07461441532335233
valid,full_upset_base_margin,20251227_1_02,20251227,-0.0031035670321949427
valid,full_upset_base_margin,20251227_1_03,20251227,0.01227777981254563
valid,full_upset_base_margin,20251227_1_04,20251227,-0.14127802617599539
valid,full_upset_base_margin,20251227_1_05,20251227,0.11240502525591045
valid,full_upset_base_margin,20251227_1_06,20251227,0.09367888301337735
valid,full_upset_base_margin,20251227_1_07,20251227,0.027410816121983483
valid,full_upset_base_margin,20251227_1_08,20251227,-0.04506155214524021
valid,full_upset_base_margin,20251227_1_09,20251227,-0.004566665261400815
valid,full_upset_base_margin,20251227_1_10,20251227,0.08393606817209376
valid,full_upset_base_margin,20251227_1_11,20251227,-0.09910577607923399
test,full_upset_base_margin,20251228_1_01,20251228,0.006971302823256531
test,full_upset_base_margin,20251228_1_02,20251228,-0.1342190057716901
test,full_upset_base_margin,20251228_1_03,20251228,-0.033535080811399
test,full_upset_base_margin,20251228_1_04,20251228,-0.005313272749749853
test,full_upset_base_margin,20251228_1_06,20251228,0.10280610516777944
test,full_upset_base_margin,20251228_1_07,20251228,0.20287936492626857
test,full_upset_base_margin,20251228_1_08,20251228,0.08136643135727017
test,full_upset_base_margin,20251228_1_09,20251228,0.02102166286244933
test,full_upset_base_margin,20251228_1_10,20251228,0.10495456197800612
test,full_upset_base_margin,20251228_1_11,20251228,0.01855535277533127
test,full_upset_base_margin,20260103_1_01,20260103,0.09066407395241871
test,full_upset_base_margin,20260103_1_02,20260103,0.026156068601809412
test,full_upset_base_margin,20260103_1_03,20260103,0.10439737357225798
test,full_upset_base_margin,20260103_1_04,20260103,0.08343774246894453
test,full_upset_base_margin,20260103_1_05,20260103,0.13364704148107487
test,full_upset_base_margin,20260103_1_06,20260103,0.1406875026418678
test,full_upset_base_margin,20260103_1_07,20260103,-0.12226633529266095
test,full_upset_base_margin,20260103_1_08,20260103,-0.033591073740716126
test,full_upset_base_margin,20260103_1_09,20260103,-0.012128601752261547
test,full_upset_base_margin,20260103_1_10,20260103,0.015463525389371013
test,full_upset_base_margin,20260103_1_11,20260103,-0.0344198775838207
test,full_upset_base_margin,20260104_1_01,20260104,-0.0755050286638872
test,full_upset_base_margin,20260104_1_02,20260104,0.03288448745305639
test,full_upset_base_margin,20260104_1_03,20260104,-0.040517994118308476
test,full_upset_base_margin,20260104_1_04,20260104,0.02673769897576539
test,full_upset_base_margin,20260104_1_05,20260104,-0.05455721025296545
test,full_upset_base_margin,20260104_1_06,20260104,-0.2048641896860528
test,full_upset_base_margin,20260104_1_07,20260104,-0.03713321598217223
test,full_upset_base_margin,20260104_1_08,20260104,-0.015631097269492855
test,full_upset_base_margin,20260104_1_09,20260104,0.16005316862978702
test,full_upset_base_margin,20260104_1_10,20260104,0.06742800628967638
test,full_upset_base_margin,20260110_1_01,20260110,0.000314868022121495
test,full_upset_base_margin,20260110_1_02,20260110,-0.041016753159300534
test,full_upset_base_margin,20260110_1_03,20260110,-0.1570526594055306
test,full_upset_base_margin,20260110_1_04,20260110,-0.08500833779831973
test,full_upset_base_margin,20260110_1_05,20260110,0.017326238256029303
test,full_upset_base_margin,20260110_1_06,20260110,-0.07827499923467651
test,full_upset_base_margin,20260110_1_07,20260110,-0.001434946594531139
test,full_upset_base_margin,20260110_1_08,20260110,-0.05933583565050904
test,full_upset_base_margin,20260110_1_09,20260110,0.19372224031419494
test,full_upset_base_margin,20260110_1_10,20260110,-0.12032859756531633
test,full_upset_base_margin,20260110_1_11,20260110,0.046729412549671445
test,full_upset_base_margin,20260111_1_01,20260111,-0.17097835288169083
test,full_upset_base_margin,20260111_1_02,20260111,0.09875801759163372
test,full_upset_base_margin,20260111_1_03,20260111,0.02365309317786113
test,full_upset_base_margin,20260111_1_04,20260111,0.06260333910857585
test,full_upset_base_margin,20260111_1_05,20260111,-0.13740020828577126
test,full_upset_base_margin,20260111_1_06,20260111,0.00712809591117658
test,full_upset_base_margin,20260111_1_07,20260111,-0.021793068250221426
test,full_upset_base_margin,20260111_1_08,20260111,-0.0350051157741571
test,full_upset_base_margin,20260111_1_09,20260111,0.09312527138358573
test,full_upset_base_margin,20260111_1_10,20260111,-0.12898417179516208
test,full_upset_base_margin,20260117_1_01,20260117,0.0052474857921476215
test,full_upset_base_margin,20260117_1_02,20260117,0.014524519706043737
test,full_upset_base_margin,20260117_1_03,20260117,-0.020269274873942145
test,full_upset_base_margin,20260117_1_04,20260117,0.12618462213543435
test,full_upset_base_margin,20260117_1_05,20260117,-0.0862368856891671
test,full_upset_base_margin,20260117_1_06,20260117,0.002222692472344079
test,full_upset_base_margin,20260117_1_08,20260117,-0.3768835689291459
test,full_upset_base_margin,20260117_1_09,20260117,0.17693954300565928
test,full_upset_base_margin,20260117_1_10,20260117,0.06307938586854789
test,full_upset_base_margin,20260117_1_11,20260117,0.04889965957816611
test,full_upset_base_margin,20260118_1_01,20260118,-0.04705914615520568
test,full_upset_base_margin,20260118_1_02,20260118,0.19608962161448573
test,full_upset_base_margin,20260118_1_03,20260118,0.11662912637216127
test,full_upset_base_margin,20260118_1_04,20260118,0.23015144451159553
test,full_upset_base_margin,20260118_1_05,20260118,-0.12765058315492572
test,full_upset_base_margin,20260118_1_06,20260118,0.04260504544552701
test,full_upset_base_margin,20260118_1_07,20260118,0.0884654802630862
test,full_upset_base_margin,20260118_1_08,20260118,0.07086377147232559
test,full_upset_base_margin,20260118_1_09,20260118,-0.10051947984358556
test,full_upset_base_margin,20260118_1_10,20260118,-0.047934253066360455
test,full_upset_base_margin,20260124_1_01,20260124,-0.07193996061564417
test,full_upset_base_margin,20260124_1_02,20260124,-0.09011774446467002
test,full_upset_base_margin,20260124_1_03,20260124,0.16602556055469853
test,full_upset_base_margin,20260124_1_04,20260124,0.07152819584970527
test,full_upset_base_margin,20260124_1_05,20260124,-0.004238776897699026
test,full_upset_base_margin,20260124_1_06,20260124,0.05270819782475522
test,full_upset_base_margin,20260124_1_07,20260124,0.010408212572504683
test,full_upset_base_margin,20260124_1_08,20260124,-0.041012560949719834
test,full_upset_base_margin,20260124_1_10,20260124,0.09930435784332681
test,full_upset_base_margin,20260124_1_11,20260124,-0.16092827758683992
test,full_upset_base_margin,20260125_1_01,20260125,0.1497774703730066
test,full_upset_base_margin,20260125_1_02,20260125,0.15570328388024457
test,full_upset_base_margin,20260125_1_03,20260125,0.11551466110140529
test,full_upset_base_margin,20260125_1_04,20260125,0.07510743863912794
test,full_upset_base_margin,20260125_1_05,20260125,-0.0556948387264935
test,full_upset_base_margin,20260125_1_06,20260125,0.0017253471945153365
test,full_upset_base_margin,20260125_1_07,20260125,0.03676322666469156
test,full_upset_base_margin,20260125_1_08,20260125,0.10647759733974782
test,full_upset_base_margin,20260125_1_09,20260125,0.045092263035533264
test,full_upset_base_margin,20260125_1_10,20260125,0.09237786678792759
test,full_upset_base_margin,20260131_1_01,20260131,0.004125718362794073
test,full_upset_base_margin,20260131_1_02,20260131,0.061966184224505394
test,full_upset_base_margin,20260131_1_03,20260131,0.039584016715663806
test,full_upset_base_margin,20260131_1_04,20260131,0.023989505260417654
test,full_upset_base_margin,20260131_1_05,20260131,0.07479430895666828
test,full_upset_base_margin,20260131_1_06,20260131,0.029292746353941412
test,full_upset_base_margin,20260131_1_07,20260131,0.09190714820765633
test,full_upset_base_margin,20260131_1_08,20260131,-0.17723457433073442
test,full_upset_base_margin,20260131_1_09,20260131,0.14913090150396136
test,full_upset_base_margin,20260131_1_10,20260131,0.04657328970410424
test,full_upset_base_margin,20260131_1_11,20260131,0.13321054076547212
test,full_upset_base_margin,20260201_1_01,20260201,-0.022884457868152186
test,full_upset_base_margin,20260201_1_02,20260201,-0.11726416656226624
test,full_upset_base_margin,20260201_1_03,20260201,-0.2248197314926803
test,full_upset_base_margin,20260201_1_04,20260201,-0.024325220636911782
test,full_upset_base_margin,20260201_1_05,20260201,-0.06251250245358708
test,full_upset_base_margin,20260201_1_06,20260201,-0.007422716266644036
test,full_upset_base_margin,20260201_1_07,20260201,0.1329494913072249
test,full_upset_base_margin,20260201_1_08,20260201,-0.09502897901578233
test,full_upset_base_margin,20260201_1_09,20260201,0.01563822650821356
test,full_upset_base_margin,20260201_1_10,20260201,-0.02631404632459855
test,full_upset_base_margin,20260207_1_01,20260207,0.11189137660974213
test,full_upset_base_margin,20260207_1_02,20260207,0.22959977102513607
test,full_upset_base_margin,20260207_1_03,20260207,0.20601238699896363
test,full_upset_base_margin,20260207_1_04,20260207,-0.018240557609537245
test,full_upset_base_margin,20260207_1_05,20260207,0.014361214019237512
test,full_upset_base_margin,20260207_1_06,20260207,0.09281418539848296
test,full_upset_base_margin,20260207_1_07,20260207,-0.22553122949792015
test,full_upset_base_margin,20260207_1_08,20260207,0.048880338374153176
test,full_upset_base_margin,20260207_1_09,20260207,0.0989485471024612
test,full_upset_base_margin,20260207_1_10,20260207,-0.01544550499544739
test,full_upset_base_margin,20260207_1_11,20260207,0.12445771340099165
test,full_upset_base_margin,20260208_1_01,20260208,0.14490583471065666
test,full_upset_base_margin,20260208_1_02,20260208,-0.0016433965221204216
test,full_upset_base_margin,20260208_1_03,20260208,0.02133953992139348
test,full_upset_base_margin,20260208_1_04,20260208,-0.004052494842312404
test,full_upset_base_margin,20260208_1_05,20260208,0.019009014681394154
test,full_upset_base_margin,20260208_1_06,20260208,-0.03250159665269847
test,full_upset_base_margin,20260208_1_07,20260208,0.052876468369492446
test,full_upset_base_margin,20260208_1_08,20260208,0.022651371437676815
test,full_upset_base_margin,20260208_1_09,20260208,-0.05789398056052386
test,full_upset_base_margin,20260208_1_10,20260208,-0.09241515033490044
test,full_upset_base_margin,20260214_1_02,20260214,-0.12831365192936195
test,full_upset_base_margin,20260214_1_03,20260214,0.1307402535307769
test,full_upset_base_margin,20260214_1_04,20260214,-0.032729181809773245
test,full_upset_base_margin,20260214_1_05,20260214,0.05760125934462934
test,full_upset_base_margin,20260214_1_06,20260214,0.002431526126224215
test,full_upset_base_margin,20260214_1_08,20260214,0.01066584102942536
test,full_upset_base_margin,20260214_1_09,20260214,-0.06510979303849274
test,full_upset_base_margin,20260214_1_10,20260214,-0.06250332146825222
test,full_upset_base_margin,20260214_1_11,20260214,0.17633080631401676
test,full_upset_base_margin,20260215_1_01,20260215,-0.014698017229292981
test,full_upset_base_margin,20260215_1_02,20260215,-0.0806241226375164
test,full_upset_base_margin,20260215_1_03,20260215,0.07392316163735213
test,full_upset_base_margin,20260215_1_04,20260215,0.0643204614639099
test,full_upset_base_margin,20260215_1_05,20260215,0.01683062710316774
test,full_upset_base_margin,20260215_1_06,20260215,0.043615061377892506
test,full_upset_base_margin,20260215_1_07,20260215,-0.07518951491014181
test,full_upset_base_margin,20260215_1_08,20260215,-0.11086940937618017
test,full_upset_base_margin,20260215_1_09,20260215,-0.014715064095106811
test,full_upset_base_margin,20260215_1_10,20260215,-0.12194617165230737
test,full_upset_base_margin,20260228_1_01,20260228,-0.029027662015805644
test,full_upset_base_margin,20260228_1_02,20260228,-0.022663823183535436
test,full_upset_base_margin,20260228_1_03,20260228,0.048513801896714615
test,full_upset_base_margin,20260228_1_04,20260228,-0.023103871248204677
test,full_upset_base_margin,20260228_1_05,20260228,0.07816960066762646
test,full_upset_base_margin,20260228_1_06,20260228,-0.031165794520817247
test,full_upset_base_margin,20260228_1_07,20260228,0.06880852771204404
test,full_upset_base_margin,20260228_1_09,20260228,-0.07711732099873769
test,full_upset_base_margin,20260228_1_10,20260228,0.07915286681297573
test,full_upset_base_margin,20260228_1_11,20260228,0.09541273195484623
test,full_upset_base_margin,20260301_1_01,20260301,0.09335665673249616
test,full_upset_base_margin,20260301_1_02,20260301,-0.1709883111991053
test,full_upset_base_margin,20260301_1_03,20260301,-0.04297016945854093
test,full_upset_base_margin,20260301_1_04,20260301,-0.16407477284445005
test,full_upset_base_margin,20260301_1_05,20260301,-0.09414602874525535
test,full_upset_base_margin,20260301_1_06,20260301,-0.22563368566216635
test,full_upset_base_margin,20260301_1_07,20260301,-0.08567867846453425
test,full_upset_base_margin,20260301_1_08,20260301,-0.0028481936544535458
test,full_upset_base_margin,20260301_1_09,20260301,0.013218501891419487
test,full_upset_base_margin,20260301_1_10,20260301,0.004345422419747891
test,full_upset_base_margin,20260302_1_01,20260302,0.02265626228258122
test,full_upset_base_margin,20260302_1_02,20260302,0.12514335223517303
test,full_upset_base_margin,20260302_1_03,20260302,0.12558811077137833
test,full_upset_base_margin,20260302_1_04,20260302,-0.008930311265936464
test,full_upset_base_margin,20260302_1_05,20260302,0.1322752744160791
test,full_upset_base_margin,20260302_1_06,20260302,-0.01885783167500721
test,full_upset_base_margin,20260302_1_07,20260302,0.10511765015059682
test,full_upset_base_margin,20260302_1_08,20260302,-0.019832521232132194
test,full_upset_base_margin,20260302_1_09,20260302,0.04517494178906767
test,full_upset_base_margin,20260302_1_10,20260302,0.157393727654914
test,full_upset_base_margin,20260307_1_01,20260307,0.05069186785818369
test,full_upset_base_margin,20260307_1_02,20260307,0.04264416347018685
test,full_upset_base_margin,20260307_1_03,20260307,0.0719195540554658
test,full_upset_base_margin,20260307_1_04,20260307,0.09031836142967431
test,full_upset_base_margin,20260307_1_05,20260307,0.08855411361060939
test,full_upset_base_margin,20260307_1_06,20260307,0.05320582614005254
test,full_upset_base_margin,20260307_1_07,20260307,-0.10140506537833538
test,full_upset_base_margin,20260307_1_08,20260307,-0.02019847810938913
test,full_upset_base_margin,20260307_1_09,20260307,-0.10348253127749674
test,full_upset_base_margin,20260307_1_10,20260307,-0.008514174785411832
test,full_upset_base_margin,20260307_1_11,20260307,-0.12578797645079565
test,full_upset_base_margin,20260308_1_01,20260308,-0.05570225521974903
test,full_upset_base_margin,20260308_1_02,20260308,0.09150971674304653
test,full_upset_base_margin,20260308_1_03,20260308,-0.04480735337103381
test,full_upset_base_margin,20260308_1_04,20260308,0.13204794847440238
test,full_upset_base_margin,20260308_1_05,20260308,0.08483244751474828
test,full_upset_base_margin,20260308_1_06,20260308,0.08727319057669314
test,full_upset_base_margin,20260308_1_07,20260308,0.009064210255655958
test,full_upset_base_margin,20260308_1_08,20260308,-0.007059165186093619
test,full_upset_base_margin,20260308_1_09,20260308,-0.043995292229460414
test,full_upset_base_margin,20260308_1_10,20260308,0.101699548255348
test,full_upset_base_margin,20260314_1_01,20260314,-0.016363906526099092
test,full_upset_base_margin,20260314_1_02,20260314,-0.033371689111236225
test,full_upset_base_margin,20260314_1_03,20260314,0.004763945043255502
test,full_upset_base_margin,20260314_1_04,20260314,0.0997838165731606
test,full_upset_base_margin,20260314_1_05,20260314,0.11529615042755381
test,full_upset_base_margin,20260314_1_06,20260314,-0.01372502497863759
test,full_upset_base_margin,20260314_1_07,20260314,0.10604020685135618
test,full_upset_base_margin,20260314_1_08,20260314,0.031933955029332606
test,full_upset_base_margin,20260314_1_10,20260314,0.038499617161819266
test,full_upset_base_margin,20260314_1_11,20260314,0.06358588141981336
test,full_upset_base_margin,20260315_1_01,20260315,0.22545134728060567
test,full_upset_base_margin,20260315_1_02,20260315,0.028656221429447903
test,full_upset_base_margin,20260315_1_03,20260315,0.05541097930283545
test,full_upset_base_margin,20260315_1_04,20260315,0.0885471153712094
test,full_upset_base_margin,20260315_1_05,20260315,0.09658176649587435
test,full_upset_base_margin,20260315_1_07,20260315,-0.10765933110508874
test,full_upset_base_margin,20260315_1_08,20260315,-0.05982997655638367
test,full_upset_base_margin,20260315_1_09,20260315,0.018418967403894815
test,full_upset_base_margin,20260315_1_10,20260315,-0.022029113001059697
test,full_upset_base_margin,20260321_1_01,20260321,0.2304134548751091
test,full_upset_base_margin,20260321_1_02,20260321,0.0660306784612339
test,full_upset_base_margin,20260321_1_03,20260321,0.08895731085061831
test,full_upset_base_margin,20260321_1_04,20260321,-0.06686647905579601
test,full_upset_base_margin,20260321_1_05,20260321,0.07968970681742737
test,full_upset_base_margin,20260321_1_06,20260321,-0.028690206654811812
test,full_upset_base_margin,20260321_1_07,20260321,0.0017581046476256024
test,full_upset_base_margin,20260321_1_08,20260321,-0.026825140686793425
test,full_upset_base_margin,20260321_1_09,20260321,0.06044509907831652
test,full_upset_base_margin,20260321_1_10,20260321,0.20843574738135007
test,full_upset_base_margin,20260321_1_11,20260321,-0.04376277031174586
test,full_upset_base_margin,20260322_1_01,20260322,0.00945480635953766
test,full_upset_base_margin,20260322_1_02,20260322,-0.19070702658244976
test,full_upset_base_margin,20260322_1_03,20260322,0.11134319938726533
test,full_upset_base_margin,20260322_1_04,20260322,0.14494590384722794
test,full_upset_base_margin,20260322_1_05,20260322,-0.038483028267560115
test,full_upset_base_margin,20260322_1_06,20260322,-0.0417439714019987
test,full_upset_base_margin,20260322_1_07,20260322,0.0032798599890546676
test,full_upset_base_margin,20260322_1_08,20260322,0.027632240448304812
test,full_upset_base_margin,20260322_1_09,20260322,-0.025647604955816083
test,full_upset_base_margin,20260322_1_10,20260322,0.06716278274649423
test,full_upset_base_margin,20260328_1_01,20260328,-0.015310606513209701
test,full_upset_base_margin,20260328_1_02,20260328,0.05847249952182265
test,full_upset_base_margin,20260328_1_03,20260328,-0.13981057936217534
test,full_upset_base_margin,20260328_1_04,20260328,-0.13371808704952826
test,full_upset_base_margin,20260328_1_05,20260328,0.08397065545937688
test,full_upset_base_margin,20260328_1_06,20260328,0.1027143680332856
test,full_upset_base_margin,20260328_1_07,20260328,0.04116463230026435
test,full_upset_base_margin,20260328_1_08,20260328,-0.1630086751298494
test,full_upset_base_margin,20260328_1_09,20260328,-0.05396853029308879
test,full_upset_base_margin,20260328_1_10,20260328,0.07557382990781036
test,full_upset_base_margin,20260328_1_11,20260328,0.03868631547112422
test,full_upset_base_margin,20260329_1_01,20260329,0.0448386300936261
test,full_upset_base_margin,20260329_1_02,20260329,-0.012553305434031992
test,full_upset_base_margin,20260329_1_03,20260329,0.04268597057572232
test,full_upset_base_margin,20260329_1_04,20260329,-0.14731875013632445
test,full_upset_base_margin,20260329_1_05,20260329,0.028531041350323694
test,full_upset_base_margin,20260329_1_06,20260329,-0.03450503278296524
test,full_upset_base_margin,20260329_1_07,20260329,-0.1345035634553331
test,full_upset_base_margin,20260329_1_08,20260329,-0.01438307859608523
test,full_upset_base_margin,20260329_1_09,20260329,0.0716679017688211
test,full_upset_base_margin,20260329_1_10,20260329,-0.06289815069043492
test,full_upset_base_margin,20260404_1_01,20260404,0.06058473720772062
test,full_upset_base_margin,20260404_1_02,20260404,0.02939745547961381
test,full_upset_base_margin,20260404_1_03,20260404,0.021914616396057518
test,full_upset_base_margin,20260404_1_04,20260404,0.11155558310350455
test,full_upset_base_margin,20260404_1_05,20260404,0.02779262571509633
test,full_upset_base_margin,20260404_1_06,20260404,-0.020775579422223522
test,full_upset_base_margin,20260404_1_07,20260404,0.1342377515653438
test,full_upset_base_margin,20260404_1_08,20260404,0.1052466601367874
test,full_upset_base_margin,20260404_1_09,20260404,-0.1006310522924998
test,full_upset_base_margin,20260404_1_10,20260404,0.065707426246012
test,full_upset_base_margin,20260404_1_11,20260404,0.19695429904689576
test,full_upset_base_margin,20260405_1_01,20260405,0.05255885632053969
test,full_upset_base_margin,20260405_1_02,20260405,-0.057201549084233805
test,full_upset_base_margin,20260405_1_03,20260405,0.2755401547496621
test,full_upset_base_margin,20260405_1_04,20260405,0.14841109212096915
test,full_upset_base_margin,20260405_1_05,20260405,0.07295195686986744
test,full_upset_base_margin,20260405_1_06,20260405,-0.05647267611764395
test,full_upset_base_margin,20260405_1_07,20260405,-0.01809247951196502
test,full_upset_base_margin,20260405_1_08,20260405,-0.05316959221029682
test,full_upset_base_margin,20260405_1_09,20260405,0.21285203704745448
test,full_upset_base_margin,20260405_1_10,20260405,0.10986436660231957
test,full_upset_base_margin,20260411_1_01,20260411,-0.05618877434138625
test,full_upset_base_margin,20260411_1_02,20260411,0.026526811366142322
test,full_upset_base_margin,20260411_1_03,20260411,-0.11456766586315137
test,full_upset_base_margin,20260411_1_04,20260411,0.022814500458789855
test,full_upset_base_margin,20260411_1_05,20260411,0.13800273057689139
test,full_upset_base_margin,20260411_1_06,20260411,-0.013140069081162276
test,full_upset_base_margin,20260411_1_07,20260411,0.01507344260928356
test,full_upset_base_margin,20260411_1_08,20260411,0.01944402564561043
test,full_upset_base_margin,20260411_1_09,20260411,0.0329469627487895
test,full_upset_base_margin,20260411_1_10,20260411,0.030237593707105326
test,full_upset_base_margin,20260411_1_11,20260411,-0.31927126787012616
test,full_upset_base_margin,20260412_1_01,20260412,0.0731838231782298
test,full_upset_base_margin,20260412_1_02,20260412,-0.13128843224234288
test,full_upset_base_margin,20260412_1_03,20260412,-0.130114881198788
test,full_upset_base_margin,20260412_1_04,20260412,0.0343503048774334
test,full_upset_base_margin,20260412_1_06,20260412,0.20153166510165899
test,full_upset_base_margin,20260412_1_07,20260412,0.05843389574866986
test,full_upset_base_margin,20260412_1_08,20260412,0.07558976577688914
test,full_upset_base_margin,20260412_1_09,20260412,-0.0754992736122313
test,full_upset_base_margin,20260412_1_10,20260412,-0.03633500706708004
test,full_upset_base_margin,20260418_1_01,20260418,-0.09575730550565598
test,full_upset_base_margin,20260418_1_02,20260418,-0.26110214466045845
test,full_upset_base_margin,20260418_1_03,20260418,0.15155610183783486
test,full_upset_base_margin,20260418_1_04,20260418,-0.007423117759079112
test,full_upset_base_margin,20260418_1_05,20260418,0.02602424562061767
test,full_upset_base_margin,20260418_1_06,20260418,0.11050268853589329
test,full_upset_base_margin,20260418_1_07,20260418,-0.060662339611621485
test,full_upset_base_margin,20260418_1_08,20260418,-0.03452684351099511
test,full_upset_base_margin,20260418_1_09,20260418,0.15871772838737985
test,full_upset_base_margin,20260418_1_10,20260418,0.05999352735006713
test,full_upset_base_margin,20260418_1_11,20260418,0.024977423536859833
test,full_upset_base_margin,20260419_1_01,20260419,0.2599784522891775
test,full_upset_base_margin,20260419_1_02,20260419,-0.041819157783002936
test,full_upset_base_margin,20260419_1_03,20260419,-0.06457955997160081
test,full_upset_base_margin,20260419_1_04,20260419,0.07887641923181654
test,full_upset_base_margin,20260419_1_05,20260419,-0.03727520182456079
test,full_upset_base_margin,20260419_1_06,20260419,0.006406951873923816
test,full_upset_base_margin,20260419_1_07,20260419,0.0020903573493868954
test,full_upset_base_margin,20260419_1_08,20260419,0.09676501663790238
test,full_upset_base_margin,20260419_1_09,20260419,0.029671027213514112
test,full_upset_base_margin,20260419_1_10,20260419,0.08402888330516589
test,full_upset_base_margin,20260425_1_01,20260425,0.1343154701291911
test,full_upset_base_margin,20260425_1_02,20260425,-0.020327938118930966
test,full_upset_base_margin,20260425_1_03,20260425,-0.03753313044603401
test,full_upset_base_margin,20260425_1_04,20260425,-0.15297250062310708
test,full_upset_base_margin,20260425_1_05,20260425,0.0924636069504654
test,full_upset_base_margin,20260425_1_06,20260425,-0.09958064681918755
test,full_upset_base_margin,20260425_1_07,20260425,0.1842950041635747
test,full_upset_base_margin,20260425_1_08,20260425,0.1598843686924123
test,full_upset_base_margin,20260425_1_09,20260425,0.007042356717972709
test,full_upset_base_margin,20260425_1_10,20260425,0.06541707420236176
test,full_upset_base_margin,20260425_1_11,20260425,0.1342870449549829
test,full_upset_base_margin,20260426_1_01,20260426,0.03430715467829493
test,full_upset_base_margin,20260426_1_02,20260426,0.014105759183339561
test,full_upset_base_margin,20260426_1_03,20260426,0.08749431248528583
test,full_upset_base_margin,20260426_1_04,20260426,-0.004836851307486567
test,full_upset_base_margin,20260426_1_05,20260426,-0.0643848965031738
test,full_upset_base_margin,20260426_1_06,20260426,-0.21936016809974834
test,full_upset_base_margin,20260426_1_07,20260426,0.052295909135051666
test,full_upset_base_margin,20260426_1_08,20260426,-0.001571485143381679
test,full_upset_base_margin,20260426_1_09,20260426,-0.08124898469687958
test,full_upset_base_margin,20260426_1_10,20260426,-0.04373524604368151
test,full_upset_base_margin,20260502_1_01,20260502,-0.13040112799741221
test,full_upset_base_margin,20260502_1_02,20260502,-0.030337672627085643
test,full_upset_base_margin,20260502_1_03,20260502,-0.11455018624230551
test,full_upset_base_margin,20260502_1_04,20260502,-0.05670671698392127
test,full_upset_base_margin,20260502_1_05,20260502,0.011228541052359153
test,full_upset_base_margin,20260502_1_06,20260502,0.15350293916645086
test,full_upset_base_margin,20260502_1_07,20260502,-0.08904314262081847
test,full_upset_base_margin,20260502_1_08,20260502,0.01852664646854707
test,full_upset_base_margin,20260502_1_09,20260502,0.010756540007001547
test,full_upset_base_margin,20260502_1_10,20260502,0.01800202263998263
test,full_upset_base_margin,20260503_1_01,20260503,0.030063064085076863
test,full_upset_base_margin,20260503_1_02,20260503,-0.016077259118769005
test,full_upset_base_margin,20260503_1_03,20260503,-0.12226525472431882
test,full_upset_base_margin,20260503_1_04,20260503,0.05675564310530601
test,full_upset_base_margin,20260503_1_05,20260503,0.003956125089366935
test,full_upset_base_margin,20260503_1_06,20260503,-0.009754865256331069
test,full_upset_base_margin,20260503_1_07,20260503,0.07571696392118349
test,full_upset_base_margin,20260503_1_08,20260503,0.08997008627478476
test,full_upset_base_margin,20260503_1_09,20260503,-0.04564367406620429
test,full_upset_base_margin,20260503_1_10,20260503,-0.13952672145899525
test,full_upset_base_margin,20260509_1_01,20260509,0.08569874667032451
test,full_upset_base_margin,20260509_1_02,20260509,-0.03564221523143185
test,full_upset_base_margin,20260509_1_04,20260509,0.2503176553258615
test,full_upset_base_margin,20260509_1_05,20260509,0.07534669719253673
test,full_upset_base_margin,20260509_1_06,20260509,-0.0053968325168956
test,full_upset_base_margin,20260509_1_07,20260509,-0.015008222295852747
test,full_upset_base_margin,20260509_1_08,20260509,0.0071191109241781625
test,full_upset_base_margin,20260509_1_09,20260509,-0.03562553143066083
test,full_upset_base_margin,20260509_1_10,20260509,0.04927534963391622
test,full_upset_base_margin,20260510_1_01,20260510,0.12790011292978676
test,full_upset_base_margin,20260510_1_02,20260510,0.17486184459928555
test,full_upset_base_margin,20260510_1_03,20260510,0.05693237084530356
test,full_upset_base_margin,20260510_1_04,20260510,0.04974898130762906
test,full_upset_base_margin,20260510_1_05,20260510,-0.07242104782743986
test,full_upset_base_margin,20260510_1_06,20260510,0.1519703706944342
test,full_upset_base_margin,20260510_1_07,20260510,-0.07190884502869954
test,full_upset_base_margin,20260510_1_08,20260510,0.008353119905032624
test,full_upset_base_margin,20260510_1_10,20260510,0.023988095338951076
test,full_upset_base_margin,20260516_1_01,20260516,-0.06571195687568787
test,full_upset_base_margin,20260516_1_02,20260516,-0.1029176037377012
test,full_upset_base_margin,20260516_1_04,20260516,0.08445055736799989
test,full_upset_base_margin,20260516_1_05,20260516,-0.11815337592181319
test,full_upset_base_margin,20260516_1_06,20260516,0.004622428450328453
test,full_upset_base_margin,20260516_1_07,20260516,-0.2217374939735044
test,full_upset_base_margin,20260516_1_08,20260516,-0.10984991593362903
test,full_upset_base_margin,20260516_1_09,20260516,0.05103895421805671
test,full_upset_base_margin,20260516_1_10,20260516,0.025150276503189017
test,full_upset_base_margin,20260517_1_01,20260517,0.11609609574453383
test,full_upset_base_margin,20260517_1_02,20260517,-0.004789494695152552
test,full_upset_base_margin,20260517_1_03,20260517,-0.036746905186628265
test,full_upset_base_margin,20260517_1_04,20260517,0.32536789459655857
test,full_upset_base_margin,20260517_1_05,20260517,0.045535861926957466
test,full_upset_base_margin,20260517_1_06,20260517,0.08252005900931969
test,full_upset_base_margin,20260517_1_07,20260517,0.04182527992273544
test,full_upset_base_margin,20260517_1_08,20260517,-0.0737365798175098
test,full_upset_base_margin,20260517_1_09,20260517,-0.1498091985306691
test,full_upset_base_margin,20260517_1_10,20260517,0.055783298065513964
test,full_upset_base_margin,20260523_1_01,20260523,0.0745513579013255
test,full_upset_base_margin,20260523_1_02,20260523,0.02310883984263934
test,full_upset_base_margin,20260523_1_03,20260523,-0.16713164621715837
test,full_upset_base_margin,20260523_1_04,20260523,0.08307213659006907
test,full_upset_base_margin,20260523_1_05,20260523,0.14568721372305715
test,full_upset_base_margin,20260523_1_06,20260523,-0.057874574957023084
test,full_upset_base_margin,20260523_1_07,20260523,0.05559318723685963
test,full_upset_base_margin,20260523_1_08,20260523,-0.05699072996880972
test,full_upset_base_margin,20260523_1_09,20260523,-0.024007796233186385
test,full_upset_base_margin,20260523_1_10,20260523,0.006186972783128297
test,full_upset_base_margin,20260524_1_02,20260524,-0.14176465716182207
test,full_upset_base_margin,20260524_1_03,20260524,0.09723866029821071
test,full_upset_base_margin,20260524_1_04,20260524,0.0035606786178288274
test,full_upset_base_margin,20260524_1_05,20260524,0.0013516259440977674
test,full_upset_base_margin,20260524_1_06,20260524,0.2350592968220293
test,full_upset_base_margin,20260524_1_07,20260524,0.04772760324529024
test,full_upset_base_margin,20260524_1_09,20260524,-0.06331993126817292
test,full_upset_base_margin,20260524_1_10,20260524,0.01259504046805171
test,full_upset_base_margin,20260530_1_01,20260530,-0.027804415979544972
test,full_upset_base_margin,20260530_1_02,20260530,-0.0060657400324410915
test,full_upset_base_margin,20260530_1_03,20260530,0.08392651033097198
test,full_upset_base_margin,20260530_1_04,20260530,-0.019882253527475635
test,full_upset_base_margin,20260530_1_05,20260530,0.010096752985181201
test,full_upset_base_margin,20260530_1_06,20260530,0.09132586582168578
test,full_upset_base_margin,20260530_1_07,20260530,0.041017235703295185
test,full_upset_base_margin,20260530_1_08,20260530,-0.03323085152497063
test,full_upset_base_margin,20260530_1_09,20260530,0.07251079230459645
test,full_upset_base_margin,20260530_1_10,20260530,0.013514101808432155
test,full_upset_base_margin,20260531_1_01,20260531,-0.037976308117500746
test,full_upset_base_margin,20260531_1_02,20260531,-0.025514270932673888
test,full_upset_base_margin,20260531_1_03,20260531,-0.034316181769751264
test,full_upset_base_margin,20260531_1_04,20260531,0.032207980763737876
test,full_upset_base_margin,20260531_1_05,20260531,0.1736331018242958
test,full_upset_base_margin,20260531_1_07,20260531,-0.03721575033997393
test,full_upset_base_margin,20260531_1_08,20260531,0.0919407294732939
test,full_upset_base_margin,20260531_1_09,20260531,-0.012250045025006706
test,full_upset_base_margin,20260531_1_10,20260531,0.021495348981311446
test,full_upset_base_margin,20260606_1_01,20260606,-0.017522435367665068
test,full_upset_base_margin,20260606_1_02,20260606,0.030401383290544315
test,full_upset_base_margin,20260606_1_03,20260606,0.010828085028713463
test,full_upset_base_margin,20260606_1_04,20260606,0.05027615439088562
test,full_upset_base_margin,20260606_1_05,20260606,0.11137723311924352
test,full_upset_base_margin,20260606_1_06,20260606,-0.05863751046593979
test,full_upset_base_margin,20260606_1_07,20260606,-0.06384645987936954
test,full_upset_base_margin,20260606_1_08,20260606,0.036167126597487
test,full_upset_base_margin,20260606_1_09,20260606,-0.038703203900765315
test,full_upset_base_margin,20260606_1_10,20260606,-0.04915736356492273
test,full_upset_base_margin,20260607_1_01,20260607,0.09542644573509351
test,full_upset_base_margin,20260607_1_02,20260607,-0.046311505290751454
test,full_upset_base_margin,20260607_1_03,20260607,-0.02131876395843102
test,full_upset_base_margin,20260607_1_04,20260607,-0.031144869945660236
test,full_upset_base_margin,20260607_1_05,20260607,0.02808486461871018
test,full_upset_base_margin,20260607_1_06,20260607,0.10508387221501603
test,full_upset_base_margin,20260607_1_08,20260607,-0.07618008331056236
test,full_upset_base_margin,20260607_1_09,20260607,-0.012466783605244558
test,full_upset_base_margin,20260607_1_10,20260607,0.010947329184395116
test,full_upset_base_margin,20260613_1_01,20260613,0.03682180146115277
test,full_upset_base_margin,20260613_1_02,20260613,0.16584697581225094
test,full_upset_base_margin,20260613_1_03,20260613,0.014499077965772544
test,full_upset_base_margin,20260613_1_04,20260613,0.12903594972446064
test,full_upset_base_margin,20260613_1_05,20260613,-0.14512343388459614
test,full_upset_base_margin,20260613_1_06,20260613,0.06178249279286163
test,full_upset_base_margin,20260613_1_07,20260613,0.005851981510042403
test,full_upset_base_margin,20260613_1_08,20260613,0.02014304643575704
test,full_upset_base_margin,20260613_1_09,20260613,-0.016267580114916802
test,full_upset_base_margin,20260613_1_10,20260613,-0.012680657734030487
test,full_upset_base_margin,20260614_1_01,20260614,0.1832781534748904
test,full_upset_base_margin,20260614_1_02,20260614,0.1232699708381857
test,full_upset_base_margin,20260614_1_03,20260614,0.11601850327688301
test,full_upset_base_margin,20260614_1_04,20260614,0.025004183031543947
test,full_upset_base_margin,20260614_1_05,20260614,0.24479594343812883
test,full_upset_base_margin,20260614_1_06,20260614,0.1628179768919933
test,full_upset_base_margin,20260614_1_07,20260614,0.07593619277318053
test,full_upset_base_margin,20260614_1_08,20260614,0.03631702514232238
test,full_upset_base_margin,20260614_1_09,20260614,0.017210791173210005
test,full_upset_base_margin,20260614_1_10,20260614,-0.00802157346405541
test,full_upset_base_margin,20260620_1_01,20260620,0.05203218371814833
test,full_upset_base_margin,20260620_1_03,20260620,-0.14898213629219592
test,full_upset_base_margin,20260620_1_04,20260620,-0.07669444251194735
test,full_upset_base_margin,20260620_1_05,20260620,-0.1347893867765606
test,full_upset_base_margin,20260620_1_06,20260620,-0.07104371389214936
test,full_upset_base_margin,20260620_1_07,20260620,0.008101832941053377
test,full_upset_base_margin,20260620_1_08,20260620,0.15566599610693355
test,full_upset_base_margin,20260620_1_09,20260620,0.18321214474621395
test,full_upset_base_margin,20260620_1_10,20260620,0.10836540747963586
test,full_upset_base_margin,20260621_1_01,20260621,-0.017636615749251128
test,full_upset_base_margin,20260621_1_02,20260621,-0.12885972787416589
test,full_upset_base_margin,20260621_1_03,20260621,0.02427880187494935
test,full_upset_base_margin,20260621_1_04,20260621,0.07213016711468212
test,full_upset_base_margin,20260621_1_05,20260621,-0.12558677065451107
test,full_upset_base_margin,20260621_1_07,20260621,-0.02116245117948856
test,full_upset_base_margin,20260621_1_08,20260621,-0.09735126474939237
test,full_upset_base_margin,20260621_1_09,20260621,0.044822809285961496
test,full_upset_base_margin,20260621_1_10,20260621,0.03287216398669557
test,full_upset_base_margin,20260627_1_01,20260627,0.10340563069975994
test,full_upset_base_margin,20260627_1_02,20260627,0.05621209347235823
test,full_upset_base_margin,20260627_1_03,20260627,-0.07285578501931322
test,full_upset_base_margin,20260627_1_04,20260627,0.0929232313643431
test,full_upset_base_margin,20260627_1_05,20260627,-0.011155269331067252
test,full_upset_base_margin,20260627_1_06,20260627,-0.04323331152992882
test,full_upset_base_margin,20260627_1_07,20260627,0.06530440026743833
test,full_upset_base_margin,20260627_1_08,20260627,0.09405005096676372
test,full_upset_base_margin,20260627_1_09,20260627,0.07377345570240212
test,full_upset_base_margin,20260627_1_10,20260627,0.17418478106083857
test,full_upset_base_margin,20260628_1_01,20260628,0.11170950014062209
test,full_upset_base_margin,20260628_1_02,20260628,0.009091821411825463
test,full_upset_base_margin,20260628_1_03,20260628,0.10817285335283944
test,full_upset_base_margin,20260628_1_05,20260628,-0.0005653806119929605
test,full_upset_base_margin,20260628_1_06,20260628,0.03477861042476804
test,full_upset_base_margin,20260628_1_07,20260628,-0.021947064340942957
test,full_upset_base_margin,20260628_1_08,20260628,0.032135699581917754
test,full_upset_base_margin,20260628_1_09,20260628,0.0050456762448197745
test,full_upset_base_margin,20260628_1_10,20260628,-0.09788418241565289
test,full_upset_base_margin,20260704_1_01,20260704,-0.01546932950606772
test,full_upset_base_margin,20260704_1_03,20260704,-0.016224942451121827
test,full_upset_base_margin,20260704_1_04,20260704,0.005731234507184713
test,full_upset_base_margin,20260704_1_05,20260704,-0.04090347777483627
test,full_upset_base_margin,20260704_1_06,20260704,0.03821036597874561
test,full_upset_base_margin,20260704_1_07,20260704,0.040641319498633255
test,full_upset_base_margin,20260704_1_08,20260704,0.1573898732301514
test,full_upset_base_margin,20260704_1_09,20260704,-0.08364869944327347
test,full_upset_base_margin,20260704_1_10,20260704,0.07526234054787828
test,full_upset_base_margin,20260705_1_01,20260705,0.042616082814217915
test,full_upset_base_margin,20260705_1_02,20260705,-0.17273480277303155
test,full_upset_base_margin,20260705_1_03,20260705,0.12191710376957832
test,full_upset_base_margin,20260705_1_04,20260705,-0.13500793358295304
test,full_upset_base_margin,20260705_1_05,20260705,-0.021786231882937823
test,full_upset_base_margin,20260705_1_06,20260705,-0.013764332963780657
test,full_upset_base_margin,20260705_1_07,20260705,0.05512888412843453
test,full_upset_base_margin,20260705_1_08,20260705,0.09768402225627248
test,full_upset_base_margin,20260705_1_09,20260705,-0.051514072590505666
test,full_upset_base_margin,20260705_1_10,20260705,0.2576363065309959
test,full_upset_base_margin,20260711_1_01,20260711,-0.06578011480331969
test,full_upset_base_margin,20260711_1_02,20260711,-0.07851147670719749
test,full_upset_base_margin,20260711_1_03,20260711,0.06938338887916073
test,full_upset_base_margin,20260711_1_04,20260711,0.23687327880939268
test,full_upset_base_margin,20260711_1_05,20260711,-0.10135880770095218
test,full_upset_base_margin,20260711_1_06,20260711,0.03784685637782381
test,full_upset_base_margin,20260711_1_07,20260711,0.03426031956828002
test,full_upset_base_margin,20260711_1_08,20260711,0.034164948634581194
test,full_upset_base_margin,20260711_1_09,20260711,-0.033216058908282164
test,full_upset_base_margin,20260711_1_10,20260711,0.04808341831965102
test,full_upset_base_margin,20260712_1_01,20260712,0.05124087727628235
test,full_upset_base_margin,20260712_1_02,20260712,-0.05815824322073926
test,full_upset_base_margin,20260712_1_04,20260712,-0.20141219896180962
test,full_upset_base_margin,20260712_1_05,20260712,0.05260699940739033
test,full_upset_base_margin,20260712_1_06,20260712,0.005776711748954
test,full_upset_base_margin,20260712_1_07,20260712,0.12444981377537268
test,full_upset_base_margin,20260712_1_08,20260712,0.004444473943823635
test,full_upset_base_margin,20260712_1_09,20260712,0.013896490955268792
test,full_upset_base_margin,20260712_1_10,20260712,0.04530046474853311
test,full_upset_base_margin,20260718_1_01,20260718,0.08506365288524043
test,full_upset_base_margin,20260718_1_02,20260718,0.0339889141426839
test,full_upset_base_margin,20260718_1_03,20260718,-0.03721090605562649
test,full_upset_base_margin,20260718_1_04,20260718,0.023763061321498746
test,full_upset_base_margin,20260718_1_05,20260718,-0.06009970582719881
test,full_upset_base_margin,20260718_1_06,20260718,0.11251083497775438
test,full_upset_base_margin,20260718_1_07,20260718,-0.005821236565556109
test,full_upset_base_margin,20260718_1_08,20260718,0.0868223784744151
test,full_upset_base_margin,20260718_1_09,20260718,0.008220203843992024
test,full_upset_base_margin,20260718_1_10,20260718,0.07015001638015284
test,full_upset_base_margin,20260719_1_01,20260719,0.0008739651439289564
test,full_upset_base_margin,20260719_1_02,20260719,0.045427220655658296
test,full_upset_base_margin,20260719_1_03,20260719,0.22242642895195286
test,full_upset_base_margin,20260719_1_04,20260719,-0.09486127050132809
test,full_upset_base_margin,20260719_1_05,20260719,-0.04085949460075078
test,full_upset_base_margin,20260719_1_06,20260719,0.15192561832961848
test,full_upset_base_margin,20260719_1_07,20260719,0.11920942861487882
test,full_upset_base_margin,20260719_1_08,20260719,-0.047571158345003806
test,full_upset_base_margin,20260719_1_09,20260719,0.009926911658547866
test,full_upset_base_margin,20260719_1_10,20260719,-0.055337824119133794
test,full_upset_base_margin,20260725_1_01,20260725,-0.10155557720923669
test,full_upset_base_margin,20260725_1_02,20260725,0.015161835696385517
test,full_upset_base_margin,20260725_1_03,20260725,0.1323543898217434
test,full_upset_base_margin,20260725_1_04,20260725,0.02466491166738327
test,full_upset_base_margin,20260725_1_05,20260725,-0.08025372521851448
test,full_upset_base_margin,20260725_1_06,20260725,-0.03560578482157373
test,full_upset_base_margin,20260725_1_08,20260725,-0.11749864100282092
test,full_upset_base_margin,20260725_1_09,20260725,0.10041999867126394
test,full_upset_base_margin,20260725_1_10,20260725,0.03485089226210514
test,full_upset_base_margin,20260726_1_01,20260726,0.10052524267508911
test,full_upset_base_margin,20260726_1_02,20260726,-0.05572732860646079
test,full_upset_base_margin,20260726_1_03,20260726,-0.04549575913756665
test,full_upset_base_margin,20260726_1_04,20260726,-0.08566375683457483
test,full_upset_base_margin,20260726_1_05,20260726,0.032909483205581624
test,full_upset_base_margin,20260726_1_06,20260726,0.14074381376209044
test,full_upset_base_margin,20260726_1_07,20260726,0.0588834114622343
test,full_upset_base_margin,20260726_1_08,20260726,0.08338141377606689
test,full_upset_base_margin,20260726_1_09,20260726,-0.06054912203828522
test,full_upset_base_margin,20260726_1_10,20260726,-0.06839529094997165
test,full_upset_base_margin,20260808_1_01,20260808,0.05471589339343752
test,full_upset_base_margin,20260808_1_02,20260808,-0.03852559819144252
test,full_upset_base_margin,20260808_1_03,20260808,0.03711509167968896
test,full_upset_base_margin,20260808_1_04,20260808,-0.09721617594050347
test,full_upset_base_margin,20260808_1_05,20260808,-0.15075693485076336
test,full_upset_base_margin,20260808_1_06,20260808,0.011217896750274514
test,full_upset_base_margin,20260808_1_07,20260808,0.03195498155567833
test,full_upset_base_margin,20260808_1_08,20260808,0.015297129219500771
test,full_upset_base_margin,20260808_1_09,20260808,0.08482666614305373
test,full_upset_base_margin,20260808_1_10,20260808,-0.0759256740049783
test,full_upset_base_margin,20260809_1_01,20260809,0.11143742720316308
test,full_upset_base_margin,20260809_1_02,20260809,0.07686339703966838
test,full_upset_base_margin,20260809_1_03,20260809,0.05212376089304138
test,full_upset_base_margin,20260809_1_04,20260809,0.12654022559383193
test,full_upset_base_margin,20260809_1_05,20260809,-0.056643172367372374
test,full_upset_base_margin,20260809_1_07,20260809,-0.1922956225439043
test,full_upset_base_margin,20260809_1_08,20260809,-0.12760824017497274
test,full_upset_base_margin,20260809_1_09,20260809,-0.07041365859582938
test,full_upset_base_margin,20260809_1_10,20260809,-0.04255477628795257
valid,selected_upset_base_margin,20250517_1_01,20250517,0.0024323538863146865
valid,selected_upset_base_margin,20250517_1_02,20250517,-0.005110355731135385
valid,selected_upset_base_margin,20250517_1_03,20250517,0.0002866429056755937
valid,selected_upset_base_margin,20250517_1_04,20250517,-0.0007755008135188479
valid,selected_upset_base_margin,20250517_1_05,20250517,0.00047846819609886904
valid,selected_upset_base_margin,20250517_1_06,20250517,0.0005386191319830536
valid,selected_upset_base_margin,20250517_1_07,20250517,0.000493135561743685
valid,selected_upset_base_margin,20250517_1_08,20250517,0.001744703694183336
valid,selected_upset_base_margin,20250517_1_09,20250517,0.0007482609751998659
valid,selected_upset_base_margin,20250517_1_10,20250517,-0.002768923177417948
valid,selected_upset_base_margin,20250518_1_01,20250518,0.003883893920979986
valid,selected_upset_base_margin,20250518_1_02,20250518,-0.001518532115466542
valid,selected_upset_base_margin,20250518_1_05,20250518,0.0007512138735952245
valid,selected_upset_base_margin,20250518_1_06,20250518,-0.024642416482420604
valid,selected_upset_base_margin,20250518_1_07,20250518,-5.206491607889774e-05
valid,selected_upset_base_margin,20250518_1_08,20250518,-0.0018855697414731365
valid,selected_upset_base_margin,20250518_1_09,20250518,0.001061522978230478
valid,selected_upset_base_margin,20250518_1_10,20250518,-0.0013647076266745106
valid,selected_upset_base_margin,20250518_1_11,20250518,-0.0005976983431104088
valid,selected_upset_base_margin,20250524_1_01,20250524,0.006208046652099175
valid,selected_upset_base_margin,20250524_1_02,20250524,-0.02166133770801837
valid,selected_upset_base_margin,20250524_1_03,20250524,-0.0007684341877800538
valid,selected_upset_base_margin,20250524_1_04,20250524,0.00011478107781259794
valid,selected_upset_base_margin,20250524_1_05,20250524,0.0001605684180012723
valid,selected_upset_base_margin,20250524_1_07,20250524,0.0006247063514419615
valid,selected_upset_base_margin,20250524_1_08,20250524,0.013631058114193184
valid,selected_upset_base_margin,20250524_1_09,20250524,-0.0007457373387528277
valid,selected_upset_base_margin,20250524_1_10,20250524,-0.0007508774648629091
valid,selected_upset_base_margin,20250525_1_01,20250525,0.005350467148862892
valid,selected_upset_base_margin,20250525_1_02,20250525,0.00033203615091448313
valid,selected_upset_base_margin,20250525_1_03,20250525,0.00027620771233882735
valid,selected_upset_base_margin,20250525_1_04,20250525,0.0006048092096220259
valid,selected_upset_base_margin,20250525_1_05,20250525,-0.0008556432402326841
valid,selected_upset_base_margin,20250525_1_06,20250525,-0.0005575393998631384
valid,selected_upset_base_margin,20250525_1_07,20250525,0.0017135188417660707
valid,selected_upset_base_margin,20250525_1_08,20250525,-0.0004012969242586095
valid,selected_upset_base_margin,20250525_1_09,20250525,0.0017036678166872932
valid,selected_upset_base_margin,20250525_1_10,20250525,-0.0003356477731955021
valid,selected_upset_base_margin,20250525_1_11,20250525,0.0013734667507845355
valid,selected_upset_base_margin,20250531_1_02,20250531,-0.0012002946880906862
valid,selected_upset_base_margin,20250531_1_03,20250531,-0.004874960780925974
valid,selected_upset_base_margin,20250531_1_04,20250531,-0.031242307455173535
valid,selected_upset_base_margin,20250531_1_05,20250531,0.0033509949938839156
valid,selected_upset_base_margin,20250531_1_06,20250531,0.001804478590629488
valid,selected_upset_base_margin,20250531_1_07,20250531,0.0034578314446953584
valid,selected_upset_base_margin,20250531_1_08,20250531,0.0007631843651008108
valid,selected_upset_base_margin,20250531_1_09,20250531,0.0001684662970402595
valid,selected_upset_base_margin,20250531_1_10,20250531,0.00037874062218001825
valid,selected_upset_base_margin,20250601_1_01,20250601,0.004260419600435661
valid,selected_upset_base_margin,20250601_1_03,20250601,0.004483480354614544
valid,selected_upset_base_margin,20250601_1_04,20250601,-0.0011597410098116434
valid,selected_upset_base_margin,20250601_1_05,20250601,-0.0036292480951232164
valid,selected_upset_base_margin,20250601_1_06,20250601,0.006931314164377866
valid,selected_upset_base_margin,20250601_1_07,20250601,0.0023650417399498913
valid,selected_upset_base_margin,20250601_1_08,20250601,0.0012430480348296635
valid,selected_upset_base_margin,20250601_1_09,20250601,0.0020388050703663563
valid,selected_upset_base_margin,20250601_1_10,20250601,0.00039042306253023185
valid,selected_upset_base_margin,20250601_1_11,20250601,-0.002443144749152859
valid,selected_upset_base_margin,20250607_1_01,20250607,0.00018427488802985614
valid,selected_upset_base_margin,20250607_1_02,20250607,0.004563603419593054
valid,selected_upset_base_margin,20250607_1_03,20250607,-0.0011553655778424599
valid,selected_upset_base_margin,20250607_1_04,20250607,0.0006074448280206646
valid,selected_upset_base_margin,20250607_1_05,20250607,0.0006156713779931211
valid,selected_upset_base_margin,20250607_1_07,20250607,-0.0028784512369586235
valid,selected_upset_base_margin,20250607_1_08,20250607,-0.000830583844057653
valid,selected_upset_base_margin,20250607_1_09,20250607,0.01098499285871335
valid,selected_upset_base_margin,20250608_1_01,20250608,-0.00036600302750011693
valid,selected_upset_base_margin,20250608_1_02,20250608,0.000362215838877078
valid,selected_upset_base_margin,20250608_1_03,20250608,-0.026501114190250696
valid,selected_upset_base_margin,20250608_1_04,20250608,0.000129795134615307
valid,selected_upset_base_margin,20250608_1_05,20250608,0.003979825158237471
valid,selected_upset_base_margin,20250608_1_06,20250608,-0.005790592870553279
valid,selected_upset_base_margin,20250608_1_07,20250608,-0.02257834150722493
valid,selected_upset_base_margin,20250608_1_08,20250608,-0.007444602876074846
valid,selected_upset_base_margin,20250608_1_09,20250608,-0.0011084048524585555
valid,selected_upset_base_margin,20250614_1_01,20250614,0.00037467670869983927
valid,selected_upset_base_margin,20250614_1_02,20250614,0.0007560396213399656
valid,selected_upset_base_margin,20250614_1_03,20250614,-0.00023168187648237026
valid,selected_upset_base_margin,20250614_1_04,20250614,0.005427014040053857
valid,selected_upset_base_margin,20250614_1_05,20250614,-0.002890865899658701
valid,selected_upset_base_margin,20250614_1_06,20250614,-0.004097146550037678
valid,selected_upset_base_margin,20250614_1_07,20250614,0.0003684860233219567
valid,selected_upset_base_margin,20250614_1_08,20250614,-0.000361719986595066
valid,selected_upset_base_margin,20250614_1_09,20250614,0.007297251266114357
valid,selected_upset_base_margin,20250615_1_02,20250615,0.004913473106792798
valid,selected_upset_base_margin,20250615_1_03,20250615,0.0016046746297682102
valid,selected_upset_base_margin,20250615_1_04,20250615,-0.00010096170441853403
valid,selected_upset_base_margin,20250615_1_05,20250615,0.0002848575881615467
valid,selected_upset_base_margin,20250615_1_06,20250615,3.711769332070958e-05
valid,selected_upset_base_margin,20250615_1_07,20250615,0.000387503242747389
valid,selected_upset_base_margin,20250615_1_08,20250615,-0.001224050218430861
valid,selected_upset_base_margin,20250615_1_09,20250615,0.0035959036304427094
valid,selected_upset_base_margin,20250615_1_10,20250615,0.0004926041144552862
valid,selected_upset_base_margin,20250615_1_11,20250615,0.0019423606124594484
valid,selected_upset_base_margin,20250621_1_01,20250621,0.0003189535614569472
valid,selected_upset_base_margin,20250621_1_02,20250621,0.0016531589972945682
valid,selected_upset_base_margin,20250621_1_03,20250621,0.0005038088507589578
valid,selected_upset_base_margin,20250621_1_04,20250621,0.00037495342814120036
valid,selected_upset_base_margin,20250621_1_05,20250621,0.0009946202268822368
valid,selected_upset_base_margin,20250621_1_06,20250621,-0.00830959081632665
valid,selected_upset_base_margin,20250621_1_07,20250621,-0.020195492512641522
valid,selected_upset_base_margin,20250621_1_09,20250621,-0.00014917260249891484
valid,selected_upset_base_margin,20250622_1_01,20250622,-0.006239363441346679
valid,selected_upset_base_margin,20250622_1_02,20250622,0.0009814465547208773
valid,selected_upset_base_margin,20250622_1_03,20250622,-0.005600142478084713
valid,selected_upset_base_margin,20250622_1_04,20250622,0.006483761092623386
valid,selected_upset_base_margin,20250622_1_05,20250622,-0.022148912392259135
valid,selected_upset_base_margin,20250622_1_06,20250622,0.0008560354435744877
valid,selected_upset_base_margin,20250622_1_07,20250622,-0.0017127804240488764
valid,selected_upset_base_margin,20250622_1_08,20250622,-0.02029856452011547
valid,selected_upset_base_margin,20250622_1_09,20250622,0.004367296357498551
valid,selected_upset_base_margin,20250622_1_10,20250622,0.0027110535713732453
valid,selected_upset_base_margin,20250622_1_11,20250622,0.00023694145029384828
valid,selected_upset_base_margin,20250628_1_01,20250628,-0.007004986364197219
valid,selected_upset_base_margin,20250628_1_02,20250628,0.0029330564732286124
valid,selected_upset_base_margin,20250628_1_03,20250628,0.0002851027616481705
valid,selected_upset_base_margin,20250628_1_04,20250628,0.0012959423762211042
valid,selected_upset_base_margin,20250628_1_05,20250628,-0.003544674004453796
valid,selected_upset_base_margin,20250628_1_06,20250628,-0.001900243568636828
valid,selected_upset_base_margin,20250628_1_07,20250628,7.940428498787178e-05
valid,selected_upset_base_margin,20250628_1_08,20250628,0.01187723624229875
valid,selected_upset_base_margin,20250628_1_09,20250628,0.003258869746623594
valid,selected_upset_base_margin,20250629_1_01,20250629,-0.0072173512929847305
valid,selected_upset_base_margin,20250629_1_02,20250629,-0.018569357249845764
valid,selected_upset_base_margin,20250629_1_03,20250629,-0.002018404180121003
valid,selected_upset_base_margin,20250629_1_04,20250629,0.0009388783487254138
valid,selected_upset_base_margin,20250629_1_05,20250629,-0.000610239517623512
valid,selected_upset_base_margin,20250629_1_06,20250629,0.0001832263945118484
valid,selected_upset_base_margin,20250629_1_07,20250629,0.0026966658533500443
valid,selected_upset_base_margin,20250629_1_08,20250629,-0.0008381536750130536
valid,selected_upset_base_margin,20250629_1_09,20250629,0.000752418484499362
valid,selected_upset_base_margin,20250629_1_10,20250629,0.0011788277709046113
valid,selected_upset_base_margin,20250629_1_11,20250629,0.0007317513255802321
valid,selected_upset_base_margin,20250705_1_01,20250705,0.00035161881307677056
valid,selected_upset_base_margin,20250705_1_02,20250705,-0.0014147380436937418
valid,selected_upset_base_margin,20250705_1_03,20250705,0.000348882408251594
valid,selected_upset_base_margin,20250705_1_04,20250705,0.00041264203262070254
valid,selected_upset_base_margin,20250705_1_05,20250705,0.0005129947433761828
valid,selected_upset_base_margin,20250705_1_06,20250705,0.003421068781924941
valid,selected_upset_base_margin,20250705_1_08,20250705,0.001966702016684252
valid,selected_upset_base_margin,20250705_1_09,20250705,0.0005940311085756989
valid,selected_upset_base_margin,20250706_1_01,20250706,-0.0004983234445024021
valid,selected_upset_base_margin,20250706_1_02,20250706,-0.0021055676151735536
valid,selected_upset_base_margin,20250706_1_03,20250706,-9.403070025593152e-05
valid,selected_upset_base_margin,20250706_1_04,20250706,0.0009927804843758992
valid,selected_upset_base_margin,20250706_1_05,20250706,0.0061298387835613255
valid,selected_upset_base_margin,20250706_1_06,20250706,-0.002835004504124994
valid,selected_upset_base_margin,20250706_1_07,20250706,0.003477171224159026
valid,selected_upset_base_margin,20250706_1_08,20250706,0.0031538767562870884
valid,selected_upset_base_margin,20250706_1_09,20250706,-0.003028362509080562
valid,selected_upset_base_margin,20250706_1_10,20250706,-0.000896337083596932
valid,selected_upset_base_margin,20250706_1_11,20250706,0.00048574280846480633
valid,selected_upset_base_margin,20250712_1_01,20250712,0.0003371830927951791
valid,selected_upset_base_margin,20250712_1_02,20250712,0.001388563028163592
valid,selected_upset_base_margin,20250712_1_03,20250712,-0.003836021110343646
valid,selected_upset_base_margin,20250712_1_04,20250712,-0.0042901661917402745
valid,selected_upset_base_margin,20250712_1_05,20250712,0.003800216582717786
valid,selected_upset_base_margin,20250712_1_06,20250712,0.01015032311152897
valid,selected_upset_base_margin,20250712_1_07,20250712,-0.0015655783959385161
valid,selected_upset_base_margin,20250712_1_08,20250712,0.003910495300164074
valid,selected_upset_base_margin,20250712_1_09,20250712,0.00046423104128234804
valid,selected_upset_base_margin,20250713_1_01,20250713,0.0018744842042028864
valid,selected_upset_base_margin,20250713_1_02,20250713,-0.0006181328084124971
valid,selected_upset_base_margin,20250713_1_03,20250713,3.9735805130725055e-05
valid,selected_upset_base_margin,20250713_1_04,20250713,0.0002570201966336505
valid,selected_upset_base_margin,20250713_1_05,20250713,0.0007371141393002212
valid,selected_upset_base_margin,20250713_1_06,20250713,0.0009302034566309736
valid,selected_upset_base_margin,20250713_1_07,20250713,0.0003672760353974347
valid,selected_upset_base_margin,20250713_1_08,20250713,0.005062554054987789
valid,selected_upset_base_margin,20250713_1_09,20250713,0.0013539998356653093
valid,selected_upset_base_margin,20250713_1_10,20250713,0.00508798279904743
valid,selected_upset_base_margin,20250713_1_11,20250713,0.008488049977292356
valid,selected_upset_base_margin,20250719_1_01,20250719,0.001909029698160758
valid,selected_upset_base_margin,20250719_1_02,20250719,0.0031530566843680496
valid,selected_upset_base_margin,20250719_1_03,20250719,0.001119706760603023
valid,selected_upset_base_margin,20250719_1_04,20250719,0.000400643943255119
valid,selected_upset_base_margin,20250719_1_05,20250719,-0.002731627379915391
valid,selected_upset_base_margin,20250719_1_06,20250719,0.00023372139758226496
valid,selected_upset_base_margin,20250719_1_07,20250719,0.002563349947390714
valid,selected_upset_base_margin,20250719_1_08,20250719,0.0008886392578715263
valid,selected_upset_base_margin,20250719_1_09,20250719,0.00031219543468430366
valid,selected_upset_base_margin,20250720_1_01,20250720,-0.026982734446802326
valid,selected_upset_base_margin,20250720_1_02,20250720,0.01551608305636365
valid,selected_upset_base_margin,20250720_1_03,20250720,0.0005607926626343129
valid,selected_upset_base_margin,20250720_1_04,20250720,5.564240803224152e-05
valid,selected_upset_base_margin,20250720_1_05,20250720,0.0020569576555817815
valid,selected_upset_base_margin,20250720_1_06,20250720,0.0007060284157733854
valid,selected_upset_base_margin,20250720_1_07,20250720,0.000551251582709078
valid,selected_upset_base_margin,20250720_1_08,20250720,0.010181174064102017
valid,selected_upset_base_margin,20250720_1_09,20250720,-0.0007153710315255246
valid,selected_upset_base_margin,20250720_1_10,20250720,0.0019943602978389485
valid,selected_upset_base_margin,20250720_1_11,20250720,-0.002261896769011784
valid,selected_upset_base_margin,20250726_1_01,20250726,0.0005217417358400755
valid,selected_upset_base_margin,20250726_1_02,20250726,0.0013538698894373091
valid,selected_upset_base_margin,20250726_1_03,20250726,0.00011794975228029969
valid,selected_upset_base_margin,20250726_1_04,20250726,0.017443515325242576
valid,selected_upset_base_margin,20250726_1_05,20250726,0.0006324403143551649
valid,selected_upset_base_margin,20250726_1_06,20250726,-0.002247090711374078
valid,selected_upset_base_margin,20250726_1_07,20250726,0.017097320181463926
valid,selected_upset_base_margin,20250726_1_08,20250726,0.0035621693903016283
valid,selected_upset_base_margin,20250726_1_09,20250726,0.0004432412291321963
valid,selected_upset_base_margin,20250727_1_01,20250727,0.0003091375724864065
valid,selected_upset_base_margin,20250727_1_02,20250727,-0.0014029627987097726
valid,selected_upset_base_margin,20250727_1_03,20250727,0.004579289380896023
valid,selected_upset_base_margin,20250727_1_04,20250727,-0.0018432361774192163
valid,selected_upset_base_margin,20250727_1_05,20250727,0.015701632367092433
valid,selected_upset_base_margin,20250727_1_06,20250727,0.0008462647879752261
valid,selected_upset_base_margin,20250727_1_08,20250727,0.0035228762354269083
valid,selected_upset_base_margin,20250727_1_09,20250727,0.0004404221389602281
valid,selected_upset_base_margin,20250727_1_10,20250727,0.0015030921365966066
valid,selected_upset_base_margin,20250727_1_11,20250727,0.013641192246192979
valid,selected_upset_base_margin,20250727_1_12,20250727,0.0003435812159109375
valid,selected_upset_base_margin,20250727_1_13,20250727,0.0009180383216924604
valid,selected_upset_base_margin,20250727_1_14,20250727,-0.002285370019442068
valid,selected_upset_base_margin,20250802_1_01,20250802,0.0013162582036361226
valid,selected_upset_base_margin,20250802_1_03,20250802,0.0026324666022949916
valid,selected_upset_base_margin,20250802_1_04,20250802,-6.21910500648859e-05
valid,selected_upset_base_margin,20250802_1_05,20250802,-0.003552093873634421
valid,selected_upset_base_margin,20250802_1_06,20250802,0.012197212095763632
valid,selected_upset_base_margin,20250802_1_07,20250802,-0.000304082891573243
valid,selected_upset_base_margin,20250802_1_08,20250802,0.0005278526147818319
valid,selected_upset_base_margin,20250802_1_09,20250802,0.001504504478186175
valid,selected_upset_base_margin,20250803_1_01,20250803,-9.034501794813465e-05
valid,selected_upset_base_margin,20250803_1_02,20250803,0.00085773425243163
valid,selected_upset_base_margin,20250803_1_03,20250803,-0.005143545039524744
valid,selected_upset_base_margin,20250803_1_04,20250803,0.0016165802921532801
valid,selected_upset_base_margin,20250803_1_05,20250803,-0.004453595855096415
valid,selected_upset_base_margin,20250803_1_06,20250803,-0.0003804245763276981
valid,selected_upset_base_margin,20250803_1_07,20250803,0.005291382070152562
valid,selected_upset_base_margin,20250803_1_08,20250803,-0.024059857810537544
valid,selected_upset_base_margin,20250803_1_09,20250803,0.0022155295931509666
valid,selected_upset_base_margin,20250803_1_10,20250803,-0.0015570595644780472
valid,selected_upset_base_margin,20250803_1_11,20250803,0.00020981348788362553
valid,selected_upset_base_margin,20250803_1_12,20250803,-0.0009330455905667279
valid,selected_upset_base_margin,20250803_1_13,20250803,-4.6389661778611924e-05
valid,selected_upset_base_margin,20250803_1_14,20250803,0.0006445510112946806
valid,selected_upset_base_margin,20250816_1_01,20250816,0.0003344358668067038
valid,selected_upset_base_margin,20250816_1_02,20250816,0.0001974295039401941
valid,selected_upset_base_margin,20250816_1_03,20250816,0.0021834601523005315
valid,selected_upset_base_margin,20250816_1_04,20250816,0.0002595268216230018
valid,selected_upset_base_margin,20250816_1_05,20250816,0.015817456037619415
valid,selected_upset_base_margin,20250816_1_06,20250816,-0.003754971044673816
valid,selected_upset_base_margin,20250816_1_07,20250816,1.7000485856843994e-05
valid,selected_upset_base_margin,20250816_1_08,20250816,0.012535505367439193
valid,selected_upset_base_margin,20250816_1_09,20250816,0.0008315695357550279
valid,selected_upset_base_margin,20250817_1_01,20250817,-0.00010490275498264978
valid,selected_upset_base_margin,20250817_1_02,20250817,0.0011143123384493858
valid,selected_upset_base_margin,20250817_1_03,20250817,0.0019181782838548767
valid,selected_upset_base_margin,20250817_1_04,20250817,0.0023034284368519398
valid,selected_upset_base_margin,20250817_1_05,20250817,0.0007597183685215114
valid,selected_upset_base_margin,20250817_1_06,20250817,4.16805065572845e-07
valid,selected_upset_base_margin,20250817_1_07,20250817,-0.0004013780373233189
valid,selected_upset_base_margin,20250817_1_08,20250817,0.0002296375695260977
valid,selected_upset_base_margin,20250817_1_09,20250817,0.0011465312398886152
valid,selected_upset_base_margin,20250817_1_10,20250817,1.2996791892927462e-05
valid,selected_upset_base_margin,20250817_1_11,20250817,-0.0010792091487674682
valid,selected_upset_base_margin,20250823_1_01,20250823,0.0007934465210243102
valid,selected_upset_base_margin,20250823_1_02,20250823,-0.00899541705693263
valid,selected_upset_base_margin,20250823_1_03,20250823,-0.0017269386937305287
valid,selected_upset_base_margin,20250823_1_04,20250823,0.004237080398108439
valid,selected_upset_base_margin,20250823_1_05,20250823,0.0036625085714554473
valid,selected_upset_base_margin,20250823_1_07,20250823,-0.0035216513750304657
valid,selected_upset_base_margin,20250823_1_08,20250823,0.0004196296625516016
valid,selected_upset_base_margin,20250823_1_09,20250823,0.0008906458746279489
valid,selected_upset_base_margin,20250823_1_10,20250823,0.0007495813351545699
valid,selected_upset_base_margin,20250824_1_01,20250824,-0.0029782360487065063
valid,selected_upset_base_margin,20250824_1_02,20250824,0.0011950963071547527
valid,selected_upset_base_margin,20250824_1_03,20250824,0.013859605819949383
valid,selected_upset_base_margin,20250824_1_04,20250824,0.0003225407977733852
valid,selected_upset_base_margin,20250824_1_05,20250824,-0.0005427472526651211
valid,selected_upset_base_margin,20250824_1_06,20250824,0.0014741394616764047
valid,selected_upset_base_margin,20250824_1_07,20250824,-0.0003224003728907743
valid,selected_upset_base_margin,20250824_1_08,20250824,-0.0001345080253757347
valid,selected_upset_base_margin,20250824_1_09,20250824,-0.00024892105431240097
valid,selected_upset_base_margin,20250824_1_10,20250824,0.0016037850679611054
valid,selected_upset_base_margin,20250830_1_01,20250830,6.27350754094369e-05
valid,selected_upset_base_margin,20250830_1_02,20250830,0.0003935519750919436
valid,selected_upset_base_margin,20250830_1_03,20250830,0.01134520410143125
valid,selected_upset_base_margin,20250830_1_04,20250830,0.014690707085843302
valid,selected_upset_base_margin,20250830_1_05,20250830,0.000972237626402972
valid,selected_upset_base_margin,20250830_1_06,20250830,-0.0006895962858876059
valid,selected_upset_base_margin,20250830_1_08,20250830,-6.449298819877214e-05
valid,selected_upset_base_margin,20250830_1_09,20250830,0.00035992822002040015
valid,selected_upset_base_margin,20250830_1_10,20250830,0.0002269871473461471
valid,selected_upset_base_margin,20250831_1_01,20250831,-0.000226500034949062
valid,selected_upset_base_margin,20250831_1_02,20250831,-0.002826981473937451
valid,selected_upset_base_margin,20250831_1_03,20250831,0.0011415600912345614
valid,selected_upset_base_margin,20250831_1_04,20250831,-0.00020079017146246159
valid,selected_upset_base_margin,20250831_1_05,20250831,-0.022012272348246542
valid,selected_upset_base_margin,20250831_1_06,20250831,-0.022488678970811193
valid,selected_upset_base_margin,20250831_1_07,20250831,0.0007313937717736696
valid,selected_upset_base_margin,20250831_1_08,20250831,-0.0004272992809675191
valid,selected_upset_base_margin,20250831_1_09,20250831,-0.021610486933239192
valid,selected_upset_base_margin,20250831_1_10,20250831,0.002530800760192964
valid,selected_upset_base_margin,20250831_1_11,20250831,-0.0025226541186817997
valid,selected_upset_base_margin,20250906_1_01,20250906,0.001147750513727619
valid,selected_upset_base_margin,20250906_1_02,20250906,-0.0010342171281632062
valid,selected_upset_base_margin,20250906_1_03,20250906,-0.001348026469917385
valid,selected_upset_base_margin,20250906_1_04,20250906,-2.6723532041916798e-05
valid,selected_upset_base_margin,20250906_1_05,20250906,0.0004170076279959023
valid,selected_upset_base_margin,20250906_1_06,20250906,-0.0016156858040644595
valid,selected_upset_base_margin,20250906_1_08,20250906,0.0005383829775928994
valid,selected_upset_base_margin,20250906_1_09,20250906,0.0005383703804953122
valid,selected_upset_base_margin,20250906_1_10,20250906,-2.793028729497493e-05
valid,selected_upset_base_margin,20250906_1_11,20250906,0.013926287200549003
valid,selected_upset_base_margin,20250907_1_01,20250907,0.0005053175519300623
valid,selected_upset_base_margin,20250907_1_02,20250907,0.0024711139849908914
valid,selected_upset_base_margin,20250907_1_03,20250907,0.003622512215176954
valid,selected_upset_base_margin,20250907_1_04,20250907,0.0031354550832047856
valid,selected_upset_base_margin,20250907_1_05,20250907,-0.0013372315834216941
valid,selected_upset_base_margin,20250907_1_06,20250907,-0.0023654515319042613
valid,selected_upset_base_margin,20250907_1_07,20250907,9.189371696249893e-05
valid,selected_upset_base_margin,20250907_1_08,20250907,0.006101609671695041
valid,selected_upset_base_margin,20250907_1_09,20250907,0.0022292437218194294
valid,selected_upset_base_margin,20250907_1_10,20250907,0.0025705334537562408
valid,selected_upset_base_margin,20250913_1_01,20250913,0.0021036688862872133
valid,selected_upset_base_margin,20250913_1_02,20250913,0.00050473248519467
valid,selected_upset_base_margin,20250913_1_03,20250913,-0.00033451048408972284
valid,selected_upset_base_margin,20250913_1_04,20250913,-0.008405750410542812
valid,selected_upset_base_margin,20250913_1_05,20250913,-0.0006258642659751068
valid,selected_upset_base_margin,20250913_1_06,20250913,0.0016380519464629373
valid,selected_upset_base_margin,20250913_1_07,20250913,0.01790671451270809
valid,selected_upset_base_margin,20250913_1_08,20250913,-0.006240274526641665
valid,selected_upset_base_margin,20250913_1_09,20250913,0.005265338281872145
valid,selected_upset_base_margin,20250913_1_10,20250913,0.0008277326002070762
valid,selected_upset_base_margin,20250914_1_01,20250914,0.010111784888187092
valid,selected_upset_base_margin,20250914_1_02,20250914,-0.0019896810170609847
valid,selected_upset_base_margin,20250914_1_03,20250914,-0.0019974273128089415
valid,selected_upset_base_margin,20250914_1_04,20250914,0.005447739746917035
valid,selected_upset_base_margin,20250914_1_05,20250914,-0.004124729476688849
valid,selected_upset_base_margin,20250914_1_06,20250914,0.001522077946964795
valid,selected_upset_base_margin,20250914_1_07,20250914,0.002014879267104641
valid,selected_upset_base_margin,20250914_1_08,20250914,-0.0021551609356875723
valid,selected_upset_base_margin,20250914_1_09,20250914,0.00246364734704807
valid,selected_upset_base_margin,20250914_1_10,20250914,0.003723516945092875
valid,selected_upset_base_margin,20250914_1_11,20250914,-0.0007832778047860423
valid,selected_upset_base_margin,20250920_1_01,20250920,-0.0010541997700749262
valid,selected_upset_base_margin,20250920_1_02,20250920,-0.00035659139079236013
valid,selected_upset_base_margin,20250920_1_03,20250920,0.004404667081646441
valid,selected_upset_base_margin,20250920_1_04,20250920,-0.0016282087846288817
valid,selected_upset_base_margin,20250920_1_05,20250920,-0.0025627125609952728
valid,selected_upset_base_margin,20250920_1_06,20250920,-0.009781724274594339
valid,selected_upset_base_margin,20250920_1_07,20250920,0.00020680920644799983
valid,selected_upset_base_margin,20250920_1_08,20250920,0.0001894627313570041
valid,selected_upset_base_margin,20250920_1_09,20250920,0.018234263299542697
valid,selected_upset_base_margin,20250920_1_10,20250920,4.024099715449481e-06
valid,selected_upset_base_margin,20250921_1_01,20250921,-0.0004249135422051964
valid,selected_upset_base_margin,20250921_1_02,20250921,-0.0008781762612473099
valid,selected_upset_base_margin,20250921_1_03,20250921,0.002319456859288138
valid,selected_upset_base_margin,20250921_1_04,20250921,-0.00041723183246755724
valid,selected_upset_base_margin,20250921_1_05,20250921,3.6917861918173145e-05
valid,selected_upset_base_margin,20250921_1_06,20250921,-0.0016160336314039458
valid,selected_upset_base_margin,20250921_1_07,20250921,0.0019827516181845084
valid,selected_upset_base_margin,20250921_1_08,20250921,-0.0008225586926289274
valid,selected_upset_base_margin,20250921_1_09,20250921,0.005899266866915331
valid,selected_upset_base_margin,20250921_1_10,20250921,0.00039652005097767784
valid,selected_upset_base_margin,20250921_1_11,20250921,0.0008484737655543029
valid,selected_upset_base_margin,20250927_1_01,20250927,-0.0013774687478838032
valid,selected_upset_base_margin,20250927_1_02,20250927,0.001254764084804627
valid,selected_upset_base_margin,20250927_1_03,20250927,-0.0009101663301954721
valid,selected_upset_base_margin,20250927_1_04,20250927,0.010005934646748815
valid,selected_upset_base_margin,20250927_1_05,20250927,0.00011368014612456179
valid,selected_upset_base_margin,20250927_1_06,20250927,-0.012759192762434424
valid,selected_upset_base_margin,20250927_1_07,20250927,5.045749004928268e-05
valid,selected_upset_base_margin,20250927_1_08,20250927,0.0012161219076631813
valid,selected_upset_base_margin,20250927_1_09,20250927,0.006485113940704501
valid,selected_upset_base_margin,20250927_1_10,20250927,0.0011112127416113005
valid,selected_upset_base_margin,20250928_1_01,20250928,-0.0007500248511524976
valid,selected_upset_base_margin,20250928_1_02,20250928,0.0012067600437509762
valid,selected_upset_base_margin,20250928_1_03,20250928,1.3737350311626706e-05
valid,selected_upset_base_margin,20250928_1_04,20250928,-0.0005124456582907833
valid,selected_upset_base_margin,20250928_1_05,20250928,-0.0009690956680312723
valid,selected_upset_base_margin,20250928_1_06,20250928,0.000661019090463455
valid,selected_upset_base_margin,20250928_1_07,20250928,-0.0007625495960768003
valid,selected_upset_base_margin,20250928_1_08,20250928,-0.0010068198702914977
valid,selected_upset_base_margin,20250928_1_09,20250928,-0.0014187389411797202
valid,selected_upset_base_margin,20250928_1_10,20250928,0.0020438488056067072
valid,selected_upset_base_margin,20250928_1_11,20250928,-0.00013237115980191394
valid,selected_upset_base_margin,20251003_1_01,20251003,0.0012854398307187154
valid,selected_upset_base_margin,20251003_1_02,20251003,0.0060710046860221745
valid,selected_upset_base_margin,20251003_1_03,20251003,-0.005976883887936824
valid,selected_upset_base_margin,20251003_1_04,20251003,0.00011912116494428027
valid,selected_upset_base_margin,20251003_1_05,20251003,0.0004623884445500437
valid,selected_upset_base_margin,20251003_1_06,20251003,0.00038804892387522827
valid,selected_upset_base_margin,20251003_1_07,20251003,-0.0006991931002113816
valid,selected_upset_base_margin,20251003_1_08,20251003,-3.680979191011957e-05
valid,selected_upset_base_margin,20251003_1_09,20251003,-0.0011667111820590215
valid,selected_upset_base_margin,20251003_1_10,20251003,0.002267798466015325
valid,selected_upset_base_margin,20251003_1_11,20251003,0.002406616691363994
valid,selected_upset_base_margin,20251004_1_01,20251004,0.0017927534262927036
valid,selected_upset_base_margin,20251004_1_02,20251004,-0.0007556669080628353
valid,selected_upset_base_margin,20251004_1_03,20251004,-0.0017729373654740144
valid,selected_upset_base_margin,20251004_1_04,20251004,0.0017628112585941214
valid,selected_upset_base_margin,20251004_1_05,20251004,0.004120551556129337
valid,selected_upset_base_margin,20251004_1_06,20251004,-0.001654290683795523
valid,selected_upset_base_margin,20251004_1_07,20251004,-0.0009160421715121991
valid,selected_upset_base_margin,20251004_1_08,20251004,0.005413739985621557
valid,selected_upset_base_margin,20251004_1_09,20251004,0.0005529705053688438
valid,selected_upset_base_margin,20251004_1_10,20251004,6.513374411820649e-06
valid,selected_upset_base_margin,20251004_1_11,20251004,-0.0015608748731479327
valid,selected_upset_base_margin,20251018_1_01,20251018,-0.0004467501415037489
valid,selected_upset_base_margin,20251018_1_02,20251018,0.0003765548878652547
valid,selected_upset_base_margin,20251018_1_03,20251018,-0.0015441087265224418
valid,selected_upset_base_margin,20251018_1_04,20251018,-0.0012025350110764776
valid,selected_upset_base_margin,20251018_1_05,20251018,9.975036768583578e-06
valid,selected_upset_base_margin,20251018_1_06,20251018,0.0010319952002714183
valid,selected_upset_base_margin,20251018_1_07,20251018,0.0006403305312536745
valid,selected_upset_base_margin,20251018_1_08,20251018,0.0025331802361046596
valid,selected_upset_base_margin,20251018_1_09,20251018,-0.0003238396487936779
valid,selected_upset_base_margin,20251018_1_10,20251018,-0.0028562646483385468
valid,selected_upset_base_margin,20251018_1_11,20251018,0.0007557647364437869
valid,selected_upset_base_margin,20251019_1_01,20251019,0.0019122845143952905
valid,selected_upset_base_margin,20251019_1_02,20251019,0.001915680050739721
valid,selected_upset_base_margin,20251019_1_03,20251019,-0.0006271629078637986
valid,selected_upset_base_margin,20251019_1_04,20251019,-0.0018047143701410695
valid,selected_upset_base_margin,20251019_1_05,20251019,-0.016058732201253867
valid,selected_upset_base_margin,20251019_1_06,20251019,-0.0004073995206376191
valid,selected_upset_base_margin,20251019_1_07,20251019,-0.000991000991145019
valid,selected_upset_base_margin,20251019_1_08,20251019,-3.940264318647024e-05
valid,selected_upset_base_margin,20251019_1_09,20251019,0.0035765527560198684
valid,selected_upset_base_margin,20251019_1_10,20251019,-0.0019012163286529216
valid,selected_upset_base_margin,20251019_1_11,20251019,-0.00399934217659359
valid,selected_upset_base_margin,20251025_1_01,20251025,0.0003295608440032627
valid,selected_upset_base_margin,20251025_1_02,20251025,-0.003589863962159656
valid,selected_upset_base_margin,20251025_1_03,20251025,-0.0005831333745216494
valid,selected_upset_base_margin,20251025_1_04,20251025,0.003632031237094102
valid,selected_upset_base_margin,20251025_1_05,20251025,-0.0018531044453733436
valid,selected_upset_base_margin,20251025_1_06,20251025,0.0009364637351083616
valid,selected_upset_base_margin,20251025_1_07,20251025,0.012469444843088318
valid,selected_upset_base_margin,20251025_1_08,20251025,-0.026368851395309534
valid,selected_upset_base_margin,20251025_1_09,20251025,-0.0005471508378106504
valid,selected_upset_base_margin,20251025_1_10,20251025,-0.0002128274161621313
valid,selected_upset_base_margin,20251025_1_11,20251025,-4.281181713672311e-05
valid,selected_upset_base_margin,20251026_1_01,20251026,-0.0024897296019150694
valid,selected_upset_base_margin,20251026_1_02,20251026,-0.0009726140870585098
valid,selected_upset_base_margin,20251026_1_03,20251026,-0.00043827422045250586
valid,selected_upset_base_margin,20251026_1_04,20251026,0.0002208941867278824
valid,selected_upset_base_margin,20251026_1_05,20251026,-0.0028503836036701813
valid,selected_upset_base_margin,20251026_1_06,20251026,-0.0009773157913066655
valid,selected_upset_base_margin,20251026_1_07,20251026,0.0001510537990169203
valid,selected_upset_base_margin,20251026_1_08,20251026,-0.002168529504290362
valid,selected_upset_base_margin,20251026_1_09,20251026,-0.023838734773884873
valid,selected_upset_base_margin,20251026_1_10,20251026,0.000742765099833842
valid,selected_upset_base_margin,20251026_1_11,20251026,-0.0013590711578932435
valid,selected_upset_base_margin,20251101_1_01,20251101,-0.000796495418820431
valid,selected_upset_base_margin,20251101_1_02,20251101,0.011906606134486797
valid,selected_upset_base_margin,20251101_1_03,20251101,0.002175979472019085
valid,selected_upset_base_margin,20251101_1_04,20251101,-0.00015050953925688226
valid,selected_upset_base_margin,20251101_1_05,20251101,-0.001232307835497659
valid,selected_upset_base_margin,20251101_1_06,20251101,0.0005243531897213272
valid,selected_upset_base_margin,20251101_1_07,20251101,-0.002275056334082093
valid,selected_upset_base_margin,20251101_1_08,20251101,0.003534180859071423
valid,selected_upset_base_margin,20251101_1_09,20251101,0.0024963344198234427
valid,selected_upset_base_margin,20251101_1_10,20251101,-0.0037336718055718254
valid,selected_upset_base_margin,20251101_1_11,20251101,0.00027053236043794726
valid,selected_upset_base_margin,20251102_1_01,20251102,-0.0005550031862515681
valid,selected_upset_base_margin,20251102_1_02,20251102,-0.0014881622788978088
valid,selected_upset_base_margin,20251102_1_03,20251102,0.0038773931386670846
valid,selected_upset_base_margin,20251102_1_04,20251102,-0.000575393116542422
valid,selected_upset_base_margin,20251102_1_05,20251102,-9.569685230470526e-06
valid,selected_upset_base_margin,20251102_1_06,20251102,-0.0018896720058638738
valid,selected_upset_base_margin,20251102_1_07,20251102,9.260933500931934e-05
valid,selected_upset_base_margin,20251102_1_08,20251102,-0.00023588044928279928
valid,selected_upset_base_margin,20251102_1_09,20251102,0.0010074316043655607
valid,selected_upset_base_margin,20251102_1_10,20251102,0.0049255194842907635
valid,selected_upset_base_margin,20251102_1_11,20251102,0.0019015847359524773
valid,selected_upset_base_margin,20251108_1_01,20251108,0.013736228135554196
valid,selected_upset_base_margin,20251108_1_02,20251108,-0.0005127613717217372
valid,selected_upset_base_margin,20251108_1_03,20251108,-0.02099757619227871
valid,selected_upset_base_margin,20251108_1_04,20251108,0.011123701710531009
valid,selected_upset_base_margin,20251108_1_05,20251108,-0.008581134032125348
valid,selected_upset_base_margin,20251108_1_06,20251108,-0.001970717930521726
valid,selected_upset_base_margin,20251108_1_07,20251108,0.0001294122337960335
valid,selected_upset_base_margin,20251108_1_08,20251108,-0.0009225471397025231
valid,selected_upset_base_margin,20251108_1_09,20251108,-0.00011080460295653793
valid,selected_upset_base_margin,20251108_1_10,20251108,-0.004448891526019683
valid,selected_upset_base_margin,20251108_1_11,20251108,-0.0007600886070813218
valid,selected_upset_base_margin,20251109_1_01,20251109,0.00019331080511841847
valid,selected_upset_base_margin,20251109_1_02,20251109,-0.0018190970494517122
valid,selected_upset_base_margin,20251109_1_03,20251109,-6.94421304918702e-05
valid,selected_upset_base_margin,20251109_1_04,20251109,0.006012248274569032
valid,selected_upset_base_margin,20251109_1_05,20251109,-6.902484757775884e-05
valid,selected_upset_base_margin,20251109_1_06,20251109,0.005559685573308437
valid,selected_upset_base_margin,20251109_1_07,20251109,-0.0007781519547171989
valid,selected_upset_base_margin,20251109_1_08,20251109,0.0005454780847169438
valid,selected_upset_base_margin,20251109_1_09,20251109,-0.0005192298664145056
valid,selected_upset_base_margin,20251109_1_10,20251109,-0.019557820605167198
valid,selected_upset_base_margin,20251109_1_11,20251109,0.0002976300788013475
valid,selected_upset_base_margin,20251115_1_01,20251115,0.00032216169988830146
valid,selected_upset_base_margin,20251115_1_02,20251115,-0.0013830842454209957
valid,selected_upset_base_margin,20251115_1_03,20251115,0.0004441285404381823
valid,selected_upset_base_margin,20251115_1_04,20251115,0.015646479506048916
valid,selected_upset_base_margin,20251115_1_05,20251115,0.000708148440425771
valid,selected_upset_base_margin,20251115_1_06,20251115,0.00020112071222300187
valid,selected_upset_base_margin,20251115_1_07,20251115,0.013629321148098228
valid,selected_upset_base_margin,20251115_1_08,20251115,-2.011114487032728e-05
valid,selected_upset_base_margin,20251115_1_09,20251115,0.001223397672201365
valid,selected_upset_base_margin,20251115_1_10,20251115,0.0024060375462673367
valid,selected_upset_base_margin,20251115_1_11,20251115,-0.022343789683935356
valid,selected_upset_base_margin,20251116_1_01,20251116,0.0004606858070903552
valid,selected_upset_base_margin,20251116_1_02,20251116,-0.001459907752102696
valid,selected_upset_base_margin,20251116_1_03,20251116,0.0016727463994392622
valid,selected_upset_base_margin,20251116_1_04,20251116,-0.00024233433749754063
valid,selected_upset_base_margin,20251116_1_05,20251116,0.0014530622513371227
valid,selected_upset_base_margin,20251116_1_06,20251116,-0.0009431641918880018
valid,selected_upset_base_margin,20251116_1_07,20251116,0.00014439265287080616
valid,selected_upset_base_margin,20251116_1_08,20251116,0.00331254572926043
valid,selected_upset_base_margin,20251116_1_09,20251116,8.659400939037276e-05
valid,selected_upset_base_margin,20251116_1_10,20251116,0.01067166865117719
valid,selected_upset_base_margin,20251122_1_01,20251122,-0.0008544787544436661
valid,selected_upset_base_margin,20251122_1_02,20251122,0.0028807098432206413
valid,selected_upset_base_margin,20251122_1_03,20251122,-0.00012203271047006581
valid,selected_upset_base_margin,20251122_1_04,20251122,0.0036877684537774957
valid,selected_upset_base_margin,20251122_1_05,20251122,-0.004187694213938498
valid,selected_upset_base_margin,20251122_1_06,20251122,0.000390722252848974
valid,selected_upset_base_margin,20251122_1_07,20251122,-0.003384813049676305
valid,selected_upset_base_margin,20251122_1_08,20251122,0.0016475048962290018
valid,selected_upset_base_margin,20251122_1_09,20251122,0.0031850264356874103
valid,selected_upset_base_margin,20251122_1_10,20251122,0.00323741035826286
valid,selected_upset_base_margin,20251122_1_11,20251122,-0.0010389636161072247
valid,selected_upset_base_margin,20251123_1_01,20251123,0.003724593465218584
valid,selected_upset_base_margin,20251123_1_03,20251123,0.011424379888784975
valid,selected_upset_base_margin,20251123_1_04,20251123,-0.002120608421514625
valid,selected_upset_base_margin,20251123_1_05,20251123,-0.0013239368620805436
valid,selected_upset_base_margin,20251123_1_06,20251123,0.0002816948269979136
valid,selected_upset_base_margin,20251123_1_07,20251123,-0.0010495111843724647
valid,selected_upset_base_margin,20251123_1_08,20251123,0.0004484268001915259
valid,selected_upset_base_margin,20251123_1_09,20251123,-0.001436238113812438
valid,selected_upset_base_margin,20251123_1_10,20251123,-0.0007201835195345119
valid,selected_upset_base_margin,20251123_1_11,20251123,-0.02197487017221844
valid,selected_upset_base_margin,20251129_1_01,20251129,0.005956369202667733
valid,selected_upset_base_margin,20251129_1_02,20251129,0.0021405153375964048
valid,selected_upset_base_margin,20251129_1_03,20251129,-0.0003095904798667837
valid,selected_upset_base_margin,20251129_1_04,20251129,-0.022358971699010688
valid,selected_upset_base_margin,20251129_1_05,20251129,0.0035636335850992573
valid,selected_upset_base_margin,20251129_1_06,20251129,-0.0006384419892995208
valid,selected_upset_base_margin,20251129_1_07,20251129,-0.0007622211171218751
valid,selected_upset_base_margin,20251129_1_08,20251129,-0.014807163090488795
valid,selected_upset_base_margin,20251129_1_09,20251129,-0.0002609900894656736
valid,selected_upset_base_margin,20251129_1_10,20251129,0.006003082724546083
valid,selected_upset_base_margin,20251129_1_11,20251129,-0.00014083363968109275
valid,selected_upset_base_margin,20251130_1_01,20251130,0.0004082537224685545
valid,selected_upset_base_margin,20251130_1_02,20251130,-0.0011390908022618218
valid,selected_upset_base_margin,20251130_1_03,20251130,-0.002493055778984399
valid,selected_upset_base_margin,20251130_1_04,20251130,0.0003230471684358971
valid,selected_upset_base_margin,20251130_1_05,20251130,0.0004286972799742994
valid,selected_upset_base_margin,20251130_1_06,20251130,-0.0021911720584413263
valid,selected_upset_base_margin,20251130_1_07,20251130,-0.0019063461658466174
valid,selected_upset_base_margin,20251130_1_08,20251130,0.0034426746164806232
valid,selected_upset_base_margin,20251130_1_09,20251130,-0.0007995988407780708
valid,selected_upset_base_margin,20251130_1_10,20251130,0.00036404072685769506
valid,selected_upset_base_margin,20251130_1_11,20251130,-0.028177183431025377
valid,selected_upset_base_margin,20251206_1_03,20251206,0.002869369168746805
valid,selected_upset_base_margin,20251206_1_04,20251206,-0.001373185962818102
valid,selected_upset_base_margin,20251206_1_05,20251206,0.00027113992999705516
valid,selected_upset_base_margin,20251206_1_06,20251206,0.001479264497324717
valid,selected_upset_base_margin,20251206_1_07,20251206,0.0006610272201017509
valid,selected_upset_base_margin,20251206_1_08,20251206,0.009127047930079568
valid,selected_upset_base_margin,20251206_1_09,20251206,-0.0023690624605343658
valid,selected_upset_base_margin,20251206_1_10,20251206,-0.0007969636708018424
valid,selected_upset_base_margin,20251206_1_11,20251206,-0.00410329741973392
valid,selected_upset_base_margin,20251207_1_01,20251207,-0.00021639267394535366
valid,selected_upset_base_margin,20251207_1_02,20251207,-0.000771454682150452
valid,selected_upset_base_margin,20251207_1_03,20251207,-0.003053554740659936
valid,selected_upset_base_margin,20251207_1_04,20251207,0.0005899630755623608
valid,selected_upset_base_margin,20251207_1_05,20251207,0.00025331625951630077
valid,selected_upset_base_margin,20251207_1_06,20251207,-0.0010776000375509742
valid,selected_upset_base_margin,20251207_1_07,20251207,-0.0005915500137065877
valid,selected_upset_base_margin,20251207_1_08,20251207,-0.0006538049817115255
valid,selected_upset_base_margin,20251207_1_09,20251207,0.0023197137632093856
valid,selected_upset_base_margin,20251207_1_10,20251207,0.0009365730660069183
valid,selected_upset_base_margin,20251207_1_11,20251207,0.011710946775463027
valid,selected_upset_base_margin,20251213_1_01,20251213,0.0020894402740820883
valid,selected_upset_base_margin,20251213_1_02,20251213,-0.0003068773098657829
valid,selected_upset_base_margin,20251213_1_03,20251213,-0.002052627132552054
valid,selected_upset_base_margin,20251213_1_04,20251213,0.0038922108251226994
valid,selected_upset_base_margin,20251213_1_05,20251213,0.00012769949008362147
valid,selected_upset_base_margin,20251213_1_06,20251213,-0.0008724837288651699
valid,selected_upset_base_margin,20251213_1_07,20251213,0.0005877449905640209
valid,selected_upset_base_margin,20251213_1_08,20251213,-0.001816080586836244
valid,selected_upset_base_margin,20251213_1_09,20251213,0.0014971046822650491
valid,selected_upset_base_margin,20251213_1_10,20251213,-0.0026053472910848585
valid,selected_upset_base_margin,20251213_1_11,20251213,0.0130470762343462
valid,selected_upset_base_margin,20251214_1_01,20251214,0.0007842447062134106
valid,selected_upset_base_margin,20251214_1_02,20251214,-0.0018316912558190568
valid,selected_upset_base_margin,20251214_1_03,20251214,-0.0024185548776527455
valid,selected_upset_base_margin,20251214_1_05,20251214,-0.0005871790844722558
valid,selected_upset_base_margin,20251214_1_07,20251214,-0.00010431913522257474
valid,selected_upset_base_margin,20251214_1_08,20251214,0.004239943040265315
valid,selected_upset_base_margin,20251214_1_09,20251214,0.0003491508759713158
valid,selected_upset_base_margin,20251214_1_10,20251214,-0.0008176475866101818
valid,selected_upset_base_margin,20251214_1_11,20251214,0.0007339130576824449
valid,selected_upset_base_margin,20251220_1_01,20251220,-0.00016766310500004877
valid,selected_upset_base_margin,20251220_1_02,20251220,0.00023571953949075297
valid,selected_upset_base_margin,20251220_1_03,20251220,-0.00020567478286664942
valid,selected_upset_base_margin,20251220_1_04,20251220,0.00042992396485819206
valid,selected_upset_base_margin,20251220_1_05,20251220,0.00014919750871822401
valid,selected_upset_base_margin,20251220_1_06,20251220,-0.0010834742776362205
valid,selected_upset_base_margin,20251220_1_07,20251220,0.002777484701087851
valid,selected_upset_base_margin,20251220_1_08,20251220,0.001254201904836716
valid,selected_upset_base_margin,20251220_1_09,20251220,-2.786060813392277e-05
valid,selected_upset_base_margin,20251220_1_10,20251220,-0.00023661359432702866
valid,selected_upset_base_margin,20251220_1_11,20251220,-0.02091143585910693
valid,selected_upset_base_margin,20251221_1_01,20251221,0.01269943968248377
valid,selected_upset_base_margin,20251221_1_02,20251221,-0.00015319711076744458
valid,selected_upset_base_margin,20251221_1_03,20251221,-0.0009234700493989667
valid,selected_upset_base_margin,20251221_1_04,20251221,-0.0004812872697508297
valid,selected_upset_base_margin,20251221_1_05,20251221,-0.0012164766065434485
valid,selected_upset_base_margin,20251221_1_06,20251221,-0.025104343358501424
valid,selected_upset_base_margin,20251221_1_07,20251221,-0.0005726218537414063
valid,selected_upset_base_margin,20251221_1_08,20251221,0.00026940353013404916
valid,selected_upset_base_margin,20251221_1_09,20251221,0.00324274674051539
valid,selected_upset_base_margin,20251221_1_10,20251221,0.008209997235584243
valid,selected_upset_base_margin,20251227_1_01,20251227,-0.0010622746260096072
valid,selected_upset_base_margin,20251227_1_02,20251227,0.0006008695292862853
valid,selected_upset_base_margin,20251227_1_03,20251227,-0.0019787292689602554
valid,selected_upset_base_margin,20251227_1_04,20251227,0.0003472527989298868
valid,selected_upset_base_margin,20251227_1_05,20251227,0.003600285371735623
valid,selected_upset_base_margin,20251227_1_06,20251227,0.00035914726403185604
valid,selected_upset_base_margin,20251227_1_07,20251227,0.0003970992312365418
valid,selected_upset_base_margin,20251227_1_08,20251227,-0.00029457285705980496
valid,selected_upset_base_margin,20251227_1_09,20251227,0.0019275422871704029
valid,selected_upset_base_margin,20251227_1_10,20251227,-5.9326032253448346e-05
valid,selected_upset_base_margin,20251227_1_11,20251227,0.001459853364065733
test,selected_upset_base_margin,20251228_1_01,20251228,0.0009742654094209158
test,selected_upset_base_margin,20251228_1_02,20251228,0.0005934275186052496
test,selected_upset_base_margin,20251228_1_03,20251228,2.543933704002299e-05
test,selected_upset_base_margin,20251228_1_04,20251228,0.0014134797965021373
test,selected_upset_base_margin,20251228_1_06,20251228,0.0018783736235782333
test,selected_upset_base_margin,20251228_1_07,20251228,0.0016916073642514462
test,selected_upset_base_margin,20251228_1_08,20251228,0.007589923190564285
test,selected_upset_base_margin,20251228_1_09,20251228,7.085052013211524e-05
test,selected_upset_base_margin,20251228_1_10,20251228,0.0002801404267285257
test,selected_upset_base_margin,20251228_1_11,20251228,0.0007457559794408208
test,selected_upset_base_margin,20260103_1_01,20260103,0.00019927341133607612
test,selected_upset_base_margin,20260103_1_02,20260103,0.012311733075602849
test,selected_upset_base_margin,20260103_1_03,20260103,0.003241685516827686
test,selected_upset_base_margin,20260103_1_04,20260103,-0.004447723044460172
test,selected_upset_base_margin,20260103_1_05,20260103,-7.140621674817105e-05
test,selected_upset_base_margin,20260103_1_06,20260103,-0.002522150379366428
test,selected_upset_base_margin,20260103_1_07,20260103,-0.0010256708266926928
test,selected_upset_base_margin,20260103_1_08,20260103,0.0005277204068332431
test,selected_upset_base_margin,20260103_1_09,20260103,0.0008032338894163327
test,selected_upset_base_margin,20260103_1_10,20260103,-0.00019451275894044606
test,selected_upset_base_margin,20260103_1_11,20260103,-0.00022532058445245973
test,selected_upset_base_margin,20260104_1_01,20260104,-0.009661631995800501
test,selected_upset_base_margin,20260104_1_02,20260104,-0.0018240673102123406
test,selected_upset_base_margin,20260104_1_03,20260104,0.002320250638164101
test,selected_upset_base_margin,20260104_1_04,20260104,0.0020809731465918357
test,selected_upset_base_margin,20260104_1_05,20260104,-0.009391836241403162
test,selected_upset_base_margin,20260104_1_06,20260104,0.00040786993396091376
test,selected_upset_base_margin,20260104_1_07,20260104,-0.004083233799289321
test,selected_upset_base_margin,20260104_1_08,20260104,-0.002174322966765674
test,selected_upset_base_margin,20260104_1_09,20260104,0.0018894057690985733
test,selected_upset_base_margin,20260104_1_10,20260104,0.0010642391880271718
test,selected_upset_base_margin,20260110_1_01,20260110,0.00013863373100914123
test,selected_upset_base_margin,20260110_1_02,20260110,0.0004156883122584665
test,selected_upset_base_margin,20260110_1_03,20260110,0.0004364143722084268
test,selected_upset_base_margin,20260110_1_04,20260110,-0.00032026570116228115
test,selected_upset_base_margin,20260110_1_05,20260110,-0.0017147943569404411
test,selected_upset_base_margin,20260110_1_06,20260110,0.0009207843645808733
test,selected_upset_base_margin,20260110_1_07,20260110,-0.0023164993057422922
test,selected_upset_base_margin,20260110_1_08,20260110,0.0005950603197800719
test,selected_upset_base_margin,20260110_1_09,20260110,0.002202129175969514
test,selected_upset_base_margin,20260110_1_10,20260110,0.003197053380835868
test,selected_upset_base_margin,20260110_1_11,20260110,0.000592244119602181
test,selected_upset_base_margin,20260111_1_01,20260111,-0.0007441086219772686
test,selected_upset_base_margin,20260111_1_02,20260111,0.00010377134066441585
test,selected_upset_base_margin,20260111_1_03,20260111,0.00030257059941218856
test,selected_upset_base_margin,20260111_1_04,20260111,-0.0002795369327510677
test,selected_upset_base_margin,20260111_1_05,20260111,-0.009777754735856625
test,selected_upset_base_margin,20260111_1_06,20260111,0.0005986122077827893
test,selected_upset_base_margin,20260111_1_07,20260111,0.00023843210993090835
test,selected_upset_base_margin,20260111_1_08,20260111,0.0021456097475878178
test,selected_upset_base_margin,20260111_1_09,20260111,-0.0010544231675588822
test,selected_upset_base_margin,20260111_1_10,20260111,0.00017906053417515722
test,selected_upset_base_margin,20260117_1_01,20260117,0.0017741534502935252
test,selected_upset_base_margin,20260117_1_02,20260117,0.001892417705313787
test,selected_upset_base_margin,20260117_1_03,20260117,0.0014524859194913198
test,selected_upset_base_margin,20260117_1_04,20260117,-0.0024085311853798697
test,selected_upset_base_margin,20260117_1_05,20260117,-0.002800137995108587
test,selected_upset_base_margin,20260117_1_06,20260117,-0.0007263131828136871
test,selected_upset_base_margin,20260117_1_08,20260117,0.0018693002342766718
test,selected_upset_base_margin,20260117_1_09,20260117,-0.009343737772075311
test,selected_upset_base_margin,20260117_1_10,20260117,0.0016389180780986834
test,selected_upset_base_margin,20260117_1_11,20260117,0.0024750614214319455
test,selected_upset_base_margin,20260118_1_01,20260118,0.0036481731518933636
test,selected_upset_base_margin,20260118_1_02,20260118,0.01320240757108837
test,selected_upset_base_margin,20260118_1_03,20260118,0.002238104027685983
test,selected_upset_base_margin,20260118_1_04,20260118,0.013518520164514491
test,selected_upset_base_margin,20260118_1_05,20260118,-0.004816764237792981
test,selected_upset_base_margin,20260118_1_06,20260118,-0.0014734683454463715
test,selected_upset_base_margin,20260118_1_07,20260118,0.0012791036174673032
test,selected_upset_base_margin,20260118_1_08,20260118,-2.0817837851350163e-05
test,selected_upset_base_margin,20260118_1_09,20260118,-0.027854500872669608
test,selected_upset_base_margin,20260118_1_10,20260118,0.0015402764472076669
test,selected_upset_base_margin,20260124_1_01,20260124,0.0004303987622561456
test,selected_upset_base_margin,20260124_1_02,20260124,0.0006010214250331547
test,selected_upset_base_margin,20260124_1_03,20260124,0.0031100569202835437
test,selected_upset_base_margin,20260124_1_04,20260124,0.006907039392731851
test,selected_upset_base_margin,20260124_1_05,20260124,-0.0003410597166757512
test,selected_upset_base_margin,20260124_1_06,20260124,-0.0030940176529088426
test,selected_upset_base_margin,20260124_1_07,20260124,0.005303031750302889
test,selected_upset_base_margin,20260124_1_08,20260124,0.011164520544434176
test,selected_upset_base_margin,20260124_1_10,20260124,-0.00010058349331787397
test,selected_upset_base_margin,20260124_1_11,20260124,0.002188937612906061
test,selected_upset_base_margin,20260125_1_01,20260125,-0.0018365996123681505
test,selected_upset_base_margin,20260125_1_02,20260125,0.0005241264462489958
test,selected_upset_base_margin,20260125_1_03,20260125,0.002164244657691494
test,selected_upset_base_margin,20260125_1_04,20260125,-0.0015678146507889235
test,selected_upset_base_margin,20260125_1_05,20260125,-0.0015425277791978331
test,selected_upset_base_margin,20260125_1_06,20260125,0.001403566343231244
test,selected_upset_base_margin,20260125_1_07,20260125,-0.00399850670027857
test,selected_upset_base_margin,20260125_1_08,20260125,0.0019078655983979509
test,selected_upset_base_margin,20260125_1_09,20260125,0.015268231067316673
test,selected_upset_base_margin,20260125_1_10,20260125,-3.4653152587438285e-05
test,selected_upset_base_margin,20260131_1_01,20260131,-2.343984538089039e-05
test,selected_upset_base_margin,20260131_1_02,20260131,-0.00011196894226284115
test,selected_upset_base_margin,20260131_1_03,20260131,0.0006706559944471557
test,selected_upset_base_margin,20260131_1_04,20260131,0.0012848564000844664
test,selected_upset_base_margin,20260131_1_05,20260131,0.0020722170292588604
test,selected_upset_base_margin,20260131_1_06,20260131,0.011395093050196037
test,selected_upset_base_margin,20260131_1_07,20260131,-0.0027530053756799067
test,selected_upset_base_margin,20260131_1_08,20260131,-0.0010228597252144311
test,selected_upset_base_margin,20260131_1_09,20260131,0.0013703978279406837
test,selected_upset_base_margin,20260131_1_10,20260131,-0.0018428553087579402
test,selected_upset_base_margin,20260131_1_11,20260131,0.001686514365718983
test,selected_upset_base_margin,20260201_1_01,20260201,0.0038756680506488728
test,selected_upset_base_margin,20260201_1_02,20260201,0.0014024684374334129
test,selected_upset_base_margin,20260201_1_03,20260201,-0.011918471262891028
test,selected_upset_base_margin,20260201_1_04,20260201,0.0022905565617896695
test,selected_upset_base_margin,20260201_1_05,20260201,0.0017361898198371417
test,selected_upset_base_margin,20260201_1_06,20260201,0.0005825590998560504
test,selected_upset_base_margin,20260201_1_07,20260201,0.0023317410292382768
test,selected_upset_base_margin,20260201_1_08,20260201,-0.00014146527124125896
test,selected_upset_base_margin,20260201_1_09,20260201,0.001130964486626418
test,selected_upset_base_margin,20260201_1_10,20260201,0.0011430212042506938
test,selected_upset_base_margin,20260207_1_01,20260207,0.00017545373006400133
test,selected_upset_base_margin,20260207_1_02,20260207,0.0018752388498308736
test,selected_upset_base_margin,20260207_1_03,20260207,0.0026718818256246113
test,selected_upset_base_margin,20260207_1_04,20260207,0.0009027386221478473
test,selected_upset_base_margin,20260207_1_05,20260207,0.00014370234123761705
test,selected_upset_base_margin,20260207_1_06,20260207,-0.011886512058215892
test,selected_upset_base_margin,20260207_1_07,20260207,0.0001512585764797958
test,selected_upset_base_margin,20260207_1_08,20260207,0.00859700888111159
test,selected_upset_base_margin,20260207_1_09,20260207,-0.00198363390212275
test,selected_upset_base_margin,20260207_1_10,20260207,0.0005775459924857174
test,selected_upset_base_margin,20260207_1_11,20260207,0.000252667185497657
test,selected_upset_base_margin,20260208_1_01,20260208,0.0018398799861256698
test,selected_upset_base_margin,20260208_1_02,20260208,0.0012600391250212617
test,selected_upset_base_margin,20260208_1_03,20260208,0.0004926767243474961
test,selected_upset_base_margin,20260208_1_04,20260208,-0.0011055320639627997
test,selected_upset_base_margin,20260208_1_05,20260208,0.011392999410150262
test,selected_upset_base_margin,20260208_1_06,20260208,0.00034029265485502336
test,selected_upset_base_margin,20260208_1_07,20260208,-0.0020469955998789757
test,selected_upset_base_margin,20260208_1_08,20260208,0.0014528540323994754
test,selected_upset_base_margin,20260208_1_09,20260208,-0.0033392365618829523
test,selected_upset_base_margin,20260208_1_10,20260208,0.0007188004241882595
test,selected_upset_base_margin,20260214_1_02,20260214,0.013318503274656779
test,selected_upset_base_margin,20260214_1_03,20260214,-0.0003008772740191734
test,selected_upset_base_margin,20260214_1_04,20260214,0.00018577932657537488
test,selected_upset_base_margin,20260214_1_05,20260214,0.0008645893656540338
test,selected_upset_base_margin,20260214_1_06,20260214,0.0004917345824775321
test,selected_upset_base_margin,20260214_1_08,20260214,-0.003595177950191708
test,selected_upset_base_margin,20260214_1_09,20260214,-0.002902336639276193
test,selected_upset_base_margin,20260214_1_10,20260214,0.01149821503295323
test,selected_upset_base_margin,20260214_1_11,20260214,-0.0012378736054143857
test,selected_upset_base_margin,20260215_1_01,20260215,-0.00018779395753965034
test,selected_upset_base_margin,20260215_1_02,20260215,0.011657253996627981
test,selected_upset_base_margin,20260215_1_03,20260215,0.0011536346477627468
test,selected_upset_base_margin,20260215_1_04,20260215,0.0023029422438751723
test,selected_upset_base_margin,20260215_1_05,20260215,-0.0004442708145342422
test,selected_upset_base_margin,20260215_1_06,20260215,0.002401398059818982
test,selected_upset_base_margin,20260215_1_07,20260215,2.4849962018347327e-05
test,selected_upset_base_margin,20260215_1_08,20260215,-0.0012871479646916484
test,selected_upset_base_margin,20260215_1_09,20260215,-0.0012869861385176318
test,selected_upset_base_margin,20260215_1_10,20260215,0.002436846488000466
test,selected_upset_base_margin,20260228_1_01,20260228,0.0003295420682942751
test,selected_upset_base_margin,20260228_1_02,20260228,-0.0004923031404211464
test,selected_upset_base_margin,20260228_1_03,20260228,0.0014248180571073688
test,selected_upset_base_margin,20260228_1_04,20260228,-0.002091204915859568
test,selected_upset_base_margin,20260228_1_05,20260228,0.014213533359565655
test,selected_upset_base_margin,20260228_1_06,20260228,0.0018536941017330832
test,selected_upset_base_margin,20260228_1_07,20260228,0.0005826299663680423
test,selected_upset_base_margin,20260228_1_09,20260228,0.0007805405780483277
test,selected_upset_base_margin,20260228_1_10,20260228,0.0011421586661120031
test,selected_upset_base_margin,20260228_1_11,20260228,-0.0013870022983837327
test,selected_upset_base_margin,20260301_1_01,20260301,0.0020389267512332943
test,selected_upset_base_margin,20260301_1_02,20260301,0.0012093632204708271
test,selected_upset_base_margin,20260301_1_03,20260301,0.0006309541362303772
test,selected_upset_base_margin,20260301_1_04,20260301,-0.0010571461449475628
test,selected_upset_base_margin,20260301_1_05,20260301,8.69949581217e-05
test,selected_upset_base_margin,20260301_1_06,20260301,0.001361694630976018
test,selected_upset_base_margin,20260301_1_07,20260301,0.002213824093776573
test,selected_upset_base_margin,20260301_1_08,20260301,0.0005409883813705108
test,selected_upset_base_margin,20260301_1_09,20260301,-0.008586486142532213
test,selected_upset_base_margin,20260301_1_10,20260301,-0.007120598169512604
test,selected_upset_base_margin,20260302_1_01,20260302,-0.00033617138504271615
test,selected_upset_base_margin,20260302_1_02,20260302,0.0012246099751345163
test,selected_upset_base_margin,20260302_1_03,20260302,-7.627516956221214e-05
test,selected_upset_base_margin,20260302_1_04,20260302,-0.0002457386129135486
test,selected_upset_base_margin,20260302_1_05,20260302,0.0006274957666057013
test,selected_upset_base_margin,20260302_1_06,20260302,0.00015566972071168195
test,selected_upset_base_margin,20260302_1_07,20260302,0.0002965769217171399
test,selected_upset_base_margin,20260302_1_08,20260302,-0.0014400905399647446
test,selected_upset_base_margin,20260302_1_09,20260302,0.013578320112468178
test,selected_upset_base_margin,20260302_1_10,20260302,0.0007344048503381551
test,selected_upset_base_margin,20260307_1_01,20260307,0.002557342368354032
test,selected_upset_base_margin,20260307_1_02,20260307,0.013726287270868553
test,selected_upset_base_margin,20260307_1_03,20260307,0.00023575660513941443
test,selected_upset_base_margin,20260307_1_04,20260307,0.0007314752149574222
test,selected_upset_base_margin,20260307_1_05,20260307,0.002468271893760532
test,selected_upset_base_margin,20260307_1_06,20260307,0.000861879135503063
test,selected_upset_base_margin,20260307_1_07,20260307,-0.0036490433008760093
test,selected_upset_base_margin,20260307_1_08,20260307,0.0005333532460722878
test,selected_upset_base_margin,20260307_1_09,20260307,0.0003086045473605914
test,selected_upset_base_margin,20260307_1_10,20260307,0.0004312961126824444
test,selected_upset_base_margin,20260307_1_11,20260307,-0.00282302691393177
test,selected_upset_base_margin,20260308_1_01,20260308,0.0005287409144032473
test,selected_upset_base_margin,20260308_1_02,20260308,-0.0007682323896316401
test,selected_upset_base_margin,20260308_1_03,20260308,0.0005237309049590522
test,selected_upset_base_margin,20260308_1_04,20260308,0.0020754830873688235
test,selected_upset_base_margin,20260308_1_05,20260308,0.00869076109862521
test,selected_upset_base_margin,20260308_1_06,20260308,0.0017148834696931736
test,selected_upset_base_margin,20260308_1_07,20260308,-0.00440155271221343
test,selected_upset_base_margin,20260308_1_08,20260308,-0.012177303817279217
test,selected_upset_base_margin,20260308_1_09,20260308,-0.000885578117615804
test,selected_upset_base_margin,20260308_1_10,20260308,0.00018344019605343043
test,selected_upset_base_margin,20260314_1_01,20260314,0.0015468609245582465
test,selected_upset_base_margin,20260314_1_02,20260314,-0.0017079776791106838
test,selected_upset_base_margin,20260314_1_03,20260314,0.014570040188979672
test,selected_upset_base_margin,20260314_1_04,20260314,2.8518512165121024e-06
test,selected_upset_base_margin,20260314_1_05,20260314,0.0010291494671226253
test,selected_upset_base_margin,20260314_1_06,20260314,0.0004955223622074012
test,selected_upset_base_margin,20260314_1_07,20260314,0.00047151020711755365
test,selected_upset_base_margin,20260314_1_08,20260314,0.0004138020351545091
test,selected_upset_base_margin,20260314_1_10,20260314,-0.0008679773023612114
test,selected_upset_base_margin,20260314_1_11,20260314,0.0012943337083475281
test,selected_upset_base_margin,20260315_1_01,20260315,0.006251528181071997
test,selected_upset_base_margin,20260315_1_02,20260315,0.00012748977544863038
test,selected_upset_base_margin,20260315_1_03,20260315,0.0018182043059171704
test,selected_upset_base_margin,20260315_1_04,20260315,0.0017343826957417763
test,selected_upset_base_margin,20260315_1_05,20260315,0.001391105741775145
test,selected_upset_base_margin,20260315_1_07,20260315,-0.014485137450618524
test,selected_upset_base_margin,20260315_1_08,20260315,0.00048595954423880094
test,selected_upset_base_margin,20260315_1_09,20260315,3.064815738884619e-05
test,selected_upset_base_margin,20260315_1_10,20260315,-0.0020325287824050076
test,selected_upset_base_margin,20260321_1_01,20260321,0.0010229406906225869
test,selected_upset_base_margin,20260321_1_02,20260321,-0.002837185568758116
test,selected_upset_base_margin,20260321_1_03,20260321,0.0004764765860301168
test,selected_upset_base_margin,20260321_1_04,20260321,-0.0023193474764284794
test,selected_upset_base_margin,20260321_1_05,20260321,-0.00011138444523939306
test,selected_upset_base_margin,20260321_1_06,20260321,-0.0029536057505199498
test,selected_upset_base_margin,20260321_1_07,20260321,0.0022238397680026667
test,selected_upset_base_margin,20260321_1_08,20260321,4.4633925005754804e-05
test,selected_upset_base_margin,20260321_1_09,20260321,0.0014235313438233366
test,selected_upset_base_margin,20260321_1_10,20260321,0.0005302174774508561
test,selected_upset_base_margin,20260321_1_11,20260321,0.006212211129657419
test,selected_upset_base_margin,20260322_1_01,20260322,0.003163364609473085
test,selected_upset_base_margin,20260322_1_02,20260322,0.004669414714821851
test,selected_upset_base_margin,20260322_1_03,20260322,-0.003443553141356581
test,selected_upset_base_margin,20260322_1_04,20260322,0.00822571363657576
test,selected_upset_base_margin,20260322_1_05,20260322,-0.003622409797121806
test,selected_upset_base_margin,20260322_1_06,20260322,5.845915860058781e-05
test,selected_upset_base_margin,20260322_1_07,20260322,7.525451056134003e-05
test,selected_upset_base_margin,20260322_1_08,20260322,0.0011177002359437083
test,selected_upset_base_margin,20260322_1_09,20260322,0.000447245991356926
test,selected_upset_base_margin,20260322_1_10,20260322,0.0005466695486673334
test,selected_upset_base_margin,20260328_1_01,20260328,-0.0015878247873539753
test,selected_upset_base_margin,20260328_1_02,20260328,0.00378808600348135
test,selected_upset_base_margin,20260328_1_03,20260328,-0.00396052530317581
test,selected_upset_base_margin,20260328_1_04,20260328,-0.0005962582463263644
test,selected_upset_base_margin,20260328_1_05,20260328,0.0001978105256297269
test,selected_upset_base_margin,20260328_1_06,20260328,0.0004769530096719876
test,selected_upset_base_margin,20260328_1_07,20260328,-0.012769812282108717
test,selected_upset_base_margin,20260328_1_08,20260328,7.145381949147378e-05
test,selected_upset_base_margin,20260328_1_09,20260328,0.0018740000191930228
test,selected_upset_base_margin,20260328_1_10,20260328,0.0008870423287099527
test,selected_upset_base_margin,20260328_1_11,20260328,0.009998332048791081
test,selected_upset_base_margin,20260329_1_01,20260329,-0.010905071112955245
test,selected_upset_base_margin,20260329_1_02,20260329,-0.0009618343584540945
test,selected_upset_base_margin,20260329_1_03,20260329,0.00037734401439837306
test,selected_upset_base_margin,20260329_1_04,20260329,0.001750491899660922
test,selected_upset_base_margin,20260329_1_05,20260329,0.0021747153017909193
test,selected_upset_base_margin,20260329_1_06,20260329,7.989801486640857e-06
test,selected_upset_base_margin,20260329_1_07,20260329,0.00022081041739152596
test,selected_upset_base_margin,20260329_1_08,20260329,0.0017780966711975488
test,selected_upset_base_margin,20260329_1_09,20260329,0.001162474395736579
test,selected_upset_base_margin,20260329_1_10,20260329,0.0014432440316678452
test,selected_upset_base_margin,20260404_1_01,20260404,-0.001947088227851168
test,selected_upset_base_margin,20260404_1_02,20260404,0.0001467465831084258
test,selected_upset_base_margin,20260404_1_03,20260404,-0.003921797694816931
test,selected_upset_base_margin,20260404_1_04,20260404,0.0010705724496716251
test,selected_upset_base_margin,20260404_1_05,20260404,0.00324029103422363
test,selected_upset_base_margin,20260404_1_06,20260404,-0.0063379859510726
test,selected_upset_base_margin,20260404_1_07,20260404,0.0007713105732053416
test,selected_upset_base_margin,20260404_1_08,20260404,0.00029871573902484627
test,selected_upset_base_margin,20260404_1_09,20260404,-0.002305841929303387
test,selected_upset_base_margin,20260404_1_10,20260404,-0.012053737554097665
test,selected_upset_base_margin,20260404_1_11,20260404,0.011319890024796164
test,selected_upset_base_margin,20260405_1_01,20260405,0.0002604973164728186
test,selected_upset_base_margin,20260405_1_02,20260405,-0.0020409008154731456
test,selected_upset_base_margin,20260405_1_03,20260405,0.012276061267716853
test,selected_upset_base_margin,20260405_1_04,20260405,0.0005283976468553053
test,selected_upset_base_margin,20260405_1_05,20260405,0.0002429863556094869
test,selected_upset_base_margin,20260405_1_06,20260405,0.0005671709704282435
test,selected_upset_base_margin,20260405_1_07,20260405,0.0007121826143028365
test,selected_upset_base_margin,20260405_1_08,20260405,-0.006584132642048601
test,selected_upset_base_margin,20260405_1_09,20260405,0.002792345531676066
test,selected_upset_base_margin,20260405_1_10,20260405,0.002008755798523776
test,selected_upset_base_margin,20260411_1_01,20260411,0.0021969781191133464
test,selected_upset_base_margin,20260411_1_02,20260411,-0.00010830606093104045
test,selected_upset_base_margin,20260411_1_03,20260411,0.0012305609675389295
test,selected_upset_base_margin,20260411_1_04,20260411,-0.002266507688486019
test,selected_upset_base_margin,20260411_1_05,20260411,-0.002731314896386783
test,selected_upset_base_margin,20260411_1_06,20260411,0.0023755935593130495
test,selected_upset_base_margin,20260411_1_07,20260411,0.0011261355371725568
test,selected_upset_base_margin,20260411_1_08,20260411,-0.005298216292249913
test,selected_upset_base_margin,20260411_1_09,20260411,0.0010025688718131587
test,selected_upset_base_margin,20260411_1_10,20260411,-0.0005497344758693679
test,selected_upset_base_margin,20260411_1_11,20260411,7.255560939967154e-05
test,selected_upset_base_margin,20260412_1_01,20260412,0.00026398967716545485
test,selected_upset_base_margin,20260412_1_02,20260412,-0.0019291380268762204
test,selected_upset_base_margin,20260412_1_03,20260412,-0.0007641719817268466
test,selected_upset_base_margin,20260412_1_04,20260412,-0.0023606634483710476
test,selected_upset_base_margin,20260412_1_06,20260412,-0.0030070831845792068
test,selected_upset_base_margin,20260412_1_07,20260412,-0.0016090803853725522
test,selected_upset_base_margin,20260412_1_08,20260412,0.0004790579146691787
test,selected_upset_base_margin,20260412_1_09,20260412,-0.0002016717829187442
test,selected_upset_base_margin,20260412_1_10,20260412,0.0006477905312181065
test,selected_upset_base_margin,20260418_1_01,20260418,0.004816313063324973
test,selected_upset_base_margin,20260418_1_02,20260418,-0.0004147764509314644
test,selected_upset_base_margin,20260418_1_03,20260418,0.0024943042346943223
test,selected_upset_base_margin,20260418_1_04,20260418,0.000473262725172674
test,selected_upset_base_margin,20260418_1_05,20260418,0.005195253973675484
test,selected_upset_base_margin,20260418_1_06,20260418,7.846155739810179e-05
test,selected_upset_base_margin,20260418_1_07,20260418,0.011486501382288239
test,selected_upset_base_margin,20260418_1_08,20260418,-0.00024680114935704545
test,selected_upset_base_margin,20260418_1_09,20260418,0.0004746724542963321
test,selected_upset_base_margin,20260418_1_10,20260418,0.011390836504842516
test,selected_upset_base_margin,20260418_1_11,20260418,-0.0002168513330969013
test,selected_upset_base_margin,20260419_1_01,20260419,-0.003549814242721272
test,selected_upset_base_margin,20260419_1_02,20260419,0.0004697779440068217
test,selected_upset_base_margin,20260419_1_03,20260419,0.0029106193665788815
test,selected_upset_base_margin,20260419_1_04,20260419,0.0006908185033651648
test,selected_upset_base_margin,20260419_1_05,20260419,-0.003606250363076491
test,selected_upset_base_margin,20260419_1_06,20260419,0.0014388756864662788
test,selected_upset_base_margin,20260419_1_07,20260419,3.128310450373206e-05
test,selected_upset_base_margin,20260419_1_08,20260419,-0.002532859142527766
test,selected_upset_base_margin,20260419_1_09,20260419,0.00023424676341288198
test,selected_upset_base_margin,20260419_1_10,20260419,-0.002603636369637785
test,selected_upset_base_margin,20260425_1_01,20260425,0.0004696542189899233
test,selected_upset_base_margin,20260425_1_02,20260425,0.0016747601045898897
test,selected_upset_base_margin,20260425_1_03,20260425,0.0007354490431001892
test,selected_upset_base_margin,20260425_1_04,20260425,0.0012543103844909753
test,selected_upset_base_margin,20260425_1_05,20260425,0.0002205777113206686
test,selected_upset_base_margin,20260425_1_06,20260425,-0.0029325127922090743
test,selected_upset_base_margin,20260425_1_07,20260425,0.01091788912275704
test,selected_upset_base_margin,20260425_1_08,20260425,0.00046992322645955653
test,selected_upset_base_margin,20260425_1_09,20260425,0.0005718683030373484
test,selected_upset_base_margin,20260425_1_10,20260425,0.0026200186364586653
test,selected_upset_base_margin,20260425_1_11,20260425,-0.002545621072465032
test,selected_upset_base_margin,20260426_1_01,20260426,-0.0011455708346879145
test,selected_upset_base_margin,20260426_1_02,20260426,0.0015894198415624672
test,selected_upset_base_margin,20260426_1_03,20260426,-2.6895011027150417e-06
test,selected_upset_base_margin,20260426_1_04,20260426,0.0011838921120961299
test,selected_upset_base_margin,20260426_1_05,20260426,0.0011394686862638004
test,selected_upset_base_margin,20260426_1_06,20260426,-0.001092892407583257
test,selected_upset_base_margin,20260426_1_07,20260426,-0.0003398785551240735
test,selected_upset_base_margin,20260426_1_08,20260426,0.002426073439913079
test,selected_upset_base_margin,20260426_1_09,20260426,0.0007142761867138248
test,selected_upset_base_margin,20260426_1_10,20260426,-0.0046813818711675115
test,selected_upset_base_margin,20260502_1_01,20260502,-0.003634350934424546
test,selected_upset_base_margin,20260502_1_02,20260502,0.00041264315735867196
test,selected_upset_base_margin,20260502_1_03,20260502,-0.001203912485973957
test,selected_upset_base_margin,20260502_1_04,20260502,0.0008281954221271981
test,selected_upset_base_margin,20260502_1_05,20260502,0.0015480918931024545
test,selected_upset_base_margin,20260502_1_06,20260502,0.0007942551599132708
test,selected_upset_base_margin,20260502_1_07,20260502,0.0009227270910368013
test,selected_upset_base_margin,20260502_1_08,20260502,0.0006823568065030816
test,selected_upset_base_margin,20260502_1_09,20260502,-0.011009449366693236
test,selected_upset_base_margin,20260502_1_10,20260502,0.00013250666321451554
test,selected_upset_base_margin,20260503_1_01,20260503,-0.002170965494653121
test,selected_upset_base_margin,20260503_1_02,20260503,0.0011560293300156843
test,selected_upset_base_margin,20260503_1_03,20260503,-0.00845433178776589
test,selected_upset_base_margin,20260503_1_04,20260503,-0.00034301892066945783
test,selected_upset_base_margin,20260503_1_05,20260503,-0.0030319369163054333
test,selected_upset_base_margin,20260503_1_06,20260503,0.0018984440806835146
test,selected_upset_base_margin,20260503_1_07,20260503,0.0008895759391167601
test,selected_upset_base_margin,20260503_1_08,20260503,0.0012164953707793913
test,selected_upset_base_margin,20260503_1_09,20260503,0.012409517392352187
test,selected_upset_base_margin,20260503_1_10,20260503,-0.00034974348385530263
test,selected_upset_base_margin,20260509_1_01,20260509,5.141196675051418e-05
test,selected_upset_base_margin,20260509_1_02,20260509,-0.002246091789316451
test,selected_upset_base_margin,20260509_1_04,20260509,-0.0030542719680182184
test,selected_upset_base_margin,20260509_1_05,20260509,0.00024483020588705884
test,selected_upset_base_margin,20260509_1_06,20260509,0.002867183996489331
test,selected_upset_base_margin,20260509_1_07,20260509,0.000947058062249706
test,selected_upset_base_margin,20260509_1_08,20260509,0.011037672193068615
test,selected_upset_base_margin,20260509_1_09,20260509,-0.0012386982607779373
test,selected_upset_base_margin,20260509_1_10,20260509,0.003118140608606268
test,selected_upset_base_margin,20260510_1_01,20260510,-0.012181151716951888
test,selected_upset_base_margin,20260510_1_02,20260510,0.0006831767136019629
test,selected_upset_base_margin,20260510_1_03,20260510,0.0003242092322229828
test,selected_upset_base_margin,20260510_1_04,20260510,0.0006621250310314686
test,selected_upset_base_margin,20260510_1_05,20260510,-0.008964667990529529
test,selected_upset_base_margin,20260510_1_06,20260510,0.0007446520229765774
test,selected_upset_base_margin,20260510_1_07,20260510,-0.008202442171086677
test,selected_upset_base_margin,20260510_1_08,20260510,0.0005307045890994289
test,selected_upset_base_margin,20260510_1_10,20260510,-0.0008519590692817047
test,selected_upset_base_margin,20260516_1_01,20260516,0.000498555172348647
test,selected_upset_base_margin,20260516_1_02,20260516,-0.012475129530656104
test,selected_upset_base_margin,20260516_1_04,20260516,-0.00018969760476261754
test,selected_upset_base_margin,20260516_1_05,20260516,-0.0027273503028801827
test,selected_upset_base_margin,20260516_1_06,20260516,0.0025914340425203797
test,selected_upset_base_margin,20260516_1_07,20260516,0.0008387931930369241
test,selected_upset_base_margin,20260516_1_08,20260516,7.877980847759147e-05
test,selected_upset_base_margin,20260516_1_09,20260516,0.0010149925658962111
test,selected_upset_base_margin,20260516_1_10,20260516,7.006899471062589e-05
test,selected_upset_base_margin,20260517_1_01,20260517,0.000611910861294529
test,selected_upset_base_margin,20260517_1_02,20260517,-0.0014282006960009141
test,selected_upset_base_margin,20260517_1_03,20260517,0.0021262554439592796
test,selected_upset_base_margin,20260517_1_04,20260517,-0.00011965005518099758
test,selected_upset_base_margin,20260517_1_05,20260517,0.00011897155188389519
test,selected_upset_base_margin,20260517_1_06,20260517,-0.0033553719045671393
test,selected_upset_base_margin,20260517_1_07,20260517,0.00023651412009773054
test,selected_upset_base_margin,20260517_1_08,20260517,-0.008914255325796816
test,selected_upset_base_margin,20260517_1_09,20260517,0.0032617641474146364
test,selected_upset_base_margin,20260517_1_10,20260517,-0.008417678522230965
test,selected_upset_base_margin,20260523_1_01,20260523,-0.0028422748410683596
test,selected_upset_base_margin,20260523_1_02,20260523,-0.000896363296308933
test,selected_upset_base_margin,20260523_1_03,20260523,-0.011563339132934836
test,selected_upset_base_margin,20260523_1_04,20260523,0.0039145753401004235
test,selected_upset_base_margin,20260523_1_05,20260523,0.001347023750657872
test,selected_upset_base_margin,20260523_1_06,20260523,-0.0010800610626608975
test,selected_upset_base_margin,20260523_1_07,20260523,0.005300034784183949
test,selected_upset_base_margin,20260523_1_08,20260523,-0.002106347002492459
test,selected_upset_base_margin,20260523_1_09,20260523,0.001816553209893046
test,selected_upset_base_margin,20260523_1_10,20260523,0.0001301470214474243
test,selected_upset_base_margin,20260524_1_02,20260524,0.000993649815529185
test,selected_upset_base_margin,20260524_1_03,20260524,-0.0024827018448769778
test,selected_upset_base_margin,20260524_1_04,20260524,-0.00016742780408529612
test,selected_upset_base_margin,20260524_1_05,20260524,0.00028614491581335777
test,selected_upset_base_margin,20260524_1_06,20260524,0.00011826130627001774
test,selected_upset_base_margin,20260524_1_07,20260524,0.012084746379467992
test,selected_upset_base_margin,20260524_1_09,20260524,-9.067070878709949e-05
test,selected_upset_base_margin,20260524_1_10,20260524,0.00010058373062737935
test,selected_upset_base_margin,20260530_1_01,20260530,0.0005077332162237713
test,selected_upset_base_margin,20260530_1_02,20260530,-5.7042039272037215e-05
test,selected_upset_base_margin,20260530_1_03,20260530,-0.0014448225750801624
test,selected_upset_base_margin,20260530_1_04,20260530,0.0011875868385002875
test,selected_upset_base_margin,20260530_1_05,20260530,0.0022675746861557933
test,selected_upset_base_margin,20260530_1_06,20260530,-0.0006155841462320844
test,selected_upset_base_margin,20260530_1_07,20260530,0.0006128746979874311
test,selected_upset_base_margin,20260530_1_08,20260530,0.0005151551741954252
test,selected_upset_base_margin,20260530_1_09,20260530,0.0008308007245300675
test,selected_upset_base_margin,20260530_1_10,20260530,0.0010206659756075709
test,selected_upset_base_margin,20260531_1_01,20260531,-0.0015389326779893242
test,selected_upset_base_margin,20260531_1_02,20260531,0.004204730242439725
test,selected_upset_base_margin,20260531_1_03,20260531,0.002014646386232055
test,selected_upset_base_margin,20260531_1_04,20260531,0.0011490771378741549
test,selected_upset_base_margin,20260531_1_05,20260531,0.0015682821655764734
test,selected_upset_base_margin,20260531_1_07,20260531,0.0006108232640795741
test,selected_upset_base_margin,20260531_1_08,20260531,0.0004096622651574844
test,selected_upset_base_margin,20260531_1_09,20260531,-0.0009211655261056606
test,selected_upset_base_margin,20260531_1_10,20260531,-0.0022851279915834244
test,selected_upset_base_margin,20260606_1_01,20260606,0.0006154878483788373
test,selected_upset_base_margin,20260606_1_02,20260606,-0.0007651336617093829
test,selected_upset_base_margin,20260606_1_03,20260606,-0.0004883800557573537
test,selected_upset_base_margin,20260606_1_04,20260606,0.0002715645092932206
test,selected_upset_base_margin,20260606_1_05,20260606,0.0003716099959429897
test,selected_upset_base_margin,20260606_1_06,20260606,-0.0013528004374339098
test,selected_upset_base_margin,20260606_1_07,20260606,-0.008030641322172016
test,selected_upset_base_margin,20260606_1_08,20260606,0.00021777452764792926
test,selected_upset_base_margin,20260606_1_09,20260606,-0.0013766925600708912
test,selected_upset_base_margin,20260606_1_10,20260606,-0.003309705385829309
test,selected_upset_base_margin,20260607_1_01,20260607,0.0028539202551463028
test,selected_upset_base_margin,20260607_1_02,20260607,0.00046526185128259456
test,selected_upset_base_margin,20260607_1_03,20260607,0.0002995277353293746
test,selected_upset_base_margin,20260607_1_04,20260607,0.00043471381922799424
test,selected_upset_base_margin,20260607_1_05,20260607,0.012920434470636621
test,selected_upset_base_margin,20260607_1_06,20260607,0.002408660046822053
test,selected_upset_base_margin,20260607_1_08,20260607,0.0018641613921412947
test,selected_upset_base_margin,20260607_1_09,20260607,0.0006072252779449894
test,selected_upset_base_margin,20260607_1_10,20260607,-0.0028253381125864507
test,selected_upset_base_margin,20260613_1_01,20260613,0.0002555414311209425
test,selected_upset_base_margin,20260613_1_02,20260613,0.0006836986146316892
test,selected_upset_base_margin,20260613_1_03,20260613,-0.0002147502589118222
test,selected_upset_base_margin,20260613_1_04,20260613,0.0006594962801889093
test,selected_upset_base_margin,20260613_1_05,20260613,-0.002471154692983424
test,selected_upset_base_margin,20260613_1_06,20260613,0.0014983673438733192
test,selected_upset_base_margin,20260613_1_07,20260613,-2.2128189162362588e-05
test,selected_upset_base_margin,20260613_1_08,20260613,-0.008189890428619728
test,selected_upset_base_margin,20260613_1_09,20260613,-0.0017357290283823712
test,selected_upset_base_margin,20260613_1_10,20260613,4.8275101532713194e-05
test,selected_upset_base_margin,20260614_1_01,20260614,-0.0016022668032888987
test,selected_upset_base_margin,20260614_1_02,20260614,-0.0028421057981145026
test,selected_upset_base_margin,20260614_1_03,20260614,0.0013534084217157183
test,selected_upset_base_margin,20260614_1_04,20260614,0.001706294244908757
test,selected_upset_base_margin,20260614_1_05,20260614,0.005991587437349732
test,selected_upset_base_margin,20260614_1_06,20260614,0.0023721495841113605
test,selected_upset_base_margin,20260614_1_07,20260614,0.0032994273041500044
test,selected_upset_base_margin,20260614_1_08,20260614,0.00024146071597108687
test,selected_upset_base_margin,20260614_1_09,20260614,0.013438453556790408
test,selected_upset_base_margin,20260614_1_10,20260614,0.0005159885639800521
test,selected_upset_base_margin,20260620_1_01,20260620,0.0011726211147782273
test,selected_upset_base_margin,20260620_1_03,20260620,0.0003936031124376349
test,selected_upset_base_margin,20260620_1_04,20260620,-0.004023634212333427
test,selected_upset_base_margin,20260620_1_05,20260620,0.002547557843875392
test,selected_upset_base_margin,20260620_1_06,20260620,0.0008295238872997324
test,selected_upset_base_margin,20260620_1_07,20260620,-0.0020264706361673435
test,selected_upset_base_margin,20260620_1_08,20260620,0.0006659873285967954
test,selected_upset_base_margin,20260620_1_09,20260620,-0.000980981199828146
test,selected_upset_base_margin,20260620_1_10,20260620,-0.00422336518777211
test,selected_upset_base_margin,20260621_1_01,20260621,0.0004041994161205764
test,selected_upset_base_margin,20260621_1_02,20260621,-0.002501685415316146
test,selected_upset_base_margin,20260621_1_03,20260621,0.0011795398207122831
test,selected_upset_base_margin,20260621_1_04,20260621,-0.0009782651688672317
test,selected_upset_base_margin,20260621_1_05,20260621,-0.0006817891911565788
test,selected_upset_base_margin,20260621_1_07,20260621,0.0017786258483341033
test,selected_upset_base_margin,20260621_1_08,20260621,0.0011223510917157675
test,selected_upset_base_margin,20260621_1_09,20260621,0.0011159266047064964
test,selected_upset_base_margin,20260621_1_10,20260621,-0.001391915221515605
test,selected_upset_base_margin,20260627_1_01,20260627,-0.0030796946599931374
test,selected_upset_base_margin,20260627_1_02,20260627,-0.008618752504139238
test,selected_upset_base_margin,20260627_1_03,20260627,0.00048425998604417764
test,selected_upset_base_margin,20260627_1_04,20260627,-0.002673417557756963
test,selected_upset_base_margin,20260627_1_05,20260627,0.0013142494699396323
test,selected_upset_base_margin,20260627_1_06,20260627,-0.0111970772179677
test,selected_upset_base_margin,20260627_1_07,20260627,0.0019649662076757224
test,selected_upset_base_margin,20260627_1_08,20260627,0.000661058554188354
test,selected_upset_base_margin,20260627_1_09,20260627,-0.0029536402812986307
test,selected_upset_base_margin,20260627_1_10,20260627,-0.0032599773049972747
test,selected_upset_base_margin,20260628_1_01,20260628,0.0002345960561749294
test,selected_upset_base_margin,20260628_1_02,20260628,0.001312859573252334
test,selected_upset_base_margin,20260628_1_03,20260628,-0.0026510863327722234
test,selected_upset_base_margin,20260628_1_05,20260628,0.0008709481661484109
test,selected_upset_base_margin,20260628_1_06,20260628,-0.0024244182040451534
test,selected_upset_base_margin,20260628_1_07,20260628,0.0003006881168736708
test,selected_upset_base_margin,20260628_1_08,20260628,0.002512338728332786
test,selected_upset_base_margin,20260628_1_09,20260628,0.010550792140269105
test,selected_upset_base_margin,20260628_1_10,20260628,0.0005631795482647917
test,selected_upset_base_margin,20260704_1_01,20260704,0.0014884643333088476
test,selected_upset_base_margin,20260704_1_03,20260704,0.0022783150226799442
test,selected_upset_base_margin,20260704_1_04,20260704,-0.000235363982872272
test,selected_upset_base_margin,20260704_1_05,20260704,0.001405231740383872
test,selected_upset_base_margin,20260704_1_06,20260704,0.0021162357644155527
test,selected_upset_base_margin,20260704_1_07,20260704,-0.00012921445939606535
test,selected_upset_base_margin,20260704_1_08,20260704,0.0005780504073218395
test,selected_upset_base_margin,20260704_1_09,20260704,-0.0009334184112785859
test,selected_upset_base_margin,20260704_1_10,20260704,-0.0015297304015113866
test,selected_upset_base_margin,20260705_1_01,20260705,0.004599076273340108
test,selected_upset_base_margin,20260705_1_02,20260705,0.011091028956650595
test,selected_upset_base_margin,20260705_1_03,20260705,0.0006132015459623386
test,selected_upset_base_margin,20260705_1_04,20260705,0.0016071710009211149
test,selected_upset_base_margin,20260705_1_05,20260705,0.00027645137391163477
test,selected_upset_base_margin,20260705_1_06,20260705,-0.015463993066517023
test,selected_upset_base_margin,20260705_1_07,20260705,0.0006400392793080023
test,selected_upset_base_margin,20260705_1_08,20260705,0.00022321519913282017
test,selected_upset_base_margin,20260705_1_09,20260705,-0.0011528229503094956
test,selected_upset_base_margin,20260705_1_10,20260705,0.01211223402004391
test,selected_upset_base_margin,20260711_1_01,20260711,0.002170392842751556
test,selected_upset_base_margin,20260711_1_02,20260711,-0.0052470858091253625
test,selected_upset_base_margin,20260711_1_03,20260711,-0.004313345226337861
test,selected_upset_base_margin,20260711_1_04,20260711,-0.002052809717934201
test,selected_upset_base_margin,20260711_1_05,20260711,-0.0032690078870796224
test,selected_upset_base_margin,20260711_1_06,20260711,0.010983337865115406
test,selected_upset_base_margin,20260711_1_07,20260711,-0.0033692741780488866
test,selected_upset_base_margin,20260711_1_08,20260711,-0.010419937302612148
test,selected_upset_base_margin,20260711_1_09,20260711,0.0008604750748268941
test,selected_upset_base_margin,20260711_1_10,20260711,0.014269592077720272
test,selected_upset_base_margin,20260712_1_01,20260712,0.00034658564050049634
test,selected_upset_base_margin,20260712_1_02,20260712,0.0011146829976336203
test,selected_upset_base_margin,20260712_1_04,20260712,0.002049408916450446
test,selected_upset_base_margin,20260712_1_05,20260712,-5.508433847656313e-05
test,selected_upset_base_margin,20260712_1_06,20260712,-0.0032793066115655023
test,selected_upset_base_margin,20260712_1_07,20260712,0.0013227249151825937
test,selected_upset_base_margin,20260712_1_08,20260712,0.0165797671270278
test,selected_upset_base_margin,20260712_1_09,20260712,0.0014382702642241618
test,selected_upset_base_margin,20260712_1_10,20260712,-0.01573152593988958
test,selected_upset_base_margin,20260718_1_01,20260718,0.0001274061816767258
test,selected_upset_base_margin,20260718_1_02,20260718,-0.00043407364771508306
test,selected_upset_base_margin,20260718_1_03,20260718,0.0002879186766693298
test,selected_upset_base_margin,20260718_1_04,20260718,-0.001597236154535997
test,selected_upset_base_margin,20260718_1_05,20260718,0.001412919833332138
test,selected_upset_base_margin,20260718_1_06,20260718,-0.0009345376462812638
test,selected_upset_base_margin,20260718_1_07,20260718,0.0010976262350603783
test,selected_upset_base_margin,20260718_1_08,20260718,-0.0012235477632605019
test,selected_upset_base_margin,20260718_1_09,20260718,-0.0004659148080810027
test,selected_upset_base_margin,20260718_1_10,20260718,-0.0007548218220516656
test,selected_upset_base_margin,20260719_1_01,20260719,0.001028098549269274
test,selected_upset_base_margin,20260719_1_02,20260719,0.0025601406920321423
test,selected_upset_base_margin,20260719_1_03,20260719,0.0010753285738753782
test,selected_upset_base_margin,20260719_1_04,20260719,0.0025768012643336835
test,selected_upset_base_margin,20260719_1_05,20260719,-0.007660332987803109
test,selected_upset_base_margin,20260719_1_06,20260719,0.0004948312838295443
test,selected_upset_base_margin,20260719_1_07,20260719,-0.00471294946354206
test,selected_upset_base_margin,20260719_1_08,20260719,5.92505797298859e-05
test,selected_upset_base_margin,20260719_1_09,20260719,0.015377308775647691
test,selected_upset_base_margin,20260719_1_10,20260719,-9.851662417337259e-05
test,selected_upset_base_margin,20260725_1_01,20260725,-0.006628420481495478
test,selected_upset_base_margin,20260725_1_02,20260725,0.00016748832069313213
test,selected_upset_base_margin,20260725_1_03,20260725,0.0030305870651354816
test,selected_upset_base_margin,20260725_1_04,20260725,7.170008852763754e-05
test,selected_upset_base_margin,20260725_1_05,20260725,0.0017494556133568206
test,selected_upset_base_margin,20260725_1_06,20260725,0.007597113442398884
test,selected_upset_base_margin,20260725_1_08,20260725,0.0007032518797385201
test,selected_upset_base_margin,20260725_1_09,20260725,0.0027090383040317967
test,selected_upset_base_margin,20260725_1_10,20260725,0.0001855416978515656
test,selected_upset_base_margin,20260726_1_01,20260726,0.00016635902549011483
test,selected_upset_base_margin,20260726_1_02,20260726,0.012300472530289985
test,selected_upset_base_margin,20260726_1_03,20260726,-0.010213872425976822
test,selected_upset_base_margin,20260726_1_04,20260726,0.0006140014499300683
test,selected_upset_base_margin,20260726_1_05,20260726,0.0017347033498043007
test,selected_upset_base_margin,20260726_1_06,20260726,0.0008808829617676928
test,selected_upset_base_margin,20260726_1_07,20260726,-0.0004945769668331934
test,selected_upset_base_margin,20260726_1_08,20260726,0.00025232248456785733
test,selected_upset_base_margin,20260726_1_09,20260726,-0.0004116211296669725
test,selected_upset_base_margin,20260726_1_10,20260726,0.00108105830974492
test,selected_upset_base_margin,20260808_1_01,20260808,0.0012638774016657806
test,selected_upset_base_margin,20260808_1_02,20260808,-0.0003747539323049054
test,selected_upset_base_margin,20260808_1_03,20260808,2.2933974181515993e-05
test,selected_upset_base_margin,20260808_1_04,20260808,-0.0008590273891759814
test,selected_upset_base_margin,20260808_1_05,20260808,0.0010858482791684665
test,selected_upset_base_margin,20260808_1_06,20260808,0.007108398534710236
test,selected_upset_base_margin,20260808_1_07,20260808,-0.0021672395386542753
test,selected_upset_base_margin,20260808_1_08,20260808,-0.0011618090420362215
test,selected_upset_base_margin,20260808_1_09,20260808,0.0009307694805501532
test,selected_upset_base_margin,20260808_1_10,20260808,0.0016159398922721557
test,selected_upset_base_margin,20260809_1_01,20260809,0.014893893375044875
test,selected_upset_base_margin,20260809_1_02,20260809,0.004546920839024526
test,selected_upset_base_margin,20260809_1_03,20260809,0.01569181847257406
test,selected_upset_base_margin,20260809_1_04,20260809,0.0007317660299230866
test,selected_upset_base_margin,20260809_1_05,20260809,0.0005979045674142647
test,selected_upset_base_margin,20260809_1_07,20260809,-0.003480887919548481
test,selected_upset_base_margin,20260809_1_08,20260809,0.0020125769928815984
test,selected_upset_base_margin,20260809_1_09,20260809,-0.0004885297679899647
test,selected_upset_base_margin,20260809_1_10,20260809,0.0010332330698910042
