race_id,rcDate,entry_count,winner_rows,race_status,eligible_primary,model_fold,exclusion_reason
20230805_1_01,20230805,11,1,normal,True,train,
20230805_1_02,20230805,7,1,normal,True,train,
20230805_1_03,20230805,10,1,normal,True,train,
20230805_1_04,20230805,11,1,normal,True,train,
20230805_1_05,20230805,11,1,normal,True,train,
20230805_1_06,20230805,11,1,normal,True,train,
20230805_1_07,20230805,11,1,normal,True,train,
20230805_1_08,20230805,10,1,normal,True,train,
20230805_1_09,20230805,10,1,normal,True,train,
20230805_1_10,20230805,10,1,normal,True,train,
20230805_1_11,20230805,10,1,normal,True,train,
20230805_1_12,20230805,11,1,normal,True,train,
20230805_1_13,20230805,11,1,normal,True,train,
20230805_1_14,20230805,11,1,normal,True,train,
20230805_1_15,20230805,11,1,normal,True,train,
20230806_1_01,20230806,10,1,normal,True,train,
20230806_1_02,20230806,11,1,normal,True,train,
20230806_1_03,20230806,11,1,normal,True,train,
20230806_1_04,20230806,11,1,normal,True,train,
20230806_1_05,20230806,11,1,normal,True,train,
20230806_1_06,20230806,10,1,normal,True,train,
20230806_1_07,20230806,11,1,normal,True,train,
20230806_1_08,20230806,9,1,normal,True,train,
20230806_1_09,20230806,11,1,normal,True,train,
20230806_1_10,20230806,10,1,normal,True,train,
20230806_1_11,20230806,11,1,normal,True,train,
20230806_1_12,20230806,11,1,normal,True,train,
20230806_1_13,20230806,10,1,normal,True,train,
20230806_1_14,20230806,10,1,normal,True,train,
20230806_1_15,20230806,11,1,normal,True,train,
20230812_1_01,20230812,11,1,normal,True,train,
20230812_1_02,20230812,11,1,normal,True,train,
20230812_1_03,20230812,11,1,normal,True,train,
20230812_1_04,20230812,9,1,normal,True,train,
20230812_1_05,20230812,10,1,normal,True,train,
20230812_1_06,20230812,11,1,normal,True,train,
20230812_1_07,20230812,11,1,normal,True,train,
20230812_1_08,20230812,10,1,normal,True,train,
20230812_1_09,20230812,9,1,normal,True,train,
20230812_1_10,20230812,9,1,normal,True,train,
20230813_1_01,20230813,10,1,normal,True,train,
20230813_1_02,20230813,10,1,normal,True,train,
20230813_1_03,20230813,11,1,normal,True,train,
20230813_1_04,20230813,9,1,normal,True,train,
20230813_1_05,20230813,10,1,normal,True,train,
20230813_1_06,20230813,11,1,normal,True,train,
20230813_1_07,20230813,9,1,normal,True,train,
20230813_1_08,20230813,8,1,normal,True,train,
20230813_1_10,20230813,11,1,normal,True,train,
20230819_1_01,20230819,11,1,normal,True,train,
20230819_1_02,20230819,10,1,normal,True,train,
20230819_1_03,20230819,10,1,normal,True,train,
20230819_1_04,20230819,11,1,normal,True,train,
20230819_1_05,20230819,11,1,normal,True,train,
20230819_1_06,20230819,11,1,normal,True,train,
20230819_1_07,20230819,10,1,normal,True,train,
20230819_1_08,20230819,11,1,normal,True,train,
20230819_1_09,20230819,11,1,normal,True,train,
20230819_1_10,20230819,10,1,normal,True,train,
20230820_1_01,20230820,11,1,normal,True,train,
20230820_1_02,20230820,11,1,normal,True,train,
20230820_1_03,20230820,11,1,normal,True,train,
20230820_1_04,20230820,11,1,normal,True,train,
20230820_1_05,20230820,10,1,normal,True,train,
20230820_1_06,20230820,10,1,normal,True,train,
20230820_1_07,20230820,11,1,normal,True,train,
20230820_1_08,20230820,10,1,normal,True,train,
20230820_1_09,20230820,10,1,normal,True,train,
20230820_1_10,20230820,9,1,normal,True,train,
20230826_1_01,20230826,11,1,normal,True,train,
20230826_1_02,20230826,12,1,normal,True,train,
20230826_1_03,20230826,11,1,normal,True,train,
20230826_1_04,20230826,11,1,normal,True,train,
20230826_1_05,20230826,12,1,normal,True,train,
20230826_1_06,20230826,11,1,normal,True,train,
20230826_1_07,20230826,11,1,normal,True,train,
20230826_1_08,20230826,11,1,normal,True,train,
20230826_1_09,20230826,10,1,normal,True,train,
20230826_1_10,20230826,9,1,normal,True,train,
20230827_1_01,20230827,10,1,normal,True,train,
20230827_1_02,20230827,12,1,normal,True,train,
20230827_1_03,20230827,12,1,normal,True,train,
20230827_1_04,20230827,10,1,normal,True,train,
20230827_1_05,20230827,11,1,normal,True,train,
20230827_1_06,20230827,11,1,normal,True,train,
20230827_1_07,20230827,11,1,normal,True,train,
20230827_1_08,20230827,12,1,normal,True,train,
20230827_1_09,20230827,10,1,normal,True,train,
20230827_1_10,20230827,10,1,normal,True,train,
20230902_1_01,20230902,10,1,normal,True,train,
20230902_1_02,20230902,11,1,normal,True,train,
20230902_1_03,20230902,11,1,normal,True,train,
20230902_1_04,20230902,11,1,normal,True,train,
20230902_1_05,20230902,9,1,normal,True,train,
20230902_1_06,20230902,8,1,normal,True,train,
20230902_1_07,20230902,10,1,normal,True,train,
20230902_1_08,20230902,9,1,normal,True,train,
20230902_1_09,20230902,9,1,normal,True,train,
20230902_1_10,20230902,10,1,normal,True,train,
20230903_1_01,20230903,8,1,normal,True,train,
20230903_1_02,20230903,8,1,normal,True,train,
20230903_1_03,20230903,12,1,normal,True,train,
20230903_1_04,20230903,8,1,normal,True,train,
20230903_1_05,20230903,8,1,normal,True,train,
20230903_1_06,20230903,10,1,normal,True,train,
20230903_1_07,20230903,10,1,normal,True,train,
20230903_1_08,20230903,11,1,normal,True,train,
20230903_1_09,20230903,10,1,normal,True,train,
20230903_1_10,20230903,10,1,normal,True,train,
20230903_1_11,20230903,10,1,normal,True,train,
20230909_1_01,20230909,10,1,normal,True,train,
20230909_1_02,20230909,9,1,normal,True,train,
20230909_1_03,20230909,12,1,normal,True,train,
20230909_1_04,20230909,11,1,normal,True,train,
20230909_1_05,20230909,11,1,normal,True,train,
20230909_1_06,20230909,10,1,normal,True,train,
20230909_1_07,20230909,14,1,normal,True,train,
20230909_1_08,20230909,11,1,normal,True,train,
20230909_1_09,20230909,8,1,normal,True,train,
20230909_1_10,20230909,11,1,normal,True,train,
20230910_1_01,20230910,10,1,normal,True,train,
20230910_1_02,20230910,9,1,normal,True,train,
20230910_1_03,20230910,10,1,normal,True,train,
20230910_1_04,20230910,9,1,normal,True,train,
20230910_1_05,20230910,11,1,normal,True,train,
20230910_1_06,20230910,10,1,normal,True,train,
20230910_1_07,20230910,15,1,normal,True,train,
20230910_1_08,20230910,14,1,normal,True,train,
20230910_1_09,20230910,10,1,normal,True,train,
20230910_1_10,20230910,11,1,normal,True,train,
20230916_1_01,20230916,11,1,normal,True,train,
20230916_1_02,20230916,8,1,normal,True,train,
20230916_1_03,20230916,8,1,normal,True,train,
20230916_1_04,20230916,9,1,normal,True,train,
20230916_1_05,20230916,10,1,normal,True,train,
20230916_1_06,20230916,8,1,normal,True,train,
20230916_1_07,20230916,11,1,normal,True,train,
20230916_1_08,20230916,11,1,normal,True,train,
20230916_1_09,20230916,11,1,normal,True,train,
20230916_1_10,20230916,9,1,normal,True,train,
20230917_1_01,20230917,10,1,normal,True,train,
20230917_1_02,20230917,10,1,normal,True,train,
20230917_1_03,20230917,7,1,normal,True,train,
20230917_1_04,20230917,11,1,normal,True,train,
20230917_1_05,20230917,10,1,normal,True,train,
20230917_1_06,20230917,11,1,normal,True,train,
20230917_1_07,20230917,10,1,normal,True,train,
20230917_1_08,20230917,14,1,normal,True,train,
20230917_1_09,20230917,11,1,normal,True,train,
20230917_1_10,20230917,11,1,normal,True,train,
20230917_1_11,20230917,11,1,normal,True,train,
20230923_1_01,20230923,11,1,normal,True,train,
20230923_1_02,20230923,11,1,normal,True,train,
20230923_1_03,20230923,12,1,normal,True,train,
20230923_1_04,20230923,11,1,normal,True,train,
20230923_1_05,20230923,10,1,normal,True,train,
20230923_1_06,20230923,11,1,normal,True,train,
20230923_1_07,20230923,9,1,normal,True,train,
20230923_1_08,20230923,9,1,normal,True,train,
20230923_1_09,20230923,11,1,normal,True,train,
20230923_1_10,20230923,11,1,normal,True,train,
20230923_1_11,20230923,11,1,normal,True,train,
20230923_1_12,20230923,11,1,normal,True,train,
20230924_1_01,20230924,10,1,normal,True,train,
20230924_1_02,20230924,10,1,normal,True,train,
20230924_1_03,20230924,11,1,normal,True,train,
20230924_1_04,20230924,11,1,normal,True,train,
20230924_1_05,20230924,9,1,normal,True,train,
20230924_1_06,20230924,11,1,normal,True,train,
20230924_1_07,20230924,10,1,normal,True,train,
20230924_1_08,20230924,15,1,normal,True,train,
20230924_1_09,20230924,9,1,normal,True,train,
20230924_1_10,20230924,11,1,normal,True,train,
20230924_1_11,20230924,11,1,normal,True,train,
20231007_1_01,20231007,11,1,normal,True,train,
20231007_1_02,20231007,12,1,normal,True,train,
20231007_1_03,20231007,9,1,normal,True,train,
20231007_1_04,20231007,11,1,normal,True,train,
20231007_1_05,20231007,10,1,normal,True,train,
20231007_1_06,20231007,11,1,normal,True,train,
20231007_1_07,20231007,11,1,normal,True,train,
20231007_1_08,20231007,8,1,normal,True,train,
20231007_1_09,20231007,10,1,normal,True,train,
20231007_1_10,20231007,10,1,normal,True,train,
20231008_1_01,20231008,10,1,normal,True,train,
20231008_1_02,20231008,11,1,normal,True,train,
20231008_1_03,20231008,8,1,normal,True,train,
20231008_1_04,20231008,11,1,normal,True,train,
20231008_1_05,20231008,10,1,normal,True,train,
20231008_1_06,20231008,11,1,normal,True,train,
20231008_1_07,20231008,10,1,normal,True,train,
20231008_1_08,20231008,11,1,normal,True,train,
20231008_1_09,20231008,11,1,normal,True,train,
20231008_1_10,20231008,11,1,normal,True,train,
20231009_1_01,20231009,11,1,normal,True,train,
20231009_1_02,20231009,11,1,normal,True,train,
20231009_1_03,20231009,8,1,normal,True,train,
20231009_1_04,20231009,12,1,normal,True,train,
20231009_1_05,20231009,8,1,normal,True,train,
20231009_1_06,20231009,8,1,normal,True,train,
20231009_1_07,20231009,11,1,normal,True,train,
20231009_1_08,20231009,11,1,normal,True,train,
20231009_1_09,20231009,11,1,normal,True,train,
20231009_1_10,20231009,11,1,normal,True,train,
20231014_1_01,20231014,11,1,normal,True,train,
20231014_1_02,20231014,10,1,normal,True,train,
20231014_1_03,20231014,8,1,normal,True,train,
20231014_1_04,20231014,11,1,normal,True,train,
20231014_1_05,20231014,10,1,normal,True,train,
20231014_1_06,20231014,11,1,normal,True,train,
20231014_1_07,20231014,11,1,normal,True,train,
20231014_1_08,20231014,11,1,normal,True,train,
20231014_1_09,20231014,11,1,normal,True,train,
20231014_1_10,20231014,8,1,normal,True,train,
20231014_1_11,20231014,7,1,normal,True,train,
20231015_1_01,20231015,8,1,normal,True,train,
20231015_1_02,20231015,8,1,normal,True,train,
20231015_1_03,20231015,12,1,normal,True,train,
20231015_1_04,20231015,11,1,normal,True,train,
20231015_1_05,20231015,11,1,normal,True,train,
20231015_1_06,20231015,10,1,normal,True,train,
20231015_1_07,20231015,11,1,normal,True,train,
20231015_1_08,20231015,10,1,normal,True,train,
20231015_1_09,20231015,11,1,normal,True,train,
20231015_1_10,20231015,8,1,normal,True,train,
20231015_1_11,20231015,11,1,normal,True,train,
20231021_1_01,20231021,11,1,normal,True,train,
20231021_1_02,20231021,9,1,normal,True,train,
20231021_1_03,20231021,12,1,normal,True,train,
20231021_1_04,20231021,11,1,normal,True,train,
20231021_1_05,20231021,11,1,normal,True,train,
20231021_1_06,20231021,11,1,normal,True,train,
20231021_1_07,20231021,11,1,normal,True,train,
20231021_1_08,20231021,9,1,normal,True,train,
20231021_1_09,20231021,10,1,normal,True,train,
20231021_1_10,20231021,10,1,normal,True,train,
20231021_1_11,20231021,11,1,normal,True,train,
20231022_1_01,20231022,10,1,normal,True,train,
20231022_1_02,20231022,11,1,normal,True,train,
20231022_1_03,20231022,12,1,normal,True,train,
20231022_1_04,20231022,11,1,normal,True,train,
20231022_1_05,20231022,11,1,normal,True,train,
20231022_1_06,20231022,10,1,normal,True,train,
20231022_1_07,20231022,9,1,normal,True,train,
20231022_1_08,20231022,11,1,normal,True,train,
20231022_1_09,20231022,10,1,normal,True,train,
20231022_1_10,20231022,11,1,normal,True,train,
20231022_1_11,20231022,11,1,normal,True,train,
20231028_1_01,20231028,11,1,normal,True,train,
20231028_1_02,20231028,12,1,normal,True,train,
20231028_1_03,20231028,8,1,normal,True,train,
20231028_1_04,20231028,11,1,normal,True,train,
20231028_1_05,20231028,11,1,normal,True,train,
20231028_1_06,20231028,11,1,normal,True,train,
20231028_1_07,20231028,11,1,normal,True,train,
20231028_1_08,20231028,10,1,normal,True,train,
20231028_1_09,20231028,11,1,normal,True,train,
20231028_1_10,20231028,11,1,normal,True,train,
20231028_1_11,20231028,11,1,normal,True,train,
20231029_1_01,20231029,11,1,normal,True,train,
20231029_1_02,20231029,11,1,normal,True,train,
20231029_1_03,20231029,11,1,normal,True,train,
20231029_1_04,20231029,11,1,normal,True,train,
20231029_1_05,20231029,11,1,normal,True,train,
20231029_1_06,20231029,11,1,normal,True,train,
20231029_1_07,20231029,8,1,normal,True,train,
20231029_1_08,20231029,11,1,normal,True,train,
20231029_1_09,20231029,11,1,normal,True,train,
20231029_1_10,20231029,11,1,normal,True,train,
20231029_1_11,20231029,11,1,normal,True,train,
20231104_1_01,20231104,10,1,normal,True,train,
20231104_1_02,20231104,10,1,normal,True,train,
20231104_1_03,20231104,11,1,normal,True,train,
20231104_1_04,20231104,9,1,normal,True,train,
20231104_1_05,20231104,11,1,normal,True,train,
20231104_1_06,20231104,10,1,normal,True,train,
20231104_1_07,20231104,8,1,normal,True,train,
20231104_1_08,20231104,9,1,normal,True,train,
20231104_1_09,20231104,10,1,normal,True,train,
20231104_1_10,20231104,8,1,normal,True,train,
20231104_1_11,20231104,9,1,normal,True,train,
20231105_1_01,20231105,10,1,normal,True,train,
20231105_1_02,20231105,11,1,normal,True,train,
20231105_1_03,20231105,11,1,normal,True,train,
20231105_1_04,20231105,11,1,normal,True,train,
20231105_1_05,20231105,11,1,normal,True,train,
20231105_1_06,20231105,9,1,normal,True,train,
20231105_1_07,20231105,10,1,normal,True,train,
20231105_1_08,20231105,13,1,normal,True,train,
20231105_1_09,20231105,10,1,normal,True,train,
20231105_1_10,20231105,11,1,normal,True,train,
20231105_1_11,20231105,11,1,normal,True,train,
20231111_1_01,20231111,9,1,normal,True,train,
20231111_1_02,20231111,9,1,normal,True,train,
20231111_1_03,20231111,10,1,normal,True,train,
20231111_1_04,20231111,9,1,normal,True,train,
20231111_1_05,20231111,11,1,normal,True,train,
20231111_1_06,20231111,11,1,normal,True,train,
20231111_1_07,20231111,9,1,normal,True,train,
20231111_1_08,20231111,11,1,normal,True,train,
20231111_1_09,20231111,10,1,normal,True,train,
20231111_1_10,20231111,10,1,normal,True,train,
20231112_1_01,20231112,10,1,normal,True,train,
20231112_1_02,20231112,10,1,normal,True,train,
20231112_1_03,20231112,11,1,normal,True,train,
20231112_1_04,20231112,11,1,normal,True,train,
20231112_1_05,20231112,11,1,normal,True,train,
20231112_1_06,20231112,11,1,normal,True,train,
20231112_1_07,20231112,11,1,normal,True,train,
20231112_1_08,20231112,11,1,normal,True,train,
20231112_1_09,20231112,11,1,normal,True,train,
20231112_1_10,20231112,9,1,normal,True,train,
20231112_1_11,20231112,10,1,normal,True,train,
20231118_1_01,20231118,12,1,normal,True,train,
20231118_1_02,20231118,12,1,normal,True,train,
20231118_1_03,20231118,10,1,normal,True,train,
20231118_1_04,20231118,11,1,normal,True,train,
20231118_1_05,20231118,10,1,normal,True,train,
20231118_1_06,20231118,11,1,normal,True,train,
20231118_1_07,20231118,11,1,normal,True,train,
20231118_1_08,20231118,11,1,normal,True,train,
20231118_1_09,20231118,11,1,normal,True,train,
20231118_1_10,20231118,11,1,normal,True,train,
20231118_1_11,20231118,11,1,normal,True,train,
20231119_1_01,20231119,11,1,normal,True,train,
20231119_1_02,20231119,11,1,normal,True,train,
20231119_1_03,20231119,11,1,normal,True,train,
20231119_1_04,20231119,11,1,normal,True,train,
20231119_1_05,20231119,11,1,normal,True,train,
20231119_1_06,20231119,11,1,normal,True,train,
20231119_1_07,20231119,10,1,normal,True,train,
20231119_1_08,20231119,16,1,normal,True,train,
20231119_1_09,20231119,10,1,normal,True,train,
20231119_1_10,20231119,11,1,normal,True,train,
20231119_1_11,20231119,11,1,normal,True,train,
20231125_1_01,20231125,12,1,normal,True,train,
20231125_1_02,20231125,11,1,normal,True,train,
20231125_1_03,20231125,11,1,normal,True,train,
20231125_1_04,20231125,11,1,normal,True,train,
20231125_1_05,20231125,11,1,normal,True,train,
20231125_1_06,20231125,10,1,normal,True,train,
20231125_1_07,20231125,11,1,normal,True,train,
20231125_1_08,20231125,9,1,normal,True,train,
20231125_1_09,20231125,10,1,normal,True,train,
20231125_1_10,20231125,11,1,normal,True,train,
20231125_1_11,20231125,11,1,normal,True,train,
20231126_1_01,20231126,12,1,normal,True,train,
20231126_1_02,20231126,12,1,normal,True,train,
20231126_1_03,20231126,11,1,normal,True,train,
20231126_1_04,20231126,11,1,normal,True,train,
20231126_1_05,20231126,11,1,normal,True,train,
20231126_1_06,20231126,11,1,normal,True,train,
20231126_1_07,20231126,11,1,normal,True,train,
20231126_1_08,20231126,11,1,normal,True,train,
20231126_1_09,20231126,11,1,normal,True,train,
20231126_1_10,20231126,11,1,normal,True,train,
20231126_1_11,20231126,11,1,normal,True,train,
20231202_1_01,20231202,12,1,normal,True,train,
20231202_1_02,20231202,11,1,normal,True,train,
20231202_1_03,20231202,11,1,normal,True,train,
20231202_1_04,20231202,10,1,normal,True,train,
20231202_1_05,20231202,11,1,normal,True,train,
20231202_1_06,20231202,11,1,normal,True,train,
20231202_1_07,20231202,10,1,normal,True,train,
20231202_1_08,20231202,10,1,normal,True,train,
20231202_1_09,20231202,11,1,normal,True,train,
20231202_1_10,20231202,10,1,normal,True,train,
20231202_1_11,20231202,11,1,normal,True,train,
20231203_1_01,20231203,12,1,normal,True,train,
20231203_1_02,20231203,9,1,normal,True,train,
20231203_1_03,20231203,11,1,normal,True,train,
20231203_1_04,20231203,8,1,normal,True,train,
20231203_1_05,20231203,10,1,normal,True,train,
20231203_1_06,20231203,11,1,normal,True,train,
20231203_1_07,20231203,10,1,normal,True,train,
20231203_1_08,20231203,14,1,normal,True,train,
20231203_1_09,20231203,11,1,normal,True,train,
20231203_1_10,20231203,11,1,normal,True,train,
20231203_1_11,20231203,11,1,normal,True,train,
20231209_1_01,20231209,10,1,normal,True,train,
20231209_1_02,20231209,10,1,normal,True,train,
20231209_1_03,20231209,9,1,normal,True,train,
20231209_1_04,20231209,9,1,normal,True,train,
20231209_1_05,20231209,9,1,normal,True,train,
20231209_1_06,20231209,10,1,normal,True,train,
20231209_1_07,20231209,8,1,normal,True,train,
20231209_1_08,20231209,9,1,normal,True,train,
20231209_1_09,20231209,11,1,normal,True,train,
20231209_1_10,20231209,11,1,normal,True,train,
20231210_1_01,20231210,11,1,normal,True,train,
20231210_1_02,20231210,11,1,normal,True,train,
20231210_1_03,20231210,9,1,normal,True,train,
20231210_1_04,20231210,10,1,normal,True,train,
20231210_1_05,20231210,10,1,normal,True,train,
20231210_1_06,20231210,8,1,normal,True,train,
20231210_1_07,20231210,9,1,normal,True,train,
20231210_1_08,20231210,10,1,normal,True,train,
20231210_1_09,20231210,11,1,normal,True,train,
20231210_1_10,20231210,11,1,normal,True,train,
20231216_1_01,20231216,12,1,normal,True,train,
20231216_1_02,20231216,12,1,normal,True,train,
20231216_1_03,20231216,12,1,normal,True,train,
20231216_1_04,20231216,11,1,normal,True,train,
20231216_1_05,20231216,10,1,normal,True,train,
20231216_1_06,20231216,10,1,normal,True,train,
20231216_1_07,20231216,10,1,normal,True,train,
20231216_1_08,20231216,11,1,normal,True,train,
20231216_1_09,20231216,9,1,normal,True,train,
20231216_1_10,20231216,11,1,normal,True,train,
20231216_1_11,20231216,10,1,normal,True,train,
20231217_1_01,20231217,11,1,normal,True,train,
20231217_1_02,20231217,11,1,normal,True,train,
20231217_1_03,20231217,11,1,normal,True,train,
20231217_1_04,20231217,11,1,normal,True,train,
20231217_1_05,20231217,10,1,normal,True,train,
20231217_1_06,20231217,10,1,normal,True,train,
20231217_1_07,20231217,11,1,normal,True,train,
20231217_1_08,20231217,16,1,normal,True,train,
20231217_1_09,20231217,10,1,normal,True,train,
20231217_1_10,20231217,10,1,normal,True,train,
20231217_1_11,20231217,10,1,normal,True,train,
20231223_1_01,20231223,11,1,normal,True,train,
20231223_1_02,20231223,11,1,normal,True,train,
20231223_1_03,20231223,9,1,normal,True,train,
20231223_1_04,20231223,11,1,normal,True,train,
20231223_1_05,20231223,10,1,normal,True,train,
20231223_1_06,20231223,9,1,normal,True,train,
20231223_1_07,20231223,9,1,normal,True,train,
20231224_1_01,20231224,11,1,normal,True,train,
20231224_1_02,20231224,10,1,normal,True,train,
20231224_1_03,20231224,10,1,normal,True,train,
20231224_1_04,20231224,10,1,normal,True,train,
20231224_1_05,20231224,11,1,normal,True,train,
20231224_1_06,20231224,9,1,normal,True,train,
20231224_1_07,20231224,12,1,normal,True,train,
20231225_1_01,20231225,11,1,normal,True,train,
20231225_1_02,20231225,11,1,normal,True,train,
20231225_1_03,20231225,11,1,normal,True,train,
20231225_1_04,20231225,11,1,normal,True,train,
20231225_1_05,20231225,9,1,normal,True,train,
20231225_1_06,20231225,10,1,normal,True,train,
20231225_1_07,20231225,11,1,normal,True,train,
20231225_1_08,20231225,11,1,normal,True,train,
20231225_1_09,20231225,10,1,normal,True,train,
20231225_1_10,20231225,9,1,normal,True,train,
20231225_1_11,20231225,11,1,normal,True,train,
20231225_1_12,20231225,11,1,normal,True,train,
20231230_1_01,20231230,11,1,normal,True,train,
20231230_1_02,20231230,11,1,normal,True,train,
20231230_1_03,20231230,11,1,normal,True,train,
20231230_1_04,20231230,11,1,normal,True,train,
20231230_1_05,20231230,11,1,normal,True,train,
20231230_1_06,20231230,11,1,normal,True,train,
20231230_1_07,20231230,11,1,normal,True,train,
20231230_1_08,20231230,10,1,normal,True,train,
20231230_1_09,20231230,10,1,normal,True,train,
20231230_1_10,20231230,10,1,normal,True,train,
20231230_1_11,20231230,10,1,normal,True,train,
20231231_1_01,20231231,12,1,normal,True,train,
20231231_1_02,20231231,10,1,normal,True,train,
20231231_1_03,20231231,11,1,normal,True,train,
20231231_1_04,20231231,11,1,normal,True,train,
20231231_1_05,20231231,11,1,normal,True,train,
20231231_1_06,20231231,10,1,normal,True,train,
20231231_1_07,20231231,10,1,normal,True,train,
20231231_1_08,20231231,8,1,normal,True,train,
20231231_1_09,20231231,10,1,normal,True,train,
20231231_1_10,20231231,10,1,normal,True,train,
20231231_1_11,20231231,11,1,normal,True,train,
20240106_1_01,20240106,12,1,normal,True,train,
20240106_1_02,20240106,10,1,normal,True,train,
20240106_1_04,20240106,11,1,normal,True,train,
20240106_1_05,20240106,8,1,normal,True,train,
20240106_1_06,20240106,11,1,normal,True,train,
20240106_1_07,20240106,10,1,normal,True,train,
20240106_1_08,20240106,9,1,normal,True,train,
20240106_1_09,20240106,9,1,normal,True,train,
20240106_1_10,20240106,8,1,normal,True,train,
20240106_1_11,20240106,9,1,normal,True,train,
20240107_1_01,20240107,9,1,normal,True,train,
20240107_1_02,20240107,11,1,normal,True,train,
20240107_1_03,20240107,11,1,normal,True,train,
20240107_1_04,20240107,8,1,normal,True,train,
20240107_1_05,20240107,8,1,normal,True,train,
20240107_1_06,20240107,9,1,normal,True,train,
20240107_1_07,20240107,9,1,normal,True,train,
20240107_1_08,20240107,9,1,normal,True,train,
20240107_1_09,20240107,11,1,normal,True,train,
20240107_1_10,20240107,10,1,normal,True,train,
20240107_1_11,20240107,10,1,normal,True,train,
20240113_1_01,20240113,12,1,normal,True,train,
20240113_1_02,20240113,11,1,normal,True,train,
20240113_1_04,20240113,11,1,normal,True,train,
20240113_1_05,20240113,11,1,normal,True,train,
20240113_1_06,20240113,11,1,normal,True,train,
20240113_1_07,20240113,9,1,normal,True,train,
20240113_1_08,20240113,9,1,normal,True,train,
20240113_1_09,20240113,11,1,normal,True,train,
20240113_1_10,20240113,10,1,normal,True,train,
20240113_1_11,20240113,11,1,normal,True,train,
20240114_1_01,20240114,10,1,normal,True,train,
20240114_1_02,20240114,11,1,normal,True,train,
20240114_1_03,20240114,9,1,normal,True,train,
20240114_1_04,20240114,11,1,normal,True,train,
20240114_1_05,20240114,8,1,normal,True,train,
20240114_1_06,20240114,8,1,normal,True,train,
20240114_1_07,20240114,10,1,normal,True,train,
20240114_1_08,20240114,11,1,normal,True,train,
20240114_1_09,20240114,11,1,normal,True,train,
20240120_1_01,20240120,11,1,normal,True,train,
20240120_1_02,20240120,10,1,normal,True,train,
20240120_1_03,20240120,11,1,normal,True,train,
20240120_1_04,20240120,12,1,normal,True,train,
20240120_1_05,20240120,11,1,normal,True,train,
20240120_1_06,20240120,10,1,normal,True,train,
20240120_1_07,20240120,10,1,normal,True,train,
20240120_1_08,20240120,11,1,normal,True,train,
20240120_1_09,20240120,11,1,normal,True,train,
20240120_1_10,20240120,10,1,normal,True,train,
20240120_1_11,20240120,11,1,normal,True,train,
20240121_1_01,20240121,9,1,normal,True,train,
20240121_1_02,20240121,11,1,normal,True,train,
20240121_1_03,20240121,8,1,normal,True,train,
20240121_1_04,20240121,11,1,normal,True,train,
20240121_1_05,20240121,11,1,normal,True,train,
20240121_1_06,20240121,10,1,normal,True,train,
20240121_1_07,20240121,11,1,normal,True,train,
20240121_1_08,20240121,10,1,normal,True,train,
20240121_1_09,20240121,10,1,normal,True,train,
20240121_1_10,20240121,9,1,normal,True,train,
20240127_1_01,20240127,12,1,normal,True,train,
20240127_1_02,20240127,11,1,normal,True,train,
20240127_1_03,20240127,11,1,normal,True,train,
20240127_1_04,20240127,10,1,normal,True,train,
20240127_1_05,20240127,11,1,normal,True,train,
20240127_1_06,20240127,11,1,normal,True,train,
20240127_1_07,20240127,11,1,normal,True,train,
20240127_1_08,20240127,10,1,normal,True,train,
20240127_1_09,20240127,11,1,normal,True,train,
20240127_1_10,20240127,11,1,normal,True,train,
20240127_1_11,20240127,10,1,normal,True,train,
20240128_1_01,20240128,11,1,normal,True,train,
20240128_1_02,20240128,10,1,normal,True,train,
20240128_1_03,20240128,11,1,normal,True,train,
20240128_1_04,20240128,11,1,normal,True,train,
20240128_1_05,20240128,11,1,normal,True,train,
20240128_1_06,20240128,11,1,normal,True,train,
20240128_1_07,20240128,10,1,normal,True,train,
20240128_1_08,20240128,11,1,normal,True,train,
20240128_1_09,20240128,10,1,normal,True,train,
20240128_1_10,20240128,11,1,normal,True,train,
20240128_1_11,20240128,10,1,normal,True,train,
20240203_1_01,20240203,9,1,normal,True,train,
20240203_1_02,20240203,12,1,normal,True,train,
20240203_1_03,20240203,12,1,normal,True,train,
20240203_1_04,20240203,12,1,normal,True,train,
20240203_1_05,20240203,12,1,normal,True,train,
20240203_1_06,20240203,12,1,normal,True,train,
20240203_1_07,20240203,10,1,normal,True,train,
20240203_1_08,20240203,12,1,normal,True,train,
20240203_1_09,20240203,12,1,normal,True,train,
20240203_1_10,20240203,12,1,normal,True,train,
20240203_1_11,20240203,12,1,normal,True,train,
20240204_1_01,20240204,12,1,normal,True,train,
20240204_1_02,20240204,12,1,normal,True,train,
20240204_1_03,20240204,12,1,normal,True,train,
20240204_1_04,20240204,12,1,normal,True,train,
20240204_1_05,20240204,12,1,normal,True,train,
20240204_1_06,20240204,10,1,normal,True,train,
20240204_1_07,20240204,9,1,normal,True,train,
20240204_1_08,20240204,11,1,normal,True,train,
20240204_1_09,20240204,12,1,normal,True,train,
20240204_1_10,20240204,12,1,normal,True,train,
20240204_1_11,20240204,12,1,normal,True,train,
20240217_1_01,20240217,11,1,normal,True,train,
20240217_1_02,20240217,12,1,normal,True,train,
20240217_1_03,20240217,12,1,normal,True,train,
20240217_1_04,20240217,11,1,normal,True,train,
20240217_1_05,20240217,7,1,normal,True,train,
20240217_1_06,20240217,10,1,normal,True,train,
20240217_1_07,20240217,10,1,normal,True,train,
20240217_1_08,20240217,12,1,normal,True,train,
20240217_1_09,20240217,12,1,normal,True,train,
20240217_1_10,20240217,12,1,normal,True,train,
20240217_1_11,20240217,11,1,normal,True,train,
20240218_1_01,20240218,12,1,normal,True,train,
20240218_1_02,20240218,12,1,normal,True,train,
20240218_1_03,20240218,12,1,normal,True,train,
20240218_1_04,20240218,12,1,normal,True,train,
20240218_1_05,20240218,10,1,normal,True,train,
20240218_1_06,20240218,12,1,normal,True,train,
20240218_1_07,20240218,16,1,normal,True,train,
20240218_1_08,20240218,12,1,normal,True,train,
20240218_1_09,20240218,12,1,normal,True,train,
20240218_1_10,20240218,11,1,normal,True,train,
20240218_1_11,20240218,12,1,normal,True,train,
20240224_1_01,20240224,12,1,normal,True,train,
20240224_1_02,20240224,12,1,normal,True,train,
20240224_1_03,20240224,12,1,normal,True,train,
20240224_1_04,20240224,12,1,normal,True,train,
20240224_1_05,20240224,12,1,normal,True,train,
20240224_1_06,20240224,12,1,normal,True,train,
20240224_1_07,20240224,12,1,normal,True,train,
20240224_1_08,20240224,12,1,normal,True,train,
20240224_1_09,20240224,12,1,normal,True,train,
20240224_1_10,20240224,12,1,normal,True,train,
20240224_1_11,20240224,12,1,normal,True,train,
20240225_1_01,20240225,12,1,normal,True,train,
20240225_1_02,20240225,10,1,normal,True,train,
20240225_1_03,20240225,11,1,normal,True,train,
20240225_1_04,20240225,12,1,normal,True,train,
20240225_1_05,20240225,11,1,normal,True,train,
20240225_1_06,20240225,10,1,normal,True,train,
20240225_1_07,20240225,9,1,normal,True,train,
20240225_1_08,20240225,11,1,normal,True,train,
20240225_1_09,20240225,12,1,normal,True,train,
20240225_1_10,20240225,11,1,normal,True,train,
20240225_1_11,20240225,12,1,normal,True,train,
20240302_1_01,20240302,10,1,normal,True,train,
20240302_1_02,20240302,10,1,normal,True,train,
20240302_1_03,20240302,9,1,normal,True,train,
20240302_1_04,20240302,11,1,normal,True,train,
20240302_1_05,20240302,10,1,normal,True,train,
20240302_1_06,20240302,11,1,normal,True,train,
20240302_1_07,20240302,10,1,normal,True,train,
20240302_1_08,20240302,11,1,normal,True,train,
20240302_1_09,20240302,8,1,normal,True,train,
20240302_1_10,20240302,11,1,normal,True,train,
20240302_1_11,20240302,11,1,normal,True,train,
20240303_1_01,20240303,10,1,normal,True,train,
20240303_1_02,20240303,11,1,normal,True,train,
20240303_1_03,20240303,11,1,normal,True,train,
20240303_1_04,20240303,11,1,normal,True,train,
20240303_1_05,20240303,10,1,normal,True,train,
20240303_1_06,20240303,11,1,normal,True,train,
20240303_1_07,20240303,11,1,normal,True,train,
20240303_1_08,20240303,10,1,normal,True,train,
20240303_1_09,20240303,11,1,normal,True,train,
20240303_1_10,20240303,11,1,normal,True,train,
20240303_1_11,20240303,10,1,normal,True,train,
20240309_1_01,20240309,11,1,normal,True,train,
20240309_1_02,20240309,11,1,normal,True,train,
20240309_1_03,20240309,9,1,normal,True,train,
20240309_1_04,20240309,10,1,normal,True,train,
20240309_1_05,20240309,8,1,normal,True,train,
20240309_1_06,20240309,11,1,normal,True,train,
20240309_1_07,20240309,11,1,normal,True,train,
20240309_1_08,20240309,11,1,normal,True,train,
20240309_1_09,20240309,11,1,normal,True,train,
20240309_1_10,20240309,11,1,normal,True,train,
20240309_1_11,20240309,8,1,normal,True,train,
20240310_1_01,20240310,10,1,normal,True,train,
20240310_1_03,20240310,10,1,normal,True,train,
20240310_1_04,20240310,11,1,normal,True,train,
20240310_1_05,20240310,11,1,normal,True,train,
20240310_1_06,20240310,11,1,normal,True,train,
20240310_1_07,20240310,11,1,normal,True,train,
20240310_1_08,20240310,11,1,normal,True,train,
20240310_1_09,20240310,11,1,normal,True,train,
20240310_1_10,20240310,9,1,normal,True,train,
20240310_1_11,20240310,9,1,normal,True,train,
20240316_1_01,20240316,11,1,normal,True,train,
20240316_1_02,20240316,11,1,normal,True,train,
20240316_1_03,20240316,11,1,normal,True,train,
20240316_1_04,20240316,11,1,normal,True,train,
20240316_1_05,20240316,11,1,normal,True,train,
20240316_1_06,20240316,11,1,normal,True,train,
20240316_1_07,20240316,9,1,normal,True,train,
20240316_1_08,20240316,11,1,normal,True,train,
20240316_1_09,20240316,11,1,normal,True,train,
20240316_1_10,20240316,11,1,normal,True,train,
20240316_1_11,20240316,9,1,normal,True,train,
20240317_1_01,20240317,10,1,normal,True,train,
20240317_1_02,20240317,11,1,normal,True,train,
20240317_1_04,20240317,11,1,normal,True,train,
20240317_1_05,20240317,11,1,normal,True,train,
20240317_1_06,20240317,11,1,normal,True,train,
20240317_1_07,20240317,15,1,normal,True,train,
20240317_1_08,20240317,11,1,normal,True,train,
20240317_1_09,20240317,11,1,normal,True,train,
20240317_1_10,20240317,11,1,normal,True,train,
20240317_1_11,20240317,8,1,normal,True,train,
20240323_1_01,20240323,10,1,normal,True,train,
20240323_1_02,20240323,10,1,normal,True,train,
20240323_1_03,20240323,10,1,normal,True,train,
20240323_1_04,20240323,9,1,normal,True,train,
20240323_1_05,20240323,10,1,normal,True,train,
20240323_1_06,20240323,11,1,normal,True,train,
20240323_1_07,20240323,11,1,normal,True,train,
20240323_1_08,20240323,11,1,normal,True,train,
20240323_1_09,20240323,11,1,normal,True,train,
20240323_1_10,20240323,11,1,normal,True,train,
20240323_1_11,20240323,11,1,normal,True,train,
20240324_1_01,20240324,11,1,normal,True,train,
20240324_1_02,20240324,11,1,normal,True,train,
20240324_1_03,20240324,10,1,normal,True,train,
20240324_1_04,20240324,10,1,normal,True,train,
20240324_1_05,20240324,9,1,normal,True,train,
20240324_1_06,20240324,10,1,normal,True,train,
20240324_1_07,20240324,9,1,normal,True,train,
20240324_1_08,20240324,10,1,normal,True,train,
20240324_1_09,20240324,11,1,normal,True,train,
20240324_1_10,20240324,11,1,normal,True,train,
20240324_1_11,20240324,11,1,normal,True,train,
20240330_1_01,20240330,11,1,normal,True,train,
20240330_1_02,20240330,11,1,normal,True,train,
20240330_1_03,20240330,10,1,normal,True,train,
20240330_1_04,20240330,11,1,normal,True,train,
20240330_1_05,20240330,9,1,normal,True,train,
20240330_1_06,20240330,10,1,normal,True,train,
20240330_1_07,20240330,10,1,normal,True,train,
20240330_1_08,20240330,11,1,normal,True,train,
20240330_1_09,20240330,11,1,normal,True,train,
20240330_1_10,20240330,11,1,normal,True,train,
20240330_1_11,20240330,11,1,normal,True,train,
20240331_1_01,20240331,11,1,normal,True,train,
20240331_1_02,20240331,11,1,normal,True,train,
20240331_1_03,20240331,11,1,normal,True,train,
20240331_1_04,20240331,10,1,normal,True,train,
20240331_1_05,20240331,8,1,normal,True,train,
20240331_1_06,20240331,10,1,normal,True,train,
20240331_1_07,20240331,11,1,normal,True,train,
20240331_1_08,20240331,10,1,normal,True,train,
20240331_1_09,20240331,9,1,normal,True,train,
20240331_1_10,20240331,10,1,normal,True,train,
20240331_1_11,20240331,11,1,normal,True,train,
20240406_1_01,20240406,10,1,normal,True,train,
20240406_1_02,20240406,7,1,normal,True,train,
20240406_1_03,20240406,11,1,normal,True,train,
20240406_1_04,20240406,11,1,normal,True,train,
20240406_1_05,20240406,11,1,normal,True,train,
20240406_1_06,20240406,11,1,normal,True,train,
20240406_1_07,20240406,9,1,normal,True,train,
20240406_1_08,20240406,10,1,normal,True,train,
20240406_1_09,20240406,7,1,normal,True,train,
20240406_1_10,20240406,11,1,normal,True,train,
20240406_1_11,20240406,8,1,normal,True,train,
20240407_1_01,20240407,11,1,normal,True,train,
20240407_1_02,20240407,7,1,normal,True,train,
20240407_1_03,20240407,9,1,normal,True,train,
20240407_1_04,20240407,11,1,normal,True,train,
20240407_1_05,20240407,9,1,normal,True,train,
20240407_1_06,20240407,9,1,normal,True,train,
20240407_1_07,20240407,11,1,normal,True,train,
20240407_1_08,20240407,10,1,normal,True,train,
20240407_1_09,20240407,11,1,normal,True,train,
20240407_1_10,20240407,8,1,normal,True,train,
20240407_1_11,20240407,10,1,normal,True,train,
20240413_1_01,20240413,11,1,normal,True,train,
20240413_1_02,20240413,9,1,normal,True,train,
20240413_1_03,20240413,9,1,normal,True,train,
20240413_1_04,20240413,9,1,normal,True,train,
20240413_1_05,20240413,10,1,normal,True,train,
20240413_1_06,20240413,10,1,normal,True,train,
20240413_1_07,20240413,8,1,normal,True,train,
20240413_1_08,20240413,8,1,normal,True,train,
20240413_1_09,20240413,8,1,normal,True,train,
20240413_1_10,20240413,8,1,normal,True,train,
20240413_1_11,20240413,11,1,normal,True,train,
20240414_1_01,20240414,10,1,normal,True,train,
20240414_1_02,20240414,11,1,normal,True,train,
20240414_1_03,20240414,11,1,normal,True,train,
20240414_1_04,20240414,7,1,normal,True,train,
20240414_1_05,20240414,8,1,normal,True,train,
20240414_1_06,20240414,10,1,normal,True,train,
20240414_1_07,20240414,16,1,normal,True,train,
20240414_1_08,20240414,14,1,normal,True,train,
20240414_1_09,20240414,9,1,normal,True,train,
20240414_1_10,20240414,9,1,normal,True,train,
20240414_1_11,20240414,10,1,normal,True,train,
20240420_1_01,20240420,8,1,normal,True,train,
20240420_1_02,20240420,9,1,normal,True,train,
20240420_1_03,20240420,10,1,normal,True,train,
20240420_1_04,20240420,10,1,normal,True,train,
20240420_1_05,20240420,10,1,normal,True,train,
20240420_1_06,20240420,11,1,normal,True,train,
20240420_1_07,20240420,8,1,normal,True,train,
20240420_1_08,20240420,9,1,normal,True,train,
20240420_1_09,20240420,11,1,normal,True,train,
20240420_1_10,20240420,11,1,normal,True,train,
20240420_1_11,20240420,11,1,normal,True,train,
20240421_1_01,20240421,11,1,normal,True,train,
20240421_1_02,20240421,8,1,normal,True,train,
20240421_1_03,20240421,11,1,normal,True,train,
20240421_1_04,20240421,10,1,normal,True,train,
20240421_1_05,20240421,11,1,normal,True,train,
20240421_1_06,20240421,10,1,normal,True,train,
20240421_1_07,20240421,15,1,normal,True,train,
20240421_1_08,20240421,8,1,normal,True,train,
20240421_1_09,20240421,9,1,normal,True,train,
20240421_1_10,20240421,9,1,normal,True,train,
20240421_1_11,20240421,11,1,normal,True,train,
20240427_1_01,20240427,11,1,normal,True,train,
20240427_1_02,20240427,10,1,normal,True,train,
20240427_1_03,20240427,10,1,normal,True,train,
20240427_1_04,20240427,10,1,normal,True,train,
20240427_1_05,20240427,10,1,normal,True,train,
20240427_1_06,20240427,11,1,normal,True,train,
20240427_1_07,20240427,10,1,normal,True,train,
20240427_1_08,20240427,10,1,normal,True,train,
20240427_1_09,20240427,11,1,normal,True,train,
20240427_1_10,20240427,10,1,normal,True,train,
20240427_1_11,20240427,11,1,normal,True,train,
20240428_1_01,20240428,11,1,normal,True,train,
20240428_1_02,20240428,10,1,normal,True,train,
20240428_1_03,20240428,10,1,normal,True,train,
20240428_1_04,20240428,10,1,normal,True,train,
20240428_1_05,20240428,8,1,normal,True,train,
20240428_1_06,20240428,10,1,normal,True,train,
20240428_1_07,20240428,12,1,normal,True,train,
20240428_1_08,20240428,10,1,normal,True,train,
20240428_1_09,20240428,10,1,normal,True,train,
20240428_1_10,20240428,11,1,normal,True,train,
20240428_1_11,20240428,11,1,normal,True,train,
20240504_1_01,20240504,11,1,normal,True,train,
20240504_1_02,20240504,10,1,normal,True,train,
20240504_1_03,20240504,9,1,normal,True,train,
20240504_1_04,20240504,7,1,normal,True,train,
20240504_1_05,20240504,9,1,normal,True,train,
20240504_1_06,20240504,11,1,normal,True,train,
20240504_1_07,20240504,8,1,normal,True,train,
20240504_1_08,20240504,10,1,normal,True,train,
20240504_1_09,20240504,8,1,normal,True,train,
20240504_1_10,20240504,8,1,normal,True,train,
20240504_1_11,20240504,10,1,normal,True,train,
20240505_1_01,20240505,11,1,normal,True,train,
20240505_1_02,20240505,9,1,normal,True,train,
20240505_1_03,20240505,11,1,normal,True,train,
20240505_1_04,20240505,9,1,normal,True,train,
20240505_1_05,20240505,8,1,normal,True,train,
20240505_1_06,20240505,9,1,normal,True,train,
20240505_1_07,20240505,8,1,normal,True,train,
20240505_1_08,20240505,11,1,normal,True,train,
20240505_1_09,20240505,11,1,normal,True,train,
20240505_1_10,20240505,11,1,normal,True,train,
20240511_1_01,20240511,11,1,normal,True,train,
20240511_1_02,20240511,11,1,normal,True,train,
20240511_1_03,20240511,9,1,normal,True,train,
20240511_1_04,20240511,8,1,normal,True,train,
20240511_1_05,20240511,9,1,normal,True,train,
20240511_1_06,20240511,10,1,normal,True,train,
20240511_1_07,20240511,10,1,normal,True,train,
20240511_1_08,20240511,11,1,normal,True,train,
20240511_1_09,20240511,9,1,normal,True,train,
20240511_1_10,20240511,11,1,normal,True,train,
20240511_1_11,20240511,11,1,normal,True,train,
20240512_1_01,20240512,9,1,normal,True,train,
20240512_1_02,20240512,9,1,normal,True,train,
20240512_1_03,20240512,10,1,normal,True,train,
20240512_1_04,20240512,8,1,normal,True,train,
20240512_1_05,20240512,10,1,normal,True,train,
20240512_1_06,20240512,11,1,normal,True,train,
20240512_1_07,20240512,11,1,normal,True,train,
20240512_1_08,20240512,15,1,normal,True,train,
20240512_1_09,20240512,11,1,normal,True,train,
20240512_1_10,20240512,10,1,normal,True,train,
20240518_1_01,20240518,11,1,normal,True,train,
20240518_1_02,20240518,10,1,normal,True,train,
20240518_1_03,20240518,8,1,normal,True,train,
20240518_1_04,20240518,11,1,normal,True,train,
20240518_1_05,20240518,10,1,normal,True,train,
20240518_1_06,20240518,8,1,normal,True,train,
20240518_1_07,20240518,11,1,normal,True,train,
20240518_1_08,20240518,9,1,normal,True,train,
20240518_1_09,20240518,11,1,normal,True,train,
20240518_1_10,20240518,9,1,normal,True,train,
20240518_1_11,20240518,11,1,normal,True,train,
20240519_1_01,20240519,11,1,normal,True,train,
20240519_1_02,20240519,10,1,normal,True,train,
20240519_1_03,20240519,11,1,normal,True,train,
20240519_1_04,20240519,11,1,normal,True,train,
20240519_1_05,20240519,11,1,normal,True,train,
20240519_1_06,20240519,10,1,normal,True,train,
20240519_1_07,20240519,14,1,normal,True,train,
20240519_1_08,20240519,16,1,normal,True,train,
20240519_1_09,20240519,9,1,normal,True,train,
20240519_1_10,20240519,10,1,normal,True,train,
20240525_1_01,20240525,10,1,normal,True,train,
20240525_1_02,20240525,10,1,normal,True,train,
20240525_1_03,20240525,9,1,normal,True,train,
20240525_1_04,20240525,11,1,normal,True,train,
20240525_1_05,20240525,9,1,normal,True,train,
20240525_1_06,20240525,11,1,normal,True,train,
20240525_1_07,20240525,11,1,normal,True,train,
20240525_1_08,20240525,8,1,normal,True,train,
20240525_1_09,20240525,11,1,normal,True,train,
20240525_1_10,20240525,10,1,normal,True,train,
20240525_1_11,20240525,11,1,normal,True,train,
20240526_1_02,20240526,8,1,normal,True,train,
20240526_1_03,20240526,9,1,normal,True,train,
20240526_1_04,20240526,8,1,normal,True,train,
20240526_1_05,20240526,11,1,normal,True,train,
20240526_1_06,20240526,9,1,normal,True,train,
20240526_1_07,20240526,10,1,normal,True,train,
20240526_1_08,20240526,8,1,normal,True,train,
20240526_1_09,20240526,11,1,normal,True,train,
20240526_1_10,20240526,9,1,normal,True,train,
20240601_1_01,20240601,11,1,normal,True,train,
20240601_1_02,20240601,11,1,normal,True,train,
20240601_1_03,20240601,8,1,normal,True,train,
20240601_1_04,20240601,9,1,normal,True,train,
20240601_1_05,20240601,8,1,normal,True,train,
20240601_1_06,20240601,11,1,normal,True,train,
20240601_1_07,20240601,8,1,normal,True,train,
20240601_1_08,20240601,8,1,normal,True,train,
20240601_1_09,20240601,10,1,normal,True,train,
20240601_1_10,20240601,11,1,normal,True,train,
20240601_1_11,20240601,7,1,normal,True,train,
20240602_1_01,20240602,9,1,normal,True,train,
20240602_1_02,20240602,10,1,normal,True,train,
20240602_1_03,20240602,10,1,normal,True,train,
20240602_1_04,20240602,10,1,normal,True,train,
20240602_1_05,20240602,10,1,normal,True,train,
20240602_1_06,20240602,10,1,normal,True,train,
20240602_1_07,20240602,9,1,normal,True,train,
20240602_1_08,20240602,9,1,normal,True,train,
20240602_1_09,20240602,11,1,normal,True,train,
20240608_1_01,20240608,11,1,normal,True,train,
20240608_1_02,20240608,10,1,normal,True,train,
20240608_1_03,20240608,9,1,normal,True,train,
20240608_1_04,20240608,8,1,normal,True,train,
20240608_1_05,20240608,11,1,normal,True,train,
20240608_1_06,20240608,8,1,normal,True,train,
20240608_1_07,20240608,9,1,normal,True,train,
20240608_1_08,20240608,10,1,normal,True,train,
20240608_1_09,20240608,10,1,normal,True,train,
20240608_1_10,20240608,8,1,normal,True,train,
20240608_1_11,20240608,9,1,normal,True,train,
20240609_1_01,20240609,11,1,normal,True,train,
20240609_1_02,20240609,11,1,normal,True,train,
20240609_1_03,20240609,9,1,normal,True,train,
20240609_1_04,20240609,8,1,normal,True,train,
20240609_1_05,20240609,8,1,normal,True,train,
20240609_1_06,20240609,9,1,normal,True,train,
20240609_1_07,20240609,10,1,normal,True,train,
20240609_1_08,20240609,8,1,normal,True,train,
20240609_1_09,20240609,11,1,normal,True,train,
20240609_1_10,20240609,11,1,normal,True,train,
20240615_1_01,20240615,12,1,normal,True,train,
20240615_1_02,20240615,11,1,normal,True,train,
20240615_1_03,20240615,11,1,normal,True,train,
20240615_1_04,20240615,10,1,normal,True,train,
20240615_1_05,20240615,7,1,normal,True,train,
20240615_1_06,20240615,10,1,normal,True,train,
20240615_1_07,20240615,9,1,normal,True,train,
20240615_1_08,20240615,11,1,normal,True,train,
20240615_1_09,20240615,8,1,normal,True,train,
20240615_1_10,20240615,8,1,normal,True,train,
20240615_1_11,20240615,8,1,normal,True,train,
20240616_1_01,20240616,11,1,normal,True,train,
20240616_1_02,20240616,11,1,normal,True,train,
20240616_1_03,20240616,10,1,normal,True,train,
20240616_1_04,20240616,9,1,normal,True,train,
20240616_1_05,20240616,10,1,normal,True,train,
20240616_1_06,20240616,9,1,normal,True,train,
20240616_1_07,20240616,9,1,normal,True,train,
20240616_1_08,20240616,15,1,normal,True,train,
20240616_1_09,20240616,8,1,normal,True,train,
20240616_1_10,20240616,8,1,normal,True,train,
20240616_1_11,20240616,8,1,normal,True,train,
20240622_1_01,20240622,10,1,normal,True,train,
20240622_1_02,20240622,11,1,normal,True,train,
20240622_1_03,20240622,11,1,normal,True,train,
20240622_1_04,20240622,9,1,normal,True,train,
20240622_1_05,20240622,10,1,normal,True,train,
20240622_1_06,20240622,10,1,normal,True,train,
20240622_1_07,20240622,11,1,normal,True,train,
20240622_1_08,20240622,8,1,normal,True,train,
20240622_1_09,20240622,11,1,normal,True,train,
20240622_1_10,20240622,9,1,normal,True,train,
20240622_1_11,20240622,10,1,normal,True,train,
20240623_1_01,20240623,11,1,normal,True,train,
20240623_1_02,20240623,11,1,normal,True,train,
20240623_1_03,20240623,11,1,normal,True,train,
20240623_1_04,20240623,11,1,normal,True,train,
20240623_1_05,20240623,11,1,normal,True,train,
20240623_1_06,20240623,10,1,normal,True,train,
20240623_1_07,20240623,10,1,normal,True,train,
20240623_1_08,20240623,10,1,normal,True,train,
20240623_1_09,20240623,10,1,normal,True,train,
20240623_1_10,20240623,10,1,normal,True,train,
20240629_1_01,20240629,9,1,normal,True,train,
20240629_1_02,20240629,8,1,normal,True,train,
20240629_1_03,20240629,11,1,normal,True,train,
20240629_1_04,20240629,9,1,normal,True,train,
20240629_1_05,20240629,9,1,normal,True,train,
20240629_1_06,20240629,10,1,normal,True,train,
20240629_1_07,20240629,10,1,normal,True,train,
20240629_1_08,20240629,10,1,normal,True,train,
20240629_1_09,20240629,10,1,normal,True,train,
20240629_1_10,20240629,10,1,normal,True,train,
20240629_1_11,20240629,8,1,normal,True,train,
20240630_1_01,20240630,9,1,normal,True,train,
20240630_1_02,20240630,10,1,normal,True,train,
20240630_1_03,20240630,11,1,normal,True,train,
20240630_1_04,20240630,8,1,normal,True,train,
20240630_1_05,20240630,8,1,normal,True,train,
20240630_1_06,20240630,10,1,normal,True,train,
20240630_1_07,20240630,8,1,normal,True,train,
20240630_1_08,20240630,11,1,normal,True,train,
20240706_1_01,20240706,12,1,normal,True,train,
20240706_1_02,20240706,11,1,normal,True,train,
20240706_1_03,20240706,9,1,normal,True,train,
20240706_1_04,20240706,9,1,normal,True,train,
20240706_1_05,20240706,10,1,normal,True,train,
20240706_1_06,20240706,10,1,normal,True,train,
20240706_1_07,20240706,9,1,normal,True,train,
20240706_1_08,20240706,10,1,normal,True,train,
20240706_1_09,20240706,10,1,normal,True,train,
20240706_1_10,20240706,9,1,normal,True,train,
20240707_1_01,20240707,11,1,normal,True,train,
20240707_1_02,20240707,11,1,normal,True,train,
20240707_1_03,20240707,11,1,normal,True,train,
20240707_1_04,20240707,10,1,normal,True,train,
20240707_1_05,20240707,10,1,normal,True,train,
20240707_1_06,20240707,11,1,normal,True,train,
20240707_1_07,20240707,10,2,dead_heat,False,excluded,dead_heat
20240707_1_08,20240707,11,1,normal,True,train,
20240713_1_01,20240713,10,1,normal,True,train,
20240713_1_02,20240713,9,1,normal,True,train,
20240713_1_03,20240713,10,1,normal,True,train,
20240713_1_04,20240713,8,1,normal,True,train,
20240713_1_05,20240713,11,1,normal,True,train,
20240713_1_06,20240713,10,1,normal,True,train,
20240713_1_07,20240713,8,1,normal,True,train,
20240713_1_08,20240713,11,1,normal,True,train,
20240713_1_09,20240713,10,1,normal,True,train,
20240713_1_10,20240713,10,1,normal,True,train,
20240714_1_01,20240714,11,1,normal,True,train,
20240714_1_02,20240714,9,1,normal,True,train,
20240714_1_03,20240714,11,1,normal,True,train,
20240714_1_04,20240714,8,1,normal,True,train,
20240714_1_05,20240714,8,1,normal,True,train,
20240714_1_06,20240714,9,1,normal,True,train,
20240714_1_07,20240714,10,1,normal,True,train,
20240714_1_08,20240714,11,1,normal,True,train,
20240714_1_09,20240714,11,1,normal,True,train,
20240720_1_01,20240720,11,1,normal,True,train,
20240720_1_02,20240720,10,1,normal,True,train,
20240720_1_03,20240720,9,1,normal,True,train,
20240720_1_04,20240720,10,1,normal,True,train,
20240720_1_05,20240720,11,1,normal,True,train,
20240720_1_06,20240720,8,1,normal,True,train,
20240720_1_07,20240720,10,1,normal,True,train,
20240720_1_08,20240720,10,1,normal,True,train,
20240720_1_09,20240720,11,1,normal,True,train,
20240720_1_10,20240720,9,1,normal,True,train,
20240721_1_01,20240721,11,1,normal,True,train,
20240721_1_02,20240721,10,1,normal,True,train,
20240721_1_03,20240721,11,1,normal,True,train,
20240721_1_04,20240721,8,1,normal,True,train,
20240721_1_05,20240721,10,1,normal,True,train,
20240721_1_06,20240721,11,1,normal,True,train,
20240721_1_07,20240721,10,1,normal,True,train,
20240721_1_08,20240721,10,1,normal,True,train,
20240721_1_09,20240721,10,1,normal,True,train,
20240721_1_10,20240721,11,1,normal,True,train,
20240727_1_01,20240727,9,1,normal,True,train,
20240727_1_02,20240727,11,1,normal,True,train,
20240727_1_03,20240727,9,1,normal,True,train,
20240727_1_04,20240727,11,1,normal,True,train,
20240727_1_05,20240727,11,1,normal,True,train,
20240727_1_06,20240727,11,1,normal,True,train,
20240727_1_07,20240727,10,1,normal,True,train,
20240727_1_08,20240727,10,1,normal,True,train,
20240727_1_09,20240727,11,1,normal,True,train,
20240728_1_01,20240728,10,1,normal,True,train,
20240728_1_02,20240728,11,1,normal,True,train,
20240728_1_03,20240728,11,1,normal,True,train,
20240728_1_04,20240728,10,1,normal,True,train,
20240728_1_05,20240728,8,1,normal,True,train,
20240728_1_06,20240728,11,1,normal,True,train,
20240728_1_07,20240728,8,1,normal,True,train,
20240728_1_08,20240728,9,1,normal,True,train,
20240728_1_09,20240728,10,1,normal,True,train,
20240728_1_10,20240728,11,1,normal,True,train,
20240728_1_11,20240728,11,1,normal,True,train,
20240728_1_12,20240728,9,1,normal,True,train,
20240728_1_13,20240728,11,1,normal,True,train,
20240728_1_14,20240728,11,1,normal,True,train,
20240803_1_01,20240803,9,1,normal,True,train,
20240803_1_02,20240803,11,1,normal,True,train,
20240803_1_03,20240803,11,1,normal,True,train,
20240803_1_04,20240803,9,1,normal,True,train,
20240803_1_05,20240803,10,1,normal,True,train,
20240803_1_06,20240803,9,1,normal,True,train,
20240803_1_07,20240803,11,1,normal,True,train,
20240803_1_08,20240803,11,1,normal,True,train,
20240803_1_09,20240803,11,1,normal,True,train,
20240804_1_01,20240804,11,1,normal,True,train,
20240804_1_02,20240804,11,1,normal,True,train,
20240804_1_03,20240804,11,1,normal,True,train,
20240804_1_04,20240804,11,1,normal,True,train,
20240804_1_05,20240804,10,1,normal,True,train,
20240804_1_06,20240804,10,1,normal,True,train,
20240804_1_08,20240804,10,1,normal,True,train,
20240804_1_09,20240804,9,1,normal,True,train,
20240804_1_10,20240804,10,1,normal,True,train,
20240804_1_11,20240804,8,1,normal,True,train,
20240804_1_12,20240804,10,1,normal,True,train,
20240804_1_13,20240804,8,1,normal,True,train,
20240804_1_14,20240804,11,1,normal,True,train,
20240817_1_01,20240817,10,1,normal,True,train,
20240817_1_02,20240817,10,1,normal,True,train,
20240817_1_03,20240817,11,1,normal,True,train,
20240817_1_04,20240817,11,1,normal,True,train,
20240817_1_05,20240817,11,1,normal,True,train,
20240817_1_06,20240817,11,1,normal,True,train,
20240817_1_07,20240817,11,1,normal,True,train,
20240817_1_08,20240817,11,1,normal,True,train,
20240817_1_09,20240817,11,1,normal,True,train,
20240817_1_10,20240817,10,1,normal,True,train,
20240818_1_01,20240818,11,1,normal,True,train,
20240818_1_02,20240818,11,1,normal,True,train,
20240818_1_03,20240818,11,1,normal,True,train,
20240818_1_04,20240818,11,1,normal,True,train,
20240818_1_05,20240818,11,1,normal,True,train,
20240818_1_06,20240818,11,1,normal,True,train,
20240818_1_07,20240818,10,1,normal,True,train,
20240818_1_08,20240818,11,1,normal,True,train,
20240818_1_09,20240818,11,1,normal,True,train,
20240818_1_10,20240818,11,1,normal,True,train,
20240824_1_01,20240824,9,1,normal,True,train,
20240824_1_02,20240824,11,1,normal,True,train,
20240824_1_03,20240824,11,1,normal,True,train,
20240824_1_04,20240824,10,1,normal,True,train,
20240824_1_05,20240824,11,1,normal,True,train,
20240824_1_06,20240824,11,1,normal,True,train,
20240824_1_07,20240824,11,1,normal,True,train,
20240824_1_08,20240824,10,1,normal,True,train,
20240824_1_09,20240824,8,1,normal,True,train,
20240824_1_10,20240824,10,1,normal,True,train,
20240824_1_11,20240824,11,1,normal,True,train,
20240825_1_01,20240825,12,1,normal,True,train,
20240825_1_02,20240825,8,1,normal,True,train,
20240825_1_03,20240825,11,1,normal,True,train,
20240825_1_04,20240825,9,1,normal,True,train,
20240825_1_05,20240825,8,1,normal,True,train,
20240825_1_06,20240825,11,1,normal,True,train,
20240825_1_07,20240825,8,1,normal,True,train,
20240825_1_08,20240825,13,1,normal,True,train,
20240825_1_09,20240825,11,1,normal,True,train,
20240825_1_10,20240825,10,1,normal,True,train,
20240825_1_11,20240825,11,1,normal,True,train,
20240825_1_12,20240825,10,1,normal,True,train,
20240831_1_01,20240831,10,1,normal,True,train,
20240831_1_02,20240831,11,1,normal,True,train,
20240831_1_03,20240831,11,1,normal,True,train,
20240831_1_04,20240831,11,1,normal,True,train,
20240831_1_05,20240831,11,1,normal,True,train,
20240831_1_06,20240831,11,1,normal,True,train,
20240831_1_07,20240831,10,1,normal,True,train,
20240831_1_08,20240831,10,1,normal,True,train,
20240831_1_09,20240831,10,1,normal,True,train,
20240831_1_10,20240831,10,1,normal,True,train,
20240831_1_11,20240831,9,1,normal,True,train,
20240901_1_01,20240901,8,1,normal,True,train,
20240901_1_02,20240901,10,1,normal,True,train,
20240901_1_03,20240901,9,1,normal,True,train,
20240901_1_04,20240901,11,1,normal,True,train,
20240901_1_05,20240901,11,1,normal,True,train,
20240901_1_06,20240901,10,1,normal,True,train,
20240901_1_07,20240901,11,1,normal,True,train,
20240901_1_08,20240901,11,1,normal,True,train,
20240901_1_09,20240901,11,1,normal,True,train,
20240901_1_10,20240901,9,1,normal,True,train,
20240907_1_01,20240907,12,1,normal,True,train,
20240907_1_02,20240907,10,1,normal,True,train,
20240907_1_03,20240907,11,1,normal,True,train,
20240907_1_04,20240907,13,1,normal,True,train,
20240907_1_05,20240907,15,1,normal,True,train,
20240907_1_06,20240907,14,1,normal,True,train,
20240907_1_07,20240907,10,1,normal,True,train,
20240907_1_08,20240907,11,1,normal,True,train,
20240907_1_09,20240907,11,1,normal,True,train,
20240907_1_10,20240907,9,1,normal,True,train,
20240907_1_11,20240907,10,1,normal,True,train,
20240908_1_01,20240908,9,1,normal,True,train,
20240908_1_02,20240908,10,1,normal,True,train,
20240908_1_03,20240908,11,1,normal,True,train,
20240908_1_04,20240908,8,1,normal,True,train,
20240908_1_05,20240908,10,1,normal,True,train,
20240908_1_06,20240908,15,1,normal,True,train,
20240908_1_07,20240908,10,1,normal,True,train,
20240908_1_08,20240908,10,1,normal,True,train,
20240908_1_09,20240908,11,1,normal,True,train,
20240914_1_01,20240914,12,1,normal,True,train,
20240914_1_02,20240914,11,1,normal,True,train,
20240914_1_03,20240914,12,1,normal,True,train,
20240914_1_04,20240914,10,1,normal,True,train,
20240914_1_05,20240914,10,1,normal,True,train,
20240914_1_06,20240914,10,1,normal,True,train,
20240914_1_07,20240914,11,1,normal,True,train,
20240914_1_08,20240914,11,1,normal,True,train,
20240914_1_09,20240914,11,1,normal,True,train,
20240914_1_10,20240914,11,1,normal,True,train,
20240914_1_11,20240914,9,1,normal,True,train,
20240915_1_01,20240915,10,1,normal,True,train,
20240915_1_02,20240915,10,1,normal,True,train,
20240915_1_03,20240915,10,1,normal,True,train,
20240915_1_04,20240915,11,1,normal,True,train,
20240915_1_05,20240915,11,1,normal,True,train,
20240915_1_06,20240915,11,1,normal,True,train,
20240915_1_07,20240915,11,1,normal,True,train,
20240915_1_08,20240915,11,1,normal,True,train,
20240915_1_09,20240915,11,1,normal,True,train,
20240915_1_10,20240915,10,1,normal,True,train,
20240928_1_01,20240928,12,1,normal,True,train,
20240928_1_02,20240928,10,1,normal,True,train,
20240928_1_03,20240928,12,1,normal,True,train,
20240928_1_04,20240928,11,1,normal,True,train,
20240928_1_05,20240928,11,1,normal,True,train,
20240928_1_06,20240928,11,1,normal,True,train,
20240928_1_07,20240928,11,1,normal,True,train,
20240928_1_08,20240928,11,1,normal,True,train,
20240928_1_09,20240928,11,1,normal,True,train,
20240928_1_10,20240928,11,1,normal,True,train,
20240928_1_11,20240928,11,1,normal,True,train,
20240929_1_03,20240929,11,1,normal,True,train,
20240929_1_04,20240929,11,1,normal,True,train,
20240929_1_05,20240929,11,1,normal,True,train,
20240929_1_06,20240929,11,1,normal,True,train,
20240929_1_07,20240929,14,1,normal,True,train,
20240929_1_08,20240929,10,1,normal,True,train,
20240929_1_09,20240929,11,1,normal,True,train,
20240929_1_10,20240929,8,1,normal,True,train,
20240929_1_11,20240929,10,1,normal,True,train,
20241005_1_01,20241005,11,1,normal,True,train,
20241005_1_02,20241005,9,1,normal,True,train,
20241005_1_03,20241005,11,1,normal,True,train,
20241005_1_04,20241005,9,1,normal,True,train,
20241005_1_05,20241005,10,1,normal,True,train,
20241005_1_06,20241005,11,1,normal,True,train,
20241005_1_07,20241005,10,1,normal,True,train,
20241005_1_08,20241005,10,1,normal,True,train,
20241005_1_09,20241005,11,1,normal,True,train,
20241005_1_10,20241005,11,1,normal,True,train,
20241005_1_11,20241005,10,1,normal,True,train,
20241006_1_01,20241006,8,1,normal,True,train,
20241006_1_02,20241006,10,1,normal,True,train,
20241006_1_03,20241006,10,1,normal,True,train,
20241006_1_04,20241006,11,1,normal,True,train,
20241006_1_05,20241006,10,1,normal,True,train,
20241006_1_06,20241006,11,1,normal,True,train,
20241006_1_07,20241006,11,1,normal,True,train,
20241006_1_08,20241006,10,1,normal,True,train,
20241006_1_09,20241006,11,1,normal,True,train,
20241006_1_10,20241006,11,1,normal,True,train,
20241006_1_11,20241006,11,1,normal,True,train,
20241012_1_01,20241012,11,1,normal,True,train,
20241012_1_02,20241012,11,1,normal,True,train,
20241012_1_03,20241012,11,1,normal,True,train,
20241012_1_04,20241012,10,1,normal,True,train,
20241012_1_05,20241012,9,1,normal,True,train,
20241012_1_06,20241012,11,1,normal,True,train,
20241012_1_07,20241012,11,1,normal,True,train,
20241012_1_08,20241012,10,1,normal,True,train,
20241012_1_09,20241012,10,1,normal,True,train,
20241012_1_10,20241012,11,1,normal,True,train,
20241012_1_11,20241012,11,1,normal,True,train,
20241013_1_01,20241013,12,1,normal,True,train,
20241013_1_02,20241013,10,1,normal,True,train,
20241013_1_03,20241013,8,1,normal,True,train,
20241013_1_04,20241013,11,1,normal,True,train,
20241013_1_05,20241013,9,1,normal,True,train,
20241013_1_06,20241013,10,1,normal,True,train,
20241013_1_07,20241013,15,1,normal,True,train,
20241013_1_08,20241013,10,1,normal,True,train,
20241013_1_09,20241013,11,1,normal,True,train,
20241013_1_10,20241013,10,1,normal,True,train,
20241013_1_11,20241013,9,1,normal,True,train,
20241019_1_01,20241019,9,1,normal,True,train,
20241019_1_02,20241019,10,1,normal,True,train,
20241019_1_03,20241019,8,1,normal,True,train,
20241019_1_04,20241019,11,1,normal,True,train,
20241019_1_05,20241019,10,1,normal,True,train,
20241019_1_06,20241019,10,1,normal,True,train,
20241019_1_07,20241019,11,1,normal,True,train,
20241019_1_08,20241019,11,1,normal,True,train,
20241019_1_09,20241019,11,1,normal,True,train,
20241019_1_10,20241019,11,1,normal,True,train,
20241019_1_11,20241019,9,1,normal,True,train,
20241020_1_01,20241020,8,1,normal,True,train,
20241020_1_02,20241020,9,1,normal,True,train,
20241020_1_03,20241020,9,1,normal,True,train,
20241020_1_04,20241020,9,1,normal,True,train,
20241020_1_05,20241020,11,1,normal,True,train,
20241020_1_06,20241020,11,1,normal,True,train,
20241020_1_07,20241020,12,1,normal,True,train,
20241020_1_08,20241020,9,1,normal,True,train,
20241020_1_09,20241020,8,1,normal,True,train,
20241020_1_10,20241020,7,1,normal,True,train,
20241020_1_11,20241020,10,1,normal,True,train,
20241026_1_01,20241026,12,1,normal,True,train,
20241026_1_02,20241026,11,1,normal,True,train,
20241026_1_03,20241026,10,1,normal,True,train,
20241026_1_04,20241026,9,1,normal,True,train,
20241026_1_05,20241026,11,1,normal,True,train,
20241026_1_06,20241026,11,1,normal,True,train,
20241026_1_07,20241026,10,1,normal,True,train,
20241026_1_08,20241026,9,1,normal,True,train,
20241026_1_09,20241026,11,1,normal,True,train,
20241026_1_10,20241026,11,1,normal,True,train,
20241026_1_11,20241026,11,1,normal,True,train,
20241027_1_01,20241027,10,1,normal,True,train,
20241027_1_02,20241027,9,1,normal,True,train,
20241027_1_03,20241027,10,1,normal,True,train,
20241027_1_04,20241027,10,1,normal,True,train,
20241027_1_05,20241027,11,1,normal,True,train,
20241027_1_06,20241027,11,1,normal,True,train,
20241027_1_07,20241027,11,1,normal,True,train,
20241027_1_08,20241027,11,1,normal,True,train,
20241027_1_09,20241027,11,1,normal,True,train,
20241027_1_10,20241027,10,1,normal,True,train,
20241027_1_11,20241027,8,1,normal,True,train,
20241102_1_01,20241102,11,1,normal,True,train,
20241102_1_02,20241102,10,1,normal,True,train,
20241102_1_03,20241102,9,1,normal,True,train,
20241102_1_04,20241102,9,1,normal,True,train,
20241102_1_05,20241102,10,1,normal,True,train,
20241102_1_06,20241102,11,1,normal,True,train,
20241102_1_07,20241102,10,1,normal,True,train,
20241102_1_08,20241102,8,1,normal,True,train,
20241102_1_09,20241102,10,1,normal,True,train,
20241102_1_10,20241102,10,1,normal,True,train,
20241102_1_11,20241102,8,1,normal,True,train,
20241103_1_01,20241103,10,1,normal,True,train,
20241103_1_02,20241103,11,1,normal,True,train,
20241103_1_03,20241103,9,1,normal,True,train,
20241103_1_04,20241103,9,1,normal,True,train,
20241103_1_05,20241103,11,1,normal,True,train,
20241103_1_06,20241103,9,1,normal,True,train,
20241103_1_07,20241103,10,1,normal,True,train,
20241103_1_08,20241103,10,1,normal,True,train,
20241103_1_09,20241103,10,1,normal,True,train,
20241103_1_10,20241103,8,1,normal,True,train,
20241103_1_11,20241103,9,1,normal,True,train,
20241109_1_01,20241109,8,1,normal,True,train,
20241109_1_02,20241109,11,1,normal,True,train,
20241109_1_03,20241109,8,1,normal,True,train,
20241109_1_04,20241109,11,1,normal,True,train,
20241109_1_05,20241109,11,1,normal,True,train,
20241109_1_06,20241109,9,1,normal,True,train,
20241109_1_07,20241109,10,1,normal,True,train,
20241109_1_08,20241109,9,1,normal,True,train,
20241109_1_09,20241109,8,1,normal,True,train,
20241109_1_10,20241109,9,1,normal,True,train,
20241109_1_11,20241109,10,1,normal,True,train,
20241110_1_01,20241110,11,1,normal,True,train,
20241110_1_02,20241110,11,1,normal,True,train,
20241110_1_03,20241110,11,1,normal,True,train,
20241110_1_04,20241110,9,1,normal,True,train,
20241110_1_05,20241110,11,1,normal,True,train,
20241110_1_06,20241110,8,1,normal,True,train,
20241110_1_07,20241110,10,1,normal,True,train,
20241110_1_08,20241110,11,1,normal,True,train,
20241110_1_09,20241110,9,1,normal,True,train,
20241116_1_01,20241116,12,1,normal,True,train,
20241116_1_02,20241116,11,1,normal,True,train,
20241116_1_03,20241116,11,1,normal,True,train,
20241116_1_04,20241116,11,1,normal,True,train,
20241116_1_05,20241116,11,1,normal,True,train,
20241116_1_06,20241116,11,1,normal,True,train,
20241116_1_07,20241116,10,1,normal,True,train,
20241116_1_08,20241116,8,1,normal,True,train,
20241116_1_09,20241116,11,1,normal,True,train,
20241116_1_10,20241116,11,1,normal,True,train,
20241116_1_11,20241116,10,1,normal,True,train,
20241117_1_01,20241117,11,1,normal,True,train,
20241117_1_02,20241117,10,1,normal,True,train,
20241117_1_03,20241117,10,1,normal,True,train,
20241117_1_04,20241117,11,1,normal,True,train,
20241117_1_05,20241117,11,1,normal,True,train,
20241117_1_06,20241117,11,1,normal,True,train,
20241117_1_07,20241117,11,1,normal,True,train,
20241117_1_08,20241117,11,1,normal,True,train,
20241117_1_09,20241117,11,1,normal,True,train,
20241117_1_10,20241117,11,1,normal,True,train,
20241117_1_11,20241117,9,1,normal,True,train,
20241123_1_01,20241123,11,1,normal,True,train,
20241123_1_02,20241123,9,1,normal,True,train,
20241123_1_03,20241123,10,1,normal,True,train,
20241123_1_04,20241123,9,1,normal,True,train,
20241123_1_05,20241123,11,1,normal,True,train,
20241123_1_06,20241123,11,1,normal,True,train,
20241123_1_07,20241123,11,1,normal,True,train,
20241123_1_08,20241123,11,1,normal,True,train,
20241123_1_09,20241123,9,1,normal,True,train,
20241123_1_10,20241123,10,1,normal,True,train,
20241123_1_11,20241123,11,1,normal,True,train,
20241124_1_01,20241124,8,1,normal,True,train,
20241124_1_02,20241124,10,1,normal,True,train,
20241124_1_03,20241124,8,1,normal,True,train,
20241124_1_04,20241124,9,1,normal,True,train,
20241124_1_05,20241124,11,1,normal,True,train,
20241124_1_06,20241124,8,1,normal,True,train,
20241124_1_07,20241124,10,1,normal,True,train,
20241124_1_08,20241124,11,1,normal,True,train,
20241124_1_09,20241124,11,1,normal,True,train,
20241124_1_10,20241124,11,1,normal,True,train,
20241124_1_11,20241124,9,1,normal,True,train,
20241130_1_01,20241130,9,1,normal,True,train,
20241130_1_02,20241130,11,1,normal,True,train,
20241130_1_03,20241130,10,1,normal,True,train,
20241130_1_04,20241130,8,1,normal,True,train,
20241130_1_05,20241130,11,1,normal,True,train,
20241130_1_06,20241130,11,1,normal,True,train,
20241130_1_07,20241130,10,1,normal,True,train,
20241130_1_08,20241130,11,1,normal,True,train,
20241130_1_09,20241130,10,1,normal,True,train,
20241130_1_10,20241130,9,1,normal,True,train,
20241130_1_11,20241130,9,1,normal,True,train,
20241201_1_01,20241201,9,1,normal,True,train,
20241201_1_02,20241201,11,1,normal,True,train,
20241201_1_03,20241201,10,1,normal,True,train,
20241201_1_04,20241201,9,1,normal,True,train,
20241201_1_05,20241201,10,1,normal,True,train,
20241201_1_06,20241201,10,1,normal,True,train,
20241201_1_07,20241201,14,1,normal,True,train,
20241201_1_08,20241201,9,1,normal,True,train,
20241201_1_09,20241201,11,1,normal,True,train,
20241201_1_10,20241201,10,1,normal,True,train,
20241201_1_11,20241201,9,1,normal,True,train,
20241207_1_01,20241207,11,1,normal,True,train,
20241207_1_02,20241207,10,1,normal,True,train,
20241207_1_03,20241207,9,1,normal,True,train,
20241207_1_04,20241207,8,1,normal,True,train,
20241207_1_05,20241207,8,1,normal,True,train,
20241207_1_06,20241207,10,1,normal,True,train,
20241207_1_07,20241207,10,1,normal,True,train,
20241207_1_08,20241207,11,1,normal,True,train,
20241207_1_09,20241207,11,1,normal,True,train,
20241207_1_10,20241207,10,1,normal,True,train,
20241207_1_11,20241207,10,1,normal,True,train,
20241208_1_01,20241208,11,1,normal,True,train,
20241208_1_02,20241208,11,1,normal,True,train,
20241208_1_03,20241208,10,1,normal,True,train,
20241208_1_04,20241208,11,1,normal,True,train,
20241208_1_05,20241208,11,1,normal,True,train,
20241208_1_06,20241208,11,1,normal,True,train,
20241208_1_07,20241208,11,1,normal,True,train,
20241208_1_08,20241208,10,1,normal,True,train,
20241208_1_09,20241208,10,1,normal,True,train,
20241208_1_10,20241208,10,1,normal,True,train,
20241214_1_01,20241214,11,1,normal,True,train,
20241214_1_02,20241214,9,1,normal,True,train,
20241214_1_03,20241214,12,1,normal,True,train,
20241214_1_04,20241214,9,1,normal,True,train,
20241214_1_05,20241214,11,1,normal,True,train,
20241214_1_06,20241214,10,1,normal,True,train,
20241214_1_07,20241214,7,1,normal,True,train,
20241214_1_08,20241214,11,1,normal,True,train,
20241214_1_09,20241214,11,1,normal,True,train,
20241214_1_10,20241214,10,1,normal,True,train,
20241214_1_11,20241214,10,1,normal,True,train,
20241215_1_01,20241215,12,1,normal,True,train,
20241215_1_02,20241215,10,1,normal,True,train,
20241215_1_03,20241215,8,1,normal,True,train,
20241215_1_04,20241215,11,1,normal,True,train,
20241215_1_05,20241215,11,1,normal,True,train,
20241215_1_06,20241215,9,1,normal,True,train,
20241215_1_07,20241215,10,1,normal,True,train,
20241215_1_08,20241215,7,1,normal,True,train,
20241215_1_09,20241215,10,1,normal,True,train,
20241215_1_10,20241215,11,1,normal,True,train,
20241215_1_11,20241215,11,1,normal,True,train,
20241221_1_01,20241221,10,1,normal,True,train,
20241221_1_02,20241221,12,1,normal,True,train,
20241221_1_03,20241221,11,1,normal,True,train,
20241221_1_04,20241221,11,1,normal,True,train,
20241221_1_05,20241221,11,1,normal,True,train,
20241221_1_06,20241221,11,1,normal,True,train,
20241221_1_07,20241221,11,1,normal,True,train,
20241221_1_08,20241221,11,1,normal,True,train,
20241221_1_09,20241221,11,1,normal,True,train,
20241221_1_10,20241221,11,1,normal,True,train,
20241221_1_11,20241221,11,1,normal,True,train,
20241222_1_01,20241222,11,1,normal,True,train,
20241222_1_02,20241222,11,1,normal,True,train,
20241222_1_03,20241222,11,1,normal,True,train,
20241222_1_04,20241222,11,1,normal,True,train,
20241222_1_05,20241222,11,1,normal,True,train,
20241222_1_06,20241222,11,1,normal,True,train,
20241222_1_07,20241222,11,1,normal,True,train,
20241222_1_08,20241222,10,1,normal,True,train,
20241222_1_09,20241222,11,1,normal,True,train,
20241222_1_10,20241222,9,1,normal,True,train,
20241222_1_11,20241222,10,1,normal,True,train,
20241228_1_01,20241228,12,1,normal,True,train,
20241228_1_02,20241228,12,1,normal,True,train,
20241228_1_03,20241228,11,1,normal,True,train,
20241228_1_04,20241228,11,1,normal,True,train,
20241228_1_05,20241228,11,1,normal,True,train,
20241228_1_06,20241228,11,1,normal,True,train,
20241228_1_07,20241228,11,1,normal,True,train,
20241228_1_08,20241228,11,1,normal,True,train,
20241228_1_09,20241228,10,1,normal,True,train,
20241228_1_10,20241228,10,1,normal,True,train,
20241228_1_11,20241228,11,1,normal,True,train,
20241228_1_12,20241228,11,1,normal,True,train,
20241229_1_01,20241229,11,1,normal,True,train,
20241229_1_02,20241229,11,1,normal,True,train,
20241229_1_03,20241229,10,1,normal,True,train,
20241229_1_04,20241229,11,1,normal,True,train,
20241229_1_05,20241229,11,1,normal,True,train,
20241229_1_06,20241229,11,1,normal,True,train,
20241229_1_07,20241229,11,1,normal,True,train,
20241229_1_08,20241229,11,1,normal,True,train,
20241229_1_09,20241229,11,1,normal,True,train,
20241229_1_10,20241229,11,1,normal,True,train,
20241229_1_11,20241229,11,1,normal,True,train,
20250104_1_01,20250104,12,1,normal,True,train,
20250104_1_02,20250104,11,1,normal,True,train,
20250104_1_03,20250104,11,1,normal,True,train,
20250104_1_04,20250104,11,1,normal,True,train,
20250104_1_05,20250104,8,1,normal,True,train,
20250104_1_06,20250104,11,1,normal,True,train,
20250104_1_07,20250104,10,1,normal,True,train,
20250104_1_08,20250104,10,1,normal,True,train,
20250104_1_09,20250104,11,1,normal,True,train,
20250104_1_10,20250104,11,1,normal,True,train,
20250104_1_11,20250104,11,1,normal,True,train,
20250105_1_01,20250105,11,1,normal,True,train,
20250105_1_02,20250105,11,1,normal,True,train,
20250105_1_03,20250105,8,1,normal,True,train,
20250105_1_04,20250105,9,1,normal,True,train,
20250105_1_05,20250105,11,1,normal,True,train,
20250105_1_06,20250105,10,1,normal,True,train,
20250105_1_07,20250105,11,1,normal,True,train,
20250105_1_08,20250105,11,1,normal,True,train,
20250105_1_09,20250105,11,1,normal,True,train,
20250105_1_10,20250105,11,1,normal,True,train,
20250105_1_11,20250105,10,1,normal,True,train,
20250111_1_01,20250111,12,1,normal,True,train,
20250111_1_02,20250111,9,1,normal,True,train,
20250111_1_03,20250111,11,1,normal,True,train,
20250111_1_04,20250111,11,1,normal,True,train,
20250111_1_05,20250111,11,1,normal,True,train,
20250111_1_06,20250111,9,1,normal,True,train,
20250111_1_07,20250111,11,1,normal,True,train,
20250111_1_08,20250111,9,1,normal,True,train,
20250111_1_09,20250111,11,1,normal,True,train,
20250111_1_10,20250111,11,1,normal,True,train,
20250111_1_11,20250111,11,1,normal,True,train,
20250112_1_01,20250112,11,1,normal,True,train,
20250112_1_02,20250112,10,1,normal,True,train,
20250112_1_03,20250112,10,1,normal,True,train,
20250112_1_04,20250112,11,1,normal,True,train,
20250112_1_05,20250112,7,1,normal,True,train,
20250112_1_06,20250112,10,1,normal,True,train,
20250112_1_07,20250112,10,1,normal,True,train,
20250112_1_08,20250112,9,1,normal,True,train,
20250112_1_09,20250112,11,1,normal,True,train,
20250112_1_10,20250112,11,1,normal,True,train,
20250112_1_11,20250112,11,1,normal,True,train,
20250118_1_01,20250118,11,1,normal,True,train,
20250118_1_02,20250118,11,1,normal,True,train,
20250118_1_03,20250118,11,1,normal,True,train,
20250118_1_04,20250118,11,1,normal,True,train,
20250118_1_05,20250118,11,1,normal,True,train,
20250118_1_06,20250118,11,1,normal,True,train,
20250118_1_07,20250118,10,1,normal,True,train,
20250118_1_08,20250118,10,1,normal,True,train,
20250118_1_09,20250118,10,1,normal,True,train,
20250118_1_10,20250118,11,1,normal,True,train,
20250118_1_11,20250118,11,1,normal,True,train,
20250119_1_01,20250119,11,1,normal,True,train,
20250119_1_02,20250119,11,1,normal,True,train,
20250119_1_03,20250119,11,1,normal,True,train,
20250119_1_04,20250119,11,1,normal,True,train,
20250119_1_05,20250119,10,1,normal,True,train,
20250119_1_06,20250119,11,1,normal,True,train,
20250119_1_07,20250119,11,1,normal,True,train,
20250119_1_08,20250119,11,1,normal,True,train,
20250119_1_09,20250119,11,1,normal,True,train,
20250119_1_10,20250119,11,1,normal,True,train,
20250119_1_11,20250119,10,1,normal,True,train,
20250125_1_01,20250125,11,1,normal,True,train,
20250125_1_02,20250125,10,1,normal,True,train,
20250125_1_03,20250125,11,1,normal,True,train,
20250125_1_04,20250125,10,1,normal,True,train,
20250125_1_05,20250125,11,1,normal,True,train,
20250125_1_06,20250125,11,1,normal,True,train,
20250125_1_07,20250125,11,1,normal,True,train,
20250125_1_08,20250125,11,1,normal,True,train,
20250125_1_09,20250125,11,1,normal,True,train,
20250125_1_10,20250125,11,1,normal,True,train,
20250125_1_11,20250125,11,1,normal,True,train,
20250126_1_01,20250126,10,1,normal,True,train,
20250126_1_03,20250126,11,1,normal,True,train,
20250126_1_04,20250126,11,1,normal,True,train,
20250126_1_05,20250126,11,1,normal,True,train,
20250126_1_06,20250126,11,1,normal,True,train,
20250126_1_07,20250126,10,1,normal,True,train,
20250126_1_08,20250126,10,1,normal,True,train,
20250126_1_09,20250126,10,1,normal,True,train,
20250126_1_10,20250126,11,1,normal,True,train,
20250126_1_11,20250126,11,1,normal,True,train,
20250208_1_01,20250208,11,1,normal,True,train,
20250208_1_02,20250208,11,1,normal,True,train,
20250208_1_03,20250208,11,1,normal,True,train,
20250208_1_04,20250208,11,1,normal,True,train,
20250208_1_05,20250208,11,1,normal,True,train,
20250208_1_06,20250208,10,1,normal,True,train,
20250208_1_07,20250208,9,1,normal,True,train,
20250208_1_08,20250208,10,1,normal,True,train,
20250208_1_09,20250208,11,1,normal,True,train,
20250208_1_10,20250208,11,1,normal,True,train,
20250208_1_11,20250208,11,1,normal,True,train,
20250209_1_01,20250209,11,1,normal,True,train,
20250209_1_02,20250209,11,1,normal,True,train,
20250209_1_03,20250209,11,1,normal,True,train,
20250209_1_04,20250209,10,1,normal,True,train,
20250209_1_05,20250209,11,1,normal,True,train,
20250209_1_06,20250209,11,1,normal,True,train,
20250209_1_07,20250209,11,1,normal,True,train,
20250209_1_08,20250209,11,1,normal,True,train,
20250209_1_09,20250209,11,1,normal,True,train,
20250209_1_10,20250209,11,1,normal,True,train,
20250209_1_11,20250209,11,1,normal,True,train,
20250215_1_01,20250215,12,1,normal,True,train,
20250215_1_02,20250215,10,1,normal,True,train,
20250215_1_03,20250215,11,1,normal,True,train,
20250215_1_04,20250215,11,1,normal,True,train,
20250215_1_05,20250215,11,1,normal,True,train,
20250215_1_06,20250215,11,1,normal,True,train,
20250215_1_07,20250215,11,1,normal,True,train,
20250215_1_08,20250215,11,1,normal,True,train,
20250215_1_09,20250215,11,1,normal,True,train,
20250215_1_10,20250215,11,1,normal,True,train,
20250215_1_11,20250215,9,1,normal,True,train,
20250216_1_01,20250216,11,1,normal,True,train,
20250216_1_02,20250216,10,1,normal,True,train,
20250216_1_03,20250216,11,1,normal,True,train,
20250216_1_04,20250216,11,1,normal,True,train,
20250216_1_05,20250216,11,1,normal,True,train,
20250216_1_06,20250216,11,1,normal,True,train,
20250216_1_07,20250216,11,1,normal,True,train,
20250216_1_08,20250216,12,1,normal,True,train,
20250216_1_09,20250216,10,1,normal,True,train,
20250216_1_10,20250216,11,1,normal,True,train,
20250216_1_11,20250216,11,1,normal,True,train,
20250222_1_01,20250222,11,1,normal,True,train,
20250222_1_02,20250222,12,1,normal,True,train,
20250222_1_03,20250222,11,1,normal,True,train,
20250222_1_04,20250222,11,1,normal,True,train,
20250222_1_05,20250222,11,1,normal,True,train,
20250222_1_06,20250222,10,1,normal,True,train,
20250222_1_07,20250222,11,1,normal,True,train,
20250222_1_08,20250222,10,1,normal,True,train,
20250222_1_09,20250222,10,1,normal,True,train,
20250222_1_10,20250222,11,1,normal,True,train,
20250222_1_11,20250222,11,1,normal,True,train,
20250223_1_01,20250223,11,1,normal,True,train,
20250223_1_02,20250223,11,1,normal,True,train,
20250223_1_03,20250223,11,1,normal,True,train,
20250223_1_05,20250223,10,1,normal,True,train,
20250223_1_06,20250223,11,1,normal,True,train,
20250223_1_07,20250223,11,1,normal,True,train,
20250223_1_08,20250223,13,1,normal,True,train,
20250223_1_09,20250223,11,1,normal,True,train,
20250223_1_10,20250223,11,1,normal,True,train,
20250223_1_11,20250223,11,1,normal,True,train,
20250301_1_01,20250301,10,1,normal,True,train,
20250301_1_02,20250301,10,1,normal,True,train,
20250301_1_03,20250301,10,1,normal,True,train,
20250301_1_04,20250301,11,1,normal,True,train,
20250301_1_05,20250301,11,1,normal,True,train,
20250301_1_06,20250301,11,1,normal,True,train,
20250301_1_07,20250301,11,1,normal,True,train,
20250301_1_08,20250301,11,1,normal,True,train,
20250301_1_09,20250301,11,1,normal,True,train,
20250301_1_10,20250301,9,1,normal,True,train,
20250302_1_01,20250302,11,1,normal,True,train,
20250302_1_02,20250302,10,1,normal,True,train,
20250302_1_03,20250302,10,1,normal,True,train,
20250302_1_04,20250302,11,1,normal,True,train,
20250302_1_05,20250302,11,1,normal,True,train,
20250302_1_06,20250302,11,1,normal,True,train,
20250302_1_07,20250302,11,1,normal,True,train,
20250302_1_08,20250302,10,1,normal,True,train,
20250302_1_09,20250302,10,1,normal,True,train,
20250302_1_10,20250302,11,1,normal,True,train,
20250302_1_11,20250302,10,1,normal,True,train,
20250308_1_01,20250308,11,1,normal,True,train,
20250308_1_02,20250308,10,1,normal,True,train,
20250308_1_03,20250308,10,1,normal,True,train,
20250308_1_04,20250308,11,1,normal,True,train,
20250308_1_05,20250308,11,1,normal,True,train,
20250308_1_06,20250308,11,1,normal,True,train,
20250308_1_07,20250308,10,1,normal,True,train,
20250308_1_08,20250308,11,1,normal,True,train,
20250308_1_09,20250308,11,1,normal,True,train,
20250308_1_10,20250308,11,1,normal,True,train,
20250309_1_01,20250309,11,1,normal,True,train,
20250309_1_02,20250309,10,1,normal,True,train,
20250309_1_03,20250309,11,1,normal,True,train,
20250309_1_04,20250309,11,1,normal,True,train,
20250309_1_05,20250309,11,1,normal,True,train,
20250309_1_06,20250309,10,1,normal,True,train,
20250309_1_07,20250309,10,1,normal,True,train,
20250309_1_08,20250309,11,1,normal,True,train,
20250309_1_09,20250309,10,1,normal,True,train,
20250309_1_10,20250309,9,1,normal,True,train,
20250309_1_11,20250309,11,1,normal,True,train,
20250315_1_01,20250315,8,1,normal,True,train,
20250315_1_02,20250315,11,1,normal,True,train,
20250315_1_03,20250315,11,1,normal,True,train,
20250315_1_04,20250315,11,1,normal,True,train,
20250315_1_05,20250315,11,1,normal,True,train,
20250315_1_06,20250315,11,1,normal,True,train,
20250315_1_07,20250315,10,1,normal,True,train,
20250315_1_08,20250315,11,1,normal,True,train,
20250315_1_09,20250315,9,1,normal,True,train,
20250315_1_10,20250315,10,1,normal,True,train,
20250316_1_01,20250316,10,1,normal,True,train,
20250316_1_02,20250316,10,1,normal,True,train,
20250316_1_03,20250316,11,1,normal,True,train,
20250316_1_04,20250316,10,1,normal,True,train,
20250316_1_05,20250316,10,1,normal,True,train,
20250316_1_06,20250316,10,1,normal,True,train,
20250316_1_07,20250316,11,1,normal,True,train,
20250316_1_08,20250316,16,1,normal,True,train,
20250316_1_09,20250316,10,1,normal,True,train,
20250316_1_10,20250316,11,1,normal,True,train,
20250316_1_11,20250316,11,1,normal,True,train,
20250322_1_01,20250322,10,1,normal,True,train,
20250322_1_02,20250322,11,1,normal,True,train,
20250322_1_03,20250322,9,1,normal,True,train,
20250322_1_04,20250322,11,1,normal,True,train,
20250322_1_05,20250322,11,1,normal,True,train,
20250322_1_06,20250322,11,1,normal,True,train,
20250322_1_07,20250322,10,1,normal,True,train,
20250322_1_08,20250322,10,1,normal,True,train,
20250322_1_09,20250322,10,1,normal,True,train,
20250322_1_10,20250322,11,1,normal,True,train,
20250323_1_01,20250323,10,1,normal,True,train,
20250323_1_02,20250323,10,1,normal,True,train,
20250323_1_03,20250323,11,1,normal,True,train,
20250323_1_04,20250323,10,1,normal,True,train,
20250323_1_05,20250323,11,1,normal,True,train,
20250323_1_06,20250323,11,1,normal,True,train,
20250323_1_07,20250323,11,1,normal,True,train,
20250323_1_08,20250323,14,1,normal,True,train,
20250323_1_09,20250323,11,1,normal,True,train,
20250323_1_10,20250323,10,1,normal,True,train,
20250323_1_11,20250323,11,1,normal,True,train,
20250329_1_01,20250329,11,1,normal,True,train,
20250329_1_03,20250329,10,1,normal,True,train,
20250329_1_04,20250329,11,1,normal,True,train,
20250329_1_05,20250329,10,1,normal,True,train,
20250329_1_06,20250329,11,1,normal,True,train,
20250329_1_07,20250329,10,1,normal,True,train,
20250329_1_08,20250329,11,1,normal,True,train,
20250329_1_09,20250329,10,1,normal,True,train,
20250329_1_10,20250329,11,1,normal,True,train,
20250330_1_01,20250330,11,1,normal,True,train,
20250330_1_02,20250330,11,1,normal,True,train,
20250330_1_03,20250330,10,1,normal,True,train,
20250330_1_04,20250330,11,1,normal,True,train,
20250330_1_05,20250330,11,1,normal,True,train,
20250330_1_06,20250330,11,1,normal,True,train,
20250330_1_07,20250330,11,1,normal,True,train,
20250330_1_08,20250330,10,1,normal,True,train,
20250330_1_09,20250330,11,1,normal,True,train,
20250330_1_10,20250330,11,1,normal,True,train,
20250330_1_11,20250330,11,1,normal,True,train,
20250405_1_01,20250405,11,1,normal,True,train,
20250405_1_02,20250405,11,1,normal,True,train,
20250405_1_03,20250405,11,1,normal,True,train,
20250405_1_04,20250405,10,1,normal,True,train,
20250405_1_05,20250405,10,1,normal,True,train,
20250405_1_06,20250405,11,1,normal,True,train,
20250405_1_07,20250405,10,1,normal,True,train,
20250405_1_08,20250405,9,1,normal,True,train,
20250405_1_09,20250405,9,1,normal,True,train,
20250405_1_10,20250405,10,1,normal,True,train,
20250406_1_01,20250406,11,1,normal,True,train,
20250406_1_02,20250406,11,1,normal,True,train,
20250406_1_03,20250406,11,1,normal,True,train,
20250406_1_04,20250406,11,1,normal,True,train,
20250406_1_05,20250406,9,1,normal,True,train,
20250406_1_06,20250406,11,1,normal,True,train,
20250406_1_07,20250406,9,1,normal,True,train,
20250406_1_08,20250406,11,1,normal,True,train,
20250406_1_09,20250406,9,1,normal,True,train,
20250406_1_10,20250406,9,1,normal,True,train,
20250406_1_11,20250406,10,1,normal,True,train,
20250412_1_01,20250412,11,1,normal,True,train,
20250412_1_02,20250412,11,1,normal,True,train,
20250412_1_03,20250412,9,1,normal,True,train,
20250412_1_04,20250412,9,1,normal,True,train,
20250412_1_05,20250412,11,1,normal,True,train,
20250412_1_06,20250412,8,1,normal,True,train,
20250412_1_07,20250412,11,1,normal,True,train,
20250412_1_08,20250412,9,1,normal,True,train,
20250412_1_09,20250412,10,1,normal,True,train,
20250412_1_10,20250412,11,1,normal,True,train,
20250413_1_01,20250413,11,1,normal,True,train,
20250413_1_02,20250413,10,2,dead_heat,False,excluded,dead_heat
20250413_1_03,20250413,9,1,normal,True,train,
20250413_1_04,20250413,10,1,normal,True,train,
20250413_1_05,20250413,10,1,normal,True,train,
20250413_1_06,20250413,9,1,normal,True,train,
20250413_1_07,20250413,10,1,normal,True,train,
20250413_1_08,20250413,15,1,normal,True,train,
20250413_1_09,20250413,13,1,normal,True,train,
20250413_1_10,20250413,10,1,normal,True,train,
20250413_1_11,20250413,11,1,normal,True,train,
20250419_1_01,20250419,11,1,normal,True,train,
20250419_1_02,20250419,11,1,normal,True,train,
20250419_1_03,20250419,11,1,normal,True,train,
20250419_1_04,20250419,11,1,normal,True,train,
20250419_1_05,20250419,11,1,normal,True,train,
20250419_1_06,20250419,11,1,normal,True,train,
20250419_1_07,20250419,11,1,normal,True,train,
20250419_1_08,20250419,11,1,normal,True,train,
20250419_1_09,20250419,11,1,normal,True,train,
20250419_1_10,20250419,11,1,normal,True,train,
20250420_1_01,20250420,9,1,normal,True,train,
20250420_1_02,20250420,8,1,normal,True,train,
20250420_1_03,20250420,7,1,normal,True,train,
20250420_1_04,20250420,9,1,normal,True,train,
20250420_1_05,20250420,11,1,normal,True,train,
20250420_1_06,20250420,10,1,normal,True,train,
20250420_1_07,20250420,14,1,normal,True,train,
20250420_1_08,20250420,10,1,normal,True,train,
20250420_1_09,20250420,11,1,normal,True,train,
20250420_1_10,20250420,11,1,normal,True,train,
20250420_1_11,20250420,11,1,normal,True,train,
20250426_1_01,20250426,11,1,normal,True,train,
20250426_1_02,20250426,11,1,normal,True,train,
20250426_1_03,20250426,9,1,normal,True,train,
20250426_1_04,20250426,10,1,normal,True,train,
20250426_1_05,20250426,9,1,normal,True,train,
20250426_1_06,20250426,11,1,normal,True,train,
20250426_1_07,20250426,11,1,normal,True,train,
20250426_1_08,20250426,11,1,normal,True,train,
20250426_1_09,20250426,11,1,normal,True,train,
20250426_1_10,20250426,11,1,normal,True,train,
20250427_1_01,20250427,10,1,normal,True,train,
20250427_1_02,20250427,11,1,normal,True,train,
20250427_1_03,20250427,10,1,normal,True,train,
20250427_1_04,20250427,11,1,normal,True,train,
20250427_1_05,20250427,11,1,normal,True,train,
20250427_1_06,20250427,11,1,normal,True,train,
20250427_1_07,20250427,10,1,normal,True,train,
20250427_1_08,20250427,16,1,normal,True,train,
20250427_1_09,20250427,11,1,normal,True,train,
20250427_1_10,20250427,11,1,normal,True,train,
20250427_1_11,20250427,10,1,normal,True,train,
20250503_1_01,20250503,11,1,normal,True,train,
20250503_1_02,20250503,11,1,normal,True,train,
20250503_1_03,20250503,10,1,normal,True,train,
20250503_1_04,20250503,9,1,normal,True,train,
20250503_1_05,20250503,9,1,normal,True,train,
20250503_1_06,20250503,11,1,normal,True,train,
20250503_1_07,20250503,10,1,normal,True,train,
20250503_1_08,20250503,11,1,normal,True,train,
20250503_1_09,20250503,10,1,normal,True,train,
20250503_1_10,20250503,11,1,normal,True,train,
20250504_1_01,20250504,11,1,normal,True,train,
20250504_1_02,20250504,8,1,normal,True,train,
20250504_1_03,20250504,11,1,normal,True,train,
20250504_1_04,20250504,11,1,normal,True,train,
20250504_1_05,20250504,10,1,normal,True,train,
20250504_1_06,20250504,11,1,normal,True,train,
20250504_1_07,20250504,10,1,normal,True,train,
20250504_1_08,20250504,10,1,normal,True,train,
20250504_1_09,20250504,11,1,normal,True,train,
20250504_1_10,20250504,10,1,normal,True,train,
20250504_1_11,20250504,11,1,normal,True,train,
20250510_1_01,20250510,8,1,normal,True,train,
20250510_1_02,20250510,8,1,normal,True,train,
20250510_1_03,20250510,8,1,normal,True,train,
20250510_1_04,20250510,11,1,normal,True,train,
20250510_1_05,20250510,11,1,normal,True,train,
20250510_1_06,20250510,8,1,normal,True,train,
20250510_1_07,20250510,10,1,normal,True,train,
20250510_1_08,20250510,11,1,normal,True,train,
20250510_1_09,20250510,11,1,normal,True,train,
20250510_1_10,20250510,8,1,normal,True,train,
20250511_1_01,20250511,7,1,normal,True,train,
20250511_1_02,20250511,8,1,normal,True,train,
20250511_1_03,20250511,11,1,normal,True,train,
20250511_1_04,20250511,11,1,normal,True,train,
20250511_1_05,20250511,9,1,normal,True,train,
20250511_1_06,20250511,9,1,normal,True,train,
20250511_1_07,20250511,16,1,normal,True,train,
20250511_1_08,20250511,11,1,normal,True,train,
20250511_1_09,20250511,10,1,normal,True,train,
20250511_1_10,20250511,11,1,normal,True,train,
20250511_1_11,20250511,10,1,normal,True,train,
20250517_1_01,20250517,11,1,normal,True,calibration,
20250517_1_02,20250517,9,1,normal,True,calibration,
20250517_1_03,20250517,10,1,normal,True,calibration,
20250517_1_04,20250517,9,1,normal,True,calibration,
20250517_1_05,20250517,8,1,normal,True,calibration,
20250517_1_06,20250517,10,1,normal,True,calibration,
20250517_1_07,20250517,11,1,normal,True,calibration,
20250517_1_08,20250517,10,1,normal,True,calibration,
20250517_1_09,20250517,10,1,normal,True,calibration,
20250517_1_10,20250517,10,1,normal,True,calibration,
20250518_1_01,20250518,8,1,normal,True,calibration,
20250518_1_02,20250518,8,1,normal,True,calibration,
20250518_1_04,20250518,10,1,normal,True,calibration,
20250518_1_05,20250518,8,1,normal,True,calibration,
20250518_1_06,20250518,10,1,normal,True,calibration,
20250518_1_07,20250518,11,1,normal,True,calibration,
20250518_1_08,20250518,14,1,normal,True,calibration,
20250518_1_09,20250518,10,1,normal,True,calibration,
20250518_1_10,20250518,10,1,normal,True,calibration,
20250518_1_11,20250518,11,1,normal,True,calibration,
20250524_1_01,20250524,11,1,normal,True,calibration,
20250524_1_02,20250524,10,1,normal,True,calibration,
20250524_1_03,20250524,10,1,normal,True,calibration,
20250524_1_04,20250524,10,1,normal,True,calibration,
20250524_1_05,20250524,9,1,normal,True,calibration,
20250524_1_06,20250524,7,1,normal,True,calibration,
20250524_1_07,20250524,9,1,normal,True,calibration,
20250524_1_08,20250524,8,1,normal,True,calibration,
20250524_1_09,20250524,9,1,normal,True,calibration,
20250524_1_10,20250524,11,1,normal,True,calibration,
20250525_1_01,20250525,11,1,normal,True,calibration,
20250525_1_02,20250525,8,1,normal,True,calibration,
20250525_1_03,20250525,11,1,normal,True,calibration,
20250525_1_04,20250525,9,1,normal,True,calibration,
20250525_1_05,20250525,9,1,normal,True,calibration,
20250525_1_06,20250525,11,1,normal,True,calibration,
20250525_1_07,20250525,10,1,normal,True,calibration,
20250525_1_08,20250525,10,1,normal,True,calibration,
20250525_1_09,20250525,10,1,normal,True,calibration,
20250525_1_10,20250525,9,1,normal,True,calibration,
20250525_1_11,20250525,9,1,normal,True,calibration,
20250531_1_01,20250531,7,1,normal,True,calibration,
20250531_1_02,20250531,11,1,normal,True,calibration,
20250531_1_03,20250531,9,1,normal,True,calibration,
20250531_1_04,20250531,8,1,normal,True,calibration,
20250531_1_05,20250531,9,1,normal,True,calibration,
20250531_1_06,20250531,8,1,normal,True,calibration,
20250531_1_07,20250531,11,1,normal,True,calibration,
20250531_1_08,20250531,9,1,normal,True,calibration,
20250531_1_09,20250531,11,1,normal,True,calibration,
20250531_1_10,20250531,11,1,normal,True,calibration,
20250601_1_01,20250601,9,1,normal,True,calibration,
20250601_1_02,20250601,7,1,normal,True,calibration,
20250601_1_03,20250601,8,1,normal,True,calibration,
20250601_1_04,20250601,10,1,normal,True,calibration,
20250601_1_05,20250601,11,1,normal,True,calibration,
20250601_1_06,20250601,9,1,normal,True,calibration,
20250601_1_07,20250601,10,1,normal,True,calibration,
20250601_1_08,20250601,8,1,normal,True,calibration,
20250601_1_09,20250601,8,1,normal,True,calibration,
20250601_1_10,20250601,9,1,normal,True,calibration,
20250601_1_11,20250601,11,1,normal,True,calibration,
20250607_1_01,20250607,8,1,normal,True,calibration,
20250607_1_02,20250607,10,1,normal,True,calibration,
20250607_1_03,20250607,10,1,normal,True,calibration,
20250607_1_04,20250607,10,1,normal,True,calibration,
20250607_1_05,20250607,9,1,normal,True,calibration,
20250607_1_06,20250607,7,1,normal,True,calibration,
20250607_1_07,20250607,8,1,normal,True,calibration,
20250607_1_08,20250607,8,1,normal,True,calibration,
20250607_1_09,20250607,11,1,normal,True,calibration,
20250608_1_01,20250608,11,1,normal,True,calibration,
20250608_1_02,20250608,10,1,normal,True,calibration,
20250608_1_03,20250608,11,1,normal,True,calibration,
20250608_1_04,20250608,11,1,normal,True,calibration,
20250608_1_05,20250608,11,1,normal,True,calibration,
20250608_1_06,20250608,8,1,normal,True,calibration,
20250608_1_07,20250608,9,1,normal,True,calibration,
20250608_1_08,20250608,9,1,normal,True,calibration,
20250608_1_09,20250608,9,1,normal,True,calibration,
20250614_1_01,20250614,10,1,normal,True,calibration,
20250614_1_02,20250614,10,1,normal,True,calibration,
20250614_1_03,20250614,9,1,normal,True,calibration,
20250614_1_04,20250614,11,1,normal,True,calibration,
20250614_1_05,20250614,11,1,normal,True,calibration,
20250614_1_06,20250614,11,1,normal,True,calibration,
20250614_1_07,20250614,10,1,normal,True,calibration,
20250614_1_08,20250614,11,1,normal,True,calibration,
20250614_1_09,20250614,11,1,normal,True,calibration,
20250615_1_01,20250615,6,1,normal,True,calibration,
20250615_1_02,20250615,11,1,normal,True,calibration,
20250615_1_03,20250615,8,1,normal,True,calibration,
20250615_1_04,20250615,9,1,normal,True,calibration,
20250615_1_05,20250615,11,1,normal,True,calibration,
20250615_1_06,20250615,11,1,normal,True,calibration,
20250615_1_07,20250615,11,1,normal,True,calibration,
20250615_1_08,20250615,13,1,normal,True,calibration,
20250615_1_09,20250615,10,1,normal,True,calibration,
20250615_1_10,20250615,10,1,normal,True,calibration,
20250615_1_11,20250615,9,1,normal,True,calibration,
20250621_1_01,20250621,10,1,normal,True,calibration,
20250621_1_02,20250621,9,1,normal,True,calibration,
20250621_1_03,20250621,10,1,normal,True,calibration,
20250621_1_04,20250621,11,1,normal,True,calibration,
20250621_1_05,20250621,8,1,normal,True,calibration,
20250621_1_06,20250621,8,1,normal,True,calibration,
20250621_1_07,20250621,8,1,normal,True,calibration,
20250621_1_08,20250621,11,1,normal,True,calibration,
20250621_1_09,20250621,11,1,normal,True,calibration,
20250622_1_01,20250622,11,1,normal,True,calibration,
20250622_1_02,20250622,11,1,normal,True,calibration,
20250622_1_03,20250622,11,1,normal,True,calibration,
20250622_1_04,20250622,10,1,normal,True,calibration,
20250622_1_05,20250622,11,1,normal,True,calibration,
20250622_1_06,20250622,8,1,normal,True,calibration,
20250622_1_07,20250622,11,1,normal,True,calibration,
20250622_1_08,20250622,11,1,normal,True,calibration,
20250622_1_09,20250622,8,1,normal,True,calibration,
20250622_1_10,20250622,11,1,normal,True,calibration,
20250622_1_11,20250622,8,1,normal,True,calibration,
20250628_1_01,20250628,11,1,normal,True,calibration,
20250628_1_02,20250628,10,1,normal,True,calibration,
20250628_1_03,20250628,8,1,normal,True,calibration,
20250628_1_04,20250628,11,1,normal,True,calibration,
20250628_1_05,20250628,11,1,normal,True,calibration,
20250628_1_06,20250628,11,1,normal,True,calibration,
20250628_1_07,20250628,10,1,normal,True,calibration,
20250628_1_08,20250628,11,1,normal,True,calibration,
20250628_1_09,20250628,11,1,normal,True,calibration,
20250629_1_01,20250629,11,1,normal,True,calibration,
20250629_1_02,20250629,11,1,normal,True,calibration,
20250629_1_03,20250629,9,1,normal,True,calibration,
20250629_1_04,20250629,8,1,normal,True,calibration,
20250629_1_05,20250629,9,1,normal,True,calibration,
20250629_1_06,20250629,11,1,normal,True,calibration,
20250629_1_07,20250629,9,1,normal,True,calibration,
20250629_1_08,20250629,11,1,normal,True,calibration,
20250629_1_09,20250629,10,1,normal,True,calibration,
20250629_1_10,20250629,10,1,normal,True,calibration,
20250629_1_11,20250629,10,1,normal,True,calibration,
20250705_1_01,20250705,10,1,normal,True,calibration,
20250705_1_02,20250705,10,1,normal,True,calibration,
20250705_1_03,20250705,11,1,normal,True,calibration,
20250705_1_04,20250705,10,1,normal,True,calibration,
20250705_1_05,20250705,9,1,normal,True,calibration,
20250705_1_06,20250705,9,1,normal,True,calibration,
20250705_1_07,20250705,7,1,normal,True,calibration,
20250705_1_08,20250705,8,1,normal,True,calibration,
20250705_1_09,20250705,10,1,normal,True,calibration,
20250706_1_01,20250706,11,1,normal,True,calibration,
20250706_1_02,20250706,11,1,normal,True,calibration,
20250706_1_03,20250706,9,1,normal,True,calibration,
20250706_1_04,20250706,8,1,normal,True,calibration,
20250706_1_05,20250706,10,1,normal,True,calibration,
20250706_1_06,20250706,10,1,normal,True,calibration,
20250706_1_07,20250706,11,1,normal,True,calibration,
20250706_1_08,20250706,10,1,normal,True,calibration,
20250706_1_09,20250706,9,1,normal,True,calibration,
20250706_1_10,20250706,8,1,normal,True,calibration,
20250706_1_11,20250706,10,1,normal,True,calibration,
20250712_1_01,20250712,9,1,normal,True,calibration,
20250712_1_02,20250712,10,1,normal,True,calibration,
20250712_1_03,20250712,11,1,normal,True,calibration,
20250712_1_04,20250712,9,1,normal,True,calibration,
20250712_1_05,20250712,10,1,normal,True,calibration,
20250712_1_06,20250712,10,1,normal,True,calibration,
20250712_1_07,20250712,11,1,normal,True,calibration,
20250712_1_08,20250712,10,1,normal,True,calibration,
20250712_1_09,20250712,9,1,normal,True,calibration,
20250713_1_01,20250713,8,1,normal,True,calibration,
20250713_1_02,20250713,11,1,normal,True,calibration,
20250713_1_03,20250713,11,1,normal,True,calibration,
20250713_1_04,20250713,11,1,normal,True,calibration,
20250713_1_05,20250713,11,1,normal,True,calibration,
20250713_1_06,20250713,9,1,normal,True,calibration,
20250713_1_07,20250713,8,1,normal,True,calibration,
20250713_1_08,20250713,10,1,normal,True,calibration,
20250713_1_09,20250713,8,1,normal,True,calibration,
20250713_1_10,20250713,9,1,normal,True,calibration,
20250713_1_11,20250713,11,1,normal,True,calibration,
20250719_1_01,20250719,10,1,normal,True,calibration,
20250719_1_02,20250719,11,1,normal,True,calibration,
20250719_1_03,20250719,11,1,normal,True,calibration,
20250719_1_04,20250719,9,1,normal,True,calibration,
20250719_1_05,20250719,11,1,normal,True,calibration,
20250719_1_06,20250719,9,1,normal,True,calibration,
20250719_1_07,20250719,10,1,normal,True,calibration,
20250719_1_08,20250719,10,1,normal,True,calibration,
20250719_1_09,20250719,9,1,normal,True,calibration,
20250720_1_01,20250720,12,1,normal,True,calibration,
20250720_1_02,20250720,10,1,normal,True,calibration,
20250720_1_03,20250720,8,1,normal,True,calibration,
20250720_1_04,20250720,11,1,normal,True,calibration,
20250720_1_05,20250720,9,1,normal,True,calibration,
20250720_1_06,20250720,8,1,normal,True,calibration,
20250720_1_07,20250720,9,1,normal,True,calibration,
20250720_1_08,20250720,10,1,normal,True,calibration,
20250720_1_09,20250720,11,1,normal,True,calibration,
20250720_1_10,20250720,11,1,normal,True,calibration,
20250720_1_11,20250720,11,1,normal,True,calibration,
20250726_1_01,20250726,11,1,normal,True,calibration,
20250726_1_02,20250726,8,1,normal,True,calibration,
20250726_1_03,20250726,10,1,normal,True,calibration,
20250726_1_04,20250726,11,1,normal,True,calibration,
20250726_1_05,20250726,11,1,normal,True,calibration,
20250726_1_06,20250726,11,1,normal,True,calibration,
20250726_1_07,20250726,10,1,normal,True,calibration,
20250726_1_08,20250726,11,1,normal,True,calibration,
20250726_1_09,20250726,8,1,normal,True,calibration,
20250727_1_01,20250727,11,1,normal,True,calibration,
20250727_1_02,20250727,11,1,normal,True,calibration,
20250727_1_03,20250727,8,1,normal,True,calibration,
20250727_1_04,20250727,10,1,normal,True,calibration,
20250727_1_05,20250727,9,1,normal,True,calibration,
20250727_1_06,20250727,8,1,normal,True,calibration,
20250727_1_08,20250727,11,1,normal,True,calibration,
20250727_1_09,20250727,11,1,normal,True,calibration,
20250727_1_10,20250727,11,1,normal,True,calibration,
20250727_1_11,20250727,9,1,normal,True,calibration,
20250727_1_12,20250727,10,1,normal,True,calibration,
20250727_1_13,20250727,10,1,normal,True,calibration,
20250727_1_14,20250727,11,1,normal,True,calibration,
20250802_1_01,20250802,11,1,normal,True,calibration,
20250802_1_02,20250802,11,1,normal,True,calibration,
20250802_1_03,20250802,11,1,normal,True,calibration,
20250802_1_04,20250802,9,1,normal,True,calibration,
20250802_1_05,20250802,9,1,normal,True,calibration,
20250802_1_06,20250802,9,1,normal,True,calibration,
20250802_1_07,20250802,9,1,normal,True,calibration,
20250802_1_08,20250802,10,1,normal,True,calibration,
20250802_1_09,20250802,9,1,normal,True,calibration,
20250803_1_01,20250803,12,1,normal,True,calibration,
20250803_1_02,20250803,11,1,normal,True,calibration,
20250803_1_03,20250803,11,1,normal,True,calibration,
20250803_1_04,20250803,9,1,normal,True,calibration,
20250803_1_05,20250803,8,1,normal,True,calibration,
20250803_1_06,20250803,8,1,normal,True,calibration,
20250803_1_07,20250803,8,1,normal,True,calibration,
20250803_1_08,20250803,9,1,normal,True,calibration,
20250803_1_09,20250803,11,1,normal,True,calibration,
20250803_1_10,20250803,11,1,normal,True,calibration,
20250803_1_11,20250803,11,1,normal,True,calibration,
20250803_1_12,20250803,11,1,normal,True,calibration,
20250803_1_13,20250803,10,1,normal,True,calibration,
20250803_1_14,20250803,10,1,normal,True,calibration,
20250816_1_01,20250816,11,1,normal,True,calibration,
20250816_1_02,20250816,10,1,normal,True,calibration,
20250816_1_03,20250816,11,1,normal,True,calibration,
20250816_1_04,20250816,11,1,normal,True,calibration,
20250816_1_05,20250816,11,1,normal,True,calibration,
20250816_1_06,20250816,11,1,normal,True,calibration,
20250816_1_07,20250816,8,1,normal,True,calibration,
20250816_1_08,20250816,10,1,normal,True,calibration,
20250816_1_09,20250816,8,1,normal,True,calibration,
20250817_1_01,20250817,11,1,normal,True,calibration,
20250817_1_02,20250817,11,1,normal,True,calibration,
20250817_1_03,20250817,11,1,normal,True,calibration,
20250817_1_04,20250817,10,1,normal,True,calibration,
20250817_1_05,20250817,11,1,normal,True,calibration,
20250817_1_06,20250817,11,1,normal,True,calibration,
20250817_1_07,20250817,11,1,normal,True,calibration,
20250817_1_08,20250817,10,1,normal,True,calibration,
20250817_1_09,20250817,10,1,normal,True,calibration,
20250817_1_10,20250817,11,1,normal,True,calibration,
20250817_1_11,20250817,10,1,normal,True,calibration,
20250823_1_01,20250823,10,1,normal,True,calibration,
20250823_1_02,20250823,11,1,normal,True,calibration,
20250823_1_03,20250823,11,1,normal,True,calibration,
20250823_1_04,20250823,11,1,normal,True,calibration,
20250823_1_05,20250823,11,1,normal,True,calibration,
20250823_1_07,20250823,11,1,normal,True,calibration,
20250823_1_08,20250823,10,1,normal,True,calibration,
20250823_1_09,20250823,11,1,normal,True,calibration,
20250823_1_10,20250823,11,1,normal,True,calibration,
20250824_1_01,20250824,12,1,normal,True,calibration,
20250824_1_02,20250824,10,1,normal,True,calibration,
20250824_1_03,20250824,11,1,normal,True,calibration,
20250824_1_04,20250824,10,1,normal,True,calibration,
20250824_1_05,20250824,11,1,normal,True,calibration,
20250824_1_06,20250824,10,1,normal,True,calibration,
20250824_1_07,20250824,9,1,normal,True,calibration,
20250824_1_08,20250824,9,1,normal,True,calibration,
20250824_1_09,20250824,11,1,normal,True,calibration,
20250824_1_10,20250824,11,1,normal,True,calibration,
20250824_1_11,20250824,7,1,normal,True,calibration,
20250830_1_01,20250830,8,1,normal,True,calibration,
20250830_1_02,20250830,10,1,normal,True,calibration,
20250830_1_03,20250830,12,1,normal,True,calibration,
20250830_1_04,20250830,10,1,normal,True,calibration,
20250830_1_05,20250830,11,1,normal,True,calibration,
20250830_1_06,20250830,11,1,normal,True,calibration,
20250830_1_07,20250830,10,1,normal,True,calibration,
20250830_1_08,20250830,10,1,normal,True,calibration,
20250830_1_09,20250830,10,1,normal,True,calibration,
20250830_1_10,20250830,11,1,normal,True,calibration,
20250831_1_01,20250831,11,1,normal,True,calibration,
20250831_1_02,20250831,11,1,normal,True,calibration,
20250831_1_03,20250831,11,1,normal,True,calibration,
20250831_1_04,20250831,11,1,normal,True,calibration,
20250831_1_05,20250831,11,1,normal,True,calibration,
20250831_1_06,20250831,11,1,normal,True,calibration,
20250831_1_07,20250831,11,1,normal,True,calibration,
20250831_1_08,20250831,11,1,normal,True,calibration,
20250831_1_09,20250831,10,1,normal,True,calibration,
20250831_1_10,20250831,10,1,normal,True,calibration,
20250831_1_11,20250831,9,1,normal,True,calibration,
20250906_1_01,20250906,10,1,normal,True,calibration,
20250906_1_02,20250906,11,1,normal,True,calibration,
20250906_1_03,20250906,11,1,normal,True,calibration,
20250906_1_04,20250906,12,1,normal,True,calibration,
20250906_1_05,20250906,8,1,normal,True,calibration,
20250906_1_06,20250906,11,1,normal,True,calibration,
20250906_1_07,20250906,6,1,normal,True,calibration,
20250906_1_08,20250906,9,1,normal,True,calibration,
20250906_1_09,20250906,10,1,normal,True,calibration,
20250906_1_10,20250906,10,1,normal,True,calibration,
20250906_1_11,20250906,11,1,normal,True,calibration,
20250907_1_01,20250907,11,1,normal,True,calibration,
20250907_1_02,20250907,11,1,normal,True,calibration,
20250907_1_03,20250907,10,1,normal,True,calibration,
20250907_1_04,20250907,10,1,normal,True,calibration,
20250907_1_05,20250907,10,1,normal,True,calibration,
20250907_1_06,20250907,11,1,normal,True,calibration,
20250907_1_07,20250907,13,1,normal,True,calibration,
20250907_1_08,20250907,11,1,normal,True,calibration,
20250907_1_09,20250907,11,1,normal,True,calibration,
20250907_1_10,20250907,9,1,normal,True,calibration,
20250913_1_01,20250913,10,1,normal,True,calibration,
20250913_1_02,20250913,8,1,normal,True,calibration,
20250913_1_03,20250913,8,1,normal,True,calibration,
20250913_1_04,20250913,10,1,normal,True,calibration,
20250913_1_05,20250913,10,1,normal,True,calibration,
20250913_1_06,20250913,10,1,normal,True,calibration,
20250913_1_07,20250913,9,1,normal,True,calibration,
20250913_1_08,20250913,11,1,normal,True,calibration,
20250913_1_09,20250913,8,1,normal,True,calibration,
20250913_1_10,20250913,8,1,normal,True,calibration,
20250914_1_01,20250914,11,1,normal,True,calibration,
20250914_1_02,20250914,8,1,normal,True,calibration,
20250914_1_03,20250914,9,1,normal,True,calibration,
20250914_1_04,20250914,9,1,normal,True,calibration,
20250914_1_05,20250914,9,1,normal,True,calibration,
20250914_1_06,20250914,8,1,normal,True,calibration,
20250914_1_07,20250914,8,1,normal,True,calibration,
20250914_1_08,20250914,13,1,normal,True,calibration,
20250914_1_09,20250914,10,1,normal,True,calibration,
20250914_1_10,20250914,10,1,normal,True,calibration,
20250914_1_11,20250914,11,1,normal,True,calibration,
20250920_1_01,20250920,11,1,normal,True,calibration,
20250920_1_02,20250920,11,1,normal,True,calibration,
20250920_1_03,20250920,11,1,normal,True,calibration,
20250920_1_04,20250920,11,1,normal,True,calibration,
20250920_1_05,20250920,11,1,normal,True,calibration,
20250920_1_06,20250920,11,1,normal,True,calibration,
20250920_1_07,20250920,11,1,normal,True,calibration,
20250920_1_08,20250920,11,1,normal,True,calibration,
20250920_1_09,20250920,11,1,normal,True,calibration,
20250920_1_10,20250920,11,1,normal,True,calibration,
20250921_1_01,20250921,12,1,normal,True,calibration,
20250921_1_02,20250921,8,1,normal,True,calibration,
20250921_1_03,20250921,10,1,normal,True,calibration,
20250921_1_04,20250921,11,1,normal,True,calibration,
20250921_1_05,20250921,10,1,normal,True,calibration,
20250921_1_06,20250921,9,1,normal,True,calibration,
20250921_1_07,20250921,11,1,normal,True,calibration,
20250921_1_08,20250921,14,1,normal,True,calibration,
20250921_1_09,20250921,10,1,normal,True,calibration,
20250921_1_10,20250921,10,1,normal,True,calibration,
20250921_1_11,20250921,10,1,normal,True,calibration,
20250927_1_01,20250927,12,1,normal,True,calibration,
20250927_1_02,20250927,10,1,normal,True,calibration,
20250927_1_03,20250927,10,1,normal,True,calibration,
20250927_1_04,20250927,11,1,normal,True,calibration,
20250927_1_05,20250927,10,1,normal,True,calibration,
20250927_1_06,20250927,11,1,normal,True,calibration,
20250927_1_07,20250927,11,1,normal,True,calibration,
20250927_1_08,20250927,11,1,normal,True,calibration,
20250927_1_09,20250927,10,1,normal,True,calibration,
20250927_1_10,20250927,10,1,normal,True,calibration,
20250928_1_01,20250928,12,1,normal,True,calibration,
20250928_1_02,20250928,11,1,normal,True,calibration,
20250928_1_03,20250928,10,1,normal,True,calibration,
20250928_1_04,20250928,10,1,normal,True,calibration,
20250928_1_05,20250928,11,1,normal,True,calibration,
20250928_1_06,20250928,9,1,normal,True,calibration,
20250928_1_07,20250928,11,1,normal,True,calibration,
20250928_1_08,20250928,12,1,normal,True,calibration,
20250928_1_09,20250928,10,1,normal,True,calibration,
20250928_1_10,20250928,11,1,normal,True,calibration,
20250928_1_11,20250928,8,1,normal,True,calibration,
20251003_1_01,20251003,12,1,normal,True,calibration,
20251003_1_02,20251003,10,1,normal,True,calibration,
20251003_1_03,20251003,10,1,normal,True,calibration,
20251003_1_04,20251003,11,1,normal,True,calibration,
20251003_1_05,20251003,11,1,normal,True,calibration,
20251003_1_06,20251003,11,1,normal,True,calibration,
20251003_1_07,20251003,11,1,normal,True,calibration,
20251003_1_08,20251003,11,1,normal,True,calibration,
20251003_1_09,20251003,11,1,normal,True,calibration,
20251003_1_10,20251003,9,1,normal,True,calibration,
20251003_1_11,20251003,11,1,normal,True,calibration,
20251004_1_01,20251004,9,1,normal,True,calibration,
20251004_1_02,20251004,11,1,normal,True,calibration,
20251004_1_03,20251004,11,1,normal,True,calibration,
20251004_1_04,20251004,10,1,normal,True,calibration,
20251004_1_05,20251004,11,1,normal,True,calibration,
20251004_1_06,20251004,11,1,normal,True,calibration,
20251004_1_07,20251004,11,1,normal,True,calibration,
20251004_1_08,20251004,11,1,normal,True,calibration,
20251004_1_09,20251004,10,1,normal,True,calibration,
20251004_1_10,20251004,10,1,normal,True,calibration,
20251004_1_11,20251004,11,1,normal,True,calibration,
20251018_1_01,20251018,12,1,normal,True,calibration,
20251018_1_02,20251018,10,1,normal,True,calibration,
20251018_1_03,20251018,11,1,normal,True,calibration,
20251018_1_04,20251018,11,1,normal,True,calibration,
20251018_1_05,20251018,11,1,normal,True,calibration,
20251018_1_06,20251018,11,1,normal,True,calibration,
20251018_1_07,20251018,9,1,normal,True,calibration,
20251018_1_08,20251018,11,1,normal,True,calibration,
20251018_1_09,20251018,11,1,normal,True,calibration,
20251018_1_10,20251018,11,1,normal,True,calibration,
20251018_1_11,20251018,9,1,normal,True,calibration,
20251019_1_01,20251019,12,1,normal,True,calibration,
20251019_1_02,20251019,11,1,normal,True,calibration,
20251019_1_03,20251019,11,1,normal,True,calibration,
20251019_1_04,20251019,10,1,normal,True,calibration,
20251019_1_05,20251019,11,1,normal,True,calibration,
20251019_1_06,20251019,11,1,normal,True,calibration,
20251019_1_07,20251019,12,1,normal,True,calibration,
20251019_1_08,20251019,13,1,normal,True,calibration,
20251019_1_09,20251019,11,1,normal,True,calibration,
20251019_1_10,20251019,11,1,normal,True,calibration,
20251019_1_11,20251019,11,1,normal,True,calibration,
20251025_1_01,20251025,12,1,normal,True,calibration,
20251025_1_02,20251025,11,1,normal,True,calibration,
20251025_1_03,20251025,11,1,normal,True,calibration,
20251025_1_04,20251025,11,1,normal,True,calibration,
20251025_1_05,20251025,11,1,normal,True,calibration,
20251025_1_06,20251025,11,1,normal,True,calibration,
20251025_1_07,20251025,10,1,normal,True,calibration,
20251025_1_08,20251025,11,1,normal,True,calibration,
20251025_1_09,20251025,11,1,normal,True,calibration,
20251025_1_10,20251025,11,1,normal,True,calibration,
20251025_1_11,20251025,11,1,normal,True,calibration,
20251026_1_01,20251026,11,1,normal,True,calibration,
20251026_1_02,20251026,10,1,normal,True,calibration,
20251026_1_03,20251026,9,1,normal,True,calibration,
20251026_1_04,20251026,11,1,normal,True,calibration,
20251026_1_05,20251026,11,1,normal,True,calibration,
20251026_1_06,20251026,11,1,normal,True,calibration,
20251026_1_07,20251026,11,1,normal,True,calibration,
20251026_1_08,20251026,11,1,normal,True,calibration,
20251026_1_09,20251026,11,1,normal,True,calibration,
20251026_1_10,20251026,10,1,normal,True,calibration,
20251026_1_11,20251026,8,1,normal,True,calibration,
20251101_1_01,20251101,12,1,normal,True,calibration,
20251101_1_02,20251101,10,1,normal,True,calibration,
20251101_1_03,20251101,11,1,normal,True,calibration,
20251101_1_04,20251101,11,1,normal,True,calibration,
20251101_1_05,20251101,11,1,normal,True,calibration,
20251101_1_06,20251101,11,1,normal,True,calibration,
20251101_1_07,20251101,11,1,normal,True,calibration,
20251101_1_08,20251101,10,1,normal,True,calibration,
20251101_1_09,20251101,11,1,normal,True,calibration,
20251101_1_10,20251101,11,1,normal,True,calibration,
20251101_1_11,20251101,11,1,normal,True,calibration,
20251102_1_01,20251102,12,1,normal,True,calibration,
20251102_1_02,20251102,11,1,normal,True,calibration,
20251102_1_03,20251102,10,1,normal,True,calibration,
20251102_1_04,20251102,11,1,normal,True,calibration,
20251102_1_05,20251102,11,1,normal,True,calibration,
20251102_1_06,20251102,11,1,normal,True,calibration,
20251102_1_07,20251102,10,1,normal,True,calibration,
20251102_1_08,20251102,11,1,normal,True,calibration,
20251102_1_09,20251102,10,1,normal,True,calibration,
20251102_1_10,20251102,11,1,normal,True,calibration,
20251102_1_11,20251102,11,1,normal,True,calibration,
20251108_1_01,20251108,11,1,normal,True,calibration,
20251108_1_02,20251108,9,1,normal,True,calibration,
20251108_1_03,20251108,8,1,normal,True,calibration,
20251108_1_04,20251108,11,1,normal,True,calibration,
20251108_1_05,20251108,11,1,normal,True,calibration,
20251108_1_06,20251108,11,1,normal,True,calibration,
20251108_1_07,20251108,11,1,normal,True,calibration,
20251108_1_08,20251108,11,1,normal,True,calibration,
20251108_1_09,20251108,11,1,normal,True,calibration,
20251108_1_10,20251108,11,1,normal,True,calibration,
20251108_1_11,20251108,11,1,normal,True,calibration,
20251109_1_01,20251109,12,1,normal,True,calibration,
20251109_1_02,20251109,11,1,normal,True,calibration,
20251109_1_03,20251109,9,1,normal,True,calibration,
20251109_1_04,20251109,9,1,normal,True,calibration,
20251109_1_05,20251109,11,1,normal,True,calibration,
20251109_1_06,20251109,11,1,normal,True,calibration,
20251109_1_07,20251109,11,1,normal,True,calibration,
20251109_1_08,20251109,10,1,normal,True,calibration,
20251109_1_09,20251109,11,1,normal,True,calibration,
20251109_1_10,20251109,11,1,normal,True,calibration,
20251109_1_11,20251109,8,1,normal,True,calibration,
20251115_1_01,20251115,9,1,normal,True,calibration,
20251115_1_02,20251115,11,1,normal,True,calibration,
20251115_1_03,20251115,8,1,normal,True,calibration,
20251115_1_04,20251115,8,1,normal,True,calibration,
20251115_1_05,20251115,11,1,normal,True,calibration,
20251115_1_06,20251115,11,1,normal,True,calibration,
20251115_1_07,20251115,10,1,normal,True,calibration,
20251115_1_08,20251115,11,1,normal,True,calibration,
20251115_1_09,20251115,11,1,normal,True,calibration,
20251115_1_10,20251115,11,1,normal,True,calibration,
20251115_1_11,20251115,10,1,normal,True,calibration,
20251116_1_01,20251116,11,1,normal,True,calibration,
20251116_1_02,20251116,11,1,normal,True,calibration,
20251116_1_03,20251116,11,1,normal,True,calibration,
20251116_1_04,20251116,11,1,normal,True,calibration,
20251116_1_05,20251116,11,1,normal,True,calibration,
20251116_1_06,20251116,11,1,normal,True,calibration,
20251116_1_07,20251116,10,1,normal,True,calibration,
20251116_1_08,20251116,11,1,normal,True,calibration,
20251116_1_09,20251116,10,1,normal,True,calibration,
20251116_1_10,20251116,10,1,normal,True,calibration,
20251116_1_11,20251116,7,1,normal,True,calibration,
20251122_1_01,20251122,12,1,normal,True,calibration,
20251122_1_02,20251122,11,1,normal,True,calibration,
20251122_1_03,20251122,12,1,normal,True,calibration,
20251122_1_04,20251122,10,1,normal,True,calibration,
20251122_1_05,20251122,11,1,normal,True,calibration,
20251122_1_06,20251122,10,1,normal,True,calibration,
20251122_1_07,20251122,10,1,normal,True,calibration,
20251122_1_08,20251122,10,1,normal,True,calibration,
20251122_1_09,20251122,11,1,normal,True,calibration,
20251122_1_10,20251122,10,1,normal,True,calibration,
20251122_1_11,20251122,11,1,normal,True,calibration,
20251123_1_01,20251123,12,1,normal,True,calibration,
20251123_1_02,20251123,11,1,normal,True,calibration,
20251123_1_03,20251123,9,1,normal,True,calibration,
20251123_1_04,20251123,11,1,normal,True,calibration,
20251123_1_05,20251123,11,1,normal,True,calibration,
20251123_1_06,20251123,10,1,normal,True,calibration,
20251123_1_07,20251123,11,1,normal,True,calibration,
20251123_1_08,20251123,11,1,normal,True,calibration,
20251123_1_09,20251123,10,1,normal,True,calibration,
20251123_1_10,20251123,11,1,normal,True,calibration,
20251123_1_11,20251123,9,1,normal,True,calibration,
20251129_1_01,20251129,12,1,normal,True,calibration,
20251129_1_02,20251129,11,1,normal,True,calibration,
20251129_1_03,20251129,11,1,normal,True,calibration,
20251129_1_04,20251129,11,1,normal,True,calibration,
20251129_1_05,20251129,11,1,normal,True,calibration,
20251129_1_06,20251129,11,1,normal,True,calibration,
20251129_1_07,20251129,11,1,normal,True,calibration,
20251129_1_08,20251129,10,1,normal,True,calibration,
20251129_1_09,20251129,11,1,normal,True,calibration,
20251129_1_10,20251129,11,1,normal,True,calibration,
20251129_1_11,20251129,10,1,normal,True,calibration,
20251130_1_01,20251130,9,1,normal,True,calibration,
20251130_1_02,20251130,11,1,normal,True,calibration,
20251130_1_03,20251130,11,1,normal,True,calibration,
20251130_1_04,20251130,11,1,normal,True,calibration,
20251130_1_05,20251130,11,1,normal,True,calibration,
20251130_1_06,20251130,11,1,normal,True,calibration,
20251130_1_07,20251130,13,1,normal,True,calibration,
20251130_1_08,20251130,16,1,normal,True,calibration,
20251130_1_09,20251130,10,1,normal,True,calibration,
20251130_1_10,20251130,11,1,normal,True,calibration,
20251130_1_11,20251130,11,1,normal,True,calibration,
20251206_1_01,20251206,7,1,normal,True,calibration,
20251206_1_02,20251206,9,2,dead_heat,False,excluded,dead_heat
20251206_1_03,20251206,11,1,normal,True,calibration,
20251206_1_04,20251206,11,1,normal,True,calibration,
20251206_1_05,20251206,11,1,normal,True,calibration,
20251206_1_06,20251206,11,1,normal,True,calibration,
20251206_1_07,20251206,11,1,normal,True,calibration,
20251206_1_08,20251206,11,1,normal,True,calibration,
20251206_1_09,20251206,11,1,normal,True,calibration,
20251206_1_10,20251206,11,1,normal,True,calibration,
20251206_1_11,20251206,11,1,normal,True,calibration,
20251207_1_01,20251207,12,1,normal,True,calibration,
20251207_1_02,20251207,11,1,normal,True,calibration,
20251207_1_03,20251207,10,1,normal,True,calibration,
20251207_1_04,20251207,11,1,normal,True,calibration,
20251207_1_05,20251207,9,1,normal,True,calibration,
20251207_1_06,20251207,11,1,normal,True,calibration,
20251207_1_07,20251207,11,1,normal,True,calibration,
20251207_1_08,20251207,11,1,normal,True,calibration,
20251207_1_09,20251207,11,1,normal,True,calibration,
20251207_1_10,20251207,9,1,normal,True,calibration,
20251207_1_11,20251207,10,1,normal,True,calibration,
20251213_1_01,20251213,12,1,normal,True,calibration,
20251213_1_02,20251213,9,1,normal,True,calibration,
20251213_1_03,20251213,10,1,normal,True,calibration,
20251213_1_04,20251213,11,1,normal,True,calibration,
20251213_1_05,20251213,11,1,normal,True,calibration,
20251213_1_06,20251213,11,1,normal,True,calibration,
20251213_1_07,20251213,10,1,normal,True,calibration,
20251213_1_08,20251213,8,1,normal,True,calibration,
20251213_1_09,20251213,10,1,normal,True,calibration,
20251213_1_10,20251213,11,1,normal,True,calibration,
20251213_1_11,20251213,11,1,normal,True,calibration,
20251214_1_01,20251214,9,1,normal,True,calibration,
20251214_1_02,20251214,11,1,normal,True,calibration,
20251214_1_03,20251214,11,1,normal,True,calibration,
20251214_1_04,20251214,7,1,normal,True,calibration,
20251214_1_05,20251214,11,1,normal,True,calibration,
20251214_1_07,20251214,11,1,normal,True,calibration,
20251214_1_08,20251214,11,1,normal,True,calibration,
20251214_1_09,20251214,11,1,normal,True,calibration,
20251214_1_10,20251214,11,1,normal,True,calibration,
20251214_1_11,20251214,10,1,normal,True,calibration,
20251220_1_01,20251220,12,1,normal,True,calibration,
20251220_1_02,20251220,10,1,normal,True,calibration,
20251220_1_03,20251220,11,1,normal,True,calibration,
20251220_1_04,20251220,11,1,normal,True,calibration,
20251220_1_05,20251220,11,1,normal,True,calibration,
20251220_1_06,20251220,11,1,normal,True,calibration,
20251220_1_07,20251220,11,1,normal,True,calibration,
20251220_1_08,20251220,11,1,normal,True,calibration,
20251220_1_09,20251220,11,1,normal,True,calibration,
20251220_1_10,20251220,11,1,normal,True,calibration,
20251220_1_11,20251220,10,1,normal,True,calibration,
20251221_1_01,20251221,12,1,normal,True,calibration,
20251221_1_02,20251221,12,1,normal,True,calibration,
20251221_1_03,20251221,11,1,normal,True,calibration,
20251221_1_04,20251221,11,1,normal,True,calibration,
20251221_1_05,20251221,10,1,normal,True,calibration,
20251221_1_06,20251221,11,1,normal,True,calibration,
20251221_1_07,20251221,11,1,normal,True,calibration,
20251221_1_08,20251221,11,1,normal,True,calibration,
20251221_1_09,20251221,11,1,normal,True,calibration,
20251221_1_10,20251221,11,1,normal,True,calibration,
20251221_1_11,20251221,11,1,normal,True,calibration,
20251227_1_01,20251227,12,1,normal,True,calibration,
20251227_1_02,20251227,11,1,normal,True,calibration,
20251227_1_03,20251227,11,1,normal,True,calibration,
20251227_1_04,20251227,10,1,normal,True,calibration,
20251227_1_05,20251227,11,1,normal,True,calibration,
20251227_1_06,20251227,10,1,normal,True,calibration,
20251227_1_07,20251227,11,1,normal,True,calibration,
20251227_1_08,20251227,11,1,normal,True,calibration,
20251227_1_09,20251227,11,1,normal,True,calibration,
20251227_1_10,20251227,11,1,normal,True,calibration,
20251227_1_11,20251227,11,1,normal,True,calibration,
20251228_1_01,20251228,10,1,normal,True,test,
20251228_1_02,20251228,11,1,normal,True,test,
20251228_1_03,20251228,10,1,normal,True,test,
20251228_1_04,20251228,11,1,normal,True,test,
20251228_1_05,20251228,11,1,normal,True,test,
20251228_1_06,20251228,10,1,normal,True,test,
20251228_1_07,20251228,11,1,normal,True,test,
20251228_1_08,20251228,10,1,normal,True,test,
20251228_1_09,20251228,11,1,normal,True,test,
20251228_1_10,20251228,11,1,normal,True,test,
20251228_1_11,20251228,11,1,normal,True,test,
20260103_1_01,20260103,9,1,normal,True,test,
20260103_1_02,20260103,11,1,normal,True,test,
20260103_1_03,20260103,11,1,normal,True,test,
20260103_1_04,20260103,11,1,normal,True,test,
20260103_1_05,20260103,11,1,normal,True,test,
20260103_1_06,20260103,11,1,normal,True,test,
20260103_1_07,20260103,10,1,normal,True,test,
20260103_1_08,20260103,9,1,normal,True,test,
20260103_1_09,20260103,11,1,normal,True,test,
20260103_1_10,20260103,10,1,normal,True,test,
20260103_1_11,20260103,11,1,normal,True,test,
20260104_1_01,20260104,11,1,normal,True,test,
20260104_1_02,20260104,10,1,normal,True,test,
20260104_1_03,20260104,11,1,normal,True,test,
20260104_1_04,20260104,11,1,normal,True,test,
20260104_1_05,20260104,11,1,normal,True,test,
20260104_1_06,20260104,11,1,normal,True,test,
20260104_1_07,20260104,10,1,normal,True,test,
20260104_1_08,20260104,10,1,normal,True,test,
20260104_1_09,20260104,11,1,normal,True,test,
20260104_1_10,20260104,11,1,normal,True,test,
20260110_1_01,20260110,9,1,normal,True,test,
20260110_1_02,20260110,10,1,normal,True,test,
20260110_1_03,20260110,11,1,normal,True,test,
20260110_1_04,20260110,11,1,normal,True,test,
20260110_1_05,20260110,10,1,normal,True,test,
20260110_1_06,20260110,11,1,normal,True,test,
20260110_1_07,20260110,11,1,normal,True,test,
20260110_1_08,20260110,9,1,normal,True,test,
20260110_1_09,20260110,11,1,normal,True,test,
20260110_1_10,20260110,10,1,normal,True,test,
20260110_1_11,20260110,8,1,normal,True,test,
20260111_1_01,20260111,11,1,normal,True,test,
20260111_1_02,20260111,11,1,normal,True,test,
20260111_1_03,20260111,11,1,normal,True,test,
20260111_1_04,20260111,11,1,normal,True,test,
20260111_1_05,20260111,11,1,normal,True,test,
20260111_1_06,20260111,11,1,normal,True,test,
20260111_1_07,20260111,11,1,normal,True,test,
20260111_1_08,20260111,10,1,normal,True,test,
20260111_1_09,20260111,10,1,normal,True,test,
20260111_1_10,20260111,9,1,normal,True,test,
20260117_1_01,20260117,12,1,normal,True,test,
20260117_1_02,20260117,11,1,normal,True,test,
20260117_1_03,20260117,11,1,normal,True,test,
20260117_1_04,20260117,11,1,normal,True,test,
20260117_1_05,20260117,11,1,normal,True,test,
20260117_1_06,20260117,11,1,normal,True,test,
20260117_1_07,20260117,11,1,normal,True,test,
20260117_1_08,20260117,10,1,normal,True,test,
20260117_1_09,20260117,11,1,normal,True,test,
20260117_1_10,20260117,10,1,normal,True,test,
20260117_1_11,20260117,11,1,normal,True,test,
20260118_1_01,20260118,10,1,normal,True,test,
20260118_1_02,20260118,10,1,normal,True,test,
20260118_1_03,20260118,8,1,normal,True,test,
20260118_1_04,20260118,11,1,normal,True,test,
20260118_1_05,20260118,10,1,normal,True,test,
20260118_1_06,20260118,11,1,normal,True,test,
20260118_1_07,20260118,11,1,normal,True,test,
20260118_1_08,20260118,10,1,normal,True,test,
20260118_1_09,20260118,11,1,normal,True,test,
20260118_1_10,20260118,11,1,normal,True,test,
20260124_1_01,20260124,12,1,normal,True,test,
20260124_1_02,20260124,11,1,normal,True,test,
20260124_1_03,20260124,11,1,normal,True,test,
20260124_1_04,20260124,9,1,normal,True,test,
20260124_1_05,20260124,11,1,normal,True,test,
20260124_1_06,20260124,11,1,normal,True,test,
20260124_1_07,20260124,11,1,normal,True,test,
20260124_1_08,20260124,11,1,normal,True,test,
20260124_1_10,20260124,11,1,normal,True,test,
20260124_1_11,20260124,10,1,normal,True,test,
20260125_1_01,20260125,11,1,normal,True,test,
20260125_1_02,20260125,11,1,normal,True,test,
20260125_1_03,20260125,11,1,normal,True,test,
20260125_1_04,20260125,11,1,normal,True,test,
20260125_1_05,20260125,10,1,normal,True,test,
20260125_1_06,20260125,11,1,normal,True,test,
20260125_1_07,20260125,10,1,normal,True,test,
20260125_1_08,20260125,10,1,normal,True,test,
20260125_1_09,20260125,10,1,normal,True,test,
20260125_1_10,20260125,10,1,normal,True,test,
20260131_1_01,20260131,11,1,normal,True,test,
20260131_1_02,20260131,10,1,normal,True,test,
20260131_1_03,20260131,10,1,normal,True,test,
20260131_1_04,20260131,11,1,normal,True,test,
20260131_1_05,20260131,11,1,normal,True,test,
20260131_1_06,20260131,11,1,normal,True,test,
20260131_1_07,20260131,11,1,normal,True,test,
20260131_1_08,20260131,11,1,normal,True,test,
20260131_1_09,20260131,11,1,normal,True,test,
20260131_1_10,20260131,11,1,normal,True,test,
20260131_1_11,20260131,11,1,normal,True,test,
20260201_1_01,20260201,11,1,normal,True,test,
20260201_1_02,20260201,11,1,normal,True,test,
20260201_1_03,20260201,11,1,normal,True,test,
20260201_1_04,20260201,11,1,normal,True,test,
20260201_1_05,20260201,10,1,normal,True,test,
20260201_1_06,20260201,11,1,normal,True,test,
20260201_1_07,20260201,10,1,normal,True,test,
20260201_1_08,20260201,11,1,normal,True,test,
20260201_1_09,20260201,10,1,normal,True,test,
20260201_1_10,20260201,10,1,normal,True,test,
20260207_1_01,20260207,12,1,normal,True,test,
20260207_1_02,20260207,11,1,normal,True,test,
20260207_1_03,20260207,11,1,normal,True,test,
20260207_1_04,20260207,11,1,normal,True,test,
20260207_1_05,20260207,11,1,normal,True,test,
20260207_1_06,20260207,11,1,normal,True,test,
20260207_1_07,20260207,11,1,normal,True,test,
20260207_1_08,20260207,11,1,normal,True,test,
20260207_1_09,20260207,11,1,normal,True,test,
20260207_1_10,20260207,10,1,normal,True,test,
20260207_1_11,20260207,11,1,normal,True,test,
20260208_1_01,20260208,11,1,normal,True,test,
20260208_1_02,20260208,11,1,normal,True,test,
20260208_1_03,20260208,11,1,normal,True,test,
20260208_1_04,20260208,11,1,normal,True,test,
20260208_1_05,20260208,11,1,normal,True,test,
20260208_1_06,20260208,11,1,normal,True,test,
20260208_1_07,20260208,10,1,normal,True,test,
20260208_1_08,20260208,11,1,normal,True,test,
20260208_1_09,20260208,11,1,normal,True,test,
20260208_1_10,20260208,11,1,normal,True,test,
20260214_1_01,20260214,7,1,normal,True,test,
20260214_1_02,20260214,12,1,normal,True,test,
20260214_1_03,20260214,11,1,normal,True,test,
20260214_1_04,20260214,11,1,normal,True,test,
20260214_1_05,20260214,11,1,normal,True,test,
20260214_1_06,20260214,11,1,normal,True,test,
20260214_1_07,20260214,10,1,normal,True,test,
20260214_1_08,20260214,10,1,normal,True,test,
20260214_1_09,20260214,11,1,normal,True,test,
20260214_1_10,20260214,11,1,normal,True,test,
20260214_1_11,20260214,11,1,normal,True,test,
20260215_1_01,20260215,10,1,normal,True,test,
20260215_1_02,20260215,11,1,normal,True,test,
20260215_1_03,20260215,11,1,normal,True,test,
20260215_1_04,20260215,11,1,normal,True,test,
20260215_1_05,20260215,11,1,normal,True,test,
20260215_1_06,20260215,11,1,normal,True,test,
20260215_1_07,20260215,15,1,normal,True,test,
20260215_1_08,20260215,11,1,normal,True,test,
20260215_1_09,20260215,11,1,normal,True,test,
20260215_1_10,20260215,10,1,normal,True,test,
20260228_1_01,20260228,10,1,normal,True,test,
20260228_1_02,20260228,9,1,normal,True,test,
20260228_1_03,20260228,11,1,normal,True,test,
20260228_1_04,20260228,11,1,normal,True,test,
20260228_1_05,20260228,11,1,normal,True,test,
20260228_1_06,20260228,11,1,normal,True,test,
20260228_1_07,20260228,11,1,normal,True,test,
20260228_1_08,20260228,10,2,dead_heat,False,excluded,dead_heat
20260228_1_09,20260228,10,1,normal,True,test,
20260228_1_10,20260228,11,1,normal,True,test,
20260228_1_11,20260228,11,1,normal,True,test,
20260301_1_01,20260301,11,1,normal,True,test,
20260301_1_02,20260301,11,1,normal,True,test,
20260301_1_03,20260301,11,1,normal,True,test,
20260301_1_04,20260301,11,1,normal,True,test,
20260301_1_05,20260301,11,1,normal,True,test,
20260301_1_06,20260301,10,1,normal,True,test,
20260301_1_07,20260301,9,1,normal,True,test,
20260301_1_08,20260301,11,1,normal,True,test,
20260301_1_09,20260301,11,1,normal,True,test,
20260301_1_10,20260301,10,1,normal,True,test,
20260302_1_01,20260302,10,1,normal,True,test,
20260302_1_02,20260302,10,1,normal,True,test,
20260302_1_03,20260302,11,1,normal,True,test,
20260302_1_04,20260302,11,1,normal,True,test,
20260302_1_05,20260302,11,1,normal,True,test,
20260302_1_06,20260302,11,1,normal,True,test,
20260302_1_07,20260302,11,1,normal,True,test,
20260302_1_08,20260302,10,1,normal,True,test,
20260302_1_09,20260302,10,1,normal,True,test,
20260302_1_10,20260302,11,1,normal,True,test,
20260307_1_01,20260307,11,1,normal,True,test,
20260307_1_02,20260307,10,1,normal,True,test,
20260307_1_03,20260307,11,1,normal,True,test,
20260307_1_04,20260307,11,1,normal,True,test,
20260307_1_05,20260307,11,1,normal,True,test,
20260307_1_06,20260307,11,1,normal,True,test,
20260307_1_07,20260307,11,1,normal,True,test,
20260307_1_08,20260307,11,1,normal,True,test,
20260307_1_09,20260307,10,1,normal,True,test,
20260307_1_10,20260307,11,1,normal,True,test,
20260307_1_11,20260307,11,1,normal,True,test,
20260308_1_01,20260308,10,1,normal,True,test,
20260308_1_02,20260308,10,1,normal,True,test,
20260308_1_03,20260308,10,1,normal,True,test,
20260308_1_04,20260308,11,1,normal,True,test,
20260308_1_05,20260308,11,1,normal,True,test,
20260308_1_06,20260308,11,1,normal,True,test,
20260308_1_07,20260308,11,1,normal,True,test,
20260308_1_08,20260308,11,1,normal,True,test,
20260308_1_09,20260308,11,1,normal,True,test,
20260308_1_10,20260308,11,1,normal,True,test,
20260314_1_01,20260314,11,1,normal,True,test,
20260314_1_02,20260314,11,1,normal,True,test,
20260314_1_03,20260314,10,1,normal,True,test,
20260314_1_04,20260314,11,1,normal,True,test,
20260314_1_05,20260314,10,1,normal,True,test,
20260314_1_06,20260314,11,1,normal,True,test,
20260314_1_07,20260314,11,1,normal,True,test,
20260314_1_08,20260314,11,1,normal,True,test,
20260314_1_10,20260314,11,1,normal,True,test,
20260314_1_11,20260314,10,1,normal,True,test,
20260315_1_01,20260315,11,1,normal,True,test,
20260315_1_02,20260315,11,1,normal,True,test,
20260315_1_03,20260315,10,1,normal,True,test,
20260315_1_04,20260315,11,1,normal,True,test,
20260315_1_05,20260315,10,1,normal,True,test,
20260315_1_06,20260315,11,1,normal,True,test,
20260315_1_07,20260315,12,1,normal,True,test,
20260315_1_08,20260315,10,1,normal,True,test,
20260315_1_09,20260315,11,1,normal,True,test,
20260315_1_10,20260315,11,1,normal,True,test,
20260321_1_01,20260321,11,1,normal,True,test,
20260321_1_02,20260321,10,1,normal,True,test,
20260321_1_03,20260321,11,1,normal,True,test,
20260321_1_04,20260321,10,1,normal,True,test,
20260321_1_05,20260321,11,1,normal,True,test,
20260321_1_06,20260321,10,1,normal,True,test,
20260321_1_07,20260321,11,1,normal,True,test,
20260321_1_08,20260321,11,1,normal,True,test,
20260321_1_09,20260321,10,1,normal,True,test,
20260321_1_10,20260321,11,1,normal,True,test,
20260321_1_11,20260321,11,1,normal,True,test,
20260322_1_01,20260322,11,1,normal,True,test,
20260322_1_02,20260322,10,1,normal,True,test,
20260322_1_03,20260322,9,1,normal,True,test,
20260322_1_04,20260322,11,1,normal,True,test,
20260322_1_05,20260322,11,1,normal,True,test,
20260322_1_06,20260322,10,1,normal,True,test,
20260322_1_07,20260322,13,1,normal,True,test,
20260322_1_08,20260322,11,1,normal,True,test,
20260322_1_09,20260322,10,1,normal,True,test,
20260322_1_10,20260322,11,1,normal,True,test,
20260328_1_01,20260328,10,1,normal,True,test,
20260328_1_02,20260328,11,1,normal,True,test,
20260328_1_03,20260328,11,1,normal,True,test,
20260328_1_04,20260328,11,1,normal,True,test,
20260328_1_05,20260328,11,1,normal,True,test,
20260328_1_06,20260328,11,1,normal,True,test,
20260328_1_07,20260328,11,1,normal,True,test,
20260328_1_08,20260328,10,1,normal,True,test,
20260328_1_09,20260328,11,1,normal,True,test,
20260328_1_10,20260328,11,1,normal,True,test,
20260328_1_11,20260328,11,1,normal,True,test,
20260329_1_01,20260329,10,1,normal,True,test,
20260329_1_02,20260329,10,1,normal,True,test,
20260329_1_03,20260329,11,1,normal,True,test,
20260329_1_04,20260329,10,1,normal,True,test,
20260329_1_05,20260329,11,1,normal,True,test,
20260329_1_06,20260329,10,1,normal,True,test,
20260329_1_07,20260329,10,1,normal,True,test,
20260329_1_08,20260329,11,1,normal,True,test,
20260329_1_09,20260329,10,1,normal,True,test,
20260329_1_10,20260329,11,1,normal,True,test,
20260404_1_01,20260404,10,1,normal,True,test,
20260404_1_02,20260404,11,1,normal,True,test,
20260404_1_03,20260404,11,1,normal,True,test,
20260404_1_04,20260404,11,1,normal,True,test,
20260404_1_05,20260404,11,1,normal,True,test,
20260404_1_06,20260404,9,1,normal,True,test,
20260404_1_07,20260404,11,1,normal,True,test,
20260404_1_08,20260404,10,1,normal,True,test,
20260404_1_09,20260404,11,1,normal,True,test,
20260404_1_10,20260404,11,1,normal,True,test,
20260404_1_11,20260404,11,1,normal,True,test,
20260405_1_01,20260405,11,1,normal,True,test,
20260405_1_02,20260405,11,1,normal,True,test,
20260405_1_03,20260405,10,1,normal,True,test,
20260405_1_04,20260405,11,1,normal,True,test,
20260405_1_05,20260405,9,1,normal,True,test,
20260405_1_06,20260405,11,1,normal,True,test,
20260405_1_07,20260405,10,1,normal,True,test,
20260405_1_08,20260405,11,1,normal,True,test,
20260405_1_09,20260405,9,1,normal,True,test,
20260405_1_10,20260405,11,1,normal,True,test,
20260411_1_01,20260411,11,1,normal,True,test,
20260411_1_02,20260411,11,1,normal,True,test,
20260411_1_03,20260411,11,1,normal,True,test,
20260411_1_04,20260411,11,1,normal,True,test,
20260411_1_05,20260411,10,1,normal,True,test,
20260411_1_06,20260411,10,1,normal,True,test,
20260411_1_07,20260411,11,1,normal,True,test,
20260411_1_08,20260411,10,1,normal,True,test,
20260411_1_09,20260411,11,1,normal,True,test,
20260411_1_10,20260411,11,1,normal,True,test,
20260411_1_11,20260411,10,1,normal,True,test,
20260412_1_01,20260412,11,1,normal,True,test,
20260412_1_02,20260412,11,1,normal,True,test,
20260412_1_03,20260412,11,1,normal,True,test,
20260412_1_04,20260412,11,1,normal,True,test,
20260412_1_06,20260412,11,1,normal,True,test,
20260412_1_07,20260412,14,1,normal,True,test,
20260412_1_08,20260412,9,1,normal,True,test,
20260412_1_09,20260412,11,1,normal,True,test,
20260412_1_10,20260412,11,1,normal,True,test,
20260418_1_01,20260418,10,1,normal,True,test,
20260418_1_02,20260418,11,1,normal,True,test,
20260418_1_03,20260418,8,1,normal,True,test,
20260418_1_04,20260418,11,1,normal,True,test,
20260418_1_05,20260418,11,1,normal,True,test,
20260418_1_06,20260418,10,1,normal,True,test,
20260418_1_07,20260418,11,1,normal,True,test,
20260418_1_08,20260418,10,1,normal,True,test,
20260418_1_09,20260418,11,1,normal,True,test,
20260418_1_10,20260418,10,1,normal,True,test,
20260418_1_11,20260418,11,1,normal,True,test,
20260419_1_01,20260419,11,1,normal,True,test,
20260419_1_02,20260419,9,1,normal,True,test,
20260419_1_03,20260419,9,1,normal,True,test,
20260419_1_04,20260419,10,1,normal,True,test,
20260419_1_05,20260419,11,1,normal,True,test,
20260419_1_06,20260419,11,1,normal,True,test,
20260419_1_07,20260419,10,1,normal,True,test,
20260419_1_08,20260419,11,1,normal,True,test,
20260419_1_09,20260419,10,1,normal,True,test,
20260419_1_10,20260419,11,1,normal,True,test,
20260425_1_01,20260425,11,1,normal,True,test,
20260425_1_02,20260425,8,1,normal,True,test,
20260425_1_03,20260425,9,1,normal,True,test,
20260425_1_04,20260425,11,1,normal,True,test,
20260425_1_05,20260425,11,1,normal,True,test,
20260425_1_06,20260425,11,1,normal,True,test,
20260425_1_07,20260425,11,1,normal,True,test,
20260425_1_08,20260425,11,1,normal,True,test,
20260425_1_09,20260425,11,1,normal,True,test,
20260425_1_10,20260425,10,1,normal,True,test,
20260425_1_11,20260425,11,1,normal,True,test,
20260426_1_01,20260426,8,1,normal,True,test,
20260426_1_02,20260426,11,1,normal,True,test,
20260426_1_03,20260426,11,1,normal,True,test,
20260426_1_04,20260426,11,1,normal,True,test,
20260426_1_05,20260426,10,1,normal,True,test,
20260426_1_06,20260426,11,1,normal,True,test,
20260426_1_07,20260426,16,1,normal,True,test,
20260426_1_08,20260426,10,1,normal,True,test,
20260426_1_09,20260426,11,1,normal,True,test,
20260426_1_10,20260426,11,1,normal,True,test,
20260502_1_01,20260502,10,1,normal,True,test,
20260502_1_02,20260502,11,1,normal,True,test,
20260502_1_03,20260502,10,1,normal,True,test,
20260502_1_04,20260502,11,1,normal,True,test,
20260502_1_05,20260502,10,1,normal,True,test,
20260502_1_06,20260502,11,1,normal,True,test,
20260502_1_07,20260502,10,1,normal,True,test,
20260502_1_08,20260502,10,1,normal,True,test,
20260502_1_09,20260502,11,1,normal,True,test,
20260502_1_10,20260502,11,1,normal,True,test,
20260503_1_01,20260503,11,1,normal,True,test,
20260503_1_02,20260503,11,1,normal,True,test,
20260503_1_03,20260503,11,1,normal,True,test,
20260503_1_04,20260503,11,1,normal,True,test,
20260503_1_05,20260503,10,1,normal,True,test,
20260503_1_06,20260503,10,1,normal,True,test,
20260503_1_07,20260503,10,1,normal,True,test,
20260503_1_08,20260503,15,1,normal,True,test,
20260503_1_09,20260503,11,1,normal,True,test,
20260503_1_10,20260503,9,1,normal,True,test,
20260509_1_01,20260509,9,1,normal,True,test,
20260509_1_02,20260509,10,1,normal,True,test,
20260509_1_03,20260509,7,1,normal,True,test,
20260509_1_04,20260509,11,1,normal,True,test,
20260509_1_05,20260509,11,1,normal,True,test,
20260509_1_06,20260509,11,1,normal,True,test,
20260509_1_07,20260509,10,1,normal,True,test,
20260509_1_08,20260509,10,1,normal,True,test,
20260509_1_09,20260509,9,1,normal,True,test,
20260509_1_10,20260509,11,1,normal,True,test,
20260510_1_01,20260510,10,1,normal,True,test,
20260510_1_02,20260510,10,1,normal,True,test,
20260510_1_03,20260510,11,1,normal,True,test,
20260510_1_04,20260510,11,1,normal,True,test,
20260510_1_05,20260510,10,1,normal,True,test,
20260510_1_06,20260510,10,1,normal,True,test,
20260510_1_07,20260510,11,1,normal,True,test,
20260510_1_08,20260510,11,1,normal,True,test,
20260510_1_10,20260510,10,1,normal,True,test,
20260516_1_01,20260516,9,1,normal,True,test,
20260516_1_02,20260516,10,1,normal,True,test,
20260516_1_04,20260516,11,1,normal,True,test,
20260516_1_05,20260516,11,1,normal,True,test,
20260516_1_06,20260516,10,1,normal,True,test,
20260516_1_07,20260516,9,1,normal,True,test,
20260516_1_08,20260516,10,1,normal,True,test,
20260516_1_09,20260516,10,1,normal,True,test,
20260516_1_10,20260516,11,1,normal,True,test,
20260517_1_01,20260517,9,1,normal,True,test,
20260517_1_02,20260517,8,1,normal,True,test,
20260517_1_03,20260517,11,1,normal,True,test,
20260517_1_04,20260517,11,1,normal,True,test,
20260517_1_05,20260517,11,1,normal,True,test,
20260517_1_06,20260517,10,1,normal,True,test,
20260517_1_07,20260517,13,1,normal,True,test,
20260517_1_08,20260517,15,1,normal,True,test,
20260517_1_09,20260517,10,1,normal,True,test,
20260517_1_10,20260517,11,1,normal,True,test,
20260523_1_01,20260523,11,1,normal,True,test,
20260523_1_02,20260523,10,1,normal,True,test,
20260523_1_03,20260523,11,1,normal,True,test,
20260523_1_04,20260523,11,1,normal,True,test,
20260523_1_05,20260523,11,1,normal,True,test,
20260523_1_06,20260523,11,1,normal,True,test,
20260523_1_07,20260523,10,1,normal,True,test,
20260523_1_08,20260523,11,1,normal,True,test,
20260523_1_09,20260523,11,1,normal,True,test,
20260523_1_10,20260523,10,1,normal,True,test,
20260524_1_01,20260524,11,1,normal,True,test,
20260524_1_02,20260524,11,1,normal,True,test,
20260524_1_03,20260524,11,1,normal,True,test,
20260524_1_04,20260524,10,1,normal,True,test,
20260524_1_05,20260524,11,1,normal,True,test,
20260524_1_06,20260524,11,1,normal,True,test,
20260524_1_07,20260524,10,1,normal,True,test,
20260524_1_09,20260524,11,1,normal,True,test,
20260524_1_10,20260524,11,1,normal,True,test,
20260530_1_01,20260530,10,1,normal,True,test,
20260530_1_02,20260530,10,1,normal,True,test,
20260530_1_03,20260530,11,1,normal,True,test,
20260530_1_04,20260530,9,1,normal,True,test,
20260530_1_05,20260530,11,1,normal,True,test,
20260530_1_06,20260530,11,1,normal,True,test,
20260530_1_07,20260530,8,1,normal,True,test,
20260530_1_08,20260530,10,1,normal,True,test,
20260530_1_09,20260530,10,1,normal,True,test,
20260530_1_10,20260530,11,1,normal,True,test,
20260531_1_01,20260531,8,1,normal,True,test,
20260531_1_02,20260531,11,1,normal,True,test,
20260531_1_03,20260531,11,1,normal,True,test,
20260531_1_04,20260531,11,1,normal,True,test,
20260531_1_05,20260531,11,1,normal,True,test,
20260531_1_06,20260531,7,1,normal,True,test,
20260531_1_07,20260531,10,1,normal,True,test,
20260531_1_08,20260531,10,1,normal,True,test,
20260531_1_09,20260531,9,1,normal,True,test,
20260531_1_10,20260531,10,1,normal,True,test,
20260606_1_01,20260606,11,1,normal,True,test,
20260606_1_02,20260606,11,1,normal,True,test,
20260606_1_03,20260606,11,1,normal,True,test,
20260606_1_04,20260606,11,1,normal,True,test,
20260606_1_05,20260606,11,1,normal,True,test,
20260606_1_06,20260606,11,1,normal,True,test,
20260606_1_07,20260606,8,1,normal,True,test,
20260606_1_08,20260606,9,1,normal,True,test,
20260606_1_09,20260606,9,1,normal,True,test,
20260606_1_10,20260606,10,1,normal,True,test,
20260607_1_01,20260607,10,1,normal,True,test,
20260607_1_02,20260607,10,1,normal,True,test,
20260607_1_03,20260607,11,1,normal,True,test,
20260607_1_04,20260607,11,1,normal,True,test,
20260607_1_05,20260607,10,1,normal,True,test,
20260607_1_06,20260607,9,1,normal,True,test,
20260607_1_07,20260607,7,1,normal,True,test,
20260607_1_08,20260607,16,1,normal,True,test,
20260607_1_09,20260607,11,1,normal,True,test,
20260607_1_10,20260607,9,1,normal,True,test,
20260613_1_01,20260613,9,1,normal,True,test,
20260613_1_02,20260613,11,1,normal,True,test,
20260613_1_03,20260613,11,1,normal,True,test,
20260613_1_04,20260613,11,1,normal,True,test,
20260613_1_05,20260613,8,1,normal,True,test,
20260613_1_06,20260613,8,1,normal,True,test,
20260613_1_07,20260613,9,1,normal,True,test,
20260613_1_08,20260613,10,1,normal,True,test,
20260613_1_09,20260613,9,1,normal,True,test,
20260613_1_10,20260613,11,1,normal,True,test,
20260614_1_01,20260614,9,1,normal,True,test,
20260614_1_02,20260614,11,1,normal,True,test,
20260614_1_03,20260614,11,1,normal,True,test,
20260614_1_04,20260614,10,1,normal,True,test,
20260614_1_05,20260614,11,1,normal,True,test,
20260614_1_06,20260614,11,1,normal,True,test,
20260614_1_07,20260614,9,1,normal,True,test,
20260614_1_08,20260614,10,1,normal,True,test,
20260614_1_09,20260614,11,1,normal,True,test,
20260614_1_10,20260614,8,1,normal,True,test,
20260620_1_01,20260620,10,1,normal,True,test,
20260620_1_03,20260620,11,1,normal,True,test,
20260620_1_04,20260620,11,1,normal,True,test,
20260620_1_05,20260620,10,1,normal,True,test,
20260620_1_06,20260620,11,1,normal,True,test,
20260620_1_07,20260620,9,1,normal,True,test,
20260620_1_08,20260620,11,1,normal,True,test,
20260620_1_09,20260620,11,1,normal,True,test,
20260620_1_10,20260620,10,1,normal,True,test,
20260621_1_01,20260621,10,1,normal,True,test,
20260621_1_02,20260621,11,1,normal,True,test,
20260621_1_03,20260621,11,1,normal,True,test,
20260621_1_04,20260621,10,1,normal,True,test,
20260621_1_05,20260621,10,1,normal,True,test,
20260621_1_06,20260621,7,1,normal,True,test,
20260621_1_07,20260621,10,1,normal,True,test,
20260621_1_08,20260621,11,1,normal,True,test,
20260621_1_09,20260621,9,1,normal,True,test,
20260621_1_10,20260621,11,1,normal,True,test,
20260627_1_01,20260627,11,1,normal,True,test,
20260627_1_02,20260627,11,1,normal,True,test,
20260627_1_03,20260627,11,1,normal,True,test,
20260627_1_04,20260627,11,1,normal,True,test,
20260627_1_05,20260627,10,1,normal,True,test,
20260627_1_06,20260627,11,1,normal,True,test,
20260627_1_07,20260627,10,1,normal,True,test,
20260627_1_08,20260627,11,1,normal,True,test,
20260627_1_09,20260627,10,1,normal,True,test,
20260627_1_10,20260627,11,1,normal,True,test,
20260628_1_01,20260628,11,1,normal,True,test,
20260628_1_02,20260628,11,1,normal,True,test,
20260628_1_03,20260628,11,1,normal,True,test,
20260628_1_04,20260628,11,1,normal,True,test,
20260628_1_05,20260628,11,1,normal,True,test,
20260628_1_06,20260628,11,1,normal,True,test,
20260628_1_07,20260628,8,1,normal,True,test,
20260628_1_08,20260628,10,1,normal,True,test,
20260628_1_09,20260628,9,1,normal,True,test,
20260628_1_10,20260628,11,1,normal,True,test,
20260704_1_01,20260704,11,1,normal,True,test,
20260704_1_02,20260704,10,1,normal,True,test,
20260704_1_03,20260704,9,1,normal,True,test,
20260704_1_04,20260704,11,1,normal,True,test,
20260704_1_05,20260704,11,1,normal,True,test,
20260704_1_06,20260704,8,1,normal,True,test,
20260704_1_07,20260704,8,1,normal,True,test,
20260704_1_08,20260704,10,1,normal,True,test,
20260704_1_09,20260704,10,1,normal,True,test,
20260704_1_10,20260704,10,1,normal,True,test,
20260705_1_01,20260705,8,1,normal,True,test,
20260705_1_02,20260705,10,1,normal,True,test,
20260705_1_03,20260705,8,1,normal,True,test,
20260705_1_04,20260705,9,1,normal,True,test,
20260705_1_05,20260705,11,1,normal,True,test,
20260705_1_06,20260705,11,1,normal,True,test,
20260705_1_07,20260705,9,1,normal,True,test,
20260705_1_08,20260705,10,1,normal,True,test,
20260705_1_09,20260705,11,1,normal,True,test,
20260705_1_10,20260705,10,1,normal,True,test,
20260706_1_01,20260706,7,1,normal,True,test,
20260706_1_02,20260706,7,1,normal,True,test,
20260706_1_03,20260706,11,1,normal,True,test,
20260706_1_04,20260706,11,1,normal,True,test,
20260706_1_05,20260706,11,0,no_winner,False,excluded,no_winner
20260706_1_06,20260706,11,1,normal,True,test,
20260707_1_02,20260707,11,1,normal,True,test,
20260711_1_01,20260711,9,1,normal,True,test,
20260711_1_02,20260711,8,1,normal,True,test,
20260711_1_03,20260711,8,1,normal,True,test,
20260711_1_04,20260711,8,1,normal,True,test,
20260711_1_05,20260711,10,1,normal,True,test,
20260711_1_06,20260711,8,1,normal,True,test,
20260711_1_07,20260711,11,1,normal,True,test,
20260711_1_08,20260711,8,1,normal,True,test,
20260711_1_09,20260711,8,1,normal,True,test,
20260711_1_10,20260711,10,1,normal,True,test,
20260712_1_01,20260712,11,1,normal,True,test,
20260712_1_02,20260712,8,1,normal,True,test,
20260712_1_03,20260712,7,1,normal,True,test,
20260712_1_04,20260712,9,1,normal,True,test,
20260712_1_05,20260712,11,1,normal,True,test,
20260712_1_06,20260712,11,1,normal,True,test,
20260712_1_07,20260712,8,1,normal,True,test,
20260712_1_08,20260712,10,1,normal,True,test,
20260712_1_09,20260712,8,1,normal,True,test,
20260712_1_10,20260712,8,1,normal,True,test,
20260718_1_01,20260718,11,1,normal,True,test,
20260718_1_02,20260718,11,1,normal,True,test,
20260718_1_03,20260718,11,1,normal,True,test,
20260718_1_04,20260718,11,1,normal,True,test,
20260718_1_05,20260718,10,1,normal,True,test,
20260718_1_06,20260718,11,1,normal,True,test,
20260718_1_07,20260718,10,1,normal,True,test,
20260718_1_08,20260718,11,1,normal,True,test,
20260718_1_09,20260718,11,1,normal,True,test,
20260718_1_10,20260718,9,1,normal,True,test,
20260719_1_01,20260719,11,1,normal,True,test,
20260719_1_02,20260719,11,1,normal,True,test,
20260719_1_03,20260719,10,1,normal,True,test,
20260719_1_04,20260719,11,1,normal,True,test,
20260719_1_05,20260719,9,1,normal,True,test,
20260719_1_06,20260719,11,1,normal,True,test,
20260719_1_07,20260719,10,1,normal,True,test,
20260719_1_08,20260719,11,1,normal,True,test,
20260719_1_09,20260719,9,1,normal,True,test,
20260719_1_10,20260719,10,1,normal,True,test,
20260725_1_01,20260725,8,1,normal,True,test,
20260725_1_02,20260725,11,1,normal,True,test,
20260725_1_03,20260725,11,1,normal,True,test,
20260725_1_04,20260725,11,1,normal,True,test,
20260725_1_05,20260725,10,1,normal,True,test,
20260725_1_06,20260725,11,1,normal,True,test,
20260725_1_07,20260725,11,1,normal,True,test,
20260725_1_08,20260725,11,1,normal,True,test,
20260725_1_09,20260725,11,1,normal,True,test,
20260725_1_10,20260725,10,1,normal,True,test,
20260726_1_01,20260726,11,1,normal,True,test,
20260726_1_02,20260726,11,1,normal,True,test,
20260726_1_03,20260726,11,1,normal,True,test,
20260726_1_04,20260726,11,1,normal,True,test,
20260726_1_05,20260726,11,1,normal,True,test,
20260726_1_06,20260726,11,1,normal,True,test,
20260726_1_07,20260726,10,1,normal,True,test,
20260726_1_08,20260726,11,1,normal,True,test,
20260726_1_09,20260726,11,1,normal,True,test,
20260726_1_10,20260726,10,1,normal,True,test,
20260808_1_01,20260808,10,1,normal,True,test,
20260808_1_02,20260808,10,1,normal,True,test,
20260808_1_03,20260808,10,1,normal,True,test,
20260808_1_04,20260808,11,1,normal,True,test,
20260808_1_05,20260808,11,1,normal,True,test,
20260808_1_06,20260808,11,1,normal,True,test,
20260808_1_07,20260808,9,1,normal,True,test,
20260808_1_08,20260808,11,1,normal,True,test,
20260808_1_09,20260808,11,1,normal,True,test,
20260808_1_10,20260808,11,1,normal,True,test,
20260809_1_01,20260809,9,1,normal,True,test,
20260809_1_02,20260809,9,1,normal,True,test,
20260809_1_03,20260809,10,1,normal,True,test,
20260809_1_04,20260809,11,1,normal,True,test,
20260809_1_05,20260809,10,1,normal,True,test,
20260809_1_06,20260809,11,1,normal,True,test,
20260809_1_07,20260809,10,1,normal,True,test,
20260809_1_08,20260809,11,1,normal,True,test,
20260809_1_09,20260809,8,1,normal,True,test,
20260809_1_10,20260809,11,1,normal,True,test,
