meet,rcDate,url,source,bytes,sha256,parsed_rows
1,20230805,https://m.kra.co.kr/race/seoul/scoretableAllScoreList.do?rcDate=20230805,cache,70930,1907233E12A1ACD673E5504D18C8BAF6FABE5C647C3CFC0AB566B907036F6920,165
1,20230806,https://m.kra.co.kr/race/seoul/scoretableAllScoreList.do?rcDate=20230806,cache,70892,7E910B0217616E3B93DF01E650E278C0C5EF8E73C54565DEF98D2AF95638D427,165
1,20230812,https://m.kra.co.kr/race/seoul/scoretableAllScoreList.do?rcDate=20230812,cache,55149,9B93A483AFBD744C6BBED98C56B7D12B865E06899D305C19394D95A98BC33655,110
1,20230813,https://m.kra.co.kr/race/seoul/scoretableAllScoreList.do?rcDate=20230813,cache,55128,17C39CA9683CF6664E8BEFBF1026491FD01FB142D432E9B37617FAA0FA860129,110
1,20230819,https://m.kra.co.kr/race/seoul/scoretableAllScoreList.do?rcDate=20230819,cache,55184,AC26A07B794FCE7A9B984636E2B587B93EC0A972061A1D4797A4A57EDA9B21AB,110
1,20230820,https://m.kra.co.kr/race/seoul/scoretableAllScoreList.do?rcDate=20230820,cache,55102,0EBD2136CB4D1F9E9F1C9236EEE6EF7B56661E6709132DEBE33841BFC70F1AFC,110
1,20230826,https://m.kra.co.kr/race/seoul/scoretableAllScoreList.do?rcDate=20230826,cache,55102,6A17E743808FC253B00C633330B8D6B5270809B8ABFE4BFECF09CB467C97ED98,110
1,20230827,https://m.kra.co.kr/race/seoul/scoretableAllScoreList.do?rcDate=20230827,cache,55257,47D0451676292F115C8118C98FD72380FA169AE8F06F7C11B0C72627085FA593,110
1,20230902,https://m.kra.co.kr/race/seoul/scoretableAllScoreList.do?rcDate=20230902,cache,55174,33D371491BB8E94EF34BA7BEE8FB1193F6F740AD0782DA88B682F140B2C57C90,110
1,20230903,https://m.kra.co.kr/race/seoul/scoretableAllScoreList.do?rcDate=20230903,cache,58399,435325D65DFFCD3C14531F3D1DBB143F252C0866DBF6C9FB0E12E504D0BCDAC4,121
1,20230909,https://m.kra.co.kr/race/seoul/scoretableAllScoreList.do?rcDate=20230909,cache,55319,64A0FB094D2AFF8AA6EAE5E66E8B50F638710E7ED296CD7CC610D3D0FB498927,110
1,20230910,https://m.kra.co.kr/race/seoul/scoretableAllScoreList.do?rcDate=20230910,cache,55251,EF2ADD2C9366E82EDE5B4B32C357704BF8EFD827B47E3B3E8E595CE315DE0DE1,110
1,20230916,https://m.kra.co.kr/race/seoul/scoretableAllScoreList.do?rcDate=20230916,cache,55212,DC93591DDE18D68696CBF5C4D1DED09B75439C5B923B04D3E8F73D84AFD20285,110
1,20230917,https://m.kra.co.kr/race/seoul/scoretableAllScoreList.do?rcDate=20230917,cache,58401,6A615F1663573A3220D38C886D77B3123F9AA53B6E8DEBE80AF5F4D692A49E50,121
1,20230923,https://m.kra.co.kr/race/seoul/scoretableAllScoreList.do?rcDate=20230923,cache,61567,40F7C961A9A32C7C384C5379D3279C4D95EB424FF572F15FC6C123E52BE573F0,132
1,20230924,https://m.kra.co.kr/race/seoul/scoretableAllScoreList.do?rcDate=20230924,cache,58400,3AA82BBC73666DCBA289F1B6071EF5097953B5A6CAF6B2BE12280226B9EFD2D9,121
1,20231007,https://m.kra.co.kr/race/seoul/scoretableAllScoreList.do?rcDate=20231007,cache,55747,6A3035655A704B4E76F0A6F7B7F53D264741068B5096DA418EB9EE9F154D618E,116
1,20231008,https://m.kra.co.kr/race/seoul/scoretableAllScoreList.do?rcDate=20231008,cache,55254,C4815EA3ECAEC0AB060AA399927BEB0547A26001E18D21BC5C7C1FC9FEC53957,110
1,20231009,https://m.kra.co.kr/race/seoul/scoretableAllScoreList.do?rcDate=20231009,cache,55308,554DC4A8A1C9EBE22972B7BE2DE6AF038B732262E4E90A81E5ED292AF034193D,110
1,20231014,https://m.kra.co.kr/race/seoul/scoretableAllScoreList.do?rcDate=20231014,cache,58380,A48979F7BD25E7FB9A5EB50C21B19309EB6EC28EEDEA3BA11AB8A9DCDA9A0231,121
1,20231015,https://m.kra.co.kr/race/seoul/scoretableAllScoreList.do?rcDate=20231015,cache,58401,F0F94E6890BEFA94855B9DA42A2768A70E01DF71B940A3B45004FF0BDEEB760B,121
1,20231021,https://m.kra.co.kr/race/seoul/scoretableAllScoreList.do?rcDate=20231021,cache,58363,5FF8949D3714BDF3951459F28F5D3A895AFDB0732E5750BCFD272F25700774E6,121
1,20231022,https://m.kra.co.kr/race/seoul/scoretableAllScoreList.do?rcDate=20231022,cache,58394,04A2D7A0F625D00FCD0B0799E2C95E557DFB0742DBBB5405A4180BAEECD0791C,121
1,20231028,https://m.kra.co.kr/race/seoul/scoretableAllScoreList.do?rcDate=20231028,cache,58414,99AD28D32BF90CEB583956636E25A72057D014857421B2288AD06C345E9C5202,121
1,20231029,https://m.kra.co.kr/race/seoul/scoretableAllScoreList.do?rcDate=20231029,cache,58469,E189ECA7A1F1FA7C973BFEE31C2A3DC327F7CBC6C1C6EF7B931D6FD95EBE7259,121
1,20231104,https://m.kra.co.kr/race/seoul/scoretableAllScoreList.do?rcDate=20231104,cache,58373,537EB8AD44A52BCE8B36735DBDEC1F32C6923832EA7075893F99C8F0A8578D5A,121
1,20231105,https://m.kra.co.kr/race/seoul/scoretableAllScoreList.do?rcDate=20231105,cache,58392,A3E75AA2C82449E837ADEE000E2059C725114C08CB60F97CA0BE8E52C616277D,121
1,20231111,https://m.kra.co.kr/race/seoul/scoretableAllScoreList.do?rcDate=20231111,cache,55215,477D62C937433566E0912C67FC4994448366FA69A38647FA5F44A56A1D42B1C7,110
1,20231112,https://m.kra.co.kr/race/seoul/scoretableAllScoreList.do?rcDate=20231112,cache,58379,D4C345B2F4721CCB6A31410021BB73A0476A71CD84BFF70135174CEFB1E65461,121
1,20231118,https://m.kra.co.kr/race/seoul/scoretableAllScoreList.do?rcDate=20231118,cache,58380,6B15F2038827FFD8AC52A5A00002C00B24EF646D150958BCA6EB2243429BED9E,121
1,20231119,https://m.kra.co.kr/race/seoul/scoretableAllScoreList.do?rcDate=20231119,cache,58417,5A646CC45A0B3893ECD597456AB49F8B9ABE4EBD9F9F2A3C8BD21D95A29FB2A7,121
1,20231125,https://m.kra.co.kr/race/seoul/scoretableAllScoreList.do?rcDate=20231125,cache,58408,614C792E53A1F3F7AD2C3C95D249FF4A56E4264238C1FA3B8440FC3BEDB40DC2,121
1,20231126,https://m.kra.co.kr/race/seoul/scoretableAllScoreList.do?rcDate=20231126,cache,58332,DB5D8D8C9E082FB107AAC0BEF63BBE0403252A944F440D63A481A56BF3620C94,121
1,20231202,https://m.kra.co.kr/race/seoul/scoretableAllScoreList.do?rcDate=20231202,cache,58358,BDC8C252455BF50C0F2A6BF47DB71E1A3B6FD42E16300FE2334981E5167645C7,121
1,20231203,https://m.kra.co.kr/race/seoul/scoretableAllScoreList.do?rcDate=20231203,cache,58397,CA80CF4805367C926DE1C4E7FA51214990FB460662281FF60C801DA90EF4BFAC,121
1,20231209,https://m.kra.co.kr/race/seoul/scoretableAllScoreList.do?rcDate=20231209,cache,55212,1311E9F672437978BE787AB1214AB130E28B5F1489C12D79A09BC001E3BA964A,110
1,20231210,https://m.kra.co.kr/race/seoul/scoretableAllScoreList.do?rcDate=20231210,cache,55202,4FBAEA2189962E35B295A4D1C1D66101D08BBC7F344FDFB3E90B58961043D4AC,110
1,20231216,https://m.kra.co.kr/race/seoul/scoretableAllScoreList.do?rcDate=20231216,cache,58394,DDF9234D4C70344D5A5326868A397A203CFFA2E2CC2A9F8B911F15B0EC5DE209,121
1,20231217,https://m.kra.co.kr/race/seoul/scoretableAllScoreList.do?rcDate=20231217,cache,58369,DC01E7773376A3FEE495442DAD36D56BA380FFFB1D5BC8E8E79E5BDB351CAFA5,121
1,20231223,https://m.kra.co.kr/race/seoul/scoretableAllScoreList.do?rcDate=20231223,cache,45761,3D04EB0401F21B3BA1A9D48953D6A07DCB156FBE25704DB6208DA78BA82A6E1B,77
1,20231224,https://m.kra.co.kr/race/seoul/scoretableAllScoreList.do?rcDate=20231224,cache,45765,189869A9283017585C9229B3BF93F509A40C4642F7CCB7711087729A55736172,77
1,20231225,https://m.kra.co.kr/race/seoul/scoretableAllScoreList.do?rcDate=20231225,cache,61529,C4C99498B90A9864299FD4AF6A5EDE636EE17FA861F1AA9FA24A5A2F5E797538,132
1,20231230,https://m.kra.co.kr/race/seoul/scoretableAllScoreList.do?rcDate=20231230,cache,58364,8FA9B6E98A8E685394DEDA349E6507106E496DA2E873157FB77EB53E7525A7B0,121
1,20231231,https://m.kra.co.kr/race/seoul/scoretableAllScoreList.do?rcDate=20231231,cache,58349,36776CE688CED8357AD82BED3AF6783B9ED0D70DB96CF4EC4032D5D9E49A417C,121
1,20240106,https://m.kra.co.kr/race/seoul/scoretableAllScoreList.do?rcDate=20240106,cache,58378,D351C3EF2CA90D5CB8FD8BAA8073A8A27F4FA7C13B32220FB2FCC560A7E5D8BA,121
1,20240107,https://m.kra.co.kr/race/seoul/scoretableAllScoreList.do?rcDate=20240107,cache,58392,5480406174879B882BDF1F060201EB54BCA711F4E8926FAB3B25E5725A8E676A,121
1,20240113,https://m.kra.co.kr/race/seoul/scoretableAllScoreList.do?rcDate=20240113,cache,58349,19500617DD7C6397D264FFC12FF508550DB466EB8F73AF5838132D5C444908E3,121
1,20240114,https://m.kra.co.kr/race/seoul/scoretableAllScoreList.do?rcDate=20240114,cache,52085,AFDC9C3554C9B356EA1945AA699BC78C069A0B077F6D3AA9B7230D8C998AF00D,99
1,20240120,https://m.kra.co.kr/race/seoul/scoretableAllScoreList.do?rcDate=20240120,cache,58392,0FFB87FB70D211BED25A2501EA55222FB8411F3BFF0A93E0B7D84404FF52B0AD,121
1,20240121,https://m.kra.co.kr/race/seoul/scoretableAllScoreList.do?rcDate=20240121,cache,58347,F2FE5125492D3FBAC6964FB09F6413C144DF0022F238FC5FB0F2DD5E449E9941,121
1,20240127,https://m.kra.co.kr/race/seoul/scoretableAllScoreList.do?rcDate=20240127,cache,58371,6864F530598724C3B262E690EB28139B0FC5E047A97C019FC66BA09F4B1BC89C,121
1,20240128,https://m.kra.co.kr/race/seoul/scoretableAllScoreList.do?rcDate=20240128,cache,58389,1E8351B61651BA2229B107E79E84C363D196BA4DC3662CC2156713B270C2E59C,121
1,20240203,https://m.kra.co.kr/race/seoul/scoretableAllScoreList.do?rcDate=20240203,cache,58388,CB15B91A69B88D586E75D92D1EEC5DE197E11D56D5DAA8958CDC2B41E0D680AA,121
1,20240204,https://m.kra.co.kr/race/seoul/scoretableAllScoreList.do?rcDate=20240204,cache,58385,0E976631346A56915BFB00DA89BABA1042BD9CC55B1EF82558E25333FFC06F11,121
1,20240217,https://m.kra.co.kr/race/seoul/scoretableAllScoreList.do?rcDate=20240217,cache,58365,72973D35F315AB18EF4CF5426E909C132BCCA4793107090CAF4E142D0E60F478,121
1,20240218,https://m.kra.co.kr/race/seoul/scoretableAllScoreList.do?rcDate=20240218,cache,58386,A13DE18775549BC0C274907983AED468089216A4A8C53A9B8C99BCC7045A178D,121
1,20240224,https://m.kra.co.kr/race/seoul/scoretableAllScoreList.do?rcDate=20240224,cache,58382,0CBC69352F1F136916CE6B7F456AC2872E7C213303AF413A9E5B106DF640A33A,121
1,20240225,https://m.kra.co.kr/race/seoul/scoretableAllScoreList.do?rcDate=20240225,cache,58409,2D6A87B27E7A937BE9E8A6FAEBBC3F30D90531E26E916B8F629B50FA45916D35,124
1,20240302,https://m.kra.co.kr/race/seoul/scoretableAllScoreList.do?rcDate=20240302,cache,58359,DBE4295AAB5F343D028965E319B4F0213458663B32687C3CBBA1B1E6D570FB94,121
1,20240303,https://m.kra.co.kr/race/seoul/scoretableAllScoreList.do?rcDate=20240303,cache,58347,3471C0CEF86F2409250F41AC69B22D7CB1E25863575554EA3F27287DF66BA3F6,121
1,20240309,https://m.kra.co.kr/race/seoul/scoretableAllScoreList.do?rcDate=20240309,cache,58407,B7D1272293D12E858A66925F79170BB6D0AD81C2CBA61E67A1473BD054EF8605,121
1,20240310,https://m.kra.co.kr/race/seoul/scoretableAllScoreList.do?rcDate=20240310,cache,58369,7097932EF4C4BED62445ADB10E6E89E1120703A9C583FAE99841A917268881A0,121
1,20240316,https://m.kra.co.kr/race/seoul/scoretableAllScoreList.do?rcDate=20240316,cache,58359,343F41FE07CB40F3A4E7266CC6E7232D6877CFE2B77BBBC2962AA635BB728589,121
1,20240317,https://m.kra.co.kr/race/seoul/scoretableAllScoreList.do?rcDate=20240317,cache,58418,352BE04328F13E4ED7F8BD41FBCE35F8B679E20FC0E8721897E5621C4595C340,121
1,20240323,https://m.kra.co.kr/race/seoul/scoretableAllScoreList.do?rcDate=20240323,cache,58398,61C14B99FA74B1BC0A581AA9DD13A9BC6CB1BFB0EB8BA33DD2CC1F764F50F5F4,121
1,20240324,https://m.kra.co.kr/race/seoul/scoretableAllScoreList.do?rcDate=20240324,cache,58405,54AFB0CAA210C27CDFE5405A2621085E3A6768DC62DD0015409A8652C473B70C,121
1,20240330,https://m.kra.co.kr/race/seoul/scoretableAllScoreList.do?rcDate=20240330,cache,58382,835EAE6AE5DC8374BFF07043DF79882C25A87444EA4AA665FF562AFFC2B3DD0B,121
1,20240331,https://m.kra.co.kr/race/seoul/scoretableAllScoreList.do?rcDate=20240331,cache,58337,E68DCAC2012F6B5757C1D52AAFDF5E9A98E43E8734415FFB871C9F62336BFC93,121
1,20240406,https://m.kra.co.kr/race/seoul/scoretableAllScoreList.do?rcDate=20240406,cache,58370,D961ED4C6ED87315645C0720181954214A04060D62F950E716103E6E67CE7364,120
1,20240407,https://m.kra.co.kr/race/seoul/scoretableAllScoreList.do?rcDate=20240407,cache,58368,953403805E0B33BE3D4F7923D16BFC58808E6C05F297FE4C4F4CA931DF735E33,120
1,20240413,https://m.kra.co.kr/race/seoul/scoretableAllScoreList.do?rcDate=20240413,cache,58358,0FC0075A09B725DF3324B70A95D2A8A5B55F95A5CA1F8219838ECA0955566D2E,121
1,20240414,https://m.kra.co.kr/race/seoul/scoretableAllScoreList.do?rcDate=20240414,cache,58448,A172A994448D04751428F7F8906F7ED1A9CEE69F7FC5D70DEC704A10D56149C9,121
1,20240420,https://m.kra.co.kr/race/seoul/scoretableAllScoreList.do?rcDate=20240420,cache,58383,78B73FCE6B17848D4D4BDACF893E2ED7913BD29EB4FFE0BA415339A4865618F6,121
1,20240421,https://m.kra.co.kr/race/seoul/scoretableAllScoreList.do?rcDate=20240421,cache,58396,4070D180B98E8D89614CC41EB8ED68B0695AE35C063671A1C0ACF59BE450A56C,121
1,20240427,https://m.kra.co.kr/race/seoul/scoretableAllScoreList.do?rcDate=20240427,cache,58361,DC0118846E8B912BAD7E92BB1B736FA36D12555EAA1D519663F033801038DFEC,121
1,20240428,https://m.kra.co.kr/race/seoul/scoretableAllScoreList.do?rcDate=20240428,cache,58355,7537C19F271576F68DA7E3641B83CB2BFF96AF1D78E4FA4C89D691BF8B053116,121
1,20240504,https://m.kra.co.kr/race/seoul/scoretableAllScoreList.do?rcDate=20240504,cache,58314,5EB437528E806D56C5C83219870C2A82B70577FC39626F9BB5049EE24C4F8D6F,120
1,20240505,https://m.kra.co.kr/race/seoul/scoretableAllScoreList.do?rcDate=20240505,cache,55236,D2BB7E802DA1AC45604A7D12D286627D5C49DD57CBA0CA79389F42E18EBF7A38,110
1,20240511,https://m.kra.co.kr/race/seoul/scoretableAllScoreList.do?rcDate=20240511,cache,58401,B41C4F6B0F63FCC9DD725E970439BDCCB9D0D86FA7C62C7C2E9D975664CB5E2D,121
1,20240512,https://m.kra.co.kr/race/seoul/scoretableAllScoreList.do?rcDate=20240512,cache,55259,1C16DB35E4FF666946D85127259431C9CAF6F2F0055A872C595EDD692EE4C158,110
1,20240518,https://m.kra.co.kr/race/seoul/scoretableAllScoreList.do?rcDate=20240518,cache,58407,54F66BD6FD91FF8C96FE96CAE4FFB29740DC6ABD3F978CECBBA892B9F2FCAACF,121
1,20240519,https://m.kra.co.kr/race/seoul/scoretableAllScoreList.do?rcDate=20240519,cache,55243,7D5557D1E10AA44DBA95D99F7AD383A99E4AADBDAF5F835A378B222BF4DCE7B3,110
1,20240525,https://m.kra.co.kr/race/seoul/scoretableAllScoreList.do?rcDate=20240525,cache,58399,F1972895A697236345E3E5CE894D3FB827D7224F5C050B65FB0CA2FA7AC97DB2,121
1,20240526,https://m.kra.co.kr/race/seoul/scoretableAllScoreList.do?rcDate=20240526,cache,55229,44EA5A1831CEAF1899F77A5EE222A4A9380C451103DE64A1F89F30EB9B88FE13,110
1,20240601,https://m.kra.co.kr/race/seoul/scoretableAllScoreList.do?rcDate=20240601,cache,58423,4E7E1A521A96420D4004AF470A43257E2DE1C8C38D5F6B0E3EEFD5338F29D9BD,121
1,20240602,https://m.kra.co.kr/race/seoul/scoretableAllScoreList.do?rcDate=20240602,cache,52068,759F325357144A59C9756329F861CF4564B78F63FF2AADD849996014C6BAAB03,99
1,20240608,https://m.kra.co.kr/race/seoul/scoretableAllScoreList.do?rcDate=20240608,cache,58368,17BE9AAD0A4E335AD5210934BAC324E4192E7789A0A0E9F822A274EB30DB0624,121
1,20240609,https://m.kra.co.kr/race/seoul/scoretableAllScoreList.do?rcDate=20240609,cache,55269,03F841C2912A1D4E425C7E3253520CBF69CE017CB8DA72E1A0DA900E244A4B6A,110
1,20240615,https://m.kra.co.kr/race/seoul/scoretableAllScoreList.do?rcDate=20240615,cache,58333,788DFDCB7AC5899A00DABFEA689E5F4474E2C1B9B922867B5156E3D90799235B,121
1,20240616,https://m.kra.co.kr/race/seoul/scoretableAllScoreList.do?rcDate=20240616,cache,58408,A34BB9C8590E94702842575E16728994A1C2C0C966BBF1F596BD4C7CEB0BE9C0,121
1,20240622,https://m.kra.co.kr/race/seoul/scoretableAllScoreList.do?rcDate=20240622,cache,58360,5E644FDB7018411C21FD68450DF4A83C822FA77BE6AB285090D8E1AC486CE0AB,121
1,20240623,https://m.kra.co.kr/race/seoul/scoretableAllScoreList.do?rcDate=20240623,cache,55242,8B6370D4631B1628CBC286AD4FAECC0FB87D10D64F776946CD58F4FBAC43AE89,110
1,20240629,https://m.kra.co.kr/race/seoul/scoretableAllScoreList.do?rcDate=20240629,cache,58374,F464E67A83AE5691FC043B3C2B1DF2D13952F545090A519B5DB0E79E2CF94651,124
1,20240630,https://m.kra.co.kr/race/seoul/scoretableAllScoreList.do?rcDate=20240630,cache,48883,6C4E950EF18171CFEA616F6D8F05469985F187B0F87113609F9D16D085175850,88
1,20240706,https://m.kra.co.kr/race/seoul/scoretableAllScoreList.do?rcDate=20240706,cache,55238,B6C38B6685882D3FD6BB26F2398AFE6A90DAD0ABD82AE53AD40F16DA028485DC,110
1,20240707,https://m.kra.co.kr/race/seoul/scoretableAllScoreList.do?rcDate=20240707,cache,48969,AA171A721BE5451917EB658D61601D48C71752EEE484BAB3FDEB251DDD6583AD,91
1,20240713,https://m.kra.co.kr/race/seoul/scoretableAllScoreList.do?rcDate=20240713,cache,55196,25929B3ED462FD8E9E13DBC5AB6DED5A7A7A748C2CDF48DE4D1D485F72D33415,110
1,20240714,https://m.kra.co.kr/race/seoul/scoretableAllScoreList.do?rcDate=20240714,cache,52063,D5278B945326DF0EFADDA0FF515D9A0AFE1F35CECE3D70308B28A775A6B30D7C,99
1,20240720,https://m.kra.co.kr/race/seoul/scoretableAllScoreList.do?rcDate=20240720,cache,55235,4B9C73604542C64622E8FA29AFB27E9D8555FCC95E96035CB2A05437076BBDFA,110
1,20240721,https://m.kra.co.kr/race/seoul/scoretableAllScoreList.do?rcDate=20240721,cache,55218,AE01AEC69E53AFF177614E7B98DDE38BE8F0286FB66E294450A6B5DCBE99DFA0,110
1,20240727,https://m.kra.co.kr/race/seoul/scoretableAllScoreList.do?rcDate=20240727,cache,52054,AE2F3FFD98C56A740E0C9A54A73F52527B3E0C53B42B2ED30BB361AC33592CC2,99
1,20240728,https://m.kra.co.kr/race/seoul/scoretableAllScoreList.do?rcDate=20240728,cache,67820,2C0CCDBD6E562A034874601E2E6474491DBB8B7B2F095114993E541B74187849,154
1,20240803,https://m.kra.co.kr/race/seoul/scoretableAllScoreList.do?rcDate=20240803,cache,52070,4D4708A5C4DF68844AE6C771BF21B7DA6C2F6A47A0F744DC266A85D1158CEDFA,99
1,20240804,https://m.kra.co.kr/race/seoul/scoretableAllScoreList.do?rcDate=20240804,cache,67856,BB7963B798E13D16755DFB7936F945B8A175ADF9A4AA347A499DB26345AFE34F,154
1,20240817,https://m.kra.co.kr/race/seoul/scoretableAllScoreList.do?rcDate=20240817,cache,55211,BDFD526F70D9479B5FA233AAADC2DBE5AB135C6132154DD20848140BC434B8F3,110
1,20240818,https://m.kra.co.kr/race/seoul/scoretableAllScoreList.do?rcDate=20240818,cache,55253,2FE16D671206A12A4DB935B7BBBF7165013F2472F3A2A8CFF21742A1410A2B7E,110
1,20240824,https://m.kra.co.kr/race/seoul/scoretableAllScoreList.do?rcDate=20240824,cache,58371,A67B6CCF8811F62A8C12EF92F1D2328D2323973426926E49388FE27C469DED4B,121
1,20240825,https://m.kra.co.kr/race/seoul/scoretableAllScoreList.do?rcDate=20240825,cache,61542,58808643015D99F554F1A7B6160051F59CDCD82042E9380853B89D01CB464EFC,132
1,20240831,https://m.kra.co.kr/race/seoul/scoretableAllScoreList.do?rcDate=20240831,cache,58357,2E2A8C8C936F92BF4E30F0444AC2541F477ABF2BBDD5E4C4D0819425C327A223,121
1,20240901,https://m.kra.co.kr/race/seoul/scoretableAllScoreList.do?rcDate=20240901,cache,55224,D73584EB5FA2C5A70D01C700817DB53CF073AF8B7483A311374CC9ED8AA6F943,110
1,20240907,https://m.kra.co.kr/race/seoul/scoretableAllScoreList.do?rcDate=20240907,cache,58558,7876923A5B1B6C4ACA66C432E8163FA04C3D7BC396CFF52FEB0385ACC94C2F5C,121
1,20240908,https://m.kra.co.kr/race/seoul/scoretableAllScoreList.do?rcDate=20240908,cache,52069,15E85231D2AA693C7CE2708E3169B97906CE5D1093D9B7E43228332DEF60E92D,99
1,20240914,https://m.kra.co.kr/race/seoul/scoretableAllScoreList.do?rcDate=20240914,cache,58363,CA3DF2286101492EDAC6B6A21681E3566D85B3C5D2A5F9ECEAE03BE5F29F8CF8,121
1,20240915,https://m.kra.co.kr/race/seoul/scoretableAllScoreList.do?rcDate=20240915,cache,55211,392D95122BE52DC9452801813A04BF2D8BBB132DA8E546EB1942448B5EF3C705,110
1,20240928,https://m.kra.co.kr/race/seoul/scoretableAllScoreList.do?rcDate=20240928,cache,58339,8816CEA26D274A5B502C4F3AB8638C4071C080089107B4CD9D53EB4067703368,121
1,20240929,https://m.kra.co.kr/race/seoul/scoretableAllScoreList.do?rcDate=20240929,cache,56573,F9F152529353A674477D587718CB2B11101C702AC7ED1B4249C76E7A00D045B9,110
1,20241005,https://m.kra.co.kr/race/seoul/scoretableAllScoreList.do?rcDate=20241005,cache,58414,4A0CEB201F07983C84CED83C8707239182ED0CEE353FE574B99BCDA7C16F54E8,121
1,20241006,https://m.kra.co.kr/race/seoul/scoretableAllScoreList.do?rcDate=20241006,cache,58371,61CDA3252AE36E16F9B07D4607DD58A7172A6F73988676308ABDB93062FDE0E4,121
1,20241012,https://m.kra.co.kr/race/seoul/scoretableAllScoreList.do?rcDate=20241012,cache,58355,ACBB38AC036594F85D68DFFE475D1554D6EA1655322A21E9622666B1DD17EBAB,121
1,20241013,https://m.kra.co.kr/race/seoul/scoretableAllScoreList.do?rcDate=20241013,cache,58412,1BEB75BA28572AE904F0BB1CA5094D8C859F4A50CAF4173907E35E02B727F62C,121
1,20241019,https://m.kra.co.kr/race/seoul/scoretableAllScoreList.do?rcDate=20241019,cache,58354,79392F9B77FE9E2A0CEBE680966B490009C6F48677BD16D8C7285C5E3EBD3734,121
1,20241020,https://m.kra.co.kr/race/seoul/scoretableAllScoreList.do?rcDate=20241020,cache,58350,3102B3CD2FBE4C176E098B3532991B8CEC27AD6CE931CA5B4FE816055543B5C2,121
1,20241026,https://m.kra.co.kr/race/seoul/scoretableAllScoreList.do?rcDate=20241026,cache,58378,27D695BDF480E71F808BD31885661F5B8C8610A8DD97805FCA8C4B5EBC9E93DA,121
1,20241027,https://m.kra.co.kr/race/seoul/scoretableAllScoreList.do?rcDate=20241027,cache,58375,73732B453E10E23FB616C5C4115108641E4184DBD85E058F5F06157ACFFA79D0,121
1,20241102,https://m.kra.co.kr/race/seoul/scoretableAllScoreList.do?rcDate=20241102,cache,58370,84BBDD0DB70F35AEF55E3D6F682AE6C2F031BC1EB688B4AFFB0A6FD734536BF1,121
1,20241103,https://m.kra.co.kr/race/seoul/scoretableAllScoreList.do?rcDate=20241103,cache,58384,57ABE7A93AD0AC2D35C7903BEBFB3B375613F816A59EAEFB4BBC2134B9DFA67A,121
1,20241109,https://m.kra.co.kr/race/seoul/scoretableAllScoreList.do?rcDate=20241109,cache,58382,D8F9660947DD455142B0240E51F709A967CBCB913CB0193C6F4EE90DA84D85B4,121
1,20241110,https://m.kra.co.kr/race/seoul/scoretableAllScoreList.do?rcDate=20241110,cache,52084,580F203A6841F1AE1C9300C9F2F0A6001E6C632AF23E5BEE1E0CF6D5B6A8C0B3,99
1,20241116,https://m.kra.co.kr/race/seoul/scoretableAllScoreList.do?rcDate=20241116,cache,58386,D83B55BFE6737F278A28A6627C0D55A530A251C0E7B0C00989345FF543EBD1B3,121
1,20241117,https://m.kra.co.kr/race/seoul/scoretableAllScoreList.do?rcDate=20241117,cache,58361,497B9C509D5C868BD240EE42ABF43B2FA659785536F44DF5152A5296C4045D7B,121
1,20241123,https://m.kra.co.kr/race/seoul/scoretableAllScoreList.do?rcDate=20241123,cache,58322,E12A0FA2DAC38E1B6DFF729E31665BA9F6F07BFF918E57D2A4F3094378A94461,121
1,20241124,https://m.kra.co.kr/race/seoul/scoretableAllScoreList.do?rcDate=20241124,cache,58363,17536FB831D613DD614E10C2349F3E5A19C1BA115A5BBCB9420B63A1C417B994,121
1,20241130,https://m.kra.co.kr/race/seoul/scoretableAllScoreList.do?rcDate=20241130,cache,58393,2AEF77EB28715AD492A52E488C3726C96E8F9422CF1FC6B2B18409CD51BAFA02,121
1,20241201,https://m.kra.co.kr/race/seoul/scoretableAllScoreList.do?rcDate=20241201,cache,58400,0AC5C3BBA35BE7B046ECDF4F984D81E3533DB6AC143C6D53F432D64A03FC6740,121
1,20241207,https://m.kra.co.kr/race/seoul/scoretableAllScoreList.do?rcDate=20241207,cache,58377,65788E333F6C313E111AE53A7E2C5F576496ABC568C575A1BE7389596B9EB065,121
1,20241208,https://m.kra.co.kr/race/seoul/scoretableAllScoreList.do?rcDate=20241208,cache,55229,0CA42896C35C712A58E26B0241610F467BB36CCACC86A14107F054B53C0DB5CC,110
1,20241214,https://m.kra.co.kr/race/seoul/scoretableAllScoreList.do?rcDate=20241214,cache,58381,36EBAAB03224B1117D303D23FF9A39965C30180F957EDE003444F5620826D5FA,120
1,20241215,https://m.kra.co.kr/race/seoul/scoretableAllScoreList.do?rcDate=20241215,cache,58361,FF27896DE8D311BA8978B045B0B192C20DCB96DFA11F2E00115F4CCBD575350C,121
1,20241221,https://m.kra.co.kr/race/seoul/scoretableAllScoreList.do?rcDate=20241221,cache,58368,17C232168DDAD12AE7F5B9691F3DA3340C2CCF51AE0A0C6BD531EED1B1F5C206,121
1,20241222,https://m.kra.co.kr/race/seoul/scoretableAllScoreList.do?rcDate=20241222,cache,58393,84D54A1FCA027AC01E4AD5B5C129CB8FA1FA619058B6FD31D7279FF4112EBECB,121
1,20241228,https://m.kra.co.kr/race/seoul/scoretableAllScoreList.do?rcDate=20241228,cache,61517,34E39761392F19BBFB4B358C5DA266D26660D64B5794B4491514D38D2F7EFFF9,132
1,20241229,https://m.kra.co.kr/race/seoul/scoretableAllScoreList.do?rcDate=20241229,cache,58435,8866AE83278BE4C058C3E87F8765AF22BFD5B824D826494FE9B2FA041AB3D836,121
1,20250104,https://m.kra.co.kr/race/seoul/scoretableAllScoreList.do?rcDate=20250104,cache,58399,3EE1066865FA3DEEBA49BDB64F7F1BB62F9C17E7D0579B1C6D513850D14B8103,121
1,20250105,https://m.kra.co.kr/race/seoul/scoretableAllScoreList.do?rcDate=20250105,cache,58385,07446DEC2054291D7555762C30D7755B1611AFDD365C5724E2753CD546A5FC43,121
1,20250111,https://m.kra.co.kr/race/seoul/scoretableAllScoreList.do?rcDate=20250111,cache,58330,6B1645BC310D0FC6E843583F6582414062125EEF0FEB772FBC2D42C8ED9DF628,121
1,20250112,https://m.kra.co.kr/race/seoul/scoretableAllScoreList.do?rcDate=20250112,cache,58349,36D1EBFB0A2C4DB6D2CAA5293669B6C652B8328A5CA5CA6691DDCD3588C666F1,121
1,20250118,https://m.kra.co.kr/race/seoul/scoretableAllScoreList.do?rcDate=20250118,cache,58370,A5B0AE9247737BCB23E38CC43C8C60D938B31942E28B7C09CDE08A06BEB3671E,121
1,20250119,https://m.kra.co.kr/race/seoul/scoretableAllScoreList.do?rcDate=20250119,cache,58399,F1ED049FB917361B7F2DFC6F30925347E8AAB51FC6CA3D88D91B08D9D4CB2D82,121
1,20250125,https://m.kra.co.kr/race/seoul/scoretableAllScoreList.do?rcDate=20250125,cache,58391,BB8439A4253785CA80E229460872CE208823D0DD219F0559C2DC791C2AC3CA2B,121
1,20250126,https://m.kra.co.kr/race/seoul/scoretableAllScoreList.do?rcDate=20250126,cache,58437,2764E154AFAE47FED086739AB36FC778F7408FBD6F04D04BE0DF9C5B43F8DCFD,121
1,20250208,https://m.kra.co.kr/race/seoul/scoretableAllScoreList.do?rcDate=20250208,cache,58380,406492B9D4E8C68062962A8FEB6C543B6F3066B2C5B66A7D5598A9B7034801F2,121
1,20250209,https://m.kra.co.kr/race/seoul/scoretableAllScoreList.do?rcDate=20250209,cache,58418,1CEC550318F54695366E8E3721AD88D7A54B0385C1EE2BF6DD63F035065C5AE1,121
1,20250215,https://m.kra.co.kr/race/seoul/scoretableAllScoreList.do?rcDate=20250215,cache,58379,E45CE1D363EA5199941F343B8A57738A37F069CEDA8963B0F7D3E521BA42EF0E,121
1,20250216,https://m.kra.co.kr/race/seoul/scoretableAllScoreList.do?rcDate=20250216,cache,58415,FE5B4F2D3C763ACEFB406F4301ADFA9443BC79FDABA59529032F50A13D61572A,121
1,20250222,https://m.kra.co.kr/race/seoul/scoretableAllScoreList.do?rcDate=20250222,cache,58379,C7D50D27038D16B6CB7691EF7EA38F62088ED617F99DC87C75A757B54DCBEEC9,121
1,20250223,https://m.kra.co.kr/race/seoul/scoretableAllScoreList.do?rcDate=20250223,cache,58404,B00B93C95F24048F6DA2FACF2E0E777801243E2C79ADD0841F5A34292D5E162E,121
1,20250301,https://m.kra.co.kr/race/seoul/scoretableAllScoreList.do?rcDate=20250301,cache,55268,A40137C612B754908153C311D965EDD9A05A9834F030567352EFCCFE72D6EF13,110
1,20250302,https://m.kra.co.kr/race/seoul/scoretableAllScoreList.do?rcDate=20250302,cache,58376,A185E597766F2ED55D8E66DB72068DBA28F89851F88B217B85E4238724E9CB51,121
1,20250308,https://m.kra.co.kr/race/seoul/scoretableAllScoreList.do?rcDate=20250308,cache,55225,1CA46EAD648E94D47E5EFDDE8261C40F9EF49E09FC34918450E590195546C025,110
1,20250309,https://m.kra.co.kr/race/seoul/scoretableAllScoreList.do?rcDate=20250309,cache,58368,27152E5AEF56DE45FD9EEF0B7E49826D905FD8813937C62D74E017993C073B7F,121
1,20250315,https://m.kra.co.kr/race/seoul/scoretableAllScoreList.do?rcDate=20250315,cache,55227,4381E8349B7E589440EC5B6F1BE524563D32CA1A8F3E242844C0B55C00BB33FD,110
1,20250316,https://m.kra.co.kr/race/seoul/scoretableAllScoreList.do?rcDate=20250316,cache,58406,A9574A1F10E30951E18CCA7FB19701B1E8708A64E2BBCA0A6C1073DFAFC7EF6C,121
1,20250322,https://m.kra.co.kr/race/seoul/scoretableAllScoreList.do?rcDate=20250322,cache,55183,D71D97E84BB63F6BDFD8ED96219A07F3907172664AD8AE95A1D831B9824C74C4,110
1,20250323,https://m.kra.co.kr/race/seoul/scoretableAllScoreList.do?rcDate=20250323,cache,58446,A2DAEEA4E57F00775C4A5B768095DB6985701B98F7DBEDD596A43A10A8BE2895,124
1,20250329,https://m.kra.co.kr/race/seoul/scoretableAllScoreList.do?rcDate=20250329,cache,55213,403DCAEBD3B5869D3F7EDA9BDAA80DB0DBDF6E11F6C474F28742825779BB3E3B,110
1,20250330,https://m.kra.co.kr/race/seoul/scoretableAllScoreList.do?rcDate=20250330,cache,58401,B8C84430E77AE9FD17D21E8BAEC45FC6035F9118FB45311B85565D46F616154E,121
1,20250405,https://m.kra.co.kr/race/seoul/scoretableAllScoreList.do?rcDate=20250405,cache,55252,95392B27C14349997E3EE18BFE8A043D829352F3914C954A6FA8D13DAEAA491F,110
1,20250406,https://m.kra.co.kr/race/seoul/scoretableAllScoreList.do?rcDate=20250406,cache,58390,7AAB055E3219515DD81F4B818F32B4A61E79D16B6B6B168B97CEC525D94B80A0,121
1,20250412,https://m.kra.co.kr/race/seoul/scoretableAllScoreList.do?rcDate=20250412,cache,55195,C350E4FFC8D0FA5ABDB5A28D437FAAE3D135EDF6947B04E628323D4A1E40907B,110
1,20250413,https://m.kra.co.kr/race/seoul/scoretableAllScoreList.do?rcDate=20250413,cache,58472,4D58A66D601A0F0B304AECB0B783233616ACCB89196B3AEB01EB5991D9136FC2,124
1,20250419,https://m.kra.co.kr/race/seoul/scoretableAllScoreList.do?rcDate=20250419,cache,55242,9FDD67D16C86400A8F43AFEFFC6ADC40D67E2CD7965B501AC9C0D1F6C021C64A,110
1,20250420,https://m.kra.co.kr/race/seoul/scoretableAllScoreList.do?rcDate=20250420,cache,58344,E3FFB820961306CF7B0A422ADC8FCEB68BB798726471B1A2056A2929F3D40161,121
1,20250426,https://m.kra.co.kr/race/seoul/scoretableAllScoreList.do?rcDate=20250426,cache,55233,6C9884F0598C2229AF4395EC867E807482D5C8F80886E1BF22787E7A59472D5B,110
1,20250427,https://m.kra.co.kr/race/seoul/scoretableAllScoreList.do?rcDate=20250427,cache,58411,EEDA3390C7292DB35201E798247267151A1103D9CCA5C9350A62B67B09CC884A,121
1,20250503,https://m.kra.co.kr/race/seoul/scoretableAllScoreList.do?rcDate=20250503,cache,55250,BD166D912115A5947B3A94FB36F8DA15A2EBC75BF55EA1FEB8E82274A003B766,110
1,20250504,https://m.kra.co.kr/race/seoul/scoretableAllScoreList.do?rcDate=20250504,cache,58369,179579A63CFBC29C430C8A03D3244C1EABD481CFD6E6B95FA9596F6D950BFA58,121
1,20250510,https://m.kra.co.kr/race/seoul/scoretableAllScoreList.do?rcDate=20250510,cache,55253,E8BA320D60F6EC4D93738EA0EBF962E38A3692EA70531E6FE9F3A8507D154715,110
1,20250511,https://m.kra.co.kr/race/seoul/scoretableAllScoreList.do?rcDate=20250511,cache,58373,A5D3A8FD18AA4400339FDB9E9604ECAE5D51F4F7952E1A990606903D663CA636,120
1,20250517,https://m.kra.co.kr/race/seoul/scoretableAllScoreList.do?rcDate=20250517,cache,55255,A4477EEFCA42AC13F2B78B94B8CA5A453AA8AFD1EB3E5F4116F70ED1316E16E8,110
1,20250518,https://m.kra.co.kr/race/seoul/scoretableAllScoreList.do?rcDate=20250518,cache,58444,ED5B12173E10037802A2AC01BDBC0745292C4B589A15D5748B31158789ECCE4B,124
1,20250524,https://m.kra.co.kr/race/seoul/scoretableAllScoreList.do?rcDate=20250524,cache,55193,1108313B32CC832B1E644129016728AEE4FFFD7CE7F63ABABED733714B124F3E,110
1,20250525,https://m.kra.co.kr/race/seoul/scoretableAllScoreList.do?rcDate=20250525,cache,58406,D03BC7DC39D8A1EA735DED16C7244CB28FD47121741E577E6086CD0144A80453,121
1,20250531,https://m.kra.co.kr/race/seoul/scoretableAllScoreList.do?rcDate=20250531,cache,55186,9020ACC3C7C11FC42E78E853800C00CFA5C2F5C51964A5D083C42317B4421FEC,110
1,20250601,https://m.kra.co.kr/race/seoul/scoretableAllScoreList.do?rcDate=20250601,cache,58356,7FBB6584BC60760046F2FFAF75E47DB26CC0C2754788535F5DA5FC5F4FA74CAE,121
1,20250607,https://m.kra.co.kr/race/seoul/scoretableAllScoreList.do?rcDate=20250607,cache,52159,E7FBC5854C1BA71D80AC5E613504C96C3D1EE9DFB3D5280B027A94817A93CB2A,99
1,20250608,https://m.kra.co.kr/race/seoul/scoretableAllScoreList.do?rcDate=20250608,cache,52121,8F763B6F25328D9885961203EFD515018DFD7602CB9E091D41AADB4CA9E01435,99
1,20250614,https://m.kra.co.kr/race/seoul/scoretableAllScoreList.do?rcDate=20250614,cache,52064,E95ED80C6D8F6D67529A47FCB4B8FD63D88BBCE23FFF7C278F97E5A1F79C9DC6,99
1,20250615,https://m.kra.co.kr/race/seoul/scoretableAllScoreList.do?rcDate=20250615,cache,58460,9666B8C022B567B1A4E3811A34C119A1E5DBEA9DC0E0CD2D075932A058FACD86,121
1,20250621,https://m.kra.co.kr/race/seoul/scoretableAllScoreList.do?rcDate=20250621,cache,52085,72D33F1B81F9D8833097A3CCFD081B0AD40B9376745096EB2D87F30EF7F66300,99
1,20250622,https://m.kra.co.kr/race/seoul/scoretableAllScoreList.do?rcDate=20250622,cache,58401,9EBCA8779E1BBEF6EDC6A4140CD10407C1933DAFCBCF914DEA47918D58123F39,121
1,20250628,https://m.kra.co.kr/race/seoul/scoretableAllScoreList.do?rcDate=20250628,cache,52049,B8B9B6E5CE45B8601FE621406AE5C7CABDC380218E21C5298ECB26ED47FD4B22,99
1,20250629,https://m.kra.co.kr/race/seoul/scoretableAllScoreList.do?rcDate=20250629,cache,58318,687F1CB53990ABF504BE2A3AA3A457356A22F9D0E84A95D5781FCAADEAD4D83D,121
1,20250705,https://m.kra.co.kr/race/seoul/scoretableAllScoreList.do?rcDate=20250705,cache,52052,EA985092E01606C21FC7975C0578D9FC349AFDFBD75E63E424D566229DFD5615,98
1,20250706,https://m.kra.co.kr/race/seoul/scoretableAllScoreList.do?rcDate=20250706,cache,58447,8A5AA9A5D806306DFE021643DF07B82103BD254D6B40A2B3650962BA63E28952,121
1,20250712,https://m.kra.co.kr/race/seoul/scoretableAllScoreList.do?rcDate=20250712,cache,52059,BD13FAE7946DACCE65C1EA5F689BD75D8710E5D66C33F82BF6085F521D9E3732,99
1,20250713,https://m.kra.co.kr/race/seoul/scoretableAllScoreList.do?rcDate=20250713,cache,58393,724CDBAF97E452FA26B3B94CC296DF89F91F42CE7888506A62D8C8C0EE5AF4B6,121
1,20250719,https://m.kra.co.kr/race/seoul/scoretableAllScoreList.do?rcDate=20250719,cache,52056,3DB6F92DF6007A99453DFE433165E7BACB36469E8932789B2FB1D3991A8E0F11,99
1,20250720,https://m.kra.co.kr/race/seoul/scoretableAllScoreList.do?rcDate=20250720,cache,58402,C990BBD8988D06ED084CFA18F064F8D72E86E12DB1F6A8DF9468BCC98B64BE6B,121
1,20250726,https://m.kra.co.kr/race/seoul/scoretableAllScoreList.do?rcDate=20250726,cache,52074,100469EA1F25CEC93515821CF6A35AE066D85360AA51DFE218CAF3672CDAAB92,99
1,20250727,https://m.kra.co.kr/race/seoul/scoretableAllScoreList.do?rcDate=20250727,cache,67850,63858091F43CB0A1698391DF8D15CE08C03747A3F81981CC12752C76F97501CF,154
1,20250802,https://m.kra.co.kr/race/seoul/scoretableAllScoreList.do?rcDate=20250802,cache,52071,A94C461DD3403A8DA6E3381C340C8BB1E05BEA53CBB3421AF407A3A82A4F8EDE,99
1,20250803,https://m.kra.co.kr/race/seoul/scoretableAllScoreList.do?rcDate=20250803,cache,67869,E6EC48F5EB85C892563E363D093AC1D3BD08989FF869FDA472FD6AB9C85CE5ED,154
1,20250816,https://m.kra.co.kr/race/seoul/scoretableAllScoreList.do?rcDate=20250816,cache,52110,5B42CE588D41F17D4C347A1B2D74FB175E1818C1E9B4ED9A1CC9C61A72DEFDB1,99
1,20250817,https://m.kra.co.kr/race/seoul/scoretableAllScoreList.do?rcDate=20250817,cache,58366,A56129648294123B7E529935BC068128A8D3E0EA8E2316A2A3F1B02A0D4C4763,121
1,20250823,https://m.kra.co.kr/race/seoul/scoretableAllScoreList.do?rcDate=20250823,cache,68795,36786A8A63E19D905272607535A9671EFC0BEDD80D750E0F858051B3E65C5F37,110
1,20250824,https://m.kra.co.kr/race/seoul/scoretableAllScoreList.do?rcDate=20250824,cache,73237,87883D5704B0C72E0BD83430FFCC5426F01E062F3449D60F7C5F71D227122144,120
1,20250830,https://m.kra.co.kr/race/seoul/scoretableAllScoreList.do?rcDate=20250830,cache,68807,BBE7F69096D7FB278E209550705BF7A0FFABF00D5B3B2ABB490D71F35D1F4D77,113
1,20250831,https://m.kra.co.kr/race/seoul/scoretableAllScoreList.do?rcDate=20250831,cache,73276,6904BAC7EA8669C8D2E23587FB5E7C768182E5D63BEB45D2113AE4E46437CEE2,121
1,20250906,https://m.kra.co.kr/race/seoul/scoretableAllScoreList.do?rcDate=20250906,cache,73334,86E64A8A243E224180B3618B24301A1C56197273B7BC6DF80081FD2FDD7CD094,120
1,20250907,https://m.kra.co.kr/race/seoul/scoretableAllScoreList.do?rcDate=20250907,cache,68780,F8EF163F9E7F102D595D24106FF189FBCAC500735ED352107A049A5DEEAD717F,110
1,20250913,https://m.kra.co.kr/race/seoul/scoretableAllScoreList.do?rcDate=20250913,cache,68727,2BD026F6721C49BC2881CF257E0AEF5161ED07406F3361DF67622761304B6817,110
1,20250914,https://m.kra.co.kr/race/seoul/scoretableAllScoreList.do?rcDate=20250914,cache,73276,B64C444197A0AF215470642FDA73791699BCC58CDDDD82CBC88E6B3EDB5D11D0,121
1,20250920,https://m.kra.co.kr/race/seoul/scoretableAllScoreList.do?rcDate=20250920,cache,68785,3122B3A5BC2865642E4AF2D562583A0650A7752A8EE9CE262F6D9DBE23B16B34,110
1,20250921,https://m.kra.co.kr/race/seoul/scoretableAllScoreList.do?rcDate=20250921,cache,73348,1FF22804C5E7A7562E1A1F970787F57985DCA90C8CC0944B761DEA22908BD74A,121
1,20250927,https://m.kra.co.kr/race/seoul/scoretableAllScoreList.do?rcDate=20250927,cache,68739,C1DF27456745D7A5CE78337542AC2AB45F3EAB2A887D0059BDA07B49F918C65D,110
1,20250928,https://m.kra.co.kr/race/seoul/scoretableAllScoreList.do?rcDate=20250928,cache,73309,46BEA8D5179E6369211B0615C8A806412370E42AF4F71A1EAA7B4C452F159484,121
1,20251003,https://m.kra.co.kr/race/seoul/scoretableAllScoreList.do?rcDate=20251003,cache,73255,F82F14E1CB0E6C5D70518CF1F08942E70D744562EC34F28EE5AA2EF620D0DDE1,121
1,20251004,https://m.kra.co.kr/race/seoul/scoretableAllScoreList.do?rcDate=20251004,cache,73322,9E5DA777A2A2BA18066E4744BB8A4670B5A5909640BA050A9624209441661253,121
1,20251018,https://m.kra.co.kr/race/seoul/scoretableAllScoreList.do?rcDate=20251018,cache,73245,9E2BCDC119EAAEB326C0A4921CBA230C5D3BD4455455A84A8952D98941FA60C1,121
1,20251019,https://m.kra.co.kr/race/seoul/scoretableAllScoreList.do?rcDate=20251019,cache,73240,E39EDCDFF16FC98FB1E059FB050B0A88CCE705713F92204C37A918327C3CDED8,121
1,20251025,https://m.kra.co.kr/race/seoul/scoretableAllScoreList.do?rcDate=20251025,cache,73269,F4D2AC5A51AD326521492B24FA7DBB32EE87ACC04D0A7150DEDB832D08006406,121
1,20251026,https://m.kra.co.kr/race/seoul/scoretableAllScoreList.do?rcDate=20251026,cache,73283,8B3569EFF0402146A6AE035E70313901D6F8C9D0CCC4C0932081A24024E458E0,121
1,20251101,https://m.kra.co.kr/race/seoul/scoretableAllScoreList.do?rcDate=20251101,cache,73230,C40C994E66A4B7ECF77C7BB5E6DA10F17D72749ADBED7E26F4173502A62BB49F,121
1,20251102,https://m.kra.co.kr/race/seoul/scoretableAllScoreList.do?rcDate=20251102,cache,73280,3D443503DDAFD8EA469A8BD0AB2DA9EFEF36E2D63A01F19D077B61352BE8B2FF,121
1,20251108,https://m.kra.co.kr/race/seoul/scoretableAllScoreList.do?rcDate=20251108,cache,73250,37A189F9D377A47F5CF1C1A699B53025220CE900AC2857C83FE16BB607B303AF,121
1,20251109,https://m.kra.co.kr/race/seoul/scoretableAllScoreList.do?rcDate=20251109,cache,73275,EBC6F1F64291C04842CF3BE8112ECD71976679A2D325B9F743EC03C235547857,121
1,20251115,https://m.kra.co.kr/race/seoul/scoretableAllScoreList.do?rcDate=20251115,cache,73297,EFA485E08CC896239E4EABF5670F2C0CD07EC16BB63D1D31C101F4B247468A58,121
1,20251116,https://m.kra.co.kr/race/seoul/scoretableAllScoreList.do?rcDate=20251116,cache,73247,F365BA20AA88DD1E094E203F74067C9481EAA856789782BFF4D6DE45C83E0098,121
1,20251122,https://m.kra.co.kr/race/seoul/scoretableAllScoreList.do?rcDate=20251122,cache,73246,B10AE7CC6824B8CD4158C30E2BA36D7D4B25F767DF73A9D744CB7C65A8B372E7,121
1,20251123,https://m.kra.co.kr/race/seoul/scoretableAllScoreList.do?rcDate=20251123,cache,73236,2FC4D58BADDB4614A55CB852F1E6706215527938BA122D2FDCBB4D7E8ADE22B9,121
1,20251129,https://m.kra.co.kr/race/seoul/scoretableAllScoreList.do?rcDate=20251129,cache,73313,7576E1AC2D5615FEF7EB573504452CA5407F47421246A915D826283A27C7EEB6,121
1,20251130,https://m.kra.co.kr/race/seoul/scoretableAllScoreList.do?rcDate=20251130,cache,73322,1EB67A1C55BD2B2D16B63CB1623BC6F95BF9F7C2E5A0D883AFE79809E4D46A22,121
1,20251206,https://m.kra.co.kr/race/seoul/scoretableAllScoreList.do?rcDate=20251206,cache,73290,22501183069AA2238B010EBE83E19E7BF65F064AC01434A5D269E671ECAF9724,124
1,20251207,https://m.kra.co.kr/race/seoul/scoretableAllScoreList.do?rcDate=20251207,cache,73263,4C261A3325AE08C8A9BAF5CE250E35D0C276F8BB8198179A463C33F5C31EAD52,121
1,20251213,https://m.kra.co.kr/race/seoul/scoretableAllScoreList.do?rcDate=20251213,cache,73262,8A34287D624135CB5E05C0000BE43344393F2C976D167BB9235CB3493D41D43B,121
1,20251214,https://m.kra.co.kr/race/seoul/scoretableAllScoreList.do?rcDate=20251214,cache,73237,5EE5F020BCB50AB502C0E8185EB32998D10D307D11F7648333CB2D0C7F3EBCF2,120
1,20251220,https://m.kra.co.kr/race/seoul/scoretableAllScoreList.do?rcDate=20251220,cache,73268,6A33C4F9EC8F9A3E3772428CEA3BDD1FB26472AFDBB16328179EC5952A05C33A,121
1,20251221,https://m.kra.co.kr/race/seoul/scoretableAllScoreList.do?rcDate=20251221,cache,73280,30385E2930F9658B8E45A5B52F5E44151CD843A08FC9701B1C373B03A6078E0A,121
1,20251227,https://m.kra.co.kr/race/seoul/scoretableAllScoreList.do?rcDate=20251227,cache,73280,09E05D000E2DC4C02C3331B3733E0E30AC9618CE00E724E705097767152F50D2,121
1,20251228,https://m.kra.co.kr/race/seoul/scoretableAllScoreList.do?rcDate=20251228,cache,73303,1ADB8A5B17BE0073F4AAB612E22FFE3F926D77434800F3CEA8B33B1B12BA8E72,121
1,20260103,https://m.kra.co.kr/race/seoul/scoretableAllScoreList.do?rcDate=20260103,cache,73307,25645DBF4F0DCD1D73DDE169F18A3E7F7EBF2823F83C714C7A35FE05D2B85F23,121
1,20260104,https://m.kra.co.kr/race/seoul/scoretableAllScoreList.do?rcDate=20260104,cache,68782,9CFDF9FBA8CC3CAFDBCC03E9401FE5D8C4E42746036FB5AA2C66F6987E3D8913,110
1,20260110,https://m.kra.co.kr/race/seoul/scoretableAllScoreList.do?rcDate=20260110,cache,73362,62E616C423D3F3A1B027EF86E5497D49D5BAE510C416082C90CCFD1A92999C5A,121
1,20260111,https://m.kra.co.kr/race/seoul/scoretableAllScoreList.do?rcDate=20260111,cache,68795,BBA5D1ED27FDF27A6E94512958A109608D23E533DECE15A41E05B1B5CCDE8FC0,110
1,20260117,https://m.kra.co.kr/race/seoul/scoretableAllScoreList.do?rcDate=20260117,cache,73279,27A0EAF2E1005CF3C2A798355A076D24C3AC4969D22DC75FC2AA61F2C988DC84,121
1,20260118,https://m.kra.co.kr/race/seoul/scoretableAllScoreList.do?rcDate=20260118,cache,68783,516E5C660A7755D64746A0A0F51588F3D5C12F017DC93E0AD6C6F6E1F3D220FD,110
1,20260124,https://m.kra.co.kr/race/seoul/scoretableAllScoreList.do?rcDate=20260124,cache,73296,7F70D664EDA36045930331974036A62660479DE3E69BC1783A7F67E2A0A7A1EA,121
1,20260125,https://m.kra.co.kr/race/seoul/scoretableAllScoreList.do?rcDate=20260125,cache,68760,2C224703625A6406E9180C3B557D907FF2AA55B8DA557466F0FF3C8ABC37EA32,110
1,20260131,https://m.kra.co.kr/race/seoul/scoretableAllScoreList.do?rcDate=20260131,cache,73314,CEB136E3303A12CF363FD9B94EBB38150749193084E7A6A24DBC427F50B331CB,121
1,20260201,https://m.kra.co.kr/race/seoul/scoretableAllScoreList.do?rcDate=20260201,cache,68760,A3B273249E2B0D5DB1CB48994839B5D9F45E212FF71CF7E021D4853E76119C0D,110
1,20260207,https://m.kra.co.kr/race/seoul/scoretableAllScoreList.do?rcDate=20260207,cache,73316,215273B5EFC738967F4394ABFD4C413529DCCC755CE83933BA2FEE42176B51FE,121
1,20260208,https://m.kra.co.kr/race/seoul/scoretableAllScoreList.do?rcDate=20260208,cache,68779,A1DFB94F641EB1C123DE967F5859F84240B74C5E93C3A776297FE865E52014D2,110
1,20260214,https://m.kra.co.kr/race/seoul/scoretableAllScoreList.do?rcDate=20260214,cache,73848,BA23F512289D6F340A01E2B1ED9B11F9924BF7E17FF675476983CC9E3BA5199F,127
1,20260215,https://m.kra.co.kr/race/seoul/scoretableAllScoreList.do?rcDate=20260215,cache,68761,D9174C529FE81D9DE3B32A382D5C0CFB9904BB3D2C85E4AA953A861D5757DAC9,110
1,20260228,https://m.kra.co.kr/race/seoul/scoretableAllScoreList.do?rcDate=20260228,cache,73338,AACB7BA35656B370DDCF96FC2E19660292BF8EEC154BE0AC04753D8267DE82A9,124
1,20260301,https://m.kra.co.kr/race/seoul/scoretableAllScoreList.do?rcDate=20260301,cache,68766,CF68E07A49335ED6DED9081D894F2F0232EA472382992554AB61CE715C6E563B,110
1,20260302,https://m.kra.co.kr/race/seoul/scoretableAllScoreList.do?rcDate=20260302,cache,68783,48D5A4A82DC0939722A0CF42B2A60E77A689ABC2431B098F10415E1DCB4B225E,110
1,20260307,https://m.kra.co.kr/race/seoul/scoretableAllScoreList.do?rcDate=20260307,cache,73327,CD25C2E3F9EF1D6A619A49210C705CD26FFD9507356A85173CB95C6C0D9E4EED,121
1,20260308,https://m.kra.co.kr/race/seoul/scoretableAllScoreList.do?rcDate=20260308,cache,68800,D233C4FD19C316D9DD0361BD3659A0CCDE3841A6E7D747AEF0702B85680CB7FE,110
1,20260314,https://m.kra.co.kr/race/seoul/scoretableAllScoreList.do?rcDate=20260314,cache,73350,40BE0679B48DB87CA53B3291E3AD2C353E71D761909B3B6690230FBB86410655,124
1,20260315,https://m.kra.co.kr/race/seoul/scoretableAllScoreList.do?rcDate=20260315,cache,68787,288D744F92FC8FEEDBC2138B5428DD885C9695DFE8601C67CD2CE580359092EE,110
1,20260321,https://m.kra.co.kr/race/seoul/scoretableAllScoreList.do?rcDate=20260321,cache,73295,371C69D8978E195EB973CFD7A20EDC4097EAA12C9AA9A779667FB366B92D9528,121
1,20260322,https://m.kra.co.kr/race/seoul/scoretableAllScoreList.do?rcDate=20260322,cache,68810,B423BCCCB32CF7AED6BFB18ED7EF2FD53319D90E1D6F282C6EED45405C12EE5B,110
1,20260328,https://m.kra.co.kr/race/seoul/scoretableAllScoreList.do?rcDate=20260328,cache,73238,45DEFEB445385E27A7D0ECBBBA15117A5D799B8B673954EDE5B194EA192C08EE,121
1,20260329,https://m.kra.co.kr/race/seoul/scoretableAllScoreList.do?rcDate=20260329,cache,68748,71A1601BE60B2CAE3795833F85E5092C79A62EE88013A52162B516C3941337FC,110
1,20260404,https://m.kra.co.kr/race/seoul/scoretableAllScoreList.do?rcDate=20260404,cache,73238,9B21046D4DE560EFC607767B30B9BDD715C23F70550F26C40A30BD77AEF26537,121
1,20260405,https://m.kra.co.kr/race/seoul/scoretableAllScoreList.do?rcDate=20260405,cache,68727,D4A212F424AEE0EE734E0B47288A0088B22C1592D9C0F77DB2926F7F465FB9D1,110
1,20260411,https://m.kra.co.kr/race/seoul/scoretableAllScoreList.do?rcDate=20260411,cache,73303,525F64349A3197FB8F7899D8E09EB9D899F67808508A42B5F453327FD1358C64,121
1,20260412,https://m.kra.co.kr/race/seoul/scoretableAllScoreList.do?rcDate=20260412,cache,68797,F27D8D2B8D52491CC415D76D5A7B6AFED1BAB96C6B34EEB4B55C415A99215DB1,110
1,20260418,https://m.kra.co.kr/race/seoul/scoretableAllScoreList.do?rcDate=20260418,cache,73267,33A4E3C1F74BB42FAE18E7C546256940F9995594E55C451DA270A5C294521A2A,121
1,20260419,https://m.kra.co.kr/race/seoul/scoretableAllScoreList.do?rcDate=20260419,cache,68772,60FE45C05BAF1BD0D15F2B2B666CC297597DE43FEC6F81F6E84C00E91388A710,110
1,20260425,https://m.kra.co.kr/race/seoul/scoretableAllScoreList.do?rcDate=20260425,cache,73241,5CF8EFA16DC452A9EACCF5DBC92791F0027C88B3F4FDCA8FBEC2EBECB63BDDB0,121
1,20260426,https://m.kra.co.kr/race/seoul/scoretableAllScoreList.do?rcDate=20260426,cache,68807,AD1979E858C38DCD8934D9EB015E7E2C39021289027CC10AE2AFFF217C7E6683,110
1,20260502,https://m.kra.co.kr/race/seoul/scoretableAllScoreList.do?rcDate=20260502,cache,68770,61456F1F14B9C2DD11CB104A3C988BD409AFE044BB77D27C462CF747FC2F0D05,110
1,20260503,https://m.kra.co.kr/race/seoul/scoretableAllScoreList.do?rcDate=20260503,cache,68795,CAD6B80408279CC9CB8F162AE1E48261B6FBC2077ED10E7567A82C6155725697,110
1,20260509,https://m.kra.co.kr/race/seoul/scoretableAllScoreList.do?rcDate=20260509,cache,68765,1B34235C959639F7E373220D4793C096781DAB314A721DA50D896443FBBECBC9,109
1,20260510,https://m.kra.co.kr/race/seoul/scoretableAllScoreList.do?rcDate=20260510,cache,68769,56C72D57D14FFF333328C26AF94E867547DEFC9A49216F95F6FFDC900A32C54B,110
1,20260516,https://m.kra.co.kr/race/seoul/scoretableAllScoreList.do?rcDate=20260516,cache,68791,1E08787F7DA1BBE416296C8BF9E5BD3FBCD24E14A19DC387409F946BE4108656,110
1,20260517,https://m.kra.co.kr/race/seoul/scoretableAllScoreList.do?rcDate=20260517,cache,68834,CBC43152CD99F5428ADAB5D89E9AE9FD0CD2B9963D61FB013BA3FE7D9B418781,110
1,20260523,https://m.kra.co.kr/race/seoul/scoretableAllScoreList.do?rcDate=20260523,cache,68748,FEE38E7AB44226EE791B4AD2532903F5EF6F93DEAF3138596F7EDF23535B8864,110
1,20260524,https://m.kra.co.kr/race/seoul/scoretableAllScoreList.do?rcDate=20260524,cache,68763,9AFDE54CB527155243BF6935F578E9191B6082393F8708009AF38AC0AE3DDC5C,110
1,20260530,https://m.kra.co.kr/race/seoul/scoretableAllScoreList.do?rcDate=20260530,cache,68741,1C87930D30BBE9D1E5DF9461E923E39ED5D128B4D0D2CBC98F848519DE0FF3EE,110
1,20260531,https://m.kra.co.kr/race/seoul/scoretableAllScoreList.do?rcDate=20260531,cache,68786,A143C38D1B07E384B433C8EF5DB101C639EBD8AC93EB60345111013B11CD087C,110
1,20260606,https://m.kra.co.kr/race/seoul/scoretableAllScoreList.do?rcDate=20260606,cache,68747,9CE4923EDF5B60A8356479F865E016DF0B719E179004ECD55950C55278520615,110
1,20260607,https://m.kra.co.kr/race/seoul/scoretableAllScoreList.do?rcDate=20260607,cache,68812,9D7C2566276E816B3C51695043B5A2D76025B287610264DB643BB1C7035CD078,110
1,20260613,https://m.kra.co.kr/race/seoul/scoretableAllScoreList.do?rcDate=20260613,cache,68737,FD7E3644004728CB3EABE95E09F61EB4377A20FE9756585C0C8B49E31A2A472A,110
1,20260614,https://m.kra.co.kr/race/seoul/scoretableAllScoreList.do?rcDate=20260614,cache,68767,0A3D736B2E3B46D3DBEA89954C681616232A79419A9EAFF3929DE5C7DC8100DF,110
1,20260620,https://m.kra.co.kr/race/seoul/scoretableAllScoreList.do?rcDate=20260620,cache,68814,E4375781CF2003EA1385F6D49190777803527F1F6F6165E61FE8DB050BDE484B,110
1,20260621,https://m.kra.co.kr/race/seoul/scoretableAllScoreList.do?rcDate=20260621,cache,68767,400EC5E2E9B0AE4DACAFAFC2F83E3E7FA77EF4829FC23F85E596E7986A07D522,110
1,20260627,https://m.kra.co.kr/race/seoul/scoretableAllScoreList.do?rcDate=20260627,cache,68866,2CDFED206BB88037121140D296BCA52363965551F2F7304808174332A14A56AA,110
1,20260628,https://m.kra.co.kr/race/seoul/scoretableAllScoreList.do?rcDate=20260628,cache,68756,9678F6F4CC048993BE6E472A83DB3C83E27EE55838D75AE277504850CB74B126,113
1,20260704,https://m.kra.co.kr/race/seoul/scoretableAllScoreList.do?rcDate=20260704,cache,68757,F0C12F3BB1069D982625FC0729965D8F86AC53FDE64B9676BCC8666DC9DFA75D,110
1,20260705,https://m.kra.co.kr/race/seoul/scoretableAllScoreList.do?rcDate=20260705,cache,68734,9F41B5A65A4339E30B959FCD60A73DB346736384D4037E6081127A9202BC7107,110
1,20260706,https://m.kra.co.kr/race/seoul/scoretableAllScoreList.do?rcDate=20260706,cache,23694,5A705675DD0F77B149366F515D0AE053691342DF04855C460191A35F1F994FBE,0
1,20260707,https://m.kra.co.kr/race/seoul/scoretableAllScoreList.do?rcDate=20260707,cache,23694,A406AAC04E9271EB370160835F374AB19366CCADC228BE547A9847B587A1D6AA,0
1,20260711,https://m.kra.co.kr/race/seoul/scoretableAllScoreList.do?rcDate=20260711,cache,68795,67A2860AF8E2A0C115836274EE3F6C3E10694154BC6A2F22FCD6C95E6B9884EC,110
1,20260712,https://m.kra.co.kr/race/seoul/scoretableAllScoreList.do?rcDate=20260712,cache,68805,43F1069A92E9D3F303146C63BDC7A66E8C57C0C468DF60653EF4763AF73F5F85,110
1,20260718,https://m.kra.co.kr/race/seoul/scoretableAllScoreList.do?rcDate=20260718,cache,68791,A2AFA89ECF17577E2F8D13DCA3C5673AFA0075B96D26925F87B0DE9C50470A9A,110
1,20260719,https://m.kra.co.kr/race/seoul/scoretableAllScoreList.do?rcDate=20260719,cache,68795,F839AE76332D4988D063791A1D9232C72B18740442FE42B31C2E48CF5649F480,110
1,20260725,https://m.kra.co.kr/race/seoul/scoretableAllScoreList.do?rcDate=20260725,cache,68790,DDAEE30E7978350AD1DFEE937858A6EFC759FC13D7B536D901A96659672CD982,113
1,20260726,https://m.kra.co.kr/race/seoul/scoretableAllScoreList.do?rcDate=20260726,cache,68782,0B197E742124136924C3526CC7D0DC030496663808170348D36CF5F8090A8700,110
1,20260808,https://m.kra.co.kr/race/seoul/scoretableAllScoreList.do?rcDate=20260808,cache,68799,02B93A2120C677305B6767CF2D0F15AB7298335A2C158B213CF71A18FC412C8B,110
1,20260809,https://m.kra.co.kr/race/seoul/scoretableAllScoreList.do?rcDate=20260809,cache,68781,4BECA9E1619F3C7620F1E95BE123C792CDF19EF6485A7B724895F058171A9896,110
3,20230811,https://m.kra.co.kr/race/bukyeong/scoretableAllScoreList.do?rcDate=20230811,download,45070,DA2E3C48990F3DDB227C16F3AF091A667C143BCD1B10DDA49B600F58D84D6A5B,77
3,20230813,https://m.kra.co.kr/race/bukyeong/scoretableAllScoreList.do?rcDate=20230813,download,45089,931F2479B053CACEC4EBFCFD498AF3EB52B6867944D192BCFF3B6E8D88440C0B,77
3,20230818,https://m.kra.co.kr/race/bukyeong/scoretableAllScoreList.do?rcDate=20230818,download,45053,C213EA9B869F70B7B96E7AADBF9744F670C4B06587960DBAB5968155E576D9D1,77
3,20230820,https://m.kra.co.kr/race/bukyeong/scoretableAllScoreList.do?rcDate=20230820,download,45066,025584F26F61AEE1DF63865E7B17085167E66047C1296A5309850E721A693E0F,77
3,20230825,https://m.kra.co.kr/race/bukyeong/scoretableAllScoreList.do?rcDate=20230825,download,45112,18C58B77F24B167E788A277E47E348656AA3FB657B3C8A13F8B2D6EC80406936,77
3,20230827,https://m.kra.co.kr/race/bukyeong/scoretableAllScoreList.do?rcDate=20230827,download,45174,496979E4B39CB08FA10B22802459658B8405F6A85148AE5E1CC7D599AB21F22D,77
3,20230901,https://m.kra.co.kr/race/bukyeong/scoretableAllScoreList.do?rcDate=20230901,download,48200,F5A364A9551B681588E59B6F5BB763B62E2306258E193FC55C8AB63019367BF8,88
3,20230903,https://m.kra.co.kr/race/bukyeong/scoretableAllScoreList.do?rcDate=20230903,download,42122,7AC38B3B8E2271D6ADD86169BD7349A1E5E5E0835643D3BD14EE9D3BC4B51F1A,66
3,20230908,https://m.kra.co.kr/race/bukyeong/scoretableAllScoreList.do?rcDate=20230908,download,48187,79B9BB5692C695525EFAFE7EDD5FA4011483AFD26FFB0BBAD5C07CDBE352322A,88
3,20230910,https://m.kra.co.kr/race/bukyeong/scoretableAllScoreList.do?rcDate=20230910,download,42115,2FBAAD0084EA99C4F31FFA030247BA7EDEC983F94BF9BAD83250D0354BD3BA6F,66
3,20230915,https://m.kra.co.kr/race/bukyeong/scoretableAllScoreList.do?rcDate=20230915,download,48231,1883D7CCAD8A2574E61C5622403032B4C2BEBD646531A444D58A8A01FE2E7C92,88
3,20230917,https://m.kra.co.kr/race/bukyeong/scoretableAllScoreList.do?rcDate=20230917,download,42129,D31A669C6C4CD8CD1AA017C79EBAF8622A2A1864E4239B352FC1265A17B53330,66
3,20230922,https://m.kra.co.kr/race/bukyeong/scoretableAllScoreList.do?rcDate=20230922,download,54288,AB2FC0D72EDC4AEADFB7E1BE47785A4E4ECC9543A97296080DD8E72082DFB8E3,110
3,20230924,https://m.kra.co.kr/race/bukyeong/scoretableAllScoreList.do?rcDate=20230924,download,42138,AB914BA82C0DA969119DB9E8B5BC2C0A18CF7F6B0C04BFECBEF32768CDC70A5C,66
3,20231006,https://m.kra.co.kr/race/bukyeong/scoretableAllScoreList.do?rcDate=20231006,download,51207,D00B30E570727A5478785C7C315E53D7056B9E7CF7D5D73961A3351461433145,99
3,20231008,https://m.kra.co.kr/race/bukyeong/scoretableAllScoreList.do?rcDate=20231008,download,45179,92B9C8FCA76C349F97DC2512C7BC5C0B67C48701B3CC4B4E1FC8CCA43D050CBB,77
3,20231013,https://m.kra.co.kr/race/bukyeong/scoretableAllScoreList.do?rcDate=20231013,download,51243,A791713979CFBCC0BEC2D0A659D55F92B5FB9868723C558F93101F3E183FECD4,99
3,20231015,https://m.kra.co.kr/race/bukyeong/scoretableAllScoreList.do?rcDate=20231015,download,42113,80DCF51FE63D9148E8BD82F27B2563283FEE27674EDF016213AFCE9A627D3B3E,66
3,20231020,https://m.kra.co.kr/race/bukyeong/scoretableAllScoreList.do?rcDate=20231020,download,51287,BDEE1ACC5CA2243CFE384CE061E11FF49AA299CBFEC5A70D1859EDA90F84B602,99
3,20231022,https://m.kra.co.kr/race/bukyeong/scoretableAllScoreList.do?rcDate=20231022,download,42110,5B5738B390F0F63CF96E65312FA02B2FAF56551A32A51112758DAEA456DB1254,66
3,20231027,https://m.kra.co.kr/race/bukyeong/scoretableAllScoreList.do?rcDate=20231027,download,51227,054525EB697685223AC52CE230D676088E3FBD0128484D683E4DE58BB2CEA9E3,99
3,20231029,https://m.kra.co.kr/race/bukyeong/scoretableAllScoreList.do?rcDate=20231029,download,42168,70993BCF414CFA13F2160E81EF67E902D0F5CADB2F942D1516A2A5DDAA388883,66
3,20231103,https://m.kra.co.kr/race/bukyeong/scoretableAllScoreList.do?rcDate=20231103,download,51232,1B82DC3F2F160D0E7D14311D77F6C93357BD022F0FB30D52F685CB60AF8AFA47,99
3,20231105,https://m.kra.co.kr/race/bukyeong/scoretableAllScoreList.do?rcDate=20231105,download,42168,86CDE1057C4B3F86307C4C4CC2F66B73EC70E1C6DC7B50051349DD1173D5DEC1,66
3,20231110,https://m.kra.co.kr/race/bukyeong/scoretableAllScoreList.do?rcDate=20231110,download,51223,EDE2CA2BC51EB517CB56759CF629395F745CEDA8B49E3A1CC9936345012FAED1,99
3,20231112,https://m.kra.co.kr/race/bukyeong/scoretableAllScoreList.do?rcDate=20231112,download,42138,6AAEF9A53550FFCC2787D1A586D5B9E136C0524FD55E7D7D6517A9408966BBC4,66
3,20231117,https://m.kra.co.kr/race/bukyeong/scoretableAllScoreList.do?rcDate=20231117,download,51225,C4C65878A212E51B05840D4BBE67770C9CEDFF353B52A80342650570B54A9DAE,99
3,20231119,https://m.kra.co.kr/race/bukyeong/scoretableAllScoreList.do?rcDate=20231119,download,42117,5E518898FAEAF8EEE1E2CAE6E08DD83D40F85B59641497BEC3FAA2D8AC3FEE97,66
3,20231124,https://m.kra.co.kr/race/bukyeong/scoretableAllScoreList.do?rcDate=20231124,download,51251,851C97D5AB3B441DF0C39557BBF5CED407A8F0CDFD547038CE67B5440AB3EE36,99
3,20231126,https://m.kra.co.kr/race/bukyeong/scoretableAllScoreList.do?rcDate=20231126,download,42149,E913093640096D12C49F23E3F41E61224048BF5C49A5BA4AD8210444B3FF6EC8,65
3,20231201,https://m.kra.co.kr/race/bukyeong/scoretableAllScoreList.do?rcDate=20231201,download,51222,CD3EE4D50157110682359CD78BF6E2A9D82E7B64014888DCD3330DB857A745BA,99
3,20231203,https://m.kra.co.kr/race/bukyeong/scoretableAllScoreList.do?rcDate=20231203,download,42159,8864B723499A75A3128AEEAFE307ECD7EE3042E32714ABE0ACE76323E53804AC,69
3,20231208,https://m.kra.co.kr/race/bukyeong/scoretableAllScoreList.do?rcDate=20231208,download,51206,BEDF7A7BD2DF521FA19376CDFE6E4ED0386402BA994FC2B4EA0A4F5EA3CB11D4,99
3,20231210,https://m.kra.co.kr/race/bukyeong/scoretableAllScoreList.do?rcDate=20231210,download,42152,3B647756711B2CA124E6D0C3CB92861FB8ACDD5694CC4360FE07F61DD437F263,66
3,20231215,https://m.kra.co.kr/race/bukyeong/scoretableAllScoreList.do?rcDate=20231215,download,51250,343D98243A60EA4E147AD06E25876666BD48036E099DEA5CB2A22743EA979A2A,99
3,20231217,https://m.kra.co.kr/race/bukyeong/scoretableAllScoreList.do?rcDate=20231217,download,42139,F8DEA016CBF3F299886E82E02459FF2EBF25C188FD5DCBFAEB76B11BD2D83E51,66
3,20231222,https://m.kra.co.kr/race/bukyeong/scoretableAllScoreList.do?rcDate=20231222,download,48199,B925D49B890FA9F67D00DED2F34FEAB325F85EA91793DF8F3EED93066CBD1A1F,88
3,20231224,https://m.kra.co.kr/race/bukyeong/scoretableAllScoreList.do?rcDate=20231224,download,54245,28D10ED968A528998A24BC3B81A40D15621C031E63B5C9D20ECDAB8A83D10F18,110
3,20231229,https://m.kra.co.kr/race/bukyeong/scoretableAllScoreList.do?rcDate=20231229,download,51222,0357951A4772B21E64F81399E2C0C2411AFC5E2A09583E67AAC340C51873ED72,99
3,20231231,https://m.kra.co.kr/race/bukyeong/scoretableAllScoreList.do?rcDate=20231231,download,42103,FC48F00406F8694628628381A3D3EB2C7E598B98B8458CACB5A987ED4E1D1573,66
3,20240105,https://m.kra.co.kr/race/bukyeong/scoretableAllScoreList.do?rcDate=20240105,download,48221,8DF82D10454914482D33DCC26EF544294696196168F0C3A89AB4BFA2DE69A29D,88
3,20240107,https://m.kra.co.kr/race/bukyeong/scoretableAllScoreList.do?rcDate=20240107,download,42141,DDCC33BDE5F9677C6FDF19C0701AD55DF822C34B02687730B60E48EE58D853D3,66
3,20240112,https://m.kra.co.kr/race/bukyeong/scoretableAllScoreList.do?rcDate=20240112,download,48256,F688187F4775FF80542F76779EE64BA1B57A0CF645C93C83ECF66C77EB3AB68D,88
3,20240114,https://m.kra.co.kr/race/bukyeong/scoretableAllScoreList.do?rcDate=20240114,download,48220,DBD11F33449321CF2D29CB04B04EF36E6A8596560DC5147800E1CC360BE8AA9D,88
3,20240119,https://m.kra.co.kr/race/bukyeong/scoretableAllScoreList.do?rcDate=20240119,download,48211,92FB71C51174D410318AAAFFD2F82B57B583D7413A7D4882C88730BA2A08814A,88
3,20240121,https://m.kra.co.kr/race/bukyeong/scoretableAllScoreList.do?rcDate=20240121,download,42654,42CE2972E97215DD0D1646369CBF7F37C7A405E7B2F54F064E64D5D9CDB023AF,72
3,20240126,https://m.kra.co.kr/race/bukyeong/scoretableAllScoreList.do?rcDate=20240126,download,48214,08064FAE90A8B597B08218EAE0D63FDAF6B056ECB178B2A7763CD5D58C26F949,91
3,20240128,https://m.kra.co.kr/race/bukyeong/scoretableAllScoreList.do?rcDate=20240128,download,42132,D42BCF6B5C3BAF5766610EFC049FA36ADA2CCD2F3A2957D979E11B77541A89C6,66
3,20240202,https://m.kra.co.kr/race/bukyeong/scoretableAllScoreList.do?rcDate=20240202,download,48173,BB4F20E3E6CBAEED597559FD985E347736C93E68DDD7AE3CBDA9E89B60391B2B,88
3,20240204,https://m.kra.co.kr/race/bukyeong/scoretableAllScoreList.do?rcDate=20240204,download,42190,6F34063DC1AD1F041C9ED25BED472DD57EF5BC649EA90751FEA2F0D310E25819,66
3,20240216,https://m.kra.co.kr/race/bukyeong/scoretableAllScoreList.do?rcDate=20240216,download,48231,B890476F3621889F1A31FFA91B5059FA4A124BA30E9B61427BB59EC288047165,88
3,20240218,https://m.kra.co.kr/race/bukyeong/scoretableAllScoreList.do?rcDate=20240218,download,42162,974BD060B6A5047D537937F13128B9D2623D1E4E4B78E958F83A676427CFAB44,66
3,20240223,https://m.kra.co.kr/race/bukyeong/scoretableAllScoreList.do?rcDate=20240223,download,48207,E1472DF664F4B13521C33188070CD197726D0D6F824994CD225B07180EF094C6,88
3,20240225,https://m.kra.co.kr/race/bukyeong/scoretableAllScoreList.do?rcDate=20240225,download,42165,35D85D07A41602DECA66415D600FDC88E923ECE4813887586A1385B72336352B,69
3,20240301,https://m.kra.co.kr/race/bukyeong/scoretableAllScoreList.do?rcDate=20240301,download,48235,68B6421192B227A3FA87A04857E3C68C718526AEF88E159FA7D4AFB3A2026286,88
3,20240303,https://m.kra.co.kr/race/bukyeong/scoretableAllScoreList.do?rcDate=20240303,download,42148,9DFE663324355A8E988D1E6CF5E1A3292F224AEB3A05C42559B881EF48B6C3EE,66
3,20240308,https://m.kra.co.kr/race/bukyeong/scoretableAllScoreList.do?rcDate=20240308,download,48229,A63D1BEC529126617A8EA6830D5EE7E58C71450890C2C77C32A03D636D2C4E18,88
3,20240310,https://m.kra.co.kr/race/bukyeong/scoretableAllScoreList.do?rcDate=20240310,download,42166,B5796E0875B1A7B1BE0B99A2F41BC7D03E7938876AA3E32A0C335D7BEBE46582,66
3,20240315,https://m.kra.co.kr/race/bukyeong/scoretableAllScoreList.do?rcDate=20240315,download,48249,3A02E93743AB549E6240EE501720755361BDBAC43E4F69CB26803FF96BBEBC31,91
3,20240317,https://m.kra.co.kr/race/bukyeong/scoretableAllScoreList.do?rcDate=20240317,download,42145,7407A1208D97A87255D929AB88A2EBEE83E57F08353DD8E307642F3A75AE1FE6,66
3,20240322,https://m.kra.co.kr/race/bukyeong/scoretableAllScoreList.do?rcDate=20240322,download,48177,1DA0185588D83798AEC511B8F238BE27F5BFEE04690508DA8BDFF0DB1742EF3C,88
3,20240324,https://m.kra.co.kr/race/bukyeong/scoretableAllScoreList.do?rcDate=20240324,download,42127,E381863B68CEAF6769F657E6A865288FB4B8C4523C7FFF675DE24889F77FAA0E,66
3,20240329,https://m.kra.co.kr/race/bukyeong/scoretableAllScoreList.do?rcDate=20240329,download,48197,6A46084A49AF99FE707A24C346DF10469F305C8DEC1726E64170AE7CC46F3001,88
3,20240331,https://m.kra.co.kr/race/bukyeong/scoretableAllScoreList.do?rcDate=20240331,download,42133,480DCCFE1FB8FFC0C6D3B94873FA4F5EA05C047AD4E8C5A574063A275347C309,66
3,20240405,https://m.kra.co.kr/race/bukyeong/scoretableAllScoreList.do?rcDate=20240405,download,48219,60DFD12F99275EB3BF6017056064E853488E3FC65B9A4A2E4E36C752F03B2A00,88
3,20240407,https://m.kra.co.kr/race/bukyeong/scoretableAllScoreList.do?rcDate=20240407,download,42169,85D3AB843881448691E4F7A3DAC94032C59A80C59BFC91AB6C73434C7B1B2FB7,66
3,20240412,https://m.kra.co.kr/race/bukyeong/scoretableAllScoreList.do?rcDate=20240412,download,48191,A4483A70FBCF23EC047FCB6D8068C68778FBDD2FAE95450CE6897D5B986920FD,88
3,20240414,https://m.kra.co.kr/race/bukyeong/scoretableAllScoreList.do?rcDate=20240414,download,42199,2528F8B19A775BD2F3E0B4CDDCE3142D8BEE0C129401C96F6C88696268CBCAED,66
3,20240419,https://m.kra.co.kr/race/bukyeong/scoretableAllScoreList.do?rcDate=20240419,download,48198,63DF5A6FBFDD9B577FC40EEC9C73C5839E5B4A24D4F231627AE3D7CFDD441520,88
3,20240421,https://m.kra.co.kr/race/bukyeong/scoretableAllScoreList.do?rcDate=20240421,download,42149,5531E55977364D569617148EA45F3BF4A803453CEE1183F3BF7B8487C85DD756,66
3,20240426,https://m.kra.co.kr/race/bukyeong/scoretableAllScoreList.do?rcDate=20240426,download,48186,5119231D864FC91F1D9F5BF1ECBB78058AD3B463106C4C37342770CB0E108C67,88
3,20240428,https://m.kra.co.kr/race/bukyeong/scoretableAllScoreList.do?rcDate=20240428,download,42149,40BA6F36B29EB066CC0E23D92F6259C9ECAF02C3A600672184644771CA70CD68,66
3,20240503,https://m.kra.co.kr/race/bukyeong/scoretableAllScoreList.do?rcDate=20240503,download,48182,5109270689CD10DA25869307E5203BCE0D07CAE74150CE38DA1A7F4A921B385F,88
3,20240505,https://m.kra.co.kr/race/bukyeong/scoretableAllScoreList.do?rcDate=20240505,download,45231,9EBA60D41E2D36ED47126B610E7434C6956306135375C26303CE02AA46469527,80
3,20240510,https://m.kra.co.kr/race/bukyeong/scoretableAllScoreList.do?rcDate=20240510,download,48199,21C15C68FBBFF75AB80966063F194318C33C52DBB250799FF4FCC036F652C487,88
3,20240512,https://m.kra.co.kr/race/bukyeong/scoretableAllScoreList.do?rcDate=20240512,download,45174,D00093BB42AF25BC41AFA2C48A93C537100F48265D4E0C617CD9C58350383DAD,77
3,20240517,https://m.kra.co.kr/race/bukyeong/scoretableAllScoreList.do?rcDate=20240517,download,48209,7035E2BFEA14EC40FCFA38BE5BE897312145B6F2C97EC048EB508316047E9771,88
3,20240519,https://m.kra.co.kr/race/bukyeong/scoretableAllScoreList.do?rcDate=20240519,download,45170,1BB64F929D3CB9D6E6953908E200F4F199199AC8C18973A0C3646314D1CCCC2F,77
3,20240524,https://m.kra.co.kr/race/bukyeong/scoretableAllScoreList.do?rcDate=20240524,download,48229,1D8061282C00BDD39AD9FCE9C22446F6B83B1D752B75A314FFC6FAAE690D38D6,88
3,20240526,https://m.kra.co.kr/race/bukyeong/scoretableAllScoreList.do?rcDate=20240526,download,45209,D694BC84B5675C4FBC18220F17E74AAB8AD4D6B2412A2D1AEDEE130CBDB32739,77
3,20240531,https://m.kra.co.kr/race/bukyeong/scoretableAllScoreList.do?rcDate=20240531,download,48151,986752093AF15CB32814130B8AD940AA37E07355DF36C0FDA498B041C418A3D9,88
3,20240602,https://m.kra.co.kr/race/bukyeong/scoretableAllScoreList.do?rcDate=20240602,download,48237,A8BCBB5E58090BAFDD420E4EC00B412BB2DDBDBA781087E6CABC6FD86EB0FCCE,88
3,20240607,https://m.kra.co.kr/race/bukyeong/scoretableAllScoreList.do?rcDate=20240607,download,48193,64790D51E8A35F920E36228B51DC8532070FC8B8AE5992EAC578E8545CFB0FEA,88
3,20240609,https://m.kra.co.kr/race/bukyeong/scoretableAllScoreList.do?rcDate=20240609,download,45164,3EDED6EB927642E92F5A6340D6E2773D6E33E27FE15EA9E006484AB996F71135,77
3,20240614,https://m.kra.co.kr/race/bukyeong/scoretableAllScoreList.do?rcDate=20240614,download,48197,CD7CF641B7BFBC65768665BB147B3563C5F28F86BB717576E3549ABF0831326A,88
3,20240616,https://m.kra.co.kr/race/bukyeong/scoretableAllScoreList.do?rcDate=20240616,download,42112,A0C894ED901080E198E8C26E457C735CC182C17EDB97898DB6B09956749C2727,66
3,20240621,https://m.kra.co.kr/race/bukyeong/scoretableAllScoreList.do?rcDate=20240621,download,48228,5AAD06E294DAFC9E1E76B91D16848F154A608D6961379B63F7B002358A4E7996,88
3,20240623,https://m.kra.co.kr/race/bukyeong/scoretableAllScoreList.do?rcDate=20240623,download,45158,05986C0788D15D0DFDB4AB0DAA6B56BD04BA33BE6EE939EDA04748F437CFBCA4,77
3,20240628,https://m.kra.co.kr/race/bukyeong/scoretableAllScoreList.do?rcDate=20240628,download,48182,98D9CE85DCE130BAE21AE5902B5A4510D419F7403892CB51AA5D8EF9CD59E002,88
3,20240630,https://m.kra.co.kr/race/bukyeong/scoretableAllScoreList.do?rcDate=20240630,download,51269,5D71124C245EC529F500587D42CF33F91C447DCDA0C6849C60C03338C1881B65,99
3,20240705,https://m.kra.co.kr/race/bukyeong/scoretableAllScoreList.do?rcDate=20240705,download,48163,6D3369948F7857337C9CA95AA60137BDC4CD858D71AEE60BDD14DD68070CC9F8,88
3,20240707,https://m.kra.co.kr/race/bukyeong/scoretableAllScoreList.do?rcDate=20240707,download,51215,A82081D9DABE0A0A41211B4A07FE233B19630BE7D660D875C780695B79963D91,99
3,20240712,https://m.kra.co.kr/race/bukyeong/scoretableAllScoreList.do?rcDate=20240712,download,48199,A517B0943754B8610D2F569D5BF79A86B77050D14A338D2EEBD2F20A687A1776,88
3,20240714,https://m.kra.co.kr/race/bukyeong/scoretableAllScoreList.do?rcDate=20240714,download,48192,0493F299D758D3918A7F0858B67B1B6E52EF41ECB5F0461D591533A753B72753,88
3,20240719,https://m.kra.co.kr/race/bukyeong/scoretableAllScoreList.do?rcDate=20240719,download,48200,1B7A3469A114F9543489A20871B40946351FFDD5E21A6D7D5D412E9CC728D28D,88
3,20240721,https://m.kra.co.kr/race/bukyeong/scoretableAllScoreList.do?rcDate=20240721,download,42149,7C65869D22A7A774838275617D8B7708D397FE2B52B875ECAF2889082515A4AF,66
3,20240802,https://m.kra.co.kr/race/bukyeong/scoretableAllScoreList.do?rcDate=20240802,download,66406,92A2BBFB8BED7AF1102BDA32E9DA55F1DDC98BB1FD06A0846980EA9B2EA9ECB8,154
3,20240803,https://m.kra.co.kr/race/bukyeong/scoretableAllScoreList.do?rcDate=20240803,download,42119,DE016CF3AEB13A31827354419ECEBD73E757E0EB9617EC24334C19F8568E81A7,65
3,20240810,https://m.kra.co.kr/race/bukyeong/scoretableAllScoreList.do?rcDate=20240810,download,51216,91C98C8DFFBA1D2725FB9FFCAE687A7E487DCFE0B7F78DBE6C84313FF144ED29,99
3,20240811,https://m.kra.co.kr/race/bukyeong/scoretableAllScoreList.do?rcDate=20240811,download,66412,7C97C86B696E776BB0E75189662A2864054A59C1A11A4BB11B7D776FA961D3EB,154
3,20240816,https://m.kra.co.kr/race/bukyeong/scoretableAllScoreList.do?rcDate=20240816,download,48222,ABD07B0DE3F119620CDF680A53F04CCBCE5B855B87C3FE4ADA5959D038B8F32C,88
3,20240818,https://m.kra.co.kr/race/bukyeong/scoretableAllScoreList.do?rcDate=20240818,download,42104,A2541B62472182436D55EE3BC65FD1D0158D3802BA914CC8134961C08D8908BF,66
3,20240823,https://m.kra.co.kr/race/bukyeong/scoretableAllScoreList.do?rcDate=20240823,download,48201,4E438F858B291BCE7DC9250C60BFACF6E29C81631CA4A76E7D95F19B5344C1C7,88
3,20240825,https://m.kra.co.kr/race/bukyeong/scoretableAllScoreList.do?rcDate=20240825,download,39076,7D49551C6A9D7AA254E1D08C6D1BCDCEC5112D56D31566AB9C52B9ACD9F87D3A,55
3,20240830,https://m.kra.co.kr/race/bukyeong/scoretableAllScoreList.do?rcDate=20240830,download,48186,B50728246357E78E306CF7B6DA4CEFC5BACFF89AA9B6198A72335F1F7FA8418E,88
3,20240901,https://m.kra.co.kr/race/bukyeong/scoretableAllScoreList.do?rcDate=20240901,download,45432,F584741E2249346459BCBCDCBD73BACF1B5BE7F0FBF537C0E0AC6FD0E956ACDC,83
3,20240906,https://m.kra.co.kr/race/bukyeong/scoretableAllScoreList.do?rcDate=20240906,download,48254,AF6433BBF0CABF2F8B21F6E07BC2E687223089B28F51DDAF29F2DD8D0DB7B19D,91
3,20240908,https://m.kra.co.kr/race/bukyeong/scoretableAllScoreList.do?rcDate=20240908,download,45177,1E74F4C0356E05B677287B750C3A3893A9DAAEA52B0AF52341642E56C9F4F771,77
3,20240913,https://m.kra.co.kr/race/bukyeong/scoretableAllScoreList.do?rcDate=20240913,download,48163,7AD3F7BB1EA8862578409C9E2C0EB0E9D8D7C6ABFA78E9E19AFE2FD201C0E7D7,88
3,20240915,https://m.kra.co.kr/race/bukyeong/scoretableAllScoreList.do?rcDate=20240915,download,45151,8291AB47E3691523A1D4D3DC390049D9166CEA208BD5F0859BDB610DAF5D25B3,77
3,20240927,https://m.kra.co.kr/race/bukyeong/scoretableAllScoreList.do?rcDate=20240927,download,48228,10074A4142E1C8FB6DB268EAC964CFBA208775CFA5FC0A1F62E0CCF8F6E78782,88
3,20240929,https://m.kra.co.kr/race/bukyeong/scoretableAllScoreList.do?rcDate=20240929,download,42113,D740B9A4FCA6EF95403D2F126C7E1DB1BB5D39123E4FDD1D4EE374EFAA561C2C,66
3,20241004,https://m.kra.co.kr/race/bukyeong/scoretableAllScoreList.do?rcDate=20241004,download,48159,8BED23191F136D096E6A953ECE7C8F11AE2E3E29C4961C4BDAA3BBDA175554F7,88
3,20241006,https://m.kra.co.kr/race/bukyeong/scoretableAllScoreList.do?rcDate=20241006,download,42121,FFD81848C84AC13228A9BABF1B397FB4FAC886E28B01BC3EE2A8E4FF5B338762,66
3,20241011,https://m.kra.co.kr/race/bukyeong/scoretableAllScoreList.do?rcDate=20241011,download,48160,8972BA95C50A2C8DB74E3B5BA7340565E721C5171520E9514AD23AE2A6DC5131,88
3,20241013,https://m.kra.co.kr/race/bukyeong/scoretableAllScoreList.do?rcDate=20241013,download,42107,235B15B7901785AE22701426E43203948ED07654DAEAF5CD62C940DDC8899786,66
3,20241018,https://m.kra.co.kr/race/bukyeong/scoretableAllScoreList.do?rcDate=20241018,download,48167,D93D3498C8D018D1B34D755FEA005BCC2BCEA911D34028EC5F23EE9286BCC41F,88
3,20241020,https://m.kra.co.kr/race/bukyeong/scoretableAllScoreList.do?rcDate=20241020,download,42145,A780BF96A0A8B3B7A863002EFDCC16E5BD0D373D9C60529858EF8967EAC58969,66
3,20241025,https://m.kra.co.kr/race/bukyeong/scoretableAllScoreList.do?rcDate=20241025,download,48170,4666C52D7C34A7D0E5684F80F25077A1624BAB9DC3F7C29EC7837A501E149F30,88
3,20241027,https://m.kra.co.kr/race/bukyeong/scoretableAllScoreList.do?rcDate=20241027,download,42116,67309F2AD98AA18C6E6DC7BDD02018B6BE8D934742447E6D5DD7F01C11845182,66
3,20241101,https://m.kra.co.kr/race/bukyeong/scoretableAllScoreList.do?rcDate=20241101,download,48179,A02AFC30F7F6ED3CB1A50038037AA7E53FFD7E8E4BB95F33A5CE543C0F80C2B4,88
3,20241103,https://m.kra.co.kr/race/bukyeong/scoretableAllScoreList.do?rcDate=20241103,download,42101,F30ED81DB82A2CA78B39ED22B1A9249B7643E64541B4A4BEBC18EB5BD0743D48,66
3,20241108,https://m.kra.co.kr/race/bukyeong/scoretableAllScoreList.do?rcDate=20241108,download,48175,2F5D84A35C0046D468540E79FD6860FEF3A60FFEDDCE2F507FFAD73B1E615454,88
3,20241110,https://m.kra.co.kr/race/bukyeong/scoretableAllScoreList.do?rcDate=20241110,download,48713,E7EC3DF9BC3A4933158245A3C0B7028C8C931E4AF3F0DCB3C942E4E36B97AC10,94
3,20241115,https://m.kra.co.kr/race/bukyeong/scoretableAllScoreList.do?rcDate=20241115,download,48215,75189525208E1DC73DDB444889F38BD4AA2F554030C65F7589D6AAB5CA957E5B,88
3,20241117,https://m.kra.co.kr/race/bukyeong/scoretableAllScoreList.do?rcDate=20241117,download,42083,05510D0A60BB97C604F4030CFD2D3C5A09977DDA768B38C3A36523C98639A8A8,66
3,20241122,https://m.kra.co.kr/race/bukyeong/scoretableAllScoreList.do?rcDate=20241122,download,48187,8F5B44338077F3DED7B05311E239D85048C664538C08978F124DDEF06A52A00D,88
3,20241124,https://m.kra.co.kr/race/bukyeong/scoretableAllScoreList.do?rcDate=20241124,download,42227,D27CA0A0C2239A57F48C22F060A739E88CD8E02AC5C7E88CA053A2D0D9DCB279,66
3,20241129,https://m.kra.co.kr/race/bukyeong/scoretableAllScoreList.do?rcDate=20241129,download,48206,37163FAC8D9544F6745FA46D002061AD7856C88B7D0E150BE51FF8693614DEA2,88
3,20241201,https://m.kra.co.kr/race/bukyeong/scoretableAllScoreList.do?rcDate=20241201,download,42109,268F06482EB299898D7BA01BD38C7D5F921BC4059D7734BDAFEFC363261A7FE9,66
3,20241206,https://m.kra.co.kr/race/bukyeong/scoretableAllScoreList.do?rcDate=20241206,download,48721,649DFCFA34C7F8F10BC5839D476D7331E5A6A504796C68CDCDF21AA5481C404A,94
3,20241208,https://m.kra.co.kr/race/bukyeong/scoretableAllScoreList.do?rcDate=20241208,download,45177,DEF443C7E2477BBB3D7EE34F99A1BBF80A3748DBA371CD6C9413BDC2515F3AA8,77
3,20241213,https://m.kra.co.kr/race/bukyeong/scoretableAllScoreList.do?rcDate=20241213,download,48149,307FD3A9184A0C87511284CF537234762D1DC5B0B60C7C79CAE701E56574E039,88
3,20241215,https://m.kra.co.kr/race/bukyeong/scoretableAllScoreList.do?rcDate=20241215,download,42105,EAE3D679B0BA03401E70504D3A3A14CA566A5F0CD46D46076BEF4A5B6E3F32CB,66
3,20241220,https://m.kra.co.kr/race/bukyeong/scoretableAllScoreList.do?rcDate=20241220,download,48225,80F2F7551B211EF8409256DAE0EC672DB9B19E439302DA824CB027B14B6C8394,88
3,20241222,https://m.kra.co.kr/race/bukyeong/scoretableAllScoreList.do?rcDate=20241222,download,42112,EBE0CBDD27C76005BBDE304E94E523CBC011B87817E2A2E1A8EE028C965E1374,66
3,20241227,https://m.kra.co.kr/race/bukyeong/scoretableAllScoreList.do?rcDate=20241227,download,48176,3347504A1585982D69DFD7821943D8FE2EF984515A6A1951BEA32D7CD814FB6E,88
3,20241229,https://m.kra.co.kr/race/bukyeong/scoretableAllScoreList.do?rcDate=20241229,download,42122,AA0EE9F84B9821A4B812315B040457568978930D86CD178CB49A188560776F9E,66
3,20250103,https://m.kra.co.kr/race/bukyeong/scoretableAllScoreList.do?rcDate=20250103,download,51298,95B5798F032778572EA8E3D3A06E33668B9ABFA7885E84B9DE4309B71BBFC5D2,99
3,20250105,https://m.kra.co.kr/race/bukyeong/scoretableAllScoreList.do?rcDate=20250105,download,42145,09DAB5C0A10CF4B315DA018A4D4725E8198B3DB3F606FBE7C3A1C10D5E42F719,66
3,20250110,https://m.kra.co.kr/race/bukyeong/scoretableAllScoreList.do?rcDate=20250110,download,51223,266AF472202B738B75C491B1FFB910896E6DD9380663E01D8758ACEAF8BA796D,99
3,20250112,https://m.kra.co.kr/race/bukyeong/scoretableAllScoreList.do?rcDate=20250112,download,42165,64B06CC209BFFBEFAB66A3E9888ED91F3E6A1C09C9F0368EF1420E1AE6CB3806,66
3,20250117,https://m.kra.co.kr/race/bukyeong/scoretableAllScoreList.do?rcDate=20250117,download,51228,933DF656B14B52D7D0D1945E051204C44917FBEA682E82F226A799DC94C95E57,99
3,20250119,https://m.kra.co.kr/race/bukyeong/scoretableAllScoreList.do?rcDate=20250119,download,42144,E1F89EEEC9CE7789861358AC7ED53B13BEC281D2DC09ACCEDE20F8AB2A361C23,66
3,20250124,https://m.kra.co.kr/race/bukyeong/scoretableAllScoreList.do?rcDate=20250124,download,51214,B2935EFFC016819A33D14975E939157C2F037963F0B8F062A3AA1837284DE405,99
3,20250126,https://m.kra.co.kr/race/bukyeong/scoretableAllScoreList.do?rcDate=20250126,download,42147,EE889200FA1761651FA3AD5020F3C74608628E36FDD70CF4CB614DD2252C6D90,66
3,20250207,https://m.kra.co.kr/race/bukyeong/scoretableAllScoreList.do?rcDate=20250207,download,51239,12743EAE83BAD35BC15A98AF41517F7F1804966A616128F009043BBB901B3B65,99
3,20250209,https://m.kra.co.kr/race/bukyeong/scoretableAllScoreList.do?rcDate=20250209,download,42169,C00D93A8C730495941469A763C3EE1BAC459742EBDEF8128A151F64E4CB81810,66
3,20250214,https://m.kra.co.kr/race/bukyeong/scoretableAllScoreList.do?rcDate=20250214,download,51252,5B8BE7E1E5E63C4E83BAF96AF06050DEF4A5C7FF05263FA16018D6DA9F86FFBC,99
3,20250216,https://m.kra.co.kr/race/bukyeong/scoretableAllScoreList.do?rcDate=20250216,download,42140,EB29ED1479E09FBB1AAA00AE77D4BF42CBDFC5799961079FE07D7489406545B2,66
3,20250221,https://m.kra.co.kr/race/bukyeong/scoretableAllScoreList.do?rcDate=20250221,download,51257,F61F2B958EABAA5D734F41ED9E03D5375910D61E7064D439B682D56AD50D99CC,99
3,20250223,https://m.kra.co.kr/race/bukyeong/scoretableAllScoreList.do?rcDate=20250223,download,42158,193BA348900DCB23AC2973820FDD1DF14139D23B99BA32DCA62A8997D1A1A4FE,66
3,20250228,https://m.kra.co.kr/race/bukyeong/scoretableAllScoreList.do?rcDate=20250228,download,48181,56854C169A0DF254BC488721F00C64691930C11509D12101A2AC1F6C339ABC47,88
3,20250302,https://m.kra.co.kr/race/bukyeong/scoretableAllScoreList.do?rcDate=20250302,download,42147,312B85074812EE2C8777412A989FA4527995196947D8C71C20B4AFDDC15D6CE2,69
3,20250307,https://m.kra.co.kr/race/bukyeong/scoretableAllScoreList.do?rcDate=20250307,download,48191,226D3EAB0BB1994EEA2312C04B29813F1E5BB026B952D6FAED62C6C9877E5BA0,88
3,20250309,https://m.kra.co.kr/race/bukyeong/scoretableAllScoreList.do?rcDate=20250309,download,42153,C51C93AFDBFBE0C0466179B94FC61623BDF8E5879A1F172CB47517B19D2CEB83,66
3,20250314,https://m.kra.co.kr/race/bukyeong/scoretableAllScoreList.do?rcDate=20250314,download,48223,0E589DBE8404041944A0BE4139F23C79CB56190F5ACE84FAD93D6000493795EC,88
3,20250316,https://m.kra.co.kr/race/bukyeong/scoretableAllScoreList.do?rcDate=20250316,download,42145,1997D5F0D459CDD71220DF8230502A93EE4D3835708A32074A19F24E0C676CF2,66
3,20250321,https://m.kra.co.kr/race/bukyeong/scoretableAllScoreList.do?rcDate=20250321,download,48223,9EA62473B11BCD51F406937231E152E2F617CF75AD497639752258CC7D202583,88
3,20250323,https://m.kra.co.kr/race/bukyeong/scoretableAllScoreList.do?rcDate=20250323,download,42123,62E0E32F5649FFC66BAFB1488718EF947DFDBA3769F07DACC9B1E9D475BD665D,66
3,20250328,https://m.kra.co.kr/race/bukyeong/scoretableAllScoreList.do?rcDate=20250328,download,48192,4A3DDA81450DEC4ACA4C79CF1A031C55564DC28DF10A0095D814529E020B79B4,88
3,20250330,https://m.kra.co.kr/race/bukyeong/scoretableAllScoreList.do?rcDate=20250330,download,42158,803E921384EC5242AFF516B3F538BAA2330E29D407B530C1B2C308BB580957B7,66
3,20250404,https://m.kra.co.kr/race/bukyeong/scoretableAllScoreList.do?rcDate=20250404,download,48214,B09A652FBFA52643D05DD70E8C0058CDEE3FD71FEB60772BBFCD027DA80C6930,88
3,20250406,https://m.kra.co.kr/race/bukyeong/scoretableAllScoreList.do?rcDate=20250406,download,42135,80FAE66673E7D333AFC5250ABC539390B1AFE05DA7D850A71DD21C7A40972591,66
3,20250411,https://m.kra.co.kr/race/bukyeong/scoretableAllScoreList.do?rcDate=20250411,download,48185,4B11A8A6317E9C34E9BC8680B74E79FECE8F5B88CD0EB80265B8A5C7DDDA34B5,88
3,20250413,https://m.kra.co.kr/race/bukyeong/scoretableAllScoreList.do?rcDate=20250413,download,42178,B2E5FB8567962762A99CE523FDD062226667719F940430B86DA748E074314882,66
3,20250418,https://m.kra.co.kr/race/bukyeong/scoretableAllScoreList.do?rcDate=20250418,download,48220,FEE08BF9D1A246F4FE6BDB821715399B1ABC037A5C94714DF39704579F70D4F4,88
3,20250420,https://m.kra.co.kr/race/bukyeong/scoretableAllScoreList.do?rcDate=20250420,download,42129,A2F8269D2BECF27153F0EB3659C484D253073E1388F1BF7DEC76523959AC1F91,66
3,20250425,https://m.kra.co.kr/race/bukyeong/scoretableAllScoreList.do?rcDate=20250425,download,48185,4D59728E24E92C652330E094FFB158CD87BD4F9ED33DF1E7A1378C8D53EDB38B,88
3,20250427,https://m.kra.co.kr/race/bukyeong/scoretableAllScoreList.do?rcDate=20250427,download,42187,A8E315A23F8793E7BFDCF6C88256EB0047DCD3491D8C4D5C9E10B47E973E9ECD,66
3,20250502,https://m.kra.co.kr/race/bukyeong/scoretableAllScoreList.do?rcDate=20250502,download,48178,17F5DBB56388A3CC0B890EAB523FAB5725CDC71C59BAF3ADA669B8160A6F4750,88
3,20250504,https://m.kra.co.kr/race/bukyeong/scoretableAllScoreList.do?rcDate=20250504,download,42146,AA0F96D06CD4A04561BBE26ECF5D87AA7B553E0DF1EC2B80C9A6B12D148A8D5A,66
3,20250509,https://m.kra.co.kr/race/bukyeong/scoretableAllScoreList.do?rcDate=20250509,download,48214,EF8D1381C5E597ACA704934BBF441DC30F6534B82DD07E8D31EE62DFA333D548,88
3,20250511,https://m.kra.co.kr/race/bukyeong/scoretableAllScoreList.do?rcDate=20250511,download,42101,4DC7E5CEECA1855792E3C504E7216964A4F7EEB81EBB7E270C57BD8D9F8D6FFD,66
3,20250518,https://m.kra.co.kr/race/bukyeong/scoretableAllScoreList.do?rcDate=20250518,download,42111,40FD6D76F2F9BE8130F84A3E9A1C7ABA2DAE73158F539A2B41A316DCEBCECD73,66
3,20250523,https://m.kra.co.kr/race/bukyeong/scoretableAllScoreList.do?rcDate=20250523,download,48210,740F95456D9543BB3A5ECAE2A65626265669AD63743F2B93F5FE897C9D7EC852,88
3,20250525,https://m.kra.co.kr/race/bukyeong/scoretableAllScoreList.do?rcDate=20250525,download,42167,D97E2F244318C256A38FC4DCB7632C08E68BB614A3FC096D5E9283987F6701CA,66
3,20250530,https://m.kra.co.kr/race/bukyeong/scoretableAllScoreList.do?rcDate=20250530,download,48176,A0539EDB96343D7E305CE57EE8C56914A16B9FEC6E22F5C631ABE6D87F51525B,88
3,20250601,https://m.kra.co.kr/race/bukyeong/scoretableAllScoreList.do?rcDate=20250601,download,42133,28305C8BCFA431B2D7297F3E3E6D8153365D98C914ADBBD784E5A99466C9367B,66
3,20250606,https://m.kra.co.kr/race/bukyeong/scoretableAllScoreList.do?rcDate=20250606,download,48212,6376EC3D08B0639B78F700F25E3ABA5038D0AF7727C4B01A561EADB697269144,88
3,20250608,https://m.kra.co.kr/race/bukyeong/scoretableAllScoreList.do?rcDate=20250608,download,48154,8295BF99DD88310010568EA7217B7F691EE46BD5ECFE5881DB8D14A2A5DF7CBD,88
3,20250613,https://m.kra.co.kr/race/bukyeong/scoretableAllScoreList.do?rcDate=20250613,download,48207,F574D7EFD3109DFD5EE2589DCDB51B8C9AFAA1A2F2CCA127F07757E44691C457,88
3,20250615,https://m.kra.co.kr/race/bukyeong/scoretableAllScoreList.do?rcDate=20250615,download,42157,0A91F062D7FDA256AFB51E8CB986092E00BC87085CD5C88665F0209BB87ECCC9,66
3,20250620,https://m.kra.co.kr/race/bukyeong/scoretableAllScoreList.do?rcDate=20250620,download,48201,1ECD71ED641FABD1DDF50311C10B6C2D085A695D47B01315607F228417BCD613,88
3,20250622,https://m.kra.co.kr/race/bukyeong/scoretableAllScoreList.do?rcDate=20250622,download,42131,AC0965CD1C43FC162A4041486944CAC83D253B8B7E3705316BB3F76B287E67C8,66
3,20250627,https://m.kra.co.kr/race/bukyeong/scoretableAllScoreList.do?rcDate=20250627,download,48204,680E2B2B18B298BF998984D3B28743F7D42D654C2ED9B984B1232DA4E6830505,88
3,20250629,https://m.kra.co.kr/race/bukyeong/scoretableAllScoreList.do?rcDate=20250629,download,42146,99D1E919EC9F2354EAF96266199E76002D027AB36A122D9BE55F7C0DA0CBAF73,66
3,20250704,https://m.kra.co.kr/race/bukyeong/scoretableAllScoreList.do?rcDate=20250704,download,48180,6081A98A6F93DFC3AFBB9AC622EEC4EE0A63E074F94396D208D208BCBB7B7040,88
3,20250706,https://m.kra.co.kr/race/bukyeong/scoretableAllScoreList.do?rcDate=20250706,download,42121,066077F1476DFCE8CBA60A9AC3FCAD3BEB0378F719F1A1A44BB1354631549500,66
3,20250711,https://m.kra.co.kr/race/bukyeong/scoretableAllScoreList.do?rcDate=20250711,download,48191,8857A529F51CA1105FAC6E53C37BE2BC3021F374494368B59F35413EBEA4E014,88
3,20250713,https://m.kra.co.kr/race/bukyeong/scoretableAllScoreList.do?rcDate=20250713,download,42105,2C43117A64E058F7FCBCA7D01345C757BF72A520F7019BF0241B8050C8261678,65
3,20250718,https://m.kra.co.kr/race/bukyeong/scoretableAllScoreList.do?rcDate=20250718,download,48178,44FC11E2B30439ECAB84CE365D90F7FC981826DEE40B56092C2A076A801A8A89,88
3,20250720,https://m.kra.co.kr/race/bukyeong/scoretableAllScoreList.do?rcDate=20250720,download,42110,9603C8D702E9DCD52FF177B9F96ECAB757923D344F2D21117F6F23BF41AE83F8,66
3,20250801,https://m.kra.co.kr/race/bukyeong/scoretableAllScoreList.do?rcDate=20250801,download,66421,2F996963F8033D84C65B4F8720BB432DF487207F92E7BCB0DA44C7ECD5D4265A,154
3,20250802,https://m.kra.co.kr/race/bukyeong/scoretableAllScoreList.do?rcDate=20250802,download,39057,B220222C4CF56E35479CC53F2BB583E4AE6B17E774369585AE44F7B00A7E874B,55
3,20250809,https://m.kra.co.kr/race/bukyeong/scoretableAllScoreList.do?rcDate=20250809,download,51191,4AFB6DF55D35DFD362E81896486B05DF69C4CAACB32BFF1762B2535DCE291DAD,99
3,20250810,https://m.kra.co.kr/race/bukyeong/scoretableAllScoreList.do?rcDate=20250810,download,66429,BC5A05C8891713C56490C5EB256B643B52491FA82C68237E82FF42D5AAC635E6,154
3,20250815,https://m.kra.co.kr/race/bukyeong/scoretableAllScoreList.do?rcDate=20250815,download,48186,804A76767BD80B188AA7995A7D56FE5A620EC341605A055B1DC38C32F6B77314,88
3,20250817,https://m.kra.co.kr/race/bukyeong/scoretableAllScoreList.do?rcDate=20250817,download,42107,E1B5043C6E52E8A88F5D66101F088D4B2BB4AA2354ADDF5DF06277EF36CCE8D8,66
3,20250822,https://m.kra.co.kr/race/bukyeong/scoretableAllScoreList.do?rcDate=20250822,download,48670,945EA0665F2C066C5677A3BEC9539568A0417CE3F124EB8F8641B5AC194503A5,94
3,20250824,https://m.kra.co.kr/race/bukyeong/scoretableAllScoreList.do?rcDate=20250824,download,50237,9FCA99D97DF7152172AFBD4D63E28F5B1810A1D4D1E1E2F1FB869941C730A613,66
3,20250829,https://m.kra.co.kr/race/bukyeong/scoretableAllScoreList.do?rcDate=20250829,download,58998,8B17ACB007275FE5FAE6FE2B91FA7EDAE9CA91C39CB0ABF7A4D6898F2C8A204A,88
3,20250831,https://m.kra.co.kr/race/bukyeong/scoretableAllScoreList.do?rcDate=20250831,download,50216,683409CCBE641938D31F9C61C82C1B6204F53CA63E493D160BF706FC912DD9E7,66
3,20250905,https://m.kra.co.kr/race/bukyeong/scoretableAllScoreList.do?rcDate=20250905,download,59015,07F34246B2FF5AE038BF5DDB940497E605F0765DD89F528D6B4EE514AEC63FF8,88
3,20250907,https://m.kra.co.kr/race/bukyeong/scoretableAllScoreList.do?rcDate=20250907,download,50249,6C4E4EC60385673B7D5848D2EFC557BC58696F77794562D1685C0C22F13AA5AD,66
3,20250912,https://m.kra.co.kr/race/bukyeong/scoretableAllScoreList.do?rcDate=20250912,download,58984,0B6F65FC7182AFB306BD17C50EA17CCC33A28C0A7386D43513DDBE00A7B29597,88
3,20250914,https://m.kra.co.kr/race/bukyeong/scoretableAllScoreList.do?rcDate=20250914,download,50261,A270A5F58962C9F207D77C27B1B3683A3A612B986AE52ACEDBF9BA6457768684,66
3,20250919,https://m.kra.co.kr/race/bukyeong/scoretableAllScoreList.do?rcDate=20250919,download,58977,2F6C42FDF297B05AEC9DD4ED73A3BA0F9F2E0E4F9EE0A899087C15390CAE90C9,88
3,20250921,https://m.kra.co.kr/race/bukyeong/scoretableAllScoreList.do?rcDate=20250921,download,50217,6A027049964D47DCCEFFB429113FA5A1E601A2AC4285F90593788BF32AADDB8F,66
3,20250926,https://m.kra.co.kr/race/bukyeong/scoretableAllScoreList.do?rcDate=20250926,download,59005,3823D749DC5B5D8BA535B4C40324388BF84998D68088F7C3AA4CD4E158F036FA,88
3,20250928,https://m.kra.co.kr/race/bukyeong/scoretableAllScoreList.do?rcDate=20250928,download,50261,1BB0A3CED5CF7C6079EBB758A183A5DFE6100AA27FC58BAA4F83FAB5627EA45A,66
3,20251002,https://m.kra.co.kr/race/bukyeong/scoretableAllScoreList.do?rcDate=20251002,download,58999,661FEB0BB00CC85445F3EB67A237DEBCFDEBD92FAF027BBEE81D08668B23433D,88
3,20251004,https://m.kra.co.kr/race/bukyeong/scoretableAllScoreList.do?rcDate=20251004,download,50179,CFC3BAD9C3CB82343037061961E38040A220A222DE09E0365716B2806A9DCD8A,66
3,20251017,https://m.kra.co.kr/race/bukyeong/scoretableAllScoreList.do?rcDate=20251017,download,58992,15D0F543A5C4B3B03D2FE13C1CF81A7E0D707182734C3A9525BA2604D448FBC8,88
3,20251019,https://m.kra.co.kr/race/bukyeong/scoretableAllScoreList.do?rcDate=20251019,download,50246,2B482F5DCF06A0DBEF91CF895600D28AAE3E104FCC5C3E6681391BABA860586A,66
3,20251024,https://m.kra.co.kr/race/bukyeong/scoretableAllScoreList.do?rcDate=20251024,download,59007,DCB504E1F66B12B26B9D2C7C6352D71D424543126E0CC8F07EBE47915C09D5C5,88
3,20251026,https://m.kra.co.kr/race/bukyeong/scoretableAllScoreList.do?rcDate=20251026,download,50297,261B7D37FB5495351E36EC71869C83A44DF12BADDF97912B0C8456A438843CFD,66
3,20251031,https://m.kra.co.kr/race/bukyeong/scoretableAllScoreList.do?rcDate=20251031,download,59001,2A1B021DB046057E0B65A099E6941AA4F04B6833662887EF5F795DA5FFE94839,88
3,20251102,https://m.kra.co.kr/race/bukyeong/scoretableAllScoreList.do?rcDate=20251102,download,50215,717147407DD69A75EDE89BA1C7E6AADA4D6E6D4E19BE165AF9FEC64BF51FB4BB,66
3,20251107,https://m.kra.co.kr/race/bukyeong/scoretableAllScoreList.do?rcDate=20251107,download,63423,909C1793834EC12EFC3994529F925B7135F2557512AE201EBA3AF740D7B6AF6B,99
3,20251109,https://m.kra.co.kr/race/bukyeong/scoretableAllScoreList.do?rcDate=20251109,download,50219,68C3345E7C8DE8CA6CC5C0766263BB96656E3347C5B988C7E47255E3FD825C10,66
3,20251114,https://m.kra.co.kr/race/bukyeong/scoretableAllScoreList.do?rcDate=20251114,download,63378,2C478EE11749D90E4C0CAB516E8521BED4E40E198CFA34746C98B0007065B3F2,99
3,20251116,https://m.kra.co.kr/race/bukyeong/scoretableAllScoreList.do?rcDate=20251116,download,50231,5C1A26ECB4B947518864B3F237344720177AE3BEA9CD2D59FF6DE3C0C9BC5407,66
3,20251121,https://m.kra.co.kr/race/bukyeong/scoretableAllScoreList.do?rcDate=20251121,download,63427,8AEB16E6C9F3270911ED05126F294D6936ABB8A495BDA9E4681070D9A535021D,99
3,20251123,https://m.kra.co.kr/race/bukyeong/scoretableAllScoreList.do?rcDate=20251123,download,50274,7B634ABC26474107AA6640B5067ACECDF0A5CF147D3051171EA753C958153701,66
3,20251128,https://m.kra.co.kr/race/bukyeong/scoretableAllScoreList.do?rcDate=20251128,download,63437,719501F5524B17725F1A1F78B1DB4A7AF08815AC10F249CBAA317D809855D29F,99
3,20251130,https://m.kra.co.kr/race/bukyeong/scoretableAllScoreList.do?rcDate=20251130,download,50252,51091EF0C653B42CC4CDD8446A268A7983FC2C3B115D6A3A43887B06C66AC793,66
3,20251205,https://m.kra.co.kr/race/bukyeong/scoretableAllScoreList.do?rcDate=20251205,download,63353,A4B14D3F14D1B753AD904D3AD75917D7BCAF78C43AF7B7D470CF59A1AB02BA1F,99
3,20251207,https://m.kra.co.kr/race/bukyeong/scoretableAllScoreList.do?rcDate=20251207,download,50214,80CCC26E92D5C0C36F5B6C6AC419F2244505F4173C481ED3EEBCFE65B7993EBE,66
3,20251212,https://m.kra.co.kr/race/bukyeong/scoretableAllScoreList.do?rcDate=20251212,download,63370,023211109633ECC66536EF30D551F9329B668769EAB57B7E5706A29862E5FF0B,99
3,20251214,https://m.kra.co.kr/race/bukyeong/scoretableAllScoreList.do?rcDate=20251214,download,50211,5EA91F2AF11B0C971FAB448499C11E1EF531325E275F9EAB4E381FA1C7880088,66
3,20251219,https://m.kra.co.kr/race/bukyeong/scoretableAllScoreList.do?rcDate=20251219,download,63376,17D0D027C9D7432965CA4C133DAC69950E7A68BE9412A013481C84919BE984B4,99
3,20251221,https://m.kra.co.kr/race/bukyeong/scoretableAllScoreList.do?rcDate=20251221,download,50234,47EE2101E3D394BEC3D861632B5ECA76EFE1C7D3AFF1A4035CC465E85E2D73D9,66
3,20251226,https://m.kra.co.kr/race/bukyeong/scoretableAllScoreList.do?rcDate=20251226,download,60315,BB9B1A6A3291E21899684E5425E17188B5CD3751597AB2E4E5D90057E50F7CDD,88
3,20251228,https://m.kra.co.kr/race/bukyeong/scoretableAllScoreList.do?rcDate=20251228,download,50298,DA7BCE80088F42B151CA9E1A6295B555A3ED0D719532DBD98258FB27A10A53DE,69
3,20260102,https://m.kra.co.kr/race/bukyeong/scoretableAllScoreList.do?rcDate=20260102,download,63449,0AD9C166C732E2D63B5C608BF7B2CFE6870E480E575D30F8BC022B85EC2C25EA,99
3,20260104,https://m.kra.co.kr/race/bukyeong/scoretableAllScoreList.do?rcDate=20260104,download,54650,9B56B8FEF401AB06EC95B0650E4171958D5031558669A2821F02D50BC3965EC2,77
3,20260109,https://m.kra.co.kr/race/bukyeong/scoretableAllScoreList.do?rcDate=20260109,download,63388,D1774DA6A89E8A26EF55F31CBC2B9B90AB0EB682F140E433F618FDA0264A93FF,99
3,20260111,https://m.kra.co.kr/race/bukyeong/scoretableAllScoreList.do?rcDate=20260111,download,54627,9C0B2E636E745E7A53B33820B7639A2BD218FC9E6873381A38A00D9F15FC4C02,77
3,20260116,https://m.kra.co.kr/race/bukyeong/scoretableAllScoreList.do?rcDate=20260116,download,67793,97312D18A94D129BFAD6915FAD227ABC50DDE214D0546137486015194436DFDF,110
3,20260118,https://m.kra.co.kr/race/bukyeong/scoretableAllScoreList.do?rcDate=20260118,download,54612,8765586A543E72D9C8B45263752A4A3200EA1B834A33E08C3524E443CE056713,77
3,20260123,https://m.kra.co.kr/race/bukyeong/scoretableAllScoreList.do?rcDate=20260123,download,63420,9AEA5118EAB5102335388D9F0AB5077516430989B2FA2E94708260B17CE63B80,99
3,20260125,https://m.kra.co.kr/race/bukyeong/scoretableAllScoreList.do?rcDate=20260125,download,54625,73355990A76985BECCD3978EDB00E3B59A680B093727348E38E8579EDC8B08CD,77
3,20260130,https://m.kra.co.kr/race/bukyeong/scoretableAllScoreList.do?rcDate=20260130,download,63430,034952D7F887AC56EBB618BC20A17530592C2AD55E6D1E71A5A31F8D849C04B1,99
3,20260201,https://m.kra.co.kr/race/bukyeong/scoretableAllScoreList.do?rcDate=20260201,download,54605,9B3EC1AFE40B916CDC0F31F4965EC054633725AACE139D33D04EF443AE9DBEF3,77
3,20260206,https://m.kra.co.kr/race/bukyeong/scoretableAllScoreList.do?rcDate=20260206,download,63374,A3339BCDF259CD0B2AF3475CD36AC60C5AF31BD724318A99CAF99133A381454D,99
3,20260208,https://m.kra.co.kr/race/bukyeong/scoretableAllScoreList.do?rcDate=20260208,download,54674,58F0EDCF34B628158EA9209A285C81025825883A584E892B1500F4B27E8EFE12,77
3,20260213,https://m.kra.co.kr/race/bukyeong/scoretableAllScoreList.do?rcDate=20260213,download,63378,59A2B8E45365E8E3572C40083910BEEEEC6DA9666E2FF2B24E3CE95DABDB4D10,99
3,20260215,https://m.kra.co.kr/race/bukyeong/scoretableAllScoreList.do?rcDate=20260215,download,54628,11D9A8425F980F1F14E9C385BD964F73215F7A33134C593CE00C01F966F82DC6,77
3,20260227,https://m.kra.co.kr/race/bukyeong/scoretableAllScoreList.do?rcDate=20260227,download,63389,092CF281425896C7802D02260DE3F98A9215A7CAB5F0A9B417D25EEFAEBE8ED2,99
3,20260301,https://m.kra.co.kr/race/bukyeong/scoretableAllScoreList.do?rcDate=20260301,download,54628,900248F579363CBA3F02AE53706FF988D84A909435AD3F500F52EE7C4EF0C199,77
3,20260306,https://m.kra.co.kr/race/bukyeong/scoretableAllScoreList.do?rcDate=20260306,download,59011,3C513A2AF07DB1EE7B1E434BE8BE6C03D74E5A134E79F2AB060C5AFDA8118FF7,88
3,20260308,https://m.kra.co.kr/race/bukyeong/scoretableAllScoreList.do?rcDate=20260308,download,54651,01F275CF42FB5A32A586640F8F65961D758F0C2E1190167E91C9AC347C404102,77
3,20260313,https://m.kra.co.kr/race/bukyeong/scoretableAllScoreList.do?rcDate=20260313,download,59022,0A46153948BBBB6213760C6433B268948D838F61022FF6D32EA23A72EDE4A262,88
3,20260315,https://m.kra.co.kr/race/bukyeong/scoretableAllScoreList.do?rcDate=20260315,download,54628,505211D7F0F8D12222242DC977304FC7DE23BBC66178AD51CA7E559671F16AF9,77
3,20260320,https://m.kra.co.kr/race/bukyeong/scoretableAllScoreList.do?rcDate=20260320,download,58989,9B058761A3F879914E7327B3192F5137DA65F69910CAC35F5FFC2DCD67AB62BC,88
3,20260322,https://m.kra.co.kr/race/bukyeong/scoretableAllScoreList.do?rcDate=20260322,download,54635,0A92B1354EBCA413D0C955165825D2C878BC32B84FD1FCCC57810DAC84888DF8,77
3,20260327,https://m.kra.co.kr/race/bukyeong/scoretableAllScoreList.do?rcDate=20260327,download,59005,12A92783B0886D973359E69312559287F9E047515F18F35A70F61993DF2E8D98,87
3,20260329,https://m.kra.co.kr/race/bukyeong/scoretableAllScoreList.do?rcDate=20260329,download,54655,5ABC7E3CCBB277225E5383CD12489B287E1290B69946EAA2CEB321875C0C56F4,77
3,20260403,https://m.kra.co.kr/race/bukyeong/scoretableAllScoreList.do?rcDate=20260403,download,59034,5F6D100B9B1E9B3B42D0D4DD5DE1DF8EE5E146678692C2B61A99B9267CFCFD00,88
3,20260405,https://m.kra.co.kr/race/bukyeong/scoretableAllScoreList.do?rcDate=20260405,download,54652,18BC636DA70C91F0BEDEF80BCEE28A3FC99F59D98ABE3B3074DA76EECA3A47A9,77
3,20260410,https://m.kra.co.kr/race/bukyeong/scoretableAllScoreList.do?rcDate=20260410,download,58992,C67AECCD480F2605DF189CD7835F7B9EA9C6318233123A401F1E4DE12F971DBF,88
3,20260412,https://m.kra.co.kr/race/bukyeong/scoretableAllScoreList.do?rcDate=20260412,download,54763,99E6A7898B918D3945E159C019C61CDB75222E50C40327871573DED1A2B230C7,77
3,20260417,https://m.kra.co.kr/race/bukyeong/scoretableAllScoreList.do?rcDate=20260417,download,59548,183845BFB71C1A0F769186F0CA1DE264E50D6CF650AFA011473AC6AE74F5DFD0,94
3,20260419,https://m.kra.co.kr/race/bukyeong/scoretableAllScoreList.do?rcDate=20260419,download,54650,FCCD68CDDA1CD7781EA23637F656B3359BFA4F8E47EAE562BB2770532B8080F6,77
3,20260424,https://m.kra.co.kr/race/bukyeong/scoretableAllScoreList.do?rcDate=20260424,download,59565,90E8EE5BFF19694312E9A70382BAD0D0DA065B0FE79D892CA04A59077FD4127B,94
3,20260426,https://m.kra.co.kr/race/bukyeong/scoretableAllScoreList.do?rcDate=20260426,download,54634,2406BE08CBB727A4EA203FA460A4576C387E3A5EB70D611CEBB4E55389450DC0,77
3,20260501,https://m.kra.co.kr/race/bukyeong/scoretableAllScoreList.do?rcDate=20260501,download,58997,5CAED07C8E3C6EA4A6C3948C3D6794E9BCE5830B33F7323BC5B6E781010005CA,88
3,20260503,https://m.kra.co.kr/race/bukyeong/scoretableAllScoreList.do?rcDate=20260503,download,54631,FF5C9C515B0E4BE1AA6B26EDFF16535AE90236016C88F99B275363DC1245A5CC,77
3,20260508,https://m.kra.co.kr/race/bukyeong/scoretableAllScoreList.do?rcDate=20260508,download,58999,EED5CE8BF9B80577040CCAA7783F2F4D73495C58E8206F5A99CF141B6F6C5EB1,88
3,20260510,https://m.kra.co.kr/race/bukyeong/scoretableAllScoreList.do?rcDate=20260510,download,54638,99238CFAEC9966D9F8EE076EF802CE50547E750252185CCAA26BF72508C12213,77
3,20260515,https://m.kra.co.kr/race/bukyeong/scoretableAllScoreList.do?rcDate=20260515,download,59019,8C430BC32318510A5845271E768D9A8ADC377B82DA67F94EDC3E5C6DD40D727F,88
3,20260517,https://m.kra.co.kr/race/bukyeong/scoretableAllScoreList.do?rcDate=20260517,download,54602,4B6269002036024C148471CE092C45DB228E17901880646BBE64453570DDF0BB,77
3,20260522,https://m.kra.co.kr/race/bukyeong/scoretableAllScoreList.do?rcDate=20260522,download,58994,990E4B65ACDFA3F17557F7FC61E7721C998C47406D778542019DF2DA2A9FFF71,88
3,20260524,https://m.kra.co.kr/race/bukyeong/scoretableAllScoreList.do?rcDate=20260524,download,54657,1D8589911F234C23F0B2D7D1C422CD6189C0DCC06CF7265E3D12533886905150,77
3,20260529,https://m.kra.co.kr/race/bukyeong/scoretableAllScoreList.do?rcDate=20260529,download,59035,3EF3EDA85087330E7ACF0BDF9B515BAD4C71B8A123037CB8FB9059EBF043A868,88
3,20260531,https://m.kra.co.kr/race/bukyeong/scoretableAllScoreList.do?rcDate=20260531,download,54666,F46D5F0DF234C9C41002312503F3213DF68318D9ABEB024CE0E38E8A36220551,77
3,20260605,https://m.kra.co.kr/race/bukyeong/scoretableAllScoreList.do?rcDate=20260605,download,59013,20664E4EDB2BAAB7CC0D9BFF6B39B6FDF6CA8CD2946E34B815C628C732C9A95D,88
3,20260607,https://m.kra.co.kr/race/bukyeong/scoretableAllScoreList.do?rcDate=20260607,download,54620,3B12417BFBD5378B14DFF10CC66C107CC73E024C79D51665B3A4CF6E3292C022,77
3,20260612,https://m.kra.co.kr/race/bukyeong/scoretableAllScoreList.do?rcDate=20260612,download,59007,1C9C7FD1470F7162143A0B9A4A65F057FDE53DFDA15CF88F31BD0DE36E93EE47,88
3,20260614,https://m.kra.co.kr/race/bukyeong/scoretableAllScoreList.do?rcDate=20260614,download,54629,88146012506B27BF18F026D55BD111CC0DBF7B0ED00CBFB227A44F99B615E987,77
3,20260619,https://m.kra.co.kr/race/bukyeong/scoretableAllScoreList.do?rcDate=20260619,download,59033,B974EF29546E7BC601B57EE19F450EF63001E945BD6932BAB38D9CCA7C46EAE2,88
3,20260621,https://m.kra.co.kr/race/bukyeong/scoretableAllScoreList.do?rcDate=20260621,download,54613,FE07D754BC755BFC4306246DEE7C1B946402786DE56D56657E594138EE30C22D,77
3,20260626,https://m.kra.co.kr/race/bukyeong/scoretableAllScoreList.do?rcDate=20260626,download,58991,60EE32DD368B19DB80B25B2E97F3F801530E0842C47A26E8C3F90FF38BE15E45,88
3,20260628,https://m.kra.co.kr/race/bukyeong/scoretableAllScoreList.do?rcDate=20260628,download,54648,D8292B84B5BEFEF133BAECFBDA49818A7BA0D57C9B6DFF83B328F1928B0D3760,77
3,20260703,https://m.kra.co.kr/race/bukyeong/scoretableAllScoreList.do?rcDate=20260703,download,59028,4B19503C192839B9B5C6472ED45A63945DDFCC39822CF80CC0D4131580479EA8,88
3,20260705,https://m.kra.co.kr/race/bukyeong/scoretableAllScoreList.do?rcDate=20260705,download,54657,F1DA415A73BF8598C9B87F548683AF0AABC544B832E4B5AB95AE71208A13814D,77
3,20260706,https://m.kra.co.kr/race/bukyeong/scoretableAllScoreList.do?rcDate=20260706,download,23921,42DA55C8854E06E0A8F75BB0ED62EC8DE7D1F0C48CC63F710B24E1F9B75D801B,0
3,20260710,https://m.kra.co.kr/race/bukyeong/scoretableAllScoreList.do?rcDate=20260710,download,59031,6246C226A65ACCC6D8B6C614B8CE2B208B715AF467420DC2DBDB32D78FC67E42,88
3,20260712,https://m.kra.co.kr/race/bukyeong/scoretableAllScoreList.do?rcDate=20260712,download,54628,95E0FA7801DDB4B9F03960B1D1F896B7EAC4C6AD40F446057592865EF6566D02,77
3,20260717,https://m.kra.co.kr/race/bukyeong/scoretableAllScoreList.do?rcDate=20260717,download,59004,B8C178E214451D2D420220F76663749472AD38446B5C8CB6102CADAEBA631BF5,88
3,20260719,https://m.kra.co.kr/race/bukyeong/scoretableAllScoreList.do?rcDate=20260719,download,54631,C68C6AA5E1D84B9FDC5831DFF388508CE6A6801BC5B64A5B6357A0EC3044F024,77
3,20260724,https://m.kra.co.kr/race/bukyeong/scoretableAllScoreList.do?rcDate=20260724,download,59038,1A8A4F96002502B695A2A1D1D16B66D7DBBAFA14342047E0F55E0F6F2B16398D,88
3,20260726,https://m.kra.co.kr/race/bukyeong/scoretableAllScoreList.do?rcDate=20260726,download,54634,6DE88B41F9D20254E89D1DD3519D642240DA7C2B02120F4C2821C845473976EA,77
3,20260807,https://m.kra.co.kr/race/bukyeong/scoretableAllScoreList.do?rcDate=20260807,download,59006,7A76332C02693C13E1908C40B32A2A75BB0120D404811145087DF418311E1C52,88
3,20260809,https://m.kra.co.kr/race/bukyeong/scoretableAllScoreList.do?rcDate=20260809,download,54676,017D0A9E1E2AA8AFEFDD53ABABCEE49A1B3BECBFBB1F63F58ADB4BE915E38F7F,77
