rcDate,race_id,meet,race_no,runners,place_slots,bet_type,candidate_tickets,selected_ticket,model_event_probability,market_proxy_probability_for_selected_ticket,probability_edge,hit,official_final_dividend,realized_gross_return,realized_return,realized_edge,market_proxy_selected_ticket,market_proxy_selection_probability,market_proxy_selection_hit,market_proxy_selection_final_dividend,market_proxy_selection_gross_return,market_proxy_selection_return,actual_top3_ordered,probability_market_source,settlement_source,interpretation,paired_return
20260814,20260814_3_01,3,1,11,3,단승,11,8,0.3427989146677795,0.3203126713425276,0.0224862433252518,0,,0.0,-1.0,-0.3203126713425276,8,0.3203126713425276,0,,0.0,-1.0,11-2-6,normalized inverse closing win odds,official KRA final winning-combination dividend,descriptive settlement; not executable EDGE/EV,0.0
20260814,20260814_3_01,3,1,11,3,복승,55,4-8,0.0800034372011964,0.0663085005256549,0.0136949366755415,0,,0.0,-1.0,-0.0663085005256549,6-8,0.1653110983950606,0,,0.0,-1.0,11-2-6,Plackett-Luce/Harville proxy from normalized inverse closing win odds,official KRA final winning-combination dividend,descriptive settlement; not executable EDGE/EV,0.0
20260814,20260814_3_01,3,1,11,3,복연승,55,4-8,0.2116557431634918,0.1809663503996532,0.0306893927638385,0,,0.0,-1.0,-0.1809663503996532,6-8,0.385378639519336,0,,0.0,-1.0,11-2-6,Plackett-Luce/Harville proxy from normalized inverse closing win odds,official KRA final winning-combination dividend,descriptive settlement; not executable EDGE/EV,0.0
20260814,20260814_3_01,3,1,11,3,삼복승,165,4-6-8,0.0735370627205058,0.0642134269896471,0.0093236357308586,0,,0.0,-1.0,-0.0642134269896471,2-6-8,0.0769855765229333,0,,0.0,-1.0,11-2-6,Plackett-Luce/Harville proxy from normalized inverse closing win odds,official KRA final winning-combination dividend,descriptive settlement; not executable EDGE/EV,0.0
20260814,20260814_3_01,3,1,11,3,삼쌍승,990,8-4-6,0.0145981178983544,0.0121374293424976,0.0024606885558568,0,,0.0,-1.0,-0.0121374293424976,8-6-2,0.017515943765609,0,,0.0,-1.0,11-2-6,Plackett-Luce/Harville proxy from normalized inverse closing win odds,official KRA final winning-combination dividend,descriptive settlement; not executable EDGE/EV,0.0
20260814,20260814_3_01,3,1,11,3,쌍승,110,8-4,0.0464735477507987,0.0381192089305356,0.008354338820263,0,,0.0,-1.0,-0.0381192089305356,8-6,0.0898524210505483,0,,0.0,-1.0,11-2-6,Plackett-Luce/Harville proxy from normalized inverse closing win odds,official KRA final winning-combination dividend,descriptive settlement; not executable EDGE/EV,0.0
20260814,20260814_3_01,3,1,11,3,연승,11,4,0.3086152954521639,0.2791928186041419,0.0294224768480219,0,,0.0,-1.0,-0.2791928186041419,8,0.741282542684303,0,,0.0,-1.0,11-2-6,Plackett-Luce/Harville proxy from normalized inverse closing win odds,official KRA final winning-combination dividend,descriptive settlement; not executable EDGE/EV,0.0
20260814,20260814_3_02,3,2,11,3,단승,11,8,0.0194740158928869,0.01615552242618,0.0033184934667069,0,,0.0,-1.0,-0.01615552242618,2,0.3325345032722062,1,2.4,2.4,1.4,2-5-9,normalized inverse closing win odds,official KRA final winning-combination dividend,descriptive settlement; not executable EDGE/EV,-2.4
20260814,20260814_3_02,3,2,11,3,복승,55,2-8,0.0157881835084731,0.0135092441752432,0.0022789393332298,0,,0.0,-1.0,-0.0135092441752432,2-3,0.1600473818996281,0,,0.0,-1.0,2-5-9,Plackett-Luce/Harville proxy from normalized inverse closing win odds,official KRA final winning-combination dividend,descriptive settlement; not executable EDGE/EV,0.0
20260814,20260814_3_02,3,2,11,3,복연승,55,2-8,0.0455277977729221,0.0388831914517755,0.0066446063211466,0,,0.0,-1.0,-0.0388831914517755,2-3,0.3801924875647842,0,,0.0,-1.0,2-5-9,Plackett-Luce/Harville proxy from normalized inverse closing win odds,official KRA final winning-combination dividend,descriptive settlement; not executable EDGE/EV,0.0
20260814,20260814_3_02,3,2,11,3,삼복승,165,2-3-8,0.0137064494116096,0.0115910451431627,0.0021154042684468,0,,0.0,-1.0,-0.0115910451431627,2-3-9,0.1013481035963148,0,,0.0,-1.0,2-5-9,Plackett-Luce/Harville proxy from normalized inverse closing win odds,official KRA final winning-combination dividend,descriptive settlement; not executable EDGE/EV,0.0
20260814,20260814_3_02,3,2,11,3,삼쌍승,990,2-3-8,0.0033954069496192,0.0029125101275647,0.0004828968220545,0,,0.0,-1.0,-0.0029125101275647,2-3-9,0.0224809375471404,0,,0.0,-1.0,2-5-9,Plackett-Luce/Harville proxy from normalized inverse closing win odds,official KRA final winning-combination dividend,descriptive settlement; not executable EDGE/EV,0.0
20260814,20260814_3_02,3,2,11,3,쌍승,110,2-8,0.0093470637674106,0.0080487585522097,0.0012983052152008,0,,0.0,-1.0,-0.0080487585522097,2-3,0.0883574827731472,0,,0.0,-1.0,2-5-9,Plackett-Luce/Harville proxy from normalized inverse closing win odds,official KRA final winning-combination dividend,descriptive settlement; not executable EDGE/EV,0.0
20260814,20260814_3_02,3,2,11,3,연승,11,8,0.0727395939013574,0.0610035965557245,0.0117359973456329,0,,0.0,-1.0,-0.0610035965557245,2,0.7599516935225161,1,1.6,1.6,0.6000000000000001,2-5-9,Plackett-Luce/Harville proxy from normalized inverse closing win odds,official KRA final winning-combination dividend,descriptive settlement; not executable EDGE/EV,-1.6
20260814,20260814_3_03,3,3,10,3,단승,10,7,0.1097565642804398,0.095341373502342,0.0144151907780978,0,,0.0,-1.0,-0.095341373502342,6,0.3956667000347196,0,,0.0,-1.0,9-11-3,normalized inverse closing win odds,official KRA final winning-combination dividend,descriptive settlement; not executable EDGE/EV,0.0
20260814,20260814_3_03,3,3,10,3,복승,45,6-7,0.1192449743119015,0.104120577196804,0.0151243971150975,0,,0.0,-1.0,-0.104120577196804,6-9,0.2097254584872748,0,,0.0,-1.0,9-11-3,Plackett-Luce/Harville proxy from normalized inverse closing win odds,official KRA final winning-combination dividend,descriptive settlement; not executable EDGE/EV,0.0
20260814,20260814_3_03,3,3,10,3,복연승,45,6-7,0.3069397228596825,0.2712760957437383,0.0356636271159442,0,,0.0,-1.0,-0.2712760957437383,6-9,0.4688142062214369,0,,0.0,-1.0,9-11-3,Plackett-Luce/Harville proxy from normalized inverse closing win odds,official KRA final winning-combination dividend,descriptive settlement; not executable EDGE/EV,0.0
20260814,20260814_3_03,3,3,10,3,삼복승,120,6-7-9,0.1272614199381598,0.1076752776730694,0.0195861422650903,0,,0.0,-1.0,-0.1076752776730694,6-9-11,0.1562382251104924,0,,0.0,-1.0,9-11-3,Plackett-Luce/Harville proxy from normalized inverse closing win odds,official KRA final winning-combination dividend,descriptive settlement; not executable EDGE/EV,0.0
20260814,20260814_3_03,3,3,10,3,삼쌍승,720,6-9-7,0.0316350500518259,0.0273315132713629,0.0043035367804629,0,,0.0,-1.0,-0.0273315132713629,6-9-11,0.0378085933587188,0,,0.0,-1.0,9-11-3,Plackett-Luce/Harville proxy from normalized inverse closing win odds,official KRA final winning-combination dividend,descriptive settlement; not executable EDGE/EV,0.0
20260814,20260814_3_03,3,3,10,3,쌍승,90,6-7,0.0708714338654802,0.0624215257253184,0.0084499081401618,0,,0.0,-1.0,-0.0624215257253184,6-9,0.1204880612837542,0,,0.0,-1.0,9-11-3,Plackett-Luce/Harville proxy from normalized inverse closing win odds,official KRA final winning-combination dividend,descriptive settlement; not executable EDGE/EV,0.0
20260814,20260814_3_03,3,3,10,3,연승,10,7,0.3973071678135316,0.3525658643011303,0.0447413035124013,0,,0.0,-1.0,-0.3525658643011303,6,0.8359393192602853,0,,0.0,-1.0,9-11-3,Plackett-Luce/Harville proxy from normalized inverse closing win odds,official KRA final winning-combination dividend,descriptive settlement; not executable EDGE/EV,0.0
20260814,20260814_3_04,3,4,11,3,단승,11,9,0.1047239819260214,0.0957734169932269,0.0089505649327945,0,,0.0,-1.0,-0.0957734169932269,3,0.3179677444175134,0,,0.0,-1.0,1-3-8,normalized inverse closing win odds,official KRA final winning-combination dividend,descriptive settlement; not executable EDGE/EV,0.0
20260814,20260814_3_04,3,4,11,3,복승,55,3-9,0.0868571884076022,0.0783285196142034,0.0085286687933987,0,,0.0,-1.0,-0.0783285196142034,1-3,0.101318979106217,1,8.3,8.3,7.300000000000001,1-3-8,Plackett-Luce/Harville proxy from normalized inverse closing win odds,official KRA final winning-combination dividend,descriptive settlement; not executable EDGE/EV,-8.3
20260814,20260814_3_04,3,4,11,3,복연승,55,3-9,0.2223287213553325,0.2029789036421919,0.0193498177131405,0,,0.0,-1.0,-0.2029789036421919,1-3,0.2540553705853016,1,3.7,3.7,2.7,1-3-8,Plackett-Luce/Harville proxy from normalized inverse closing win odds,official KRA final winning-combination dividend,descriptive settlement; not executable EDGE/EV,-3.7
20260814,20260814_3_04,3,4,11,3,삼복승,165,3-7-9,0.0409381426011434,0.0345030962256254,0.0064350463755179,0,,0.0,-1.0,-0.0345030962256254,1-3-7,0.0455992708744009,0,,0.0,-1.0,1-3-8,Plackett-Luce/Harville proxy from normalized inverse closing win odds,official KRA final winning-combination dividend,descriptive settlement; not executable EDGE/EV,0.0
20260814,20260814_3_04,3,4,11,3,삼쌍승,990,3-9-7,0.0088731609706557,0.0074743217082907,0.0013988392623649,0,,0.0,-1.0,-0.0074743217082907,3-1-7,0.00999636105407,0,,0.0,-1.0,1-3-8,Plackett-Luce/Harville proxy from normalized inverse closing win odds,official KRA final winning-combination dividend,descriptive settlement; not executable EDGE/EV,0.0
20260814,20260814_3_04,3,4,11,3,쌍승,110,3-9,0.0493766171543179,0.0446501717876762,0.0047264453666417,0,,0.0,-1.0,-0.0446501717876762,3-1,0.0570148347442634,0,,0.0,-1.0,1-3-8,Plackett-Luce/Harville proxy from normalized inverse closing win odds,official KRA final winning-combination dividend,descriptive settlement; not executable EDGE/EV,0.0
20260814,20260814_3_04,3,4,11,3,연승,11,9,0.3413708601804514,0.3154201325129457,0.0259507276675056,0,,0.0,-1.0,-0.3154201325129457,3,0.7260285366902708,1,1.3,1.3,0.3,1-3-8,Plackett-Luce/Harville proxy from normalized inverse closing win odds,official KRA final winning-combination dividend,descriptive settlement; not executable EDGE/EV,-1.3
20260814,20260814_3_05,3,5,11,3,단승,11,8,0.1630629558315458,0.1502068366513789,0.0128561191801669,0,,0.0,-1.0,-0.1502068366513789,2,0.2274560669292309,0,,0.0,-1.0,9-6-2,normalized inverse closing win odds,official KRA final winning-combination dividend,descriptive settlement; not executable EDGE/EV,0.0
20260814,20260814_3_05,3,5,11,3,복승,55,3-8,0.0276376197580017,0.0218349409514138,0.0058026788065879,0,,0.0,-1.0,-0.0218349409514138,2-6,0.1119753609115667,0,,0.0,-1.0,9-6-2,Plackett-Luce/Harville proxy from normalized inverse closing win odds,official KRA final winning-combination dividend,descriptive settlement; not executable EDGE/EV,0.0
20260814,20260814_3_05,3,5,11,3,복연승,55,3-8,0.0867276470190291,0.0697928621055996,0.0169347849134294,0,,0.0,-1.0,-0.0697928621055996,2-6,0.2858550634074279,1,3.1,3.1,2.1,9-6-2,Plackett-Luce/Harville proxy from normalized inverse closing win odds,official KRA final winning-combination dividend,descriptive settlement; not executable EDGE/EV,-3.1
20260814,20260814_3_05,3,5,11,3,삼복승,165,2-3-8,0.0280822086819573,0.0224910245561156,0.0055911841258417,0,,0.0,-1.0,-0.0224910245561156,2-6-8,0.0798860876227591,0,,0.0,-1.0,9-6-2,Plackett-Luce/Harville proxy from normalized inverse closing win odds,official KRA final winning-combination dividend,descriptive settlement; not executable EDGE/EV,0.0
20260814,20260814_3_05,3,5,11,3,삼쌍승,990,8-2-3,0.0052566178748146,0.0041812752839345,0.00107534259088,0,,0.0,-1.0,-0.0041812752839345,2-6-8,0.0148469381806121,0,,0.0,-1.0,9-6-2,Plackett-Luce/Harville proxy from normalized inverse closing win odds,official KRA final winning-combination dividend,descriptive settlement; not executable EDGE/EV,0.0
20260814,20260814_3_05,3,5,11,3,쌍승,110,8-2,0.0433568135748505,0.040204437696315,0.0031523758785355,0,,0.0,-1.0,-0.040204437696315,2-6,0.0571684018779936,0,,0.0,-1.0,9-6-2,Plackett-Luce/Harville proxy from normalized inverse closing win odds,official KRA final winning-combination dividend,descriptive settlement; not executable EDGE/EV,0.0
20260814,20260814_3_05,3,5,11,3,연승,11,3,0.2449496023962382,0.2155130216069375,0.0294365807893006,0,,0.0,-1.0,-0.2155130216069375,2,0.596342383035476,1,1.5,1.5,0.5,9-6-2,Plackett-Luce/Harville proxy from normalized inverse closing win odds,official KRA final winning-combination dividend,descriptive settlement; not executable EDGE/EV,-1.5
20260814,20260814_3_06,3,6,11,3,단승,11,9,0.3306610517120813,0.3188774360965787,0.0117836156155026,1,2.5,2.5,1.5,0.6811225639034213,9,0.3188774360965787,1,2.5,2.5,1.5,9-8-5,normalized inverse closing win odds,official KRA final winning-combination dividend,descriptive settlement; not executable EDGE/EV,0.0
20260814,20260814_3_06,3,6,11,3,복승,55,5-9,0.2541641486370209,0.2307829387357259,0.0233812099012949,0,,0.0,-1.0,-0.2307829387357259,5-9,0.2307829387357259,0,,0.0,-1.0,9-8-5,Plackett-Luce/Harville proxy from normalized inverse closing win odds,official KRA final winning-combination dividend,descriptive settlement; not executable EDGE/EV,0.0
20260814,20260814_3_06,3,6,11,3,복연승,55,5-9,0.5445512543819866,0.5075591944219789,0.0369920599600076,1,1.7,1.7,0.7,0.492440805578021,5-9,0.5075591944219789,1,1.7,1.7,0.7,9-8-5,Plackett-Luce/Harville proxy from normalized inverse closing win odds,official KRA final winning-combination dividend,descriptive settlement; not executable EDGE/EV,0.0
20260814,20260814_3_06,3,6,11,3,삼복승,165,5-7-9,0.1417524405763792,0.1152581051580273,0.0264943354183518,0,,0.0,-1.0,-0.1152581051580273,3-5-9,0.162710957962611,0,,0.0,-1.0,9-8-5,Plackett-Luce/Harville proxy from normalized inverse closing win odds,official KRA final winning-combination dividend,descriptive settlement; not executable EDGE/EV,0.0
20260814,20260814_3_06,3,6,11,3,삼쌍승,990,9-5-7,0.0337169277378899,0.0269498797721733,0.0067670479657165,0,,0.0,-1.0,-0.0269498797721733,9-5-3,0.0365127403364929,0,,0.0,-1.0,9-8-5,Plackett-Luce/Harville proxy from normalized inverse closing win odds,official KRA final winning-combination dividend,descriptive settlement; not executable EDGE/EV,0.0
20260814,20260814_3_06,3,6,11,3,쌍승,110,9-5,0.1327094127006374,0.1203928307997869,0.0123165819008505,0,,0.0,-1.0,-0.1203928307997869,9-5,0.1203928307997869,0,,0.0,-1.0,9-8-5,Plackett-Luce/Harville proxy from normalized inverse closing win odds,official KRA final winning-combination dividend,descriptive settlement; not executable EDGE/EV,0.0
20260814,20260814_3_06,3,6,11,3,연승,11,7,0.3691798686927268,0.3391953847928677,0.029984483899859,0,,0.0,-1.0,-0.3391953847928677,9,0.7642014929352228,1,1.3,1.3,0.3,9-8-5,Plackett-Luce/Harville proxy from normalized inverse closing win odds,official KRA final winning-combination dividend,descriptive settlement; not executable EDGE/EV,-1.3
20260814,20260814_3_07,3,7,10,3,단승,10,2,0.3962661229270961,0.3682396331248904,0.0280264898022057,0,,0.0,-1.0,-0.3682396331248904,2,0.3682396331248904,0,,0.0,-1.0,5-6-2,normalized inverse closing win odds,official KRA final winning-combination dividend,descriptive settlement; not executable EDGE/EV,0.0
20260814,20260814_3_07,3,7,10,3,복승,45,2-6,0.3988827583151784,0.3654168923229101,0.0334658659922683,0,,0.0,-1.0,-0.3654168923229101,2-6,0.3654168923229101,0,,0.0,-1.0,5-6-2,Plackett-Luce/Harville proxy from normalized inverse closing win odds,official KRA final winning-combination dividend,descriptive settlement; not executable EDGE/EV,0.0
20260814,20260814_3_07,3,7,10,3,복연승,45,2-5,0.3109969359146844,0.2688619720460951,0.0421349638685893,1,2.9,2.9,1.9,0.7311380279539048,2-6,0.6931117310100172,1,1.4,1.4,0.3999999999999999,5-6-2,Plackett-Luce/Harville proxy from normalized inverse closing win odds,official KRA final winning-combination dividend,descriptive settlement; not executable EDGE/EV,1.5
20260814,20260814_3_07,3,7,10,3,삼복승,120,2-5-6,0.2259171185555609,0.1868382364780174,0.0390788820775435,1,3.7,3.7,2.7,0.8131617635219826,2-6-10,0.2429261905377462,0,,0.0,-1.0,5-6-2,Plackett-Luce/Harville proxy from normalized inverse closing win odds,official KRA final winning-combination dividend,descriptive settlement; not executable EDGE/EV,3.7
20260814,20260814_3_07,3,7,10,3,삼쌍승,720,2-6-5,0.0639706647714219,0.0502306130609076,0.0137400517105142,0,,0.0,-1.0,-0.0502306130609076,2-6-10,0.063754239654229,0,,0.0,-1.0,5-6-2,Plackett-Luce/Harville proxy from normalized inverse closing win odds,official KRA final winning-combination dividend,descriptive settlement; not executable EDGE/EV,0.0
20260814,20260814_3_07,3,7,10,3,쌍승,90,2-6,0.2110613074074727,0.1888823395264822,0.0221789678809905,0,,0.0,-1.0,-0.1888823395264822,2-6,0.1888823395264822,0,,0.0,-1.0,5-6-2,Plackett-Luce/Harville proxy from normalized inverse closing win odds,official KRA final winning-combination dividend,descriptive settlement; not executable EDGE/EV,0.0
20260814,20260814_3_07,3,7,10,3,연승,10,5,0.3786776576820717,0.3459585195494111,0.0327191381326606,1,1.6,1.6,0.6000000000000001,0.654041480450589,2,0.8540563990850379,1,1.3,1.3,0.3,5-6-2,Plackett-Luce/Harville proxy from normalized inverse closing win odds,official KRA final winning-combination dividend,descriptive settlement; not executable EDGE/EV,0.3000000000000001
20260814,20260814_3_08,3,8,11,3,단승,11,7,0.1661107649095852,0.1506201917453307,0.0154905731642545,0,,0.0,-1.0,-0.1506201917453307,9,0.2347902988971332,0,,0.0,-1.0,2-8-5,normalized inverse closing win odds,official KRA final winning-combination dividend,descriptive settlement; not executable EDGE/EV,0.0
20260814,20260814_3_08,3,8,11,3,복승,55,3-7,0.0517088173669269,0.0421730672982708,0.0095357500686561,0,,0.0,-1.0,-0.0421730672982708,6-9,0.0915983698605583,0,,0.0,-1.0,2-8-5,Plackett-Luce/Harville proxy from normalized inverse closing win odds,official KRA final winning-combination dividend,descriptive settlement; not executable EDGE/EV,0.0
20260814,20260814_3_08,3,8,11,3,복연승,55,3-7,0.1523552182329463,0.128979703735127,0.0233755144978192,0,,0.0,-1.0,-0.128979703735127,6-9,0.2423142195509935,0,,0.0,-1.0,2-8-5,Plackett-Luce/Harville proxy from normalized inverse closing win odds,official KRA final winning-combination dividend,descriptive settlement; not executable EDGE/EV,0.0
20260814,20260814_3_08,3,8,11,3,삼복승,165,2-3-7,0.019140952476921,0.012948046373361,0.00619290610356,0,,0.0,-1.0,-0.012948046373361,6-7-9,0.0639184786926282,0,,0.0,-1.0,2-8-5,Plackett-Luce/Harville proxy from normalized inverse closing win odds,official KRA final winning-combination dividend,descriptive settlement; not executable EDGE/EV,0.0
20260814,20260814_3_08,3,8,11,3,삼쌍승,990,7-3-9,0.0080764521473784,0.0069133790661241,0.0011630730812543,0,,0.0,-1.0,-0.0069133790661241,9-6-7,0.0118844944560794,0,,0.0,-1.0,2-8-5,Plackett-Luce/Harville proxy from normalized inverse closing win odds,official KRA final winning-combination dividend,descriptive settlement; not executable EDGE/EV,0.0
20260814,20260814_3_08,3,8,11,3,쌍승,110,7-3,0.0263671665518359,0.0214484737528471,0.0049186927989887,0,,0.0,-1.0,-0.0214484737528471,9-6,0.0480273441182231,0,,0.0,-1.0,2-8-5,Plackett-Luce/Harville proxy from normalized inverse closing win odds,official KRA final winning-combination dividend,descriptive settlement; not executable EDGE/EV,0.0
20260814,20260814_3_08,3,8,11,3,연승,11,2,0.2956202905875141,0.2601145183386372,0.0355057722488769,1,2.5,2.5,1.5,0.7398854816613627,9,0.6066385922363914,0,,0.0,-1.0,2-8-5,Plackett-Luce/Harville proxy from normalized inverse closing win odds,official KRA final winning-combination dividend,descriptive settlement; not executable EDGE/EV,2.5
20260815,20260815_1_01,1,1,10,3,단승,10,2,0.2416619350731777,0.2343901098491372,0.0072718252240405,0,,0.0,-1.0,-0.2343901098491372,5,0.3794887492795555,1,2.1,2.1,1.1,5-4-2,normalized inverse closing win odds,official KRA final winning-combination dividend,descriptive settlement; not executable EDGE/EV,-2.1
20260815,20260815_1_01,1,1,10,3,복승,45,2-7,0.1007871180072167,0.0932372008234338,0.0075499171837828,0,,0.0,-1.0,-0.0932372008234338,2-5,0.2595267806684023,0,,0.0,-1.0,5-4-2,Plackett-Luce/Harville proxy from normalized inverse closing win odds,official KRA final winning-combination dividend,descriptive settlement; not executable EDGE/EV,0.0
20260815,20260815_1_01,1,1,10,3,복연승,45,2-7,0.3550816194241246,0.3386856282721019,0.0163959911520226,0,,0.0,-1.0,-0.3386856282721019,2-5,0.5656114524812957,1,1.9,1.9,0.8999999999999999,5-4-2,Plackett-Luce/Harville proxy from normalized inverse closing win odds,official KRA final winning-combination dividend,descriptive settlement; not executable EDGE/EV,-1.9
20260815,20260815_1_01,1,1,10,3,삼복승,120,2-5-7,0.2611473412968281,0.2516149654739268,0.0095323758229012,0,,0.0,-1.0,-0.2516149654739268,2-5-7,0.2516149654739268,0,,0.0,-1.0,5-4-2,Plackett-Luce/Harville proxy from normalized inverse closing win odds,official KRA final winning-combination dividend,descriptive settlement; not executable EDGE/EV,0.0
20260815,20260815_1_01,1,1,10,3,삼쌍승,720,2-7-5,0.0328625990696858,0.0305453623209733,0.0023172367487125,0,,0.0,-1.0,-0.0305453623209733,5-2-7,0.059171576696613,0,,0.0,-1.0,5-4-2,Plackett-Luce/Harville proxy from normalized inverse closing win odds,official KRA final winning-combination dividend,descriptive settlement; not executable EDGE/EV,0.0
20260815,20260815_1_01,1,1,10,3,쌍승,90,2-7,0.0527977196584406,0.048795519134817,0.0040022005236235,0,,0.0,-1.0,-0.048795519134817,5-2,0.1433469732045521,0,,0.0,-1.0,5-4-2,Plackett-Luce/Harville proxy from normalized inverse closing win odds,official KRA final winning-combination dividend,descriptive settlement; not executable EDGE/EV,0.0
20260815,20260815_1_01,1,1,10,3,연승,10,7,0.5643448702445328,0.5507990280785324,0.0135458421660004,0,,0.0,-1.0,-0.5507990280785324,5,0.8402108159228857,1,1.2,1.2,0.1999999999999999,5-4-2,Plackett-Luce/Harville proxy from normalized inverse closing win odds,official KRA final winning-combination dividend,descriptive settlement; not executable EDGE/EV,-1.2
20260815,20260815_1_02,1,2,10,3,단승,10,10,0.1439619067376257,0.1237615444553912,0.0202003622822345,0,,0.0,-1.0,-0.1237615444553912,3,0.4233947573473911,0,,0.0,-1.0,5-3-6,normalized inverse closing win odds,official KRA final winning-combination dividend,descriptive settlement; not executable EDGE/EV,0.0
20260815,20260815_1_02,1,2,10,3,복승,45,3-10,0.173423493408884,0.1506777736016238,0.0227457198072602,0,,0.0,-1.0,-0.1506777736016238,3-5,0.1611539825927437,1,6.7,6.7,5.7,5-3-6,Plackett-Luce/Harville proxy from normalized inverse closing win odds,official KRA final winning-combination dividend,descriptive settlement; not executable EDGE/EV,-6.7
20260815,20260815_1_02,1,2,10,3,복연승,45,3-10,0.4025074296838161,0.3559540975619587,0.0465533321218574,0,,0.0,-1.0,-0.3559540975619587,3-5,0.3753261402242246,1,2.4,2.4,1.4,5-3-6,Plackett-Luce/Harville proxy from normalized inverse closing win odds,official KRA final winning-combination dividend,descriptive settlement; not executable EDGE/EV,-2.4
20260815,20260815_1_02,1,2,10,3,삼복승,120,3-5-10,0.1346916212186149,0.1100159378226955,0.0246756833959193,0,,0.0,-1.0,-0.1100159378226955,3-5-10,0.1100159378226955,0,,0.0,-1.0,5-3-6,Plackett-Luce/Harville proxy from normalized inverse closing win odds,official KRA final winning-combination dividend,descriptive settlement; not executable EDGE/EV,0.0
20260815,20260815_1_02,1,2,10,3,삼쌍승,720,3-10-5,0.0323835367512958,0.026465099022923,0.0059184377283728,0,,0.0,-1.0,-0.026465099022923,3-5-10,0.0269480407644928,0,,0.0,-1.0,5-3-6,Plackett-Luce/Harville proxy from normalized inverse closing win odds,official KRA final winning-combination dividend,descriptive settlement; not executable EDGE/EV,0.0
20260815,20260815_1_02,1,2,10,3,쌍승,90,3-10,0.1032034474315294,0.0908767128834423,0.0123267345480871,0,,0.0,-1.0,-0.0908767128834423,3-5,0.0968358415971107,0,,0.0,-1.0,5-3-6,Plackett-Luce/Harville proxy from normalized inverse closing win odds,official KRA final winning-combination dividend,descriptive settlement; not executable EDGE/EV,0.0
20260815,20260815_1_02,1,2,10,3,연승,10,10,0.4967029930067931,0.4409182642798523,0.0557847287269408,0,,0.0,-1.0,-0.4409182642798523,3,0.8530364673464372,1,1.2,1.2,0.1999999999999999,5-3-6,Plackett-Luce/Harville proxy from normalized inverse closing win odds,official KRA final winning-combination dividend,descriptive settlement; not executable EDGE/EV,-1.2
20260815,20260815_1_03,1,3,11,3,단승,11,1,0.1602846145697521,0.140422527744705,0.019862086825047,1,5.7,5.7,4.7,0.859577472255295,5,0.2425480024681268,0,,0.0,-1.0,1-2-5,normalized inverse closing win odds,official KRA final winning-combination dividend,descriptive settlement; not executable EDGE/EV,5.7
20260815,20260815_1_03,1,3,11,3,복승,55,1-5,0.0975862534469561,0.0845886869162764,0.0129975665306796,0,,0.0,-1.0,-0.0845886869162764,5-10,0.140540288238227,0,,0.0,-1.0,1-2-5,Plackett-Luce/Harville proxy from normalized inverse closing win odds,official KRA final winning-combination dividend,descriptive settlement; not executable EDGE/EV,0.0
20260815,20260815_1_03,1,3,11,3,복연승,55,1-5,0.2697541993128469,0.2388991120137268,0.03085508729912,1,3.0,3.0,2.0,0.7611008879862732,5-10,0.3512664842799143,0,,0.0,-1.0,1-2-5,Plackett-Luce/Harville proxy from normalized inverse closing win odds,official KRA final winning-combination dividend,descriptive settlement; not executable EDGE/EV,3.0
20260815,20260815_1_03,1,3,11,3,삼복승,165,1-5-10,0.1129149515985028,0.0964654076832162,0.0164495439152865,0,,0.0,-1.0,-0.0964654076832162,1-5-10,0.0964654076832162,0,,0.0,-1.0,1-2-5,Plackett-Luce/Harville proxy from normalized inverse closing win odds,official KRA final winning-combination dividend,descriptive settlement; not executable EDGE/EV,0.0
20260815,20260815_1_03,1,3,11,3,삼쌍승,990,1-5-10,0.017212415471858,0.0142775174106006,0.0029348980612574,0,,0.0,-1.0,-0.0142775174106006,5-10-1,0.0186827288894925,0,,0.0,-1.0,1-2-5,Plackett-Luce/Harville proxy from normalized inverse closing win odds,official KRA final winning-combination dividend,descriptive settlement; not executable EDGE/EV,0.0
20260815,20260815_1_03,1,3,11,3,쌍승,110,1-5,0.0462825169574775,0.0396231924466811,0.0066593245107963,0,,0.0,-1.0,-0.0396231924466811,5-10,0.0711953662435258,0,,0.0,-1.0,1-2-5,Plackett-Luce/Harville proxy from normalized inverse closing win odds,official KRA final winning-combination dividend,descriptive settlement; not executable EDGE/EV,0.0
20260815,20260815_1_03,1,3,11,3,연승,11,1,0.4846306411394943,0.4370821877441346,0.0475484533953596,1,2.0,2.0,1.0,0.5629178122558653,5,0.6375933866275747,1,1.4,1.4,0.3999999999999999,1-2-5,Plackett-Luce/Harville proxy from normalized inverse closing win odds,official KRA final winning-combination dividend,descriptive settlement; not executable EDGE/EV,0.6000000000000001
20260815,20260815_1_04,1,4,11,3,단승,11,6,0.1829925119115906,0.17755702309976,0.0054354888118306,0,,0.0,-1.0,-0.17755702309976,6,0.17755702309976,0,,0.0,-1.0,11-6-1,normalized inverse closing win odds,official KRA final winning-combination dividend,descriptive settlement; not executable EDGE/EV,0.0
20260815,20260815_1_04,1,4,11,3,복승,55,6-11,0.0772328029445252,0.0730690270945499,0.0041637758499752,1,8.8,8.8,7.800000000000001,0.92693097290545,6-11,0.0730690270945499,1,8.8,8.8,7.800000000000001,11-6-1,Plackett-Luce/Harville proxy from normalized inverse closing win odds,official KRA final winning-combination dividend,descriptive settlement; not executable EDGE/EV,0.0
20260815,20260815_1_04,1,4,11,3,복연승,55,6-11,0.2120159065025071,0.2018601442399567,0.0101557622625503,1,3.9,3.9,2.9,0.7981398557600432,6-11,0.2018601442399567,1,3.9,3.9,2.9,11-6-1,Plackett-Luce/Harville proxy from normalized inverse closing win odds,official KRA final winning-combination dividend,descriptive settlement; not executable EDGE/EV,0.0
20260815,20260815_1_04,1,4,11,3,삼복승,165,1-6-11,0.0438571958669184,0.0399923380996234,0.003864857767295,1,16.8,16.8,15.8,0.9600076619003766,2-6-11,0.0553528468790485,0,,0.0,-1.0,11-6-1,Plackett-Luce/Harville proxy from normalized inverse closing win odds,official KRA final winning-combination dividend,descriptive settlement; not executable EDGE/EV,16.8
20260815,20260815_1_04,1,4,11,3,삼쌍승,990,6-11-1,0.0078506632406976,0.0071343229340469,0.0007163403066507,0,,0.0,-1.0,-0.0071343229340469,6-11-2,0.0093637988509365,0,,0.0,-1.0,11-6-1,Plackett-Luce/Harville proxy from normalized inverse closing win odds,official KRA final winning-combination dividend,descriptive settlement; not executable EDGE/EV,0.0
20260815,20260815_1_04,1,4,11,3,쌍승,110,6-11,0.0388414158942165,0.0367015638279288,0.0021398520662877,0,,0.0,-1.0,-0.0367015638279288,6-11,0.0367015638279288,0,,0.0,-1.0,11-6-1,Plackett-Luce/Harville proxy from normalized inverse closing win odds,official KRA final winning-combination dividend,descriptive settlement; not executable EDGE/EV,0.0
20260815,20260815_1_04,1,4,11,3,연승,11,4,0.1896705877319794,0.1768149999150409,0.0128555878169385,0,,0.0,-1.0,-0.1768149999150409,6,0.4979484222676956,1,1.6,1.6,0.6000000000000001,11-6-1,Plackett-Luce/Harville proxy from normalized inverse closing win odds,official KRA final winning-combination dividend,descriptive settlement; not executable EDGE/EV,-1.6
20260815,20260815_1_05,1,5,10,3,단승,10,8,0.251526744968261,0.2173262754034448,0.0342004695648162,1,3.7,3.7,2.7,0.7826737245965552,7,0.259389425481531,0,,0.0,-1.0,8-7-2,normalized inverse closing win odds,official KRA final winning-combination dividend,descriptive settlement; not executable EDGE/EV,3.7
20260815,20260815_1_05,1,5,10,3,복승,45,7-8,0.1736230483177511,0.1481408414332998,0.0254822068844513,1,5.7,5.7,4.7,0.8518591585667001,7-8,0.1481408414332998,1,5.7,5.7,4.7,8-7-2,Plackett-Luce/Harville proxy from normalized inverse closing win odds,official KRA final winning-combination dividend,descriptive settlement; not executable EDGE/EV,0.0
20260815,20260815_1_05,1,5,10,3,복연승,45,7-8,0.4105158493213713,0.36203639744983,0.0484794518715413,1,2.6,2.6,1.6,0.63796360255017,7-8,0.36203639744983,1,2.6,2.6,1.6,8-7-2,Plackett-Luce/Harville proxy from normalized inverse closing win odds,official KRA final winning-combination dividend,descriptive settlement; not executable EDGE/EV,0.0
20260815,20260815_1_05,1,5,10,3,삼복승,120,4-7-8,0.11107098806262,0.0920638153572991,0.0190071727053209,0,,0.0,-1.0,-0.0920638153572991,2-7-8,0.0974693841794418,1,9.9,9.9,8.9,8-7-2,Plackett-Luce/Harville proxy from normalized inverse closing win odds,official KRA final winning-combination dividend,descriptive settlement; not executable EDGE/EV,-9.9
20260815,20260815_1_05,1,5,10,3,삼쌍승,720,8-7-4,0.0223747803743925,0.0175678840955475,0.004806896278845,0,,0.0,-1.0,-0.0175678840955475,7-8-2,0.0194939389727817,0,,0.0,-1.0,8-7-2,Plackett-Luce/Harville proxy from normalized inverse closing win odds,official KRA final winning-combination dividend,descriptive settlement; not executable EDGE/EV,0.0
20260815,20260815_1_05,1,5,10,3,쌍승,90,8-7,0.0864740949035068,0.072025080116237,0.0144490147872698,1,10.6,10.6,9.6,0.927974919883763,7-8,0.0761157613170627,0,,0.0,-1.0,8-7-2,Plackett-Luce/Harville proxy from normalized inverse closing win odds,official KRA final winning-combination dividend,descriptive settlement; not executable EDGE/EV,10.6
20260815,20260815_1_05,1,5,10,3,연승,10,8,0.6592995312205738,0.596407679294381,0.0628918519261928,1,1.8,1.8,0.8,0.403592320705619,7,0.6613851099393072,1,1.3,1.3,0.3,8-7-2,Plackett-Luce/Harville proxy from normalized inverse closing win odds,official KRA final winning-combination dividend,descriptive settlement; not executable EDGE/EV,0.5
20260815,20260815_1_06,1,6,11,3,단승,11,10,0.142469684852525,0.134644238971409,0.007825445881116,0,,0.0,-1.0,-0.134644238971409,7,0.3610913681505969,1,2.2,2.2,1.2000000000000002,7-3-8,normalized inverse closing win odds,official KRA final winning-combination dividend,descriptive settlement; not executable EDGE/EV,-2.2
20260815,20260815_1_06,1,6,11,3,복승,55,7-10,0.1443452792912414,0.1322804346844055,0.0120648446068359,0,,0.0,-1.0,-0.1322804346844055,7-10,0.1322804346844055,0,,0.0,-1.0,7-3-8,Plackett-Luce/Harville proxy from normalized inverse closing win odds,official KRA final winning-combination dividend,descriptive settlement; not executable EDGE/EV,0.0
20260815,20260815_1_06,1,6,11,3,복연승,55,7-10,0.3407928671195839,0.3176006781048945,0.0231921890146893,0,,0.0,-1.0,-0.3176006781048945,7-10,0.3176006781048945,0,,0.0,-1.0,7-3-8,Plackett-Luce/Harville proxy from normalized inverse closing win odds,official KRA final winning-combination dividend,descriptive settlement; not executable EDGE/EV,0.0
20260815,20260815_1_06,1,6,11,3,삼복승,165,6-7-10,0.0488831790603642,0.0418998637300983,0.0069833153302658,0,,0.0,-1.0,-0.0418998637300983,5-7-10,0.077351779490508,0,,0.0,-1.0,7-3-8,Plackett-Luce/Harville proxy from normalized inverse closing win odds,official KRA final winning-combination dividend,descriptive settlement; not executable EDGE/EV,0.0
20260815,20260815_1_06,1,6,11,3,삼쌍승,990,7-10-6,0.0119806838763158,0.010159342564252,0.0018213413120638,0,,0.0,-1.0,-0.010159342564252,7-10-5,0.0176294473909079,0,,0.0,-1.0,7-3-8,Plackett-Luce/Harville proxy from normalized inverse closing win odds,official KRA final winning-combination dividend,descriptive settlement; not executable EDGE/EV,0.0
20260815,20260815_1_06,1,6,11,3,쌍승,110,7-10,0.083126879041121,0.0760967531821387,0.0070301258589822,0,,0.0,-1.0,-0.0760967531821387,7-10,0.0760967531821387,0,,0.0,-1.0,7-3-8,Plackett-Luce/Harville proxy from normalized inverse closing win odds,official KRA final winning-combination dividend,descriptive settlement; not executable EDGE/EV,0.0
20260815,20260815_1_06,1,6,11,3,연승,11,10,0.4601341240011365,0.4368968351250602,0.0232372888760763,0,,0.0,-1.0,-0.4368968351250602,7,0.7831785002015303,1,1.2,1.2,0.1999999999999999,7-3-8,Plackett-Luce/Harville proxy from normalized inverse closing win odds,official KRA final winning-combination dividend,descriptive settlement; not executable EDGE/EV,-1.2
20260815,20260815_1_07,1,7,10,3,단승,10,1,0.3736306474103323,0.3637044146840087,0.0099262327263235,0,,0.0,-1.0,-0.3637044146840087,1,0.3637044146840087,0,,0.0,-1.0,4-7-3,normalized inverse closing win odds,official KRA final winning-combination dividend,descriptive settlement; not executable EDGE/EV,0.0
20260815,20260815_1_07,1,7,10,3,복승,45,1-8,0.1918306846349247,0.1760134105399553,0.0158172740949693,0,,0.0,-1.0,-0.1760134105399553,1-7,0.2052880951255407,0,,0.0,-1.0,4-7-3,Plackett-Luce/Harville proxy from normalized inverse closing win odds,official KRA final winning-combination dividend,descriptive settlement; not executable EDGE/EV,0.0
20260815,20260815_1_07,1,7,10,3,복연승,45,1-8,0.4567340891601397,0.4316294152453863,0.0251046739147534,0,,0.0,-1.0,-0.4316294152453863,1-7,0.4767905328386022,0,,0.0,-1.0,4-7-3,Plackett-Luce/Harville proxy from normalized inverse closing win odds,official KRA final winning-combination dividend,descriptive settlement; not executable EDGE/EV,0.0
20260815,20260815_1_07,1,7,10,3,삼복승,120,1-3-8,0.0978590209753008,0.0808750080809437,0.0169840128943571,0,,0.0,-1.0,-0.0808750080809437,1-7-8,0.2077488865587566,0,,0.0,-1.0,4-7-3,Plackett-Luce/Harville proxy from normalized inverse closing win odds,official KRA final winning-combination dividend,descriptive settlement; not executable EDGE/EV,0.0
20260815,20260815_1_07,1,7,10,3,삼쌍승,720,1-8-3,0.0239218284250925,0.0195533335004425,0.0043684949246499,0,,0.0,-1.0,-0.0195533335004425,1-7-8,0.0455901252983847,0,,0.0,-1.0,4-7-3,Plackett-Luce/Harville proxy from normalized inverse closing win odds,official KRA final winning-combination dividend,descriptive settlement; not executable EDGE/EV,0.0
20260815,20260815_1_07,1,7,10,3,쌍승,90,1-8,0.1086340195445264,0.0994267135019726,0.0092073060425538,0,,0.0,-1.0,-0.0994267135019726,1-7,0.1143407205272686,0,,0.0,-1.0,4-7-3,Plackett-Luce/Harville proxy from normalized inverse closing win odds,official KRA final winning-combination dividend,descriptive settlement; not executable EDGE/EV,0.0
20260815,20260815_1_07,1,7,10,3,연승,10,3,0.3597531069226468,0.3346940995819912,0.0250590073406555,1,2.1,2.1,1.1,0.6653059004180089,1,0.8132599817469739,0,,0.0,-1.0,4-7-3,Plackett-Luce/Harville proxy from normalized inverse closing win odds,official KRA final winning-combination dividend,descriptive settlement; not executable EDGE/EV,2.1
20260815,20260815_1_08,1,8,10,3,단승,10,4,0.3649661551217351,0.3315838967381646,0.0333822583835705,1,2.4,2.4,1.4,0.6684161032618354,4,0.3315838967381646,1,2.4,2.4,1.4,4-10-3,normalized inverse closing win odds,official KRA final winning-combination dividend,descriptive settlement; not executable EDGE/EV,0.0
20260815,20260815_1_08,1,8,10,3,복승,45,3-4,0.1142189008050707,0.1004424015452056,0.0137764992598651,0,,0.0,-1.0,-0.1004424015452056,4-10,0.1144657541921685,1,8.3,8.3,7.300000000000001,4-10-3,Plackett-Luce/Harville proxy from normalized inverse closing win odds,official KRA final winning-combination dividend,descriptive settlement; not executable EDGE/EV,-8.3
20260815,20260815_1_08,1,8,10,3,복연승,45,3-4,0.2833147671478505,0.2560355359500424,0.0272792311978081,1,3.3,3.3,2.3,0.7439644640499576,4-10,0.2858480734189288,1,3.1,3.1,2.1,4-10-3,Plackett-Luce/Harville proxy from normalized inverse closing win odds,official KRA final winning-combination dividend,descriptive settlement; not executable EDGE/EV,0.19999999999999973
20260815,20260815_1_08,1,8,10,3,삼복승,120,3-4-7,0.0715763070632892,0.0621176362705854,0.0094586707927037,0,,0.0,-1.0,-0.0621176362705854,4-7-10,0.0716970474028825,0,,0.0,-1.0,4-10-3,Plackett-Luce/Harville proxy from normalized inverse closing win odds,official KRA final winning-combination dividend,descriptive settlement; not executable EDGE/EV,0.0
20260815,20260815_1_08,1,8,10,3,삼쌍승,720,4-3-7,0.0160323125375078,0.0132777692438004,0.0027545432937073,0,,0.0,-1.0,-0.0132777692438004,4-10-7,0.0154414078335583,0,,0.0,-1.0,4-10-3,Plackett-Luce/Harville proxy from normalized inverse closing win odds,official KRA final winning-combination dividend,descriptive settlement; not executable EDGE/EV,0.0
20260815,20260815_1_08,1,8,10,3,쌍승,90,4-3,0.0664798171987006,0.0572139732769951,0.0092658439217054,0,,0.0,-1.0,-0.0572139732769951,4-10,0.0647174451821749,1,12.6,12.6,11.6,4-10-3,Plackett-Luce/Harville proxy from normalized inverse closing win odds,official KRA final winning-combination dividend,descriptive settlement; not executable EDGE/EV,-12.6
20260815,20260815_1_08,1,8,10,3,연승,10,4,0.7904432058696972,0.750372731974372,0.0400704738953251,1,1.3,1.3,0.3,0.2496272680256279,4,0.750372731974372,1,1.3,1.3,0.3,4-10-3,Plackett-Luce/Harville proxy from normalized inverse closing win odds,official KRA final winning-combination dividend,descriptive settlement; not executable EDGE/EV,0.0
20260815,20260815_1_09,1,9,9,3,단승,9,9,0.3879430214387463,0.3479481423254448,0.0399948791133015,0,,0.0,-1.0,-0.3479481423254448,9,0.3479481423254448,0,,0.0,-1.0,3-7-11,normalized inverse closing win odds,official KRA final winning-combination dividend,descriptive settlement; not executable EDGE/EV,0.0
20260815,20260815_1_09,1,9,9,3,복승,36,3-9,0.2351630383513511,0.2138559562170265,0.0213070821343245,0,,0.0,-1.0,-0.2138559562170265,3-9,0.2138559562170265,0,,0.0,-1.0,3-7-11,Plackett-Luce/Harville proxy from normalized inverse closing win odds,official KRA final winning-combination dividend,descriptive settlement; not executable EDGE/EV,0.0
20260815,20260815_1_09,1,9,9,3,복연승,36,3-9,0.5150630080756406,0.4837439629623692,0.0313190451132714,0,,0.0,-1.0,-0.4837439629623692,3-9,0.4837439629623692,0,,0.0,-1.0,3-7-11,Plackett-Luce/Harville proxy from normalized inverse closing win odds,official KRA final winning-combination dividend,descriptive settlement; not executable EDGE/EV,0.0
20260815,20260815_1_09,1,9,9,3,삼복승,84,3-4-9,0.1405072161424904,0.1258533021882154,0.014653913954275,0,,0.0,-1.0,-0.1258533021882154,1-3-9,0.1575399949511773,0,,0.0,-1.0,3-7-11,Plackett-Luce/Harville proxy from normalized inverse closing win odds,official KRA final winning-combination dividend,descriptive settlement; not executable EDGE/EV,0.0
20260815,20260815_1_09,1,9,9,3,삼쌍승,504,9-3-4,0.0353055895911493,0.0297193670872929,0.0055862225038563,0,,0.0,-1.0,-0.0297193670872929,9-3-1,0.0360878028917129,0,,0.0,-1.0,3-7-11,Plackett-Luce/Harville proxy from normalized inverse closing win odds,official KRA final winning-combination dividend,descriptive settlement; not executable EDGE/EV,0.0
20260815,20260815_1_09,1,9,9,3,쌍승,72,9-3,0.1325666464962884,0.1165848763341393,0.0159817701621491,0,,0.0,-1.0,-0.1165848763341393,9-3,0.1165848763341393,0,,0.0,-1.0,3-7-11,Plackett-Luce/Harville proxy from normalized inverse closing win odds,official KRA final winning-combination dividend,descriptive settlement; not executable EDGE/EV,0.0
20260815,20260815_1_09,1,9,9,3,연승,9,9,0.8361441996623563,0.7944542296928971,0.0416899699694591,0,,0.0,-1.0,-0.7944542296928971,9,0.7944542296928971,0,,0.0,-1.0,3-7-11,Plackett-Luce/Harville proxy from normalized inverse closing win odds,official KRA final winning-combination dividend,descriptive settlement; not executable EDGE/EV,0.0
20260815,20260815_1_10,1,10,8,3,단승,8,8,0.1277719204155765,0.1043252918027246,0.0234466286128519,0,,0.0,-1.0,-0.1043252918027246,1,0.4462804149338777,0,,0.0,-1.0,6-2-7,normalized inverse closing win odds,official KRA final winning-combination dividend,descriptive settlement; not executable EDGE/EV,0.0
20260815,20260815_1_10,1,10,8,3,복승,28,6-8,0.0659070181089913,0.0469502107602917,0.0189568073486995,0,,0.0,-1.0,-0.0469502107602917,1-6,0.2596954577278784,0,,0.0,-1.0,6-2-7,Plackett-Luce/Harville proxy from normalized inverse closing win odds,official KRA final winning-combination dividend,descriptive settlement; not executable EDGE/EV,0.0
20260815,20260815_1_10,1,10,8,3,복연승,28,6-8,0.2608140112756444,0.2113219680973948,0.0494920431782495,0,,0.0,-1.0,-0.2113219680973948,1-6,0.564807577170448,0,,0.0,-1.0,6-2-7,Plackett-Luce/Harville proxy from normalized inverse closing win odds,official KRA final winning-combination dividend,descriptive settlement; not executable EDGE/EV,0.0
20260815,20260815_1_10,1,10,8,3,삼복승,56,1-6-8,0.1890396450536468,0.1624022244361463,0.0266374206175005,0,,0.0,-1.0,-0.1624022244361463,1-2-6,0.2409793054565986,0,,0.0,-1.0,6-2-7,Plackett-Luce/Harville proxy from normalized inverse closing win odds,official KRA final winning-combination dividend,descriptive settlement; not executable EDGE/EV,0.0
20260815,20260815_1_10,1,10,8,3,삼쌍승,336,6-1-8,0.0360803834174051,0.0303784235433461,0.0057019598740589,0,,0.0,-1.0,-0.0303784235433461,1-6-2,0.0621170292869455,0,,0.0,-1.0,6-2-7,Plackett-Luce/Harville proxy from normalized inverse closing win odds,official KRA final winning-combination dividend,descriptive settlement; not executable EDGE/EV,0.0
20260815,20260815_1_10,1,10,8,3,쌍승,56,6-8,0.0346535188487416,0.0246725113322774,0.0099810075164641,0,,0.0,-1.0,-0.0246725113322774,1-6,0.1541519370286914,0,,0.0,-1.0,6-2-7,Plackett-Luce/Harville proxy from normalized inverse closing win odds,official KRA final winning-combination dividend,descriptive settlement; not executable EDGE/EV,0.0
20260815,20260815_1_10,1,10,8,3,연승,8,8,0.4764193953372759,0.4191058072796151,0.0573135880576607,0,,0.0,-1.0,-0.4191058072796151,1,0.8932477058719165,0,,0.0,-1.0,6-2-7,Plackett-Luce/Harville proxy from normalized inverse closing win odds,official KRA final winning-combination dividend,descriptive settlement; not executable EDGE/EV,0.0
20260816,20260816_1_01,1,1,9,3,단승,9,8,0.295906019846364,0.2670467726735166,0.0288592471728473,0,,0.0,-1.0,-0.2670467726735166,8,0.2670467726735166,0,,0.0,-1.0,3-9-8,normalized inverse closing win odds,official KRA final winning-combination dividend,descriptive settlement; not executable EDGE/EV,0.0
20260816,20260816_1_01,1,1,9,3,복승,36,8-9,0.1872274532897032,0.1626684618026144,0.0245589914870888,0,,0.0,-1.0,-0.1626684618026144,8-9,0.1626684618026144,0,,0.0,-1.0,3-9-8,Plackett-Luce/Harville proxy from normalized inverse closing win odds,official KRA final winning-combination dividend,descriptive settlement; not executable EDGE/EV,0.0
20260816,20260816_1_01,1,1,9,3,복연승,36,8-9,0.4572870500063236,0.4169307585046563,0.0403562915016672,1,2.9,2.9,1.9,0.5830692414953437,8-9,0.4169307585046563,1,2.9,2.9,1.9,3-9-8,Plackett-Luce/Harville proxy from normalized inverse closing win odds,official KRA final winning-combination dividend,descriptive settlement; not executable EDGE/EV,0.0
20260816,20260816_1_01,1,1,9,3,삼복승,84,1-8-9,0.1529048702734209,0.1422544029600665,0.0106504673133544,0,,0.0,-1.0,-0.1422544029600665,3-8-9,0.1683505012894425,1,6.1,6.1,5.1,3-9-8,Plackett-Luce/Harville proxy from normalized inverse closing win odds,official KRA final winning-combination dividend,descriptive settlement; not executable EDGE/EV,-6.1
20260816,20260816_1_01,1,1,9,3,삼쌍승,504,8-9-3,0.035884218843048,0.0315596465979199,0.004324572245128,0,,0.0,-1.0,-0.0315596465979199,8-9-3,0.0315596465979199,0,,0.0,-1.0,3-9-8,Plackett-Luce/Harville proxy from normalized inverse closing win odds,official KRA final winning-combination dividend,descriptive settlement; not executable EDGE/EV,0.0
20260816,20260816_1_01,1,1,9,3,쌍승,72,8-9,0.0976553701742045,0.0833972281721542,0.0142581420020503,0,,0.0,-1.0,-0.0833972281721542,8-9,0.0833972281721542,0,,0.0,-1.0,3-9-8,Plackett-Luce/Harville proxy from normalized inverse closing win odds,official KRA final winning-combination dividend,descriptive settlement; not executable EDGE/EV,0.0
20260816,20260816_1_01,1,1,9,3,연승,9,8,0.742443499437724,0.7018610288838995,0.0405824705538245,1,1.3,1.3,0.3,0.2981389711161005,8,0.7018610288838995,1,1.3,1.3,0.3,3-9-8,Plackett-Luce/Harville proxy from normalized inverse closing win odds,official KRA final winning-combination dividend,descriptive settlement; not executable EDGE/EV,0.0
20260816,20260816_1_02,1,2,11,3,단승,11,3,0.1552543277440021,0.13505725913612,0.0201970686078821,0,,0.0,-1.0,-0.13505725913612,5,0.2414660087585176,0,,0.0,-1.0,10-9-11,normalized inverse closing win odds,official KRA final winning-combination dividend,descriptive settlement; not executable EDGE/EV,0.0
20260816,20260816_1_02,1,2,11,3,복승,55,3-5,0.0918663476071751,0.0806970388841168,0.0111693087230582,0,,0.0,-1.0,-0.0806970388841168,5-10,0.1348323349707697,0,,0.0,-1.0,10-9-11,Plackett-Luce/Harville proxy from normalized inverse closing win odds,official KRA final winning-combination dividend,descriptive settlement; not executable EDGE/EV,0.0
20260816,20260816_1_02,1,2,11,3,복연승,55,3-5,0.2534936317864757,0.2264739050031732,0.0270197267833024,0,,0.0,-1.0,-0.2264739050031732,5-10,0.3367009824917387,0,,0.0,-1.0,10-9-11,Plackett-Luce/Harville proxy from normalized inverse closing win odds,official KRA final winning-combination dividend,descriptive settlement; not executable EDGE/EV,0.0
20260816,20260816_1_02,1,2,11,3,삼복승,165,3-5-10,0.0990932140106503,0.0876798344717517,0.0114133795388985,0,,0.0,-1.0,-0.0876798344717517,3-5-10,0.0876798344717517,0,,0.0,-1.0,10-9-11,Plackett-Luce/Harville proxy from normalized inverse closing win odds,official KRA final winning-combination dividend,descriptive settlement; not executable EDGE/EV,0.0
20260816,20260816_1_02,1,2,11,3,삼쌍승,990,3-5-10,0.0152349236215606,0.0130237048768789,0.0022112187446817,0,,0.0,-1.0,-0.0130237048768789,5-10-3,0.0170462714887351,0,,0.0,-1.0,10-9-11,Plackett-Luce/Harville proxy from normalized inverse closing win odds,official KRA final winning-combination dividend,descriptive settlement; not executable EDGE/EV,0.0
20260816,20260816_1_02,1,2,11,3,쌍승,110,3-5,0.0435921041252015,0.0377039262563115,0.0058881778688899,0,,0.0,-1.0,-0.0377039262563115,5-10,0.0685565850010949,0,,0.0,-1.0,10-9-11,Plackett-Luce/Harville proxy from normalized inverse closing win odds,official KRA final winning-combination dividend,descriptive settlement; not executable EDGE/EV,0.0
20260816,20260816_1_02,1,2,11,3,연승,11,3,0.4683921716104727,0.419757083071953,0.0486350885385197,0,,0.0,-1.0,-0.419757083071953,5,0.6308506051250231,0,,0.0,-1.0,10-9-11,Plackett-Luce/Harville proxy from normalized inverse closing win odds,official KRA final winning-combination dividend,descriptive settlement; not executable EDGE/EV,0.0
20260816,20260816_1_03,1,3,10,3,단승,10,2,0.3986588732104668,0.3839673929495823,0.0146914802608844,0,,0.0,-1.0,-0.3839673929495823,2,0.3839673929495823,0,,0.0,-1.0,1-4-3,normalized inverse closing win odds,official KRA final winning-combination dividend,descriptive settlement; not executable EDGE/EV,0.0
20260816,20260816_1_03,1,3,10,3,복승,45,2-6,0.1202908464457306,0.1072628483395962,0.0130279981061343,0,,0.0,-1.0,-0.1072628483395962,2-4,0.2356775551757766,0,,0.0,-1.0,1-4-3,Plackett-Luce/Harville proxy from normalized inverse closing win odds,official KRA final winning-combination dividend,descriptive settlement; not executable EDGE/EV,0.0
20260816,20260816_1_03,1,3,10,3,복연승,45,2-6,0.313898212333831,0.2837563969791543,0.0301418153546766,0,,0.0,-1.0,-0.2837563969791543,2-4,0.5068275660892716,0,,0.0,-1.0,1-4-3,Plackett-Luce/Harville proxy from normalized inverse closing win odds,official KRA final winning-combination dividend,descriptive settlement; not executable EDGE/EV,0.0
20260816,20260816_1_03,1,3,10,3,삼복승,120,2-4-6,0.1511942684020529,0.1327481258632542,0.0184461425387986,0,,0.0,-1.0,-0.1327481258632542,2-4-6,0.1327481258632542,0,,0.0,-1.0,1-4-3,Plackett-Luce/Harville proxy from normalized inverse closing win odds,official KRA final winning-combination dividend,descriptive settlement; not executable EDGE/EV,0.0
20260816,20260816_1_03,1,3,10,3,삼쌍승,720,2-4-6,0.038630743870361,0.0334270303094778,0.0052037135608832,0,,0.0,-1.0,-0.0334270303094778,2-4-6,0.0334270303094778,0,,0.0,-1.0,1-4-3,Plackett-Luce/Harville proxy from normalized inverse closing win odds,official KRA final winning-combination dividend,descriptive settlement; not executable EDGE/EV,0.0
20260816,20260816_1_03,1,3,10,3,쌍승,90,2-6,0.0718401041378814,0.0636175871208838,0.0082225170169975,0,,0.0,-1.0,-0.0636175871208838,2-4,0.1322576153302585,0,,0.0,-1.0,1-4-3,Plackett-Luce/Harville proxy from normalized inverse closing win odds,official KRA final winning-combination dividend,descriptive settlement; not executable EDGE/EV,0.0
20260816,20260816_1_03,1,3,10,3,연승,10,6,0.4001013085307339,0.3727308208371876,0.0273704876935462,0,,0.0,-1.0,-0.3727308208371876,2,0.8266711958108047,0,,0.0,-1.0,1-4-3,Plackett-Luce/Harville proxy from normalized inverse closing win odds,official KRA final winning-combination dividend,descriptive settlement; not executable EDGE/EV,0.0
20260816,20260816_1_04,1,4,10,3,단승,10,3,0.5436539816707359,0.5025651249555583,0.0410888567151775,1,1.6,1.6,0.6000000000000001,0.4974348750444417,3,0.5025651249555583,1,1.6,1.6,0.6000000000000001,3-8-10,normalized inverse closing win odds,official KRA final winning-combination dividend,descriptive settlement; not executable EDGE/EV,0.0
20260816,20260816_1_04,1,4,10,3,복승,45,3-8,0.1753121078025923,0.151790653002153,0.0235214548004393,1,7.1,7.1,6.1,0.848209346997847,2-3,0.2431677533729611,0,,0.0,-1.0,3-8-10,Plackett-Luce/Harville proxy from normalized inverse closing win odds,official KRA final winning-combination dividend,descriptive settlement; not executable EDGE/EV,7.1
20260816,20260816_1_04,1,4,10,3,복연승,45,3-8,0.3937496821130032,0.3554022454405928,0.0383474366724104,1,2.8,2.8,1.7999999999999998,0.6445977545594072,2-3,0.5050623430022501,0,,0.0,-1.0,3-8-10,Plackett-Luce/Harville proxy from normalized inverse closing win odds,official KRA final winning-combination dividend,descriptive settlement; not executable EDGE/EV,2.8
20260816,20260816_1_04,1,4,10,3,삼복승,120,1-3-8,0.0696280067414693,0.0533774372533485,0.0162505694881208,0,,0.0,-1.0,-0.0533774372533485,2-3-8,0.1481108340555314,0,,0.0,-1.0,3-8-10,Plackett-Luce/Harville proxy from normalized inverse closing win odds,official KRA final winning-combination dividend,descriptive settlement; not executable EDGE/EV,0.0
20260816,20260816_1_04,1,4,10,3,삼쌍승,720,3-8-2,0.043212040844814,0.0370736052089336,0.0061384356358803,0,,0.0,-1.0,-0.0370736052089336,3-2-8,0.0429542314962713,0,,0.0,-1.0,3-8-10,Plackett-Luce/Harville proxy from normalized inverse closing win odds,official KRA final winning-combination dividend,descriptive settlement; not executable EDGE/EV,0.0
20260816,20260816_1_04,1,4,10,3,쌍승,90,3-8,0.1164265038925744,0.0978791875158371,0.0185473163767372,1,9.0,9.0,8.0,0.9021208124841628,3-2,0.153282501204047,0,,0.0,-1.0,3-8-10,Plackett-Luce/Harville proxy from normalized inverse closing win odds,official KRA final winning-combination dividend,descriptive settlement; not executable EDGE/EV,9.0
20260816,20260816_1_04,1,4,10,3,연승,10,1,0.3047993402916594,0.2763117534117095,0.0284875868799499,0,,0.0,-1.0,-0.2763117534117095,3,0.9125941408139892,1,1.1,1.1,0.1,3-8-10,Plackett-Luce/Harville proxy from normalized inverse closing win odds,official KRA final winning-combination dividend,descriptive settlement; not executable EDGE/EV,-1.1
20260816,20260816_1_05,1,5,8,3,단승,8,8,0.3011564624269458,0.2862649339422002,0.0148915284847456,1,2.8,2.8,1.7999999999999998,0.7137350660577998,8,0.2862649339422002,1,2.8,2.8,1.7999999999999998,8-5-6,normalized inverse closing win odds,official KRA final winning-combination dividend,descriptive settlement; not executable EDGE/EV,0.0
20260816,20260816_1_05,1,5,8,3,복승,28,1-8,0.1694001904302832,0.1479741683506281,0.0214260220796551,0,,0.0,-1.0,-0.1479741683506281,1-8,0.1479741683506281,0,,0.0,-1.0,8-5-6,Plackett-Luce/Harville proxy from normalized inverse closing win odds,official KRA final winning-combination dividend,descriptive settlement; not executable EDGE/EV,0.0
20260816,20260816_1_05,1,5,8,3,복연승,28,1-8,0.4171247516954663,0.3760105064614848,0.0411142452339815,0,,0.0,-1.0,-0.3760105064614848,1-8,0.3760105064614848,0,,0.0,-1.0,8-5-6,Plackett-Luce/Harville proxy from normalized inverse closing win odds,official KRA final winning-combination dividend,descriptive settlement; not executable EDGE/EV,0.0
20260816,20260816_1_05,1,5,8,3,삼복승,56,1-4-8,0.144063183987581,0.1187779414841971,0.0252852425033839,0,,0.0,-1.0,-0.1187779414841971,1-6-8,0.1279667787491902,0,,0.0,-1.0,8-5-6,Plackett-Luce/Harville proxy from normalized inverse closing win odds,official KRA final winning-combination dividend,descriptive settlement; not executable EDGE/EV,0.0
20260816,20260816_1_05,1,5,8,3,삼쌍승,336,8-1-4,0.0294871807872274,0.0237794049986003,0.005707775788627,0,,0.0,-1.0,-0.0237794049986003,8-1-6,0.0252656178110128,0,,0.0,-1.0,8-5-6,Plackett-Luce/Harville proxy from normalized inverse closing win odds,official KRA final winning-combination dividend,descriptive settlement; not executable EDGE/EV,0.0
20260816,20260816_1_05,1,5,8,3,쌍승,56,8-1,0.0899532373837824,0.0784103594838302,0.0115428778999522,0,,0.0,-1.0,-0.0784103594838302,8-1,0.0784103594838302,0,,0.0,-1.0,8-5-6,Plackett-Luce/Harville proxy from normalized inverse closing win odds,official KRA final winning-combination dividend,descriptive settlement; not executable EDGE/EV,0.0
20260816,20260816_1_05,1,5,8,3,연승,8,1,0.6078536275347146,0.5753210544354483,0.0325325730992662,0,,0.0,-1.0,-0.5753210544354483,8,0.7150126671467442,1,1.4,1.4,0.3999999999999999,8-5-6,Plackett-Luce/Harville proxy from normalized inverse closing win odds,official KRA final winning-combination dividend,descriptive settlement; not executable EDGE/EV,-1.4
20260816,20260816_1_06,1,6,8,3,단승,8,6,0.455916065700676,0.4210338977773436,0.0348821679233323,1,1.9,1.9,0.8999999999999999,0.5789661022226564,6,0.4210338977773436,1,1.9,1.9,0.8999999999999999,6-8-2,normalized inverse closing win odds,official KRA final winning-combination dividend,descriptive settlement; not executable EDGE/EV,0.0
20260816,20260816_1_06,1,6,8,3,복승,28,2-6,0.247104685661719,0.2203066713388804,0.0267980143228385,0,,0.0,-1.0,-0.2203066713388804,2-6,0.2203066713388804,0,,0.0,-1.0,6-8-2,Plackett-Luce/Harville proxy from normalized inverse closing win odds,official KRA final winning-combination dividend,descriptive settlement; not executable EDGE/EV,0.0
20260816,20260816_1_06,1,6,8,3,복연승,28,2-6,0.5411518927227094,0.4976089629432755,0.0435429297794338,1,2.1,2.1,1.1,0.5023910370567244,2-6,0.4976089629432755,1,2.1,2.1,1.1,6-8-2,Plackett-Luce/Harville proxy from normalized inverse closing win odds,official KRA final winning-combination dividend,descriptive settlement; not executable EDGE/EV,0.0
20260816,20260816_1_06,1,6,8,3,삼복승,56,2-3-6,0.2482089346713461,0.214767644202992,0.033441290468354,0,,0.0,-1.0,-0.214767644202992,2-3-6,0.214767644202992,0,,0.0,-1.0,6-8-2,Plackett-Luce/Harville proxy from normalized inverse closing win odds,official KRA final winning-combination dividend,descriptive settlement; not executable EDGE/EV,0.0
20260816,20260816_1_06,1,6,8,3,삼쌍승,336,6-2-3,0.0631382100197772,0.0515544177920164,0.0115837922277607,0,,0.0,-1.0,-0.0515544177920164,6-2-3,0.0515544177920164,0,,0.0,-1.0,6-8-2,Plackett-Luce/Harville proxy from normalized inverse closing win odds,official KRA final winning-combination dividend,descriptive settlement; not executable EDGE/EV,0.0
20260816,20260816_1_06,1,6,8,3,쌍승,56,6-2,0.148724831666123,0.1292772411427818,0.0194475905233411,0,,0.0,-1.0,-0.1292772411427818,6-2,0.1292772411427818,0,,0.0,-1.0,6-8-2,Plackett-Luce/Harville proxy from normalized inverse closing win odds,official KRA final winning-combination dividend,descriptive settlement; not executable EDGE/EV,0.0
20260816,20260816_1_06,1,6,8,3,연승,8,6,0.895672365513528,0.8663206932713544,0.0293516722421736,1,1.1,1.1,0.1,0.1336793067286455,6,0.8663206932713544,1,1.1,1.1,0.1,6-8-2,Plackett-Luce/Harville proxy from normalized inverse closing win odds,official KRA final winning-combination dividend,descriptive settlement; not executable EDGE/EV,0.0
20260816,20260816_1_07,1,7,9,3,단승,9,1,0.4618649474353527,0.4438440599198417,0.018020887515511,0,,0.0,-1.0,-0.4438440599198417,1,0.4438440599198417,0,,0.0,-1.0,6-1-4,normalized inverse closing win odds,official KRA final winning-combination dividend,descriptive settlement; not executable EDGE/EV,0.0
20260816,20260816_1_07,1,7,9,3,복승,36,1-4,0.1926994389865756,0.1714129968617451,0.0212864421248304,0,,0.0,-1.0,-0.1714129968617451,1-6,0.1775787371376602,1,6.5,6.5,5.5,6-1-4,Plackett-Luce/Harville proxy from normalized inverse closing win odds,official KRA final winning-combination dividend,descriptive settlement; not executable EDGE/EV,-6.5
20260816,20260816_1_07,1,7,9,3,복연승,36,1-4,0.4339957609050967,0.395713522224207,0.0382822386808896,1,1.9,1.9,0.8999999999999999,0.604286477775793,1-6,0.4064770052775842,1,3.3,3.3,2.3,6-1-4,Plackett-Luce/Harville proxy from normalized inverse closing win odds,official KRA final winning-combination dividend,descriptive settlement; not executable EDGE/EV,-1.4
20260816,20260816_1_07,1,7,9,3,삼복승,84,1-4-6,0.1546404067388347,0.1346240325440298,0.0200163741948049,1,7.3,7.3,6.3,0.8653759674559702,1-4-6,0.1346240325440298,1,7.3,7.3,6.3,6-1-4,Plackett-Luce/Harville proxy from normalized inverse closing win odds,official KRA final winning-combination dividend,descriptive settlement; not executable EDGE/EV,0.0
20260816,20260816_1_07,1,7,9,3,삼쌍승,504,1-4-6,0.0395538430319762,0.0332873567777862,0.0062664862541899,0,,0.0,-1.0,-0.0332873567777862,1-6-4,0.0336386020576642,0,,0.0,-1.0,6-1-4,Plackett-Luce/Harville proxy from normalized inverse closing win odds,official KRA final winning-combination dividend,descriptive settlement; not executable EDGE/EV,0.0
20260816,20260816_1_07,1,7,9,3,쌍승,72,1-4,0.1186250220943873,0.1045218081136642,0.014103213980723,0,,0.0,-1.0,-0.1045218081136642,1-6,0.1080649202531104,0,,0.0,-1.0,6-1-4,Plackett-Luce/Harville proxy from normalized inverse closing win odds,official KRA final winning-combination dividend,descriptive settlement; not executable EDGE/EV,0.0
20260816,20260816_1_07,1,7,9,3,연승,9,4,0.507032701342967,0.4743927132084601,0.0326399881345068,1,1.7,1.7,0.7,0.5256072867915398,1,0.8722346706940158,1,1.2,1.2,0.1999999999999999,6-1-4,Plackett-Luce/Harville proxy from normalized inverse closing win odds,official KRA final winning-combination dividend,descriptive settlement; not executable EDGE/EV,0.5
20260816,20260816_1_08,1,8,8,3,단승,8,4,0.3557162589468012,0.3497909331096257,0.0059253258371754,0,,0.0,-1.0,-0.3497909331096257,4,0.3497909331096257,0,,0.0,-1.0,5-1-8,normalized inverse closing win odds,official KRA final winning-combination dividend,descriptive settlement; not executable EDGE/EV,0.0
20260816,20260816_1_08,1,8,8,3,복승,28,1-4,0.1866600185502289,0.1766333610630884,0.0100266574871405,0,,0.0,-1.0,-0.1766333610630884,1-4,0.1766333610630884,0,,0.0,-1.0,5-1-8,Plackett-Luce/Harville proxy from normalized inverse closing win odds,official KRA final winning-combination dividend,descriptive settlement; not executable EDGE/EV,0.0
20260816,20260816_1_08,1,8,8,3,복연승,28,1-4,0.4484237217749268,0.4324487481285173,0.0159749736464094,0,,0.0,-1.0,-0.4324487481285173,1-4,0.4324487481285173,0,,0.0,-1.0,5-1-8,Plackett-Luce/Harville proxy from normalized inverse closing win odds,official KRA final winning-combination dividend,descriptive settlement; not executable EDGE/EV,0.0
20260816,20260816_1_08,1,8,8,3,삼복승,56,1-4-5,0.1660144771091321,0.1523427770946244,0.0136717000145077,0,,0.0,-1.0,-0.1523427770946244,1-3-4,0.1561016364841464,0,,0.0,-1.0,5-1-8,Plackett-Luce/Harville proxy from normalized inverse closing win odds,official KRA final winning-combination dividend,descriptive settlement; not executable EDGE/EV,0.0
20260816,20260816_1_08,1,8,8,3,삼쌍승,336,4-1-5,0.0364996761431104,0.0332009389018757,0.0032987372412346,0,,0.0,-1.0,-0.0332009389018757,4-1-3,0.0338649576799133,0,,0.0,-1.0,5-1-8,Plackett-Luce/Harville proxy from normalized inverse closing win odds,official KRA final winning-combination dividend,descriptive settlement; not executable EDGE/EV,0.0
20260816,20260816_1_08,1,8,8,3,쌍승,56,4-1,0.1040523307681156,0.0983646915092096,0.0056876392589059,0,,0.0,-1.0,-0.0983646915092096,4-1,0.0983646915092096,0,,0.0,-1.0,5-1-8,Plackett-Luce/Harville proxy from normalized inverse closing win odds,official KRA final winning-combination dividend,descriptive settlement; not executable EDGE/EV,0.0
20260816,20260816_1_08,1,8,8,3,연승,8,1,0.5893207457277041,0.575854299705694,0.01346644602201,1,1.7,1.7,0.7,0.424145700294306,4,0.8007680201441916,0,,0.0,-1.0,5-1-8,Plackett-Luce/Harville proxy from normalized inverse closing win odds,official KRA final winning-combination dividend,descriptive settlement; not executable EDGE/EV,1.7
20260816,20260816_1_09,1,9,11,3,단승,11,4,0.1759703835922998,0.1605410816956576,0.0154293018966422,0,,0.0,-1.0,-0.1605410816956576,2,0.2767949684407891,0,,0.0,-1.0,10-9-4,normalized inverse closing win odds,official KRA final winning-combination dividend,descriptive settlement; not executable EDGE/EV,0.0
20260816,20260816_1_09,1,9,11,3,복승,55,2-4,0.1326444902603612,0.1143797342074765,0.0182647560528847,0,,0.0,-1.0,-0.1143797342074765,2-4,0.1143797342074765,0,,0.0,-1.0,10-9-4,Plackett-Luce/Harville proxy from normalized inverse closing win odds,official KRA final winning-combination dividend,descriptive settlement; not executable EDGE/EV,0.0
20260816,20260816_1_09,1,9,11,3,복연승,55,2-4,0.3225185029225667,0.2863098100896344,0.0362086928329322,0,,0.0,-1.0,-0.2863098100896344,2-4,0.2863098100896344,0,,0.0,-1.0,10-9-4,Plackett-Luce/Harville proxy from normalized inverse closing win odds,official KRA final winning-combination dividend,descriptive settlement; not executable EDGE/EV,0.0
20260816,20260816_1_09,1,9,11,3,삼복승,165,2-4-8,0.0586686782223937,0.0435875013555198,0.0150811768668739,0,,0.0,-1.0,-0.0435875013555198,2-4-10,0.0660715334098741,0,,0.0,-1.0,10-9-4,Plackett-Luce/Harville proxy from normalized inverse closing win odds,official KRA final winning-combination dividend,descriptive settlement; not executable EDGE/EV,0.0
20260816,20260816_1_09,1,9,11,3,삼쌍승,990,2-4-8,0.0126638057734787,0.0093252864706517,0.0033385193028269,0,,0.0,-1.0,-0.0093252864706517,2-4-10,0.0134857988960194,0,,0.0,-1.0,10-9-4,Plackett-Luce/Harville proxy from normalized inverse closing win odds,official KRA final winning-combination dividend,descriptive settlement; not executable EDGE/EV,0.0
20260816,20260816_1_09,1,9,11,3,쌍승,110,2-4,0.0711564082214416,0.0614444890484165,0.009711919173025,0,,0.0,-1.0,-0.0614444890484165,2-4,0.0614444890484165,0,,0.0,-1.0,10-9-4,Plackett-Luce/Harville proxy from normalized inverse closing win odds,official KRA final winning-combination dividend,descriptive settlement; not executable EDGE/EV,0.0
20260816,20260816_1_09,1,9,11,3,연승,11,4,0.5108899720142595,0.4732796948199765,0.0376102771942829,1,1.8,1.8,0.8,0.5267203051800236,2,0.6718792849775826,0,,0.0,-1.0,10-9-4,Plackett-Luce/Harville proxy from normalized inverse closing win odds,official KRA final winning-combination dividend,descriptive settlement; not executable EDGE/EV,1.8
20260816,20260816_1_10,1,10,11,3,단승,11,1,0.2089185210992334,0.1895062850649668,0.0194122360342665,1,4.2,4.2,3.2,0.8104937149350332,6,0.2040836916084258,0,,0.0,-1.0,1-7-6,normalized inverse closing win odds,official KRA final winning-combination dividend,descriptive settlement; not executable EDGE/EV,4.2
20260816,20260816_1_10,1,10,11,3,복승,55,1-10,0.1037966572750816,0.0863241787360624,0.0174724785390192,0,,0.0,-1.0,-0.0863241787360624,1-6,0.0963099749657465,0,,0.0,-1.0,1-7-6,Plackett-Luce/Harville proxy from normalized inverse closing win odds,official KRA final winning-combination dividend,descriptive settlement; not executable EDGE/EV,0.0
20260816,20260816_1_10,1,10,11,3,복연승,55,1-10,0.2785015759293184,0.2400182108901819,0.0384833650391364,0,,0.0,-1.0,-0.2400182108901819,1-6,0.2606270490484426,1,3.3,3.3,2.3,1-7-6,Plackett-Luce/Harville proxy from normalized inverse closing win odds,official KRA final winning-combination dividend,descriptive settlement; not executable EDGE/EV,-3.3
20260816,20260816_1_10,1,10,11,3,삼복승,165,1-10-11,0.0719172958614014,0.0590088685718966,0.0129084272895047,0,,0.0,-1.0,-0.0590088685718966,1-6-10,0.086674536648771,0,,0.0,-1.0,1-7-6,Plackett-Luce/Harville proxy from normalized inverse closing win odds,official KRA final winning-combination dividend,descriptive settlement; not executable EDGE/EV,0.0
20260816,20260816_1_10,1,10,11,3,삼쌍승,990,1-10-11,0.0130664378641491,0.0103925318551838,0.0026739060089652,0,,0.0,-1.0,-0.0103925318551838,6-1-10,0.0148320983960732,0,,0.0,-1.0,1-7-6,Plackett-Luce/Harville proxy from normalized inverse closing win odds,official KRA final winning-combination dividend,descriptive settlement; not executable EDGE/EV,0.0
20260816,20260816_1_10,1,10,11,3,쌍승,110,1-10,0.0522579807543919,0.0432791198038148,0.0089788609505771,0,,0.0,-1.0,-0.0432791198038148,6-1,0.0485919710794891,0,,0.0,-1.0,1-7-6,Plackett-Luce/Harville proxy from normalized inverse closing win odds,official KRA final winning-combination dividend,descriptive settlement; not executable EDGE/EV,0.0
20260816,20260816_1_10,1,10,11,3,연승,11,1,0.5741274014333182,0.5342364612319698,0.0398909402013484,1,1.7,1.7,0.7,0.4657635387680302,6,0.5617490468299768,1,1.7,1.7,0.7,1-7-6,Plackett-Luce/Harville proxy from normalized inverse closing win odds,official KRA final winning-combination dividend,descriptive settlement; not executable EDGE/EV,0.0
20260816,20260816_3_01,3,1,11,3,단승,11,1,0.4519187428690707,0.4407478824267462,0.0111708604423245,1,1.8,1.8,0.8,0.5592521175732539,1,0.4407478824267462,1,1.8,1.8,0.8,1-9-10,normalized inverse closing win odds,official KRA final winning-combination dividend,descriptive settlement; not executable EDGE/EV,0.0
20260816,20260816_3_01,3,1,11,3,복승,55,1-9,0.1691940583203416,0.157463780035688,0.0117302782846535,1,7.4,7.4,6.4,0.8425362199643119,1-8,0.1744450940594753,0,,0.0,-1.0,1-9-10,Plackett-Luce/Harville proxy from normalized inverse closing win odds,official KRA final winning-combination dividend,descriptive settlement; not executable EDGE/EV,7.4
20260816,20260816_3_01,3,1,11,3,복연승,55,1-11,0.2361449980838341,0.214823322489886,0.021321675593948,0,,0.0,-1.0,-0.214823322489886,1-8,0.39475083567062,0,,0.0,-1.0,1-9-10,Plackett-Luce/Harville proxy from normalized inverse closing win odds,official KRA final winning-combination dividend,descriptive settlement; not executable EDGE/EV,0.0
20260816,20260816_3_01,3,1,11,3,삼복승,165,1-9-11,0.0657334664038068,0.055614559607349,0.0101189067964577,0,,0.0,-1.0,-0.055614559607349,1-8-9,0.1208754044076108,0,,0.0,-1.0,1-9-10,Plackett-Luce/Harville proxy from normalized inverse closing win odds,official KRA final winning-combination dividend,descriptive settlement; not executable EDGE/EV,0.0
20260816,20260816_3_01,3,1,11,3,삼쌍승,990,1-9-11,0.0178618676507882,0.0149186607820667,0.0029432068687214,0,,0.0,-1.0,-0.0149186607820667,1-8-9,0.0304489160130715,0,,0.0,-1.0,1-9-10,Plackett-Luce/Harville proxy from normalized inverse closing win odds,official KRA final winning-combination dividend,descriptive settlement; not executable EDGE/EV,0.0
20260816,20260816_3_01,3,1,11,3,쌍승,110,1-9,0.1039804733599602,0.0961904552298505,0.0077900181301097,1,10.4,10.4,9.4,0.9038095447701496,1-8,0.1059725354227166,0,,0.0,-1.0,1-9-10,Plackett-Luce/Harville proxy from normalized inverse closing win odds,official KRA final winning-combination dividend,descriptive settlement; not executable EDGE/EV,10.4
20260816,20260816_3_01,3,1,11,3,연승,11,11,0.2882691997414419,0.2670081678594611,0.0212610318819808,0,,0.0,-1.0,-0.2670081678594611,1,0.8649793947463293,1,1.2,1.2,0.1999999999999999,1-9-10,Plackett-Luce/Harville proxy from normalized inverse closing win odds,official KRA final winning-combination dividend,descriptive settlement; not executable EDGE/EV,-1.2
20260816,20260816_3_02,3,2,11,3,단승,11,1,0.6218876156639375,0.616321633015235,0.0055659826487024,0,,0.0,-1.0,-0.616321633015235,1,0.616321633015235,0,,0.0,-1.0,5-2-6,normalized inverse closing win odds,official KRA final winning-combination dividend,descriptive settlement; not executable EDGE/EV,0.0
20260816,20260816_3_02,3,2,11,3,복승,55,1-9,0.2213787324818449,0.2079895554389579,0.013389177042887,0,,0.0,-1.0,-0.2079895554389579,1-9,0.2079895554389579,0,,0.0,-1.0,5-2-6,Plackett-Luce/Harville proxy from normalized inverse closing win odds,official KRA final winning-combination dividend,descriptive settlement; not executable EDGE/EV,0.0
20260816,20260816_3_02,3,2,11,3,복연승,55,1-9,0.4522160921932504,0.4285122870100379,0.0237038051832124,0,,0.0,-1.0,-0.4285122870100379,1-9,0.4285122870100379,0,,0.0,-1.0,5-2-6,Plackett-Luce/Harville proxy from normalized inverse closing win odds,official KRA final winning-combination dividend,descriptive settlement; not executable EDGE/EV,0.0
20260816,20260816_3_02,3,2,11,3,삼복승,165,1-9-10,0.1338513208131993,0.1194272249738829,0.0144240958393164,0,,0.0,-1.0,-0.1194272249738829,1-9-10,0.1194272249738829,0,,0.0,-1.0,5-2-6,Plackett-Luce/Harville proxy from normalized inverse closing win odds,official KRA final winning-combination dividend,descriptive settlement; not executable EDGE/EV,0.0
20260816,20260816_3_02,3,2,11,3,삼쌍승,990,1-9-10,0.044008485549383,0.0388777942435894,0.0051306913057936,0,,0.0,-1.0,-0.0388777942435894,1-9-10,0.0388777942435894,0,,0.0,-1.0,5-2-6,Plackett-Luce/Harville proxy from normalized inverse closing win odds,official KRA final winning-combination dividend,descriptive settlement; not executable EDGE/EV,0.0
20260816,20260816_3_02,3,2,11,3,쌍승,110,1-9,0.1561451942448725,0.1462541475346244,0.009891046710248,0,,0.0,-1.0,-0.1462541475346244,1-9,0.1462541475346244,0,,0.0,-1.0,5-2-6,Plackett-Luce/Harville proxy from normalized inverse closing win odds,official KRA final winning-combination dividend,descriptive settlement; not executable EDGE/EV,0.0
20260816,20260816_3_02,3,2,11,3,연승,11,9,0.4753455232635165,0.4523191489241084,0.023026374339408,0,,0.0,-1.0,-0.4523191489241084,1,0.959606133674343,0,,0.0,-1.0,5-2-6,Plackett-Luce/Harville proxy from normalized inverse closing win odds,official KRA final winning-combination dividend,descriptive settlement; not executable EDGE/EV,0.0
20260816,20260816_3_03,3,3,10,3,단승,10,4,0.2461449409044369,0.2221156287495425,0.0240293121548944,0,,0.0,-1.0,-0.2221156287495425,4,0.2221156287495425,0,,0.0,-1.0,7-9-1,normalized inverse closing win odds,official KRA final winning-combination dividend,descriptive settlement; not executable EDGE/EV,0.0
20260816,20260816_3_03,3,3,10,3,복승,45,4-5,0.0839434843470098,0.0673885531409355,0.0165549312060743,0,,0.0,-1.0,-0.0673885531409355,1-4,0.0987349671966768,0,,0.0,-1.0,7-9-1,Plackett-Luce/Harville proxy from normalized inverse closing win odds,official KRA final winning-combination dividend,descriptive settlement; not executable EDGE/EV,0.0
20260816,20260816_3_03,3,3,10,3,복연승,45,4-5,0.2284897715896701,0.1902627915107905,0.0382269800788796,0,,0.0,-1.0,-0.1902627915107905,1-4,0.2615156904447632,0,,0.0,-1.0,7-9-1,Plackett-Luce/Harville proxy from normalized inverse closing win odds,official KRA final winning-combination dividend,descriptive settlement; not executable EDGE/EV,0.0
20260816,20260816_3_03,3,3,10,3,삼복승,120,4-5-9,0.0411223011173944,0.0298623900424706,0.0112599110749238,0,,0.0,-1.0,-0.0298623900424706,1-4-7,0.0664217450659903,0,,0.0,-1.0,7-9-1,Plackett-Luce/Harville proxy from normalized inverse closing win odds,official KRA final winning-combination dividend,descriptive settlement; not executable EDGE/EV,0.0
20260816,20260816_3_03,3,3,10,3,삼쌍승,720,4-5-9,0.0081212027814129,0.0057485404029579,0.002372662378455,0,,0.0,-1.0,-0.0057485404029579,4-1-7,0.0122902862774357,0,,0.0,-1.0,7-9-1,Plackett-Luce/Harville proxy from normalized inverse closing win odds,official KRA final winning-combination dividend,descriptive settlement; not executable EDGE/EV,0.0
20260816,20260816_3_03,3,3,10,3,쌍승,90,4-5,0.0448000195243352,0.035675142510213,0.0091248770141222,0,,0.0,-1.0,-0.035675142510213,4-1,0.0507379804589697,0,,0.0,-1.0,7-9-1,Plackett-Luce/Harville proxy from normalized inverse closing win odds,official KRA final winning-combination dividend,descriptive settlement; not executable EDGE/EV,0.0
20260816,20260816_3_03,3,3,10,3,연승,10,4,0.6324047431705603,0.590373555550006,0.0420311876205542,0,,0.0,-1.0,-0.590373555550006,4,0.590373555550006,0,,0.0,-1.0,7-9-1,Plackett-Luce/Harville proxy from normalized inverse closing win odds,official KRA final winning-combination dividend,descriptive settlement; not executable EDGE/EV,0.0
20260816,20260816_3_04,3,4,11,3,단승,11,7,0.3740998733319909,0.3612630335286313,0.0128368398033595,0,,0.0,-1.0,-0.3612630335286313,7,0.3612630335286313,0,,0.0,-1.0,10-7-4,normalized inverse closing win odds,official KRA final winning-combination dividend,descriptive settlement; not executable EDGE/EV,0.0
20260816,20260816_3_04,3,4,11,3,복승,55,1-7,0.0759765505454109,0.063629552376912,0.0123469981684988,0,,0.0,-1.0,-0.063629552376912,3-7,0.1072597187697285,0,,0.0,-1.0,10-7-4,Plackett-Luce/Harville proxy from normalized inverse closing win odds,official KRA final winning-combination dividend,descriptive settlement; not executable EDGE/EV,0.0
20260816,20260816_3_04,3,4,11,3,복연승,55,1-7,0.1931858507750129,0.1656106308262096,0.0275752199488033,0,,0.0,-1.0,-0.1656106308262096,3-7,0.2647601845405739,0,,0.0,-1.0,10-7-4,Plackett-Luce/Harville proxy from normalized inverse closing win odds,official KRA final winning-combination dividend,descriptive settlement; not executable EDGE/EV,0.0
20260816,20260816_3_04,3,4,11,3,삼복승,165,1-7-8,0.022042809399744,0.0163254242926171,0.0057173851071269,0,,0.0,-1.0,-0.0163254242926171,3-6-7,0.05175425450401,0,,0.0,-1.0,10-7-4,Plackett-Luce/Harville proxy from normalized inverse closing win odds,official KRA final winning-combination dividend,descriptive settlement; not executable EDGE/EV,0.0
20260816,20260816_3_04,3,4,11,3,삼쌍승,990,7-1-3,0.0087661847800901,0.0072904987538993,0.0014756860261908,0,,0.0,-1.0,-0.0072904987538993,7-3-6,0.0118880802857498,0,,0.0,-1.0,10-7-4,Plackett-Luce/Harville proxy from normalized inverse closing win odds,official KRA final winning-combination dividend,descriptive settlement; not executable EDGE/EV,0.0
20260816,20260816_3_04,3,4,11,3,쌍승,110,7-1,0.0452989252403453,0.0377746732860176,0.0075242519543276,0,,0.0,-1.0,-0.0377746732860176,7-3,0.0624331405699458,0,,0.0,-1.0,10-7-4,Plackett-Luce/Harville proxy from normalized inverse closing win odds,official KRA final winning-combination dividend,descriptive settlement; not executable EDGE/EV,0.0
20260816,20260816_3_04,3,4,11,3,연승,11,1,0.2688482395391224,0.2375331777271898,0.0313150618119326,0,,0.0,-1.0,-0.2375331777271898,7,0.7813049009824177,1,1.4,1.4,0.3999999999999999,10-7-4,Plackett-Luce/Harville proxy from normalized inverse closing win odds,official KRA final winning-combination dividend,descriptive settlement; not executable EDGE/EV,-1.4
20260816,20260816_3_05,3,5,11,3,단승,11,5,0.4131268476147445,0.365669021733138,0.0474578258816065,1,2.2,2.2,1.2000000000000002,0.634330978266862,5,0.365669021733138,1,2.2,2.2,1.2000000000000002,5-2-7,normalized inverse closing win odds,official KRA final winning-combination dividend,descriptive settlement; not executable EDGE/EV,0.0
20260816,20260816_3_05,3,5,11,3,복승,55,5-7,0.1453723777333042,0.1154700577275261,0.029902320005778,0,,0.0,-1.0,-0.1154700577275261,4-5,0.2202424368187369,0,,0.0,-1.0,5-2-7,Plackett-Luce/Harville proxy from normalized inverse closing win odds,official KRA final winning-combination dividend,descriptive settlement; not executable EDGE/EV,0.0
20260816,20260816_3_05,3,5,11,3,복연승,55,5-7,0.3616466331132814,0.3011505511435021,0.0604960819697793,1,2.6,2.6,1.6,0.6988494488564979,4-5,0.4803231487140394,0,,0.0,-1.0,5-2-7,Plackett-Luce/Harville proxy from normalized inverse closing win odds,official KRA final winning-combination dividend,descriptive settlement; not executable EDGE/EV,2.6
20260816,20260816_3_05,3,5,11,3,삼복승,165,4-5-7,0.1741050597813668,0.1402292492715783,0.0338758105097885,0,,0.0,-1.0,-0.1402292492715783,4-5-7,0.1402292492715783,0,,0.0,-1.0,5-2-7,Plackett-Luce/Harville proxy from normalized inverse closing win odds,official KRA final winning-combination dividend,descriptive settlement; not executable EDGE/EV,0.0
20260816,20260816_3_05,3,5,11,3,삼쌍승,990,5-4-7,0.0442105448665196,0.033666900826265,0.0105436440402545,0,,0.0,-1.0,-0.033666900826265,5-4-7,0.033666900826265,0,,0.0,-1.0,5-2-7,Plackett-Luce/Harville proxy from normalized inverse closing win odds,official KRA final winning-combination dividend,descriptive settlement; not executable EDGE/EV,0.0
20260816,20260816_3_05,3,5,11,3,쌍승,110,5-7,0.0870648240844188,0.0672100175378921,0.0198548065465266,0,,0.0,-1.0,-0.0672100175378921,5-4,0.1220392423714357,0,,0.0,-1.0,5-2-7,Plackett-Luce/Harville proxy from normalized inverse closing win odds,official KRA final winning-combination dividend,descriptive settlement; not executable EDGE/EV,0.0
20260816,20260816_3_05,3,5,11,3,연승,11,5,0.8521806880701548,0.8038507092579701,0.0483299788121847,1,1.1,1.1,0.1,0.1961492907420299,5,0.8038507092579701,1,1.1,1.1,0.1,5-2-7,Plackett-Luce/Harville proxy from normalized inverse closing win odds,official KRA final winning-combination dividend,descriptive settlement; not executable EDGE/EV,0.0
20260816,20260816_3_06,3,6,8,3,단승,8,8,0.1615867971058379,0.1507113378233107,0.0108754592825272,0,,0.0,-1.0,-0.1507113378233107,4,0.6028453512932429,0,,0.0,-1.0,9-7-4,normalized inverse closing win odds,official KRA final winning-combination dividend,descriptive settlement; not executable EDGE/EV,0.0
20260816,20260816_3_06,3,6,8,3,복승,28,4-7,0.1206197796455528,0.1125386022066475,0.0080811774389052,0,,0.0,-1.0,-0.1125386022066475,4-8,0.335744877885109,0,,0.0,-1.0,9-7-4,Plackett-Luce/Harville proxy from normalized inverse closing win odds,official KRA final winning-combination dividend,descriptive settlement; not executable EDGE/EV,0.0
20260816,20260816_3_06,3,6,8,3,복연승,28,4-7,0.2947247533835645,0.2729044221106024,0.0218203312729621,1,2.6,2.6,1.6,0.7270955778893976,4-8,0.6248195016589471,0,,0.0,-1.0,9-7-4,Plackett-Luce/Harville proxy from normalized inverse closing win odds,official KRA final winning-combination dividend,descriptive settlement; not executable EDGE/EV,2.6
20260816,20260816_3_06,3,6,8,3,삼복승,56,4-7-8,0.1456700331811925,0.133650187162454,0.0120198460187384,0,,0.0,-1.0,-0.133650187162454,1-4-8,0.1641514194779095,0,,0.0,-1.0,9-7-4,Plackett-Luce/Harville proxy from normalized inverse closing win odds,official KRA final winning-combination dividend,descriptive settlement; not executable EDGE/EV,0.0
20260816,20260816_3_06,3,6,8,3,삼쌍승,336,8-4-7,0.025625982105664,0.0226797096150346,0.0029462724906293,0,,0.0,-1.0,-0.0226797096150346,4-8-1,0.0586681967273316,0,,0.0,-1.0,9-7-4,Plackett-Luce/Harville proxy from normalized inverse closing win odds,official KRA final winning-combination dividend,descriptive settlement; not executable EDGE/EV,0.0
20260816,20260816_3_06,3,6,8,3,쌍승,56,7-4,0.0378150342591964,0.0332329254571231,0.0045821088020732,0,,0.0,-1.0,-0.0332329254571231,4-8,0.2287663752390129,0,,0.0,-1.0,9-7-4,Plackett-Luce/Harville proxy from normalized inverse closing win odds,official KRA final winning-combination dividend,descriptive settlement; not executable EDGE/EV,0.0
20260816,20260816_3_06,3,6,8,3,연승,8,7,0.3184552713857366,0.2902558828859233,0.0281993884998133,1,2.0,2.0,1.0,0.7097441171140767,4,0.9617600397021772,1,1.1,1.1,0.1,9-7-4,Plackett-Luce/Harville proxy from normalized inverse closing win odds,official KRA final winning-combination dividend,descriptive settlement; not executable EDGE/EV,0.9
20260816,20260816_3_07,3,7,10,3,단승,10,4,0.3892953402102495,0.3612977940171044,0.027997546193145,0,,0.0,-1.0,-0.3612977940171044,4,0.3612977940171044,0,,0.0,-1.0,3-7-4,normalized inverse closing win odds,official KRA final winning-combination dividend,descriptive settlement; not executable EDGE/EV,0.0
20260816,20260816_3_07,3,7,10,3,복승,45,4-6,0.148086938297407,0.1400559834614741,0.0080309548359328,0,,0.0,-1.0,-0.1400559834614741,4-7,0.1548687619575377,0,,0.0,-1.0,3-7-4,Plackett-Luce/Harville proxy from normalized inverse closing win odds,official KRA final winning-combination dividend,descriptive settlement; not executable EDGE/EV,0.0
20260816,20260816_3_07,3,7,10,3,복연승,45,4-11,0.1670083977452213,0.1542894475574823,0.0127189501877389,0,,0.0,-1.0,-0.1542894475574823,4-7,0.3707447548859105,1,2.9,2.9,1.9,3-7-4,Plackett-Luce/Harville proxy from normalized inverse closing win odds,official KRA final winning-combination dividend,descriptive settlement; not executable EDGE/EV,-2.9
20260816,20260816_3_07,3,7,10,3,삼복승,120,4-5-6,0.0837679636326978,0.079822335532029,0.0039456281006687,0,,0.0,-1.0,-0.079822335532029,4-6-7,0.1162144604829285,0,,0.0,-1.0,3-7-4,Plackett-Luce/Harville proxy from normalized inverse closing win odds,official KRA final winning-combination dividend,descriptive settlement; not executable EDGE/EV,0.0
20260816,20260816_3_07,3,7,10,3,삼쌍승,720,4-6-5,0.0200395566789671,0.0183529921583258,0.0016865645206412,0,,0.0,-1.0,-0.0183529921583258,4-7-6,0.0259163600759299,0,,0.0,-1.0,3-7-4,Plackett-Luce/Harville proxy from normalized inverse closing win odds,official KRA final winning-combination dividend,descriptive settlement; not executable EDGE/EV,0.0
20260816,20260816_3_07,3,7,10,3,쌍승,90,4-6,0.0867570380157961,0.0802909982443109,0.0064660397714852,0,,0.0,-1.0,-0.0802909982443109,4-7,0.0881626647388512,0,,0.0,-1.0,3-7-4,Plackett-Luce/Harville proxy from normalized inverse closing win odds,official KRA final winning-combination dividend,descriptive settlement; not executable EDGE/EV,0.0
20260816,20260816_3_07,3,7,10,3,연승,10,4,0.8225834483604424,0.7938142223903797,0.0287692259700627,1,1.2,1.2,0.1999999999999999,0.2061857776096203,4,0.7938142223903797,1,1.2,1.2,0.1999999999999999,3-7-4,Plackett-Luce/Harville proxy from normalized inverse closing win odds,official KRA final winning-combination dividend,descriptive settlement; not executable EDGE/EV,0.0
20260817,20260817_1_01,1,1,10,3,단승,10,6,0.0205963045229469,0.0190492877924375,0.0015470167305094,0,,0.0,-1.0,-0.0190492877924375,2,0.7867355858276724,1,1.0,1.0,0.0,2-6-9,normalized inverse closing win odds,official KRA final winning-combination dividend,descriptive settlement; not executable EDGE/EV,-1.0
20260817,20260817_1_01,1,1,10,3,복승,45,2-6,0.0916231391590358,0.0855508885843086,0.0060722505747271,1,7.7,7.7,6.7,0.9144491114156914,2-5,0.1625874168826463,0,,0.0,-1.0,2-6-9,Plackett-Luce/Harville proxy from normalized inverse closing win odds,official KRA final winning-combination dividend,descriptive settlement; not executable EDGE/EV,7.7
20260817,20260817_1_01,1,1,10,3,복연승,45,2-6,0.1930260829486029,0.1809226883402372,0.0121033946083656,1,3.6,3.6,2.6,0.8190773116597627,2-5,0.3252553410940648,0,,0.0,-1.0,2-6-9,Plackett-Luce/Harville proxy from normalized inverse closing win odds,official KRA final winning-combination dividend,descriptive settlement; not executable EDGE/EV,3.6
20260817,20260817_1_01,1,1,10,3,삼복승,120,2-5-6,0.0366722695059027,0.0345551429925901,0.0021171265133125,0,,0.0,-1.0,-0.0345551429925901,2-4-5,0.0605621863375719,0,,0.0,-1.0,2-6-9,Plackett-Luce/Harville proxy from normalized inverse closing win odds,official KRA final winning-combination dividend,descriptive settlement; not executable EDGE/EV,0.0
20260817,20260817_1_01,1,1,10,3,삼쌍승,720,2-6-5,0.0138942963045424,0.0130580519819964,0.000836244322546,0,,0.0,-1.0,-0.0130580519819964,2-5-4,0.0242280072379961,0,,0.0,-1.0,2-6-9,Plackett-Luce/Harville proxy from normalized inverse closing win odds,official KRA final winning-combination dividend,descriptive settlement; not executable EDGE/EV,0.0
20260817,20260817_1_01,1,1,10,3,쌍승,90,2-6,0.075118887451445,0.0702731050988809,0.004845782352564,1,9.5,9.5,8.5,0.929726894901119,2-5,0.1331320752561373,0,,0.0,-1.0,2-6-9,Plackett-Luce/Harville proxy from normalized inverse closing win odds,official KRA final winning-combination dividend,descriptive settlement; not executable EDGE/EV,9.5
20260817,20260817_1_01,1,1,10,3,연승,10,6,0.195205049206673,0.1829265377066278,0.0122785115000451,1,3.5,3.5,2.5,0.8170734622933722,2,0.9929827428358804,1,1.1,1.1,0.1,2-6-9,Plackett-Luce/Harville proxy from normalized inverse closing win odds,official KRA final winning-combination dividend,descriptive settlement; not executable EDGE/EV,2.4
20260817,20260817_1_02,1,2,10,3,단승,10,8,0.1308247098998966,0.1112032559570459,0.0196214539428507,0,,0.0,-1.0,-0.1112032559570459,2,0.4003317214453653,1,2.0,2.0,1.0,2-1-11,normalized inverse closing win odds,official KRA final winning-combination dividend,descriptive settlement; not executable EDGE/EV,-2.0
20260817,20260817_1_02,1,2,10,3,복승,45,2-8,0.1526541434058217,0.1243261857577724,0.0283279576480492,0,,0.0,-1.0,-0.1243261857577724,2-11,0.2338151524967857,0,,0.0,-1.0,2-1-11,Plackett-Luce/Harville proxy from normalized inverse closing win odds,official KRA final winning-combination dividend,descriptive settlement; not executable EDGE/EV,0.0
20260817,20260817_1_02,1,2,10,3,복연승,45,2-8,0.3835192194555026,0.3255005663434525,0.0580186531120501,0,,0.0,-1.0,-0.3255005663434525,2-11,0.5172735518510149,1,2.1,2.1,1.1,2-1-11,Plackett-Luce/Harville proxy from normalized inverse closing win odds,official KRA final winning-combination dividend,descriptive settlement; not executable EDGE/EV,-2.1
20260817,20260817_1_02,1,2,10,3,삼복승,120,2-8-11,0.1700013297836097,0.146768379666014,0.0232329501175957,0,,0.0,-1.0,-0.146768379666014,1-2-11,0.1850443842011468,1,5.2,5.2,4.2,2-1-11,Plackett-Luce/Harville proxy from normalized inverse closing win odds,official KRA final winning-combination dividend,descriptive settlement; not executable EDGE/EV,-5.2
20260817,20260817_1_02,1,2,10,3,삼쌍승,720,2-8-11,0.0370366776955968,0.0304216642548375,0.0066150134407592,0,,0.0,-1.0,-0.0304216642548375,2-11-1,0.0453918112402176,0,,0.0,-1.0,2-1-11,Plackett-Luce/Harville proxy from normalized inverse closing win odds,official KRA final winning-combination dividend,descriptive settlement; not executable EDGE/EV,0.0
20260817,20260817_1_02,1,2,10,3,쌍승,90,2-8,0.0909338892294795,0.0742380287230047,0.0166958605064748,0,,0.0,-1.0,-0.0742380287230047,2-11,0.1336284517014084,0,,0.0,-1.0,2-1-11,Plackett-Luce/Harville proxy from normalized inverse closing win odds,official KRA final winning-combination dividend,descriptive settlement; not executable EDGE/EV,0.0
20260817,20260817_1_02,1,2,10,3,연승,10,8,0.474559301474225,0.4126804956801633,0.0618788057940616,0,,0.0,-1.0,-0.4126804956801633,2,0.8496675315993238,1,1.0,1.0,0.0,2-1-11,Plackett-Luce/Harville proxy from normalized inverse closing win odds,official KRA final winning-combination dividend,descriptive settlement; not executable EDGE/EV,-1.0
20260817,20260817_1_03,1,3,8,3,단승,8,1,0.2837410291852959,0.2421385437658328,0.0416024854194631,0,,0.0,-1.0,-0.2421385437658328,1,0.2421385437658328,0,,0.0,-1.0,8-4-7,normalized inverse closing win odds,official KRA final winning-combination dividend,descriptive settlement; not executable EDGE/EV,0.0
20260817,20260817_1_03,1,3,8,3,복승,28,1-8,0.1329594824493213,0.1117539617710088,0.0212055206783125,0,,0.0,-1.0,-0.1117539617710088,1-6,0.1176767317117967,0,,0.0,-1.0,8-4-7,Plackett-Luce/Harville proxy from normalized inverse closing win odds,official KRA final winning-combination dividend,descriptive settlement; not executable EDGE/EV,0.0
20260817,20260817_1_03,1,3,8,3,복연승,28,1-8,0.3473796723792469,0.305170412630262,0.0422092597489848,0,,0.0,-1.0,-0.305170412630262,1-6,0.3172971123244788,0,,0.0,-1.0,8-4-7,Plackett-Luce/Harville proxy from normalized inverse closing win odds,official KRA final winning-combination dividend,descriptive settlement; not executable EDGE/EV,0.0
20260817,20260817_1_03,1,3,8,3,삼복승,56,1-3-8,0.1191139938870538,0.0982555196085271,0.0208584742785267,0,,0.0,-1.0,-0.0982555196085271,1-6-8,0.1072675360224754,0,,0.0,-1.0,8-4-7,Plackett-Luce/Harville proxy from normalized inverse closing win odds,official KRA final winning-combination dividend,descriptive settlement; not executable EDGE/EV,0.0
20260817,20260817_1_03,1,3,8,3,삼쌍승,336,1-8-3,0.0230450757855253,0.0178791974615775,0.0051658783239477,0,,0.0,-1.0,-0.0178791974615775,1-6-8,0.0194481381016886,0,,0.0,-1.0,8-4-7,Plackett-Luce/Harville proxy from normalized inverse closing win odds,official KRA final winning-combination dividend,descriptive settlement; not executable EDGE/EV,0.0
20260817,20260817_1_03,1,3,8,3,쌍승,56,1-8,0.0710001243255586,0.0580228819147012,0.0129772424108574,0,,0.0,-1.0,-0.0580228819147012,1-6,0.0607858762915917,0,,0.0,-1.0,8-4-7,Plackett-Luce/Harville proxy from normalized inverse closing win odds,official KRA final winning-combination dividend,descriptive settlement; not executable EDGE/EV,0.0
20260817,20260817_1_03,1,3,8,3,연승,8,1,0.7110120073070456,0.6462135972994345,0.0647984100076111,0,,0.0,-1.0,-0.6462135972994345,1,0.6462135972994345,0,,0.0,-1.0,8-4-7,Plackett-Luce/Harville proxy from normalized inverse closing win odds,official KRA final winning-combination dividend,descriptive settlement; not executable EDGE/EV,0.0
20260817,20260817_1_04,1,4,9,3,단승,9,4,0.4935981745097095,0.4498911451296176,0.0437070293800919,1,1.8,1.8,0.8,0.5501088548703824,4,0.4498911451296176,1,1.8,1.8,0.8,4-5-7,normalized inverse closing win odds,official KRA final winning-combination dividend,descriptive settlement; not executable EDGE/EV,0.0
20260817,20260817_1_04,1,4,9,3,복승,36,4-5,0.6627963477064344,0.6372417526818184,0.0255545950246159,1,1.2,1.2,0.1999999999999999,0.3627582473181816,4-5,0.6372417526818184,1,1.2,1.2,0.1999999999999999,4-5-7,Plackett-Luce/Harville proxy from normalized inverse closing win odds,official KRA final winning-combination dividend,descriptive settlement; not executable EDGE/EV,0.0
20260817,20260817_1_04,1,4,9,3,복연승,36,4-6,0.3441333477019698,0.2876708014431366,0.0564625462588331,0,,0.0,-1.0,-0.2876708014431366,4-5,0.908434287779462,1,1.2,1.2,0.1999999999999999,4-5-7,Plackett-Luce/Harville proxy from normalized inverse closing win odds,official KRA final winning-combination dividend,descriptive settlement; not executable EDGE/EV,-1.2
20260817,20260817_1_04,1,4,9,3,삼복승,84,4-5-6,0.3158085038439245,0.2620276139625144,0.0537808898814101,0,,0.0,-1.0,-0.2620276139625144,4-5-6,0.2620276139625144,0,,0.0,-1.0,4-5-7,Plackett-Luce/Harville proxy from normalized inverse closing win odds,official KRA final winning-combination dividend,descriptive settlement; not executable EDGE/EV,0.0
20260817,20260817_1_04,1,4,9,3,삼쌍승,504,4-5-6,0.1239996502915781,0.0947037282214732,0.0292959220701048,0,,0.0,-1.0,-0.0947037282214732,4-5-6,0.0947037282214732,0,,0.0,-1.0,4-5-7,Plackett-Luce/Harville proxy from normalized inverse closing win odds,official KRA final winning-combination dividend,descriptive settlement; not executable EDGE/EV,0.0
20260817,20260817_1_04,1,4,9,3,쌍승,72,4-5,0.366005631045016,0.3311378041030734,0.0348678269419426,1,2.0,2.0,1.0,0.6688621958969265,4-5,0.3311378041030734,1,2.0,2.0,1.0,4-5-7,Plackett-Luce/Harville proxy from normalized inverse closing win odds,official KRA final winning-combination dividend,descriptive settlement; not executable EDGE/EV,0.0
20260817,20260817_1_04,1,4,9,3,연승,9,6,0.3609980497771456,0.3094887160069529,0.0515093337701927,0,,0.0,-1.0,-0.3094887160069529,4,0.9581809708181988,1,1.0,1.0,0.0,4-5-7,Plackett-Luce/Harville proxy from normalized inverse closing win odds,official KRA final winning-combination dividend,descriptive settlement; not executable EDGE/EV,-1.0
20260817,20260817_1_05,1,5,10,3,단승,10,1,0.1253936501153949,0.1155932871902525,0.0098003629251424,1,6.9,6.9,5.9,0.8844067128097475,7,0.3067668006202856,0,,0.0,-1.0,1-7-8,normalized inverse closing win odds,official KRA final winning-combination dividend,descriptive settlement; not executable EDGE/EV,6.9
20260817,20260817_1_05,1,5,10,3,복승,45,1-8,0.0408923065818601,0.0364039930467092,0.0044883135351509,0,,0.0,-1.0,-0.0364039930467092,7-8,0.1097646141685193,0,,0.0,-1.0,1-7-8,Plackett-Luce/Harville proxy from normalized inverse closing win odds,official KRA final winning-combination dividend,descriptive settlement; not executable EDGE/EV,0.0
20260817,20260817_1_05,1,5,10,3,복연승,45,1-5,0.1120139996518671,0.1004614327561589,0.0115525668957081,0,,0.0,-1.0,-0.1004614327561589,7-8,0.2789039138807316,1,3.1,3.1,2.1,1-7-8,Plackett-Luce/Harville proxy from normalized inverse closing win odds,official KRA final winning-combination dividend,descriptive settlement; not executable EDGE/EV,-3.1
20260817,20260817_1_05,1,5,10,3,삼복승,120,1-5-8,0.0196847879660695,0.0164010492702739,0.0032837386957956,0,,0.0,-1.0,-0.0164010492702739,1-7-8,0.0595066056216933,1,16.0,16.0,15.0,1-7-8,Plackett-Luce/Harville proxy from normalized inverse closing win odds,official KRA final winning-combination dividend,descriptive settlement; not executable EDGE/EV,-16.0
20260817,20260817_1_05,1,5,10,3,삼쌍승,720,1-5-7,0.0065369300300138,0.0059295239453329,0.0006074060846809,0,,0.0,-1.0,-0.0059295239453329,7-8-1,0.0126578985252756,0,,0.0,-1.0,1-7-8,Plackett-Luce/Harville proxy from normalized inverse closing win odds,official KRA final winning-combination dividend,descriptive settlement; not executable EDGE/EV,0.0
20260817,20260817_1_05,1,5,10,3,쌍승,90,1-8,0.0202585118082082,0.0179735678409622,0.002284943967246,0,,0.0,-1.0,-0.0179735678409622,7-8,0.0608531011224984,0,,0.0,-1.0,1-7-8,Plackett-Luce/Harville proxy from normalized inverse closing win odds,official KRA final winning-combination dividend,descriptive settlement; not executable EDGE/EV,0.0
20260817,20260817_1_05,1,5,10,3,연승,10,1,0.3954868595302814,0.3737728391384491,0.0217140203918323,1,2.3,2.3,1.2999999999999998,0.6262271608615508,7,0.7199381900034341,1,1.4,1.4,0.3999999999999999,1-7-8,Plackett-Luce/Harville proxy from normalized inverse closing win odds,official KRA final winning-combination dividend,descriptive settlement; not executable EDGE/EV,0.8999999999999999
20260817,20260817_1_06,1,6,8,3,단승,8,5,0.289157885088972,0.2660413098694914,0.0231165752194805,1,3.0,3.0,2.0,0.7339586901305086,7,0.295601455410546,0,,0.0,-1.0,5-3-2,normalized inverse closing win odds,official KRA final winning-combination dividend,descriptive settlement; not executable EDGE/EV,3.0
20260817,20260817_1_06,1,6,8,3,복승,28,5-7,0.2348592316298562,0.2187924546383629,0.0160667769914933,0,,0.0,-1.0,-0.2187924546383629,5-7,0.2187924546383629,0,,0.0,-1.0,5-3-2,Plackett-Luce/Harville proxy from normalized inverse closing win odds,official KRA final winning-combination dividend,descriptive settlement; not executable EDGE/EV,0.0
20260817,20260817_1_06,1,6,8,3,복연승,28,5-6,0.1907891458835269,0.1548952347221676,0.0358939111613592,0,,0.0,-1.0,-0.1548952347221676,5-7,0.4952081338784924,0,,0.0,-1.0,5-3-2,Plackett-Luce/Harville proxy from normalized inverse closing win odds,official KRA final winning-combination dividend,descriptive settlement; not executable EDGE/EV,0.0
20260817,20260817_1_06,1,6,8,3,삼복승,56,5-6-7,0.1024045054637014,0.0814277594556246,0.0209767460080768,0,,0.0,-1.0,-0.0814277594556246,3-5-7,0.1513893320397243,0,,0.0,-1.0,5-3-2,Plackett-Luce/Harville proxy from normalized inverse closing win odds,official KRA final winning-combination dividend,descriptive settlement; not executable EDGE/EV,0.0
20260817,20260817_1_06,1,6,8,3,삼쌍승,336,5-7-6,0.0233307256161812,0.0180635217592899,0.0052672038568912,0,,0.0,-1.0,-0.0180635217592899,7-5-3,0.032785941491507,0,,0.0,-1.0,5-3-2,Plackett-Luce/Harville proxy from normalized inverse closing win odds,official KRA final winning-combination dividend,descriptive settlement; not executable EDGE/EV,0.0
20260817,20260817_1_06,1,6,8,3,쌍승,56,5-7,0.1174624618315914,0.1071479900084921,0.0103144718230993,0,,0.0,-1.0,-0.1071479900084921,7-5,0.1116444646298707,0,,0.0,-1.0,5-3-2,Plackett-Luce/Harville proxy from normalized inverse closing win odds,official KRA final winning-combination dividend,descriptive settlement; not executable EDGE/EV,0.0
20260817,20260817_1_06,1,6,8,3,연승,8,6,0.3065922757214225,0.269597124780474,0.0369951509409485,0,,0.0,-1.0,-0.269597124780474,7,0.7396244778823213,0,,0.0,-1.0,5-3-2,Plackett-Luce/Harville proxy from normalized inverse closing win odds,official KRA final winning-combination dividend,descriptive settlement; not executable EDGE/EV,0.0
20260817,20260817_1_07,1,7,11,3,단승,11,4,0.5327533155518058,0.5014206826445597,0.031332632907246,0,,0.0,-1.0,-0.5014206826445597,4,0.5014206826445597,0,,0.0,-1.0,7-8-4,normalized inverse closing win odds,official KRA final winning-combination dividend,descriptive settlement; not executable EDGE/EV,0.0
20260817,20260817_1_07,1,7,11,3,복승,55,4-9,0.2142929307660356,0.1801706722741203,0.0341222584919153,0,,0.0,-1.0,-0.1801706722741203,4-9,0.1801706722741203,0,,0.0,-1.0,7-8-4,Plackett-Luce/Harville proxy from normalized inverse closing win odds,official KRA final winning-combination dividend,descriptive settlement; not executable EDGE/EV,0.0
20260817,20260817_1_07,1,7,11,3,복연승,55,4-9,0.4504727424590156,0.394369155167788,0.0561035872912276,0,,0.0,-1.0,-0.394369155167788,4-9,0.394369155167788,0,,0.0,-1.0,7-8-4,Plackett-Luce/Harville proxy from normalized inverse closing win odds,official KRA final winning-combination dividend,descriptive settlement; not executable EDGE/EV,0.0
20260817,20260817_1_07,1,7,11,3,삼복승,165,2-4-9,0.0754903741275848,0.0571696844052005,0.0183206897223843,0,,0.0,-1.0,-0.0571696844052005,4-8-9,0.1041262852311698,0,,0.0,-1.0,7-8-4,Plackett-Luce/Harville proxy from normalized inverse closing win odds,official KRA final winning-combination dividend,descriptive settlement; not executable EDGE/EV,0.0
20260817,20260817_1_07,1,7,11,3,삼쌍승,990,4-9-2,0.0234174595969962,0.0168415608431844,0.0065758987538118,0,,0.0,-1.0,-0.0168415608431844,4-9-8,0.0290161831394622,0,,0.0,-1.0,7-8-4,Plackett-Luce/Harville proxy from normalized inverse closing win odds,official KRA final winning-combination dividend,descriptive settlement; not executable EDGE/EV,0.0
20260817,20260817_1_07,1,7,11,3,쌍승,110,4-9,0.1398271199972239,0.1152635978643502,0.0245635221328737,0,,0.0,-1.0,-0.1152635978643502,4-9,0.1152635978643502,0,,0.0,-1.0,7-8-4,Plackett-Luce/Harville proxy from normalized inverse closing win odds,official KRA final winning-combination dividend,descriptive settlement; not executable EDGE/EV,0.0
20260817,20260817_1_07,1,7,11,3,연승,11,9,0.4975686986524739,0.449321567579553,0.0482471310729208,0,,0.0,-1.0,-0.449321567579553,4,0.9054125358019096,1,1.1,1.1,0.1,7-8-4,Plackett-Luce/Harville proxy from normalized inverse closing win odds,official KRA final winning-combination dividend,descriptive settlement; not executable EDGE/EV,-1.1
20260817,20260817_1_08,1,8,10,3,단승,10,2,0.5646342287101138,0.5285519730107268,0.036082255699387,1,1.5,1.5,0.5,0.4714480269892732,2,0.5285519730107268,1,1.5,1.5,0.5,2-1-4,normalized inverse closing win odds,official KRA final winning-combination dividend,descriptive settlement; not executable EDGE/EV,0.0
20260817,20260817_1_08,1,8,10,3,복승,45,2-4,0.211359900377828,0.1785153073182191,0.0328445930596089,0,,0.0,-1.0,-0.1785153073182191,2-6,0.2286188463976333,0,,0.0,-1.0,2-1-4,Plackett-Luce/Harville proxy from normalized inverse closing win odds,official KRA final winning-combination dividend,descriptive settlement; not executable EDGE/EV,0.0
20260817,20260817_1_08,1,8,10,3,복연승,45,2-4,0.4457198055896343,0.3977402740623405,0.0479795315272937,1,2.2,2.2,1.2000000000000002,0.6022597259376594,2-6,0.4778455063840953,0,,0.0,-1.0,2-1-4,Plackett-Luce/Harville proxy from normalized inverse closing win odds,official KRA final winning-combination dividend,descriptive settlement; not executable EDGE/EV,2.2
20260817,20260817_1_08,1,8,10,3,삼복승,120,2-4-5,0.0759389389581204,0.0541713149875409,0.0217676239705794,0,,0.0,-1.0,-0.0541713149875409,2-4-6,0.1561882680731743,0,,0.0,-1.0,2-1-4,Plackett-Luce/Harville proxy from normalized inverse closing win odds,official KRA final winning-combination dividend,descriptive settlement; not executable EDGE/EV,0.0
20260817,20260817_1_08,1,8,10,3,삼쌍승,720,2-4-5,0.024378131998297,0.0165077771806067,0.0078703548176903,0,,0.0,-1.0,-0.0165077771806067,2-6-4,0.0455460003887045,0,,0.0,-1.0,2-1-4,Plackett-Luce/Harville proxy from normalized inverse closing win odds,official KRA final winning-combination dividend,descriptive settlement; not executable EDGE/EV,0.0
20260817,20260817_1_08,1,8,10,3,쌍승,90,2-4,0.1419592053950795,0.1169551205375559,0.0250040848575236,0,,0.0,-1.0,-0.1169551205375559,2-6,0.1481431526809043,0,,0.0,-1.0,2-1-4,Plackett-Luce/Harville proxy from normalized inverse closing win odds,official KRA final winning-combination dividend,descriptive settlement; not executable EDGE/EV,0.0
20260817,20260817_1_08,1,8,10,3,연승,10,4,0.4820202283381969,0.4416098267103254,0.0404104016278715,1,1.6,1.6,0.6000000000000001,0.5583901732896746,2,0.9248867154308263,1,1.1,1.1,0.1,2-1-4,Plackett-Luce/Harville proxy from normalized inverse closing win odds,official KRA final winning-combination dividend,descriptive settlement; not executable EDGE/EV,0.5000000000000001
20260817,20260817_1_09,1,9,11,3,단승,11,1,0.2635287939028942,0.2424919394205403,0.0210368544823539,0,,0.0,-1.0,-0.2424919394205403,1,0.2424919394205403,0,,0.0,-1.0,4-8-1,normalized inverse closing win odds,official KRA final winning-combination dividend,descriptive settlement; not executable EDGE/EV,0.0
20260817,20260817_1_09,1,9,11,3,복승,55,1-3,0.0808544763863001,0.064019177319476,0.0168352990668241,0,,0.0,-1.0,-0.064019177319476,1-11,0.1499830613576741,0,,0.0,-1.0,4-8-1,Plackett-Luce/Harville proxy from normalized inverse closing win odds,official KRA final winning-combination dividend,descriptive settlement; not executable EDGE/EV,0.0
20260817,20260817_1_09,1,9,11,3,복연승,55,1-3,0.2262310988276254,0.185126804700197,0.0411042941274284,0,,0.0,-1.0,-0.185126804700197,1-11,0.3603727397217292,0,,0.0,-1.0,4-8-1,Plackett-Luce/Harville proxy from normalized inverse closing win odds,official KRA final winning-combination dividend,descriptive settlement; not executable EDGE/EV,0.0
20260817,20260817_1_09,1,9,11,3,삼복승,165,1-3-11,0.0937864209892635,0.0771007238969591,0.0166856970923043,0,,0.0,-1.0,-0.0771007238969591,1-3-11,0.0771007238969591,0,,0.0,-1.0,4-8-1,Plackett-Luce/Harville proxy from normalized inverse closing win odds,official KRA final winning-combination dividend,descriptive settlement; not executable EDGE/EV,0.0
20260817,20260817_1_09,1,9,11,3,삼쌍승,990,1-11-3,0.0191828881561131,0.0156037178750051,0.0035791702811079,0,,0.0,-1.0,-0.0156037178750051,1-11-3,0.0156037178750051,0,,0.0,-1.0,4-8-1,Plackett-Luce/Harville proxy from normalized inverse closing win odds,official KRA final winning-combination dividend,descriptive settlement; not executable EDGE/EV,0.0
20260817,20260817_1_09,1,9,11,3,쌍승,110,1-3,0.043952199828518,0.034617011758362,0.009335188070156,0,,0.0,-1.0,-0.034617011758362,1-11,0.0753429079446702,0,,0.0,-1.0,4-8-1,Plackett-Luce/Harville proxy from normalized inverse closing win odds,official KRA final winning-combination dividend,descriptive settlement; not executable EDGE/EV,0.0
20260817,20260817_1_09,1,9,11,3,연승,11,3,0.3925326701863315,0.3489444732010183,0.0435881969853132,0,,0.0,-1.0,-0.3489444732010183,1,0.6312767812669335,1,1.5,1.5,0.5,4-8-1,Plackett-Luce/Harville proxy from normalized inverse closing win odds,official KRA final winning-combination dividend,descriptive settlement; not executable EDGE/EV,-1.5
20260817,20260817_1_10,1,10,11,3,단승,11,3,0.1351100380096782,0.1229804094662944,0.0121296285433837,0,,0.0,-1.0,-0.1229804094662944,4,0.2498039567284106,1,3.2,3.2,2.2,4-1-3,normalized inverse closing win odds,official KRA final winning-combination dividend,descriptive settlement; not executable EDGE/EV,-3.2
20260817,20260817_1_10,1,10,11,3,복승,55,3-4,0.0855241115529409,0.0759794756519199,0.009544635901021,0,,0.0,-1.0,-0.0759794756519199,1-4,0.1452392347033696,1,6.2,6.2,5.2,4-1-3,Plackett-Luce/Harville proxy from normalized inverse closing win odds,official KRA final winning-combination dividend,descriptive settlement; not executable EDGE/EV,-6.2
20260817,20260817_1_10,1,10,11,3,복연승,55,3-4,0.2353437552871473,0.2127176219193282,0.0226261333678191,1,5.6,5.6,4.6,0.7872823780806718,1-4,0.3507286947958433,1,2.7,2.7,1.7000000000000002,4-1-3,Plackett-Luce/Harville proxy from normalized inverse closing win odds,official KRA final winning-combination dividend,descriptive settlement; not executable EDGE/EV,2.8999999999999995
20260817,20260817_1_10,1,10,11,3,삼복승,165,1-3-4,0.0935495430688394,0.0859808295116197,0.0075687135572196,1,10.0,10.0,9.0,0.9140191704883802,1-3-4,0.0859808295116197,1,10.0,10.0,9.0,4-1-3,Plackett-Luce/Harville proxy from normalized inverse closing win odds,official KRA final winning-combination dividend,descriptive settlement; not executable EDGE/EV,0.0
20260817,20260817_1_10,1,10,11,3,삼쌍승,990,4-3-1,0.0161064483884026,0.0144974090930958,0.0016090392953068,0,,0.0,-1.0,-0.0144974090930958,4-1-3,0.0172167654249273,1,39.4,39.4,38.4,4-1-3,Plackett-Luce/Harville proxy from normalized inverse closing win odds,official KRA final winning-combination dividend,descriptive settlement; not executable EDGE/EV,-39.4
20260817,20260817_1_10,1,10,11,3,쌍승,110,4-3,0.0459068108198083,0.0409506197217287,0.0049561910980795,0,,0.0,-1.0,-0.0409506197217287,4-1,0.0739386189420102,1,11.8,11.8,10.8,4-1-3,Plackett-Luce/Harville proxy from normalized inverse closing win odds,official KRA final winning-combination dividend,descriptive settlement; not executable EDGE/EV,-11.8
20260817,20260817_1_10,1,10,11,3,연승,11,2,0.262935663676405,0.2293774958083195,0.0335581678680854,0,,0.0,-1.0,-0.2293774958083195,4,0.640204585526606,1,1.5,1.5,0.5,4-1-3,Plackett-Luce/Harville proxy from normalized inverse closing win odds,official KRA final winning-combination dividend,descriptive settlement; not executable EDGE/EV,-1.5
20260817,20260817_1_11,1,11,8,3,단승,8,8,0.2907852375433591,0.2583713964132342,0.0324138411301249,0,,0.0,-1.0,-0.2583713964132342,8,0.2583713964132342,0,,0.0,-1.0,7-1-8,normalized inverse closing win odds,official KRA final winning-combination dividend,descriptive settlement; not executable EDGE/EV,0.0
20260817,20260817_1_11,1,11,8,3,복승,28,1-8,0.1778041056434139,0.1514439899527808,0.026360115690633,0,,0.0,-1.0,-0.1514439899527808,1-8,0.1514439899527808,0,,0.0,-1.0,7-1-8,Plackett-Luce/Harville proxy from normalized inverse closing win odds,official KRA final winning-combination dividend,descriptive settlement; not executable EDGE/EV,0.0
20260817,20260817_1_11,1,11,8,3,복연승,28,1-8,0.4293936134698528,0.3798371000021601,0.0495565134676926,1,2.1,2.1,1.1,0.6201628999978399,1-8,0.3798371000021601,1,2.1,2.1,1.1,7-1-8,Plackett-Luce/Harville proxy from normalized inverse closing win odds,official KRA final winning-combination dividend,descriptive settlement; not executable EDGE/EV,0.0
20260817,20260817_1_11,1,11,8,3,삼복승,56,1-2-8,0.1376353624563747,0.1104065136429093,0.0272288488134654,0,,0.0,-1.0,-0.1104065136429093,1-7-8,0.1209330812953671,1,4.2,4.2,3.2,7-1-8,Plackett-Luce/Harville proxy from normalized inverse closing win odds,official KRA final winning-combination dividend,descriptive settlement; not executable EDGE/EV,-4.2
20260817,20260817_1_11,1,11,8,3,삼쌍승,336,8-1-2,0.0284191174546271,0.0217429643624676,0.0066761530921595,0,,0.0,-1.0,-0.0217429643624676,8-1-7,0.0234482949007003,0,,0.0,-1.0,7-1-8,Plackett-Luce/Harville proxy from normalized inverse closing win odds,official KRA final winning-combination dividend,descriptive settlement; not executable EDGE/EV,0.0
20260817,20260817_1_11,1,11,8,3,쌍승,56,8-1,0.0927701216528773,0.0775106870283636,0.0152594346245136,0,,0.0,-1.0,-0.0775106870283636,8-1,0.0775106870283636,0,,0.0,-1.0,7-1-8,Plackett-Luce/Harville proxy from normalized inverse closing win odds,official KRA final winning-combination dividend,descriptive settlement; not executable EDGE/EV,0.0
20260817,20260817_1_11,1,11,8,3,연승,8,8,0.7248846602906721,0.6725330724166458,0.0523515878740262,1,1.3,1.3,0.3,0.3274669275833541,8,0.6725330724166458,1,1.3,1.3,0.3,7-1-8,Plackett-Luce/Harville proxy from normalized inverse closing win odds,official KRA final winning-combination dividend,descriptive settlement; not executable EDGE/EV,0.0
20260821,20260821_3_01,3,1,11,3,단승,11,8,0.4781686710968459,0.4731466280118574,0.0050220430849884,0,,0.0,-1.0,-0.4731466280118574,8,0.4731466280118574,0,,0.0,-1.0,7-8-5,normalized inverse closing win odds,official KRA final winning-combination dividend,descriptive settlement; not executable EDGE/EV,0.0
20260821,20260821_3_01,3,1,11,3,복승,55,3-8,0.2200516139364957,0.212385699630009,0.0076659143064866,0,,0.0,-1.0,-0.212385699630009,3-8,0.212385699630009,0,,0.0,-1.0,7-8-5,Plackett-Luce/Harville proxy from normalized inverse closing win odds,official KRA final winning-combination dividend,descriptive settlement; not executable EDGE/EV,0.0
20260821,20260821_3_01,3,1,11,3,복연승,55,8-9,0.2319294945860882,0.2159106182798241,0.0160188763062641,0,,0.0,-1.0,-0.2159106182798241,3-8,0.4671182875344524,0,,0.0,-1.0,7-8-5,Plackett-Luce/Harville proxy from normalized inverse closing win odds,official KRA final winning-combination dividend,descriptive settlement; not executable EDGE/EV,0.0
20260821,20260821_3_01,3,1,11,3,삼복승,165,3-8-9,0.0810504381857858,0.0721228866728961,0.0089275515128897,0,,0.0,-1.0,-0.0721228866728961,3-5-8,0.1768845682076517,0,,0.0,-1.0,7-8-5,Plackett-Luce/Harville proxy from normalized inverse closing win odds,official KRA final winning-combination dividend,descriptive settlement; not executable EDGE/EV,0.0
20260821,20260821_3_01,3,1,11,3,삼쌍승,990,8-3-9,0.0235718008632639,0.020869066651366,0.0027027342118978,0,,0.0,-1.0,-0.020869066651366,8-3-5,0.0462597644105281,0,,0.0,-1.0,7-8-5,Plackett-Luce/Harville proxy from normalized inverse closing win odds,official KRA final winning-combination dividend,descriptive settlement; not executable EDGE/EV,0.0
20260821,20260821_3_01,3,1,11,3,쌍승,110,8-3,0.1364149294369835,0.1313372645123908,0.0050776649245926,0,,0.0,-1.0,-0.1313372645123908,8-3,0.1313372645123908,0,,0.0,-1.0,7-8-5,Plackett-Luce/Harville proxy from normalized inverse closing win odds,official KRA final winning-combination dividend,descriptive settlement; not executable EDGE/EV,0.0
20260821,20260821_3_01,3,1,11,3,연승,11,9,0.2737135831551366,0.2567026706984394,0.0170109124566972,0,,0.0,-1.0,-0.2567026706984394,8,0.8961870475509814,1,1.2,1.2,0.1999999999999999,7-8-5,Plackett-Luce/Harville proxy from normalized inverse closing win odds,official KRA final winning-combination dividend,descriptive settlement; not executable EDGE/EV,-1.2
20260821,20260821_3_02,3,2,11,3,단승,11,4,0.3662951864420654,0.3349413889331389,0.0313537975089264,0,,0.0,-1.0,-0.3349413889331389,4,0.3349413889331389,0,,0.0,-1.0,8-9-5,normalized inverse closing win odds,official KRA final winning-combination dividend,descriptive settlement; not executable EDGE/EV,0.0
20260821,20260821_3_02,3,2,11,3,복승,55,4-9,0.3271998850795111,0.2575478939644964,0.0696519911150147,0,,0.0,-1.0,-0.2575478939644964,4-9,0.2575478939644964,0,,0.0,-1.0,8-9-5,Plackett-Luce/Harville proxy from normalized inverse closing win odds,official KRA final winning-combination dividend,descriptive settlement; not executable EDGE/EV,0.0
20260821,20260821_3_02,3,2,11,3,복연승,55,4-9,0.6336738851211625,0.5409391317842575,0.092734753336905,0,,0.0,-1.0,-0.5409391317842575,4-9,0.5409391317842575,0,,0.0,-1.0,8-9-5,Plackett-Luce/Harville proxy from normalized inverse closing win odds,official KRA final winning-combination dividend,descriptive settlement; not executable EDGE/EV,0.0
20260821,20260821_3_02,3,2,11,3,삼복승,165,1-4-9,0.150976503795181,0.1163410602694314,0.0346354435257495,0,,0.0,-1.0,-0.1163410602694314,4-9-11,0.1443422803135851,0,,0.0,-1.0,8-9-5,Plackett-Luce/Harville proxy from normalized inverse closing win odds,official KRA final winning-combination dividend,descriptive settlement; not executable EDGE/EV,0.0
20260821,20260821_3_02,3,2,11,3,삼쌍승,990,4-9-1,0.0399549930814661,0.0284557884383202,0.0114992046431459,0,,0.0,-1.0,-0.0284557884383202,4-9-11,0.0345791859503638,0,,0.0,-1.0,8-9-5,Plackett-Luce/Harville proxy from normalized inverse closing win odds,official KRA final winning-combination dividend,descriptive settlement; not executable EDGE/EV,0.0
20260821,20260821_3_02,3,2,11,3,쌍승,110,4-9,0.1720126813937858,0.1349483875900756,0.0370642938037101,0,,0.0,-1.0,-0.1349483875900756,4-9,0.1349483875900756,0,,0.0,-1.0,8-9-5,Plackett-Luce/Harville proxy from normalized inverse closing win odds,official KRA final winning-combination dividend,descriptive settlement; not executable EDGE/EV,0.0
20260821,20260821_3_02,3,2,11,3,연승,11,9,0.7749625732299099,0.7129873983803907,0.0619751748495192,1,1.5,1.5,0.5,0.2870126016196093,4,0.7840905721867544,0,,0.0,-1.0,8-9-5,Plackett-Luce/Harville proxy from normalized inverse closing win odds,official KRA final winning-combination dividend,descriptive settlement; not executable EDGE/EV,1.5
20260821,20260821_3_03,3,3,11,3,단승,11,4,0.2776939922170913,0.2414964020033649,0.0361975902137264,0,,0.0,-1.0,-0.2414964020033649,7,0.25707681503584,0,,0.0,-1.0,10-7-9,normalized inverse closing win odds,official KRA final winning-combination dividend,descriptive settlement; not executable EDGE/EV,0.0
20260821,20260821_3_03,3,3,11,3,복승,55,1-4,0.1037100527088152,0.0822151176441831,0.0214949350646321,0,,0.0,-1.0,-0.0822151176441831,4-7,0.1654154904641654,0,,0.0,-1.0,10-7-9,Plackett-Luce/Harville proxy from normalized inverse closing win odds,official KRA final winning-combination dividend,descriptive settlement; not executable EDGE/EV,0.0
20260821,20260821_3_03,3,3,11,3,복연승,55,1-4,0.2904654265760221,0.2419376367319526,0.0485277898440694,0,,0.0,-1.0,-0.2419376367319526,4-7,0.4014304323062851,0,,0.0,-1.0,10-7-9,Plackett-Luce/Harville proxy from normalized inverse closing win odds,official KRA final winning-combination dividend,descriptive settlement; not executable EDGE/EV,0.0
20260821,20260821_3_03,3,3,11,3,삼복승,165,1-4-7,0.1334036319734331,0.1146515256591178,0.0187521063143153,0,,0.0,-1.0,-0.1146515256591178,4-7-10,0.1276565400574107,0,,0.0,-1.0,10-7-9,Plackett-Luce/Harville proxy from normalized inverse closing win odds,official KRA final winning-combination dividend,descriptive settlement; not executable EDGE/EV,0.0
20260821,20260821_3_03,3,3,11,3,삼쌍승,990,4-1-7,0.0229442353959623,0.0181071742696194,0.0048370611263428,0,,0.0,-1.0,-0.0181071742696194,7-4-10,0.025059411691078,0,,0.0,-1.0,10-7-9,Plackett-Luce/Harville proxy from normalized inverse closing win odds,official KRA final winning-combination dividend,descriptive settlement; not executable EDGE/EV,0.0
20260821,20260821_3_03,3,3,11,3,쌍승,110,4-1,0.0561831657106859,0.0437471364226117,0.0124360292880741,0,,0.0,-1.0,-0.0437471364226117,7-4,0.083566009415408,0,,0.0,-1.0,10-7-9,Plackett-Luce/Harville proxy from normalized inverse closing win odds,official KRA final winning-combination dividend,descriptive settlement; not executable EDGE/EV,0.0
20260821,20260821_3_03,3,3,11,3,연승,11,4,0.7045083774237524,0.6468277981274209,0.0576805792963315,0,,0.0,-1.0,-0.6468277981274209,7,0.6695057932148328,1,1.5,1.5,0.5,10-7-9,Plackett-Luce/Harville proxy from normalized inverse closing win odds,official KRA final winning-combination dividend,descriptive settlement; not executable EDGE/EV,-1.5
20260821,20260821_3_04,3,4,11,3,단승,11,6,0.2576896198129585,0.2436854404477318,0.0140041793652267,0,,0.0,-1.0,-0.2436854404477318,1,0.2978377605472278,0,,0.0,-1.0,7-1-10,normalized inverse closing win odds,official KRA final winning-combination dividend,descriptive settlement; not executable EDGE/EV,0.0
20260821,20260821_3_04,3,4,11,3,복승,55,1-6,0.2132205267632474,0.1993282864277015,0.0138922403355458,0,,0.0,-1.0,-0.1993282864277015,1-6,0.1993282864277015,0,,0.0,-1.0,7-1-10,Plackett-Luce/Harville proxy from normalized inverse closing win odds,official KRA final winning-combination dividend,descriptive settlement; not executable EDGE/EV,0.0
20260821,20260821_3_04,3,4,11,3,복연승,55,1-6,0.4657192167369695,0.4429105547306138,0.0228086620063556,0,,0.0,-1.0,-0.4429105547306138,1-6,0.4429105547306138,0,,0.0,-1.0,7-1-10,Plackett-Luce/Harville proxy from normalized inverse closing win odds,official KRA final winning-combination dividend,descriptive settlement; not executable EDGE/EV,0.0
20260821,20260821_3_04,3,4,11,3,삼복승,165,1-4-6,0.0821740733822153,0.0760289266568052,0.00614514672541,0,,0.0,-1.0,-0.0760289266568052,1-6-8,0.091311391341769,0,,0.0,-1.0,7-1-10,Plackett-Luce/Harville proxy from normalized inverse closing win odds,official KRA final winning-combination dividend,descriptive settlement; not executable EDGE/EV,0.0
20260821,20260821_3_04,3,4,11,3,삼쌍승,990,6-1-4,0.0179250608380622,0.0161845153235565,0.0017405455145057,0,,0.0,-1.0,-0.0161845153235565,1-6-8,0.0206022833444187,0,,0.0,-1.0,7-1-10,Plackett-Luce/Harville proxy from normalized inverse closing win odds,official KRA final winning-combination dividend,descriptive settlement; not executable EDGE/EV,0.0
20260821,20260821_3_04,3,4,11,3,쌍승,110,6-1,0.1036015197618359,0.0959636766795594,0.0076378430822764,0,,0.0,-1.0,-0.0959636766795594,1-6,0.103364609748142,0,,0.0,-1.0,7-1-10,Plackett-Luce/Harville proxy from normalized inverse closing win odds,official KRA final winning-combination dividend,descriptive settlement; not executable EDGE/EV,0.0
20260821,20260821_3_04,3,4,11,3,연승,11,6,0.6738576233411602,0.6490383056680966,0.0248193176730635,0,,0.0,-1.0,-0.6490383056680966,1,0.7192045401708186,1,1.5,1.5,0.5,7-1-10,Plackett-Luce/Harville proxy from normalized inverse closing win odds,official KRA final winning-combination dividend,descriptive settlement; not executable EDGE/EV,-1.5
20260821,20260821_3_05,3,5,10,3,단승,10,11,0.3367141472573143,0.3213858256822877,0.0153283215750266,0,,0.0,-1.0,-0.3213858256822877,11,0.3213858256822877,0,,0.0,-1.0,1-5-9,normalized inverse closing win odds,official KRA final winning-combination dividend,descriptive settlement; not executable EDGE/EV,0.0
20260821,20260821_3_05,3,5,10,3,복승,45,5-11,0.1608812529909633,0.1438852212936109,0.0169960316973524,0,,0.0,-1.0,-0.1438852212936109,5-11,0.1438852212936109,0,,0.0,-1.0,1-5-9,Plackett-Luce/Harville proxy from normalized inverse closing win odds,official KRA final winning-combination dividend,descriptive settlement; not executable EDGE/EV,0.0
20260821,20260821_3_05,3,5,10,3,복연승,45,5-11,0.3868490336773943,0.3506427919276914,0.0362062417497028,0,,0.0,-1.0,-0.3506427919276914,5-11,0.3506427919276914,0,,0.0,-1.0,1-5-9,Plackett-Luce/Harville proxy from normalized inverse closing win odds,official KRA final winning-combination dividend,descriptive settlement; not executable EDGE/EV,0.0
20260821,20260821_3_05,3,5,10,3,삼복승,120,1-5-11,0.1404687305807189,0.1148376809094168,0.025631049671302,0,,0.0,-1.0,-0.1148376809094168,1-5-11,0.1148376809094168,0,,0.0,-1.0,1-5-9,Plackett-Luce/Harville proxy from normalized inverse closing win odds,official KRA final winning-combination dividend,descriptive settlement; not executable EDGE/EV,0.0
20260821,20260821_3_05,3,5,10,3,삼쌍승,720,11-5-1,0.0297197190418769,0.0239596223301398,0.005760096711737,0,,0.0,-1.0,-0.0239596223301398,11-5-1,0.0239596223301398,0,,0.0,-1.0,1-5-9,Plackett-Luce/Harville proxy from normalized inverse closing win odds,official KRA final winning-combination dividend,descriptive settlement; not executable EDGE/EV,0.0
20260821,20260821_3_05,3,5,10,3,쌍승,90,11-5,0.089151388020543,0.0792737280334754,0.0098776599870675,0,,0.0,-1.0,-0.0792737280334754,11-5,0.0792737280334754,0,,0.0,-1.0,1-5-9,Plackett-Luce/Harville proxy from normalized inverse closing win odds,official KRA final winning-combination dividend,descriptive settlement; not executable EDGE/EV,0.0
20260821,20260821_3_05,3,5,10,3,연승,10,1,0.5098799305885683,0.4807067748000957,0.0291731557884725,1,1.8,1.8,0.8,0.5192932251999043,11,0.7443072264352054,0,,0.0,-1.0,1-5-9,Plackett-Luce/Harville proxy from normalized inverse closing win odds,official KRA final winning-combination dividend,descriptive settlement; not executable EDGE/EV,1.8
20260821,20260821_3_06,3,6,11,3,단승,11,3,0.2034096186121249,0.1815100437731798,0.021899574838945,1,4.4,4.4,3.4000000000000004,0.8184899562268202,3,0.1815100437731798,1,4.4,4.4,3.4000000000000004,3-2-9,normalized inverse closing win odds,official KRA final winning-combination dividend,descriptive settlement; not executable EDGE/EV,0.0
20260821,20260821_3_06,3,6,11,3,복승,55,3-6,0.0943866133688813,0.0805040935197784,0.0138825198491028,0,,0.0,-1.0,-0.0805040935197784,3-6,0.0805040935197784,0,,0.0,-1.0,3-2-9,Plackett-Luce/Harville proxy from normalized inverse closing win odds,official KRA final winning-combination dividend,descriptive settlement; not executable EDGE/EV,0.0
20260821,20260821_3_06,3,6,11,3,복연승,55,3-6,0.2493315661245327,0.2172872210181892,0.0320443451063434,0,,0.0,-1.0,-0.2172872210181892,3-6,0.2172872210181892,0,,0.0,-1.0,3-2-9,Plackett-Luce/Harville proxy from normalized inverse closing win odds,official KRA final winning-combination dividend,descriptive settlement; not executable EDGE/EV,0.0
20260821,20260821_3_06,3,6,11,3,삼복승,165,2-3-6,0.0634427347719507,0.0547162695224692,0.0087264652494815,0,,0.0,-1.0,-0.0547162695224692,2-3-6,0.0547162695224692,0,,0.0,-1.0,3-2-9,Plackett-Luce/Harville proxy from normalized inverse closing win odds,official KRA final winning-combination dividend,descriptive settlement; not executable EDGE/EV,0.0
20260821,20260821_3_06,3,6,11,3,삼쌍승,990,3-6-2,0.0114474615283887,0.0095222526471947,0.001925208881194,0,,0.0,-1.0,-0.0095222526471947,3-6-2,0.0095222526471947,0,,0.0,-1.0,3-2-9,Plackett-Luce/Harville proxy from normalized inverse closing win odds,official KRA final winning-combination dividend,descriptive settlement; not executable EDGE/EV,0.0
20260821,20260821_3_06,3,6,11,3,쌍승,110,3-6,0.0476822003908763,0.0402520467598892,0.007430153630987,0,,0.0,-1.0,-0.0402520467598892,3-6,0.0402520467598892,0,,0.0,-1.0,3-2-9,Plackett-Luce/Harville proxy from normalized inverse closing win odds,official KRA final winning-combination dividend,descriptive settlement; not executable EDGE/EV,0.0
20260821,20260821_3_06,3,6,11,3,연승,11,3,0.5513334878470247,0.5046089434142369,0.0467245444327878,1,1.8,1.8,0.8,0.4953910565857631,6,0.504608943414237,0,,0.0,-1.0,3-2-9,Plackett-Luce/Harville proxy from normalized inverse closing win odds,official KRA final winning-combination dividend,descriptive settlement; not executable EDGE/EV,1.8
20260821,20260821_3_07,3,7,11,3,단승,11,1,0.1988418173209075,0.1770680105499696,0.0217738067709379,0,,0.0,-1.0,-0.1770680105499696,6,0.3794314511785063,0,,0.0,-1.0,10-6-2,normalized inverse closing win odds,official KRA final winning-combination dividend,descriptive settlement; not executable EDGE/EV,0.0
20260821,20260821_3_07,3,7,11,3,복승,55,1-10,0.0526181416750598,0.0421266879600905,0.0104914537149692,0,,0.0,-1.0,-0.0421266879600905,1-6,0.1899051221647727,0,,0.0,-1.0,10-6-2,Plackett-Luce/Harville proxy from normalized inverse closing win odds,official KRA final winning-combination dividend,descriptive settlement; not executable EDGE/EV,0.0
20260821,20260821_3_07,3,7,11,3,복연승,55,1-10,0.1851371391455158,0.1564155924756233,0.0287215466698924,0,,0.0,-1.0,-0.1564155924756233,1-6,0.4260538344385091,0,,0.0,-1.0,10-6-2,Plackett-Luce/Harville proxy from normalized inverse closing win odds,official KRA final winning-combination dividend,descriptive settlement; not executable EDGE/EV,0.0
20260821,20260821_3_07,3,7,11,3,삼복승,165,1-6-10,0.117358979113617,0.1019974442876579,0.0153615348259591,0,,0.0,-1.0,-0.1019974442876579,1-6-10,0.1019974442876579,0,,0.0,-1.0,10-6-2,Plackett-Luce/Harville proxy from normalized inverse closing win odds,official KRA final winning-combination dividend,descriptive settlement; not executable EDGE/EV,0.0
20260821,20260821_3_07,3,7,11,3,삼쌍승,990,1-6-10,0.0222887184486097,0.0188050008531897,0.00348371759542,0,,0.0,-1.0,-0.0188050008531897,6-1-10,0.0249371915368794,0,,0.0,-1.0,10-6-2,Plackett-Luce/Harville proxy from normalized inverse closing win odds,official KRA final winning-combination dividend,descriptive settlement; not executable EDGE/EV,0.0
20260821,20260821_3_07,3,7,11,3,쌍승,110,1-6,0.0887130883752774,0.0816412207346152,0.0070718676406621,0,,0.0,-1.0,-0.0816412207346152,6-1,0.1082639014301574,0,,0.0,-1.0,10-6-2,Plackett-Luce/Harville proxy from normalized inverse closing win odds,official KRA final winning-combination dividend,descriptive settlement; not executable EDGE/EV,0.0
20260821,20260821_3_07,3,7,11,3,연승,11,1,0.5919530033214033,0.5517140680659409,0.0402389352554624,0,,0.0,-1.0,-0.5517140680659409,6,0.8107198393783462,1,1.3,1.3,0.3,10-6-2,Plackett-Luce/Harville proxy from normalized inverse closing win odds,official KRA final winning-combination dividend,descriptive settlement; not executable EDGE/EV,-1.3
20260821,20260821_3_08,3,8,11,3,단승,11,9,0.3813809115470684,0.3498952713560881,0.0314856401909802,1,2.3,2.3,1.2999999999999998,0.6501047286439119,9,0.3498952713560881,1,2.3,2.3,1.2999999999999998,9-2-8,normalized inverse closing win odds,official KRA final winning-combination dividend,descriptive settlement; not executable EDGE/EV,0.0
20260821,20260821_3_08,3,8,11,3,복승,55,5-9,0.0717135077168567,0.0568565015523716,0.0148570061644851,0,,0.0,-1.0,-0.0568565015523716,7-9,0.2358910216257422,0,,0.0,-1.0,9-2-8,Plackett-Luce/Harville proxy from normalized inverse closing win odds,official KRA final winning-combination dividend,descriptive settlement; not executable EDGE/EV,0.0
20260821,20260821_3_08,3,8,11,3,복연승,55,5-9,0.1965079043787059,0.161931143788214,0.0345767605904919,0,,0.0,-1.0,-0.161931143788214,7-9,0.5007336908000565,0,,0.0,-1.0,9-2-8,Plackett-Luce/Harville proxy from normalized inverse closing win odds,official KRA final winning-combination dividend,descriptive settlement; not executable EDGE/EV,0.0
20260821,20260821_3_08,3,8,11,3,삼복승,165,5-7-9,0.0910684527672412,0.0760126339214421,0.0150558188457991,0,,0.0,-1.0,-0.0760126339214421,1-7-9,0.1046112676344317,0,,0.0,-1.0,9-2-8,Plackett-Luce/Harville proxy from normalized inverse closing win odds,official KRA final winning-combination dividend,descriptive settlement; not executable EDGE/EV,0.0
20260821,20260821_3_08,3,8,11,3,삼쌍승,990,9-7-5,0.023838842221542,0.0192236587941598,0.0046151834273821,0,,0.0,-1.0,-0.0192236587941598,9-7-1,0.0258317915046523,0,,0.0,-1.0,9-2-8,Plackett-Luce/Harville proxy from normalized inverse closing win odds,official KRA final winning-combination dividend,descriptive settlement; not executable EDGE/EV,0.0
20260821,20260821_3_08,3,8,11,3,쌍승,110,9-5,0.0430690590860954,0.0335761539347061,0.0094929051513892,0,,0.0,-1.0,-0.0335761539347061,9-7,0.1273918781640323,0,,0.0,-1.0,9-2-8,Plackett-Luce/Harville proxy from normalized inverse closing win odds,official KRA final winning-combination dividend,descriptive settlement; not executable EDGE/EV,0.0
20260821,20260821_3_08,3,8,11,3,연승,11,5,0.2646270975786213,0.2326169339161111,0.0320101636625101,0,,0.0,-1.0,-0.2326169339161111,9,0.7881196038698528,1,1.3,1.3,0.3,9-2-8,Plackett-Luce/Harville proxy from normalized inverse closing win odds,official KRA final winning-combination dividend,descriptive settlement; not executable EDGE/EV,-1.3
20260822,20260822_1_01,1,1,9,3,단승,9,2,0.1893773773426262,0.1696167972245177,0.0197605801181084,0,,0.0,-1.0,-0.1696167972245177,6,0.4982493418470208,0,,0.0,-1.0,4-8-6,normalized inverse closing win odds,official KRA final winning-combination dividend,descriptive settlement; not executable EDGE/EV,0.0
20260822,20260822_1_01,1,1,9,3,복승,36,2-8,0.0766933436905464,0.0633547650487171,0.0133385786418293,0,,0.0,-1.0,-0.0633547650487171,2-6,0.2702072225011014,0,,0.0,-1.0,4-8-6,Plackett-Luce/Harville proxy from normalized inverse closing win odds,official KRA final winning-combination dividend,descriptive settlement; not executable EDGE/EV,0.0
20260822,20260822_1_01,1,1,9,3,복연승,36,2-8,0.3682499327642872,0.3378551728407968,0.0303947599234903,0,,0.0,-1.0,-0.3378551728407968,2-6,0.5758320218539378,0,,0.0,-1.0,4-8-6,Plackett-Luce/Harville proxy from normalized inverse closing win odds,official KRA final winning-combination dividend,descriptive settlement; not executable EDGE/EV,0.0
20260822,20260822_1_01,1,1,9,3,삼복승,84,2-6-8,0.316019036980691,0.2955435206231966,0.0204755163574943,0,,0.0,-1.0,-0.2955435206231966,2-6-8,0.2955435206231966,0,,0.0,-1.0,4-8-6,Plackett-Luce/Harville proxy from normalized inverse closing win odds,official KRA final winning-combination dividend,descriptive settlement; not executable EDGE/EV,0.0
20260822,20260822_1_01,1,1,9,3,삼쌍승,504,2-6-8,0.0534286441928449,0.0478983356264739,0.005530308566371,0,,0.0,-1.0,-0.0478983356264739,6-2-8,0.0792703959602972,0,,0.0,-1.0,4-8-6,Plackett-Luce/Harville proxy from normalized inverse closing win odds,official KRA final winning-combination dividend,descriptive settlement; not executable EDGE/EV,0.0
20260822,20260822_1_01,1,1,9,3,쌍승,72,2-6,0.109610295416829,0.1017740451647425,0.0078362502520865,0,,0.0,-1.0,-0.1017740451647425,6-2,0.1684331773363589,0,,0.0,-1.0,4-8-6,Plackett-Luce/Harville proxy from normalized inverse closing win odds,official KRA final winning-combination dividend,descriptive settlement; not executable EDGE/EV,0.0
20260822,20260822_1_01,1,1,9,3,연승,9,2,0.6653593042607259,0.634923285944559,0.0304360183161668,0,,0.0,-1.0,-0.634923285944559,6,0.9225547996180444,1,1.1,1.1,0.1,4-8-6,Plackett-Luce/Harville proxy from normalized inverse closing win odds,official KRA final winning-combination dividend,descriptive settlement; not executable EDGE/EV,-1.1
20260822,20260822_1_02,1,2,10,3,단승,10,7,0.4875902964262593,0.4710955822144964,0.0164947142117629,0,,0.0,-1.0,-0.4710955822144964,7,0.4710955822144964,0,,0.0,-1.0,10-7-2,normalized inverse closing win odds,official KRA final winning-combination dividend,descriptive settlement; not executable EDGE/EV,0.0
20260822,20260822_1_02,1,2,10,3,복승,45,2-7,0.3299704850489809,0.3135152120126483,0.0164552730363325,0,,0.0,-1.0,-0.3135152120126483,2-7,0.3135152120126483,0,,0.0,-1.0,10-7-2,Plackett-Luce/Harville proxy from normalized inverse closing win odds,official KRA final winning-combination dividend,descriptive settlement; not executable EDGE/EV,0.0
20260822,20260822_1_02,1,2,10,3,복연승,45,2-7,0.6369756495892368,0.6148741745411184,0.0221014750481184,1,1.6,1.6,0.6000000000000001,0.3851258254588816,2-7,0.6148741745411184,1,1.6,1.6,0.6000000000000001,10-7-2,Plackett-Luce/Harville proxy from normalized inverse closing win odds,official KRA final winning-combination dividend,descriptive settlement; not executable EDGE/EV,0.0
20260822,20260822_1_02,1,2,10,3,삼복승,120,2-7-10,0.2164079217151949,0.1997179985225479,0.016689923192647,1,3.2,3.2,2.2,0.8002820014774521,2-7-10,0.1997179985225479,1,3.2,3.2,2.2,10-7-2,Plackett-Luce/Harville proxy from normalized inverse closing win odds,official KRA final winning-combination dividend,descriptive settlement; not executable EDGE/EV,0.0
20260822,20260822_1_02,1,2,10,3,삼쌍승,720,7-2-10,0.0650920684320062,0.0583372101334695,0.0067548582985366,0,,0.0,-1.0,-0.0583372101334695,7-2-10,0.0583372101334695,0,,0.0,-1.0,10-7-2,Plackett-Luce/Harville proxy from normalized inverse closing win odds,official KRA final winning-combination dividend,descriptive settlement; not executable EDGE/EV,0.0
20260822,20260822_1_02,1,2,10,3,쌍승,90,7-2,0.2001190605140522,0.1877181188144045,0.0124009416996476,0,,0.0,-1.0,-0.1877181188144045,7-2,0.1877181188144045,0,,0.0,-1.0,10-7-2,Plackett-Luce/Harville proxy from normalized inverse closing win odds,official KRA final winning-combination dividend,descriptive settlement; not executable EDGE/EV,0.0
20260822,20260822_1_02,1,2,10,3,연승,10,2,0.7042781680748275,0.6907305783145357,0.0135475897602918,1,1.3,1.3,0.3,0.3092694216854643,7,0.9041180366957388,1,1.1,1.1,0.1,10-7-2,Plackett-Luce/Harville proxy from normalized inverse closing win odds,official KRA final winning-combination dividend,descriptive settlement; not executable EDGE/EV,0.19999999999999998
20260822,20260822_1_03,1,3,11,3,단승,11,8,0.3192366917942311,0.3092629850100337,0.0099737067841974,0,,0.0,-1.0,-0.3092629850100337,8,0.3092629850100337,0,,0.0,-1.0,10-8-1,normalized inverse closing win odds,official KRA final winning-combination dividend,descriptive settlement; not executable EDGE/EV,0.0
20260822,20260822_1_03,1,3,11,3,복승,55,8-10,0.1671032216003399,0.1589442222241376,0.0081589993762023,1,5.7,5.7,4.7,0.8410557777758624,8-10,0.1589442222241376,1,5.7,5.7,4.7,10-8-1,Plackett-Luce/Harville proxy from normalized inverse closing win odds,official KRA final winning-combination dividend,descriptive settlement; not executable EDGE/EV,0.0
20260822,20260822_1_03,1,3,11,3,복연승,55,8-10,0.3988062258724344,0.3857353726279635,0.0130708532444708,1,2.4,2.4,1.4,0.6142646273720365,8-10,0.3857353726279635,1,2.4,2.4,1.4,10-8-1,Plackett-Luce/Harville proxy from normalized inverse closing win odds,official KRA final winning-combination dividend,descriptive settlement; not executable EDGE/EV,0.0
20260822,20260822_1_03,1,3,11,3,삼복승,165,7-8-10,0.1236265062227286,0.1146409119457226,0.0089855942770059,0,,0.0,-1.0,-0.1146409119457226,7-8-10,0.1146409119457226,0,,0.0,-1.0,10-8-1,Plackett-Luce/Harville proxy from normalized inverse closing win odds,official KRA final winning-combination dividend,descriptive settlement; not executable EDGE/EV,0.0
20260822,20260822_1_03,1,3,11,3,삼쌍승,990,8-10-7,0.026472895531805,0.0242182125814082,0.0022546829503968,0,,0.0,-1.0,-0.0242182125814082,8-10-7,0.0242182125814082,0,,0.0,-1.0,10-8-1,Plackett-Luce/Harville proxy from normalized inverse closing win odds,official KRA final winning-combination dividend,descriptive settlement; not executable EDGE/EV,0.0
20260822,20260822_1_03,1,3,11,3,쌍승,110,8-10,0.0906275609099488,0.0857170497517801,0.0049105111581686,0,,0.0,-1.0,-0.0857170497517801,8-10,0.0857170497517801,0,,0.0,-1.0,10-8-1,Plackett-Luce/Harville proxy from normalized inverse closing win odds,official KRA final winning-combination dividend,descriptive settlement; not executable EDGE/EV,0.0
20260822,20260822_1_03,1,3,11,3,연승,11,8,0.7492283883146065,0.7369769518615045,0.012251436453102,1,1.3,1.3,0.3,0.2630230481384955,8,0.7369769518615045,1,1.3,1.3,0.3,10-8-1,Plackett-Luce/Harville proxy from normalized inverse closing win odds,official KRA final winning-combination dividend,descriptive settlement; not executable EDGE/EV,0.0
20260822,20260822_1_04,1,4,10,3,단승,10,10,0.2801570478152613,0.2753209512004543,0.0048360966148069,0,,0.0,-1.0,-0.2753209512004543,10,0.2753209512004543,0,,0.0,-1.0,5-10-6,normalized inverse closing win odds,official KRA final winning-combination dividend,descriptive settlement; not executable EDGE/EV,0.0
20260822,20260822_1_04,1,4,10,3,복승,45,5-10,0.1625511657238139,0.157744628317581,0.0048065374062329,1,6.0,6.0,5.0,0.8422553716824189,5-10,0.157744628317581,1,6.0,6.0,5.0,5-10-6,Plackett-Luce/Harville proxy from normalized inverse closing win odds,official KRA final winning-combination dividend,descriptive settlement; not executable EDGE/EV,0.0
20260822,20260822_1_04,1,4,10,3,복연승,45,2-10,0.159598531429062,0.1478816755592248,0.0117168558698371,0,,0.0,-1.0,-0.1478816755592248,5-10,0.3738034273636201,1,2.8,2.8,1.7999999999999998,5-10-6,Plackett-Luce/Harville proxy from normalized inverse closing win odds,official KRA final winning-combination dividend,descriptive settlement; not executable EDGE/EV,-2.8
20260822,20260822_1_04,1,4,10,3,삼복승,120,2-5-10,0.0615430613936504,0.0557600138977233,0.005783047495927,0,,0.0,-1.0,-0.0557600138977233,5-6-10,0.0797100442402244,1,9.5,9.5,8.5,5-10-6,Plackett-Luce/Harville proxy from normalized inverse closing win odds,official KRA final winning-combination dividend,descriptive settlement; not executable EDGE/EV,-9.5
20260822,20260822_1_04,1,4,10,3,삼쌍승,720,10-5-2,0.0135589868672387,0.0122505541831544,0.0013084326840842,0,,0.0,-1.0,-0.0122505541831544,10-5-6,0.0169251077530423,0,,0.0,-1.0,5-10-6,Plackett-Luce/Harville proxy from normalized inverse closing win odds,official KRA final winning-combination dividend,descriptive settlement; not executable EDGE/EV,0.0
20260822,20260822_1_04,1,4,10,3,쌍승,90,10-5,0.084663394612286,0.0819839975708475,0.0026793970414384,0,,0.0,-1.0,-0.0819839975708475,10-5,0.0819839975708475,0,,0.0,-1.0,5-10-6,Plackett-Luce/Harville proxy from normalized inverse closing win odds,official KRA final winning-combination dividend,descriptive settlement; not executable EDGE/EV,0.0
20260822,20260822_1_04,1,4,10,3,연승,10,2,0.2733225855253445,0.2582804344750775,0.015042151050267,0,,0.0,-1.0,-0.2582804344750775,10,0.6811000737099445,1,1.5,1.5,0.5,5-10-6,Plackett-Luce/Harville proxy from normalized inverse closing win odds,official KRA final winning-combination dividend,descriptive settlement; not executable EDGE/EV,-1.5
20260822,20260822_1_05,1,5,11,3,단승,11,3,0.4977917424608584,0.4421900410988294,0.0556017013620289,0,,0.0,-1.0,-0.4421900410988294,3,0.4421900410988294,0,,0.0,-1.0,4-2-3,normalized inverse closing win odds,official KRA final winning-combination dividend,descriptive settlement; not executable EDGE/EV,0.0
20260822,20260822_1_05,1,5,11,3,복승,55,1-3,0.1382363030411856,0.1184671491018638,0.0197691539393217,0,,0.0,-1.0,-0.1184671491018638,3-7,0.2243992792644936,0,,0.0,-1.0,4-2-3,Plackett-Luce/Harville proxy from normalized inverse closing win odds,official KRA final winning-combination dividend,descriptive settlement; not executable EDGE/EV,0.0
20260822,20260822_1_05,1,5,11,3,복연승,55,1-3,0.324272784266931,0.2921256608350702,0.0321471234318608,0,,0.0,-1.0,-0.2921256608350702,3-7,0.4778787573832869,0,,0.0,-1.0,4-2-3,Plackett-Luce/Harville proxy from normalized inverse closing win odds,official KRA final winning-combination dividend,descriptive settlement; not executable EDGE/EV,0.0
20260822,20260822_1_05,1,5,11,3,삼복승,165,1-3-5,0.0624531743868516,0.0525578553678546,0.0098953190189969,0,,0.0,-1.0,-0.0525578553678546,1-3-7,0.1182361994832016,0,,0.0,-1.0,4-2-3,Plackett-Luce/Harville proxy from normalized inverse closing win odds,official KRA final winning-combination dividend,descriptive settlement; not executable EDGE/EV,0.0
20260822,20260822_1_05,1,5,11,3,삼쌍승,990,3-1-7,0.0310170894168864,0.0267051450787787,0.0043119443381076,0,,0.0,-1.0,-0.0267051450787787,3-7-1,0.0319847052754276,0,,0.0,-1.0,4-2-3,Plackett-Luce/Harville proxy from normalized inverse closing win odds,official KRA final winning-combination dividend,descriptive settlement; not executable EDGE/EV,0.0
20260822,20260822_1_05,1,5,11,3,쌍승,110,3-1,0.0890812982479961,0.0733678351627665,0.0157134630852295,0,,0.0,-1.0,-0.0733678351627665,3-7,0.1342475281701686,0,,0.0,-1.0,4-2-3,Plackett-Luce/Harville proxy from normalized inverse closing win odds,official KRA final winning-combination dividend,descriptive settlement; not executable EDGE/EV,0.0
20260822,20260822_1_05,1,5,11,3,연승,11,3,0.9065626698445304,0.8689465137203641,0.0376161561241661,1,1.2,1.2,0.1999999999999999,0.1310534862796358,3,0.8689465137203641,1,1.2,1.2,0.1999999999999999,4-2-3,Plackett-Luce/Harville proxy from normalized inverse closing win odds,official KRA final winning-combination dividend,descriptive settlement; not executable EDGE/EV,0.0
20260822,20260822_1_06,1,6,8,3,단승,8,4,0.4501840876808435,0.4035479758791991,0.0466361118016444,1,2.0,2.0,1.0,0.5964520241208009,4,0.4035479758791991,1,2.0,2.0,1.0,4-1-8,normalized inverse closing win odds,official KRA final winning-combination dividend,descriptive settlement; not executable EDGE/EV,0.0
20260822,20260822_1_06,1,6,8,3,복승,28,4-6,0.1363861865959582,0.1106493881531827,0.0257367984427754,0,,0.0,-1.0,-0.1106493881531827,1-4,0.2385244590512371,1,3.1,3.1,2.1,4-1-8,Plackett-Luce/Harville proxy from normalized inverse closing win odds,official KRA final winning-combination dividend,descriptive settlement; not executable EDGE/EV,-3.1
20260822,20260822_1_06,1,6,8,3,복연승,28,4-6,0.3325067215532276,0.2896034301384971,0.0429032914147304,0,,0.0,-1.0,-0.2896034301384971,1-4,0.5136174978077683,1,1.8,1.8,0.8,4-1-8,Plackett-Luce/Harville proxy from normalized inverse closing win odds,official KRA final winning-combination dividend,descriptive settlement; not executable EDGE/EV,-1.8
20260822,20260822_1_06,1,6,8,3,삼복승,56,2-4-6,0.0398185097088653,0.0256353173536625,0.0141831923552027,0,,0.0,-1.0,-0.0256353173536625,1-4-7,0.138971776343209,0,,0.0,-1.0,4-1-8,Plackett-Luce/Harville proxy from normalized inverse closing win odds,official KRA final winning-combination dividend,descriptive settlement; not executable EDGE/EV,0.0
20260822,20260822_1_06,1,6,8,3,삼쌍승,336,4-6-2,0.0108082785871102,0.0065805250927796,0.0042277534943305,0,,0.0,-1.0,-0.0065805250927796,4-1-7,0.0357908853786398,0,,0.0,-1.0,4-1-8,Plackett-Luce/Harville proxy from normalized inverse closing win odds,official KRA final winning-combination dividend,descriptive settlement; not executable EDGE/EV,0.0
20260822,20260822_1_06,1,6,8,3,쌍승,56,4-6,0.0845477083386644,0.0665933669270091,0.0179543414116553,0,,0.0,-1.0,-0.0665933669270091,4-1,0.1365164022003687,1,5.1,5.1,4.1,4-1-8,Plackett-Luce/Harville proxy from normalized inverse closing win odds,official KRA final winning-combination dividend,descriptive settlement; not executable EDGE/EV,-5.1
20260822,20260822_1_06,1,6,8,3,연승,8,2,0.2356001577965307,0.1970097402658608,0.0385904175306698,0,,0.0,-1.0,-0.1970097402658608,4,0.8467007199953186,1,1.2,1.2,0.1999999999999999,4-1-8,Plackett-Luce/Harville proxy from normalized inverse closing win odds,official KRA final winning-combination dividend,descriptive settlement; not executable EDGE/EV,-1.2
20260822,20260822_1_07,1,7,9,3,단승,9,3,0.2394668784300302,0.211364084676578,0.0281027937534522,0,,0.0,-1.0,-0.211364084676578,5,0.2170766275056747,0,,0.0,-1.0,6-3-2,normalized inverse closing win odds,official KRA final winning-combination dividend,descriptive settlement; not executable EDGE/EV,0.0
20260822,20260822_1_07,1,7,9,3,복승,36,3-5,0.1531702911188004,0.116782890157579,0.0363874009612213,0,,0.0,-1.0,-0.116782890157579,3-5,0.116782890157579,0,,0.0,-1.0,6-3-2,Plackett-Luce/Harville proxy from normalized inverse closing win odds,official KRA final winning-combination dividend,descriptive settlement; not executable EDGE/EV,0.0
20260822,20260822_1_07,1,7,9,3,복연승,36,3-5,0.3965268066923149,0.3221566094591251,0.0743701972331897,0,,0.0,-1.0,-0.3221566094591251,3-5,0.3221566094591251,0,,0.0,-1.0,6-3-2,Plackett-Luce/Harville proxy from normalized inverse closing win odds,official KRA final winning-combination dividend,descriptive settlement; not executable EDGE/EV,0.0
20260822,20260822_1_07,1,7,9,3,삼복승,84,3-5-6,0.1481742482753835,0.1131337868331277,0.0350404614422558,0,,0.0,-1.0,-0.1131337868331277,1-3-5,0.12052756906992,0,,0.0,-1.0,6-3-2,Plackett-Luce/Harville proxy from normalized inverse closing win odds,official KRA final winning-combination dividend,descriptive settlement; not executable EDGE/EV,0.0
20260822,20260822_1_07,1,7,9,3,삼쌍승,504,3-5-6,0.0270307175165582,0.019465784925571,0.0075649325909871,0,,0.0,-1.0,-0.019465784925571,5-3-1,0.0205882063739216,0,,0.0,-1.0,6-3-2,Plackett-Luce/Harville proxy from normalized inverse closing win odds,official KRA final winning-combination dividend,descriptive settlement; not executable EDGE/EV,0.0
20260822,20260822_1_07,1,7,9,3,쌍승,72,3-5,0.0764214919133872,0.0581791949693274,0.0182422969440597,0,,0.0,-1.0,-0.0581791949693274,5-3,0.0586036951882516,0,,0.0,-1.0,6-3-2,Plackett-Luce/Harville proxy from normalized inverse closing win odds,official KRA final winning-combination dividend,descriptive settlement; not executable EDGE/EV,0.0
20260822,20260822_1_07,1,7,9,3,연승,9,3,0.6567399084223601,0.6003124671543456,0.0564274412680144,1,1.5,1.5,0.5,0.3996875328456544,5,0.6104054242907472,0,,0.0,-1.0,6-3-2,Plackett-Luce/Harville proxy from normalized inverse closing win odds,official KRA final winning-combination dividend,descriptive settlement; not executable EDGE/EV,1.5
20260822,20260822_1_08,1,8,7,3,단승,7,4,0.5310716431563975,0.4961818154637262,0.0348898276926713,0,,0.0,-1.0,-0.4961818154637262,4,0.4961818154637262,0,,0.0,-1.0,1-3-4,normalized inverse closing win odds,official KRA final winning-combination dividend,descriptive settlement; not executable EDGE/EV,0.0
20260822,20260822_1_08,1,8,7,3,복승,21,3-4,0.2189540329003937,0.2024112958061436,0.0165427370942501,0,,0.0,-1.0,-0.2024112958061436,3-4,0.2024112958061436,0,,0.0,-1.0,1-3-4,Plackett-Luce/Harville proxy from normalized inverse closing win odds,official KRA final winning-combination dividend,descriptive settlement; not executable EDGE/EV,0.0
20260822,20260822_1_08,1,8,7,3,복연승,21,3-4,0.4728612257101829,0.4495139709738487,0.0233472547363342,1,2.2,2.2,1.2000000000000002,0.5504860290261513,3-4,0.4495139709738487,1,2.2,2.2,1.2000000000000002,1-3-4,Plackett-Luce/Harville proxy from normalized inverse closing win odds,official KRA final winning-combination dividend,descriptive settlement; not executable EDGE/EV,0.0
20260822,20260822_1_08,1,8,7,3,삼복승,35,3-4-5,0.1202737527172742,0.1063880340062376,0.0138857187110365,0,,0.0,-1.0,-0.1063880340062376,1-3-4,0.11819260387663,1,8.3,8.3,7.300000000000001,1-3-4,Plackett-Luce/Harville proxy from normalized inverse closing win odds,official KRA final winning-combination dividend,descriptive settlement; not executable EDGE/EV,-8.3
20260822,20260822_1_08,1,8,7,3,삼쌍승,210,4-3-5,0.0358924629260519,0.030256981568721,0.0056354813573308,0,,0.0,-1.0,-0.030256981568721,4-3-1,0.0332088822095719,0,,0.0,-1.0,1-3-4,Plackett-Luce/Harville proxy from normalized inverse closing win odds,official KRA final winning-combination dividend,descriptive settlement; not executable EDGE/EV,0.0
20260822,20260822_1_08,1,8,7,3,쌍승,42,4-3,0.1425084250289727,0.1281734270923172,0.0143349979366555,0,,0.0,-1.0,-0.1281734270923172,4-3,0.1281734270923172,0,,0.0,-1.0,1-3-4,Plackett-Luce/Harville proxy from normalized inverse closing win odds,official KRA final winning-combination dividend,descriptive settlement; not executable EDGE/EV,0.0
20260822,20260822_1_08,1,8,7,3,연승,7,4,0.9316553600912524,0.9126653827132462,0.0189899773780061,1,1.0,1.0,0.0,0.0873346172867538,4,0.9126653827132462,1,1.0,1.0,0.0,1-3-4,Plackett-Luce/Harville proxy from normalized inverse closing win odds,official KRA final winning-combination dividend,descriptive settlement; not executable EDGE/EV,0.0
20260822,20260822_1_09,1,9,8,3,단승,8,2,0.2787771748376427,0.2579237453717333,0.0208534294659094,0,,0.0,-1.0,-0.2579237453717333,2,0.2579237453717333,0,,0.0,-1.0,5-3-4,normalized inverse closing win odds,official KRA final winning-combination dividend,descriptive settlement; not executable EDGE/EV,0.0
20260822,20260822_1_09,1,9,8,3,복승,28,2-5,0.164210118052187,0.1418649514339331,0.0223451666182539,0,,0.0,-1.0,-0.1418649514339331,2-5,0.1418649514339331,0,,0.0,-1.0,5-3-4,Plackett-Luce/Harville proxy from normalized inverse closing win odds,official KRA final winning-combination dividend,descriptive settlement; not executable EDGE/EV,0.0
20260822,20260822_1_09,1,9,8,3,복연승,28,2-6,0.3322187766410306,0.2908318527703706,0.04138692387066,0,,0.0,-1.0,-0.2908318527703706,2-5,0.3722753205482563,0,,0.0,-1.0,5-3-4,Plackett-Luce/Harville proxy from normalized inverse closing win odds,official KRA final winning-combination dividend,descriptive settlement; not executable EDGE/EV,0.0
20260822,20260822_1_09,1,9,8,3,삼복승,56,2-5-6,0.1453033517142085,0.1116350566508699,0.0336682950633386,0,,0.0,-1.0,-0.1116350566508699,1-2-5,0.1515964435480818,0,,0.0,-1.0,5-3-4,Plackett-Luce/Harville proxy from normalized inverse closing win odds,official KRA final winning-combination dividend,descriptive settlement; not executable EDGE/EV,0.0
20260822,20260822_1_09,1,9,8,3,삼쌍승,336,2-5-6,0.028597206368634,0.0215653827177667,0.0070318236508673,0,,0.0,-1.0,-0.0215653827177667,2-5-1,0.0274958629651525,0,,0.0,-1.0,5-3-4,Plackett-Luce/Harville proxy from normalized inverse closing win odds,official KRA final winning-combination dividend,descriptive settlement; not executable EDGE/EV,0.0
20260822,20260822_1_09,1,9,8,3,쌍승,56,2-5,0.0852859180679873,0.0731328023856924,0.0121531156822949,0,,0.0,-1.0,-0.0731328023856924,2-5,0.0731328023856924,0,,0.0,-1.0,5-3-4,Plackett-Luce/Harville proxy from normalized inverse closing win odds,official KRA final winning-combination dividend,descriptive settlement; not executable EDGE/EV,0.0
20260822,20260822_1_09,1,9,8,3,연승,8,2,0.7120936698209861,0.6799551635211827,0.0321385062998034,0,,0.0,-1.0,-0.6799551635211827,2,0.6799551635211827,0,,0.0,-1.0,5-3-4,Plackett-Luce/Harville proxy from normalized inverse closing win odds,official KRA final winning-combination dividend,descriptive settlement; not executable EDGE/EV,0.0
20260822,20260822_1_10,1,10,11,3,단승,11,11,0.4528679292881377,0.4034708370606646,0.049397092227473,1,2.0,2.0,1.0,0.5965291629393354,11,0.4034708370606646,1,2.0,2.0,1.0,11-4-5,normalized inverse closing win odds,official KRA final winning-combination dividend,descriptive settlement; not executable EDGE/EV,0.0
20260822,20260822_1_10,1,10,11,3,복승,55,5-11,0.1458588235819389,0.1231367550346009,0.022722068547338,0,,0.0,-1.0,-0.1231367550346009,4-11,0.1434900909555803,1,8.0,8.0,7.0,11-4-5,Plackett-Luce/Harville proxy from normalized inverse closing win odds,official KRA final winning-combination dividend,descriptive settlement; not executable EDGE/EV,-8.0
20260822,20260822_1_10,1,10,11,3,복연승,55,5-11,0.3360012096409474,0.2960828214332034,0.039918388207744,1,4.2,4.2,3.2,0.7039171785667966,4-11,0.3357918058698756,1,2.4,2.4,1.4,11-4-5,Plackett-Luce/Harville proxy from normalized inverse closing win odds,official KRA final winning-combination dividend,descriptive settlement; not executable EDGE/EV,1.8000000000000003
20260822,20260822_1_10,1,10,11,3,삼복승,165,5-6-11,0.0619431022604324,0.0496390398278442,0.0123040624325882,0,,0.0,-1.0,-0.0496390398278442,4-5-11,0.0815481160811008,1,19.7,19.7,18.7,11-4-5,Plackett-Luce/Harville proxy from normalized inverse closing win odds,official KRA final winning-combination dividend,descriptive settlement; not executable EDGE/EV,-19.7
20260822,20260822_1_10,1,10,11,3,삼쌍승,990,11-5-6,0.0164681784934965,0.012332138053759,0.0041360404397374,0,,0.0,-1.0,-0.012332138053759,11-4-5,0.0197671767473989,1,46.7,46.7,45.7,11-4-5,Plackett-Luce/Harville proxy from normalized inverse closing win odds,official KRA final winning-combination dividend,descriptive settlement; not executable EDGE/EV,-46.7
20260822,20260822_1_10,1,10,11,3,쌍승,110,11-5,0.0903608329062318,0.0737549026947043,0.0166059302115274,0,,0.0,-1.0,-0.0737549026947043,11-4,0.0852791062407519,1,10.3,10.3,9.3,11-4-5,Plackett-Luce/Harville proxy from normalized inverse closing win odds,official KRA final winning-combination dividend,descriptive settlement; not executable EDGE/EV,-10.3
20260822,20260822_1_10,1,10,11,3,연승,11,11,0.8704301260641131,0.827329012603052,0.043101113461061,1,1.3,1.3,0.3,0.1726709873969479,11,0.827329012603052,1,1.3,1.3,0.3,11-4-5,Plackett-Luce/Harville proxy from normalized inverse closing win odds,official KRA final winning-combination dividend,descriptive settlement; not executable EDGE/EV,0.0
