fold,race_id,rcDate,primary_test_fold,global_full,global_without_clinic,partial8_full,partial8_without_clinic,market_probability,race_date,global_clinic_increment,partial8_clinic_increment,global_full_minus_market,partial8_full_minus_market
P1_valid_202505_06,20250517_1_01,20250517,False,0.2486154666195898,0.2562961150478661,0.24861445068058188,0.2565381920527283,0.24304029638784547,20250517,-0.030426083400912685,-0.031374244790806305,0.022680133673996128,0.022676047278658462
P1_valid_202505_06,20250517_1_02,20250517,False,0.10019616961003762,0.0909162181897945,0.1241844892997895,0.0981998977104874,0.07791346809148753,20250517,0.09719155727696283,0.23476310312064896,0.25153113304952646,0.4661694494099793
P1_valid_202505_06,20250517_1_03,20250517,False,0.3725295300917147,0.363444297706656,0.3764081248344825,0.37027418201706847,0.33605553514543623,20250517,0.02469026363140503,0.01643022942932748,0.10303988061509672,0.11339756364077236
P1_valid_202505_06,20250517_1_04,20250517,False,0.3429428281046003,0.3435189620991773,0.34548353604501586,0.3484253175796596,0.3318143735352752,20250517,-0.001678561394307776,-0.008478920951919822,0.03298805466685373,0.04036929282999213
P1_valid_202505_06,20250517_1_05,20250517,False,0.7561126526475332,0.7586315051139427,0.7510283794518133,0.7532585830689486,0.7088899956381656,20250517,-0.0033257824764914012,-0.002965132726266362,0.06449001627050882,0.057743079687600174
P1_valid_202505_06,20250517_1_06,20250517,False,0.44606021283529973,0.43389694389635164,0.44835247700151837,0.4418902040096945,0.43865245903173794,20250517,0.027646899821563764,0.014518258086236968,0.016746514797578826,0.021872267620744457
P1_valid_202505_06,20250517_1_07,20250517,False,0.05019241403017627,0.049272919474920546,0.05099589052781303,0.04978322234602052,0.04567876804663445,20250517,0.018489270925755363,0.02406702500723057,0.09423030456464065,0.11011145581443182
P1_valid_202505_06,20250517_1_08,20250517,False,0.19506809700755431,0.20298647075568818,0.19843486886324738,0.20280322707199946,0.18904301143596677,20250517,-0.039790617271517226,-0.021775254446966485,0.03137415012164646,0.04848636682333973
P1_valid_202505_06,20250517_1_09,20250517,False,0.3253034483072053,0.33178445192444667,0.3420285830308616,0.34306639030993036,0.33496069510390974,20250517,-0.019727083062572648,-0.0030296765070068066,-0.029254763079400004,0.020881112790384737
P1_valid_202505_06,20250517_1_10,20250517,False,0.4555556537721829,0.44753895583951675,0.44986110885703856,0.448250312264606,0.4462708552499392,20250517,0.017754304872195426,0.0035870790232583882,0.020591824498157663,0.008012821683249571
P1_valid_202505_06,20250518_1_01,20250518,False,0.3312743720020972,0.3243362890756671,0.3312374445083217,0.32444665701845726,0.2872668623828753,20250518,0.021166043687164127,0.02071433573068515,0.14253533263088025,0.14242385539260782
P1_valid_202505_06,20250518_1_02,20250518,False,0.5375104921360089,0.5596730694831894,0.5698634280009345,0.5924293806578743,0.6236838401286782,20250518,-0.04040452869035194,-0.03883494502108997,-0.1486952934458129,-0.09024684138858297
P1_valid_202505_06,20250518_1_04,20250518,False,0.207320299737309,0.21417154076798045,0.2125543067014347,0.21510090578797836,0.19621670020098422,20250518,-0.032512347200234215,-0.011909730611287639,0.05504527733116227,0.07997785490164966
P1_valid_202505_06,20250518_1_05,20250518,False,0.3629686180609685,0.379098500845819,0.3802550010335026,0.39137938120325483,0.365489401088024,20250518,-0.0434796891009297,-0.028835290956232162,-0.006920901473175034,0.03960480263659749
P1_valid_202505_06,20250518_1_06,20250518,False,0.08614449856157229,0.08506574935938573,0.08867139051040633,0.0884717524558994,0.09200465050087403,20250518,0.012601622750702646,0.0022539753521826356,-0.06581302259174482,-0.036901829566425626
P1_valid_202505_06,20250518_1_07,20250518,False,0.4595408274905444,0.44672338262837186,0.45359902356216425,0.45669969871823873,0.4973506838924945,20250518,0.028288217591375453,-0.0068124607273114535,-0.07906758882923581,-0.0920817788998588
P1_valid_202505_06,20250518_1_08,20250518,False,0.5361042767381525,0.527365440705973,0.551482582980522,0.539998941669748,0.5344127052540445,20250518,0.016434944201915824,0.021043077331641347,0.003160291560872941,0.0314418602756541
P1_valid_202505_06,20250518_1_09,20250518,False,0.013767667740469294,0.013731218614227938,0.014401359504649013,0.014144373851916778,0.01694671884498981,20250518,0.002650954450802878,0.018005674786697234,-0.20775131074057107,-0.16275162445037417
P1_valid_202505_06,20250518_1_10,20250518,False,0.36494434275029364,0.3497601995380573,0.36781004428162856,0.35295195305253263,0.3645650959311679,20250518,0.04249708085179793,0.0412346835461086,0.001039731175997538,0.008861495719038048
P1_valid_202505_06,20250518_1_11,20250518,False,0.24503281267753957,0.23360433294357727,0.23859838146178913,0.2307151266525219,0.19941431230167733,20250518,0.04776333153119561,0.03359799463296653,0.206007499082272,0.17939709437049145
P1_valid_202505_06,20250518_3_01,20250518,False,0.5448415168982661,0.5429172749095379,0.5689911068438313,0.5613597070083874,0.5670348262522228,20250518,0.0035379975973220956,0.013502915543601057,-0.03992576611090137,0.003444080752645684
P1_valid_202505_06,20250518_3_02,20250518,False,0.302846220009095,0.30221731556118686,0.3009589989837146,0.3051452377491798,0.28420583721567955,20250518,0.0020788054061000594,-0.013813813137134812,0.06352639738839705,0.057275284905436985
P1_valid_202505_06,20250518_3_03,20250518,False,0.16336099263727644,0.15618249234106138,0.16018481622375555,0.1551652637819151,0.15434265978765466,20250518,0.044937284537677424,0.031837483155529034,0.05678723659508789,0.03715305583414419
P1_valid_202505_06,20250518_3_04,20250518,False,0.1096601044787878,0.1261596344920701,0.11679479102647444,0.13036653932686582,0.09866236330791142,20250518,-0.1401624227454752,-0.10993154428741869,0.10568207314521594,0.16871492244129493
P1_valid_202505_06,20250518_3_05,20250518,False,0.2199345494303378,0.22465700730338437,0.21670074500865913,0.2182303471136218,0.22906015538450844,20250518,-0.021244827621020868,-0.007033796566833894,-0.04065465682626246,-0.05546730981758752
P1_valid_202505_06,20250518_3_06,20250518,False,0.03447523513554271,0.0387870993729908,0.034243303603090296,0.0375558119800195,0.0346527877814468,20250518,-0.11784645683375938,-0.09233711563943237,-0.005136933731106463,-0.011887147498157002
P1_valid_202505_06,20250523_3_01,20250523,False,0.25121108482735427,0.25748468953602577,0.26420185481107855,0.27093991940175305,0.2629347916448709,20250523,-0.02466669910568231,-0.025183684131603545,-0.04561249980375126,0.004807351622940326
P1_valid_202505_06,20250523_3_02,20250523,False,0.07914958583529387,0.08715481314156595,0.07381912623301567,0.08396096253454273,0.06619558311810292,20250523,-0.0963464450286331,-0.1287340980119418,0.1787258132108187,0.10900412063176024
P1_valid_202505_06,20250523_3_03,20250523,False,0.60485090545374,0.6173329311160519,0.6097250174432877,0.6219134866862127,0.619550461617107,20250523,-0.020426484604287032,-0.019792929682562688,-0.024012162753089483,-0.01598608869279633
P1_valid_202505_06,20250523_3_04,20250523,False,0.10772641628923207,0.10774017078353619,0.10127752201850553,0.10100977874484765,0.08504395980025344,20250523,-0.0001276717147624673,0.0026471600441295706,0.2364265337589968,0.1746961945321237
P1_valid_202505_06,20250523_3_05,20250523,False,0.11982458393933074,0.13505318076506442,0.12186032026911428,0.1329717519535004,0.13367413873412828,20250523,-0.11963975965707485,-0.08726124134695201,-0.10937616502640202,-0.09252956484064256
P1_valid_202505_06,20250523_3_06,20250523,False,0.06033849731415565,0.05890764048844436,0.05831730193323895,0.057587366413926123,0.049583610591702416,20250523,0.023999527864729586,0.012595612929485078,0.1963099822699652,0.16223847597532748
P1_valid_202505_06,20250523_3_07,20250523,False,0.2198454323954257,0.20360986349541313,0.20864206373961897,0.20583027958974312,0.18251626838248,20250523,0.07671899044483177,0.013568226356693636,0.1860854085351049,0.13378085920795524
P1_valid_202505_06,20250523_3_08,20250523,False,0.13602964512735882,0.0937052050086785,0.19572346562932197,0.09171166679259117,0.09755330212444094,20250523,0.3727191034391111,0.758053174336264,0.3324739237798342,0.6963038562623227
P1_valid_202505_06,20250524_1_01,20250524,False,0.6152563296127292,0.6094229108482452,0.6181814363611551,0.6123894628702669,0.5313625223712711,20250524,0.009526515497457644,0.009413543365370203,0.14659447246216228,0.15133749608732405
P1_valid_202505_06,20250524_1_02,20250524,False,0.15686851793334375,0.15319643797168125,0.16013770453158055,0.155744736487539,0.1899444633206108,20250524,0.023686982886946817,0.02781573593253084,-0.19132374203489033,-0.17069763271393357
P1_valid_202505_06,20250524_1_03,20250524,False,0.17789001926136003,0.18725345102822316,0.17787831992670833,0.18566776307156838,0.17374208664407106,20250524,-0.051297562270790964,-0.042859135858112074,0.02359355110080852,0.0235277817033257
P1_valid_202505_06,20250524_1_04,20250524,False,0.17639310350523488,0.17506344307208763,0.1769341188879516,0.17426459687476892,0.12104379169548397,20250524,0.007566606967893463,0.015202637755802995,0.3765626520730452,0.37962505865395224
P1_valid_202505_06,20250524_1_05,20250524,False,0.502856234207776,0.4738850649878801,0.5064417194046628,0.48282620421803457,0.4481878417421252,20250524,0.05933949919823933,0.04775248846271962,0.11509187842140334,0.12219681758635459
P1_valid_202505_06,20250524_1_06,20250524,False,0.02801143881949297,0.02814219892379994,0.028013924156460267,0.02770843231057818,0.041003728125124816,20250524,-0.004657234897292639,0.010964895456393897,-0.38105003643408075,-0.38096131458251525
P1_valid_202505_06,20250524_1_07,20250524,False,0.06577876374268174,0.06750406350532578,0.05893245770409311,0.06061703081032508,0.05937914647710253,20250524,-0.025890749378675082,-0.028183886603095676,0.10235395144649839,-0.007551091857427306
P1_valid_202505_06,20250524_1_08,20250524,False,0.30944006269075863,0.298893839239902,0.3123034212684284,0.3034077120894618,0.2675896949537258,20250524,0.03467595722394745,0.02889773382367955,0.14530959648809483,0.15452040092819797
P1_valid_202505_06,20250524_1_09,20250524,False,0.545963677493177,0.48346272278532454,0.5319423887197462,0.48196546139338864,0.4252745715132566,20250524,0.12157823555916147,0.09866273697454375,0.2498174378512832,0.2238001806544968
P1_valid_202505_06,20250524_1_10,20250524,False,0.541607696190026,0.5456346608203423,0.5547308636719954,0.5551850738289941,0.5078445691109718,20250524,-0.0074077008111074205,-0.0008184587084616446,0.06436649715260168,0.08830763136471831
P1_valid_202505_06,20250525_1_01,20250525,False,0.3603083668874408,0.36649490555094727,0.3688785911265641,0.37156828772725725,0.3650563448122776,20250525,-0.01702438147307528,-0.0072650949258860065,-0.013091471530720877,0.010415857546431262
P1_valid_202505_06,20250525_1_02,20250525,False,0.15784461919362297,0.1459181212324805,0.15597102709948857,0.14764971325586762,0.17714847502921147,20250525,0.07856547540682679,0.054827600144524924,-0.11537709659117001,-0.1273179566359519
P1_valid_202505_06,20250525_1_03,20250525,False,0.15095318137609062,0.1544234252077081,0.149475291732914,0.1524451596764378,0.13715139630831555,20250525,-0.022728612123920522,-0.019673816211496664,0.09588433340896341,0.0860457082658328
P1_valid_202505_06,20250525_1_04,20250525,False,0.4306193216089739,0.415949559535977,0.4373997330440093,0.42572164012985186,0.4022198459916116,20250525,0.03466045349241409,0.027061792150132935,0.06822563557624206,0.08384867820737218
P1_valid_202505_06,20250525_1_05,20250525,False,0.20976930198322147,0.21444949042048042,0.21661234515487465,0.21795167083451605,0.21686956418814457,20250525,-0.022065869872775146,-0.0061640166742322755,-0.033287721253553615,-0.0011867580072653094
P1_valid_202505_06,20250525_1_06,20250525,False,0.10658038361159113,0.1080377167977941,0.10395820253921317,0.10537493873765201,0.10165638812285298,20250525,-0.013580919621714926,-0.013535915250206365,0.0473010937478886,0.022390537299694202
P1_valid_202505_06,20250525_1_07,20250525,False,0.4500914858256857,0.47498912967912554,0.4587335501346109,0.4836474881644059,0.4466430727268759,20250525,-0.053841054950521605,-0.05288677040780854,0.007691083307764912,0.02670976008022885
P1_valid_202505_06,20250525_1_08,20250525,False,0.5203322804409186,0.504740568515496,0.521593199078712,0.5113204719494437,0.4701934466958108,20250525,0.03042303678807612,0.019891431649836866,0.10132340961008768,0.10374377321215633
P1_valid_202505_06,20250525_1_09,20250525,False,0.35064751261728755,0.3463330439055307,0.34169537263061306,0.34311497076008485,0.3210104804909415,20250525,0.012380614584574179,-0.004145965891526382,0.08830770922237807,0.062445844729059896
P1_valid_202505_06,20250525_1_10,20250525,False,0.16476399613852957,0.16317031625632217,0.1666413001468963,0.1647813352060942,0.14581120361381605,20250525,0.009719583271623922,0.011224245235287311,0.12220146460736947,0.13353094008524513
P1_valid_202505_06,20250525_1_11,20250525,False,0.19086671219810142,0.20082345224611817,0.20011429673756945,0.20931302219442638,0.2498180100261538,20250525,-0.05085083250517353,-0.04494215835769322,-0.2691573503285192,-0.22184400587412978
P1_valid_202505_06,20250525_3_01,20250525,False,0.6446581186679218,0.6518686151787775,0.667413980634846,0.6683282055395944,0.6527771064185569,20250525,-0.011122903465193068,-0.001368864526353153,-0.012515605516920991,0.022174780797015736
P1_valid_202505_06,20250525_3_02,20250525,False,0.7540888433629739,0.7580756023132751,0.7451566184298455,0.7722756009590459,0.7300855424879187,20250525,-0.005272929407836913,-0.03574706001230149,0.032348481692961006,0.020432713597961227
P1_valid_202505_06,20250525_3_03,20250525,False,0.17410537775924803,0.18551159191641603,0.1764152104067303,0.18836726082456262,0.19094466705943428,20250525,-0.06345663500332566,-0.06555320557422539,-0.09232294960841858,-0.07914331816470943
P1_valid_202505_06,20250525_3_04,20250525,False,0.10335722156005912,0.1013262979743433,0.11535265624182074,0.10061328975472639,0.09495604613027099,20250525,0.019845176038492784,0.1367096581670677,0.08477704625986382,0.19457989980363388
P1_valid_202505_06,20250525_3_05,20250525,False,0.348499700846923,0.3484844890347131,0.35037611175478106,0.349207414809778,0.31875428879668005,20250525,4.365037954423556e-05,0.003341125077469087,0.08921682036774192,0.09458663109193588
P1_valid_202505_06,20250525_3_06,20250525,False,0.036816145978843334,0.03308630131793246,0.036577282126764754,0.03353222084952886,0.03552225426784132,20250525,0.1068171591214857,0.0869205477841879,0.03577711751963841,0.029267959912080865
P1_valid_202505_06,20250530_3_01,20250530,False,0.5129502459319721,0.543059704004689,0.5285114062144385,0.551486217769095,0.5619650838428214,20250530,-0.0570404120362501,-0.04255246061687523,-0.09126086559019397,-0.06137533225155467
P1_valid_202505_06,20250530_3_02,20250530,False,0.10125989764984601,0.09939988579771418,0.10098374800010615,0.09879769332643329,0.10168307255726834,20250530,0.01853949102985064,0.021885335420844587,-0.004170388561049787,-0.006901251332737335
P1_valid_202505_06,20250530_3_03,20250530,False,0.1487319039919288,0.1457623894184234,0.14997997722241985,0.14985285565259626,0.13559512586926525,20250530,0.02016755698552619,0.0008479496806372833,0.09247195324619994,0.10082837005910972
P1_valid_202505_06,20250530_3_04,20250530,False,0.09299752050825148,0.09551082173692096,0.09856705764315239,0.0813346418310229,0.09104622651519695,20250530,-0.026666726087572368,0.19216508022016754,0.021205470375943225,0.07936974358189541
P1_valid_202505_06,20250530_3_05,20250530,False,0.1334323667981029,0.13442183408425185,0.13099110432963823,0.1336154218425288,0.10985249676033236,20250530,-0.007388137155880159,-0.019836272378916053,0.19445620633527572,0.17599088762745296
P1_valid_202505_06,20250530_3_06,20250530,False,0.029139943790563384,0.029360623888399478,0.02887086027123685,0.028568497622523805,0.03124789278871591,20250530,-0.007544581304523845,0.01052816231496223,-0.06984207132685549,-0.07911915181376239
P1_valid_202505_06,20250530_3_07,20250530,False,0.2749796369675384,0.2893621247613732,0.2859038742854637,0.29645508963157213,0.36737728827359206,20250530,-0.050981883051252286,-0.036240088179043894,-0.2896923058989429,-0.2507337030058028
P1_valid_202505_06,20250530_3_08,20250530,False,0.0331798385339556,0.03420302427815328,0.03369807109781651,0.03404842265490808,0.032452569685111315,20250530,-0.030371650960858698,-0.010343108877222562,0.022162789305505637,0.03766096918834094
P1_valid_202505_06,20250531_1_01,20250531,False,0.5243080746297346,0.5232035246616568,0.5130873455145812,0.5130147088501967,0.5691308107867408,20250531,0.0021089033824472914,0.00014157785611457196,-0.08203086339744303,-0.10366420880037863
P1_valid_202505_06,20250531_1_02,20250531,False,0.20363742618593833,0.19807464256578164,0.2101447436540522,0.20437991997728952,0.19540226411736822,20250531,0.027697147604587524,0.027815934140344112,0.04128076328301611,0.07273622215401732
P1_valid_202505_06,20250531_1_03,20250531,False,0.2591169850592617,0.26363900825753894,0.2750028181752082,0.27708029749144925,0.2959161494737212,20250531,-0.017301134959153197,-0.007526001296184859,-0.13279649589961706,-0.07329478986413474
P1_valid_202505_06,20250531_1_04,20250531,False,0.10675239707882934,0.10740392036913585,0.11122827646376544,0.10949065808757848,0.09758558871800786,20250531,-0.0060845769868609345,0.01574540288929116,0.08978228098867058,0.13085480829873486
P1_valid_202505_06,20250531_1_05,20250531,False,0.5568896943274408,0.5516394353570289,0.5671346601049086,0.5583550061964095,0.5329788904255816,20250531,0.00947254896279015,0.015601799400057348,0.04388536682067368,0.06211495312969806
P1_valid_202505_06,20250531_1_06,20250531,False,0.43690000112934246,0.44548072283661616,0.44542277151974874,0.45250640247715956,0.3997745343494533,20250531,-0.019449636583017904,-0.01577803264576183,0.08880361447901841,0.10812315545164475
P1_valid_202505_06,20250531_1_07,20250531,False,0.06816323836382689,0.06446515009607545,0.05764101687464985,0.05065454830685145,0.07554681502923642,20250531,0.0557806234043543,0.12920538738196008,-0.10284713810669244,-0.27051811790728886
P1_valid_202505_06,20250531_1_08,20250531,False,0.24456098799864484,0.2524530113582534,0.24007455389449578,0.24561023883600405,0.25821074358864154,20250531,-0.03176042028988224,-0.022796368145639123,-0.05431136963057037,-0.07282657077779398
P1_valid_202505_06,20250531_1_09,20250531,False,0.23181669360714083,0.21346680101185464,0.23304706208916356,0.2173520142557132,0.2676035769641849,20250531,0.0824656237956154,0.0697221916561972,-0.14355974939692784,-0.13826627861138863
P1_valid_202505_06,20250531_1_10,20250531,False,0.13893012529911097,0.1280518354436867,0.1374345583380185,0.1301858596748119,0.1431340736683049,20250531,0.08153596469953794,0.054184745223259334,-0.029810658061124373,-0.040633904656454334
P1_valid_202505_06,20250601_1_01,20250601,False,0.3582319396538972,0.36567312455042805,0.36154414359616727,0.36941995022911756,0.3480824752709002,20250601,-0.0205591792788693,-0.021549926981135004,0.028741203147976346,0.0379446968431445
P1_valid_202505_06,20250601_1_02,20250601,False,0.20335101444451464,0.1976173333283214,0.19970229076213966,0.19631543744615976,0.14060041514270552,20250601,0.028601120263728408,0.01710497107308462,0.36901168898023995,0.3509057793501751
P1_valid_202505_06,20250601_1_03,20250601,False,0.47827032171657435,0.4654275914238094,0.48335145848266947,0.47014584009785504,0.42331451498999567,20250601,0.027219564737282043,0.027701101700208564,0.12206066222832623,0.1326286093354273
P1_valid_202505_06,20250601_1_04,20250601,False,0.13495135780020817,0.13970649651859882,0.13794233538463854,0.1427929454555659,0.13522392612916612,20250601,-0.03462936761679036,-0.03455990881554083,-0.002017715443593193,0.019903621935184246
P1_valid_202505_06,20250601_1_05,20250601,False,0.11910224063165495,0.11173561331490614,0.117604417835956,0.11378024040090111,0.10525291833074722,20250601,0.06384680391783082,0.0330577292136498,0.1236160894263234,0.11096040160505982
P1_valid_202505_06,20250601_1_06,20250601,False,0.11211837704625006,0.11227029829804566,0.11614585099950381,0.11528793397064956,0.1290862051712774,20250601,-0.0013540903949413874,0.007413964721811439,-0.14092518727654912,-0.1056337007952095
P1_valid_202505_06,20250601_1_07,20250601,False,0.11960913020583214,0.11492333010999752,0.11556208091032065,0.10868739954729734,0.08626468256717613,20250601,0.03996396678862535,0.06133201474120531,0.3268089040300204,0.2923876085346526
P1_valid_202505_06,20250601_1_08,20250601,False,0.5684274017359834,0.5613819713428723,0.5698682724417243,0.5650079212786338,0.5056474535367923,20250601,0.012472053938296201,0.008565482130872826,0.11703390928809887,0.11956553882511622
P1_valid_202505_06,20250601_1_09,20250601,False,0.30708805764902686,0.3231629754713171,0.3129301500318677,0.32738223799145627,0.28569903453469436,20250601,-0.05102222480212859,-0.045148408961221076,0.0721956092580569,0.09104107286465557
P1_valid_202505_06,20250601_1_10,20250601,False,0.24407034538611638,0.23696470896804706,0.24632573963109808,0.2403394137219436,0.200018538174143,20250601,0.029545261765775876,0.02460265675686002,0.19904643138207656,0.20824475174435841
P1_valid_202505_06,20250601_1_11,20250601,False,0.19869201366316058,0.20786472153370417,0.20324996177442337,0.2092299526706271,0.19137786410358656,20250601,-0.0451315350607695,-0.028997338787556393,0.03750613602247932,0.060186740566946506
P1_valid_202505_06,20250601_3_01,20250601,False,0.279215096822312,0.22837437973131244,0.2760636048437777,0.2364874074569877,0.23555383861963533,20250601,0.20099614245464337,0.1547363304102174,0.1700429397151788,0.1586917900752498
P1_valid_202505_06,20250601_3_02,20250601,False,0.17435327355642438,0.16179115330778573,0.18365523287706,0.17472304298993302,0.13104915984886906,20250601,0.07477722230445139,0.04985815682405503,0.28551102989233246,0.33748774678067317
P1_valid_202505_06,20250601_3_03,20250601,False,0.383652723735512,0.3556873594684283,0.37764379291254935,0.35680027186274005,0.3357819729337504,20250601,0.075685636865792,0.056775241886808936,0.1332757188658339,0.11748934527471866
P1_valid_202505_06,20250601_3_04,20250601,False,0.09727050079928325,0.10082148672304046,0.08548337752657802,0.0841200401602342,0.098491568305904,20250601,-0.03585572944012272,0.016077113897476458,-0.01247517814248944,-0.14164900141091818
P1_valid_202505_06,20250601_3_05,20250601,False,0.3168479081123619,0.3069990986945765,0.3111676477144994,0.3025994110320122,0.2964063648571726,20250601,0.031577061874457746,0.02792197211955738,0.06669050654058828,0.04860046004525853
P1_valid_202505_06,20250601_3_06,20250601,False,0.04285166983529406,0.05021665680101267,0.04987852749560752,0.05324874115031279,0.05880130383489046,20250601,-0.15860216684351647,-0.06538356450240057,-0.3164194151185842,-0.16457342928352015
P1_valid_202505_06,20250606_3_01,20250606,False,0.2747924762863471,0.23122071252099985,0.26826952075345634,0.2389057997628373,0.2500382482690868,20250606,0.17264346128865227,0.11592281862736709,0.09440228186639588,0.07037825037593692
P1_valid_202505_06,20250606_3_02,20250606,False,0.05720407962904707,0.0568473753657966,0.054372896449501176,0.054331987627689655,0.04838845318007421,20250606,0.006255166605863227,0.0007526584309438533,0.16736400342812807,0.1166045880738853
P1_valid_202505_06,20250606_3_03,20250606,False,0.27712281629708685,0.2709166903207503,0.269899999534225,0.26680843549928773,0.2763890343108824,20250606,0.022649430230107903,0.011520587442902963,0.0026513702109827175,-0.023757899548089156
P1_valid_202505_06,20250606_3_04,20250606,False,0.08974739258339559,0.09150671337339597,0.08733560806730117,0.08818265384211164,0.12530185804928973,20250606,-0.01941336484028433,-0.009652013888252764,-0.3337267156464838,-0.3609674292713305
P1_valid_202505_06,20250606_3_05,20250606,False,0.06128588450686659,0.06486924956456351,0.05372486575419649,0.060531920001995046,0.06462153782445612,20250606,-0.05682415149072906,-0.11929488547495692,-0.05299821070736632,-0.18467181431063784
P1_valid_202505_06,20250606_3_06,20250606,False,0.18623510587772912,0.18946448847344022,0.18820439748209122,0.18994096013870823,0.18569970073970335,20250606,-0.017191725422850856,-0.009184694876920974,0.002879028788498994,0.013397736051233178
P1_valid_202505_06,20250606_3_07,20250606,False,0.09244130900988998,0.09480133415618129,0.09032842328660633,0.08382228993429482,0.09918331275100155,20250606,-0.025209536589915427,0.07475321418505576,-0.07039583595520993,-0.0935176059311793
P1_valid_202505_06,20250606_3_08,20250606,False,0.23892329695176134,0.22127431157999258,0.22590590406418284,0.21981780589843583,0.17409367359345654,20250606,0.07673940646639821,0.0273195106392643,0.3165490588257902,0.2605250505353198
P1_valid_202505_06,20250607_1_01,20250607,False,0.16944678375813146,0.17480926505241773,0.1674656466080699,0.17142296688803765,0.18575889214887817,20250607,-0.031156548153466357,-0.02335575768013598,-0.09191063665194843,-0.10367131869453994
P1_valid_202505_06,20250607_1_02,20250607,False,0.1305484118655491,0.13368879719484641,0.13228913826050384,0.1349406432571542,0.12880202900405838,20250607,-0.023770559863411034,-0.01984503373972979,0.013467563436121655,0.026713401751384147
P1_valid_202505_06,20250607_1_03,20250607,False,0.011819169826442339,0.013898037552370507,0.01155435765395302,0.013290483359830522,0.016007621316142404,20250607,-0.16202487202481564,-0.13998559038432923,-0.3033421662266482,-0.3260022892186303
P1_valid_202505_06,20250607_1_04,20250607,False,0.05798725891975772,0.058019373906843696,0.058193653230070266,0.061037190593652466,0.07089311074486013,20250607,-0.0005536750291579295,-0.04770706249481105,-0.2009499475798453,-0.19739696243598548
P1_valid_202505_06,20250607_1_05,20250607,False,0.4692034272471961,0.46954428317568075,0.48120252271261615,0.47827446879504265,0.41934249686769465,20250607,-0.0007261928624262559,0.006103456431334142,0.11234842022188363,0.13760022565252916
P1_valid_202505_06,20250607_1_06,20250607,False,0.31714313621366125,0.3391685145282806,0.3280507613960693,0.34723057794405515,0.3173800995256037,20250607,-0.06714387111081899,-0.05682069225975095,-0.0007469019560251144,0.03306824904422978
P1_valid_202505_06,20250607_1_07,20250607,False,0.16212438203295348,0.16844157654907574,0.16387995198552677,0.1687297959276883,0.1807886413063218,20250607,-0.03822513199804645,-0.02916443505569899,-0.10896479039230145,-0.09819446165828083
P1_valid_202505_06,20250607_1_08,20250607,False,0.036927311221690684,0.03619045923871442,0.03520129766305749,0.03446538978653566,0.045768704742591024,20250607,0.020155891633164114,0.02112732144465035,-0.21464913621296366,-0.2625176076467204
P1_valid_202505_06,20250607_1_09,20250607,False,0.2987984241551925,0.2973408912568288,0.2937973765756943,0.29159291672520615,0.26794999892578336,20250607,0.004889916719032827,0.0075316256399942105,0.10896878740124305,0.0920899424818018
P1_valid_202505_06,20250608_1_01,20250608,False,0.2010440972948218,0.198509280493018,0.20689003606472972,0.2065289453905398,0.2225218773684558,20250608,0.012688421375396386,0.0017468514132608082,-0.10150114850098135,-0.07283799665015378
P1_valid_202505_06,20250608_1_02,20250608,False,0.6846531356805996,0.7139398127500343,0.6977963179476281,0.7309035319597559,0.6788567208774522,20250608,-0.04188632417438848,-0.04635423173787123,0.00850224835990554,0.027517161696256287
P1_valid_202505_06,20250608_1_03,20250608,False,0.0157635230655443,0.01596246354491179,0.015247027378644017,0.015292523556977921,0.016391606715278503,20250608,-0.012541333345026828,-0.0029794944979428806,-0.0390708139540612,-0.07238486010710066
P1_valid_202505_06,20250608_1_04,20250608,False,0.04386279238840764,0.04399625899759257,0.041979430991077,0.042106672104554106,0.05038300423588711,20250608,-0.003038200612114128,-0.003026450410085424,-0.13858749375526136,-0.18247414065007472
P1_valid_202505_06,20250608_1_05,20250608,False,0.2271835328971316,0.22870490499807827,0.23114238869419468,0.23227655105160297,0.2684297443385969,20250608,-0.006674342326646876,-0.004894770258884851,-0.16683101411642687,-0.14955529799288025
P1_valid_202505_06,20250608_1_06,20250608,False,0.19170740040807085,0.18462858070652136,0.19919901359054545,0.19277627928997,0.17334066256173464,20250608,0.0376241182704371,0.03277405140461909,0.10071144739401117,0.13904558726011862
P1_valid_202505_06,20250608_1_07,20250608,False,0.09738396877831298,0.11697649318104289,0.09748469224936439,0.11283650443164471,0.13122995460596865,20250608,-0.18331139612612324,-0.1462445444509548,-0.2982895574927622,-0.2972557998891525
P1_valid_202505_06,20250608_1_08,20250608,False,0.10746642399505986,0.11041339309767223,0.10373608195615455,0.10683640770891381,0.11272681880236925,20250608,-0.027052976924192063,-0.029448764293363183,-0.04778889518809981,-0.08311735874770987
P1_valid_202505_06,20250608_1_09,20250608,False,0.25508947336733606,0.2571013966877642,0.24205440994073724,0.24420064220726193,0.2866312811371897,20250608,-0.00785618715983416,-0.008827656163451714,-0.11658229550064281,-0.16903411971577365
P1_valid_202505_06,20250608_3_01,20250608,False,0.172037759900035,0.17582154598611846,0.17203641243328757,0.17557601674905418,0.22252158938516217,20250608,-0.02175555036740362,-0.020365938393786864,-0.25731014082179304,-0.2573179732419848
P1_valid_202505_06,20250608_3_02,20250608,False,0.16299385734993835,0.1707000352240581,0.16765388294095485,0.17361789807847483,0.20547380065408524,20250608,-0.04619532102407353,-0.03495526280236416,-0.23160601994731378,-0.20341690143439717
P1_valid_202505_06,20250608_3_03,20250608,False,0.06424085445883017,0.06298896639784685,0.05609430590271708,0.05568139511005203,0.059541936877926444,20250608,0.019679796079144385,0.007388236748879784,0.07595848483103618,-0.05964657744236135
P1_valid_202505_06,20250608_3_04,20250608,False,0.2425293600514141,0.2180012547106221,0.24055171656018842,0.22447527378319698,0.19554371328400055,20250608,0.10662195709999622,0.06916954203461989,0.2153388236339615,0.20715115230895775
P1_valid_202505_06,20250608_3_05,20250608,False,0.36855594629833244,0.3492837198673693,0.36363242381146094,0.3465406946902036,0.36155391336534576,20250608,0.053707978964565695,0.048143275999273705,0.019181353391789613,0.005732364307519555
P1_valid_202505_06,20250608_3_06,20250608,False,0.3176527716964088,0.31420882142601747,0.33496486324668046,0.33055690544366473,0.33227139471701633,20250608,0.010901072046459293,0.013246816163065667,-0.04499321564528436,0.008073551543475999
P1_valid_202505_06,20250608_3_07,20250608,False,0.47703641155079585,0.47728272324923593,0.4879689075856178,0.48719994178305065,0.476732062398642,20250608,-0.0005162040557034064,0.0015770929566655267,0.0006382034441205775,0.023297070840494816
P1_valid_202505_06,20250608_3_08,20250608,False,0.3061429036089725,0.3243503627244391,0.3017539593180808,0.31663789576371054,0.3080680761061397,20250608,-0.05777229977281628,-0.048146855237608754,-0.006268786672047888,-0.020708803791252395
P1_valid_202505_06,20250613_3_01,20250613,False,0.04730342588155881,0.04760041243787896,0.04695040985746132,0.047128479266395455,0.049695891852721025,20250613,-0.0062587042005111115,-0.003785538354915463,-0.049339549126526716,-0.05683033551261785
P1_valid_202505_06,20250613_3_02,20250613,False,0.4891822709384675,0.49070912254752663,0.4925969829982915,0.490604533791639,0.5816517750751824,20250613,-0.0031163715793645075,0.004052987917687267,-0.17313678182153835,-0.16618058303127592
P1_valid_202505_06,20250613_3_03,20250613,False,0.27392258186406354,0.27809756324731705,0.283983558040502,0.287216715343077,0.33108655821093724,20250613,-0.015126480533455444,-0.011320694274049137,-0.1895343278370345,-0.15346350409785425
P1_valid_202505_06,20250613_3_04,20250613,False,0.35914792257624556,0.36450020624638224,0.37798901475731533,0.3802725915429849,0.30811660357277265,20250613,-0.014792773057032527,-0.006023208007688852,0.1532560498676323,0.20438683935112656
P1_valid_202505_06,20250613_3_05,20250613,False,0.12415156329703628,0.13045126352595918,0.11821922774815169,0.12736002373340458,0.14242538992112405,20250613,-0.049496593561360935,-0.07447714539840788,-0.1373151792154117,-0.18627752004559617
P1_valid_202505_06,20250613_3_06,20250613,False,0.3285378869505083,0.3053497987952131,0.32691532875779045,0.3076367037939246,0.28608465321528515,20250613,0.07319416371972665,0.060781650265537834,0.13836440717036713,0.13341344661917032
P1_valid_202505_06,20250613_3_07,20250613,False,0.11246110867826659,0.12470099224703075,0.114534731712078,0.12791809377641145,0.12504483055824142,20250613,-0.10331134848895118,-0.11051205600147007,-0.10606485623207496,-0.08779420674282035
P1_valid_202505_06,20250613_3_08,20250613,False,0.10026913934599027,0.11359684896140905,0.10193318051812877,0.11353482517918034,0.1034376521432887,20250613,-0.12479780375259475,-0.10779211397374322,-0.031111072307988596,-0.014651530784373534
P1_valid_202505_06,20250614_1_01,20250614,False,0.1995124812369414,0.18200383738821585,0.1892158328759933,0.1845920617613653,0.220764657216111,20250614,0.09184902555898988,0.024740017625460853,-0.10122043767069289,-0.15420889824139072
P1_valid_202505_06,20250614_1_02,20250614,False,0.03578191970029387,0.03608683291241904,0.03439062046206511,0.03518847818742248,0.024758026508834206,20250614,-0.008485330008894287,-0.02293483858672518,0.3682929897012617,0.3286341263871453
P1_valid_202505_06,20250614_1_03,20250614,False,0.5141430490833971,0.5009620571625346,0.5106489103108685,0.5001873293265497,0.5058634356021344,20250614,0.025971168334697592,0.02069960318792108,0.016234789598849275,0.009415547349968856
P1_valid_202505_06,20250614_1_04,20250614,False,0.15164629345435365,0.14674941714692308,0.15157525293267396,0.14671497006739945,0.1511875266991548,20250614,0.03282430542877823,0.0325904952610494,0.0030298274209745735,0.0025612556863734426
P1_valid_202505_06,20250614_1_05,20250614,False,0.3805290407823914,0.38827182025668266,0.37589341768900664,0.3848376952993524,0.34993665859040507,20250614,-0.020143164935875313,-0.023516035137433722,0.08381033442684072,0.07155347696398895
P1_valid_202505_06,20250614_1_06,20250614,False,0.03211786879923248,0.032905609969592665,0.030507756308123263,0.03120876012772375,0.03399736397908331,20250614,-0.024230623357987646,-0.022717872262809635,-0.05687045591332884,-0.10830203511593917
P1_valid_202505_06,20250614_1_07,20250614,False,0.1284714610553715,0.13147028470741062,0.13073456045543436,0.13366248066239136,0.12155022331309707,20250614,-0.023074067560905576,-0.022148809906219036,0.05537924874240696,0.0728414735293792
P1_valid_202505_06,20250614_1_08,20250614,False,0.14036246852358483,0.14023222458541465,0.14062076744830487,0.1390539559152248,0.14592370852612543,20250614,0.0009283422012082987,0.011204644496950467,-0.03885580314511139,-0.03701726643251724
P1_valid_202505_06,20250614_1_09,20250614,False,0.35129387575106213,0.38745523617659605,0.37369721709006837,0.40275482323992273,0.40024111159446607,20250614,-0.09797719655899828,-0.07488210819718033,-0.13044401847862752,-0.06862125494125892
P1_valid_202505_06,20250615_1_01,20250615,False,0.6088853016823885,0.5856702231550991,0.5968428495889039,0.5788955217081216,0.5697833297010918,20250615,0.038873039143276555,0.030531830030477658,0.06637374595895973,0.04639767998916333
P1_valid_202505_06,20250615_1_02,20250615,False,0.3798395892695157,0.3514858075538631,0.3877241030577263,0.36212995922035085,0.31900782299331093,20250615,0.07757969646283935,0.06829086132572093,0.1745334041215768,0.1950783861221841
P1_valid_202505_06,20250615_1_03,20250615,False,0.15447654482310014,0.156116668517455,0.15748078752906666,0.1580825736792177,0.164730962245729,20250615,-0.010561331471936164,-0.0038140478499149033,-0.06427133992244594,-0.04501014441009388
P1_valid_202505_06,20250615_1_04,20250615,False,0.086032830230607,0.08406196643481138,0.0967334677196959,0.09102996666736443,0.06078039600361482,20250615,0.023174747742099377,0.06077068468151525,0.3474616674462525,0.46469213819868127
P1_valid_202505_06,20250615_1_05,20250615,False,0.1417458669983374,0.1390736710511989,0.13545004722150428,0.1313258882859881,0.12292385021735187,20250615,0.019031984915695466,0.030920986312641396,0.14247072548008988,0.09703785743339521
P1_valid_202505_06,20250615_1_06,20250615,False,0.056735571899878226,0.058928379338615174,0.05673916864753393,0.058781280045450114,0.04920481136629071,20250615,-0.03792141261835047,-0.0353586603323488,0.14240997367269514,0.1424733665941429
P1_valid_202505_06,20250615_1_07,20250615,False,0.01610227821123279,0.017804599951909,0.015661069928975622,0.01684622821452298,0.018677730495697802,20250615,-0.10049608239381413,-0.07294877626492102,-0.14837116583042143,-0.17615392097237503
P1_valid_202505_06,20250615_1_08,20250615,False,0.08779159610594506,0.08828839539381986,0.08584899249908262,0.0833247721296208,0.09927659962225477,20250615,-0.005642896752904747,0.02984396220657093,-0.12294411020283391,-0.1453200382509916
P1_valid_202505_06,20250615_1_09,20250615,False,0.04426579541903538,0.04590493195563406,0.03474077109229108,0.03869263752545848,0.058196727755101825,20250615,-0.036360294926339076,-0.107735380456488,-0.27361686263597695,-0.5159151723573996
P1_valid_202505_06,20250615_1_10,20250615,False,0.34840320376235645,0.3135678259656408,0.34914137069923123,0.32423439858237596,0.2846356946117271,20250615,0.10534475313991298,0.07401020717749818,0.20215034250860664,0.2042668157475922
P1_valid_202505_06,20250615_1_11,20250615,False,0.5273745471588326,0.5472358345355836,0.5341926055729885,0.5619580779667824,0.4697411903960854,20250615,-0.036968839480047366,-0.05067079422348231,0.11572912746981878,0.12857457421858398
P1_valid_202505_06,20250615_3_01,20250615,False,0.15927276581125477,0.16279089618941595,0.15577258109576989,0.15813316977005126,0.17800188571788966,20250615,-0.02184829112883624,-0.015040394560140724,-0.11117590349312079,-0.13339701403975512
P1_valid_202505_06,20250615_3_02,20250615,False,0.44302701592624455,0.4391440767719,0.4492909795261047,0.4467576473278723,0.4765787603980836,20250615,0.008803199883966495,0.005654467563834253,-0.07300224661549637,-0.058962259686773155
P1_valid_202505_06,20250615_3_03,20250615,False,0.21321480341693458,0.2269119016637749,0.21926510143146627,0.22976539029372448,0.18617053643436016,20250615,-0.062261719459639986,-0.046777239563990713,0.13563700809282508,0.16361839035911352
P1_valid_202505_06,20250615_3_04,20250615,False,0.037677115849949455,0.04008121407875735,0.03483534685220984,0.037156164898743974,0.04166942520595673,20250615,-0.06185484418578335,-0.06449711809081338,-0.10071474786748968,-0.17913506594989403
P1_valid_202505_06,20250615_3_05,20250615,False,0.2489321594984185,0.2771170931725619,0.24920931027930754,0.2728219634051314,0.22225856763748136,20250615,-0.10725972837194853,-0.09052628685756248,0.1133389843284176,0.11445172368581269
P1_valid_202505_06,20250615_3_06,20250615,False,0.04152159946893241,0.0417655970438171,0.04033894893702501,0.040384863279608094,0.04801415688839521,20250615,-0.005859202449886247,-0.0011375663827961624,-0.14528214162748831,-0.17417842551731066
P1_valid_202505_06,20250620_3_01,20250620,False,0.4988698765935284,0.5060325593755663,0.5011577494420549,0.5031308075651005,0.5634102881067617,20250620,-0.014255720413442585,-0.003929270422946551,-0.12166282263002448,-0.11708719535612588
P1_valid_202505_06,20250620_3_02,20250620,False,0.06170882103064573,0.06974842581315382,0.06272564902328415,0.07496840337619641,0.08192173192299845,20250620,-0.12246796430610507,-0.17829629713021555,-0.28333741555223657,-0.2669938633840223
P1_valid_202505_06,20250620_3_03,20250620,False,0.43349268703735383,0.46766289674983635,0.4401855144645681,0.46558792558074763,0.47524569497011765,20250620,-0.07587280378352135,-0.05610470121283628,-0.09195699637535415,-0.07663566103722785
P1_valid_202505_06,20250620_3_04,20250620,False,0.26258789690783674,0.2737192024104921,0.28009075628284685,0.29113238886531567,0.28676721210550665,20250620,-0.04151690084507398,-0.03866442803774395,-0.08808490764084409,-0.023557098755311978
P1_valid_202505_06,20250620_3_05,20250620,False,0.1453606205940778,0.1217488772008343,0.1380596999841455,0.11940795224120093,0.14171664633344963,20250620,0.17725715368773476,0.1451403997640479,0.025388077752440674,-0.026143415495874178
P1_valid_202505_06,20250620_3_06,20250620,False,0.0953230544938521,0.09543173387593462,0.09826998279209696,0.09659708537335081,0.08593685419069345,20250620,-0.0011394670065194568,0.017170048621151235,0.10365892338346816,0.13410584430519146
P1_valid_202505_06,20250620_3_07,20250620,False,0.2393746143774574,0.2541018508840018,0.24914283007837673,0.2634848159146791,0.24312391954860793,20250620,-0.05970542539891022,-0.05596939492559461,-0.015541521369006217,0.02445507643640954
P1_valid_202505_06,20250620_3_08,20250620,False,0.37545010894807074,0.378049382111703,0.3776840396572289,0.3799349875245437,0.4038287755970709,20250620,-0.006899230868187112,-0.0059421804624048,-0.07286536861754034,-0.06693299318385137
P1_valid_202505_06,20250621_1_01,20250621,False,0.05530213469621762,0.054798445720291654,0.05635130382705735,0.056007594742257624,0.05195882347664063,20250621,0.009149679101493113,0.0061180762945536316,0.06235996120559495,0.0811538295523091
P1_valid_202505_06,20250621_1_02,20250621,False,0.10850325635425831,0.11002114484622023,0.12805939642131764,0.12982690124371815,0.08565443616153881,20250621,-0.013892388182327409,-0.013707843458373503,0.23645916751942897,0.4021731733380651
P1_valid_202505_06,20250621_1_03,20250621,False,0.11450095393080763,0.11719581525556759,0.11169638744226616,0.11356658725640521,0.12291241014480003,20250621,-0.023263016261903413,-0.016604972816321784,-0.0708888348228518,-0.09568762511279294
P1_valid_202505_06,20250621_1_04,20250621,False,0.29011501072658474,0.2858903841654518,0.2846578856995685,0.28165174240241786,0.2987995961617303,20250621,0.014668967868823435,0.010616706424328326,-0.02949566865168496,-0.04848504356798622
P1_valid_202505_06,20250621_1_05,20250621,False,0.06723872436741102,0.0536237490216753,0.08236012808279995,0.05134881433038522,0.05884366858864511,20250621,0.22625728831616065,0.4724595911715195,0.13336509468608648,0.3362171949772028
P1_valid_202505_06,20250621_1_06,20250621,False,0.08160493772147052,0.07539412450101471,0.08470241891306819,0.07049744416530203,0.07696294426833203,20250621,0.07916042384393585,0.18356770365943742,0.058565708681295625,0.09582009709550388
P1_valid_202505_06,20250621_1_07,20250621,False,0.2561000239428546,0.24283193475768922,0.2608067154795857,0.24897461557548084,0.2053035798537834,20250621,0.05319850915070212,0.04642863347135573,0.2210783256393165,0.23928981820285822
P1_valid_202505_06,20250621_1_08,20250621,False,0.09720585556846635,0.10409847950930684,0.10571315364963145,0.11307396796292608,0.12488719206893022,20250621,-0.0685064173298997,-0.06731285994269642,-0.25057991426261594,-0.16668153802257724
P1_valid_202505_06,20250621_1_09,20250621,False,0.09063820498054281,0.09449799213388255,0.09359482512948028,0.09648971483686311,0.13547441975716926,20250621,-0.04170277432319214,-0.03046132578629912,-0.40190702572758985,-0.36980774354090906
P1_valid_202505_06,20250622_1_01,20250622,False,0.20278448206239472,0.21759716886767982,0.21018701864726602,0.22051376553072405,0.21779284791462808,20250622,-0.0705017538194268,-0.047962422262344484,-0.07140062174280981,-0.03554667271541523
P1_valid_202505_06,20250622_1_02,20250622,False,0.21448605469045687,0.21816076300551485,0.22146334721232439,0.2242808796032115,0.24228381049778341,20250622,-0.016987512833047225,-0.012642092692217943,-0.12186508649385774,-0.08985270919714061
P1_valid_202505_06,20250622_1_03,20250622,False,0.1750500184166304,0.17408440402164468,0.17594611149155778,0.17546266241272912,0.18430003116548604,20250622,0.00553149042335721,0.002751492960530566,-0.05149328116919749,-0.04638727033070933
P1_valid_202505_06,20250622_1_04,20250622,False,0.2479927139275207,0.26001109012653423,0.2566970811061743,0.26397043296186296,0.22212151543392059,20250622,-0.04732491802979344,-0.027940383542104374,0.11017476746772092,0.1446721180344046
P1_valid_202505_06,20250622_1_05,20250622,False,0.1680485268465634,0.1858991370835382,0.16573058148094294,0.1789688351651268,0.17434891664884897,20250622,-0.10095146491398821,-0.0768482187266164,-0.03680577147383857,-0.05069509271174133
P1_valid_202505_06,20250622_1_06,20250622,False,0.15455272310292517,0.16484902234218196,0.15983412974652256,0.16798002667688539,0.13390126318035914,20250622,-0.06449475092737966,-0.049708495091568494,0.14343260157058535,0.1770339020039442
P1_valid_202505_06,20250622_1_07,20250622,False,0.027838967945285932,0.029691438577376973,0.028591454499511636,0.030143721251016685,0.03133736290950342,20250622,-0.06442197701654306,-0.05286877165050097,-0.11837432497971001,-0.09170320937326437
P1_valid_202505_06,20250622_1_08,20250622,False,0.22825247562384832,0.24238454139662516,0.22976375752787398,0.2417751422263325,0.24126220236850904,20250622,-0.060073113522401744,-0.05095648999286939,-0.055431953182889515,-0.048832678836785215
P1_valid_202505_06,20250622_1_09,20250622,False,0.16032905494938038,0.16590546798349434,0.15931722150094393,0.1639161024847282,0.14301996083480187,20250622,-0.034189859393759514,-0.02845740828905763,0.11424408999821223,0.1079131116473746
P1_valid_202505_06,20250622_1_10,20250622,False,0.10570953027796885,0.10432503574068759,0.08516280148313496,0.08615390430199626,0.09694385881573635,20250622,0.013183683206624774,-0.011570545575153357,0.0865630164211253,-0.1295672996668138
P1_valid_202505_06,20250622_1_11,20250622,False,0.062355648857720575,0.062480145909815134,0.05990385497137821,0.06343167688475874,0.08412442682615315,20250622,-0.0019945736493371946,-0.057222512238388035,-0.29944270739872536,-0.3395561147475594
P1_valid_202505_06,20250622_3_01,20250622,False,0.2558093868741673,0.2538779399807242,0.25051180175926735,0.2586303230680442,0.24620394929726552,20250622,0.007578984357750063,-0.03189368581403884,0.0382723299833867,0.01734577759244349
P1_valid_202505_06,20250622_3_02,20250622,False,0.07285109870047005,0.06657192827494689,0.06577189290398924,0.05499216995775219,0.06745527615456864,20250622,0.09013462289042584,0.17900177686562468,0.07695281141814547,-0.025272215231650907
P1_valid_202505_06,20250622_3_03,20250622,False,0.422323249416166,0.45985727358014233,0.42917317722877907,0.4735947418887362,0.4992375880020904,20250622,-0.0851451518225691,-0.09849146708075562,-0.16731109600952565,-0.15122159670259705
P1_valid_202505_06,20250622_3_04,20250622,False,0.3100699037718889,0.29260935955060974,0.3105160197951412,0.29882124194370513,0.3066483253417324,20250622,0.057959292494982995,0.0383899520115456,0.01109619717903021,0.012533922667657516
P1_valid_202505_06,20250622_3_05,20250622,False,0.09875460428905468,0.10409616341104998,0.0791345747158557,0.09126506284858503,0.08544911697984416,20250622,-0.05267709169451562,-0.14261817054202863,0.14471695266228446,-0.07677119513305053
P1_valid_202505_06,20250622_3_06,20250622,False,0.20665121198157185,0.1720550815961302,0.1988965260480243,0.1712816223834272,0.18119704685511687,20250622,0.18321773845553246,0.14947560353644151,0.13144731007347743,0.09319962411849647
P1_valid_202505_06,20250627_3_01,20250627,False,0.04454835974685195,0.04429433936053103,0.045565382906,0.04499290208313421,0.04831799552136142,20250627,0.005718445771941916,0.012643535580753706,-0.08122873436403699,-0.058655787926317426
P1_valid_202505_06,20250627_3_02,20250627,False,0.3771168480126366,0.3910376398667703,0.3942543108828039,0.40906170615069815,0.36123803373202074,20250627,-0.036248739891947435,-0.03686985527483544,0.04301796684332648,0.08745904591145115
P1_valid_202505_06,20250627_3_03,20250627,False,0.29428400766792306,0.2883421274662444,0.2951182231687057,0.28696794847570517,0.34737676706492604,20250627,0.020397595843242744,0.028005500824273666,-0.16586466143364764,-0.16303394239600943
P1_valid_202505_06,20250627_3_04,20250627,False,0.2081020486379542,0.21596149101804826,0.21071322004877507,0.21810132493897777,0.24277917719395176,20250627,-0.03707153162699295,-0.034461685794031194,-0.15412371652333312,-0.14165423205229732
P1_valid_202505_06,20250627_3_05,20250627,False,0.3487491223332323,0.305201629179232,0.34390429580945797,0.31801250921911345,0.30784099773594154,20250627,0.13338017905825694,0.07827268963611589,0.12476940796701141,0.11078000025145207
P1_valid_202505_06,20250627_3_06,20250627,False,0.032335931736793014,0.029162830535567667,0.02999260536190621,0.02776516460228653,0.033391225011961706,20250627,0.10328407804940776,0.07716870025717038,-0.0321140916719056,-0.1073422779292934
P1_valid_202505_06,20250627_3_07,20250627,False,0.2617565164148404,0.22864603394512353,0.2571941289479371,0.2338936304888319,0.24204096424888172,20250627,0.13523964058236793,0.09496472385778087,0.07830775942122692,0.06072417971920663
P1_valid_202505_06,20250627_3_08,20250627,False,0.0256576772264713,0.026721056428913523,0.024367546731279006,0.025486789380411625,0.03310031060878623,20250627,-0.040609050988858364,-0.044908059411693735,-0.2546998323819776,-0.3062904712920842
P1_valid_202505_06,20250628_1_01,20250628,False,0.09449814710491443,0.0967628324921267,0.08438605751048299,0.09149262645428642,0.09124749126332994,20250628,-0.023682731740040097,-0.08085619125303012,0.03500472787200959,-0.07817330649782939
P1_valid_202505_06,20250628_1_02,20250628,False,0.6219783344814384,0.6357293712147468,0.6264403929986005,0.6374064634128807,0.6250653133536965,20250628,-0.021867695715026503,-0.017353915258949693,-0.004950885533309191,0.0021974813079488342
P1_valid_202505_06,20250628_1_03,20250628,False,0.31349877298925166,0.3223562056915038,0.32379112648232594,0.33011072335827685,0.2032573863604196,20250628,-0.027861716824308935,-0.019329486961046083,0.4333223571311635,0.4656255475272868
P1_valid_202505_06,20250628_1_04,20250628,False,0.3314086537940867,0.31629495148540276,0.3203033199706886,0.3102892732593221,0.29680790895394177,20250628,0.04667704846303633,0.031763419831089434,0.11026705913111079,0.07618326339529902
P1_valid_202505_06,20250628_1_05,20250628,False,0.2928289215585338,0.26875837004252884,0.2881872223628674,0.2667982080404406,0.31871313283771746,20250628,0.08577582972262054,0.07711774904703605,-0.08470287507390362,-0.10068108152186883
P1_valid_202505_06,20250628_1_06,20250628,False,0.24532977775310838,0.254880816351244,0.24963899753290342,0.25810171524884107,0.22712866277142998,20250628,-0.03819271193971008,-0.033337887971108815,0.07708668383863282,0.09449921114392223
P1_valid_202505_06,20250628_1_07,20250628,False,0.23751594792728792,0.22218777234548745,0.25588031310407355,0.24014847078034948,0.21866160173690116,20250628,0.06671192464479447,0.06345244789568438,0.08270943316866353,0.15718447099839894
P1_valid_202505_06,20250628_1_08,20250628,False,0.022388720316599782,0.021479236787252345,0.021308288026367684,0.02046212544606986,0.017763551014413105,20250628,0.0414705370491002,0.04052046812852694,0.23140861265576085,0.1819474441681317
P1_valid_202505_06,20250628_1_09,20250628,False,0.2506934838616417,0.23419127896346884,0.25810957573115806,0.2450022857991518,0.2740098793635433,20250628,0.06809280013962571,0.05211666659955694,-0.08893314875939518,-0.059779954916173716
P1_valid_202505_06,20250629_1_01,20250629,False,0.15512818264929468,0.15798280542321858,0.1532151792020503,0.15592628145648904,0.12391901340209426,20250629,-0.0182344406797581,-0.01754000744262174,0.22462352548415865,0.21221509884592993
P1_valid_202505_06,20250629_1_02,20250629,False,0.2992397136495887,0.29071171341469426,0.28537007976293494,0.28044395803860567,0.28432784899521496,20250629,0.02891286950091021,0.01741295148484734,0.051116999851350986,0.0036588931707377537
P1_valid_202505_06,20250629_1_03,20250629,False,0.14307603226780324,0.1309722990625273,0.14008311442789054,0.13346160003625662,0.12027776314427947,20250629,0.08839033983818734,0.04842212465317486,0.17357242226485292,0.1524321600630265
P1_valid_202505_06,20250629_1_04,20250629,False,0.5809591482711344,0.5956971020448211,0.5957233628548777,0.6061481018945304,0.6027963123199016,20250629,-0.025051878239677028,-0.017347945747832716,-0.036898907555351745,-0.011802946121144298
P1_valid_202505_06,20250629_1_05,20250629,False,0.10514825499398549,0.10174260573638434,0.10284176082815322,0.10077944733845604,0.13214254976915008,20250629,0.03292515582725253,0.0202570648714393,-0.228509955769296,-0.250689758115731
P1_valid_202505_06,20250629_1_06,20250629,False,0.2651299311154388,0.25506132399130094,0.258472335852644,0.25275838800387257,0.20471406821949273,20250629,0.03871600943481801,0.022354625934637218,0.25860579558011487,0.23317445390214053
P1_valid_202505_06,20250629_1_07,20250629,False,0.37466806047659446,0.381365738315273,0.37897967414597417,0.38315494783194637,0.3182846365419749,20250629,-0.017718395848825286,-0.01095689747420181,0.16309439601468545,0.17453650752538985
P1_valid_202505_06,20250629_1_08,20250629,False,0.4727822966011646,0.43920645138636455,0.4705963319282881,0.44266715208890517,0.4185405922321594,20250629,0.07366544261753594,0.06118254385130839,0.12186114184700692,0.11722680199847291
P1_valid_202505_06,20250629_1_09,20250629,False,0.07499517794793577,0.08011906643691227,0.06660525408369353,0.07496734149249021,0.09516135544085395,20250629,-0.06609004122738815,-0.11826910735481055,-0.23815011170036682,-0.3567904645619766
P1_valid_202505_06,20250629_1_10,20250629,False,0.41231919165753245,0.365298022151785,0.4029683943458375,0.36840382152222806,0.32044722176683826,20250629,0.1210842669540847,0.08967845530705842,0.2520801983026405,0.229140544804448
P1_valid_202505_06,20250629_1_11,20250629,False,0.21916285218860557,0.20712227581642953,0.22099958520055268,0.2099544403010742,0.2280265761874239,20250629,0.0565057474743349,0.0512702683624735,-0.03964711361742146,-0.03130135979172044
P1_valid_202505_06,20250629_3_01,20250629,False,0.38404082466579276,0.3707151093153943,0.4043831393746561,0.39127620338338687,0.4262507428021702,20250629,0.03531499296837348,0.03294908022053067,-0.10427891006999113,-0.052664977904462784
P1_valid_202505_06,20250629_3_02,20250629,False,0.07495872910549346,0.0749835213238074,0.06536959048455054,0.06572700368223848,0.0969234354733358,20250629,-0.00033069022865639397,-0.00545268297017909,-0.2569836583211531,-0.39386416877797625
P1_valid_202505_06,20250629_3_03,20250629,False,0.12982217822770145,0.13564794094794091,0.12749616358203597,0.1330392680989383,0.12488192094074048,20250629,-0.043897205542581474,-0.042558058915460606,0.0387969959126937,0.020717616211326728
P1_valid_202505_06,20250629_3_04,20250629,False,0.15796640658816377,0.16663709218334877,0.16345940438701853,0.17078970621625367,0.1629761479775145,20250629,-0.05343595321835193,-0.04386834318651012,-0.031221464782724473,0.0029608096240629767
P1_valid_202505_06,20250629_3_05,20250629,False,0.015178628310063618,0.01650383854046368,0.015701421532779543,0.01678965920573455,0.0171492970875922,20250629,-0.08370458643756695,-0.06701192168410053,-0.12206878039703106,-0.08820593488117545
P1_valid_202505_06,20250629_3_06,20250629,False,0.062222868304156354,0.06351710802259639,0.060911256932975374,0.06512357476159056,0.04980311920125405,20250629,-0.020586697492180228,-0.0668686146346742,0.22264497316624432,0.20134038390802678
P2_valid_202507_08,20250704_3_01,20250704,False,0.025453271512043872,0.028091633202401323,0.026267393655214275,0.028206561458982787,0.02495606323955582,20250704,-0.09862749982158947,-0.07122624168800762,0.019727473089839354,0.051211576754210064
P2_valid_202507_08,20250704_3_02,20250704,False,0.27179899709516386,0.28000112513025227,0.2746352878423245,0.28071809612164833,0.2578219054142824,20250704,-0.029730809636537625,-0.02190695770357931,0.05279375437649203,0.06317493395211593
P2_valid_202507_08,20250704_3_03,20250704,False,0.16125618223551763,0.15154362676530564,0.15794596242727274,0.1494143562463601,0.1457349110819255,20250704,0.062120745443120295,0.0555296038123565,0.10120500053912673,0.08046367072736604
P2_valid_202507_08,20250704_3_04,20250704,False,0.294975871903001,0.285538093147105,0.29460322839753833,0.2824174182935976,0.28531467909758473,20250704,0.03251811655547643,0.04224327932115424,0.0333008544934863,0.032036754206027585
P2_valid_202507_08,20250704_3_05,20250704,False,0.15942908540670817,0.1621887153937642,0.16290078012380502,0.1639542460437716,0.15390450261214486,20250704,-0.017161349331494602,-0.006446096791790756,0.03526692060200176,0.056809007414220236
P2_valid_202507_08,20250704_3_06,20250704,False,0.08481063322400852,0.0934629670001858,0.08418432983803635,0.09985145753377757,0.09356072874882777,20250704,-0.09714435624243478,-0.1706748594972054,-0.09818980406287903,-0.10560193330068968
P2_valid_202507_08,20250704_3_07,20250704,False,0.1422050215139363,0.14234527719167808,0.14300506761065637,0.14327439495478336,0.13415657882993745,20250704,-0.0009858059523277785,-0.0018815699957788201,0.05826221326467773,0.06387245095026106
P2_valid_202507_08,20250704_3_08,20250704,False,0.2516933257137953,0.22529042535008367,0.25471671491524006,0.23915236058931993,0.2498907308025013,20250704,0.11082103576067204,0.06305116490095508,0.007187639432970849,0.019128260199926972
P2_valid_202507_08,20250705_1_01,20250705,False,0.18525929047321724,0.19730414370076133,0.1886191933073916,0.19645075664357886,0.24888058632595034,20250705,-0.06299000091805929,-0.04068166528770378,-0.29521679452345295,-0.27724307615180277
P2_valid_202507_08,20250705_1_02,20250705,False,0.08888508204280354,0.09255285569049775,0.07927590983713811,0.08204558297271952,0.07834258476487499,20250705,-0.04043557179831092,-0.034340685393048354,0.1262530005123681,0.011842975449080306
P2_valid_202507_08,20250705_1_03,20250705,False,0.011144488779145107,0.01161489822858995,0.010656602323671686,0.011002593791783977,0.018417184641613817,20250705,-0.04134350830457478,-0.03195140768600435,-0.502339080858488,-0.5471045401015591
P2_valid_202507_08,20250705_1_04,20250705,False,0.27690615202602814,0.30130051173317546,0.2863904089748405,0.3081536725462319,0.2872816203216062,20250705,-0.08442949712114034,-0.07324264907498246,-0.03678434268803721,-0.0031070438097440256
P2_valid_202507_08,20250705_1_05,20250705,False,0.41984927886044243,0.3940959059403011,0.4074986379162452,0.3944121219403514,0.2769821495446882,20250705,0.06330149124653917,0.032641232739465176,0.41594272498179685,0.3860845281045888
P2_valid_202507_08,20250705_1_06,20250705,False,0.3561365473423461,0.3416642548948585,0.3507857719871778,0.3423734087324031,0.33169552620780307,20250705,0.04148567322695884,0.024273721076619736,0.07109675886524736,0.05595824251914894
P2_valid_202507_08,20250705_1_07,20250705,False,0.09240011800398124,0.083737650700923,0.08693398107755543,0.08046535930768389,0.10978435000482303,20250705,0.0984395502308053,0.07732221975067688,-0.17238973133840352,-0.23336899468246175
P2_valid_202507_08,20250705_1_08,20250705,False,0.11049962915647683,0.11820747427687092,0.1063394096048368,0.11330756508354083,0.12633713028932858,20250705,-0.06742917222349476,-0.06346998007713367,-0.13394180612112816,-0.17231801492006538
P2_valid_202507_08,20250705_1_09,20250705,False,0.08535447631324922,0.0913419277991525,0.08264232258973842,0.0875187695383935,0.11071621693123165,20250705,-0.06779701886595557,-0.05733135004385481,-0.260157428978137,-0.292448394069579
P2_valid_202507_08,20250706_1_01,20250706,False,0.419844164653709,0.41858233803661643,0.4298859151845187,0.42863822455070494,0.38256838943671845,20250706,0.0030099897026789613,0.0029065962259464673,0.09297617269004221,0.11661242676387762
P2_valid_202507_08,20250706_1_02,20250706,False,0.15244549911388822,0.15804991414037967,0.15441149443105578,0.15973704582829035,0.16879974890028432,20250706,-0.03610374610682965,-0.03390791907618884,-0.10190594529194952,-0.0890920139864746
P2_valid_202507_08,20250706_1_03,20250706,False,0.3792045135557912,0.3731942060191146,0.38261841827960824,0.375959482660147,0.3638365727154486,20250706,0.015976729430706937,0.017556816925994867,0.04137088238667774,0.05033340486654314
P2_valid_202507_08,20250706_1_04,20250706,False,0.10145691053645052,0.09625438206592304,0.0962671584200119,0.09040972783115193,0.0825618646287796,20250706,0.05263968152120935,0.06277535621823027,0.20608629499675502,0.15357933996501139
P2_valid_202507_08,20250706_1_05,20250706,False,0.015539056868242735,0.015452907912358574,0.01555187766847456,0.015191404819769948,0.01705151515683492,20250706,0.00555945248269385,0.023451586190849305,-0.09288241277625264,-0.09205768356501665
P2_valid_202507_08,20250706_1_06,20250706,False,0.2616797525853996,0.25729856107884996,0.2584364907921787,0.2545772353860798,0.24959524981461212,20250706,0.01688431085919584,0.015045711300219589,0.04728083262163496,0.034809375051356506
P2_valid_202507_08,20250706_1_07,20250706,False,0.34182590501587934,0.32585661412163536,0.3445945940566497,0.33061095106657695,0.29584141464262154,20250706,0.047844107163011795,0.041426326719662177,0.1444780083814925,0.1525450869710776
P2_valid_202507_08,20250706_1_08,20250706,False,0.5003849181182871,0.4823097164461491,0.4882203392973493,0.48427300751138735,0.44258104026364226,20250706,0.03679116555192041,0.008118006106648257,0.1227540489685387,0.09814322938622311
P2_valid_202507_08,20250706_1_09,20250706,False,0.08291226982069631,0.08731000687263225,0.08833710159485703,0.09063302363488855,0.08252123967708075,20250706,-0.05168202386149501,-0.025658449943900763,0.004727347839321272,0.0681044851354482
P2_valid_202507_08,20250706_1_10,20250706,False,0.4748173347072449,0.4829693332068091,0.4733323421575751,0.4843762551154136,0.4443850558536533,20250706,-0.017022987749411467,-0.023064223418557295,0.06623874205398916,0.06310633838371005
P2_valid_202507_08,20250706_1_11,20250706,False,0.04813904265107865,0.050511875142526926,0.04808524542180602,0.04970823887057415,0.04538268311776943,20250706,-0.04811491458368433,-0.03319530934013404,0.05896294223036502,0.057844778906837924
P2_valid_202507_08,20250706_3_01,20250706,False,0.24359256526319187,0.23689604026752875,0.22815599564249478,0.23188869252278788,0.18767169516518786,20250706,0.027875618863497653,-0.01622789651280243,0.26080288115019745,0.19533545246290318
P2_valid_202507_08,20250706_3_02,20250706,False,0.25355964028506,0.2672219354947364,0.25449712185509654,0.2652542314301366,0.25688682478641234,20250706,-0.05248046945350571,-0.041399203068782864,-0.01303655466588749,-0.009346090513450145
P2_valid_202507_08,20250706_3_03,20250706,False,0.021621226613603977,0.02372506242961266,0.020526305753594605,0.022166907817584423,0.025351608306798015,20250706,-0.0928564301416741,-0.0768932668936042,-0.15916662634384737,-0.21113490105016197
P2_valid_202507_08,20250706_3_04,20250706,False,0.034738924000650366,0.03629815485127759,0.03447695268025998,0.035554386850121585,0.030542191724511617,20250706,-0.043906122025417105,-0.03077248552999734,0.12875172449360273,0.12118199963044773
P2_valid_202507_08,20250706_3_05,20250706,False,0.20189945664446524,0.19315474721291243,0.1908608834238076,0.1854930021804968,0.17762199354732663,20250706,0.04427816743760826,0.02852764638509786,0.12811217367191485,0.07188714319457135
P2_valid_202507_08,20250706_3_06,20250706,False,0.34731835034063097,0.3331952488689084,0.3484442897360248,0.3377788001342435,0.31963349610561725,20250706,0.04151314440558007,0.03108711636391437,0.08306678076139673,0.08630334539830731
P2_valid_202507_08,20250711_3_01,20250711,False,0.12260900856992474,0.13679134137063753,0.1281411369336936,0.14015562716481544,0.15931920434650268,20250711,-0.10945620894520292,-0.08962113905861746,-0.2619092640760581,-0.2177774754802635
P2_valid_202507_08,20250711_3_02,20250711,False,0.25686219492943196,0.27263969480011735,0.25962496300440524,0.27441090497306564,0.33166525292705445,20250711,-0.05961138963103285,-0.05538849651756461,-0.25558645136506497,-0.24488804624991056
P2_valid_202507_08,20250711_3_03,20250711,False,0.045697450174653584,0.04443028379476661,0.04514878573453159,0.04481418994643438,0.04822963042624132,20250711,0.02812119709262939,0.007438556325813472,-0.05393106983727325,-0.06601018584445706
P2_valid_202507_08,20250711_3_04,20250711,False,0.03912171782394738,0.038233150238360214,0.03043051408989754,0.031217829536901325,0.06642690016272823,20250711,0.022974809285218445,-0.025543533164515964,-0.529424341517279,-0.7806562394287244
P2_valid_202507_08,20250711_3_05,20250711,False,0.26261317481330887,0.22072906244426438,0.2490611793951765,0.21866374062724273,0.21075669918754197,20250711,0.17374614364137453,0.13016344775895106,0.21997774751904298,0.16699418292404244
P2_valid_202507_08,20250711_3_06,20250711,False,0.16038242309419268,0.14191949609757035,0.14735692776815257,0.14340014404514487,0.12701499478191727,20250711,0.12230113977490875,0.02721879114685266,0.23325595908293928,0.14855257517285358
P2_valid_202507_08,20250711_3_07,20250711,False,0.07558927349677697,0.07908917185415082,0.06983708762606113,0.07568159776624209,0.09977127677923386,20250711,-0.04526158539096636,-0.08036982664990777,-0.2775659459138944,-0.3567151240654134
P2_valid_202507_08,20250711_3_08,20250711,False,0.030086624855846462,0.033949183551095205,0.029464591937341408,0.03296515882068324,0.05160833005713009,20250711,-0.12078408909650706,-0.11226194128109279,-0.539602378623552,-0.5604938255435639
P2_valid_202507_08,20250712_1_01,20250712,False,0.07785125980805215,0.07696467082243112,0.08765738633047138,0.07693767229225945,0.0810925014779517,20250712,0.011453584579109943,0.13044023523626924,-0.040790415994218066,0.07784538190914647
P2_valid_202507_08,20250712_1_02,20250712,False,0.6101890126508425,0.6163502211409018,0.6137312078649481,0.616806180761879,0.5773060058142466,20250712,-0.010046576812264618,-0.004997782799388062,0.05539630068232004,0.061184594795998914
P2_valid_202507_08,20250712_1_03,20250712,False,0.25738267187890773,0.22858482795079424,0.2596105206614975,0.23748387152244527,0.2666021422032962,20250712,0.11865659333911727,0.08908279865022761,-0.035193469905321795,-0.0265749325437048
P2_valid_202507_08,20250712_1_04,20250712,False,0.19462851508260054,0.19429899028121184,0.19481098209383405,0.19712519668257356,0.21577586903008744,20250712,0.0016945311179841216,-0.011809277167240895,-0.10314753479235939,-0.102210459709279
P2_valid_202507_08,20250712_1_05,20250712,False,0.11484008500838319,0.12043231407902817,0.11167544952742979,0.11781337365796994,0.13830623449103618,20250712,-0.04754729073962727,-0.05350490073084213,-0.1859297216412763,-0.21387342457862912
P2_valid_202507_08,20250712_1_06,20250712,False,0.17655416838506652,0.17928594175662826,0.17773483357814787,0.18053336254555086,0.23544127528408146,20250712,-0.015354238952048238,-0.015622854152453236,-0.28783378818981453,-0.28116877992145484
P2_valid_202507_08,20250712_1_07,20250712,False,0.045361942585964384,0.04466856137377269,0.04909968853824258,0.04978304753863826,0.07531815369731222,20250712,0.015403555272767822,-0.013821823843249703,-0.5070477062354817,-0.4278684993434978
P2_valid_202507_08,20250712_1_08,20250712,False,0.21918686632473516,0.23803206147575204,0.220778953761586,0.24056216762846092,0.2431982022138138,20250712,-0.08248073980456305,-0.08581655764870222,-0.10395212097470719,-0.09671476610063112
P2_valid_202507_08,20250712_1_09,20250712,False,0.1981369835204572,0.19433901511082483,0.20295637372531647,0.1985636814536401,0.18248651684428274,20250712,0.019354492916309862,0.021881186142640674,0.08228233746030145,0.10631475820078262
P2_valid_202507_08,20250713_1_01,20250713,False,0.26326794490900013,0.2660499530855651,0.2706635580394885,0.2724019111891019,0.320397933419265,20250713,-0.010511769218796374,-0.0064020240116207106,-0.19639144968445232,-0.16868719881927596
P2_valid_202507_08,20250713_1_02,20250713,False,0.09339598188725715,0.09905318106797471,0.08517807419593697,0.09626633437775084,0.08712527163092523,20250713,-0.058808564578169076,-0.12237461099171609,0.06950133703944905,-0.02260293119267276
P2_valid_202507_08,20250713_1_03,20250713,False,0.33882014393228604,0.3324305009666624,0.34105391798755164,0.33599507615928814,0.3318909893073781,20250713,0.01903859911816319,0.014944076481850699,0.020662848177674054,0.02723401251023594
P2_valid_202507_08,20250713_1_04,20250713,False,0.18365851432078292,0.1545390765802363,0.17496521513064955,0.1529692486164338,0.13274454679470707,20250713,0.17263114565384896,0.13435027172772251,0.3246515523424591,0.27616060296497724
P2_valid_202507_08,20250713_1_05,20250713,False,0.04438446758477454,0.038662931848171427,0.04125703189213896,0.03784708015159244,0.049935276750454026,20250713,0.1380082714223052,0.08626773408331445,-0.11783812283176331,-0.1909061335289275
P2_valid_202507_08,20250713_1_06,20250713,False,0.3037840816274577,0.31021753185363615,0.30575976589576703,0.31420719477288644,0.2966312326288894,20250713,-0.02095657579953203,-0.027252909418985283,0.02382746490152976,0.030309988496944662
P2_valid_202507_08,20250713_1_07,20250713,False,0.12000116061817745,0.11715645762220166,0.12105271736873822,0.12030228689411397,0.13887349964990484,20250713,0.023991128436768427,0.006218498722740495,-0.1460620297469699,-0.1373373128515678
P2_valid_202507_08,20250713_1_08,20250713,False,0.13977574075484997,0.1410963206204667,0.1403138696260066,0.14051484349087867,0.10938387100411516,20250713,-0.009403495600375233,-0.0014312916720731206,0.24517583880981197,0.24901839143114546
P2_valid_202507_08,20250713_1_09,20250713,False,0.26973102346424205,0.2944369470252,0.2785353601859932,0.2983657781610128,0.28768356535789114,20250713,-0.08763962532628056,-0.06877515944153756,-0.06443589163159702,-0.03231612682759999
P2_valid_202507_08,20250713_1_10,20250713,False,0.39890013840938626,0.41325775271167864,0.41085958691568253,0.42328209994554256,0.3800413122818518,20250713,-0.03536039097904564,-0.029787341259824518,0.048431142546548345,0.0779715551076442
P2_valid_202507_08,20250713_1_11,20250713,False,0.05678000050987458,0.05705500323056475,0.057553723245230316,0.05701141766704306,0.0519592270888422,20250713,-0.004831611483928633,0.009467271185606752,0.08872484345139942,0.1022595123356691
P2_valid_202507_08,20250713_3_01,20250713,False,0.2312519762296484,0.1860629336059409,0.21446374362541656,0.18171476179182428,0.17040720086746128,20250713,0.21742295300901748,0.1657024819291142,0.30531705009975063,0.22994982457979019
P2_valid_202507_08,20250713_3_02,20250713,False,0.14359925146363406,0.14404161687401715,0.13985985224847597,0.1418794685822102,0.14688082871460717,20250713,-0.003075819939604596,-0.014337018503647103,-0.022595125024660545,-0.04898070312570102
P2_valid_202507_08,20250713_3_03,20250713,False,0.43418256635001945,0.432533194470968,0.43677281925120093,0.4354413551660429,0.41996335783144323,20250713,0.003806031791872777,0.0030530692081170985,0.03329764122751944,0.03924573129247588
P2_valid_202507_08,20250713_3_04,20250713,False,0.31046267244045317,0.30020725307958235,0.30562076146019934,0.29962161625860506,0.29681057568164615,20250713,0.03359059683152066,0.019824592263855356,0.044969533554770846,0.02925084869111516
P2_valid_202507_08,20250713_3_05,20250713,False,0.14480022352029331,0.14720233183691336,0.14314000534464796,0.14346831988557146,0.19035529249296498,20250713,-0.016453023853823856,-0.002291033829987521,-0.2735372628513446,-0.2850690768011477
P2_valid_202507_08,20250713_3_06,20250713,False,0.2355726463220197,0.2655374171225902,0.24349182205079897,0.27738441362000266,0.20488252904725832,20250713,-0.11973641869557627,-0.1303209619676602,0.13958255698173416,0.17264657109491233
P2_valid_202507_08,20250718_3_01,20250718,False,0.26288882812376024,0.24846545075436352,0.25812214482977647,0.24672504995335473,0.2770346877684467,20250718,0.05642743135692574,0.04515834393820217,-0.05241148888971603,-0.0707098224860605
P2_valid_202507_08,20250718_3_02,20250718,False,0.3349253988096103,0.3524870234730187,0.33258857547591547,0.3463312201699338,0.320288483893781,20250718,-0.05110599182684039,-0.04048938385347478,0.044685715061568265,0.037684115184714484
P2_valid_202507_08,20250718_3_03,20250718,False,0.025897522354171486,0.02714207450717366,0.025232911047812612,0.025860360142704257,0.032458594761433215,20250718,-0.046937786614742905,-0.02456216346889928,-0.22581796762939588,-0.25181613334802
P2_valid_202507_08,20250718_3_04,20250718,False,0.14464486834052817,0.15826104103665226,0.1417505969721448,0.15342916981786675,0.16299089456789276,20250718,-0.08996427376919769,-0.07916987207964565,-0.11941278329457372,-0.13962518365708232
P2_valid_202507_08,20250718_3_05,20250718,False,0.1259156395846229,0.1337689284242007,0.13017331111425162,0.13544194683193617,0.13251116240000346,20250718,-0.06050174107963224,-0.03967638684894936,-0.051054730794288794,-0.01780016140531604
P2_valid_202507_08,20250718_3_06,20250718,False,0.2311178659640622,0.2247871500884117,0.22785390768058278,0.22407157557375207,0.1700629904170312,20250718,0.027773867803801755,0.016739133169423326,0.30675892237596547,0.29253576751062815
P2_valid_202507_08,20250718_3_07,20250718,False,0.12236063812117258,0.13035768277234847,0.12424684293935793,0.13247275183471569,0.1355589006692499,20250718,-0.06330934382636988,-0.06410672203252554,-0.10243350277318397,-0.08713598143968948
P2_valid_202507_08,20250718_3_08,20250718,False,0.17588098450208053,0.1857469574975291,0.17302794098109056,0.1833022451059725,0.16039488491260592,20250718,-0.05457776203272924,-0.057683313012291126,0.09216873652364632,0.07581428466624396
P2_valid_202507_08,20250719_1_01,20250719,False,0.40010513567206685,0.39531825394211356,0.38817303690092914,0.39212304483765936,0.2963370360953834,20250719,0.012036205075282247,-0.010124468827589883,0.3002299097242419,0.26995376957399375
P2_valid_202507_08,20250719_1_02,20250719,False,0.10111061156782494,0.10548502151019072,0.10150088155896912,0.10546868963296738,0.10565605494972806,20250719,-0.04235388500534576,-0.03834664438367241,-0.04397397219836385,-0.040121570068675005
P2_valid_202507_08,20250719_1_03,20250719,False,0.3943387833513505,0.3973965437795797,0.40473064612029336,0.40460325409772535,0.3642763280023485,20250719,-0.0077242369427620305,0.0003148070866320074,0.07929767355791084,0.10530905204345264
P2_valid_202507_08,20250719_1_04,20250719,False,0.20555262460870002,0.20279893980708605,0.20179506679953405,0.2020454388056749,0.2852175782487137,20250719,0.013487038046463784,-0.0012399550552479877,-0.3275502394798382,-0.3459996598216888
P2_valid_202507_08,20250719_1_05,20250719,False,0.0981237696807456,0.09349319725735382,0.09957073112591261,0.09050138311085584,0.07444198937666674,20250719,0.048340960696662716,0.09550312362436486,0.2762094817559704,0.29084810122374183
P2_valid_202507_08,20250719_1_06,20250719,False,0.1996705424433365,0.19233083834028736,0.1969296532529379,0.1942102176737466,0.16689985600444987,20250719,0.03745171497271049,0.013905406226433215,0.17927475259236436,0.16545260697754394
P2_valid_202507_08,20250719_1_07,20250719,False,0.21589787125972315,0.20324780250626237,0.20978545275739124,0.20193664831074265,0.19459170722526295,20250719,0.06037954103618581,0.038131328950106846,0.10390192324868774,0.07518180055786727
P2_valid_202507_08,20250719_1_08,20250719,False,0.226334574617949,0.22075769256538966,0.2277873594073143,0.22229981181496417,0.15726533161281658,20250719,0.024948636911136468,0.02438558516872713,0.3640799340357894,0.37047817044155296
P2_valid_202507_08,20250719_1_09,20250719,False,0.30153607660368686,0.28733742808271484,0.3090416650276985,0.2977040297155745,0.29700800456918314,20250719,0.04823243330726856,0.03737630199261144,0.015130576218318481,0.03971701623431545
P2_valid_202507_08,20250720_1_01,20250720,False,0.014296923681090944,0.014244979577009709,0.013307788752136313,0.014006228305826202,0.013378848684938716,20250720,0.003639852672757904,-0.05115262539318799,0.06636938339193676,-0.005325519253973177
P2_valid_202507_08,20250720_1_02,20250720,False,0.2406684406189633,0.22266526546484425,0.21901745803043354,0.21042290836222316,0.2651637673552344,20250720,0.07775062916429287,0.04003208868806829,-0.09692740393830523,-0.1911961814555685
P2_valid_202507_08,20250720_1_03,20250720,False,0.07600585175960511,0.08071654561947186,0.06951366722294919,0.07536057616132359,0.09834026858758255,20250720,-0.06013324636534678,-0.08076089176423862,-0.2576232590349048,-0.34691020926659055
P2_valid_202507_08,20250720_1_04,20250720,False,0.01903276814757956,0.016942773382305872,0.01729900570004044,0.0157875666472368,0.02089718859249111,20250720,0.11632073924266662,0.09142631667888601,-0.09345249978684089,-0.1889656069509007
P2_valid_202507_08,20250720_1_05,20250720,False,0.1260583632974161,0.12057348278395962,0.12123952069767413,0.11952153284807435,0.1489955401832399,20250720,0.044485617777026754,0.014271552510510155,-0.16717137336113086,-0.2061482749945236
P2_valid_202507_08,20250720_1_06,20250720,False,0.28813959822952295,0.30302838085230754,0.3067876325689906,0.31710424827685285,0.3653030048510098,20250720,-0.0503813885284099,-0.03307482110480087,-0.23728208070128098,-0.17457140184731523
P2_valid_202507_08,20250720_1_07,20250720,False,0.06077182604297177,0.050496564559144294,0.07441745375274923,0.04906649644777483,0.07292434506385365,20250720,0.18522098868838288,0.416514059291611,-0.18229624063455985,0.020267973018820662
P2_valid_202507_08,20250720_1_08,20250720,False,0.5499518518999506,0.5237037376607445,0.5434402359496007,0.5348386866578579,0.49642770478955733,20250720,0.04890459410799264,0.015954557896838084,0.10239286920000112,0.09048187586638257
P2_valid_202507_08,20250720_1_09,20250720,False,0.09122074108230628,0.09545008421669769,0.08383934374934862,0.08966267624461594,0.08028512794670517,20250720,-0.04532113711211894,-0.06715219397032168,0.1276978977146377,0.043317995468185266
P2_valid_202507_08,20250720_1_10,20250720,False,0.22197161709128038,0.2263351468413151,0.240892662059787,0.25029986802591947,0.21563173875969363,20250720,-0.019467328653688165,-0.03830822254101207,0.028977483242319968,0.11077940911681883
P2_valid_202507_08,20250720_1_11,20250720,False,0.11014673393873886,0.11665067714498757,0.10703097776501963,0.11228387073237775,0.15071974954502823,20250720,-0.05737038160379182,-0.047911920441112255,-0.3136087273271657,-0.3423038447190747
P2_valid_202507_08,20250720_3_01,20250720,False,0.6596688774876678,0.6431951179926496,0.6743524262401683,0.6593474927183489,0.6257770826420957,20250720,0.02528988069987287,0.022502163261067576,0.052743798683943854,0.07475865218458955
P2_valid_202507_08,20250720_3_02,20250720,False,0.17877344524314748,0.1532923223556904,0.16728089680790087,0.153025078671256,0.15476833172477678,20250720,0.1537726330297544,0.08907259538028378,0.14418997036665204,0.07774505141861421
P2_valid_202507_08,20250720_3_03,20250720,False,0.05714688658244514,0.06393393569107904,0.06542585932286447,0.06446162723171965,0.05918553878303133,20250720,-0.11222538463146492,0.014847462679823398,-0.035052323976358046,0.10024034806673354
P2_valid_202507_08,20250720_3_04,20250720,False,0.2860885396718386,0.30536709451728944,0.2882909970926856,0.31423790145096303,0.27660143765314094,20250720,-0.06521329927437058,-0.08617997038031122,0.033723725376004765,0.041392759784403266
P2_valid_202507_08,20250720_3_05,20250720,False,0.4188191835313901,0.4068581679161133,0.3942655282871127,0.4110256607817612,0.3996943794974656,20250720,0.028974640966080933,-0.04163103556733294,0.04673908008047756,-0.013675591843683388
P2_valid_202507_08,20250720_3_06,20250720,False,0.13706506676959104,0.14664399285673618,0.13921366150427292,0.14624188463221155,0.1632660788334942,20250720,-0.06755207913079242,-0.04925210880299846,-0.17492550239141935,-0.159371369320221
P2_valid_202507_08,20250726_1_01,20250726,False,0.46168016552461905,0.46910169543841834,0.47876302887354494,0.48374745364360633,0.469923563588114,20250726,-0.01594721063517024,-0.010357226062485236,-0.017697681885343486,0.018635703667109205
P2_valid_202507_08,20250726_1_02,20250726,False,0.10019430544783242,0.09707155019278357,0.11056561758411527,0.10079171336457515,0.10061348500197205,20250726,0.03166301773692215,0.0925530254313891,-0.004174939249746323,0.09432287457700816
P2_valid_202507_08,20250726_1_03,20250726,False,0.019321003558428248,0.019985243548727032,0.01844521574036577,0.018809478820005644,0.021620424365081513,20250726,-0.033801407211961454,-0.019555907932283567,-0.11244566892222174,-0.15883341298082154
P2_valid_202507_08,20250726_1_04,20250726,False,0.046438772714182376,0.04843108003653548,0.04609854642898203,0.047271768432968514,0.04984360082412113,20250726,-0.04200702801070921,-0.025131836741842495,-0.07075539040714762,-0.07810870086363142
P2_valid_202507_08,20250726_1_05,20250726,False,0.1306940338312283,0.12536309796079703,0.1303487215858911,0.12589272091575623,0.10641100170483216,20250726,0.04164466152149604,0.03478320979870464,0.2055500007345561,0.20290436173798287
P2_valid_202507_08,20250726_1_06,20250726,False,0.10347214347095839,0.10966047588699446,0.09814556046695906,0.1107224078352445,0.09125518681882976,20250726,-0.05808657835416087,-0.12057455112502113,0.1256425985738674,0.07279185487739692
P2_valid_202507_08,20250726_1_07,20250726,False,0.31608779559242695,0.31019814101111126,0.3198870158205968,0.3205907237026534,0.3225773227788445,20250726,0.01880875129890147,-0.002197447691940191,-0.020322858901014484,-0.008375010165129426
P2_valid_202507_08,20250726_1_08,20250726,False,0.19966740125585683,0.19841614078817468,0.19650402824675628,0.19596342907169167,0.22275619694189697,20250726,0.006286442197560804,0.0027548756304915933,-0.10942489761126906,-0.12539495504690135
P2_valid_202507_08,20250726_1_09,20250726,False,0.12783393882891433,0.13717763826996404,0.12874813834448867,0.13734447516312573,0.15914115484099942,20250726,-0.07054464690787832,-0.0646341072401313,-0.2190595059547369,-0.21193349470537282
P2_valid_202507_08,20250727_1_01,20250727,False,0.018794015862445584,0.02113449938138149,0.01999591819185533,0.021696744529692828,0.022467288436602912,20250727,-0.11736823305110322,-0.08163406530141915,-0.17852189010992436,-0.11653224176943766
P2_valid_202507_08,20250727_1_02,20250727,False,0.11833280189802749,0.10712560146475619,0.11706801234798526,0.10814357478902452,0.1191906476485966,20250727,0.09949901828562924,0.07929532757252433,-0.007223282434664746,-0.017969224202642575
P2_valid_202507_08,20250727_1_03,20250727,False,0.251114642853023,0.2398582620420994,0.25139199632364384,0.24129595435400447,0.21136611069239347,20250727,0.04586140523074622,0.040989252779711105,0.17231782763393744,0.17342170757168085
P2_valid_202507_08,20250727_1_04,20250727,False,0.12554006944769283,0.11968343579609693,0.12734416439082055,0.12029029989138451,0.15918636105963388,20250727,0.04777476407757941,0.05698538990908153,-0.23745061192329486,-0.22318222102237484
P2_valid_202507_08,20250727_1_05,20250727,False,0.19709302020660469,0.21125159365703758,0.2045084467772576,0.21665675028688194,0.18622468931859212,20250727,-0.06937400906329305,-0.05770502610337713,0.05672184933525637,0.09365532741519678
P2_valid_202507_08,20250727_1_06,20250727,False,0.5253844837001106,0.5159484502038358,0.5373969522932913,0.5270035548035826,0.4482325979762782,20250727,0.018123486674050948,0.019529731081730728,0.15881805486642842,0.18142473536535197
P2_valid_202507_08,20250727_1_08,20250727,False,0.16438014800257797,0.1648031224071396,0.16749229029019397,0.1661654596195203,0.1669195679381812,20250727,-0.002569842852677917,0.007953285455253534,-0.015330346195039812,0.0034252548040374364
P2_valid_202507_08,20250727_1_09,20250727,False,0.45077728838112735,0.4383495992128292,0.4597054682372985,0.45322575616893884,0.33460888323155163,20250727,0.027956636472410312,0.01419563863882034,0.2980110631885057,0.31762366096209116
P2_valid_202507_08,20250727_1_10,20250727,False,0.009403331046760001,0.009664498930562777,0.009446584353142022,0.009718791486411518,0.0135625687118551,20250727,-0.027395274428911875,-0.028408046011659138,-0.36624970442022864,-0.3616604655427125
P2_valid_202507_08,20250727_1_11,20250727,False,0.3489691860103579,0.3067720683376046,0.3311593300536727,0.30717416103445727,0.28452887809249183,20250727,0.1288786026463391,0.07518473271941595,0.20414887293660056,0.15176486610552042
P2_valid_202507_08,20250727_1_12,20250727,False,0.032209201757954734,0.032807953542916934,0.03212822556894436,0.0330807855286552,0.04383950708428859,20250727,-0.018418791452849526,-0.029217671214982754,-0.30828321845444107,-0.31080045407089063
P2_valid_202507_08,20250727_1_13,20250727,False,0.15326001884403354,0.14339562944836196,0.15071206399821502,0.14469309482414203,0.1427223968652754,20250727,0.06652849884076661,0.04075624363817365,0.07123448562690737,0.05446969263211088
P2_valid_202507_08,20250727_1_14,20250727,False,0.18941900576418308,0.19229271476771675,0.18460619646684265,0.1881862983153142,0.2004941293333723,20250727,-0.015057244212520526,-0.01920753215229487,-0.05682344324383837,-0.08256007768710583
P2_valid_202507_08,20250801_3_01,20250801,False,0.21211678115756738,0.21809130494225534,0.21032112379080312,0.21631790121628444,0.18632456909477263,20250801,-0.027776827590443753,-0.028113566939869106,0.1296468294129447,0.12114537553880345
P2_valid_202507_08,20250801_3_02,20250801,False,0.10306522726811612,0.1061690859432186,0.10060589936910772,0.1036299869685294,0.12414801571986978,20250801,-0.02967091137500022,-0.029615839659826282,-0.18611246665779868,-0.21026363111520574
P2_valid_202507_08,20250801_3_03,20250801,False,0.26090174872889954,0.27753871391101403,0.26540248358611124,0.27781344485021614,0.28675469355405975,20250801,-0.061816538246148856,-0.0457023469858342,-0.0944832291813309,-0.07737964422809851
P2_valid_202507_08,20250801_3_04,20250801,False,0.08028622614732342,0.05966692911778994,0.09416518850160129,0.05060505732167863,0.07094550038316276,20250801,0.2968201605333749,0.6209990460992616,0.12368609427026112,0.28313858241879064
P2_valid_202507_08,20250801_3_05,20250801,False,0.19404117114462108,0.1827476290953412,0.18814953661876194,0.17758952255675794,0.14808792004167032,20250801,0.05996423388306882,0.0577622200026473,0.27026420722299727,0.239430902488319
P2_valid_202507_08,20250801_3_06,20250801,False,0.04151346416466962,0.0461785891525496,0.04011163773790512,0.043578472444233705,0.043073949983009015,20250801,-0.10649844008948817,-0.08289676703031867,-0.036900593313208496,-0.07125189552388767
P2_valid_202507_08,20250801_3_07,20250801,False,0.6032663234750825,0.5799789405060285,0.599298969912043,0.5840429766061022,0.56516481842056,20250801,0.03936696995117506,0.02578601844456041,0.06524136073520093,0.05864318601924279
P2_valid_202507_08,20250801_3_08,20250801,False,0.2613220506716998,0.25880878299346033,0.25944042924507893,0.25915128626504436,0.2671620975481433,20250801,0.009664057871152654,0.001115108480712168,-0.02210202380711257,-0.029328464603425308
P2_valid_202507_08,20250801_3_09,20250801,False,0.2481222303750526,0.2538010004357494,0.2480905608086792,0.2521301788190964,0.26629436082637914,20250801,-0.022629007936997958,-0.016151692684259533,-0.07068082741482429,-0.07080847251780864
P2_valid_202507_08,20250801_3_10,20250801,False,0.16693375771614907,0.16404803997975248,0.1694743497683273,0.16676751685099966,0.14978950096993648,20250801,0.01743776170851996,0.016100858708493426,0.10836609170003086,0.1234706049248735
P2_valid_202507_08,20250801_3_11,20250801,False,0.05870831971621344,0.05104631047795971,0.06006003838419864,0.05503194300760332,0.05278848595101323,20250801,0.13984818032038282,0.08743090305219958,0.10628835178335105,0.12905160383043413
P2_valid_202507_08,20250801_3_12,20250801,False,0.49671172436054883,0.4978577626998392,0.49820012406473724,0.5039851911210194,0.41764909055131977,20250801,-0.002304592814141637,-0.011545033089281564,0.17336824268389095,0.17636026819231576
P2_valid_202507_08,20250801_3_13,20250801,False,0.3883629132947786,0.4027444660631665,0.3963639720251956,0.40906135108226194,0.3804748467578197,20250801,-0.036362035580370655,-0.03153223704273844,0.02052017664997785,0.04091284104156501
P2_valid_202507_08,20250801_3_14,20250801,False,0.23092508749149085,0.25832281744773516,0.1973345594624697,0.24557097189064203,0.2153393712648396,20250801,-0.11211667185011498,-0.21868543697117193,0.06987810670167938,-0.08731469496213884
P2_valid_202507_08,20250802_1_01,20250802,False,0.1291612280758613,0.13310882392192303,0.13355987819966283,0.13553034730584493,0.15299346821783347,20250802,-0.030105564615344527,-0.014645677477220342,-0.1693337750747188,-0.13584532597159504
P2_valid_202507_08,20250802_1_02,20250802,False,0.5668670989593061,0.546087550415029,0.5591693335454068,0.547232228870204,0.5654173541876752,20250802,0.037345571247608844,0.02157908718406154,0.0025607444486513975,-0.011111788887739893
P2_valid_202507_08,20250802_1_03,20250802,False,0.3136097233598168,0.3323332249245034,0.3184915948913621,0.33338545337504927,0.346869385092972,20250802,-0.057988861481320875,-0.045703253218253304,-0.10079900364307681,-0.08535221225237466
P2_valid_202507_08,20250802_1_04,20250802,False,0.06782828290342516,0.06680345002015227,0.07730783678083242,0.06814468567110829,0.09194237166853825,20250802,0.015224533713372956,0.12616215661575092,-0.30418272594401286,-0.17336665403791196
P2_valid_202507_08,20250802_1_05,20250802,False,0.1619590085576874,0.16840993382338654,0.17081995655260393,0.17541799747900866,0.16340773361097505,20250802,-0.03905781989899526,-0.02656156670647869,-0.008905241006977649,0.044361605545458094
P2_valid_202507_08,20250802_1_06,20250802,False,0.4089287859786168,0.38373441645619427,0.4166754636442565,0.3959403049711276,0.3340305023700582,20250802,0.06359033397726166,0.05104419928267934,0.20230871020278274,0.22107534088345404
P2_valid_202507_08,20250802_1_07,20250802,False,0.20171288119285094,0.1875022739761811,0.19127273302710482,0.18495023579630587,0.20016463929490064,20250802,0.0730543328387836,0.033613537947053684,0.0077050816665185096,-0.04543989323825137
P2_valid_202507_08,20250802_1_08,20250802,False,0.05046582664597627,0.053143060485330344,0.044637203843563455,0.04994320126973271,0.08135578065380653,20250802,-0.051691124410581324,-0.11231870691638202,-0.47753548305477356,-0.6002642119933519
P2_valid_202507_08,20250802_1_09,20250802,False,0.430393575789635,0.44449529066507654,0.446545826686704,0.4609069790521156,0.3994391785495812,20250802,-0.032239377621737564,-0.031654211431684565,0.07463857291176967,0.1114805207213807
P2_valid_202507_08,20250802_3_01,20250802,False,0.5729965358462225,0.5865066875146498,0.5869884853401042,0.5960980087598569,0.524349630159245,20250802,-0.023304399387669594,-0.01539989425379551,0.08872097610455743,0.11284650857171574
P2_valid_202507_08,20250802_3_02,20250802,False,0.3209036551503823,0.31557192366427617,0.3187594473433191,0.31438155045810323,0.3649931498339128,20250802,0.016754315119777985,0.013829357673381226,-0.12873764746741623,-0.1354418510705011
P2_valid_202507_08,20250802_3_03,20250802,False,0.03039224450179807,0.03472445057724065,0.030492177410372624,0.0336206230885828,0.02531052766598481,20250802,-0.13325660561317765,-0.09766948871135028,0.18296703832997352,0.18624974990634602
P2_valid_202507_08,20250802_3_04,20250802,False,0.17493150185760573,0.17111833098475462,0.17500331268573546,0.17253954278667147,0.13334759517432826,20250802,0.02203916809491302,0.01417845962978359,0.2714352628158576,0.27184568685001076
P2_valid_202507_08,20250802_3_05,20250802,False,0.04591664922572608,0.04946532530513655,0.04715864523522422,0.05057636767818502,0.05265740722017912,20250802,-0.07444414569868574,-0.06996707699418137,-0.13697913710114173,-0.11028956835890513
P2_valid_202507_08,20250803_1_01,20250803,False,0.019067313537221985,0.020965284783916727,0.01868388785535416,0.020591655061603438,0.020956961855303314,20250803,-0.09489242838947076,-0.09722435917942285,-0.09449536337554676,-0.11480935884865318
P2_valid_202507_08,20250803_1_02,20250803,False,0.049996583380337925,0.049166944824101076,0.052743022797942456,0.050862076477334414,0.053132481453782854,20250803,0.01673312616503475,0.036313907897111086,-0.06083377399452239,-0.007356950320151601
P2_valid_202507_08,20250803_1_03,20250803,False,0.22546492195616102,0.20330366881765985,0.2193527488229411,0.20276362914241072,0.2654423590843937,20250803,0.10346382331167936,0.07864024705501205,-0.16323312374428034,-0.19071655464254356
P2_valid_202507_08,20250803_1_04,20250803,False,0.05526612521078845,0.05272366163130184,0.05395669303306424,0.05292842969448334,0.052603935717695914,20250803,0.047095814740194974,0.019241126096174455,0.04936921635923541,0.02539080346153133
P2_valid_202507_08,20250803_1_05,20250803,False,0.2510414003125978,0.2551841490122092,0.24556144401446878,0.24778495498350864,0.2508688741364577,20250803,-0.016367570505593232,-0.009014055962105472,0.0006874781877082015,-0.02138319178969783
P2_valid_202507_08,20250803_1_06,20250803,False,0.046460624735800767,0.04698585752587042,0.042516470222621845,0.046694518426739676,0.06331696056851142,20250803,-0.01124147872711001,-0.0937352438349186,-0.30954805873425517,-0.3982616972235764
P2_valid_202507_08,20250803_1_07,20250803,False,0.11750950005691328,0.11404537506813966,0.11737767930339744,0.10379985447944103,0.09519167985232013,20250803,0.029922785747799274,0.12293219533526578,0.21062664039532164,0.20950422266512403
P2_valid_202507_08,20250803_1_08,20250803,False,0.05312512488118213,0.05535479530476246,0.05081896240621829,0.05253589255367378,0.05140223928022562,20250803,-0.041113313494606896,-0.03322704304496149,0.032968240671119364,-0.011412176627955795
P2_valid_202507_08,20250803_1_09,20250803,False,0.27388923513415786,0.27422755121199416,0.27923460719587373,0.28073616130139706,0.2286394449104128,20250803,-0.0012344672859052608,-0.005362986030426065,0.18057748693127862,0.19990602809150948
P2_valid_202507_08,20250803_1_10,20250803,False,0.28087552983585284,0.2990700760029502,0.3016735482736164,0.31661215891948813,0.27602721049141493,20250803,-0.06276629695397129,-0.048332084654155505,0.017412167285081548,0.08884601713375662
P2_valid_202507_08,20250803_1_11,20250803,False,0.06797672433643055,0.07274390055558186,0.08328738735410986,0.070238415300965,0.07107748408567056,20250803,-0.06777970396468991,0.1704017375257738,-0.044605249717553086,0.15852651826397546
P2_valid_202507_08,20250803_1_12,20250803,False,0.10567092081758918,0.11367008861586116,0.10971652370842973,0.11664115458485774,0.13109933638413865,20250803,-0.07297054878501275,-0.06120218464711513,-0.2156255843488366,-0.1780553465825192
P2_valid_202507_08,20250803_1_13,20250803,False,0.14358876089023284,0.14780019459394475,0.146167253624897,0.1497221026564688,0.15160174098631507,20250803,-0.028907938346367956,-0.024029388048922407,-0.05430357045091405,-0.03650541840711541
P2_valid_202507_08,20250803_1_14,20250803,False,0.11293638312218153,0.10700379852702901,0.1076401127617886,0.10492574393556628,0.12026771559662804,20250803,0.05396034487488288,0.0255404740811791,-0.06289554222450011,-0.11092684774304429
P2_valid_202507_08,20250809_3_01,20250809,False,0.2774241641981149,0.282914528875259,0.2773072501117143,0.2812048179288487,0.25681626136652647,20250809,-0.01959722024880084,-0.01395719559720665,0.07718672077979871,0.07676520476280113
P2_valid_202507_08,20250809_3_02,20250809,False,0.6368223738829693,0.6182283595258761,0.6217375515845723,0.6255919195345883,0.6228195084331827,20250809,0.029632865779232853,-0.006180211896521459,0.02223400555746352,-0.0017387023157710013
P2_valid_202507_08,20250809_3_03,20250809,False,0.2132509881284685,0.22494725987686096,0.20856990315880156,0.2222850772353443,0.24360722545845404,20250809,-0.05339615415776011,-0.06368643777294292,-0.13308737653208436,-0.15528294455721792
P2_valid_202507_08,20250809_3_04,20250809,False,0.317500309547558,0.31484359837955866,0.3217694129957692,0.31798334533730427,0.32101207834591106,20250809,0.008402790843778485,0.011836172051776117,-0.010999956382748088,0.002356430639342655
P2_valid_202507_08,20250809_3_05,20250809,False,0.3704826026861894,0.368126330708559,0.37463154439431423,0.37340427193378856,0.3197275823654172,20250809,0.006380318093758497,0.003281322992602864,0.14733715920135682,0.1584736665518781
P2_valid_202507_08,20250809_3_06,20250809,False,0.25106768027044757,0.27382999244722067,0.2548638307141613,0.27069833024542195,0.34962156626813823,20250809,-0.08678490300206865,-0.06027562298508804,-0.3311287849922162,-0.31612192495695823
P2_valid_202507_08,20250809_3_07,20250809,False,0.18197337852429837,0.18878575416447244,0.18486405675573922,0.19095643878358035,0.17776335059123982,20250809,-0.03675239169371647,-0.03242460622669752,0.023407229859210732,0.03916755193798327
P2_valid_202507_08,20250809_3_08,20250809,False,0.3509816253696861,0.32890365787832426,0.34875825633301816,0.3335341005492667,0.28644569014184995,20250809,0.0649689980366992,0.04463389627753056,0.20318491774076897,0.19683005194781256
P2_valid_202507_08,20250809_3_09,20250809,False,0.49238593652031026,0.5184772955868439,0.5087795180969523,0.527475397194534,0.5282158313807565,20250809,-0.051633405249928654,-0.03608746796996376,-0.07024213892188635,-0.037490215833341445
P2_valid_202507_08,20250810_3_01,20250810,False,0.5528020779324582,0.5662386608779922,0.5403905135954538,0.5667414170633841,0.5773671738083238,20250810,-0.024015620288137307,-0.04761109362190352,-0.04347838250883229,-0.06618636235850339
P2_valid_202507_08,20250810_3_02,20250810,False,0.4426752187259827,0.4406563719011497,0.4401171079965327,0.4387878159521381,0.45088412684555745,20250810,0.0045709909198202725,0.003024884766828828,-0.018374020944632252,-0.024169535500344286
P2_valid_202507_08,20250810_3_03,20250810,False,0.3405582616417188,0.3237710978092805,0.3274423074677198,0.3228672106787748,0.28526608604578113,20250810,0.050549439226716064,0.014070752910179785,0.17716383714495842,0.13788949920262872
P2_valid_202507_08,20250810_3_04,20250810,False,0.008135769904978166,0.00849435722940381,0.008148115003466823,0.008289511219650892,0.009931220301622511,20250810,-0.043131710435175385,-0.017204394590450534,-0.19941298365439586,-0.19789674831827675
P2_valid_202507_08,20250810_3_05,20250810,False,0.03426214306095041,0.039823467117155883,0.03491944758838825,0.03898857889109568,0.04115701568526482,20250810,-0.15041532078978292,-0.11022484279589717,-0.18335335932147778,-0.1643504916212759
P2_valid_202507_08,20250810_3_06,20250810,False,0.1569608982854967,0.15726046610602973,0.15772972085067063,0.1581127092733019,0.1663035714903946,20250810,-0.0019067316563456949,-0.002425187839355747,-0.057818143335813144,-0.05293192145267689
P2_valid_202507_08,20250810_3_07,20250810,False,0.0116364089381263,0.011336717493786268,0.011247151069326467,0.010953879640587751,0.02394106014961361,20250810,0.02609209046576133,0.026421159710314335,-0.7214560985250307,-0.7554801244608189
P2_valid_202507_08,20250810_3_08,20250810,False,0.4498949727067405,0.440672220101855,0.4665019271367598,0.4559991797400422,0.3819604805231328,20250810,0.020712827525475208,0.022771140635941878,0.16369701241182644,0.1999450022061101
P2_valid_202507_08,20250810_3_09,20250810,False,0.19629835096782491,0.19851266939313164,0.2002324432352776,0.20063265287760773,0.22256449246292292,20250810,-0.011217223072885307,-0.001996730467073604,-0.12558121269707034,-0.10573800549871826
P2_valid_202507_08,20250810_3_10,20250810,False,0.06620090601483708,0.05752331796781868,0.07537586368459867,0.05819510341629085,0.06524964278282033,20250810,0.14050375340064303,0.2586858960265963,0.01447357727901366,0.14426654188881427
P2_valid_202507_08,20250810_3_11,20250810,False,0.1863489970268901,0.18832193683945458,0.18373372020498704,0.18957978500991862,0.21065513327904453,20250810,-0.010531684580473932,-0.0313224283466238,-0.12260111317689537,-0.13673482024285422
P2_valid_202507_08,20250810_3_12,20250810,False,0.04996375732619336,0.04696151019575409,0.05288955788652062,0.0471052298632351,0.05696138603223473,20250810,0.06196955492188705,0.11582189363592521,-0.13107571112004024,-0.07416767430866766
P2_valid_202507_08,20250810_3_13,20250810,False,0.08616962395318972,0.09093347517325395,0.0883046458567167,0.0917512447806155,0.10469066283600104,20250810,-0.05381047189179755,-0.03828833324914971,-0.19469220849643598,-0.17021721304311832
P2_valid_202507_08,20250810_3_14,20250810,False,0.3975450167397726,0.3760221248827146,0.40653026837105394,0.38558123871529065,0.3829606712586119,20250810,0.05566019291002977,0.05290648038447843,0.03737587944270271,0.059726089253958725
P2_valid_202507_08,20250815_3_01,20250815,False,0.07718251805676593,0.06615122916394381,0.09290771003065063,0.06079012220171541,0.06723391559220813,20250815,0.15422950949130998,0.42417932318515383,0.1379951648197797,0.3234288186456524
P2_valid_202507_08,20250815_3_02,20250815,False,0.08987808908049306,0.08840412849786143,0.08896349912964731,0.08890880239271404,0.09198558325622586,20250815,0.01653551528686581,0.0006150113108018829,-0.023177674728618314,-0.03340569756279166
P2_valid_202507_08,20250815_3_03,20250815,False,0.24561247168519584,0.26777849192562236,0.24068624489015208,0.25770480672733087,0.25700283730606294,20250815,-0.08640514062619897,-0.06832057302423977,-0.04533214947480624,-0.06559292806062178
P2_valid_202507_08,20250815_3_04,20250815,False,0.5438800143778277,0.5616085361387338,0.5561837548029959,0.5699285737284208,0.5278030832617467,20250815,-0.03207639155017328,-0.024412309828971135,0.03000539494732779,0.05237546812356131
P2_valid_202507_08,20250815_3_05,20250815,False,0.16347912799828893,0.15735484565589566,0.1613520741006201,0.1554777156132665,0.18175158203739492,20250815,0.03818190625119877,0.03708635968651497,-0.10595549616001776,-0.11905204776262535
P2_valid_202507_08,20250815_3_06,20250815,False,0.06434895685875107,0.06600828120769055,0.05345982795416318,0.058446240360156915,0.06313329336112693,20250815,-0.02545948351963645,-0.08917687103580008,0.0190724645353475,-0.16631776645476126
P2_valid_202507_08,20250815_3_07,20250815,False,0.2853811302570973,0.30143291228431657,0.2872781180367713,0.2991390469535744,0.27705303107129403,20250815,-0.054721892226085256,-0.04045770634722157,0.0296166502539168,0.03624186315006095
P2_valid_202507_08,20250815_3_08,20250815,False,0.366972830973842,0.3059019933912,0.36960762786419465,0.3254767637685192,0.2586332140853516,20250815,0.18202304765466293,0.12715090488659264,0.3498769191081512,0.35703108155323227
P2_valid_202507_08,20250816_1_01,20250816,False,0.04385583557070556,0.04490136192572015,0.045074343649163615,0.04580113693349402,0.04786210090610593,20250816,-0.02356033645602773,-0.015995707009382798,-0.08741618817310037,-0.06001077074858241
P2_valid_202507_08,20250816_1_02,20250816,False,0.42093007428595525,0.42439968824803914,0.4121003159007841,0.417299660077827,0.43950093117158207,20250816,-0.008208946613948886,-0.01253776811421925,-0.04317311027511628,-0.06437303092176383
P2_valid_202507_08,20250816_1_03,20250816,False,0.3631826363667389,0.3334563480613198,0.35516722006711926,0.3309670495793779,0.34763953424415517,20250816,0.08539387180609848,0.07056989868907415,0.04373971642049579,0.02142259920880618
P2_valid_202507_08,20250816_1_04,20250816,False,0.09979014180623627,0.09779291105123544,0.1257339601439261,0.11912937195596988,0.08958512036940697,20250816,0.020217308666799383,0.05395818544108888,0.10788016005731471,0.33897900843232165
P2_valid_202507_08,20250816_1_05,20250816,False,0.1527643018616342,0.14360767382133688,0.1466318048876691,0.1430399751737794,0.10334909584493168,20250816,0.06181112882393158,0.0248005781789995,0.39078368526470264,0.349812178430007
P2_valid_202507_08,20250816_1_06,20250816,False,0.042940513190313716,0.03836462331338943,0.043709280298349945,0.0393792854326413,0.03461055133243309,20250816,0.11267997662883156,0.10432051575408963,0.21565715633420535,0.23340185598242558
P2_valid_202507_08,20250816_1_07,20250816,False,0.08088776843896223,0.0894447977476375,0.08776189274651322,0.10010107013688967,0.09928619400334296,20250816,-0.10055903099972552,-0.13155299390482256,-0.2049439091377483,-0.12337914514872672
P2_valid_202507_08,20250816_1_08,20250816,False,0.34710237406814964,0.3204932584679658,0.33851613726546104,0.32394766253682516,0.3090279618985104,20250816,0.0797585208500291,0.043989796719044794,0.11618799818363446,0.09113999969839104
P2_valid_202507_08,20250816_1_09,20250816,False,0.3221023623477365,0.3170323744462936,0.31512590437667193,0.3103377621277607,0.2445527392941748,20250816,0.015865494262762958,0.015310995806664174,0.27543840222708793,0.253541267113051
P2_valid_202507_08,20250817_1_01,20250817,False,0.16702546649546887,0.17076267583665797,0.1656555081175096,0.16949540478731026,0.17810284896384382,20250817,-0.022128437152211244,-0.022915436321129024,-0.06421489182019702,-0.07245080686323702
P2_valid_202507_08,20250817_1_02,20250817,False,0.44661194160543094,0.3977481464569975,0.42064512243098967,0.38949131825997835,0.3811467725789469,20250817,0.11587107084035964,0.07694796300085383,0.1585055471662662,0.09860500780444814
P2_valid_202507_08,20250817_1_03,20250817,False,0.261595265584242,0.2788818000052641,0.2696253861973221,0.27853191859663506,0.24941717289794357,20250817,-0.06398951465903124,-0.0324991247066897,0.047671633776088074,0.07790664933449953
P2_valid_202507_08,20250817_1_04,20250817,False,0.38966024269077826,0.40542227720998225,0.38932959407703055,0.4044255955321793,0.4025955981197033,20250817,-0.03965399684753934,-0.03804150733540379,-0.0326573926692143,-0.033506309094046505
P2_valid_202507_08,20250817_1_05,20250817,False,0.07970604965629116,0.08159248429948195,0.07878257925698176,0.08014795847566403,0.10472948915736698,20250817,-0.0233916652909949,-0.0171825104315948,-0.273035243798339,-0.28468883505849263
P2_valid_202507_08,20250817_1_06,20250817,False,0.11517440227206804,0.12033292852350175,0.11508490002973973,0.11829156592160006,0.11296880106232864,20250817,-0.04381478451674159,-0.027482357347294872,0.019335837274696566,0.01855843331367346
P2_valid_202507_08,20250817_1_07,20250817,False,0.4209430072883094,0.3901517165320224,0.41641786449932616,0.4048384288953039,0.3803126266752534,20250817,0.07596176968124968,0.028201191567206352,0.10150383364251514,0.09069562181256008
P2_valid_202507_08,20250817_1_08,20250817,False,0.5248044307121258,0.5207698971421236,0.47360570071757274,0.5093433251096986,0.46894954671897643,20250817,0.007717392224754871,-0.07274717774244177,0.11253049389478886,0.009879934118096179
P2_valid_202507_08,20250817_1_09,20250817,False,0.15378678456315348,0.14918961480911733,0.14808040779877887,0.1452220496227593,0.15799676966267442,20250817,0.030349047752299185,0.019491474402346665,-0.027007460382669102,-0.06481916547500943
P2_valid_202507_08,20250817_1_10,20250817,False,0.0884585880789595,0.09999553333764284,0.09202472297222004,0.10137300440851676,0.11151392582302286,20250817,-0.12259100717826543,-0.09674955809201213,-0.23161496718648467,-0.19209220946809236
P2_valid_202507_08,20250817_1_11,20250817,False,0.30878241663223516,0.2971889927266084,0.3195044275528258,0.3073379622576026,0.32040344152367606,20250817,0.03826860000001164,0.03882313512612168,-0.03694408089970014,-0.0028098249944406017
P2_valid_202507_08,20250817_3_01,20250817,False,0.3559040004538924,0.3448911422471496,0.352097364280964,0.3420312456455866,0.31743717328299054,20250817,0.0314321953174439,0.02900564599524369,0.11438111351204316,0.10362782109306257
P2_valid_202507_08,20250817_3_02,20250817,False,0.10454764207939035,0.10242852221361501,0.11339303311159417,0.11278091709273275,0.07717304096694114,20250817,0.020477661514217704,0.005412802958176144,0.30359268680782225,0.38480976723082216
P2_valid_202507_08,20250817_3_03,20250817,False,0.3002316371948234,0.3109509391001408,0.30981476106510264,0.31614933801282213,0.350296666766212,20250817,-0.03508084694091029,-0.02024011667346448,-0.15422611408451692,-0.12280584086231783
P2_valid_202507_08,20250817_3_04,20250817,False,0.38443047931726193,0.3893436780661906,0.38614696153567607,0.38710816684290755,0.4182473267737159,20250817,-0.012699480162131738,-0.002486128489919137,-0.0843099838105229,-0.07985492201812439
P2_valid_202507_08,20250817_3_05,20250817,False,0.1158916867972951,0.12818984378718723,0.12243076059488943,0.1296655816619547,0.12209904635091676,20250817,-0.10085629932089413,-0.05741303671534137,-0.05217655029368373,0.002713079862036949
P2_valid_202507_08,20250817_3_06,20250817,False,0.596730154703821,0.5685614210574081,0.5815331175305685,0.5789931868494342,0.5751460469510246,20250817,0.04835566112471823,0.0043772118339170385,0.03684100579408167,0.011043918994664503
P2_valid_202507_08,20250822_3_01,20250822,False,0.5061274929458951,0.4863629020598622,0.5060049754093887,0.48915108542278196,0.46745982587024887,20250822,0.03983354258687033,0.03387509216521012,0.07947518882512672,0.07923309099517784
P2_valid_202507_08,20250822_3_02,20250822,False,0.2028837659020955,0.19938984326677944,0.2024141099662084,0.19707168080098728,0.22789361986797482,20250822,0.017371313536270527,0.0267481237649998,-0.11624570725474515,-0.11856329229068407
P2_valid_202507_08,20250822_3_03,20250822,False,0.22910190139752118,0.2222543554746545,0.22210991520347348,0.21671721275862388,0.19496422090860868,20250822,0.030344417458463724,0.024579036204217752,0.1613508296379378,0.1303563136643633
P2_valid_202507_08,20250822_3_04,20250822,False,0.15861644239557515,0.1652593769468521,0.15295640832527854,0.157714655380385,0.18663326725861354,20250822,-0.04102724519665735,-0.030634453785983062,-0.1626565777213269,-0.19899258576137546
P2_valid_202507_08,20250822_3_05,20250822,False,0.36500335943457407,0.35823814184292363,0.3648918589137042,0.36080141099639573,0.3631508065254861,20250822,0.01870859153912252,0.01127333381033746,0.0050883645052031135,0.004782839769777336
P2_valid_202507_08,20250822_3_06,20250822,False,0.3266393880346391,0.33624095667096615,0.3287358914632313,0.33654997927320385,0.2944872812285624,20250822,-0.028971262402268882,-0.023491998000765735,0.10362095901315405,0.11001885238975029
P2_valid_202507_08,20250822_3_07,20250822,False,0.08483516096308229,0.0878536875505545,0.08430878405123816,0.08998514162046631,0.07199041132957157,20250822,-0.034962698425388794,-0.06515850411952684,0.16417715669037225,0.1579531253062667
P2_valid_202507_08,20250822_3_08,20250822,False,0.4567214964987697,0.4506297805723952,0.4617610809994845,0.4531112022261603,0.4467814964630456,20250822,0.01342767152980573,0.018910041738803063,0.02200413540185886,0.032977963753904604
P2_valid_202507_08,20250823_1_01,20250823,False,0.38296562173217236,0.3862978947555853,0.3715277072338542,0.3810322503319884,0.39686611387275794,20250823,-0.008663595230359866,-0.025260574652190892,-0.03565375449290065,-0.06597553572157533
P2_valid_202507_08,20250823_1_02,20250823,False,0.34727209639060236,0.3276658194451308,0.34045100227463315,0.32583996474866844,0.2746099976610618,20250823,0.05811436626876021,0.04386486074064422,0.23475671136485854,0.21491931513531348
P2_valid_202507_08,20250823_1_03,20250823,False,0.36619225681429907,0.36994386987604455,0.3729298872827705,0.3734721032751431,0.3801588793646119,20250823,-0.010192803766233438,-0.0014528795330401856,-0.03743078160431479,-0.019198836706562084
P2_valid_202507_08,20250823_1_04,20250823,False,0.15831458760057976,0.15909659089221517,0.144774671692632,0.15149100470865598,0.09611166564433432,20250823,-0.004927393405296243,-0.04534770292462964,0.4990734149669429,0.4096678461128287
P2_valid_202507_08,20250823_1_05,20250823,False,0.05910350665361137,0.05251570454592798,0.06905243163635552,0.05275844359306534,0.055948072943478755,20250823,0.11817799781829619,0.26914226716168166,0.05486626520333493,0.2104421031343322
P2_valid_202507_08,20250823_1_07,20250823,False,0.06371194004160854,0.06013179916415142,0.062058673706616024,0.05742890914620749,0.07138306189538825,20250823,0.05783318095291179,0.07753246744307818,-0.11368862604993923,-0.13998032520168513
P2_valid_202507_08,20250823_1_08,20250823,False,0.1889771485105997,0.18939215822806305,0.1841854687352123,0.18433969105959486,0.1850859437406997,20250823,-0.0021936762654817255,-0.000836970444413776,0.02080582243451312,-0.00487704577134096
P2_valid_202507_08,20250823_1_09,20250823,False,0.4388947537917688,0.4442328368352033,0.4299134192697414,0.43545458573826673,0.41784954376057143,20250823,-0.012089188725753819,-0.012806672237793193,0.04913821896637427,0.028462413305240686
P2_valid_202507_08,20250823_1_10,20250823,False,0.059828479274267855,0.05567246991109344,0.055949454902407145,0.04809686945824617,0.06993759091860074,20250823,0.07199602141906425,0.15123160116064005,-0.15612149643521622,-0.22315459394301262
P2_valid_202507_08,20250824_1_01,20250824,False,0.049044738969676045,0.04982077612928326,0.04794632546879495,0.046980644099905745,0.08491598306621471,20250824,-0.015699166641122808,0.020346476609824027,-0.5489294114112218,-0.5715801673176584
P2_valid_202507_08,20250824_1_02,20250824,False,0.3764748524668278,0.38160584012342774,0.3761603230219607,0.379601563248291,0.4216031142540981,20250824,-0.01353699167128819,-0.009106741346545433,-0.11321313185816761,-0.1140489404236471
P2_valid_202507_08,20250824_1_03,20250824,False,0.06922877891429983,0.07810162891587338,0.062244853857065824,0.06656232609609913,0.08917924737574365,20250824,-0.12059425699165072,-0.06706288029481522,-0.253231703345973,-0.3595724968150651
P2_valid_202507_08,20250824_1_04,20250824,False,0.3519782610574668,0.35129365324905687,0.353067773220387,0.35150174662613687,0.4218068132932433,20250824,0.0019469226930126649,0.004445350328134978,-0.18097800548277088,-0.1778873901833632
P2_valid_202507_08,20250824_1_05,20250824,False,0.13175184647669086,0.12661333897833285,0.13511238207662588,0.13256314447829973,0.1700364354859746,20250824,0.03978233498885819,0.019047797955782375,-0.25509253814711985,-0.2299058485109471
P2_valid_202507_08,20250824_1_06,20250824,False,0.10290617132762538,0.09738440907520178,0.10916662467645812,0.09333207901830318,0.08580197212881464,20250824,0.05515148833178163,0.15671150644276555,0.18177562365695366,0.24083339034991003
P2_valid_202507_08,20250824_1_07,20250824,False,0.18217905625838288,0.17488293808087582,0.16971678024008677,0.16643164764779805,0.1849042703639961,20250824,0.040873204192032775,0.01954634864926552,-0.014848204625991235,-0.08570718451547443
P2_valid_202507_08,20250824_1_08,20250824,False,0.5440846793878701,0.5565626777051064,0.537462969486419,0.5546960859020679,0.5327335863559901,20250824,-0.022674897392857885,-0.03156050714363823,0.021083434157607273,0.008838402425821235
P2_valid_202507_08,20250824_1_09,20250824,False,0.07155884000436306,0.07317991342833167,0.07164312034189785,0.07491218802889552,0.09167607072146904,20250824,-0.022400928197250813,-0.044619469197150874,-0.24774134502842982,-0.24656426132004983
P2_valid_202507_08,20250824_1_10,20250824,False,0.022898705596715037,0.022758816559949758,0.023989890494139028,0.023537409439978736,0.02489898504800611,20250824,0.006127773382730961,0.019041465697505977,-0.08374665671392423,-0.03719452932060996
P2_valid_202507_08,20250824_1_11,20250824,False,0.43910060649425775,0.42096330669680265,0.4433310967230155,0.4287392184048631,0.47472566975314534,20250824,0.04218288639381673,0.03346803596289405,-0.07800854104591604,-0.06842021228461503
P2_valid_202507_08,20250824_3_01,20250824,False,0.0935133373861622,0.10630607781718787,0.0780367952745846,0.09639356757243776,0.0944547643535173,20250824,-0.12821838782932238,-0.211259023215701,-0.010016963841131599,-0.19094058605663156
P2_valid_202507_08,20250824_3_02,20250824,False,0.6627173340708274,0.5804474183324462,0.6361049221174457,0.575933342794339,0.6077342966262671,20250824,0.13254933841693622,0.09937159193260137,0.08661078117024923,0.045625747295846175
P2_valid_202507_08,20250824_3_03,20250824,False,0.055120122310806534,0.05551382837030198,0.05443814625673918,0.055982736770322346,0.058754216419740615,20250824,-0.007117303848144019,-0.027978245172830096,-0.06384807360130518,-0.07629779321743468
P2_valid_202507_08,20250824_3_04,20250824,False,0.3891807928367597,0.36938051217400075,0.3922429086344604,0.3748599306318829,0.39803709466239706,20250824,0.05221668770172849,0.045328874881192416,-0.022501204884635362,-0.014663890849395123
P2_valid_202507_08,20250824_3_05,20250824,False,0.3716475706267235,0.38053332245732807,0.36365797806219746,0.37384275868494227,0.4030539747717693,20250824,-0.023627734487092655,-0.027621472476586306,-0.08112447098821607,-0.10285668020645422
P2_valid_202507_08,20250824_3_06,20250824,False,0.2133521799217691,0.21127655685874705,0.21492394770752635,0.2132452844050552,0.2002274372871261,20250824,0.009776255889965668,0.007841160818881976,0.06349032028989843,0.07083032708002923
P2_valid_202507_08,20250829_3_01,20250829,False,0.4529067430660715,0.4594519516574229,0.4474157544228771,0.45347455480231547,0.46568193921920764,20250829,-0.014348130656730684,-0.013450897777434467,-0.027816628135430066,-0.04001460550980884
P2_valid_202507_08,20250829_3_02,20250829,False,0.1033941905627027,0.09537655330297895,0.1009338587974002,0.0940575291674604,0.10911399099162906,20250829,0.08071600064104834,0.07055883144592245,-0.0538443483040818,-0.07792768575440423
P2_valid_202507_08,20250829_3_03,20250829,False,0.5241133260104697,0.5376471097841778,0.5378618898795194,0.5506240616882736,0.5066821081703221,20250829,-0.02549448322636616,-0.023450475659182457,0.03382413059042466,0.059718015585188744
P2_valid_202507_08,20250829_3_04,20250829,False,0.14709783697946235,0.14235991256248057,0.1499426445412425,0.14440598634328597,0.16337436940521877,20250829,0.0327394766351119,0.037624168978884764,-0.1049463890603417,-0.08579146088794265
P2_valid_202507_08,20250829_3_05,20250829,False,0.07946258684315932,0.07534421772274064,0.08252033772277073,0.07141412692760557,0.0969902703721729,20250829,0.05321912193148837,0.14454907490834312,-0.19932436288671473,-0.16156588721907017
P2_valid_202507_08,20250829_3_06,20250829,False,0.06330743273222103,0.06671509816950262,0.06057429689498697,0.06482037270500968,0.06864076146638141,20250829,-0.05242854368197447,-0.06774928808891678,-0.08088380575556453,-0.1250158892887807
P2_valid_202507_08,20250829_3_07,20250829,False,0.6026478902731222,0.5965841053716215,0.6205224010520926,0.6117543996755482,0.5689844284510706,20250829,0.010112866571400536,0.014230811360849194,0.05748002904487537,0.08670863837445869
P2_valid_202507_08,20250829_3_08,20250829,False,0.06806619504349037,0.06078213577701278,0.06569210290748388,0.06022196420211903,0.05063626953596171,20250829,0.11318476185478676,0.08694157936120028,0.2958125794255331,0.26031061021783586
P2_valid_202507_08,20250830_1_01,20250830,False,0.6781188748094198,0.6493854903255014,0.6734142688702934,0.6518360298043413,0.5745996854730698,20250830,0.04329608793043832,0.03256765352797525,0.1656490049880327,0.15868709663516567
P2_valid_202507_08,20250830_1_02,20250830,False,0.3229412384971755,0.33410192961603585,0.33400929947469277,0.33884579825244454,0.33210510073175614,20250830,-0.03397574239524359,-0.01437629615524405,-0.02798110477330984,0.005717348039291359
P2_valid_202507_08,20250830_1_03,20250830,False,0.02861048867582393,0.024789574535794695,0.02563275244926187,0.023288017047856314,0.027759554146957112,20250830,0.14335020434655155,0.09593198782182188,0.030193312990133503,-0.07970914821150021
P2_valid_202507_08,20250830_1_04,20250830,False,0.26588201912308146,0.2601846809234705,0.2512619766652794,0.24926220418035205,0.20302513501953615,20250830,0.02166098315072773,0.007990755301193087,0.26972288405151845,0.21316633734948742
P2_valid_202507_08,20250830_1_05,20250830,False,0.25729787742627974,0.2654956508096658,0.25691598277726163,0.26311499366806956,0.28675088852841846,20250830,-0.03136398957499642,-0.023842058715392023,-0.10837938478003473,-0.10986473843845479
P2_valid_202507_08,20250830_1_06,20250830,False,0.4215243969944962,0.4288743340954842,0.4482211666044035,0.44879890731529737,0.4440797541246151,20250830,-0.017286291370189,-0.0012881334712073755,-0.052126515578295174,0.009282613345481305
P2_valid_202507_08,20250830_1_07,20250830,False,0.5224037308416377,0.5224067069175256,0.5264983779533717,0.5271432960836943,0.47087458446802405,20250830,-5.6968724282402405e-06,-0.0012241698990332894,0.10384893612620838,0.11165646721485378
P2_valid_202507_08,20250830_1_08,20250830,False,0.045631456372701905,0.050296866404283005,0.04637676858031535,0.05042678812092309,0.05197182769257302,20250830,-0.09734546560970125,-0.08372388750833304,-0.13010448519562212,-0.11390313992224099
P2_valid_202507_08,20250830_1_09,20250830,False,0.3002739473191413,0.33008035549193093,0.31408227184725385,0.33628109990866656,0.31935627545087325,20250830,-0.09464091059775726,-0.06829245323232991,-0.06161211480219553,-0.016652366672549324
P2_valid_202507_08,20250830_1_10,20250830,False,0.30754159777942763,0.31173361914469705,0.3120629370275,0.3142937099628573,0.2768011421889546,20250830,-0.013538682906129251,-0.00712304204991665,0.10531100528870785,0.11990553856829189
P2_valid_202507_08,20250831_1_01,20250831,False,0.3561486878945964,0.3551080582833414,0.34929981531968624,0.3522741518677039,0.3471552313292938,20250831,0.0029261735916847886,-0.008479089895270242,0.02557627383201111,0.006158590648641882
P2_valid_202507_08,20250831_1_02,20250831,False,0.06260353251645924,0.06702453554669655,0.06091055693220987,0.06588382252790839,0.08106829107953108,20250831,-0.06823704805548125,-0.07848641787805688,-0.2584701927214521,-0.28588539087751297
P2_valid_202507_08,20250831_1_03,20250831,False,0.569304016219225,0.5648956260626964,0.589976091912474,0.5883232036599662,0.5437324007668964,20250831,0.0077736091455421485,0.0028055509205369145,0.04595737512103004,0.08162479842308912
P2_valid_202507_08,20250831_1_04,20250831,False,0.09431196782519298,0.08405190148546286,0.11391107506315547,0.09128345003581115,0.08048077203590112,20250831,0.1151736109727306,0.22144859967171104,0.15858979464009115,0.3473998014999262
P2_valid_202507_08,20250831_1_05,20250831,False,0.23366332661064396,0.20757681221533994,0.22980076054151846,0.2065917488856424,0.23427525788192433,20250831,0.11837985363634096,0.10646805673131676,-0.002615435616494022,-0.01928406478582345
P2_valid_202507_08,20250831_1_06,20250831,False,0.14082735774722993,0.13436403713392234,0.1397440363305041,0.13489495022401587,0.12217675941251599,20250831,0.04698191559763454,0.03531610824557907,0.14206588322197855,0.13434359347233737
P2_valid_202507_08,20250831_1_07,20250831,False,0.3325355947368006,0.3464312537971107,0.34138482872567893,0.3513294621071084,0.34966086196284296,20250831,-0.04093749099951749,-0.028714050742457697,-0.05021681270588596,-0.023953347952592408
P2_valid_202507_08,20250831_1_08,20250831,False,0.2972289616925864,0.3082651557423429,0.2959110709540188,0.30495139211754385,0.2945235814454707,20250831,-0.03645755129275674,-0.03009342058225184,0.009143683884459852,0.004699900512062705
P2_valid_202507_08,20250831_1_09,20250831,False,0.1779646126521278,0.1884946294288944,0.1800104613088653,0.18765617282159222,0.20449302770888014,20250831,-0.057484790186225876,-0.041596452854839816,-0.13894915536596475,-0.12751891298453932
P2_valid_202507_08,20250831_1_10,20250831,False,0.5233091735561438,0.5321656213426412,0.5113313912997391,0.5286124164973719,0.4984657004884548,20250831,-0.01678231577613265,-0.03323759602309351,0.04863766183397478,0.025483113676948332
P2_valid_202507_08,20250831_1_11,20250831,False,0.029987330633658157,0.02910699697333409,0.03027244258892337,0.029223997975487897,0.028228181807109506,20250831,0.029796389157819902,0.035247592951045625,0.06045414646836811,0.06991697938488084
P2_valid_202507_08,20250831_3_01,20250831,False,0.48833623484347227,0.48540330244094126,0.5061801277594179,0.4982386250907729,0.4671150864805443,20250831,0.006024077609628531,0.015813460544741975,0.04442850925648023,0.08031692448664729
P2_valid_202507_08,20250831_3_02,20250831,False,0.35215495896465054,0.30567236774730766,0.3238506320314291,0.30443188402076715,0.30727411244730596,20250831,0.14155746834495964,0.06183503291612058,0.13633107942605016,0.05254217361169755
P2_valid_202507_08,20250831_3_03,20250831,False,0.1473284827017764,0.13883463728298354,0.15237634333648975,0.15135855130777082,0.14796648454067182,20250831,0.05938110493995752,0.006701869664489601,-0.004321122283857726,0.029367611439807817
P2_valid_202507_08,20250831_3_04,20250831,False,0.21284669725481797,0.21631318869764649,0.20726467815856658,0.21400174352091486,0.2092508192511599,20250831,-0.016155129818774983,-0.03198754733209119,0.017038550839843625,-0.00953700959013526
P2_valid_202507_08,20250831_3_05,20250831,False,0.4781991305966156,0.4951403558733262,0.4832951162278239,0.4990428790251517,0.5351083593797972,20250831,-0.03481403264787564,-0.03206454822302374,-0.11244203033644518,-0.10184179353733003
P2_valid_202507_08,20250831_3_06,20250831,False,0.027740058443413235,0.02930392792605622,0.02677538311267535,0.028535502381085074,0.036623206499962424,20250831,-0.05484404423506861,-0.06366608479094804,-0.27780457514126544,-0.31319917202579717
P3_valid_202509_10,20250905_3_01,20250905,False,0.05049430548698279,0.05354334451952447,0.0509248887431275,0.05336755884986311,0.04708629132569403,20250905,-0.05863093653088436,-0.04685127179065196,0.06987866328755876,0.07836987338878787
P3_valid_202509_10,20250905_3_02,20250905,False,0.1480786297063865,0.14925798724418715,0.1392181147636594,0.13984076502963277,0.14539788101451806,20250905,-0.007932852230923881,-0.004462508411998245,0.018269422980837557,-0.04343211727305274
P3_valid_202509_10,20250905_3_03,20250905,False,0.20854051599358991,0.20054176608719929,0.21386006722741266,0.2057903941501212,0.2348394889614046,20250905,0.039110808958076726,0.03846376302568122,-0.11876891140658974,-0.09358034539878668
P3_valid_202509_10,20250905_3_04,20250905,False,0.05736227843542002,0.05346939381160308,0.058931359520453426,0.04910906175500498,0.060824054518927216,20250905,0.07027750526500709,0.1823297937742412,-0.05859842708484164,-0.0316119755902422
P3_valid_202509_10,20250905_3_05,20250905,False,0.26760218665968966,0.29210450689932405,0.27814664976741404,0.29755610635783597,0.2962694226340656,20250905,-0.08761013898266823,-0.06745430825239729,-0.10176775233953261,-0.06312076018289825
P3_valid_202509_10,20250905_3_06,20250905,False,0.1958420873043525,0.15650620139913074,0.19232109521860952,0.1599372899525234,0.12704286792909975,20250905,0.2242130227310597,0.1843845454935269,0.43278408522707656,0.414641773850261
P3_valid_202509_10,20250905_3_07,20250905,False,0.139121223661485,0.1370381496661134,0.1349723397192027,0.13576163976998054,0.11838618389741756,20250905,0.015086313953770025,-0.005830832823605192,0.16139364014845214,0.13111784089104228
P3_valid_202509_10,20250905_3_08,20250905,False,0.07547515978153337,0.07969748332362059,0.06795347805097107,0.0788809025283434,0.08995612361660785,20250905,-0.054434415826252636,-0.14911582728628936,-0.17551844348162637,-0.28049871135300863
P3_valid_202509_10,20250906_1_01,20250906,False,0.028959518245358227,0.025910405065206803,0.028821441763739013,0.026326907663173454,0.026746888436472303,20250906,0.11125430420608362,0.09052809458833977,0.07948078576062745,0.07470146937597733
P3_valid_202509_10,20250906_1_02,20250906,False,0.11554247235813463,0.1195611415026776,0.1232347700394844,0.1254345979579839,0.10310079700209283,20250906,-0.03418969648843051,-0.017693255298485422,0.11393106703944333,0.1783841142558753
P3_valid_202509_10,20250906_1_03,20250906,False,0.47171201182296846,0.4536796459941643,0.4565198697456805,0.44507936576911744,0.4463496755128097,20250906,0.03897733152188132,0.025379609058563513,0.05526598428297047,0.022529554719433964
P3_valid_202509_10,20250906_1_04,20250906,False,0.21796209192215146,0.22009616835735943,0.20481012326603176,0.21336385836362975,0.2010264817949022,20250906,-0.009743422333383212,-0.040915641575634876,0.08088450779889222,0.018646672349479365
P3_valid_202509_10,20250906_1_05,20250906,False,0.4946247006823314,0.46803294227949915,0.4821644627076318,0.4713734377934175,0.4934850464607156,20250906,0.055260611638274226,0.02263462336418154,0.0023067371418123983,-0.02320729263392962
P3_valid_202509_10,20250906_1_06,20250906,False,0.509033914316289,0.533478662533462,0.49650888634008983,0.5307670901884451,0.5053190362876612,20250906,-0.04690443105475839,-0.066721918846388,0.007324658808742224,-0.017588603536231484
P3_valid_202509_10,20250906_1_07,20250906,False,0.30436922155692286,0.297212252498288,0.308819501871709,0.30400561121030567,0.3465000427536178,20250906,0.023794970603837173,0.015710810721622614,-0.12964143297828312,-0.11512597213087883
P3_valid_202509_10,20250906_1_08,20250906,False,0.09955684593636333,0.10478681549545955,0.10190932907127308,0.10526237476045562,0.11907914610204007,20250906,-0.05119916066254904,-0.03237255329498856,-0.17905956836038106,-0.15570487805215105
P3_valid_202509_10,20250906_1_09,20250906,False,0.5313351347726436,0.5135120375704985,0.5513784056797196,0.5362599447513398,0.5764430944571782,20250906,0.03411948979365398,0.027802320048101015,-0.08148366508745997,-0.04445529106730284
P3_valid_202509_10,20250906_1_10,20250906,False,0.05410093912119442,0.05440887885891093,0.046272935586403184,0.05011570289762585,0.07263982421388153,20250906,-0.005675810173376483,-0.0797771444626143,-0.2946617696382967,-0.45095606871774674
P3_valid_202509_10,20250906_1_11,20250906,False,0.19273354519778196,0.17780036647708516,0.19281451092272847,0.18029734391890848,0.17400823721465117,20250906,0.08064725592199418,0.0671212448191576,0.10220600176753236,0.10262600505817998
P3_valid_202509_10,20250907_1_01,20250907,False,0.022495736084072064,0.02110479285984009,0.021271768864935307,0.020523681619419122,0.01812041906063321,20250907,0.06382561943413245,0.03580136782621057,0.21628635656308637,0.1603413608727342
P3_valid_202509_10,20250907_1_02,20250907,False,0.20085120860234287,0.1775520333140902,0.2012652408883192,0.1808655054009454,0.2576124646946152,20250907,0.12330066683655327,0.10686995357959961,-0.24889200262441125,-0.2468327362959033
P3_valid_202509_10,20250907_1_03,20250907,False,0.024009914291262206,0.024169258361168892,0.023920993013099086,0.02391605670561019,0.02218712349754442,20250907,-0.006614669456815214,0.00020638009808049418,0.0789547425498629,0.07524434417940018
P3_valid_202509_10,20250907_1_04,20250907,False,0.11928410767224937,0.11395611429580338,0.1198392561349943,0.11569184222319762,0.10296882075225786,20250907,0.04569469512899982,0.03522118889496362,0.14708187582872423,0.15172508133815388
P3_valid_202509_10,20250907_1_05,20250907,False,0.09310869629982672,0.09713591161132715,0.0989922852457345,0.09862553814967685,0.11968970561647117,20250907,-0.04234356035788078,0.0037116846122509095,-0.25113501925018866,-0.18986068704496795
P3_valid_202509_10,20250907_1_06,20250907,False,0.1920821478904216,0.19363943533262723,0.18835696090447024,0.18953712327469957,0.1890468890642739,20250907,-0.008074714878944622,-0.0062460157827994855,0.015928059542977158,-0.003656183838199878
P3_valid_202509_10,20250907_1_07,20250907,False,0.0424502664949573,0.04247400309808421,0.03667272507654133,0.03697705600827157,0.04874643230716541,20250907,-0.0005590063678799773,-0.008264319577599544,-0.13829882073011035,-0.28459871848739926
P3_valid_202509_10,20250907_1_08,20250907,False,0.10494965199540769,0.10538652552063511,0.10417816715538533,0.10579209610375254,0.11317583715897846,20250907,-0.004154056221970848,-0.015373231513988284,-0.0754619599729307,-0.08284011121972412
P3_valid_202509_10,20250907_1_09,20250907,False,0.11620709737937235,0.10652961457780197,0.12029074398152935,0.11110176931351588,0.11470303626119872,20250907,0.08695090390095217,0.07946505695313233,0.013027426436990286,0.047565183774198605
P3_valid_202509_10,20250907_1_10,20250907,False,0.15979387105900175,0.1513677591230841,0.1536821192078783,0.14709384215470556,0.1340832705552986,20250907,0.05417231207808326,0.0438155430049334,0.1754236497704822,0.13642527910670932
P3_valid_202509_10,20250907_3_01,20250907,False,0.19961270685631932,0.18270901491210342,0.20025536454716275,0.18733987384006215,0.17664979505171777,20250907,0.08848421858475386,0.06666890048579766,0.12220980984544338,0.12542416122848277
P3_valid_202509_10,20250907_3_02,20250907,False,0.1711580209081457,0.16891762024776824,0.17971699239709227,0.17756822788033258,0.18895298362731108,20250907,0.013176086740744886,0.012028431640880521,-0.09891099157191396,-0.0501148711113546
P3_valid_202509_10,20250907_3_03,20250907,False,0.2659153292546759,0.284929904038471,0.27606355958259493,0.2907027350385838,0.31871782923577485,20250907,-0.06906525223826998,-0.05167008843043641,-0.18112821645397914,-0.14367503594371356
P3_valid_202509_10,20250907_3_04,20250907,False,0.32137494036750197,0.3073539014616825,0.3270155976737793,0.31430860457165044,0.321378015898067,20250907,0.04460862288693024,0.03963254870097299,-9.569868283376692e-06,0.017389819167804355
P3_valid_202509_10,20250907_3_05,20250907,False,0.19491292674131397,0.1759945243808382,0.19204804531685685,0.1764606148518171,0.17109503033763102,20250907,0.10210004622635505,0.08464787059201817,0.13033379419914182,0.11552644164038273
P3_valid_202509_10,20250907_3_06,20250907,False,0.28788371154966763,0.2830647457422347,0.28967209812110367,0.2835907363098598,0.28871265144372704,20250907,0.01688096423594576,0.02121745763656535,-0.0028752885670177974,0.003317679306553245
P3_valid_202509_10,20250912_3_01,20250912,False,0.5956539564477166,0.6163774464144668,0.6050508784820758,0.6196032845724139,0.6101277638528877,20250912,-0.03419962511320773,-0.023766858486676867,-0.024008495716102973,-0.008355833015646907
P3_valid_202509_10,20250912_3_02,20250912,False,0.07719018909411798,0.08912445098322655,0.08992503101320398,0.09972650841109278,0.06952214240179883,20250912,-0.14376135395773026,-0.10345518892351668,0.10462706714251091,0.2573310369209363
P3_valid_202509_10,20250912_3_03,20250912,False,0.1735522652662771,0.1860878683820409,0.1696543929149506,0.18068901259519393,0.1781461023849593,20250912,-0.06974017806769384,-0.06301400619199171,-0.02612521878469276,-0.04884062865322436
P3_valid_202509_10,20250912_3_04,20250912,False,0.3444038886619831,0.35657638749982284,0.33175971276918653,0.35469788646830097,0.33149138192414745,20250912,-0.03473342397783341,-0.06685545295709394,0.038213251534813475,0.0008091380830752559
P3_valid_202509_10,20250912_3_05,20250912,False,0.4886931543225139,0.4860846864900221,0.4847990628571176,0.4870978635006689,0.47563225612654314,20250912,0.005351935486256565,-0.004730552938509103,0.02708981176191161,0.01908951722093788
P3_valid_202509_10,20250912_3_06,20250912,False,0.1119979341950746,0.0978265993505478,0.13058995098903375,0.09895976157640829,0.09494169251325442,20250912,0.13528390937695667,0.2773489501393458,0.16521748628561506,0.31879932877557593
P3_valid_202509_10,20250912_3_07,20250912,False,0.10188083220815299,0.11028228810427791,0.10296218068011706,0.10850487136737363,0.10794386814897093,20250912,-0.07923951548353347,-0.0524333264274075,-0.05780753406014982,-0.0472496097111228
P3_valid_202509_10,20250912_3_08,20250912,False,0.3183356603783189,0.31472829157464394,0.3218554102180883,0.31481319798156693,0.28511800710055857,20250912,0.011396661703414468,0.02212296746986797,0.11020320730343847,0.12119925353607686
P3_valid_202509_10,20250913_1_01,20250913,False,0.2394842509129004,0.23379202514724443,0.23617162541773049,0.23767233741450677,0.2573029451142072,20250913,0.024055717761043427,-0.006334224479651374,-0.07176650895286873,-0.08569539837821494
P3_valid_202509_10,20250913_1_02,20250913,False,0.4972160862465575,0.4896222223311785,0.48924202056417126,0.48986857397101563,0.46726273752844,20250913,0.015390593870474478,-0.0012798421258348736,0.062133006194751816,0.04596559002458411
P3_valid_202509_10,20250913_1_03,20250913,False,0.057635417334317235,0.05733977766379898,0.052379964214711014,0.05217796579887239,0.08140165316526764,20250913,0.005142680072721895,0.0038638612513142157,-0.34525831894358205,-0.44087142606467644
P3_valid_202509_10,20250913_1_04,20250913,False,0.09933884459186144,0.10475785124872791,0.11719017892911078,0.1262812765058692,0.09537223560958592,20250913,-0.05311482948202295,-0.0747136960757313,0.04074917401626266,0.20601057134817768
P3_valid_202509_10,20250913_1_05,20250913,False,0.08057790136034841,0.07261984032720818,0.09462095426417898,0.07671661790005604,0.09285956432416664,20250913,0.10398626800893496,0.20976060945586728,-0.1418638555828684,0.018790664547608138
P3_valid_202509_10,20250913_1_06,20250913,False,0.18785831797266625,0.1705333748986702,0.18177035417728615,0.1700604520197559,0.17728889167261666,20250913,0.09675702613092829,0.06659012615879689,0.05790749250811178,0.024963541717852866
P3_valid_202509_10,20250913_1_07,20250913,False,0.06504226816456966,0.06958510438348968,0.06459867690863891,0.07173772332448491,0.055288860979213025,20250913,-0.06751318894628344,-0.1048228072199664,0.1624658787190545,0.1556224699969615
P3_valid_202509_10,20250913_1_08,20250913,False,0.20966119445712925,0.22044840207659191,0.20467510988966503,0.21730648899087382,0.2505046213018279,20250913,-0.05017079519266687,-0.05988485655584941,-0.17798450054225157,-0.20205347650474725
P3_valid_202509_10,20250913_1_09,20250913,False,0.3649587116040143,0.38142254740507814,0.38075791511545065,0.3900270284798992,0.3466581180647819,20250913,-0.0441235806032908,-0.024052260735908493,0.05144518455620917,0.09382473604625363
P3_valid_202509_10,20250913_1_10,20250913,False,0.22012675865957904,0.22063821383321655,0.21779108773878966,0.21922123139117322,0.19592729271020726,20250913,-0.0023207624703043273,-0.00654511873107233,0.11645992130290317,0.10579265533936111
P3_valid_202509_10,20250914_1_01,20250914,False,0.06629237000865279,0.06278552103770504,0.08492007487519349,0.06733704624447175,0.06815415813160912,20250914,0.05435031757610709,0.23199996909169762,-0.02769736294136349,0.2199383478642507
P3_valid_202509_10,20250914_1_02,20250914,False,0.1851454431402816,0.18062125031026552,0.18630175315466518,0.17938406143193303,0.19036075038643344,20250914,0.024739396214769727,0.037838586016277986,-0.027779262840452734,-0.021553270230553645
P3_valid_202509_10,20250914_1_03,20250914,False,0.08648085656978576,0.0896556731128016,0.09049559268403579,0.09255109450952083,0.10810760898833416,20250914,-0.03605340061430473,-0.0224597151963275,-0.22320403247632603,-0.17782596069313517
P3_valid_202509_10,20250914_1_04,20250914,False,0.13366643496659236,0.1585413420059057,0.1408483103607373,0.1591875420339852,0.13612748714041997,20250914,-0.1706679869312513,-0.12239951856141973,-0.018244446870272935,0.034091646141308996
P3_valid_202509_10,20250914_1_05,20250914,False,0.0374613532222265,0.0424048285993625,0.0364852085033843,0.040449461549071815,0.03337877094777262,20250914,-0.12395241699201298,-0.10314639992600405,0.11538972328524544,0.08898683443425703
P3_valid_202509_10,20250914_1_06,20250914,False,0.40384631116020764,0.40233318132737683,0.3877190096697261,0.4022662044203013,0.3980245943300868,20250914,0.0037538330452620006,-0.03683319413154851,0.014520589489187774,-0.026232922794165447
P3_valid_202509_10,20250914_1_07,20250914,False,0.24683593153849878,0.26847809448777427,0.24539447297327663,0.2695148309303677,0.27454337019458586,20250914,-0.084045454708922,-0.09375641061450923,-0.10638537439898643,-0.11224223603335992
P3_valid_202509_10,20250914_1_08,20250914,False,0.220825820671569,0.23447040487321488,0.21061143558274473,0.23286854408298666,0.27431197067762647,20250914,-0.059955125677145116,-0.10045920762773841,-0.21689178880073268,-0.26425113957516255
P3_valid_202509_10,20250914_1_09,20250914,False,0.04751389515464966,0.04863993505226142,0.045021259945115376,0.04751030097574946,0.054907421887566935,20250914,-0.023422704549054707,-0.05381172874770446,-0.14462633075338216,-0.1985137071581735
P3_valid_202509_10,20250914_1_10,20250914,False,0.16840879699382041,0.16816160709224906,0.16939825010684523,0.17043109328052367,0.17099574875196652,20250914,0.001468875118043611,-0.00607861783589736,-0.015244355969528778,-0.009386242877191808
P3_valid_202509_10,20250914_1_11,20250914,False,0.24018455863699684,0.2344611353086022,0.23508298472908698,0.23124603228540722,0.250164816935506,20250914,0.02411778227896,0.01645635975580717,-0.04071234624458531,-0.062181390066337494
P3_valid_202509_10,20250914_3_01,20250914,False,0.2717741608150644,0.2706415180571759,0.26368008893976236,0.2765357556081122,0.24886244892633855,20250914,0.0041762966973508675,-0.04760354361736119,0.08807110041486377,0.057836254145481325
P3_valid_202509_10,20250914_3_02,20250914,False,0.10092463808531665,0.09950575610229996,0.1005734173719527,0.09917198276514251,0.13069078489909772,20250914,0.01415858799036851,0.014032439315962542,-0.25846003164326925,-0.261946130486876
P3_valid_202509_10,20250914_3_03,20250914,False,0.6820632536865516,0.6985871329448509,0.6850174392375546,0.6983584812104838,0.611176198749878,20250914,-0.023937512975389652,-0.019288257640554196,0.10973710562555294,0.11405900142098752
P3_valid_202509_10,20250914_3_04,20250914,False,0.2543128926646512,0.23797158834116466,0.2470303641912721,0.2453595141742626,0.2225030599486413,20250914,0.06641407995719262,0.006786721269626872,0.133624515695012,0.10457040693104225
P3_valid_202509_10,20250914_3_05,20250914,False,0.34110337429592597,0.3366820626369617,0.3455003030216913,0.3434266485956034,0.35005766695034746,20250914,0.013046531044225596,0.0060199726071525905,-0.025912321856206733,-0.013104383366860262
P3_valid_202509_10,20250914_3_06,20250914,False,0.5537736731984196,0.505637928666547,0.5374996432331793,0.5075726543257983,0.5070167895924117,20250914,0.0909352139823646,0.057288234346921985,0.08821195253271885,0.05838397763961123
P3_valid_202509_10,20250919_3_01,20250919,False,0.11595678726913114,0.10878239292621036,0.14197938985457043,0.11831541488753052,0.09551730601830763,20250919,0.06386810655659136,0.18232783934198293,0.1939101522396145,0.3963744592772924
P3_valid_202509_10,20250919_3_02,20250919,False,0.3321944911970652,0.3387477937199505,0.3358877143702409,0.34154475081653346,0.3069265871527309,20250919,-0.019535244917457728,-0.016701791658522147,0.07911202505596315,0.09016833149413506
P3_valid_202509_10,20250919_3_03,20250919,False,0.07389146139334567,0.07411255440164877,0.08326640922138592,0.07849013366795533,0.07920553664949273,20250919,-0.0029876645113229294,0.05907228607105042,-0.06944892500418298,0.04999901363421433
P3_valid_202509_10,20250919_3_04,20250919,False,0.4487207108126081,0.37048616849464894,0.41617068914230443,0.3585890889654122,0.3978306015441762,20250919,0.191584557247218,0.14891835259273933,0.1203743788683963,0.04506919612532756
P3_valid_202509_10,20250919_3_05,20250919,False,0.09674633398185044,0.09293545967217183,0.09349589523739725,0.0907938363100821,0.10120305433034334,20250919,0.04018716931491495,0.029326132871044575,-0.045036497996275404,-0.07921140340115107
P3_valid_202509_10,20250919_3_06,20250919,False,0.36513620764155524,0.3451525617992783,0.3529596047309981,0.34765669581850905,0.29678076555186994,20250919,0.05628392819196226,0.015138129607142892,0.20727675249084143,0.1733599130942607
P3_valid_202509_10,20250919_3_07,20250919,False,0.3340992161426261,0.3524669402834255,0.3541471541054251,0.3658809448590658,0.36502706119224587,20250919,-0.053518828240060934,-0.032595476891522646,-0.08853348790292559,-0.03025897476481565
P3_valid_202509_10,20250919_3_08,20250919,False,0.4996354251013503,0.5595187761516784,0.5338322285737777,0.5836938382075512,0.5000418401006441,20250919,-0.1131984033285095,-0.0892949848217951,-0.0008130924565988851,0.06538983577244883
P3_valid_202509_10,20250920_1_01,20250920,False,0.5587251328961889,0.5714156402853354,0.5580016496056597,0.5727384768498283,0.5383708413507253,20250920,-0.022459221236371785,-0.026067283484088377,0.037110021156412376,0.03581429976226924
P3_valid_202509_10,20250920_1_02,20250920,False,0.27241685945204086,0.2788899861017361,0.27594795789118287,0.2813080985499982,0.2665903826958646,20250920,-0.023483924389563038,-0.019238215235152456,0.021620131436696388,0.03449895638756284
P3_valid_202509_10,20250920_1_03,20250920,False,0.13704239780816108,0.13881198022549074,0.12990954969664492,0.13357202287583844,0.11969958523117183,20250920,-0.012830006208241373,-0.02780239283135799,0.1353052035151392,0.08185328924159663
P3_valid_202509_10,20250920_1_04,20250920,False,0.13496152213322476,0.12641769780755122,0.13412387582178908,0.12615225156008184,0.11819860797585222,20250920,0.06539823036486858,0.061274296140434004,0.13262338852817734,0.126397491296125
P3_valid_202509_10,20250920_1_05,20250920,False,0.03163485001433523,0.032456506739655513,0.03116848382612948,0.031782614168292526,0.029991324967428012,20250920,-0.025641577452371056,-0.019511965501812334,0.05335118936436434,0.03849927841588041
P3_valid_202509_10,20250920_1_06,20250920,False,0.06780869352342297,0.07189829420520699,0.0441490117368303,0.049472481531277465,0.07594868876624683,20250920,-0.058562130114653055,-0.11384604374526575,-0.11336755467305792,-0.5424874218761855
P3_valid_202509_10,20250920_1_07,20250920,False,0.38419307596439156,0.37735897243657185,0.3776922311251759,0.37262563987578823,0.333492955464647,20250920,0.01794831227565774,0.013505391395575495,0.14152348612771692,0.124457918515395
P3_valid_202509_10,20250920_1_08,20250920,False,0.09108443834364888,0.09160120900019476,0.106982395621828,0.10228681553400878,0.08040815915204277,20250920,-0.0056575001093794874,0.04488350978575184,0.12467131714913204,0.2855486410005139
P3_valid_202509_10,20250920_1_09,20250920,False,0.022775551416036023,0.02382637031007346,0.02337827346238652,0.023700029655693202,0.02364660155760171,20250920,-0.0451053092097804,-0.013669192893857485,-0.037531752945049845,-0.011412300717978052
P3_valid_202509_10,20250920_1_10,20250920,False,0.14464123018568104,0.15171352778726152,0.14132519158154325,0.14753756447653577,0.15105992323660364,20250920,-0.04773765521845319,-0.043019259602889104,-0.04342019895710414,-0.06661304255007683
P3_valid_202509_10,20250921_1_01,20250921,False,0.09190642984877978,0.0947788318008471,0.09224393326486717,0.09714914043126002,0.09264444816684446,20250921,-0.03077509846282922,-0.05181081124154385,-0.007998035665405911,-0.004332511598291067
P3_valid_202509_10,20250921_1_02,20250921,False,0.34865878087699553,0.3282922423018768,0.3446436345026373,0.3279900698341995,0.2857122978675367,20250921,0.060189544390998995,0.04952760667686107,0.19910838571446177,0.18752558670803343
P3_valid_202509_10,20250921_1_03,20250921,False,0.11499619577331247,0.10690991364441087,0.11347182006605416,0.10740180290621618,0.11456057568887969,20250921,0.07291249629992835,0.054977555968043657,0.0037953191671364905,-0.009549203678697271
P3_valid_202509_10,20250921_1_04,20250921,False,0.12439166543522143,0.1266476439398811,0.12291968236255746,0.1254609572375797,0.13115139348346416,20250921,-0.01797359340081872,-0.02046345930238136,-0.0529171514171769,-0.06482117820863165
P3_valid_202509_10,20250921_1_05,20250921,False,0.3484686744098785,0.3672684091171414,0.35517618885113905,0.37023185708029427,0.30629031056183964,20250921,-0.05254460148858153,-0.04151547715954129,0.1290149597234811,0.14808059345761926
P3_valid_202509_10,20250921_1_06,20250921,False,0.11698411297724085,0.12604396513301452,0.11637234947155799,0.12468979448348794,0.13867080463571774,20250921,-0.07459263665816929,-0.0690340492041992,-0.1700646732122575,-0.1753078526876246
P3_valid_202509_10,20250921_1_07,20250921,False,0.13590089611635123,0.1316341618508331,0.12949085727614001,0.12699765272599445,0.13327081294797483,20250921,0.03189934133855088,0.0194416746477315,0.01954266949431549,-0.028772967117310255
P3_valid_202509_10,20250921_1_08,20250921,False,0.07745457211058866,0.07041286021046875,0.12292411658175784,0.07391072852271825,0.05685304597725674,20250921,0.09531567825628562,0.5087092329900238,0.30922180022507817,0.771097428671347
P3_valid_202509_10,20250921_1_09,20250921,False,0.3046093192926779,0.3270051937609235,0.308145250592946,0.32951754409694706,0.30615501008565693,20250921,-0.0709460186562183,-0.06705833248604054,-0.0050615074212128075,0.006479722045820813
P3_valid_202509_10,20250921_1_10,20250921,False,0.21562121661551883,0.2018691545076506,0.20819342287960385,0.1986772173509179,0.21033515191893049,20250921,0.06590350394232791,0.046786080827975196,0.024821021457760217,-0.010234654756875017
P3_valid_202509_10,20250921_1_11,20250921,False,0.054922637954071166,0.04357469696941552,0.051382899116421715,0.043341610260454584,0.042012388179982714,20250921,0.2314489752616069,0.17019226552974587,0.26796108095477233,0.20134088362992575
P3_valid_202509_10,20250921_3_01,20250921,False,0.38309770937744686,0.37398464660498104,0.3806984113757898,0.37379509899445973,0.4244090935337828,20250921,0.024075327798592228,0.018299706845417596,-0.10240776079782021,-0.10869034283330925
P3_valid_202509_10,20250921_3_02,20250921,False,0.18111255851535496,0.1526896740580584,0.1690538597831198,0.1543830140336498,0.17731907994763388,20250921,0.1707111207067109,0.0907807422881255,0.021167887027182974,-0.047733460116517135
P3_valid_202509_10,20250921_3_03,20250921,False,0.16423685596707208,0.1833500226186587,0.15515815439312153,0.18148357853036826,0.15734542647324637,20250921,-0.1100873882716249,-0.15672022555652543,0.042866072467953265,-0.013998609502598125
P3_valid_202509_10,20250921_3_04,20250921,False,0.2596507704570186,0.24736263083355217,0.25007645392740663,0.2435867810923753,0.28501444306128004,20250921,0.0484821365874446,0.02629341726605161,-0.09320231881601337,-0.13077316957281382
P3_valid_202509_10,20250921_3_05,20250921,False,0.0788995049999327,0.08559888415163101,0.07326208921417333,0.08488897724145959,0.09087963848435006,20250921,-0.08149729338390799,-0.14730097788626662,-0.1413610229528004,-0.21549270227381
P3_valid_202509_10,20250921_3_06,20250921,False,0.44654244333621285,0.364013688753532,0.41519304617209635,0.36486899395430095,0.3499461627946339,20250921,0.20434298026731734,0.12920521508910232,0.24375513159760054,0.17096426150590482
P3_valid_202509_10,20250926_3_01,20250926,False,0.19067877459661256,0.19777663742329696,0.18809383258486365,0.19374525536050077,0.17412332840315847,20250926,-0.036548096271489694,-0.029603231661487373,0.09082637175250796,0.07717711573816155
P3_valid_202509_10,20250926_3_02,20250926,False,0.391397349911869,0.4035360586424507,0.40091783372737066,0.4079851528399202,0.42080314344099806,20250926,-0.030542564235834457,-0.017474280755812255,-0.07244184740337123,-0.04840862866208284
P3_valid_202509_10,20250926_3_03,20250926,False,0.15818954506513272,0.1547967310778014,0.1628138584078165,0.1577627678667767,0.1602937413624247,20250926,0.021681122465890157,0.03151513980572651,-0.013214049244518522,0.01559955972602034
P3_valid_202509_10,20250926_3_04,20250926,False,0.16557681520324957,0.16993091864700127,0.1767206075669486,0.1776117422265785,0.17383996614218644,20250926,-0.025956766225028627,-0.005029947386880229,-0.04869991384565031,0.016434855942332183
P3_valid_202509_10,20250926_3_05,20250926,False,0.14408208922248353,0.15761694694585768,0.14420472571131268,0.1548319670672454,0.17276583110577798,20250926,-0.08978450182879705,-0.07110644920166775,-0.18155389896486485,-0.18070310392413513
P3_valid_202509_10,20250926_3_06,20250926,False,0.13633275368235323,0.1332595554843536,0.13764480178741692,0.13341872692210274,0.14588090163401454,20250926,0.022799844220129595,0.0311839615363525,-0.06769193092983916,-0.05811407968662041
P3_valid_202509_10,20250926_3_07,20250926,False,0.09244318594959737,0.08638853651630243,0.08188989807861594,0.06882389758597067,0.07332164432207285,20250926,0.06773926206845182,0.17382460540698919,0.23173840049501004,0.11051978929668671
P3_valid_202509_10,20250926_3_08,20250926,False,0.1002630564211116,0.10461756138349462,0.1308311016864223,0.1174077563935777,0.08595762339739672,20250926,-0.04251413207337329,0.10825421793504386,0.15394287270226403,0.42005276761635413
P3_valid_202509_10,20250927_1_01,20250927,False,0.2845579550032163,0.28450735621469675,0.2818718898415237,0.2822469554069003,0.2946825345413409,20250927,0.0001778312178073449,-0.0013297397305618297,-0.03496168168099678,-0.044445946398655956
P3_valid_202509_10,20250927_1_02,20250927,False,0.029522622492988104,0.035590005441972924,0.031241037715130024,0.03591043315642446,0.039540989736759624,20250927,-0.18690801880467411,-0.13929532851028004,-0.2921810150831141,-0.23560530677432823
P3_valid_202509_10,20250927_1_03,20250927,False,0.464899692977463,0.4508349259667656,0.46351006663779365,0.45207877720663603,0.5024033729858117,20250927,0.03072041360101796,0.024971653012347272,-0.07758166058631832,-0.08057522536314343
P3_valid_202509_10,20250927_1_04,20250927,False,0.40682984164233826,0.4391293734901484,0.4021653709006093,0.44180854011970305,0.4232632988173698,20250927,-0.07639905157252935,-0.09401324665477262,-0.03959942271388561,-0.05113106680508295
P3_valid_202509_10,20250927_1_05,20250927,False,0.15413131852717746,0.15054857775325078,0.14950199540989698,0.14699447524737055,0.18674665627400047,20250927,0.023519148888227592,0.01691473724381498,-0.1919479622626299,-0.2224431790629453
P3_valid_202509_10,20250927_1_06,20250927,False,0.5891791479108488,0.560377342459556,0.5693801405630755,0.563258604770036,0.5740678172201916,20250927,0.05011991081995515,0.01080944020949226,0.025982755643278677,-0.008199241403044844
P3_valid_202509_10,20250927_1_07,20250927,False,0.11016768476615954,0.09986249959566519,0.10566967445116793,0.09811432441455488,0.11751833147634361,20250927,0.09820937626942605,0.07418457523296063,-0.06459072195147453,-0.10627638433853903
P3_valid_202509_10,20250927_1_08,20250927,False,0.18983440546692712,0.1830820116786885,0.18303395768412117,0.18045204833697215,0.16274861542380747,20250927,0.036217938264438976,0.014206614446464538,0.1539453682938532,0.11746492307061152
P3_valid_202509_10,20250927_1_09,20250927,False,0.28492001755538265,0.2706855425503835,0.28071468645784836,0.2702036093026301,0.21624503777815504,20250927,0.051250713176688834,0.038163019502573725,0.2757963018671836,0.2609266039741429
P3_valid_202509_10,20250927_1_10,20250927,False,0.447542925743327,0.4522096462080142,0.44148327249067315,0.4464146616922698,0.4037936809746568,20250927,-0.010373434782380508,-0.011108123397553404,0.10286839970585304,0.08923607456543237
P3_valid_202509_10,20250928_1_01,20250928,False,0.1623749758124513,0.1681023491077407,0.16223172984298515,0.1715764850886538,0.18980591979760175,20250928,-0.03466468875325068,-0.05600340011115468,-0.1560937493204313,-0.156976331080259
P3_valid_202509_10,20250928_1_02,20250928,False,0.48614404859281846,0.4687898662154656,0.4768150978975972,0.46501714319955145,0.4231981044821427,20250928,0.03635035467073566,0.025054508299906852,0.13866457474320426,0.11928837878138943
P3_valid_202509_10,20250928_1_03,20250928,False,0.38608282782939973,0.39802018547878515,0.395318253639379,0.3965539143831372,0.4446063140388873,20250928,-0.030450794966964678,-0.0031208616657547594,-0.14113727673140974,-0.11749805713528327
P3_valid_202509_10,20250928_1_04,20250928,False,0.1535955255538088,0.1559385736947001,0.15365313054615432,0.15515781772860401,0.12675359548060186,20250928,-0.015139481558835044,-0.009745114924450515,0.19207768100038503,0.1924526541166336
P3_valid_202509_10,20250928_1_05,20250928,False,0.23256587875616624,0.23322957454237309,0.21974676596656892,0.22548112554955704,0.18644356367908815,20250928,-0.002849732562486773,-0.025760635412921618,0.22104494871029745,0.16434723391119466
P3_valid_202509_10,20250928_1_06,20250928,False,0.01719076082743062,0.01732663292222432,0.017158360769051226,0.017230892990168025,0.018185184775879795,20250928,-0.007872714698779149,-0.004218313614993363,-0.05623516098181014,-0.05812167606473828
P3_valid_202509_10,20250928_1_07,20250928,False,0.18777239020091105,0.20060725133057866,0.1842079864057419,0.19444811531327763,0.1679476905302231,20250928,-0.06611848415122634,-0.05409988802424537,0.11157797390424062,0.0924129151055868
P3_valid_202509_10,20250928_1_08,20250928,False,0.10480614585659397,0.1103712948037188,0.10446250146124286,0.10885345330176821,0.11990696124070427,20250928,-0.05173767536117779,-0.04117434318786373,-0.13460370523233767,-0.137887949753837
P3_valid_202509_10,20250928_1_09,20250928,False,0.17988877029623426,0.182362299686089,0.17656233385440506,0.18668977377531307,0.18338365703799722,20250928,-0.0136566488731793,-0.055774295143289354,-0.019241727740474612,-0.03790646448792656
P3_valid_202509_10,20250928_1_10,20250928,False,0.2881518721845047,0.2776618755928557,0.2812260260001647,0.27484063194699926,0.2666064616929268,20250928,0.03708357653598049,0.022967299510005423,0.07771403025950718,0.05338506413840105
P3_valid_202509_10,20250928_1_11,20250928,False,0.5599682748355592,0.5125207383134892,0.5447059562496721,0.5056934015867971,0.44712719601865314,20250928,0.08853895484923935,0.0743155593250473,0.22503702105795798,0.19740301026045592
P3_valid_202509_10,20250928_3_01,20250928,False,0.499730255359956,0.5160009538640542,0.5062580309719098,0.5150800552305367,0.5264751964181766,20250928,-0.03204015048820086,-0.017275853689541765,-0.052135756582049164,-0.03915773820431134
P3_valid_202509_10,20250928_3_02,20250928,False,0.24828480393724706,0.26495198229148137,0.2562880260387492,0.26958396096294673,0.24252841115132656,20250928,-0.06497212044017431,-0.05057797155040267,0.023457627325646824,0.05518305083900432
P3_valid_202509_10,20250928_3_03,20250928,False,0.1117269630798789,0.0827806233103415,0.14945553668818778,0.07767511452086773,0.08579735371764433,20250928,0.2998640492925846,0.6544640055002084,0.2640699017396906,0.5550107715710693
P3_valid_202509_10,20250928_3_04,20250928,False,0.17010714380140038,0.17164776783223842,0.1761515129989848,0.17650579598430144,0.15066795688838255,20250928,-0.00901601946099051,-0.002009220257046307,0.12135004163069008,0.15626603946917994
P3_valid_202509_10,20250928_3_05,20250928,False,0.26654844756563995,0.22196017721054498,0.25278021421122304,0.2218963744563399,0.25171590468546173,20250928,0.18305803522794806,0.130309901472609,0.05725492987369174,0.004219303438995237
P3_valid_202509_10,20250928_3_06,20250928,False,0.3279044528418406,0.31699697026606016,0.3169099694704622,0.31027361974571643,0.2950191145766281,20250928,0.03383004732463002,0.021163173041006234,0.10568211422020868,0.07157757614404847
P3_valid_202509_10,20251002_3_01,20251002,False,0.16098592034701498,0.16176956240961382,0.16104272065397165,0.16526017589592923,0.17467916693461855,20251002,-0.004855958422664397,-0.025851380167867477,-0.08163404961214815,-0.08128128404838253
P3_valid_202509_10,20251002_3_02,20251002,False,0.2994502516756107,0.31106018035605165,0.30525989002332593,0.317001938123561,0.3496479074269262,20251002,-0.03803810025771792,-0.037744375598272484,-0.15497837019732819,-0.1357631571522222
P3_valid_202509_10,20251002_3_03,20251002,False,0.19182744704246446,0.2010919867309078,0.19213304433008987,0.20245610349401807,0.19008359479875267,20251002,-0.047166194176402554,-0.052335018903443276,0.009132306596420392,0.010724123249544748
P3_valid_202509_10,20251002_3_04,20251002,False,0.13506753168957272,0.13944551116100312,0.13765293088663197,0.14031888845558035,0.1420698860374855,20251002,-0.031899035860268876,-0.019182083422674356,-0.0505442036258561,-0.0315835680530705
P3_valid_202509_10,20251002_3_05,20251002,False,0.32380388065447385,0.3138461871652613,0.32901260425575557,0.31969283918158903,0.322201938928976,20251002,0.031235009797833113,0.028735403580535612,0.004959537392746682,0.020917572333725154
P3_valid_202509_10,20251002_3_06,20251002,False,0.1619673578143897,0.17796331223578934,0.169647111470178,0.18774180234865004,0.17031777633680886,20251002,-0.09418259805675366,-0.10134716242156472,-0.050271144747258356,-0.0039455000248718175
P3_valid_202509_10,20251002_3_07,20251002,False,0.09326222029268524,0.09541705243040068,0.09689145201590006,0.09779797274844636,0.11617155542595647,20251002,-0.022842210477948655,-0.009312547767041046,-0.2196529260051494,-0.1814767241426667
P3_valid_202509_10,20251002_3_08,20251002,False,0.1472919933819312,0.1444592034696626,0.14611278106280726,0.14444250856503257,0.1709730788104304,20251002,0.019419827371491616,0.011497232756013664,-0.14908914411952456,-0.15712731371398792
P3_valid_202509_10,20251003_1_01,20251003,False,0.2994475139334154,0.3003701230974998,0.2877191187339003,0.29247640444288975,0.28430023842207436,20251003,-0.003076301311357721,-0.01639927278182829,0.05190829928178631,0.011953864779807866
P3_valid_202509_10,20251003_1_02,20251003,False,0.027923477936911835,0.02514610009456812,0.02759352214395082,0.025482005623359196,0.02809963772824461,20251003,0.10476501937773897,0.07960849900744504,-0.006288845946108346,-0.018175643777032846
P3_valid_202509_10,20251003_1_03,20251003,False,0.1712941781712088,0.16480408181562808,0.1746869636275115,0.16871616836074022,0.1665282925402979,20251003,0.038625033127608566,0.034777767011204164,0.028217198443157843,0.047830372724269044
P3_valid_202509_10,20251003_1_04,20251003,False,0.2768142712772462,0.2841693394823742,0.2820291796184759,0.2871383677328041,0.24492299088531158,20251003,-0.026223545751425048,-0.017953677704755977,0.12240294227914994,0.14106670119162001
P3_valid_202509_10,20251003_1_05,20251003,False,0.00935441154821488,0.009482593161100394,0.009431741507227377,0.009275982026010971,0.012973608966944215,20251003,-0.013609763696640798,0.01665227522125612,-0.32706915922587854,-0.3188364576661442
P3_valid_202509_10,20251003_1_06,20251003,False,0.08442137290136055,0.08148654248300508,0.10007856388197463,0.09181451654825164,0.09238231515641424,20251003,0.035382719267565754,0.08618509889646342,-0.09011496294610799,0.08001995043691501
P3_valid_202509_10,20251003_1_07,20251003,False,0.442393963288917,0.4339554696441275,0.4424416184830493,0.4345813616291529,0.42028336058134724,20251003,0.01925888041681001,0.01792533947467878,0.05127165290432967,0.05137936827012213
P3_valid_202509_10,20251003_1_08,20251003,False,0.3112160492022213,0.29567118304256906,0.31359323249290455,0.29973242383895327,0.24254228222263036,20251003,0.05123939420768364,0.04520655206092461,0.24931130810141422,0.25692065332290337
P3_valid_202509_10,20251003_1_09,20251003,False,0.0875087438531732,0.08994581329255608,0.07850199951794107,0.08354996652750528,0.09889192577755646,20251003,-0.027468696361985234,-0.06232075838292328,-0.12228887690706713,-0.23090349899844576
P3_valid_202509_10,20251003_1_10,20251003,False,0.19306928124621872,0.193352607867808,0.1936859526363717,0.19456491330314032,0.20959135602827778,20251003,-0.0014664110928606089,-0.004527805321302925,-0.08211061659521501,-0.07892166472733164
P3_valid_202509_10,20251003_1_11,20251003,False,0.4482496634927619,0.4396748618152345,0.4440706328600288,0.44117281878880177,0.42426918427109905,20251003,0.01931485843770897,0.006546954776067704,0.054982239419577805,0.045615510445866536
P3_valid_202509_10,20251004_1_01,20251004,False,0.2897212896180843,0.2738295150375959,0.2793178165097057,0.26988344731210384,0.284638956225908,20251004,0.05641368572947281,0.03436007160575438,0.017697833660324847,-0.018871296130453574
P3_valid_202509_10,20251004_1_02,20251004,False,0.01174469307129567,0.011573256522460948,0.011474932401301057,0.011247941698044552,0.016047311477721506,20251004,0.014704520839369017,0.019979713237743724,-0.3121398413113159,-0.3353764613934649
P3_valid_202509_10,20251004_1_03,20251004,False,0.2812996411554936,0.2836243131084512,0.2865423536671235,0.28641140105897317,0.27633132584317815,20251004,-0.008230081436815917,0.00045711406671267163,0.01781983813062027,0.036285754828101036
P3_valid_202509_10,20251004_1_04,20251004,False,0.15386491689471254,0.15578311702927286,0.15182428525050856,0.1554191600408644,0.17068378440646612,20251004,-0.012389710006882604,-0.02340189126640202,-0.10373757613871781,-0.11708879654520099
P3_valid_202509_10,20251004_1_05,20251004,False,0.18233517929342827,0.1770906514239921,0.1823582842711276,0.1799614152330951,0.14735526890164644,20251004,0.029184881393147677,0.013230878733704987,0.21300017152290796,0.21312688055412798
P3_valid_202509_10,20251004_1_06,20251004,False,0.012088938181687868,0.011837023797860311,0.011976763596281591,0.011590149995296853,0.015563755287303895,20251004,0.02105860517307523,0.03281280657559815,-0.25265399739693883,-0.26197642637431073
P3_valid_202509_10,20251004_1_07,20251004,False,0.07699606144202052,0.0719943384504937,0.07261342340618838,0.06688873697776312,0.06666244214080452,20251004,0.06716678714952717,0.08211920326828803,0.14411256245767756,0.0855080921575806
P3_valid_202509_10,20251004_1_08,20251004,False,0.10999140792174228,0.10858210854030212,0.10947749830320833,0.10812274268363456,0.13084568271847186,20251004,0.01289560541774648,0.012451945071951354,-0.1736163813654148,-0.1782996011130522
P3_valid_202509_10,20251004_1_09,20251004,False,0.12077849848092098,0.10615967412887191,0.1229886078917143,0.11089503803364524,0.10834752372523106,20251004,0.1290139565538171,0.10350758166948637,0.10861440363420449,0.12674785900016383
P3_valid_202509_10,20251004_1_10,20251004,False,0.04371265888576014,0.042671555733226556,0.04411105968576614,0.04321771708032495,0.043521766527394624,20251004,0.024105180988581054,0.020460008761483017,0.0043765442864915904,0.013449344649977046
P3_valid_202509_10,20251004_1_11,20251004,False,0.20793049445746942,0.21359395218553415,0.21853757719218933,0.2201935295686192,0.2491947763537109,20251004,-0.026872930352226154,-0.007548861772741278,-0.1810309624362869,-0.13127684728570865
P3_valid_202509_10,20251004_3_01,20251004,False,0.4330779958691399,0.4480957995171084,0.4429160929075239,0.45844313501474343,0.42484694767863507,20251004,-0.03408920695344453,-0.03445591446963003,0.01918885985381724,0.04165136462073826
P3_valid_202509_10,20251004_3_02,20251004,False,0.2534141373443822,0.2509367083208278,0.2539423776413403,0.24918883561768615,0.25011822977743786,20251004,0.009824307705590618,0.018896396584626496,0.013091331774828241,0.015173656421224813
P3_valid_202509_10,20251004_3_03,20251004,False,0.35513451912545246,0.3363640341804094,0.3616135726719044,0.34406042099830153,0.322370790277486,20251004,0.05430263628285825,0.04975887847058824,0.09679423916293683,0.1148737572059011
P3_valid_202509_10,20251004_3_04,20251004,False,0.4507996377390201,0.418531892874539,0.44543722270146147,0.4264398418596068,0.420931520356826,20251004,0.0742698839581164,0.04358501648750013,0.06855281760259446,0.05658616176423237
P3_valid_202509_10,20251004_3_05,20251004,False,0.05456257391410888,0.05660631997433995,0.05380390795413564,0.05396764540288409,0.06901720889138992,20251004,-0.03677245103204907,-0.0030386047084234313,-0.23500768945667305,-0.24900977464184493
P3_valid_202509_10,20251004_3_06,20251004,False,0.05539138698090969,0.0642937694718275,0.044748352353068926,0.05627603244812854,0.060904283723913835,20251004,-0.14903861674648633,-0.2292141079867096,-0.09487940052833244,-0.30824888741904344
P3_valid_202509_10,20251017_3_01,20251017,False,0.2787075682927842,0.28695034514084544,0.2772133219168738,0.29218724289136533,0.2569230031365386,20251017,-0.029146097528234716,-0.05260751451448953,0.08138664850024702,0.07601088370808418
P3_valid_202509_10,20251017_3_02,20251017,False,0.4090089714086656,0.35015006393921233,0.39565779207168456,0.34906527357737666,0.400173132614733,20251017,0.1553752740800315,0.12529074119448746,0.021839805786480593,-0.011347608783668695
P3_valid_202509_10,20251017_3_03,20251017,False,0.45832098977638897,0.4566263461493758,0.4436374493324463,0.45012820769555395,0.39813365785899224,20251017,0.003704356520497165,-0.014524774864892898,0.1407820169983658,0.10821990063701781
P3_valid_202509_10,20251017_3_04,20251017,False,0.4010327792046932,0.4097249936539776,0.40476177454547907,0.41261736589575987,0.40271219137290265,20251017,-0.02144301984305841,-0.01922200564553045,-0.00417897386301902,0.005076541562404224
P3_valid_202509_10,20251017_3_05,20251017,False,0.14437336483117025,0.1381857110545917,0.14206551567261724,0.13877846163691057,0.13719322751173338,20251017,0.04380424261648885,0.023409468670191114,0.051012403453156274,0.03489797726129096
P3_valid_202509_10,20251017_3_06,20251017,False,0.18413418118730243,0.17758263274031966,0.17417277029208006,0.17554209881066715,0.2110308623747165,20251017,0.036228700269666625,-0.007831154106531457,-0.13633965253702596,-0.1919566506627972
P3_valid_202509_10,20251017_3_07,20251017,False,0.1895568350848179,0.19607098406621232,0.1893871398623438,0.19220991744814936,0.19550973473759356,20251017,-0.03378785642123705,-0.014794815738477629,-0.03092127139292833,-0.031816893147257774
P3_valid_202509_10,20251017_3_08,20251017,False,0.5212808366453971,0.49181727397118924,0.5084621079616312,0.48710961686498633,0.39665823029866293,20251017,0.058181677254283914,0.04290151170952716,0.273213901338458,0.24831566637247238
P3_valid_202509_10,20251018_1_01,20251018,False,0.2866935823245962,0.26963190037755097,0.27185791712179175,0.2612240324906886,0.2651335959556779,20251018,0.061356291121000384,0.03990116511985109,0.07818015336754258,0.025045731659492088
P3_valid_202509_10,20251018_1_02,20251018,False,0.5041836176335175,0.520949336261295,0.5204475700645265,0.5280274130687264,0.5667845337076645,20251018,-0.03271227134034449,-0.014459048011153275,-0.11703869798352406,-0.08529006736949463
P3_valid_202509_10,20251018_1_03,20251018,False,0.11306727806710945,0.10801966076138204,0.10852261955266629,0.10509581208846093,0.15688572709554027,20251018,0.04566976802510325,0.032086196225728614,-0.3275346647719606,-0.3685590610477667
P3_valid_202509_10,20251018_1_04,20251018,False,0.12234068805594306,0.1174326191554939,0.11968380758179491,0.11748577546286493,0.13362021605159874,20251018,0.040944962826825915,0.01853606204218572,-0.08819188947904344,-0.11014823899910864
P3_valid_202509_10,20251018_1_05,20251018,False,0.08476822638113288,0.08514797765445023,0.08460784618628417,0.0889524038017671,0.08825772576254934,20251018,-0.0044698727558198925,-0.05007443110705001,-0.04034045235050332,-0.04223422920280395
P3_valid_202509_10,20251018_1_06,20251018,False,0.6062263112966927,0.5965483759686554,0.5926538012638518,0.594289305047886,0.5409306684699018,20251018,0.01609302939293933,-0.0027558268132946706,0.11396225110393055,0.09131930328176974
P3_valid_202509_10,20251018_1_07,20251018,False,0.33106326801994745,0.3176924783728576,0.3262266626052269,0.31801193042903575,0.24936297733590865,20251018,0.04122563342144692,0.025503524684966417,0.28339992386836466,0.2686828485362298
P3_valid_202509_10,20251018_1_08,20251018,False,0.674351152586137,0.681348932955897,0.6796912712643636,0.6860451860088582,0.6148662976183202,20251018,-0.01032358497891378,-0.009304812145617125,0.09234613121771157,0.10023384030400029
P3_valid_202509_10,20251018_1_09,20251018,False,0.19426015769510913,0.21207199775619937,0.19472316285293723,0.21067184239351305,0.21005403638149772,20251018,-0.08772754932713656,-0.07872280131123732,-0.07816653397243001,-0.07578594153037654
P3_valid_202509_10,20251018_1_10,20251018,False,0.20365921842993703,0.20740080710554645,0.19200188776210125,0.1971645859988671,0.1822642783766425,20251018,-0.018205088214259924,-0.026533637783396458,0.11099038629220859,0.052047491251612454
P3_valid_202509_10,20251018_1_11,20251018,False,0.10083909170403302,0.09657125996214948,0.09766251503144445,0.09462175464743458,0.10604309122146242,20251018,0.04324491394873631,0.031630397054336346,-0.050319437481213036,-0.08232772122701082
P3_valid_202509_10,20251019_1_01,20251019,False,0.5704708797869829,0.5719981634144516,0.556980705499147,0.5642661688380071,0.5031983495569721,20251019,-0.0026736558795437126,-0.012995471447830087,0.12547769919508145,0.10154617380374376
P3_valid_202509_10,20251019_1_02,20251019,False,0.5217392645907419,0.5145557370876557,0.5174677455881086,0.511473790783171,0.46895385446618476,20251019,0.013864088034764022,0.011650851667846851,0.10666359769777156,0.09844282355568101
P3_valid_202509_10,20251019_1_03,20251019,False,0.18995416600865242,0.18359805092904535,0.18458186304608765,0.18020078887638066,0.16385183190255845,20251019,0.03403394925090253,0.024021344273696954,0.14782025608025373,0.11913051177489109
P3_valid_202509_10,20251019_1_04,20251019,False,0.3829668799416459,0.375133725578302,0.3769503255836459,0.3686583748951367,0.38298578161123165,20251019,0.020665946147923386,0.022243014470598288,-4.935466782307607e-05,-0.01588444837208869
P3_valid_202509_10,20251019_1_05,20251019,False,0.43581684836498336,0.44482891767695665,0.4380540034529371,0.44901769400043906,0.4404625112934776,20251019,-0.020467671049613334,-0.024720096208332265,-0.010603254322519629,-0.005483138528158071
P3_valid_202509_10,20251019_1_06,20251019,False,0.40301015557633435,0.4035354439104894,0.38365218964344683,0.39925954696584653,0.41816195159189556,20251019,-0.0013025634477688008,-0.039875313053394645,-0.03690703991701494,-0.08613241548154194
P3_valid_202509_10,20251019_1_07,20251019,False,0.6264505783779749,0.5911090317676033,0.6157333053215012,0.590943966424557,0.5837209354155015,20251019,0.05806939864702737,0.041092722431890494,0.0706468676484669,0.05339090557326848
P3_valid_202509_10,20251019_1_08,20251019,False,0.13735394345129542,0.14557162783533337,0.13566793242829678,0.1454504965133769,0.1670125714622141,20251019,-0.05810712990988942,-0.06962557190225938,-0.1955079647043727,-0.2078588611310761
P3_valid_202509_10,20251019_1_09,20251019,False,0.1726179068244384,0.1756206825176976,0.16855851683154374,0.17609901010987675,0.13544161348573494,20251019,-0.017245935454376582,-0.043763423900782916,0.24253987012951472,0.21874231973091662
P3_valid_202509_10,20251019_1_10,20251019,False,0.040013706033865885,0.04187820264988219,0.039607695982317,0.041367886511492674,0.04217365161820091,20251019,-0.04554342214272111,-0.04348144933528486,-0.05257361053618803,-0.06277221443929104
P3_valid_202509_10,20251019_1_11,20251019,False,0.2011395448669207,0.21084557160020295,0.19114033769850272,0.2035607437996108,0.1906544506393997,20251019,-0.04712705711833087,-0.06295654507511128,0.053536289660118364,0.002545280010418649
P3_valid_202509_10,20251019_3_01,20251019,False,0.11130062652587208,0.11993790435721731,0.11360444756328784,0.11993649844038354,0.10695056437826715,20251019,-0.07473925773272372,-0.0542397664476546,0.0398681748852896,0.060355944062310485
P3_valid_202509_10,20251019_3_02,20251019,False,0.04402628902667145,0.046918786300887014,0.04229424442053717,0.04446134640739567,0.04378880252730292,20251019,-0.06363122265736809,-0.049969180558553816,0.005408798741538323,-0.034727123550662764
P3_valid_202509_10,20251019_3_03,20251019,False,0.20367143853235273,0.21028804354411335,0.20460221728020586,0.21150066941839013,0.2494460759848047,20251019,-0.03197012679713951,-0.0331604729746342,-0.2027346635036349,-0.1981750729096059
P3_valid_202509_10,20251019_3_04,20251019,False,0.13956513216897246,0.13637025815713846,0.1406477898315042,0.13871120846552773,0.15263497297398948,20251019,0.02315771663546884,0.013864685941918697,-0.08951788371960534,-0.08179045243478522
P3_valid_202509_10,20251019_3_05,20251019,False,0.11734263206388622,0.1331131329343922,0.1193780593035537,0.1320397118094,0.12032338664244724,20251019,-0.12610125587910082,-0.10080729823562384,-0.025084872432926453,-0.007887580620980827
P3_valid_202509_10,20251019_3_06,20251019,False,0.03941944716806934,0.04155708497389066,0.035044433822385125,0.039764791031057754,0.03858883487925682,20251019,-0.05280874610777353,-0.1263650792078823,0.02129629468113592,-0.09634618870652467
P3_valid_202509_10,20251024_3_01,20251024,False,0.02609368763088188,0.02946424310253828,0.02715825298241121,0.02982523342533095,0.028340290763687614,20251024,-0.12148399808702459,-0.09367381701136024,-0.08259106218909817,-0.04260351660268746
P3_valid_202509_10,20251024_3_02,20251024,False,0.21414036355567972,0.217222385970905,0.211024363117416,0.21886038810913214,0.1954733378507623,20251024,-0.014289944436892688,-0.03646043748822736,0.09120771363139069,0.0765496009770128
P3_valid_202509_10,20251024_3_03,20251024,False,0.5466554087399864,0.4969953284626213,0.5474511987621332,0.5081155125624996,0.4668467505022076,20251024,0.09523801158889589,0.07456451437284317,0.15781759173913446,0.1592722766062611
P3_valid_202509_10,20251024_3_04,20251024,False,0.005765070201075006,0.005703170291073479,0.005853786421926386,0.005712228891004476,0.006695786959738403,20251024,0.010795119123314656,0.02447940728914144,-0.14966118586930577,-0.1343898131542769
P3_valid_202509_10,20251024_3_05,20251024,False,0.5797286742611831,0.5807001397415975,0.5828554446216315,0.5831063966918029,0.5369935706880403,20251024,-0.0016743219327864933,-0.0004304636140814999,0.07657406929932353,0.08195308291006942
P3_valid_202509_10,20251024_3_06,20251024,False,0.1992756193399155,0.2144362051204167,0.19677238683765214,0.2117091635891786,0.21024172027410187,20251024,-0.07332339383120323,-0.07316579894528319,-0.05356902941774733,-0.06621025370347255
P3_valid_202509_10,20251024_3_07,20251024,False,0.1357660811774956,0.11791257124723879,0.13041760696660717,0.11750678108861523,0.13732089898429117,20251024,0.14098998529667872,0.10424561981641123,-0.011387101695093271,-0.05157885207792168
P3_valid_202509_10,20251024_3_08,20251024,False,0.38408890006085855,0.4000523877440632,0.3529064327584692,0.3923561284504131,0.3739936740799101,20251024,-0.04072147152396066,-0.10596695951654844,0.026635153321796,-0.05803592425592585
P3_valid_202509_10,20251025_1_01,20251025,False,0.22402820332762077,0.21289164338856884,0.226040267314379,0.21633639949525907,0.20264239232672043,20251025,0.05098863185822111,0.043878556101390354,0.10032914022110928,0.10927034593780816
P3_valid_202509_10,20251025_1_02,20251025,False,0.10915216696919607,0.12126185442250308,0.11518177494866053,0.12407324272551538,0.13568776920391945,20251025,-0.10520935754218552,-0.07436052619548494,-0.21761349570654853,-0.1638448994603181
P3_valid_202509_10,20251025_1_03,20251025,False,0.1710244701750387,0.1747253671178604,0.17849577286567775,0.1796369579198501,0.23003173283565181,20251025,-0.021408763775496054,-0.0063729942477352974,-0.29641062155343745,-0.2536523487425191
P3_valid_202509_10,20251025_1_04,20251025,False,0.15470620530212004,0.16017642335054802,0.1506938472099176,0.15407211889633332,0.14822845022206393,20251025,-0.03474798508960997,-0.022170520585530706,0.04277320237105808,0.0164956104828482
P3_valid_202509_10,20251025_1_05,20251025,False,0.18834744873805295,0.1904620579331228,0.17540697323645604,0.1819832253760537,0.16129109658631027,20251025,-0.01116461505345101,-0.036805679223610444,0.1550776029666996,0.08389804958728786
P3_valid_202509_10,20251025_1_06,20251025,False,0.15344636333329126,0.15138148708261456,0.15196453899280202,0.14976588093213683,0.1731483840381066,20251025,0.013548026084857279,0.014573916525530972,-0.12079785665119513,-0.13050174054812724
P3_valid_202509_10,20251025_1_07,20251025,False,0.5893257737507703,0.6019454170680565,0.5942570586501459,0.6038392744762212,0.4953845785922578,20251025,-0.021187644774714354,-0.015996076242973944,0.17364473973465722,0.18197759705332506
P3_valid_202509_10,20251025_1_08,20251025,False,0.07143836880078881,0.07467974530237351,0.06554205920609762,0.07279646147649654,0.09330846348365876,20251025,-0.044373804975892384,-0.10497528607833395,-0.2670757131466601,-0.35321875446765727
P3_valid_202509_10,20251025_1_09,20251025,False,0.519725378167514,0.5359179070333283,0.49560265831686406,0.5168479368425843,0.50587021226598,20251025,-0.030680437657991666,-0.04197419163898497,0.027020414274643856,-0.02050562531221034
P3_valid_202509_10,20251025_1_10,20251025,False,0.15559929510631929,0.15965255506017237,0.15092485081907664,0.1576549296258201,0.17269202612766568,20251025,-0.02571584159886231,-0.043626618695419506,-0.10422573070336782,-0.1347277760344372
P3_valid_202509_10,20251025_1_11,20251025,False,0.3753690353908244,0.36167189187396787,0.35993772520641354,0.3529314713554575,0.33160629352318405,20251025,0.037172211662641286,0.019657124998991637,0.12396123409976856,0.08198262860594263
P3_valid_202509_10,20251026_1_01,20251026,False,0.02615616401776874,0.023711467779843325,0.025979021300856216,0.02407131776969988,0.023668340368891115,20251026,0.0981260767508485,0.07626834159289153,0.09994657474560364,0.09315103359524812
P3_valid_202509_10,20251026_1_02,20251026,False,0.39253203559007527,0.4034576477966987,0.39748997322422186,0.40537785427286155,0.37953993667027414,20251026,-0.02745336688157418,-0.019649896487410445,0.0336583269628995,0.04620988291643058
P3_valid_202509_10,20251026_1_03,20251026,False,0.11402415771078193,0.10731247411450441,0.11359409403324294,0.10881126606465676,0.11038359163928185,20251026,0.06066543824686654,0.04301663834211311,0.032448839347289926,0.028670019450371953
P3_valid_202509_10,20251026_1_04,20251026,False,0.4220782933888248,0.39792373787219043,0.4078954592021708,0.3938557476844259,0.39821958027945364,20251026,0.05893045264718255,0.035026194496321494,0.05818726379126926,0.02400735173293711
P3_valid_202509_10,20251026_1_05,20251026,False,0.026155476048170666,0.02643198341418652,0.026238336085449964,0.02605136072290117,0.03444533447406151,20251026,-0.010516192152683956,0.007151548808268515,-0.27531498168289437,-0.2721520086910316
P3_valid_202509_10,20251026_1_06,20251026,False,0.04116502325507347,0.0435170073616642,0.03971232906165974,0.042053371748213414,0.05129010105175291,20251026,-0.05556288984197533,-0.05727787227626813,-0.21990882592936511,-0.2558360764130212
P3_valid_202509_10,20251026_1_07,20251026,False,0.5095338917852885,0.5109263118497744,0.5163375508929662,0.519498878081537,0.5248275017522318,20251026,-0.0027290058420570418,-0.006103930920988043,-0.02957327036352575,-0.01630892050640842
P3_valid_202509_10,20251026_1_08,20251026,False,0.13211172239786523,0.1282996614946287,0.13037401432082946,0.12708157750875462,0.13168243515939781,20251026,0.029279313180657685,0.02557813012004928,0.003254716642721256,-0.009985876812997674
P3_valid_202509_10,20251026_1_09,20251026,False,0.11976066101990565,0.11588072937801679,0.10969506972826275,0.10830933261753496,0.13006791217132185,20251026,0.03293379250026973,0.012713098998634376,-0.08256145573494678,-0.1703522923227574
P3_valid_202509_10,20251026_1_10,20251026,False,0.5579496033151741,0.5599576379811647,0.5696360853841461,0.5707164066349476,0.5379352984079065,20251026,-0.0035924927426064235,-0.0018947151543990959,0.03653035191578646,0.05725942049297805
P3_valid_202509_10,20251026_1_11,20251026,False,0.03902311794827045,0.0402645115604694,0.03691090425492431,0.038955150041339155,0.049372647922733236,20251026,-0.031316236134523834,-0.053903969777403304,-0.2352423466621536,-0.2908895694226272
P3_valid_202509_10,20251026_3_01,20251026,False,0.15313085150689776,0.15402190581360398,0.15312498122287843,0.15417846789961615,0.16053622658764424,20251026,-0.005802043349118602,-0.006856355219847288,-0.04722683343620249,-0.04726516925477431
P3_valid_202509_10,20251026_3_02,20251026,False,0.24179550185840407,0.24180190396394244,0.22534641795744337,0.23724680013676286,0.21737576114023968,20251026,-2.6477005300895584e-05,-0.05146209654609413,0.10646486109549813,0.03601137937142562
P3_valid_202509_10,20251026_3_03,20251026,False,0.059586920791655916,0.07145230907669135,0.05323124085747301,0.06718384321819089,0.06423520802608255,20251026,-0.18159412104790507,-0.2327873321647398,-0.07511537181020111,-0.18790601383832684
P3_valid_202509_10,20251026_3_04,20251026,False,0.3348984637237162,0.34704404093017327,0.3332113110814954,0.34396681473679075,0.3509093738571211,20251026,-0.03562429847948967,-0.03176832739186386,-0.04670060346781568,-0.05175113944904175
P3_valid_202509_10,20251026_3_05,20251026,False,0.3065194345956508,0.2737797068872829,0.306379171536623,0.2823813201176214,0.29872182548118403,20251026,0.11295736795573763,0.08156510100318437,0.02576837072280469,0.0253106667565266
P3_valid_202509_10,20251026_3_06,20251026,False,0.5040967182778056,0.4945865913685405,0.4988049404191887,0.49063889345352873,0.42563213374453307,20251026,0.019045906337156415,0.01650671236347656,0.16919271360893007,0.15863968096968806
P3_valid_202509_10,20251031_3_01,20251031,False,0.07085614891787309,0.07031559218643502,0.07005145889341269,0.07287023524853514,0.06884921178300733,20251031,0.007658181008125986,-0.03945016098416332,0.028732973415705576,0.017311322237775872
P3_valid_202509_10,20251031_3_02,20251031,False,0.29606110532988195,0.31037040371927443,0.3009142209544674,0.3117739843364838,0.26559814553124395,20251031,-0.047200564976362935,-0.03545327220385186,0.10858143455284552,0.12484080852525903
P3_valid_202509_10,20251031_3_03,20251031,False,0.12299368600166614,0.12066979522269107,0.11572673176590682,0.11222592259864475,0.09638906576271143,20251031,0.019075170653603646,0.0307176456912166,0.24374025124972531,0.1828388818126685
P3_valid_202509_10,20251031_3_04,20251031,False,0.38824569678215237,0.4018522494296956,0.39291162828651927,0.40744008767052653,0.39939065515454764,20251031,-0.03444610398677084,-0.03630917557782798,-0.028301645157315036,-0.016355301325974292
P3_valid_202509_10,20251031_3_05,20251031,False,0.02846548199796437,0.02682663321499174,0.026045559282300495,0.025015884815861537,0.027955021373942016,20251031,0.05929702453740848,0.04033626893207565,0.018095356201693225,-0.07074955440387898
P3_valid_202509_10,20251031_3_06,20251031,False,0.05072117266213947,0.05394850770620954,0.04501098954836913,0.05127376168692971,0.05547829286770922,20251031,-0.06168660046762264,-0.1302724810999054,-0.08964839457245155,-0.2090851526031141
P3_valid_202509_10,20251031_3_07,20251031,False,0.2907915819707406,0.2903910955990544,0.29448776044619585,0.29262793920569585,0.27572946963181744,20251031,0.0013781774665075908,0.006335471738950105,0.0531865948786141,0.0658172392429004
P3_valid_202509_10,20251031_3_08,20251031,False,0.5204356534196573,0.5162916698947875,0.5276885755168252,0.5268521809853285,0.5000901978837899,20251031,0.007994398337844766,0.0015862728903021095,0.03987777793849423,0.053717812677217314
P4_valid_202511_12,20251101_1_01,20251101,False,0.04109138716167797,0.03927838852317396,0.0416979459959313,0.039951478772900346,0.04430110545590622,20251101,0.045124084164538836,0.04278618378008803,-0.07521108916588082,-0.06055775969836574
P4_valid_202511_12,20251101_1_02,20251101,False,0.37586114329326625,0.3977042139243866,0.3721454862250299,0.3954754055945019,0.331915142281566,20251101,-0.05648877246396522,-0.060803729852967225,0.12434043472106604,0.11440552911044122
P4_valid_202511_12,20251101_1_03,20251101,False,0.19463199238638276,0.1897716095105108,0.18618919620604021,0.18559701898986133,0.17097954087366538,20251101,0.025289263087005853,0.003185581889570299,0.12956665166071457,0.08521943530455212
P4_valid_202511_12,20251101_1_04,20251101,False,0.2587624047960775,0.24770542932244446,0.2591748089439746,0.2487419597921883,0.22869052546112237,20251101,0.043670029472152816,0.04108671896608351,0.12354061230518276,0.1251330996728095
P4_valid_202511_12,20251101_1_05,20251101,False,0.28281584125391873,0.27625665856978876,0.28835075578491903,0.28295247610214,0.30852738355535375,20251101,0.02346559224142375,0.018898686551965582,-0.08701465475381776,-0.06763296183091883
P4_valid_202511_12,20251101_1_06,20251101,False,0.5387391544229663,0.5333721707592125,0.5254206338527019,0.5285246501070915,0.5296175143599261,20251101,0.010012073131845267,-0.005890296728428446,0.0170764352165933,-0.007955925862436763
P4_valid_202511_12,20251101_1_07,20251101,False,0.16234881279854915,0.16921288190166497,0.16248867293863434,0.16828087335674352,0.15468094658702136,20251101,-0.04141039252772227,-0.03502615426379352,0.04838259954941582,0.04924370797974409
P4_valid_202511_12,20251101_1_08,20251101,False,0.4138071820883138,0.4133289200476417,0.42352123329536207,0.41993417249054016,0.36520433296058136,20251101,0.0011564290150956058,0.008505683658381225,0.12494310831082689,0.1481466372124992
P4_valid_202511_12,20251101_1_09,20251101,False,0.15395782719700055,0.1511657564371554,0.14794843791650106,0.14767724624181536,0.20113683066148672,20251101,0.01830175603487527,0.0018346968162092914,-0.26730671047391663,-0.3071216054085437
P4_valid_202511_12,20251101_1_10,20251101,False,0.3773012855367312,0.35810960045078055,0.37678168108595084,0.3621293179337366,0.3464977790095607,20251101,0.05220494810693399,0.03966454455004509,0.08516762534031641,0.08378951562026005
P4_valid_202511_12,20251101_1_11,20251101,False,0.052480716972005625,0.0519732823207885,0.050884296241495985,0.050348499556104154,0.04820109443841483,20251101,0.00971602133974736,0.010585535731217899,0.08506407936669147,0.05417262718581517
P4_valid_202511_12,20251102_1_01,20251102,False,0.036735943759632524,0.03760758679333281,0.03574921561318419,0.03689746928289,0.034927931532795824,20251102,-0.02345013669756968,-0.0316146375656805,0.05046883019523829,0.023241488442016234
P4_valid_202511_12,20251102_1_02,20251102,False,0.5697364463641257,0.579368578954343,0.5743786327703624,0.5889083930914426,0.5761203671473492,20251102,-0.016764974447128655,-0.024981824173322953,-0.011142730505846021,-0.003027791780309208
P4_valid_202511_12,20251102_1_03,20251102,False,0.06516000116559757,0.06274225357825922,0.06404136963110478,0.062309119681111635,0.053623961162708025,20251102,0.03781068018268208,0.027421476614037044,0.1948497968187386,0.1775332702155321
P4_valid_202511_12,20251102_1_04,20251102,False,0.11570746611145503,0.11697187631627165,0.09924481275867582,0.10100332773298415,0.09321189955812906,20251102,-0.010868370503080982,-0.01756381034456389,0.21618977083139246,0.06271426260147983
P4_valid_202511_12,20251102_1_05,20251102,False,0.38801281535213755,0.4002208338596678,0.40978183255330564,0.42013399763826503,0.4161783906215763,20251102,-0.030978111078583614,-0.024948800039313213,-0.07007562361634867,-0.015489089601359973
P4_valid_202511_12,20251102_1_06,20251102,False,0.3167345819503202,0.3053611627267193,0.32075031651032204,0.31024822204223823,0.32135970518683643,20251102,0.03656892609390794,0.033290296935014396,-0.01449693041036526,-0.0018980823811416414
P4_valid_202511_12,20251102_1_07,20251102,False,0.19838581007146824,0.2140383913659443,0.20515875299943712,0.2177198411717795,0.20246192899605162,20251102,-0.07594172736230487,-0.059425019741963014,-0.02033819343790766,0.013232220403293526
P4_valid_202511_12,20251102_1_08,20251102,False,0.3169167659195355,0.31775598470589506,0.3224530549756477,0.3205463499242888,0.3666484684171034,20251102,-0.0026445732060844662,0.005930676219991549,-0.14576436597387343,-0.12844597762385646
P4_valid_202511_12,20251102_1_09,20251102,False,0.19587838164824714,0.19991311459551456,0.20475043925676387,0.20624691923594693,0.17491666175005158,20251102,-0.020388880289903932,-0.007282220002341022,0.1131843229206444,0.15748222613875362
P4_valid_202511_12,20251102_1_10,20251102,False,0.03136362896119024,0.030054790649280023,0.029123722912536704,0.02857943275434171,0.031080860746475196,20251102,0.04262683733316397,0.018865737766890156,0.009056688551446257,-0.06503915723359643
P4_valid_202511_12,20251102_1_11,20251102,False,0.25217505951849956,0.27117388371030826,0.26098100607948027,0.28193290249991215,0.22177844208604952,20251102,-0.07263672546441557,-0.0772214771970341,0.12844465205280753,0.16276875612404273
P4_valid_202511_12,20251102_3_01,20251102,False,0.28953364500607504,0.27689162312873755,0.29086745411453907,0.2794127332730664,0.30519856229355935,20251102,0.044645330512483206,0.040177659847165925,-0.05269108079871487,-0.048094909431980026
P4_valid_202511_12,20251102_3_02,20251102,False,0.47463313216127456,0.4765947639361217,0.48921397798710625,0.48855947686880047,0.4497053618346239,20251102,-0.004124426046908214,0.0013387584062731772,0.053949535429052675,0.08420735971676618
P4_valid_202511_12,20251102_3_03,20251102,False,0.2543015334366612,0.24904462747092748,0.2581788745479175,0.25338445693076744,0.22129813881484361,20251102,0.020888595243641284,0.018744728966247015,0.13900986565406392,0.1541418201070177
P4_valid_202511_12,20251102_3_04,20251102,False,0.10221577365956896,0.11255971852036824,0.10365285767860354,0.11175928559169566,0.11536448923611224,20251102,-0.09639790514363034,-0.0752999136189958,-0.12101058084239602,-0.10704917882848575
P4_valid_202511_12,20251102_3_05,20251102,False,0.16816981483510185,0.16915245614055677,0.1732338568684174,0.17263682265486938,0.1478419031056014,20251102,-0.0058261441331592945,0.0034523585946291124,0.12883079092757943,0.15849897493135123
P4_valid_202511_12,20251102_3_06,20251102,False,0.1341985781482887,0.14748232002334058,0.13596983868089638,0.1466798908888545,0.16824108857655587,20251102,-0.09438767488579258,-0.07581951259554653,-0.22607737229121905,-0.21296491501717107
P4_valid_202511_12,20251107_3_01,20251107,False,0.5451323729934265,0.5558571915855833,0.5616890591510413,0.5729281392837449,0.5629375760797763,20251107,-0.01948276019520978,-0.019811876229552494,-0.03214009329414247,-0.0022203234434228225
P4_valid_202511_12,20251107_3_02,20251107,False,0.42888129929148455,0.45204765196847563,0.4312935165269258,0.4522894723552442,0.44764678946607334,20251107,-0.05260740997086921,-0.04753352926875787,-0.042824316067385126,-0.037215633937735304
P4_valid_202511_12,20251107_3_03,20251107,False,0.03155957713912048,0.03740717583668632,0.03169042150022254,0.036418891201374,0.04413997877944784,20251107,-0.16998545605317705,-0.13907315471601445,-0.33548882281866277,-0.3313514457256965
P4_valid_202511_12,20251107_3_04,20251107,False,0.15677866158929193,0.16076258215293204,0.15757607175627175,0.15921833496250032,0.20069030823036102,20251107,-0.025093619759894548,-0.010368099202310743,-0.24692795294985093,-0.2418546278635949
P4_valid_202511_12,20251107_3_05,20251107,False,0.296933289827367,0.29087576813675287,0.3052391457563352,0.2981134562309488,0.2490667611084183,20251107,0.02061123779894536,0.02362141416577823,0.17578652276839568,0.20337457639171697
P4_valid_202511_12,20251107_3_06,20251107,False,0.14247199639346536,0.14029183161089234,0.14646612119712707,0.14352664679739824,0.12693131763415094,20251107,0.015420699323661191,0.020273437157540375,0.11549932971975752,0.14314801294657098
P4_valid_202511_12,20251107_3_07,20251107,False,0.12911829178523607,0.14255070636910483,0.132853489719029,0.14486623001846466,0.14108407599761236,20251107,-0.09896879581801854,-0.08656382503569038,-0.08862702157682878,-0.060109056367253944
P4_valid_202511_12,20251107_3_08,20251107,False,0.45600198329557134,0.42788183712086186,0.4491094514355783,0.4216562306224585,0.3786087927054522,20251107,0.06365008286634899,0.06307626247769849,0.18599369607014993,0.1707631623858079
P4_valid_202511_12,20251107_3_09,20251107,False,0.03150175826889278,0.03158502909655747,0.0326294171965352,0.03241825437600736,0.03519693709460182,20251107,-0.0026398832307541475,0.006492578664070603,-0.11091570212627389,-0.0757448149848794
P4_valid_202511_12,20251108_1_01,20251108,False,0.17536103254614502,0.1750718923282434,0.16767471991796787,0.16868762560036557,0.18049073776957258,20251108,0.001650189026153548,-0.006022723754126602,-0.028832570267081525,-0.07365355056226486
P4_valid_202511_12,20251108_1_02,20251108,False,0.15058712054553916,0.14973653015594324,0.14596569210296317,0.14621622978073553,0.13796315315874377,20251108,0.005664506687967696,-0.001714943467825636,0.08755514735404257,0.05638496509008184
P4_valid_202511_12,20251108_1_03,20251108,False,0.20024818378828896,0.21056534308021016,0.20415918712854422,0.21191323747035512,0.17340886789516582,20251108,-0.05023850719997003,-0.03727691508083897,0.1439053118832312,0.16324781430457347
P4_valid_202511_12,20251108_1_04,20251108,False,0.12463499555144368,0.14285571057715057,0.12567844108506498,0.14065631785700752,0.12868162594698487,20251108,-0.136445673824237,-0.11259286289674186,-0.03195190778289447,-0.02361474784741402
P4_valid_202511_12,20251108_1_05,20251108,False,0.3391844771470095,0.33485488794741763,0.3467064997731973,0.3421804766709248,0.3088193424632277,20251108,0.012846872069172344,0.013140292621371286,0.09378768604323762,0.1157221463589313
P4_valid_202511_12,20251108_1_06,20251108,False,0.03859378006429627,0.03991792149538098,0.03774633082978794,0.038918074425887676,0.048944226559890426,20251108,-0.03373425808281061,-0.03057050650189197,-0.23759029110334984,-0.25979314195007586
P4_valid_202511_12,20251108_1_07,20251108,False,0.1965804649706379,0.1804631485797171,0.18469294405964057,0.17403388085841057,0.1860345459515283,20251108,0.08554524449992496,0.059444686471258334,0.05513945104595841,-0.007237703081691249
P4_valid_202511_12,20251108_1_08,20251108,False,0.012575821998839762,0.01285266532775826,0.01233366594585188,0.012422599718293372,0.012794676949243316,20251108,-0.021775126785170684,-0.007184779499376681,-0.017253139539662676,-0.036696628895011685
P4_valid_202511_12,20251108_1_09,20251108,False,0.6611837351045697,0.6392364721369472,0.6569108463435268,0.6350532189969308,0.602234765612454,20251108,0.03375731472687049,0.03383950634466237,0.09338442120058055,0.0869009657811971
P4_valid_202511_12,20251108_1_10,20251108,False,0.031843367685756074,0.03391071588102483,0.03267254658968422,0.034224016037977395,0.036118085042817015,20251108,-0.06290194271353933,-0.04639244950956822,-0.12596458620201778,-0.1002585391618287
P4_valid_202511_12,20251108_1_11,20251108,False,0.14013613086367463,0.1260967980523189,0.13708480796554826,0.12517435520259915,0.12098012077391108,20251108,0.10556446296450117,0.09089216351393348,0.14698807250751678,0.12497352957432839
P4_valid_202511_12,20251109_1_01,20251109,False,0.40440653022502826,0.38239828267397286,0.40418817354449676,0.3862410962760249,0.39675485350593687,20251109,0.055957944699403295,0.04541876938766953,0.019102042460267254,0.018561953130417863
P4_valid_202511_12,20251109_1_02,20251109,False,0.5476354798592407,0.5503613369065058,0.5599492741141169,0.5654748542285767,0.5689816877294754,20251109,-0.0049651558285689346,-0.00981963044088896,-0.038238367478989566,-0.01600205266887267
P4_valid_202511_12,20251109_1_03,20251109,False,0.21165411202447063,0.2151008179641161,0.21351910434015423,0.21525500173270481,0.21076886390166352,20251109,-0.016153443786747212,-0.008097069538980373,0.004191293888743841,0.012964209045817965
P4_valid_202511_12,20251109_1_04,20251109,False,0.3098792385546197,0.3184689656328991,0.32711670229396117,0.3303268903542465,0.2510861425502142,20251109,-0.027342362587464475,-0.009765746017019517,0.21038659086984257,0.26452091731285
P4_valid_202511_12,20251109_1_05,20251109,False,0.5545239417980674,0.544019681854119,0.5479788017133418,0.5387304990448599,0.49820197360815416,20251109,0.019124557051289015,0.01702115910058921,0.10710441883378952,0.09523103889709683
P4_valid_202511_12,20251109_1_06,20251109,False,0.20693088171514493,0.18730970767634628,0.206913524642595,0.19070832335574,0.18227479717710712,20251109,0.09962139508336199,0.08155579264441704,0.12686940978731043,0.12678552766981177
P4_valid_202511_12,20251109_1_07,20251109,False,0.10405931122905548,0.11223556291418862,0.08748627367518,0.09699200854742776,0.08910395310427184,20251109,-0.07563886602553715,-0.1031466802263008,0.15515733631746365,-0.018321791769718487
P4_valid_202511_12,20251109_1_08,20251109,False,0.09848658093877073,0.10734484963116057,0.10231012649133352,0.11592348990484118,0.08984566112174044,20251109,-0.08612624104771083,-0.1249217474650175,0.09182698295179659,0.12991533442227166
P4_valid_202511_12,20251109_1_09,20251109,False,0.025989910148964394,0.026427263778977864,0.026044900025526018,0.02629911166504332,0.021000458122584307,20251109,-0.016687804656941196,-0.009713188957394259,0.21316413866206352,0.21527771981468957
P4_valid_202511_12,20251109_1_10,20251109,False,0.2619047285146183,0.2503834150241245,0.26179719888334957,0.25221000308383795,0.2760160039302662,20251109,0.04498740290432757,0.037308067923535804,-0.05247804328316574,-0.05288869532454399
P4_valid_202511_12,20251109_1_11,20251109,False,0.3378087921987737,0.32491415470393564,0.34859137987637,0.3391967432675396,0.28662899489587157,20251109,0.03891902379218459,0.027320102288505232,0.16429135306842602,0.19571172615413923
P4_valid_202511_12,20251109_3_01,20251109,False,0.18311727048865248,0.16010138726486473,0.1712154996732209,0.15580475140665737,0.1823607192878892,20251109,0.13431948498990942,0.09431936527885765,0.004140070278072505,-0.06306370458277688
P4_valid_202511_12,20251109_3_02,20251109,False,0.383731123294243,0.3654995582844237,0.3927368082268302,0.37481341820341446,0.3632378468626348,20251109,0.04867703691385761,0.04671133765918245,0.054884262363578795,0.0780818431369994
P4_valid_202511_12,20251109_3_03,20251109,False,0.6933090217975388,0.6852720752851734,0.6981201525276555,0.6890920715736091,0.6841571314377198,20251109,0.011659869096971254,0.013016333423251425,0.013288203133274168,0.02020361067593668
P4_valid_202511_12,20251109_3_04,20251109,False,0.042362279534290614,0.03795065590432,0.03797239269449804,0.036157110271187926,0.03343981398930792,20251109,0.10997154558026656,0.0489857703881138,0.23651110697350708,0.12711216197167108
P4_valid_202511_12,20251109_3_05,20251109,False,0.33773142897916403,0.3088055664466146,0.33787950765111857,0.3133480888095617,0.3201860414745756,20251109,0.08953914676511165,0.07537466825484129,0.05334878434478463,0.05378713922122946
P4_valid_202511_12,20251109_3_06,20251109,False,0.4550159699526056,0.4854556461109713,0.4496393126646083,0.49355328662436393,0.4947506434903414,20251109,-0.06475540929115331,-0.09318509603597225,-0.08372136798726704,-0.09560815116166599
P4_valid_202511_12,20251114_3_01,20251114,False,0.19148960887798938,0.17304618848121345,0.1829639773428108,0.16775468296120977,0.18733123436122553,20251114,0.10127500111069376,0.086786596570251,0.02195518872937563,-0.023589068341742125
P4_valid_202511_12,20251114_3_02,20251114,False,0.10976344594447715,0.11786905857556912,0.1052361003658861,0.11444120684681196,0.11068909684845586,20251114,-0.07124677648274025,-0.08385481298981068,-0.008397783325156283,-0.05051894126720846
P4_valid_202511_12,20251114_3_03,20251114,False,0.14892162518378244,0.14787108112199396,0.1519202458996294,0.15194051455075464,0.14497247972960678,20251114,0.0070793414189818105,-0.0001334074931245155,0.026876232639075237,0.04681175567634055
P4_valid_202511_12,20251114_3_04,20251114,False,0.6485518379177794,0.6290969621670521,0.643453880418988,0.6277100183261166,0.6240972081061931,20251114,0.030456537961330243,0.024772048998112806,0.03843579721212953,0.03054421610910807
P4_valid_202511_12,20251114_3_05,20251114,False,0.09065818940921423,0.08405954182369688,0.10663573055911046,0.08804218792371905,0.08380217227180883,20251114,0.07557089511789705,0.19160253122876814,0.07863734484346718,0.24095970980162384
P4_valid_202511_12,20251114_3_06,20251114,False,0.4355694695231421,0.45143204057490954,0.44272504173224947,0.45418690799655304,0.4185973705365602,20251114,-0.03577054204216179,-0.025559900884870923,0.03974477184541225,0.0560393756307167
P4_valid_202511_12,20251114_3_07,20251114,False,0.167106013513964,0.18088508360686556,0.17013134719962555,0.18066321926588716,0.17444129494956612,20251114,-0.07923350996355771,-0.06006386172441447,-0.042959843943857656,-0.025017497102975517
P4_valid_202511_12,20251114_3_08,20251114,False,0.37879116321666373,0.39605659790455744,0.3888259687331967,0.39802379750147915,0.3969581789053082,20251114,-0.04457209236491366,-0.023379933849160928,-0.046845899652146694,-0.020699069965411487
P4_valid_202511_12,20251114_3_09,20251114,False,0.05474410769751454,0.05609524672334157,0.049294073699883804,0.05336577737433504,0.05667628245898832,20251114,-0.024381339358042542,-0.07936580248371738,-0.03468608349734437,-0.1395519595434247
P4_valid_202511_12,20251115_1_01,20251115,False,0.06628435330347623,0.06469595352173932,0.05907536768682648,0.05383587940689742,0.07200037573230772,20251115,0.024255213517380803,0.09287389876139285,-0.08271746660618229,-0.19785729038495203
P4_valid_202511_12,20251115_1_02,20251115,False,0.26953396278764385,0.2701241415016134,0.25883495790680683,0.27327783479581413,0.2568839660291599,20251115,-0.0021872327852123785,-0.05429835711979747,0.04806991499336921,0.007566141533204451
P4_valid_202511_12,20251115_1_03,20251115,False,0.18770464180376606,0.17300010565832394,0.19026123949826831,0.17761177509172363,0.16910427576822715,20251115,0.08157746795551835,0.06879794296487107,0.10435413216809342,0.11788253149047723
P4_valid_202511_12,20251115_1_04,20251115,False,0.23497032000356566,0.2392422819752231,0.2398600953767704,0.24787397493888993,0.26628301449137237,20251115,-0.018017562255260966,-0.03286463399744921,-0.12510049911542298,-0.10450388998750881
P4_valid_202511_12,20251115_1_05,20251115,False,0.5550629535143694,0.5631893980717978,0.5568204055237821,0.5701395624932647,0.5029550014750432,20251115,-0.014534443150881926,-0.023638421137686327,0.09858083125964223,0.10174205039056938
P4_valid_202511_12,20251115_1_06,20251115,False,0.011599891352813339,0.012892920458603923,0.011281615795648629,0.01246614508184926,0.016349500038137208,20251115,-0.10568262713059084,-0.09984209641627118,-0.3432015862368445,-0.3710228380620002
P4_valid_202511_12,20251115_1_07,20251115,False,0.2712962943507332,0.27775812189164933,0.2767174613856573,0.2818150050754625,0.2948647901199281,20251115,-0.023539109116739176,-0.01825385465764673,-0.08330535198449351,-0.0635199220532614
P4_valid_202511_12,20251115_1_08,20251115,False,0.09412393673362857,0.09606994542768281,0.09869016718463065,0.09918546169890374,0.1251083144026437,20251115,-0.020464134640467257,-0.00500612987523974,-0.284567487582287,-0.2371945590951814
P4_valid_202511_12,20251115_1_09,20251115,False,0.1167603496606881,0.12703621270463336,0.11377003828614124,0.12376619925211602,0.12208930997259936,20251115,-0.08434864454335322,-0.08421509285528428,-0.04462928519456222,-0.07057362279798651
P4_valid_202511_12,20251115_1_10,20251115,False,0.2558134329762594,0.24344679489093118,0.2493556772598764,0.2402792464120959,0.2842039972559853,20251115,0.04954998418260326,0.037078526283413016,-0.10524387914851374,-0.13081198053436038
P4_valid_202511_12,20251115_1_11,20251115,False,0.12779488682243142,0.11952739076192948,0.12234285529106133,0.11560591476785834,0.1198193979541022,20251115,0.06688097542534699,0.05664027178282227,0.06444093987176469,0.02084180046696904
P4_valid_202511_12,20251116_1_01,20251116,False,0.41825420975647026,0.43666655242487956,0.4310081312062141,0.4458465151999114,0.39992978505425725,20251116,-0.043080460920469466,-0.03384780063502402,0.04480041064903184,0.07483796149833943
P4_valid_202511_12,20251116_1_02,20251116,False,0.18487519011657044,0.19032347245528702,0.18253679811476703,0.18908470060845786,0.18678722161370948,20251116,-0.02904416179729785,-0.03524327983449638,-0.010289167293629609,-0.023018330473218773
P4_valid_202511_12,20251116_1_03,20251116,False,0.12049111080992464,0.11558544997442535,0.14078534060303052,0.12417536125222448,0.08735543040205213,20251116,0.041565897953942166,0.12554155306047976,0.3215907780377001,0.47725112030861716
P4_valid_202511_12,20251116_1_04,20251116,False,0.3893804688260495,0.40619486194168813,0.40099202787469324,0.4152865051639767,0.3953104619832897,20251116,-0.04227606539910378,-0.0350271094241601,-0.015114501303141847,0.01427011061185035
P4_valid_202511_12,20251116_1_05,20251116,False,0.04739480938600036,0.048651980161033344,0.04883651062501364,0.04995031517213476,0.04478796548729951,20251116,-0.026179793902938897,-0.022550613161207878,0.05657324026180799,0.08653872584742617
P4_valid_202511_12,20251116_1_06,20251116,False,0.05094900985837133,0.049897616776828926,0.052267444449731956,0.05164458711906256,0.04438269184411383,20251116,0.02085208425207652,0.011988309360904559,0.13797575577907395,0.16352413008447808
P4_valid_202511_12,20251116_1_07,20251116,False,0.043398179947578004,0.04811552004886613,0.03396048715492949,0.039546206602680725,0.057438329106218954,20251116,-0.10318728367083096,-0.1522720693456887,-0.2802943314052131,-0.525514128637607
P4_valid_202511_12,20251116_1_08,20251116,False,0.32053496849348745,0.2983181326468212,0.3220240337061564,0.3023648068850213,0.2758933315029051,20251116,0.07183090018619542,0.06299192341376214,0.14997706552046952,0.15461187064551885
P4_valid_202511_12,20251116_1_09,20251116,False,0.12734482500864955,0.11186358958915703,0.12396291158064503,0.11146416511583779,0.14858786745583813,20251116,0.12961838573104334,0.10627927056157072,-0.15427791867130347,-0.18119406258704718
P4_valid_202511_12,20251116_1_10,20251116,False,0.1793885918277248,0.18295332916755014,0.18296587091026878,0.18609822715216484,0.1465109785249747,20251116,-0.019676731545106296,-0.016974999594074447,0.20245399251246243,0.22219927330407385
P4_valid_202511_12,20251116_1_11,20251116,False,0.1934731502965348,0.20045596796790874,0.19093006479167343,0.1994423981954892,0.180666175108615,20251116,-0.035455866811353376,-0.043618255716358245,0.06848775271777874,0.05525621610629372
P4_valid_202511_12,20251116_3_01,20251116,False,0.4653061482997893,0.46625708743367733,0.46714458175199225,0.4675042967255695,0.4638624881246802,20251116,-0.0020415993841627067,-0.0007697328903314427,0.0031074258863084125,0.007050660150847432
P4_valid_202511_12,20251116_3_02,20251116,False,0.36376883447955927,0.3560254294108932,0.3745159007985121,0.3616530395022778,0.38053506291153427,20251116,0.021516436552760032,0.03494896299590633,-0.04505972684342352,-0.01594406182967434
P4_valid_202511_12,20251116_3_03,20251116,False,0.12791830374801072,0.11805570694681816,0.12580476025307358,0.11704748836454351,0.14196944510357687,20251116,0.0802352023468762,0.07215144749299851,-0.10422005093935072,-0.1208806757208225
P4_valid_202511_12,20251116_3_04,20251116,False,0.05494892884627856,0.049192183053983964,0.06934078505637108,0.0548499364709003,0.05686237294729242,20251116,0.11066945755754576,0.23443223354536613,-0.03422965109249665,0.19839942352378337
P4_valid_202511_12,20251116_3_05,20251116,False,0.13232294601767414,0.14948825021178477,0.13857835866315543,0.15175100373870035,0.16014818605091252,20251116,-0.12197230047188712,-0.09080511217796605,-0.19085405405879108,-0.1446636172650444
P4_valid_202511_12,20251116_3_06,20251116,False,0.15863453837764335,0.16500468355901252,0.15771895399758554,0.1628175520013874,0.17820068588399163,20251116,-0.039370802860797305,-0.03181558406730245,-0.11630730814241619,-0.12209568701944451
P4_valid_202511_12,20251121_3_01,20251121,False,0.14878058635492533,0.15744110154580698,0.1558254310240732,0.16119130479678803,0.16624763435225165,20251121,-0.056578784044033714,-0.03385553938222441,-0.11100580413214423,-0.06474210120569457
P4_valid_202511_12,20251121_3_02,20251121,False,0.15918053630008608,0.14449537708790883,0.15227026372487054,0.14188257781742536,0.14049943874773652,20251121,0.09679149194492287,0.07065719406839421,0.12483551242663071,0.08045349871889451
P4_valid_202511_12,20251121_3_03,20251121,False,0.11796886361188602,0.1307244567006902,0.11957659540695664,0.12993904322779054,0.13098781455009298,20251121,-0.10267100206747726,-0.08310831045131062,-0.10468357822248553,-0.09114716838371706
P4_valid_202511_12,20251121_3_04,20251121,False,0.11342781903495554,0.11817896662712796,0.11055171636143409,0.11321153174534558,0.12988254085094655,20251121,-0.041033462843737656,-0.0237745982821429,-0.13546383113205085,-0.16114707726837585
P4_valid_202511_12,20251121_3_05,20251121,False,0.22846021897814955,0.24196124916301637,0.23479112682951075,0.24843981097213066,0.1961297052426145,20251121,-0.05741548710735622,-0.05650430992598632,0.15258589699713476,0.17992009510070917
P4_valid_202511_12,20251121_3_06,20251121,False,0.5792271925493693,0.5566809795809773,0.5855209584951393,0.5633203862042019,0.4764685038327545,20251121,0.039702460197508116,0.038653442374321445,0.1952931665090224,0.20610035636700352
P4_valid_202511_12,20251121_3_07,20251121,False,0.005369292338123567,0.005473297144941984,0.005183503055487674,0.00524545851533066,0.008982980764968111,20251121,-0.01918508434294708,-0.01188156429247833,-0.5146356417475806,-0.5498506677293351
P4_valid_202511_12,20251121_3_08,20251121,False,0.007527777639754284,0.008264104350114817,0.0075776053216579905,0.008099020761347778,0.010993693187741394,20251121,-0.09332149472025897,-0.06654593159414546,-0.37872189771504416,-0.3721245326881588
P4_valid_202511_12,20251121_3_09,20251121,False,0.20326237838728334,0.21269273662113652,0.21217235911526322,0.21885227203135954,0.19451748981080083,20251121,-0.04535092430852772,-0.03099798621694827,0.04397556792570878,0.08687687812702682
P4_valid_202511_12,20251122_1_01,20251122,False,0.4953366306405527,0.5047737507339476,0.5128879088809187,0.5170822403398361,0.5404620386691751,20251122,-0.018872717205046685,-0.008144613992721927,-0.0871868075517147,-0.052367080794086474
P4_valid_202511_12,20251122_1_02,20251122,False,0.2772036118910426,0.2795693514207525,0.28754174119166953,0.28803316162096937,0.2963338369648504,20251122,-0.008498091404971708,-0.0017075815721179222,-0.06673434924745192,-0.030118609935815943
P4_valid_202511_12,20251122_1_03,20251122,False,0.08046985448310043,0.08411973839485747,0.06964532155341178,0.07341755038270809,0.08932423140399234,20251122,-0.044358605106305404,-0.05274748590615541,-0.10439016356400099,-0.2488572722186757
P4_valid_202511_12,20251122_1_04,20251122,False,0.22338348889982343,0.23283097735019218,0.21683359882660705,0.2265138154256436,0.18527089537539998,20251122,-0.0414227955574491,-0.04367570462424175,0.18707092230263966,0.15731118033144198
P4_valid_202511_12,20251122_1_05,20251122,False,0.2244320974700396,0.21554046650786438,0.22439381007994919,0.2180340516340455,0.22293520004912898,20251122,0.04042452873947777,0.028751338206848276,0.006692053780312568,0.006521442460692972
P4_valid_202511_12,20251122_1_06,20251122,False,0.28157749601435134,0.274318628519301,0.27107033408341635,0.269225561681513,0.26585518704217675,20251122,0.026117397791707964,0.006828775066290316,0.057455955447671236,0.019426571648283764
P4_valid_202511_12,20251122_1_07,20251122,False,0.15471197901900507,0.1663080440210493,0.15687490793446954,0.16597320980006983,0.16743241908093834,20251122,-0.07227656712379948,-0.05637766557176471,-0.07901461322968295,-0.06513107866246659
P4_valid_202511_12,20251122_1_08,20251122,False,0.24492417846497525,0.24610519631608432,0.24522547460681104,0.24606681404917144,0.2583958161887105,20251122,-0.004810384832929504,-0.003425009039402349,-0.05354389356311451,-0.052314488715445195
P4_valid_202511_12,20251122_1_09,20251122,False,0.34446235593582375,0.32273028772287693,0.3483640671997836,0.3296382340452791,0.29708162351292533,20251122,0.06516786102165928,0.05525231037556133,0.14797788520139044,0.15924117534658788
P4_valid_202511_12,20251122_1_10,20251122,False,0.3723335817060533,0.37816472470119705,0.3840330034442533,0.3852479923844892,0.3966294991407346,20251122,-0.01553970285627948,-0.0031587676208515436,-0.06321241593043558,-0.03227409803822223
P4_valid_202511_12,20251122_1_11,20251122,False,0.08209563056864111,0.08474953904180652,0.07227351081382957,0.08236340967190507,0.08870786832517354,20251122,-0.03181551301374341,-0.13068359766655036,-0.07746379834491224,-0.204890909295798
P4_valid_202511_12,20251123_1_01,20251123,False,0.22056847565839297,0.2088884521793752,0.21264329170993648,0.20408514094297622,0.2096643729466174,20251123,0.05440780602575512,0.04107881070771602,0.050700165749456794,0.014108046914860672
P4_valid_202511_12,20251123_1_02,20251123,False,0.5220794275634383,0.5229073864513872,0.49077027121150163,0.5170390035018233,0.5324608171295611,20251123,-0.0015846306385858266,-0.052142174740786196,-0.01968957563026208,-0.08153317312245711
P4_valid_202511_12,20251123_1_03,20251123,False,0.35643028346261596,0.3415844321921579,0.3569017486760955,0.3432117719163598,0.36255307826236294,20251123,0.0425437747527424,0.03911286262776992,-0.017032223947985647,-0.01571035625976025
P4_valid_202511_12,20251123_1_04,20251123,False,0.6739623918014154,0.6830317075932637,0.6930182244908742,0.6967328033335884,0.6285040195660342,20251123,-0.01336697165378814,-0.005345687988866532,0.06983188734053486,0.0977138733099906
P4_valid_202511_12,20251123_1_05,20251123,False,0.023968067487751814,0.02109880973211629,0.022292343757364524,0.020319516957517672,0.018840970822113414,20251123,0.12750579498413295,0.09266143959689943,0.24068862541806002,0.16820949259215334
P4_valid_202511_12,20251123_1_06,20251123,False,0.08714321527353835,0.08454400978764243,0.08535900450171847,0.08075632396144256,0.08198832762611603,20251123,0.03028069313028192,0.055429670226226246,0.060976026690819474,0.04028905346536904
P4_valid_202511_12,20251123_1_07,20251123,False,0.25785238511265296,0.26421042484691665,0.2701110059629073,0.27263172376475453,0.2342105084042873,20251123,-0.024358579018946003,-0.0092888795681767,0.09616695093701422,0.14261268818446715
P4_valid_202511_12,20251123_1_08,20251123,False,0.3956853352009905,0.38581207899385556,0.4015635504796163,0.391275154418174,0.37884375406804616,20251123,0.02526887837387115,0.025954771270275234,0.04349542562292108,0.05824194181567033
P4_valid_202511_12,20251123_1_09,20251123,False,0.23539077342925252,0.20996223690050023,0.22713760932668023,0.20773383079436658,0.15800794073156466,20251123,0.11431930850641225,0.08929844170355494,0.39860170921142446,0.3629107527400408
P4_valid_202511_12,20251123_1_10,20251123,False,0.021232506644707858,0.01973738283326771,0.020838724565001087,0.02000366948583614,0.01967604548352471,20251123,0.07301889630758973,0.04089728270030868,0.07613140906686144,0.05741108316178245
P4_valid_202511_12,20251123_1_11,20251123,False,0.16913944006138656,0.15333385073575476,0.1592127045139153,0.14770344669772043,0.16965870806517178,20251123,0.09810588867183645,0.07503454738387316,-0.0030653556594739673,-0.0635477470549255
P4_valid_202511_12,20251123_3_01,20251123,False,0.20994532909184557,0.1887209362729179,0.20285087452163206,0.1886320888384992,0.2222688746166706,20251123,0.10657776290389576,0.07267260278648457,-0.05704063678158988,-0.09141669513035477
P4_valid_202511_12,20251123_3_02,20251123,False,0.533288740580292,0.5392530344473144,0.5439769640290706,0.5494729088317037,0.5359789087378396,20251123,-0.011121907763633865,-0.010052570714604192,-0.005031806274711559,0.014812089497655445
P4_valid_202511_12,20251123_3_03,20251123,False,0.28994659641405457,0.2451808814246254,0.2827462684378218,0.24664991072039594,0.26714870366144544,20251123,0.16770052605572205,0.13657995180770932,0.08189130980887094,0.056744471601055446
P4_valid_202511_12,20251123_3_04,20251123,False,0.19082986772221464,0.19746262619712088,0.18976681646300905,0.19482711259354826,0.185220107063561,20251123,-0.03416704580134833,-0.02631652655546768,0.029837400411259152,0.024251150883305428
P4_valid_202511_12,20251123_3_05,20251123,False,0.10812132953583829,0.10473404819663892,0.11638235290589602,0.09743947004523751,0.09660337139749188,20251123,0.031829755499669155,0.17764955129972693,0.11264037698187668,0.18626727526150555
P4_valid_202511_12,20251123_3_06,20251123,False,0.0644361295624822,0.07819886022664721,0.049021906655511156,0.06415027583051237,0.08092213125706833,20251123,-0.19358057848875365,-0.26896111802173994,-0.22781285593155776,-0.501220076976217
P4_valid_202511_12,20251128_3_01,20251128,False,0.24756038023222282,0.2355769657027184,0.2481353833749995,0.23890429030541635,0.2282648043629547,20251128,0.04961683445586562,0.03791148516779086,0.08114813511998631,0.08346812025158012
P4_valid_202511_12,20251128_3_02,20251128,False,0.04289909993932185,0.04441911412520755,0.04289438621199641,0.044544372138472295,0.042329291499087617,20251128,-0.03481902983735985,-0.037744859236666706,0.013371528445675906,0.01326164300934174
P4_valid_202511_12,20251128_3_03,20251128,False,0.11008196553548044,0.11461102735764879,0.11309882223248603,0.11548929649741942,0.12277568356917205,20251128,-0.040318794868505314,-0.020915885087627206,-0.10913375002333048,-0.08209701000550895
P4_valid_202511_12,20251128_3_04,20251128,False,0.020102881736889462,0.020123008709724746,0.019635485735189587,0.019884705899630588,0.018025614286915497,20251128,-0.0010006975254697181,-0.0126124625327515,0.1090694124748035,0.08554466364797353
P4_valid_202511_12,20251128_3_05,20251128,False,0.05543756920551771,0.05616960985616984,0.05146881157813039,0.05327375551550796,0.05378317893035102,20251128,-0.013118352330392824,-0.03446779428298319,0.030296749428608383,-0.04398473519744561
P4_valid_202511_12,20251128_3_06,20251128,False,0.6444989472162478,0.6597782055020436,0.6446248862742964,0.668267063304098,0.6177786997395062,20251128,-0.023430537383857253,-0.036019313055572544,0.04234288659737784,0.04253827365822871
P4_valid_202511_12,20251128_3_07,20251128,False,0.2230513978854123,0.21291575197421594,0.2210924315475216,0.21267093888982952,0.23524891556658364,20251128,0.04650567186483068,0.03883477307674865,-0.05324194005462779,-0.06206331237322393
P4_valid_202511_12,20251128_3_08,20251128,False,0.4492247256843182,0.45276356211079727,0.4586549561879317,0.4585189723273182,0.4426994008989203,20251128,-0.007846786110485171,0.0002965279700656298,0.014632278722175096,0.035407211484143275
P4_valid_202511_12,20251128_3_09,20251128,False,0.6213102200605228,0.6075621379250034,0.6189672746836364,0.6088503943608785,0.539198745590189,20251128,0.022376051777905137,0.016479823580521524,0.1417462732444017,0.13796817007997242
P4_valid_202511_12,20251129_1_01,20251129,False,0.5236446885404422,0.5176395586205025,0.5213648471557881,0.5166371446663478,0.4955812632180993,20251129,0.011534211742967204,0.009109298861542547,0.05508203623807395,0.050718736337320935
P4_valid_202511_12,20251129_1_02,20251129,False,0.16355977805876976,0.12517313083587117,0.2091543308386334,0.11668037240302744,0.09762657864734357,20251129,0.26748071285790465,0.5836340678727785,0.5160287600022895,0.7619226259759198
P4_valid_202511_12,20251129_1_03,20251129,False,0.5678582756650495,0.5837766345033886,0.5854149998897394,0.5964640889266571,0.560099979176771,20251129,-0.02764656158753731,-0.01869803950632709,0.013756570874890017,0.044205695208371254
P4_valid_202511_12,20251129_1_04,20251129,False,0.18949698304952817,0.17646506708481052,0.1809099036058904,0.1728266838661507,0.18648855619989457,20251129,0.07125016722759203,0.04570987223390466,0.016003227470040793,-0.03037073913879773
P4_valid_202511_12,20251129_1_05,20251129,False,0.3226440491586468,0.3217533255027128,0.329798986323711,0.3310617763550604,0.3188617445011041,20251129,0.0027645184733606776,-0.0038216569649485166,0.011792094548108478,0.033725730490808736
P4_valid_202511_12,20251129_1_06,20251129,False,0.2795105203189018,0.2868777458847573,0.27947711175394346,0.2864223540007276,0.3080556436351225,20251129,-0.026016220812376645,-0.024547084445149414,-0.09724049614111197,-0.09736002853532333
P4_valid_202511_12,20251129_1_07,20251129,False,0.061662213021145315,0.06306570682129402,0.07518018777156987,0.07580669791417852,0.07144777434542532,20251129,-0.02250583577493437,-0.008298915968892207,-0.14729544154820262,0.05092098168792969
P4_valid_202511_12,20251129_1_08,20251129,False,0.4403495980457442,0.4588518397720037,0.46029102660175003,0.47941942662042875,0.47497178482000707,20251129,-0.04115841634041206,-0.040716887999036055,-0.07568644944668812,-0.03139644593184665
P4_valid_202511_12,20251129_1_09,20251129,False,0.1810251500554494,0.18928289721930708,0.1840312581051605,0.1897721533081199,0.2173490563593899,20251129,-0.04460673444359964,-0.03071853525075907,-0.18286864365799027,-0.16639899166652272
P4_valid_202511_12,20251129_1_10,20251129,False,0.08502810944845121,0.0886159326080181,0.0716272526477822,0.07519908815423901,0.09915719420679021,20251129,-0.04132976650496012,-0.048663480153553706,-0.1537245099365272,-0.32523078603119426
P4_valid_202511_12,20251129_1_11,20251129,False,0.3695059795869426,0.37082650653257243,0.3728593643227262,0.3723976121662042,0.3490818953347085,20251129,-0.0035673926805560585,0.0012391758284092669,0.056860371377648655,0.06589475740308892
P4_valid_202511_12,20251130_1_01,20251130,False,0.15528399413127084,0.1632191482332611,0.16024755664504647,0.16634234805528586,0.1609345978946818,20251130,-0.04983810485504536,-0.03732815380024035,-0.035742397543383264,-0.004278209656658705
P4_valid_202511_12,20251130_1_02,20251130,False,0.6142284811252778,0.623943169052651,0.6343955122180325,0.6389248513443266,0.5677076892208284,20251130,-0.01569231096114382,-0.007114247693401077,0.07876032342518591,0.11106594163893052
P4_valid_202511_12,20251130_1_03,20251130,False,0.29921417701554964,0.30943181133603687,0.3000275509032738,0.3169322748465169,0.2743917756021709,20251130,-0.03357812101474278,-0.054813800251101386,0.08660270494388467,0.089317383676492
P4_valid_202511_12,20251130_1_04,20251130,False,0.3480293226042859,0.35962552873539283,0.35137265236926385,0.3657052394492676,0.36526848749277613,20251130,-0.032776555529643536,-0.03998030429562105,-0.048345928764598645,-0.038785317410683806
P4_valid_202511_12,20251130_1_05,20251130,False,0.6649510472757574,0.6497085071575573,0.6635757955906818,0.6486750786952078,0.6024888312176514,20251130,0.02318961304827566,0.022711141077354557,0.09864429703221222,0.09657395545998121
P4_valid_202511_12,20251130_1_06,20251130,False,0.2788511750757095,0.2734373885281201,0.2796426034546219,0.276167727133376,0.295492808876303,20251130,0.019605547949911983,0.012503983479686287,-0.057966284272885193,-0.05513212948336221
P4_valid_202511_12,20251130_1_07,20251130,False,0.056351539801370795,0.05622506879638051,0.05802045022107936,0.05769500893468914,0.047842451184017434,20251130,0.0022468443448597775,0.005624868912438519,0.16369622032616338,0.19288219296586595
P4_valid_202511_12,20251130_1_08,20251130,False,0.06950049991154017,0.057222740122297285,0.08712609083407352,0.05274777505971507,0.06062758516247224,20251130,0.19438257154919514,0.5018347968321373,0.13658395531295664,0.36260639913228676
P4_valid_202511_12,20251130_1_09,20251130,False,0.028990829461511776,0.029910630747965225,0.02773571098813455,0.028680703089968333,0.028494127475218622,20251130,-0.031234406104720946,-0.033503742193406794,0.017281541969982772,-0.02697722431211691
P4_valid_202511_12,20251130_1_10,20251130,False,0.17188127360299885,0.17382688564616094,0.17694865929951747,0.1765926341652314,0.1672126760147881,20251130,-0.011255925165852387,0.0020140518870963575,0.027537457455115266,0.056593118780976504
P4_valid_202511_12,20251130_1_11,20251130,False,0.008866204258182277,0.008822112771458153,0.008501293960093904,0.008622659681532113,0.01073385368052611,20251130,0.004985389844769372,-0.014175202316429214,-0.1911558678324896,-0.23318425974962764
P4_valid_202511_12,20251130_3_01,20251130,False,0.3038981719731358,0.3282182349442968,0.30820930012623954,0.3301710945122835,0.24984673519826153,20251130,-0.07698605289690219,-0.06883189027011283,0.19584501402204224,0.20993142739358794
P4_valid_202511_12,20251130_3_02,20251130,False,0.11937481076055666,0.1218101608552054,0.11410251269947094,0.11785629808982835,0.11266814640406493,20251130,-0.02019556070511097,-0.03236879099949164,0.057821473055204464,0.01265053803896743
P4_valid_202511_12,20251130_3_03,20251130,False,0.33951857689521164,0.28631867334201544,0.33781814657426024,0.29435099685644006,0.307479331408874,20251130,0.17042323093000822,0.13773480070228605,0.0991207938400187,0.09409985275021837
P4_valid_202511_12,20251130_3_04,20251130,False,0.3420494933052692,0.3125105246133101,0.3361154375333549,0.31266488830822614,0.2750232385979106,20251130,0.09031729648700892,0.07232269243756573,0.21809984577022834,0.20059906695723084
P4_valid_202511_12,20251130_3_05,20251130,False,0.289285170207028,0.2859315092053961,0.2920000587920025,0.28848550139879,0.24185418817945945,20251130,0.01166064588019422,0.012109174042258086,0.17907793333814714,0.18841898723115458
P4_valid_202511_12,20251130_3_06,20251130,False,0.02410777450043508,0.02198909212280563,0.021975835422375703,0.02080949465116267,0.023280006284582818,20251130,0.09198786405074078,0.0545341036255631,0.034939489034094606,-0.057651433025467824
P4_valid_202511_12,20251205_3_01,20251205,False,0.7376513697458288,0.7458125147835202,0.7486461822532133,0.762338716469827,0.7228818742165538,20251205,-0.011002933685251515,-0.018124481661791536,0.020225488282662518,0.03502065907856833
P4_valid_202511_12,20251205_3_02,20251205,False,0.16315946485183627,0.16038739074158992,0.16829069528585455,0.16476117502924215,0.19985810926975978,20251205,0.017135953540281967,0.02119581188574382,-0.20287962656956027,-0.17191484792448963
P4_valid_202511_12,20251205_3_03,20251205,False,0.07082357165263597,0.07103631783407427,0.0720577847075075,0.06905693121802536,0.06125447802867062,20251205,-0.002999386813319127,0.042537108000881396,0.1451549208120797,0.16243140509016296
P4_valid_202511_12,20251205_3_04,20251205,False,0.18404524346984052,0.16118439657172456,0.17866192746385756,0.16149689556999222,0.14810269617195987,20251205,0.1326325858796491,0.10100942666090229,0.2172756896210064,0.1875894204766091
P4_valid_202511_12,20251205_3_05,20251205,False,0.02332566866188571,0.02591253654272684,0.02296953637317872,0.02528968789663018,0.02378652449975571,20251205,-0.10517247449763412,-0.09622788714384267,-0.01956480933909699,-0.03495039035539582
P4_valid_202511_12,20251205_3_06,20251205,False,0.13852753456237635,0.13829535104357601,0.1400470477436351,0.14022494109319125,0.12657192343137752,20251205,0.001677488280916517,-0.0012694338394889648,0.09025840010187913,0.10116771019620385
P4_valid_202511_12,20251205_3_07,20251205,False,0.17404362323988515,0.174235827068007,0.18233881580715394,0.1828552821325692,0.15380996735494018,20251205,-0.0011037334959858036,-0.0028284502550586232,0.12358811384673274,0.1701487194930742
P4_valid_202511_12,20251205_3_08,20251205,False,0.11940367963192863,0.11454194798607907,0.12296656749289023,0.11796080764004153,0.14101438508899822,20251205,0.04156890431286442,0.04156007877307033,-0.16635188891058506,-0.13694939765731262
P4_valid_202511_12,20251205_3_09,20251205,False,0.07946796282700344,0.07338969341597208,0.07983433998830644,0.06716612361908877,0.06886792065473551,20251205,0.07957044804756341,0.17278472994988503,0.1431634803544517,0.14776326078211977
P4_valid_202511_12,20251206_1_01,20251206,False,0.5104480442740889,0.4895033628866355,0.5070861872784742,0.48782726071221705,0.4467606504000245,20251206,0.041897526240456506,0.03871961453662642,0.1332658647447983,0.12665799028900826
P4_valid_202511_12,20251206_1_03,20251206,False,0.48342669337749805,0.4875959330180803,0.4844072145025414,0.48704425011276736,0.500400773412213,20251206,-0.00858736995042031,-0.005429076353201445,-0.034509637373684066,-0.03248341892333684
P4_valid_202511_12,20251206_1_04,20251206,False,0.21519989119377836,0.20703852606160777,0.21028279943213196,0.2038464174529579,0.2096005654804206,20251206,0.03866243049484086,0.03108643405797773,0.026363672336364496,0.003249638395308674
P4_valid_202511_12,20251206_1_05,20251206,False,0.32170873006886175,0.29542607610143073,0.31858810310219476,0.2981153835785603,0.3211312504210742,20251206,0.08522793110290827,0.06641845082337494,0.0017966517971934604,-0.007950863772398398
P4_valid_202511_12,20251206_1_06,20251206,False,0.2955068171460294,0.3083478696332228,0.29498549265718715,0.30831067665208456,0.2569564492176869,20251206,-0.04253668604126726,-0.04418178731876443,0.1397852942095652,0.1380195654587042
P4_valid_202511_12,20251206_1_07,20251206,False,0.6859999935032663,0.6508472439416157,0.6886248179080687,0.6598438650310734,0.6280343709628724,20251206,0.05260265190425473,0.04269335246547673,0.08828272245230728,0.09210169556143488
P4_valid_202511_12,20251206_1_08,20251206,False,0.22830753209109103,0.2239165110326091,0.22323876189707148,0.22186783184749806,0.22346880753877155,20251206,0.01942028129436446,0.006160027301053361,0.021421704339332104,-0.0010299608861654708
P4_valid_202511_12,20251206_1_09,20251206,False,0.2448922447874069,0.2505303146610278,0.23994910169855743,0.24658283076791793,0.26597396531577444,20251206,-0.022761633211371146,-0.027271139899588404,-0.08258013263640662,-0.10297160464429367
P4_valid_202511_12,20251206_1_10,20251206,False,0.1983701795013489,0.2093964336312868,0.20082534783003975,0.2081312683839253,0.19989290027677659,20251206,-0.0540943883010514,-0.035733364578310445,-0.007646845880192155,0.004653889562722835
P4_valid_202511_12,20251206_1_11,20251206,False,0.06438772139873987,0.06630388820865292,0.051053241144815874,0.05570387623677752,0.06597615398220644,20251206,-0.029325587731424463,-0.08718070362671693,-0.02437042001891898,-0.25642434123105096
P4_valid_202511_12,20251207_1_01,20251207,False,0.02853690994428865,0.03203420560614131,0.0289310792029829,0.0316092568049062,0.03553515440726433,20251207,-0.11560592195899444,-0.08853359232713665,-0.2193241363468985,-0.2056060492535816
P4_valid_202511_12,20251207_1_02,20251207,False,0.0748809723683483,0.07641473675552204,0.09627649144201962,0.08614629918429027,0.059841023950452536,20251207,-0.020275749268441334,0.11117716682188794,0.2242083727821469,0.47553272606743446
P4_valid_202511_12,20251207_1_03,20251207,False,0.46645103630506396,0.43642362004032875,0.4643974409226005,0.43806954456228747,0.38321895241981635,20251207,0.06653967784679193,0.05836306399387481,0.19654655191796377,0.1921342361342271
P4_valid_202511_12,20251207_1_04,20251207,False,0.33067603666438916,0.2985729403864099,0.3259375711157928,0.2983628611698913,0.3081427622883738,20251207,0.10212489551607074,0.08839546268609388,0.07057596539447708,0.05614267387603156
P4_valid_202511_12,20251207_1_05,20251207,False,0.42542941255047695,0.4473637553123839,0.4416709468752994,0.4565261534011857,0.4441450588301572,20251207,-0.05027299265253038,-0.03308084878102646,-0.043052176848044854,-0.005586077407697343
P4_valid_202511_12,20251207_1_06,20251207,False,0.17993977397646152,0.19731780674385044,0.19329028302511264,0.20683363826209825,0.17346760783583726,20251207,-0.0921934551958461,-0.06772167417952213,0.036631322279073286,0.1082022324646954
P4_valid_202511_12,20251207_1_07,20251207,False,0.48323673999067884,0.4713346539108102,0.4844068443298661,0.46895750829671634,0.4996461209049235,20251207,0.024938318903578893,0.032412977384120634,-0.03339341117393935,-0.030974948573717742
P4_valid_202511_12,20251207_1_08,20251207,False,0.38216745058202267,0.37733103992269257,0.3724281493158128,0.3744963692079606,0.3207473685294109,20251207,0.012735972734075784,-0.00553797639985687,0.17520506552232873,0.14939033212669606
P4_valid_202511_12,20251207_1_09,20251207,False,0.4931286308394646,0.4761164960434831,0.4893967076110929,0.4743450430502212,0.4482353992443731,20251207,0.035107490617376835,0.031238427786714484,0.09545151533295992,0.08785488442813727
P4_valid_202511_12,20251207_1_10,20251207,False,0.07140312363070778,0.07123800952262846,0.08342706870400945,0.0799044500276113,0.08740798854310503,20251207,0.0023150991327085535,0.04314127531604983,-0.202245063861747,-0.046613859078378006
P4_valid_202511_12,20251207_1_11,20251207,False,0.2942410547895192,0.27843653153665243,0.2918681518995918,0.2813953425298715,0.25759841138338613,20251207,0.05520920619090641,0.03654157222863885,0.1329975184214549,0.12490033848418025
P4_valid_202511_12,20251207_3_01,20251207,False,0.343371794807528,0.33768552545496816,0.3425215912922302,0.33786670824880166,0.31158643897481936,20251207,0.01669874566076457,0.013683232573181492,0.09713701756305104,0.09465790355503101
P4_valid_202511_12,20251207_3_02,20251207,False,0.4223435188836082,0.43592275727281027,0.42316084934802506,0.44140538929167156,0.42141142033614604,20251207,-0.03164605674837917,-0.04221133801741683,0.0022094067443144683,0.00414276332936836
P4_valid_202511_12,20251207_3_03,20251207,False,0.06183882210590508,0.05980552798112697,0.06292003791606686,0.058571835804707706,0.06888371929282652,20251207,0.033433258811072175,0.07161071741527048,-0.10788849871239359,-0.09055517456615814
P4_valid_202511_12,20251207_3_04,20251207,False,0.2122298426759489,0.22432448563616678,0.22168678383174162,0.22892537116378917,0.24110677107187625,20251207,-0.05542374928426619,-0.03213055832806333,-0.12757001791663125,-0.08397436687556037
P4_valid_202511_12,20251207_3_05,20251207,False,0.16137837820902326,0.15746383696785995,0.16232506477214262,0.15867429224105706,0.16163426829573313,20251207,0.02455595750454176,0.02274727267074783,-0.0015843970383770944,0.00426471753027724
P4_valid_202511_12,20251207_3_06,20251207,False,0.3021923169094521,0.2885407710549956,0.2984688068838059,0.29009975224828805,0.26587303012235963,20251207,0.04622722887741082,0.028440590715223424,0.12804476119903718,0.11564656336423407
P4_valid_202511_12,20251212_3_01,20251212,False,0.42199808833607094,0.4501831745046941,0.43506202727917637,0.45745134677289706,0.44706004239596997,20251212,-0.06465377037861109,-0.05018192083899131,-0.0576921246100871,-0.027204296256655214
P4_valid_202511_12,20251212_3_02,20251212,False,0.6045895908420068,0.5797115607662559,0.6015084265846392,0.5812415807194581,0.5381138833713976,20251212,0.04201919477682614,0.034274072588192706,0.11647964870453831,0.11137032771121458
P4_valid_202511_12,20251212_3_03,20251212,False,0.3496620959577966,0.3449419585295124,0.3360919407766013,0.34404115555398446,0.36423339824157785,20251212,0.013591081293662599,-0.023376532659496796,-0.0408276180882996,-0.08041011031754808
P4_valid_202511_12,20251212_3_04,20251212,False,0.04706727632009806,0.04884271022693946,0.045046943025752274,0.04665191046941421,0.036362413571795614,20251212,-0.03702715037122939,-0.035008755323316265,0.25804234231513234,0.2141694774193441
P4_valid_202511_12,20251212_3_05,20251212,False,0.46087810243694605,0.4589147525161286,0.43940107599953115,0.44928398081990806,0.3980204949459755,20251212,0.004269119709169766,-0.02224255306105527,0.14663008935731792,0.0989091099424958
P4_valid_202511_12,20251212_3_06,20251212,False,0.13109683929818475,0.12698952711556122,0.12698638999891626,0.12445321376007541,0.11510308819308039,20251212,0.03183166198685994,0.020150063168029586,0.1301081354982494,0.09825176946322012
P4_valid_202511_12,20251212_3_07,20251212,False,0.07876373346591302,0.07816519296227939,0.06979418612149649,0.06989603375561107,0.06561574316359295,20251212,0.007628210039489769,-0.0014581930252663966,0.18263700131135385,0.06173505850333516
P4_valid_202511_12,20251212_3_08,20251212,False,0.030962234476455106,0.027519609561534226,0.02916665867967221,0.027085288244899388,0.030792614372169312,20251212,0.11786939360904602,0.07403551956869148,0.00549335101611792,-0.054248637257566124
P4_valid_202511_12,20251212_3_09,20251212,False,0.11207857199573179,0.1216098792885135,0.11617786971704977,0.12429035092275771,0.12089525143870965,20251212,-0.08161804937075345,-0.06749799183192895,-0.07572431907092492,-0.03980210374048321
P4_valid_202511_12,20251213_1_01,20251213,False,0.7598846875222146,0.739796933597618,0.7632126646783497,0.7447534313461256,0.7185610447785791,20251213,0.02679096034170947,0.02448351521401848,0.05591603149651564,0.060286050848913086
P4_valid_202511_12,20251213_1_02,20251213,False,0.33617878499046744,0.3315240424035446,0.3479059719359829,0.34059510437720086,0.31610232211526723,20251213,0.01394278353484335,0.021237853079067115,0.06157715129918029,0.09586628234291772
P4_valid_202511_12,20251213_1_03,20251213,False,0.19693240823527816,0.18976326238430125,0.20060420168639911,0.19363296010803308,0.21659926383839115,20251213,0.037083256637501893,0.035369412059935934,-0.0951883713872097,-0.07671511494270322
P4_valid_202511_12,20251213_1_04,20251213,False,0.153073070774064,0.15320978595053028,0.15110125584089243,0.15545664202045475,0.13929536096053735,20251213,-0.0008927380853649414,-0.028416682721608577,0.09431881642025175,0.08135360284455606
P4_valid_202511_12,20251213_1_05,20251213,False,0.10586407851339671,0.07403989538467176,0.16794764483668617,0.07756863828570819,0.08628109775341983,20251213,0.35755191836703126,0.7724890932596984,0.20454544852398282,0.6660417483667613
P4_valid_202511_12,20251213_1_06,20251213,False,0.12185538731552084,0.12566318045494163,0.12262042784479613,0.12453295379201083,0.1348075365789135,20251213,-0.030770164879565076,-0.015476738452190553,-0.10101311447679695,-0.09475447473340814
P4_valid_202511_12,20251213_1_07,20251213,False,0.27129858927762013,0.2849619803318283,0.2815036887596181,0.29134522141167585,0.2668434994528182,20251213,-0.04913574923527131,-0.03436334048010026,0.016557677611018562,0.05348320925667993
P4_valid_202511_12,20251213_1_08,20251213,False,0.4926396633670735,0.5329505902522852,0.4905183835115502,0.5259510947049546,0.5336192208520186,20251213,-0.07865071780202781,-0.06974547513949714,-0.07990451418809286,-0.08421975761006473
P4_valid_202511_12,20251213_1_09,20251213,False,0.6103981422886454,0.5996238059601099,0.6098272582242087,0.6028461120386683,0.6182216207249653,20251213,0.017808968023667104,0.011513773583258224,-0.012735566227104145,-0.013671268935553649
P4_valid_202511_12,20251213_1_10,20251213,False,0.4027518883799779,0.4154481130602576,0.40877939149988374,0.41816981524547686,0.39766864274699465,20251213,-0.03103701742177345,-0.022711981156549044,0.012701608155912036,0.02755652283126886
P4_valid_202511_12,20251213_1_11,20251213,False,0.046151973005721575,0.03811715165485367,0.043220750345134215,0.037414064388477844,0.04170622057929453,20251213,0.19127535655247385,0.14427402509276632,0.10128941981223383,0.03567041974808349
P4_valid_202511_12,20251214_1_01,20251214,False,0.050394584119208115,0.05607135427834672,0.049820827763566826,0.05404524041360476,0.06018877051940424,20251214,-0.10674135184302802,-0.08138835647341658,-0.1776020873411257,-0.18905267391055913
P4_valid_202511_12,20251214_1_02,20251214,False,0.40924705125047,0.41096881930390017,0.4113851325093169,0.41364794354256035,0.4186524840748016,20251214,-0.004198335204752102,-0.005485396338258952,-0.022722171195808327,-0.017511344374608773
P4_valid_202511_12,20251214_1_03,20251214,False,0.08439274201056067,0.08305975001879089,0.06976863114617189,0.0663379256659078,0.08079516100983485,20251214,0.015921174216650957,0.050422733435503186,0.04356432752706141,-0.14673257700165987
P4_valid_202511_12,20251214_1_04,20251214,False,0.40751147172127283,0.4189671149189813,0.4219109738291282,0.4280238226199977,0.39885513498295094,20251214,-0.027723348413899895,-0.014384525069837895,0.021470803002172523,0.0561960485443318
P4_valid_202511_12,20251214_1_05,20251214,False,0.1432342446645523,0.13424551685257594,0.14394563200288138,0.136174869203809,0.16117272313207798,20251214,0.06481102584677978,0.055495809979901445,-0.11799523975882709,-0.11304093166678908
P4_valid_202511_12,20251214_1_07,20251214,False,0.3446547576791392,0.3175453681765061,0.34292781416485346,0.32062296711576865,0.2980953339226362,20251214,0.0819225135959607,0.06725409516218184,0.14512986577875808,0.14010662285106457
P4_valid_202511_12,20251214_1_08,20251214,False,0.3110819809923682,0.3095527146622079,0.30783364101878014,0.3082601841658683,0.26744816818415135,20251214,0.004928082286878022,-0.0013846696649220114,0.15113069815488056,0.14063372672640817
P4_valid_202511_12,20251214_1_09,20251214,False,0.4431405759013292,0.4536842037761603,0.45946569666225884,0.45970378569006654,0.47332466009995505,20251214,-0.02351432281418564,-0.0005180525195923602,-0.06589449122824609,-0.029717252636392022
P4_valid_202511_12,20251214_1_10,20251214,False,0.0879019926244825,0.08893794711880487,0.0864099907812661,0.09062305161634927,0.09274479800384655,20251214,-0.011716429519969207,-0.04760531037058113,-0.05362914004806241,-0.07074831053541608
P4_valid_202511_12,20251214_1_11,20251214,False,0.13848634176168806,0.14236030137160596,0.14556084568729552,0.14953236831219574,0.15445240114154135,20251214,-0.027589472282546934,-0.026918697230136512,-0.10911426031864835,-0.05929178302907423
P4_valid_202511_12,20251214_3_01,20251214,False,0.35244210552301436,0.32436311656971645,0.3475031835295589,0.32417599720079,0.31994868531637516,20251214,0.08302275071592313,0.06948725665007482,0.09672574456382788,0.08261320165035979
P4_valid_202511_12,20251214_3_02,20251214,False,0.3607263235547954,0.3859381403655957,0.3797814810382374,0.39737846672115096,0.3639186175315608,20251214,-0.06755753417348553,-0.045293105830948255,-0.008810700100986502,0.04266577298704033
P4_valid_202511_12,20251214_3_03,20251214,False,0.5829487780650898,0.5817162408590257,0.6101949539757878,0.6071904766285892,0.57542347085362,20251214,0.0021165530794923226,0.004935960907175463,0.01299308246869224,0.058672262003437003
P4_valid_202511_12,20251214_3_04,20251214,False,0.01747084012826198,0.018149169416670868,0.017419848204871705,0.01841235538687759,0.020847236143209408,20251214,-0.03809158473829655,-0.05541167014037285,-0.17668816762084472,-0.17961112283504033
P4_valid_202511_12,20251214_3_05,20251214,False,0.3048313246511338,0.3077714493634819,0.31432804081620647,0.31526694699559676,0.31799854111272025,20251214,-0.009598870301841256,-0.0029825741741567047,-0.04228820537677125,-0.011609638526325128
P4_valid_202511_12,20251214_3_06,20251214,False,0.415452858540566,0.3930676614689656,0.4239749323901818,0.4072306358760377,0.3825566696337773,20251214,0.05538738703800272,0.040294633904703336,0.08249235247810804,0.10279753356504207
P4_valid_202511_12,20251219_3_01,20251219,False,0.4188582014127478,0.4182177839954027,0.41448698378015125,0.41441739024535296,0.4016319224436381,20251219,0.0015301300084090697,0.00016791692055828644,0.04199638782041426,0.031505518488140316
P4_valid_202511_12,20251219_3_02,20251219,False,0.11914558030325925,0.11564580245202265,0.11753007214427193,0.11558165619092628,0.11079410940411286,20251219,0.029814016555858025,0.01671697380442616,0.07267250062749309,0.05902062530454577
P4_valid_202511_12,20251219_3_03,20251219,False,0.01580094803229955,0.016844677673968456,0.014689792481553787,0.015800123918340205,0.02088936946281712,20251219,-0.06396480157897155,-0.07286491936005834,-0.27917045115063743,-0.35208752785275177
P4_valid_202511_12,20251219_3_04,20251219,False,0.1591130154264658,0.16643912461804686,0.16191375015222817,0.16752595512281238,0.1564203525644979,20251219,-0.04501488608117121,-0.034074508231767275,0.01706778744377213,0.03451683585460574
P4_valid_202511_12,20251219_3_05,20251219,False,0.3453155116017594,0.3722603623071696,0.355846043755013,0.37882501476500524,0.34888880498296376,20251219,-0.07513498264467755,-0.06257622004669572,-0.01029473558255889,0.019744914879962883
P4_valid_202511_12,20251219_3_06,20251219,False,0.223097282243923,0.22870081698053496,0.22761059843076667,0.2335501371810091,0.2006570960939609,20251219,-0.024806753722797836,-0.02576050711285016,0.10601045796058362,0.1260388055888806
P4_valid_202511_12,20251219_3_07,20251219,False,0.022975741922952275,0.024039904266950195,0.023569495450917174,0.024252615979631815,0.021590087357707604,20251219,-0.04527616707837545,-0.02857117670513265,0.06220466961060245,0.08771901957886508
P4_valid_202511_12,20251219_3_08,20251219,False,0.165484983767429,0.13955598598456226,0.1520678140399138,0.13374431865969608,0.12065309532896228,20251219,0.17041460420613386,0.12839665878937412,0.3159610109945936,0.23140711916962786
P4_valid_202511_12,20251219_3_09,20251219,False,0.05084971974295941,0.051721548818670145,0.06079926821829301,0.060301238965661606,0.06569309729174683,20251219,-0.016999888645443217,0.008225102800069273,-0.2561192448852361,-0.07741610290204015
P4_valid_202511_12,20251220_1_01,20251220,False,0.7465126645336869,0.7353757519173447,0.7420748210656858,0.7336015622757627,0.7286638176414914,20251220,0.015030986372049304,0.01148402455779246,0.02420011190614163,0.018237604954300046
P4_valid_202511_12,20251220_1_02,20251220,False,0.3952703165814098,0.38096455795369544,0.39124769193623427,0.38140793071177853,0.38115903433710707,20251220,0.03686352956290817,0.02547135599647876,0.03635317562661755,0.026124141640016307
P4_valid_202511_12,20251220_1_03,20251220,False,0.6810113966594362,0.6784917933909895,0.6911229104299006,0.6860486045442552,0.6779627384766895,20251220,0.0037066572137325893,0.007369203899252164,0.004486712761040068,0.019225352789407346
P4_valid_202511_12,20251220_1_04,20251220,False,0.5447162484899317,0.5547362783359492,0.5313872104514237,0.5550313677649121,0.5640691633942666,20251220,-0.018227812537966237,-0.04353366525738667,-0.034911860003291606,-0.05968590872400226
P4_valid_202511_12,20251220_1_05,20251220,False,0.38159219829439534,0.3742624675975035,0.37740088408151196,0.37274601679008723,0.3658020237213736,20251220,0.019395158345312025,0.012410707911434948,0.042260226385992694,0.031215707232074896
P4_valid_202511_12,20251220_1_06,20251220,False,0.03801937966084576,0.03493908800838702,0.03492595877745026,0.03387802736340216,0.045491355824196715,20251220,0.08448981808367906,0.030463713366324363,-0.17942630522225,-0.26429196878790684
P4_valid_202511_12,20251220_1_07,20251220,False,0.3848745219407703,0.37552393696907216,0.3779436704828123,0.37207551510068665,0.424243939008289,20251220,0.02459514803425289,0.015648333373864953,-0.09739125351575562,-0.11556345301579829
P4_valid_202511_12,20251220_1_08,20251220,False,0.10012875615278032,0.09084745400238738,0.10946214365322611,0.08423946286061565,0.07802946257553824,20251220,0.09727514905934376,0.26191527791282887,0.2493704386226243,0.33849228872298287
P4_valid_202511_12,20251220_1_09,20251220,False,0.5480617265467844,0.556036528345116,0.5461577708263847,0.5532945786110623,0.6116710713579321,20251220,-0.014446070266415756,-0.012982660012759717,-0.10980675263621126,-0.11328678136257536
P4_valid_202511_12,20251220_1_10,20251220,False,0.028230081177590106,0.030710851858490196,0.0299304476103048,0.03183548294143553,0.031446230770101315,20251220,-0.0842279550260514,-0.06170520650299238,-0.10789100979651867,-0.04940285064477257
P4_valid_202511_12,20251220_1_11,20251220,False,0.1458635377272446,0.14437312900501084,0.13473139340238025,0.13902956338582673,0.1768354489196358,20251220,0.010270389608563413,-0.03140347884739514,-0.19254812151663447,-0.27193651514687533
P4_valid_202511_12,20251221_1_01,20251221,False,0.2889170061054518,0.30425169947205644,0.302106772453525,0.31535420025560573,0.2694407392679802,20251221,-0.051715846863302994,-0.04291594630547135,0.06979099599334182,0.11443203129056134
P4_valid_202511_12,20251221_1_02,20251221,False,0.506979849993368,0.5066717683326815,0.513303904358754,0.51408761102206,0.5331215178983633,20251221,0.0006078649993803698,-0.0015256244646403294,-0.05027812753411964,-0.03788131080775348
P4_valid_202511_12,20251221_1_03,20251221,False,0.3039747209954477,0.2812404759594516,0.30882282739677763,0.28838551306327054,0.23517451947903595,20251221,0.07773445363847298,0.06846956628320577,0.25661666872101074,0.27243986372804696
P4_valid_202511_12,20251221_1_04,20251221,False,0.1217325901023383,0.14749539698977193,0.12721234185208732,0.14722171837943632,0.17785204594480286,20251221,-0.19197021381233936,-0.14608206541164526,-0.37912524746282017,-0.33509432875616296
P4_valid_202511_12,20251221_1_05,20251221,False,0.024334085111759635,0.025523378758415642,0.024167219752936994,0.025113484533888578,0.03167723368507081,20251221,-0.047716799195727244,-0.038407775046843895,-0.2637201955796957,-0.2706010833274983
P4_valid_202511_12,20251221_1_06,20251221,False,0.023436494712303784,0.02323765807944077,0.022925937225656234,0.02287091557701284,0.026407501665432313,20251221,0.00852025473813045,0.0024028583515907087,-0.11935371324612776,-0.14137922422167604
P4_valid_202511_12,20251221_1_07,20251221,False,0.10139211650983412,0.11423893415761259,0.10121744825586332,0.11658855263398074,0.09865778828832916,20251221,-0.11929682701158928,-0.14137993712848473,0.027338163640375335,0.025613977544381328
P4_valid_202511_12,20251221_1_08,20251221,False,0.10951740444594225,0.10616298039294646,0.11091751077533653,0.10811930398578612,0.12139043444570266,20251221,0.03110801717018674,0.025551494910035277,-0.10292860049029784,-0.09022530295408249
P4_valid_202511_12,20251221_1_09,20251221,False,0.39938310177858055,0.4072244907767062,0.3944691346734053,0.4076819004402413,0.3617184018781499,20251221,-0.01944349670170653,-0.03294631640988033,0.0990550973256421,0.08667488437697457
P4_valid_202511_12,20251221_1_10,20251221,False,0.5515739871100127,0.5413899705186219,0.5188396919955885,0.5339056594668834,0.5349467817751672,20251221,0.01863613391031027,-0.028624198855766836,0.030608717202492808,-0.03057231179891806
P4_valid_202511_12,20251221_1_11,20251221,False,0.2939122854285513,0.2778153773861593,0.2993410679292349,0.28482617971405755,0.2848790901696087,20251221,0.05632459099122222,0.04970452024106331,0.03121652870896585,0.04951877347514655
P4_valid_202511_12,20251221_3_01,20251221,False,0.08753649739336751,0.07315069355480994,0.09336684748520595,0.06322659967189656,0.07958967412022652,20251221,0.17953421077320497,0.38981123675417395,0.09517145713516317,0.15965196791791936
P4_valid_202511_12,20251221_3_02,20251221,False,0.5103514975191343,0.4809599703961701,0.5272145501783406,0.498500463534305,0.5066227162169028,20251221,0.05931565413043116,0.0560030625203809,0.0073331220425336685,0.039841004679063374
P4_valid_202511_12,20251221_3_03,20251221,False,0.3714221139652078,0.37134994711338193,0.38135953291310054,0.38039769097796683,0.3662600054947861,20251221,0.000194317626724283,0.002525325434738712,0.01399571060962257,0.04039910738801544
P4_valid_202511_12,20251221_3_04,20251221,False,0.4708331699390198,0.4266205889120656,0.46450755555828993,0.43470396184414745,0.37895689920312875,20251221,0.09860875964390037,0.06631257219797182,0.21708135112389948,0.20355534792802388
P4_valid_202511_12,20251221_3_05,20251221,False,0.6604522841300716,0.6396980727749296,0.6566382755821889,0.6401994407605619,0.6025747871556477,20251221,0.03192857555882267,0.025353542978491295,0.09171309358827395,0.08592151125450498
P4_valid_202511_12,20251221_3_06,20251221,False,0.028827985943691722,0.02680481526450038,0.028818878647587864,0.027227601400996868,0.028191385296813316,20251221,0.07276510404398007,0.05679946481347642,0.0223302041247333,0.022014235641652835
P4_valid_202511_12,20251226_3_01,20251226,False,0.5744856482052149,0.5384353054522498,0.5795115726014762,0.5548965220348872,0.5389514530795152,20251226,0.06480776466742943,0.04340398297798709,0.06384961725626948,0.07256013420260232
P4_valid_202511_12,20251226_3_02,20251226,False,0.29678470594420236,0.2907855159173761,0.2992352840706237,0.29340280624124004,0.26768905541068533,20251226,0.020421043420917107,0.01968373697000736,0.10318091422264475,0.11140410128560574
P4_valid_202511_12,20251226_3_03,20251226,False,0.5081336560993768,0.5137936197433131,0.4984910800863016,0.5081119173147348,0.49616504416533375,20251226,-0.011077151285205145,-0.019116037254662377,0.02383589382175455,0.0046770740247343845
P4_valid_202511_12,20251226_3_04,20251226,False,0.0268819352619191,0.02473522548905941,0.026349615660732614,0.02446687360520576,0.02740243146109413,20251226,0.08322614858234001,0.07413358405551573,-0.019177239498409104,-0.03917805996235746
P4_valid_202511_12,20251226_3_05,20251226,False,0.08183620550226285,0.0864188240047228,0.07998858542055728,0.08941654052467808,0.09891619991556765,20251226,-0.05448576676684924,-0.11142173986972059,-0.18955327044317993,-0.21238908393029066
P4_valid_202511_12,20251226_3_07,20251226,False,0.06834727437158102,0.07192296507237489,0.09308274004715635,0.08203400186940886,0.08687620366929344,20251226,-0.05099393182659284,0.12635495728900903,-0.23988247411918806,0.06900461657575452
P4_valid_202511_12,20251226_3_08,20251226,False,0.5226159285509866,0.5175188609225105,0.5298259241915312,0.527933895111156,0.41917004243268396,20251226,0.009800861351235701,0.00357743045953951,0.2205701652629931,0.234271840883989
P4_valid_202511_12,20251226_3_09,20251226,False,0.11687702589623582,0.09716472377497792,0.14279202837099317,0.08953315622568378,0.08698624474836329,20251226,0.18471459986240468,0.4667802073153593,0.29537232151635084,0.4956392248009338
P4_valid_202511_12,20251227_1_01,20251227,False,0.15859585571623114,0.14337851083261752,0.16048216931325712,0.14698774714535653,0.14804049794777158,20251227,0.10087111623220668,0.08783361122512923,0.06887330732947183,0.08069697066196846
P4_valid_202511_12,20251227_1_02,20251227,False,0.6767445184907134,0.6895330294105532,0.6890917742481792,0.6987048833438787,0.679809493343531,20251227,-0.018720770803122677,-0.013853993376905627,-0.004518773364669215,0.01356185927138892
P4_valid_202511_12,20251227_1_03,20251227,False,0.4435558380715067,0.434826803497276,0.45224564618369445,0.4470941709164532,0.3965747558893377,20251227,0.019875898104736556,0.011456251600521439,0.11195913428264181,0.13136093446973018
P4_valid_202511_12,20251227_1_04,20251227,False,0.12896757597498024,0.12863845952369907,0.1319239785668673,0.13120294089426793,0.1298558044631038,20251227,0.0025551934737180204,0.005480545121380409,-0.006863614667234952,0.015801198328516453
P4_valid_202511_12,20251227_1_05,20251227,False,0.3807984672925107,0.38906158286525716,0.38671236236041606,0.3965088233163223,0.34753204367789736,20251227,-0.02146736385426673,-0.025017126863817185,0.0914134051656581,0.1068242941917813
P4_valid_202511_12,20251227_1_06,20251227,False,0.5259990647942193,0.5316162829340205,0.5341535867272671,0.537570803593676,0.44812474342409847,20251227,-0.010622521640576088,-0.006377065741746679,0.16022779597896353,0.17561177440148423
P4_valid_202511_12,20251227_1_07,20251227,False,0.4802137701479646,0.46758570897106305,0.4794652902903883,0.46979960392051173,0.4691857737499368,20251227,0.02664869261354197,0.020365275261562066,0.023232563142390972,0.021672708311343825
P4_valid_202511_12,20251227_1_08,20251227,False,0.06426855379725846,0.062336872369019504,0.07274039083237091,0.06689960998422935,0.06926589004580411,20251227,0.030517354594087553,0.08370367526419065,-0.07488212074846556,0.048944234658322205
P4_valid_202511_12,20251227_1_09,20251227,False,0.49033071255201627,0.4730600594142605,0.48487996602258004,0.4688846094025679,0.47656202025675404,20251227,0.03585773108466628,0.03354466478352669,0.02848221446075594,0.01730349500818107
P4_valid_202511_12,20251227_1_10,20251227,False,0.09007310443256202,0.07995992477605364,0.08472965628757385,0.06906939473269422,0.08886170718299655,20251227,0.1190960432271937,0.20435395367834808,0.01354030271339468,-0.04761563573484562
P4_valid_202511_12,20251227_1_11,20251227,False,0.0397440334341182,0.03932037957140266,0.03934808873590214,0.03905786745144856,0.04670439669908743,20251227,0.010716778922415404,0.007403075583606089,-0.16137858042776632,-0.17139090517072209
P5_test_202512_02,20251228_1_01,20251228,True,0.43885909737488105,0.4362253696011452,0.4310431554109726,0.4416543308759191,0.401439581608885,20251228,0.0060193863002877546,-0.024319305614942777,0.08912135846423797,0.07115117326316489
P5_test_202512_02,20251228_1_02,20251228,True,0.033109289754115104,0.03422369790862759,0.03443465949996464,0.035004660753027265,0.049090934264501715,20251228,-0.03310442518416723,-0.016417616244437383,-0.3938604793250562,-0.35461077880362746
P5_test_202512_02,20251228_1_03,20251228,True,0.5100157805853734,0.5188220414996445,0.5094093788509274,0.5181598445755037,0.47234017255035127,20251228,-0.017119269518751312,-0.017031800979667278,0.07674223700535909,0.075552543381739
P5_test_202512_02,20251228_1_04,20251228,True,0.6446824785671551,0.5964280395584787,0.6458958446889783,0.6087884650449458,0.6157396899708187,20251228,0.07779931782331828,0.059167400319114605,0.045933621289611704,0.04781396664714094
P5_test_202512_02,20251228_1_05,20251228,True,0.037568317850092896,0.038489791405040594,0.03756028848036908,0.03815519042399526,0.04737761943333063,20251228,-0.024231962992104616,-0.015714466698124152,-0.23198886851247424,-0.23220261851121826
P5_test_202512_02,20251228_1_06,20251228,True,0.5715591464530106,0.5437235992789067,0.5672354938219583,0.5451548394869885,0.5004577290842755,20251228,0.04992694306202683,0.03970468705787522,0.13284483342142095,0.12525141270571916
P5_test_202512_02,20251228_1_07,20251228,True,0.25226539069968634,0.23797217184669156,0.2537299601443703,0.24291438337098095,0.19957380518354959,20251228,0.05832792922681285,0.043561502986360745,0.23429755233839367,0.24008643372708183
P5_test_202512_02,20251228_1_08,20251228,True,0.6026430582659321,0.6025523264475204,0.5985598469962842,0.6048196711356291,0.5337585019046425,20251228,0.0001505678161963786,-0.010403834382114674,0.12138158524247389,0.11458302193718317
P5_test_202512_02,20251228_1_09,20251228,True,0.269336778042017,0.26211719064289246,0.269309228782902,0.2634718097657701,0.25764043407472015,20251228,0.027170863245424393,0.021913890307574402,0.04439761304283607,0.044295322266370674
P5_test_202512_02,20251228_1_10,20251228,True,0.1485366001431953,0.15032199399343432,0.15377303696769615,0.15608438792957222,0.1478678796913279,20251228,-0.011948226522307426,-0.014919079857376394,0.004512223208265276,0.03915855912130639
P5_test_202512_02,20251228_1_11,20251228,True,0.21797621177192297,0.2117170796167932,0.20946115737892318,0.211659709737798,0.25691840446768516,20251228,0.02913508323856151,-0.010441526437493298,-0.16437260561746303,-0.20422022627375513
P5_test_202512_02,20251228_3_01,20251228,True,0.07230738389552518,0.07343468314221684,0.06460261160810797,0.06812135950414505,0.08543611335676045,20251228,-0.015470093871690072,-0.0530359757427723,-0.1668426319201397,-0.27951404709742
P5_test_202512_02,20251228_3_02,20251228,True,0.35149653498524885,0.36195849770624156,0.3641852552954694,0.3701023106049948,0.381783332048212,20251228,-0.0293297046252734,-0.016116801275098402,-0.08265340069269711,-0.04719057281183403
P5_test_202512_02,20251228_3_03,20251228,True,0.047975026981395295,0.04862501046415768,0.04557678827970455,0.046782028402022856,0.052015560856571934,20251228,-0.013457412840846672,-0.026100562702396246,-0.080862316758743,-0.13214436309039668
P5_test_202512_02,20251228_3_04,20251228,True,0.47133362584737637,0.42353923635391105,0.4603259123246258,0.4271810523547879,0.4405600577720347,20251228,0.10692002077230522,0.07472681010518922,0.06751940231052567,0.043887967578058684
P5_test_202512_02,20251228_3_05,20251228,True,0.30322076532311637,0.31221317948418204,0.3000420894315111,0.3176460022558356,0.2670991129236322,20251228,-0.02922508342945318,-0.057014799338609645,0.12684133966564626,0.11630296394950679
P5_test_202512_02,20251228_3_06,20251228,True,0.15423897019008986,0.20660956262071536,0.1765438909072362,0.2163738639074148,0.19467713107703105,20251228,-0.2923276871228384,-0.20343824375570918,-0.23283929408022308,-0.0977729290934719
P5_test_202512_02,20260102_3_01,20260102,True,0.3483785280670874,0.3643544454336357,0.34869608166855953,0.3631551645371568,0.3769494533839974,20260102,-0.044837532078195075,-0.040629476801022024,-0.07882148959281288,-0.07791038590605093
P5_test_202512_02,20260102_3_02,20260102,True,0.5923853685797329,0.604685179670538,0.5721533811759577,0.6018045151173812,0.6214914072424141,20260102,-0.02055057487358547,-0.05052556251205054,-0.047964701478463934,-0.08271498067504252
P5_test_202512_02,20260102_3_03,20260102,True,0.26670156393315414,0.27119839598778206,0.2702350496581479,0.27157857415317,0.22903109089175874,20260102,-0.016720346362319782,-0.004959370490817072,0.1522725327622314,0.1654343721503333
P5_test_202512_02,20260102_3_04,20260102,True,0.04477185216090405,0.044819616400086935,0.04533242330274223,0.042065711368486365,0.05419706129537631,20260102,-0.0010662676809620741,0.07478957062959246,-0.19104704535518735,-0.17860416467092177
P5_test_202512_02,20260102_3_05,20260102,True,0.07210202403106108,0.07371038296105235,0.09383292111122488,0.08668224458753053,0.06723203718585972,20260102,-0.022061554248105075,0.07926669433525246,0.06993223868966991,0.3333658880111021
P5_test_202512_02,20260102_3_06,20260102,True,0.025468501456734738,0.02441170298880688,0.025314588655735215,0.02408707152091189,0.026717703165513928,20260102,0.042379803637615954,0.049705611116452886,-0.0478839339597017,-0.05394552934217023
P5_test_202512_02,20260102_3_07,20260102,True,0.437548835548384,0.45392281831803344,0.44304953041585565,0.45543764591477154,0.44615443278200884,20260102,-0.03673885620555439,-0.027577245211172996,-0.019476830249582577,-0.006983583325315235
P5_test_202512_02,20260102_3_08,20260102,True,0.037048294739850766,0.035556310815630134,0.034877919602104505,0.034216613830599964,0.03421871259838061,20260102,0.041104664846363104,0.019142642192976567,0.07944967833299588,0.019081306391985464
P5_test_202512_02,20260102_3_09,20260102,True,0.19630183522791725,0.169683103113421,0.1974564996485236,0.17313744583616383,0.19684608262743283,20260102,0.14572085221451592,0.13143254147325778,-0.0027686665626811546,0.0030961882380184935
P5_test_202512_02,20260103_1_01,20260103,True,0.2976608167995799,0.3053325996876654,0.29850889211379783,0.31043179376731894,0.30790271852928247,20260103,-0.025447033627227,-0.03916448972281095,-0.03382924454564207,-0.03098416243697466
P5_test_202512_02,20260103_1_02,20260103,True,0.02101154311746153,0.02335984064990571,0.02137422675414956,0.02310386941967912,0.02388250886465371,20260103,-0.10594637747396174,-0.07781427192135659,-0.1280743853707178,-0.11096050541573454
P5_test_202512_02,20260103_1_03,20260103,True,0.46702426156375837,0.4494136208499063,0.463802702574261,0.44769722893739305,0.47273602256816355,20260103,0.03843754001687205,0.035342076154226354,-0.012155932602563979,-0.0190778890490646
P5_test_202512_02,20260103_1_04,20260103,True,0.08481208793380081,0.08074837188663142,0.08564378778700178,0.08149642616583877,0.11486313956867457,20260103,0.0491002795234019,0.04963752336426985,-0.3033032499075299,-0.29354463701206557
P5_test_202512_02,20260103_1_05,20260103,True,0.2561258658975577,0.26474713429116736,0.2639317908301433,0.2686518290232817,0.26708098817207965,20260103,-0.03310617290090123,-0.017725523657066367,-0.041882951578339433,-0.011861237197363206
P5_test_202512_02,20260103_1_06,20260103,True,0.4374129715283332,0.46196397083498547,0.45273272883908044,0.4771353821301849,0.44839909252845195,20260103,-0.05460913904600828,-0.05249832179819869,-0.024805903607719282,0.009618281403508289
P5_test_202512_02,20260103_1_07,20260103,True,0.06321248159585705,0.06464214317192209,0.05861940888169525,0.06213681925642216,0.08547130432860142,20260103,-0.022364793910578662,-0.058272864591565554,-0.30167892246253114,-0.3771148463909575
P5_test_202512_02,20260103_1_08,20260103,True,0.03637211048470477,0.03348917613531996,0.034919904857481296,0.032317024049280316,0.039213625401931504,20260103,0.0825799993051608,0.07746285465206304,-0.07522198769631316,-0.11596726680370306
P5_test_202512_02,20260103_1_09,20260103,True,0.7270813856596676,0.7361934615930805,0.7282739169475726,0.7361419823831528,0.7369655323446292,20260103,-0.012454521083664127,-0.010745773998462715,-0.013502705054864506,-0.01186388661283927
P5_test_202512_02,20260103_1_10,20260103,True,0.437528968835336,0.4155513295766748,0.4441715893836716,0.4237043781586437,0.3976816842006682,20260103,0.05153677453360117,0.04717495961445406,0.09549102124385811,0.11055905350813766
P5_test_202512_02,20260103_1_11,20260103,True,0.2880040820436147,0.2779586632047258,0.2780470525281281,0.27339619419998856,0.24964022051400234,20260103,0.03550224467156937,0.016868349137579397,0.14295389040459638,0.10776958967369477
P5_test_202512_02,20260104_1_01,20260104,True,0.22370803357085012,0.24104603524290447,0.22984424389167354,0.24269698649943308,0.24802800377867454,20260104,-0.07464615275092612,-0.054411817041077004,-0.10319987814896803,-0.07613977920417203
P5_test_202512_02,20260104_1_02,20260104,True,0.44148798627294555,0.45455932353023015,0.4507098764354977,0.4629555533879938,0.4738308987197657,20260104,-0.02917762140492053,-0.026807209472849425,-0.0706996957735695,-0.0500266612843433
P5_test_202512_02,20260104_1_03,20260104,True,0.05067658224817501,0.05310709826719876,0.04511310552884517,0.048022004335498025,0.05806964067781966,20260104,-0.04684668136466019,-0.06248653700129392,-0.13617907632518467,-0.2524701991039895
P5_test_202512_02,20260104_1_04,20260104,True,0.40591556355015246,0.3890211530956926,0.386777190486638,0.37983129699412954,0.36241987306974577,20260104,0.04251144614326596,0.018121593189495022,0.11334175636706922,0.0650453819997655
P5_test_202512_02,20260104_1_05,20260104,True,0.13558462870794039,0.141301580503889,0.1369701465308521,0.14131956411190127,0.16779727024640664,20260104,-0.04130046360676132,-0.031260744532615625,-0.21316051453116436,-0.2029935324522565
P5_test_202512_02,20260104_1_06,20260104,True,0.09786037118677737,0.0854340461261583,0.09132049794527794,0.08205174703161192,0.10348762214329625,20260104,0.13579699096182152,0.10702516480846391,-0.05591033384265076,-0.12507673833689026
P5_test_202512_02,20260104_1_07,20260104,True,0.2344083347669874,0.26777033338423845,0.24454290500952244,0.26933688287351687,0.28650211633888256,20260104,-0.13306503317193275,-0.09657217462042467,-0.20068130804937168,-0.15835514886815294
P5_test_202512_02,20260104_1_08,20260104,True,0.3338501424076318,0.3387509789733348,0.33938871810421195,0.3495107140030063,0.3314244353964016,20260104,-0.014573045282407104,-0.02938810489321453,0.007292380745746563,0.023746275421370644
P5_test_202512_02,20260104_1_09,20260104,True,0.06945688587080173,0.07729950653469472,0.0650237485566455,0.07406221302140784,0.07701353715601306,20260104,-0.10698135891138616,-0.13015289092853344,-0.10327500072924334,-0.16922864804537863
P5_test_202512_02,20260104_1_10,20260104,True,0.7407909606309713,0.7042011312995519,0.742545129641239,0.7116585155950333,0.6741995357813537,20260104,0.05065446786264799,0.04248546605880327,0.09419236683316817,0.09655753523904714
P5_test_202512_02,20260104_3_01,20260104,True,0.006888663592717933,0.008123556695735605,0.006595127990650526,0.00782966650206667,0.008472410768963106,20260104,-0.16489097209728065,-0.17158872356077204,-0.2069379897097594,-0.2504838993947436
P5_test_202512_02,20260104_3_02,20260104,True,0.10400366408364016,0.10911373143562321,0.10417003970905092,0.10839695991049399,0.10530970367372296,20260104,-0.04796461582977063,-0.03977548231515504,-0.012479437446858643,-0.010881006350101696
P5_test_202512_02,20260104_3_03,20260104,True,0.20597588001462375,0.201282610139926,0.2050137629446655,0.20516453786856717,0.20995840046683847,20260104,0.023049133492370144,-0.0007351677570146542,-0.019150343452725593,-0.023832304879092936
P5_test_202512_02,20260104_3_04,20260104,True,0.5770408672859254,0.5985233467028922,0.5799082224726145,0.6136943383647299,0.577497705891255,20260104,-0.03655244174514305,-0.05662713003714814,-0.0007913787200973799,0.004165383998086858
P5_test_202512_02,20260104_3_05,20260104,True,0.36738570705872603,0.345767273370016,0.367121810815675,0.34812221150394684,0.32197140280628517,20260104,0.0606463406519242,0.05314010195732144,0.1319495386413847,0.13123097212440826
P5_test_202512_02,20260104_3_06,20260104,True,0.09977081344368333,0.11097932861452198,0.09982735259341498,0.1091289588940602,0.12305241679097564,20260104,-0.10646826519026975,-0.08908807217860337,-0.20973472728592668,-0.2091681975189812
P5_test_202512_02,20260104_3_07,20260104,True,0.058181640221857144,0.06033464013489755,0.05630516200678403,0.0629844592753799,0.07215558044499704,20260104,-0.03633655719374396,-0.11210179934080866,-0.21525478241007123,-0.24803840882182282
P5_test_202512_02,20260109_3_01,20260109,True,0.20163292516044784,0.20957557753475986,0.2056930008464755,0.2110975992283736,0.19648476195055978,20260109,-0.03863558415241508,-0.02593581206079043,0.025863961133359092,0.04579988907715715
P5_test_202512_02,20260109_3_02,20260109,True,0.17391926363350405,0.17079199202385217,0.17365181605300453,0.17083583069756625,0.17774051496084747,20260109,0.018144794276865328,0.016349196303021785,-0.02173351615062713,-0.023272468318485284
P5_test_202512_02,20260109_3_03,20260109,True,0.20453911682053022,0.2042171945719973,0.19000458917592958,0.1911505641107811,0.19088599863736733,20260109,0.001575130737405006,-0.006013185853685599,0.06908285340870535,-0.004628158652081327
P5_test_202512_02,20260109_3_04,20260109,True,0.02331177935403888,0.022954125610631683,0.022591369088755957,0.02274000046681977,0.02003567937551841,20260109,0.015461098979079768,-0.006557574242226583,0.1514441315513424,0.12005328166113083
P5_test_202512_02,20260109_3_05,20260109,True,0.46700305492874056,0.4669212061623174,0.47096463498909574,0.4733496603018094,0.46744175873596344,20260109,0.00017527923846216709,-0.0050513486791177176,-0.0009389614732501217,0.00750824552451046
P5_test_202512_02,20260109_3_06,20260109,True,0.3474194614069456,0.35118747633782604,0.35382201850622924,0.3554549042133838,0.36592443873331304,20260109,-0.010787329087196262,-0.004604375356509038,-0.05189398813137691,-0.03363284641899944
P5_test_202512_02,20260109_3_07,20260109,True,0.18747226527836988,0.173692971796729,0.19044052738746087,0.17901627644000292,0.15324834627781533,20260109,0.07634170526005413,0.061863222093515136,0.20157113220534661,0.21728016988408627
P5_test_202512_02,20260109_3_08,20260109,True,0.13365632060980354,0.14153866355229688,0.13632354087688528,0.14577211312040322,0.13351252355195353,20260109,-0.05730118669103179,-0.06701349575877358,0.001076450902698145,0.020835754667668738
P5_test_202512_02,20260109_3_09,20260109,True,0.11429000545823892,0.11133816811057144,0.1156643550088887,0.1169257598997606,0.10357961326519115,20260109,0.026166996158744737,-0.010846697061522637,0.09839859836079334,0.11035197825859422
P5_test_202512_02,20260110_1_01,20260110,True,0.6349903892397287,0.6366500917762589,0.6500359813462809,0.6481801899426058,0.6261698956501228,20260110,-0.0026103344517895977,0.002858988678144825,0.013988130642391294,0.037405984194736897
P5_test_202512_02,20260110_1_02,20260110,True,0.521091707990874,0.497264678034726,0.5157834205846817,0.5035675161837948,0.5418653514345428,20260110,0.046803613559059265,0.023969152941765604,-0.039091492210222345,-0.049330591666236545
P5_test_202512_02,20260110_1_03,20260110,True,0.290175243192556,0.3225561934788879,0.30172393635006745,0.32644149385810717,0.2985403491446733,20260110,-0.10579233705899527,-0.07873825953287938,-0.028420069367976808,0.010607384556454491
P5_test_202512_02,20260110_1_04,20260110,True,0.08658151452768546,0.08010470512900357,0.09429478973230943,0.07861325431074226,0.08665561181246353,20260110,0.07775174163726373,0.18188562094318472,-0.0008554435283252282,0.08448415786816099
P5_test_202512_02,20260110_1_05,20260110,True,0.0498005967598443,0.048987347987851676,0.048667297213145555,0.04856990070057724,0.052046573830276034,20260110,0.016464906647621902,0.0020032774952385424,-0.04411200121979553,-0.06713167891721872
P5_test_202512_02,20260110_1_06,20260110,True,0.25764491421730623,0.255603724288144,0.25209963895005516,0.2528694650362185,0.29714983107159315,20260110,0.007954042300910569,-0.0030490050835685345,-0.14265415785158808,-0.16441209129381895
P5_test_202512_02,20260110_1_07,20260110,True,0.3197215522008937,0.3169378151697312,0.3147648064319974,0.31440509571500613,0.29377669587862526,20260110,0.008744879644756676,0.001143445530233711,0.08463052670596394,0.06900577278299291
P5_test_202512_02,20260110_1_08,20260110,True,0.5729680746255218,0.5531753334055345,0.566598177071609,0.5471129682198511,0.5343980849307558,20260110,0.03515498910731085,0.034995065727447705,0.06968896034835204,0.058509331451921276
P5_test_202512_02,20260110_1_09,20260110,True,0.10755066060153658,0.11045211855480855,0.10530040991233076,0.11051735425502607,0.08388943687405404,20260110,-0.026620112834540688,-0.048355248771090764,0.24846229380361473,0.22731760777205157
P5_test_202512_02,20260110_1_10,20260110,True,0.21480748030572208,0.23942357528625832,0.2211017179991076,0.2396005797912053,0.2293294675414661,20260110,-0.108492078283277,-0.08035042799921799,-0.06541750592968998,-0.03653683440368827
P5_test_202512_02,20260110_1_11,20260110,True,0.6643310155225879,0.6367247524325285,0.6505640761136318,0.6322270586419743,0.624027304677579,20260110,0.04244308021303672,0.028591196338426217,0.0625864177030181,0.04164567105817668
P5_test_202512_02,20260111_1_01,20260111,True,0.04171075132663461,0.047592485148141114,0.04426810105737416,0.04890187549299107,0.03944935464287212,20260111,-0.13191595258252553,-0.09955139813146197,0.05574123285670218,0.11524666295826291
P5_test_202512_02,20260111_1_02,20260111,True,0.3945261710253389,0.3923858529698052,0.40249448723733455,0.3982439304537442,0.44254340912612494,20260111,0.005439803353347594,0.010616692329059596,-0.11485308153633234,-0.0948571588965138
P5_test_202512_02,20260111_1_03,20260111,True,0.13248424645177403,0.13353092396039243,0.13661098354657628,0.13704745510894892,0.14602429058170757,20260111,-0.007869347514469549,-0.0031899029653603694,-0.0973092380629057,-0.06663563117608318
P5_test_202512_02,20260111_1_04,20260111,True,0.1908811397182481,0.20435060558930976,0.1902918873693129,0.20271254098586985,0.17839405985815993,20260111,-0.06818624430216857,-0.06322977858381607,0.06765600636198799,0.06456421981647553
P5_test_202512_02,20260111_1_05,20260111,True,0.011591409933008383,0.01262314335893779,0.010990995035009065,0.01189094175844711,0.013957130284411817,20260111,-0.08526760289555213,-0.07870060913672106,-0.18572620841002507,-0.23891420482897008
P5_test_202512_02,20260111_1_06,20260111,True,0.05522194486022343,0.05647170749816049,0.05111138225587715,0.05391626180704776,0.04112225298660782,20260111,-0.022379334393265893,-0.05342491855727083,0.2948110159195969,0.21745780696283257
P5_test_202512_02,20260111_1_07,20260111,True,0.22706840740926545,0.20709704462276102,0.22058919890352618,0.20600369435611354,0.21667531794802633,20260111,0.09206382830032944,0.06840804086503671,0.04685132389385438,0.01790214084602826
P5_test_202512_02,20260111_1_08,20260111,True,0.16580823703874206,0.15955125139265547,0.1669990120937399,0.16327490956224225,0.1560572161257568,20260111,0.03846672608181079,0.02255255490272101,0.06060921199582858,0.06776518675015897
P5_test_202512_02,20260111_1_09,20260111,True,0.19386345543244388,0.17462157266039044,0.18841680627682372,0.17337123642058347,0.1609647005243401,20260111,0.1045328827467995,0.08322139279529006,0.1859689837322538,0.1574714739109575
P5_test_202512_02,20260111_1_10,20260111,True,0.010833023143258165,0.011321169268909588,0.00973427063284956,0.01054389646300201,0.015057886908688815,20260111,-0.044075192419618325,-0.07989444432863646,-0.3293027336914838,-0.43624918715383565
P5_test_202512_02,20260111_3_01,20260111,True,0.2043460923088307,0.2021419324099582,0.19624224677541854,0.1965669441647511,0.1932485154309333,20260111,0.010845000925681969,-0.0016532070571351198,0.05583808196561035,0.015372843684003268
P5_test_202512_02,20260111_3_02,20260111,True,0.044380432865100114,0.04881082504342919,0.042127054904834246,0.04621813298679173,0.05170794407361542,20260111,-0.0951534418557185,-0.09268204136924485,-0.15281275577586273,-0.2049212582338007
P5_test_202512_02,20260111_3_03,20260111,True,0.11207824651375536,0.12010034823076447,0.108772280087454,0.11577892520551977,0.11188223487959495,20260111,-0.0691303716343663,-0.06242603217998122,0.0017504131352850116,-0.028190320466565222
P5_test_202512_02,20260111_3_04,20260111,True,0.3589178331892453,0.3446768905786769,0.35054223621686575,0.34276185163761497,0.29595362275860676,20260111,0.04048605623380963,0.022445306046660063,0.19289072320286582,0.16927843979438784
P5_test_202512_02,20260111_3_05,20260111,True,0.1548367514771447,0.15198622579681778,0.15078872039705143,0.1509612697805701,0.154409266736976,20260111,0.018581448638478326,-0.001143658047672469,0.002764692104546107,-0.023726999167939633
P5_test_202512_02,20260111_3_06,20260111,True,0.21110744923656674,0.21376348675760337,0.2069748624211651,0.21043190193022826,0.23152409587436687,20260111,-0.012502959822060733,-0.016564746200978142,-0.09231671201378155,-0.11208660564781248
P5_test_202512_02,20260111_3_07,20260111,True,0.4648222834007853,0.4929861662647342,0.4705066450541141,0.5058800320735084,0.46480837765239763,20260111,-0.05882596703333787,-0.07248946809936174,2.9916716328903803e-05,0.012184852729443474
P5_test_202512_02,20260116_3_01,20260116,True,0.2748649645386776,0.294147083518261,0.2808876115432989,0.293165883374752,0.3173339350222573,20260116,-0.06779998728730385,-0.042783973266303565,-0.1436747031732608,-0.1220000117918012
P5_test_202512_02,20260116_3_02,20260116,True,0.24895661409879094,0.2603431643708026,0.2534602872191205,0.26246827251732735,0.2571434835685342,20260116,-0.04472198301073815,-0.034923055279698634,-0.032355590209879104,-0.014427078079465083
P5_test_202512_02,20260116_3_03,20260116,True,0.2484816844171305,0.26955291976250295,0.24932788180845014,0.2648449045472064,0.2978188087281707,20260116,-0.08139559556598441,-0.06037556412898004,-0.18111613891995604,-0.17771645251876778
P5_test_202512_02,20260116_3_04,20260116,True,0.026829101345931698,0.028183821242810124,0.025354184593571024,0.02679399264024756,0.03544911216913352,20260116,-0.04926092901072909,-0.055233918036748264,-0.27861103856819014,-0.335154418931372
P5_test_202512_02,20260116_3_05,20260116,True,0.42411699823511684,0.40662236577983374,0.41079503155487235,0.40792679083498323,0.36248205244729337,20260116,0.04212444988329245,0.0070066593456239445,0.15703439382267614,0.12511942084273686
P5_test_202512_02,20260116_3_06,20260116,True,0.25361550608308614,0.2509066144745563,0.2524688521254585,0.25426662009738943,0.25851050883040316,20260116,0.01073854853827605,-0.007095518719586913,-0.019116981683236833,-0.023648463050623514
P5_test_202512_02,20260116_3_07,20260116,True,0.2784466758836779,0.2559367055115428,0.2762846306336385,0.2625031011181136,0.24324476088573907,20260116,0.08429640222128221,0.05116870898967574,0.1351583891838528,0.12736342188326621
P5_test_202512_02,20260116_3_08,20260116,True,0.554689310048545,0.4902487035384248,0.5599091457016696,0.5065437403702299,0.4495757704549197,20260116,0.12349533470238094,0.10016385270300132,0.2101037494942518,0.21947012495807605
P5_test_202512_02,20260116_3_09,20260116,True,0.41933737931729953,0.4074120621628782,0.41898323305058044,0.4063987827756172,0.3620048064824146,20260116,0.02885068613634778,0.030496001414676455,0.14701830784278502,0.1461734132223702
P5_test_202512_02,20260116_3_10,20260116,True,0.02756492018628889,0.026083274205894725,0.025262476878296514,0.02462101335331922,0.030602175017418118,20260116,0.055249682681604906,0.025719887800983443,-0.10452712886840221,-0.1917509179615453
P5_test_202512_02,20260117_1_01,20260117,True,0.1937126205852833,0.20020158399631574,0.19610629126656012,0.20341680258811143,0.20191664372260204,20260117,-0.03294905530993075,-0.036600274178878234,-0.041479233787764525,-0.02919814277903221
P5_test_202512_02,20260117_1_02,20260117,True,0.45293329096179613,0.45955691011018834,0.4599320756417466,0.4658649567716151,0.4011339030743827,20260117,-0.014517932310397663,-0.012816982860433868,0.12144955962365256,0.1367835224862165
P5_test_202512_02,20260117_1_03,20260117,True,0.2947457549088674,0.31338576589073674,0.310105125853005,0.32312796933510374,0.248790840689399,20260117,-0.06132177357671087,-0.04113707900479757,0.1695005907309426,0.22029880940931568
P5_test_202512_02,20260117_1_04,20260117,True,0.351549011465469,0.3391630785958318,0.35752144147931625,0.3483650094949557,0.3617267277084032,20260117,0.035868087195629395,0.025944528555985835,-0.02853989420561076,-0.011693694413809519
P5_test_202512_02,20260117_1_05,20260117,True,0.11307196815414645,0.12399962723625271,0.12110625518290975,0.1283514569637144,0.1479827654304514,20260117,-0.09225405713506651,-0.05810395647937039,-0.2690713148828645,-0.20042751492592403
P5_test_202512_02,20260117_1_06,20260117,True,0.0884750061398115,0.09133995331117423,0.08406274231358919,0.08982329081674013,0.09793237046046192,20260117,-0.03186820097498044,-0.066280852561857,-0.10155704747404037,-0.15271369076872787
P5_test_202512_02,20260117_1_07,20260117,True,0.23409701737398092,0.22966871904149047,0.22991797506140083,0.22883121704139114,0.25978703592626706,20260117,0.019097714969848578,0.004737926830933548,-0.10412656918916174,-0.12213958763690691
P5_test_202512_02,20260117_1_08,20260117,True,0.04129900945858863,0.0441362732149799,0.04092772774877173,0.04407429610265874,0.050779267493538324,20260117,-0.06644345062286261,-0.07406898429294184,-0.2066496354489593,-0.21568037765581538
P5_test_202512_02,20260117_1_09,20260117,True,0.16480412883800882,0.15440619206610015,0.1609463328211802,0.152121197963499,0.15146859818241634,20260117,0.06517092994864626,0.056393414750431026,0.084379340048089,0.06069264215894954
P5_test_202512_02,20260117_1_10,20260117,True,0.07826896594732557,0.08626510694419864,0.06667915440883487,0.07953287464316476,0.07143531614424722,20260117,-0.09727401717467732,-0.1762780772385888,0.09135880544703268,-0.06889999445750972
P5_test_202512_02,20260117_1_11,20260117,True,0.17297972320657068,0.1709908058151052,0.16739363533102591,0.1719969826608395,0.17395878202433,20260117,0.011564592836051713,-0.027128797380136627,-0.0056440055051432125,-0.03847024962531731
P5_test_202512_02,20260118_1_01,20260118,True,0.25500836433865554,0.2626762574248563,0.25666435814049715,0.2615611691500194,0.2500591534852093,20260118,-0.029625967613442494,-0.01889894071309306,0.019598842134115113,0.026071728066947797
P5_test_202512_02,20260118_1_02,20260118,True,0.331481797591623,0.32003166775200115,0.3192425065630905,0.32053711365344506,0.36166848703121623,20260118,0.03515294627008969,-0.004047046252901199,-0.08715511166734191,-0.12477698792549097
P5_test_202512_02,20260118_1_03,20260118,True,0.26955521845561664,0.26462691807558136,0.27572480870417865,0.2714688135359107,0.26874653741174115,20260118,0.01845228388331943,0.01555603289469687,0.0030045662806019724,0.02563460309035248
P5_test_202512_02,20260118_1_04,20260118,True,0.29516153892638863,0.29863970101551696,0.2799712782771628,0.2860798241829601,0.2111037186494763,20260118,-0.011715037403987827,-0.021583857085725855,0.3351732257666611,0.2823374500445759
P5_test_202512_02,20260118_1_05,20260118,True,0.12301983517184395,0.13661094602296914,0.13138470312535064,0.14062551706743068,0.13788109867450113,20260118,-0.10479147193516525,-0.0679707651732202,-0.1140461060244593,-0.048262025252679974
P5_test_202512_02,20260118_1_06,20260118,True,0.5488289891199062,0.5629036713317312,0.5298391601066814,0.5498261472658811,0.5361585415050686,20260118,-0.025321616865730423,-0.03702864338492029,0.023356994032272205,-0.011856414732138165
P5_test_202512_02,20260118_1_07,20260118,True,0.19489843682514343,0.17950870930664992,0.1935310119558088,0.1803502225407834,0.1826511205779937,20260118,0.082254859521522,0.07053712684653579,0.0649006977537081,0.05785987980037843
P5_test_202512_02,20260118_1_08,20260118,True,0.6000339802825109,0.5892958794220634,0.5954563922660626,0.5875373391777692,0.5819311989824715,20260118,0.018057887923658034,0.01338835729566168,0.030634061479931085,0.022975931404875638
P5_test_202512_02,20260118_1_09,20260118,True,0.04550496670542961,0.04454500037081189,0.04601389626375525,0.04095096629931294,0.06298980189531346,20260118,0.021321555863614172,0.11656803648512604,-0.3251513602501941,-0.3140293950522315
P5_test_202512_02,20260118_1_10,20260118,True,0.2253935228080446,0.2166923979758741,0.2223161522158974,0.21132752372984065,0.22887784118142615,20260118,0.039369037701141085,0.05069130271736766,-0.015340551839477357,-0.029087938728170615
P5_test_202512_02,20260118_3_01,20260118,True,0.6545606811182348,0.617158375252533,0.6587690499720338,0.6252826549384759,0.5764988147766954,20260118,0.05883861780289312,0.05216922239636018,0.12699101094244353,0.13339973398878002
P5_test_202512_02,20260118_3_02,20260118,True,0.16023548143236382,0.16109681466703443,0.16173112685591773,0.1612935190977409,0.16242399567989035,20260118,-0.005361025381269924,0.0027094404799601346,-0.01356568125184121,-0.00427492784154726
P5_test_202512_02,20260118_3_03,20260118,True,0.048390725503715884,0.03868873391799644,0.046290553967007875,0.038975731302761565,0.03546123712101852,20260118,0.22375972911273845,0.1719987441380173,0.310867985709649,0.2664977344594188
P5_test_202512_02,20260118_3_04,20260118,True,0.3793524271472633,0.3721120679223042,0.3850940461189965,0.377242889262928,0.4021099740545151,20260118,0.01927059317773372,0.02059833149308221,-0.05825995856859856,-0.04323803841499263
P5_test_202512_02,20260118_3_05,20260118,True,0.36125077093170577,0.345931275393832,0.3599399359350554,0.3492553219446688,0.28439726241058205,20260118,0.0433322441917956,0.030133936674723305,0.23920030145044846,0.23556510086427496
P5_test_202512_02,20260118_3_06,20260118,True,0.46908436937089004,0.4618709118997632,0.4596003046229847,0.47021892947423183,0.4645831184101915,20260118,0.015497203749744504,-0.022841184866893016,0.009642160391073351,-0.010783275150769045
P5_test_202512_02,20260118_3_07,20260118,True,0.5178131223366069,0.48840010348262913,0.5322528200653983,0.5102621050595233,0.44605326003007256,20260118,0.05847945535979382,0.04219407695444377,0.14917604747902113,0.17668024014632389
P5_test_202512_02,20260123_3_01,20260123,True,0.32887300693171856,0.3280849763674827,0.33011165235455914,0.3287596803205248,0.3596103396025571,20260123,0.0023990299599598863,0.0041039088043031136,-0.08934937616890881,-0.08559011754551138
P5_test_202512_02,20260123_3_02,20260123,True,0.20799571886801094,0.206889962767834,0.21333858595036023,0.214462113619251,0.22749596917591947,20260123,0.005330426029698243,-0.005252587259285235,-0.08961502320182868,-0.06425201130118108
P5_test_202512_02,20260123_3_03,20260123,True,0.026373414110221954,0.0242289625490306,0.02500834472511976,0.023723809479941776,0.027213147446016727,20260123,0.08480774435037475,0.05273039492227971,-0.031343757040038334,-0.08449066032825181
P5_test_202512_02,20260123_3_04,20260123,True,0.14986610319283017,0.15576409341340935,0.15176888157397705,0.15496109735923744,0.15276021121978844,20260123,-0.03860039090935663,-0.02081525291010977,-0.019127194976793715,-0.006510597318706068
P5_test_202512_02,20260123_3_05,20260123,True,0.4078917313549413,0.35752743470899423,0.4036574234101078,0.36546460964096594,0.3326763089729583,20260123,0.13178967522829033,0.09939710912788435,0.20383180275074175,0.19339658427000506
P5_test_202512_02,20260123_3_06,20260123,True,0.21235678012337597,0.21968500254897164,0.21914360120819,0.2235102209751759,0.2003760871312287,20260123,-0.03392692849160328,-0.019729916230642353,0.058071748852263294,0.08953119181152402
P5_test_202512_02,20260123_3_07,20260123,True,0.46433986201096944,0.5159346718198708,0.4866687953495203,0.5272241628387101,0.5401909528239612,20260123,-0.10536340712824066,-0.08004201450258064,-0.15130594805348396,-0.10433889336089608
P5_test_202512_02,20260123_3_08,20260123,True,0.32195913011209587,0.3188899241413861,0.31753880503465587,0.3255563064174807,0.2860455536148457,20260123,0.009578634522439122,-0.024935399628038812,0.11827353586103362,0.10444895493602724
P5_test_202512_02,20260123_3_09,20260123,True,0.2404691580891539,0.215318853281086,0.2408679040909729,0.22026297829423572,0.22260484302757919,20260123,0.11047187249994384,0.0894264790489463,0.07719364528612904,0.07885047217258823
P5_test_202512_02,20260124_1_01,20260124,True,0.6037989348671857,0.6353084299306505,0.6024151481479911,0.6346575847350957,0.6187634391234397,20260124,-0.050869344174736486,-0.05213879431715773,-0.024481780220350746,-0.026776210944959966
P5_test_202512_02,20260124_1_02,20260124,True,0.32602557551573247,0.33502935648917165,0.3380677992972121,0.3427549078077211,0.3980863679093882,20260124,-0.027242328504909707,-0.013769172249426642,-0.19969315574804225,-0.16342252153543047
P5_test_202512_02,20260124_1_03,20260124,True,0.15763402638513477,0.15945227002451573,0.15547272516505192,0.15779138442954577,0.12697074560044194,20260124,-0.011468572367275831,-0.014803493515955779,0.21631934725773072,0.20251360504569704
P5_test_202512_02,20260124_1_04,20260124,True,0.5541985653144983,0.56229776435984,0.5451270610704332,0.555280851987282,0.5083151932951565,20260124,-0.014508495730135573,-0.01845511829907842,0.08642132925941048,0.06991719265354968
P5_test_202512_02,20260124_1_05,20260124,True,0.08764537995449037,0.08958797457013756,0.10187264433536063,0.10171629434897074,0.08901455702363466,20260124,-0.02192219876856072,0.001535938230607936,-0.015501018602456451,0.1349235297845648
P5_test_202512_02,20260124_1_06,20260124,True,0.10781212982806214,0.08811896020741174,0.12256974677090211,0.08075067541779861,0.09858707483338063,20260124,0.20170245161073552,0.41731390298031057,0.08945000760753663,0.2177400632217954
P5_test_202512_02,20260124_1_07,20260124,True,0.18304263394441683,0.19611737959901207,0.1869137207369665,0.19841426589125993,0.2222157440187234,20260124,-0.06899425739987519,-0.05970997300982339,-0.19392963178375888,-0.17300160591541203
P5_test_202512_02,20260124_1_08,20260124,True,0.33633672336333337,0.3577305876718848,0.3453989441746854,0.36031818153649636,0.3086171655153786,20260124,-0.06166734368112903,-0.04228736980825776,0.0860112487935416,0.11259854667203295
P5_test_202512_02,20260124_1_10,20260124,True,0.5973068927040155,0.5705563116556878,0.5928068578133693,0.5679211769035774,0.4704288221637816,20260124,0.045819169215260525,0.04288600639184659,0.23878637312659634,0.23122397611197665
P5_test_202512_02,20260124_1_11,20260124,True,0.306414904236247,0.31653482248869197,0.32074770355826104,0.3250640299436035,0.34835584034510647,20260124,-0.03249317944093422,-0.01336733426588288,-0.12828440732227975,-0.08256964320437721
P5_test_202512_02,20260125_1_01,20260125,True,0.019676144632289515,0.020571051988997363,0.020662944903864007,0.021014336762335863,0.021026194548739708,20260125,-0.04447787466089892,-0.016862912893362392,-0.06636205027889863,-0.017427025017947795
P5_test_202512_02,20260125_1_02,20260125,True,0.08845715322245265,0.08469387841802249,0.07827210260481142,0.07456072590990508,0.08141586489158084,20260125,0.043474965048077685,0.04857734469284081,0.08294813599323447,-0.039378903466960935
P5_test_202512_02,20260125_1_03,20260125,True,0.08034090095563903,0.08329634352947686,0.08718522938772313,0.08881660690259023,0.07084322758835193,20260125,-0.03612580985198077,-0.01853871837013088,0.1258094696112555,0.20756555526996046
P5_test_202512_02,20260125_1_04,20260125,True,0.26033182683457246,0.2655945409670564,0.2625806381912772,0.2658993021151943,0.20727399509490732,20260125,-0.020013789455348263,-0.01255944566458056,0.22791550853044718,0.23651666214979783
P5_test_202512_02,20260125_1_05,20260125,True,0.07283925624438001,0.07050752202697315,0.06548768932509705,0.0655836863745273,0.08118312350556783,20260125,0.032535644449531276,-0.0014648059667119462,-0.10845234297055395,-0.21484521122344002
P5_test_202512_02,20260125_1_06,20260125,True,0.0880228818755078,0.09115625501874505,0.093588019088581,0.10135127591834482,0.06676395914484724,20260125,-0.03497832013339153,-0.07969008794730303,0.2764334008089966,0.337738972918205
P5_test_202512_02,20260125_1_07,20260125,True,0.20722529660794536,0.19281473223144913,0.21623050896578783,0.20055522589416203,0.17004474130134614,20260125,0.072076799563352,0.0752553601113557,0.19774500426043318,0.24028342325078555
P5_test_202512_02,20260125_1_08,20260125,True,0.09315221887947896,0.09383213723916597,0.08981814173638003,0.0971801478883528,0.09278426279361514,20260125,-0.007272494560416565,-0.07877947208031788,0.003957873816709423,-0.03249006475163396
P5_test_202512_02,20260125_1_09,20260125,True,0.11755657116370981,0.10876023779626792,0.14229672790114656,0.11862462077347118,0.08627800991349403,20260125,0.07777386824036459,0.18195045038809843,0.3093449186225703,0.5003397546504433
P5_test_202512_02,20260125_1_10,20260125,True,0.07294793843569615,0.07386104440018017,0.07108647581123172,0.07610482305202781,0.08578488905655522,20260125,-0.012439534985817513,-0.06821453558751989,-0.16209685815488095,-0.1879457676704579
P5_test_202512_02,20260125_3_01,20260125,True,0.3386679834990007,0.35353598520277085,0.3577173719667852,0.36664650421577544,0.3612972844948028,20260125,-0.04296504930456457,-0.024654969273866678,-0.06468089444900382,-0.00995791136608104
P5_test_202512_02,20260125_3_02,20260125,True,0.10568183587165922,0.09522056421465237,0.11448086038535109,0.09104844616963946,0.09998023071067774,20260125,0.10423710292238031,0.2290159104694256,0.055460558499817125,0.13543517726421062
P5_test_202512_02,20260125_3_03,20260125,True,0.45422376331825953,0.4819618817299704,0.4600658587107445,0.4854338563121029,0.5070119009881463,20260125,-0.059275080010030234,-0.053673389818560846,-0.10994452929956722,-0.09716482631963985
P5_test_202512_02,20260125_3_04,20260125,True,0.11855144353743739,0.10637131320238545,0.1164177799264573,0.10635160299964237,0.10257639166828073,20260125,0.10841106125404076,0.09043465773967574,0.14473918348957193,0.12657746658113167
P5_test_202512_02,20260125_3_05,20260125,True,0.11678977568375318,0.11866250919420708,0.11374376594937283,0.11934109756753647,0.1269641904256445,20260125,-0.01590787708153174,-0.04803750754262737,-0.08352955193816225,-0.10995683005799695
P5_test_202512_02,20260125_3_06,20260125,True,0.11147659405593074,0.1197669895857689,0.11341439615412134,0.11942516484528774,0.11877451161414065,20260125,-0.07173345159967459,-0.05164160615099478,-0.06341218512390734,-0.046178501758293855
P5_test_202512_02,20260125_3_07,20260125,True,0.260835601013584,0.2551463842397127,0.25670734205672957,0.25825335581177095,0.2977634207618361,20260125,0.022052891396785013,-0.006004413176789569,-0.13240895345665393,-0.14836259197745516
P5_test_202512_02,20260130_3_01,20260130,True,0.43535024759596297,0.4245138160969413,0.43088302108736876,0.42341693981210965,0.3639970205461851,20260130,0.02520632202752937,0.017479273570311316,0.17900519171242435,0.16869095818374025
P5_test_202512_02,20260130_3_02,20260130,True,0.06832071933040235,0.053310966697020616,0.08863684913369928,0.04768014149284584,0.05856715250076242,20260130,0.2480710140928668,0.6200326852863256,0.15403907637224812,0.4143736736968915
P5_test_202512_02,20260130_3_03,20260130,True,0.06057119086185083,0.05363146875702025,0.06706987134540064,0.05425543707242374,0.05497225290308982,20260130,0.12168338224379704,0.21203172196422626,0.09699081645623497,0.19890636663387617
P5_test_202512_02,20260130_3_04,20260130,True,0.10867059671755469,0.11493524030208936,0.11539573598623332,0.11860871473728594,0.1131149903241338,20260130,-0.05604758378223096,-0.027462560410386416,-0.04008365662554958,0.019962488749370344
P5_test_202512_02,20260130_3_05,20260130,True,0.28479987850833954,0.28891530309792035,0.2865944240993733,0.2910971295272261,0.2877426177548505,20260130,-0.014346823342189063,-0.015588930059759365,-0.010279639255371675,-0.003998332343038591
P5_test_202512_02,20260130_3_06,20260130,True,0.3169223344988023,0.3269436107768333,0.323680133045368,0.33443326913301036,0.2862958572765155,20260130,-0.03113096964109041,-0.03268158083679462,0.10163100014800941,0.12273004232875251
P5_test_202512_02,20260130_3_07,20260130,True,0.06238028260340132,0.06451738981605198,0.05376401789594866,0.061426200601047254,0.0628641649177683,20260130,-0.033685555492703134,-0.13323203295079145,-0.007727044696148155,-0.15637185514821184
P5_test_202512_02,20260130_3_08,20260130,True,0.3615032858635972,0.37929075845018967,0.37311271186160466,0.3847347620572603,0.3822897365727682,20260130,-0.04803195256430448,-0.03067361657491441,-0.05590766273173142,-0.024298243244761153
P5_test_202512_02,20260130_3_09,20260130,True,0.1452336565049186,0.1438505628480346,0.14037259722489437,0.146706049979544,0.1288396213787412,20260130,0.009568866909018148,-0.04413062870481954,0.11977548387632986,0.08573191031616911
P5_test_202512_02,20260131_1_01,20260131,True,0.4699506412552289,0.47069815160901307,0.48144412936685077,0.48568214290083933,0.5341962142395142,20260131,-0.0015893509178090959,-0.008764193017352317,-0.12813554328249543,-0.1039730239046549
P5_test_202512_02,20260131_1_02,20260131,True,0.1065626370548511,0.1175056338251282,0.10908670571770711,0.1178598465765223,0.11193743666047636,20260131,-0.09775332626043198,-0.0773531463511472,-0.049207160351307344,-0.02579708265917846
P5_test_202512_02,20260131_1_03,20260131,True,0.21627485241450892,0.21947860736976813,0.22058494095888548,0.22210505401346298,0.2520132867424575,20260131,-0.014704703366799077,-0.006867645740624706,-0.15293174762114692,-0.1331989708129795
P5_test_202512_02,20260131_1_04,20260131,True,0.5387564840664417,0.5387636549248761,0.556518868805815,0.5435484307410541,0.5634418647211,20260131,-1.3309929299709644e-05,0.023582264760234617,-0.044800483225140963,-0.012363083610113623
P5_test_202512_02,20260131_1_05,20260131,True,0.3331644389668694,0.3420564047711342,0.32844149115451665,0.3451397967708344,0.31954980093456226,20260131,-0.026339470887778216,-0.049590830045478596,0.04172304566680518,0.027445579802109155
P5_test_202512_02,20260131_1_06,20260131,True,0.38688892061166497,0.40748006072848336,0.39167773668691286,0.41095105395644616,0.3326503208846416,20260131,-0.051854375769671446,-0.048034715881927315,0.15104577416760012,0.1633475505733628
P5_test_202512_02,20260131_1_07,20260131,True,0.21853332295240402,0.23250301320084665,0.21893314011271994,0.23105319578668254,0.16377509184610664,20260131,-0.06196467424823582,-0.05388158188600323,0.2884444152744188,0.29027229149073364
P5_test_202512_02,20260131_1_08,20260131,True,0.013957727551060953,0.014618312239317756,0.01429698217433527,0.014685785977113756,0.018218390944630312,20260131,-0.04624170454220611,-0.026831607429216753,-0.26639827413476347,-0.24238309710842998
P5_test_202512_02,20260131_1_09,20260131,True,0.4631914449549177,0.41680466261564897,0.45970021209118783,0.4224450802578599,0.39949356227826904,20260131,0.10552277957279854,0.08451511338801532,0.14794280601809573,0.14037691355166448
P5_test_202512_02,20260131_1_10,20260131,True,0.07285049696159941,0.07081661982555368,0.074007251468289,0.07343626502908651,0.08145491083404906,20260131,0.02831563787774405,0.007745193646031545,-0.11164027152406764,-0.09588654463446566
P5_test_202512_02,20260131_1_11,20260131,True,0.35026076422122254,0.35157031145285994,0.3479432385975333,0.3539476460613935,0.3841568804760527,20260131,-0.003731806119157577,-0.017109650722013425,-0.09237309435265462,-0.09901165307053317
P5_test_202512_02,20260201_1_01,20260201,True,0.24730378152038895,0.25290184986517733,0.2515987407177268,0.2532384995622847,0.2963869816087363,20260201,-0.02238400262312079,-0.006496210977752215,-0.18104850512215886,-0.16383045104214045
P5_test_202512_02,20260201_1_02,20260201,True,0.14739377413954627,0.15771108550581875,0.154913415198524,0.16125659061337383,0.17185081660287935,20260201,-0.0676570453950438,-0.04013047764634692,-0.15351901411581337,-0.1037604059045345
P5_test_202512_02,20260201_1_03,20260201,True,0.03633100634613663,0.03728084765760256,0.032361834496193835,0.033469423373232284,0.05317047717515301,20260201,-0.025808181164673538,-0.03365250608297643,-0.38083175600370156,-0.4965235211702508
P5_test_202512_02,20260201_1_04,20260201,True,0.4863504021209833,0.4973399769068155,0.5181971968024293,0.5172458758471431,0.47621758289874805,20260201,-0.022344494268998094,0.0018375152590992538,0.021054499409079774,0.08448100190364616
P5_test_202512_02,20260201_1_05,20260201,True,0.19850685219621472,0.21692728293307903,0.19796624752289468,0.21686219240596774,0.23495713854123343,20260201,-0.08873857627883885,-0.09116554466138815,-0.1685794889113652,-0.17130655921570015
P5_test_202512_02,20260201_1_06,20260201,True,0.18990129658232685,0.19701093914606985,0.1850493671471558,0.19541634524447618,0.19975176367275962,20260201,-0.036754810350609235,-0.05450974736221026,-0.05057096850198062,-0.07645277508352377
P5_test_202512_02,20260201_1_07,20260201,True,0.24537757701583496,0.24176349186106116,0.2474788246640917,0.24461817468564914,0.2037633433595767,20260201,0.014838212976223009,0.011626497240522005,0.18583891604039215,0.19436578257775583
P5_test_202512_02,20260201_1_08,20260201,True,0.010851008790131143,0.010500947860210148,0.0105722597566105,0.010329426838277323,0.010632402298588499,20260201,0.03279252622328066,0.023236770253077133,0.02035189255063763,-0.0056725924794376326
P5_test_202512_02,20260201_1_09,20260201,True,0.08048094328638937,0.08782421143495689,0.06147464899279154,0.07525138280554186,0.07905824053649753,20260201,-0.08731679225149325,-0.202209401282893,0.017835624204713074,-0.2515599245027307
P5_test_202512_02,20260201_1_10,20260201,True,0.06471324312135018,0.0638935068452294,0.06207710203901386,0.059477742994155536,0.0713438452426122,20260201,0.012748123685582868,0.04277501846694909,-0.09754521312071063,-0.13913388499825752
P5_test_202512_02,20260201_3_01,20260201,True,0.6115858806542472,0.6108876770922166,0.6191919220902262,0.6246535839684741,0.5729009739799379,20260201,0.0011422801475329813,-0.008781953953469868,0.0653425063729427,0.0777023949702485
P5_test_202512_02,20260201_3_02,20260201,True,0.27643667043923836,0.26256083827255255,0.2851393667222762,0.2701427647742924,0.20395991508228312,20260201,0.051498934699793164,0.05402748910903066,0.3040582748840537,0.33505458694531964
P5_test_202512_02,20260201_3_03,20260201,True,0.29241771263891175,0.29274647437059076,0.28805522933560906,0.29467735356503433,0.2760131633345886,20260201,-0.0011236564833212448,-0.022728810789383047,0.05773474496026454,0.04270367245600637
P5_test_202512_02,20260201_3_04,20260201,True,0.11913169515505377,0.13161295694441874,0.12599032465503882,0.13373733322641246,0.1591006511488481,20260201,-0.09963590790340016,-0.05967256089105488,-0.2893074648714138,-0.23333191248609308
P5_test_202512_02,20260201_3_05,20260201,True,0.2093917908343857,0.20911452934673178,0.2157479555055502,0.21406197417841055,0.21035186460461294,20260201,0.0013250052142494972,0.00784528163800724,-0.0045745798992182785,0.02532917940570667
P5_test_202512_02,20260201_3_06,20260201,True,0.6919054273568369,0.6945862677245659,0.7093637718866314,0.7085845910159679,0.7072734898979454,20260201,-0.003867089457654127,0.0010990258453371649,-0.021968142026606685,0.0029510497317027373
P5_test_202512_02,20260201_3_07,20260201,True,0.061576017698168284,0.060253510679697836,0.04666080357259321,0.046235241087783756,0.060430109487738526,20260201,0.02171163243596208,0.009162186901966685,0.018784989469061042,-0.25858299386485406
P5_test_202512_02,20260206_3_01,20260206,True,0.20015589272555703,0.18234393377205296,0.18763232251601267,0.17896535562865537,0.1893822621446342,20260206,0.093201876798368,0.04729207345783348,0.05532900306498023,-0.00928320689428963
P5_test_202512_02,20260206_3_02,20260206,True,0.1983857754565211,0.20598616484509738,0.20097230057300805,0.20828166676402138,0.20860874089025508,20260206,-0.0375955095952798,-0.03572424031044452,-0.05024694833385435,-0.037293353858448564
P5_test_202512_02,20260206_3_03,20260206,True,0.11588206772277719,0.12059562427236216,0.11824083471608296,0.12189636578787899,0.15696421848669997,20260206,-0.039869984255507696,-0.030447706300165578,-0.30344485524810705,-0.2832943549636051
P5_test_202512_02,20260206_3_04,20260206,True,0.28670662864124963,0.2876065371230875,0.28495095103636764,0.28449781411111247,0.2578213592855416,20260206,-0.0031338624011767457,0.001591493558799284,0.1061925538728028,0.10005012460271656
P5_test_202512_02,20260206_3_05,20260206,True,0.34177366856008445,0.35737390487935733,0.3485492356308058,0.3609394617584849,0.3470959375066902,20260206,-0.044633856143442285,-0.03493074937772023,-0.015452488550307564,0.004178280234073961
P5_test_202512_02,20260206_3_06,20260206,True,0.054631728205000146,0.05581875901010735,0.04587727036669641,0.04907222734908301,0.06035037815131372,20260206,-0.02149517923549249,-0.0673234448983977,-0.09955239686253892,-0.2741974180619695
P5_test_202512_02,20260206_3_07,20260206,True,0.20029120623386942,0.21635329868152825,0.21174676854377794,0.22297184332654202,0.20551951283118947,20260206,-0.07714037479084657,-0.05165442767702011,-0.025768643646550293,0.029850090323193745
P5_test_202512_02,20260206_3_08,20260206,True,0.26684363566473335,0.27573015034471454,0.2714192664233909,0.27596867593090424,0.2662093389974586,20260206,-0.03275981866354227,-0.0166226323588039,0.002379864654359576,0.019381745932846695
P5_test_202512_02,20260206_3_09,20260206,True,0.3619584720487879,0.3728670169377344,0.36240664240261056,0.3762053733189133,0.3469007751287071,20260206,-0.02969234597138548,-0.03736829698292288,0.042490698730427434,0.043728114508928995
P5_test_202512_02,20260207_1_01,20260207,True,0.5430621953019646,0.5424233257430111,0.5544156176153808,0.5509825234110579,0.5380018445270397,20260207,0.0011771131357078968,0.006211527078204937,0.00936186488083246,0.03005262913600293
P5_test_202512_02,20260207_1_02,20260207,True,0.2583486083940371,0.2533544616976977,0.2591479068351848,0.2545641936046785,0.20638494098728766,20260207,0.01952032563157058,0.017845929175546837,0.224566797591647,0.22765589695072053
P5_test_202512_02,20260207_1_03,20260207,True,0.23722847079341933,0.2344723959495097,0.24588143422784797,0.24299548197761545,0.19582938978066378,20260207,0.011685822104343657,0.011806594578693597,0.19177986870353836,0.22760562520446692
P5_test_202512_02,20260207_1_04,20260207,True,0.0760418276939203,0.0663633043306071,0.07469672862398383,0.05768979099213906,0.07475074382583143,20260207,0.13613929519095924,0.2583560723444469,0.01712439021655232,-0.0007228654096884668
P5_test_202512_02,20260207_1_05,20260207,True,0.03992544817197347,0.03670954386946016,0.04095505313316579,0.03806404694219199,0.04308753828808293,20260207,0.08397714719282545,0.07320501351788167,-0.0762199010699649,-0.05075862013337673
P5_test_202512_02,20260207_1_06,20260207,True,0.032926898637770936,0.034748076472368036,0.030873152651173498,0.0334237068596378,0.03004085453467642,20260207,-0.053834305662904924,-0.07937847442255741,0.09173163845089016,0.027328686945888858
P5_test_202512_02,20260207_1_07,20260207,True,0.26824907211327936,0.2949130315793001,0.26347064603467146,0.29015720335213435,0.2864310031475551,20260207,-0.09476458220191941,-0.0964808951045264,-0.06558175797362487,-0.08355571891325875
P5_test_202512_02,20260207_1_08,20260207,True,0.15680020963746305,0.16309429996424815,0.16774698896558396,0.17203107846723273,0.1590419526287176,20260207,-0.03935611602330358,-0.025218323098011197,-0.014195575538920036,0.053288805728224364
P5_test_202512_02,20260207_1_09,20260207,True,0.717655486971824,0.7218155383285941,0.740311457978242,0.7357367611067688,0.6682900275103937,20260207,-0.005779988433696703,0.006198593595988511,0.07126737850662906,0.10234873457839777
P5_test_202512_02,20260207_1_10,20260207,True,0.1341317911197678,0.14193223597698118,0.1441918402597607,0.14720491054094376,0.15426678768103352,20260207,-0.05652689983466175,-0.020680928412450506,-0.13986065866505104,-0.06753885412127247
P5_test_202512_02,20260207_1_11,20260207,True,0.29730004278584,0.30222054749587696,0.2900395757745789,0.29489165172920356,0.24845581047242776,20260207,-0.01641516664579301,-0.016590624743493043,0.1794768692554607,0.15475237719450674
P5_test_202512_02,20260208_1_01,20260208,True,0.08981894122598837,0.08068174300323633,0.09254993970949053,0.0758885964896473,0.06325502040131874,20260208,0.1072835630990765,0.19848195834645344,0.3506213814673904,0.38057388919055235
P5_test_202512_02,20260208_1_02,20260208,True,0.47312975078337827,0.48711382213819004,0.48048577025237754,0.49207351301924473,0.4191002129459844,20260208,-0.029128151369891886,-0.023830508523847382,0.12125960239323452,0.13668755047874104
P5_test_202512_02,20260208_1_03,20260208,True,0.502420938366779,0.503976551698549,0.5117905558915741,0.5127932607328658,0.44184884351543724,20260208,-0.0030914516104262324,-0.001957292600439864,0.12847045037957838,0.14694763023163737
P5_test_202512_02,20260208_1_04,20260208,True,0.12437646469820905,0.12140973873804041,0.12258137197139293,0.11909512797677033,0.13963899356780982,20260208,0.02414187622205155,0.02885250192357436,-0.11574750299893077,-0.13028540442429426
P5_test_202512_02,20260208_1_05,20260208,True,0.3544957954471479,0.36193540184914413,0.35633456870124325,0.36513923570890483,0.3457824224889797,20260208,-0.020769262585460746,-0.02440865929846381,0.024886744866119637,0.030060348719430863
P5_test_202512_02,20260208_1_06,20260208,True,0.3318211967922583,0.3400900965000398,0.3271232284671426,0.33546215973039206,0.31979520937554234,20260208,-0.02461431225250421,-0.025172216987777718,0.03691543973644995,0.02265612515042137
P5_test_202512_02,20260208_1_07,20260208,True,0.34908842291920866,0.37477414695225486,0.364233971628026,0.3782011904911137,0.3327763442927117,20260208,-0.07099831882408048,-0.03762986366075294,0.04785462534256135,0.09032581477108437
P5_test_202512_02,20260208_1_08,20260208,True,0.07469548668811055,0.07770495823077514,0.0734065222799735,0.07623851148291458,0.08233389620744867,20260208,-0.03949939668663305,-0.037853943986374095,-0.09736321331928854,-0.11477009339132405
P5_test_202512_02,20260208_1_09,20260208,True,0.09872178888149069,0.10906114553624814,0.08491473870612909,0.09625637563674062,0.09779703640086285,20260208,-0.09960301241420666,-0.12536753232648135,0.009411406821568935,-0.14124659490263713
P5_test_202512_02,20260208_1_10,20260208,True,0.07135370496580358,0.07175280815496139,0.053566842922209,0.056260604041796884,0.08813273389449675,20260208,-0.00557772270684076,-0.04906426515029594,-0.21119474857137366,-0.4979137433207521
P5_test_202512_02,20260208_3_01,20260208,True,0.014633422670665384,0.01439599589213846,0.014888575083534888,0.014767887625752344,0.013680560428698802,20260208,0.016358031581922283,0.00813907748916165,0.06733225808581444,0.08461826754815416
P5_test_202512_02,20260208_3_02,20260208,True,0.5414662424821857,0.5264725837663604,0.5575811923953845,0.5443537198035883,0.5347020529926996,20260208,0.028081466144954548,0.024008873532400332,0.012571042274809985,0.041898447844095354
P5_test_202512_02,20260208_3_03,20260208,True,0.009895044766598462,0.012397566063543515,0.00966283999507843,0.011793291234454608,0.010427724761426905,20260208,-0.22546606493856824,-0.19924322997278487,-0.05243399832892148,-0.0761805011707839
P5_test_202512_02,20260208_3_04,20260208,True,0.1266620653572074,0.13818120078463128,0.13233611012901994,0.14057072069222423,0.14941055449566557,20260208,-0.08704323576080997,-0.060365737116560236,-0.16517527882620064,-0.12135294094974935
P5_test_202512_02,20260208_3_05,20260208,True,0.38935946942910976,0.38267313810671805,0.3995662993468341,0.39054889384600927,0.3195921868053049,20260208,0.01732180335279565,0.022826537494759158,0.19745723604852705,0.2233339404476573
P5_test_202512_02,20260208_3_06,20260208,True,0.5674178556294099,0.5743186321321482,0.5613649697382499,0.5817385347833292,0.5831913591604171,20260208,-0.012088359459140552,-0.035649829900277985,-0.027419373241258427,-0.03814410039304472
P5_test_202512_02,20260208_3_07,20260208,True,0.3378219773690092,0.35903724128821535,0.3385494063759766,0.36151488305739865,0.3508142013541099,20260208,-0.060907056730535425,-0.06563317253536693,-0.03773767988765364,-0.035586703944804565
P5_test_202512_02,20260213_3_01,20260213,True,0.552038520489593,0.562034756135361,0.5649961230297439,0.573712758452014,0.5056015834898913,20260213,-0.017945864300697,-0.015309981023336472,0.0878688526077619,0.11106989449842142
P5_test_202512_02,20260213_3_02,20260213,True,0.0957632315074969,0.0965972675936255,0.09879534136376512,0.09842641183192484,0.1290448484434931,20260213,-0.008671648456631154,0.0037412704855421808,-0.29828119971226297,-0.2671095548402689
P5_test_202512_02,20260213_3_03,20260213,True,0.20778920824291808,0.2070510766265687,0.20081450248498045,0.20321009295229933,0.2101281340747836,20260213,0.003558634116495041,-0.011858775771294683,-0.011193362971949394,-0.04533589816467698
P5_test_202512_02,20260213_3_04,20260213,True,0.3379571561398936,0.2990808722688663,0.3243393860668064,0.29799663713962005,0.3192557389384417,20260213,0.12220511783180621,0.08470825374489,0.056926659400415636,0.01579798435455082
P5_test_202512_02,20260213_3_05,20260213,True,0.1220864432200879,0.12985689827240376,0.12229792829249812,0.12814374979337279,0.13545547482266784,20260213,-0.06170371681570508,-0.04669257604149468,-0.10391364241069412,-0.10218288422927979
P5_test_202512_02,20260213_3_06,20260213,True,0.1450727634078189,0.15168477694155422,0.14709745723489137,0.15278957742535923,0.12888425680536045,20260213,-0.044569098401700646,-0.03796632234363417,0.11832066561909116,0.132180573956034
P5_test_202512_02,20260213_3_07,20260213,True,0.06254835300430459,0.060476407762403955,0.057452818192549146,0.05751445984623176,0.062033825067537324,20260213,0.03368657105542372,-0.001072333983042295,0.008260103816100539,-0.07671574409150628
P5_test_202512_02,20260213_3_08,20260213,True,0.4173848969701898,0.3534932023251735,0.39504783317023645,0.3514617280883612,0.2876745367390168,20260213,0.1661445548800522,0.11690603056353066,0.372179050054134,0.31717709385713067
P5_test_202512_02,20260213_3_09,20260213,True,0.09465582198041643,0.08990278766779787,0.10282717467923688,0.08914809979367165,0.09387123735151102,20260213,0.0515184368487005,0.1427506338440585,0.008323358580331064,0.09112563541104457
P5_test_202512_02,20260214_1_01,20260214,True,0.6478198710433167,0.6284800287669766,0.6572080151309019,0.6370580618937567,0.642684444206206,20260214,0.030308429426214034,0.03113978157842262,0.007958832658184645,0.022346733700184584
P5_test_202512_02,20260214_1_02,20260214,True,0.19505277066912172,0.21212462454769293,0.20361044701211983,0.21630789895388677,0.19604620385346055,20260214,-0.08390381282589399,-0.06049425598863234,-0.005080224626774932,0.037858229418535894
P5_test_202512_02,20260214_1_03,20260214,True,0.1942278937129224,0.18970807417551777,0.19323845593239308,0.1891429467879287,0.16242012680511442,20260214,0.023545740591654152,0.021421887844419896,0.1788458259145116,0.17373859566277172
P5_test_202512_02,20260214_1_04,20260214,True,0.03260841743597948,0.03223950281867042,0.03407291843350579,0.03352575523990235,0.03274125704746652,20260214,0.011377962339115477,0.01618893134818844,-0.004065507456779915,0.03986692186690188
P5_test_202512_02,20260214_1_05,20260214,True,0.06810153808841087,0.06732409714807555,0.056215783744062255,0.058944424450030085,0.05553117449716592,20260214,0.01148157037721953,-0.047397474502706594,0.20405523292517636,0.012253001299128652
P5_test_202512_02,20260214_1_06,20260214,True,0.47680635322468834,0.49255207401203494,0.4724018918153475,0.49670511284391106,0.4695725911485558,20260214,-0.032489748678707686,-0.05016642668133087,0.015287539946786333,0.0060071885729579
P5_test_202512_02,20260214_1_07,20260214,True,0.23164911354773748,0.22735862319869507,0.23059607837895307,0.22801927687072648,0.19527555922568818,20260214,0.01869517643732621,0.011237428468851007,0.17081209988975976,0.16625591625033254
P5_test_202512_02,20260214_1_08,20260214,True,0.2219316825782672,0.20954030115648803,0.23479792903877833,0.21960292755636954,0.25113814488121056,20260214,0.057453509227355815,0.06690422694795384,-0.123633567364279,-0.06727789793451988
P5_test_202512_02,20260214_1_09,20260214,True,0.09016317365680178,0.086160075813028,0.08203912559240674,0.07846421925462764,0.08296148576148753,20260214,0.045414156629550284,0.044553559635472695,0.08324459625435487,-0.011180198293417654
P5_test_202512_02,20260214_1_10,20260214,True,0.302097703059904,0.32260546340059065,0.3155922496380648,0.32908442141986977,0.34668437945683833,20260214,-0.06567961595395877,-0.041863286786747,-0.13766431162961346,-0.09396376562620379
P5_test_202512_02,20260214_1_11,20260214,True,0.22885535107950844,0.25964722058427014,0.23594420464135746,0.260698605692019,0.21756874646487828,20260214,-0.12623371646092862,-0.09976961653892302,0.05057527301381515,0.08108047977463229
P5_test_202512_02,20260215_1_01,20260215,True,0.31364347477869253,0.32294894778912003,0.32089059380775486,0.33002984122554735,0.33288462690151327,20260215,-0.02923734417257018,-0.0280828425531765,-0.05953905400866688,-0.03669572841090152
P5_test_202512_02,20260215_1_02,20260215,True,0.15653771907601108,0.17104108588832456,0.15673960723860314,0.17044403276126957,0.17447836319906365,20260215,-0.08860679859507559,-0.0838211134300999,-0.10850374342558178,-0.10721486501924926
P5_test_202512_02,20260215_1_03,20260215,True,0.17985217401579487,0.1752998634770765,0.17280962384651521,0.17014974726143187,0.15340400244260066,20260215,0.02563724487641106,0.015511632816361587,0.1590602778722292,0.11911556824019431
P5_test_202512_02,20260215_1_04,20260215,True,0.25791808430879454,0.27413716672235194,0.27171370017922297,0.2821518212060253,0.2751570373977981,20260215,-0.06098655777330819,-0.0376963600566933,-0.06469994793739553,-0.012593040683630763
P5_test_202512_02,20260215_1_05,20260215,True,0.040165568870566104,0.038901175649755336,0.04237342839113039,0.04149839122670936,0.04992197959530362,20260215,0.03198566033938688,0.020866816034130764,-0.217451245763709,-0.1639399017316432
P5_test_202512_02,20260215_1_06,20260215,True,0.2966752780553721,0.29123874429452257,0.2958286532609485,0.2877357013976245,0.3182827753372919,20260215,0.018494842855673266,0.02773805728549794,-0.07030201747953213,-0.07315980567593483
P5_test_202512_02,20260215_1_07,20260215,True,0.18307183577601352,0.17068852210818902,0.1776412784659954,0.16903101843503474,0.21599059694755648,20260215,0.07003823363963346,0.049683988229676235,-0.16535625304657153,-0.19546864673952724
P5_test_202512_02,20260215_1_08,20260215,True,0.1289462975692093,0.13522667902326663,0.12937694894884122,0.1337167878047678,0.1307649816807332,20260215,-0.04755645442306333,-0.032993811217314484,-0.01400565925264008,-0.010671450780136649
P5_test_202512_02,20260215_1_09,20260215,True,0.33492966894935206,0.365873829696501,0.3322854568507096,0.3619181115312003,0.3090133536598058,20260215,-0.08836798001486934,-0.0854235657132858,0.08053607465758872,0.07260991759158553
P5_test_202512_02,20260215_1_10,20260215,True,0.09905873478630968,0.09131253968830395,0.13217961656000543,0.10122907980888078,0.09855120951092006,20260215,0.08142483072954443,0.2667756636789993,0.005136648290872792,0.2935854225533059
P5_test_202512_02,20260215_3_01,20260215,True,0.4829834156131932,0.4543898143001486,0.4723001015214199,0.453725468028813,0.47130999292533693,20260215,0.06102686541549818,0.040122272685956806,0.024466280256636552,0.0020985552513146377
P5_test_202512_02,20260215_3_02,20260215,True,0.23553718466325435,0.24236264345663655,0.23805623230592882,0.24273090035365336,0.24213897545148944,20260215,-0.028566333514964848,-0.019446507804422142,-0.027643042395565587,-0.01700492408988019
P5_test_202512_02,20260215_3_03,20260215,True,0.3009802013744628,0.30158104540358976,0.2899588559827561,0.3041323054859052,0.3213135437087816,20260215,-0.001994300932830484,-0.04772378514797615,-0.06537293165646685,-0.10267838108377192
P5_test_202512_02,20260215_3_04,20260215,True,0.03271477559027322,0.03591287470633967,0.03334984192176143,0.03605930662206475,0.030111784611887026,20260215,-0.09326902935853498,-0.07811195676628824,0.08291021828419565,0.1021364218954508
P5_test_202512_02,20260215_3_05,20260215,True,0.3481846921640568,0.3030972714707733,0.34979841684689145,0.31289130227203554,0.2595634753835729,20260215,0.13867928165206922,0.11150118355409333,0.29373178441692627,0.2983557575110356
P5_test_202512_02,20260215_3_06,20260215,True,0.059910503655100665,0.06682826802586796,0.04786997868913857,0.060539592651260764,0.06012056988506193,20260215,-0.1092743221471908,-0.23480901676023924,-0.003500201043493689,-0.2278634857436228
P5_test_202512_02,20260215_3_07,20260215,True,0.1553039332308561,0.1636820715504606,0.15450102882600153,0.15879259033970544,0.16268515087481278,20260215,-0.0525419017257851,-0.027398132011497767,-0.04643268665896949,-0.05161598777289034
P5_test_202512_02,20260227_3_01,20260227,True,0.5871840818518343,0.6134347744008781,0.5925478528455463,0.6142891778726732,0.6053072325831206,20260227,-0.04373557293400021,-0.036034156963512975,-0.03039778321418607,-0.021304517539788903
P5_test_202512_02,20260227_3_02,20260227,True,0.33024011394663927,0.32361846981860887,0.33135655780631335,0.3262508906191908,0.33296672989553755,20260227,0.020254748262147793,0.015528321014404378,-0.008222566870483616,-0.004847565250641006
P5_test_202512_02,20260227_3_03,20260227,True,0.3427596052037999,0.35620282495311123,0.34865216681793726,0.36260221994400527,0.36090236532935915,20260227,-0.038470959645161784,-0.03923165206878365,-0.05157812361667058,-0.03453269707388085
P5_test_202512_02,20260227_3_04,20260227,True,0.16357178774272968,0.1723724460979621,0.1680393024859303,0.1737287627125137,0.15591852740894846,20260227,-0.05240555730059948,-0.03329735257019362,0.047918352112567675,0.07486428478627971
P5_test_202512_02,20260227_3_05,20260227,True,0.01052198551946923,0.011334100772694243,0.010968445420164596,0.011530517316703513,0.013509191566640811,20260227,-0.07434902180020853,-0.049974647972856445,-0.24990338346176522,-0.20834775823636242
P5_test_202512_02,20260227_3_06,20260227,True,0.2755042189894414,0.2335764610722884,0.2683219751328773,0.23699498319725643,0.20569420861301596,20260227,0.165093462492806,0.12414868619019614,0.29221230068020576,0.2657970174254449
P5_test_202512_02,20260227_3_07,20260227,True,0.10432306501732315,0.12077232216232761,0.10600425727653133,0.1206059550909044,0.12048720958088467,20260227,-0.14641465941134024,-0.12904940564550893,-0.1440511240756801,-0.1280643464483031
P5_test_202512_02,20260227_3_08,20260227,True,0.23607321734336895,0.21781205029528106,0.2294165407408456,0.21700114051354236,0.2161110964420898,20260227,0.08050946357933753,0.055636697109336275,0.08834938905147927,0.05974669561965418
P5_test_202512_02,20260227_3_09,20260227,True,0.5540804382623983,0.5343891585715815,0.5481149660710996,0.5310862977865198,0.5040720188855836,20260227,0.036185536714367195,0.03156052963620326,0.09459071914978168,0.08376590456811783
P5_test_202512_02,20260228_1_01,20260228,True,0.2536339709898718,0.27143945917067136,0.26078052514935735,0.27474623062016457,0.2993338578682771,20260228,-0.06784695942949592,-0.052168720124529555,-0.1656673633771839,-0.13788037821923727
P5_test_202512_02,20260228_1_02,20260228,True,0.3838185410416499,0.3665229664864623,0.3824030095668392,0.3689939305685886,0.3368041771609582,20260228,0.04610870781103771,0.035694855770802,0.13066820674221524,0.12697336656427782
P5_test_202512_02,20260228_1_03,20260228,True,0.5998691454449042,0.564215335707169,0.5814246451695873,0.5619179006902114,0.5394563450578889,20260228,0.06127556097582465,0.03412562153770826,0.10614967649042117,0.07491951256366614
P5_test_202512_02,20260228_1_04,20260228,True,0.49160076106685047,0.5010391247752987,0.5070648789909307,0.5106031763410355,0.4766556834174473,20260228,-0.01901726556643013,-0.006953763733407281,0.030872533294378002,0.06184456931691673
P5_test_202512_02,20260228_1_05,20260228,True,0.1337442863800635,0.1395094794907718,0.13444442679616792,0.14013825812873446,0.12875286060159022,20260228,-0.04220288608164524,-0.04147856337065159,0.03803490864811554,0.04325617242458435
P5_test_202512_02,20260228_1_06,20260228,True,0.0320436190876524,0.031069820397811,0.03272723754378581,0.0316659540050659,0.034662722941015404,20260228,0.030861128294068507,0.03296558602421262,-0.07856677156888203,-0.057457159084872256
P5_test_202512_02,20260228_1_07,20260228,True,0.07923507112614028,0.07695380993685665,0.08506388751249988,0.07779216131398223,0.0831955186290429,20260228,0.029213647145795996,0.08936192017194156,-0.048774465689821245,0.02220910821641242
P5_test_202512_02,20260228_1_09,20260228,True,0.07125511091158629,0.07818456098484337,0.06813443998302694,0.08209051308509997,0.05427534906522904,20260228,-0.09280564952951131,-0.18633964467408326,0.27219640150658675,0.2274126647798771
P5_test_202512_02,20260228_1_10,20260228,True,0.0167107080301652,0.01587011204286407,0.016693807569067295,0.015836851421087726,0.020420443943480613,20260228,0.05161211879804828,0.05269825370345149,-0.20048683976789716,-0.2014987067108378
P5_test_202512_02,20260228_1_11,20260228,True,0.413984586391936,0.4024562234732183,0.4088485209279119,0.3970114758032189,0.3776625779966423,20260228,0.028242412808443862,0.0293795363867575,0.0918275960278011,0.07934357679443382
P6_test_202603_04,20260301_1_01,20260301,True,0.23659803511185892,0.26472888593354615,0.2533032607889576,0.27233125538040226,0.21502447080185355,20260301,-0.11234358351582086,-0.07243174582668677,0.09561080749223527,0.16383559082001353
P6_test_202603_04,20260301_1_02,20260301,True,0.31801422499794674,0.3173998856807488,0.32515259286008064,0.3207142858071951,0.36641763144467054,20260301,0.0019336665594757996,0.013743937223177127,-0.1416776379196687,-0.11947916376340029
P6_test_202603_04,20260301_1_03,20260301,True,0.3073094036845748,0.30669027724846776,0.31508064683182907,0.31182829655758854,0.34867711919287053,20260301,0.0020167002204385387,0.01037592297071499,-0.12629126441267857,-0.10131770632602888
P6_test_202603_04,20260301_1_04,20260301,True,0.23018951876785837,0.23063505599594467,0.23701232179305723,0.23587800358399705,0.2664724612575754,20260301,-0.0019336528098012895,0.004797393068597167,-0.1463679391292536,-0.11715877292643162
P6_test_202603_04,20260301_1_05,20260301,True,0.01987148290952355,0.020314673628760823,0.019610338443963087,0.01994470022239437,0.030517798942557312,20260301,-0.022057779426857493,-0.016906556228066805,-0.4290244009347175,-0.4422531864856545
P6_test_202603_04,20260301_1_06,20260301,True,0.07039281395522533,0.07780830899212585,0.07246730862651243,0.07734197891299155,0.10815757159407675,20260301,-0.10015704141194837,-0.06510132836685933,-0.4294979766103637,-0.40045361539347857
P6_test_202603_04,20260301_1_07,20260301,True,0.22752239078270992,0.2302065499924475,0.2350265486830784,0.2375895944576043,0.23771199636636553,20260301,-0.011728294797985761,-0.01084631127647695,-0.043811187038253374,-0.011361360726468872
P6_test_202603_04,20260301_1_08,20260301,True,0.07183459169439851,0.06940067199948494,0.07988119719069682,0.07434076217303034,0.07766972042125182,20260301,0.03446958805413303,0.0718810784541839,-0.07809934434348564,0.028075012946868316
P6_test_202603_04,20260301_1_09,20260301,True,0.252875283382169,0.23600496355001063,0.2423976114759345,0.2321505594324095,0.24973026559502273,20260301,0.06904357933257144,0.04319327624791014,0.012515018358444374,-0.02980199727066135
P6_test_202603_04,20260301_1_10,20260301,True,0.09191923643749897,0.09685834646606438,0.08364330248401246,0.08435987554886623,0.08479707816548274,20260301,-0.05233923875837698,-0.008530522084710057,0.08064924008175067,-0.013699728322416505
P6_test_202603_04,20260301_3_01,20260301,True,0.11320679888867123,0.11079724482325275,0.11371209651760313,0.11096979173611196,0.10256876260514323,20260301,0.021514317031604335,0.02441176712189641,0.0986827964791166,0.10313635653376085
P6_test_202603_04,20260301_3_02,20260301,True,0.5559052259922574,0.5479428208970634,0.5532641924588403,0.5515819107728257,0.565735155994398,20260301,0.01442688279735127,0.0030452802090344955,-0.01752822354930783,-0.02229041493449635
P6_test_202603_04,20260301_3_03,20260301,True,0.11032676116564918,0.10705849698367545,0.10567188049027174,0.10467214939585319,0.10432679514678915,20260301,0.030071132602830453,0.009505747539970244,0.05591828487659889,0.012810592587390701
P6_test_202603_04,20260301_3_04,20260301,True,0.28111071186451025,0.2847449379812442,0.2633320069443392,0.2847069907580467,0.29652544747926846,20260301,-0.012845240966530946,-0.07804492894527004,-0.053384456852399564,-0.11871742113187111
P6_test_202603_04,20260301_3_05,20260301,True,0.16338421298794478,0.1631611323320714,0.16369140896946519,0.16071573575031048,0.16064787938238656,20260301,0.001366307581929238,0.018345814677928063,0.016889676776838503,0.018768117426198883
P6_test_202603_04,20260301_3_06,20260301,True,0.37805390948511186,0.3767100289295258,0.3806902921302684,0.3784395247751536,0.38277628999563923,20260301,0.003561065671938257,0.005929878922907417,-0.012413916164007222,-0.005464556288650724
P6_test_202603_04,20260301_3_07,20260301,True,0.011988381404486093,0.01410657047991409,0.011122001141836165,0.013751446324350464,0.014428774906942018,20260301,-0.16270271585606721,-0.2122187743762698,-0.18528650567682448,-0.2602992387178249
P6_test_202603_04,20260302_1_01,20260302,True,0.1717255427854551,0.17712629664183585,0.17130987855346932,0.17578734554172923,0.19585725775325522,20260302,-0.030965497596384006,-0.02580092871760309,-0.13148859626114073,-0.13391204532538037
P6_test_202603_04,20260302_1_02,20260302,True,0.12650627878757834,0.1327092715291742,0.1321078277764718,0.13413799473393986,0.13304197722347977,20260302,-0.04786886562069226,-0.015250615287830005,-0.050372755026224514,-0.007046230428106259
P6_test_202603_04,20260302_1_03,20260302,True,0.2912641331365745,0.28625428960447397,0.2944488776198545,0.2888608071075499,0.2344934658351396,20260302,0.017349989219405337,0.019160461815782348,0.21680280623774206,0.22767767434249353
P6_test_202603_04,20260302_1_04,20260302,True,0.20001247657653798,0.2177563726517139,0.20588885015426628,0.2169869365288488,0.2180021949194176,20260302,-0.08499713372851225,-0.05250069058496165,-0.08612538369110267,-0.05716867036059847
P6_test_202603_04,20260302_1_05,20260302,True,0.04671495561257786,0.045551432491843506,0.04245138980702768,0.04220466248201987,0.03958543349029191,20260302,0.025222290079943477,0.005828951785898262,0.1656031526334938,0.06989844264469047
P6_test_202603_04,20260302_1_06,20260302,True,0.09012822000365128,0.09336883518110187,0.09140941326356924,0.0931820712238864,0.11520644300655675,20260302,-0.03532429595381892,-0.0192068714322553,-0.2454923524114605,-0.2313772126625797
P6_test_202603_04,20260302_1_07,20260302,True,0.06538369204153231,0.0639138092903742,0.06248258819508326,0.0617429572889414,0.06749922867359336,20260302,0.022737424339234202,0.011908012047884053,-0.03184330054994655,-0.07722824170472098
P6_test_202603_04,20260302_1_08,20260302,True,0.2040556698651057,0.19245150424140792,0.2038732966007628,0.19311997357780616,0.20301065040985458,20260302,0.058548652141232393,0.05418708525873561,0.005134405373002249,0.004240263051737969
P6_test_202603_04,20260302_1_09,20260302,True,0.19483585947381354,0.17465661371150806,0.19370898583994162,0.17858276755008717,0.16454842212567625,20260302,0.10933561889848686,0.08130478233182603,0.16895257149148213,0.16315207352062333
P6_test_202603_04,20260302_1_10,20260302,True,0.09124706250570654,0.07345292921090685,0.11403308512292941,0.07045306258575096,0.06253324256889081,20260302,0.21692601806236578,0.481541917501787,0.3778725037801607,0.600790330219291
P6_test_202603_04,20260306_3_01,20260306,True,0.3935112438029339,0.3713346373453372,0.3928169435478192,0.37484443753112767,0.39248024066462656,20260306,0.05800599776640125,0.04683260420208035,0.002623447581819538,0.0008575171555282868
P6_test_202603_04,20260306_3_02,20260306,True,0.1645649164895383,0.15444042552266207,0.16333499449239566,0.15437445963111177,0.15636675565366495,20260306,0.0634966948213389,0.05642206573560338,0.051100875717563055,0.04359902698844298
P6_test_202603_04,20260306_3_03,20260306,True,0.2697322754600024,0.28163263622114765,0.2828095589384741,0.2889397101683099,0.26671143361493976,20260306,-0.04317361854528001,-0.02144431650805889,0.01126259372867855,0.05860643354036621
P6_test_202603_04,20260306_3_04,20260306,True,0.19184851084002855,0.2033435988166758,0.199221791433513,0.20387015400485708,0.1741068252990971,20260306,-0.05819109865135119,-0.023064557302038935,0.0970370052252274,0.13474968458193448
P6_test_202603_04,20260306_3_05,20260306,True,0.13378721815324687,0.12754943976499275,0.12720870087957672,0.1246852657044573,0.1174505930426509,20260306,0.04774656133290822,0.02003636394657482,0.13023285322116962,0.07981129129564213
P6_test_202603_04,20260306_3_06,20260306,True,0.08982131550793357,0.09232647192907643,0.08019681291346788,0.08325252959876729,0.08783791222876462,20260306,-0.027508589921321658,-0.03739473912042257,0.022329104007961398,-0.09100943474201273
P6_test_202603_04,20260306_3_07,20260306,True,0.2991951477754533,0.2642658218759401,0.2875630532753945,0.2648924910587653,0.24248572963929316,20260306,0.12414053103407774,0.0821181023794939,0.21015316684307095,0.17049929013400789
P6_test_202603_04,20260306_3_08,20260306,True,0.020445657052780036,0.020312661273353256,0.019391952469646603,0.019435261605315935,0.02171816456887461,20260306,0.006526091208423512,-0.002230865884290445,-0.06037849642149551,-0.11329082844464367
P6_test_202603_04,20260307_1_01,20260307,True,0.5531860992538756,0.5463319107428869,0.5679666088373024,0.5621864104959142,0.541719700557065,20260307,0.012467785404638665,0.010229143564672083,0.020945761565917653,0.04731391971112486
P6_test_202603_04,20260307_1_02,20260307,True,0.020211269930758884,0.02125678920288752,0.01943045216284521,0.020266890275400816,0.015709501615816596,20260307,-0.05043597005091449,-0.04214699907377817,0.25197463843824686,0.2125758067398804
P6_test_202603_04,20260307_1_03,20260307,True,0.11508524269938263,0.1158762770728878,0.11038550539960677,0.11232504625654749,0.10004680027861322,20260307,-0.00684995030641522,-0.017418033212782458,0.14003501534904128,0.09834075425818467
P6_test_202603_04,20260307_1_04,20260307,True,0.15708100913124146,0.1639976451223422,0.15898483684764456,0.1643898378258905,0.14487262978093665,20260307,-0.04309041470783592,-0.03343183506585912,0.08090671291927753,0.09295389085066108
P6_test_202603_04,20260307_1_05,20260307,True,0.3229942937036484,0.3002884498515129,0.3237619931031725,0.3025296570724372,0.25667743507326674,20260307,0.07289114429775156,0.06782934408756502,0.22981447638397912,0.2321884765312967
P6_test_202603_04,20260307_1_06,20260307,True,0.1220141262350759,0.12250996241955762,0.13752442301592332,0.1306128704005037,0.09664430516458575,20260307,-0.004055525709604879,0.05156376303817978,0.23309954517349185,0.35276424159885056
P6_test_202603_04,20260307_1_07,20260307,True,0.10578387283530957,0.10614535896453528,0.10417060262724077,0.104861352230445,0.12365554902707947,20260307,-0.003411388572723606,-0.006609057624521242,-0.15610179271019087,-0.17146990483148894
P6_test_202603_04,20260307_1_08,20260307,True,0.18454618657126617,0.1839689312410255,0.18753403713898154,0.18474328027647804,0.1714028493232894,20260307,0.0031328744709826495,0.014993173157874518,0.07388313602326058,0.08994373049487092
P6_test_202603_04,20260307_1_09,20260307,True,0.020484544345943358,0.022046160706496468,0.01972472117652019,0.020916592322913055,0.02146726141634661,20260307,-0.07346780166470701,-0.05867000396002853,-0.04685838234012607,-0.08465631869443646
P6_test_202603_04,20260307_1_10,20260307,True,0.27872431271827874,0.25919896894688954,0.2643276609377375,0.2522885317087497,0.28703474742471025,20260307,0.07262718020294656,0.04661607384983579,-0.029380112752540377,-0.08241380611279037
P6_test_202603_04,20260307_1_11,20260307,True,0.06279217771802727,0.062120103367747426,0.06579631522526723,0.058984736409789615,0.07176744589903954,20260307,0.010760844805756342,0.10928513163022568,-0.13360046641667056,-0.08686713635537924
P6_test_202603_04,20260308_1_01,20260308,True,0.14490377819379133,0.14186149298700168,0.14791048950803065,0.14419269953521952,0.1310668101131666,20260308,0.02121874339034857,0.025456693964102328,0.10036272941923818,0.1209000961182507
P6_test_202603_04,20260308_1_02,20260308,True,0.35841233050739735,0.35456572856426744,0.3415737350565962,0.34397589061119965,0.34595469066081547,20260308,0.01079034401201584,-0.007007998533982374,0.035376270191046943,-0.012744243684670309
P6_test_202603_04,20260308_1_03,20260308,True,0.11651986967488165,0.11870202633552511,0.11546645147469847,0.11890773905103731,0.12487679315243548,20260308,-0.01855455892375879,-0.029367865970651774,-0.06926578283260465,-0.0783475720980289
P6_test_202603_04,20260308_1_04,20260308,True,0.34204172406903205,0.3388703965439492,0.35058599294661646,0.3465833445693008,0.31975844571707196,20260308,0.009315006621892108,0.011482697650939011,0.06736687621151427,0.09204016641356794
P6_test_202603_04,20260308_1_05,20260308,True,0.5149380669676109,0.5304864867933158,0.524032674368337,0.5334764001356368,0.4737205654806333,20260308,-0.029747850027155298,-0.017860795799641616,0.08342901156196747,0.10093641448693469
P6_test_202603_04,20260308_1_06,20260308,True,0.4626747368248429,0.4274087899362779,0.45437824210448097,0.4292096464699028,0.3958769907352926,20260308,0.07928338621271436,0.056984497598194794,0.15592076140868383,0.13782645002509952
P6_test_202603_04,20260308_1_07,20260308,True,0.012852589933403028,0.012503071997515386,0.01203891359082545,0.011961277264408928,0.01305947092734,20260308,0.027570968354603487,0.0064696649858984046,-0.015968269834168325,-0.08136940961500638
P6_test_202603_04,20260308_1_08,20260308,True,0.10098248785429843,0.09101181404439833,0.12593630232759456,0.10021663623703189,0.09287244040197865,20260308,0.10395779147261575,0.22844203686298403,0.08372017117038588,0.304549298985636
P6_test_202603_04,20260308_1_09,20260308,True,0.08797064157558777,0.0887314027907784,0.08577193317083136,0.08569694791634434,0.10126676260126896,20260308,-0.008610720022334206,0.0008746223663638197,-0.14075510848345907,-0.16606641508174347
P6_test_202603_04,20260308_1_10,20260308,True,0.2009499837467917,0.19798332224791823,0.19251381309551774,0.19337137201876436,0.20052741271656527,20260308,0.014873243937574943,-0.004444639846621579,0.0021050808339204696,-0.04078305168560603
P6_test_202603_04,20260308_3_01,20260308,True,0.193223464158753,0.21069520178403106,0.1957795299668611,0.20757920548245914,0.22388615547770505,20260308,-0.08656518331148044,-0.05852380099795207,-0.1472903236845753,-0.13414850917825105
P6_test_202603_04,20260308_3_02,20260308,True,0.10480992504217858,0.10453295071741421,0.10331119912408693,0.10327171179203076,0.10521917071334153,20260308,0.00264613243105849,0.00038229040690707095,-0.0038970428132656387,-0.018299730975363637
P6_test_202603_04,20260308_3_03,20260308,True,0.03860678326723282,0.039668304076035915,0.03673339105221798,0.037483813444734525,0.04483165965150923,20260308,-0.027124489475849778,-0.020223018974652174,-0.149486585140453,-0.19922839913988488
P6_test_202603_04,20260308_3_04,20260308,True,0.216105858453736,0.21309698956879977,0.2206214076830381,0.2162668002005603,0.2001237848748137,20260308,0.014020960908188052,0.019935313515426767,0.0768322735980762,0.09751204563110805
P6_test_202603_04,20260308_3_05,20260308,True,0.0676823818089753,0.06762162579162194,0.05942741020712821,0.06278793618348236,0.08875429495490406,20260308,0.0008980668424269922,-0.055007384800498826,-0.2710459141509256,-0.4011162498115084
P6_test_202603_04,20260308_3_06,20260308,True,0.16373756518921373,0.1638638027314779,0.16527292796257873,0.16641945658483356,0.16771228921628112,20260308,-0.0007706777863205616,-0.006913231909927875,-0.02398501324385771,-0.01465173086665894
P6_test_202603_04,20260308_3_07,20260308,True,0.11526548669966369,0.11342048609133856,0.11187523828253332,0.11007729640673393,0.1396651243228884,20260308,0.016136019343088837,0.016201492867659262,-0.1920095404751807,-0.22186328166635105
P6_test_202603_04,20260313_3_01,20260313,True,0.6900386360689992,0.6765814277591202,0.6984198399296873,0.6857781990612369,0.6260798609016844,20260313,0.01969478372248229,0.01826616134898368,0.09726965403789156,0.10934247552176896
P6_test_202603_04,20260313_3_02,20260313,True,0.029122843103967927,0.030420434822516447,0.02852458971031825,0.02979585293309893,0.02659043349525031,20260313,-0.0435917280698912,-0.04360270837579039,0.09097134456253864,0.07021500406774317
P6_test_202603_04,20260313_3_03,20260313,True,0.23861460959027586,0.22723570574581647,0.23802844532593892,0.22908498005406325,0.21122046146166737,20260313,0.04886190818913949,0.03829715805016409,0.12194730919973829,0.1194877556458307
P6_test_202603_04,20260313_3_04,20260313,True,0.07892814113256608,0.08203395255575006,0.08152979815933163,0.0834293269518416,0.08245651218213122,20260313,-0.03859538451719402,-0.023031314651094092,-0.04373319668866138,-0.011302454285877062
P6_test_202603_04,20260313_3_05,20260313,True,0.04478460709649938,0.05099345190903962,0.04657567936369139,0.05129150229207882,0.05068406650515222,20260313,-0.12983274175689186,-0.09644658830118757,-0.12374710230476849,-0.08453308826199102
P6_test_202603_04,20260313_3_06,20260313,True,0.1538285109696556,0.16258573004010907,0.1570566782861625,0.1621948239402211,0.16030813740648558,20260313,-0.055367015324333746,-0.0321914811902142,-0.04125940512864479,-0.020491073543200233
P6_test_202603_04,20260313_3_07,20260313,True,0.30362791444381626,0.2755426879569569,0.30307091020004184,0.2877110012930114,0.22952136754273061,20260313,0.09706042230108958,0.05201029659961742,0.2798068561751901,0.2779706752641782
P6_test_202603_04,20260313_3_08,20260313,True,0.24740717965879414,0.21222376386624425,0.241914520082883,0.2127975703731581,0.24216944389284095,20260313,0.15339427201586187,0.1282431009778755,0.02139781746569125,-0.0010532215586294136
P6_test_202603_04,20260314_1_01,20260314,True,0.5228332197054101,0.5337955137989193,0.5311468920601583,0.5399872139754303,0.4966859231423751,20260314,-0.020750311030282353,-0.016506845586946373,0.05130464068413454,0.0670807349203687
P6_test_202603_04,20260314_1_02,20260314,True,0.47739023676437126,0.49721367212637013,0.4890135888743933,0.5035579221151568,0.4711215133306877,20260314,-0.04068559465544075,-0.029308466301803282,0.01321821201686213,0.037274227368866764
P6_test_202603_04,20260314_1_03,20260314,True,0.15939718303352116,0.16713011892068794,0.15503811609953183,0.16705310152913297,0.14555646967726432,20260314,-0.04737357035831424,-0.07464073809450289,0.09083497482355862,0.06310687794308278
P6_test_202603_04,20260314_1_04,20260314,True,0.11078034941406101,0.10211361928442544,0.10819321447997401,0.1007031112951748,0.11029042117080212,20260314,0.08146329883084924,0.07174195576920805,0.004432327657224011,-0.019198427377148608
P6_test_202603_04,20260314_1_05,20260314,True,0.09512291998226975,0.09016943181056132,0.09778050220450843,0.0866769077512516,0.06094358914726732,20260314,0.053479473612100925,0.12053769147613469,0.4452212815566332,0.47277652496912825
P6_test_202603_04,20260314_1_06,20260314,True,0.14147374846409572,0.1440528071408551,0.13709575948519662,0.139339545728497,0.13729272400806947,20260314,-0.018065771958174714,-0.016234073427024986,0.029998858666304473,-0.0014356619796573877
P6_test_202603_04,20260314_1_07,20260314,True,0.035951645359625806,0.03540319894745973,0.03725214298012093,0.03594246016177788,0.04025402540436143,20260314,0.01537266931600989,0.035790141912102946,-0.1130351577896973,-0.07750053607167118
P6_test_202603_04,20260314_1_08,20260314,True,0.34788219392764547,0.3528181130689241,0.3295869078745917,0.34266304577538503,0.36459473693962685,20260314,-0.014088764446906987,-0.038907514495686524,-0.04692252771138872,-0.10094635098539606
P6_test_202603_04,20260314_1_10,20260314,True,0.0985505551884049,0.093433074074511,0.13601755967353776,0.11184849222005566,0.0963332017610069,20260314,0.05332427245499982,0.19563878517772504,0.022756633512993396,0.344970959007304
P6_test_202603_04,20260314_1_11,20260314,True,0.20773425422609104,0.20641052199818014,0.22277591462216198,0.21648438638472137,0.17078048110107277,20260314,0.006392627949638241,0.028647972550917666,0.19588064337465827,0.2657874035210641
P6_test_202603_04,20260315_1_01,20260315,True,0.03334960289708402,0.030318507939880276,0.032359883685906594,0.03000259213035781,0.029932108621316008,20260315,0.0952875160196438,0.07563571553039683,0.10811409400918004,0.0779877266575224
P6_test_202603_04,20260315_1_02,20260315,True,0.03399544445763498,0.035142031729606234,0.03534816545341205,0.035690525074705944,0.035469179186529205,20260315,-0.033171370133273204,-0.009638755144230515,-0.042437598356710016,-0.003417633110117002
P6_test_202603_04,20260315_1_03,20260315,True,0.15777885382290546,0.1358081929434682,0.15587312888776558,0.13689057268442173,0.11030062330618742,20260315,0.14995084898203026,0.12986053286445065,0.35798481598862586,0.3458328227488905
P6_test_202603_04,20260315_1_04,20260315,True,0.41986911073053523,0.43988278692939575,0.415789968489398,0.43891295451521123,0.42637715417474126,20260315,-0.04656527649155895,-0.054120862802546466,-0.015381271437361677,-0.025144043701061047
P6_test_202603_04,20260315_1_05,20260315,True,0.4671095205816488,0.4805402428458403,0.48124332013840343,0.48624644306072917,0.40409251723418765,20260315,-0.02834722730352579,-0.010342574589925158,0.1449198948214231,0.17472915047490079
P6_test_202603_04,20260315_1_06,20260315,True,0.19889883108672624,0.20441319722938966,0.1987891025000587,0.1986584337033796,0.2152806327726939,20260315,-0.02734711299339132,0.0006575398737418414,-0.07914613676181492,-0.07969796939330775
P6_test_202603_04,20260315_1_07,20260315,True,0.6815223702626976,0.5704212245985112,0.6552884351092408,0.57223542045857,0.4930304576136693,20260315,0.1779539972015805,0.1355250167164856,0.32375812335102533,0.28450454536730624
P6_test_202603_04,20260315_1_08,20260315,True,0.31541932345666096,0.32258128714625706,0.3137737768113177,0.31994473043891714,0.36395959457902005,20260315,-0.022452218482111208,-0.01947599325783722,-0.14313991841121854,-0.14837058733137343
P6_test_202603_04,20260315_1_09,20260315,True,0.0211386127123726,0.020262279294116593,0.02121802499606281,0.02029499895983275,0.01921117307319581,20260315,0.04234035979515616,0.044476557057243404,0.09560931379209237,0.09935901542248571
P6_test_202603_04,20260315_1_10,20260315,True,0.23851277409629876,0.23850357250726714,0.2520145138621094,0.2504282034800049,0.2972398564801886,20260315,3.857976397769747e-05,0.006314413954489284,-0.2201165414013404,-0.1650527299038156
P6_test_202603_04,20260315_3_01,20260315,True,0.35564740916633525,0.3524787769480408,0.3553563298395395,0.36216279586678196,0.36210361656509577,20260315,0.008949403168134529,-0.01897279098857596,-0.017990588105656125,-0.01880937238790059
P6_test_202603_04,20260315_3_02,20260315,True,0.37296846787239907,0.3827713386233542,0.3850891953099887,0.3914254623877823,0.3632372887147319,20260315,-0.02594390426065618,-0.016320123905467887,0.026437570911940655,0.058418674961517314
P6_test_202603_04,20260315_3_03,20260315,True,0.7764302149344331,0.7694037490078611,0.7771231278175017,0.7718831569756155,0.7135895461476285,20260315,0.009090904304073444,0.006765615970689531,0.08439883554693933,0.08529087177118477
P6_test_202603_04,20260315_3_04,20260315,True,0.4996073281933127,0.5103897183932999,0.5083269848745428,0.5180816536559947,0.5364818922370663,20260315,-0.021352141348959575,-0.019007950853284217,-0.07121036358113542,-0.05390789832207887
P6_test_202603_04,20260315_3_05,20260315,True,0.5934041303687299,0.5463183847056603,0.584570033202955,0.5570204931841634,0.5342481032917553,20260315,0.08267374037925412,0.048274559696808494,0.10501532437908201,0.09001624705244038
P6_test_202603_04,20260315_3_06,20260315,True,0.05136072595551865,0.05341458347451663,0.04464228683188943,0.05052563179071209,0.057405354379687655,20260315,-0.03921001352542541,-0.12379922265445353,-0.11126378692136729,-0.25145603577726305
P6_test_202603_04,20260315_3_07,20260315,True,0.34169830603438756,0.3628580088505916,0.3518619431860771,0.36476181351557346,0.365157524395331,20260315,-0.06008339590606071,-0.03600568305091967,-0.06640063252271355,-0.03708994236005703
P6_test_202603_04,20260320_3_01,20260320,True,0.6688108383400667,0.6233693364147735,0.6701887980835072,0.6349403696867953,0.6050170092924103,20260320,0.07036208882447476,0.05402837239631725,0.10024469512265038,0.10230288870597232
P6_test_202603_04,20260320_3_02,20260320,True,0.05526109312668819,0.056673140421637,0.04673522243244687,0.05067697727186425,0.056354218754197244,20260320,-0.02523128377403605,-0.08097360219827587,-0.01958800384347903,-0.18715899659754553
P6_test_202603_04,20260320_3_03,20260320,True,0.4931960169232944,0.4978651688871703,0.5044830763630447,0.5026965234113334,0.4719862661052779,20260320,-0.00942259988932126,0.0035476390226114596,0.043956807343104254,0.0665844059377434
P6_test_202603_04,20260320_3_04,20260320,True,0.11812484966923141,0.11693022654423886,0.11562621922267641,0.11559523671599128,0.11734655709370116,20260320,0.010164710586624714,0.00026798989518317384,0.006610530088997368,-0.014768842677124638
P6_test_202603_04,20260320_3_05,20260320,True,0.2714656966436606,0.2760036449139203,0.28730567561997045,0.28522836135932494,0.2282959738166192,20260320,-0.016578287985498985,0.007256593467261707,0.17319286596850403,0.22990380293379675
P6_test_202603_04,20260320_3_06,20260320,True,0.03226771795371486,0.033845035541654266,0.033047105081360315,0.033894701680184276,0.03706945987502641,20260320,-0.04772504179631332,-0.0253247391821958,-0.13872616035602992,-0.11485947628055504
P6_test_202603_04,20260320_3_07,20260320,True,0.19962529798861098,0.19094915219117278,0.20354853526877692,0.19493496187140896,0.18060199200567148,20260320,0.04443492556630213,0.04323850492865544,0.10014642842221688,0.11960880814091901
P6_test_202603_04,20260320_3_08,20260320,True,0.2664751463871801,0.2447018550195086,0.2589563196725254,0.242548486786326,0.2656763194671976,20260320,0.08524042871112658,0.06545776166179174,0.003002256204336806,-0.025619326153968336
P6_test_202603_04,20260321_1_01,20260321,True,0.056317437716652326,0.05006569749734623,0.055080544615348344,0.05002777802199835,0.041899918161180515,20260321,0.11766812282874728,0.09621814992513711,0.2957203419946026,0.2735126877942804
P6_test_202603_04,20260321_1_02,20260321,True,0.13208818373323453,0.13546797290308063,0.13934523727475506,0.14179129520754707,0.12150828279556546,20260321,-0.02526549192320715,-0.01740164920313525,0.08348732650570723,0.13697214357959364
P6_test_202603_04,20260321_1_03,20260321,True,0.3030170183329912,0.3048445768836863,0.30438864505445234,0.30593271387617343,0.29494243073942816,20260321,-0.006013092689857169,-0.005059865899916138,0.027008782787857344,0.031525135319981246
P6_test_202603_04,20260321_1_04,20260321,True,0.10022707795377414,0.10574734579752045,0.10053427458652277,0.10564272390459031,0.12504013325863977,20260321,-0.05361432756760287,-0.049564161860689904,-0.22119636063834935,-0.2181360418208378
P6_test_202603_04,20260321_1_05,20260321,True,0.3895446532265251,0.3464179163163318,0.3748402825650577,0.341274785364763,0.3081114968667406,20260321,0.11733260435172299,0.09381204711660152,0.23451678088950734,0.19603830180333537
P6_test_202603_04,20260321_1_06,20260321,True,0.1410263727540311,0.14711106438180205,0.14973620696301493,0.1522555372769288,0.1779358451461051,20260321,-0.04224092781737476,-0.0166851499019276,-0.23247615110054842,-0.17254793913577648
P6_test_202603_04,20260321_1_07,20260321,True,0.49389249617104297,0.46956217293405667,0.4706127415304849,0.4491185225931969,0.528399324180529,20260321,0.0505171608227134,0.04674872795312546,-0.06753441923667103,-0.11581674265302422
P6_test_202603_04,20260321_1_08,20260321,True,0.07725779066111965,0.08371156470179905,0.0917492227479755,0.09408453200461608,0.0833454674045157,20260321,-0.08022937575635103,-0.025134639320778973,-0.07584646677341622,0.09606478803870111
P6_test_202603_04,20260321_1_09,20260321,True,0.24941342778467157,0.2606348595727456,0.2400376006054174,0.25377602470313093,0.2181401166357139,20260321,-0.04400855018032224,-0.05565650524357091,0.13397427896884562,0.09565798707660456
P6_test_202603_04,20260321_1_10,20260321,True,0.24467180191221546,0.2432729689515349,0.24183880252522855,0.24494347848693412,0.2151428846467144,20260321,0.0057335865709018385,-0.012756084933689404,0.12861534132367902,0.11696901179786523
P6_test_202603_04,20260321_1_11,20260321,True,0.6692331798523,0.6281384194694758,0.663655817469384,0.6334786736499075,0.6306973159505985,20260321,0.06337199390406012,0.04653733303421326,0.05930649125960624,0.05093760991023322
P6_test_202603_04,20260322_1_01,20260322,True,0.05487261779110282,0.05568949048101955,0.0532644497087041,0.05514660388109723,0.04016148039385761,20260322,-0.014776989457770728,-0.03472604032040394,0.3121061218004444,0.282360786710222
P6_test_202603_04,20260322_1_02,20260322,True,0.20614318845738608,0.21660847127958796,0.20949247729747103,0.21402033636241125,0.23213710026344692,20260322,-0.049520427123856514,-0.021383209408184056,-0.11875712961022278,-0.10264031570635357
P6_test_202603_04,20260322_1_03,20260322,True,0.1904981039647106,0.2036093628496394,0.18751201675171444,0.19996017730028898,0.16724782411598468,20260322,-0.06656102853430101,-0.06427530052444874,0.13016555242226024,0.11436624354549552
P6_test_202603_04,20260322_1_04,20260322,True,0.2899361849655082,0.2931802570404066,0.2909530928193829,0.2898157151997767,0.32052469438400116,20260322,-0.011126784671420697,0.00391680495914315,-0.10029847603014042,-0.09679726183467086
P6_test_202603_04,20260322_1_05,20260322,True,0.35099975236410874,0.3418150526020851,0.35106497902919154,0.3488942243732086,0.3305175296562426,20260322,0.026515709028150924,0.00620253753296085,0.06012582025798907,0.06031163407929019
P6_test_202603_04,20260322_1_06,20260322,True,0.044741037928929576,0.046132309815449864,0.04215872165358186,0.04374431274447176,0.04418054358499851,20260322,-0.030622413268444948,-0.03692002747786516,0.01260665313283571,-0.04684291932309659
P6_test_202603_04,20260322_1_07,20260322,True,0.08366148654913384,0.08519780982691816,0.08269050707419093,0.08544843075014133,0.11376092492969886,20260322,-0.018196992456463335,-0.032808236907567956,-0.3073203617656395,-0.318994288610817
P6_test_202603_04,20260322_1_08,20260322,True,0.5247686572202539,0.5470545019410128,0.5375520667504758,0.5540663982921957,0.4930227393856175,20260322,-0.041590922814414344,-0.030258908395175643,0.06240221506837107,0.08647032618993367
P6_test_202603_04,20260322_1_09,20260322,True,0.19567592617753596,0.20270662773241174,0.19942625453673557,0.2055816149350849,0.1726150569104106,20260322,-0.03529989724882232,-0.030398591513659756,0.12539584221363587,0.14438050583689965
P6_test_202603_04,20260322_1_10,20260322,True,0.3288700061414419,0.3432788574089836,0.32218250472778887,0.33742001783667036,0.2970419175050235,20260322,-0.042880557651165274,-0.046210328188310834,0.10178928935007625,0.0812449046269923
P6_test_202603_04,20260322_3_01,20260322,True,0.03796099127342683,0.03615376409374864,0.03702912436474631,0.03567526759801801,0.040928353803569614,20260322,0.048778019539002404,0.03724708367085583,-0.07526398286345737,-0.10011832189385039
P6_test_202603_04,20260322_3_02,20260322,True,0.2705274029866384,0.2338358339418226,0.259375073108879,0.2324148173185574,0.2769565341424268,20260322,0.14575409330181466,0.10975139208005014,-0.023487179324432006,-0.0655854045708506
P6_test_202603_04,20260322_3_03,20260322,True,0.32506570084839564,0.32858265899763933,0.31031867443939914,0.31700242433176495,0.28557701749425735,20260322,-0.010761113480376228,-0.02130967005227502,0.12951556208649118,0.08308799526105082
P6_test_202603_04,20260322_3_04,20260322,True,0.3612389234420903,0.360112031928052,0.35577962182024636,0.35867002949192955,0.37923392128435574,20260322,0.0031243943668755048,-0.008091328579538315,-0.048613644039264714,-0.06384172190683135
P6_test_202603_04,20260322_3_05,20260322,True,0.1322735199486611,0.13693576353863324,0.12812046910360053,0.13679980981402245,0.12873233565156567,20260322,-0.03464003706152874,-0.06554762876557563,0.027136568219849444,-0.004764345134900871
P6_test_202603_04,20260322_3_06,20260322,True,0.04701855618881593,0.043749849665331186,0.047371518714918695,0.04433542878751417,0.04785468405960482,20260322,0.07205415974338081,0.06623707279200675,-0.017626667270763008,-0.0101478264784296
P6_test_202603_04,20260322_3_07,20260322,True,0.027452417147636753,0.028502423791293124,0.027600682695685767,0.02807980047068893,0.036137229333586915,20260322,-0.037534908507974585,-0.017209965619544132,-0.2748693969511997,-0.2694831096420893
P6_test_202603_04,20260327_3_01,20260327,True,0.08369077326860154,0.09640489735521503,0.08333547684319555,0.09548091510403589,0.0918560592377202,20260327,-0.14142826708659317,-0.13605203469141136,-0.09309404264324472,-0.09734842734106586
P6_test_202603_04,20260327_3_02,20260327,True,0.5603900191580587,0.547922865771945,0.5597097213687299,0.5519125037268671,0.5388953073192565,20260327,0.022498482943424936,0.01402876866602476,0.03911168708006707,0.03789697762453548
P6_test_202603_04,20260327_3_03,20260327,True,0.2521513740521049,0.2510995780365402,0.2593006321789916,0.25746735212453753,0.296007971909944,20260327,0.0041800121496360365,0.00709520636355454,-0.16035678823763888,-0.1323982555263754
P6_test_202603_04,20260327_3_04,20260327,True,0.5435611955523401,0.5453969237291789,0.5444119001886352,0.5474400589121002,0.5362550032345753,20260327,-0.0033715344663222124,-0.005546844445878385,0.013532495295512592,0.015096329572292677
P6_test_202603_04,20260327_3_05,20260327,True,0.07012468717415904,0.0775832382754696,0.06575834274430724,0.08070733139669499,0.08440759742326814,20260327,-0.10107649939434227,-0.20484286983868083,-0.18538251155565222,-0.24967086556048024
P6_test_202603_04,20260327_3_06,20260327,True,0.16985800888227048,0.1738392432977852,0.17121133439055122,0.1747368174038033,0.13401699985377918,20260327,-0.023168136900338254,-0.020382274311871562,0.23699618968770064,0.2449320105837134
P6_test_202603_04,20260327_3_07,20260327,True,0.15154336098279728,0.12994556298917256,0.14451830756701795,0.12931946416045992,0.12275521191826594,20260327,0.15375617858665147,0.11112038616049902,0.2106795697138908,0.16321397010023264
P6_test_202603_04,20260327_3_08,20260327,True,0.2093454974033518,0.22619673122470083,0.21809763240568059,0.23140986709918657,0.2055835646452538,20260327,-0.07741912803183637,-0.059247637124686614,0.01813339283667581,0.05909022571395739
P6_test_202603_04,20260328_1_01,20260328,True,0.5860691529543438,0.5877519641812005,0.5858657902446472,0.5889833016249542,0.6066462324818948,20260328,-0.002867238210600087,-0.0053070964075430105,-0.034508017044229955,-0.03485507165322149
P6_test_202603_04,20260328_1_02,20260328,True,0.1935810517823976,0.19252187700432066,0.1959323261428633,0.19433467360106793,0.2033155353078779,20260328,0.005486502981568719,0.008187530423055644,-0.04906283636763642,-0.03698980856728418
P6_test_202603_04,20260328_1_03,20260328,True,0.09998687428450434,0.09165028686041203,0.09804021534386263,0.0923047080133194,0.10352233430481264,20260328,0.08705881598194898,0.060282607211099126,-0.034748459592530256,-0.0544096246633643
P6_test_202603_04,20260328_1_04,20260328,True,0.1574490557533201,0.17224309642348806,0.16187953416826462,0.17260175494371857,0.17057991735696845,20260328,-0.08980487986375585,-0.06413450392269415,-0.08010196000011893,-0.05235146804090407
P6_test_202603_04,20260328_1_05,20260328,True,0.08885369361856547,0.07995085279612718,0.10768837563172136,0.08131083166819157,0.08222677900762514,20260328,0.10557901929163993,0.28096240695368735,0.0775100974435885,0.2697606177947227
P6_test_202603_04,20260328_1_06,20260328,True,0.23043185136768532,0.22956127621365596,0.23514609477579818,0.23260198609546603,0.21703862873238908,20260328,0.003785170435211427,0.010878222156625705,0.059879812760548434,0.08013165058852523
P6_test_202603_04,20260328_1_07,20260328,True,0.2444026850297919,0.2512178624592249,0.2460406209096563,0.25263356501364237,0.25013016508456953,20260328,-0.02750332713460546,-0.026443431261341965,-0.02316422925659034,-0.016484794754327625
P6_test_202603_04,20260328_1_08,20260328,True,0.029124284347708106,0.02824260303055893,0.029450623078711276,0.02855893140253716,0.04121386608624832,20260328,0.0307407561512254,0.03074534615180413,-0.3472024153933866,-0.3360596881792035
P6_test_202603_04,20260328_1_09,20260328,True,0.07663112157601065,0.07188917358003061,0.07551954954030834,0.06695417903893203,0.08103354130174907,20260328,0.06387760381563856,0.12038306655916564,-0.055859877978361894,-0.07047160205982905
P6_test_202603_04,20260328_1_10,20260328,True,0.10818220105766573,0.11136900503560214,0.10622979220855422,0.11235439525836494,0.09283915903130432,20260328,-0.0290322050119749,-0.05605352025325505,0.1529483293824856,0.1347360756306526
P6_test_202603_04,20260328_1_11,20260328,True,0.3787007276835697,0.3764063437554861,0.37442044375413414,0.37396602316440114,0.36122374082119746,20260328,0.006076995106530592,0.0012144010231804891,0.04724870942002102,0.03588180014055098
P6_test_202603_04,20260329_1_01,20260329,True,0.08705548744130161,0.0893770399484014,0.08832955125945258,0.09195404129908201,0.08529195851521802,20260329,-0.026318123314470476,-0.04021418066412741,0.020465524958234838,0.03499454339227137
P6_test_202603_04,20260329_1_02,20260329,True,0.5453326506648994,0.5410881961798654,0.5545348350172261,0.5496774175253641,0.5317661820245029,20260329,0.007813686735320124,0.008798034640841612,0.02519209139963019,0.04192574195354515
P6_test_202603_04,20260329_1_03,20260329,True,0.3716961482700024,0.3425622895786373,0.37185396093292816,0.34662060547717066,0.29676169702919863,20260329,0.08162320623049346,0.07027037323327434,0.22514726495075876,0.2255717492278564
P6_test_202603_04,20260329_1_04,20260329,True,0.0237684719122456,0.02449917351649689,0.02365792827401172,0.023796544921949683,0.03226875468873201,20260329,-0.030279390056608513,-0.005842106459240437,-0.30573942204383986,-0.3104011226152159
P6_test_202603_04,20260329_1_05,20260329,True,0.3604214573033461,0.3638012318571452,0.37151521035066354,0.37109803257233503,0.38031844380784174,20260329,-0.009333590732138575,0.0011235399481203112,-0.05373485037715198,-0.02341910541661829
P6_test_202603_04,20260329_1_06,20260329,True,0.1360767725358386,0.13361717409178747,0.13589184077487876,0.13333167002705923,0.13933637031410662,20260329,0.018240428971523004,0.019019497341432823,-0.023671709728203316,-0.025031659225394742
P6_test_202603_04,20260329_1_07,20260329,True,0.15090540904877545,0.12798944291553224,0.14381293958697386,0.12730828836278021,0.130392701267789,20260329,0.16470542708924563,0.12190181211588946,0.14610253433173992,0.09796274840498187
P6_test_202603_04,20260329_1_08,20260329,True,0.32560661941665736,0.34351384973041793,0.3338078787671614,0.34856770107304186,0.3334203688580137,20260329,-0.053537466472209694,-0.04326686132573743,-0.023714098980205156,0.0011615514004270633
P6_test_202603_04,20260329_1_09,20260329,True,0.1896384962425716,0.18600301004016775,0.1799328706582142,0.1789850319245455,0.18887773061838942,20260329,0.01935675187139907,0.005281658731702832,0.004019730698875179,-0.04851603722363529
P6_test_202603_04,20260329_1_10,20260329,True,0.13662423553169134,0.1410607303367233,0.14170442693887844,0.14223609536441492,0.17320236664698702,20260329,-0.031956158151926095,-0.0037449325132579148,-0.23722630917396414,-0.2007172724405819
P6_test_202603_04,20260329_3_01,20260329,True,0.2825723312303004,0.2665479294943119,0.2835718347472904,0.2689029882788462,0.22899279182900723,20260329,0.058380482123327804,0.0531148002355728,0.21024403123757684,0.21377495009354375
P6_test_202603_04,20260329_3_02,20260329,True,0.010584201411075684,0.011567106586261311,0.011337034585823278,0.012112930478313778,0.013013017960903008,20260329,-0.08880297455515596,-0.066198752856514,-0.20658778162071734,-0.13787547428725855
P6_test_202603_04,20260329_3_03,20260329,True,0.09988600574335564,0.08175559634991549,0.11216785563506536,0.06944114811516888,0.08544983359191405,20260329,0.20029532887892687,0.47951685624392093,0.15610013106547305,0.2720669982484831
P6_test_202603_04,20260329_3_04,20260329,True,0.16148590434662083,0.16864536050924692,0.16460104154065847,0.16978502627318007,0.18501264308942433,20260329,-0.04338019228261403,-0.03100846956583103,-0.1360063045009594,-0.11689954783662504
P6_test_202603_04,20260329_3_05,20260329,True,0.27877356885350124,0.29720895623212523,0.28452859789842416,0.2997301158345766,0.2858295892797361,20260329,-0.06403557661925907,-0.05204868750756719,-0.024995920415583628,-0.004562023187942854
P6_test_202603_04,20260329_3_06,20260329,True,0.26235256764488174,0.22218753635237987,0.24432600759609044,0.22197438206815676,0.25019685616158654,20260329,0.16616749357294536,0.09594145109128349,0.047441244529311755,-0.023744602436915896
P6_test_202603_04,20260329_3_07,20260329,True,0.14957517602666764,0.14838784005740613,0.14778905585015722,0.14811756003072252,0.14163075611538545,20260329,0.007969729058902031,-0.002220324236708482,0.05457575424201555,0.04256259687164432
P6_test_202603_04,20260403_3_01,20260403,True,0.07579061800708356,0.07958532991888084,0.0697885382701395,0.07709773433191934,0.07604490531257291,20260403,-0.048855266369772554,-0.09960410591997881,-0.0033495131794216704,-0.08585423705311834
P6_test_202603_04,20260403_3_02,20260403,True,0.2323700416004612,0.2017039385067532,0.22884285795899892,0.2049158810787598,0.2003555373880661,20260403,0.1415301365647732,0.1104359994922095,0.14823763261927803,0.1329420829454664
P6_test_202603_04,20260403_3_03,20260403,True,0.6204166097537626,0.5802197252248122,0.6269934492301614,0.5906968129073248,0.5616306616233955,20260403,0.06698433520224278,0.05963321393153215,0.09954675546774705,0.11009164465055649
P6_test_202603_04,20260403_3_04,20260403,True,0.2375631993638204,0.23168808447463807,0.2323128338810966,0.22994823945606427,0.2184281308350835,20260403,0.025041687067174134,0.010230647509822166,0.08397665089404449,0.0616278454970578
P6_test_202603_04,20260403_3_05,20260403,True,0.34337303803073194,0.3326597129487965,0.3509737789370598,0.33937034887109474,0.30637526248535146,20260403,0.031697346153582995,0.033619531181968254,0.114006732025695,0.13590081819912836
P6_test_202603_04,20260403_3_06,20260403,True,0.05482307399304519,0.04066007448420698,0.04940461342674629,0.03962452353588623,0.03858331679223551,20260403,0.29886452352337,0.220595601244562,0.3512911880138776,0.24722383345158372
P6_test_202603_04,20260403_3_07,20260403,True,0.1143628929250257,0.1182215542567414,0.10874257214825662,0.11583449310536924,0.11433599191099177,20260403,-0.033183778680146325,-0.06317902315596369,0.0002352526920041953,-0.05015804554220038
P6_test_202603_04,20260403_3_08,20260403,True,0.40618125043621656,0.4254713293892475,0.4171456279289089,0.43145545559918436,0.40086215716250656,20260403,-0.04639807512686578,-0.03372888519460793,0.013181869140164837,0.03981776799292891
P6_test_202603_04,20260404_1_01,20260404,True,0.4078038068645413,0.3967124758925744,0.4104555180806807,0.4013482371014714,0.4204624865225096,20260404,0.027574417010171715,0.022438090535646493,-0.030569070610976135,-0.02408770115245973
P6_test_202603_04,20260404_1_02,20260404,True,0.417340606205848,0.413423815421736,0.4151216829549163,0.4127792133745934,0.4499358548661194,20260404,0.009429435598458102,0.0056588314897542125,-0.07520233801103782,-0.08053333866990553
P6_test_202603_04,20260404_1_03,20260404,True,0.10391919572427077,0.10220304247164763,0.10587650685031652,0.10396718229390121,0.10053886268948213,20260404,0.016652185850776213,0.018198090746272655,0.033069286778378615,0.05172903904321924
P6_test_202603_04,20260404_1_04,20260404,True,0.6513727898486106,0.6488086522040816,0.6491611743497117,0.645413355533836,0.6209671874788922,20260404,0.003944281753087198,0.005790055651096249,0.047803877829081576,0.04440278613648113
P6_test_202603_04,20260404_1_05,20260404,True,0.47604842994568985,0.4938159298577708,0.4901705458614981,0.49990017149145377,0.46710349352685027,20260404,-0.03664324348774162,-0.019655038144061443,0.018968745975173062,0.048202536662820594
P6_test_202603_04,20260404_1_06,20260404,True,0.18234811876668422,0.17156827767626992,0.1829005905881631,0.17318482701778312,0.1783116185731275,20260404,0.06093629265593936,0.05458339594634909,0.022384914790875676,0.025410098610385567
P6_test_202603_04,20260404_1_07,20260404,True,0.5483629038209351,0.5286820079814747,0.5500768889832404,0.5326899924458927,0.5017653315310195,20260404,0.036550169032105284,0.03211843933341407,0.08880475769296514,0.0919255232817584
P6_test_202603_04,20260404_1_08,20260404,True,0.3115159054270255,0.29110128008340436,0.3071392449758617,0.2918503141257168,0.28388526084821053,20260404,0.067779149542051,0.051060163478402476,0.09288025225598417,0.07873106602464941
P6_test_202603_04,20260404_1_09,20260404,True,0.1911455479505422,0.19036502821771756,0.18860047858729262,0.18823918777310722,0.19907686209456513,20260404,0.004091738843205572,0.0019174782122699519,-0.040655822830629074,-0.05406008405903595
P6_test_202603_04,20260404_1_10,20260404,True,0.09478625558745656,0.09770944436813807,0.09666421824669814,0.0953759256182851,0.07855966025135414,20260404,-0.03037380590447869,0.013417110910681096,0.18776607616107377,0.20738496617506907
P6_test_202603_04,20260404_1_11,20260404,True,0.2647336356811823,0.2564230925321603,0.2672035180868689,0.25712907772694865,0.28532112314977853,20260404,0.031895386643978174,0.03843240129287917,-0.07489112174568868,-0.06560468579003853
P6_test_202603_04,20260405_1_01,20260405,True,0.08298839771871422,0.08541032925785506,0.0846920622289385,0.08360110453389684,0.09012891908242572,20260405,-0.02876623347357743,0.01296514882970179,-0.08254026812013526,-0.06221919866314041
P6_test_202603_04,20260405_1_02,20260405,True,0.3654414484358647,0.35619628633732225,0.37159157718654023,0.3627200499668844,0.3806695048147843,20260405,0.025624125537551334,0.024164015823432194,-0.040825486691450696,-0.02413621691193979
P6_test_202603_04,20260405_1_03,20260405,True,0.2037418338932859,0.21128986378931883,0.20295661247806945,0.20930749502261237,0.15014008303174373,20260405,-0.03637728049656963,-0.03081221419836222,0.30528492709292654,0.30142347938929914
P6_test_202603_04,20260405_1_04,20260405,True,0.2741065505862415,0.27569834905847374,0.2818706861030608,0.2803208859862193,0.24316594689988752,20260405,-0.005790428280591398,0.005513437481750483,0.11977278223283805,0.14770428653183432
P6_test_202603_04,20260405_1_05,20260405,True,0.4035819624270578,0.39104403135188237,0.40776669225616685,0.3986328377786609,0.36301912374535855,20260405,0.0315594299755122,0.02265439096818811,0.10592408040247958,0.11623966276873399
P6_test_202603_04,20260405_1_06,20260405,True,0.09800946750333243,0.09046818011460243,0.0999380232719493,0.08494137436731866,0.09956557020162723,20260405,0.08006589324510394,0.16258892136945846,-0.01575234294138994,0.0037338024498025923
P6_test_202603_04,20260405_1_07,20260405,True,0.07785293449492561,0.08823150789029145,0.08108786922061041,0.09272295128030726,0.09213604790635704,20260405,-0.1251425397484076,-0.13408265666493513,-0.1684446745308219,-0.12773289442992297
P6_test_202603_04,20260405_1_08,20260405,True,0.06756457291938639,0.07197720882331726,0.060075790141152094,0.06839691088971524,0.08007130986978622,20260405,-0.06326574834800569,-0.12972072706307092,-0.16983383457209555,-0.2873106768943696
P6_test_202603_04,20260405_1_09,20260405,True,0.21808504154987227,0.2410194667533686,0.22388962313972235,0.23955132697646894,0.17788900600036842,20260405,-0.09999261956584182,-0.06761452619744235,0.20372529157205088,0.2299933825705569
P6_test_202603_04,20260405_1_10,20260405,True,0.34822866318399937,0.34660390648750883,0.3535559308667257,0.35231675866728157,0.30984993140100986,20260405,0.004676694008673987,0.0035110395707269593,0.11677125409420808,0.1319536050808423
P6_test_202603_04,20260405_3_01,20260405,True,0.2467088619455853,0.24487421765988135,0.2360264107502104,0.24902439202387774,0.2432264303730896,20260405,0.0074642634376431705,-0.05360714287952195,0.01421612313427656,-0.030049112985289117
P6_test_202603_04,20260405_3_02,20260405,True,0.042941069501823866,0.03782923343610923,0.040806748526199844,0.037098109289434876,0.03646731428425752,20260405,0.12674652397602593,0.0952814670202966,0.16341233870151095,0.1124311124579358
P6_test_202603_04,20260405_3_03,20260405,True,0.24351326858445396,0.2691911814063487,0.25049607377181227,0.27688560309617394,0.2499257176534472,20260405,-0.10025040656910544,-0.1001611888366225,-0.025992312179707877,0.0022795025121151724
P6_test_202603_04,20260405_3_04,20260405,True,0.1539570013920663,0.1334759562795272,0.15017044680295086,0.1343195178472536,0.11851422839097353,20260405,0.1427519928421701,0.11154953782192267,0.2616403275097785,0.23673793682491295
P6_test_202603_04,20260405_3_05,20260405,True,0.1770708437026304,0.15752151952769905,0.17226118663147316,0.1561122282547614,0.2012490607442692,20260405,0.11698781854962292,0.09843669145813894,-0.12799334977464194,-0.15553139723407727
P6_test_202603_04,20260405_3_06,20260405,True,0.1861676018916855,0.19173613024885097,0.1795861132105168,0.1923184198365451,0.18563793750255073,20260405,-0.029472751742506187,-0.06849760276440264,0.0028491493069213725,-0.03314337188711525
P6_test_202603_04,20260405_3_07,20260405,True,0.043408475311535855,0.046127444138024706,0.044447267625301275,0.046165118339220795,0.04472449829105684,20260405,-0.06075338468214486,-0.03792100929463693,-0.029866705975069685,-0.006217922368363382
P6_test_202603_04,20260410_3_01,20260410,True,0.6038713612273204,0.5851179581084609,0.6172779555399819,0.5938071196179895,0.6082130525256788,20260410,0.03154773245336573,0.03876486548178887,-0.007164038772042969,0.014794181742114276
P6_test_202603_04,20260410_3_02,20260410,True,0.31902141159020386,0.2992493623611449,0.31913937001953396,0.301773426578485,0.3188062862187813,20260410,0.06398100785877125,0.05595141130220593,0.0006745564054957409,0.001044238887004445
P6_test_202603_04,20260410_3_03,20260410,True,0.6088542088485304,0.6178948377379851,0.6265927460134678,0.6268438702274249,0.6169868760452393,20260410,-0.014739432792278129,-0.00040069711393986296,-0.013268908374871213,0.015449048621107131
P6_test_202603_04,20260410_3_04,20260410,True,0.11191493637028133,0.11009969180465316,0.10863693495505496,0.10755852658548776,0.12240165326808587,20260410,0.01635284154385408,0.00997631778289465,-0.08956879104176485,-0.11929642652529271
P6_test_202603_04,20260410_3_05,20260410,True,0.544892281225027,0.5242908527148951,0.5484522349204429,0.533726092068421,0.5028937327123281,20260410,0.03854153323581422,0.027217421662817154,0.0802092451934645,0.08672131201855182
P6_test_202603_04,20260410_3_06,20260410,True,0.06098323120806546,0.06448574323275673,0.052184195749746164,0.05970240729347171,0.05757721041053774,20260410,-0.055845236065366954,-0.13459265712765678,0.05747209133755682,-0.09834715118420245
P6_test_202603_04,20260410_3_07,20260410,True,0.08943466979690011,0.09711819953546795,0.08418012581549328,0.09505607121529479,0.09516167332044136,20260410,-0.08242037624675325,-0.12150808286407422,-0.062068857227033813,-0.12261841162181897
P6_test_202603_04,20260410_3_08,20260410,True,0.16911095910974758,0.172573023558376,0.16800352270954283,0.17151327785542625,0.16047710002474588,20260410,-0.020265409611169405,-0.02067573781399701,0.052403808842687694,0.045833694275694725
P6_test_202603_04,20260411_1_01,20260411,True,0.15986116217260715,0.16234748608095897,0.16342451608979602,0.16514596973808435,0.19986746052831345,20260411,-0.015433311753062728,-0.01047853945367394,-0.22334874739721022,-0.20130324106795894
P6_test_202603_04,20260411_1_02,20260411,True,0.15267983358126586,0.14663946296029368,0.15533176162559084,0.1495909098431326,0.15553051263038334,20260411,0.04036619666807617,0.03765892650259639,-0.01849879718097669,-0.001278707957403924
P6_test_202603_04,20260411_1_03,20260411,True,0.30283562118294916,0.31445862255282486,0.307397348532062,0.31896339849386424,0.3778340296617087,20260411,-0.03766234772123678,-0.036935152335852095,-0.22126487027498332,-0.2063138186266178
P6_test_202603_04,20260411_1_04,20260411,True,0.10417143105266927,0.10153772464806081,0.11701360216667266,0.1092196807151284,0.08556618618986793,20260411,0.025607516729416968,0.06892891247414124,0.19674773360812825,0.3130000019152588
P6_test_202603_04,20260411_1_05,20260411,True,0.2910398679826898,0.2958390746800455,0.2831970726641715,0.29487526099518874,0.2456314495502789,20260411,-0.01635537869798065,-0.0404093977036164,0.16962802117447073,0.1423107851384715
P6_test_202603_04,20260411_1_06,20260411,True,0.17108179745685373,0.17302058774287352,0.17225988614499965,0.17533751732279765,0.18161889524548422,20260411,-0.0112688018796272,-0.017708484430422278,-0.05976871963134611,-0.05290620705087412
P6_test_202603_04,20260411_1_07,20260411,True,0.2274617650106506,0.2332734498779235,0.2265714864857469,0.23234317204170504,0.23341381027206498,20260411,-0.025229211677317842,-0.02515495982639715,-0.025830729697452037,-0.029752379325360456
P6_test_202603_04,20260411_1_08,20260411,True,0.40939087191454465,0.3834769076326605,0.39593068411495247,0.37961133387842955,0.36360208758799506,20260411,0.06539097251051151,0.04209123210463128,0.1186102729989289,0.08517905209144316
P6_test_202603_04,20260411_1_09,20260411,True,0.3103753213651267,0.30150476686988703,0.30392243957463866,0.3004655556480447,0.3070900625829043,20260411,0.028996452681005813,0.011439411938019006,0.010641211210203005,-0.010368532150675236
P6_test_202603_04,20260411_1_10,20260411,True,0.14642277015483743,0.14811249420842104,0.14620347353814978,0.14718909250415202,0.1504199298409054,20260411,-0.011473957762695886,-0.006718797869007531,-0.026932791699235903,-0.028431609132514524
P6_test_202603_04,20260411_1_11,20260411,True,0.05836594515657749,0.062294564097142825,0.04375860446886789,0.05318803226297089,0.06892789548585511,20260411,-0.06514157946244525,-0.1951451465378855,-0.16632837638609477,-0.45437269821278203
P6_test_202603_04,20260412_1_01,20260412,True,0.41806027180255767,0.3938637808336401,0.41273207427755254,0.39416820648877354,0.37760850255385725,20260412,0.05962049745204512,0.04602091366570604,0.10176766167100793,0.0889407005070364
P6_test_202603_04,20260412_1_02,20260412,True,0.043885861102389366,0.0481935650229684,0.03764090212151853,0.046103629194796415,0.06212895365393571,20260412,-0.09363330875166831,-0.20280038977641546,-0.3476199250519776,-0.5011208411699957
P6_test_202603_04,20260412_1_03,20260412,True,0.03525838826586733,0.03762333689233864,0.03546454211023719,0.03749622250791218,0.03204294642938041,20260412,-0.06492105395686965,-0.05570681124176424,0.09562638699930748,0.10145630459940014
P6_test_202603_04,20260412_1_04,20260412,True,0.2648387503161702,0.2625581066841538,0.26020902222767495,0.2593718820900515,0.25064800107517676,20260412,0.00864873507627606,0.003222369625398569,0.05507158269516066,0.037435670967150836
P6_test_202603_04,20260412_1_06,20260412,True,0.31997213774707595,0.3422402040905398,0.3358710153313643,0.35155733183939886,0.33466293877285724,20260412,-0.06727891920878748,-0.0456456008601589,-0.04488994993398365,0.003603330922321124
P6_test_202603_04,20260412_1_07,20260412,True,0.1778146340834367,0.18315441295947776,0.18225251408860846,0.18388592580264404,0.2446092322685522,20260412,-0.02958795759354893,-0.008922431366682693,-0.3189203407691452,-0.2942688013744923
P6_test_202603_04,20260412_1_08,20260412,True,0.2315194869850761,0.23362448347329917,0.2373581571410171,0.2382942334421425,0.17812748135718617,20260412,-0.009051007826109014,-0.00393597311029148,0.26216456567277,0.28707073061732324
P6_test_202603_04,20260412_1_09,20260412,True,0.12415861046334101,0.12007821963052236,0.12141897772862355,0.11764526133484193,0.1309967739840617,20260412,0.03341650418479958,0.03157335365178593,-0.05361283194992961,-0.07592550645497109
P6_test_202603_04,20260412_1_10,20260412,True,0.09553894246926092,0.09813893015119472,0.09174619541559065,0.09626203063183456,0.10724894943896458,20260412,-0.026850190434537513,-0.04804793971949106,-0.11561882340278773,-0.1561267431044029
P6_test_202603_04,20260412_3_01,20260412,True,0.16183717542801318,0.17004456338268711,0.166363622266147,0.1741466532708431,0.14622140858137161,20260412,-0.049469800403197706,-0.045721890820469735,0.10146876971978958,0.12905391817763578
P6_test_202603_04,20260412_3_02,20260412,True,0.6483127117818791,0.6304912207028106,0.6407515800947028,0.6262220811398724,0.5835772009971021,20260412,0.027873928891614996,0.022936760858123906,0.10519641011897446,0.09346508150988908
P6_test_202603_04,20260412_3_03,20260412,True,0.09025424679440087,0.09534341255440612,0.10220880035686943,0.10904804821739712,0.07678815730019803,20260412,-0.05485459065876741,-0.0647708112057277,0.1615802255565697,0.2859673567864771
P6_test_202603_04,20260412_3_04,20260412,True,0.2488695683323975,0.22924220312084884,0.2554838510776997,0.238823594152582,0.24919542240576784,20260412,0.08214983708358203,0.06743402284911881,-0.0013084803225344999,0.024921784884536224
P6_test_202603_04,20260412_3_05,20260412,True,0.26846518771371036,0.2400588769859964,0.25992159083440664,0.24037941607759666,0.2223695418643317,20260412,0.11183703681472656,0.07816143646135565,0.1883806498967111,0.15603941087043927
P6_test_202603_04,20260412_3_06,20260412,True,0.4982574803544992,0.5238559039719161,0.4795684062940872,0.5280400883315925,0.47579031742217076,20260412,-0.05009968184808744,-0.09628565982763859,0.04613972467433125,0.007909298305648904
P6_test_202603_04,20260412_3_07,20260412,True,0.2310093099791767,0.21565281000435413,0.2223723949691334,0.21502470699239423,0.2156148239520001,20260412,0.06878825924737275,0.03360049356326944,0.06896441924391028,0.030859837926360045
P6_test_202603_04,20260417_3_01,20260417,True,0.5944242449715257,0.5953960184893016,0.5983878672217444,0.5973869234355245,0.6115136575022763,20260417,-0.0016334798854874544,0.0016741346745581254,-0.028344007750335798,-0.02169813821510097
P6_test_202603_04,20260417_3_02,20260417,True,0.5287714189282308,0.5259780035734828,0.531814329440803,0.5289340163349029,0.5286402532104665,20260417,0.005296844589410488,0.005430732362528001,0.0002480882742135204,0.005986273737637271
P6_test_202603_04,20260417_3_03,20260417,True,0.41345121772790566,0.4551091752904965,0.43482249171583803,0.4659757146857255,0.4724491538751011,20260417,-0.09599780241357658,-0.06919563557289399,-0.13339059684857912,-0.08299224751055345
P6_test_202603_04,20260417_3_04,20260417,True,0.04191223612171387,0.04089464149543588,0.042153847718958214,0.04106404797285361,0.04145228994437859,20260417,0.024578776155613102,0.02619297311173252,0.011034689840366152,0.01678284061575086
P6_test_202603_04,20260417_3_05,20260417,True,0.11514948680678198,0.11780967507942944,0.1179132769702746,0.11900012642203062,0.1121026231381623,20260417,-0.02283922972903607,-0.009175142146663262,0.026816439732230357,0.05053468354636159
P6_test_202603_04,20260417_3_06,20260417,True,0.04669807082810608,0.04569765220753487,0.04524151416417519,0.04482065109132821,0.037035626011165605,20260417,0.02165593136499755,0.00934612520547251,0.23182253937736874,0.2001348057225929
P6_test_202603_04,20260417_3_07,20260417,True,0.19885168931715433,0.1918632744840881,0.19688822706885709,0.1923025668315115,0.16991059710348863,20260417,0.03577626075862361,0.023566191871302378,0.15728686772670208,0.14736379310930237
P6_test_202603_04,20260417_3_08,20260417,True,0.0500412319043418,0.04806052553802531,0.0535731876628669,0.04929488552774057,0.05951677422540672,20260417,0.04038613839920879,0.08322837891324264,-0.17341088888660705,-0.10520947982490103
P6_test_202603_04,20260418_1_01,20260418,True,0.1252657685261638,0.1283916352176213,0.1296522553225544,0.13070529732827824,0.15992201354032018,20260418,-0.02464761439637897,-0.008089242944719466,-0.24424865257817907,-0.2098303737329792
P6_test_202603_04,20260418_1_02,20260418,True,0.10443054544888836,0.11672244251897787,0.10267350326546547,0.11260151447718854,0.14657931085264256,20260418,-0.11127661672308298,-0.09230108334250708,-0.3390444393933696,-0.35601257064003144
P6_test_202603_04,20260418_1_03,20260418,True,0.0872474134892943,0.08125475643697957,0.0929678029197036,0.08842952987829417,0.08630559213735702,20260418,0.07115855556204931,0.05004726578708807,0.010853521020622203,0.07435883324527914
P6_test_202603_04,20260418_1_04,20260418,True,0.04229893587995899,0.043166928543129326,0.04312773679291121,0.04384432462813477,0.04609087968815871,20260418,-0.020312729855630707,-0.01647894828683194,-0.08585316362946305,-0.06644875766060121
P6_test_202603_04,20260418_1_05,20260418,True,0.03244756638574127,0.034216479503474624,0.031165257471988228,0.033032419875780636,0.035058714799606296,20260418,-0.05308194031871993,-0.05818556788371687,-0.07739877712995069,-0.11772028984901795
P6_test_202603_04,20260418_1_06,20260418,True,0.39114617149805675,0.3877004668949321,0.38481538619901295,0.38474351185306177,0.3198700570058736,20260418,0.00884828132828308,0.00018679361993501065,0.20116648880540633,0.18484886144922097
P6_test_202603_04,20260418_1_07,20260418,True,0.3134288413444105,0.3068755904798266,0.3189118243212309,0.31081928625349087,0.33382646528985166,20260418,0.02112993023381793,0.025702981638770384,-0.06304894000432526,-0.045706641165912165
P6_test_202603_04,20260418_1_08,20260418,True,0.15432018043647242,0.16289977327640184,0.15678958078220828,0.1626026005098661,0.15694541805648907,20260418,-0.05410558597823378,-0.036404533666019034,-0.016868551378291352,-0.0009934325954965573
P6_test_202603_04,20260418_1_09,20260418,True,0.3792763788357971,0.40167652239816803,0.3799132737314497,0.4039177283997719,0.3635135426907055,20260418,-0.057381922967628785,-0.061268214998183135,0.042448618428710394,0.044126447000028546
P6_test_202603_04,20260418_1_10,20260418,True,0.33981403422881673,0.3402409643525709,0.33894742554106877,0.3389772126509361,0.30695326111052684,20260418,-0.001255575448255275,-8.787734862658603e-05,0.10170301776623303,0.0991495163964713
P6_test_202603_04,20260418_1_11,20260418,True,0.10998724409765546,0.12361434291074799,0.12325123941036606,0.13212498473153264,0.13368863345629003,20260418,-0.11680218493871264,-0.06952345968950402,-0.19514906888847428,-0.08128859626798812
P6_test_202603_04,20260419_1_01,20260419,True,0.0779662990433628,0.07623381665967185,0.06844113266034997,0.06757230032698969,0.06903860402826383,20260419,0.022471517344193614,0.012775857972222582,0.12161084295870328,-0.008691828247196831
P6_test_202603_04,20260419_1_02,20260419,True,0.06460919051559366,0.06108585275927179,0.06537566367999442,0.05799887187941821,0.05656645894063713,20260419,0.05607637174663793,0.11972651422399672,0.1329404573812103,0.14473386289494394
P6_test_202603_04,20260419_1_03,20260419,True,0.06288876433490118,0.06861900600547341,0.05293104915506233,0.06119766322812522,0.07323575784125883,20260419,-0.08720203150787098,-0.14511889901093245,-0.15231627646697943,-0.32469368956013867
P6_test_202603_04,20260419_1_04,20260419,True,0.29810403411803976,0.294376784124975,0.29012509104868867,0.28818617574819927,0.25827995023153805,20260419,0.012582007886020374,0.0067054635688361675,0.1433984582937644,0.11626810335392213
P6_test_202603_04,20260419_1_05,20260419,True,0.06788420025917447,0.06887057028846454,0.058945889097624694,0.06013368351565001,0.07017385460725246,20260419,-0.014425634008845556,-0.01995025323194133,-0.03317248400116224,-0.17435591102357417
P6_test_202603_04,20260419_1_06,20260419,True,0.04488686851259392,0.04498593500465575,0.0433731912742789,0.04344601423294075,0.04815402371136385,20260419,-0.0022045942333752677,-0.0016775775662769554,-0.0702594096992426,-0.10456316325933201
P6_test_202603_04,20260419_1_07,20260419,True,0.15785924483644298,0.1571770739577988,0.15967514940149016,0.16059273381280675,0.1690047468893228,20260419,0.004330751117547438,-0.005730121377093278,-0.06822302211725151,-0.056785367524023966
P6_test_202603_04,20260419_1_08,20260419,True,0.3993807601559799,0.36218432593464117,0.3822395671956058,0.36045504003809886,0.3216156731155781,20260419,0.09776197805508513,0.058680317912067625,0.21655797702413127,0.17269028036301504
P6_test_202603_04,20260419_1_09,20260419,True,0.162133760348014,0.16768750170428554,0.16842363666147647,0.17002812309666254,0.15676652892794346,20260419,-0.03368046264351032,-0.009481401167403147,0.03366405404580464,0.07172483052120637
P6_test_202603_04,20260419_1_10,20260419,True,0.15530128769265295,0.16190382128575362,0.15358540801901197,0.15771875666673696,0.16700112926619753,20260419,-0.041635441391860484,-0.0265566094857419,-0.072633552700478,-0.0837437581423579
P6_test_202603_04,20260419_3_01,20260419,True,0.4134811521867803,0.40050492080178457,0.41462919197842124,0.40727206800562177,0.36236517267332435,20260419,0.03188587917719676,0.01790317363157956,0.13195946460034336,0.1347321398487923
P6_test_202603_04,20260419_3_02,20260419,True,0.07497973640162414,0.0809862043059936,0.07737676675714546,0.08111242677848503,0.10662421072267307,20260419,-0.07706092723777402,-0.04714961279232188,-0.35209270769887,-0.32062403897894765
P6_test_202603_04,20260419_3_03,20260419,True,0.2352360101863456,0.2330604279010043,0.2242876065162833,0.23007052360095784,0.20472770322934164,20260419,0.009291541683315252,-0.025456700327290305,0.1389084895723327,0.09124836668163772
P6_test_202603_04,20260419_3_04,20260419,True,0.619476463652625,0.5882700576305044,0.6089607557018851,0.5960567329308566,0.582057623884736,20260419,0.05168858371214691,0.021417973061896856,0.06230525491626415,0.0451843721368278
P6_test_202603_04,20260419_3_05,20260419,True,0.575624615161936,0.5551194027849919,0.5630013171356524,0.5498913503699228,0.5385860851129475,20260419,0.03627250769220136,0.023561253701878226,0.0665083936984261,0.04433462287787138
P6_test_202603_04,20260419_3_06,20260419,True,0.383214233044609,0.37460796797292784,0.39212264503340266,0.38421690894268107,0.3079196795893828,20260419,0.022714127607453505,0.02036740069139953,0.2187552195972292,0.2417356924295646
P6_test_202603_04,20260419_3_07,20260419,True,0.07912744019761665,0.06549671646088266,0.1290499287717741,0.07523980769764956,0.06207657089690472,20260419,0.18905970875267553,0.5395189256446593,0.242691082260853,0.7318307367133556
P6_test_202603_04,20260424_3_01,20260424,True,0.4886789972807066,0.4837921115145335,0.4986708016030932,0.4901665048431052,0.4756348351855878,20260424,0.010050533858707023,0.017201022630735308,0.02705541979275683,0.047295754969204684
P6_test_202603_04,20260424_3_02,20260424,True,0.5850683541043602,0.5643070923547866,0.5868919183842467,0.5690745851080745,0.5835413887074611,20260424,0.036130091720966706,0.03082917089530446,0.002613304014120299,0.005725296450017292
P6_test_202603_04,20260424_3_03,20260424,True,0.4750069294601928,0.44430540904799654,0.4767634772690123,0.44947219011769646,0.4681027287925267,20260424,0.06681720808307956,0.05894652961322766,0.014641614468806186,0.01833273533308577
P6_test_202603_04,20260424_3_04,20260424,True,0.19456987356164696,0.20678879895320193,0.19720973121060978,0.20586596403209578,0.21352474809660932,20260424,-0.06090663184983924,-0.04295750911930041,-0.09296139644599744,-0.07948495423348922
P6_test_202603_04,20260424_3_05,20260424,True,0.18380752806161238,0.18310092151458746,0.1820140849479758,0.18220910048899272,0.15013749644288446,20260424,0.003851682464168782,-0.0010708574711897345,0.20233764979239433,0.19253255671817748
P6_test_202603_04,20260424_3_06,20260424,True,0.2838945649711427,0.2607199086836579,0.27250014490185187,0.2584880390693058,0.25884963137411693,20260424,0.08515623484675738,0.05278972350003186,0.09235559987304032,0.051391826596896895
P6_test_202603_04,20260424_3_07,20260424,True,0.4240622869172495,0.407143236901571,0.42534829447494593,0.41271494105687195,0.3804900310345234,20260424,0.040715290601824994,0.03015121042174529,0.10842037023740603,0.11144837240376393
P6_test_202603_04,20260424_3_08,20260424,True,0.05135613220045026,0.0505215112319327,0.05037793541112278,0.04961036654561719,0.05225581382895522,20260424,0.016385138349562567,0.015353474929047373,-0.017366805186310064,-0.036597864350933484
P6_test_202603_04,20260425_1_01,20260425,True,0.25202449620820877,0.2234537745835874,0.25438679069327946,0.22858952374015165,0.223727550973348,20260425,0.12032172242954964,0.10692798434019646,0.1190972686864269,0.1284268854663113
P6_test_202603_04,20260425_1_02,20260425,True,0.23569765740701842,0.2389328297733739,0.23712743225462854,0.24043396888234836,0.22157410585614426,20260425,-0.01363259443999465,-0.013847808715828469,0.061792773801218503,0.06784058825451433
P6_test_202603_04,20260425_1_03,20260425,True,0.3054125002054933,0.31373396347024834,0.31164484974230183,0.32171992154720913,0.36404931436164384,20260425,-0.02688205414655709,-0.031817120838017576,-0.1756260149280653,-0.15542510013222666
P6_test_202603_04,20260425_1_04,20260425,True,0.3614353861702198,0.3563332884943495,0.3625789445002003,0.3606073450205303,0.3776138449332868,20260425,0.014216790982369165,0.005452549067709089,-0.043788811701482744,-0.04062987069025514
P6_test_202603_04,20260425_1_05,20260425,True,0.05550825200152735,0.053994505642267245,0.054927620710807604,0.05363004209975317,0.04851082381069504,20260425,0.027649400389878398,0.023906933486503412,0.13474475001316488,0.12422938708586528
P6_test_202603_04,20260425_1_06,20260425,True,0.08037766190024824,0.08347203612207471,0.0756838997940769,0.07967040789871603,0.0939214340635727,20260425,-0.03777537850528789,-0.05133276976793333,-0.1557223244340915,-0.2158931714889758
P6_test_202603_04,20260425_1_07,20260425,True,0.36407241172458027,0.35789732913201816,0.354307582171126,0.3508386455522705,0.3204511033283385,20260425,0.01710662602690216,0.009838993578510813,0.12762308015785595,0.10043571106542437
P6_test_202603_04,20260425_1_08,20260425,True,0.26830029811470557,0.2377787303079394,0.25420213952143006,0.23827918582889637,0.1856017653505671,20260425,0.12076633191584607,0.0646867395178361,0.3685035366614968,0.3145264435113664
P6_test_202603_04,20260425_1_09,20260425,True,0.18466675767514348,0.16131330736459665,0.17667680227898233,0.1587480054585964,0.19935200546500945,20260425,0.13520440846611614,0.10700401396931336,-0.07651924289213552,-0.1207500461740263
P6_test_202603_04,20260425_1_10,20260425,True,0.5755482730580053,0.5126104043892117,0.5471094543656556,0.5057490236110418,0.4765625311227007,20260425,0.11580699383845827,0.07860833632383368,0.18872416030675832,0.1380499372510563
P6_test_202603_04,20260425_1_11,20260425,True,0.2650242498006672,0.27849471626594324,0.2735430843661908,0.28318237172154254,0.2507117232175073,20260425,-0.04957775659093966,-0.03463197400536422,0.055517564473771985,0.08715537312327659
P6_test_202603_04,20260426_1_01,20260426,True,0.21753662995670564,0.22688931952958039,0.21450624962455195,0.2237565887873369,0.19337952273042633,20260426,-0.042095069468375046,-0.04221993009322067,0.11771255293044658,0.10368417671006624
P6_test_202603_04,20260426_1_02,20260426,True,0.563785650594422,0.5798286911941284,0.5726857959904808,0.5881695938483708,0.5757012158795628,20260426,-0.028058572780590874,-0.02667811396469344,-0.020914676559161238,-0.005251586421893606
P6_test_202603_04,20260426_1_03,20260426,True,0.43006377619700314,0.45200738011441904,0.4203362021251313,0.4472951067856488,0.3980209834290276,20260426,-0.049764992958718834,-0.062163698619136065,0.07742878834882627,0.05455014623532417
P6_test_202603_04,20260426_1_04,20260426,True,0.21576826866222432,0.22706605547001307,0.2175087692117807,0.22946922007830522,0.2277918656362524,20260426,-0.05103596688867973,-0.05352973526914506,-0.05422734049605671,-0.046193174087357125
P6_test_202603_04,20260426_1_05,20260426,True,0.37821604395293734,0.39284228299942425,0.38600811632708404,0.3954844835226749,0.42225115448089057,20260426,-0.037942638598463585,-0.02425315788060778,-0.11013471260206309,-0.08974189380326625
P6_test_202603_04,20260426_1_06,20260426,True,0.011342689409859132,0.011730454445491197,0.010938707508458394,0.011628909240662384,0.012500715650169797,20260426,-0.033614972526503806,-0.061186527347690145,-0.09721246313847054,-0.13347824831965038
P6_test_202603_04,20260426_1_07,20260426,True,0.013862280321214327,0.014505197195922267,0.01424313722544598,0.014580371347691001,0.011002011174675112,20260426,-0.045335506942704384,-0.02340100342479623,0.23109341542145234,0.2581971023470411
P6_test_202603_04,20260426_1_08,20260426,True,0.15907095214487854,0.17283518661653835,0.1580159959463399,0.17229681458256432,0.15280746600672607,20260426,-0.08298811930434735,-0.08652238767079257,0.040171605750402906,0.03351753122992629
P6_test_202603_04,20260426_1_09,20260426,True,0.10688677534060992,0.11408228070163846,0.10752887296962174,0.11341398541103741,0.11736931325977167,20260426,-0.06514984877801266,-0.05328531456008001,-0.09355538721040624,-0.08756608975475988
P6_test_202603_04,20260426_1_10,20260426,True,0.1390154981233267,0.13178635416133327,0.13213686235116248,0.12694836621415434,0.13901049271939672,20260426,0.05340334193311835,0.04005778289118567,3.600673386938702e-05,-0.05071119603474017
P6_test_202603_04,20260426_3_01,20260426,True,0.5334291557031583,0.47267914078072404,0.5224715034009634,0.4781719384514178,0.4677501842538078,20260426,0.12090946135686342,0.08860007171935291,0.13139191129574868,0.11063608433687544
P6_test_202603_04,20260426_3_02,20260426,True,0.3603207555016941,0.3740420071742277,0.3468076387478165,0.369927718450182,0.34964097804213873,20260426,-0.03737348749382252,-0.06453735997224597,0.030087771269418973,-0.008136579950094536
P6_test_202603_04,20260426_3_03,20260426,True,0.4989705043249268,0.4729504722804182,0.5147954062088108,0.4916611940803682,0.5300042347668097,20260426,0.053556311192269335,0.04597970287398179,-0.06033801220510837,-0.02911544440645375
P6_test_202603_04,20260426_3_04,20260426,True,0.09173412810578113,0.09879303099254569,0.08815082744733294,0.10020859309600094,0.09199691189697856,20260426,-0.07413258445592774,-0.12820464880458093,-0.0028605288511065474,-0.04270571453830874
P6_test_202603_04,20260426_3_05,20260426,True,0.043083473588883016,0.04747711990226642,0.04425100395668426,0.04797188641729995,0.043162724092373615,20260426,-0.09710842856133084,-0.08073708019605652,-0.0018377743698021476,0.024900804950319433
P6_test_202603_04,20260426_3_06,20260426,True,0.33674420796687693,0.33670454922206583,0.33608206125896567,0.3460709024613438,0.38147212050990825,20260426,0.0001177780623502489,-0.02928831439158741,-0.12471415410200204,-0.1266824093618264
P6_test_202603_04,20260426_3_07,20260426,True,0.17520293095720066,0.1856651332946806,0.17404055517983286,0.18595599494033524,0.16030014873708218,20260426,-0.05799978491893376,-0.06622171157719103,0.08889692008803607,0.08224036032067317
P7_test_202605_06,20260501_3_01,20260501,True,0.5962178191315168,0.5397996951615593,0.585802075264803,0.5413188011891475,0.5307479844879041,20260501,0.09940793278057714,0.07897359040471752,0.11631876554259857,0.09869467390702069
P7_test_202605_06,20260501_3_02,20260501,True,0.4976329853982236,0.49199956964490377,0.49891554002120114,0.49427737835342295,0.4632381105042716,20260501,0.011384986425075017,0.0093399686997937,0.07162162877363965,0.07419562351325903
P7_test_202605_06,20260501_3_03,20260501,True,0.03432824706756031,0.0348082384965106,0.033840191852410495,0.03452764770832536,0.03156173350357162,20260501,-0.013885552243913413,-0.0201111818321138,0.08402312321854,0.06970378241408692
P7_test_202605_06,20260501_3_04,20260501,True,0.33879461713049064,0.3516094657368381,0.33285995899294807,0.3463985138339879,0.30767062859048727,20260501,-0.037127012732441456,-0.03986802839901116,0.0963642515297285,0.07869203488512078
P7_test_202605_06,20260501_3_05,20260501,True,0.24435490763928916,0.23151040918258223,0.245077504405522,0.23606047499063632,0.24217917191502566,20260501,0.05399687139349929,0.037486482871166515,0.008943875955648828,0.011896673005771463
P7_test_202605_06,20260501_3_06,20260501,True,0.12335451282459203,0.1223847731762863,0.11615560464999763,0.11928844561240563,0.12359623563453738,20260501,0.007892467646694712,-0.026613761279235426,-0.001957660696738195,-0.062089376924870265
P7_test_202605_06,20260501_3_07,20260501,True,0.5851568002518469,0.5348198794980199,0.5836042289219872,0.540680454317358,0.5012308519579882,20260501,0.08994982956236719,0.07639461600474973,0.1548130686269864,0.15215628558179528
P7_test_202605_06,20260501_3_08,20260501,True,0.032402499588066486,0.03481722874809693,0.03264262307801034,0.034826232682466596,0.03956412082577841,20260501,-0.07187677563519568,-0.06475202474435093,-0.19968710020287705,-0.19230377702872303
P7_test_202605_06,20260502_1_01,20260502,True,0.14528252309806117,0.1357213890797391,0.14493612374120332,0.1360423302375139,0.17380015320349568,20260502,0.0680761070848106,0.06332703038408694,-0.1792258124820596,-0.18161297488618544
P7_test_202605_06,20260502_1_02,20260502,True,0.36936382188891265,0.3828942848108113,0.37767276061277805,0.38788643655395777,0.40215373840663154,20260502,-0.03597680683695226,-0.026684499478120904,-0.08505232388440442,-0.06280634134782037
P7_test_202605_06,20260502_1_03,20260502,True,0.3287947536773626,0.3428472591414882,0.32286620409076033,0.33609630216934844,0.3608565911865523,20260502,-0.04185133227557536,-0.04015972391160072,-0.09304691798996068,-0.11124261649057221
P7_test_202605_06,20260502_1_04,20260502,True,0.3639472408313046,0.3662728436207168,0.36455899991789514,0.3659049486010289,0.32013466837418264,20260502,-0.006369615686525387,-0.00368519270280232,0.12826716842504426,0.12994665775861458
P7_test_202605_06,20260502_1_05,20260502,True,0.4797273366956102,0.5020568630564176,0.4965169154604077,0.512664507961948,0.49372343020144205,20260502,-0.045495492347155886,-0.03200409833965134,-0.02875760856673526,0.005642049794383763
P7_test_202605_06,20260502_1_06,20260502,True,0.48678435810504184,0.48021036375702936,0.48072135058958504,0.47589379904251794,0.4497582518334444,20260502,0.01359696279821443,0.010093071452570213,0.07911100825729045,0.0665775692726639
P7_test_202605_06,20260502_1_07,20260502,True,0.08560331894240346,0.08534106408874027,0.0891328851911627,0.09658228377872675,0.09346578364399666,20260502,0.0030683085897664775,-0.08026697844925312,-0.08787136389920747,-0.04746707077284151
P7_test_202605_06,20260502_1_08,20260502,True,0.48386519830761215,0.44081745593697497,0.47283547608567084,0.4438089618936641,0.42106075345462446,20260502,0.0931754943929175,0.06335329346313745,0.13902922126628747,0.11597036653489701
P7_test_202605_06,20260502_1_09,20260502,True,0.03944709832742636,0.04231073650057177,0.03873031827872334,0.04105881040629318,0.04799020495097929,20260502,-0.07008038041003672,-0.05838272770974706,-0.1960364351465511,-0.2143742151839758
P7_test_202605_06,20260502_1_10,20260502,True,0.3426737128301247,0.33635948964619317,0.3473373430229661,0.3350715810656309,0.3076989845828505,20260502,0.0185982221903489,0.035952293967931315,0.10765673757010186,0.12117449549124726
P7_test_202605_06,20260503_1_01,20260503,True,0.4418815245409673,0.4214745571287796,0.4420410647258455,0.42403414041634335,0.36579507985088217,20260503,0.047282389186303675,0.04158881254143032,0.18896851663651992,0.18932949889570838
P7_test_202605_06,20260503_1_02,20260503,True,0.2238537195266313,0.206841624450445,0.2158998512429079,0.20560307731643723,0.20621557468278962,20260503,0.07903939955109096,0.04886714754990007,0.08207070005065997,0.04589254785653507
P7_test_202605_06,20260503_1_03,20260503,True,0.10820613260745118,0.11251890477925135,0.1087938229303241,0.11250413122589006,0.13538580855054616,20260503,-0.03908320676068611,-0.03353538470550532,-0.2240905004408018,-0.21867398541662353
P7_test_202605_06,20260503_1_04,20260503,True,0.29384284535461913,0.28099552510283426,0.2863268789292951,0.27721742681119776,0.29559234277523744,20260503,0.04470634050531541,0.03233195886407736,-0.00593619991922667,-0.031847193242515726
P7_test_202605_06,20260503_1_05,20260503,True,0.11494506066058176,0.12617737309783753,0.11651229441993602,0.12529212256744568,0.11246927198574361,20260503,-0.09323435921102163,-0.0726511924105635,0.021774234395030678,0.035316752508272486
P7_test_202605_06,20260503_1_06,20260503,True,0.08378684547446577,0.07892757003825304,0.08387405778042073,0.07809453840725207,0.09106284247745412,20260503,0.059745422963136896,0.07139623797695194,-0.08327382493272317,-0.0822334832415148
P7_test_202605_06,20260503_1_07,20260503,True,0.6651809686776368,0.6602384721884127,0.6621719967096784,0.6580965945929574,0.6122108527248877,20260503,0.007458045726946638,0.006173615107644581,0.08298238321260965,0.07844858218059098
P7_test_202605_06,20260503_1_08,20260503,True,0.11767666823594039,0.11633003495262685,0.11237473708886515,0.11568329713255002,0.11420484552427551,20260503,0.011509483535641074,-0.02901710698581228,0.029947037343453164,-0.01615457328016623
P7_test_202605_06,20260503_1_09,20260503,True,0.24859173530781295,0.24886811000991768,0.25432146237261033,0.25185236260942184,0.25090727545047886,20260503,-0.0011111438768027782,0.00975601354842981,-0.00927151677962379,0.013515616351046145
P7_test_202605_06,20260503_1_10,20260503,True,0.04247049800641716,0.03875699332109042,0.04525933057899413,0.03908104767846677,0.05694856639070114,20260503,0.09149845801327805,0.14677121415650518,-0.2933388461226154,-0.22973966692406655
P7_test_202605_06,20260503_3_01,20260503,True,0.7034949921338851,0.7029036533077723,0.7137281342000388,0.7124554508293878,0.6789978998142137,20260503,0.0008409263801226197,0.001784740368397597,0.035442723530377085,0.04988409090789808
P7_test_202605_06,20260503_3_02,20260503,True,0.05495796538479325,0.05327780903726169,0.0562705694994383,0.05083067315062474,0.060590814854892094,20260503,0.031048723587898674,0.1016716796830135,-0.09757468423458526,-0.07397165730617061
P7_test_202605_06,20260503_3_03,20260503,True,0.11054007897662661,0.11831001143459605,0.11297040294837435,0.11881800035014521,0.1064686179698325,20260503,-0.06793023404817777,-0.05046704995545426,0.03752788609012159,0.05927558881753381
P7_test_202605_06,20260503_3_04,20260503,True,0.38114842673673766,0.3805485024355442,0.39198525127392203,0.38834801414092934,0.3471697716180817,20260503,0.0015752313085924952,0.009322333509564462,0.09337495506694327,0.12141029909744305
P7_test_202605_06,20260503_3_05,20260503,True,0.08347144825670555,0.08346638201949738,0.098522993814705,0.09021385053147214,0.09565700653927815,20260503,6.0696095083301316e-05,0.08810699183399517,-0.1362643087140878,0.029521015626770453
P7_test_202605_06,20260503_3_06,20260503,True,0.4126426718550939,0.4270768457409671,0.3791251048713816,0.4270426120383225,0.3635150075074714,20260503,-0.03438194650410087,-0.11901755962732208,0.1267614348897873,0.04204566037379809
P7_test_202605_06,20260503_3_07,20260503,True,0.10941104349729637,0.11532917467655694,0.10735754693569759,0.11372893155726133,0.11427841873135834,20260503,-0.05267859708387679,-0.05765299959450454,-0.04352590953646063,-0.062472916471656426
P7_test_202605_06,20260508_3_01,20260508,True,0.16194966386049023,0.16728350504925785,0.16638808585069845,0.17108460521225888,0.16672257985822977,20260508,-0.032404438049350226,-0.027835275100008605,-0.029045662603584432,-0.0020083062741056423
P7_test_202605_06,20260508_3_02,20260508,True,0.31181279099973647,0.33183529248179566,0.3177265406781747,0.33182072902045434,0.29708065949438156,20260508,-0.06223575995902775,-0.043403772399005947,0.04839929615265626,0.0671873951292199
P7_test_202605_06,20260508_3_03,20260508,True,0.24344138335106674,0.22512799506934314,0.23326905282610566,0.22181022018340257,0.19697240113826167,20260508,0.07820708065019089,0.05037036830450381,0.21181256490719091,0.169128897354619
P7_test_202605_06,20260508_3_04,20260508,True,0.5612554616543168,0.558012427133755,0.5584986568951137,0.5580130245542111,0.531281879618707,20260508,0.005794937259409161,0.0008699100593325682,0.05488344310953808,0.049959486531023334
P7_test_202605_06,20260508_3_05,20260508,True,0.23306867694846822,0.23495325289691574,0.23286584043239927,0.23525592176083446,0.23550809755399565,20260508,-0.00805340952627831,-0.010211454753885185,-0.01041213639636962,-0.01128280178524288
P7_test_202605_06,20260508_3_06,20260508,True,0.5192604357752479,0.4599587555506639,0.5043831479189055,0.45624854751844024,0.47126340536432904,20260508,0.12126873672311445,0.10029847200938202,0.09698837558592499,0.06791900862570532
P7_test_202605_06,20260508_3_07,20260508,True,0.2822971188925226,0.2748471634161075,0.28195842002276456,0.27504056462865634,0.2958828255608518,20260508,0.02674495559791179,0.024841018810048077,-0.04700338698779771,-0.04820390302026056
P7_test_202605_06,20260508_3_08,20260508,True,0.13890264243207717,0.13303629796385186,0.13560708309125286,0.13063134620529113,0.15975486794117819,20260508,0.043151265560260166,0.03738240439958651,-0.1398672914702408,-0.16387895571030575
P7_test_202605_06,20260509_1_01,20260509,True,0.2933136175634299,0.2832076969580599,0.2892970865823438,0.2827931343296369,0.23060807481023318,20260509,0.03506186371885578,0.022738485104130568,0.24052277994829208,0.22673451761029195
P7_test_202605_06,20260509_1_02,20260509,True,0.565668601734649,0.5416653587886575,0.5428206143688453,0.5330828899024204,0.538357801106102,20260509,0.0433600058741368,0.018101977235675304,0.04948500049606264,0.008255508147717472
P7_test_202605_06,20260509_1_03,20260509,True,0.023942646593425425,0.022926571833108138,0.022642953447158887,0.022658528509762108,0.027404021445369603,20260509,0.04336466518254367,-0.0006876182651911478,-0.13502852558050327,-0.19084107326402133
P7_test_202605_06,20260509_1_04,20260509,True,0.2766884671312584,0.27743034235416236,0.28230173245884516,0.28136765469884045,0.21611481741238636,20260509,-0.0026776772543077865,0.0033142783209905158,0.2470823773287325,0.2671666436335707
P7_test_202605_06,20260509_1_05,20260509,True,0.10446513273478021,0.1213494037289882,0.10382120088708108,0.12798927235245353,0.09248216912802494,20260509,-0.149820660825708,-0.2092762533177508,0.1218374979351795,0.11565433759010002
P7_test_202605_06,20260509_1_06,20260509,True,0.05543212737650213,0.052993419470135895,0.053882265531697324,0.055456569513551796,0.05793938774981514,20260509,0.04499159730729829,-0.02879878473932962,-0.044238083106376,-0.07259602692808276
P7_test_202605_06,20260509_1_07,20260509,True,0.10216029333829249,0.10832408293708465,0.10338702437761173,0.10716795333704415,0.11088792898172366,20260509,-0.05858441866109931,-0.035917796571326654,-0.08197695937865745,-0.07004057783870543
P7_test_202605_06,20260509_1_08,20260509,True,0.43389820262491363,0.4480407924078735,0.43894637875989784,0.45087300542565817,0.41867076472756476,20260509,-0.03207433232762569,-0.026808453868220727,0.035725103749865816,0.047292414885930056
P7_test_202605_06,20260509_1_09,20260509,True,0.1161361785005835,0.14103765867580909,0.11971460724665048,0.14040594404350032,0.13097344008208256,20260509,-0.19426348237097724,-0.15942718993334215,-0.12023110002600301,-0.08988391792571493
P7_test_202605_06,20260509_1_10,20260509,True,0.05733104088322922,0.05708682534544515,0.05564758609871488,0.05647913994073522,0.048718700273005205,20260509,0.0042688422131171855,-0.01483266509318737,0.1627792571887805,0.13297575473533785
P7_test_202605_06,20260510_1_01,20260510,True,0.06416213379989615,0.057825386884431194,0.06229705681367526,0.05766317414910565,0.04946623011095222,20260510,0.10398532178139064,0.0772954424141048,0.2601230037089839,0.23062396574543076
P7_test_202605_06,20260510_1_02,20260510,True,0.5825093340803813,0.5758140264897,0.5961453064476061,0.5860567566872031,0.5036063814320821,20260510,0.011560471599470379,0.017067800812776146,0.14555023576545112,0.16868946639637794
P7_test_202605_06,20260510_1_03,20260510,True,0.6046402192077797,0.5901271742792847,0.6020800918929335,0.5887618810173716,0.5662287139267046,20260510,0.024295538845560904,0.022368654271920696,0.06563551735249418,0.061392394679646745
P7_test_202605_06,20260510_1_04,20260510,True,0.1430704608164596,0.14034570249428405,0.14089182873342232,0.1410790550921761,0.13063298591173186,20260510,0.019228559469616213,-0.0013279838239235175,0.09094548487240317,0.07560066683096389
P7_test_202605_06,20260510_1_05,20260510,True,0.1698992970806127,0.17593608932009225,0.16481888291481883,0.17334089760713833,0.21117351988532346,20260510,-0.034914908812064605,-0.050412970291050074,-0.21747427322488222,-0.24783297293530904
P7_test_202605_06,20260510_1_06,20260510,True,0.2736327180567756,0.27966494857106045,0.2669922588948852,0.27478426005348977,0.2500847715364635,20260510,-0.02180551227125438,-0.028766615805132734,0.08998681560831412,0.06541971854550943
P7_test_202605_06,20260510_1_07,20260510,True,0.12348230114547314,0.12562240986121248,0.12618153269395496,0.12684659791868494,0.12565669166023316,20260510,-0.017182825345465336,-0.005256860213016523,-0.01745568368526218,0.004168086833551854
P7_test_202605_06,20260510_1_08,20260510,True,0.028471189351250575,0.03160092424752917,0.02643099017312869,0.029739164279348113,0.03241023868631831,20260510,-0.10429369249016274,-0.11792764784137377,-0.12958170570048244,-0.2039371898153579
P7_test_202605_06,20260510_1_10,20260510,True,0.09396380092826555,0.09317357076305875,0.09416871424279002,0.09304120262680879,0.12137829682594925,20260510,0.008445505620740423,0.012045571814805811,-0.2560024769638325,-0.2538240827041145
P7_test_202605_06,20260510_3_01,20260510,True,0.3970091296027264,0.3799766661979194,0.39335109983744243,0.3805470138876061,0.3490685409508861,20260510,0.0438494308104288,0.03309286900038977,0.1286909815738163,0.11943430152037393
P7_test_202605_06,20260510_3_02,20260510,True,0.5642105227079858,0.513481887012018,0.5523499577108186,0.5167580525199593,0.4938856379049464,20260510,0.09421269390649845,0.06660704530641315,0.13312346089348404,0.11187783858555
P7_test_202605_06,20260510_3_03,20260510,True,0.401979076776116,0.40455172964462,0.40078375314833303,0.4097666448090506,0.42185339169847186,20260510,-0.006379574278817413,-0.022165825771575,-0.04825780119344625,-0.051235827745331974
P7_test_202605_06,20260510_3_04,20260510,True,0.046771279793936596,0.0465911740321229,0.045375402002226096,0.04561545644180068,0.05222980947475753,20260510,0.003858210187302369,-0.0052764640454459055,-0.11038405970068599,-0.14068324253017694
P7_test_202605_06,20260510_3_05,20260510,True,0.5160784524842599,0.49104822260538294,0.5038269978426199,0.4881708515577778,0.44782808743059943,20260510,0.0497164576053557,0.03156750066435221,0.14184936826623962,0.11782352553936304
P7_test_202605_06,20260510_3_06,20260510,True,0.16238485971815533,0.18441771085793915,0.16493447988509746,0.18498556461820456,0.2113975474802462,20260510,-0.1272341573326694,-0.11472948950974926,-0.26377127700043856,-0.2481921686121411
P7_test_202605_06,20260510_3_07,20260510,True,0.07295851704379329,0.07505365877371702,0.08283482478642341,0.08331898076006956,0.08538503284462132,20260510,-0.028312288086361992,-0.005827821305152803,-0.15727980605052716,-0.03032226382775427
P7_test_202605_06,20260515_3_01,20260515,True,0.3238248687150134,0.34792178396909595,0.3303065140139336,0.3482389373114389,0.3331832922583123,20260515,-0.07177485480627088,-0.052867791931377806,-0.0284899247564101,-0.008671712043298196
P7_test_202605_06,20260515_3_02,20260515,True,0.501778778257017,0.5225208754106409,0.511552991528667,0.5254740599804943,0.4427337170889076,20260515,-0.04050559417938282,-0.026849646272529393,0.12519084257521074,0.1444826810517934
P7_test_202605_06,20260515_3_03,20260515,True,0.6375724801642094,0.6273924952641973,0.643961849085032,0.6330074955843803,0.5676155489098446,20260515,0.016095630904628566,0.017157220358772762,0.11622362590150231,0.1261951447547765
P7_test_202605_06,20260515_3_05,20260515,True,0.2051707490299651,0.1636441170189935,0.19799622767344235,0.16427332531044841,0.21047930045315935,20260515,0.22614850280254184,0.1867163200540829,-0.02554475859914951,-0.0611393347891247
P7_test_202605_06,20260515_3_06,20260515,True,0.14292524866842635,0.15586877730406964,0.13967907519867348,0.15535927455934737,0.15714096063124397,20260515,-0.08669272513774873,-0.10639286390271052,-0.09482148394697965,-0.11779576973583006
P7_test_202605_06,20260515_3_07,20260515,True,0.22796798669439103,0.20241764514688565,0.22397576236282557,0.206346761409647,0.20630291258751376,20260515,0.1188720966681478,0.08197978083450996,0.09985967166963605,0.08219230407182909
P7_test_202605_06,20260515_3_08,20260515,True,0.02899459645608349,0.03519595284980118,0.02949097967040028,0.03461847715138633,0.03492899087439422,20260515,-0.1938216166114186,-0.16030311853852153,-0.18620768493689166,-0.16923272575870119
P7_test_202605_06,20260516_1_01,20260516,True,0.18278887030612676,0.19463918887522683,0.18345796950238127,0.19277762210719027,0.20884355189181716,20260516,-0.06281575853214849,-0.04955171530573588,-0.13325364348895152,-0.12959982389013014
P7_test_202605_06,20260516_1_02,20260516,True,0.507163122197809,0.5292514886872542,0.515395927858466,0.5329850599606417,0.5350068413222454,20260516,-0.04263103095622278,-0.033557996427629244,-0.05344684245337927,-0.03734413707970241
P7_test_202605_06,20260516_1_04,20260516,True,0.3608881247478487,0.35005265991426376,0.3695028638670648,0.3562456548560603,0.36516953048270145,20260516,0.030484406493368477,0.03653795640012658,-0.011793706269721316,0.011796778186393131
P7_test_202605_06,20260516_1_05,20260516,True,0.10745861991256475,0.09510679073713395,0.10289740696775468,0.09371402447541932,0.12352177050347453,20260516,0.12210546913578701,0.09348459071154291,-0.1393115774961724,-0.1826849769264296
P7_test_202605_06,20260516_1_06,20260516,True,0.21674413519399016,0.23269660442402762,0.22021752573508174,0.2328405463973559,0.2662131237135462,20260516,-0.07101792076022106,-0.05573805786622321,-0.2055796475809022,-0.18968139374791537
P7_test_202605_06,20260516_1_07,20260516,True,0.06125837883598811,0.06588016606429124,0.05531086672943907,0.06702693374559893,0.07789942344191762,20260516,-0.0727367886238035,-0.19212514053826135,-0.24031791419904192,-0.34244915731338477
P7_test_202605_06,20260516_1_08,20260516,True,0.10982417444344725,0.12238724717887106,0.09748493570586879,0.11596458455938638,0.09595096526299055,20260516,-0.10830950211986767,-0.17358697848286253,0.135043390349586,0.01586057802021079
P7_test_202605_06,20260516_1_09,20260516,True,0.2589282316845926,0.27685632291123446,0.2557847224253718,0.27498964180902324,0.24277475047296493,20260516,-0.06694775621210569,-0.07239726813282776,0.06441686488999365,0.05220210200736486
P7_test_202605_06,20260516_1_10,20260516,True,0.2851891705946381,0.2718020448171449,0.27826541780025166,0.26851282221861533,0.2678489614860401,20260516,0.04807869162153566,0.03567673069184685,0.06272947145489005,0.03815215340740963
P7_test_202605_06,20260517_1_01,20260517,True,0.11913117989526535,0.1193724542877461,0.11881951355636164,0.11909325157593645,0.09878505922328935,20260517,-0.0020232352065541193,-0.002301163959971486,0.18727886714648534,0.18465927808279847
P7_test_202605_06,20260517_1_02,20260517,True,0.5367900524177248,0.5486012339278337,0.5406896681765594,0.5609177183943405,0.5643601557919268,20260517,-0.021764773509226232,-0.03672873726790504,-0.05008556757332372,-0.04284713382657768
P7_test_202605_06,20260517_1_03,20260517,True,0.4670613375202381,0.4857044179148862,0.4610048360097519,0.485778105697053,0.44084382924593546,20260517,-0.03913965251449314,-0.052343413798269456,0.05776990873603638,0.04471784916694277
P7_test_202605_06,20260517_1_04,20260517,True,0.04822642268102612,0.0504388871976557,0.04712527004038256,0.04951780521750115,0.04262607046773112,20260517,-0.04485538969199121,-0.04952293020962584,0.12344101035841337,0.10034332715085226
P7_test_202605_06,20260517_1_05,20260517,True,0.09236280415065448,0.09351624342965344,0.09091620787059126,0.09208203913161485,0.10958199069808258,20260517,-0.012410802606751759,-0.012741619689752959,-0.1709486974444654,-0.18673475286797192
P7_test_202605_06,20260517_1_06,20260517,True,0.40370952342111077,0.39929779058419623,0.4065348452674221,0.40549535632903794,0.3673761214029444,20260517,0.01098813709154145,0.0025602237555679697,0.094309440713497,0.10128346831989543
P7_test_202605_06,20260517_1_07,20260517,True,0.19377494752894198,0.1991015907640114,0.195257803121975,0.19780298136560473,0.18646293045751094,20260517,-0.027117779428158517,-0.01295073900747612,0.03846496635937635,0.04608829766972655
P7_test_202605_06,20260517_1_08,20260517,True,0.010099825143284885,0.009625458994620044,0.008990286001260783,0.009279287217709936,0.009539566034828011,20260517,0.048106544361743886,-0.03164007416832515,0.057070115737499094,-0.05930333417036415
P7_test_202605_06,20260517_1_09,20260517,True,0.17232189296100897,0.1707652274342161,0.1725618003199063,0.1684928809175945,0.2159733082747532,20260517,0.009074524320306088,0.02386193588208596,-0.22579062874883316,-0.22439939221160565
P7_test_202605_06,20260517_1_10,20260517,True,0.24684882820426093,0.26706219026859984,0.25377833541168254,0.26865130602160336,0.259053820723087,20260517,-0.07870543593384549,-0.056953087818418124,-0.04825972443281934,-0.020574651362563756
P7_test_202605_06,20260517_3_01,20260517,True,0.6993141563221026,0.6625192870640914,0.6814176582405127,0.6656042682284962,0.6552947692869107,20260517,0.05405040807958622,0.023480117448809235,0.06501491421773653,0.03909025569011959
P7_test_202605_06,20260517_3_02,20260517,True,0.1392245861060966,0.11966558511834353,0.130209368636667,0.11734713812884967,0.11664652941786378,20260517,0.15138729485843117,0.10400714840406833,0.1769401107018309,0.10999543699289349
P7_test_202605_06,20260517_3_03,20260517,True,0.08939582333515439,0.09266764914367318,0.1170449310946415,0.09877259406874017,0.08598560691794814,20260517,-0.0359454649942168,0.1697377092219523,0.03889404141414632,0.30837796670058415
P7_test_202605_06,20260517_3_04,20260517,True,0.6104111504020558,0.5946380173710586,0.6206918284402508,0.6035094458123855,0.562717208430786,20260517,0.02617990092774347,0.028073016127609596,0.08135553930853401,0.09805750039776084
P7_test_202605_06,20260517_3_05,20260517,True,0.24867966742791053,0.28252823752867934,0.24727031888026896,0.284242299794671,0.2956334913255242,20260517,-0.12761290939429548,-0.13934489608931,-0.17295489008288278,-0.17863833551176334
P7_test_202605_06,20260517_3_06,20260517,True,0.6867155512026297,0.6978296962113598,0.695188720153014,0.6988612497815471,0.6542574081772358,20260517,-0.01605492310318235,-0.005268875870796719,0.04841929714749199,0.060682483987193836
P7_test_202605_06,20260517_3_07,20260517,True,0.21037248514427712,0.20472439713244306,0.214788620078878,0.20956802605295324,0.17018670644893535,20260517,0.027215027898517485,0.024605988729596184,0.21198359066431705,0.23275827446418473
P7_test_202605_06,20260522_3_01,20260522,True,0.08502225196337784,0.08254913243844435,0.0851492499784654,0.07884659095573054,0.08620904696508096,20260522,0.02951934925163524,0.07690152090671276,-0.013862115319327462,-0.012369526522545637
P7_test_202605_06,20260522_3_02,20260522,True,0.24028171390562153,0.26337997471319247,0.24127969746230588,0.2650227841503396,0.2283520300810054,20260522,-0.09178571736506491,-0.09385896928366866,0.050923613099880916,0.05506840112418687
P7_test_202605_06,20260522_3_03,20260522,True,0.49976560960240124,0.5057711486856001,0.5111412365861965,0.5120224437348327,0.49968500626441503,20260522,-0.011945083940305135,-0.001722514947447129,0.00016129528939468063,0.02266803212538049
P7_test_202605_06,20260522_3_04,20260522,True,0.24601860480933951,0.22765100082981637,0.23831390218814572,0.22556748334967008,0.20911105037557046,20260522,0.07759340425449635,0.05496934627445205,0.1625417100160682,0.13072326905889708
P7_test_202605_06,20260522_3_05,20260522,True,0.6699326201798204,0.6607324935102956,0.6577399590060474,0.6531805169274876,0.5830618564556951,20260522,0.013828082175215028,0.0069561205996750974,0.1388838594427163,0.12051637314530989
P7_test_202605_06,20260522_3_06,20260522,True,0.3042597323787325,0.30739789764143777,0.3060837238602526,0.3067955994417525,0.3068672775505147,20260522,-0.010261272464824556,-0.0023230540648870868,-0.008533613973553678,-0.002556661512153502
P7_test_202605_06,20260522_3_07,20260522,True,0.046258473181625855,0.04593899513346063,0.0517890186353778,0.052144775909694026,0.06351287706879243,20260522,0.006930327539327763,-0.006845870783045882,-0.31699802271907096,-0.2040645424895633
P7_test_202605_06,20260522_3_08,20260522,True,0.10707990487036684,0.11106789815698338,0.10169294104301381,0.10589417146551866,0.11153137091042616,20260522,-0.03656637915711025,-0.04048232195661816,-0.04073057453046136,-0.09234801374544332
P7_test_202605_06,20260523_1_01,20260523,True,0.10627018467982961,0.10297269360781387,0.10099381832766653,0.09788898333709675,0.10869180877057294,20260523,0.031520920741215264,0.03122529684095454,-0.022531671772184403,-0.07345712469965049
P7_test_202605_06,20260523_1_02,20260523,True,0.5059002879257363,0.5036759207259071,0.5073516126492881,0.5045822916503628,0.46883207796696647,20260523,0.004406543617200498,0.005473337538414169,0.07609492881407431,0.07895961767425952
P7_test_202605_06,20260523_1_03,20260523,True,0.02392408462777458,0.02381929752198059,0.022067563902603123,0.022647057939357618,0.02801609528617712,20260523,0.0043896041434128286,-0.02592111750315551,-0.15789350013699632,-0.2386703429849013
P7_test_202605_06,20260523_1_04,20260523,True,0.01788063838518091,0.01921515426963932,0.016853145061346657,0.018348019612304256,0.019707790153593703,20260523,-0.07198077961210014,-0.08498435573492635,-0.09729552386997842,-0.15647670694080418
P7_test_202605_06,20260523_1_05,20260523,True,0.14644446672662279,0.1524237102258631,0.1528814674535171,0.15529059831384423,0.1271326687933471,20260523,-0.04001792018056349,-0.01563529084055526,0.14141511250669092,0.18443172123981144
P7_test_202605_06,20260523_1_06,20260523,True,0.18711093824532415,0.1991579454566622,0.19236552552667405,0.201238711171821,0.21190851945719197,20260523,-0.062396512078103816,-0.04509448024676699,-0.1244529759509494,-0.0967573286271084
P7_test_202605_06,20260523_1_07,20260523,True,0.6398296374186608,0.6743607136990905,0.6199299946193867,0.6744608249833431,0.6638701499603198,20260523,-0.05256320189736463,-0.08430703411720558,-0.03688462367881862,-0.06848001330404574
P7_test_202605_06,20260523_1_08,20260523,True,0.22418008611390744,0.22904423994461892,0.2343623301264703,0.23561451762387936,0.21623885837573942,20260523,-0.021465487705730757,-0.005328732538340875,0.036066062198499615,0.08048471461363382
P7_test_202605_06,20260523_1_09,20260523,True,0.28673307948766097,0.29428591306499885,0.2980459079621319,0.3016426646862017,0.27639408841671376,20260523,-0.026000041812814345,-0.011995559085687058,0.03672404249730166,0.07541982432301597
P7_test_202605_06,20260523_1_10,20260523,True,0.09489742972856476,0.09914609446876936,0.0942614094935139,0.09780809534992972,0.10377273147972105,20260523,-0.043797842810755494,-0.03693547351872928,-0.08940661246109549,-0.09613135907635773
P7_test_202605_06,20260524_1_01,20260524,True,0.42351121358184657,0.4347135940760808,0.4211859600912551,0.4353891321202414,0.5026469539189736,20260524,-0.026107417729472226,-0.033165741222062506,-0.17130805069621502,-0.17681359620166504
P7_test_202605_06,20260524_1_02,20260524,True,0.17818123449201148,0.17881098233010234,0.17690128318406945,0.17768597649189133,0.20448600445311835,20260524,-0.003528079670311879,-0.004425960422228314,-0.1376983316481286,-0.14490768039372326
P7_test_202605_06,20260524_1_03,20260524,True,0.12123149350186498,0.12042775891519644,0.11768848910663907,0.11905920094222978,0.12146977589578636,20260524,0.006651825180976179,-0.011579645416004425,-0.0019635865199578717,-0.03162426287638098
P7_test_202605_06,20260524_1_04,20260524,True,0.18291410304018788,0.18361728906883595,0.17623663771965772,0.17905588319539023,0.18485239627739908,20260524,-0.0038369804415296915,-0.015870329278049322,-0.010540988307243815,-0.04773002419848438
P7_test_202605_06,20260524_1_05,20260524,True,0.4466103352086172,0.45698951829875334,0.45221831496939746,0.45837336249672506,0.4152363283005782,20260524,-0.02297397362316289,-0.0135189930291717,0.07283865718795235,0.08531723701516825
P7_test_202605_06,20260524_1_06,20260524,True,0.09919976992366236,0.09326824043163,0.11814965743770911,0.10389948798030457,0.09885166394643632,20260524,0.06165604772911504,0.12852813415583952,0.003515312450892427,0.17833172172478484
P7_test_202605_06,20260524_1_07,20260524,True,0.3250664996107156,0.35218392268644083,0.3308968227133852,0.3516745338025284,0.31934416234025353,20260524,-0.08012377118452352,-0.06089951506692248,0.017760375562994035,0.03553721290442491
P7_test_202605_06,20260524_1_09,20260524,True,0.2867449543571475,0.2787741051605669,0.27759870319858926,0.2740533019369083,0.26595098174157455,20260524,0.028191364942207198,0.012853937061407583,0.07528114725686308,0.04286454451372146
P7_test_202605_06,20260524_1_10,20260524,True,0.14734541130794362,0.14161256380507012,0.1446089285036226,0.1417195558564639,0.15097490112072248,20260524,0.03968466249236924,0.02018290799854361,-0.024334038002786107,-0.04308055121576304
P7_test_202605_06,20260524_3_01,20260524,True,0.1788807667479415,0.1841204842983773,0.17593288819234865,0.1812271465358651,0.1744590413449471,20260524,-0.028870872947386994,-0.029648592477652835,0.025029482334004705,0.00841261122422754
P7_test_202605_06,20260524_3_02,20260524,True,0.07639090056797473,0.08003833879768629,0.07847477623713807,0.07842724672036122,0.07769971929500183,20260524,-0.0466421682827689,0.0006058496548964065,-0.016988058124349337,0.009925606643411466
P7_test_202605_06,20260524_3_03,20260524,True,0.6117639574445837,0.5974308355271805,0.6093187813345123,0.6159337767341128,0.5643161681872537,20260524,0.023707996999100867,-0.010797871227975098,0.08073184134158717,0.07672690490165018
P7_test_202605_06,20260524_3_04,20260524,True,0.14375807954529626,0.15773289968113116,0.14524882206216605,0.15518538069017712,0.17852880438461743,20260524,-0.09277121052754267,-0.06617212075620649,-0.21661807367211527,-0.20630167133037425
P7_test_202605_06,20260524_3_05,20260524,True,0.12275180040095604,0.1309207528356693,0.12463004878364942,0.13315833708076277,0.12480474085533867,20260524,-0.0644277661806485,-0.06618918523396955,-0.016586009052089956,-0.0014007035706913307
P7_test_202605_06,20260524_3_06,20260524,True,0.1656200500069524,0.1494604235068014,0.16667695211935932,0.15117708371090224,0.16632488507958104,20260524,0.10266467746570096,0.09760563106603248,-0.004246705145381169,0.0021145058773126557
P7_test_202605_06,20260524_3_07,20260524,True,0.5392945949140663,0.452809384392927,0.5209332784470311,0.45516758550481595,0.39862269618045665,20260524,0.17479072795894202,0.13495629822265798,0.30224663398462603,0.267606623253408
P7_test_202605_06,20260529_3_01,20260529,True,0.08167265601404394,0.08975927621121076,0.07036703515743313,0.08339587271561133,0.06903114825019042,20260529,-0.09441212000635701,-0.1698739174219277,0.16816143148298446,0.019167076243864045
P7_test_202605_06,20260529_3_02,20260529,True,0.08130156522871591,0.07453877030282678,0.0853582300979882,0.06954456735664638,0.08007185358300664,20260529,0.08684587210393335,0.20488906823534325,0.01524086752582976,0.06393247087054421
P7_test_202605_06,20260529_3_03,20260529,True,0.04383897773429777,0.035646169457698884,0.04194664829022726,0.035373139610113756,0.03026937792681562,20260529,0.20688163176797225,0.1704457679375877,0.3703867522563842,0.32626195998425667
P7_test_202605_06,20260529_3_04,20260529,True,0.15030162415785403,0.1415247141907678,0.14360720365307092,0.13780820201546432,0.13208091538753916,20260529,0.0601697423831018,0.041218942105434975,0.12922937266575119,0.08366708992928973
P7_test_202605_06,20260529_3_05,20260529,True,0.48544692261649863,0.49008421479038705,0.49728573912345986,0.49570460772126246,0.4703228648290544,20260529,-0.009507286699195094,0.0031845883366108385,0.031650551248015635,0.0557453833935625
P7_test_202605_06,20260529_3_06,20260529,True,0.018637565952467086,0.01805023521203483,0.018041323305583026,0.017621190798475492,0.016918781890637197,20260529,0.03202050295004044,0.02356266548143715,0.09675485947430618,0.0642405066048406
P7_test_202605_06,20260529_3_07,20260529,True,0.03048408856771918,0.030758924947002234,0.029314589666601106,0.02977206769121942,0.036011663905666444,20260529,-0.00897533313591703,-0.01548529521758013,-0.16663802217648538,-0.20575755042866817
P7_test_202605_06,20260529_3_08,20260529,True,0.352718709364974,0.3281834441000817,0.3473193122447044,0.33529386897619057,0.29484639231049364,20260529,0.07209814911285406,0.03523719689665805,0.17921636525654416,0.1637900483186785
P7_test_202605_06,20260530_1_01,20260530,True,0.5416855248179695,0.5624436091574265,0.5304628877606644,0.5571259747027206,0.5727863939966357,20260530,-0.03760525812811444,-0.04904138227658528,-0.05582724132856598,-0.07676286335572324
P7_test_202605_06,20260530_1_02,20260530,True,0.07173989170774697,0.06412485060163343,0.09284088492467717,0.06844588570622498,0.06458634922910744,20260530,0.112214988903788,0.30484366970683263,0.10504388637685924,0.3628840368625137
P7_test_202605_06,20260530_1_03,20260530,True,0.5441983933010857,0.5577704849881937,0.5525389114062594,0.5618656049228313,0.5322428987131729,20260530,-0.024633686602139382,-0.016738825351243714,0.022213912268762237,0.03742389712579619
P7_test_202605_06,20260530_1_04,20260530,True,0.5650242232649513,0.533845838232717,0.5632736349144528,0.5456760640359396,0.5307127518634227,20260530,0.05676149843031797,0.03174002974108536,0.06264768533349441,0.059544622179542595
P7_test_202605_06,20260530_1_05,20260530,True,0.03997122950405762,0.038529932114427554,0.039696710447177604,0.038364362297727043,0.04681820253634701,20260530,0.036724536174284506,0.03413936047622368,-0.1581121374671075,-0.1650037464017462
P7_test_202605_06,20260530_1_06,20260530,True,0.190834819535066,0.1600947189559073,0.18487324735417882,0.16190914563496248,0.13711340379848666,20260530,0.17564260113740104,0.13263509232438042,0.3305998863145201,0.2988620924471963
P7_test_202605_06,20260530_1_07,20260530,True,0.35459131451624565,0.36097222867952605,0.36322427183602857,0.36586130129465205,0.29650677781311846,20260530,-0.017835126918006816,-0.00723383113059084,0.1788958220101755,0.20295039465669062
P7_test_202605_06,20260530_1_08,20260530,True,0.4060443043288972,0.44173289784492487,0.409524486630135,0.4384611508495865,0.4433336087102286,20260530,-0.0842431182835166,-0.068274514417479,-0.08786027608744129,-0.07932585578241225
P7_test_202605_06,20260530_1_09,20260530,True,0.6802059857753537,0.673956155740841,0.6866025041011642,0.674740457193148,0.6202448111449659,20260530,0.009230614590150177,0.01742741905187284,0.09228141576776755,0.101641271331117
P7_test_202605_06,20260530_1_10,20260530,True,0.23899678514143427,0.227398458623051,0.2374513494836694,0.2282289092550716,0.2577711993333787,20260530,0.04974629751925663,0.039613644955502236,-0.0756222666211186,-0.08210960895913577
P7_test_202605_06,20260531_1_01,20260531,True,0.43351767487164006,0.4329896649268653,0.4310663274385734,0.43553215821074903,0.49683834535450844,20260531,0.0012187086845676376,-0.010306665379274493,-0.13633214445870334,-0.1420027420992822
P7_test_202605_06,20260531_1_02,20260531,True,0.22535262152468746,0.24920100309245624,0.23784999982744584,0.255773422481428,0.24173314131454596,20260531,-0.10059342996196952,-0.0726517619905016,-0.07016801367704573,-0.01619417371808418
P7_test_202605_06,20260531_1_03,20260531,True,0.07075987593963472,0.07353804678910547,0.06858782253828492,0.07335905138170834,0.08545008942248836,20260531,-0.038510799642397675,-0.06725089190761757,-0.1886403400156298,-0.21981745109490003
P7_test_202605_06,20260531_1_04,20260531,True,0.12953706188633018,0.13934801460861554,0.13397566436298178,0.1415042579074737,0.11631627924440772,20260531,-0.07300747394338769,-0.054671633622977334,0.10765400633183742,0.1413451481914576
P7_test_202605_06,20260531_1_05,20260531,True,0.13873152901928526,0.12692125486708555,0.1324017475655521,0.12413507852364569,0.1297658981263767,20260531,0.08897376584201377,0.06447052691719435,0.06680857612711288,0.020108799099101127
P7_test_202605_06,20260531_1_06,20260531,True,0.140375197160268,0.1256816844581215,0.13443298026692263,0.12306236972809736,0.12811985406375415,20260531,0.11056642097158775,0.08837448906139089,0.09135263190187182,0.04809960119565737
P7_test_202605_06,20260531_1_07,20260531,True,0.08509884541118068,0.0803318957119452,0.09389809673769517,0.08067187859126942,0.0821407628241476,20260531,0.057646719090616916,0.15182007093769645,0.03537907268795326,0.1337757216115154
P7_test_202605_06,20260531_1_08,20260531,True,0.30268422693253083,0.27191456221127636,0.29658462719781037,0.2713428336339313,0.2500181602795398,20260531,0.10720219931382302,0.08894950816470693,0.1911565504075592,0.17079904193688278
P7_test_202605_06,20260531_1_09,20260531,True,0.09184967663456817,0.09149750090418594,0.09886815715378985,0.09578301215267844,0.09684905390584081,20260531,0.0038416316872842415,0.03170187357137255,-0.05300033007788407,0.020633595500491708
P7_test_202605_06,20260531_1_10,20260531,True,0.2555389809994566,0.25166649402288227,0.2360393850765683,0.25133102594594847,0.2657132314572038,20260531,0.01527019094018267,-0.06277222169192598,-0.039042684490813384,-0.11841897299051674
P7_test_202605_06,20260531_3_01,20260531,True,0.5043581308001422,0.5062788256426715,0.5131255459613852,0.5219756341083875,0.5234246705496219,20260531,-0.0038009636253507617,-0.01710036464082676,-0.03710653144287557,-0.01987257995927716
P7_test_202605_06,20260531_3_02,20260531,True,0.6124341707094215,0.6394581041777747,0.6218417976659987,0.646279497328076,0.6158679854625988,20260531,-0.04317964521812673,-0.03854635281585539,-0.0055911710019347916,0.009653084547648072
P7_test_202605_06,20260531_3_03,20260531,True,0.09415954751800491,0.07490121177418918,0.09414163651510883,0.07834555385096663,0.11155689537793018,20260531,0.22882058852882814,0.18367119974989876,-0.16954407572152963,-0.16973431353699597
P7_test_202605_06,20260531_3_04,20260531,True,0.4375860495155506,0.45761872747900156,0.4499612978896891,0.46801470906552717,0.44259243056019265,20260531,-0.04476299359828595,-0.039338150674770866,-0.01137595419219073,0.016512249119219113
P7_test_202605_06,20260531_3_05,20260531,True,0.027604141604070605,0.028582730575639533,0.026907779925494837,0.02786764922771173,0.03368846123093841,20260531,-0.03483688983885136,-0.03505102881470279,-0.1991895624351092,-0.22473992066522808
P7_test_202605_06,20260531_3_06,20260531,True,0.06160684493245524,0.05047676469483088,0.05580529024177238,0.04980106979098781,0.04886328765499292,20260531,0.19925985805192425,0.11383220654694748,0.2317466325845281,0.1328423212785208
P7_test_202605_06,20260531_3_07,20260531,True,0.2268839316742487,0.23648792875158509,0.2223971220662824,0.2373487585878422,0.29455407587118015,20260531,-0.04145859290447018,-0.06506599273849067,-0.2610240329873106,-0.28099798354941674
P7_test_202605_06,20260605_3_01,20260605,True,0.16070076230201633,0.15365600001279672,0.15785980872011063,0.1522427906074466,0.18609806612427723,20260605,0.0448276786805859,0.036230799436840266,-0.14672975563336732,-0.16456641942613803
P7_test_202605_06,20260605_3_02,20260605,True,0.4944644569084226,0.48091293019958953,0.4863427558203487,0.48099416186621624,0.4431444042962802,20260605,0.02778903622733786,0.011058501672089882,0.1095795856563807,0.09301794821705978
P7_test_202605_06,20260605_3_03,20260605,True,0.06031980528903735,0.07215580386037883,0.06890413835157128,0.08216479268479786,0.0836585929145044,20260605,-0.17916722784231798,-0.17601065809930505,-0.3270836510499122,-0.19402790740383846
P7_test_202605_06,20260605_3_04,20260605,True,0.47159843178517424,0.4419559805532501,0.4603971441573127,0.4483485217555262,0.3846332331758927,20260605,0.06491755774094188,0.02651859355307995,0.20383760421530783,0.17979923473341453
P7_test_202605_06,20260605_3_05,20260605,True,0.18093101409481907,0.17543077382208674,0.18122725528745795,0.17683802118127176,0.16387362454166507,20260605,0.030871307083347732,0.024517618777838646,0.09902027230653476,0.10065624908108872
P7_test_202605_06,20260605_3_06,20260605,True,0.47051865922897423,0.4541192402160068,0.47981479090905604,0.4642576851427908,0.44211605132997517,20260605,0.03547580933243066,0.03296042318457526,0.062263209351519855,0.08182776998394814
P7_test_202605_06,20260605_3_07,20260605,True,0.09436897356920881,0.0973778075303298,0.0964409448378585,0.09760258683360828,0.12224460728817034,20260605,-0.031385986612445294,-0.01197314708815167,-0.25881166590981586,-0.23709316479743903
P7_test_202605_06,20260605_3_08,20260605,True,0.13605452814730132,0.1348685025052682,0.13362993490385086,0.1326170451074806,0.12428025647004008,20260605,0.0087554994182093,0.0076086848598069245,0.09051659947010648,0.07253515148596845
P7_test_202605_06,20260606_1_01,20260606,True,0.038718819833552194,0.03964965498792369,0.03839279811592963,0.039157589670873696,0.041696444356050015,20260606,-0.023756464164995883,-0.01972437203330868,-0.0740900754897913,-0.08254596498846745
P7_test_202605_06,20260606_1_02,20260606,True,0.1581407816231691,0.16737394401771818,0.16205440698822166,0.16769703740815373,0.17000952844256353,20260606,-0.05674483567820565,-0.03422687819619563,-0.07236882590854843,-0.0479223606864978
P7_test_202605_06,20260606_1_03,20260606,True,0.03883554914528831,0.04119254364156314,0.03797811353251199,0.04056028871365449,0.03972600971205962,20260606,-0.05892121815785778,-0.065779443317179,-0.022670087401752692,-0.044996095519723944
P7_test_202605_06,20260606_1_04,20260606,True,0.13221498962344322,0.12881138369718856,0.13058928915315335,0.12728642166652077,0.10907470343764585,20260606,0.026080114439462232,0.025617365044240614,0.19239630682511155,0.18002420074803416
P7_test_202605_06,20260606_1_05,20260606,True,0.11828969464031446,0.1164988684655474,0.11396022147019208,0.11416972799370939,0.11339781573669326,20260606,0.01525509488810517,-0.0018367301874087083,0.04223452557765217,0.004947323503741163
P7_test_202605_06,20260606_1_06,20260606,True,0.07950530750002917,0.07669695692454118,0.07364094074854416,0.0714394281095173,0.09990966905950918,20260606,0.035961747890966844,0.030351199899654624,-0.22844268791486,-0.30506533710345707
P7_test_202605_06,20260606_1_07,20260606,True,0.06627608868144777,0.05831173624180177,0.0628447550056618,0.05694167771025812,0.05310987041538183,20260606,0.12802579792255786,0.09863993303449092,0.22146638426638132,0.1683046844763667
P7_test_202605_06,20260606_1_08,20260606,True,0.11322729281345886,0.11159792553359667,0.10969970628845026,0.10981985179779265,0.10292733216552538,20260606,0.014494777935104342,-0.0010946224781638314,0.09537401301872839,0.06372346358839565
P7_test_202605_06,20260606_1_09,20260606,True,0.10752223243107488,0.10669723271938183,0.10774145038856624,0.10587210495823265,0.13649460076827416,20260606,0.0077024166767918345,0.017502570455549815,-0.23858741953440687,-0.23655067993763068
P7_test_202605_06,20260606_1_10,20260606,True,0.19804642804103897,0.209151158450021,0.19734211018250122,0.207017890443625,0.22159741032616342,20260606,-0.05455574845772171,-0.047866394291637304,-0.11236078028810503,-0.11592344604806892
P7_test_202605_06,20260607_1_01,20260607,True,0.31653230467907273,0.3232671537284777,0.31735277526265077,0.3211711671272592,0.27751334078206247,20260607,-0.021053777817522823,-0.011960201108446533,0.13155629795063284,0.13414500390927486
P7_test_202605_06,20260607_1_02,20260607,True,0.23857660077801554,0.2301873423895931,0.23094379813529212,0.23035227083778886,0.24243764679370253,20260607,0.03579692652773736,0.0025646332648932013,-0.016054114662581442,-0.048570167886525795
P7_test_202605_06,20260607_1_03,20260607,True,0.35182390532319874,0.3649041802538282,0.36420349616156994,0.3680829649682937,0.40263177849425197,20260607,-0.036504017811956,-0.01059559423026879,-0.1348916618070154,-0.10030967644823352
P7_test_202605_06,20260607_1_04,20260607,True,0.0512090691425087,0.04360927827221187,0.04984080583894225,0.04369760052032227,0.03655783661762012,20260607,0.16064671592524826,0.13154085027432538,0.3370210766926518,0.30993847151012366
P7_test_202605_06,20260607_1_05,20260607,True,0.25869117662027347,0.2710745899248609,0.26641423503702755,0.27520161104519614,0.29515147456905694,20260607,-0.046759040581946465,-0.032451588068380444,-0.13185371567163218,-0.10243632561073435
P7_test_202605_06,20260607_1_06,20260607,True,0.1975733344291565,0.20539767629535158,0.20846474630339049,0.20958831521556057,0.21657234918053495,20260607,-0.038838155373417615,-0.005375258410485806,-0.09181483898486942,-0.0381547235065145
P7_test_202605_06,20260607_1_07,20260607,True,0.08204904574144935,0.07864466645114278,0.09644925760947043,0.08491562338413221,0.07979473984958084,20260607,0.04237737377302064,0.12735894476581722,0.02785960164941592,0.1895594565565979
P7_test_202605_06,20260607_1_08,20260607,True,0.3026987631351176,0.3044973922311436,0.28738479879832507,0.30349084320481107,0.3207907130059435,20260607,-0.0059243931005894535,-0.05452935928094571,-0.058050796179239805,-0.10996684598673245
P7_test_202605_06,20260607_1_09,20260607,True,0.3013271246306101,0.2620915710644069,0.28963226704628153,0.2566548776855625,0.3084142718930799,20260607,0.13950251683298043,0.12087977963404883,-0.023247450423490745,-0.06283184416973997
P7_test_202605_06,20260607_1_10,20260607,True,0.13324693707260837,0.1191805485126404,0.12674857935280798,0.11894080076840498,0.11078540832016237,20260607,0.11156451876331053,0.06357953735000654,0.18460900468044095,0.13461036236717439
P7_test_202605_06,20260607_3_01,20260607,True,0.2154705685639676,0.26812711914519666,0.22521663018505345,0.2679627795292033,0.24842246616564248,20260607,-0.21863686579500086,-0.17378534868063622,-0.14230646204265662,-0.09806804963907889
P7_test_202605_06,20260607_3_02,20260607,True,0.16900516491290254,0.15767558179501145,0.1638468272317368,0.15716292860777126,0.1141736087188109,20260607,0.0693896336912152,0.041648982019864444,0.3922091025891885,0.3612118376168525
P7_test_202605_06,20260607_3_03,20260607,True,0.23138124287709708,0.23598877557325165,0.24151005770370693,0.24145195292601074,0.2637849431063494,20260607,-0.019717490593976317,0.0002406184200731687,-0.1310674095558193,-0.08822304269443393
P7_test_202605_06,20260607_3_04,20260607,True,0.10781321245097414,0.11116232568226075,0.10282933059000683,0.10663633594375893,0.11093390056941194,20260607,-0.030591311145373723,-0.036353686813809905,-0.02853431812710383,-0.07586390422255196
P7_test_202605_06,20260607_3_05,20260607,True,0.20509865871149735,0.22518930379701246,0.20117259332732304,0.21993673061098212,0.22197145670821386,20260607,-0.0934502733003797,-0.0891767039787148,-0.07905767484329429,-0.09838558733923874
P7_test_202605_06,20260607_3_06,20260607,True,0.39379201307745376,0.3677031497501781,0.4026341973479054,0.37510824368931084,0.41610963609561935,20260607,0.06854692996955769,0.07081381669279174,-0.05512588951822295,-0.032920322995271034
P7_test_202605_06,20260607_3_07,20260607,True,0.11484654699685662,0.13555331034713547,0.10685374076834742,0.1303962339924796,0.12719223299094218,20260607,-0.16576813388778144,-0.19911677796677152,-0.10210272429653688,-0.17423859696677146
P7_test_202605_06,20260612_3_01,20260612,True,0.1921826439113249,0.18917045039197444,0.19999968337784044,0.19425850717363935,0.1708439622958917,20260612,0.015797727668819705,0.029126000173510525,0.11769555150195155,0.1575651447095967
P7_test_202605_06,20260612_3_02,20260612,True,0.17009863595589497,0.1730998184888686,0.1755952543818645,0.1760153446449513,0.18630011027363577,20260612,-0.017489933292533344,-0.0023895210447912874,-0.0909803892237655,-0.05917721384607155
P7_test_202605_06,20260612_3_03,20260612,True,0.21947999402264204,0.19701135717198986,0.21253553460397784,0.2005602308249745,0.1728319049766241,20260612,0.10799970726110031,0.05799459129854356,0.23894161034824468,0.20678972144191632
P7_test_202605_06,20260612_3_04,20260612,True,0.35961754168520477,0.31979429253787867,0.3500448281388579,0.32574458916010274,0.3347899639309976,20260612,0.11736312924517245,0.07194762121804055,0.07153772065749586,0.04455786482381874
P7_test_202605_06,20260612_3_05,20260612,True,0.25263825375799126,0.2245320118140464,0.24273486471857317,0.22243699203797218,0.20233122871260117,20260612,0.1179403498894831,0.08732587632263056,0.22205253791851387,0.18206365538618496
P7_test_202605_06,20260612_3_06,20260612,True,0.374398374576363,0.3766259843695289,0.38218059551067096,0.3831700001523596,0.4204653468137079,20260612,-0.005932207921875765,-0.002585495323210951,-0.11604166335254273,-0.0954688065310273
P7_test_202605_06,20260612_3_07,20260612,True,0.28739183110995137,0.2594538466200077,0.28076451586556056,0.2585206537654674,0.24990452367126084,20260612,0.10226771806497181,0.08254070689719306,0.1397676102210792,0.11643735656352461
P7_test_202605_06,20260612_3_08,20260612,True,0.27382910557884765,0.28349958491346816,0.28161972809214175,0.29189371782546913,0.2842414021709024,20260612,-0.03470644947879098,-0.0358320769863123,-0.03731967521539459,-0.009266205777924474
P7_test_202605_06,20260613_1_01,20260613,True,0.136598349718492,0.1481757990689824,0.1350324834337132,0.14603572478410815,0.13838239965032287,20260613,-0.08135453445762364,-0.07833591455659761,-0.012975999000197636,-0.024505497418072508
P7_test_202605_06,20260613_1_02,20260613,True,0.2063639101960677,0.20665522825184013,0.20396563620139557,0.20400312197900405,0.17138171956045117,20260613,-0.001410676053306359,-0.00018376788399754318,0.18574781781470295,0.17405818285897223
P7_test_202605_06,20260613_1_03,20260613,True,0.20789554891624495,0.21386500244909598,0.21672719830033768,0.21649628113063896,0.19955137236425416,20260613,-0.02830920138746662,0.0010660419046111258,0.0409640761342247,0.08256770320765994
P7_test_202605_06,20260613_1_04,20260613,True,0.2629692803550642,0.2686420886770224,0.2711209626587167,0.27326204777746443,0.2752595163544209,20260613,-0.021342747680846985,-0.007866138795162847,-0.04567712787789269,-0.015149270533431736
P7_test_202605_06,20260613_1_05,20260613,True,0.1356766266331509,0.13726862396388625,0.13757669764557173,0.13965464747196818,0.17632692861454305,20260613,-0.011665455843919093,-0.014991008612202705,-0.2620655118077795,-0.2481582582217401
P7_test_202605_06,20260613_1_06,20260613,True,0.11672206880197504,0.11269696098960198,0.11351329754995222,0.11150239853158589,0.10698289876532029,20260613,0.035093173348149875,0.017873886926441873,0.08712663147777366,0.05925099202387507
P7_test_202605_06,20260613_1_07,20260613,True,0.0788223176613528,0.08222517803176763,0.08218290578941351,0.08324947937510822,0.10163497934536826,20260613,-0.042265381433267635,-0.01289455341909207,-0.2541915849697043,-0.21244043911784072
P7_test_202605_06,20260613_1_08,20260613,True,0.14875189936581595,0.15550527894015426,0.14948421197146516,0.1555502239791785,0.15147575578373437,20260613,-0.044399866021217704,-0.039777881548138216,-0.018145771123428522,-0.013234802601423956
P7_test_202605_06,20260613_1_09,20260613,True,0.31826435577099965,0.3144986861337723,0.32374995183417443,0.3196098478441809,0.31776063254531794,20260613,0.011902446394781219,0.012870437792225742,0.0015839733980707038,0.018673092745570496
P7_test_202605_06,20260613_1_10,20260613,True,0.5361934618050169,0.554144100217089,0.5501184568341295,0.5779918356395184,0.5253212345193432,20260613,-0.03292972946759887,-0.04942611228299543,0.020485081405177352,0.046123680351263574
P7_test_202605_06,20260614_1_01,20260614,True,0.14297772123881117,0.14313415355807357,0.14382674040891164,0.1439991080338784,0.11917272159450096,20260614,-0.001093504664644307,-0.001197721792569606,0.18211493983137017,0.1880355007967054
P7_test_202605_06,20260614_1_02,20260614,True,0.2571339174100852,0.2598605583161841,0.2590338731399941,0.2614093855791144,0.2352212570388766,20260614,-0.010548144381962166,-0.009128868119580025,0.08907043808993031,0.09643224696508756
P7_test_202605_06,20260614_1_03,20260614,True,0.1216342922994664,0.12791572610069366,0.12047703432193338,0.1265296171892382,0.14507338716847806,20260614,-0.05035271843086164,-0.04901726051524946,-0.17622079397249513,-0.1857805845623357
P7_test_202605_06,20260614_1_04,20260614,True,0.5172852979677957,0.5238076015779212,0.5251171634997852,0.538307318783372,0.49764464850160545,20260614,-0.0125298884377949,-0.02480821531533728,0.038708290801845346,0.05373514116840872
P7_test_202605_06,20260614_1_05,20260614,True,0.10701737930131677,0.1119540595634998,0.11851121844325004,0.12438663847964408,0.07777664022221643,20260614,-0.04509736002905251,-0.04838714031515501,0.31915011276358163,0.4211664946155307
P7_test_202605_06,20260614_1_06,20260614,True,0.3023621413705182,0.2996674007754144,0.3053582003753743,0.29757487564848323,0.24290834974395029,20260614,0.00895224703579367,0.0258196387962919,0.2189412319376951,0.22880130431749168
P7_test_202605_06,20260614_1_07,20260614,True,0.054197231650658234,0.05683652838780953,0.05291804982010042,0.055167323383825635,0.04634998958057085,20260614,-0.04754939385758661,-0.041626323220986805,0.15640876337209164,0.1325234198827614
P7_test_202605_06,20260614_1_08,20260614,True,0.0837009912297279,0.09003572499021727,0.08303398846188345,0.08587617069113719,0.09037180264742303,20260614,-0.07295571583006666,-0.03365635943660905,-0.07668148105032602,-0.08468227760940295
P7_test_202605_06,20260614_1_09,20260614,True,0.20172119038934883,0.2057411270940498,0.20644851889005242,0.206736689495084,0.19505248763296354,20260614,-0.019732215544939313,-0.0013948739979423586,0.03361780869432107,0.056782388430761666
P7_test_202605_06,20260614_1_10,20260614,True,0.12277390103060278,0.1234198452683841,0.11920539384495006,0.11988427732851616,0.15825656027173263,20260614,-0.0052474583916781725,-0.005678917911749348,-0.25387305447791486,-0.2833695112941006
P7_test_202605_06,20260614_3_01,20260614,True,0.29710008147421374,0.31307339833549475,0.3038248669890455,0.3121449344010685,0.3175422395419921,20260614,-0.05236860582373071,-0.027016173315314918,-0.06654179071137789,-0.04415940744280289
P7_test_202605_06,20260614_3_02,20260614,True,0.2546558788008357,0.24416082933180824,0.2570073495749145,0.24956345417501494,0.2068246607691757,20260614,0.04208599410761682,0.029391473846952954,0.20804175397944613,0.2172332971620572
P7_test_202605_06,20260614_3_03,20260614,True,0.11998817051253366,0.10656197089910231,0.15540018235399047,0.10432950048322918,0.09832290135170633,20260614,0.11866645656479635,0.39844944676718974,0.19913618476535477,0.45774663728672405
P7_test_202605_06,20260614_3_04,20260614,True,0.11196604064616898,0.12671353615713457,0.117644154027228,0.12841490948207465,0.14817747779743717,20260614,-0.12373330110237335,-0.08760207756390859,-0.280215112834159,-0.23074630522342687
P7_test_202605_06,20260614_3_05,20260614,True,0.4651782060775881,0.46646248833040926,0.47154491460807796,0.4738066218594492,0.44934027597264364,20260614,-0.0027570351403529703,-0.004784911177149076,0.0346401173841574,0.04823390285208873
P7_test_202605_06,20260614_3_06,20260614,True,0.13929213240719948,0.1347017007119398,0.13294327630002792,0.13192319906927666,0.12273347084988143,20260614,0.03351069044141597,0.007702615234938648,0.1265582991217411,0.0799074426824582
P7_test_202605_06,20260614_3_07,20260614,True,0.3608211429119028,0.36598466576923083,0.3666124025901424,0.3709688918509107,0.3056075735532525,20260614,-0.014209049158317333,-0.011813043403069212,0.16608054700514674,0.18200332667551566
P7_test_202605_06,20260619_3_01,20260619,True,0.26114976316473254,0.2421978276808908,0.26591548129803433,0.24677599988950036,0.2948285375746278,20260619,0.07533918602226741,0.07469747668843363,-0.12129991081215441,-0.1032154399896954
P7_test_202605_06,20260619_3_02,20260619,True,0.055544092056112916,0.05316513546474253,0.05472327913034968,0.0532289678023795,0.04595344609594302,20260619,0.0437743236984911,0.027686441425890607,0.18954831416748208,0.17466035450968276
P7_test_202605_06,20260619_3_03,20260619,True,0.20352089921718522,0.19061959324052918,0.19087927693588244,0.19221397832081008,0.1812622269412624,20260619,0.06548891483437247,-0.006968051601037084,0.11582394801962592,0.0516964198406884
P7_test_202605_06,20260619_3_04,20260619,True,0.2337369386011139,0.22378059718342658,0.22929874998597174,0.22172784556568367,0.23538948454848566,20260619,0.04353019397087032,0.03357502947279367,-0.007045234295946834,-0.02621578484716136
P7_test_202605_06,20260619_3_05,20260619,True,0.0844283671814097,0.07630741356992625,0.09236287141442669,0.07127316445778122,0.07965246071331124,20260619,0.10113335217354047,0.25920519186814595,0.058230519219911514,0.1480521434185147
P7_test_202605_06,20260619_3_06,20260619,True,0.018030207630668524,0.01903626543197822,0.017571203445372847,0.018425434942002005,0.01795063180163542,20260619,-0.05429731385317016,-0.047470649692510136,0.004423240815430773,-0.021363917994477788
P7_test_202605_06,20260619_3_07,20260619,True,0.44407367299079,0.4291808342504789,0.44572449692248045,0.43350529339800803,0.40386932315242124,20260619,0.03411212365609673,0.027797034264331888,0.09489911073281165,0.09860967315380176
P7_test_202605_06,20260619_3_08,20260619,True,0.08499679524439548,0.09219416741845732,0.08168403874094748,0.09492402531367326,0.08126004250186708,20260619,-0.08128331568561542,-0.15021821957080528,0.04495913917745531,0.0052042049370149
P7_test_202605_06,20260620_1_01,20260620,True,0.022518309286453323,0.02475082159560694,0.023154980920268183,0.024846266309284933,0.026038646858524805,20260620,-0.09452995988268587,-0.07049757619889929,-0.14525312766871012,-0.11737193609998897
P7_test_202605_06,20260620_1_03,20260620,True,0.07884229521794002,0.07916661982023249,0.08789799349242364,0.08169639416679753,0.09735516440740254,20260620,-0.004105148847842077,0.07316711142151222,-0.21091618609325202,-0.10218880303921773
P7_test_202605_06,20260620_1_04,20260620,True,0.06272624401947487,0.06398649497108559,0.05884160036583355,0.06329248821116051,0.08289856551508573,20260620,-0.019892120046932416,-0.07291755849149473,-0.2788378332238852,-0.34276866422588936
P7_test_202605_06,20260620_1_05,20260620,True,0.2873128598571808,0.29820228450956177,0.29426059452151443,0.3017354432626556,0.30846732790850634,20260620,-0.03720033723949556,-0.02508486709928648,-0.0710442053839837,-0.04715018078060296
P7_test_202605_06,20260620_1_06,20260620,True,0.03287062506875239,0.03777468599606932,0.031939434594750446,0.03675210332910791,0.03369609372401721,20260620,-0.13905979175857208,-0.14035401694150185,-0.024802513520230107,-0.05354047688126151
P7_test_202605_06,20260620_1_07,20260620,True,0.4718900461725201,0.4810842924230449,0.45743421495836367,0.4852652629676096,0.4760013141747834,20260620,-0.019296493451594898,-0.059062593441739475,-0.008674609675539346,-0.03978753316328587
P7_test_202605_06,20260620_1_08,20260620,True,0.12578058823825378,0.13194479296259837,0.12444400295203531,0.13077619054876566,0.14081840991799704,20260620,-0.04784457414213561,-0.04963155377027206,-0.11293216160741393,-0.1236153481953437
P7_test_202605_06,20260620_1_09,20260620,True,0.5772426877566624,0.5614845861678688,0.5742354849028837,0.562088576605768,0.4738208142386895,20260620,0.027678458146040974,0.021380117539685384,0.19743355958564612,0.19221034344130117
P7_test_202605_06,20260620_1_10,20260620,True,0.1364294984265912,0.1367809855381246,0.1348771302858016,0.13467411353226486,0.12918472842640907,20260620,-0.0025730147712368368,0.0015063317018966238,0.05456460282399256,0.04312083464472494
P7_test_202605_06,20260621_1_01,20260621,True,0.054105577210091106,0.05662831648456076,0.05146278169122881,0.057341157381792185,0.05556740754325709,20260621,-0.04557188005336332,-0.1081597839968449,-0.0266595628132702,-0.07673797331240095
P7_test_202605_06,20260621_1_02,20260621,True,0.17776618167420696,0.18717607409019113,0.17601437785198182,0.18611090411047296,0.21067556529959394,20260621,-0.051580645846287965,-0.05577707063777404,-0.16985024425119977,-0.17975366089050326
P7_test_202605_06,20260621_1_03,20260621,True,0.5149842057804624,0.507947682330731,0.5132679030024421,0.5121946300788481,0.5033949257507303,20260621,0.01375777706902992,0.0020932472535377666,0.02276122911043399,0.019422934236513978
P7_test_202605_06,20260621_1_04,20260621,True,0.14756594704962311,0.13199022532070154,0.13994350406513098,0.1284686821951115,0.12375645874980877,20260621,0.11154730525882695,0.08555364246708352,0.1759595824980753,0.12292320676774438
P7_test_202605_06,20260621_1_05,20260621,True,0.02489229376413749,0.025160760621560686,0.024332362759734,0.02470605739075411,0.03007282633353891,20260621,-0.01072739457134464,-0.015241186961440611,-0.18906371620171836,-0.2118147192887232
P7_test_202605_06,20260621_1_06,20260621,True,0.14905367619282783,0.1569323334537187,0.1486038871139229,0.1580589117586851,0.16646309029450745,20260621,-0.051508231353837974,-0.061683532586524814,-0.11046712095455868,-0.11348931475510993
P7_test_202605_06,20260621_1_07,20260621,True,0.4349788473498079,0.40239955017504675,0.41097695823274993,0.3946536566273086,0.39960732254980774,20260621,0.07785190219465998,0.040528588624879736,0.08481503181859118,0.028054778924902157
P7_test_202605_06,20260621_1_08,20260621,True,0.02153671576586651,0.020577492477153684,0.02159034014983691,0.02060564529766476,0.027032771755907806,20260621,0.045561308416480095,0.046680917545798284,-0.22729071002483892,-0.2248038993456838
P7_test_202605_06,20260621_1_09,20260621,True,0.14080697210821416,0.15761696517596308,0.13808561551125834,0.15722083397138642,0.14909423320354795,20260621,-0.11277785837385679,-0.1297775077953809,-0.05718858333678334,-0.07670464860599902
P7_test_202605_06,20260621_1_10,20260621,True,0.2396618458323034,0.23558905578174766,0.24286396876864194,0.24216964925052287,0.2289429595923188,20260621,0.01713995594442963,0.0028629767776162662,0.045756066325855604,0.05902859951063477
P7_test_202605_06,20260621_3_01,20260621,True,0.4500406412330995,0.4692900003585459,0.45193280910953104,0.46920770121699384,0.49413833264210727,20260621,-0.041883022468159004,-0.03751201378075053,-0.09347761104173735,-0.08928198720956049
P7_test_202605_06,20260621_3_02,20260621,True,0.1881012281829404,0.19040841542168238,0.18535880033713778,0.18855779392587235,0.19065157901952548,20260621,-0.012191054323267503,-0.01711115093906468,-0.013467302863633401,-0.028154160530834638
P7_test_202605_06,20260621_3_03,20260621,True,0.0789874164088223,0.071376536618001,0.08049546400778454,0.06919041323133747,0.09033349218135993,20260621,0.10131935727234431,0.15133851920047015,-0.13421973685989386,-0.11530745556774402
P7_test_202605_06,20260621_3_04,20260621,True,0.05835917168056247,0.05755450923703352,0.0582304254783293,0.05769316449560352,0.059462587141058336,20260621,0.01388404480174854,0.009269292464458623,-0.018730796956123008,-0.02093933455642283
P7_test_202605_06,20260621_3_05,20260621,True,0.3868279867908272,0.3761667324580643,0.38378067148272,0.37784077683310757,0.36131526143725684,20260621,0.027947633154164597,0.015598339825341756,0.06822923803504499,0.060320343787209074
P7_test_202605_06,20260621_3_06,20260621,True,0.10839419255142298,0.09987922434434889,0.10402384865968076,0.09864724957934248,0.10624793917797896,20260621,0.08181281381567285,0.053069835402968835,0.019999101677069753,-0.02115522475613929
P7_test_202605_06,20260621_3_07,20260621,True,0.2573701325102019,0.26030835294172283,0.2538585065320238,0.25805716491202796,0.26825944217442904,20260621,-0.011351648042538631,-0.016404078900277508,-0.041439326934926246,-0.055177529145509
P7_test_202605_06,20260626_3_01,20260626,True,0.2703931201502101,0.2813831732833716,0.27379189700118484,0.28520868300948127,0.307813423758237,20260626,-0.039840445844399275,-0.040852815585325386,-0.12961693179024003,-0.11712551457774034
P7_test_202605_06,20260626_3_02,20260626,True,0.37970447185352924,0.3490316714324001,0.37281241073760896,0.35668866735203963,0.3474003461529864,20260626,0.08423057732695327,0.04421205181244103,0.08891539428495576,0.07059752264554364
P7_test_202605_06,20260626_3_03,20260626,True,0.1341717009051033,0.1502581392090902,0.13575208450658163,0.1519843704941133,0.21025300856914117,20260626,-0.11323441329624151,-0.1129473756853141,-0.44919127847466944,-0.43748129405788183
P7_test_202605_06,20260626_3_04,20260626,True,0.34318193540107544,0.2992662895299699,0.3281542282894038,0.3017195333011383,0.2856521873094333,20260626,0.1369269529746342,0.08398581788066117,0.18348578800367887,0.1387087636232467
P7_test_202605_06,20260626_3_05,20260626,True,0.16750829799758948,0.16734483152198193,0.16877451229478493,0.16860591901476782,0.19998455981125932,20260626,0.0009763473844637272,0.0009994254462004637,-0.17720727230202904,-0.1696765853773059
P7_test_202605_06,20260626_3_06,20260626,True,0.18043669016311908,0.18396752414292838,0.18333161573265228,0.18732410040200217,0.161916670710031,20260626,-0.019379273579867462,-0.021543653117140016,0.10829814466675791,0.12421479622220843
P7_test_202605_06,20260626_3_07,20260626,True,0.09330657937228301,0.11084559519217226,0.09342087341103132,0.10826853009986571,0.12289745756365918,20260626,-0.1722475747946044,-0.14749972666072875,-0.27545970549851706,-0.27423552500102444
P7_test_202605_06,20260626_3_08,20260626,True,0.047456639891947566,0.04299577538364533,0.05746984851407165,0.04630654622235906,0.06249710867020936,20260626,0.09871458578933501,0.2159770984130689,-0.2753038446312335,-0.08385985779258709
P7_test_202605_06,20260627_1_01,20260627,True,0.06642402148219087,0.06626397804079207,0.060373623146341364,0.06257411223777586,0.05502700747936092,20260627,0.002412328463557767,-0.03579934336306234,0.18823465058117428,0.09272819689457679
P7_test_202605_06,20260627_1_02,20260627,True,0.053772718327240086,0.05122534167507797,0.05268828045605482,0.05089725023696533,0.04616541758041781,20260627,0.048531880075521894,0.03458414933088516,0.15253526368929782,0.13216206800523933
P7_test_202605_06,20260627_1_03,20260627,True,0.1307214660117835,0.13593875608270542,0.13136245565216387,0.1358041270184614,0.14531420080576304,20260627,-0.039135615439719995,-0.03325326548583196,-0.10582945423371504,-0.10093796059019278
P7_test_202605_06,20260627_1_04,20260627,True,0.11681881411447402,0.11567087399754757,0.1216311117992898,0.11326459901866906,0.09391012154092512,20260627,0.009875271933610374,0.07126612470756388,0.21828596612598217,0.2586546193762893
P7_test_202605_06,20260627_1_05,20260627,True,0.1504924787223827,0.16450441848730205,0.15401453614095084,0.16544836978524022,0.14561512697849047,20260627,-0.08902432227631496,-0.07161219261725615,0.032946083224556943,0.056079964035770535
P7_test_202605_06,20260627_1_06,20260627,True,0.06529900628205865,0.0660513634098429,0.06551694540837381,0.06384786779048279,0.06879957316174763,20260627,-0.011455854408282118,0.025805629826752607,-0.052220722441731926,-0.04888872316896942
P7_test_202605_06,20260627_1_07,20260627,True,0.48169958535022683,0.47468460464339957,0.4716700385323603,0.4785522068788594,0.42057764006221754,20260627,0.01467005955971401,-0.014485640010898027,0.13569155297672963,0.11465057036146953
P7_test_202605_06,20260627_1_08,20260627,True,0.7007444519934655,0.6986710403098582,0.6714322126411256,0.6951222058051695,0.6528838205286822,20260627,0.002963256033979955,-0.03467460408774098,0.07074407582040632,0.028013864758372198
P7_test_202605_06,20260627_1_09,20260627,True,0.1905626170759966,0.1977320436733174,0.18630851308659205,0.19887216618507142,0.22876333865180035,20260627,-0.03693196023696066,-0.06525826518615174,-0.18270717438284922,-0.20528404135799372
P7_test_202605_06,20260627_1_10,20260627,True,0.2519696704047213,0.24723917167719264,0.24513971890895184,0.2435663292503425,0.23568788569142146,20260627,0.018952550224135667,0.006439024443134489,0.0668003132614603,0.03931991778735866
P7_test_202605_06,20260628_1_01,20260628,True,0.30536655830673914,0.33284987929122495,0.30747506211580017,0.33051576103209634,0.2741763959368506,20260628,-0.08617868989333877,-0.07226036145530057,0.10774120545959898,0.11462230510594207
P7_test_202605_06,20260628_1_02,20260628,True,0.7085902099646317,0.6782077889416439,0.7024152626748138,0.6846607708362903,0.6022665579155283,20260628,0.04382366195857096,0.02560128086417618,0.16257724176827615,0.15382463686288517
P7_test_202605_06,20260628_1_03,20260628,True,0.28981349928519057,0.2821917092184276,0.27709205895222644,0.27905481950862165,0.22147066511403157,20260628,0.026650950297347986,-0.0070584544530361,0.26894746687992654,0.22405965045538112
P7_test_202605_06,20260628_1_04,20260628,True,0.32082799586152844,0.3147374993386554,0.31149399852919235,0.3097670144126045,0.2853300594293183,20260628,0.019166185103891786,0.0055596231823602515,0.11725852763455324,0.08773345823783973
P7_test_202605_06,20260628_1_05,20260628,True,0.32939568703723776,0.3115804675451191,0.33129476127192375,0.31629197312251295,0.2761318341997817,20260628,0.05560209662233606,0.046342743968446065,0.17638131244953414,0.18213008472149372
P7_test_202605_06,20260628_1_06,20260628,True,0.11480747694442181,0.11757146368683687,0.11410941333160907,0.11750231405518814,0.13357090131715932,20260628,-0.0237897383522081,-0.02930027329672047,-0.15137582092493895,-0.1574746786871426
P7_test_202605_06,20260628_1_07,20260628,True,0.18914634564017385,0.19478448946023957,0.1941459763452094,0.19660375163809435,0.17068887815601108,20260628,-0.029372734155828306,-0.012579958627194632,0.10267855763989653,0.12876785814978908
P7_test_202605_06,20260628_1_08,20260628,True,0.30799494701955155,0.30501844174741977,0.30311220713896553,0.30196021769190207,0.2581903968122814,20260628,0.009711137533190195,0.0038077783475036764,0.17638609216362533,0.16040577265357214
P7_test_202605_06,20260628_1_09,20260628,True,0.4802551648587302,0.4318698428191245,0.477369250482594,0.43999057962687166,0.39938021329125356,20260628,0.10619330303519459,0.08153698470193227,0.18440367744085473,0.17837642277509158
P7_test_202605_06,20260628_1_10,20260628,True,0.1786158909394866,0.15699978955403168,0.169627373790924,0.15593604894527396,0.16376020167350966,20260628,0.12899317458224746,0.08415813186144327,0.08683446663845618,0.03520093953199677
P7_test_202605_06,20260628_3_01,20260628,True,0.5745288602821224,0.6247182267126248,0.5776416000688597,0.6315192864416149,0.6227067816156515,20260628,-0.08375037931385776,-0.08917487474264613,-0.08052542097671378,-0.0751221452167663
P7_test_202605_06,20260628_3_02,20260628,True,0.1953402657041175,0.19305506947237572,0.20135691755641336,0.19865299677149817,0.2224519323832281,20260628,0.011767507973342806,0.013519474754500438,-0.12996805380288667,-0.09963200144766504
P7_test_202605_06,20260628_3_03,20260628,True,0.18745638850935645,0.1907085285218233,0.17830766540282506,0.1848695201697335,0.15458514692417596,20260628,-0.017200010057986992,-0.03613976431196475,0.19280116643061307,0.14276545823927544
P7_test_202605_06,20260628_3_04,20260628,True,0.09658011434978582,0.10234224910804693,0.10115475819583168,0.1048341976291526,0.09752294221914633,20260628,-0.05794971552325201,-0.03572842841929491,-0.009714790700701137,0.0365639483586051
P7_test_202605_06,20260628_3_05,20260628,True,0.1963754395010346,0.18828132910041762,0.19635685957739518,0.1904643194943203,0.15159244315366419,20260628,0.04209105896603438,0.030468838091245454,0.25883270994896557,0.25873809117838387
P7_test_202605_06,20260628_3_06,20260628,True,0.5989377167659382,0.6183776960676587,0.5595215084928289,0.6298988075245658,0.616300284115858,20260628,-0.031941815440436006,-0.11847721414792273,-0.02857670494924458,-0.09665234961109503
P7_test_202605_06,20260628_3_07,20260628,True,0.058792239921153434,0.06033393069559065,0.05744102195820405,0.05735456926416156,0.07511561674421051,20260628,-0.02588477151540447,0.001506202624441233,-0.24501861108194545,-0.26826976681397063
P8_test_202607_08,20260703_3_01,20260703,True,0.7486437755991214,0.7317236425778131,0.7456789377952753,0.7376839331387045,0.7451375113322344,20260703,0.022860365168396124,0.010779671289138815,0.004694490066094126,0.0007263489575282112
P8_test_202607_08,20260703_3_02,20260703,True,0.6572168794829982,0.6502901406250647,0.6518291613695855,0.6553117172738996,0.6497467077032504,20260703,0.0105954362811288,-0.0053285215102183425,0.011431463281694865,0.0031998986655042416
P8_test_202607_08,20260703_3_03,20260703,True,0.20356149852890293,0.18424071573620782,0.20175640749794155,0.18424284189867415,0.24207794651760886,20260703,0.09972502299298602,0.09080638586358547,-0.1732916040423973,-0.18219870110482717
P8_test_202607_08,20260703_3_04,20260703,True,0.12051473818405382,0.13292418795882743,0.12659036484855135,0.13536208621528995,0.15034663563935513,20260703,-0.09800689632109671,-0.06699690831381488,-0.22117147829289152,-0.17198713255354647
P8_test_202607_08,20260703_3_05,20260703,True,0.09162238103458957,0.10085189965315385,0.07775241566418067,0.09211138611339727,0.09831466508684937,20260703,-0.0959775243707317,-0.16946894313171024,-0.07049762680011717,-0.23464358286169817
P8_test_202607_08,20260703_3_06,20260703,True,0.0087767681529804,0.008984884996964175,0.008743102793118046,0.008835780765177796,0.009921610192890104,20260703,-0.023435472737209473,-0.010544336383550679,-0.12260697798743614,-0.12645008863602047
P8_test_202607_08,20260703_3_07,20260703,True,0.04662390431352688,0.05212802384453095,0.044534759946753974,0.05061118598654521,0.047364808815511625,20260703,-0.11158931213236345,-0.12790261213566412,-0.015766145200981185,-0.06160951625702227
P8_test_202607_08,20260703_3_08,20260703,True,0.012894516707119006,0.012315777648397305,0.012239706556524035,0.011893990446841285,0.013976077738835097,20260703,0.04592098352182017,0.028652034563940276,-0.08054497558585716,-0.1326618324690063
P8_test_202607_08,20260704_1_01,20260704,True,0.0288514635986001,0.029257364212217446,0.029024677394891958,0.02922511284777256,0.027381991332548813,20260704,-0.013970586940748486,-0.006881955904695758,0.05227517631471201,0.05826086611654757
P8_test_202607_08,20260704_1_02,20260704,True,0.7793787221900297,0.7609709721923155,0.7763829360292971,0.7631880202008431,0.742228945994478,20260704,0.02390187944797248,0.017141449520343244,0.04883934416017541,0.04498812460135776
P8_test_202607_08,20260704_1_03,20260704,True,0.2517879973707046,0.24975107477419825,0.2559471621659678,0.2542599176937731,0.2559288631830854,20260704,0.008122732241996555,0.006613983574403015,-0.01631207451159833,7.149771422776396e-05
P8_test_202607_08,20260704_1_04,20260704,True,0.3419844837987749,0.352111275455095,0.3475402657945133,0.35706122574597127,0.32021909013464245,20260704,-0.02918188206961081,-0.02702673668199229,0.065759948829895,0.08187511288800464
P8_test_202607_08,20260704_1_05,20260704,True,0.09959831462097456,0.0881127881805104,0.10864048258698576,0.09001243324652901,0.08083041634860294,20260704,0.12252756527921216,0.18809629790265392,0.20879190832196137,0.29569077122586895
P8_test_202607_08,20260704_1_06,20260704,True,0.23534854061225152,0.23336708803386602,0.23302949517301924,0.23188338736611205,0.23523523310245817,20260704,0.008454867987819359,0.004930429642593159,0.00048156149154321426,-0.009420971131742562
P8_test_202607_08,20260704_1_07,20260704,True,0.19931808642538945,0.21610986638068397,0.19963532872990555,0.21318655414444632,0.2281845862220246,20260704,-0.08088494616935571,-0.06567527757824676,-0.1352529172550596,-0.13366254424742907
P8_test_202607_08,20260704_1_08,20260704,True,0.5692876454854,0.5735902827226361,0.5744055597957503,0.5774036329011342,0.46642995134212895,20260704,-0.007529513797893572,-0.0052058620391094435,0.19927798336601366,0.20822784587943333
P8_test_202607_08,20260704_1_09,20260704,True,0.29076674270877484,0.25577950893700874,0.2833346082896419,0.25588411389708415,0.2756630834996704,20260704,0.1282055941551754,0.10190389875243877,0.05334196621011955,0.027449152568229662
P8_test_202607_08,20260704_1_10,20260704,True,0.11213297394589654,0.12038105481266137,0.11160070857511377,0.12083393859525711,0.10668384195101023,20260704,-0.07097673401465521,-0.07948979551184632,0.049815721970294824,0.04505768671209509
P8_test_202607_08,20260705_1_01,20260705,True,0.22349523238148744,0.22825364307710602,0.226955122334392,0.2291959976555549,0.22819664387959995,20260705,-0.021067398055421904,-0.009825223483369339,-0.020817648194676464,-0.005455431425373636
P8_test_202607_08,20260705_1_02,20260705,True,0.12933124049412834,0.13616519765458993,0.13223041512213776,0.137129153532772,0.16304428218460537,20260705,-0.05149196815756096,-0.03637723829881989,-0.23164496467758955,-0.20947586379707062
P8_test_202607_08,20260705_1_03,20260705,True,0.6165327986421729,0.59245600650677,0.6240507002207653,0.5979457511424168,0.5347891544135324,20260705,0.039834902924224314,0.042731582740154206,0.14223895723859625,0.1543590501058717
P8_test_202607_08,20260705_1_04,20260705,True,0.19827467470950944,0.20947264287591483,0.19807836711609625,0.20964835958545341,0.2158676746811746,20260705,-0.0549398325389181,-0.05676890314284044,-0.08501228737539313,-0.08600285683619946
P8_test_202607_08,20260705_1_05,20260705,True,0.4505315552842467,0.4631191846736866,0.4663667094976113,0.4736908782766207,0.42038899622882253,20260705,-0.027556319640097637,-0.015582698503838088,0.06924765548825551,0.10379179077758793
P8_test_202607_08,20260705_1_06,20260705,True,0.12541211665102242,0.11588797791508304,0.1124927033368706,0.11065178453566041,0.10125997967421432,20260705,0.07898123066062723,0.01650016619508854,0.21391398172929676,0.1051970945001397
P8_test_202607_08,20260705_1_07,20260705,True,0.26812812599847174,0.2832551762822187,0.26354423064756266,0.2807317231361331,0.2570944433054512,20260705,-0.054883225997503615,-0.06317827922118924,0.042021447281448854,0.02477771107138893
P8_test_202607_08,20260705_1_08,20260705,True,0.07691308801779582,0.07628579528791031,0.08417391616888292,0.07559923639919705,0.08550339795745206,20260705,0.00818930558909825,0.10743890644294085,-0.10588006002548056,-0.015671028307740364
P8_test_202607_08,20260705_1_09,20260705,True,0.06391836705565322,0.06088908574175829,0.06959755497190002,0.0618460952722515,0.0666028862476873,20260705,0.04855281185126614,0.11808047238271069,-0.041141159216764756,0.043981523349548635
P8_test_202607_08,20260705_1_10,20260705,True,0.11779333283053692,0.10453861134264553,0.16136264707626832,0.12322338939099266,0.08395851800649483,20260705,0.11937518255791257,0.26965541626414535,0.3386088286404334,0.6533314546858968
P8_test_202607_08,20260705_3_01,20260705,True,0.0407117112146726,0.03275707021968807,0.03875965407419555,0.032951717838668064,0.02454045123677871,20260705,0.21739697253802692,0.16233646786963574,0.5061929689696902,0.4570570352478778
P8_test_202607_08,20260705_3_02,20260705,True,0.04536345211744703,0.04696619538508204,0.04275992551802425,0.04430574431689064,0.04930118077112982,20260705,-0.03472133439618119,-0.0355129929033442,-0.08324127008903037,-0.14234668720034493
P8_test_202607_08,20260705_3_03,20260705,True,0.2628211338097725,0.24113944831854198,0.2539509121191585,0.23719451617164633,0.2649804898057612,20260705,0.08609831134163626,0.06826044111837382,-0.008182498678883432,-0.04251521093325672
P8_test_202607_08,20260705_3_04,20260705,True,0.1792264628709446,0.17862448615197796,0.17302705115066713,0.17610895934917933,0.17408900521896156,20260705,0.0033644023492735986,-0.017654943387166666,0.029083469231745207,-0.006118745370705225
P8_test_202607_08,20260705_3_05,20260705,True,0.38082963190324925,0.3959219815578099,0.3815014581650989,0.4007088348871781,0.4191596574020444,20260705,-0.03886506081430108,-0.04912039312567407,-0.09589977650053239,-0.09413721835610545
P8_test_202607_08,20260705_3_06,20260705,True,0.2003098514168861,0.18652000506746752,0.19238028163965465,0.18290308705120006,0.1826228173201942,20260705,0.07132692566316567,0.05051761308937919,0.09244250647558694,0.05205112840295456
P8_test_202607_08,20260705_3_07,20260705,True,0.12078134848914779,0.11965253467687596,0.11361345316378875,0.11713041529527746,0.14247503548110532,20260705,0.009389875431302208,-0.030486049655382264,-0.1651849210993892,-0.22636486974208125
P8_test_202607_08,20260706_1_01,20260706,True,0.16024448684018108,0.16071588859477773,0.16005792291276327,0.16141838744246698,0.15359118663269739,20260706,-0.0029374472965333354,-0.008463906095624418,0.042406251341580825,0.04124132755184262
P8_test_202607_08,20260706_1_02,20260706,True,0.16645712067429763,0.1616435027956405,0.17207991116693724,0.16730992771207182,0.15680881096369292,20260706,0.029344432438230372,0.028111021718493223,0.059710444057287315,0.09293167002008773
P8_test_202607_08,20260706_1_03,20260706,True,0.003529417780265043,0.0037761057675663786,0.003415486601224548,0.0036704165772544163,0.0021187509733219994,20260706,-0.06756033579649134,-0.07198519216379395,0.5103061710413286,0.4774932207181868
P8_test_202607_08,20260706_1_04,20260706,True,0.13567956306458445,0.14284366383411173,0.1222684252388757,0.12702884113085733,0.135676362027972,20260706,-0.051454820613332286,-0.03819532149624427,2.359290007403203e-05,-0.1040535241020355
P8_test_202607_08,20260706_1_06,20260706,True,0.06059590007334085,0.062332724464170375,0.06197137404965991,0.06231321791164112,0.06727209859997203,20260706,-0.02825932495318728,-0.0055009992571206645,-0.10451833298953117,-0.08207299867235252
P8_test_202607_08,20260706_3_02,20260706,True,0.02303834736109363,0.027753687841272988,0.023939518066429553,0.027924845392125686,0.03489963603198991,20260706,-0.18620862240783564,-0.15398623936559241,-0.4153162961353556,-0.3769458312366587
P8_test_202607_08,20260706_3_03,20260706,True,0.13085001704809068,0.12735530885334867,0.16934163087692997,0.15443241529797022,0.09759868503746703,20260706,0.027070871597707047,0.0921615997562657,0.29318773891191396,0.5510541386000498
P8_test_202607_08,20260707_1_02,20260707,True,9.308356095790056e-05,8.51000635131621e-05,9.050687648157389e-05,8.320797565038411e-05,8.881872209843116e-05,20260707,0.08966981274831731,0.08408262662583788,0.046900132445538034,0.018828368823653463
P8_test_202607_08,20260710_3_01,20260710,True,0.10026774049470837,0.09399491682096137,0.12254017055580199,0.10336845230367026,0.09545071721207718,20260710,0.06460330863631425,0.17013908705964953,0.049233948919717996,0.2498288349826545
P8_test_202607_08,20260710_3_02,20260710,True,0.16447656881369344,0.15367440367331944,0.16251031383882553,0.15265846514777442,0.17743648648504354,20260710,0.06793201889239109,0.06253829726951676,-0.07584460102468649,-0.08787125272914942
P8_test_202607_08,20260710_3_03,20260710,True,0.24454934958407426,0.21889181584343836,0.22340757550727827,0.21103049902130894,0.19191141934369918,20260710,0.11083951115790014,0.05699512796449113,0.24238321935316232,0.15196388813487838
P8_test_202607_08,20260710_3_04,20260710,True,0.5329791014210027,0.5167812316152465,0.5301516680618799,0.5173794496687456,0.47399623462599266,20260710,0.030862578780714855,0.02438658125990123,0.11728283621917546,0.11196375392642921
P8_test_202607_08,20260710_3_05,20260710,True,0.1283174261223791,0.12075379065334584,0.1203833993500646,0.11971649646384618,0.14465853555196057,20260710,0.060753401029566056,0.005555226078200359,-0.11986895234685857,-0.18369439377443353
P8_test_202607_08,20260710_3_06,20260710,True,0.03809172070678529,0.0391472540533187,0.03711819442220919,0.03838164821811015,0.03595099125624382,20260710,-0.02733332661873611,-0.03347216927922769,0.05784029725612427,0.03195060811320172
P8_test_202607_08,20260710_3_07,20260710,True,0.3347432817406252,0.3392940638010751,0.3337751381994148,0.33817678114640926,0.296764752635114,20260710,-0.013503261321470283,-0.013101252572653932,0.1204241686140699,0.11752778105270689
P8_test_202607_08,20260710_3_08,20260710,True,0.05607076598106565,0.06346018716093603,0.05083068552261808,0.06133744308050187,0.06573183135476843,20260710,-0.1237981642256889,-0.18789025550025595,-0.158968732467744,-0.25708308572380023
P8_test_202607_08,20260711_1_01,20260711,True,0.35248140217564305,0.3650525475087162,0.3634229759912263,0.3709077764382339,0.4030513901133992,20260711,-0.03504344792265113,-0.020386071641411596,-0.13406621163358257,-0.10349669367303027
P8_test_202607_08,20260711_1_02,20260711,True,0.12449476517514727,0.12806612907252884,0.12188967313574284,0.12596006032056767,0.13156579291090983,20260711,-0.028283095654865864,-0.032848558088339974,-0.055243384580239585,-0.07639073578398436
P8_test_202607_08,20260711_1_03,20260711,True,0.4306200282601961,0.45318690670581296,0.432289905937524,0.45130491335008627,0.4019816948880291,20260711,-0.051078541675837585,-0.0430467521471386,0.06881954381893352,0.07268988925280451
P8_test_202607_08,20260711_1_04,20260711,True,0.39158181946536635,0.42196553599439945,0.3990312334526226,0.4244801542813645,0.3480655641396752,20260711,-0.07472915915128475,-0.06182556069296452,0.11780361856084565,0.13664882842694726
P8_test_202607_08,20260711_1_05,20260711,True,0.16347042408258214,0.15681353351828875,0.1542318085956402,0.15187758720699493,0.17771677178632825,20260711,0.041574666617897105,0.015381872223024118,-0.08355903178430668,-0.14173439201680216
P8_test_202607_08,20260711_1_06,20260711,True,0.45365486436392133,0.43730208512482555,0.44526159067235593,0.43489477453625985,0.39966438600155074,20260711,0.03671247169569636,0.0235578494521147,0.12671153835755933,0.108036793736073
P8_test_202607_08,20260711_1_07,20260711,True,0.07918229265144752,0.07424779336527193,0.08536369384288639,0.06891687766998744,0.06724331256105573,20260711,0.06434463793498235,0.2140197728076414,0.1634351241239096,0.23860330768948534
P8_test_202607_08,20260711_1_08,20260711,True,0.03976490475552124,0.04570580690071831,0.0374521726801213,0.043602676864183364,0.03686470820015552,20260711,-0.13924062226667688,-0.15205382066689133,0.0757300571749302,0.015810047723323617
P8_test_202607_08,20260711_1_09,20260711,True,0.30023624422640827,0.31691595782354637,0.3096535348321559,0.3205401324607329,0.28636663759681846,20260711,-0.0540669759409953,-0.03455344391595072,0.04729670604739411,0.07818110342862217
P8_test_202607_08,20260711_1_10,20260711,True,0.1544406699734487,0.15041730239805826,0.15048097931389956,0.14779449393924624,0.16362228194733028,20260711,0.02639656202990981,0.018013938541074914,-0.05775060314760205,-0.08372391971110638
P8_test_202607_08,20260712_1_01,20260712,True,0.37690849962901735,0.379555237791237,0.38480819031274305,0.3831464330550939,0.36157800930427225,20260712,-0.006997688935139301,0.004327755314533888,0.04152463974408527,0.06226719146997062
P8_test_202607_08,20260712_1_02,20260712,True,0.30396477407535755,0.24661755508280067,0.26952588958328616,0.234363110563599,0.2672520987343871,20260712,0.2090730432489163,0.13979278380321047,0.12871941699044198,0.008472048029517731
P8_test_202607_08,20260712_1_03,20260712,True,0.3894442894290233,0.34428666237000766,0.3770122748536273,0.34231312600511854,0.38720740855611474,20260712,0.1232461928925388,0.0965518549158284,0.005760335202913636,-0.026682742675617765
P8_test_202607_08,20260712_1_04,20260712,True,0.0241630374401893,0.024559199674508373,0.02445458426778799,0.024582557602944123,0.032223326031130706,20260712,-0.016262429178746984,-0.005219456958643676,-0.28786651416968834,-0.2758729072352857
P8_test_202607_08,20260712_1_05,20260712,True,0.15663389031101266,0.15713371923909797,0.15403695665075184,0.1550613484417116,0.16744581167174333,20260712,-0.0031859843761090634,-0.0066282831355635174,-0.0667486131485946,-0.08346723464110095
P8_test_202607_08,20260712_1_06,20260712,True,0.12897600273309123,0.12633855819339473,0.13007855064682927,0.12857239676488738,0.10892311998766782,20260712,0.020661088441475073,0.01164635908929501,0.16898404957288404,0.17749619156445062
P8_test_202607_08,20260712_1_07,20260712,True,0.07015597358940208,0.0638588505913649,0.06273787378345026,0.06085098071784843,0.05342889189214659,20260712,0.09404576919834673,0.030537376581166953,0.27236931111793794,0.16061366653592213
P8_test_202607_08,20260712_1_08,20260712,True,0.037429729846912965,0.04053503925597776,0.03704367698158294,0.03974581115879325,0.034686275587307636,20260712,-0.0797014625504735,-0.07040678048243798,0.07612121183547371,0.06575358291235034
P8_test_202607_08,20260712_1_09,20260712,True,0.03238761420143028,0.03208567558665778,0.03156276834873387,0.03151255144514734,0.034363631585958405,20260712,0.009366384844439413,0.0015922840933821902,-0.05922271181036054,-0.08502057465071244
P8_test_202607_08,20260712_1_10,20260712,True,0.05574222723250498,0.054547117640075166,0.052891052180531355,0.052723455518410796,0.04324086356789139,20260712,0.021673106760616623,0.0031737458508445116,0.2539520147046934,0.20144821455485395
P8_test_202607_08,20260712_3_01,20260712,True,0.09016781870314963,0.08607742336547257,0.09601919438063557,0.0879253053168446,0.07625222978071333,20260712,0.046425423337986604,0.08806046212405372,0.16762592819583189,0.23050145486145857
P8_test_202607_08,20260712_3_02,20260712,True,0.015940922337911567,0.01611988191923033,0.015487629351063036,0.015927695841599067,0.014105752712897112,20260712,-0.011163877147687629,-0.028017871862555666,0.12230682679442051,0.09345889088594816
P8_test_202607_08,20260712_3_03,20260712,True,0.36684079675541525,0.37720164275576157,0.3761757182237687,0.38599658490755606,0.3644809437686411,20260712,-0.027851948250779857,-0.025772152111852797,0.006453688019041559,0.03158210031216757
P8_test_202607_08,20260712_3_04,20260712,True,0.14693061134450786,0.155907344752904,0.14959062407750603,0.15674342256211976,0.16378411430897666,20260712,-0.059301443236647655,-0.04670782700881748,-0.10858874080850556,-0.09064679417758592
P8_test_202607_08,20260712_3_05,20260712,True,0.1287324810646863,0.13989790264038957,0.12924406566816388,0.1402653263534775,0.11794971316726587,20260712,-0.08317642882544884,-0.08183321850305036,0.08747808685065595,0.09144422470752067
P8_test_202607_08,20260712_3_06,20260712,True,0.2707853771652531,0.26940332875838907,0.2765910722174756,0.27402935860873917,0.2432257517506606,20260712,0.005116920836025551,0.00930489298353887,0.10733650930991723,0.12855011021971152
P8_test_202607_08,20260712_3_07,20260712,True,0.3714568448714357,0.31777348849340503,0.3630207336889125,0.3218687812770798,0.29608230175861977,20260712,0.1560938642263725,0.12031599930686965,0.2267952307068053,0.2038224880758881
P8_test_202607_08,20260717_3_01,20260717,True,0.2079283644475583,0.20162372008365884,0.20782494796431147,0.20153432348241793,0.20058281555135338,20260717,0.03079043026595052,0.030736422291216092,0.03596641207613516,0.035468922424015226
P8_test_202607_08,20260717_3_02,20260717,True,0.04397995209800184,0.053750378138902016,0.03932859838338982,0.05119858356300193,0.054729134600313825,20260717,-0.20061680617622368,-0.2637599184096846,-0.21866229691855343,-0.33044424439973685
P8_test_202607_08,20260717_3_03,20260717,True,0.07843632237965588,0.08404865994824061,0.08118633443408585,0.09459915826457543,0.08971420594543512,20260717,-0.06910880049363222,-0.15290164032308873,-0.13434201254231048,-0.0998821904115621
P8_test_202607_08,20260717_3_04,20260717,True,0.06349094697611397,0.057027035749360994,0.06078747494192221,0.05249008926022592,0.057351714589884535,20260717,0.10737186165291401,0.1467593877241815,0.10169458835464695,0.058181023430608825
P8_test_202607_08,20260717_3_05,20260717,True,0.2959750200624223,0.28843974506879605,0.3056814349777446,0.29544313389746035,0.3104229225169142,20260717,0.025788850861207857,0.03406711945870944,-0.04766057481533559,-0.015392136390678157
P8_test_202607_08,20260717_3_06,20260717,True,0.1710836032940798,0.1606118978554303,0.1688199381450151,0.1597263942419956,0.12720265247645987,20260717,0.06316146262767353,0.05537037669365752,0.29637084168756034,0.2830511886684721
P8_test_202607_08,20260717_3_07,20260717,True,0.08379058041423924,0.06960241803066262,0.08649108528723125,0.058776279517400894,0.05975375678974604,20260717,0.1855212870552987,0.386302984418498,0.33808853163480057,0.369809284386283
P8_test_202607_08,20260717_3_08,20260717,True,0.3045892564390044,0.3242314921499782,0.31250557330092815,0.3320270911683966,0.3636067519770969,20260717,-0.062493573824231596,-0.06059426191181427,-0.1771087631331405,-0.15145062834451095
P8_test_202607_08,20260718_1_01,20260718,True,0.0412003138949641,0.03797991928808279,0.041526754177187805,0.03913128889442079,0.027978440486439507,20260718,0.08138829487068788,0.0594155240300025,0.38701164417710077,0.3949036675296509
P8_test_202607_08,20260718_1_02,20260718,True,0.32387732767208366,0.34518415189072477,0.3376729457524885,0.3566446656385043,0.3612193438120592,20260718,-0.06371322241892297,-0.05466214083610765,-0.10912054860351539,-0.06740756348236276
P8_test_202607_08,20260718_1_03,20260718,True,0.3944215734931703,0.36903434991970147,0.39065509900538653,0.3666108136549777,0.350652735084735,20260718,0.0665305918375314,0.06352423885599734,0.11762394576428847,0.10802869598146936
P8_test_202607_08,20260718_1_04,20260718,True,0.35712689832900946,0.3489531521971393,0.3588226110707461,0.35371258789299775,0.34918661603170514,20260718,0.02315349732378147,0.01434346203263126,0.022484680408048963,0.027221651075109765
P8_test_202607_08,20260718_1_05,20260718,True,0.2494311819720406,0.25597215564326836,0.2500210328180507,0.25802694239762575,0.26684312185544923,20260718,-0.02588561815967072,-0.03151896177156588,-0.06747787374038494,-0.06511588153062031
P8_test_202607_08,20260718_1_06,20260718,True,0.05072736160295267,0.050916394810868515,0.04969843138850043,0.05010956300727983,0.04618940895513021,20260718,-0.0037195285283244672,-0.008238497259760003,0.09371491319897896,0.07322284259295664
P8_test_202607_08,20260718_1_07,20260718,True,0.08003505264683883,0.08557825018951519,0.07129001929495812,0.07909119088497903,0.07625073505590872,20260718,-0.06696646749500701,-0.10384516597345561,0.0484376412775962,-0.06727071973456322
P8_test_202607_08,20260718_1_08,20260718,True,0.3687593676840575,0.38158178293864997,0.3510629442306956,0.37729112466887377,0.3651223707506748,20260718,-0.034180888583908886,-0.07205156773894661,0.009911751495075394,-0.03926702404420057
P8_test_202607_08,20260718_1_09,20260718,True,0.36225085319526196,0.3550954961917745,0.3796368955905691,0.376099050087537,0.3637601332359124,20260718,0.019950179806830448,0.009362718201597175,-0.00415773932647201,0.04272058219257746
P8_test_202607_08,20260718_1_10,20260718,True,0.47195085690433874,0.4955479728366171,0.4689462786994723,0.4996416556016571,0.3656379202049076,20260718,-0.048789302673112656,-0.06340293514654793,0.25523130876259603,0.24884466286042828
P8_test_202607_08,20260719_1_01,20260719,True,0.6459847796025564,0.6422288532043836,0.6438177868913698,0.6438774792199676,0.6307073068553478,20260719,0.005831233182653106,-9.271188644005557e-05,0.0239340436052618,0.02057384754669539
P8_test_202607_08,20260719_1_02,20260719,True,0.09270222449758897,0.08546091828837163,0.09853850225257493,0.08653681589256348,0.08765578423128245,20260719,0.08133329362160158,0.12987741697145871,0.05597486746120195,0.11702975605459409
P8_test_202607_08,20260719_1_03,20260719,True,0.19923687339347154,0.21681437940053028,0.20181566375578397,0.21524663976200034,0.17252154954776444,20260719,-0.084547157597062,-0.06442980721983993,0.1439722818336595,0.15683257152083896
P8_test_202607_08,20260719_1_04,20260719,True,0.40327903146672045,0.3982847163311776,0.4162596336477614,0.40623288598155927,0.39860055268705386,20260719,0.012461590934509825,0.024382578983398906,0.011668913783373647,0.043349390576998714
P8_test_202607_08,20260719_1_05,20260719,True,0.035141719121339905,0.03641180638424391,0.0339068043179631,0.03542261222183743,0.049068692854305526,20260719,-0.03550406964108577,-0.04373466795659109,-0.333832207732482,-0.3696054997696816
P8_test_202607_08,20260719_1_06,20260719,True,0.09261238634024738,0.10035240814627185,0.1003793927220821,0.1154254632122916,0.08868820990131585,20260719,-0.08026517794542531,-0.13966804706843128,0.04329593506727436,0.12382997500522963
P8_test_202607_08,20260719_1_07,20260719,True,0.08026117581525644,0.08265271356701669,0.10264203463435319,0.10027350735476914,0.08176759755241224,20260719,-0.02936164094548266,0.023346017098629712,-0.01859503238268312,0.2273664959347248
P8_test_202607_08,20260719_1_08,20260719,True,0.13695809112968377,0.14884324892815234,0.14170261784726937,0.15195488451483033,0.15703001649769288,20260719,-0.08321875669991963,-0.06985304328540076,-0.13676200009061779,-0.10270635385670346
P8_test_202607_08,20260719_1_09,20260719,True,0.0530926521784563,0.05398046508702508,0.05361643273420476,0.05730376422981849,0.05644851017058911,20260719,-0.016583681847155862,-0.06651071297557287,-0.061290356610136154,-0.051473296277011915
P8_test_202607_08,20260719_1_10,20260719,True,0.16320508697313238,0.1675872065275761,0.15966844469796723,0.1671231986335144,0.17723614521639805,20260719,-0.02649623954402469,-0.04563181222992618,-0.08247538492371342,-0.1043835525702348
P8_test_202607_08,20260719_3_01,20260719,True,0.2111812101595196,0.2108478356997177,0.20866134256716043,0.2087554656871489,0.20602001925877816,20260719,0.001579865331137631,-0.00045097906803204246,0.024743235890893,0.012739222316934029
P8_test_202607_08,20260719_3_02,20260719,True,0.4007092522233559,0.41033504300956153,0.4013991444767643,0.413212125078413,0.37921608790669076,20260719,-0.023737896536089487,-0.02900477613639263,0.05512991213096963,0.05685010961641446
P8_test_202607_08,20260719_3_03,20260719,True,0.06686626558685779,0.056409766105902454,0.07449426828121372,0.050654002824052184,0.06254013543274616,20260719,0.17005228721922538,0.3857039299284013,0.06688607107386613,0.17491366903782257
P8_test_202607_08,20260719_3_04,20260719,True,0.30685369217613956,0.2981451344264476,0.3080845084168459,0.3025921471092157,0.3326705001246281,20260719,0.028790665051873443,0.017988273688644085,-0.08078144972351642,-0.07677838768209222
P8_test_202607_08,20260719_3_05,20260719,True,0.1660918187721867,0.17209863006804554,0.1710570784421675,0.1739591440062104,0.1828546486695163,20260719,-0.035526982520230455,-0.0168231742156697,-0.09615080710386303,-0.06669427481079704
P8_test_202607_08,20260719_3_06,20260719,True,0.11340120067774273,0.12039848597497205,0.11170215034485485,0.11851698669027522,0.13597315010505456,20260719,-0.05987497861220259,-0.05922034093629769,-0.18152546132215663,-0.19662148358404297
P8_test_202607_08,20260719_3_07,20260719,True,0.15917582801619667,0.18430702405278288,0.1677624822171726,0.19112838686993655,0.1432121667189116,20260719,-0.146593548197002,-0.13039620207432412,0.10568221377493225,0.15822196868562965
P8_test_202607_08,20260724_3_01,20260724,True,0.0339691596031569,0.03157154161688809,0.032969650197576375,0.031131102197260514,0.032425797094586206,20260724,0.07319690940194912,0.057380057209562185,0.04649872986642123,0.016633134691742768
P8_test_202607_08,20260724_3_02,20260724,True,0.655179760352894,0.6342733987655452,0.6485477976831799,0.637415949804825,0.6141113479788052,20260724,0.03242955144761278,0.017313281128989277,0.06473338106426929,0.05455944582087413
P8_test_202607_08,20260724_3_03,20260724,True,0.35850101397060113,0.31141756687933153,0.3380691644697981,0.302733531365104,0.2670860286730666,20260724,0.14079681801062094,0.11039751901687755,0.29436067713407277,0.2356796918868307
P8_test_202607_08,20260724_3_04,20260724,True,0.25696601625679033,0.28628499627286436,0.25440291875061993,0.2831419800122191,0.2961561110376868,20260724,-0.10804396142949413,-0.10702916351556047,-0.1419428737628856,-0.15196741297428362
P8_test_202607_08,20260724_3_05,20260724,True,0.22471517875003275,0.2308522895457251,0.22520037640065707,0.230394869927133,0.21207969711095762,20260724,-0.026944338708060567,-0.022804094962330046,0.057871594292512096,0.06002843387346424
P8_test_202607_08,20260724_3_06,20260724,True,0.3700652004765034,0.40321217346060323,0.3718430167941061,0.41013610593160443,0.38165710203165226,20260724,-0.0857837007981248,-0.09801730295509314,-0.030843359209289045,-0.02605079948545863
P8_test_202607_08,20260724_3_07,20260724,True,0.020101944160067973,0.02273819905418295,0.021419761033797252,0.023803510709330292,0.029173623798868113,20260724,-0.12322975315161955,-0.10551916985571097,-0.37244847172952955,-0.30895109775979357
P8_test_202607_08,20260724_3_08,20260724,True,0.06527725139702394,0.07475261230918394,0.06920638235337592,0.07736841503076226,0.09005608860386999,20260724,-0.13554055399578901,-0.11148553386188986,-0.3217890779828565,-0.2633395940165104
P8_test_202607_08,20260725_1_01,20260725,True,0.3261135252508495,0.33763905665558713,0.3370269465008039,0.3429103350291117,0.3317156349097076,20260725,-0.034731887463940625,-0.017306111983298678,-0.017032522824093732,0.01588480656259561
P8_test_202607_08,20260725_1_02,20260725,True,0.5507606529872189,0.5150689488667716,0.5411760688729872,0.5169275565359879,0.493707462701638,20260725,0.06699955518952105,0.04584193474478182,0.10935716717293309,0.09180151566699968
P8_test_202607_08,20260725_1_03,20260725,True,0.33781408437197075,0.31243063843169966,0.32954164950427306,0.3118819486273615,0.24809237935153813,20260725,0.0781132103935287,0.05507800166640764,0.30869452372503003,0.2839015739015949
P8_test_202607_08,20260725_1_04,20260725,True,0.48002889669429216,0.440627302480987,0.46576029253520645,0.43503800861753134,0.3964472390280891,20260725,0.08564690449469903,0.06823770467467682,0.19130333807957078,0.16112814262177155
P8_test_202607_08,20260725_1_05,20260725,True,0.2251176076817505,0.23681204224026778,0.2290516186537863,0.23698937211424087,0.2760353175023978,20260725,-0.05064378932029423,-0.03406790960785422,-0.20390585304420794,-0.1865814323739714
P8_test_202607_08,20260725_1_06,20260725,True,0.45322198904926037,0.4616951415974482,0.4585392826412051,0.4643415252483006,0.5326460381658185,20260725,-0.01852275909872747,-0.012574362818897455,-0.16147506255756916,-0.14981114560830522
P8_test_202607_08,20260725_1_07,20260725,True,0.6908201966739378,0.675555529016667,0.6971511593584941,0.6842994447603098,0.6213572863846802,20260725,0.02234422415006765,0.018606652076775587,0.10597332560686196,0.11509600175418239
P8_test_202607_08,20260725_1_08,20260725,True,0.08898758255660913,0.09208223073712807,0.08937203292429581,0.09285538034444178,0.1030160108495366,20260725,-0.03418515203451289,-0.038235430334951026,-0.1463875831282131,-0.1420766188771565
P8_test_202607_08,20260725_1_09,20260725,True,0.02483484314808841,0.025395717210644445,0.023889218535704384,0.024587226640408102,0.02471509491656341,20260725,-0.022332913274551558,-0.02879981596028225,0.0048334455837451,-0.03398693732988489
P8_test_202607_08,20260725_1_10,20260725,True,0.13212645575357548,0.13583880511558907,0.1300011077976721,0.13421882160030807,0.11939069899629597,20260725,-0.027709464128851113,-0.0319284931384618,0.10135816206132864,0.08514167186899035
P8_test_202607_08,20260726_1_01,20260726,True,0.2976226873395431,0.296108395365042,0.30548806159246183,0.30149272781037834,0.3065716456545354,20260726,0.005100946546534146,0.013164803746559484,-0.029624947841572657,-0.0035407826436881784
P8_test_202607_08,20260726_1_02,20260726,True,0.2512205552213239,0.19504460998122175,0.23831315710227857,0.19512165598024744,0.22285453758370205,20260726,0.2531029578221231,0.19996235407221397,0.11981199856627733,0.06706633413710761
P8_test_202607_08,20260726_1_03,20260726,True,0.1457454330628211,0.15605448431555044,0.14866880290371487,0.15682013784030882,0.16993021421829999,20260726,-0.06834371401216766,-0.05337849721766208,-0.1535263574780923,-0.13366681561573213
P8_test_202607_08,20260726_1_04,20260726,True,0.11206633446784825,0.11562634314987254,0.11645074448312101,0.11672882224176308,0.10404099821290001,20260726,-0.03127284419085363,-0.002385096553463306,0.07430593296040655,0.11268335442162503
P8_test_202607_08,20260726_1_05,20260726,True,0.19594027518270807,0.20104051532675155,0.1893773267335572,0.19589075507870377,0.21675810863347406,20260726,-0.02569656219778138,-0.03381566922356849,-0.10097213069576583,-0.13504056246463314
P8_test_202607_08,20260726_1_06,20260726,True,0.429169494324171,0.42083597741173195,0.4128111522123439,0.4100379376440514,0.2870432950555692,20260726,0.019608777144352496,0.006740543563912738,0.4022188743301105,0.3633571715862214
P8_test_202607_08,20260726_1_07,20260726,True,0.07829073670375228,0.08150178711056488,0.09445352522011842,0.09602227461269407,0.08949766087063446,20260726,-0.040195656933602386,-0.01647227485367253,-0.13378319860583598,0.05389542749994192
P8_test_202607_08,20260726_1_08,20260726,True,0.16210823094128538,0.16165754975914295,0.16017384367989135,0.16156931444885952,0.18948767541671807,20260726,0.00278399695147713,-0.008674493825887586,-0.15605978064038517,-0.16806423663441827
P8_test_202607_08,20260726_1_09,20260726,True,0.0325164129597487,0.03477115835099072,0.031961242245517156,0.03389414940554254,0.032698408432878315,20260726,-0.06704328412732075,-0.0587184266837264,-0.005581428936198396,-0.02280241604021427
P8_test_202607_08,20260726_1_10,20260726,True,0.1758930469434672,0.1694031722494403,0.17690511309038212,0.1707436245195982,0.17278214543566578,20260726,0.03759461407329878,0.035450344939341516,0.017844596493386433,0.023581978587696284
P8_test_202607_08,20260726_3_01,20260726,True,0.1554095888106639,0.15012962315207268,0.15618855829723677,0.1506559742534677,0.17798975053623728,20260726,0.03456506481125032,0.036065063083276394,-0.13566182728887077,-0.13066198299227127
P8_test_202607_08,20260726_3_02,20260726,True,0.12269783366863511,0.13189840981195272,0.11970463182783898,0.12998571469441292,0.12228549398702473,20260726,-0.0723073075894467,-0.08239725033264556,0.0033662704718282477,-0.021331118457963427
P8_test_202607_08,20260726_3_03,20260726,True,0.021961621499867058,0.022530209300231856,0.022571939273977867,0.02261865559240541,0.027745264702229315,20260726,-0.02556059153992729,-0.00206752467884197,-0.23376873156330324,-0.20635767449244558
P8_test_202607_08,20260726_3_04,20260726,True,0.4823225640503428,0.48013642499156156,0.48513803367916986,0.4845465634655337,0.42060941938318697,20260726,0.0045428279923303005,0.0012199230321499055,0.13690845211654956,0.14272879784143055
P8_test_202607_08,20260726_3_05,20260726,True,0.12681628997805747,0.1352533335436835,0.12333657321054795,0.1316889673594407,0.13314710919802078,20260726,-0.06441006108585023,-0.06552584834147535,-0.04871509754689285,-0.07653761525712799
P8_test_202607_08,20260726_3_06,20260726,True,0.049583027595121065,0.049706549739146774,0.05134831896741577,0.05071892554085626,0.0663384658594724,20260726,-0.002488120325748522,0.012333073306320497,-0.2911213182392256,-0.25613770874950426
P8_test_202607_08,20260726_3_07,20260726,True,0.42024307521916315,0.4542241739054593,0.4246257005255697,0.45601743712265064,0.42436862913142137,20260726,-0.0777575569089467,-0.0713229718568329,-0.009769191456533766,0.000605590386236643
P8_test_202607_08,20260807_3_01,20260807,True,0.25660620532964534,0.23117873099751854,0.24722011676882705,0.22797238237668252,0.21609401341924886,20260807,0.10435149616826345,0.08105460909636886,0.17182907447654605,0.13456554048428981
P8_test_202607_08,20260807_3_02,20260807,True,0.2904856037766792,0.2998455875271304,0.2935397938777107,0.2996227116785216,0.30734037878013093,20260807,-0.03171361554833685,-0.020510841452605177,-0.056401840715796236,-0.04594264508509216
P8_test_202607_08,20260807_3_03,20260807,True,0.2583394593346838,0.2379376958974773,0.26187923181803086,0.24191752471657968,0.2504403395291158,20260807,0.08226559650046217,0.07928658912031206,0.03105372735112155,0.04466272362625867
P8_test_202607_08,20260807_3_04,20260807,True,0.3336025242232147,0.35385626152730265,0.3316787979168593,0.3493232967503483,0.3636467373073679,20260807,-0.0589405527212119,-0.051830820668339106,-0.08623265741969877,-0.09201587003669376
P8_test_202607_08,20260807_3_05,20260807,True,0.13391942031784998,0.12415485903089817,0.13156687207957962,0.12460183216164392,0.12615079087875286,20260807,0.07570862858486738,0.054391944691024374,0.05976033374198231,0.04203731086393203
P8_test_202607_08,20260807_3_06,20260807,True,0.22194922917993923,0.22339954162878045,0.22676210546274528,0.22871801630513983,0.25727843160620795,20260807,-0.006513176507643159,-0.008588400552901554,-0.14771023158467722,-0.12625741551806158
P8_test_202607_08,20260807_3_07,20260807,True,0.300028317421238,0.2892741334288799,0.30729735596040997,0.2963679914674985,0.2677325455101364,20260807,0.03650206451326499,0.036213968410388375,0.11388834390743519,0.13782734730222557
P8_test_202607_08,20260807_3_08,20260807,True,0.04677683440871815,0.048714824233601114,0.04659673905252556,0.04831996406494286,0.05329462750958894,20260807,-0.04059529370752868,-0.03631424866773436,-0.1304474397896911,-0.13430496762851485
P8_test_202607_08,20260808_1_01,20260808,True,0.23162314784457044,0.23702049680253856,0.22976403221664804,0.23400634319915803,0.25767318802291317,20260808,-0.0230349335746316,-0.018295387283688846,-0.1065803806531207,-0.11463923347764182
P8_test_202607_08,20260808_1_02,20260808,True,0.05291236619795808,0.04763893185305061,0.0517299369025248,0.047492121955201916,0.04238061009777222,20260808,0.10498675408706681,0.08547282055772332,0.22194612847675854,0.199345715642949
P8_test_202607_08,20260808_1_03,20260808,True,0.14267556758173341,0.1468892017347356,0.14930967307777832,0.1506090809680559,0.1781954936080262,20260808,-0.029105278326892137,-0.008665120157822948,-0.22230793176291064,-0.17685873433928556
P8_test_202607_08,20260808_1_04,20260808,True,0.22431750010662202,0.24153116241359143,0.2224888541476311,0.23724212538723094,0.2432809749219579,20260808,-0.07393604221107641,-0.06420423910374784,-0.08115459130172309,-0.08934004413495877
P8_test_202607_08,20260808_1_05,20260808,True,0.017496021238732867,0.017420068439297165,0.01775016135491296,0.017483302110247203,0.02646332496298541,20260808,0.004350597099331388,0.015148346002322732,-0.4137863134759536,-0.3993652044712901
P8_test_202607_08,20260808_1_06,20260808,True,0.5568505308144249,0.5629355532504452,0.5647160694717914,0.5698555561955921,0.578467977278294,20260808,-0.010868294256035416,-0.009059845605009387,-0.03808633327006239,-0.024060117426992544
P8_test_202607_08,20260808_1_07,20260808,True,0.2881526484743351,0.2991885202691936,0.27423211595382696,0.29372638276250634,0.25129758237690514,20260808,-0.037583508135263344,-0.06867377683345377,0.13685254510742606,0.08733706224905902
P8_test_202607_08,20260808_1_08,20260808,True,0.03284442338632953,0.02924927359139128,0.03256701225585082,0.03009353793497496,0.025836753505441012,20260808,0.11592723170355068,0.07898941990930597,0.2399839379037676,0.23150184938308005
P8_test_202607_08,20260808_1_09,20260808,True,0.6554930083758798,0.6416819389820241,0.6662355684419684,0.6599312076607874,0.5753990458954773,20260808,0.021294878272147266,0.009507715599286481,0.13032384409626807,0.14657952141299868
P8_test_202607_08,20260808_1_10,20260808,True,0.0595499518635217,0.06317992121108204,0.054213610840731834,0.06051035603664157,0.05474712130397352,20260808,-0.05917106085461432,-0.1098825251051907,0.08409069907238331,-0.009792788949086972
P8_test_202607_08,20260809_1_01,20260809,True,0.04861335071436331,0.047304805998615584,0.0477876457093696,0.046928091084348054,0.03750795702861962,20260809,0.02728630216617489,0.018150694956999835,0.2593451013408532,0.2422140502307628
P8_test_202607_08,20260809_1_02,20260809,True,0.1866967836423557,0.19692145276607417,0.18809534747323436,0.19563696518371826,0.2173252793414254,20260809,-0.053319109317552904,-0.03931172162756913,-0.15190939133866777,-0.1444462126520476
P8_test_202607_08,20260809_1_03,20260809,True,0.12839012244919842,0.14626132172193096,0.13544979049125688,0.14853069927288537,0.11396991225429347,20260809,-0.13032143626797676,-0.09219064421841416,0.11913897436544696,0.1726665358035997
P8_test_202607_08,20260809_1_04,20260809,True,0.4713230164201382,0.4685369082751402,0.4886399879497083,0.4806310788026593,0.4236951665501707,20260809,0.00592879052056805,0.01652600948561933,0.10652941891542289,0.14261174751926575
P8_test_202607_08,20260809_1_05,20260809,True,0.23397352058525947,0.23024388576842214,0.22754361455752423,0.22931665950685592,0.22879182008147955,20260809,0.01606882903144702,-0.007761908626032765,0.022395441588172416,-0.00547057511710336
P8_test_202607_08,20260809_1_06,20260809,True,0.4721242752719446,0.46465925572113626,0.48148102928050435,0.46549118070081835,0.47334210635798,20260809,0.015937892422206668,0.03377368057751595,-0.0025761503173752365,0.017048434937712242
P8_test_202607_08,20260809_1_07,20260809,True,0.2610800477927322,0.25291089369885217,0.26437647657389174,0.2574293264280463,0.22568254194693887,20260809,0.031789828952623056,0.026628912975402486,0.14569772669335146,0.15824480480296277
P8_test_202607_08,20260809_1_08,20260809,True,0.043956419788391245,0.047439184728315736,0.0440480978873847,0.04725594264109844,0.04273029795662141,20260809,-0.07624988548509393,-0.07029624552656744,0.028290461095147545,0.030373948047377475
P8_test_202607_08,20260809_1_09,20260809,True,0.5651313107670142,0.5446513882970466,0.5706805771760809,0.5526269295224251,0.603556408601204,20260809,0.03691217708478678,0.03214649993050844,-0.06578139268757466,-0.05600986163939603
P8_test_202607_08,20260809_1_10,20260809,True,0.06194229412916096,0.06065385764540332,0.04995413658585605,0.0453250267386827,0.07785719181661663,20260809,0.021019973382716994,0.09724596962421383,-0.22867306265944531,-0.44377095824772983
P8_test_202607_08,20260809_3_01,20260809,True,0.12370386780228235,0.11615715511016542,0.12270610558751051,0.11699760064223114,0.11725235931006762,20260809,0.06294648686585624,0.047638683512152724,0.053562017339505275,0.045463581596844715
P8_test_202607_08,20260809_3_02,20260809,True,0.020381448668561487,0.01929004239007481,0.021327623156316103,0.02034413572057215,0.02090033492782231,20260809,0.05503608369139812,0.047210394935217614,-0.025140075974854792,0.02023791021831256
P8_test_202607_08,20260809_3_03,20260809,True,0.12447917149165415,0.12792740017810458,0.12600561620814138,0.12805434337159455,0.11721072754263225,20260809,-0.027324512246945876,-0.016128252372511476,0.06016499976538281,0.0723530741507723
P8_test_202607_08,20260809_3_04,20260809,True,0.02291191263564048,0.022341396847544524,0.02281889907156127,0.02222739056483006,0.023266701475301407,20260809,0.02521565929745151,0.02626376166672939,-0.015366239440693263,-0.01943411791779459
P8_test_202607_08,20260809_3_05,20260809,True,0.7209922671906595,0.7131104923962809,0.7284899523897451,0.7194867667611127,0.6611018849731863,20260809,0.01099203540477861,0.012435699462948535,0.08672044650712363,0.09706586774703241
P8_test_202607_08,20260809_3_06,20260809,True,0.15681743681787605,0.1366974398701898,0.14837252320373112,0.13593989398906206,0.11021477405164334,20260809,0.1373122904640074,0.08751332789460986,0.35265135239203405,0.29729520643937857
P8_test_202607_08,20260809_3_07,20260809,True,0.4766012741046996,0.39886804492359745,0.46213475763534634,0.39940341845319616,0.3491448435685662,20260809,0.17804959026731026,0.14588455182732218,0.31119337732655694,0.28036967108853206
