rcDate,race_id,entry_id,hrName,win
20230805,20230805_1_01,20230805_1_01_01,금악이글,0
20230805,20230805_1_01,20230805_1_01_02,참좋은인연,0
20230805,20230805_1_01,20230805_1_01_03,송암스카이,1
20230805,20230805_1_01,20230805_1_01_04,신의운명,0
20230805,20230805_1_01,20230805_1_01_05,큐피드라이즈,0
20230805,20230805_1_01,20230805_1_01_06,라온더판타,0
20230805,20230805_1_01,20230805_1_01_07,정성타이거,0
20230805,20230805_1_01,20230805_1_01_08,창조의기둥,0
20230805,20230805_1_01,20230805_1_01_09,지구라트,0
20230805,20230805_1_01,20230805_1_01_10,히어아이엠,0
20230805,20230805_1_01,20230805_1_01_11,히어로챔프,0
20230805,20230805_1_02,20230805_1_02_01,히어로파이터,1
20230805,20230805_1_02,20230805_1_02_02,클림트월드,0
20230805,20230805_1_02,20230805_1_02_03,뉴질랜드삭스,0
20230805,20230805_1_02,20230805_1_02_04,논스톱힐,0
20230805,20230805_1_02,20230805_1_02_05,빅토리히트,0
20230805,20230805_1_02,20230805_1_02_06,선더미르,0
20230805,20230805_1_02,20230805_1_02_08,파노라마킹,0
20230805,20230805_1_03,20230805_1_03_01,레전드선,0
20230805,20230805_1_03,20230805_1_03_02,영원자이언트,0
20230805,20230805_1_03,20230805_1_03_03,대물삭스,0
20230805,20230805_1_03,20230805_1_03_04,성실영웅,0
20230805,20230805_1_03,20230805_1_03_06,빈체로카발로,0
20230805,20230805_1_03,20230805_1_03_07,슈퍼원,0
20230805,20230805_1_03,20230805_1_03_08,스마트클레어,0
20230805,20230805_1_03,20230805_1_03_09,내길의리더,0
20230805,20230805_1_03,20230805_1_03_10,트리스탄왕자,0
20230805,20230805_1_03,20230805_1_03_11,트라움킹,1
20230805,20230805_1_04,20230805_1_04_01,그랜드군황,0
20230805,20230805_1_04,20230805_1_04_02,대왕순간이,0
20230805,20230805_1_04,20230805_1_04_03,그래티튜드,0
20230805,20230805_1_04,20230805_1_04_04,씽씽씽,0
20230805,20230805_1_04,20230805_1_04_05,럭키허니,0
20230805,20230805_1_04,20230805_1_04_06,백룡,0
20230805,20230805_1_04,20230805_1_04_07,라온에어포스,0
20230805,20230805_1_04,20230805_1_04_08,희망의찬가,0
20230805,20230805_1_04,20230805_1_04_09,나올스카이,0
20230805,20230805_1_04,20230805_1_04_10,원평스카이,0
20230805,20230805_1_04,20230805_1_04_11,마이티쎈,1
20230805,20230805_1_05,20230805_1_05_01,나올탱크,0
20230805,20230805_1_05,20230805_1_05_02,캐츠우먼,0
20230805,20230805_1_05,20230805_1_05_03,원더풀룰즈,0
20230805,20230805_1_05,20230805_1_05_04,세븐블레이드,1
20230805,20230805_1_05,20230805_1_05_05,골든펄,0
20230805,20230805_1_05,20230805_1_05_06,카지노스타,0
20230805,20230805_1_05,20230805_1_05_07,카리즈마,0
20230805,20230805_1_05,20230805_1_05_08,아치로켓,0
20230805,20230805_1_05,20230805_1_05_09,투아레그나인,0
20230805,20230805_1_05,20230805_1_05_10,반도희망,0
20230805,20230805_1_05,20230805_1_05_11,메니샤크,0
20230805,20230805_1_06,20230805_1_06_01,히어로퀸,0
20230805,20230805_1_06,20230805_1_06_02,스마트삭스,0
20230805,20230805_1_06,20230805_1_06_03,헤이마마,0
20230805,20230805_1_06,20230805_1_06_04,새벽안개,1
20230805,20230805_1_06,20230805_1_06_05,메니참,0
20230805,20230805_1_06,20230805_1_06_06,그랜드실버,0
20230805,20230805_1_06,20230805_1_06_07,메이드스타,0
20230805,20230805_1_06,20230805_1_06_08,아치러너,0
20230805,20230805_1_06,20230805_1_06_09,브라운,0
20230805,20230805_1_06,20230805_1_06_10,투에이스,0
20230805,20230805_1_06,20230805_1_06_11,원더풀폭스,0
20230805,20230805_1_07,20230805_1_07_01,대박스타,0
20230805,20230805_1_07,20230805_1_07_02,누비고,0
20230805,20230805_1_07,20230805_1_07_03,빅에너지,0
20230805,20230805_1_07,20230805_1_07_04,용천지상,0
20230805,20230805_1_07,20230805_1_07_05,늘가을,1
20230805,20230805_1_07,20230805_1_07_06,무장,0
20230805,20230805_1_07,20230805_1_07_07,로드에이스,0
20230805,20230805_1_07,20230805_1_07_08,스마트블루,0
20230805,20230805_1_07,20230805_1_07_09,새내황제,0
20230805,20230805_1_07,20230805_1_07_10,찬란한불꽃,0
20230805,20230805_1_07,20230805_1_07_11,블랙참,0
20230805,20230805_1_08,20230805_1_08_01,차돌런,0
20230805,20230805_1_08,20230805_1_08_02,리버태양,0
20230805,20230805_1_08,20230805_1_08_03,스마트파워,0
20230805,20230805_1_08,20230805_1_08_04,퀸오브베스트,0
20230805,20230805_1_08,20230805_1_08_05,플라이데이,1
20230805,20230805_1_08,20230805_1_08_06,드림플레이,0
20230805,20230805_1_08,20230805_1_08_07,송암아치걸,0
20230805,20230805_1_08,20230805_1_08_08,실버퍼지,0
20230805,20230805_1_08,20230805_1_08_09,대지의여걸,0
20230805,20230805_1_08,20230805_1_08_10,브이퀸,0
20230805,20230805_1_09,20230805_1_09_01,라온시티걸,0
20230805,20230805_1_09,20230805_1_09_02,클레어퀸,0
20230805,20230805_1_09,20230805_1_09_03,대장별,0
20230805,20230805_1_09,20230805_1_09_04,다운더존,0
20230805,20230805_1_09,20230805_1_09_05,파워돌풍,0
20230805,20230805_1_09,20230805_1_09_06,히어로사랑,1
20230805,20230805_1_09,20230805_1_09_07,챈슬러,0
20230805,20230805_1_09,20230805_1_09_08,러브카우걸,0
20230805,20230805_1_09,20230805_1_09_09,네버어게인,0
20230805,20230805_1_09,20230805_1_09_10,원더풀우먼,0
20230805,20230805_1_10,20230805_1_10_01,햇무리,0
20230805,20230805_1_10,20230805_1_10_02,만세,1
20230805,20230805_1_10,20230805_1_10_03,황금해,0
20230805,20230805_1_10,20230805_1_10_04,청산영웅,0
20230805,20230805_1_10,20230805_1_10_05,사이먼퀸,0
20230805,20230805_1_10,20230805_1_10_06,럭셔리캡틴,0
20230805,20230805_1_10,20230805_1_10_07,쿨프린세스,0
20230805,20230805_1_10,20230805_1_10_08,화이트참,0
20230805,20230805_1_10,20230805_1_10_09,킹아너,0
20230805,20230805_1_10,20230805_1_10_11,열린문,0
20230805,20230805_1_11,20230805_1_11_01,선더프린스,0
20230805,20230805_1_11,20230805_1_11_02,시크릿왕자,0
20230805,20230805_1_11,20230805_1_11_03,페더럴킹,1
20230805,20230805_1_11,20230805_1_11_04,펀크레이지,0
20230805,20230805_1_11,20230805_1_11_05,질주에바다,0
20230805,20230805_1_11,20230805_1_11_06,익스펙트,0
20230805,20230805_1_11,20230805_1_11_07,콰이어트참,0
20230805,20230805_1_11,20230805_1_11_08,스타프린세스,0
20230805,20230805_1_11,20230805_1_11_09,해피나이스,0
20230805,20230805_1_11,20230805_1_11_10,금성시대,0
20230805,20230805_1_12,20230805_1_12_01,원평킬라,0
20230805,20230805_1_12,20230805_1_12_02,스타크레이지,0
20230805,20230805_1_12,20230805_1_12_03,그린실드,0
20230805,20230805_1_12,20230805_1_12_04,고고스타,0
20230805,20230805_1_12,20230805_1_12_05,네모프린스,0
20230805,20230805_1_12,20230805_1_12_06,피렌체힐,0
20230805,20230805_1_12,20230805_1_12_07,우루스퀸,0
20230805,20230805_1_12,20230805_1_12_08,글로벌파워,0
20230805,20230805_1_12,20230805_1_12_09,안양호랑이,0
20230805,20230805_1_12,20230805_1_12_10,아침기상,1
20230805,20230805_1_12,20230805_1_12_11,드림스피드,0
20230805,20230805_1_13,20230805_1_13_01,미르포인트,0
20230805,20230805_1_13,20230805_1_13_02,원더풀샘,0
20230805,20230805_1_13,20230805_1_13_03,히든블레이드,0
20230805,20230805_1_13,20230805_1_13_04,클레어베스트,0
20230805,20230805_1_13,20230805_1_13_05,나올천지,0
20230805,20230805_1_13,20230805_1_13_06,배다리캔디,0
20230805,20230805_1_13,20230805_1_13_07,황우최강,0
20230805,20230805_1_13,20230805_1_13_08,트로트퀸,0
20230805,20230805_1_13,20230805_1_13_09,에스아이코코,1
20230805,20230805_1_13,20230805_1_13_10,드림여왕,0
20230805,20230805_1_13,20230805_1_13_11,서울크라운,0
20230805,20230805_1_14,20230805_1_14_01,뉴킹맨,0
20230805,20230805_1_14,20230805_1_14_02,신한특송,1
20230805,20230805_1_14,20230805_1_14_03,옥룡,0
20230805,20230805_1_14,20230805_1_14_04,하이퍼카,0
20230805,20230805_1_14,20230805_1_14_05,위대한군주,0
20230805,20230805_1_14,20230805_1_14_06,제다이포스,0
20230805,20230805_1_14,20230805_1_14_07,원더풀퍼지,0
20230805,20230805_1_14,20230805_1_14_08,아메리칸포스원,0
20230805,20230805_1_14,20230805_1_14_09,더페이버릿,0
20230805,20230805_1_14,20230805_1_14_10,메니원더풀,0
20230805,20230805_1_14,20230805_1_14_11,제이모션,0
20230805,20230805_1_15,20230805_1_15_01,이스트반,0
20230805,20230805_1_15,20230805_1_15_02,마이티룩,0
20230805,20230805_1_15,20230805_1_15_03,록의제왕,0
20230805,20230805_1_15,20230805_1_15_04,레이디켈리,0
20230805,20230805_1_15,20230805_1_15_05,리월마,0
20230805,20230805_1_15,20230805_1_15_06,발베니,1
20230805,20230805_1_15,20230805_1_15_07,컴플리트타임,0
20230805,20230805_1_15,20230805_1_15_08,금로열,0
20230805,20230805_1_15,20230805_1_15_09,라온패션,0
20230805,20230805_1_15,20230805_1_15_10,문학보스,0
20230805,20230805_1_15,20230805_1_15_11,글로벌보배,0
20230806,20230806_1_01,20230806_1_01_01,라온더대세,0
20230806,20230806_1_01,20230806_1_01_02,나이스타임,1
20230806,20230806_1_01,20230806_1_01_03,학산마초,0
20230806,20230806_1_01,20230806_1_01_04,오래다함께,0
20230806,20230806_1_01,20230806_1_01_05,금악스타,0
20230806,20230806_1_01,20230806_1_01_06,골든라인,0
20230806,20230806_1_01,20230806_1_01_07,베스트토르,0
20230806,20230806_1_01,20230806_1_01_08,미라클한강,0
20230806,20230806_1_01,20230806_1_01_10,서울최강자,0
20230806,20230806_1_01,20230806_1_01_11,모닝볼드,0
20230806,20230806_1_02,20230806_1_02_01,미스터스타,0
20230806,20230806_1_02,20230806_1_02_02,마이티탭,0
20230806,20230806_1_02,20230806_1_02_03,당찬낭보,0
20230806,20230806_1_02,20230806_1_02_04,위너제린,0
20230806,20230806_1_02,20230806_1_02_05,다산명품,0
20230806,20230806_1_02,20230806_1_02_06,선더갤러퍼,0
20230806,20230806_1_02,20230806_1_02_07,테스타블루,0
20230806,20230806_1_02,20230806_1_02_08,청파의꿈,0
20230806,20230806_1_02,20230806_1_02_09,문학센트럴,0
20230806,20230806_1_02,20230806_1_02_10,코스모런,1
20230806,20230806_1_02,20230806_1_02_11,네모스피릿,0
20230806,20230806_1_03,20230806_1_03_01,대승가온,0
20230806,20230806_1_03,20230806_1_03_02,카메로투,0
20230806,20230806_1_03,20230806_1_03_03,라온점프,0
20230806,20230806_1_03,20230806_1_03_04,테스타루비,0
20230806,20230806_1_03,20230806_1_03_05,그린프로텍터,0
20230806,20230806_1_03,20230806_1_03_06,원평리스트,0
20230806,20230806_1_03,20230806_1_03_07,세상앞으로,1
20230806,20230806_1_03,20230806_1_03_08,해랑여왕,0
20230806,20230806_1_03,20230806_1_03_09,슛업스파크,0
20230806,20230806_1_03,20230806_1_03_10,예지몽,0
20230806,20230806_1_03,20230806_1_03_11,클래스희망,0
20230806,20230806_1_04,20230806_1_04_01,원스피어,0
20230806,20230806_1_04,20230806_1_04_02,위너드래건,0
20230806,20230806_1_04,20230806_1_04_03,매직케이,0
20230806,20230806_1_04,20230806_1_04_04,담쟁이아르고,0
20230806,20230806_1_04,20230806_1_04_05,마구마,0
20230806,20230806_1_04,20230806_1_04_06,호명에이스,0
20230806,20230806_1_04,20230806_1_04_07,새로운빛깔,0
20230806,20230806_1_04,20230806_1_04_08,포에이스,0
20230806,20230806_1_04,20230806_1_04_09,맥캘란,1
20230806,20230806_1_04,20230806_1_04_10,강철여걸,0
20230806,20230806_1_04,20230806_1_04_11,벨비티,0
20230806,20230806_1_05,20230806_1_05_01,금아스테디,0
20230806,20230806_1_05,20230806_1_05_02,크리솔스마일,0
20230806,20230806_1_05,20230806_1_05_03,트레비트,0
20230806,20230806_1_05,20230806_1_05_04,라스트피치,0
20230806,20230806_1_05,20230806_1_05_05,최강나이스,0
20230806,20230806_1_05,20230806_1_05_06,콜리타스,0
20230806,20230806_1_05,20230806_1_05_07,제축일호,0
20230806,20230806_1_05,20230806_1_05_08,퍼플신화,0
20230806,20230806_1_05,20230806_1_05_09,새터데이,1
20230806,20230806_1_05,20230806_1_05_10,버터케이,0
20230806,20230806_1_05,20230806_1_05_11,하트시그널,0
20230806,20230806_1_06,20230806_1_06_01,마에스트로,0
20230806,20230806_1_06,20230806_1_06_02,터프여제,0
20230806,20230806_1_06,20230806_1_06_03,새내칸,0
20230806,20230806_1_06,20230806_1_06_04,케이엔골든킹,1
20230806,20230806_1_06,20230806_1_06_05,금빛천하,0
20230806,20230806_1_06,20230806_1_06_06,피어리스,0
20230806,20230806_1_06,20230806_1_06_07,송암드래건,0
20230806,20230806_1_06,20230806_1_06_08,큐피드챔프,0
20230806,20230806_1_06,20230806_1_06_09,정상럭키,0
20230806,20230806_1_06,20230806_1_06_10,클라우터,0
20230806,20230806_1_07,20230806_1_07_01,원더풀섀도우,0
20230806,20230806_1_07,20230806_1_07_02,그린비바체,0
20230806,20230806_1_07,20230806_1_07_03,미르파워,0
20230806,20230806_1_07,20230806_1_07_04,지르콘,0
20230806,20230806_1_07,20230806_1_07_05,하이본미,0
20230806,20230806_1_07,20230806_1_07_06,유쾌한사랑,0
20230806,20230806_1_07,20230806_1_07_07,아치메모리,0
20230806,20230806_1_07,20230806_1_07_08,천존챗,0
20230806,20230806_1_07,20230806_1_07_09,스프링워터,0
20230806,20230806_1_07,20230806_1_07_10,마이센터,0
20230806,20230806_1_07,20230806_1_07_11,에이펙스,1
20230806,20230806_1_08,20230806_1_08_01,시대의명작,0
20230806,20230806_1_08,20230806_1_08_03,글로벌프라임,0
20230806,20230806_1_08,20230806_1_08_04,슈프림스타,0
20230806,20230806_1_08,20230806_1_08_05,피엔에스더킹,0
20230806,20230806_1_08,20230806_1_08_06,천은총,0
20230806,20230806_1_08,20230806_1_08_07,선더브라보,0
20230806,20230806_1_08,20230806_1_08_08,미스터퀄리티,0
20230806,20230806_1_08,20230806_1_08_09,컴플리트스텝,1
20230806,20230806_1_08,20230806_1_08_10,마파람,0
20230806,20230806_1_09,20230806_1_09_01,글로벌매직,0
20230806,20230806_1_09,20230806_1_09_02,블랙루키,0
20230806,20230806_1_09,20230806_1_09_03,파이널축제,0
20230806,20230806_1_09,20230806_1_09_04,블랙건,0
20230806,20230806_1_09,20230806_1_09_05,온리위너,0
20230806,20230806_1_09,20230806_1_09_06,아침동자,0
20230806,20230806_1_09,20230806_1_09_07,드림케이,0
20230806,20230806_1_09,20230806_1_09_08,파워풀삭스,0
20230806,20230806_1_09,20230806_1_09_09,실버스타,0
20230806,20230806_1_09,20230806_1_09_10,건곤일척,0
20230806,20230806_1_09,20230806_1_09_11,헤이큐피드,1
20230806,20230806_1_10,20230806_1_10_01,나인아이,0
20230806,20230806_1_10,20230806_1_10_02,원더풀타이쿤,0
20230806,20230806_1_10,20230806_1_10_03,머스탱파워,0
20230806,20230806_1_10,20230806_1_10_04,아델머스탱,0
20230806,20230806_1_10,20230806_1_10_05,아르고스마일,1
20230806,20230806_1_10,20230806_1_10_06,불의신화,0
20230806,20230806_1_10,20230806_1_10_07,머니가락,0
20230806,20230806_1_10,20230806_1_10_08,희망챔프,0
20230806,20230806_1_10,20230806_1_10_09,아르고탑,0
20230806,20230806_1_10,20230806_1_10_10,언패럴렐드,0
20230806,20230806_1_11,20230806_1_11_01,한강히어로,0
20230806,20230806_1_11,20230806_1_11_02,이무기,0
20230806,20230806_1_11,20230806_1_11_03,위너콜,0
20230806,20230806_1_11,20230806_1_11_04,랠리퀸,0
20230806,20230806_1_11,20230806_1_11_05,마이티킥,0
20230806,20230806_1_11,20230806_1_11_06,큐피드워리어,0
20230806,20230806_1_11,20230806_1_11_07,메디치울프,0
20230806,20230806_1_11,20230806_1_11_08,울트라삭스,0
20230806,20230806_1_11,20230806_1_11_09,아마존킹,0
20230806,20230806_1_11,20230806_1_11_10,악동아르고,1
20230806,20230806_1_11,20230806_1_11_11,피닉스서브,0
20230806,20230806_1_12,20230806_1_12_01,어메이징위즈,0
20230806,20230806_1_12,20230806_1_12_02,킹심바,0
20230806,20230806_1_12,20230806_1_12_03,감곡선샤인,0
20230806,20230806_1_12,20230806_1_12_04,기쁨환호,0
20230806,20230806_1_12,20230806_1_12_05,스피디루키,1
20230806,20230806_1_12,20230806_1_12_06,어나더레벨,0
20230806,20230806_1_12,20230806_1_12_07,베링맨,0
20230806,20230806_1_12,20230806_1_12_08,빛나는질주,0
20230806,20230806_1_12,20230806_1_12_09,슈퍼엑톤,0
20230806,20230806_1_12,20230806_1_12_10,돌격앞으로,0
20230806,20230806_1_12,20230806_1_12_11,바디스타,0
20230806,20230806_1_13,20230806_1_13_01,포에버드림,0
20230806,20230806_1_13,20230806_1_13_02,백색광채,0
20230806,20230806_1_13,20230806_1_13_03,컴플리트밸류,0
20230806,20230806_1_13,20230806_1_13_04,카빙크로스,0
20230806,20230806_1_13,20230806_1_13_05,더검푸,1
20230806,20230806_1_13,20230806_1_13_06,흑전사,0
20230806,20230806_1_13,20230806_1_13_07,슈퍼삭스,0
20230806,20230806_1_13,20230806_1_13_08,마이티수,0
20230806,20230806_1_13,20230806_1_13_09,별나라신사,0
20230806,20230806_1_13,20230806_1_13_10,릴패트론,0
20230806,20230806_1_14,20230806_1_14_01,라온더골드,0
20230806,20230806_1_14,20230806_1_14_02,국대클래스,0
20230806,20230806_1_14,20230806_1_14_03,터프맨,0
20230806,20230806_1_14,20230806_1_14_04,그레이트선더,0
20230806,20230806_1_14,20230806_1_14_05,거센돌풍,0
20230806,20230806_1_14,20230806_1_14_06,선드래곤,1
20230806,20230806_1_14,20230806_1_14_07,최강퀸,0
20230806,20230806_1_14,20230806_1_14_08,비제이스톰,0
20230806,20230806_1_14,20230806_1_14_09,와일드삭스,0
20230806,20230806_1_14,20230806_1_14_10,스프링꿈,0
20230806,20230806_1_15,20230806_1_15_01,다프네,0
20230806,20230806_1_15,20230806_1_15_02,케이엔스케치,0
20230806,20230806_1_15,20230806_1_15_03,원더풀키티,0
20230806,20230806_1_15,20230806_1_15_04,야무진재수,0
20230806,20230806_1_15,20230806_1_15_05,그레이스퀸,0
20230806,20230806_1_15,20230806_1_15_06,뉴청파,0
20230806,20230806_1_15,20230806_1_15_07,글로벌영웅,0
20230806,20230806_1_15,20230806_1_15_08,선더타임,1
20230806,20230806_1_15,20230806_1_15_09,천지광풍,0
20230806,20230806_1_15,20230806_1_15_10,센스쟁이,0
20230806,20230806_1_15,20230806_1_15_11,리마커블,0
20230812,20230812_1_01,20230812_1_01_01,블루레몬,1
20230812,20230812_1_01,20230812_1_01_02,엑설런트마타,0
20230812,20230812_1_01,20230812_1_01_03,러브문막,0
20230812,20230812_1_01,20230812_1_01_04,오리온알파,0
20230812,20230812_1_01,20230812_1_01_05,선더여걸,0
20230812,20230812_1_01,20230812_1_01_06,걸작스카이,0
20230812,20230812_1_01,20230812_1_01_07,마루별,0
20230812,20230812_1_01,20230812_1_01_08,안양쓰나미,0
20230812,20230812_1_01,20230812_1_01_09,학산루루,0
20230812,20230812_1_01,20230812_1_01_10,스페셜포스,0
20230812,20230812_1_01,20230812_1_01_11,크로키,0
20230812,20230812_1_02,20230812_1_02_01,한강스카이,1
20230812,20230812_1_02,20230812_1_02_02,우승탑,0
20230812,20230812_1_02,20230812_1_02_03,딘시챔프,0
20230812,20230812_1_02,20230812_1_02_04,에이스퀸,0
20230812,20230812_1_02,20230812_1_02_05,에펠탑,0
20230812,20230812_1_02,20230812_1_02_06,거문,0
20230812,20230812_1_02,20230812_1_02_07,스피어퀸,0
20230812,20230812_1_02,20230812_1_02_08,테마탄생,0
20230812,20230812_1_02,20230812_1_02_09,블랙이글스,0
20230812,20230812_1_02,20230812_1_02_10,천운챗,0
20230812,20230812_1_02,20230812_1_02_11,디스코보이,0
20230812,20230812_1_03,20230812_1_03_01,금빛강호,0
20230812,20230812_1_03,20230812_1_03_02,크리솔메이저,0
20230812,20230812_1_03,20230812_1_03_03,이에이치코코,0
20230812,20230812_1_03,20230812_1_03_04,밴프,0
20230812,20230812_1_03,20230812_1_03_05,황우강자,0
20230812,20230812_1_03,20230812_1_03_06,태평파이터,1
20230812,20230812_1_03,20230812_1_03_07,뉴포인트,0
20230812,20230812_1_03,20230812_1_03_08,트롤,0
20230812,20230812_1_03,20230812_1_03_09,누리태양,0
20230812,20230812_1_03,20230812_1_03_10,마이티렘,0
20230812,20230812_1_03,20230812_1_03_11,보름달빛,0
20230812,20230812_1_04,20230812_1_04_01,채플프린세스,0
20230812,20230812_1_04,20230812_1_04_02,리얼팩,0
20230812,20230812_1_04,20230812_1_04_03,라이오넷,1
20230812,20230812_1_04,20230812_1_04_04,원더풀조이,0
20230812,20230812_1_04,20230812_1_04_05,카미노,0
20230812,20230812_1_04,20230812_1_04_06,디자이어투윈,0
20230812,20230812_1_04,20230812_1_04_07,정상킹덤,0
20230812,20230812_1_04,20230812_1_04_08,원더풀위싱,0
20230812,20230812_1_04,20230812_1_04_09,올가림,0
20230812,20230812_1_05,20230812_1_05_01,에코존,0
20230812,20230812_1_05,20230812_1_05_02,글로벌진격,0
20230812,20230812_1_05,20230812_1_05_03,비에스에너지,0
20230812,20230812_1_05,20230812_1_05_04,아르고공주,0
20230812,20230812_1_05,20230812_1_05_05,머니스톤,0
20230812,20230812_1_05,20230812_1_05_06,쇠와꽃,0
20230812,20230812_1_05,20230812_1_05_07,위즈업,0
20230812,20230812_1_05,20230812_1_05_08,실버부스터,0
20230812,20230812_1_05,20230812_1_05_09,블루밍스타,1
20230812,20230812_1_05,20230812_1_05_10,원더풀남촌,0
20230812,20230812_1_06,20230812_1_06_01,마이선더,0
20230812,20230812_1_06,20230812_1_06_02,바람의향기,1
20230812,20230812_1_06,20230812_1_06_03,찬란한폭풍,0
20230812,20230812_1_06,20230812_1_06_04,인디언의별,0
20230812,20230812_1_06,20230812_1_06_05,라온홀리데이,0
20230812,20230812_1_06,20230812_1_06_06,민트플레이,0
20230812,20230812_1_06,20230812_1_06_07,큐피드보우,0
20230812,20230812_1_06,20230812_1_06_08,블랙버미,0
20230812,20230812_1_06,20230812_1_06_09,퍼스트유저,0
20230812,20230812_1_06,20230812_1_06_10,엠제이타임,0
20230812,20230812_1_06,20230812_1_06_11,천지스카이,0
20230812,20230812_1_07,20230812_1_07_01,천둥호랑이,1
20230812,20230812_1_07,20230812_1_07_02,은성마루,0
20230812,20230812_1_07,20230812_1_07_03,골드파워,0
20230812,20230812_1_07,20230812_1_07_04,파워풀화성,0
20230812,20230812_1_07,20230812_1_07_05,도깨비,0
20230812,20230812_1_07,20230812_1_07_06,별빛마루,0
20230812,20230812_1_07,20230812_1_07_07,웰빙챔피언,0
20230812,20230812_1_07,20230812_1_07_08,슈퍼군황,0
20230812,20230812_1_07,20230812_1_07_09,컬트트리플,0
20230812,20230812_1_07,20230812_1_07_10,맬리스퀸,0
20230812,20230812_1_07,20230812_1_07_11,문학송,0
20230812,20230812_1_08,20230812_1_08_01,희망가득,1
20230812,20230812_1_08,20230812_1_08_02,은혜충만,0
20230812,20230812_1_08,20230812_1_08_03,다나은로즈,0
20230812,20230812_1_08,20230812_1_08_04,라온엠파이어,0
20230812,20230812_1_08,20230812_1_08_05,톱클래스,0
20230812,20230812_1_08,20230812_1_08_06,킹스아이,0
20230812,20230812_1_08,20230812_1_08_07,은파마운틴,0
20230812,20230812_1_08,20230812_1_08_08,금아얼루어,0
20230812,20230812_1_08,20230812_1_08_09,글로벌선,0
20230812,20230812_1_08,20230812_1_08_10,논스톱선더,0
20230812,20230812_1_09,20230812_1_09_01,하이러너,0
20230812,20230812_1_09,20230812_1_09_02,바잉블레이드,1
20230812,20230812_1_09,20230812_1_09_03,엠제이베스트,0
20230812,20230812_1_09,20230812_1_09_04,유쾌한날들,0
20230812,20230812_1_09,20230812_1_09_05,부스터로켓,0
20230812,20230812_1_09,20230812_1_09_06,더리퍼,0
20230812,20230812_1_09,20230812_1_09_07,스마트전사,0
20230812,20230812_1_09,20230812_1_09_08,아스펜로스,0
20230812,20230812_1_09,20230812_1_09_09,라온아메리칸,0
20230812,20230812_1_10,20230812_1_10_01,몬스터케이,0
20230812,20230812_1_10,20230812_1_10_02,코스모,0
20230812,20230812_1_10,20230812_1_10_03,스카이돌풍,0
20230812,20230812_1_10,20230812_1_10_04,블루키톤,0
20230812,20230812_1_10,20230812_1_10_05,베스트럭키,0
20230812,20230812_1_10,20230812_1_10_06,라온핑크,0
20230812,20230812_1_10,20230812_1_10_07,옐로우캣,0
20230812,20230812_1_10,20230812_1_10_09,큐피드베이브,1
20230812,20230812_1_10,20230812_1_10_10,티케파이어,0
20230813,20230813_1_01,20230813_1_01_01,나이스태양,0
20230813,20230813_1_01,20230813_1_01_02,안양천둥,0
20230813,20230813_1_01,20230813_1_01_03,나라올라,0
20230813,20230813_1_01,20230813_1_01_04,동진특급,0
20230813,20230813_1_01,20230813_1_01_05,스피드원,0
20230813,20230813_1_01,20230813_1_01_06,나이트참,0
20230813,20230813_1_01,20230813_1_01_07,포르투나,1
20230813,20230813_1_01,20230813_1_01_08,함평장미,0
20230813,20230813_1_01,20230813_1_01_09,미래타워,0
20230813,20230813_1_01,20230813_1_01_11,도끼드래곤,0
20230813,20230813_1_02,20230813_1_02_01,메티스선더,0
20230813,20230813_1_02,20230813_1_02_02,매직모카신,0
20230813,20230813_1_02,20230813_1_02_03,배다리쾌검,0
20230813,20230813_1_02,20230813_1_02_04,문더스트,0
20230813,20230813_1_02,20230813_1_02_05,온더록스,0
20230813,20230813_1_02,20230813_1_02_06,대륜불패,0
20230813,20230813_1_02,20230813_1_02_08,파인데이,0
20230813,20230813_1_02,20230813_1_02_09,해제여걸,0
20230813,20230813_1_02,20230813_1_02_10,빛나는금성,0
20230813,20230813_1_02,20230813_1_02_11,열정아르고,1
20230813,20230813_1_03,20230813_1_03_01,블루아치,0
20230813,20230813_1_03,20230813_1_03_02,골든스나이퍼,0
20230813,20230813_1_03,20230813_1_03_03,베스트레이디,0
20230813,20230813_1_03,20230813_1_03_04,베스트플랜,0
20230813,20230813_1_03,20230813_1_03_05,샤프선샤인,0
20230813,20230813_1_03,20230813_1_03_06,퍼스트슈,0
20230813,20230813_1_03,20230813_1_03_07,신의함성,0
20230813,20230813_1_03,20230813_1_03_08,파워풀비전,0
20230813,20230813_1_03,20230813_1_03_09,승리공주,1
20230813,20230813_1_03,20230813_1_03_10,총알커널,0
20230813,20230813_1_03,20230813_1_03_11,클로버파티,0
20230813,20230813_1_04,20230813_1_04_01,사랑다모아,0
20230813,20230813_1_04,20230813_1_04_02,빛의대륙,0
20230813,20230813_1_04,20230813_1_04_03,파인캠프,1
20230813,20230813_1_04,20230813_1_04_04,아너로즈,0
20230813,20230813_1_04,20230813_1_04_05,문학이글,0
20230813,20230813_1_04,20230813_1_04_06,아만바로우즈,0
20230813,20230813_1_04,20230813_1_04_07,캠프세이버,0
20230813,20230813_1_04,20230813_1_04_08,승리의영혼,0
20230813,20230813_1_04,20230813_1_04_09,하이파크,0
20230813,20230813_1_05,20230813_1_05_02,바람의검,0
20230813,20230813_1_05,20230813_1_05_03,갤럭시삭스,0
20230813,20230813_1_05,20230813_1_05_04,디바인퓨처즈,0
20230813,20230813_1_05,20230813_1_05_05,블루인디,0
20230813,20230813_1_05,20230813_1_05_06,바람과함께,0
20230813,20230813_1_05,20230813_1_05_07,야무진왕초,0
20230813,20230813_1_05,20230813_1_05_08,럭키크라운,0
20230813,20230813_1_05,20230813_1_05_09,베스트전사,1
20230813,20230813_1_05,20230813_1_05_10,허밍버드,0
20230813,20230813_1_05,20230813_1_05_11,거센챔프,0
20230813,20230813_1_06,20230813_1_06_01,어서와,0
20230813,20230813_1_06,20230813_1_06_02,터치나인,0
20230813,20230813_1_06,20230813_1_06_03,라온더위켄드,0
20230813,20230813_1_06,20230813_1_06_04,비트러너,0
20230813,20230813_1_06,20230813_1_06_05,헌터블레이드,0
20230813,20230813_1_06,20230813_1_06_06,스포블레이드,1
20230813,20230813_1_06,20230813_1_06_07,매글데이,0
20230813,20230813_1_06,20230813_1_06_08,제이트로스,0
20230813,20230813_1_06,20230813_1_06_09,송암티즈,0
20230813,20230813_1_06,20230813_1_06_10,파인팜,0
20230813,20230813_1_06,20230813_1_06_11,천마챗,0
20230813,20230813_1_07,20230813_1_07_01,은혜드림,0
20230813,20230813_1_07,20230813_1_07_02,마루마,0
20230813,20230813_1_07,20230813_1_07_03,콩코드스퍼트,1
20230813,20230813_1_07,20230813_1_07_04,클럽디,0
20230813,20230813_1_07,20230813_1_07_06,벼락,0
20230813,20230813_1_07,20230813_1_07_07,지모션,0
20230813,20230813_1_07,20230813_1_07_08,런던명가,0
20230813,20230813_1_07,20230813_1_07_09,플라잉풀문,0
20230813,20230813_1_07,20230813_1_07_10,금성맨,0
20230813,20230813_1_08,20230813_1_08_01,탭다운,0
20230813,20230813_1_08,20230813_1_08_02,엘리트라인,0
20230813,20230813_1_08,20230813_1_08_03,드림패션,0
20230813,20230813_1_08,20230813_1_08_04,논스톱기상,0
20230813,20230813_1_08,20230813_1_08_05,새내파워풀,0
20230813,20230813_1_08,20230813_1_08_06,울트라갤럭시,1
20230813,20230813_1_08,20230813_1_08_07,원더풀데블,0
20230813,20230813_1_08,20230813_1_08_08,문학태핏,0
20230813,20230813_1_10,20230813_1_10_01,로드반,0
20230813,20230813_1_10,20230813_1_10_02,조이브라더,0
20230813,20230813_1_10,20230813_1_10_03,모르피스,0
20230813,20230813_1_10,20230813_1_10_04,문학파이어,0
20230813,20230813_1_10,20230813_1_10_05,레전드데이,0
20230813,20230813_1_10,20230813_1_10_06,코브라볼,0
20230813,20230813_1_10,20230813_1_10_07,라온탑맨,0
20230813,20230813_1_10,20230813_1_10_08,이스트제트,0
20230813,20230813_1_10,20230813_1_10_09,와우와우,0
20230813,20230813_1_10,20230813_1_10_10,장산클리어,1
20230813,20230813_1_10,20230813_1_10_11,바이스로이,0
20230819,20230819_1_01,20230819_1_01_01,클레어골드,0
20230819,20230819_1_01,20230819_1_01_02,글라디우스,1
20230819,20230819_1_01,20230819_1_01_03,흥행불패,0
20230819,20230819_1_01,20230819_1_01_04,오송의별,0
20230819,20230819_1_01,20230819_1_01_05,갈색도전자,0
20230819,20230819_1_01,20230819_1_01_06,천마불패,0
20230819,20230819_1_01,20230819_1_01_07,걸작으뜸,0
20230819,20230819_1_01,20230819_1_01_08,원평강자,0
20230819,20230819_1_01,20230819_1_01_09,차돌다이아,0
20230819,20230819_1_01,20230819_1_01_10,스톰가이,0
20230819,20230819_1_01,20230819_1_01_11,브라보플레이,0
20230819,20230819_1_02,20230819_1_02_01,한강글로리,0
20230819,20230819_1_02,20230819_1_02_02,태평히어로,0
20230819,20230819_1_02,20230819_1_02_03,머니터치,0
20230819,20230819_1_02,20230819_1_02_04,멋진최강,0
20230819,20230819_1_02,20230819_1_02_06,행복한승자,1
20230819,20230819_1_02,20230819_1_02_07,라온더클래머,0
20230819,20230819_1_02,20230819_1_02_08,아크로마린,0
20230819,20230819_1_02,20230819_1_02_09,골든드래곤,0
20230819,20230819_1_02,20230819_1_02_10,카일리,0
20230819,20230819_1_02,20230819_1_02_11,서천라이언,0
20230819,20230819_1_03,20230819_1_03_02,메이드스타,1
20230819,20230819_1_03,20230819_1_03_03,바로챔피언,0
20230819,20230819_1_03,20230819_1_03_04,골든플라잉,0
20230819,20230819_1_03,20230819_1_03_05,맥스마,0
20230819,20230819_1_03,20230819_1_03_06,슛업스파크,0
20230819,20230819_1_03,20230819_1_03_07,메니참,0
20230819,20230819_1_03,20230819_1_03_08,브라이트위너,0
20230819,20230819_1_03,20230819_1_03_09,스트리트퀸,0
20230819,20230819_1_03,20230819_1_03_10,스마트태양,0
20230819,20230819_1_03,20230819_1_03_11,다온디,0
20230819,20230819_1_04,20230819_1_04_01,불의날개,0
20230819,20230819_1_04,20230819_1_04_02,그린필스타,0
20230819,20230819_1_04,20230819_1_04_03,데블케이,0
20230819,20230819_1_04,20230819_1_04_04,스타프린세스,0
20230819,20230819_1_04,20230819_1_04_05,탄산,0
20230819,20230819_1_04,20230819_1_04_06,최강현마,0
20230819,20230819_1_04,20230819_1_04_07,최고포인트,0
20230819,20230819_1_04,20230819_1_04_08,고스트참,0
20230819,20230819_1_04,20230819_1_04_09,선더프린스,0
20230819,20230819_1_04,20230819_1_04_10,선더호스,0
20230819,20230819_1_04,20230819_1_04_11,매디슨마운틴,1
20230819,20230819_1_05,20230819_1_05_01,백두멋쟁이,0
20230819,20230819_1_05,20230819_1_05_02,아이스크림,0
20230819,20230819_1_05,20230819_1_05_03,돌배,1
20230819,20230819_1_05,20230819_1_05_04,유니콘히트,0
20230819,20230819_1_05,20230819_1_05_05,파티파워,0
20230819,20230819_1_05,20230819_1_05_06,용비파워,0
20230819,20230819_1_05,20230819_1_05_07,런던퀸,0
20230819,20230819_1_05,20230819_1_05_08,제우시대,0
20230819,20230819_1_05,20230819_1_05_09,지르콘,0
20230819,20230819_1_05,20230819_1_05_10,드림스카이,0
20230819,20230819_1_05,20230819_1_05_11,뉴스마트,0
20230819,20230819_1_06,20230819_1_06_01,스타케이,0
20230819,20230819_1_06,20230819_1_06_02,가나드림,0
20230819,20230819_1_06,20230819_1_06_03,티즈헌터,0
20230819,20230819_1_06,20230819_1_06_04,리걸하이,0
20230819,20230819_1_06,20230819_1_06_05,빅에너지,0
20230819,20230819_1_06,20230819_1_06_06,티즈인디,0
20230819,20230819_1_06,20230819_1_06_07,피엔에스빌,0
20230819,20230819_1_06,20230819_1_06_08,네버어게인,0
20230819,20230819_1_06,20230819_1_06_09,빅스마트,0
20230819,20230819_1_06,20230819_1_06_10,금성세계,1
20230819,20230819_1_06,20230819_1_06_11,정문최강,0
20230819,20230819_1_07,20230819_1_07_02,위대한군주,1
20230819,20230819_1_07,20230819_1_07_03,달금,0
20230819,20230819_1_07,20230819_1_07_04,불의여왕,0
20230819,20230819_1_07,20230819_1_07_05,아라챔프,0
20230819,20230819_1_07,20230819_1_07_06,천둥세자,0
20230819,20230819_1_07,20230819_1_07_07,하이그랜드,0
20230819,20230819_1_07,20230819_1_07_08,깡돌이,0
20230819,20230819_1_07,20230819_1_07_09,두손챔프,0
20230819,20230819_1_07,20230819_1_07_10,광치기,0
20230819,20230819_1_07,20230819_1_07_11,주몽천하,0
20230819,20230819_1_08,20230819_1_08_01,고져스서브,0
20230819,20230819_1_08,20230819_1_08_02,아라모아,0
20230819,20230819_1_08,20230819_1_08_03,태양타고,0
20230819,20230819_1_08,20230819_1_08_04,순간터치,0
20230819,20230819_1_08,20230819_1_08_05,강력한지금,0
20230819,20230819_1_08,20230819_1_08_06,원평퀸,0
20230819,20230819_1_08,20230819_1_08_07,챌린지삭스,0
20230819,20230819_1_08,20230819_1_08_08,은혜,0
20230819,20230819_1_08,20230819_1_08_09,성실공주핑크,0
20230819,20230819_1_08,20230819_1_08_10,대완구,1
20230819,20230819_1_08,20230819_1_08_11,다이아파워캣,0
20230819,20230819_1_09,20230819_1_09_01,드림맥스,0
20230819,20230819_1_09,20230819_1_09_02,매직그레이스,0
20230819,20230819_1_09,20230819_1_09_03,심플스타일,0
20230819,20230819_1_09,20230819_1_09_04,제왕의별,0
20230819,20230819_1_09,20230819_1_09_05,아침함성,0
20230819,20230819_1_09,20230819_1_09_06,에이피파텍,0
20230819,20230819_1_09,20230819_1_09_07,캡틴브라보,1
20230819,20230819_1_09,20230819_1_09_08,로열로드,0
20230819,20230819_1_09,20230819_1_09_09,위너블루,0
20230819,20230819_1_09,20230819_1_09_10,더퀸저스티스,0
20230819,20230819_1_09,20230819_1_09_11,루미너스퀸,0
20230819,20230819_1_10,20230819_1_10_01,파워빅토리,0
20230819,20230819_1_10,20230819_1_10_02,라온더퀄리티,0
20230819,20230819_1_10,20230819_1_10_03,문학스톰,0
20230819,20230819_1_10,20230819_1_10_04,화이트퀸,0
20230819,20230819_1_10,20230819_1_10_05,퀵실버키튼,0
20230819,20230819_1_10,20230819_1_10_06,아이엠짱,0
20230819,20230819_1_10,20230819_1_10_07,최강블레이드,1
20230819,20230819_1_10,20230819_1_10_08,베스트토치,0
20230819,20230819_1_10,20230819_1_10_09,스퍼트빗,0
20230819,20230819_1_10,20230819_1_10_10,파이팅대디,0
20230820,20230820_1_01,20230820_1_01_01,성실파워,0
20230820,20230820_1_01,20230820_1_01_02,라온스프린터,0
20230820,20230820_1_01,20230820_1_01_03,플라잉글로우,0
20230820,20230820_1_01,20230820_1_01_04,장군가람,0
20230820,20230820_1_01,20230820_1_01_05,피엔에스주,0
20230820,20230820_1_01,20230820_1_01_06,퍼지킹,0
20230820,20230820_1_01,20230820_1_01_07,모쿠슈라,0
20230820,20230820_1_01,20230820_1_01_08,원더풀파고,0
20230820,20230820_1_01,20230820_1_01_09,세이렌,0
20230820,20230820_1_01,20230820_1_01_10,스마트캣,0
20230820,20230820_1_01,20230820_1_01_11,더플레이어,1
20230820,20230820_1_02,20230820_1_02_01,스텔스박,0
20230820,20230820_1_02,20230820_1_02_02,윈스토리,0
20230820,20230820_1_02,20230820_1_02_03,샤우트쿠로,0
20230820,20230820_1_02,20230820_1_02_04,붉은폭풍,0
20230820,20230820_1_02,20230820_1_02_05,내길의캡틴,0
20230820,20230820_1_02,20230820_1_02_06,베트캡틴,0
20230820,20230820_1_02,20230820_1_02_07,피닉스클래스,1
20230820,20230820_1_02,20230820_1_02_08,질풍오름,0
20230820,20230820_1_02,20230820_1_02_09,행복여왕,0
20230820,20230820_1_02,20230820_1_02_10,질풍재즈,0
20230820,20230820_1_02,20230820_1_02_11,아메노,0
20230820,20230820_1_03,20230820_1_03_01,새로운빛깔,0
20230820,20230820_1_03,20230820_1_03_02,러피언이글,0
20230820,20230820_1_03,20230820_1_03_03,상임대표,0
20230820,20230820_1_03,20230820_1_03_04,투아레그나인,0
20230820,20230820_1_03,20230820_1_03_05,사바나찰리,0
20230820,20230820_1_03,20230820_1_03_06,브라이트러닝,0
20230820,20230820_1_03,20230820_1_03_07,원스피어,0
20230820,20230820_1_03,20230820_1_03_08,송암레전드,0
20230820,20230820_1_03,20230820_1_03_09,파워에치드,0
20230820,20230820_1_03,20230820_1_03_10,그린불패,0
20230820,20230820_1_03,20230820_1_03_11,제타마스터,1
20230820,20230820_1_04,20230820_1_04_01,청계기상,0
20230820,20230820_1_04,20230820_1_04_02,레이디태풍,0
20230820,20230820_1_04,20230820_1_04_03,퍼플월드,0
20230820,20230820_1_04,20230820_1_04_04,에이스티아라,0
20230820,20230820_1_04,20230820_1_04_05,강풍마,1
20230820,20230820_1_04,20230820_1_04_06,브라보한센,0
20230820,20230820_1_04,20230820_1_04_07,행복한문막,0
20230820,20230820_1_04,20230820_1_04_08,런던에이스,0
20230820,20230820_1_04,20230820_1_04_09,미스하이플라이,0
20230820,20230820_1_04,20230820_1_04_10,세명레이디,0
20230820,20230820_1_04,20230820_1_04_11,콰이어트참,0
20230820,20230820_1_05,20230820_1_05_01,대박삭스,0
20230820,20230820_1_05,20230820_1_05_02,멋진강호,0
20230820,20230820_1_05,20230820_1_05_04,쏘아라투투,1
20230820,20230820_1_05,20230820_1_05_05,선더블루,0
20230820,20230820_1_05,20230820_1_05_06,브이퀸,0
20230820,20230820_1_05,20230820_1_05_07,예술이야,0
20230820,20230820_1_05,20230820_1_05_08,퍼플윙크,0
20230820,20230820_1_05,20230820_1_05_09,데스크탑,0
20230820,20230820_1_05,20230820_1_05_10,용천지상,0
20230820,20230820_1_05,20230820_1_05_11,피엔에스더킹,0
20230820,20230820_1_06,20230820_1_06_01,새벽밴드,0
20230820,20230820_1_06,20230820_1_06_02,운외창천,0
20230820,20230820_1_06,20230820_1_06_03,제이모션,0
20230820,20230820_1_06,20230820_1_06_04,록파이터,0
20230820,20230820_1_06,20230820_1_06_05,해피삭스,1
20230820,20230820_1_06,20230820_1_06_06,그린폭주,0
20230820,20230820_1_06,20230820_1_06_07,시선집중,0
20230820,20230820_1_06,20230820_1_06_08,히든브레인,0
20230820,20230820_1_06,20230820_1_06_09,미스윈스타,0
20230820,20230820_1_06,20230820_1_06_10,찬란한날,0
20230820,20230820_1_07,20230820_1_07_01,천은총,0
20230820,20230820_1_07,20230820_1_07_02,킹에이스,0
20230820,20230820_1_07,20230820_1_07_03,오천복,0
20230820,20230820_1_07,20230820_1_07_04,나의나라,0
20230820,20230820_1_07,20230820_1_07_05,글로벌럭키,0
20230820,20230820_1_07,20230820_1_07_06,로열함성,0
20230820,20230820_1_07,20230820_1_07_07,금세다,1
20230820,20230820_1_07,20230820_1_07_08,옥천최강,0
20230820,20230820_1_07,20230820_1_07_09,더트서퍼,0
20230820,20230820_1_07,20230820_1_07_10,선포레,0
20230820,20230820_1_07,20230820_1_07_11,퓨리오사,0
20230820,20230820_1_08,20230820_1_08_01,루킹굿,0
20230820,20230820_1_08,20230820_1_08_03,온포인트,0
20230820,20230820_1_08,20230820_1_08_04,퀸즈투어,0
20230820,20230820_1_08,20230820_1_08_05,일격필살,0
20230820,20230820_1_08,20230820_1_08_06,럭키월드,0
20230820,20230820_1_08,20230820_1_08_07,슈어윈,0
20230820,20230820_1_08,20230820_1_08_08,에이스함성,0
20230820,20230820_1_08,20230820_1_08_09,천마비상,0
20230820,20230820_1_08,20230820_1_08_10,그레이캣,0
20230820,20230820_1_08,20230820_1_08_11,용암보스,1
20230820,20230820_1_09,20230820_1_09_01,걸작선,0
20230820,20230820_1_09,20230820_1_09_02,나올영웅,0
20230820,20230820_1_09,20230820_1_09_03,엑톤질주,0
20230820,20230820_1_09,20230820_1_09_04,토호스카이,0
20230820,20230820_1_09,20230820_1_09_05,대세만세,0
20230820,20230820_1_09,20230820_1_09_06,한강보스,1
20230820,20230820_1_09,20230820_1_09_08,세명나래,0
20230820,20230820_1_09,20230820_1_09_09,경부도령,0
20230820,20230820_1_09,20230820_1_09_10,벤칼프린세스,0
20230820,20230820_1_09,20230820_1_09_11,메니스피어,0
20230820,20230820_1_10,20230820_1_10_01,뉴문워리어,0
20230820,20230820_1_10,20230820_1_10_02,컴플리트엔젤,0
20230820,20230820_1_10,20230820_1_10_03,스탈렛,0
20230820,20230820_1_10,20230820_1_10_04,금빛마,1
20230820,20230820_1_10,20230820_1_10_05,플라잉골드,0
20230820,20230820_1_10,20230820_1_10_06,매직아워,0
20230820,20230820_1_10,20230820_1_10_07,피엔에스럭키,0
20230820,20230820_1_10,20230820_1_10_09,케이엔라이트,0
20230820,20230820_1_10,20230820_1_10_10,카우보이킹,0
20230826,20230826_1_01,20230826_1_01_01,금세,0
20230826,20230826_1_01,20230826_1_01_02,내길의영광,0
20230826,20230826_1_01,20230826_1_01_03,우승콩코드,0
20230826,20230826_1_01,20230826_1_01_04,세광파이터,1
20230826,20230826_1_01,20230826_1_01_05,슈퍼원,0
20230826,20230826_1_01,20230826_1_01_06,블러드마운틴,0
20230826,20230826_1_01,20230826_1_01_07,은파파트너,0
20230826,20230826_1_01,20230826_1_01_08,스터닝서브,0
20230826,20230826_1_01,20230826_1_01_09,배다리향기,0
20230826,20230826_1_01,20230826_1_01_10,미스터파워,0
20230826,20230826_1_01,20230826_1_01_11,런던골드,0
20230826,20230826_1_02,20230826_1_02_01,라온더탑,1
20230826,20230826_1_02,20230826_1_02_02,더자이언트,0
20230826,20230826_1_02,20230826_1_02_03,금성모닝,0
20230826,20230826_1_02,20230826_1_02_04,장군마루,0
20230826,20230826_1_02,20230826_1_02_05,제축이호,0
20230826,20230826_1_02,20230826_1_02_06,서울돌풍,0
20230826,20230826_1_02,20230826_1_02_07,내길의위너,0
20230826,20230826_1_02,20230826_1_02_08,럭키파티,0
20230826,20230826_1_02,20230826_1_02_09,학산대세,0
20230826,20230826_1_02,20230826_1_02_10,히어로질주,0
20230826,20230826_1_02,20230826_1_02_11,일링크스,0
20230826,20230826_1_02,20230826_1_02_12,태평비전,0
20230826,20230826_1_03,20230826_1_03_01,선더미르,0
20230826,20230826_1_03,20230826_1_03_02,파워팔이영,0
20230826,20230826_1_03,20230826_1_03_03,논스톱힐,0
20230826,20230826_1_03,20230826_1_03_04,신의이름,0
20230826,20230826_1_03,20230826_1_03_05,굿해피,0
20230826,20230826_1_03,20230826_1_03_06,드림아일,1
20230826,20230826_1_03,20230826_1_03_07,마이티짱,0
20230826,20230826_1_03,20230826_1_03_08,관악산레오,0
20230826,20230826_1_03,20230826_1_03_09,캡틴삼칠이,0
20230826,20230826_1_03,20230826_1_03_10,엔딩파이어,0
20230826,20230826_1_03,20230826_1_03_11,우왕륭,0
20230826,20230826_1_04,20230826_1_04_01,질풍선더,0
20230826,20230826_1_04,20230826_1_04_02,집시퀸,0
20230826,20230826_1_04,20230826_1_04_03,팬시플레이,0
20230826,20230826_1_04,20230826_1_04_04,용비천,0
20230826,20230826_1_04,20230826_1_04_05,선더갤러퍼,0
20230826,20230826_1_04,20230826_1_04_06,메니윈,0
20230826,20230826_1_04,20230826_1_04_07,아치클래스,0
20230826,20230826_1_04,20230826_1_04_08,담쟁이아르고,0
20230826,20230826_1_04,20230826_1_04_09,제이에스로드,1
20230826,20230826_1_04,20230826_1_04_10,테스메리,0
20230826,20230826_1_04,20230826_1_04_11,그랜드대로,0
20230826,20230826_1_05,20230826_1_05_01,투에이스,0
20230826,20230826_1_05,20230826_1_05_02,새벽불빛,0
20230826,20230826_1_05,20230826_1_05_03,레드태풍,1
20230826,20230826_1_05,20230826_1_05_04,스위치송,0
20230826,20230826_1_05,20230826_1_05_05,플랜비,0
20230826,20230826_1_05,20230826_1_05_06,제축일호,0
20230826,20230826_1_05,20230826_1_05_07,원더풀데퓨티,0
20230826,20230826_1_05,20230826_1_05_08,최강나이스,0
20230826,20230826_1_05,20230826_1_05_09,예지몽,0
20230826,20230826_1_05,20230826_1_05_10,베스트리치,0
20230826,20230826_1_05,20230826_1_05_11,위너드래건,0
20230826,20230826_1_05,20230826_1_05_12,크리솔스마일,0
20230826,20230826_1_06,20230826_1_06_01,클라우터,0
20230826,20230826_1_06,20230826_1_06_02,은빛돌풍,0
20230826,20230826_1_06,20230826_1_06_03,아르고무적,0
20230826,20230826_1_06,20230826_1_06_04,신의반전,1
20230826,20230826_1_06,20230826_1_06_05,피엔에스아이,0
20230826,20230826_1_06,20230826_1_06_06,송암레이서,0
20230826,20230826_1_06,20230826_1_06_07,아름다운사이,0
20230826,20230826_1_06,20230826_1_06_08,히트에이스,0
20230826,20230826_1_06,20230826_1_06_09,성은크라운,0
20230826,20230826_1_06,20230826_1_06_10,터프여제,0
20230826,20230826_1_06,20230826_1_06_11,슈팅리버스,0
20230826,20230826_1_07,20230826_1_07_01,두손클래식,0
20230826,20230826_1_07,20230826_1_07_02,큐피드시크,0
20230826,20230826_1_07,20230826_1_07_03,황금꽃,1
20230826,20230826_1_07,20230826_1_07_04,피엔에스골드,0
20230826,20230826_1_07,20230826_1_07_05,엠제이타임,0
20230826,20230826_1_07,20230826_1_07_06,휘파람,0
20230826,20230826_1_07,20230826_1_07_07,대지의여걸,0
20230826,20230826_1_07,20230826_1_07_08,허니펀치,0
20230826,20230826_1_07,20230826_1_07_09,갈색향기,0
20230826,20230826_1_07,20230826_1_07_10,글로리케이,0
20230826,20230826_1_07,20230826_1_07_11,아인슈페너,0
20230826,20230826_1_08,20230826_1_08_01,멋진기록,0
20230826,20230826_1_08,20230826_1_08_02,원더풀우먼,0
20230826,20230826_1_08,20230826_1_08_03,스피어골드,0
20230826,20230826_1_08,20230826_1_08_04,라온더맨,0
20230826,20230826_1_08,20230826_1_08_05,나올대왕,0
20230826,20230826_1_08,20230826_1_08_06,럭키바운스,0
20230826,20230826_1_08,20230826_1_08_07,단디,1
20230826,20230826_1_08,20230826_1_08_08,피지블레이드,0
20230826,20230826_1_08,20230826_1_08_09,글로리앤아너,0
20230826,20230826_1_08,20230826_1_08_10,아가판서스,0
20230826,20230826_1_08,20230826_1_08_11,질주의칸,0
20230826,20230826_1_09,20230826_1_09_01,피어나다,0
20230826,20230826_1_09,20230826_1_09_03,실버스타,0
20230826,20230826_1_09,20230826_1_09_04,타우루스퀸,0
20230826,20230826_1_09,20230826_1_09_05,매직조이,0
20230826,20230826_1_09,20230826_1_09_06,록임팩트,0
20230826,20230826_1_09,20230826_1_09_07,라온더찰리,0
20230826,20230826_1_09,20230826_1_09_08,봄날의기억,0
20230826,20230826_1_09,20230826_1_09_09,타이탄삭스,0
20230826,20230826_1_09,20230826_1_09_10,점순이고,1
20230826,20230826_1_09,20230826_1_09_11,선더플래시,0
20230826,20230826_1_10,20230826_1_10_01,라스트펀치,0
20230826,20230826_1_10,20230826_1_10_02,금자유,0
20230826,20230826_1_10,20230826_1_10_03,라누트,0
20230826,20230826_1_10,20230826_1_10_04,스피돔,1
20230826,20230826_1_10,20230826_1_10_05,문학킹,0
20230826,20230826_1_10,20230826_1_10_06,라온더제트,0
20230826,20230826_1_10,20230826_1_10_07,질주본,0
20230826,20230826_1_10,20230826_1_10_08,트로팅라일리,0
20230826,20230826_1_10,20230826_1_10_09,검포,0
20230827,20230827_1_01,20230827_1_01_01,은파사랑,0
20230827,20230827_1_01,20230827_1_01_02,원더풀제트,0
20230827,20230827_1_01,20230827_1_01_03,엘린,0
20230827,20230827_1_01,20230827_1_01_04,그레이트스톰,0
20230827,20230827_1_01,20230827_1_01_05,화산귀환,0
20230827,20230827_1_01,20230827_1_01_06,히어로전사,0
20230827,20230827_1_01,20230827_1_01_07,여왕삭스,1
20230827,20230827_1_01,20230827_1_01_08,원더풀웰스,0
20230827,20230827_1_01,20230827_1_01_09,토르의망치,0
20230827,20230827_1_01,20230827_1_01_10,물레방아,0
20230827,20230827_1_02,20230827_1_02_01,강철부대,0
20230827,20230827_1_02,20230827_1_02_02,장흥클래스,0
20230827,20230827_1_02,20230827_1_02_03,그랜드군황,0
20230827,20230827_1_02,20230827_1_02_04,나올시대,1
20230827,20230827_1_02,20230827_1_02_05,테스타블루,0
20230827,20230827_1_02,20230827_1_02_06,마하여제,0
20230827,20230827_1_02,20230827_1_02_07,뉴포인트,0
20230827,20230827_1_02,20230827_1_02_08,토종글로리,0
20230827,20230827_1_02,20230827_1_02_09,코스모퀸,0
20230827,20230827_1_02,20230827_1_02_10,피엔에스심슨,0
20230827,20230827_1_02,20230827_1_02_11,금성탈환,0
20230827,20230827_1_02,20230827_1_02_12,탱글이,0
20230827,20230827_1_03,20230827_1_03_01,대왕순간이,0
20230827,20230827_1_03,20230827_1_03_02,희망의찬가,0
20230827,20230827_1_03,20230827_1_03_03,플라잉제스트,1
20230827,20230827_1_03,20230827_1_03_04,한강차르,0
20230827,20230827_1_03,20230827_1_03_05,검의전설,0
20230827,20230827_1_03,20230827_1_03_06,행운바람,0
20230827,20230827_1_03,20230827_1_03_07,스마트삭스,0
20230827,20230827_1_03,20230827_1_03_08,금빛강호,0
20230827,20230827_1_03,20230827_1_03_09,스마트클레어,0
20230827,20230827_1_03,20230827_1_03_10,비트레이서,0
20230827,20230827_1_03,20230827_1_03_11,아치로켓,0
20230827,20230827_1_03,20230827_1_03_12,나올정상,0
20230827,20230827_1_04,20230827_1_04_01,송암아치걸,0
20230827,20230827_1_04,20230827_1_04_02,베스트선샤인,0
20230827,20230827_1_04,20230827_1_04_04,빛의카,0
20230827,20230827_1_04,20230827_1_04_05,도리포,0
20230827,20230827_1_04,20230827_1_04_06,비전파워,0
20230827,20230827_1_04,20230827_1_04_07,대흥클래스,0
20230827,20230827_1_04,20230827_1_04_08,티아모,0
20230827,20230827_1_04,20230827_1_04_09,스마트별,0
20230827,20230827_1_04,20230827_1_04_10,오키드밸리,1
20230827,20230827_1_04,20230827_1_04_11,골드마이티,0
20230827,20230827_1_05,20230827_1_05_01,성실인동,1
20230827,20230827_1_05,20230827_1_05_02,비엔토,0
20230827,20230827_1_05,20230827_1_05_03,불화산,0
20230827,20230827_1_05,20230827_1_05_04,퍼펙트건맨,0
20230827,20230827_1_05,20230827_1_05_05,해피나이스,0
20230827,20230827_1_05,20230827_1_05_06,금아스테디,0
20230827,20230827_1_05,20230827_1_05_07,로즈골드,0
20230827,20230827_1_05,20230827_1_05_08,너를응원해,0
20230827,20230827_1_05,20230827_1_05_09,야무진왕초,0
20230827,20230827_1_05,20230827_1_05_10,천둥오름,0
20230827,20230827_1_05,20230827_1_05_11,보스베이비,0
20230827,20230827_1_06,20230827_1_06_01,가나패션,0
20230827,20230827_1_06,20230827_1_06_02,글로벌강타,0
20230827,20230827_1_06,20230827_1_06_03,땡큐대천,0
20230827,20230827_1_06,20230827_1_06_04,블랙초콜릿,1
20230827,20230827_1_06,20230827_1_06_05,카우보이탱고,0
20230827,20230827_1_06,20230827_1_06_06,화수분,0
20230827,20230827_1_06,20230827_1_06_07,한강질주,0
20230827,20230827_1_06,20230827_1_06_08,두손판타스틱,0
20230827,20230827_1_06,20230827_1_06_09,큐피드점보,0
20230827,20230827_1_06,20230827_1_06_10,스틸플레이,0
20230827,20230827_1_06,20230827_1_06_11,언패럴렐드,0
20230827,20230827_1_07,20230827_1_07_01,특급대로,0
20230827,20230827_1_07,20230827_1_07_02,마의웨이,0
20230827,20230827_1_07,20230827_1_07_03,나노메타,0
20230827,20230827_1_07,20230827_1_07_04,용비서울,0
20230827,20230827_1_07,20230827_1_07_05,금아파이어리,0
20230827,20230827_1_07,20230827_1_07_06,힐링헤이븐,0
20230827,20230827_1_07,20230827_1_07_07,불의꽃,0
20230827,20230827_1_07,20230827_1_07_08,머니장군,1
20230827,20230827_1_07,20230827_1_07_09,케이프렌지,0
20230827,20230827_1_07,20230827_1_07_10,미스샤프,0
20230827,20230827_1_07,20230827_1_07_11,에이스군주,0
20230827,20230827_1_08,20230827_1_08_01,천행챗,0
20230827,20230827_1_08,20230827_1_08_02,마이센터,0
20230827,20230827_1_08,20230827_1_08_03,매직스트롱,0
20230827,20230827_1_08,20230827_1_08_04,라라케이,1
20230827,20230827_1_08,20230827_1_08_05,걸작원,0
20230827,20230827_1_08,20230827_1_08_06,송암스카이,0
20230827,20230827_1_08,20230827_1_08_07,플라잉스타,0
20230827,20230827_1_08,20230827_1_08_08,한강크라운,0
20230827,20230827_1_08,20230827_1_08_09,옥천스나이퍼,0
20230827,20230827_1_08,20230827_1_08_10,달빛조각사,0
20230827,20230827_1_08,20230827_1_08_11,이클립스베리,0
20230827,20230827_1_08,20230827_1_08_12,거센반격,0
20230827,20230827_1_09,20230827_1_09_01,라온더펄,0
20230827,20230827_1_09,20230827_1_09_02,대사리,0
20230827,20230827_1_09,20230827_1_09_03,아이스스타,0
20230827,20230827_1_09,20230827_1_09_04,파워박스,0
20230827,20230827_1_09,20230827_1_09_05,뉴청파,0
20230827,20230827_1_09,20230827_1_09_06,케이톱킹,0
20230827,20230827_1_09,20230827_1_09_07,글로벌골드,0
20230827,20230827_1_09,20230827_1_09_08,텐배거,0
20230827,20230827_1_09,20230827_1_09_09,한강에이스,1
20230827,20230827_1_09,20230827_1_09_10,이스트임팩트,0
20230827,20230827_1_10,20230827_1_10_01,울트라킹,0
20230827,20230827_1_10,20230827_1_10_02,기쁨환호,0
20230827,20230827_1_10,20230827_1_10_03,비제이스톰,0
20230827,20230827_1_10,20230827_1_10_04,그레이트선더,0
20230827,20230827_1_10,20230827_1_10_05,울프플레이,0
20230827,20230827_1_10,20230827_1_10_06,와일드삭스,0
20230827,20230827_1_10,20230827_1_10_07,매직주니어,0
20230827,20230827_1_10,20230827_1_10_08,화씨벽,0
20230827,20230827_1_10,20230827_1_10_09,유쾌한날들,1
20230827,20230827_1_10,20230827_1_10_10,그레이스퀸,0
20230902,20230902_1_01,20230902_1_01_01,마루별,0
20230902,20230902_1_01,20230902_1_01_02,미라클한강,0
20230902,20230902_1_01,20230902_1_01_03,그린디어,0
20230902,20230902_1_01,20230902_1_01_04,골든라인,0
20230902,20230902_1_01,20230902_1_01_05,왈츠의여왕,0
20230902,20230902_1_01,20230902_1_01_06,큐피드미르,0
20230902,20230902_1_01,20230902_1_01_08,파이널고,0
20230902,20230902_1_01,20230902_1_01_09,라온더판타,1
20230902,20230902_1_01,20230902_1_01_10,참좋은인연,0
20230902,20230902_1_01,20230902_1_01_11,스타체인저,0
20230902,20230902_1_02,20230902_1_02_01,히어로챔프,0
20230902,20230902_1_02,20230902_1_02_02,금성파워,0
20230902,20230902_1_02,20230902_1_02_03,최강타임,0
20230902,20230902_1_02,20230902_1_02_04,강철드래곤,0
20230902,20230902_1_02,20230902_1_02_05,금악진주,0
20230902,20230902_1_02,20230902_1_02_06,골든볼,0
20230902,20230902_1_02,20230902_1_02_07,참좋은질주,0
20230902,20230902_1_02,20230902_1_02_08,아스트라이아,0
20230902,20230902_1_02,20230902_1_02_09,미스파이널,0
20230902,20230902_1_02,20230902_1_02_10,라온더클리퍼,0
20230902,20230902_1_02,20230902_1_02_11,신의여제,1
20230902,20230902_1_03,20230902_1_03_01,컴플리트드림,0
20230902,20230902_1_03,20230902_1_03_02,파노라마킹,0
20230902,20230902_1_03,20230902_1_03_03,럭키하눌,0
20230902,20230902_1_03,20230902_1_03_04,락시,0
20230902,20230902_1_03,20230902_1_03_05,히어로레전드,0
20230902,20230902_1_03,20230902_1_03_06,터보삭스,0
20230902,20230902_1_03,20230902_1_03_07,걸작최강,0
20230902,20230902_1_03,20230902_1_03_08,마이티숀,0
20230902,20230902_1_03,20230902_1_03_09,어서말을해,1
20230902,20230902_1_03,20230902_1_03_10,나노마신,0
20230902,20230902_1_03,20230902_1_03_11,우와륭,0
20230902,20230902_1_04,20230902_1_04_01,킹고태양,0
20230902,20230902_1_04,20230902_1_04_02,라온점프,0
20230902,20230902_1_04,20230902_1_04_03,태평무,0
20230902,20230902_1_04,20230902_1_04_04,미스터스타,1
20230902,20230902_1_04,20230902_1_04_06,함평호프,0
20230902,20230902_1_04,20230902_1_04_07,네모스피릿,0
20230902,20230902_1_04,20230902_1_04_08,질풍재즈,0
20230902,20230902_1_04,20230902_1_04_09,다산질주,0
20230902,20230902_1_04,20230902_1_04_10,넥스트레벨,0
20230902,20230902_1_04,20230902_1_04_11,골든플라잉,0
20230902,20230902_1_04,20230902_1_04_12,나올루니,0
20230902,20230902_1_05,20230902_1_05_01,메니참,0
20230902,20230902_1_05,20230902_1_05_02,아치신,0
20230902,20230902_1_05,20230902_1_05_03,메니샤크,0
20230902,20230902_1_05,20230902_1_05_04,클래스희망,0
20230902,20230902_1_05,20230902_1_05_05,원더풀폭스,1
20230902,20230902_1_05,20230902_1_05_06,매직모카신,0
20230902,20230902_1_05,20230902_1_05_07,벨비티,0
20230902,20230902_1_05,20230902_1_05_08,강철여걸,0
20230902,20230902_1_05,20230902_1_05_09,천지의빛,0
20230902,20230902_1_06,20230902_1_06_01,트레비트,0
20230902,20230902_1_06,20230902_1_06_02,헤이마마,0
20230902,20230902_1_06,20230902_1_06_03,파워에치드,0
20230902,20230902_1_06,20230902_1_06_04,상임대표,0
20230902,20230902_1_06,20230902_1_06_05,마이티탭,1
20230902,20230902_1_06,20230902_1_06_06,에이스퀸,0
20230902,20230902_1_06,20230902_1_06_07,행복한버미,0
20230902,20230902_1_06,20230902_1_06_08,멸콩,0
20230902,20230902_1_07,20230902_1_07_02,트라움킹,0
20230902,20230902_1_07,20230902_1_07_03,정우포에버,0
20230902,20230902_1_07,20230902_1_07_04,드림플레이,0
20230902,20230902_1_07,20230902_1_07_05,그로우,0
20230902,20230902_1_07,20230902_1_07_06,러브카우걸,0
20230902,20230902_1_07,20230902_1_07_07,선더브라보,0
20230902,20230902_1_07,20230902_1_07_08,레전드케이,0
20230902,20230902_1_07,20230902_1_07_09,신의여인,0
20230902,20230902_1_07,20230902_1_07_10,마이티쎈,1
20230902,20230902_1_07,20230902_1_07_11,굿카보,0
20230902,20230902_1_08,20230902_1_08_01,투혼특급,1
20230902,20230902_1_08,20230902_1_08_02,스페셜타임,0
20230902,20230902_1_08,20230902_1_08_03,아로마,0
20230902,20230902_1_08,20230902_1_08_04,장군별,0
20230902,20230902_1_08,20230902_1_08_05,불곰마드레,0
20230902,20230902_1_08,20230902_1_08_06,나올천지,0
20230902,20230902_1_08,20230902_1_08_07,아마존킹,0
20230902,20230902_1_08,20230902_1_08_08,포트스원,0
20230902,20230902_1_08,20230902_1_08_09,웰빙챔피언,0
20230902,20230902_1_09,20230902_1_09_01,카리즈마,0
20230902,20230902_1_09,20230902_1_09_02,나올스카이,0
20230902,20230902_1_09,20230902_1_09_03,페더럴킹,0
20230902,20230902_1_09,20230902_1_09_04,지구라트,1
20230902,20230902_1_09,20230902_1_09_05,스마티글로리,0
20230902,20230902_1_09,20230902_1_09_06,황우강자,0
20230902,20230902_1_09,20230902_1_09_07,미르파워,0
20230902,20230902_1_09,20230902_1_09_08,알사이먼,0
20230902,20230902_1_09,20230902_1_09_09,원더풀섀도우,0
20230902,20230902_1_10,20230902_1_10_01,베링맨,0
20230902,20230902_1_10,20230902_1_10_02,선포레,0
20230902,20230902_1_10,20230902_1_10_03,악동아르고,0
20230902,20230902_1_10,20230902_1_10_04,천군,0
20230902,20230902_1_10,20230902_1_10_05,펄포인트,0
20230902,20230902_1_10,20230902_1_10_06,슈퍼엑톤,0
20230902,20230902_1_10,20230902_1_10_07,어나더레벨,0
20230902,20230902_1_10,20230902_1_10_08,바디스타,0
20230902,20230902_1_10,20230902_1_10_09,클럽디,0
20230902,20230902_1_10,20230902_1_10_10,호크프린스,1
20230903,20230903_1_01,20230903_1_01_01,매직플레저,0
20230903,20230903_1_01,20230903_1_01_02,신의운명,0
20230903,20230903_1_01,20230903_1_01_03,한강레전드,0
20230903,20230903_1_01,20230903_1_01_04,스톰브레이커,0
20230903,20230903_1_01,20230903_1_01_05,오래다함께,1
20230903,20230903_1_01,20230903_1_01_06,레전드선,0
20230903,20230903_1_01,20230903_1_01_07,성실영웅,0
20230903,20230903_1_01,20230903_1_01_08,히어아이엠,0
20230903,20230903_1_02,20230903_1_02_01,골드참,0
20230903,20230903_1_02,20230903_1_02_02,퍼플신화,0
20230903,20230903_1_02,20230903_1_02_03,이에이치코코,0
20230903,20230903_1_02,20230903_1_02_04,거문,0
20230903,20230903_1_02,20230903_1_02_05,원스피어,1
20230903,20230903_1_02,20230903_1_02_06,크레이지창,0
20230903,20230903_1_02,20230903_1_02_07,캐츠우먼,0
20230903,20230903_1_02,20230903_1_02_08,버터케이,0
20230903,20230903_1_03,20230903_1_03_01,원평리스트,1
20230903,20230903_1_03,20230903_1_03_02,파토스,0
20230903,20230903_1_03,20230903_1_03_03,케이엔스타트,0
20230903,20230903_1_03,20230903_1_03_04,질풍오름,0
20230903,20230903_1_03,20230903_1_03_05,배다리쾌검,0
20230903,20230903_1_03,20230903_1_03_06,유테이크,0
20230903,20230903_1_03,20230903_1_03_07,그래티튜드,0
20230903,20230903_1_03,20230903_1_03_08,럭키허니,0
20230903,20230903_1_03,20230903_1_03_09,라파예트,0
20230903,20230903_1_03,20230903_1_03_10,나올탱크,0
20230903,20230903_1_03,20230903_1_03_11,씽씽씽,0
20230903,20230903_1_03,20230903_1_03_12,호명에이스,0
20230903,20230903_1_04,20230903_1_04_01,내길의별,0
20230903,20230903_1_04,20230903_1_04_02,플라잉카라반,0
20230903,20230903_1_04,20230903_1_04_03,시대의명작,1
20230903,20230903_1_04,20230903_1_04_04,다운더존,0
20230903,20230903_1_04,20230903_1_04_05,미스터퀄리티,0
20230903,20230903_1_04,20230903_1_04_06,원더풀조이,0
20230903,20230903_1_04,20230903_1_04_07,로드에이스,0
20230903,20230903_1_04,20230903_1_04_08,달맞이,0
20230903,20230903_1_05,20230903_1_05_01,바람살,0
20230903,20230903_1_05,20230903_1_05_02,아너로즈,1
20230903,20230903_1_05,20230903_1_05_03,그레이스케이,0
20230903,20230903_1_05,20230903_1_05_04,갤럭시삭스,0
20230903,20230903_1_05,20230903_1_05_05,글로벌프라임,0
20230903,20230903_1_05,20230903_1_05_06,포에이스,0
20230903,20230903_1_05,20230903_1_05_07,퍼펙트타임,0
20230903,20230903_1_05,20230903_1_05_08,차돌런,0
20230903,20230903_1_06,20230903_1_06_01,새터데이,0
20230903,20230903_1_06,20230903_1_06_02,금빛천하,1
20230903,20230903_1_06,20230903_1_06_03,대박스타,0
20230903,20230903_1_06,20230903_1_06_04,새내황제,0
20230903,20230903_1_06,20230903_1_06_05,디자이어투윈,0
20230903,20230903_1_06,20230903_1_06_06,맥캘란,0
20230903,20230903_1_06,20230903_1_06_07,콰이어트참,0
20230903,20230903_1_06,20230903_1_06_08,스마트블루,0
20230903,20230903_1_06,20230903_1_06_10,메타블레이드,0
20230903,20230903_1_06,20230903_1_06_11,하이본미,0
20230903,20230903_1_07,20230903_1_07_01,희망챔프,0
20230903,20230903_1_07,20230903_1_07_02,나인아이,0
20230903,20230903_1_07,20230903_1_07_03,원더풀타이쿤,0
20230903,20230903_1_07,20230903_1_07_04,빛나는질주,0
20230903,20230903_1_07,20230903_1_07_05,황우최강,0
20230903,20230903_1_07,20230903_1_07_06,테스고대보,0
20230903,20230903_1_07,20230903_1_07_07,홀리데이참,0
20230903,20230903_1_07,20230903_1_07_08,논스톱선더,0
20230903,20230903_1_07,20230903_1_07_09,서브에이스,1
20230903,20230903_1_07,20230903_1_07_10,마루마,0
20230903,20230903_1_08,20230903_1_08_01,피렌체힐,0
20230903,20230903_1_08,20230903_1_08_02,뉴킹맨,0
20230903,20230903_1_08,20230903_1_08_03,남산주몽,1
20230903,20230903_1_08,20230903_1_08_04,고고스타,0
20230903,20230903_1_08,20230903_1_08_05,별나라비마,0
20230903,20230903_1_08,20230903_1_08_06,미스찰리,0
20230903,20230903_1_08,20230903_1_08_07,글로벌파워,0
20230903,20230903_1_08,20230903_1_08_08,강한퀸,0
20230903,20230903_1_08,20230903_1_08_09,마이티킥,0
20230903,20230903_1_08,20230903_1_08_10,뉴질랜드삭스,0
20230903,20230903_1_08,20230903_1_08_11,돌격앞으로,0
20230903,20230903_1_09,20230903_1_09_01,신한특송,1
20230903,20230903_1_09,20230903_1_09_02,우루스퀸,0
20230903,20230903_1_09,20230903_1_09_03,히든블레이드,0
20230903,20230903_1_09,20230903_1_09_04,쿠레레쿠스,0
20230903,20230903_1_09,20230903_1_09_05,리버태양,0
20230903,20230903_1_09,20230903_1_09_06,라온더하이맨,0
20230903,20230903_1_09,20230903_1_09_07,화랑투데이,0
20230903,20230903_1_09,20230903_1_09_08,한강히어로,0
20230903,20230903_1_09,20230903_1_09_09,터치나인,0
20230903,20230903_1_09,20230903_1_09_10,블랙건,0
20230903,20230903_1_10,20230903_1_10_01,새내타운,0
20230903,20230903_1_10,20230903_1_10_02,디스챌린지,0
20230903,20230903_1_10,20230903_1_10_03,글로벌영웅,0
20230903,20230903_1_10,20230903_1_10_04,업타운위즈,0
20230903,20230903_1_10,20230903_1_10_05,더리퍼,0
20230903,20230903_1_10,20230903_1_10_06,월드레이서,0
20230903,20230903_1_10,20230903_1_10_07,다프네,0
20230903,20230903_1_10,20230903_1_10_08,파이어파워,0
20230903,20230903_1_10,20230903_1_10_09,럭셔리캡틴,0
20230903,20230903_1_10,20230903_1_10_10,원더풀슬루,1
20230903,20230903_1_11,20230903_1_11_01,황금럭키,0
20230903,20230903_1_11,20230903_1_11_02,자이언트인디,1
20230903,20230903_1_11,20230903_1_11_03,블루키톤,0
20230903,20230903_1_11,20230903_1_11_04,두손멍군,0
20230903,20230903_1_11,20230903_1_11_05,별나라신사,0
20230903,20230903_1_11,20230903_1_11_06,로열엘비스,0
20230903,20230903_1_11,20230903_1_11_07,메니챔프,0
20230903,20230903_1_11,20230903_1_11_08,아스펜태양,0
20230903,20230903_1_11,20230903_1_11_09,야호골든캣,0
20230903,20230903_1_11,20230903_1_11_10,러블리케이,0
20230909,20230909_1_01,20230909_1_01_01,피엔에스챔프,0
20230909,20230909_1_01,20230909_1_01_02,천마불패,0
20230909,20230909_1_01,20230909_1_01_03,백룡,0
20230909,20230909_1_01,20230909_1_01_04,미스콩코드,0
20230909,20230909_1_01,20230909_1_01_05,제라퀸,0
20230909,20230909_1_01,20230909_1_01_06,학산마초,0
20230909,20230909_1_01,20230909_1_01_07,라온더대세,1
20230909,20230909_1_01,20230909_1_01_08,분당쓰나미,0
20230909,20230909_1_01,20230909_1_01_09,엑설런트마타,0
20230909,20230909_1_01,20230909_1_01_10,성신천하,0
20230909,20230909_1_02,20230909_1_02_01,보름달빛,1
20230909,20230909_1_02,20230909_1_02_02,온더록스,0
20230909,20230909_1_02,20230909_1_02_03,큐피드스윙,0
20230909,20230909_1_02,20230909_1_02_04,페더럴프레스,0
20230909,20230909_1_02,20230909_1_02_05,청파의꿈,0
20230909,20230909_1_02,20230909_1_02_06,티즈로켓,0
20230909,20230909_1_02,20230909_1_02_07,은성노을,0
20230909,20230909_1_02,20230909_1_02_08,테스메리,0
20230909,20230909_1_02,20230909_1_02_09,파인데이,0
20230909,20230909_1_03,20230909_1_03_01,아침기상,0
20230909,20230909_1_03,20230909_1_03_02,레이스위너,0
20230909,20230909_1_03,20230909_1_03_03,라온자이언트,1
20230909,20230909_1_03,20230909_1_03_04,레이디켈리,0
20230909,20230909_1_03,20230909_1_03_05,원더풀루비,0
20230909,20230909_1_03,20230909_1_03_06,럭키재산,0
20230909,20230909_1_03,20230909_1_03_07,소베라니아,0
20230909,20230909_1_03,20230909_1_03_08,마이티룩,0
20230909,20230909_1_03,20230909_1_03_09,라온더아리아,0
20230909,20230909_1_03,20230909_1_03_10,싱싱메리,0
20230909,20230909_1_03,20230909_1_03_11,파이어걸,0
20230909,20230909_1_03,20230909_1_03_12,코스모,0
20230909,20230909_1_04,20230909_1_04_01,대물,0
20230909,20230909_1_04,20230909_1_04_02,퀴클리런,0
20230909,20230909_1_04,20230909_1_04_03,라온포레스트,0
20230909,20230909_1_04,20230909_1_04_04,장산포이즌,0
20230909,20230909_1_04,20230909_1_04_05,글로벌보배,1
20230909,20230909_1_04,20230909_1_04_06,금로열,0
20230909,20230909_1_04,20230909_1_04_07,트로팅라일리,0
20230909,20230909_1_04,20230909_1_04_08,슈어윈,0
20230909,20230909_1_04,20230909_1_04_09,모닝힐,0
20230909,20230909_1_04,20230909_1_04_10,천은총,0
20230909,20230909_1_04,20230909_1_04_11,신의아들,0
20230909,20230909_1_05,20230909_1_05_01,부스터로켓,0
20230909,20230909_1_05,20230909_1_05_02,새내퀸,0
20230909,20230909_1_05,20230909_1_05_03,터프맨,0
20230909,20230909_1_05,20230909_1_05_04,라온더포인트,0
20230909,20230909_1_05,20230909_1_05_05,영영삭스,1
20230909,20230909_1_05,20230909_1_05_06,엠제이베스트,0
20230909,20230909_1_05,20230909_1_05_08,슈퍼피니시,0
20230909,20230909_1_05,20230909_1_05_09,절대가치,0
20230909,20230909_1_05,20230909_1_05_10,선드래곤,0
20230909,20230909_1_05,20230909_1_05_11,에스아이코코,0
20230909,20230909_1_05,20230909_1_05_12,와일드삭스,0
20230909,20230909_1_06,20230909_1_06_01,스프링꿈,0
20230909,20230909_1_06,20230909_1_06_02,성실머니,0
20230909,20230909_1_06,20230909_1_06_03,원더풀데블,0
20230909,20230909_1_06,20230909_1_06_04,하이하이,0
20230909,20230909_1_06,20230909_1_06_05,선더타임,1
20230909,20230909_1_06,20230909_1_06_06,파워빅토리,0
20230909,20230909_1_06,20230909_1_06_07,원더풀인디,0
20230909,20230909_1_06,20230909_1_06_08,국대클래스,0
20230909,20230909_1_06,20230909_1_06_09,배다리왕자,0
20230909,20230909_1_06,20230909_1_06_10,루미너스퀸,0
20230909,20230909_1_07,20230909_1_07_01,돌아온뽀빠이,0
20230909,20230909_1_07,20230909_1_07_02,스프링킹,0
20230909,20230909_1_07,20230909_1_07_03,큐피드베이브,0
20230909,20230909_1_07,20230909_1_07_04,장산몬스터,0
20230909,20230909_1_07,20230909_1_07_05,흥드림,0
20230909,20230909_1_07,20230909_1_07_06,남산시대,1
20230909,20230909_1_07,20230909_1_07_07,몬스터케이,0
20230909,20230909_1_07,20230909_1_07_08,볼트맨,0
20230909,20230909_1_07,20230909_1_07_09,마이티뉴,0
20230909,20230909_1_07,20230909_1_07_10,프리맥스,0
20230909,20230909_1_07,20230909_1_07_11,최고블랙,0
20230909,20230909_1_07,20230909_1_07_12,스팟플래터,0
20230909,20230909_1_07,20230909_1_07_13,마이티수,0
20230909,20230909_1_07,20230909_1_07_14,파크윈,0
20230909,20230909_1_08,20230909_1_08_01,조이브라더,0
20230909,20230909_1_08,20230909_1_08_02,백색광채,0
20230909,20230909_1_08,20230909_1_08_03,라온비트,0
20230909,20230909_1_08,20230909_1_08_04,포에버드림,0
20230909,20230909_1_08,20230909_1_08_05,흥행질주,1
20230909,20230909_1_08,20230909_1_08_06,원평가속,0
20230909,20230909_1_08,20230909_1_08_07,장산레이저,0
20230909,20230909_1_08,20230909_1_08_08,메니히어로,0
20230909,20230909_1_08,20230909_1_08_09,빅스고,0
20230909,20230909_1_08,20230909_1_08_10,장산바다,0
20230909,20230909_1_08,20230909_1_08_11,강토마,0
20230909,20230909_1_09,20230909_1_09_02,블랙루키,0
20230909,20230909_1_09,20230909_1_09_03,다나은로즈,0
20230909,20230909_1_09,20230909_1_09_04,런던스카이,0
20230909,20230909_1_09,20230909_1_09_05,별빛마루,0
20230909,20230909_1_09,20230909_1_09_06,은파마운틴,0
20230909,20230909_1_09,20230909_1_09_07,은혜,0
20230909,20230909_1_09,20230909_1_09_08,쾌향,0
20230909,20230909_1_09,20230909_1_09_09,아르고스마일,1
20230909,20230909_1_10,20230909_1_10_01,금성스피드,0
20230909,20230909_1_10,20230909_1_10_02,메디치울프,0
20230909,20230909_1_10,20230909_1_10_03,로열태리,0
20230909,20230909_1_10,20230909_1_10_04,빅비트,0
20230909,20230909_1_10,20230909_1_10_05,우주의봄,0
20230909,20230909_1_10,20230909_1_10_06,클림트월드,0
20230909,20230909_1_10,20230909_1_10_07,네모프린스,0
20230909,20230909_1_10,20230909_1_10_08,바람의향기,0
20230909,20230909_1_10,20230909_1_10_09,유니콘킹덤,0
20230909,20230909_1_10,20230909_1_10_10,백두보이,0
20230909,20230909_1_10,20230909_1_10_11,도깨비,1
20230910,20230910_1_01,20230910_1_01_01,레이디코디,1
20230910,20230910_1_01,20230910_1_01_02,뷰티풀화성,0
20230910,20230910_1_01,20230910_1_01_03,오푸스퍼플,0
20230910,20230910_1_01,20230910_1_01_04,스팔타,0
20230910,20230910_1_01,20230910_1_01_05,나이스태양,0
20230910,20230910_1_01,20230910_1_01_06,플라잉커맨드,0
20230910,20230910_1_01,20230910_1_01_07,댄싱강자,0
20230910,20230910_1_01,20230910_1_01_08,금악스타,0
20230910,20230910_1_01,20230910_1_01_09,질주천하,0
20230910,20230910_1_01,20230910_1_01_10,함평장미,0
20230910,20230910_1_02,20230910_1_02_01,자이언트포스,0
20230910,20230910_1_02,20230910_1_02_02,금악이글,0
20230910,20230910_1_02,20230910_1_02_03,원더풀파고,1
20230910,20230910_1_02,20230910_1_02_04,러브문막,0
20230910,20230910_1_02,20230910_1_02_05,해피익투스,0
20230910,20230910_1_02,20230910_1_02_06,안양천둥,0
20230910,20230910_1_02,20230910_1_02_07,큐피드라이즈,0
20230910,20230910_1_02,20230910_1_02_08,스페셜포스,0
20230910,20230910_1_02,20230910_1_02_09,퀸아비게일,0
20230910,20230910_1_03,20230910_1_03_01,딘시챔프,0
20230910,20230910_1_03,20230910_1_03_02,마구마,0
20230910,20230910_1_03,20230910_1_03_03,콜리타스,0
20230910,20230910_1_03,20230910_1_03_04,그랜드실버,0
20230910,20230910_1_03,20230910_1_03_05,원더풀룰즈,0
20230910,20230910_1_03,20230910_1_03_07,매직케이,0
20230910,20230910_1_03,20230910_1_03_08,에펠탑,1
20230910,20230910_1_03,20230910_1_03_09,하트케이,0
20230910,20230910_1_03,20230910_1_03_10,샤프선샤인,0
20230910,20230910_1_03,20230910_1_03_11,제축일호,0
20230910,20230910_1_04,20230910_1_04_01,스타러시,0
20230910,20230910_1_04,20230910_1_04_03,아르고공주,0
20230910,20230910_1_04,20230910_1_04_04,실버부스터,0
20230910,20230910_1_04,20230910_1_04_05,디바인퓨처즈,0
20230910,20230910_1_04,20230910_1_04_06,비에스에너지,0
20230910,20230910_1_04,20230910_1_04_07,정문최강,0
20230910,20230910_1_04,20230910_1_04_08,플라잉라이트,0
20230910,20230910_1_04,20230910_1_04_09,빅에너지,0
20230910,20230910_1_04,20230910_1_04_10,금성시대,1
20230910,20230910_1_05,20230910_1_05_01,브이퀸,0
20230910,20230910_1_05,20230910_1_05_02,에코존,0
20230910,20230910_1_05,20230910_1_05_03,위너콜,0
20230910,20230910_1_05,20230910_1_05_04,베스트클론,0
20230910,20230910_1_05,20230910_1_05_05,새벽안개,0
20230910,20230910_1_05,20230910_1_05_06,정상럭키,0
20230910,20230910_1_05,20230910_1_05_07,빅블레드,0
20230910,20230910_1_05,20230910_1_05_08,하이파크,0
20230910,20230910_1_05,20230910_1_05_09,브라보한센,0
20230910,20230910_1_05,20230910_1_05_10,마에스트로,0
20230910,20230910_1_05,20230910_1_05_11,탱자,1
20230910,20230910_1_06,20230910_1_06_01,퍼스트유저,0
20230910,20230910_1_06,20230910_1_06_02,나이스타임,1
20230910,20230910_1_06,20230910_1_06_03,블랙버미,0
20230910,20230910_1_06,20230910_1_06_04,라온더코브라,0
20230910,20230910_1_06,20230910_1_06_05,한강지존,0
20230910,20230910_1_06,20230910_1_06_06,문더스트,0
20230910,20230910_1_06,20230910_1_06_07,승리의영혼,0
20230910,20230910_1_06,20230910_1_06_08,마파람,0
20230910,20230910_1_06,20230910_1_06_09,가나파워,0
20230910,20230910_1_06,20230910_1_06_10,세상앞으로,0
20230910,20230910_1_07,20230910_1_07_01,바스라트레온,0
20230910,20230910_1_07,20230910_1_07_02,모르피스,0
20230910,20230910_1_07,20230910_1_07_03,[부산경남]쏜살,0
20230910,20230910_1_07,20230910_1_07_04,이스트제트,0
20230910,20230910_1_07,20230910_1_07_05,어마어마,0
20230910,20230910_1_07,20230910_1_07_06,리메이크,1
20230910,20230910_1_07,20230910_1_07_07,[부산경남]예스퍼펙트,0
20230910,20230910_1_07,20230910_1_07_08,대한질주,0
20230910,20230910_1_07,20230910_1_07_09,라온탑맨,0
20230910,20230910_1_07,20230910_1_07_10,블랙머스크,0
20230910,20230910_1_07,20230910_1_07_11,듀크와이,0
20230910,20230910_1_07,20230910_1_07_12,[부산경남]캄스트롱,0
20230910,20230910_1_07,20230910_1_07_13,[부산경남]벌마의스타,0
20230910,20230910_1_07,20230910_1_07_14,클린업해피,0
20230910,20230910_1_07,20230910_1_07_15,굿필승,0
20230910,20230910_1_08,20230910_1_08_01,심장의고동,0
20230910,20230910_1_08,20230910_1_08_02,더검푸,0
20230910,20230910_1_08,20230910_1_08_03,행복왕자,0
20230910,20230910_1_08,20230910_1_08_04,[부산경남]글로벌히트,0
20230910,20230910_1_08,20230910_1_08_05,브리가디어제너럴,0
20230910,20230910_1_08,20230910_1_08_06,문학치프,0
20230910,20230910_1_08,20230910_1_08_07,[부산경남]크레이지콘티,0
20230910,20230910_1_08,20230910_1_08_08,[부산경남]위너스맨,0
20230910,20230910_1_08,20230910_1_08_09,티즈바로우즈,0
20230910,20230910_1_08,20230910_1_08_11,[부산경남]석세스마초,0
20230910,20230910_1_08,20230910_1_08_12,[부산경남]투혼의반석,0
20230910,20230910_1_08,20230910_1_08_13,아파치패스,0
20230910,20230910_1_08,20230910_1_08_14,크라운프라이드,1
20230910,20230910_1_08,20230910_1_08_15,글로리아먼디,0
20230910,20230910_1_09,20230910_1_09_01,불의신화,0
20230910,20230910_1_09,20230910_1_09_02,원평킬라,0
20230910,20230910_1_09,20230910_1_09_03,컴플리트스텝,0
20230910,20230910_1_09,20230910_1_09_04,늘가을,0
20230910,20230910_1_09,20230910_1_09_05,온리위너,0
20230910,20230910_1_09,20230910_1_09_06,걸작선,0
20230910,20230910_1_09,20230910_1_09_07,금아얼루어,1
20230910,20230910_1_09,20230910_1_09_08,플라이데이,0
20230910,20230910_1_09,20230910_1_09_09,봄날의기억,0
20230910,20230910_1_09,20230910_1_09_10,그랜드스타,0
20230910,20230910_1_10,20230910_1_10_01,아델머스탱,0
20230910,20230910_1_10,20230910_1_10_02,영웅대마,0
20230910,20230910_1_10,20230910_1_10_03,스피디루키,0
20230910,20230910_1_10,20230910_1_10_04,톱클래스,0
20230910,20230910_1_10,20230910_1_10_05,캠프세이버,0
20230910,20230910_1_10,20230910_1_10_06,위대한군주,0
20230910,20230910_1_10,20230910_1_10_07,킹스아이,0
20230910,20230910_1_10,20230910_1_10_08,브라운퀸,0
20230910,20230910_1_10,20230910_1_10_09,제이모션,0
20230910,20230910_1_10,20230910_1_10_10,아메리칸포스원,0
20230910,20230910_1_10,20230910_1_10_11,옥룡,1
20230916,20230916_1_01,20230916_1_01_01,클레어골드,0
20230916,20230916_1_01,20230916_1_01_02,명진불패,0
20230916,20230916_1_01,20230916_1_01_03,캡처,0
20230916,20230916_1_01,20230916_1_01_04,동진특급,0
20230916,20230916_1_01,20230916_1_01_05,스피드원,1
20230916,20230916_1_01,20230916_1_01_06,용암마렝고,0
20230916,20230916_1_01,20230916_1_01_07,금세,0
20230916,20230916_1_01,20230916_1_01_08,아이리시맨,0
20230916,20230916_1_01,20230916_1_01_09,우마포이,0
20230916,20230916_1_01,20230916_1_01_10,나라올라,0
20230916,20230916_1_01,20230916_1_01_11,에버더크라운,0
20230916,20230916_1_02,20230916_1_02_01,퍼지킹,0
20230916,20230916_1_02,20230916_1_02_02,내길의위너,0
20230916,20230916_1_02,20230916_1_02_03,빈체로카발로,1
20230916,20230916_1_02,20230916_1_02_04,스터닝머니,0
20230916,20230916_1_02,20230916_1_02_05,럭키파티,0
20230916,20230916_1_02,20230916_1_02_06,성실파워,0
20230916,20230916_1_02,20230916_1_02_07,마루별,0
20230916,20230916_1_02,20230916_1_02_08,영원자이언트,0
20230916,20230916_1_03,20230916_1_03_01,미래타워,0
20230916,20230916_1_03,20230916_1_03_02,머니터치,0
20230916,20230916_1_03,20230916_1_03_03,걸작으뜸,0
20230916,20230916_1_03,20230916_1_03_04,내길의리더,0
20230916,20230916_1_03,20230916_1_03_05,한강글로리,0
20230916,20230916_1_03,20230916_1_03_06,도끼드래곤,1
20230916,20230916_1_03,20230916_1_03_07,오송의별,0
20230916,20230916_1_03,20230916_1_03_08,나이트참,0
20230916,20230916_1_04,20230916_1_04_01,윈스토리,0
20230916,20230916_1_04,20230916_1_04_02,해제여걸,0
20230916,20230916_1_04,20230916_1_04_03,멋진최강,0
20230916,20230916_1_04,20230916_1_04_04,위너제린,0
20230916,20230916_1_04,20230916_1_04_05,그랜드군황,0
20230916,20230916_1_04,20230916_1_04_06,서울최강자,0
20230916,20230916_1_04,20230916_1_04_07,다온디,0
20230916,20230916_1_04,20230916_1_04_08,원평스카이,0
20230916,20230916_1_04,20230916_1_04_09,문학센트럴,1
20230916,20230916_1_05,20230916_1_05_01,와일드러너,0
20230916,20230916_1_05,20230916_1_05_02,글로벌찬가,0
20230916,20230916_1_05,20230916_1_05_03,행복한승자,0
20230916,20230916_1_05,20230916_1_05_04,라온시티걸,0
20230916,20230916_1_05,20230916_1_05_05,그로우,0
20230916,20230916_1_05,20230916_1_05_06,송암드래건,0
20230916,20230916_1_05,20230916_1_05_07,드림스카이,0
20230916,20230916_1_05,20230916_1_05_08,블루레몬,1
20230916,20230916_1_05,20230916_1_05_09,유니콘히트,0
20230916,20230916_1_05,20230916_1_05_10,문학이글,0
20230916,20230916_1_06,20230916_1_06_01,정문파파고,0
20230916,20230916_1_06,20230916_1_06_02,제타마스터,1
20230916,20230916_1_06,20230916_1_06_03,컴플리트리더,0
20230916,20230916_1_06,20230916_1_06_04,로드에이스,0
20230916,20230916_1_06,20230916_1_06_05,무장,0
20230916,20230916_1_06,20230916_1_06_06,네버어게인,0
20230916,20230916_1_06,20230916_1_06_07,미스하이플라이,0
20230916,20230916_1_06,20230916_1_06_08,원더풀티지,0
20230916,20230916_1_07,20230916_1_07_01,머스탱참,0
20230916,20230916_1_07,20230916_1_07_02,희망가득,0
20230916,20230916_1_07,20230916_1_07_03,원더풀퍼지,0
20230916,20230916_1_07,20230916_1_07_04,럭키파워,0
20230916,20230916_1_07,20230916_1_07_05,주몽천하,0
20230916,20230916_1_07,20230916_1_07_06,베스트전사,0
20230916,20230916_1_07,20230916_1_07_07,메니원더풀,0
20230916,20230916_1_07,20230916_1_07_08,낭주여걸,0
20230916,20230916_1_07,20230916_1_07_09,아침동자,1
20230916,20230916_1_07,20230916_1_07_10,글로벌매직,0
20230916,20230916_1_07,20230916_1_07_11,이다나은,0
20230916,20230916_1_08,20230916_1_08_01,사이먼퀸,0
20230916,20230916_1_08,20230916_1_08_02,빅야크,0
20230916,20230916_1_08,20230916_1_08_03,에이피파텍,0
20230916,20230916_1_08,20230916_1_08_04,센스쟁이,0
20230916,20230916_1_08,20230916_1_08_05,용호지마,0
20230916,20230916_1_08,20230916_1_08_06,문학태핏,0
20230916,20230916_1_08,20230916_1_08_07,논스톱기상,0
20230916,20230916_1_08,20230916_1_08_08,드림맥스,0
20230916,20230916_1_08,20230916_1_08_09,럭키훈,0
20230916,20230916_1_08,20230916_1_08_10,만세,0
20230916,20230916_1_08,20230916_1_08_11,콩코드스퍼트,1
20230916,20230916_1_09,20230916_1_09_01,플라잉풀문,0
20230916,20230916_1_09,20230916_1_09_02,랠리퀸,0
20230916,20230916_1_09,20230916_1_09_03,마이티큐,0
20230916,20230916_1_09,20230916_1_09_04,라온더위켄드,1
20230916,20230916_1_09,20230916_1_09_05,돌배,0
20230916,20230916_1_09,20230916_1_09_06,선포레,0
20230916,20230916_1_09,20230916_1_09_07,제이트로스,0
20230916,20230916_1_09,20230916_1_09_08,쏘아라투투,0
20230916,20230916_1_09,20230916_1_09_09,슈퍼군황,0
20230916,20230916_1_09,20230916_1_09_10,큐피드워리어,0
20230916,20230916_1_09,20230916_1_09_11,글로벌선,0
20230916,20230916_1_10,20230916_1_10_01,로드반,0
20230916,20230916_1_10,20230916_1_10_02,히든삭스,0
20230916,20230916_1_10,20230916_1_10_04,왕벚꽃,0
20230916,20230916_1_10,20230916_1_10_05,우리,0
20230916,20230916_1_10,20230916_1_10_06,발베니,0
20230916,20230916_1_10,20230916_1_10_07,흥록대부,0
20230916,20230916_1_10,20230916_1_10_08,갤럽컬린,0
20230916,20230916_1_10,20230916_1_10_09,코브라볼,1
20230916,20230916_1_10,20230916_1_10_10,글로벌삭스,0
20230917,20230917_1_01,20230917_1_01_01,마루스타,0
20230917,20230917_1_01,20230917_1_01_02,라온티모스,1
20230917,20230917_1_01,20230917_1_01_03,마이티캡,0
20230917,20230917_1_01,20230917_1_01_04,걸작스카이,0
20230917,20230917_1_01,20230917_1_01_05,일링크스,0
20230917,20230917_1_01,20230917_1_01_06,비케이벨,0
20230917,20230917_1_01,20230917_1_01_07,투투선더,0
20230917,20230917_1_01,20230917_1_01_08,런던빅토리,0
20230917,20230917_1_01,20230917_1_01_09,사하라몬드,0
20230917,20230917_1_01,20230917_1_01_10,원평강자,0
20230917,20230917_1_02,20230917_1_02_01,예지몽,0
20230917,20230917_1_02,20230917_1_02_02,라온스파이크,0
20230917,20230917_1_02,20230917_1_02_03,마이티렘,0
20230917,20230917_1_02,20230917_1_02_04,행복여왕,0
20230917,20230917_1_02,20230917_1_02_05,아메노,0
20230917,20230917_1_02,20230917_1_02_06,슛업스파크,0
20230917,20230917_1_02,20230917_1_02_07,골든플라잉,0
20230917,20230917_1_02,20230917_1_02_08,해랑여왕,0
20230917,20230917_1_02,20230917_1_02_09,모쿠슈라,0
20230917,20230917_1_02,20230917_1_02_10,아치클래스,1
20230917,20230917_1_03,20230917_1_03_01,행운바람,1
20230917,20230917_1_03,20230917_1_03_03,플랜비,0
20230917,20230917_1_03,20230917_1_03_04,반도희망,0
20230917,20230917_1_03,20230917_1_03_05,라스트피치,0
20230917,20230917_1_03,20230917_1_03_06,퍼스트슈,0
20230917,20230917_1_03,20230917_1_03_07,하트시그널,0
20230917,20230917_1_03,20230917_1_03_08,새로운빛깔,0
20230917,20230917_1_04,20230917_1_04_01,브라이트위너,0
20230917,20230917_1_04,20230917_1_04_02,총알커널,0
20230917,20230917_1_04,20230917_1_04_03,히어로퀸,1
20230917,20230917_1_04,20230917_1_04_04,그린불패,0
20230917,20230917_1_04,20230917_1_04_05,테마탄생,0
20230917,20230917_1_04,20230917_1_04_06,희망의찬가,0
20230917,20230917_1_04,20230917_1_04_07,바로챔피언,0
20230917,20230917_1_04,20230917_1_04_08,정성바이스,0
20230917,20230917_1_04,20230917_1_04_09,투에이스,0
20230917,20230917_1_04,20230917_1_04_10,거문,0
20230917,20230917_1_04,20230917_1_04_11,밴프,0
20230917,20230917_1_05,20230917_1_05_01,세븐블레이드,0
20230917,20230917_1_05,20230917_1_05_02,허밍버드,0
20230917,20230917_1_05,20230917_1_05_03,미르파워,0
20230917,20230917_1_05,20230917_1_05_04,대장별,0
20230917,20230917_1_05,20230917_1_05_05,퍼플윙크,0
20230917,20230917_1_05,20230917_1_05_06,제우시대,0
20230917,20230917_1_05,20230917_1_05_07,멋진강호,1
20230917,20230917_1_05,20230917_1_05_08,큐피드챔프,0
20230917,20230917_1_05,20230917_1_05_09,탄산,0
20230917,20230917_1_05,20230917_1_05_10,황우강자,0
20230917,20230917_1_06,20230917_1_06_01,불패블레이드,0
20230917,20230917_1_06,20230917_1_06_02,열정아르고,0
20230917,20230917_1_06,20230917_1_06_03,예술이야,1
20230917,20230917_1_06,20230917_1_06_04,피닉스클래스,0
20230917,20230917_1_06,20230917_1_06_05,청계기상,0
20230917,20230917_1_06,20230917_1_06_06,포르투나,0
20230917,20230917_1_06,20230917_1_06_07,인디언의별,0
20230917,20230917_1_06,20230917_1_06_08,쇠와꽃,0
20230917,20230917_1_06,20230917_1_06_09,글라디우스,0
20230917,20230917_1_06,20230917_1_06_10,내길의별,0
20230917,20230917_1_06,20230917_1_06_11,나올대왕,0
20230917,20230917_1_07,20230917_1_07_01,금아스테디,0
20230917,20230917_1_07,20230917_1_07_02,고스트참,0
20230917,20230917_1_07,20230917_1_07_03,클라우터,0
20230917,20230917_1_07,20230917_1_07_04,데블케이,0
20230917,20230917_1_07,20230917_1_07_05,클레어파워,0
20230917,20230917_1_07,20230917_1_07_06,터치참,0
20230917,20230917_1_07,20230917_1_07_07,아르고무적,0
20230917,20230917_1_07,20230917_1_07_08,원더풀위싱,0
20230917,20230917_1_07,20230917_1_07_09,펀크레이지,0
20230917,20230917_1_07,20230917_1_07_10,선더호스,1
20230917,20230917_1_08,20230917_1_08_01,퀸즈투어,0
20230917,20230917_1_08,20230917_1_08_02,황금해,0
20230917,20230917_1_08,20230917_1_08_03,드래곤스타,0
20230917,20230917_1_08,20230917_1_08_04,너트플레이,1
20230917,20230917_1_08,20230917_1_08_05,에이스함성,0
20230917,20230917_1_08,20230917_1_08_06,루킹굿,0
20230917,20230917_1_08,20230917_1_08_07,매디슨마운틴,0
20230917,20230917_1_08,20230917_1_08_08,마이티굿,0
20230917,20230917_1_08,20230917_1_08_09,금세다,0
20230917,20230917_1_08,20230917_1_08_10,용암보스,0
20230917,20230917_1_08,20230917_1_08_11,나올스나이퍼,0
20230917,20230917_1_08,20230917_1_08_12,더블에지,0
20230917,20230917_1_08,20230917_1_08_13,울트라갤럭시,0
20230917,20230917_1_08,20230917_1_08_14,최강게임,0
20230917,20230917_1_09,20230917_1_09_01,아르고리치,0
20230917,20230917_1_09,20230917_1_09_02,킹에이스,1
20230917,20230917_1_09,20230917_1_09_03,김천영웅,0
20230917,20230917_1_09,20230917_1_09_04,감곡선샤인,0
20230917,20230917_1_09,20230917_1_09_05,옥천최강,0
20230917,20230917_1_09,20230917_1_09_06,은혜레코드,0
20230917,20230917_1_09,20230917_1_09_07,불의여왕,0
20230917,20230917_1_09,20230917_1_09_08,고마나루,0
20230917,20230917_1_09,20230917_1_09_09,머스탱파워,0
20230917,20230917_1_09,20230917_1_09_10,머니가락,0
20230917,20230917_1_09,20230917_1_09_11,벼락,0
20230917,20230917_1_10,20230917_1_10_01,대세만세,0
20230917,20230917_1_10,20230917_1_10_02,걸작드림,0
20230917,20230917_1_10,20230917_1_10_03,세명나래,0
20230917,20230917_1_10,20230917_1_10_04,오키드밸리,0
20230917,20230917_1_10,20230917_1_10_05,히어로사랑,1
20230917,20230917_1_10,20230917_1_10_06,그린백,0
20230917,20230917_1_10,20230917_1_10_07,파워풀삭스,0
20230917,20230917_1_10,20230917_1_10_08,파인캠프,0
20230917,20230917_1_10,20230917_1_10_09,남산러브,0
20230917,20230917_1_10,20230917_1_10_10,빅토리히트,0
20230917,20230917_1_10,20230917_1_10_11,트로트퀸,0
20230917,20230917_1_11,20230917_1_11_01,리마커블,0
20230917,20230917_1_11,20230917_1_11_02,청담탱크,0
20230917,20230917_1_11,20230917_1_11_03,금빛마,0
20230917,20230917_1_11,20230917_1_11_04,제다이,0
20230917,20230917_1_11,20230917_1_11_05,카우보이킹,0
20230917,20230917_1_11,20230917_1_11_06,거센돌풍,0
20230917,20230917_1_11,20230917_1_11_07,장비무지개,0
20230917,20230917_1_11,20230917_1_11_08,그레이트선더,0
20230917,20230917_1_11,20230917_1_11_09,영광의미소,1
20230917,20230917_1_11,20230917_1_11_10,한강보스,0
20230917,20230917_1_11,20230917_1_11_11,새내파워풀,0
20230923,20230923_1_01,20230923_1_01_01,골드베르크,0
20230923,20230923_1_01,20230923_1_01_02,크레이지샤,0
20230923,20230923_1_01,20230923_1_01_04,풍운지마,0
20230923,20230923_1_01,20230923_1_01_05,내길의스타,0
20230923,20230923_1_01,20230923_1_01_06,글로리참,0
20230923,20230923_1_01,20230923_1_01_07,필승마,0
20230923,20230923_1_01,20230923_1_01_08,삼애번쩍,0
20230923,20230923_1_01,20230923_1_01_09,드림타임,1
20230923,20230923_1_01,20230923_1_01_10,레인스타,0
20230923,20230923_1_01,20230923_1_01_11,성실여걸,0
20230923,20230923_1_01,20230923_1_01_12,위즈러버,0
20230923,20230923_1_02,20230923_1_02_01,머니크라운,1
20230923,20230923_1_02,20230923_1_02_02,위즈러너,0
20230923,20230923_1_02,20230923_1_02_03,스토미케이,0
20230923,20230923_1_02,20230923_1_02_04,관악산타이거,0
20230923,20230923_1_02,20230923_1_02_05,오라칸,0
20230923,20230923_1_02,20230923_1_02_06,히어로파이터,0
20230923,20230923_1_02,20230923_1_02_07,정상에이스,0
20230923,20230923_1_02,20230923_1_02_08,월드베리언스,0
20230923,20230923_1_02,20230923_1_02_09,기분좋은말,0
20230923,20230923_1_02,20230923_1_02_10,벌교태양,0
20230923,20230923_1_02,20230923_1_02_11,선더드림,0
20230923,20230923_1_03,20230923_1_03_01,블랙이글스,0
20230923,20230923_1_03,20230923_1_03_02,질풍재즈,0
20230923,20230923_1_03,20230923_1_03_03,물레방아,0
20230923,20230923_1_03,20230923_1_03_04,베트캡틴,0
20230923,20230923_1_03,20230923_1_03_05,퍼플신화,0
20230923,20230923_1_03,20230923_1_03_06,찰나질주,0
20230923,20230923_1_03,20230923_1_03_07,용비퀸,0
20230923,20230923_1_03,20230923_1_03_08,태평히어로,0
20230923,20230923_1_03,20230923_1_03_09,탱글이,0
20230923,20230923_1_03,20230923_1_03_10,슈퍼원,0
20230923,20230923_1_03,20230923_1_03_11,배다리쾌검,1
20230923,20230923_1_03,20230923_1_03_12,그랜드대로,0
20230923,20230923_1_04,20230923_1_04_01,세명레이디,0
20230923,20230923_1_04,20230923_1_04_02,매직주드,0
20230923,20230923_1_04,20230923_1_04_03,가나드림,0
20230923,20230923_1_04,20230923_1_04_04,피엔에스더킹,0
20230923,20230923_1_04,20230923_1_04_05,레드태풍,0
20230923,20230923_1_04,20230923_1_04_06,델피니,0
20230923,20230923_1_04,20230923_1_04_07,빛의카,0
20230923,20230923_1_04,20230923_1_04_08,보스베이비,0
20230923,20230923_1_04,20230923_1_04_09,익스펙트,0
20230923,20230923_1_04,20230923_1_04_10,블루인디,1
20230923,20230923_1_04,20230923_1_04_11,럭셔리킹,0
20230923,20230923_1_05,20230923_1_05_01,휘파람,0
20230923,20230923_1_05,20230923_1_05_02,아깽이,1
20230923,20230923_1_05,20230923_1_05_04,유레카,0
20230923,20230923_1_05,20230923_1_05_05,멋진기록,0
20230923,20230923_1_05,20230923_1_05_06,플라잉제스트,0
20230923,20230923_1_05,20230923_1_05_07,한강지존,0
20230923,20230923_1_05,20230923_1_05_08,대흥클래스,0
20230923,20230923_1_05,20230923_1_05_09,퍼펙트타임,0
20230923,20230923_1_05,20230923_1_05_10,스프링워터,0
20230923,20230923_1_05,20230923_1_05_11,힐링헤이븐,0
20230923,20230923_1_06,20230923_1_06_01,스피어골드,0
20230923,20230923_1_06,20230923_1_06_02,마이센터,0
20230923,20230923_1_06,20230923_1_06_03,크레이지잭팟,0
20230923,20230923_1_06,20230923_1_06_04,송암스카이,0
20230923,20230923_1_06,20230923_1_06_05,용비파워,0
20230923,20230923_1_06,20230923_1_06_06,럭키바운스,0
20230923,20230923_1_06,20230923_1_06_07,제축이호,0
20230923,20230923_1_06,20230923_1_06_08,마이선더,0
20230923,20230923_1_06,20230923_1_06_09,민트플레이,0
20230923,20230923_1_06,20230923_1_06_10,나올시대,0
20230923,20230923_1_06,20230923_1_06_11,행복한문막,1
20230923,20230923_1_07,20230923_1_07_01,메니포켓,0
20230923,20230923_1_07,20230923_1_07_02,특급대로,0
20230923,20230923_1_07,20230923_1_07_03,런던명가,0
20230923,20230923_1_07,20230923_1_07_04,언패럴렐드,0
20230923,20230923_1_07,20230923_1_07_05,메니스피어,0
20230923,20230923_1_07,20230923_1_07_06,골드파워,0
20230923,20230923_1_07,20230923_1_07_07,텐배거,0
20230923,20230923_1_07,20230923_1_07_08,은성마루,0
20230923,20230923_1_07,20230923_1_07_09,피닉스서브,1
20230923,20230923_1_08,20230923_1_08_01,나올영웅,0
20230923,20230923_1_08,20230923_1_08_02,장군별,0
20230923,20230923_1_08,20230923_1_08_03,블랙초콜릿,1
20230923,20230923_1_08,20230923_1_08_04,황금꽃,0
20230923,20230923_1_08,20230923_1_08_05,순간터치,0
20230923,20230923_1_08,20230923_1_08_06,구억마알,0
20230923,20230923_1_08,20230923_1_08_07,헤이큐피드,0
20230923,20230923_1_08,20230923_1_08_08,한강질주,0
20230923,20230923_1_08,20230923_1_08_09,천둥세자,0
20230923,20230923_1_09,20230923_1_09_01,청산영웅,0
20230923,20230923_1_09,20230923_1_09_02,미스양호,0
20230923,20230923_1_09,20230923_1_09_03,모닝프린스,0
20230923,20230923_1_09,20230923_1_09_04,남산호랑이,0
20230923,20230923_1_09,20230923_1_09_05,화이트참,0
20230923,20230923_1_09,20230923_1_09_06,원평코드,0
20230923,20230923_1_09,20230923_1_09_07,탑퀄리티,0
20230923,20230923_1_09,20230923_1_09_08,열린문,0
20230923,20230923_1_09,20230923_1_09_09,피엔에스럭키,0
20230923,20230923_1_09,20230923_1_09_10,로열로드,1
20230923,20230923_1_09,20230923_1_09_11,퓨리오사,0
20230923,20230923_1_10,20230923_1_10_01,다이아키,0
20230923,20230923_1_10,20230923_1_10_02,피어리스,0
20230923,20230923_1_10,20230923_1_10_03,돌격앞으로,0
20230923,20230923_1_10,20230923_1_10_04,선더플래시,0
20230923,20230923_1_10,20230923_1_10_05,아르고탑,0
20230923,20230923_1_10,20230923_1_10_06,아라모아,0
20230923,20230923_1_10,20230923_1_10_07,글로벌럭키,0
20230923,20230923_1_10,20230923_1_10_08,봄날의기억,0
20230923,20230923_1_10,20230923_1_10_09,바이킹하트,0
20230923,20230923_1_10,20230923_1_10_10,몬스터파워,0
20230923,20230923_1_10,20230923_1_10_11,베스트선,1
20230923,20230923_1_11,20230923_1_11_01,엔딩파이어,0
20230923,20230923_1_11,20230923_1_11_02,천마챗,0
20230923,20230923_1_11,20230923_1_11_03,에이스군주,0
20230923,20230923_1_11,20230923_1_11_04,로터스미르,0
20230923,20230923_1_11,20230923_1_11_05,바디스타,0
20230923,20230923_1_11,20230923_1_11_06,선더미르,0
20230923,20230923_1_11,20230923_1_11_07,블루밍스타,0
20230923,20230923_1_11,20230923_1_11_08,어서와,0
20230923,20230923_1_11,20230923_1_11_09,별나라비마,0
20230923,20230923_1_11,20230923_1_11_10,헌터블레이드,1
20230923,20230923_1_11,20230923_1_11_11,광치기,0
20230923,20230923_1_12,20230923_1_12_01,리월마,1
20230923,20230923_1_12,20230923_1_12_02,문학보스,0
20230923,20230923_1_12,20230923_1_12_03,컴플리트타임,0
20230923,20230923_1_12,20230923_1_12_04,그레이캣,0
20230923,20230923_1_12,20230923_1_12_05,캡틴브라보,0
20230923,20230923_1_12,20230923_1_12_06,서울탱크,0
20230923,20230923_1_12,20230923_1_12_07,록의제왕,0
20230923,20230923_1_12,20230923_1_12_08,문학킹,0
20230923,20230923_1_12,20230923_1_12_09,금아애크미,0
20230923,20230923_1_12,20230923_1_12_10,라온더제트,0
20230923,20230923_1_12,20230923_1_12_11,라스트펀치,0
20230924,20230924_1_01,20230924_1_01_01,비카나르마,0
20230924,20230924_1_01,20230924_1_01_02,메가드래곤,1
20230924,20230924_1_01,20230924_1_01_03,은파파트너,0
20230924,20230924_1_01,20230924_1_01_04,런던골드,0
20230924,20230924_1_01,20230924_1_01_05,장군마루,0
20230924,20230924_1_01,20230924_1_01_06,골든드래곤,0
20230924,20230924_1_01,20230924_1_01_07,히어로전사,0
20230924,20230924_1_01,20230924_1_01_08,차돌다이아,0
20230924,20230924_1_01,20230924_1_01_09,한강캡틴,0
20230924,20230924_1_01,20230924_1_01_10,히트플라이,0
20230924,20230924_1_02,20230924_1_02_01,우승콩코드,0
20230924,20230924_1_02,20230924_1_02_02,세이렌,0
20230924,20230924_1_02,20230924_1_02_03,원더풀웰스,0
20230924,20230924_1_02,20230924_1_02_04,선더여걸,0
20230924,20230924_1_02,20230924_1_02_05,크로키,0
20230924,20230924_1_02,20230924_1_02_06,강철드래곤,0
20230924,20230924_1_02,20230924_1_02_07,논스톱플레이,0
20230924,20230924_1_02,20230924_1_02_08,대명장,0
20230924,20230924_1_02,20230924_1_02_09,스타트렉,1
20230924,20230924_1_02,20230924_1_02_10,라이트어블루,0
20230924,20230924_1_03,20230924_1_03_01,마하여제,0
20230924,20230924_1_03,20230924_1_03_02,서울돌풍,0
20230924,20230924_1_03,20230924_1_03_03,스카이텐,0
20230924,20230924_1_03,20230924_1_03_04,지니어스퀸,0
20230924,20230924_1_03,20230924_1_03_05,정상히트,0
20230924,20230924_1_03,20230924_1_03_06,천행챗,0
20230924,20230924_1_03,20230924_1_03_08,그루퍼,0
20230924,20230924_1_03,20230924_1_03_09,용비천,0
20230924,20230924_1_03,20230924_1_03_10,에이스퀸,0
20230924,20230924_1_03,20230924_1_03_11,담쟁이아르고,1
20230924,20230924_1_03,20230924_1_03_12,메니윈,0
20230924,20230924_1_04,20230924_1_04_01,원더풀스위트,0
20230924,20230924_1_04,20230924_1_04_02,메니참,0
20230924,20230924_1_04,20230924_1_04_03,스위치송,0
20230924,20230924_1_04,20230924_1_04_04,골드참,0
20230924,20230924_1_04,20230924_1_04_05,아치러너,0
20230924,20230924_1_04,20230924_1_04_06,퀸톱,1
20230924,20230924_1_04,20230924_1_04_07,검의전설,0
20230924,20230924_1_04,20230924_1_04_08,파워에치드,0
20230924,20230924_1_04,20230924_1_04_10,해피플레이,0
20230924,20230924_1_04,20230924_1_04_11,투아레그나인,0
20230924,20230924_1_04,20230924_1_04_12,한강차르,0
20230924,20230924_1_05,20230924_1_05_01,아치메모리,0
20230924,20230924_1_05,20230924_1_05_02,아름다운사이,0
20230924,20230924_1_05,20230924_1_05_03,도리포,0
20230924,20230924_1_05,20230924_1_05_04,메이드스타,0
20230924,20230924_1_05,20230924_1_05_05,콰이어트참,0
20230924,20230924_1_05,20230924_1_05_06,은빛돌풍,1
20230924,20230924_1_05,20230924_1_05_07,대지의여걸,0
20230924,20230924_1_05,20230924_1_05_08,지르콘,0
20230924,20230924_1_05,20230924_1_05_09,젤로스,0
20230924,20230924_1_06,20230924_1_06_01,레몬블레이드,0
20230924,20230924_1_06,20230924_1_06_02,스마트별,0
20230924,20230924_1_06,20230924_1_06_03,에이스티아라,0
20230924,20230924_1_06,20230924_1_06_04,글로벌진격,0
20230924,20230924_1_06,20230924_1_06_05,런던에이스,1
20230924,20230924_1_06,20230924_1_06_06,스마트태양,0
20230924,20230924_1_06,20230924_1_06_07,큐피드보우,0
20230924,20230924_1_06,20230924_1_06_08,백두멋쟁이,0
20230924,20230924_1_06,20230924_1_06_09,브라보한센,0
20230924,20230924_1_06,20230924_1_06_10,원더풀우먼,0
20230924,20230924_1_06,20230924_1_06_11,찬란한폭풍,0
20230924,20230924_1_07,20230924_1_07_01,원더풀조이,0
20230924,20230924_1_07,20230924_1_07_02,땡큐대천,0
20230924,20230924_1_07,20230924_1_07_03,비트러너,1
20230924,20230924_1_07,20230924_1_07_04,매직러시,0
20230924,20230924_1_07,20230924_1_07_05,찬란한날,0
20230924,20230924_1_07,20230924_1_07_06,크레이지러브,0
20230924,20230924_1_07,20230924_1_07_07,미스윈스타,0
20230924,20230924_1_07,20230924_1_07_08,새벽밴드,0
20230924,20230924_1_07,20230924_1_07_09,금아시크,0
20230924,20230924_1_07,20230924_1_07_10,더페이버릿,0
20230924,20230924_1_08,20230924_1_08_01,천지여걸,0
20230924,20230924_1_08,20230924_1_08_02,[부산경남]승리매직퀸,0
20230924,20230924_1_08,20230924_1_08_03,원더풀키티,0
20230924,20230924_1_08,20230924_1_08_04,[부산경남]퀸오브더월드,0
20230924,20230924_1_08,20230924_1_08_05,참좋은친구,0
20230924,20230924_1_08,20230924_1_08_06,라온퍼스트,0
20230924,20230924_1_08,20230924_1_08_07,[부산경남]윈드하이,0
20230924,20230924_1_08,20230924_1_08_08,연희일출,0
20230924,20230924_1_08,20230924_1_08_09,라온더스퍼트,0
20230924,20230924_1_08,20230924_1_08_10,어디가나,0
20230924,20230924_1_08,20230924_1_08_11,[부산경남]일번지,0
20230924,20230924_1_08,20230924_1_08_12,[부산경남]즐거운여정,1
20230924,20230924_1_08,20230924_1_08_13,레이디켈리,0
20230924,20230924_1_08,20230924_1_08_14,라누트,0
20230924,20230924_1_08,20230924_1_08_15,옐로우캣,0
20230924,20230924_1_09,20230924_1_09_01,원더풀폭스,0
20230924,20230924_1_09,20230924_1_09_02,올가림,0
20230924,20230924_1_09,20230924_1_09_03,그린필스타,0
20230924,20230924_1_09,20230924_1_09_04,빅스마트,0
20230924,20230924_1_09,20230924_1_09_05,시크릿왕자,0
20230924,20230924_1_09,20230924_1_09_06,천둥오름,0
20230924,20230924_1_09,20230924_1_09_07,정상킹덤,1
20230924,20230924_1_09,20230924_1_09_08,로즈골드,0
20230924,20230924_1_09,20230924_1_09_09,선더프린스,0
20230924,20230924_1_10,20230924_1_10_01,베링맨,0
20230924,20230924_1_10,20230924_1_10_02,로열함성,0
20230924,20230924_1_10,20230924_1_10_03,금성세계,0
20230924,20230924_1_10,20230924_1_10_04,그린폭주,0
20230924,20230924_1_10,20230924_1_10_05,금성맨,0
20230924,20230924_1_10,20230924_1_10_06,지모션,0
20230924,20230924_1_10,20230924_1_10_07,킹심바,0
20230924,20230924_1_10,20230924_1_10_08,티즈에너지,0
20230924,20230924_1_10,20230924_1_10_09,나의나라,0
20230924,20230924_1_10,20230924_1_10_10,문학어플리트,0
20230924,20230924_1_10,20230924_1_10_11,불의날개,1
20230924,20230924_1_11,20230924_1_11_01,문학송,0
20230924,20230924_1_11,20230924_1_11_02,도끼불패,0
20230924,20230924_1_11,20230924_1_11_03,파이팅대디,0
20230924,20230924_1_11,20230924_1_11_04,스탈렛,0
20230924,20230924_1_11,20230924_1_11_05,퀵실버키튼,0
20230924,20230924_1_11,20230924_1_11_06,아이엠짱,0
20230924,20230924_1_11,20230924_1_11_07,문학스톰,0
20230924,20230924_1_11,20230924_1_11_08,스마트전사,0
20230924,20230924_1_11,20230924_1_11_09,은혜충만,0
20230924,20230924_1_11,20230924_1_11_10,한강에이스,1
20230924,20230924_1_11,20230924_1_11_11,컴플리트엔젤,0
20231007,20231007_1_01,20231007_1_01_02,볼린,0
20231007,20231007_1_01,20231007_1_01_03,스파크선더,0
20231007,20231007_1_01,20231007_1_01_04,포보제니아,0
20231007,20231007_1_01,20231007_1_01_05,큐피드모닝,0
20231007,20231007_1_01,20231007_1_01_06,글로벌코디,0
20231007,20231007_1_01,20231007_1_01_07,스페셜힐,0
20231007,20231007_1_01,20231007_1_01_08,베스트킹덤,0
20231007,20231007_1_01,20231007_1_01_09,청량산,0
20231007,20231007_1_01,20231007_1_01_10,스타터,1
20231007,20231007_1_01,20231007_1_01_11,강한누리,0
20231007,20231007_1_01,20231007_1_01_12,은파조이,0
20231007,20231007_1_02,20231007_1_02_01,뷰티원더풀,0
20231007,20231007_1_02,20231007_1_02_02,플라잉킹,0
20231007,20231007_1_02,20231007_1_02_03,글로벌메니,0
20231007,20231007_1_02,20231007_1_02_04,대원용마,0
20231007,20231007_1_02,20231007_1_02_05,프레시맨,0
20231007,20231007_1_02,20231007_1_02_06,사이클론스타,0
20231007,20231007_1_02,20231007_1_02_07,자이언트엠,0
20231007,20231007_1_02,20231007_1_02_08,스터닝챔프,0
20231007,20231007_1_02,20231007_1_02_09,로열베스트,0
20231007,20231007_1_02,20231007_1_02_10,월드섀넌스,0
20231007,20231007_1_02,20231007_1_02_11,스마트알파,0
20231007,20231007_1_02,20231007_1_02_12,만대로,1
20231007,20231007_1_03,20231007_1_03_01,스톰브레이커,1
20231007,20231007_1_03,20231007_1_03_02,모닝볼드,0
20231007,20231007_1_03,20231007_1_03_03,안양쓰나미,0
20231007,20231007_1_03,20231007_1_03_04,신의운명,0
20231007,20231007_1_03,20231007_1_03_05,학산마초,0
20231007,20231007_1_03,20231007_1_03_06,참좋은인연,0
20231007,20231007_1_03,20231007_1_03_07,한강레전드,0
20231007,20231007_1_03,20231007_1_03_08,아크로마린,0
20231007,20231007_1_03,20231007_1_03_09,파이널고,0
20231007,20231007_1_04,20231007_1_04_01,해랑여왕,0
20231007,20231007_1_04,20231007_1_04_02,호명에이스,0
20231007,20231007_1_04,20231007_1_04_03,투투선더,0
20231007,20231007_1_04,20231007_1_04_04,제이에스파티,0
20231007,20231007_1_04,20231007_1_04_05,태평무,0
20231007,20231007_1_04,20231007_1_04_06,위너드래건,0
20231007,20231007_1_04,20231007_1_04_07,새벽불빛,0
20231007,20231007_1_04,20231007_1_04_08,라온에어포스,1
20231007,20231007_1_04,20231007_1_04_09,내길의캡틴,0
20231007,20231007_1_04,20231007_1_04_10,파워풀비전,0
20231007,20231007_1_04,20231007_1_04_11,넥스트레벨,0
20231007,20231007_1_05,20231007_1_05_01,거센반격,1
20231007,20231007_1_05,20231007_1_05_02,원더풀파고,0
20231007,20231007_1_05,20231007_1_05_03,글로리케이,0
20231007,20231007_1_05,20231007_1_05_04,마이티탭,0
20231007,20231007_1_05,20231007_1_05_05,바람살,0
20231007,20231007_1_05,20231007_1_05_06,사랑다모아,0
20231007,20231007_1_05,20231007_1_05_07,굿카보,0
20231007,20231007_1_05,20231007_1_05_08,피엔에스아이,0
20231007,20231007_1_05,20231007_1_05_09,대박스타,0
20231007,20231007_1_05,20231007_1_05_10,빈체로킹,0
20231007,20231007_1_06,20231007_1_06_01,제이에스로드,0
20231007,20231007_1_06,20231007_1_06_02,클라우터,0
20231007,20231007_1_06,20231007_1_06_03,원더풀티지,0
20231007,20231007_1_06,20231007_1_06_04,차돌런,0
20231007,20231007_1_06,20231007_1_06_05,당찬대보,0
20231007,20231007_1_06,20231007_1_06_06,뉴포인트,0
20231007,20231007_1_06,20231007_1_06_07,원스피어,0
20231007,20231007_1_06,20231007_1_06_08,두손클래식,0
20231007,20231007_1_06,20231007_1_06_09,성은크라운,1
20231007,20231007_1_06,20231007_1_06_10,플라잉스타,0
20231007,20231007_1_06,20231007_1_06_11,디바인퓨처즈,0
20231007,20231007_1_07,20231007_1_07_01,달빛조각사,0
20231007,20231007_1_07,20231007_1_07_02,투어퀸,0
20231007,20231007_1_07,20231007_1_07_03,은혜,1
20231007,20231007_1_07,20231007_1_07_04,태양타고,0
20231007,20231007_1_07,20231007_1_07_05,서울크라운,0
20231007,20231007_1_07,20231007_1_07_06,라온엠파이어,0
20231007,20231007_1_07,20231007_1_07_07,화수분,0
20231007,20231007_1_07,20231007_1_07_08,한강히어로,0
20231007,20231007_1_07,20231007_1_07_09,달금,0
20231007,20231007_1_07,20231007_1_07_10,블랙루키,0
20231007,20231007_1_07,20231007_1_07_11,불곰마드레,0
20231007,20231007_1_08,20231007_1_08_01,신의함성,1
20231007,20231007_1_08,20231007_1_08_02,킹고태양,0
20231007,20231007_1_08,20231007_1_08_03,스마트삭스,0
20231007,20231007_1_08,20231007_1_08_04,메티스선더,0
20231007,20231007_1_08,20231007_1_08_05,코스모킹,0
20231007,20231007_1_08,20231007_1_08_06,테스메리,0
20231007,20231007_1_08,20231007_1_08_07,선더갤러퍼,0
20231007,20231007_1_08,20231007_1_08_08,마루별,0
20231007,20231007_1_09,20231007_1_09_01,위너블루,0
20231007,20231007_1_09,20231007_1_09_02,타우루스퀸,0
20231007,20231007_1_09,20231007_1_09_03,용호지마,0
20231007,20231007_1_09,20231007_1_09_04,원더풀데블,0
20231007,20231007_1_09,20231007_1_09_05,타이탄삭스,0
20231007,20231007_1_09,20231007_1_09_07,뉴청파,0
20231007,20231007_1_09,20231007_1_09_08,엘리트라인,0
20231007,20231007_1_09,20231007_1_09_09,글로벌영웅,1
20231007,20231007_1_09,20231007_1_09_10,쿨프린세스,0
20231007,20231007_1_09,20231007_1_09_11,파이어파워,0
20231007,20231007_1_10,20231007_1_10_01,옥룡,0
20231007,20231007_1_10,20231007_1_10_02,울프플레이,1
20231007,20231007_1_10,20231007_1_10_03,스포블레이드,0
20231007,20231007_1_10,20231007_1_10_04,문학드림,0
20231007,20231007_1_10,20231007_1_10_05,루미너스퀸,0
20231007,20231007_1_10,20231007_1_10_06,뉴문워리어,0
20231007,20231007_1_10,20231007_1_10_07,해피삭스,0
20231007,20231007_1_10,20231007_1_10_08,천지광풍,0
20231007,20231007_1_10,20231007_1_10_09,하이그랜드,0
20231007,20231007_1_10,20231007_1_10_10,배다리왕자,0
20231008,20231008_1_01,20231008_1_01_01,대물삭스,0
20231008,20231008_1_01,20231008_1_01_02,참좋은질주,0
20231008,20231008_1_01,20231008_1_01_03,스마트월드,0
20231008,20231008_1_01,20231008_1_01_04,히어아이엠,0
20231008,20231008_1_01,20231008_1_01_05,스마트캣,1
20231008,20231008_1_01,20231008_1_01_06,창조의기둥,0
20231008,20231008_1_01,20231008_1_01_07,배다리향기,0
20231008,20231008_1_01,20231008_1_01_08,안양천둥,0
20231008,20231008_1_01,20231008_1_01_09,스마트클레어,0
20231008,20231008_1_01,20231008_1_01_10,화산귀환,0
20231008,20231008_1_02,20231008_1_02_01,희망의찬가,0
20231008,20231008_1_02,20231008_1_02_02,상임대표,0
20231008,20231008_1_02,20231008_1_02_03,트레비트,0
20231008,20231008_1_02,20231008_1_02_04,크리솔스마일,0
20231008,20231008_1_02,20231008_1_02_05,행복한버미,0
20231008,20231008_1_02,20231008_1_02_06,비트레이서,0
20231008,20231008_1_02,20231008_1_02_07,헤이마마,0
20231008,20231008_1_02,20231008_1_02_08,이에이치코코,0
20231008,20231008_1_02,20231008_1_02_09,반도희망,0
20231008,20231008_1_02,20231008_1_02_10,그랜드실버,1
20231008,20231008_1_02,20231008_1_02_11,거문,0
20231008,20231008_1_03,20231008_1_03_01,금악이글,0
20231008,20231008_1_03,20231008_1_03_02,매직스트롱,0
20231008,20231008_1_03,20231008_1_03_03,기쁨함성,0
20231008,20231008_1_03,20231008_1_03_04,브라보플레이,1
20231008,20231008_1_03,20231008_1_03_05,걸작원,0
20231008,20231008_1_03,20231008_1_03_06,스톰가이,0
20231008,20231008_1_03,20231008_1_03_07,금성파워,0
20231008,20231008_1_03,20231008_1_03_08,함평장미,0
20231008,20231008_1_04,20231008_1_04_01,미스터퀄리티,1
20231008,20231008_1_04,20231008_1_04_02,거센챔프,0
20231008,20231008_1_04,20231008_1_04_03,선더브라보,0
20231008,20231008_1_04,20231008_1_04_04,브이퀸,0
20231008,20231008_1_04,20231008_1_04_05,레전드케이,0
20231008,20231008_1_04,20231008_1_04_06,파인데이,0
20231008,20231008_1_04,20231008_1_04_07,위즈업,0
20231008,20231008_1_04,20231008_1_04_08,베스트선샤인,0
20231008,20231008_1_04,20231008_1_04_09,송암레이서,0
20231008,20231008_1_04,20231008_1_04_10,매직모카신,0
20231008,20231008_1_04,20231008_1_04_11,하이파크,0
20231008,20231008_1_05,20231008_1_05_01,나올대왕,0
20231008,20231008_1_05,20231008_1_05_02,지구라트,0
20231008,20231008_1_05,20231008_1_05_03,갤럭시삭스,0
20231008,20231008_1_05,20231008_1_05_04,미라클한강,0
20231008,20231008_1_05,20231008_1_05_05,다운더존,0
20231008,20231008_1_05,20231008_1_05_06,알사이먼,0
20231008,20231008_1_05,20231008_1_05_07,선더블루,0
20231008,20231008_1_05,20231008_1_05_08,원평리스트,1
20231008,20231008_1_05,20231008_1_05_09,아이스크림,0
20231008,20231008_1_05,20231008_1_05_10,클레어퀸,0
20231008,20231008_1_06,20231008_1_06_01,뉴킹맨,0
20231008,20231008_1_06,20231008_1_06_02,남산주몽,0
20231008,20231008_1_06,20231008_1_06_03,고고스타,0
20231008,20231008_1_06,20231008_1_06_04,엑톤질주,0
20231008,20231008_1_06,20231008_1_06_05,돌배,0
20231008,20231008_1_06,20231008_1_06_06,천군,0
20231008,20231008_1_06,20231008_1_06_07,울트라삭스,0
20231008,20231008_1_06,20231008_1_06_08,고져스서브,0
20231008,20231008_1_06,20231008_1_06_09,초인강자,0
20231008,20231008_1_06,20231008_1_06_10,에이펙스,1
20231008,20231008_1_06,20231008_1_06_11,큐피드점보,0
20231008,20231008_1_07,20231008_1_07_01,논스톱선더,1
20231008,20231008_1_07,20231008_1_07_02,티나,0
20231008,20231008_1_07,20231008_1_07_03,위대한군주,0
20231008,20231008_1_07,20231008_1_07_04,뉴질랜드삭스,0
20231008,20231008_1_07,20231008_1_07_05,아메리칸포스원,0
20231008,20231008_1_07,20231008_1_07_06,슈퍼엑톤,0
20231008,20231008_1_07,20231008_1_07_07,황우최강,0
20231008,20231008_1_07,20231008_1_07_08,글로벌럭키,0
20231008,20231008_1_07,20231008_1_07_09,금빛천하,0
20231008,20231008_1_07,20231008_1_07_10,시선집중,0
20231008,20231008_1_08,20231008_1_08_01,더플레이어,0
20231008,20231008_1_08,20231008_1_08_02,빈체로카발로,0
20231008,20231008_1_08,20231008_1_08_03,한강크라운,0
20231008,20231008_1_08,20231008_1_08_04,걸작으뜸,0
20231008,20231008_1_08,20231008_1_08_05,금악스타,0
20231008,20231008_1_08,20231008_1_08_06,가나파워,0
20231008,20231008_1_08,20231008_1_08_07,장군가람,0
20231008,20231008_1_08,20231008_1_08_08,은파사랑,0
20231008,20231008_1_08,20231008_1_08_09,라라케이,0
20231008,20231008_1_08,20231008_1_08_10,나이스타임,1
20231008,20231008_1_08,20231008_1_08_11,이클립스베리,0
20231008,20231008_1_09,20231008_1_09_01,펄포인트,0
20231008,20231008_1_09,20231008_1_09_02,터치나인,0
20231008,20231008_1_09,20231008_1_09_03,케이엔포스트,0
20231008,20231008_1_09,20231008_1_09_04,파이널축제,0
20231008,20231008_1_09,20231008_1_09_05,챌린지삭스,0
20231008,20231008_1_09,20231008_1_09_06,리버태양,0
20231008,20231008_1_09,20231008_1_09_07,톱클래스,1
20231008,20231008_1_09,20231008_1_09_08,은혜드림,0
20231008,20231008_1_09,20231008_1_09_09,블랙건,0
20231008,20231008_1_09,20231008_1_09_10,히든블레이드,0
20231008,20231008_1_09,20231008_1_09_11,찬란한불꽃,0
20231008,20231008_1_10,20231008_1_10_01,큐피드베이브,0
20231008,20231008_1_10,20231008_1_10_02,브리가디어제너럴,1
20231008,20231008_1_10,20231008_1_10_03,치프인디,0
20231008,20231008_1_10,20231008_1_10_04,히든삭스,0
20231008,20231008_1_10,20231008_1_10_05,릴패트론,0
20231008,20231008_1_10,20231008_1_10_06,러블리케이,0
20231008,20231008_1_10,20231008_1_10_07,에코빌,0
20231008,20231008_1_10,20231008_1_10_08,굿필승,0
20231008,20231008_1_10,20231008_1_10_09,정문사이,0
20231008,20231008_1_10,20231008_1_10_10,슈퍼삭스,0
20231008,20231008_1_10,20231008_1_10_11,돌아온뽀빠이,0
20231009,20231009_1_01,20231009_1_01_01,라온점프,0
20231009,20231009_1_01,20231009_1_01_02,금빛강호,1
20231009,20231009_1_01,20231009_1_01_03,나올탱크,0
20231009,20231009_1_01,20231009_1_01_04,골든펄,0
20231009,20231009_1_01,20231009_1_01_05,네모스피릿,0
20231009,20231009_1_01,20231009_1_01_06,퍼플신화,0
20231009,20231009_1_01,20231009_1_01_07,강철여걸,0
20231009,20231009_1_01,20231009_1_01_08,서울태양,0
20231009,20231009_1_01,20231009_1_01_09,라파예트,0
20231009,20231009_1_01,20231009_1_01_10,메니샤크,0
20231009,20231009_1_01,20231009_1_01_11,붉은폭풍,0
20231009,20231009_1_02,20231009_1_02_01,오스틴리더,0
20231009,20231009_1_02,20231009_1_02_02,원더풀리걸,0
20231009,20231009_1_02,20231009_1_02_03,골든플라잉,0
20231009,20231009_1_02,20231009_1_02_04,티즈로켓,0
20231009,20231009_1_02,20231009_1_02_05,새내비바,0
20231009,20231009_1_02,20231009_1_02_06,멸콩,0
20231009,20231009_1_02,20231009_1_02_07,함평호프,0
20231009,20231009_1_02,20231009_1_02_08,스텔스박,0
20231009,20231009_1_02,20231009_1_02_09,청파의꿈,1
20231009,20231009_1_02,20231009_1_02_10,클라우드하트,0
20231009,20231009_1_02,20231009_1_02_11,그래티튜드,0
20231009,20231009_1_03,20231009_1_03_01,슛업스파크,0
20231009,20231009_1_03,20231009_1_03_02,씽씽씽,0
20231009,20231009_1_03,20231009_1_03_03,강철부대,0
20231009,20231009_1_03,20231009_1_03_04,비단주머니,0
20231009,20231009_1_03,20231009_1_03_05,아치로켓,0
20231009,20231009_1_03,20231009_1_03_06,유테이크,0
20231009,20231009_1_03,20231009_1_03_07,클로버파티,0
20231009,20231009_1_03,20231009_1_03_08,은성노을,1
20231009,20231009_1_04,20231009_1_04_01,티나케이,0
20231009,20231009_1_04,20231009_1_04_02,마이티짱,0
20231009,20231009_1_04,20231009_1_04_03,신의이름,0
20231009,20231009_1_04,20231009_1_04_04,메이킹스토리,0
20231009,20231009_1_04,20231009_1_04_05,스카이함성,0
20231009,20231009_1_04,20231009_1_04_06,파노라마킹,0
20231009,20231009_1_04,20231009_1_04_07,어서말을해,1
20231009,20231009_1_04,20231009_1_04_08,걸작최강,0
20231009,20231009_1_04,20231009_1_04_09,봉화스테이,0
20231009,20231009_1_04,20231009_1_04_10,나노마신,0
20231009,20231009_1_04,20231009_1_04_11,히어로레전드,0
20231009,20231009_1_04,20231009_1_04_12,캡틴삼칠이,0
20231009,20231009_1_05,20231009_1_05_01,대박삭스,0
20231009,20231009_1_05,20231009_1_05_02,갈색향기,0
20231009,20231009_1_05,20231009_1_05_03,세상앞으로,0
20231009,20231009_1_05,20231009_1_05_04,피엔에스골드,0
20231009,20231009_1_05,20231009_1_05_05,스페셜포스,1
20231009,20231009_1_05,20231009_1_05_06,미스터스타,0
20231009,20231009_1_05,20231009_1_05_07,모던타임즈,0
20231009,20231009_1_05,20231009_1_05_08,허니펀치,0
20231009,20231009_1_06,20231009_1_06_01,로드에이스,0
20231009,20231009_1_06,20231009_1_06_02,남산무적,0
20231009,20231009_1_06,20231009_1_06_03,화이트위치,0
20231009,20231009_1_06,20231009_1_06_04,글로리앤아너,0
20231009,20231009_1_06,20231009_1_06_05,오래다함께,0
20231009,20231009_1_06,20231009_1_06_06,태평파이터,0
20231009,20231009_1_06,20231009_1_06_07,아인슈페너,0
20231009,20231009_1_06,20231009_1_06_08,리걸하이,1
20231009,20231009_1_07,20231009_1_07_01,벤칼프린세스,0
20231009,20231009_1_07,20231009_1_07_02,이무기,0
20231009,20231009_1_07,20231009_1_07_03,파워팔이영,0
20231009,20231009_1_07,20231009_1_07_04,런던액티브,0
20231009,20231009_1_07,20231009_1_07_05,도깨비,0
20231009,20231009_1_07,20231009_1_07_06,콩코드퀸,0
20231009,20231009_1_07,20231009_1_07_07,선포레,0
20231009,20231009_1_07,20231009_1_07_08,빛나는질주,0
20231009,20231009_1_07,20231009_1_07_09,유니콘킹덤,0
20231009,20231009_1_07,20231009_1_07_10,스타크레이지,0
20231009,20231009_1_07,20231009_1_07_11,두손판타스틱,1
20231009,20231009_1_08,20231009_1_08_01,그레이스퀸,0
20231009,20231009_1_08,20231009_1_08_02,울트라킹,0
20231009,20231009_1_08,20231009_1_08_03,유쾌한날들,0
20231009,20231009_1_08,20231009_1_08_04,자이언트킬링,0
20231009,20231009_1_08,20231009_1_08_05,대완구,0
20231009,20231009_1_08,20231009_1_08_06,하이러너,0
20231009,20231009_1_08,20231009_1_08_07,용비서울,0
20231009,20231009_1_08,20231009_1_08_08,스퍼트빗,0
20231009,20231009_1_08,20231009_1_08_09,글로벌파워,0
20231009,20231009_1_08,20231009_1_08_10,라온아메리칸,1
20231009,20231009_1_08,20231009_1_08_11,매직주니어,0
20231009,20231009_1_09,20231009_1_09_01,록임팩트,0
20231009,20231009_1_09,20231009_1_09_02,시대의명작,1
20231009,20231009_1_09,20231009_1_09_03,페더럴킹,0
20231009,20231009_1_09,20231009_1_09_04,화랑투데이,0
20231009,20231009_1_09,20231009_1_09_05,불의신화,0
20231009,20231009_1_09,20231009_1_09_06,성실인동,0
20231009,20231009_1_09,20231009_1_09_07,홀리데이참,0
20231009,20231009_1_09,20231009_1_09_08,영웅대마,0
20231009,20231009_1_09,20231009_1_09_09,지모션,0
20231009,20231009_1_09,20231009_1_09_10,신의반전,0
20231009,20231009_1_09,20231009_1_09_11,퍼펙트건맨,0
20231009,20231009_1_10,20231009_1_10_01,별나라신사,0
20231009,20231009_1_10,20231009_1_10_02,럭키월드,1
20231009,20231009_1_10,20231009_1_10_03,아스펜태양,0
20231009,20231009_1_10,20231009_1_10_04,스프링킹,0
20231009,20231009_1_10,20231009_1_10_05,몬스터케이,0
20231009,20231009_1_10,20231009_1_10_06,두손멍군,0
20231009,20231009_1_10,20231009_1_10_07,천마비상,0
20231009,20231009_1_10,20231009_1_10_08,온포인트,0
20231009,20231009_1_10,20231009_1_10_09,자이언트인디,0
20231009,20231009_1_10,20231009_1_10_10,메니챔프,0
20231009,20231009_1_10,20231009_1_10_11,황금럭키,0
20231014,20231014_1_01,20231014_1_01_01,금아모멘터스,1
20231014,20231014_1_01,20231014_1_01_02,더선파이터,0
20231014,20231014_1_01,20231014_1_01_03,엘린,0
20231014,20231014_1_01,20231014_1_01_04,퀸아비게일,0
20231014,20231014_1_01,20231014_1_01_05,시티킹,0
20231014,20231014_1_01,20231014_1_01_06,선더드래곤,0
20231014,20231014_1_01,20231014_1_01_07,블러드마운틴,0
20231014,20231014_1_01,20231014_1_01_08,우마포이,0
20231014,20231014_1_01,20231014_1_01_09,모모케이,0
20231014,20231014_1_01,20231014_1_01_10,벨로테로,0
20231014,20231014_1_01,20231014_1_01_11,머제스틱위너,0
20231014,20231014_1_02,20231014_1_02_01,마루스타,0
20231014,20231014_1_02,20231014_1_02_02,마이티캡,0
20231014,20231014_1_02,20231014_1_02_03,플라잉커맨드,0
20231014,20231014_1_02,20231014_1_02_04,엑설런트마타,0
20231014,20231014_1_02,20231014_1_02_05,태평비전,0
20231014,20231014_1_02,20231014_1_02_06,러브문막,0
20231014,20231014_1_02,20231014_1_02_07,골든볼,0
20231014,20231014_1_02,20231014_1_02_08,매직플레저,0
20231014,20231014_1_02,20231014_1_02_09,해피익투스,1
20231014,20231014_1_02,20231014_1_02_10,성실대로,0
20231014,20231014_1_03,20231014_1_03_01,테스타루비,0
20231014,20231014_1_03,20231014_1_03_02,대륜불패,0
20231014,20231014_1_03,20231014_1_03_04,메니참,0
20231014,20231014_1_03,20231014_1_03_05,질풍재즈,0
20231014,20231014_1_03,20231014_1_03_06,토종글로리,0
20231014,20231014_1_03,20231014_1_03_07,장흥클래스,1
20231014,20231014_1_03,20231014_1_03_08,하얀태양,0
20231014,20231014_1_03,20231014_1_03_09,플랜비,0
20231014,20231014_1_04,20231014_1_04_01,위너존,0
20231014,20231014_1_04,20231014_1_04_02,예지몽,0
20231014,20231014_1_04,20231014_1_04_03,매직케이,0
20231014,20231014_1_04,20231014_1_04_04,한강차르,0
20231014,20231014_1_04,20231014_1_04_05,최강나이스,0
20231014,20231014_1_04,20231014_1_04_06,그랜드군황,0
20231014,20231014_1_04,20231014_1_04_07,윈스토리,0
20231014,20231014_1_04,20231014_1_04_08,강서브이,1
20231014,20231014_1_04,20231014_1_04_09,총알커널,0
20231014,20231014_1_04,20231014_1_04_10,마이원,0
20231014,20231014_1_04,20231014_1_04_11,에이스퀸,0
20231014,20231014_1_05,20231014_1_05_01,정상럭키,0
20231014,20231014_1_05,20231014_1_05_02,럭키허니,0
20231014,20231014_1_05,20231014_1_05_03,나올스카이,0
20231014,20231014_1_05,20231014_1_05_05,라온더판타,0
20231014,20231014_1_05,20231014_1_05_06,그레이스케이,0
20231014,20231014_1_05,20231014_1_05_07,여왕삭스,0
20231014,20231014_1_05,20231014_1_05_08,레이디코디,0
20231014,20231014_1_05,20231014_1_05_09,제우시대,0
20231014,20231014_1_05,20231014_1_05_10,포에이스,0
20231014,20231014_1_05,20231014_1_05_11,보름달빛,1
20231014,20231014_1_06,20231014_1_06_01,클레어파워,0
20231014,20231014_1_06,20231014_1_06_02,불화산,0
20231014,20231014_1_06,20231014_1_06_03,최고포인트,0
20231014,20231014_1_06,20231014_1_06_04,데블케이,0
20231014,20231014_1_06,20231014_1_06_05,원더풀위싱,0
20231014,20231014_1_06,20231014_1_06_06,천둥오름,0
20231014,20231014_1_06,20231014_1_06_07,리얼팩,0
20231014,20231014_1_06,20231014_1_06_08,엠제이타임,0
20231014,20231014_1_06,20231014_1_06_09,선더프린스,0
20231014,20231014_1_06,20231014_1_06_10,한강스카이,0
20231014,20231014_1_06,20231014_1_06_11,새로운빛깔,1
20231014,20231014_1_07,20231014_1_07_01,아르고무적,0
20231014,20231014_1_07,20231014_1_07_02,익스펙트,0
20231014,20231014_1_07,20231014_1_07_03,에코존,0
20231014,20231014_1_07,20231014_1_07_04,티즈인디,1
20231014,20231014_1_07,20231014_1_07_05,옥천스나이퍼,0
20231014,20231014_1_07,20231014_1_07_06,신의여인,0
20231014,20231014_1_07,20231014_1_07_07,대지의여걸,0
20231014,20231014_1_07,20231014_1_07_08,새터데이,0
20231014,20231014_1_07,20231014_1_07_09,비에스에너지,0
20231014,20231014_1_07,20231014_1_07_10,정우포에버,0
20231014,20231014_1_07,20231014_1_07_11,슈팅리버스,0
20231014,20231014_1_08,20231014_1_08_01,걸작선,0
20231014,20231014_1_08,20231014_1_08_02,라온더찰리,1
20231014,20231014_1_08,20231014_1_08_03,웰빙챔피언,0
20231014,20231014_1_08,20231014_1_08_04,쿠레레쿠스,0
20231014,20231014_1_08,20231014_1_08_05,머니장군,0
20231014,20231014_1_08,20231014_1_08_06,주몽천하,0
20231014,20231014_1_08,20231014_1_08_07,드림케이,0
20231014,20231014_1_08,20231014_1_08_08,글로벌매직,0
20231014,20231014_1_08,20231014_1_08_09,올포유어드림,0
20231014,20231014_1_08,20231014_1_08_10,아라챔프,0
20231014,20231014_1_08,20231014_1_08_11,마이티쎈,0
20231014,20231014_1_09,20231014_1_09_01,굿해피,0
20231014,20231014_1_09,20231014_1_09_02,아메리카골드,1
20231014,20231014_1_09,20231014_1_09_03,파워풀화성,0
20231014,20231014_1_09,20231014_1_09_04,돌격앞으로,0
20231014,20231014_1_09,20231014_1_09_05,럭키하눌,0
20231014,20231014_1_09,20231014_1_09_06,글로벌선,0
20231014,20231014_1_09,20231014_1_09_07,쏘아라투투,0
20231014,20231014_1_09,20231014_1_09_08,강한퀸,0
20231014,20231014_1_09,20231014_1_09_09,아르고공주,0
20231014,20231014_1_09,20231014_1_09_10,절대가치,0
20231014,20231014_1_09,20231014_1_09_11,캠프세이버,0
20231014,20231014_1_10,20231014_1_10_01,영영삭스,0
20231014,20231014_1_10,20231014_1_10_02,스프링꿈,0
20231014,20231014_1_10,20231014_1_10_03,케이엔라이트,0
20231014,20231014_1_10,20231014_1_10_04,더퀸저스티스,0
20231014,20231014_1_10,20231014_1_10_05,아르고스마일,1
20231014,20231014_1_10,20231014_1_10_06,새내타운,0
20231014,20231014_1_10,20231014_1_10_07,빅야크,0
20231014,20231014_1_10,20231014_1_10_08,춘산,0
20231014,20231014_1_11,20231014_1_11_02,스피돔,0
20231014,20231014_1_11,20231014_1_11_03,라온더골드,1
20231014,20231014_1_11,20231014_1_11_04,싱싱메리,0
20231014,20231014_1_11,20231014_1_11_05,검포,0
20231014,20231014_1_11,20231014_1_11_06,장산포이즌,0
20231014,20231014_1_11,20231014_1_11_07,파이어걸,0
20231014,20231014_1_11,20231014_1_11_08,소베라니아,0
20231015,20231015_1_01,20231015_1_01_01,학산루루,0
20231015,20231015_1_01,20231015_1_01_02,스터닝스카이,0
20231015,20231015_1_01,20231015_1_01_03,마이칸,0
20231015,20231015_1_01,20231015_1_01_04,클레어골드,0
20231015,20231015_1_01,20231015_1_01_05,내길의위너,0
20231015,20231015_1_01,20231015_1_01_06,천마불패,0
20231015,20231015_1_01,20231015_1_01_07,퍼펙트티아라,0
20231015,20231015_1_01,20231015_1_01_08,레전드선,1
20231015,20231015_1_02,20231015_1_02_01,금세,0
20231015,20231015_1_02,20231015_1_02_02,트리스탄왕자,0
20231015,20231015_1_02,20231015_1_02_03,성실영웅,0
20231015,20231015_1_02,20231015_1_02_04,나이스태양,1
20231015,20231015_1_02,20231015_1_02_05,학산대세,0
20231015,20231015_1_02,20231015_1_02_06,미스파이널,0
20231015,20231015_1_02,20231015_1_02_07,히어로챔프,0
20231015,20231015_1_02,20231015_1_02_08,스터닝서브,0
20231015,20231015_1_03,20231015_1_03_01,금악명장,0
20231015,20231015_1_03,20231015_1_03_02,갈색도전자,0
20231015,20231015_1_03,20231015_1_03_03,최강타임,0
20231015,20231015_1_03,20231015_1_03_04,파사루봉,0
20231015,20231015_1_03,20231015_1_03_05,엑설런트탄,0
20231015,20231015_1_03,20231015_1_03_06,정성타이거,0
20231015,20231015_1_03,20231015_1_03_07,핑크윈드,0
20231015,20231015_1_03,20231015_1_03_08,라온탑플레이,0
20231015,20231015_1_03,20231015_1_03_09,에덴의동쪽,0
20231015,20231015_1_03,20231015_1_03_10,드론킬러,1
20231015,20231015_1_03,20231015_1_03_11,사하라몬드,0
20231015,20231015_1_03,20231015_1_03_12,플라잉라이언,0
20231015,20231015_1_04,20231015_1_04_01,모닝파이브,0
20231015,20231015_1_04,20231015_1_04_02,행복여왕,0
20231015,20231015_1_04,20231015_1_04_03,트라움킹,0
20231015,20231015_1_04,20231015_1_04_04,콰이어트참,0
20231015,20231015_1_04,20231015_1_04_05,골드마이티,0
20231015,20231015_1_04,20231015_1_04_06,플라잉카라반,0
20231015,20231015_1_04,20231015_1_04_07,드림플레이,1
20231015,20231015_1_04,20231015_1_04_08,정문파파고,0
20231015,20231015_1_04,20231015_1_04_09,메이드스타,0
20231015,20231015_1_04,20231015_1_04_10,문더스트,0
20231015,20231015_1_04,20231015_1_04_11,멋진강호,0
20231015,20231015_1_05,20231015_1_05_01,실버부스터,0
20231015,20231015_1_05,20231015_1_05_02,라온더맨,0
20231015,20231015_1_05,20231015_1_05_03,세광파이터,1
20231015,20231015_1_05,20231015_1_05_04,검이불루,0
20231015,20231015_1_05,20231015_1_05_05,티아모,0
20231015,20231015_1_05,20231015_1_05_06,아만바로우즈,0
20231015,20231015_1_05,20231015_1_05_07,피지블레이드,0
20231015,20231015_1_05,20231015_1_05_08,쇠와꽃,0
20231015,20231015_1_05,20231015_1_05_09,승리의영혼,0
20231015,20231015_1_05,20231015_1_05_10,달맞이,0
20231015,20231015_1_05,20231015_1_05_11,런던퀸,0
20231015,20231015_1_06,20231015_1_06_01,봄날의기억,0
20231015,20231015_1_06,20231015_1_06_02,럭키선,1
20231015,20231015_1_06,20231015_1_06_03,화씨벽,0
20231015,20231015_1_06,20231015_1_06_04,희망챔프,0
20231015,20231015_1_06,20231015_1_06_05,플라잉풀문,0
20231015,20231015_1_06,20231015_1_06_06,우루스퀸,0
20231015,20231015_1_06,20231015_1_06_07,금성시대,0
20231015,20231015_1_06,20231015_1_06_08,강풍마,0
20231015,20231015_1_06,20231015_1_06_09,선더호스,0
20231015,20231015_1_06,20231015_1_06_10,스페셜타임,0
20231015,20231015_1_07,20231015_1_07_01,늘가을,1
20231015,20231015_1_07,20231015_1_07_02,왈가닥,0
20231015,20231015_1_07,20231015_1_07_03,록파이터,0
20231015,20231015_1_07,20231015_1_07_04,더트서퍼,0
20231015,20231015_1_07,20231015_1_07_05,호크프린스,0
20231015,20231015_1_07,20231015_1_07_06,그린실드,0
20231015,20231015_1_07,20231015_1_07_07,나인아이,0
20231015,20231015_1_07,20231015_1_07_08,운외창천,0
20231015,20231015_1_07,20231015_1_07_09,원더풀타이쿤,0
20231015,20231015_1_07,20231015_1_07_10,원더풀조이,0
20231015,20231015_1_07,20231015_1_07_11,아델머스탱,0
20231015,20231015_1_08,20231015_1_08_01,[부산경남]투혼의반석,0
20231015,20231015_1_08,20231015_1_08_02,[부산경남]무등산,0
20231015,20231015_1_08,20231015_1_08_03,[부산경남]석세스마초,0
20231015,20231015_1_08,20231015_1_08_04,메니히어로,0
20231015,20231015_1_08,20231015_1_08_05,더검푸,0
20231015,20231015_1_08,20231015_1_08_06,빅스고,0
20231015,20231015_1_08,20231015_1_08_07,[부산경남]위너스맨,1
20231015,20231015_1_08,20231015_1_08_08,행복왕자,0
20231015,20231015_1_08,20231015_1_08_09,마이티후,0
20231015,20231015_1_08,20231015_1_08_10,심장의고동,0
20231015,20231015_1_09,20231015_1_09_01,네모프린스,0
20231015,20231015_1_09,20231015_1_09_02,은성마루,0
20231015,20231015_1_09,20231015_1_09_03,단디,0
20231015,20231015_1_09,20231015_1_09_04,킹다이아,0
20231015,20231015_1_09,20231015_1_09_05,큐피드비상,0
20231015,20231015_1_09,20231015_1_09_06,우주의봄,0
20231015,20231015_1_09,20231015_1_09_07,별빛마루,0
20231015,20231015_1_09,20231015_1_09_08,아너로즈,0
20231015,20231015_1_09,20231015_1_09_09,아마존킹,0
20231015,20231015_1_09,20231015_1_09_10,나올천지,0
20231015,20231015_1_09,20231015_1_09_11,카우보이탱고,1
20231015,20231015_1_10,20231015_1_10_01,질주본,0
20231015,20231015_1_10,20231015_1_10_02,최강블레이드,0
20231015,20231015_1_10,20231015_1_10_03,라누트,0
20231015,20231015_1_10,20231015_1_10_04,마이티룩,1
20231015,20231015_1_10,20231015_1_10_05,야호골든캣,0
20231015,20231015_1_10,20231015_1_10_06,선더타임,0
20231015,20231015_1_10,20231015_1_10_07,트로팅라일리,0
20231015,20231015_1_10,20231015_1_10_08,문학보스,0
20231015,20231015_1_11,20231015_1_11_01,와일드삭스,0
20231015,20231015_1_11,20231015_1_11_02,국대클래스,0
20231015,20231015_1_11,20231015_1_11_03,엠제이베스트,0
20231015,20231015_1_11,20231015_1_11_04,카우보이킹,1
20231015,20231015_1_11,20231015_1_11_05,신한특송,0
20231015,20231015_1_11,20231015_1_11_06,아이스스타,0
20231015,20231015_1_11,20231015_1_11_07,슈퍼피니시,0
20231015,20231015_1_11,20231015_1_11_08,다프네,0
20231015,20231015_1_11,20231015_1_11_09,성실머니,0
20231015,20231015_1_11,20231015_1_11_10,라온더하이맨,0
20231015,20231015_1_11,20231015_1_11_11,화이트퀸,0
20231021,20231021_1_01,20231021_1_01_01,큐피드드림,0
20231021,20231021_1_01,20231021_1_01_02,호명퀸,0
20231021,20231021_1_01,20231021_1_01_03,엑설런트퀸,1
20231021,20231021_1_01,20231021_1_01_04,플라잉럭키,0
20231021,20231021_1_01,20231021_1_01_05,다나은렉스,0
20231021,20231021_1_01,20231021_1_01_06,케레르,0
20231021,20231021_1_01,20231021_1_01_07,초코뷰티,0
20231021,20231021_1_01,20231021_1_01_08,피엔에스파,0
20231021,20231021_1_01,20231021_1_01_09,천마평정,0
20231021,20231021_1_01,20231021_1_01_11,산삼은함양,0
20231021,20231021_1_01,20231021_1_01_12,라온더시대,0
20231021,20231021_1_02,20231021_1_02_01,몬탁챗,0
20231021,20231021_1_02,20231021_1_02_02,관악산타이거,1
20231021,20231021_1_02,20231021_1_02_03,논스톱드림,0
20231021,20231021_1_02,20231021_1_02_04,달콩,0
20231021,20231021_1_02,20231021_1_02_05,드림아일,0
20231021,20231021_1_02,20231021_1_02_06,이스트웨스트,0
20231021,20231021_1_02,20231021_1_02_07,락시,0
20231021,20231021_1_02,20231021_1_02_08,우왕륭,0
20231021,20231021_1_02,20231021_1_02_09,새파랑,0
20231021,20231021_1_03,20231021_1_03_01,왈츠의여왕,0
20231021,20231021_1_03,20231021_1_03_02,나라올라,0
20231021,20231021_1_03,20231021_1_03_03,걸작스카이,1
20231021,20231021_1_03,20231021_1_03_04,천구챗,0
20231021,20231021_1_03,20231021_1_03_05,모닝볼드,0
20231021,20231021_1_03,20231021_1_03_06,강철드래곤,0
20231021,20231021_1_03,20231021_1_03_07,선갤런트,0
20231021,20231021_1_03,20231021_1_03_08,한강글로리,0
20231021,20231021_1_03,20231021_1_03_09,흥행불패,0
20231021,20231021_1_03,20231021_1_03_10,머니터치,0
20231021,20231021_1_03,20231021_1_03_11,명진불패,0
20231021,20231021_1_03,20231021_1_03_12,아스트라이아,0
20231021,20231021_1_04,20231021_1_04_01,검의전설,0
20231021,20231021_1_04,20231021_1_04_02,크로마이트,0
20231021,20231021_1_04,20231021_1_04_03,바로챔피언,1
20231021,20231021_1_04,20231021_1_04_04,금성탈환,0
20231021,20231021_1_04,20231021_1_04_05,샤프선샤인,0
20231021,20231021_1_04,20231021_1_04_06,위즈러버,0
20231021,20231021_1_04,20231021_1_04_07,테마탄생,0
20231021,20231021_1_04,20231021_1_04_08,파워에치드,0
20231021,20231021_1_04,20231021_1_04_09,슛업스파크,0
20231021,20231021_1_04,20231021_1_04_10,벨비티,0
20231021,20231021_1_04,20231021_1_04_11,누리데이,0
20231021,20231021_1_05,20231021_1_05_01,투아레그나인,0
20231021,20231021_1_05,20231021_1_05_02,마구마,1
20231021,20231021_1_05,20231021_1_05_03,오키티데이,0
20231021,20231021_1_05,20231021_1_05_04,원평스카이,0
20231021,20231021_1_05,20231021_1_05_05,에클레어스타,0
20231021,20231021_1_05,20231021_1_05_06,에버더크라운,0
20231021,20231021_1_05,20231021_1_05_07,퍼스트슈,0
20231021,20231021_1_05,20231021_1_05_08,그루퍼,0
20231021,20231021_1_05,20231021_1_05_09,밴프,0
20231021,20231021_1_05,20231021_1_05_10,용비천,0
20231021,20231021_1_05,20231021_1_05_11,로켓나라,0
20231021,20231021_1_06,20231021_1_06_01,미스하이플라이,0
20231021,20231021_1_06,20231021_1_06_02,쌍옥루,0
20231021,20231021_1_06,20231021_1_06_03,피엔에스더킹,0
20231021,20231021_1_06,20231021_1_06_04,비야리카,0
20231021,20231021_1_06,20231021_1_06_05,바람의검,1
20231021,20231021_1_06,20231021_1_06_06,디바인퓨처즈,0
20231021,20231021_1_06,20231021_1_06_07,열정아르고,0
20231021,20231021_1_06,20231021_1_06_08,원더풀폭스,0
20231021,20231021_1_06,20231021_1_06_09,위즈업,0
20231021,20231021_1_06,20231021_1_06_10,럭셔리킹,0
20231021,20231021_1_06,20231021_1_06_11,빅에너지,0
20231021,20231021_1_07,20231021_1_07_01,코스모런,0
20231021,20231021_1_07,20231021_1_07_02,아치클래스,0
20231021,20231021_1_07,20231021_1_07_03,드림스카이,0
20231021,20231021_1_07,20231021_1_07_04,퍼스트유저,0
20231021,20231021_1_07,20231021_1_07_05,쏘아라미미,0
20231021,20231021_1_07,20231021_1_07_06,퀸톱,1
20231021,20231021_1_07,20231021_1_07_07,아치러너,0
20231021,20231021_1_07,20231021_1_07_08,브이퀸,0
20231021,20231021_1_07,20231021_1_07_09,원더풀파고,0
20231021,20231021_1_07,20231021_1_07_10,히어로퀸,0
20231021,20231021_1_07,20231021_1_07_11,큐피드챔프,0
20231021,20231021_1_08,20231021_1_08_01,새내파워풀,0
20231021,20231021_1_08,20231021_1_08_02,나의나라,0
20231021,20231021_1_08,20231021_1_08_03,은혜충만,0
20231021,20231021_1_08,20231021_1_08_04,서브에이스,0
20231021,20231021_1_08,20231021_1_08_06,머스탱파워,1
20231021,20231021_1_08,20231021_1_08_07,정상제트,0
20231021,20231021_1_08,20231021_1_08_08,비제이스톰,0
20231021,20231021_1_08,20231021_1_08_09,에스아이코코,0
20231021,20231021_1_08,20231021_1_08_10,한강보스,0
20231021,20231021_1_09,20231021_1_09_01,은파챔피언,1
20231021,20231021_1_09,20231021_1_09_02,천마챗,0
20231021,20231021_1_09,20231021_1_09_03,다이아파워캣,0
20231021,20231021_1_09,20231021_1_09_04,경부도령,0
20231021,20231021_1_09,20231021_1_09_05,머니가락,0
20231021,20231021_1_09,20231021_1_09_06,럭키파워,0
20231021,20231021_1_09,20231021_1_09_07,피어리스,0
20231021,20231021_1_09,20231021_1_09_08,걸작드림,0
20231021,20231021_1_09,20231021_1_09_09,유니콘히트,0
20231021,20231021_1_09,20231021_1_09_10,블루레몬,0
20231021,20231021_1_10,20231021_1_10_01,클레어베스트,1
20231021,20231021_1_10,20231021_1_10_02,은파마운틴,0
20231021,20231021_1_10,20231021_1_10_03,굿니센,0
20231021,20231021_1_10,20231021_1_10_04,텐배거,0
20231021,20231021_1_10,20231021_1_10_05,킹스아이,0
20231021,20231021_1_10,20231021_1_10_06,몬스터파워,0
20231021,20231021_1_10,20231021_1_10_07,탱자,0
20231021,20231021_1_10,20231021_1_10_08,오키드밸리,0
20231021,20231021_1_10,20231021_1_10_09,천둥세자,0
20231021,20231021_1_10,20231021_1_10_10,언패럴렐드,0
20231021,20231021_1_11,20231021_1_11_01,대세만세,0
20231021,20231021_1_11,20231021_1_11_02,큐피드워리어,0
20231021,20231021_1_11,20231021_1_11_03,엔딩파이어,0
20231021,20231021_1_11,20231021_1_11_04,포트스원,0
20231021,20231021_1_11,20231021_1_11_05,바람의향기,0
20231021,20231021_1_11,20231021_1_11_06,그린백,0
20231021,20231021_1_11,20231021_1_11_07,슈퍼군황,0
20231021,20231021_1_11,20231021_1_11_08,아로마,0
20231021,20231021_1_11,20231021_1_11_09,특급대로,1
20231021,20231021_1_11,20231021_1_11_10,빅토리히트,0
20231021,20231021_1_11,20231021_1_11_11,원평킬라,0
20231022,20231022_1_01,20231022_1_01_01,위즈러너,0
20231022,20231022_1_01,20231022_1_01_02,파워군주,0
20231022,20231022_1_01,20231022_1_01_03,우와륭,1
20231022,20231022_1_01,20231022_1_01_04,아이언볼트,0
20231022,20231022_1_01,20231022_1_01_05,올룩,0
20231022,20231022_1_01,20231022_1_01_06,트라움퀸,0
20231022,20231022_1_01,20231022_1_01_07,기분좋은말,0
20231022,20231022_1_01,20231022_1_01_08,럭키붐,0
20231022,20231022_1_01,20231022_1_01_09,벨록스보이,0
20231022,20231022_1_01,20231022_1_01_10,오라칸,0
20231022,20231022_1_02,20231022_1_02_01,영원자이언트,0
20231022,20231022_1_02,20231022_1_02_02,크레이지창,0
20231022,20231022_1_02,20231022_1_02_03,내길의킹,0
20231022,20231022_1_02,20231022_1_02_04,럭키파티,0
20231022,20231022_1_02,20231022_1_02_05,원더풀시킹,0
20231022,20231022_1_02,20231022_1_02_06,서울최강자,0
20231022,20231022_1_02,20231022_1_02_07,일링크스,0
20231022,20231022_1_02,20231022_1_02_08,내길의영광,0
20231022,20231022_1_02,20231022_1_02_09,퍼지킹,1
20231022,20231022_1_02,20231022_1_02_10,마루별,0
20231022,20231022_1_02,20231022_1_02_11,스터닝머니,0
20231022,20231022_1_03,20231022_1_03_01,선더여걸,0
20231022,20231022_1_03,20231022_1_03_02,은파사랑,1
20231022,20231022_1_03,20231022_1_03_03,골든라인,0
20231022,20231022_1_03,20231022_1_03_04,천행챗,0
20231022,20231022_1_03,20231022_1_03_05,미래타워,0
20231022,20231022_1_03,20231022_1_03_06,루비포트,0
20231022,20231022_1_03,20231022_1_03_07,동진특급,0
20231022,20231022_1_03,20231022_1_03_08,그린디어,0
20231022,20231022_1_03,20231022_1_03_09,오송의별,0
20231022,20231022_1_03,20231022_1_03_10,선더에이원,0
20231022,20231022_1_03,20231022_1_03_11,원평강자,0
20231022,20231022_1_03,20231022_1_03_12,성실여걸,0
20231022,20231022_1_04,20231022_1_04_01,문학센트럴,0
20231022,20231022_1_04,20231022_1_04_02,젤로스,0
20231022,20231022_1_04,20231022_1_04_03,골든드래곤,0
20231022,20231022_1_04,20231022_1_04_04,동행퍼스트,0
20231022,20231022_1_04,20231022_1_04_05,다온디,0
20231022,20231022_1_04,20231022_1_04_06,퍼펙트타임,0
20231022,20231022_1_04,20231022_1_04_07,마이센터,1
20231022,20231022_1_04,20231022_1_04_08,황우강자,0
20231022,20231022_1_04,20231022_1_04_09,스프링워터,0
20231022,20231022_1_04,20231022_1_04_10,베스트클론,0
20231022,20231022_1_04,20231022_1_04_11,천은총,0
20231022,20231022_1_05,20231022_1_05_01,제축이호,0
20231022,20231022_1_05,20231022_1_05_02,레몬블레이드,0
20231022,20231022_1_05,20231022_1_05_03,문학이글,0
20231022,20231022_1_05,20231022_1_05_04,파티파워,0
20231022,20231022_1_05,20231022_1_05_05,네버어게인,0
20231022,20231022_1_05,20231022_1_05_06,스마트별,0
20231022,20231022_1_05,20231022_1_05_07,너를응원해,0
20231022,20231022_1_05,20231022_1_05_08,빛의카,1
20231022,20231022_1_05,20231022_1_05_09,신의여제,0
20231022,20231022_1_05,20231022_1_05_10,큐피드시크,0
20231022,20231022_1_05,20231022_1_05_11,라온더탑,0
20231022,20231022_1_06,20231022_1_06_01,송암드래건,1
20231022,20231022_1_06,20231022_1_06_02,마파람,0
20231022,20231022_1_06,20231022_1_06_03,마에스트로,0
20231022,20231022_1_06,20231022_1_06_04,머니스톤,0
20231022,20231022_1_06,20231022_1_06_05,송암스카이,0
20231022,20231022_1_06,20231022_1_06_06,스타러시,0
20231022,20231022_1_06,20231022_1_06_08,원더풀남촌,0
20231022,20231022_1_06,20231022_1_06_09,실버퍼지,0
20231022,20231022_1_06,20231022_1_06_10,도끼드래곤,0
20231022,20231022_1_06,20231022_1_06_11,내길의별,0
20231022,20231022_1_07,20231022_1_07_01,금성세계,0
20231022,20231022_1_07,20231022_1_07_02,라이오넷,0
20231022,20231022_1_07,20231022_1_07_03,블루인디,0
20231022,20231022_1_07,20231022_1_07_04,옥천최강,0
20231022,20231022_1_07,20231022_1_07_05,제타마스터,0
20231022,20231022_1_07,20231022_1_07_06,플라잉라이트,0
20231022,20231022_1_07,20231022_1_07_07,로열태리,0
20231022,20231022_1_07,20231022_1_07_08,문학어플리트,1
20231022,20231022_1_07,20231022_1_07_09,어메이징위즈,0
20231022,20231022_1_08,20231022_1_08_01,런던스카이,0
20231022,20231022_1_08,20231022_1_08_02,파워풀삭스,0
20231022,20231022_1_08,20231022_1_08_03,파인캠프,0
20231022,20231022_1_08,20231022_1_08_04,이다나은,0
20231022,20231022_1_08,20231022_1_08_05,히든브레인,0
20231022,20231022_1_08,20231022_1_08_06,어서와,0
20231022,20231022_1_08,20231022_1_08_07,드림여왕,0
20231022,20231022_1_08,20231022_1_08_08,하이퍼카,0
20231022,20231022_1_08,20231022_1_08_09,아르고리치,0
20231022,20231022_1_08,20231022_1_08_10,폴인러브,1
20231022,20231022_1_08,20231022_1_08_11,플라이데이,0
20231022,20231022_1_09,20231022_1_09_01,거센돌풍,0
20231022,20231022_1_09,20231022_1_09_02,유정챔프,0
20231022,20231022_1_09,20231022_1_09_03,글로벌강타,0
20231022,20231022_1_09,20231022_1_09_04,베스트천상,1
20231022,20231022_1_09,20231022_1_09_05,부스터로켓,0
20231022,20231022_1_09,20231022_1_09_06,컴플리트엔젤,0
20231022,20231022_1_09,20231022_1_09_07,블랙초콜릿,0
20231022,20231022_1_09,20231022_1_09_08,금빛마,0
20231022,20231022_1_09,20231022_1_09_10,새내퀸,0
20231022,20231022_1_09,20231022_1_09_11,제다이,0
20231022,20231022_1_10,20231022_1_10_01,퀵실버키튼,0
20231022,20231022_1_10,20231022_1_10_02,원평코드,0
20231022,20231022_1_10,20231022_1_10_03,원더풀인디,0
20231022,20231022_1_10,20231022_1_10_04,문학태핏,0
20231022,20231022_1_10,20231022_1_10_05,논스톱기상,0
20231022,20231022_1_10,20231022_1_10_06,마이티굿,1
20231022,20231022_1_10,20231022_1_10_07,콩코드스퍼트,0
20231022,20231022_1_10,20231022_1_10_08,위너블루,0
20231022,20231022_1_10,20231022_1_10_09,럭키훈,0
20231022,20231022_1_10,20231022_1_10_10,심플스타일,0
20231022,20231022_1_10,20231022_1_10_11,미스양호,0
20231022,20231022_1_11,20231022_1_11_01,발베니,0
20231022,20231022_1_11,20231022_1_11_02,빅터문,0
20231022,20231022_1_11,20231022_1_11_03,코브라볼,0
20231022,20231022_1_11,20231022_1_11_04,바이스로이,0
20231022,20231022_1_11,20231022_1_11_05,조이브라더,0
20231022,20231022_1_11,20231022_1_11_06,레전드데이,0
20231022,20231022_1_11,20231022_1_11_07,장산클리어,0
20231022,20231022_1_11,20231022_1_11_08,용암보스,0
20231022,20231022_1_11,20231022_1_11_09,노던타임,0
20231022,20231022_1_11,20231022_1_11_10,마이티뉴,1
20231022,20231022_1_11,20231022_1_11_11,장산바다,0
20231028,20231028_1_01,20231028_1_01_01,논스톱플레이,0
20231028,20231028_1_01,20231028_1_01_02,비카나르마,0
20231028,20231028_1_01,20231028_1_01_03,블랙벨트,0
20231028,20231028_1_01,20231028_1_01_04,금악다이아,0
20231028,20231028_1_01,20231028_1_01_05,베스트킹덤,0
20231028,20231028_1_01,20231028_1_01_06,골드베르크,0
20231028,20231028_1_01,20231028_1_01_07,풍운지마,1
20231028,20231028_1_01,20231028_1_01_08,강철파워,0
20231028,20231028_1_01,20231028_1_01_09,글로벌코어,0
20231028,20231028_1_01,20231028_1_01_10,선샤인퀸,0
20231028,20231028_1_01,20231028_1_01_11,아씨장군,0
20231028,20231028_1_02,20231028_1_02_01,장군마루,0
20231028,20231028_1_02,20231028_1_02_02,선라이즈고,0
20231028,20231028_1_02,20231028_1_02_03,큐피드미르,0
20231028,20231028_1_02,20231028_1_02_04,원평누리,0
20231028,20231028_1_02,20231028_1_02_05,왕초,0
20231028,20231028_1_02,20231028_1_02_06,초강불패,0
20231028,20231028_1_02,20231028_1_02_07,자이언트포스,0
20231028,20231028_1_02,20231028_1_02_08,아놀드퀸,0
20231028,20231028_1_02,20231028_1_02_09,삼애번쩍,0
20231028,20231028_1_02,20231028_1_02_10,명성축제,1
20231028,20231028_1_02,20231028_1_02_11,나이트참,0
20231028,20231028_1_02,20231028_1_02_12,라온히트맨,0
20231028,20231028_1_03,20231028_1_03_01,큐피드라이즈,0
20231028,20231028_1_03,20231028_1_03_03,세이렌,0
20231028,20231028_1_03,20231028_1_03_04,캡처,0
20231028,20231028_1_03,20231028_1_03_05,제라퀸,0
20231028,20231028_1_03,20231028_1_03_06,함평장미,0
20231028,20231028_1_03,20231028_1_03_07,오푸스퍼플,0
20231028,20231028_1_03,20231028_1_03_08,차돌다이아,1
20231028,20231028_1_03,20231028_1_03_09,스타체인저,0
20231028,20231028_1_04,20231028_1_04_01,성실핑크,0
20231028,20231028_1_04,20231028_1_04_02,대물삭스,0
20231028,20231028_1_04,20231028_1_04_03,코스모킹,0
20231028,20231028_1_04,20231028_1_04_04,투에이스,0
20231028,20231028_1_04,20231028_1_04_05,탱글이,0
20231028,20231028_1_04,20231028_1_04_06,브라이트위너,0
20231028,20231028_1_04,20231028_1_04_07,거문,0
20231028,20231028_1_04,20231028_1_04_08,베트캡틴,1
20231028,20231028_1_04,20231028_1_04_09,마하여제,0
20231028,20231028_1_04,20231028_1_04_10,메니샤크,0
20231028,20231028_1_04,20231028_1_04_11,테스조이,0
20231028,20231028_1_05,20231028_1_05_01,용비퀸,0
20231028,20231028_1_05,20231028_1_05_02,제이에스파티,0
20231028,20231028_1_05,20231028_1_05_03,하트시그널,0
20231028,20231028_1_05,20231028_1_05_04,마이티렘,0
20231028,20231028_1_05,20231028_1_05_05,정상히트,0
20231028,20231028_1_05,20231028_1_05_06,캐츠우먼,0
20231028,20231028_1_05,20231028_1_05_07,스카이텐,0
20231028,20231028_1_05,20231028_1_05_08,골든플라잉,0
20231028,20231028_1_05,20231028_1_05_09,제로백포,0
20231028,20231028_1_05,20231028_1_05_10,찰나질주,1
20231028,20231028_1_05,20231028_1_05_11,넥스트레벨,0
20231028,20231028_1_06,20231028_1_06_01,금아스테디,0
20231028,20231028_1_06,20231028_1_06_02,해피나이스,0
20231028,20231028_1_06,20231028_1_06_03,원더풀티지,0
20231028,20231028_1_06,20231028_1_06_04,고스트참,0
20231028,20231028_1_06,20231028_1_06_05,항구스타,0
20231028,20231028_1_06,20231028_1_06_06,보스베이비,0
20231028,20231028_1_06,20231028_1_06_07,그린필스타,0
20231028,20231028_1_06,20231028_1_06_08,스마트블루,0
20231028,20231028_1_06,20231028_1_06_09,펀크레이지,0
20231028,20231028_1_06,20231028_1_06_10,시크릿왕자,1
20231028,20231028_1_06,20231028_1_06_11,리치게이트,0
20231028,20231028_1_07,20231028_1_07_01,에펠탑,0
20231028,20231028_1_07,20231028_1_07_02,컴플리트리더,0
20231028,20231028_1_07,20231028_1_07_03,클라우터,0
20231028,20231028_1_07,20231028_1_07_04,킹고태양,1
20231028,20231028_1_07,20231028_1_07_05,채플프린세스,0
20231028,20231028_1_07,20231028_1_07_06,아름다운사이,0
20231028,20231028_1_07,20231028_1_07_07,무장,0
20231028,20231028_1_07,20231028_1_07_08,글로벌진격,0
20231028,20231028_1_07,20231028_1_07_09,에이스티아라,0
20231028,20231028_1_07,20231028_1_07_10,사랑다모아,0
20231028,20231028_1_07,20231028_1_07_11,브라보한센,0
20231028,20231028_1_08,20231028_1_08_01,퍼플윙크,0
20231028,20231028_1_08,20231028_1_08_02,불패블레이드,0
20231028,20231028_1_08,20231028_1_08_03,아가판서스,0
20231028,20231028_1_08,20231028_1_08_04,휘파람,0
20231028,20231028_1_08,20231028_1_08_05,씽씽씽,0
20231028,20231028_1_08,20231028_1_08_06,큐피드보우,0
20231028,20231028_1_08,20231028_1_08_07,럭키바운스,0
20231028,20231028_1_08,20231028_1_08_08,라온티모스,1
20231028,20231028_1_08,20231028_1_08_10,용천지상,0
20231028,20231028_1_08,20231028_1_08_11,마이선더,0
20231028,20231028_1_09,20231028_1_09_01,미르포인트,0
20231028,20231028_1_09,20231028_1_09_02,나올영웅,0
20231028,20231028_1_09,20231028_1_09_03,컴플리트포스,0
20231028,20231028_1_09,20231028_1_09_04,초인강자,0
20231028,20231028_1_09,20231028_1_09_05,히어로사랑,1
20231028,20231028_1_09,20231028_1_09_06,원평퀸,0
20231028,20231028_1_09,20231028_1_09_07,황금꽃,0
20231028,20231028_1_09,20231028_1_09_08,엑톤질주,0
20231028,20231028_1_09,20231028_1_09_09,샤인온미,0
20231028,20231028_1_09,20231028_1_09_10,라온더위켄드,0
20231028,20231028_1_09,20231028_1_09_11,랠리퀸,0
20231028,20231028_1_10,20231028_1_10_01,천둥호랑이,0
20231028,20231028_1_10,20231028_1_10_02,스틸플레이,0
20231028,20231028_1_10,20231028_1_10_03,금성맨,0
20231028,20231028_1_10,20231028_1_10_04,땡큐대천,1
20231028,20231028_1_10,20231028_1_10_05,기쁨환호,0
20231028,20231028_1_10,20231028_1_10_06,그린폭주,0
20231028,20231028_1_10,20231028_1_10_07,에이스군주,0
20231028,20231028_1_10,20231028_1_10_08,파인팜,0
20231028,20231028_1_10,20231028_1_10_09,메니원더풀,0
20231028,20231028_1_10,20231028_1_10_10,머니크라운,0
20231028,20231028_1_10,20231028_1_10_11,위대한군주,0
20231028,20231028_1_11,20231028_1_11_01,킹에이스,0
20231028,20231028_1_11,20231028_1_11_02,업타운위즈,0
20231028,20231028_1_11,20231028_1_11_03,럭셔리캡틴,0
20231028,20231028_1_11,20231028_1_11_04,화이트참,0
20231028,20231028_1_11,20231028_1_11_05,사이먼퀸,1
20231028,20231028_1_11,20231028_1_11_06,만세,0
20231028,20231028_1_11,20231028_1_11_07,에이피파텍,0
20231028,20231028_1_11,20231028_1_11_08,금세다,0
20231028,20231028_1_11,20231028_1_11_09,매직그레이스,0
20231028,20231028_1_11,20231028_1_11_10,청산영웅,0
20231028,20231028_1_11,20231028_1_11_11,퀴클리런,0
20231029,20231029_1_01,20231029_1_01_01,금악진주,0
20231029,20231029_1_01,20231029_1_01_02,분당쓰나미,0
20231029,20231029_1_01,20231029_1_01_03,원더풀웰스,0
20231029,20231029_1_01,20231029_1_01_04,매직스트롱,0
20231029,20231029_1_01,20231029_1_01_05,댄싱강자,0
20231029,20231029_1_01,20231029_1_01_06,물레방아,1
20231029,20231029_1_01,20231029_1_01_07,피엔에스미,0
20231029,20231029_1_01,20231029_1_01_08,용암마렝고,0
20231029,20231029_1_01,20231029_1_01_09,파이널고,0
20231029,20231029_1_01,20231029_1_01_10,필승마,0
20231029,20231029_1_01,20231029_1_01_11,은파파트너,0
20231029,20231029_1_02,20231029_1_02_01,에이스퀸,0
20231029,20231029_1_02,20231029_1_02_02,슈퍼원,0
20231029,20231029_1_02,20231029_1_02_03,백룡,0
20231029,20231029_1_02,20231029_1_02_04,하트케이,0
20231029,20231029_1_02,20231029_1_02_05,페더럴프레스,0
20231029,20231029_1_02,20231029_1_02_06,오스틴리더,1
20231029,20231029_1_02,20231029_1_02_07,아메노,0
20231029,20231029_1_02,20231029_1_02_08,티즈로켓,0
20231029,20231029_1_02,20231029_1_02_09,글로리참,0
20231029,20231029_1_02,20231029_1_02_10,맥스마,0
20231029,20231029_1_02,20231029_1_02_11,샤우트쿠로,0
20231029,20231029_1_03,20231029_1_03_01,멋진기록,0
20231029,20231029_1_03,20231029_1_03_02,용비파워,0
20231029,20231029_1_03,20231029_1_03_03,힐링헤이븐,0
20231029,20231029_1_03,20231029_1_03_04,거센챔프,0
20231029,20231029_1_03,20231029_1_03_05,하이파크,0
20231029,20231029_1_03,20231029_1_03_06,라온더코브라,0
20231029,20231029_1_03,20231029_1_03_07,금전사,1
20231029,20231029_1_03,20231029_1_03_08,한강파워,0
20231029,20231029_1_03,20231029_1_03_09,런던에이스,0
20231029,20231029_1_03,20231029_1_03_10,세명레이디,0
20231029,20231029_1_03,20231029_1_03_11,스마트태양,0
20231029,20231029_1_04,20231029_1_04_01,도리포,1
20231029,20231029_1_04,20231029_1_04_02,스탠바이미,0
20231029,20231029_1_04,20231029_1_04_03,지르콘,0
20231029,20231029_1_04,20231029_1_04_04,럭키크라운,0
20231029,20231029_1_04,20231029_1_04_05,대흥클래스,0
20231029,20231029_1_04,20231029_1_04_06,하이본미,0
20231029,20231029_1_04,20231029_1_04_07,빅블레드,0
20231029,20231029_1_04,20231029_1_04_08,송암아치걸,0
20231029,20231029_1_04,20231029_1_04_09,에코존,0
20231029,20231029_1_04,20231029_1_04_10,찬란한폭풍,0
20231029,20231029_1_04,20231029_1_04_11,글라디우스,0
20231029,20231029_1_05,20231029_1_05_01,담쟁이아르고,0
20231029,20231029_1_05,20231029_1_05_02,스피어골드,0
20231029,20231029_1_05,20231029_1_05_03,원평광야,0
20231029,20231029_1_05,20231029_1_05_04,천리총,0
20231029,20231029_1_05,20231029_1_05_05,라온더대세,0
20231029,20231029_1_05,20231029_1_05_06,원더풀섀도우,0
20231029,20231029_1_05,20231029_1_05_07,아치메모리,0
20231029,20231029_1_05,20231029_1_05_08,행복한승자,1
20231029,20231029_1_05,20231029_1_05_09,위너콜,0
20231029,20231029_1_05,20231029_1_05_10,다운더존,0
20231029,20231029_1_05,20231029_1_05_11,블랙버미,0
20231029,20231029_1_06,20231029_1_06_01,한강질주,0
20231029,20231029_1_06,20231029_1_06_02,은빛돌풍,0
20231029,20231029_1_06,20231029_1_06_03,베스트전사,0
20231029,20231029_1_06,20231029_1_06_04,선더플래시,0
20231029,20231029_1_06,20231029_1_06_05,뉴킹맨,1
20231029,20231029_1_06,20231029_1_06_06,나노메타,0
20231029,20231029_1_06,20231029_1_06_07,올포유어드림,0
20231029,20231029_1_06,20231029_1_06_08,남산러브,0
20231029,20231029_1_06,20231029_1_06_09,다이아키,0
20231029,20231029_1_06,20231029_1_06_10,골드파워,0
20231029,20231029_1_06,20231029_1_06_11,불의꽃,0
20231029,20231029_1_07,20231029_1_07_01,오천복,0
20231029,20231029_1_07,20231029_1_07_02,찬란한날,0
20231029,20231029_1_07,20231029_1_07_03,페더럴킹,0
20231029,20231029_1_07,20231029_1_07_04,영웅대마,0
20231029,20231029_1_07,20231029_1_07_05,빛나는질주,0
20231029,20231029_1_07,20231029_1_07_06,아델머스탱,0
20231029,20231029_1_07,20231029_1_07_08,불의신화,1
20231029,20231029_1_07,20231029_1_07_09,헌터블레이드,0
20231029,20231029_1_08,20231029_1_08_01,불의날개,0
20231029,20231029_1_08,20231029_1_08_02,은혜레코드,0
20231029,20231029_1_08,20231029_1_08_03,고마나루,0
20231029,20231029_1_08,20231029_1_08_04,금아시크,0
20231029,20231029_1_08,20231029_1_08_05,메타블레이드,0
20231029,20231029_1_08,20231029_1_08_06,점순이고,1
20231029,20231029_1_08,20231029_1_08_07,킹심바,0
20231029,20231029_1_08,20231029_1_08_08,로열함성,0
20231029,20231029_1_08,20231029_1_08_09,클럽디,0
20231029,20231029_1_08,20231029_1_08_10,티즈에너지,0
20231029,20231029_1_08,20231029_1_08_11,정상킹덤,0
20231029,20231029_1_09,20231029_1_09_01,해운대갈매기,0
20231029,20231029_1_09,20231029_1_09_02,런던액티브,1
20231029,20231029_1_09,20231029_1_09_03,컴플리트드림,0
20231029,20231029_1_09,20231029_1_09_04,벌교태양,0
20231029,20231029_1_09,20231029_1_09_05,미스찰리,0
20231029,20231029_1_09,20231029_1_09_06,두손챔프,0
20231029,20231029_1_09,20231029_1_09_07,악동아르고,0
20231029,20231029_1_09,20231029_1_09_08,별나라비마,0
20231029,20231029_1_09,20231029_1_09_09,로터스미르,0
20231029,20231029_1_09,20231029_1_09_10,문학홀리데이,0
20231029,20231029_1_09,20231029_1_09_11,트로트퀸,0
20231029,20231029_1_10,20231029_1_10_01,라온더포인트,1
20231029,20231029_1_10,20231029_1_10_02,파르키우스,0
20231029,20231029_1_10,20231029_1_10_03,장비무지개,0
20231029,20231029_1_10,20231029_1_10_04,베스트선,0
20231029,20231029_1_10,20231029_1_10_05,스탈렛,0
20231029,20231029_1_10,20231029_1_10_06,퓨리오사,0
20231029,20231029_1_10,20231029_1_10_07,파워빅토리,0
20231029,20231029_1_10,20231029_1_10_08,메디치울프,0
20231029,20231029_1_10,20231029_1_10_09,디스챌린지,0
20231029,20231029_1_10,20231029_1_10_10,별나라질주,0
20231029,20231029_1_10,20231029_1_10_11,아이엠짱,0
20231029,20231029_1_11,20231029_1_11_01,캡틴브라보,0
20231029,20231029_1_11,20231029_1_11_02,에이스함성,0
20231029,20231029_1_11,20231029_1_11_03,그레이캣,0
20231029,20231029_1_11,20231029_1_11_04,울트라갤럭시,1
20231029,20231029_1_11,20231029_1_11_05,일격필살,0
20231029,20231029_1_11,20231029_1_11_06,금아애크미,0
20231029,20231029_1_11,20231029_1_11_07,옐로우캣,0
20231029,20231029_1_11,20231029_1_11_08,루킹굿,0
20231029,20231029_1_11,20231029_1_11_09,서울탱크,0
20231029,20231029_1_11,20231029_1_11_10,스카이돌풍,0
20231029,20231029_1_11,20231029_1_11_11,별나라신사,0
20231104,20231104_1_01,20231104_1_01_01,서울돌풍,0
20231104,20231104_1_01,20231104_1_01_02,토네르,0
20231104,20231104_1_01,20231104_1_01_03,청량산,0
20231104,20231104_1_01,20231104_1_01_04,그레이트스톰,0
20231104,20231104_1_01,20231104_1_01_05,라온더오로라,0
20231104,20231104_1_01,20231104_1_01_06,스마트클레어,0
20231104,20231104_1_01,20231104_1_01_07,에코포레,0
20231104,20231104_1_01,20231104_1_01_08,은파조이,0
20231104,20231104_1_01,20231104_1_01_09,월드섀넌스,1
20231104,20231104_1_01,20231104_1_01_10,기쁨함성,0
20231104,20231104_1_02,20231104_1_02_01,선더스피드,0
20231104,20231104_1_02,20231104_1_02_02,스팔타,0
20231104,20231104_1_02,20231104_1_02_03,플라잉킹,0
20231104,20231104_1_02,20231104_1_02_04,크로키,0
20231104,20231104_1_02,20231104_1_02_05,글로벌코디,0
20231104,20231104_1_02,20231104_1_02_06,라이트어블루,0
20231104,20231104_1_02,20231104_1_02_07,코리아골드,1
20231104,20231104_1_02,20231104_1_02_08,사이클론스타,0
20231104,20231104_1_02,20231104_1_02_09,맥스골드,0
20231104,20231104_1_02,20231104_1_02_10,서천라이언,0
20231104,20231104_1_03,20231104_1_03_01,클레어골드,0
20231104,20231104_1_03,20231104_1_03_02,테스타루비,0
20231104,20231104_1_03,20231104_1_03_03,라온스파이크,0
20231104,20231104_1_03,20231104_1_03_04,마루별,0
20231104,20231104_1_03,20231104_1_03_05,퀸아비게일,0
20231104,20231104_1_03,20231104_1_03_06,네모스피릿,0
20231104,20231104_1_03,20231104_1_03_07,강철여걸,0
20231104,20231104_1_03,20231104_1_03_08,슛업스파크,0
20231104,20231104_1_03,20231104_1_03_09,프린세스레아,0
20231104,20231104_1_03,20231104_1_03_10,메니참,1
20231104,20231104_1_03,20231104_1_03_11,금악이글,0
20231104,20231104_1_04,20231104_1_04_01,라스트피치,0
20231104,20231104_1_04,20231104_1_04_02,투투선더,0
20231104,20231104_1_04,20231104_1_04_04,반도희망,0
20231104,20231104_1_04,20231104_1_04_05,원더풀스위트,0
20231104,20231104_1_04,20231104_1_04_06,라온점프,0
20231104,20231104_1_04,20231104_1_04_07,거마의기적,0
20231104,20231104_1_04,20231104_1_04_08,라파예트,0
20231104,20231104_1_04,20231104_1_04_09,희망의찬가,1
20231104,20231104_1_04,20231104_1_04_10,제축일호,0
20231104,20231104_1_05,20231104_1_05_01,비에스에너지,0
20231104,20231104_1_05,20231104_1_05_02,인디언의별,0
20231104,20231104_1_05,20231104_1_05_03,스마트캣,0
20231104,20231104_1_05,20231104_1_05_04,스트롱참,0
20231104,20231104_1_05,20231104_1_05_05,일동박수,1
20231104,20231104_1_05,20231104_1_05_06,오래다함께,0
20231104,20231104_1_05,20231104_1_05_07,매직모카신,0
20231104,20231104_1_05,20231104_1_05_08,레전드케이,0
20231104,20231104_1_05,20231104_1_05_09,화이트위치,0
20231104,20231104_1_05,20231104_1_05_10,금빛강호,0
20231104,20231104_1_05,20231104_1_05_11,대장별,0
20231104,20231104_1_06,20231104_1_06_01,비전파워,1
20231104,20231104_1_06,20231104_1_06_02,가나파워,0
20231104,20231104_1_06,20231104_1_06_03,스타트렉,0
20231104,20231104_1_06,20231104_1_06_04,청파의꿈,0
20231104,20231104_1_06,20231104_1_06_05,화산귀환,0
20231104,20231104_1_06,20231104_1_06_06,글로벌찬가,0
20231104,20231104_1_06,20231104_1_06_07,뉴포인트,0
20231104,20231104_1_06,20231104_1_06_08,당찬대보,0
20231104,20231104_1_06,20231104_1_06_09,미라클한강,0
20231104,20231104_1_06,20231104_1_06_10,배다리쾌검,0
20231104,20231104_1_07,20231104_1_07_02,메니스피어,0
20231104,20231104_1_07,20231104_1_07_03,웰빙챔피언,0
20231104,20231104_1_07,20231104_1_07_04,행복한문막,1
20231104,20231104_1_07,20231104_1_07_05,투혼특급,0
20231104,20231104_1_07,20231104_1_07_06,아마존킹,0
20231104,20231104_1_07,20231104_1_07_07,유니콘킹덤,0
20231104,20231104_1_07,20231104_1_07_08,한강히어로,0
20231104,20231104_1_07,20231104_1_07_09,고고스타,0
20231104,20231104_1_08,20231104_1_08_01,남산주몽,0
20231104,20231104_1_08,20231104_1_08_02,울트라드래곤,0
20231104,20231104_1_08,20231104_1_08_03,선포레,0
20231104,20231104_1_08,20231104_1_08_04,돌배,0
20231104,20231104_1_08,20231104_1_08_05,캡틴삼칠이,0
20231104,20231104_1_08,20231104_1_08_06,콩코드퀸,0
20231104,20231104_1_08,20231104_1_08_07,정상에이스,1
20231104,20231104_1_08,20231104_1_08_08,도깨비,0
20231104,20231104_1_08,20231104_1_08_09,장군별,0
20231104,20231104_1_09,20231104_1_09_01,제이에스군주,0
20231104,20231104_1_09,20231104_1_09_02,옥룡,0
20231104,20231104_1_09,20231104_1_09_03,스포블레이드,1
20231104,20231104_1_09,20231104_1_09_04,드림맥스,0
20231104,20231104_1_09,20231104_1_09_05,탑퀄리티,0
20231104,20231104_1_09,20231104_1_09_06,대사리,0
20231104,20231104_1_09,20231104_1_09_07,아침함성,0
20231104,20231104_1_09,20231104_1_09_08,원더풀데블,0
20231104,20231104_1_09,20231104_1_09_09,그레이스퀸,0
20231104,20231104_1_09,20231104_1_09_10,하이하이,0
20231104,20231104_1_10,20231104_1_10_01,홀리데이참,0
20231104,20231104_1_10,20231104_1_10_02,펄포인트,0
20231104,20231104_1_10,20231104_1_10_03,성실인동,1
20231104,20231104_1_10,20231104_1_10_04,시대의명작,0
20231104,20231104_1_10,20231104_1_10_05,김천영웅,0
20231104,20231104_1_10,20231104_1_10_06,화랑투데이,0
20231104,20231104_1_10,20231104_1_10_07,천군,0
20231104,20231104_1_10,20231104_1_10_08,글로벌럭키,0
20231104,20231104_1_11,20231104_1_11_01,은혜드림,0
20231104,20231104_1_11,20231104_1_11_02,제이트로스,0
20231104,20231104_1_11,20231104_1_11_03,은혜,0
20231104,20231104_1_11,20231104_1_11_04,미스터퀄리티,0
20231104,20231104_1_11,20231104_1_11_05,파이널축제,0
20231104,20231104_1_11,20231104_1_11_06,주몽천하,0
20231104,20231104_1_11,20231104_1_11_07,순간터치,1
20231104,20231104_1_11,20231104_1_11_08,대박스타,0
20231104,20231104_1_11,20231104_1_11_09,플라잉풀문,0
20231105,20231105_1_01,20231105_1_01_01,주링스카이,0
20231105,20231105_1_01,20231105_1_01_02,브라이트한센,1
20231105,20231105_1_01,20231105_1_01_03,원더풀패스,0
20231105,20231105_1_01,20231105_1_01_04,심장이널원해,0
20231105,20231105_1_01,20231105_1_01_05,디아나,0
20231105,20231105_1_01,20231105_1_01_06,섀클포인트,0
20231105,20231105_1_01,20231105_1_01_08,원더풀스피릿,0
20231105,20231105_1_01,20231105_1_01_09,네순도르마,0
20231105,20231105_1_01,20231105_1_01_10,참좋은질주,0
20231105,20231105_1_01,20231105_1_01_11,순간의찬스,0
20231105,20231105_1_02,20231105_1_02_01,아치로켓,0
20231105,20231105_1_02,20231105_1_02_02,은성사랑,0
20231105,20231105_1_02,20231105_1_02_03,위너드래건,0
20231105,20231105_1_02,20231105_1_02_04,드림카드,0
20231105,20231105_1_02,20231105_1_02_05,메티스선더,0
20231105,20231105_1_02,20231105_1_02_06,한강레전드,0
20231105,20231105_1_02,20231105_1_02_07,비단주머니,0
20231105,20231105_1_02,20231105_1_02_08,학산마초,0
20231105,20231105_1_02,20231105_1_02_09,지니어스퀸,0
20231105,20231105_1_02,20231105_1_02_10,헤이마마,0
20231105,20231105_1_02,20231105_1_02_11,성실영웅,1
20231105,20231105_1_03,20231105_1_03_01,정상럭키,0
20231105,20231105_1_03,20231105_1_03_02,원더풀우먼,0
20231105,20231105_1_03,20231105_1_03_03,해피플레이,0
20231105,20231105_1_03,20231105_1_03_04,알사이먼,0
20231105,20231105_1_03,20231105_1_03_05,유쾌한사랑,0
20231105,20231105_1_03,20231105_1_03_06,젤로스,0
20231105,20231105_1_03,20231105_1_03_07,스타터,1
20231105,20231105_1_03,20231105_1_03_08,아이스크림,0
20231105,20231105_1_03,20231105_1_03_09,라온시티걸,0
20231105,20231105_1_03,20231105_1_03_10,스마트삭스,0
20231105,20231105_1_03,20231105_1_03_11,태평파이터,0
20231105,20231105_1_04,20231105_1_04_01,올가림,0
20231105,20231105_1_04,20231105_1_04_02,브이퀸,0
20231105,20231105_1_04,20231105_1_04_03,나올스카이,0
20231105,20231105_1_04,20231105_1_04_04,원스피어,0
20231105,20231105_1_04,20231105_1_04_05,탄산,0
20231105,20231105_1_04,20231105_1_04_06,메이드스타,0
20231105,20231105_1_04,20231105_1_04_07,비엔토,1
20231105,20231105_1_04,20231105_1_04_08,아르고무적,0
20231105,20231105_1_04,20231105_1_04_09,피엔에스아이,0
20231105,20231105_1_04,20231105_1_04_10,아인슈페너,0
20231105,20231105_1_04,20231105_1_04_11,차돌런,0
20231105,20231105_1_05,20231105_1_05_01,송암레이서,0
20231105,20231105_1_05,20231105_1_05_02,더플레이어,0
20231105,20231105_1_05,20231105_1_05_03,레드태풍,0
20231105,20231105_1_05,20231105_1_05_04,스톰브레이커,0
20231105,20231105_1_05,20231105_1_05_05,매직위드유,0
20231105,20231105_1_05,20231105_1_05_06,미스터스타,0
20231105,20231105_1_05,20231105_1_05_07,허니펀치,0
20231105,20231105_1_05,20231105_1_05_08,남산무적,0
20231105,20231105_1_05,20231105_1_05_09,마이티탭,1
20231105,20231105_1_05,20231105_1_05_10,태평히어로,0
20231105,20231105_1_05,20231105_1_05_11,베스트선샤인,0
20231105,20231105_1_06,20231105_1_06_01,새벽밴드,0
20231105,20231105_1_06,20231105_1_06_02,성은크라운,0
20231105,20231105_1_06,20231105_1_06_03,원더풀조이,1
20231105,20231105_1_06,20231105_1_06_04,하이그랜드,0
20231105,20231105_1_06,20231105_1_06_05,논스톱선더,0
20231105,20231105_1_06,20231105_1_06_06,금빛천하,0
20231105,20231105_1_06,20231105_1_06_07,블랙건,0
20231105,20231105_1_06,20231105_1_06_08,봄날의기억,0
20231105,20231105_1_06,20231105_1_06_09,퍼펙트건맨,0
20231105,20231105_1_07,20231105_1_07_01,천지광풍,0
20231105,20231105_1_07,20231105_1_07_02,금아얼루어,0
20231105,20231105_1_07,20231105_1_07_03,글로벌영웅,1
20231105,20231105_1_07,20231105_1_07_04,쿨프린세스,0
20231105,20231105_1_07,20231105_1_07_05,문학드림,0
20231105,20231105_1_07,20231105_1_07_06,케이엔라이트,0
20231105,20231105_1_07,20231105_1_07_07,청담탱크,0
20231105,20231105_1_07,20231105_1_07_08,아침동자,0
20231105,20231105_1_07,20231105_1_07_09,센스쟁이,0
20231105,20231105_1_07,20231105_1_07_10,그레이트선더,0
20231105,20231105_1_08,20231105_1_08_01,빈체로카발로,0
20231105,20231105_1_08,20231105_1_08_02,금아모멘터스,0
20231105,20231105_1_08,20231105_1_08_03,스피드원,0
20231105,20231105_1_08,20231105_1_08_04,지구라트,0
20231105,20231105_1_08,20231105_1_08_05,라라케이,1
20231105,20231105_1_08,20231105_1_08_06,브라보플레이,0
20231105,20231105_1_08,20231105_1_08_07,레전드선,0
20231105,20231105_1_08,20231105_1_08_08,스페셜포스,0
20231105,20231105_1_08,20231105_1_08_09,거센반격,0
20231105,20231105_1_08,20231105_1_08_10,금세,0
20231105,20231105_1_08,20231105_1_08_11,세광파이터,0
20231105,20231105_1_08,20231105_1_08_12,플라잉스타,0
20231105,20231105_1_08,20231105_1_08_13,원평리스트,0
20231105,20231105_1_09,20231105_1_09_01,마이티짱,0
20231105,20231105_1_09,20231105_1_09_02,블랙루키,0
20231105,20231105_1_09,20231105_1_09_03,아메리칸포스원,0
20231105,20231105_1_09,20231105_1_09_04,아라모아,0
20231105,20231105_1_09,20231105_1_09_05,불곰마드레,0
20231105,20231105_1_09,20231105_1_09_06,선더드림,1
20231105,20231105_1_09,20231105_1_09_07,걸작최강,0
20231105,20231105_1_09,20231105_1_09_08,오섬나탈리,0
20231105,20231105_1_09,20231105_1_09_09,컴플리트스텝,0
20231105,20231105_1_09,20231105_1_09_10,신의반전,0
20231105,20231105_1_10,20231105_1_10_01,헤이큐피드,0
20231105,20231105_1_10,20231105_1_10_02,자이언트킬링,0
20231105,20231105_1_10,20231105_1_10_03,파이팅대디,0
20231105,20231105_1_10,20231105_1_10_04,터프맨,0
20231105,20231105_1_10,20231105_1_10_05,선드래곤,1
20231105,20231105_1_10,20231105_1_10_06,절대가치,0
20231105,20231105_1_10,20231105_1_10_07,용비서울,0
20231105,20231105_1_10,20231105_1_10_08,대완구,0
20231105,20231105_1_10,20231105_1_10_09,광양으뜸,0
20231105,20231105_1_10,20231105_1_10_10,유쾌한날들,0
20231105,20231105_1_10,20231105_1_10_11,두손판타스틱,0
20231105,20231105_1_11,20231105_1_11_01,장산몬스터,0
20231105,20231105_1_11,20231105_1_11_02,우리,0
20231105,20231105_1_11,20231105_1_11_03,갤럽컬린,0
20231105,20231105_1_11,20231105_1_11_04,강토마,0
20231105,20231105_1_11,20231105_1_11_05,포에버드림,0
20231105,20231105_1_11,20231105_1_11_06,글로벌보배,0
20231105,20231105_1_11,20231105_1_11_07,마이티수,1
20231105,20231105_1_11,20231105_1_11_08,굿필승,0
20231105,20231105_1_11,20231105_1_11_09,브리가디어제너럴,0
20231105,20231105_1_11,20231105_1_11_10,몬스터케이,0
20231105,20231105_1_11,20231105_1_11_11,히든삭스,0
20231111,20231111_1_01,20231111_1_01_01,성실대로,0
20231111,20231111_1_01,20231111_1_01_02,미스파이널,0
20231111,20231111_1_01,20231111_1_01_03,러브문막,0
20231111,20231111_1_01,20231111_1_01_04,참좋은인연,0
20231111,20231111_1_01,20231111_1_01_05,안양천둥,1
20231111,20231111_1_01,20231111_1_01_06,우리가,0
20231111,20231111_1_01,20231111_1_01_07,엑설런트마타,0
20231111,20231111_1_01,20231111_1_01_08,골든볼,0
20231111,20231111_1_01,20231111_1_01_09,세명고스트,0
20231111,20231111_1_02,20231111_1_02_01,턴테이블,0
20231111,20231111_1_02,20231111_1_02_02,비케이벨,0
20231111,20231111_1_02,20231111_1_02_03,스파크선더,1
20231111,20231111_1_02,20231111_1_02_04,엘린,0
20231111,20231111_1_02,20231111_1_02_05,안양쓰나미,0
20231111,20231111_1_02,20231111_1_02_06,스터닝챔프,0
20231111,20231111_1_02,20231111_1_02_07,피엔에스챔프,0
20231111,20231111_1_02,20231111_1_02_08,금악스타,0
20231111,20231111_1_02,20231111_1_02_09,마루스타,0
20231111,20231111_1_03,20231111_1_03_01,플랜비,0
20231111,20231111_1_03,20231111_1_03_02,산방봄날,0
20231111,20231111_1_03,20231111_1_03_03,질풍재즈,0
20231111,20231111_1_03,20231111_1_03_04,위너존,0
20231111,20231111_1_03,20231111_1_03_05,함평호프,0
20231111,20231111_1_03,20231111_1_03_06,강철부대,0
20231111,20231111_1_03,20231111_1_03_07,정성바이스,0
20231111,20231111_1_03,20231111_1_03_08,파이팅케이,1
20231111,20231111_1_03,20231111_1_03_09,내길의캡틴,0
20231111,20231111_1_03,20231111_1_03_10,코스모킹,0
20231111,20231111_1_04,20231111_1_04_01,마이칸,0
20231111,20231111_1_04,20231111_1_04_02,레전드탄생,0
20231111,20231111_1_04,20231111_1_04_03,블러드마운틴,0
20231111,20231111_1_04,20231111_1_04_04,라온탑플레이,0
20231111,20231111_1_04,20231111_1_04_05,자이언트엠,0
20231111,20231111_1_04,20231111_1_04_06,신의운명,0
20231111,20231111_1_04,20231111_1_04_07,스톰가이,1
20231111,20231111_1_04,20231111_1_04_08,내길의리더,0
20231111,20231111_1_04,20231111_1_04_09,사하라몬드,0
20231111,20231111_1_05,20231111_1_05_01,빈체로킹,0
20231111,20231111_1_05,20231111_1_05_02,나이스태양,1
20231111,20231111_1_05,20231111_1_05_03,달맞이,0
20231111,20231111_1_05,20231111_1_05_04,항구스타,0
20231111,20231111_1_05,20231111_1_05_05,작두콩,0
20231111,20231111_1_05,20231111_1_05_06,갤럭시삭스,0
20231111,20231111_1_05,20231111_1_05_07,드론킬러,0
20231111,20231111_1_05,20231111_1_05_08,원더풀남촌,0
20231111,20231111_1_05,20231111_1_05_09,에코존,0
20231111,20231111_1_05,20231111_1_05_10,신의함성,0
20231111,20231111_1_05,20231111_1_05_11,검이불루,0
20231111,20231111_1_06,20231111_1_06_01,콰이어트참,0
20231111,20231111_1_06,20231111_1_06_02,라온에어포스,0
20231111,20231111_1_06,20231111_1_06_03,퀸오브베스트,1
20231111,20231111_1_06,20231111_1_06_04,장흥클래스,0
20231111,20231111_1_06,20231111_1_06_05,지르콘,0
20231111,20231111_1_06,20231111_1_06_06,글로리앤아너,0
20231111,20231111_1_06,20231111_1_06_07,동트자웨이,0
20231111,20231111_1_06,20231111_1_06_08,행복여왕,0
20231111,20231111_1_06,20231111_1_06_09,백두멋쟁이,0
20231111,20231111_1_06,20231111_1_06_10,바람살,0
20231111,20231111_1_06,20231111_1_06_11,천은총,0
20231111,20231111_1_07,20231111_1_07_01,금아스테디,0
20231111,20231111_1_07,20231111_1_07_02,그랜드실버,0
20231111,20231111_1_07,20231111_1_07_03,원더풀위싱,0
20231111,20231111_1_07,20231111_1_07_04,해피나이스,0
20231111,20231111_1_07,20231111_1_07_05,위너콜,0
20231111,20231111_1_07,20231111_1_07_06,가나드림,0
20231111,20231111_1_07,20231111_1_07_07,천둥오름,0
20231111,20231111_1_07,20231111_1_07_08,질주에바다,0
20231111,20231111_1_07,20231111_1_07_09,데블케이,1
20231111,20231111_1_08,20231111_1_08_01,찬란한불꽃,0
20231111,20231111_1_08,20231111_1_08_02,시선집중,0
20231111,20231111_1_08,20231111_1_08_03,몬스터파워,0
20231111,20231111_1_08,20231111_1_08_04,글로벌선,1
20231111,20231111_1_08,20231111_1_08_05,블루밍스타,0
20231111,20231111_1_08,20231111_1_08_06,보름달빛,0
20231111,20231111_1_08,20231111_1_08_07,드림플레이,0
20231111,20231111_1_08,20231111_1_08_08,한강크라운,0
20231111,20231111_1_08,20231111_1_08_09,스타크레이지,0
20231111,20231111_1_08,20231111_1_08_10,마이티쎈,0
20231111,20231111_1_08,20231111_1_08_11,캠프세이버,0
20231111,20231111_1_09,20231111_1_09_01,타우루스퀸,1
20231111,20231111_1_09,20231111_1_09_02,루미너스퀸,0
20231111,20231111_1_09,20231111_1_09_03,뉴문워리어,0
20231111,20231111_1_09,20231111_1_09_04,비트러너,0
20231111,20231111_1_09,20231111_1_09_05,파이어파워,0
20231111,20231111_1_09,20231111_1_09_06,뉴청파,0
20231111,20231111_1_09,20231111_1_09_07,더리퍼,0
20231111,20231111_1_09,20231111_1_09_08,배다리왕자,0
20231111,20231111_1_09,20231111_1_09_09,타이탄삭스,0
20231111,20231111_1_09,20231111_1_09_10,라온더펄,0
20231111,20231111_1_10,20231111_1_10_01,파워박스,0
20231111,20231111_1_10,20231111_1_10_02,엘리트라인,0
20231111,20231111_1_10,20231111_1_10_03,문학송,0
20231111,20231111_1_10,20231111_1_10_04,어서말을해,1
20231111,20231111_1_10,20231111_1_10_05,비제이스톰,0
20231111,20231111_1_10,20231111_1_10_06,케이톱킹,0
20231111,20231111_1_10,20231111_1_10_07,와일드삭스,0
20231111,20231111_1_10,20231111_1_10_08,리마커블,0
20231111,20231111_1_10,20231111_1_10_09,영영삭스,0
20231111,20231111_1_10,20231111_1_10_10,에이펙스,0
20231112,20231112_1_01,20231112_1_01_01,학산대세,0
20231112,20231112_1_01,20231112_1_01_02,스마트알파,0
20231112,20231112_1_01,20231112_1_01_03,히어아이엠,1
20231112,20231112_1_01,20231112_1_01_04,강철드래곤,0
20231112,20231112_1_01,20231112_1_01_05,머제스틱위너,0
20231112,20231112_1_01,20231112_1_01_06,런던빅토리,0
20231112,20231112_1_01,20231112_1_01_07,논스톱열차,0
20231112,20231112_1_01,20231112_1_01_08,솔레어,0
20231112,20231112_1_01,20231112_1_01_09,금성파워,0
20231112,20231112_1_01,20231112_1_01_10,걸작으뜸,0
20231112,20231112_1_02,20231112_1_02_01,에클레어스타,0
20231112,20231112_1_02,20231112_1_02_02,총알커널,0
20231112,20231112_1_02,20231112_1_02_03,제이에스파티,0
20231112,20231112_1_02,20231112_1_02_04,문학이든,0
20231112,20231112_1_02,20231112_1_02_05,카지노스타,0
20231112,20231112_1_02,20231112_1_02_06,멸콩,0
20231112,20231112_1_02,20231112_1_02_07,하얀태양,0
20231112,20231112_1_02,20231112_1_02_08,태평무,1
20231112,20231112_1_02,20231112_1_02_09,골든플라잉,0
20231112,20231112_1_02,20231112_1_02_10,예지몽,0
20231112,20231112_1_03,20231112_1_03_01,테마탄생,0
20231112,20231112_1_03,20231112_1_03_02,한강차르,0
20231112,20231112_1_03,20231112_1_03_03,누리데이,0
20231112,20231112_1_03,20231112_1_03_04,원더풀리걸,0
20231112,20231112_1_03,20231112_1_03_05,아크로마린,0
20231112,20231112_1_03,20231112_1_03_06,논스톱플레이,0
20231112,20231112_1_03,20231112_1_03_07,골드참,0
20231112,20231112_1_03,20231112_1_03_08,콜리타스,1
20231112,20231112_1_03,20231112_1_03_09,이에이치코코,0
20231112,20231112_1_03,20231112_1_03_10,붉은폭풍,0
20231112,20231112_1_03,20231112_1_03_11,새벽불빛,0
20231112,20231112_1_04,20231112_1_04_01,신의여제,0
20231112,20231112_1_04,20231112_1_04_02,두손클래식,0
20231112,20231112_1_04,20231112_1_04_03,레이디코디,0
20231112,20231112_1_04,20231112_1_04_04,피닉스클래스,0
20231112,20231112_1_04,20231112_1_04_05,갈색향기,0
20231112,20231112_1_04,20231112_1_04_06,여왕삭스,0
20231112,20231112_1_04,20231112_1_04_07,세상앞으로,0
20231112,20231112_1_04,20231112_1_04_08,승리의영혼,0
20231112,20231112_1_04,20231112_1_04_09,은성노을,0
20231112,20231112_1_04,20231112_1_04_10,걸작원,1
20231112,20231112_1_04,20231112_1_04_11,글로리케이,0
20231112,20231112_1_05,20231112_1_05_01,클레어파워,0
20231112,20231112_1_05,20231112_1_05_02,우마포이,1
20231112,20231112_1_05,20231112_1_05_03,월드킹맨,0
20231112,20231112_1_05,20231112_1_05_04,케이엔티즈원,0
20231112,20231112_1_05,20231112_1_05_05,빅에너지,0
20231112,20231112_1_05,20231112_1_05_06,대지의여걸,0
20231112,20231112_1_05,20231112_1_05_07,골든스나이퍼,0
20231112,20231112_1_05,20231112_1_05_08,익스펙트,0
20231112,20231112_1_05,20231112_1_05_09,강서브이,0
20231112,20231112_1_05,20231112_1_05_10,히트에이스,0
20231112,20231112_1_05,20231112_1_05_11,제우시대,0
20231112,20231112_1_06,20231112_1_06_01,럭키허니,0
20231112,20231112_1_06,20231112_1_06_02,선더브라보,0
20231112,20231112_1_06,20231112_1_06_03,민트플레이,0
20231112,20231112_1_06,20231112_1_06_04,천존챗,0
20231112,20231112_1_06,20231112_1_06_05,황우강자,0
20231112,20231112_1_06,20231112_1_06_06,파인데이,0
20231112,20231112_1_06,20231112_1_06_07,클레어퀸,0
20231112,20231112_1_06,20231112_1_06_08,라온더맨,1
20231112,20231112_1_06,20231112_1_06_09,위대한한마,0
20231112,20231112_1_06,20231112_1_06_10,나올대왕,0
20231112,20231112_1_06,20231112_1_06_11,선더블루,0
20231112,20231112_1_07,20231112_1_07_01,울트라삭스,0
20231112,20231112_1_07,20231112_1_07_02,마이티숀,0
20231112,20231112_1_07,20231112_1_07_03,걸작선,0
20231112,20231112_1_07,20231112_1_07_04,밀리언파티,0
20231112,20231112_1_07,20231112_1_07_05,유니콘히트,0
20231112,20231112_1_07,20231112_1_07_06,기분좋은말,1
20231112,20231112_1_07,20231112_1_07_07,강한퀸,0
20231112,20231112_1_07,20231112_1_07_08,리걸하이,0
20231112,20231112_1_07,20231112_1_07_09,화수분,0
20231112,20231112_1_07,20231112_1_07_10,가나패션,0
20231112,20231112_1_07,20231112_1_07_11,히든브레인,0
20231112,20231112_1_08,20231112_1_08_01,정우포에버,0
20231112,20231112_1_08,20231112_1_08_02,나노마신,0
20231112,20231112_1_08,20231112_1_08_03,호크프린스,0
20231112,20231112_1_08,20231112_1_08_04,뉴질랜드삭스,0
20231112,20231112_1_08,20231112_1_08_05,월드베리언스,0
20231112,20231112_1_08,20231112_1_08_06,터치나인,0
20231112,20231112_1_08,20231112_1_08_07,강풍마,1
20231112,20231112_1_08,20231112_1_08_08,돌격앞으로,0
20231112,20231112_1_08,20231112_1_08_09,송암티즈,0
20231112,20231112_1_08,20231112_1_08_10,건곤일척,0
20231112,20231112_1_08,20231112_1_08_11,리버태양,0
20231112,20231112_1_09,20231112_1_09_01,아델머스탱,0
20231112,20231112_1_09,20231112_1_09_02,서울크라운,0
20231112,20231112_1_09,20231112_1_09_03,운외창천,0
20231112,20231112_1_09,20231112_1_09_04,슈퍼엑톤,0
20231112,20231112_1_09,20231112_1_09_05,아르고공주,0
20231112,20231112_1_09,20231112_1_09_06,록임팩트,1
20231112,20231112_1_09,20231112_1_09_07,금아시크,0
20231112,20231112_1_09,20231112_1_09_08,우청륭,0
20231112,20231112_1_09,20231112_1_09_09,미스윈스타,0
20231112,20231112_1_09,20231112_1_09_10,나올천지,0
20231112,20231112_1_09,20231112_1_09_11,선더호스,0
20231112,20231112_1_10,20231112_1_10_01,베스트럭키,0
20231112,20231112_1_10,20231112_1_10_02,베스트탑,0
20231112,20231112_1_10,20231112_1_10_03,나올스나이퍼,1
20231112,20231112_1_10,20231112_1_10_04,아르고스마일,0
20231112,20231112_1_10,20231112_1_10_05,최강블레이드,0
20231112,20231112_1_10,20231112_1_10_06,블루키톤,0
20231112,20231112_1_10,20231112_1_10_07,라스트펀치,0
20231112,20231112_1_10,20231112_1_10_08,두손멍군,0
20231112,20231112_1_10,20231112_1_10_09,러블리케이,0
20231112,20231112_1_11,20231112_1_11_01,대물,0
20231112,20231112_1_11,20231112_1_11_02,스프링킹,1
20231112,20231112_1_11,20231112_1_11_03,온포인트,0
20231112,20231112_1_11,20231112_1_11_04,금로열,0
20231112,20231112_1_11,20231112_1_11_05,문학킹,0
20231112,20231112_1_11,20231112_1_11_06,울프플레이,0
20231112,20231112_1_11,20231112_1_11_07,원더풀키티,0
20231112,20231112_1_11,20231112_1_11_08,레이디켈리,0
20231112,20231112_1_11,20231112_1_11_09,라온포레스트,0
20231112,20231112_1_11,20231112_1_11_10,리월마,0
20231118,20231118_1_01,20231118_1_01_01,뷰티원더풀,0
20231118,20231118_1_01,20231118_1_01_02,성실여걸,0
20231118,20231118_1_01,20231118_1_01_03,내추럴사운드,0
20231118,20231118_1_01,20231118_1_01_04,정성타이거,0
20231118,20231118_1_01,20231118_1_01_05,굿파이터,0
20231118,20231118_1_01,20231118_1_01_06,로열플러스,0
20231118,20231118_1_01,20231118_1_01_07,천마평정,1
20231118,20231118_1_01,20231118_1_01_08,레이디폭스,0
20231118,20231118_1_01,20231118_1_01_09,컴플리트파티,0
20231118,20231118_1_01,20231118_1_01_10,산삼은함양,0
20231118,20231118_1_01,20231118_1_01_11,질주천하,0
20231118,20231118_1_01,20231118_1_01_12,벌교위수,0
20231118,20231118_1_02,20231118_1_02_01,시티킹,1
20231118,20231118_1_02,20231118_1_02_02,히어로챔프,0
20231118,20231118_1_02,20231118_1_02_03,서머파티,0
20231118,20231118_1_02,20231118_1_02_04,초코뷰티,0
20231118,20231118_1_02,20231118_1_02_05,천구챗,0
20231118,20231118_1_02,20231118_1_02_06,더선파이터,0
20231118,20231118_1_02,20231118_1_02_07,레인스타,0
20231118,20231118_1_02,20231118_1_02_08,플라잉라이언,0
20231118,20231118_1_02,20231118_1_02_09,스마트월드,0
20231118,20231118_1_02,20231118_1_02_10,서천라이언,0
20231118,20231118_1_02,20231118_1_02_11,스피닝붐,0
20231118,20231118_1_02,20231118_1_02_12,선더에이원,0
20231118,20231118_1_03,20231118_1_03_01,히어로파이터,0
20231118,20231118_1_03,20231118_1_03_02,이스트점프,0
20231118,20231118_1_03,20231118_1_03_03,모닝다올,1
20231118,20231118_1_03,20231118_1_03_04,몬탁챗,0
20231118,20231118_1_03,20231118_1_03_05,영웅부활,0
20231118,20231118_1_03,20231118_1_03_06,댄싱위즈,0
20231118,20231118_1_03,20231118_1_03_07,스카이함성,0
20231118,20231118_1_03,20231118_1_03_08,마이티휘,0
20231118,20231118_1_03,20231118_1_03_09,페어스카이즈,0
20231118,20231118_1_03,20231118_1_03_10,관악산레오,0
20231118,20231118_1_04,20231118_1_04_01,정성팩터,0
20231118,20231118_1_04,20231118_1_04_02,드림릿지,0
20231118,20231118_1_04,20231118_1_04_03,히어로레전드,0
20231118,20231118_1_04,20231118_1_04_04,태칸,0
20231118,20231118_1_04,20231118_1_04_05,달콩,0
20231118,20231118_1_04,20231118_1_04_06,나이스빅걸,0
20231118,20231118_1_04,20231118_1_04_07,매직포션,0
20231118,20231118_1_04,20231118_1_04_08,불타는심장,0
20231118,20231118_1_04,20231118_1_04_09,에클레어퓨리,1
20231118,20231118_1_04,20231118_1_04_10,논스톱드림,0
20231118,20231118_1_04,20231118_1_04_11,미스큐피드,0
20231118,20231118_1_05,20231118_1_05_01,피엔에스빌,0
20231118,20231118_1_05,20231118_1_05_02,쌍옥루,0
20231118,20231118_1_05,20231118_1_05_03,한강스카이,1
20231118,20231118_1_05,20231118_1_05_04,위즈업,0
20231118,20231118_1_05,20231118_1_05_05,리얼팩,0
20231118,20231118_1_05,20231118_1_05_06,젤로스,0
20231118,20231118_1_05,20231118_1_05_07,그린필스타,0
20231118,20231118_1_05,20231118_1_05_08,실버부스터,0
20231118,20231118_1_05,20231118_1_05_09,행운바람,0
20231118,20231118_1_05,20231118_1_05_10,불화산,0
20231118,20231118_1_06,20231118_1_06_01,라온더판타,0
20231118,20231118_1_06,20231118_1_06_02,피엔에스더킹,0
20231118,20231118_1_06,20231118_1_06_03,슈팅리버스,0
20231118,20231118_1_06,20231118_1_06_04,제이에스로드,1
20231118,20231118_1_06,20231118_1_06_05,브이퀸,0
20231118,20231118_1_06,20231118_1_06_06,레전드케이,0
20231118,20231118_1_06,20231118_1_06_07,호크의영광,0
20231118,20231118_1_06,20231118_1_06_08,모닝볼드,0
20231118,20231118_1_06,20231118_1_06_09,티파니블루,0
20231118,20231118_1_06,20231118_1_06_10,칠산대교,0
20231118,20231118_1_06,20231118_1_06_11,스프링워터,0
20231118,20231118_1_07,20231118_1_07_01,마이티큐,0
20231118,20231118_1_07,20231118_1_07_02,글로벌매직,1
20231118,20231118_1_07,20231118_1_07_03,은파마운틴,0
20231118,20231118_1_07,20231118_1_07_04,킹칼레,0
20231118,20231118_1_07,20231118_1_07_05,오라칸,0
20231118,20231118_1_07,20231118_1_07_06,트로트퀸,0
20231118,20231118_1_07,20231118_1_07_07,우루스퀸,0
20231118,20231118_1_07,20231118_1_07_08,클럽디,0
20231118,20231118_1_07,20231118_1_07_09,굿해피,0
20231118,20231118_1_07,20231118_1_07_10,옥천최강,0
20231118,20231118_1_07,20231118_1_07_11,엔딩파이어,0
20231118,20231118_1_08,20231118_1_08_01,아메리칸포스원,0
20231118,20231118_1_08,20231118_1_08_02,금성세계,0
20231118,20231118_1_08,20231118_1_08_03,알렉산더원,0
20231118,20231118_1_08,20231118_1_08_04,히든블레이드,0
20231118,20231118_1_08,20231118_1_08_05,페더럴킹,0
20231118,20231118_1_08,20231118_1_08_06,머니크라운,0
20231118,20231118_1_08,20231118_1_08_07,새파랑,0
20231118,20231118_1_08,20231118_1_08_08,텐배거,0
20231118,20231118_1_08,20231118_1_08_09,파노라마킹,1
20231118,20231118_1_08,20231118_1_08_10,신의이름,0
20231118,20231118_1_08,20231118_1_08_11,언패럴렐드,0
20231118,20231118_1_09,20231118_1_09_01,찬란한날,1
20231118,20231118_1_09,20231118_1_09_02,바이킹하트,0
20231118,20231118_1_09,20231118_1_09_03,금성시대,0
20231118,20231118_1_09,20231118_1_09_04,불의여왕,0
20231118,20231118_1_09,20231118_1_09_05,드림여왕,0
20231118,20231118_1_09,20231118_1_09_06,티즈인디,0
20231118,20231118_1_09,20231118_1_09_07,챌린지삭스,0
20231118,20231118_1_09,20231118_1_09_08,태양타고,0
20231118,20231118_1_09,20231118_1_09_09,럭키바운스,0
20231118,20231118_1_09,20231118_1_09_10,톱클래스,0
20231118,20231118_1_09,20231118_1_09_11,퀸톱,0
20231118,20231118_1_10,20231118_1_10_01,탭다운,0
20231118,20231118_1_10,20231118_1_10_02,정상제트,0
20231118,20231118_1_10,20231118_1_10_03,춘산,0
20231118,20231118_1_10,20231118_1_10_04,논스톱기상,0
20231118,20231118_1_10,20231118_1_10_05,새내타운,1
20231118,20231118_1_10,20231118_1_10_06,문학태핏,0
20231118,20231118_1_10,20231118_1_10_07,콩코드스퍼트,0
20231118,20231118_1_10,20231118_1_10_08,문학어플리트,0
20231118,20231118_1_10,20231118_1_10_09,럭키훈,0
20231118,20231118_1_10,20231118_1_10_10,위너블루,0
20231118,20231118_1_10,20231118_1_10_11,글로벌신화,0
20231118,20231118_1_11,20231118_1_11_01,베스트천상,0
20231118,20231118_1_11,20231118_1_11_02,이스트반,0
20231118,20231118_1_11,20231118_1_11_03,트로팅라일리,0
20231118,20231118_1_11,20231118_1_11_04,마이티룩,0
20231118,20231118_1_11,20231118_1_11_05,컴플리트타임,0
20231118,20231118_1_11,20231118_1_11_06,네모프린세스,0
20231118,20231118_1_11,20231118_1_11_07,록라인,0
20231118,20231118_1_11,20231118_1_11_08,도끼불패,0
20231118,20231118_1_11,20231118_1_11_09,한강에이스,0
20231118,20231118_1_11,20231118_1_11_10,라온더아리아,1
20231118,20231118_1_11,20231118_1_11_11,파이어걸,0
20231119,20231119_1_01,20231119_1_01_01,대원용마,0
20231119,20231119_1_01,20231119_1_01_02,베스트위즈,0
20231119,20231119_1_01,20231119_1_01_04,프레시맨,1
20231119,20231119_1_01,20231119_1_01_05,히어로질주,0
20231119,20231119_1_01,20231119_1_01_06,왕초,0
20231119,20231119_1_01,20231119_1_01_07,영광의월드,0
20231119,20231119_1_01,20231119_1_01_08,벌교차돌,0
20231119,20231119_1_01,20231119_1_01_09,사하라몽,0
20231119,20231119_1_01,20231119_1_01_10,모모케이,0
20231119,20231119_1_01,20231119_1_01_11,파사루봉,0
20231119,20231119_1_01,20231119_1_01_12,뷰티풀화성,0
20231119,20231119_1_02,20231119_1_02_01,로켓나라,0
20231119,20231119_1_02,20231119_1_02_02,슬램드래곤,0
20231119,20231119_1_02,20231119_1_02_03,클로버파티,0
20231119,20231119_1_02,20231119_1_02_04,클라우드하트,0
20231119,20231119_1_02,20231119_1_02_05,마이티캡,1
20231119,20231119_1_02,20231119_1_02_06,플라잉럭키,0
20231119,20231119_1_02,20231119_1_02_07,선더갤러퍼,0
20231119,20231119_1_02,20231119_1_02_08,그래티튜드,0
20231119,20231119_1_02,20231119_1_02_09,선갤런트,0
20231119,20231119_1_02,20231119_1_02_10,라이언파티,0
20231119,20231119_1_02,20231119_1_02_11,골든라인,0
20231119,20231119_1_03,20231119_1_03_01,새내비바,0
20231119,20231119_1_03,20231119_1_03_02,파워풀비전,0
20231119,20231119_1_03,20231119_1_03_03,넥스트레벨,0
20231119,20231119_1_03,20231119_1_03_04,마하여제,0
20231119,20231119_1_03,20231119_1_03_05,원평강자,0
20231119,20231119_1_03,20231119_1_03_06,스텔스박,0
20231119,20231119_1_03,20231119_1_03_07,라온히트맨,0
20231119,20231119_1_03,20231119_1_03_08,트리스탄왕자,1
20231119,20231119_1_03,20231119_1_03_09,선더여걸,0
20231119,20231119_1_03,20231119_1_03_10,검의전설,0
20231119,20231119_1_03,20231119_1_03_11,마이원,0
20231119,20231119_1_04,20231119_1_04_01,매직케이,0
20231119,20231119_1_04,20231119_1_04_02,글로리참,0
20231119,20231119_1_04,20231119_1_04_03,미래타워,1
20231119,20231119_1_04,20231119_1_04_04,파워에치드,0
20231119,20231119_1_04,20231119_1_04_05,원더풀시킹,0
20231119,20231119_1_04,20231119_1_04_06,트레비트,0
20231119,20231119_1_04,20231119_1_04_07,천마불패,0
20231119,20231119_1_04,20231119_1_04_08,비트레이서,0
20231119,20231119_1_04,20231119_1_04_09,용비천,0
20231119,20231119_1_04,20231119_1_04_10,크로마이트,0
20231119,20231119_1_04,20231119_1_04_11,샤프선샤인,0
20231119,20231119_1_05,20231119_1_05_01,하이파크,0
20231119,20231119_1_05,20231119_1_05_02,디자이어투윈,0
20231119,20231119_1_05,20231119_1_05_03,새터데이,0
20231119,20231119_1_05,20231119_1_05_04,새로운빛깔,0
20231119,20231119_1_05,20231119_1_05_05,큐피드챔프,0
20231119,20231119_1_05,20231119_1_05_06,마구마,0
20231119,20231119_1_05,20231119_1_05_07,최강나이스,0
20231119,20231119_1_05,20231119_1_05_08,메가드래곤,1
20231119,20231119_1_05,20231119_1_05_09,퍼지킹,0
20231119,20231119_1_05,20231119_1_05_10,마에스트로,0
20231119,20231119_1_05,20231119_1_05_11,에브리참,0
20231119,20231119_1_06,20231119_1_06_01,승리공주,0
20231119,20231119_1_06,20231119_1_06_02,포에이스,0
20231119,20231119_1_06,20231119_1_06_03,아치메모리,0
20231119,20231119_1_06,20231119_1_06_04,원더풀폭스,0
20231119,20231119_1_06,20231119_1_06_05,스마트별,0
20231119,20231119_1_06,20231119_1_06_06,럭셔리킹,0
20231119,20231119_1_06,20231119_1_06_07,정문파파고,0
20231119,20231119_1_06,20231119_1_06_08,제축이호,0
20231119,20231119_1_06,20231119_1_06_09,그레이스케이,1
20231119,20231119_1_06,20231119_1_06_10,플라잉제스트,0
20231119,20231119_1_06,20231119_1_06_11,드림스카이,0
20231119,20231119_1_07,20231119_1_07_01,멋진강호,0
20231119,20231119_1_07,20231119_1_07_02,메니포켓,0
20231119,20231119_1_07,20231119_1_07_03,쏘아라투투,0
20231119,20231119_1_07,20231119_1_07_05,바람의향기,1
20231119,20231119_1_07,20231119_1_07_06,킹다이아,0
20231119,20231119_1_07,20231119_1_07_07,라로마네,0
20231119,20231119_1_07,20231119_1_07_08,예술이야,0
20231119,20231119_1_07,20231119_1_07_09,우주의봄,0
20231119,20231119_1_07,20231119_1_07_10,네모프린스,0
20231119,20231119_1_07,20231119_1_07_11,블랙모션,0
20231119,20231119_1_08,20231119_1_08_01,[부산경남]플라잉더챔프,0
20231119,20231119_1_08,20231119_1_08_02,[부산경남]글로벌히트,0
20231119,20231119_1_08,20231119_1_08_03,[부산경남]갤럭시로드,0
20231119,20231119_1_08,20231119_1_08_04,정문사이,0
20231119,20231119_1_08,20231119_1_08_05,빅스고,0
20231119,20231119_1_08,20231119_1_08_06,어디가나,0
20231119,20231119_1_08,20231119_1_08_07,흥행질주,0
20231119,20231119_1_08,20231119_1_08_08,[부산경남]스피드영,0
20231119,20231119_1_08,20231119_1_08_09,[부산경남]동트자보이,0
20231119,20231119_1_08,20231119_1_08_10,[부산경남]하늘전사,0
20231119,20231119_1_08,20231119_1_08_11,[부산경남]즐거운여정,0
20231119,20231119_1_08,20231119_1_08_12,티즈바로우즈,0
20231119,20231119_1_08,20231119_1_08_13,라온퍼스트,0
20231119,20231119_1_08,20231119_1_08_14,치프인디,0
20231119,20231119_1_08,20231119_1_08_15,[부산경남]위너스맨,1
20231119,20231119_1_08,20231119_1_08_16,심장의고동,0
20231119,20231119_1_09,20231119_1_09_01,왈가닥,0
20231119,20231119_1_09,20231119_1_09_02,폴인러브,1
20231119,20231119_1_09,20231119_1_09_03,불의신화,0
20231119,20231119_1_09,20231119_1_09_04,슈퍼군황,0
20231119,20231119_1_09,20231119_1_09_05,위즈러너,0
20231119,20231119_1_09,20231119_1_09_06,희망챔프,0
20231119,20231119_1_09,20231119_1_09_07,아메리카골드,0
20231119,20231119_1_09,20231119_1_09_08,이다나은,0
20231119,20231119_1_09,20231119_1_09_09,광치기,0
20231119,20231119_1_09,20231119_1_09_10,피어리스,0
20231119,20231119_1_10,20231119_1_10_01,걸작드림,0
20231119,20231119_1_10,20231119_1_10_02,봄날의기억,0
20231119,20231119_1_10,20231119_1_10_03,카우보이탱고,0
20231119,20231119_1_10,20231119_1_10_04,아깽이,0
20231119,20231119_1_10,20231119_1_10_05,이무기,0
20231119,20231119_1_10,20231119_1_10_06,벤칼프린세스,0
20231119,20231119_1_10,20231119_1_10_07,마이센터,0
20231119,20231119_1_10,20231119_1_10_08,금성스피드,0
20231119,20231119_1_10,20231119_1_10_09,그린백,0
20231119,20231119_1_10,20231119_1_10_10,금아파이어리,0
20231119,20231119_1_10,20231119_1_10_11,라온엠파이어,1
20231119,20231119_1_11,20231119_1_11_01,슈퍼피니시,0
20231119,20231119_1_11,20231119_1_11_02,드래곤스타,1
20231119,20231119_1_11,20231119_1_11_03,카우보이킹,0
20231119,20231119_1_11,20231119_1_11_04,머니장군,0
20231119,20231119_1_11,20231119_1_11_05,제다이,0
20231119,20231119_1_11,20231119_1_11_06,블랙초콜릿,0
20231119,20231119_1_11,20231119_1_11_07,서브에이스,0
20231119,20231119_1_11,20231119_1_11_08,국대클래스,0
20231119,20231119_1_11,20231119_1_11_09,큐피드워리어,0
20231119,20231119_1_11,20231119_1_11_10,글로벌파워,0
20231119,20231119_1_11,20231119_1_11_11,한강보스,0
20231125,20231125_1_01,20231125_1_01_01,선샤인퀸,0
20231125,20231125_1_01,20231125_1_01_02,세광쏜살,0
20231125,20231125_1_01,20231125_1_01_03,청해제일,0
20231125,20231125_1_01,20231125_1_01_04,핑크윈드,0
20231125,20231125_1_01,20231125_1_01_05,케레르,0
20231125,20231125_1_01,20231125_1_01_06,그린콩코드,0
20231125,20231125_1_01,20231125_1_01_07,용비수,0
20231125,20231125_1_01,20231125_1_01_08,토호마켓,0
20231125,20231125_1_01,20231125_1_01_09,크라운함성,0
20231125,20231125_1_01,20231125_1_01_10,히트플라이,1
20231125,20231125_1_01,20231125_1_01_11,루비포트,0
20231125,20231125_1_01,20231125_1_01_12,호명퀸,0
20231125,20231125_1_02,20231125_1_02_01,내길의위너,0
20231125,20231125_1_02,20231125_1_02_02,우루스칸,1
20231125,20231125_1_02,20231125_1_02_03,퍼스트슈,0
20231125,20231125_1_02,20231125_1_02_04,그린디어,0
20231125,20231125_1_02,20231125_1_02_05,플랜비,0
20231125,20231125_1_02,20231125_1_02_06,한강글로리,0
20231125,20231125_1_02,20231125_1_02_07,필승마,0
20231125,20231125_1_02,20231125_1_02_08,비단주머니,0
20231125,20231125_1_02,20231125_1_02_09,베스트토르,0
20231125,20231125_1_02,20231125_1_02_10,사바나찰리,0
20231125,20231125_1_02,20231125_1_02_11,삼애번쩍,0
20231125,20231125_1_03,20231125_1_03_01,용비파워,0
20231125,20231125_1_03,20231125_1_03_02,퍼플윙크,0
20231125,20231125_1_03,20231125_1_03_03,신의여인,0
20231125,20231125_1_03,20231125_1_03_04,메이드스타,0
20231125,20231125_1_03,20231125_1_03_05,원더풀우먼,0
20231125,20231125_1_03,20231125_1_03_06,남산무적,1
20231125,20231125_1_03,20231125_1_03_07,바로챔피언,0
20231125,20231125_1_03,20231125_1_03_08,스마트태양,0
20231125,20231125_1_03,20231125_1_03_09,라온더코브라,0
20231125,20231125_1_03,20231125_1_03_10,밴프,0
20231125,20231125_1_03,20231125_1_03_11,아르고무적,0
20231125,20231125_1_04,20231125_1_04_01,벨비티,0
20231125,20231125_1_04,20231125_1_04_02,럭키크라운,0
20231125,20231125_1_04,20231125_1_04_03,나올스카이,0
20231125,20231125_1_04,20231125_1_04_04,퍼펙트타임,0
20231125,20231125_1_04,20231125_1_04_05,새내칸,0
20231125,20231125_1_04,20231125_1_04_06,세명레이디,1
20231125,20231125_1_04,20231125_1_04_07,스마트블루,0
20231125,20231125_1_04,20231125_1_04_08,콰이어트참,0
20231125,20231125_1_04,20231125_1_04_09,아름다운사이,0
20231125,20231125_1_04,20231125_1_04_10,다운더존,0
20231125,20231125_1_04,20231125_1_04_11,코리아골드,0
20231125,20231125_1_05,20231125_1_05_01,빛의카,0
20231125,20231125_1_05,20231125_1_05_02,베스트클론,0
20231125,20231125_1_05,20231125_1_05_03,용천지상,0
20231125,20231125_1_05,20231125_1_05_04,가나파워,0
20231125,20231125_1_05,20231125_1_05_05,송암스카이,0
20231125,20231125_1_05,20231125_1_05_06,동행퍼스트,0
20231125,20231125_1_05,20231125_1_05_07,문학이글,1
20231125,20231125_1_05,20231125_1_05_08,라온더탑,0
20231125,20231125_1_05,20231125_1_05_09,멋진기록,0
20231125,20231125_1_05,20231125_1_05_10,피지블레이드,0
20231125,20231125_1_05,20231125_1_05_11,톱티어,0
20231125,20231125_1_06,20231125_1_06_01,컴플리트포스,0
20231125,20231125_1_06,20231125_1_06_02,다이아키,1
20231125,20231125_1_06,20231125_1_06_03,그린실드,0
20231125,20231125_1_06,20231125_1_06_04,로열함성,0
20231125,20231125_1_06,20231125_1_06_05,캡틴삼칠이,0
20231125,20231125_1_06,20231125_1_06_06,터보삭스,0
20231125,20231125_1_06,20231125_1_06_07,럭키하눌,0
20231125,20231125_1_06,20231125_1_06_08,별나라비마,0
20231125,20231125_1_06,20231125_1_06_09,빅토리히트,0
20231125,20231125_1_06,20231125_1_06_10,대세만세,0
20231125,20231125_1_07,20231125_1_07_01,이스트웨스트,0
20231125,20231125_1_07,20231125_1_07_02,벌교태양,0
20231125,20231125_1_07,20231125_1_07_03,티나케이,0
20231125,20231125_1_07,20231125_1_07_04,메니스피어,0
20231125,20231125_1_07,20231125_1_07_05,선포레,1
20231125,20231125_1_07,20231125_1_07_06,클림트월드,0
20231125,20231125_1_07,20231125_1_07_07,파워군주,0
20231125,20231125_1_07,20231125_1_07_08,남산주몽,0
20231125,20231125_1_07,20231125_1_07_09,더트서퍼,0
20231125,20231125_1_07,20231125_1_07_10,럭키붐,0
20231125,20231125_1_07,20231125_1_07_11,백두보이,0
20231125,20231125_1_08,20231125_1_08_01,은혜충만,0
20231125,20231125_1_08,20231125_1_08_02,옥룡,0
20231125,20231125_1_08,20231125_1_08_03,하이러너,0
20231125,20231125_1_08,20231125_1_08_04,새내파워풀,0
20231125,20231125_1_08,20231125_1_08_05,아침기상,0
20231125,20231125_1_08,20231125_1_08_06,스퍼트빗,1
20231125,20231125_1_08,20231125_1_08_07,파워빅토리,0
20231125,20231125_1_08,20231125_1_08_08,엠제이베스트,0
20231125,20231125_1_08,20231125_1_08_09,라온더하이맨,0
20231125,20231125_1_09,20231125_1_09_01,에스아이코코,0
20231125,20231125_1_09,20231125_1_09_02,럭셔리캡틴,0
20231125,20231125_1_09,20231125_1_09_03,그레이트선더,0
20231125,20231125_1_09,20231125_1_09_04,해피삭스,0
20231125,20231125_1_09,20231125_1_09_05,문학스톰,1
20231125,20231125_1_09,20231125_1_09_06,스마트전사,0
20231125,20231125_1_09,20231125_1_09_07,피엔에스럭키,0
20231125,20231125_1_09,20231125_1_09_08,아이스스타,0
20231125,20231125_1_09,20231125_1_09_09,헌터블레이드,0
20231125,20231125_1_09,20231125_1_09_10,다프네,0
20231125,20231125_1_10,20231125_1_10_01,쿠레레쿠스,1
20231125,20231125_1_10,20231125_1_10_02,머니가락,0
20231125,20231125_1_10,20231125_1_10_03,펀크레이지,0
20231125,20231125_1_10,20231125_1_10_04,빛나는질주,0
20231125,20231125_1_10,20231125_1_10_05,시크릿왕자,0
20231125,20231125_1_10,20231125_1_10_06,경부도령,0
20231125,20231125_1_10,20231125_1_10_07,어메이징위즈,0
20231125,20231125_1_10,20231125_1_10_08,기쁨환호,0
20231125,20231125_1_10,20231125_1_10_09,블루인디,0
20231125,20231125_1_10,20231125_1_10_10,퍼펙트건맨,0
20231125,20231125_1_10,20231125_1_10_11,록파이터,0
20231125,20231125_1_11,20231125_1_11_01,그린드래건,0
20231125,20231125_1_11,20231125_1_11_02,더퀸저스티스,0
20231125,20231125_1_11,20231125_1_11_03,별나라신사,0
20231125,20231125_1_11,20231125_1_11_04,로열로드,0
20231125,20231125_1_11,20231125_1_11_05,선더타임,0
20231125,20231125_1_11,20231125_1_11_06,더블에지,0
20231125,20231125_1_11,20231125_1_11_07,럭키월드,0
20231125,20231125_1_11,20231125_1_11_08,마이티굿,0
20231125,20231125_1_11,20231125_1_11_09,너트플레이,1
20231125,20231125_1_11,20231125_1_11_10,한강의기상,0
20231125,20231125_1_11,20231125_1_11_11,액티몬,0
20231126,20231126_1_01,20231126_1_01_01,천행챗,0
20231126,20231126_1_01,20231126_1_01_02,갈색도전자,0
20231126,20231126_1_01,20231126_1_01_03,라온더시대,0
20231126,20231126_1_01,20231126_1_01_04,볼린,0
20231126,20231126_1_01,20231126_1_01_05,빅토리실버,0
20231126,20231126_1_01,20231126_1_01_06,창조의기둥,0
20231126,20231126_1_01,20231126_1_01_07,아씨장군,0
20231126,20231126_1_01,20231126_1_01_08,용암마렝고,0
20231126,20231126_1_01,20231126_1_01_09,스터닝서브,0
20231126,20231126_1_01,20231126_1_01_10,블랙벨트,1
20231126,20231126_1_01,20231126_1_01_11,엑설런트탄,0
20231126,20231126_1_01,20231126_1_01_12,럭키파티,0
20231126,20231126_1_02,20231126_1_02_01,성신천하,0
20231126,20231126_1_02,20231126_1_02_02,로열베스트,0
20231126,20231126_1_02,20231126_1_02_03,글로벌코어,0
20231126,20231126_1_02,20231126_1_02_04,스터닝스카이,0
20231126,20231126_1_02,20231126_1_02_05,청량산,0
20231126,20231126_1_02,20231126_1_02_06,강한번개,0
20231126,20231126_1_02,20231126_1_02_07,에버더크라운,0
20231126,20231126_1_02,20231126_1_02_08,칼리프,0
20231126,20231126_1_02,20231126_1_02_09,위즈러버,0
20231126,20231126_1_02,20231126_1_02_10,제너럴파워,0
20231126,20231126_1_02,20231126_1_02_11,동진특급,1
20231126,20231126_1_02,20231126_1_02_12,블루레이서,0
20231126,20231126_1_03,20231126_1_03_01,나라올라,0
20231126,20231126_1_03,20231126_1_03_02,캐츠우먼,0
20231126,20231126_1_03,20231126_1_03_03,원더풀웰스,0
20231126,20231126_1_03,20231126_1_03_04,브라이트위너,1
20231126,20231126_1_03,20231126_1_03_05,탱글이,0
20231126,20231126_1_03,20231126_1_03_06,신풍여걸,0
20231126,20231126_1_03,20231126_1_03_07,에이스퀸,0
20231126,20231126_1_03,20231126_1_03_08,샤우트쿠로,0
20231126,20231126_1_03,20231126_1_03_09,서울최강자,0
20231126,20231126_1_03,20231126_1_03_10,백룡,0
20231126,20231126_1_03,20231126_1_03_11,투아레그나인,0
20231126,20231126_1_04,20231126_1_04_01,태평비전,1
20231126,20231126_1_04,20231126_1_04_02,오푸스퍼플,0
20231126,20231126_1_04,20231126_1_04_03,정상히트,0
20231126,20231126_1_04,20231126_1_04_04,스타체인저,0
20231126,20231126_1_04,20231126_1_04_05,퍼펙트티아라,0
20231126,20231126_1_04,20231126_1_04_06,선라이즈고,0
20231126,20231126_1_04,20231126_1_04_07,배다리향기,0
20231126,20231126_1_04,20231126_1_04_08,글로벌축배,0
20231126,20231126_1_04,20231126_1_04_09,마루별,0
20231126,20231126_1_04,20231126_1_04_10,플라잉커맨드,0
20231126,20231126_1_04,20231126_1_04_11,제라퀸,0
20231126,20231126_1_05,20231126_1_05_01,비야리카,0
20231126,20231126_1_05,20231126_1_05_02,클라우터,0
20231126,20231126_1_05,20231126_1_05_03,너를응원해,0
20231126,20231126_1_05,20231126_1_05_04,브라보한센,0
20231126,20231126_1_05,20231126_1_05_05,사랑다모아,0
20231126,20231126_1_05,20231126_1_05_06,고스트참,0
20231126,20231126_1_05,20231126_1_05_07,보스베이비,0
20231126,20231126_1_05,20231126_1_05_08,무장,0
20231126,20231126_1_05,20231126_1_05_09,금전사,1
20231126,20231126_1_05,20231126_1_05_10,갤럭시삭스,0
20231126,20231126_1_05,20231126_1_05_11,채플프린세스,0
20231126,20231126_1_06,20231126_1_06_01,스마트삭스,0
20231126,20231126_1_06,20231126_1_06_02,아치러너,0
20231126,20231126_1_06,20231126_1_06_03,휘파람,0
20231126,20231126_1_06,20231126_1_06_04,열정아르고,0
20231126,20231126_1_06,20231126_1_06_05,큐피드시크,0
20231126,20231126_1_06,20231126_1_06_06,매직모카신,0
20231126,20231126_1_06,20231126_1_06_07,찰나질주,0
20231126,20231126_1_06,20231126_1_06_08,원더풀섀도우,0
20231126,20231126_1_06,20231126_1_06_09,엑설런트퀸,1
20231126,20231126_1_06,20231126_1_06_10,원평광야,0
20231126,20231126_1_06,20231126_1_06_11,걸작스카이,0
20231126,20231126_1_07,20231126_1_07_01,스페셜타임,0
20231126,20231126_1_07,20231126_1_07_02,럭키파워,0
20231126,20231126_1_07,20231126_1_07_03,파워풀삭스,1
20231126,20231126_1_07,20231126_1_07_04,아너로즈,0
20231126,20231126_1_07,20231126_1_07_05,그린폭주,0
20231126,20231126_1_07,20231126_1_07_06,어서와,0
20231126,20231126_1_07,20231126_1_07_07,아라챔프,0
20231126,20231126_1_07,20231126_1_07_08,탱자,0
20231126,20231126_1_07,20231126_1_07_09,파워풀화성,0
20231126,20231126_1_07,20231126_1_07_10,고고스타,0
20231126,20231126_1_07,20231126_1_07_11,파인캠프,0
20231126,20231126_1_08,20231126_1_08_01,황금꽃,0
20231126,20231126_1_08,20231126_1_08_02,올포유어드림,0
20231126,20231126_1_08,20231126_1_08_03,킹스아이,0
20231126,20231126_1_08,20231126_1_08_04,바람의검,0
20231126,20231126_1_08,20231126_1_08_05,도리포,0
20231126,20231126_1_08,20231126_1_08_06,한강질주,1
20231126,20231126_1_08,20231126_1_08_07,시크릿플레이,0
20231126,20231126_1_08,20231126_1_08_08,굿니센,0
20231126,20231126_1_08,20231126_1_08_09,라온더찰리,0
20231126,20231126_1_08,20231126_1_08_10,블랙루키,0
20231126,20231126_1_08,20231126_1_08_11,더페이버릿,0
20231126,20231126_1_09,20231126_1_09_01,정상킹덤,0
20231126,20231126_1_09,20231126_1_09_02,불의날개,0
20231126,20231126_1_09,20231126_1_09_03,로열태리,0
20231126,20231126_1_09,20231126_1_09_04,황우최강,0
20231126,20231126_1_09,20231126_1_09_05,금성맨,0
20231126,20231126_1_09,20231126_1_09_06,나의나라,1
20231126,20231126_1_09,20231126_1_09_07,홀리데이참,0
20231126,20231126_1_09,20231126_1_09_08,이글포인트,0
20231126,20231126_1_09,20231126_1_09_09,룰즈클래스,0
20231126,20231126_1_09,20231126_1_09_10,킹심바,0
20231126,20231126_1_09,20231126_1_09_11,베링맨,0
20231126,20231126_1_10,20231126_1_10_01,원평코드,0
20231126,20231126_1_10,20231126_1_10_02,에이피파텍,0
20231126,20231126_1_10,20231126_1_10_03,화씨벽,0
20231126,20231126_1_10,20231126_1_10_04,원더풀인디,0
20231126,20231126_1_10,20231126_1_10_05,화이트참,0
20231126,20231126_1_10,20231126_1_10_06,대사리,1
20231126,20231126_1_10,20231126_1_10_07,금세다,0
20231126,20231126_1_10,20231126_1_10_08,킹에이스,0
20231126,20231126_1_10,20231126_1_10_09,울트라킹,0
20231126,20231126_1_10,20231126_1_10_10,좋은관계,0
20231126,20231126_1_10,20231126_1_10_11,청산영웅,0
20231126,20231126_1_11,20231126_1_11_01,흥드림,0
20231126,20231126_1_11,20231126_1_11_02,포에버드림,0
20231126,20231126_1_11,20231126_1_11_03,발베니,0
20231126,20231126_1_11,20231126_1_11_04,문학파이어,0
20231126,20231126_1_11,20231126_1_11_05,라온자이언트,0
20231126,20231126_1_11,20231126_1_11_06,마이티고,0
20231126,20231126_1_11,20231126_1_11_07,클린업해피,0
20231126,20231126_1_11,20231126_1_11_08,바이스로이,0
20231126,20231126_1_11,20231126_1_11_09,조이브라더,0
20231126,20231126_1_11,20231126_1_11_10,연희일출,1
20231126,20231126_1_11,20231126_1_11_11,큐피드미션,0
20231202,20231202_1_01,20231202_1_01_01,논스톱열차,0
20231202,20231202_1_01,20231202_1_01_02,레이디하나비,0
20231202,20231202_1_01,20231202_1_01_03,사려니포아너,0
20231202,20231202_1_01,20231202_1_01_04,캡틴타임,0
20231202,20231202_1_01,20231202_1_01_05,맥스골드,0
20231202,20231202_1_01,20231202_1_01_06,맥스위크,0
20231202,20231202_1_01,20231202_1_01_07,강남불청객,1
20231202,20231202_1_01,20231202_1_01_08,엔트로피,0
20231202,20231202_1_01,20231202_1_01_09,브리도걸,0
20231202,20231202_1_01,20231202_1_01_10,금악다이아,0
20231202,20231202_1_01,20231202_1_01_11,샤인볼트,0
20231202,20231202_1_01,20231202_1_01_12,토네르,0
20231202,20231202_1_02,20231202_1_02_01,원더풀스피릿,0
20231202,20231202_1_02,20231202_1_02_02,한강레전드,0
20231202,20231202_1_02,20231202_1_02_03,마이티렘,0
20231202,20231202_1_02,20231202_1_02_04,팬시플레이,0
20231202,20231202_1_02,20231202_1_02_05,페더럴프레스,0
20231202,20231202_1_02,20231202_1_02_06,메니윈,0
20231202,20231202_1_02,20231202_1_02_07,맥스마,0
20231202,20231202_1_02,20231202_1_02_08,함평장미,0
20231202,20231202_1_02,20231202_1_02_09,베스트킹덤,0
20231202,20231202_1_02,20231202_1_02_10,골드베르크,0
20231202,20231202_1_02,20231202_1_02_11,해제여걸,1
20231202,20231202_1_03,20231202_1_03_01,은파조이,0
20231202,20231202_1_03,20231202_1_03_02,네모스피릿,0
20231202,20231202_1_03,20231202_1_03_03,크리솔메이저,0
20231202,20231202_1_03,20231202_1_03_04,장군마루,1
20231202,20231202_1_03,20231202_1_03_05,히어로전사,0
20231202,20231202_1_03,20231202_1_03_06,마루스타,0
20231202,20231202_1_03,20231202_1_03_07,호명에이스,0
20231202,20231202_1_03,20231202_1_03_08,왈츠의여왕,0
20231202,20231202_1_03,20231202_1_03_09,머니터치,0
20231202,20231202_1_03,20231202_1_03_10,대물삭스,0
20231202,20231202_1_03,20231202_1_03_11,왈츠카우보이,0
20231202,20231202_1_04,20231202_1_04_01,슬램드래곤,0
20231202,20231202_1_04,20231202_1_04_02,원더풀룰즈,0
20231202,20231202_1_04,20231202_1_04_04,크레이지창,0
20231202,20231202_1_04,20231202_1_04_05,누리데이,1
20231202,20231202_1_04,20231202_1_04_06,헤이마마,0
20231202,20231202_1_04,20231202_1_04_07,오키티데이,0
20231202,20231202_1_04,20231202_1_04_08,투에이스,0
20231202,20231202_1_04,20231202_1_04_09,흥행불패,0
20231202,20231202_1_04,20231202_1_04_10,디아나,0
20231202,20231202_1_04,20231202_1_04_11,하트케이,0
20231202,20231202_1_05,20231202_1_05_01,스탠바이미,0
20231202,20231202_1_05,20231202_1_05_02,글로벌진격,0
20231202,20231202_1_05,20231202_1_05_03,오스틴리더,0
20231202,20231202_1_05,20231202_1_05_04,성실영웅,0
20231202,20231202_1_05,20231202_1_05_05,정상럭키,0
20231202,20231202_1_05,20231202_1_05_06,원더풀티지,0
20231202,20231202_1_05,20231202_1_05_07,스트롱참,0
20231202,20231202_1_05,20231202_1_05_08,태평히어로,1
20231202,20231202_1_05,20231202_1_05_09,세이렌,0
20231202,20231202_1_05,20231202_1_05_10,알사이먼,0
20231202,20231202_1_05,20231202_1_05_11,대지의여걸,0
20231202,20231202_1_06,20231202_1_06_01,지르콘,0
20231202,20231202_1_06,20231202_1_06_02,매직위드유,0
20231202,20231202_1_06,20231202_1_06_03,나올시대,0
20231202,20231202_1_06,20231202_1_06_04,테마탄생,0
20231202,20231202_1_06,20231202_1_06_05,찬란한폭풍,1
20231202,20231202_1_06,20231202_1_06_06,명성축제,0
20231202,20231202_1_06,20231202_1_06_07,뉴포인트,0
20231202,20231202_1_06,20231202_1_06_08,천은총,0
20231202,20231202_1_06,20231202_1_06_09,피엔에스골드,0
20231202,20231202_1_06,20231202_1_06_10,금빛강호,0
20231202,20231202_1_06,20231202_1_06_11,골든드래곤,0
20231202,20231202_1_07,20231202_1_07_01,천존챗,0
20231202,20231202_1_07,20231202_1_07_02,해피익투스,0
20231202,20231202_1_07,20231202_1_07_03,제우시대,0
20231202,20231202_1_07,20231202_1_07_04,파티파워,0
20231202,20231202_1_07,20231202_1_07_05,메니참,0
20231202,20231202_1_07,20231202_1_07_06,아치클래스,0
20231202,20231202_1_07,20231202_1_07_08,차돌다이아,1
20231202,20231202_1_07,20231202_1_07_09,천리총,0
20231202,20231202_1_07,20231202_1_07_10,티파니블루,0
20231202,20231202_1_07,20231202_1_07_11,아이스크림,0
20231202,20231202_1_08,20231202_1_08_02,아마존킹,0
20231202,20231202_1_08,20231202_1_08_03,태평파이터,0
20231202,20231202_1_08,20231202_1_08_04,마이티짱,0
20231202,20231202_1_08,20231202_1_08_05,도깨비,0
20231202,20231202_1_08,20231202_1_08_06,랠리퀸,0
20231202,20231202_1_08,20231202_1_08_07,걸작최강,0
20231202,20231202_1_08,20231202_1_08_08,단디,0
20231202,20231202_1_08,20231202_1_08_09,유니콘킹덤,0
20231202,20231202_1_08,20231202_1_08_10,라온더위켄드,1
20231202,20231202_1_08,20231202_1_08_11,나올영웅,0
20231202,20231202_1_09,20231202_1_09_01,케이엔라이트,0
20231202,20231202_1_09,20231202_1_09_02,퀴클리런,0
20231202,20231202_1_09,20231202_1_09_03,파이어파워,1
20231202,20231202_1_09,20231202_1_09_04,천지광풍,0
20231202,20231202_1_09,20231202_1_09_05,용호지마,0
20231202,20231202_1_09,20231202_1_09_06,문학드림,0
20231202,20231202_1_09,20231202_1_09_07,베스트선,0
20231202,20231202_1_09,20231202_1_09_08,원더풀위크,0
20231202,20231202_1_09,20231202_1_09_09,매직그레이스,0
20231202,20231202_1_09,20231202_1_09_10,심플스타일,0
20231202,20231202_1_09,20231202_1_09_11,스탈렛,0
20231202,20231202_1_10,20231202_1_10_01,은혜,0
20231202,20231202_1_10,20231202_1_10_02,엑톤질주,0
20231202,20231202_1_10,20231202_1_10_03,원평킬라,0
20231202,20231202_1_10,20231202_1_10_04,미스터퀄리티,1
20231202,20231202_1_10,20231202_1_10_06,희망가득,0
20231202,20231202_1_10,20231202_1_10_07,한강히어로,0
20231202,20231202_1_10,20231202_1_10_08,은혜드림,0
20231202,20231202_1_10,20231202_1_10_09,성은크라운,0
20231202,20231202_1_10,20231202_1_10_10,비전파워,0
20231202,20231202_1_10,20231202_1_10_11,낭주여걸,0
20231202,20231202_1_11,20231202_1_11_01,파이널축제,0
20231202,20231202_1_11,20231202_1_11_02,아르고리치,0
20231202,20231202_1_11,20231202_1_11_03,일동박수,0
20231202,20231202_1_11,20231202_1_11_04,원평타운,0
20231202,20231202_1_11,20231202_1_11_05,선더플래시,0
20231202,20231202_1_11,20231202_1_11_06,은빛돌풍,0
20231202,20231202_1_11,20231202_1_11_07,돌격앞으로,0
20231202,20231202_1_11,20231202_1_11_08,뉴질랜드삭스,0
20231202,20231202_1_11,20231202_1_11_09,천둥호랑이,1
20231202,20231202_1_11,20231202_1_11_10,대박스타,0
20231202,20231202_1_11,20231202_1_11_11,에이스군주,0
20231203,20231203_1_01,20231203_1_01_01,다나은렉스,0
20231203,20231203_1_01,20231203_1_01_02,서부특송,0
20231203,20231203_1_01,20231203_1_01_03,섀도헌터,0
20231203,20231203_1_01,20231203_1_01_04,선더스피드,0
20231203,20231203_1_01,20231203_1_01_05,브라이트카이,0
20231203,20231203_1_01,20231203_1_01_06,새내파크,0
20231203,20231203_1_01,20231203_1_01_07,금악진주,0
20231203,20231203_1_01,20231203_1_01_08,부강질주,0
20231203,20231203_1_01,20231203_1_01_09,글로벌코디,0
20231203,20231203_1_01,20231203_1_01_10,벌교베리타스,1
20231203,20231203_1_01,20231203_1_01_11,큐피드미르,0
20231203,20231203_1_01,20231203_1_01_12,에덴의동쪽,0
20231203,20231203_1_02,20231203_1_02_02,참좋은질주,1
20231203,20231203_1_02,20231203_1_02_03,비머네스크,0
20231203,20231203_1_02,20231203_1_02_04,성실대로,0
20231203,20231203_1_02,20231203_1_02_05,캡처,0
20231203,20231203_1_02,20231203_1_02_06,명진불패,0
20231203,20231203_1_02,20231203_1_02_07,메니샤크,0
20231203,20231203_1_02,20231203_1_02_08,런던골드,0
20231203,20231203_1_02,20231203_1_02_09,찬이고,0
20231203,20231203_1_02,20231203_1_02_10,예지몽,0
20231203,20231203_1_03,20231203_1_03_01,기쁨함성,1
20231203,20231203_1_03,20231203_1_03_02,함평파이터,0
20231203,20231203_1_03,20231203_1_03_03,투투선더,0
20231203,20231203_1_03,20231203_1_03_04,베스트위즈,0
20231203,20231203_1_03,20231203_1_03_05,토종글로리,0
20231203,20231203_1_03,20231203_1_03_06,학산마초,0
20231203,20231203_1_03,20231203_1_03_07,은성사랑,0
20231203,20231203_1_03,20231203_1_03_08,라온점프,0
20231203,20231203_1_03,20231203_1_03_09,그레이트스톰,0
20231203,20231203_1_03,20231203_1_03_10,티즈로켓,0
20231203,20231203_1_03,20231203_1_03_11,금성탈환,0
20231203,20231203_1_04,20231203_1_04_01,스타러시,0
20231203,20231203_1_04,20231203_1_04_02,빈체로카발로,1
20231203,20231203_1_04,20231203_1_04_03,실버퍼지,0
20231203,20231203_1_04,20231203_1_04_05,브이퀸,0
20231203,20231203_1_04,20231203_1_04_06,오래다함께,0
20231203,20231203_1_04,20231203_1_04_07,나올대왕,0
20231203,20231203_1_04,20231203_1_04_08,송암아치걸,0
20231203,20231203_1_04,20231203_1_04_09,힐링헤이븐,0
20231203,20231203_1_05,20231203_1_05_01,청계기상,0
20231203,20231203_1_05,20231203_1_05_02,마파람,0
20231203,20231203_1_05,20231203_1_05_03,금세,1
20231203,20231203_1_05,20231203_1_05_04,도끼드래곤,0
20231203,20231203_1_05,20231203_1_05_05,레전드케이,0
20231203,20231203_1_05,20231203_1_05_07,청파의꿈,0
20231203,20231203_1_05,20231203_1_05_08,당찬대보,0
20231203,20231203_1_05,20231203_1_05_09,아가판서스,0
20231203,20231203_1_05,20231203_1_05_10,쓸모,0
20231203,20231203_1_05,20231203_1_05_11,미라클한강,0
20231203,20231203_1_06,20231203_1_06_01,글로벌럭키,0
20231203,20231203_1_06,20231203_1_06_02,봄날의기억,0
20231203,20231203_1_06,20231203_1_06_03,남산러브,0
20231203,20231203_1_06,20231203_1_06_04,티즈에너지,0
20231203,20231203_1_06,20231203_1_06_05,고마나루,0
20231203,20231203_1_06,20231203_1_06_06,매디슨마운틴,0
20231203,20231203_1_06,20231203_1_06_07,화랑투데이,0
20231203,20231203_1_06,20231203_1_06_08,슈퍼엑톤,0
20231203,20231203_1_06,20231203_1_06_09,호크프린스,0
20231203,20231203_1_06,20231203_1_06_10,스프링꿈,0
20231203,20231203_1_06,20231203_1_06_11,금아시크,1
20231203,20231203_1_07,20231203_1_07_01,지모션,0
20231203,20231203_1_07,20231203_1_07_02,논스톱선더,1
20231203,20231203_1_07,20231203_1_07_03,펄포인트,0
20231203,20231203_1_07,20231203_1_07_04,땡큐대천,0
20231203,20231203_1_07,20231203_1_07_05,페더럴킹,0
20231203,20231203_1_07,20231203_1_07_06,송암드래건,0
20231203,20231203_1_07,20231203_1_07_07,오키드밸리,0
20231203,20231203_1_07,20231203_1_07_08,원더풀조이,0
20231203,20231203_1_07,20231203_1_07_09,드림케이,0
20231203,20231203_1_07,20231203_1_07_10,어나더레벨,0
20231203,20231203_1_08,20231203_1_08_01,블루레몬,0
20231203,20231203_1_08,20231203_1_08_02,기분좋은말,0
20231203,20231203_1_08,20231203_1_08_03,스타터,0
20231203,20231203_1_08,20231203_1_08_04,글라디우스,0
20231203,20231203_1_08,20231203_1_08_05,라온더대세,0
20231203,20231203_1_08,20231203_1_08_06,원평리스트,0
20231203,20231203_1_08,20231203_1_08_07,플라잉스타,0
20231203,20231203_1_08,20231203_1_08_08,원더풀파고,0
20231203,20231203_1_08,20231203_1_08_09,걸작원,1
20231203,20231203_1_08,20231203_1_08_10,우와륭,0
20231203,20231203_1_08,20231203_1_08_11,행복한승자,0
20231203,20231203_1_08,20231203_1_08_12,관악산타이거,0
20231203,20231203_1_08,20231203_1_08_13,이클립스베리,0
20231203,20231203_1_08,20231203_1_08_14,풍운지마,0
20231203,20231203_1_09,20231203_1_09_01,금빛마,0
20231203,20231203_1_09,20231203_1_09_02,클레어베스트,0
20231203,20231203_1_09,20231203_1_09_03,영광의미소,0
20231203,20231203_1_09,20231203_1_09_04,신한특송,1
20231203,20231203_1_09,20231203_1_09_05,매직아워,0
20231203,20231203_1_09,20231203_1_09_06,파르키우스,0
20231203,20231203_1_09,20231203_1_09_07,헤이큐피드,0
20231203,20231203_1_09,20231203_1_09_08,터프맨,0
20231203,20231203_1_09,20231203_1_09_09,대완구,0
20231203,20231203_1_09,20231203_1_09_10,장비무지개,0
20231203,20231203_1_09,20231203_1_09_11,스포블레이드,0
20231203,20231203_1_10,20231203_1_10_01,장산포이즌,0
20231203,20231203_1_10,20231203_1_10_02,신의아들,0
20231203,20231203_1_10,20231203_1_10_03,메니챔프,0
20231203,20231203_1_10,20231203_1_10_04,루킹굿,0
20231203,20231203_1_10,20231203_1_10_05,스카이돌풍,0
20231203,20231203_1_10,20231203_1_10_06,천마비상,0
20231203,20231203_1_10,20231203_1_10_07,참좋은친구,0
20231203,20231203_1_10,20231203_1_10_08,라스트펀치,1
20231203,20231203_1_10,20231203_1_10_09,에이스함성,0
20231203,20231203_1_10,20231203_1_10_10,질주본,0
20231203,20231203_1_10,20231203_1_10_11,최강게임,0
20231203,20231203_1_11,20231203_1_11_01,야호골든캣,0
20231203,20231203_1_11,20231203_1_11_02,싱싱메리,1
20231203,20231203_1_11,20231203_1_11_03,황금럭키,0
20231203,20231203_1_11,20231203_1_11_04,스카이망치,0
20231203,20231203_1_11,20231203_1_11_05,그레이캣,0
20231203,20231203_1_11,20231203_1_11_06,록라인,0
20231203,20231203_1_11,20231203_1_11_07,승부사,0
20231203,20231203_1_11,20231203_1_11_08,장산미사일,0
20231203,20231203_1_11,20231203_1_11_09,몬스터케이,0
20231203,20231203_1_11,20231203_1_11_10,라온더제트,0
20231203,20231203_1_11,20231203_1_11_11,문학보스,0
20231209,20231209_1_01,20231209_1_01_01,사하라몬드,0
20231209,20231209_1_01,20231209_1_01_02,티즈모닝,0
20231209,20231209_1_01,20231209_1_01_04,빅토리실버,0
20231209,20231209_1_01,20231209_1_01_05,미스터파워,0
20231209,20231209_1_01,20231209_1_01_06,아크로마린,0
20231209,20231209_1_01,20231209_1_01_07,매직스트롱,1
20231209,20231209_1_01,20231209_1_01_08,강철부대,0
20231209,20231209_1_01,20231209_1_01_09,서니로드,0
20231209,20231209_1_01,20231209_1_01_10,학산대세,0
20231209,20231209_1_01,20231209_1_01_11,내길의캡틴,0
20231209,20231209_1_02,20231209_1_02_01,미스파이널,1
20231209,20231209_1_02,20231209_1_02_02,벨로테로,0
20231209,20231209_1_02,20231209_1_02_04,큐피드라이즈,0
20231209,20231209_1_02,20231209_1_02_05,턴테이블,0
20231209,20231209_1_02,20231209_1_02_06,엘린,0
20231209,20231209_1_02,20231209_1_02_07,강철여걸,0
20231209,20231209_1_02,20231209_1_02_08,넥스트레벨,0
20231209,20231209_1_02,20231209_1_02_09,용비퀸,0
20231209,20231209_1_02,20231209_1_02_10,참좋은인연,0
20231209,20231209_1_02,20231209_1_02_11,카일리,0
20231209,20231209_1_03,20231209_1_03_01,익스펙트,0
20231209,20231209_1_03,20231209_1_03_02,원더풀폭스,1
20231209,20231209_1_03,20231209_1_03_03,베트캡틴,0
20231209,20231209_1_03,20231209_1_03_04,인디언의별,0
20231209,20231209_1_03,20231209_1_03_05,브라보한센,0
20231209,20231209_1_03,20231209_1_03_06,레몬블레이드,0
20231209,20231209_1_03,20231209_1_03_07,세명레이디,0
20231209,20231209_1_03,20231209_1_03_08,스톰가이,0
20231209,20231209_1_03,20231209_1_03_09,클레어파워,0
20231209,20231209_1_04,20231209_1_04_01,송암스카이,0
20231209,20231209_1_04,20231209_1_04_02,금악스타,0
20231209,20231209_1_04,20231209_1_04_03,카리즈마,0
20231209,20231209_1_04,20231209_1_04_04,글로벌찬가,0
20231209,20231209_1_04,20231209_1_04_05,유쾌한사랑,0
20231209,20231209_1_04,20231209_1_04_06,라온에어포스,0
20231209,20231209_1_04,20231209_1_04_07,항구스타,0
20231209,20231209_1_04,20231209_1_04_08,레이디태풍,0
20231209,20231209_1_04,20231209_1_04_09,씽씽씽,1
20231209,20231209_1_05,20231209_1_05_01,금아스테디,0
20231209,20231209_1_05,20231209_1_05_02,피엔에스아이,1
20231209,20231209_1_05,20231209_1_05_03,원스피어,0
20231209,20231209_1_05,20231209_1_05_04,원더풀위싱,0
20231209,20231209_1_05,20231209_1_05_05,에펠탑,0
20231209,20231209_1_05,20231209_1_05_06,원더풀남촌,0
20231209,20231209_1_05,20231209_1_05_07,올가림,0
20231209,20231209_1_05,20231209_1_05_08,희망의찬가,0
20231209,20231209_1_05,20231209_1_05_09,케이엔티즈원,0
20231209,20231209_1_06,20231209_1_06_01,강풍마,0
20231209,20231209_1_06,20231209_1_06_02,걸작선,0
20231209,20231209_1_06,20231209_1_06_03,리버태양,0
20231209,20231209_1_06,20231209_1_06_04,새벽밴드,0
20231209,20231209_1_06,20231209_1_06_05,불곰마드레,1
20231209,20231209_1_06,20231209_1_06_06,하이그랜드,0
20231209,20231209_1_06,20231209_1_06_07,가나패션,0
20231209,20231209_1_06,20231209_1_06_08,블랙건,0
20231209,20231209_1_06,20231209_1_06_09,메니원더풀,0
20231209,20231209_1_06,20231209_1_06_10,베스트전사,0
20231209,20231209_1_07,20231209_1_07_01,천마챗,0
20231209,20231209_1_07,20231209_1_07_02,파인팜,0
20231209,20231209_1_07,20231209_1_07_03,아메리칸포스원,0
20231209,20231209_1_07,20231209_1_07_04,히든브레인,0
20231209,20231209_1_07,20231209_1_07_05,건곤일척,0
20231209,20231209_1_07,20231209_1_07_06,강한퀸,1
20231209,20231209_1_07,20231209_1_07_07,신의이름,0
20231209,20231209_1_07,20231209_1_07_08,굿니센,0
20231209,20231209_1_08,20231209_1_08_01,아르고공주,0
20231209,20231209_1_08,20231209_1_08_02,브라운퀸,0
20231209,20231209_1_08,20231209_1_08_03,비엔토,0
20231209,20231209_1_08,20231209_1_08_04,드림플레이,0
20231209,20231209_1_08,20231209_1_08_05,글로벌선,1
20231209,20231209_1_08,20231209_1_08_06,메니스피어,0
20231209,20231209_1_08,20231209_1_08_07,로열함성,0
20231209,20231209_1_08,20231209_1_08_08,원평퀸,0
20231209,20231209_1_08,20231209_1_08_09,미스찰리,0
20231209,20231209_1_09,20231209_1_09_01,문학송,0
20231209,20231209_1_09,20231209_1_09_02,매직주니어,0
20231209,20231209_1_09,20231209_1_09_03,파이팅대디,0
20231209,20231209_1_09,20231209_1_09_04,리마커블,1
20231209,20231209_1_09,20231209_1_09_05,퀵실버키튼,0
20231209,20231209_1_09,20231209_1_09_06,거센돌풍,0
20231209,20231209_1_09,20231209_1_09_07,엠제이베스트,0
20231209,20231209_1_09,20231209_1_09_08,절대가치,0
20231209,20231209_1_09,20231209_1_09_09,하이러너,0
20231209,20231209_1_09,20231209_1_09_10,히어로사랑,0
20231209,20231209_1_09,20231209_1_09_11,유쾌한날들,0
20231209,20231209_1_10,20231209_1_10_01,에이펙스,0
20231209,20231209_1_10,20231209_1_10_02,광양으뜸,0
20231209,20231209_1_10,20231209_1_10_03,별나라질주,0
20231209,20231209_1_10,20231209_1_10_04,용비서울,0
20231209,20231209_1_10,20231209_1_10_05,글로벌파워,0
20231209,20231209_1_10,20231209_1_10_06,와일드삭스,0
20231209,20231209_1_10,20231209_1_10_07,두손판타스틱,0
20231209,20231209_1_10,20231209_1_10_08,은혜충만,0
20231209,20231209_1_10,20231209_1_10_09,디스챌린지,1
20231209,20231209_1_10,20231209_1_10_10,메디치울프,0
20231209,20231209_1_10,20231209_1_10_11,비제이스톰,0
20231210,20231210_1_01,20231210_1_01_01,분당쓰나미,0
20231210,20231210_1_01,20231210_1_01_02,마이티봄,0
20231210,20231210_1_01,20231210_1_01_03,제이에스파티,0
20231210,20231210_1_01,20231210_1_01_04,굿선봉,1
20231210,20231210_1_01,20231210_1_01_05,금악이글,0
20231210,20231210_1_01,20231210_1_01_06,스트롱블루,0
20231210,20231210_1_01,20231210_1_01_07,에클레어스타,0
20231210,20231210_1_01,20231210_1_01_08,런와일드,0
20231210,20231210_1_01,20231210_1_01_09,피엔에스주,0
20231210,20231210_1_01,20231210_1_01_10,지니어스퀸,0
20231210,20231210_1_01,20231210_1_01_11,더선파이터,0
20231210,20231210_1_02,20231210_1_02_01,스터닝머니,0
20231210,20231210_1_02,20231210_1_02_02,솔레어,0
20231210,20231210_1_02,20231210_1_02_03,토르의망치,0
20231210,20231210_1_02,20231210_1_02_04,메티스선더,0
20231210,20231210_1_02,20231210_1_02_05,제로백포,0
20231210,20231210_1_02,20231210_1_02_06,멸콩,0
20231210,20231210_1_02,20231210_1_02_07,슛업스파크,0
20231210,20231210_1_02,20231210_1_02_08,마이칸,1
20231210,20231210_1_02,20231210_1_02_09,함평호프,0
20231210,20231210_1_02,20231210_1_02_10,용비천,0
20231210,20231210_1_02,20231210_1_02_11,산방봄날,0
20231210,20231210_1_03,20231210_1_03_01,사바나찰리,0
20231210,20231210_1_03,20231210_1_03_02,러브문막,0
20231210,20231210_1_03,20231210_1_03_03,드래곤스퀘어,0
20231210,20231210_1_03,20231210_1_03_04,논스톱플레이,0
20231210,20231210_1_03,20231210_1_03_05,제축일호,0
20231210,20231210_1_03,20231210_1_03_06,골드참,0
20231210,20231210_1_03,20231210_1_03_07,라스트피치,1
20231210,20231210_1_03,20231210_1_03_08,이에이치코코,0
20231210,20231210_1_03,20231210_1_03_09,그래티튜드,0
20231210,20231210_1_04,20231210_1_04_01,위너콜,0
20231210,20231210_1_04,20231210_1_04_02,두손클래식,1
20231210,20231210_1_04,20231210_1_04_03,은성노을,0
20231210,20231210_1_04,20231210_1_04_04,런던에이스,0
20231210,20231210_1_04,20231210_1_04_05,민트플레이,0
20231210,20231210_1_04,20231210_1_04_06,아인슈페너,0
20231210,20231210_1_04,20231210_1_04_07,에코존,0
20231210,20231210_1_04,20231210_1_04_08,굿카보,0
20231210,20231210_1_04,20231210_1_04_09,승리공주,0
20231210,20231210_1_04,20231210_1_04_10,신의함성,0
20231210,20231210_1_05,20231210_1_05_01,물레방아,0
20231210,20231210_1_05,20231210_1_05_02,나올스카이,0
20231210,20231210_1_05,20231210_1_05_03,옥천스나이퍼,1
20231210,20231210_1_05,20231210_1_05_04,콰이어트참,0
20231210,20231210_1_05,20231210_1_05_05,디자이어투윈,0
20231210,20231210_1_05,20231210_1_05_06,플라잉제스트,0
20231210,20231210_1_05,20231210_1_05_07,젤로스,0
20231210,20231210_1_05,20231210_1_05_08,빈체로킹,0
20231210,20231210_1_05,20231210_1_05_09,월드킹맨,0
20231210,20231210_1_05,20231210_1_05_10,차돌런,0
20231210,20231210_1_06,20231210_1_06_01,탄산,0
20231210,20231210_1_06,20231210_1_06_02,검이불루,0
20231210,20231210_1_06,20231210_1_06_03,퍼플윙크,0
20231210,20231210_1_06,20231210_1_06_04,문학센트럴,0
20231210,20231210_1_06,20231210_1_06_05,스터닝레이디,0
20231210,20231210_1_06,20231210_1_06_06,라온탑플레이,1
20231210,20231210_1_06,20231210_1_06_07,화산귀환,0
20231210,20231210_1_06,20231210_1_06_08,선더블루,0
20231210,20231210_1_07,20231210_1_07_01,빛나는질주,0
20231210,20231210_1_07,20231210_1_07_02,록임팩트,1
20231210,20231210_1_07,20231210_1_07_03,펀크레이지,0
20231210,20231210_1_07,20231210_1_07_04,투어퀸,0
20231210,20231210_1_07,20231210_1_07_05,선더호스,0
20231210,20231210_1_07,20231210_1_07_06,원더풀타이쿤,0
20231210,20231210_1_07,20231210_1_07_07,시대의명작,0
20231210,20231210_1_07,20231210_1_07_08,감곡선샤인,0
20231210,20231210_1_07,20231210_1_07_09,아로마,0
20231210,20231210_1_08,20231210_1_08_01,그레이스퀸,0
20231210,20231210_1_08,20231210_1_08_02,컴플리트엔젤,0
20231210,20231210_1_08,20231210_1_08_03,강력한지금,0
20231210,20231210_1_08,20231210_1_08_04,머스탱파워,0
20231210,20231210_1_08,20231210_1_08_05,비트러너,0
20231210,20231210_1_08,20231210_1_08_06,럭셔리캡틴,0
20231210,20231210_1_08,20231210_1_08_07,럭키선,1
20231210,20231210_1_08,20231210_1_08_08,배다리왕자,0
20231210,20231210_1_08,20231210_1_08_09,케이엔언더킹,0
20231210,20231210_1_08,20231210_1_08_10,업타운위즈,0
20231210,20231210_1_09,20231210_1_09_01,나올천지,0
20231210,20231210_1_09,20231210_1_09_02,로터스미르,0
20231210,20231210_1_09,20231210_1_09_03,콩코드퀸,0
20231210,20231210_1_09,20231210_1_09_04,웰빙챔피언,0
20231210,20231210_1_09,20231210_1_09_05,제이트로스,0
20231210,20231210_1_09,20231210_1_09_06,큐피드점보,0
20231210,20231210_1_09,20231210_1_09_07,두손챔프,0
20231210,20231210_1_09,20231210_1_09_08,골드파워,0
20231210,20231210_1_09,20231210_1_09_09,행복한문막,1
20231210,20231210_1_09,20231210_1_09_10,해운대갈매기,0
20231210,20231210_1_09,20231210_1_09_11,돌배,0
20231210,20231210_1_10,20231210_1_10_01,소울메리트,0
20231210,20231210_1_10,20231210_1_10_02,빅스고,1
20231210,20231210_1_10,20231210_1_10_03,마이티수,0
20231210,20231210_1_10,20231210_1_10_04,갤럽컬린,0
20231210,20231210_1_10,20231210_1_10_05,장산몬스터,0
20231210,20231210_1_10,20231210_1_10_06,노던타임,0
20231210,20231210_1_10,20231210_1_10_07,더검푸,0
20231210,20231210_1_10,20231210_1_10_08,용암보스,0
20231210,20231210_1_10,20231210_1_10_09,흑전사,0
20231210,20231210_1_10,20231210_1_10_10,굿필승,0
20231210,20231210_1_10,20231210_1_10_11,큐피드베이브,0
20231216,20231216_1_01,20231216_1_01_01,비바청수,0
20231216,20231216_1_01,20231216_1_01_02,서해바다,0
20231216,20231216_1_01,20231216_1_01_03,스마트노션,0
20231216,20231216_1_01,20231216_1_01_04,메리트선샤인,0
20231216,20231216_1_01,20231216_1_01_05,서머파티,1
20231216,20231216_1_01,20231216_1_01_06,천지마켓,0
20231216,20231216_1_01,20231216_1_01_07,탑다이아,0
20231216,20231216_1_01,20231216_1_01_08,섀클포인트,0
20231216,20231216_1_01,20231216_1_01_09,미스콩코드,0
20231216,20231216_1_01,20231216_1_01_10,원더풀클래시,0
20231216,20231216_1_01,20231216_1_01_11,올아이즈온미,0
20231216,20231216_1_01,20231216_1_01_12,엘리트보스,0
20231216,20231216_1_02,20231216_1_02_01,오섬나탈리,0
20231216,20231216_1_02,20231216_1_02_02,플라잉크루저,0
20231216,20231216_1_02,20231216_1_02_03,나이스빅걸,0
20231216,20231216_1_02,20231216_1_02_04,영웅부활,1
20231216,20231216_1_02,20231216_1_02_05,정성팩터,0
20231216,20231216_1_02,20231216_1_02_06,관악산레오,0
20231216,20231216_1_02,20231216_1_02_07,무한아르고,0
20231216,20231216_1_02,20231216_1_02_08,글로벌클래스,0
20231216,20231216_1_02,20231216_1_02_09,몬탁챗,0
20231216,20231216_1_02,20231216_1_02_10,메이킹스토리,0
20231216,20231216_1_02,20231216_1_02_11,모닝다올,0
20231216,20231216_1_02,20231216_1_02_12,뉴돌콩,0
20231216,20231216_1_03,20231216_1_03_01,새파랑,0
20231216,20231216_1_03,20231216_1_03_02,트라움퀸,0
20231216,20231216_1_03,20231216_1_03_03,달콩,0
20231216,20231216_1_03,20231216_1_03_04,마이티숀,0
20231216,20231216_1_03,20231216_1_03_05,에클레어퓨리,1
20231216,20231216_1_03,20231216_1_03_06,페어스카이즈,0
20231216,20231216_1_03,20231216_1_03_07,하이멜로디,0
20231216,20231216_1_03,20231216_1_03_08,논스톱드림,0
20231216,20231216_1_03,20231216_1_03_09,콜긴,0
20231216,20231216_1_03,20231216_1_03_10,로키킹덤,0
20231216,20231216_1_03,20231216_1_03_11,영원빅맨,0
20231216,20231216_1_03,20231216_1_03_12,나이스치타,0
20231216,20231216_1_04,20231216_1_04_01,더자이언트,0
20231216,20231216_1_04,20231216_1_04_02,아씨장군,0
20231216,20231216_1_04,20231216_1_04_03,플라잉킹,0
20231216,20231216_1_04,20231216_1_04_04,벌교위수,1
20231216,20231216_1_04,20231216_1_04_05,마하여제,0
20231216,20231216_1_04,20231216_1_04_06,순간의찬스,0
20231216,20231216_1_04,20231216_1_04_07,원더풀패스,0
20231216,20231216_1_04,20231216_1_04_08,뷰티풀화성,0
20231216,20231216_1_04,20231216_1_04_09,스터닝챔프,0
20231216,20231216_1_04,20231216_1_04_10,컴플리트파티,0
20231216,20231216_1_04,20231216_1_04_11,히어로질주,0
20231216,20231216_1_05,20231216_1_05_01,리치게이트,0
20231216,20231216_1_05,20231216_1_05_03,강서브이,0
20231216,20231216_1_05,20231216_1_05_04,콜리타스,0
20231216,20231216_1_05,20231216_1_05_05,스트롱참,0
20231216,20231216_1_05,20231216_1_05_06,디바인퓨처즈,0
20231216,20231216_1_05,20231216_1_05_07,퀸오브베스트,1
20231216,20231216_1_05,20231216_1_05_08,레드태풍,0
20231216,20231216_1_05,20231216_1_05_09,갈색향기,0
20231216,20231216_1_05,20231216_1_05_10,새터데이,0
20231216,20231216_1_05,20231216_1_05_11,럭셔리킹,0
20231216,20231216_1_06,20231216_1_06_01,탐라최강자,1
20231216,20231216_1_06,20231216_1_06_02,코리아골드,0
20231216,20231216_1_06,20231216_1_06_03,황우강자,0
20231216,20231216_1_06,20231216_1_06_04,동트자웨이,0
20231216,20231216_1_06,20231216_1_06_05,안양천둥,0
20231216,20231216_1_06,20231216_1_06_06,스프링워터,0
20231216,20231216_1_06,20231216_1_06_07,스마트별,0
20231216,20231216_1_06,20231216_1_06_08,클레어퀸,0
20231216,20231216_1_06,20231216_1_06_09,모닝볼드,0
20231216,20231216_1_06,20231216_1_06_10,천마평정,0
20231216,20231216_1_07,20231216_1_07_01,만대로,0
20231216,20231216_1_07,20231216_1_07_02,아르고무적,0
20231216,20231216_1_07,20231216_1_07_03,스피드원,1
20231216,20231216_1_07,20231216_1_07_04,큐피드보우,0
20231216,20231216_1_07,20231216_1_07_05,골드마이티,0
20231216,20231216_1_07,20231216_1_07_06,갤럭시삭스,0
20231216,20231216_1_07,20231216_1_07_07,파이팅케이,0
20231216,20231216_1_07,20231216_1_07_08,골든스나이퍼,0
20231216,20231216_1_07,20231216_1_07_09,장흥클래스,0
20231216,20231216_1_07,20231216_1_07_10,글로리앤아너,0
20231216,20231216_1_08,20231216_1_08_01,그랜드실버,0
20231216,20231216_1_08,20231216_1_08_02,선더프린스,0
20231216,20231216_1_08,20231216_1_08_03,쌍옥루,0
20231216,20231216_1_08,20231216_1_08_04,그린필스타,0
20231216,20231216_1_08,20231216_1_08_05,우마포이,0
20231216,20231216_1_08,20231216_1_08_06,고스트참,0
20231216,20231216_1_08,20231216_1_08_07,파워에치드,0
20231216,20231216_1_08,20231216_1_08_08,마에스트로,0
20231216,20231216_1_08,20231216_1_08_09,새로운빛깔,1
20231216,20231216_1_08,20231216_1_08_10,불화산,0
20231216,20231216_1_08,20231216_1_08_11,퍼지킹,0
20231216,20231216_1_09,20231216_1_09_01,정상킹덤,0
20231216,20231216_1_09,20231216_1_09_02,성실인동,0
20231216,20231216_1_09,20231216_1_09_03,모닝프린스,0
20231216,20231216_1_09,20231216_1_09_04,봄날의기억,0
20231216,20231216_1_09,20231216_1_09_05,클럽디,0
20231216,20231216_1_09,20231216_1_09_06,이다나은,1
20231216,20231216_1_09,20231216_1_09_07,정우포에버,0
20231216,20231216_1_09,20231216_1_09_08,천군,0
20231216,20231216_1_09,20231216_1_09_09,이글포인트,0
20231216,20231216_1_10,20231216_1_10_01,오천복,0
20231216,20231216_1_10,20231216_1_10_02,퀸톱,0
20231216,20231216_1_10,20231216_1_10_03,나이스태양,0
20231216,20231216_1_10,20231216_1_10_04,패스트트랙,1
20231216,20231216_1_10,20231216_1_10_05,챌린지삭스,0
20231216,20231216_1_10,20231216_1_10_06,시선집중,0
20231216,20231216_1_10,20231216_1_10_07,순간터치,0
20231216,20231216_1_10,20231216_1_10_08,몬스터파워,0
20231216,20231216_1_10,20231216_1_10_09,톱클래스,0
20231216,20231216_1_10,20231216_1_10_10,럭키바운스,0
20231216,20231216_1_10,20231216_1_10_11,나노메타,0
20231216,20231216_1_11,20231216_1_11_01,액티몬,0
20231216,20231216_1_11,20231216_1_11_02,벌말대장,0
20231216,20231216_1_11,20231216_1_11_03,서울탱크,0
20231216,20231216_1_11,20231216_1_11_04,캡틴브라보,0
20231216,20231216_1_11,20231216_1_11_05,플라잉골드,0
20231216,20231216_1_11,20231216_1_11_06,라온더포인트,1
20231216,20231216_1_11,20231216_1_11_07,마이티칩,0
20231216,20231216_1_11,20231216_1_11_08,라누트,0
20231216,20231216_1_11,20231216_1_11_09,베스트탑,0
20231216,20231216_1_11,20231216_1_11_10,아르고스마일,0
20231217,20231217_1_01,20231217_1_01_01,그루퍼,0
20231217,20231217_1_01,20231217_1_01_02,벌교차돌,1
20231217,20231217_1_01,20231217_1_01_03,드림카드,0
20231217,20231217_1_01,20231217_1_01_04,선더드래곤,0
20231217,20231217_1_01,20231217_1_01_05,안양쓰나미,0
20231217,20231217_1_01,20231217_1_01_06,다산질주,0
20231217,20231217_1_01,20231217_1_01_07,스마트알파,0
20231217,20231217_1_01,20231217_1_01_08,파이널고,0
20231217,20231217_1_01,20231217_1_01_09,장비대운,0
20231217,20231217_1_01,20231217_1_01_10,은파파트너,0
20231217,20231217_1_01,20231217_1_01_11,질주천하,0
20231217,20231217_1_02,20231217_1_02_01,아놀드퀸,0
20231217,20231217_1_02,20231217_1_02_02,크로마이트,0
20231217,20231217_1_02,20231217_1_02_03,퍼스트슈,0
20231217,20231217_1_02,20231217_1_02_04,마이원,0
20231217,20231217_1_02,20231217_1_02_05,자이언트포스,1
20231217,20231217_1_02,20231217_1_02_06,블러드마운틴,0
20231217,20231217_1_02,20231217_1_02_07,한강차르,0
20231217,20231217_1_02,20231217_1_02_08,퍼펙트티아라,0
20231217,20231217_1_02,20231217_1_02_09,히어로챔프,0
20231217,20231217_1_02,20231217_1_02_10,함평파이터,0
20231217,20231217_1_02,20231217_1_02_11,새벽불빛,0
20231217,20231217_1_03,20231217_1_03_01,위대한한마,0
20231217,20231217_1_03,20231217_1_03_02,스파크선더,0
20231217,20231217_1_03,20231217_1_03_03,태평무,0
20231217,20231217_1_03,20231217_1_03_04,브라이트한센,1
20231217,20231217_1_03,20231217_1_03_05,런던퀸,0
20231217,20231217_1_03,20231217_1_03_06,승리의영혼,0
20231217,20231217_1_03,20231217_1_03_07,글로리케이,0
20231217,20231217_1_03,20231217_1_03_08,여왕삭스,0
20231217,20231217_1_03,20231217_1_03_09,엑설런트마타,0
20231217,20231217_1_03,20231217_1_03_10,히트플라이,0
20231217,20231217_1_03,20231217_1_03_11,행복여왕,0
20231217,20231217_1_04,20231217_1_04_01,드론킬러,1
20231217,20231217_1_04,20231217_1_04_02,럭키허니,0
20231217,20231217_1_04,20231217_1_04_03,레전드선,0
20231217,20231217_1_04,20231217_1_04_04,히어아이엠,0
20231217,20231217_1_04,20231217_1_04_05,하이파크,0
20231217,20231217_1_04,20231217_1_04_06,정문파파고,0
20231217,20231217_1_04,20231217_1_04_07,빅블레드,0
20231217,20231217_1_04,20231217_1_04_08,포에이스,0
20231217,20231217_1_04,20231217_1_04_09,드림스카이,0
20231217,20231217_1_04,20231217_1_04_10,아치러너,0
20231217,20231217_1_04,20231217_1_04_11,한강파워,0
20231217,20231217_1_05,20231217_1_05_01,밀리언파티,0
20231217,20231217_1_05,20231217_1_05_02,마이센터,1
20231217,20231217_1_05,20231217_1_05_04,플라이데이,0
20231217,20231217_1_05,20231217_1_05_05,마이티쎈,0
20231217,20231217_1_05,20231217_1_05_06,은파마운틴,0
20231217,20231217_1_05,20231217_1_05_07,찬란한불꽃,0
20231217,20231217_1_05,20231217_1_05_08,은파챔피언,0
20231217,20231217_1_05,20231217_1_05_09,신의반전,0
20231217,20231217_1_05,20231217_1_05_10,텐배거,0
20231217,20231217_1_05,20231217_1_05_11,은혜,0
20231217,20231217_1_06,20231217_1_06_01,마이티탭,0
20231217,20231217_1_06,20231217_1_06_02,나노마신,0
20231217,20231217_1_06,20231217_1_06_03,벌교태양,0
20231217,20231217_1_06,20231217_1_06_04,아르고탑,0
20231217,20231217_1_06,20231217_1_06_05,울트라드래곤,0
20231217,20231217_1_06,20231217_1_06_06,굿해피,1
20231217,20231217_1_06,20231217_1_06_07,원더풀퍼지,0
20231217,20231217_1_06,20231217_1_06_08,광치기,0
20231217,20231217_1_06,20231217_1_06_09,우왕륭,0
20231217,20231217_1_06,20231217_1_06_11,대흥클래스,0
20231217,20231217_1_07,20231217_1_07_01,킹에이스,0
20231217,20231217_1_07,20231217_1_07_02,루미너스퀸,0
20231217,20231217_1_07,20231217_1_07_03,쿨프린세스,0
20231217,20231217_1_07,20231217_1_07_04,영영삭스,0
20231217,20231217_1_07,20231217_1_07_05,원더풀데블,0
20231217,20231217_1_07,20231217_1_07_06,대사리,1
20231217,20231217_1_07,20231217_1_07_07,만세,0
20231217,20231217_1_07,20231217_1_07_08,원평코드,0
20231217,20231217_1_07,20231217_1_07_09,카우보이킹,0
20231217,20231217_1_07,20231217_1_07_10,금세다,0
20231217,20231217_1_07,20231217_1_07_11,타이탄삭스,0
20231217,20231217_1_08,20231217_1_08_01,티즈바로우즈,0
20231217,20231217_1_08,20231217_1_08_02,[부산경남]위너스맨,1
20231217,20231217_1_08,20231217_1_08_03,어디가나,0
20231217,20231217_1_08,20231217_1_08_04,치프인디,0
20231217,20231217_1_08,20231217_1_08_05,[부산경남]판타스틱맨,0
20231217,20231217_1_08,20231217_1_08_06,정문사이,0
20231217,20231217_1_08,20231217_1_08_07,[부산경남]글로벌히트,0
20231217,20231217_1_08,20231217_1_08_08,블랙머스크,0
20231217,20231217_1_08,20231217_1_08_09,돌아온뽀빠이,0
20231217,20231217_1_08,20231217_1_08_10,행복왕자,0
20231217,20231217_1_08,20231217_1_08_11,[부산경남]갤럭시로드,0
20231217,20231217_1_08,20231217_1_08_12,백색광채,0
20231217,20231217_1_08,20231217_1_08_13,[부산경남]투혼의반석,0
20231217,20231217_1_08,20231217_1_08_14,브리가디어제너럴,0
20231217,20231217_1_08,20231217_1_08_15,마이티뉴,0
20231217,20231217_1_08,20231217_1_08_16,[부산경남]석세스마초,0
20231217,20231217_1_09,20231217_1_09_01,블랙초콜릿,0
20231217,20231217_1_09,20231217_1_09_02,아이엠짱,1
20231217,20231217_1_09,20231217_1_09_03,드림맥스,0
20231217,20231217_1_09,20231217_1_09_04,아침동자,0
20231217,20231217_1_09,20231217_1_09_05,빅야크,0
20231217,20231217_1_09,20231217_1_09_06,문학스톰,0
20231217,20231217_1_09,20231217_1_09_07,야무진재수,0
20231217,20231217_1_09,20231217_1_09_08,센스쟁이,0
20231217,20231217_1_09,20231217_1_09_09,옥룡,0
20231217,20231217_1_09,20231217_1_09_10,더리퍼,0
20231217,20231217_1_10,20231217_1_10_01,아이스스타,0
20231217,20231217_1_10,20231217_1_10_02,헌터블레이드,0
20231217,20231217_1_10,20231217_1_10_03,타우루스퀸,0
20231217,20231217_1_10,20231217_1_10_04,특급대로,0
20231217,20231217_1_10,20231217_1_10_05,글로벌매직,0
20231217,20231217_1_10,20231217_1_10_06,더스파이커,0
20231217,20231217_1_10,20231217_1_10_07,큐피드워리어,0
20231217,20231217_1_10,20231217_1_10_08,한강보스,1
20231217,20231217_1_10,20231217_1_10_09,파워빅토리,0
20231217,20231217_1_10,20231217_1_10_10,라온더퀄리티,0
20231217,20231217_1_11,20231217_1_11_01,파이어걸,0
20231217,20231217_1_11,20231217_1_11_02,리월마,0
20231217,20231217_1_11,20231217_1_11_03,더퀸저스티스,0
20231217,20231217_1_11,20231217_1_11_04,베스트럭키,0
20231217,20231217_1_11,20231217_1_11_05,스프링킹,0
20231217,20231217_1_11,20231217_1_11_06,문학보스,0
20231217,20231217_1_11,20231217_1_11_07,슈어윈,0
20231217,20231217_1_11,20231217_1_11_08,울프플레이,0
20231217,20231217_1_11,20231217_1_11_09,나올스나이퍼,1
20231217,20231217_1_11,20231217_1_11_10,글로벌영웅,0
20231223,20231223_1_01,20231223_1_01_01,스마트클레어,0
20231223,20231223_1_01,20231223_1_01_02,매직케이,0
20231223,20231223_1_01,20231223_1_01_03,레전드탄생,0
20231223,20231223_1_01,20231223_1_01_04,선더여걸,0
20231223,20231223_1_01,20231223_1_01_05,모모케이,1
20231223,20231223_1_01,20231223_1_01_06,성신천하,0
20231223,20231223_1_01,20231223_1_01_07,은성사랑,0
20231223,20231223_1_01,20231223_1_01_08,멋진최강,0
20231223,20231223_1_01,20231223_1_01_09,드래곤스퀘어,0
20231223,20231223_1_01,20231223_1_01_10,라온스파이크,0
20231223,20231223_1_01,20231223_1_01_11,장군가람,0
20231223,20231223_1_02,20231223_1_02_01,머니터치,0
20231223,20231223_1_02,20231223_1_02_02,토호마켓,0
20231223,20231223_1_02,20231223_1_02_03,스텔스박,0
20231223,20231223_1_02,20231223_1_02_04,온더록스,0
20231223,20231223_1_02,20231223_1_02_05,성실대로,1
20231223,20231223_1_02,20231223_1_02_06,찬이고,0
20231223,20231223_1_02,20231223_1_02_07,제로백포,0
20231223,20231223_1_02,20231223_1_02_08,이스트킹스톤,0
20231223,20231223_1_02,20231223_1_02_09,볼린,0
20231223,20231223_1_02,20231223_1_02_10,로열플러스,0
20231223,20231223_1_02,20231223_1_02_11,정성바이스,0
20231223,20231223_1_03,20231223_1_03_01,라온더판타,1
20231223,20231223_1_03,20231223_1_03_02,동행퍼스트,0
20231223,20231223_1_03,20231223_1_03_03,스피어골드,0
20231223,20231223_1_03,20231223_1_03_04,원평광야,0
20231223,20231223_1_03,20231223_1_03_05,브이퀸,0
20231223,20231223_1_03,20231223_1_03_06,레이디코디,0
20231223,20231223_1_03,20231223_1_03_07,제우시대,0
20231223,20231223_1_03,20231223_1_03_08,다운더존,0
20231223,20231223_1_03,20231223_1_03_10,샤프선샤인,0
20231223,20231223_1_04,20231223_1_04_01,슈팅리버스,0
20231223,20231223_1_04,20231223_1_04_02,짜릿한자유,0
20231223,20231223_1_04,20231223_1_04_03,시티킹,0
20231223,20231223_1_04,20231223_1_04_04,미스하이플라이,0
20231223,20231223_1_04,20231223_1_04_05,큐피드챔프,0
20231223,20231223_1_04,20231223_1_04_06,채플프린세스,0
20231223,20231223_1_04,20231223_1_04_07,스마트블루,0
20231223,20231223_1_04,20231223_1_04_08,스톰브레이커,1
20231223,20231223_1_04,20231223_1_04_09,빅에너지,0
20231223,20231223_1_04,20231223_1_04_10,선더브라보,0
20231223,20231223_1_04,20231223_1_04_11,마구마,0
20231223,20231223_1_05,20231223_1_05_01,골든아너,0
20231223,20231223_1_05,20231223_1_05_02,바이킹하트,0
20231223,20231223_1_05,20231223_1_05_03,데블케이,0
20231223,20231223_1_05,20231223_1_05_04,크레이지러브,0
20231223,20231223_1_05,20231223_1_05_05,쿠레레쿠스,0
20231223,20231223_1_05,20231223_1_05_06,위너영,0
20231223,20231223_1_05,20231223_1_05_07,티즈인디,1
20231223,20231223_1_05,20231223_1_05_08,우청륭,0
20231223,20231223_1_05,20231223_1_05_09,옥천최강,0
20231223,20231223_1_05,20231223_1_05_10,아델머스탱,0
20231223,20231223_1_06,20231223_1_06_01,희망챔프,0
20231223,20231223_1_06,20231223_1_06_02,경부도령,0
20231223,20231223_1_06,20231223_1_06_03,그린백,0
20231223,20231223_1_06,20231223_1_06_04,로열태리,1
20231223,20231223_1_06,20231223_1_06_05,뉴킹맨,0
20231223,20231223_1_06,20231223_1_06_06,왈가닥,0
20231223,20231223_1_06,20231223_1_06_07,찬란한날,0
20231223,20231223_1_06,20231223_1_06_08,위즈러너,0
20231223,20231223_1_06,20231223_1_06_09,황우최강,0
20231223,20231223_1_07,20231223_1_07_01,유정챔프,0
20231223,20231223_1_07,20231223_1_07_02,글로벌강타,0
20231223,20231223_1_07,20231223_1_07_03,자이언트킬링,0
20231223,20231223_1_07,20231223_1_07_04,런던액티브,0
20231223,20231223_1_07,20231223_1_07_05,파워박스,0
20231223,20231223_1_07,20231223_1_07_06,금아얼루어,1
20231223,20231223_1_07,20231223_1_07_07,울트라킹,0
20231223,20231223_1_07,20231223_1_07_08,라온아메리칸,0
20231223,20231223_1_07,20231223_1_07_09,새내파워풀,0
20231224,20231224_1_01,20231224_1_01_01,서천라이언,0
20231224,20231224_1_01,20231224_1_01_02,초코뷰티,0
20231224,20231224_1_01,20231224_1_01_03,베스트토르,0
20231224,20231224_1_01,20231224_1_01_04,금순네,0
20231224,20231224_1_01,20231224_1_01_05,호명퀸,0
20231224,20231224_1_01,20231224_1_01_06,천행챗,0
20231224,20231224_1_01,20231224_1_01_07,성실여걸,0
20231224,20231224_1_01,20231224_1_01_08,로열베스트,0
20231224,20231224_1_01,20231224_1_01_09,스마트월드,0
20231224,20231224_1_01,20231224_1_01_10,피엔에스가자,0
20231224,20231224_1_01,20231224_1_01_11,산삼은함양,1
20231224,20231224_1_02,20231224_1_02_01,한강글로리,0
20231224,20231224_1_02,20231224_1_02_02,금성여제,0
20231224,20231224_1_02,20231224_1_02_03,붉은폭풍,0
20231224,20231224_1_02,20231224_1_02_05,학산대세,0
20231224,20231224_1_02,20231224_1_02_06,서울돌풍,0
20231224,20231224_1_02,20231224_1_02_07,선더에이원,0
20231224,20231224_1_02,20231224_1_02_08,클래스희망,0
20231224,20231224_1_02,20231224_1_02_09,골든볼,0
20231224,20231224_1_02,20231224_1_02_10,세명고스트,0
20231224,20231224_1_02,20231224_1_02_11,골든라인,1
20231224,20231224_1_03,20231224_1_03_01,스타트렉,0
20231224,20231224_1_03,20231224_1_03_02,용비파워,0
20231224,20231224_1_03,20231224_1_03_03,멋진기록,0
20231224,20231224_1_03,20231224_1_03_04,보스베이비,0
20231224,20231224_1_03,20231224_1_03_05,천은총,0
20231224,20231224_1_03,20231224_1_03_06,젤로스,0
20231224,20231224_1_03,20231224_1_03_07,코스모런,0
20231224,20231224_1_03,20231224_1_03_08,스마트태양,1
20231224,20231224_1_03,20231224_1_03_09,세상앞으로,0
20231224,20231224_1_03,20231224_1_03_10,에브리참,0
20231224,20231224_1_04,20231224_1_04_01,큐피드시크,0
20231224,20231224_1_04,20231224_1_04_02,톱티어,0
20231224,20231224_1_04,20231224_1_04_03,용천지상,0
20231224,20231224_1_04,20231224_1_04_04,위너드래건,0
20231224,20231224_1_04,20231224_1_04_05,가나파워,0
20231224,20231224_1_04,20231224_1_04_06,백두멋쟁이,0
20231224,20231224_1_04,20231224_1_04_07,동진특급,0
20231224,20231224_1_04,20231224_1_04_08,라온시티걸,1
20231224,20231224_1_04,20231224_1_04_09,휘파람,0
20231224,20231224_1_04,20231224_1_04_10,내길의위너,0
20231224,20231224_1_05,20231224_1_05_01,내길의퀸,0
20231224,20231224_1_05,20231224_1_05_02,제이에스로드,1
20231224,20231224_1_05,20231224_1_05_03,우주의봄,0
20231224,20231224_1_05,20231224_1_05_04,네모프린스,0
20231224,20231224_1_05,20231224_1_05_05,유니콘히트,0
20231224,20231224_1_05,20231224_1_05_06,킹다이아,0
20231224,20231224_1_05,20231224_1_05_07,울트라삭스,0
20231224,20231224_1_05,20231224_1_05_08,라온더맨,0
20231224,20231224_1_05,20231224_1_05_09,예술이야,0
20231224,20231224_1_05,20231224_1_05_10,화수분,0
20231224,20231224_1_05,20231224_1_05_11,쏘아라투투,0
20231224,20231224_1_06,20231224_1_06_01,어나더레벨,0
20231224,20231224_1_06,20231224_1_06_02,기쁨환호,0
20231224,20231224_1_06,20231224_1_06_03,슈퍼군황,0
20231224,20231224_1_06,20231224_1_06_04,시대의명작,0
20231224,20231224_1_06,20231224_1_06_05,메타블레이드,0
20231224,20231224_1_06,20231224_1_06_06,한강스카이,0
20231224,20231224_1_06,20231224_1_06_07,퍼펙트건맨,0
20231224,20231224_1_06,20231224_1_06_08,불의날개,1
20231224,20231224_1_06,20231224_1_06_09,더트서퍼,0
20231224,20231224_1_07,20231224_1_07_01,레전드데이,0
20231224,20231224_1_07,20231224_1_07_02,장산바다,0
20231224,20231224_1_07,20231224_1_07_03,조이브라더,0
20231224,20231224_1_07,20231224_1_07_04,큐피드미션,0
20231224,20231224_1_07,20231224_1_07_05,라온비트,0
20231224,20231224_1_07,20231224_1_07_06,글로벌보배,0
20231224,20231224_1_07,20231224_1_07_07,코브라볼,0
20231224,20231224_1_07,20231224_1_07_08,파크윈,0
20231224,20231224_1_07,20231224_1_07_09,마이티고,0
20231224,20231224_1_07,20231224_1_07_10,스팟플래터,1
20231224,20231224_1_07,20231224_1_07_11,마이티지,0
20231224,20231224_1_07,20231224_1_07_12,장산레이저,0
20231225,20231225_1_01,20231225_1_01_01,칼리프,0
20231225,20231225_1_01,20231225_1_01_02,비케이벨,0
20231225,20231225_1_01,20231225_1_01_03,주링스카이,0
20231225,20231225_1_01,20231225_1_01_04,테스타블루,0
20231225,20231225_1_01,20231225_1_01_05,모던댄스,0
20231225,20231225_1_01,20231225_1_01_06,글로벌축배,0
20231225,20231225_1_01,20231225_1_01_07,새내비바,1
20231225,20231225_1_01,20231225_1_01_08,라온더오로라,0
20231225,20231225_1_01,20231225_1_01_09,정성타이거,0
20231225,20231225_1_01,20231225_1_01_10,케레르,0
20231225,20231225_1_01,20231225_1_01_11,내추럴사운드,0
20231225,20231225_1_02,20231225_1_02_01,파사루봉,0
20231225,20231225_1_02,20231225_1_02_02,원더풀시킹,0
20231225,20231225_1_02,20231225_1_02_03,내길의리더,0
20231225,20231225_1_02,20231225_1_02_04,총알커널,0
20231225,20231225_1_02,20231225_1_02_05,호명에이스,1
20231225,20231225_1_02,20231225_1_02_06,플라잉라이언,0
20231225,20231225_1_02,20231225_1_02_07,나올탱크,0
20231225,20231225_1_02,20231225_1_02_08,원더풀웰스,0
20231225,20231225_1_02,20231225_1_02_09,마루별,0
20231225,20231225_1_02,20231225_1_02_10,투에이스,0
20231225,20231225_1_02,20231225_1_02_11,원더풀리걸,0
20231225,20231225_1_03,20231225_1_03_01,선갤런트,0
20231225,20231225_1_03,20231225_1_03_02,마루스타,0
20231225,20231225_1_03,20231225_1_03_03,슬램드래곤,0
20231225,20231225_1_03,20231225_1_03_04,대원용마,0
20231225,20231225_1_03,20231225_1_03_05,클로버파티,0
20231225,20231225_1_03,20231225_1_03_06,클레어골드,0
20231225,20231225_1_03,20231225_1_03_07,슛업스파크,0
20231225,20231225_1_03,20231225_1_03_08,뷰티원더풀,0
20231225,20231225_1_03,20231225_1_03_09,레인스타,0
20231225,20231225_1_03,20231225_1_03_10,백룡,0
20231225,20231225_1_03,20231225_1_03_11,원더풀스위트,1
20231225,20231225_1_04,20231225_1_04_01,글로리참,0
20231225,20231225_1_04,20231225_1_04_02,탱글이,0
20231225,20231225_1_04,20231225_1_04_03,비트레이서,0
20231225,20231225_1_04,20231225_1_04_04,런던비상,0
20231225,20231225_1_04,20231225_1_04_05,천마불패,0
20231225,20231225_1_04,20231225_1_04_06,넥스트레벨,0
20231225,20231225_1_04,20231225_1_04_07,카지노스타,1
20231225,20231225_1_04,20231225_1_04_08,골드참,0
20231225,20231225_1_04,20231225_1_04_09,그래티튜드,0
20231225,20231225_1_04,20231225_1_04_10,트레비트,0
20231225,20231225_1_04,20231225_1_04_11,캐츠우먼,0
20231225,20231225_1_05,20231225_1_05_01,메니참,0
20231225,20231225_1_05,20231225_1_05_02,청량산,0
20231225,20231225_1_05,20231225_1_05_03,피닉스클래스,0
20231225,20231225_1_05,20231225_1_05_04,항구스타,0
20231225,20231225_1_05,20231225_1_05_05,트리스탄왕자,0
20231225,20231225_1_05,20231225_1_05_06,뉴포인트,0
20231225,20231225_1_05,20231225_1_05_07,청계기상,0
20231225,20231225_1_05,20231225_1_05_08,마이티캡,0
20231225,20231225_1_05,20231225_1_05_09,레전드케이,1
20231225,20231225_1_06,20231225_1_06_01,남산무적,0
20231225,20231225_1_06,20231225_1_06_02,희망워리어,0
20231225,20231225_1_06,20231225_1_06_03,디자이어투윈,0
20231225,20231225_1_06,20231225_1_06_04,사랑다모아,0
20231225,20231225_1_06,20231225_1_06_05,클라우터,0
20231225,20231225_1_06,20231225_1_06_06,피엔에스빌,0
20231225,20231225_1_06,20231225_1_06_07,컴플리트리더,0
20231225,20231225_1_06,20231225_1_06_08,작두콩,1
20231225,20231225_1_06,20231225_1_06_09,최강나이스,0
20231225,20231225_1_06,20231225_1_06_10,피엔에스더킹,0
20231225,20231225_1_07,20231225_1_07_01,아로마,0
20231225,20231225_1_07,20231225_1_07_02,미스윈스타,0
20231225,20231225_1_07,20231225_1_07_03,금성스피드,0
20231225,20231225_1_07,20231225_1_07_04,마이티큐,0
20231225,20231225_1_07,20231225_1_07_05,고고스타,0
20231225,20231225_1_07,20231225_1_07_06,우루스퀸,0
20231225,20231225_1_07,20231225_1_07_07,미스큐피드,0
20231225,20231225_1_07,20231225_1_07_08,멋진강호,0
20231225,20231225_1_07,20231225_1_07_09,엑톤질주,0
20231225,20231225_1_07,20231225_1_07_10,정상에이스,0
20231225,20231225_1_07,20231225_1_07_11,카우보이탱고,1
20231225,20231225_1_08,20231225_1_08_01,다이아키,0
20231225,20231225_1_08,20231225_1_08_02,오라칸,0
20231225,20231225_1_08,20231225_1_08_03,걸작드림,0
20231225,20231225_1_08,20231225_1_08_04,블루밍스타,0
20231225,20231225_1_08,20231225_1_08_05,메니스피어,0
20231225,20231225_1_08,20231225_1_08_06,시크릿플레이,1
20231225,20231225_1_08,20231225_1_08_07,피어리스,0
20231225,20231225_1_08,20231225_1_08_08,금성세계,0
20231225,20231225_1_08,20231225_1_08_09,도리포,0
20231225,20231225_1_08,20231225_1_08_10,불의여왕,0
20231225,20231225_1_08,20231225_1_08_11,한강질주,0
20231225,20231225_1_09,20231225_1_09_01,파이널축제,0
20231225,20231225_1_09,20231225_1_09_03,미르포인트,0
20231225,20231225_1_09,20231225_1_09_04,주몽천하,0
20231225,20231225_1_09,20231225_1_09_05,황금꽃,0
20231225,20231225_1_09,20231225_1_09_06,케이프렌지,0
20231225,20231225_1_09,20231225_1_09_07,일동박수,0
20231225,20231225_1_09,20231225_1_09_08,킹스아이,0
20231225,20231225_1_09,20231225_1_09_09,거센반격,1
20231225,20231225_1_09,20231225_1_09_10,금아파이어리,0
20231225,20231225_1_09,20231225_1_09_11,블랙루키,0
20231225,20231225_1_10,20231225_1_10_01,뉴문워리어,0
20231225,20231225_1_10,20231225_1_10_02,마이티웰,0
20231225,20231225_1_10,20231225_1_10_03,논스톱기상,0
20231225,20231225_1_10,20231225_1_10_04,퓨리오사,0
20231225,20231225_1_10,20231225_1_10_05,탭다운,0
20231225,20231225_1_10,20231225_1_10_06,위너블루,1
20231225,20231225_1_10,20231225_1_10_07,화이트참,0
20231225,20231225_1_10,20231225_1_10_08,머니장군,0
20231225,20231225_1_10,20231225_1_10_09,에이피파텍,0
20231225,20231225_1_11,20231225_1_11_01,파워풀화성,0
20231225,20231225_1_11,20231225_1_11_02,선포레,0
20231225,20231225_1_11,20231225_1_11_03,티나케이,0
20231225,20231225_1_11,20231225_1_11_04,도깨비,0
20231225,20231225_1_11,20231225_1_11_05,이스트점프,0
20231225,20231225_1_11,20231225_1_11_06,히어로레전드,0
20231225,20231225_1_11,20231225_1_11_07,탱자,1
20231225,20231225_1_11,20231225_1_11_08,터보삭스,0
20231225,20231225_1_11,20231225_1_11_09,키스유니버스,0
20231225,20231225_1_11,20231225_1_11_10,컴플리트드림,0
20231225,20231225_1_11,20231225_1_11_11,빅토리히트,0
20231225,20231225_1_12,20231225_1_12_01,마이티룩,0
20231225,20231225_1_12,20231225_1_12_02,최강블레이드,0
20231225,20231225_1_12,20231225_1_12_03,어서말을해,0
20231225,20231225_1_12,20231225_1_12_04,한강에이스,0
20231225,20231225_1_12,20231225_1_12_05,동진최강,0
20231225,20231225_1_12,20231225_1_12_06,새내퀸,1
20231225,20231225_1_12,20231225_1_12_07,도끼불패,0
20231225,20231225_1_12,20231225_1_12_08,라온더골드,0
20231225,20231225_1_12,20231225_1_12_09,베스트천상,0
20231225,20231225_1_12,20231225_1_12_10,대물,0
20231225,20231225_1_12,20231225_1_12_11,선더타임,0
20231230,20231230_1_01,20231230_1_01_01,슈퍼블루문,0
20231230,20231230_1_01,20231230_1_01_02,스페셜힐,0
20231230,20231230_1_01,20231230_1_01_03,비트영웅,0
20231230,20231230_1_01,20231230_1_01_04,드래곤판타지,0
20231230,20231230_1_01,20231230_1_01_05,히퍼드롬,0
20231230,20231230_1_01,20231230_1_01_06,엔트로피,1
20231230,20231230_1_01,20231230_1_01_07,브리도선더,0
20231230,20231230_1_01,20231230_1_01_08,맥스위크,0
20231230,20231230_1_01,20231230_1_01_09,엘리트피스,0
20231230,20231230_1_01,20231230_1_01_10,레전드탑,0
20231230,20231230_1_01,20231230_1_01_11,서부챔프,0
20231230,20231230_1_02,20231230_1_02_01,초강불패,0
20231230,20231230_1_02,20231230_1_02_02,루비포트,0
20231230,20231230_1_02,20231230_1_02_03,다나은렉스,0
20231230,20231230_1_02,20231230_1_02_04,당찬낭보,0
20231230,20231230_1_02,20231230_1_02_05,라온더시대,1
20231230,20231230_1_02,20231230_1_02_06,핑크윈드,0
20231230,20231230_1_02,20231230_1_02_07,필승마,0
20231230,20231230_1_02,20231230_1_02_08,그린콩코드,0
20231230,20231230_1_02,20231230_1_02_09,천린,0
20231230,20231230_1_02,20231230_1_02_10,플라잉커맨드,0
20231230,20231230_1_02,20231230_1_02_11,선샤인퀸,0
20231230,20231230_1_03,20231230_1_03_01,제라퀸,0
20231230,20231230_1_03,20231230_1_03_02,투아레그나인,0
20231230,20231230_1_03,20231230_1_03_03,신풍여걸,0
20231230,20231230_1_03,20231230_1_03_04,용비수,0
20231230,20231230_1_03,20231230_1_03_05,비카나르마,0
20231230,20231230_1_03,20231230_1_03_06,글로벌코디,0
20231230,20231230_1_03,20231230_1_03_07,대륜태양,0
20231230,20231230_1_03,20231230_1_03_08,대물삭스,0
20231230,20231230_1_03,20231230_1_03_09,그레이트스톰,0
20231230,20231230_1_03,20231230_1_03_10,금성탈환,0
20231230,20231230_1_03,20231230_1_03_11,명진불패,1
20231230,20231230_1_04,20231230_1_04_01,스위치송,0
20231230,20231230_1_04,20231230_1_04_02,강철드래곤,0
20231230,20231230_1_04,20231230_1_04_03,창조의기둥,0
20231230,20231230_1_04,20231230_1_04_04,용비천,0
20231230,20231230_1_04,20231230_1_04_05,원더풀룰즈,0
20231230,20231230_1_04,20231230_1_04_06,러브문막,1
20231230,20231230_1_04,20231230_1_04_07,신의운명,0
20231230,20231230_1_04,20231230_1_04_08,스터닝서브,0
20231230,20231230_1_04,20231230_1_04_09,플랜비,0
20231230,20231230_1_04,20231230_1_04_10,예지몽,0
20231230,20231230_1_04,20231230_1_04_11,사려니포아너,0
20231230,20231230_1_05,20231230_1_05_01,콰이어트참,0
20231230,20231230_1_05,20231230_1_05_02,아치메모리,0
20231230,20231230_1_05,20231230_1_05_03,브라이트위너,0
20231230,20231230_1_05,20231230_1_05_04,럭셔리킹,0
20231230,20231230_1_05,20231230_1_05_05,누리데이,0
20231230,20231230_1_05,20231230_1_05_06,에코존,0
20231230,20231230_1_05,20231230_1_05_07,송암레이서,1
20231230,20231230_1_05,20231230_1_05_08,알사이먼,0
20231230,20231230_1_05,20231230_1_05_09,무장,0
20231230,20231230_1_05,20231230_1_05_10,월드킹맨,0
20231230,20231230_1_05,20231230_1_05_11,검의전설,0
20231230,20231230_1_06,20231230_1_06_01,월드섀넌스,1
20231230,20231230_1_06,20231230_1_06_02,신의함성,0
20231230,20231230_1_06,20231230_1_06_03,파인데이,0
20231230,20231230_1_06,20231230_1_06_04,스터닝스카이,0
20231230,20231230_1_06,20231230_1_06_05,라온더코브라,0
20231230,20231230_1_06,20231230_1_06_06,빛의카,0
20231230,20231230_1_06,20231230_1_06_07,피지블레이드,0
20231230,20231230_1_06,20231230_1_06_08,우주전쟁,0
20231230,20231230_1_06,20231230_1_06_09,천리총,0
20231230,20231230_1_06,20231230_1_06_10,프레시맨,0
20231230,20231230_1_06,20231230_1_06_11,포르투나,0
20231230,20231230_1_07,20231230_1_07_01,원더풀티지,0
20231230,20231230_1_07,20231230_1_07_02,스탠바이미,1
20231230,20231230_1_07,20231230_1_07_03,하트시그널,0
20231230,20231230_1_07,20231230_1_07_04,너를응원해,0
20231230,20231230_1_07,20231230_1_07_05,질주에바다,0
20231230,20231230_1_07,20231230_1_07_06,갤럭시삭스,0
20231230,20231230_1_07,20231230_1_07_07,원더풀파고,0
20231230,20231230_1_07,20231230_1_07_08,메이드스타,0
20231230,20231230_1_07,20231230_1_07_09,바람살,0
20231230,20231230_1_07,20231230_1_07_10,파워에치드,0
20231230,20231230_1_07,20231230_1_07_11,대지의여걸,0
20231230,20231230_1_08,20231230_1_08_01,럭셔리캡틴,0
20231230,20231230_1_08,20231230_1_08_02,메니챔프,0
20231230,20231230_1_08,20231230_1_08_03,머니가락,0
20231230,20231230_1_08,20231230_1_08_04,나의나라,0
20231230,20231230_1_08,20231230_1_08_05,타이탄삭스,0
20231230,20231230_1_08,20231230_1_08_06,원더풀위크,0
20231230,20231230_1_08,20231230_1_08_07,드래곤스타,1
20231230,20231230_1_08,20231230_1_08_08,지모션,0
20231230,20231230_1_08,20231230_1_08_09,청산영웅,0
20231230,20231230_1_08,20231230_1_08_10,슈퍼피니시,0
20231230,20231230_1_09,20231230_1_09_01,월드베리언스,0
20231230,20231230_1_09,20231230_1_09_03,금성시대,0
20231230,20231230_1_09,20231230_1_09_04,별나라비마,0
20231230,20231230_1_09,20231230_1_09_05,파워군주,1
20231230,20231230_1_09,20231230_1_09_06,그린폭주,0
20231230,20231230_1_09,20231230_1_09_07,금전사,0
20231230,20231230_1_09,20231230_1_09_08,원평타운,0
20231230,20231230_1_09,20231230_1_09_09,파워풀삭스,0
20231230,20231230_1_09,20231230_1_09_10,히든블레이드,0
20231230,20231230_1_09,20231230_1_09_11,비엔토,0
20231230,20231230_1_10,20231230_1_10_01,유니콘킹덤,0
20231230,20231230_1_10,20231230_1_10_02,낭주여걸,0
20231230,20231230_1_10,20231230_1_10_03,한강히어로,1
20231230,20231230_1_10,20231230_1_10_04,이무기,0
20231230,20231230_1_10,20231230_1_10_05,트로트퀸,0
20231230,20231230_1_10,20231230_1_10_07,블랙모션,0
20231230,20231230_1_10,20231230_1_10_08,아깽이,0
20231230,20231230_1_10,20231230_1_10_09,더페이버릿,0
20231230,20231230_1_10,20231230_1_10_10,그린실드,0
20231230,20231230_1_10,20231230_1_10_11,큐피드비상,0
20231230,20231230_1_11,20231230_1_11_01,라온더펄,0
20231230,20231230_1_11,20231230_1_11_02,스퍼트빗,0
20231230,20231230_1_11,20231230_1_11_03,천지광풍,0
20231230,20231230_1_11,20231230_1_11_04,매직그레이스,0
20231230,20231230_1_11,20231230_1_11_05,폴인러브,1
20231230,20231230_1_11,20231230_1_11_06,논스톱선더,0
20231230,20231230_1_11,20231230_1_11_07,그레이트선더,0
20231230,20231230_1_11,20231230_1_11_08,정상제트,0
20231230,20231230_1_11,20231230_1_11_09,머니크라운,0
20231230,20231230_1_11,20231230_1_11_10,히어로파이터,0
20231231,20231231_1_01,20231231_1_01_01,국대파이터,0
20231231,20231231_1_01,20231231_1_01_02,에클레어파워,0
20231231,20231231_1_01,20231231_1_01_03,하이엔드,0
20231231,20231231_1_01,20231231_1_01_04,동진불패,0
20231231,20231231_1_01,20231231_1_01_05,세광질주,0
20231231,20231231_1_01,20231231_1_01_06,크라운함성,1
20231231,20231231_1_01,20231231_1_01_07,강한누리,0
20231231,20231231_1_01,20231231_1_01_08,오섬브레인,0
20231231,20231231_1_01,20231231_1_01_09,벌교삼족오,0
20231231,20231231_1_01,20231231_1_01_10,인피니트아너,0
20231231,20231231_1_01,20231231_1_01_11,영광의월드,0
20231231,20231231_1_01,20231231_1_01_12,라온파라노마,0
20231231,20231231_1_02,20231231_1_02_01,천구챗,0
20231231,20231231_1_02,20231231_1_02_02,에덴의동쪽,1
20231231,20231231_1_02,20231231_1_02_03,블루레이서,0
20231231,20231231_1_02,20231231_1_02_04,논스톱열차,0
20231231,20231231_1_02,20231231_1_02_05,제너럴파워,0
20231231,20231231_1_02,20231231_1_02_07,오송의별,0
20231231,20231231_1_02,20231231_1_02_08,은파조이,0
20231231,20231231_1_02,20231231_1_02_09,글로벌메니,0
20231231,20231231_1_02,20231231_1_02_10,강한번개,0
20231231,20231231_1_02,20231231_1_02_11,엑설런트탄,0
20231231,20231231_1_03,20231231_1_03_01,토종글로리,0
20231231,20231231_1_03,20231231_1_03_02,샤우트쿠로,0
20231231,20231231_1_03,20231231_1_03_03,나라올라,0
20231231,20231231_1_03,20231231_1_03_04,선라이즈고,0
20231231,20231231_1_03,20231231_1_03_05,배다리향기,0
20231231,20231231_1_03,20231231_1_03_06,성실파워,0
20231231,20231231_1_03,20231231_1_03_07,네이비크롬,0
20231231,20231231_1_03,20231231_1_03_08,갈색도전자,0
20231231,20231231_1_03,20231231_1_03_09,학산마초,0
20231231,20231231_1_03,20231231_1_03_10,아치신,0
20231231,20231231_1_03,20231231_1_03_11,원평강자,1
20231231,20231231_1_04,20231231_1_04_01,거센챔프,0
20231231,20231231_1_04,20231231_1_04_02,리얼팩,0
20231231,20231231_1_04,20231231_1_04_03,미래타워,0
20231231,20231231_1_04,20231231_1_04_04,네모스피릿,0
20231231,20231231_1_04,20231231_1_04_05,스타러시,0
20231231,20231231_1_04,20231231_1_04_06,행운바람,0
20231231,20231231_1_04,20231231_1_04_07,달맞이,1
20231231,20231231_1_04,20231231_1_04_08,위즈업,0
20231231,20231231_1_04,20231231_1_04_09,럭키크라운,0
20231231,20231231_1_04,20231231_1_04_10,블랙벨트,0
20231231,20231231_1_04,20231231_1_04_11,다온디,0
20231231,20231231_1_05,20231231_1_05_01,배다리쾌검,0
20231231,20231231_1_05,20231231_1_05_02,드림타임,0
20231231,20231231_1_05,20231231_1_05_03,해피플레이,0
20231231,20231231_1_05,20231231_1_05_04,스마트삭스,0
20231231,20231231_1_05,20231231_1_05_05,티파니블루,0
20231231,20231231_1_05,20231231_1_05_06,지르콘,0
20231231,20231231_1_05,20231231_1_05_07,천둥오름,0
20231231,20231231_1_05,20231231_1_05_08,천존챗,0
20231231,20231231_1_05,20231231_1_05_09,걸작스카이,0
20231231,20231231_1_05,20231231_1_05_10,해피익투스,0
20231231,20231231_1_05,20231231_1_05_11,참좋은질주,1
20231231,20231231_1_06,20231231_1_06_01,엘리트로열,0
20231231,20231231_1_06,20231231_1_06_02,청파의꿈,0
20231231,20231231_1_06,20231231_1_06_03,럭키파티,1
20231231,20231231_1_06,20231231_1_06_04,새내칸,0
20231231,20231231_1_06,20231231_1_06_05,걸작으뜸,0
20231231,20231231_1_06,20231231_1_06_06,우루스칸,0
20231231,20231231_1_06,20231231_1_06_07,오스틴리더,0
20231231,20231231_1_06,20231231_1_06_09,바로챔피언,0
20231231,20231231_1_06,20231231_1_06_10,매직모카신,0
20231231,20231231_1_06,20231231_1_06_11,스마트캣,0
20231231,20231231_1_07,20231231_1_07_01,굿니센,0
20231231,20231231_1_07,20231231_1_07_02,땡큐대천,0
20231231,20231231_1_07,20231231_1_07_03,블루인디,0
20231231,20231231_1_07,20231231_1_07_04,라온더찰리,0
20231231,20231231_1_07,20231231_1_07_05,아르고리치,1
20231231,20231231_1_07,20231231_1_07_06,펄포인트,0
20231231,20231231_1_07,20231231_1_07_07,자이언트펀치,0
20231231,20231231_1_07,20231231_1_07_08,페더럴킹,0
20231231,20231231_1_07,20231231_1_07_09,금성맨,0
20231231,20231231_1_07,20231231_1_07_10,원더풀조이,0
20231231,20231231_1_08,20231231_1_08_01,록파이터,0
20231231,20231231_1_08,20231231_1_08_02,화씨벽,0
20231231,20231231_1_08,20231231_1_08_03,베링맨,1
20231231,20231231_1_08,20231231_1_08_04,글로벌럭키,0
20231231,20231231_1_08,20231231_1_08_05,드림맥스,0
20231231,20231231_1_08,20231231_1_08_06,룰즈클래스,0
20231231,20231231_1_08,20231231_1_08_07,금아시크,0
20231231,20231231_1_08,20231231_1_08_08,호크프린스,0
20231231,20231231_1_09,20231231_1_09_01,울트라갤럭시,0
20231231,20231231_1_09,20231231_1_09_02,천마비상,0
20231231,20231231_1_09,20231231_1_09_03,록라인,0
20231231,20231231_1_09,20231231_1_09_04,콩코드스퍼트,0
20231231,20231231_1_09,20231231_1_09_05,더블에지,0
20231231,20231231_1_09,20231231_1_09_06,최강게임,1
20231231,20231231_1_09,20231231_1_09_07,금아애크미,0
20231231,20231231_1_09,20231231_1_09_08,사이먼퀸,0
20231231,20231231_1_09,20231231_1_09_09,마이티굿,0
20231231,20231231_1_09,20231231_1_09_10,에이스함성,0
20231231,20231231_1_10,20231231_1_10_01,이스트웨스트,0
20231231,20231231_1_10,20231231_1_10_02,은혜드림,0
20231231,20231231_1_10,20231231_1_10_04,태칸,0
20231231,20231231_1_10,20231231_1_10_05,스카이함성,0
20231231,20231231_1_10,20231231_1_10_06,라온엠파이어,0
20231231,20231231_1_10,20231231_1_10_07,스프링꿈,0
20231231,20231231_1_10,20231231_1_10_08,걸작선,0
20231231,20231231_1_10,20231231_1_10_09,캡틴삼칠이,1
20231231,20231231_1_10,20231231_1_10_10,케이엔골든킹,0
20231231,20231231_1_10,20231231_1_10_11,창조의아침,0
20231231,20231231_1_11,20231231_1_11_01,용비서울,0
20231231,20231231_1_11,20231231_1_11_02,파노라마킹,0
20231231,20231231_1_11,20231231_1_11_03,파르키우스,1
20231231,20231231_1_11,20231231_1_11_04,유쾌한날들,0
20231231,20231231_1_11,20231231_1_11_05,라온더하이맨,0
20231231,20231231_1_11,20231231_1_11_06,아라챔프,0
20231231,20231231_1_11,20231231_1_11_07,와일드삭스,0
20231231,20231231_1_11,20231231_1_11_08,거센돌풍,0
20231231,20231231_1_11,20231231_1_11_09,문학송,0
20231231,20231231_1_11,20231231_1_11_10,광양으뜸,0
20231231,20231231_1_11,20231231_1_11_11,블랙초콜릿,0
20240106,20240106_1_01,20240106_1_01_01,한강캡틴,0
20240106,20240106_1_01,20240106_1_01_02,비트오션,0
20240106,20240106_1_01,20240106_1_01_03,울트라망치,0
20240106,20240106_1_01,20240106_1_01_04,핑크골드,0
20240106,20240106_1_01,20240106_1_01_05,히어로나라,0
20240106,20240106_1_01,20240106_1_01_06,엠케이리,0
20240106,20240106_1_01,20240106_1_01_07,레이디폭스,0
20240106,20240106_1_01,20240106_1_01_08,하이스트타임,0
20240106,20240106_1_01,20240106_1_01_09,서부특송,1
20240106,20240106_1_01,20240106_1_01_10,최강타임,0
20240106,20240106_1_01,20240106_1_01_11,금악명장,0
20240106,20240106_1_01,20240106_1_01_12,영원포텐,0
20240106,20240106_1_02,20240106_1_02_01,브라이트카이,0
20240106,20240106_1_02,20240106_1_02_02,캡처,0
20240106,20240106_1_02,20240106_1_02_03,골드베르크,1
20240106,20240106_1_02,20240106_1_02_04,턴테이블,0
20240106,20240106_1_02,20240106_1_02_05,삼애번쩍,0
20240106,20240106_1_02,20240106_1_02_06,퀸아비게일,0
20240106,20240106_1_02,20240106_1_02_08,벨로테로,0
20240106,20240106_1_02,20240106_1_02_09,위즈러버,0
20240106,20240106_1_02,20240106_1_02_10,런던골드,0
20240106,20240106_1_02,20240106_1_02_11,원더풀스피릿,0
20240106,20240106_1_04,20240106_1_04_01,브라보한센,0
20240106,20240106_1_04,20240106_1_04_02,금빛강호,0
20240106,20240106_1_04,20240106_1_04_03,마이칸,1
20240106,20240106_1_04,20240106_1_04_04,나올스카이,0
20240106,20240106_1_04,20240106_1_04_05,라온더대세,0
20240106,20240106_1_04,20240106_1_04_06,세명레이디,0
20240106,20240106_1_04,20240106_1_04_07,클레어파워,0
20240106,20240106_1_04,20240106_1_04_08,차돌런,0
20240106,20240106_1_04,20240106_1_04_09,빅에너지,0
20240106,20240106_1_04,20240106_1_04_10,로터스미르,0
20240106,20240106_1_04,20240106_1_04_11,원스피어,0
20240106,20240106_1_05,20240106_1_05_01,베스트클론,0
20240106,20240106_1_05,20240106_1_05_02,민트플레이,0
20240106,20240106_1_05,20240106_1_05_03,금악다이아,0
20240106,20240106_1_05,20240106_1_05_04,기쁨함성,0
20240106,20240106_1_05,20240106_1_05_05,글로벌진격,0
20240106,20240106_1_05,20240106_1_05_06,서울최강자,0
20240106,20240106_1_05,20240106_1_05_07,벌교베리타스,0
20240106,20240106_1_05,20240106_1_05_08,골든드래곤,1
20240106,20240106_1_06,20240106_1_06_01,스프링워터,0
20240106,20240106_1_06,20240106_1_06_02,검이불루,0
20240106,20240106_1_06,20240106_1_06_03,황우강자,0
20240106,20240106_1_06,20240106_1_06_04,마파람,0
20240106,20240106_1_06,20240106_1_06_05,성실영웅,0
20240106,20240106_1_06,20240106_1_06_06,화산귀환,0
20240106,20240106_1_06,20240106_1_06_07,미라클한강,1
20240106,20240106_1_06,20240106_1_06_08,쓸모,0
20240106,20240106_1_06,20240106_1_06_09,메니샤크,0
20240106,20240106_1_06,20240106_1_06_10,내길의캡틴,0
20240106,20240106_1_06,20240106_1_06_11,라온에어포스,0
20240106,20240106_1_07,20240106_1_07_01,초인강자,0
20240106,20240106_1_07,20240106_1_07_02,문학이글,0
20240106,20240106_1_07,20240106_1_07_03,아르고공주,0
20240106,20240106_1_07,20240106_1_07_04,뉴질랜드삭스,0
20240106,20240106_1_07,20240106_1_07_05,몬스터파워,0
20240106,20240106_1_07,20240106_1_07_06,마이티짱,0
20240106,20240106_1_07,20240106_1_07_07,럭키붐,0
20240106,20240106_1_07,20240106_1_07_08,킹칼레,0
20240106,20240106_1_07,20240106_1_07_09,남산주몽,1
20240106,20240106_1_07,20240106_1_07_10,컴플리트스텝,0
20240106,20240106_1_08,20240106_1_08_02,선더플래시,0
20240106,20240106_1_08,20240106_1_08_03,로키킹덤,0
20240106,20240106_1_08,20240106_1_08_05,베스트전사,0
20240106,20240106_1_08,20240106_1_08_06,리버태양,1
20240106,20240106_1_08,20240106_1_08_07,에이스군주,0
20240106,20240106_1_08,20240106_1_08_08,성은크라운,0
20240106,20240106_1_08,20240106_1_08_09,태양타고,0
20240106,20240106_1_08,20240106_1_08_10,신의이름,0
20240106,20240106_1_08,20240106_1_08_11,걸작최강,0
20240106,20240106_1_09,20240106_1_09_01,비전파워,0
20240106,20240106_1_09,20240106_1_09_02,랠리퀸,0
20240106,20240106_1_09,20240106_1_09_03,빈체로카발로,0
20240106,20240106_1_09,20240106_1_09_04,미스터퀄리티,0
20240106,20240106_1_09,20240106_1_09_05,원평리스트,1
20240106,20240106_1_09,20240106_1_09_06,블루레몬,0
20240106,20240106_1_09,20240106_1_09_07,시선집중,0
20240106,20240106_1_09,20240106_1_09_08,아인슈페너,0
20240106,20240106_1_09,20240106_1_09_09,원평퀸,0
20240106,20240106_1_10,20240106_1_10_01,용호지마,0
20240106,20240106_1_10,20240106_1_10_02,스포블레이드,0
20240106,20240106_1_10,20240106_1_10_03,아침함성,0
20240106,20240106_1_10,20240106_1_10_04,파이어파워,0
20240106,20240106_1_10,20240106_1_10_05,원더풀인디,1
20240106,20240106_1_10,20240106_1_10_06,빅야크,0
20240106,20240106_1_10,20240106_1_10_07,센스쟁이,0
20240106,20240106_1_10,20240106_1_10_08,심플스타일,0
20240106,20240106_1_11,20240106_1_11_01,장산미사일,1
20240106,20240106_1_11,20240106_1_11_02,신의아들,0
20240106,20240106_1_11,20240106_1_11_03,플라잉골드,0
20240106,20240106_1_11,20240106_1_11_04,러블리케이,0
20240106,20240106_1_11,20240106_1_11_05,벌말대장,0
20240106,20240106_1_11,20240106_1_11_06,문학보스,0
20240106,20240106_1_11,20240106_1_11_07,모닝힐,0
20240106,20240106_1_11,20240106_1_11_08,컴플리트타임,0
20240106,20240106_1_11,20240106_1_11_09,두손멍군,0
20240107,20240107_1_01,20240107_1_01_01,에클레어스타,0
20240107,20240107_1_01,20240107_1_01_02,행복한버미,0
20240107,20240107_1_01,20240107_1_01_03,제축일호,0
20240107,20240107_1_01,20240107_1_01_04,큐피드라이즈,0
20240107,20240107_1_01,20240107_1_01_05,슛업스파크,0
20240107,20240107_1_01,20240107_1_01_06,하트케이,1
20240107,20240107_1_01,20240107_1_01_07,흥행불패,0
20240107,20240107_1_01,20240107_1_01_08,비트레이서,0
20240107,20240107_1_01,20240107_1_01_09,이에이치코코,0
20240107,20240107_1_02,20240107_1_02_01,더선파이터,1
20240107,20240107_1_02,20240107_1_02_02,미스터파워,0
20240107,20240107_1_02,20240107_1_02_03,마루스타,0
20240107,20240107_1_02,20240107_1_02_04,퍼스트슈,0
20240107,20240107_1_02,20240107_1_02_05,샤크텐,0
20240107,20240107_1_02,20240107_1_02_06,아치로켓,0
20240107,20240107_1_02,20240107_1_02_07,크레이지창,0
20240107,20240107_1_02,20240107_1_02_08,논스톱플레이,0
20240107,20240107_1_02,20240107_1_02_09,질풍재즈,0
20240107,20240107_1_02,20240107_1_02_10,문학이든,0
20240107,20240107_1_02,20240107_1_02_11,선더스피드,0
20240107,20240107_1_03,20240107_1_03_01,금악이글,0
20240107,20240107_1_03,20240107_1_03_02,핑크멜로디,0
20240107,20240107_1_03,20240107_1_03_03,페더럴프레스,0
20240107,20240107_1_03,20240107_1_03_04,스피닝붐,0
20240107,20240107_1_03,20240107_1_03_05,스터닝플래터,0
20240107,20240107_1_03,20240107_1_03_06,새내파크,0
20240107,20240107_1_03,20240107_1_03_07,베스트위즈,0
20240107,20240107_1_03,20240107_1_03_08,라이언파티,0
20240107,20240107_1_03,20240107_1_03_09,아르고가이,0
20240107,20240107_1_03,20240107_1_03_10,사하라몬드,1
20240107,20240107_1_03,20240107_1_03_11,서니로드,0
20240107,20240107_1_04,20240107_1_04_01,포에이스,0
20240107,20240107_1_04,20240107_1_04_02,블랙버미,0
20240107,20240107_1_04,20240107_1_04_03,풍운지마,1
20240107,20240107_1_04,20240107_1_04_04,칠산대교,0
20240107,20240107_1_04,20240107_1_04_05,파티파워,0
20240107,20240107_1_04,20240107_1_04_06,열정아르고,0
20240107,20240107_1_04,20240107_1_04_07,금악스타,0
20240107,20240107_1_04,20240107_1_04_08,아치클래스,0
20240107,20240107_1_05,20240107_1_05_01,금세,0
20240107,20240107_1_05,20240107_1_05_02,나올대왕,0
20240107,20240107_1_05,20240107_1_05_03,찬란한폭풍,0
20240107,20240107_1_05,20240107_1_05_05,골든스나이퍼,0
20240107,20240107_1_05,20240107_1_05_06,항구스타,0
20240107,20240107_1_05,20240107_1_05_07,퍼플윙크,0
20240107,20240107_1_05,20240107_1_05_08,도끼드래곤,1
20240107,20240107_1_05,20240107_1_05_09,명성축제,0
20240107,20240107_1_06,20240107_1_06_01,원더풀남촌,0
20240107,20240107_1_06,20240107_1_06_02,새터데이,0
20240107,20240107_1_06,20240107_1_06_03,라파예트,0
20240107,20240107_1_06,20240107_1_06_04,케이엔티즈원,0
20240107,20240107_1_06,20240107_1_06_05,신의여인,0
20240107,20240107_1_06,20240107_1_06_06,원더풀위싱,0
20240107,20240107_1_06,20240107_1_06_07,한강파워,0
20240107,20240107_1_06,20240107_1_06_08,오래다함께,1
20240107,20240107_1_06,20240107_1_06_10,선더프린스,0
20240107,20240107_1_07,20240107_1_07_01,킹심바,0
20240107,20240107_1_07,20240107_1_07_02,피엔에스아이,0
20240107,20240107_1_07,20240107_1_07_03,슈퍼엑톤,0
20240107,20240107_1_07,20240107_1_07_04,티즈에너지,0
20240107,20240107_1_07,20240107_1_07_05,고마나루,0
20240107,20240107_1_07,20240107_1_07_06,태평히어로,1
20240107,20240107_1_07,20240107_1_07_07,빛나는질주,0
20240107,20240107_1_07,20240107_1_07_08,매디슨마운틴,0
20240107,20240107_1_07,20240107_1_07_09,아델머스탱,0
20240107,20240107_1_08,20240107_1_08_01,나올영웅,0
20240107,20240107_1_08,20240107_1_08_02,챌린지삭스,0
20240107,20240107_1_08,20240107_1_08_03,나이스타임,1
20240107,20240107_1_08,20240107_1_08_04,올포유어드림,0
20240107,20240107_1_08,20240107_1_08_05,두손클래식,0
20240107,20240107_1_08,20240107_1_08_06,파인캠프,0
20240107,20240107_1_08,20240107_1_08_07,천마챗,0
20240107,20240107_1_08,20240107_1_08_08,드림플레이,0
20240107,20240107_1_08,20240107_1_08_09,비야리카,0
20240107,20240107_1_09,20240107_1_09_01,컴플리트엔젤,0
20240107,20240107_1_09,20240107_1_09_02,큐피드웨이,0
20240107,20240107_1_09,20240107_1_09_03,매직아워,0
20240107,20240107_1_09,20240107_1_09_04,신한특송,0
20240107,20240107_1_09,20240107_1_09_05,불곰마드레,0
20240107,20240107_1_09,20240107_1_09_06,엠제이베스트,0
20240107,20240107_1_09,20240107_1_09_07,금빛마,0
20240107,20240107_1_09,20240107_1_09_08,장비무지개,0
20240107,20240107_1_09,20240107_1_09_09,헤이큐피드,0
20240107,20240107_1_09,20240107_1_09_10,톱클래스,0
20240107,20240107_1_09,20240107_1_09_11,배다리왕자,1
20240107,20240107_1_10,20240107_1_10_01,제다이,0
20240107,20240107_1_10,20240107_1_10_02,영광의미소,0
20240107,20240107_1_10,20240107_1_10_03,터프맨,0
20240107,20240107_1_10,20240107_1_10_04,우와륭,0
20240107,20240107_1_10,20240107_1_10_05,에스아이코코,0
20240107,20240107_1_10,20240107_1_10_06,스탈렛,0
20240107,20240107_1_10,20240107_1_10_07,에이펙스,0
20240107,20240107_1_10,20240107_1_10_08,매직주니어,0
20240107,20240107_1_10,20240107_1_10_09,파이팅대디,0
20240107,20240107_1_10,20240107_1_10_11,글로벌파워,1
20240107,20240107_1_11,20240107_1_11_01,장산포이즌,0
20240107,20240107_1_11,20240107_1_11_02,질주본,0
20240107,20240107_1_11,20240107_1_11_03,참좋은친구,1
20240107,20240107_1_11,20240107_1_11_04,로열로드,0
20240107,20240107_1_11,20240107_1_11_05,야호골든캣,0
20240107,20240107_1_11,20240107_1_11_06,몬스터케이,0
20240107,20240107_1_11,20240107_1_11_07,월드참,0
20240107,20240107_1_11,20240107_1_11_08,그레이캣,0
20240107,20240107_1_11,20240107_1_11_09,승부사,0
20240107,20240107_1_11,20240107_1_11_10,라온포레스트,0
20240113,20240113_1_01,20240113_1_01_01,울트라히트,0
20240113,20240113_1_01,20240113_1_01_02,바이롱스타,0
20240113,20240113_1_01,20240113_1_01_03,소프트파워,0
20240113,20240113_1_01,20240113_1_01_04,빅브리지,0
20240113,20240113_1_01,20240113_1_01_05,원평누리,0
20240113,20240113_1_01,20240113_1_01_06,비바청수,0
20240113,20240113_1_01,20240113_1_01_07,러브스칼렛,0
20240113,20240113_1_01,20240113_1_01_08,스페이스루비,0
20240113,20240113_1_01,20240113_1_01_09,선더스톰,0
20240113,20240113_1_01,20240113_1_01_10,오섬크레딧,1
20240113,20240113_1_01,20240113_1_01_11,행복여전사,0
20240113,20240113_1_01,20240113_1_01_12,리걸라희,0
20240113,20240113_1_02,20240113_1_02_01,피엔에스주,0
20240113,20240113_1_02,20240113_1_02_02,주링스카이,0
20240113,20240113_1_02,20240113_1_02_03,마이티봄,0
20240113,20240113_1_02,20240113_1_02_04,뷰티풀화성,0
20240113,20240113_1_02,20240113_1_02_05,크레이지샤,0
20240113,20240113_1_02,20240113_1_02_06,서천라이언,1
20240113,20240113_1_02,20240113_1_02_07,내길의킹,0
20240113,20240113_1_02,20240113_1_02_08,피엔에스날라,0
20240113,20240113_1_02,20240113_1_02_09,히어로골드,0
20240113,20240113_1_02,20240113_1_02_10,사하라몽,0
20240113,20240113_1_02,20240113_1_02_11,선더드래곤,0
20240113,20240113_1_04,20240113_1_04_01,메티스선더,0
20240113,20240113_1_04,20240113_1_04_02,토르의망치,0
20240113,20240113_1_04,20240113_1_04_03,참좋은인연,0
20240113,20240113_1_04,20240113_1_04_04,함평파이터,0
20240113,20240113_1_04,20240113_1_04_05,강철여걸,0
20240113,20240113_1_04,20240113_1_04_06,스팔타,0
20240113,20240113_1_04,20240113_1_04_07,예지몽,0
20240113,20240113_1_04,20240113_1_04_08,투에이스,0
20240113,20240113_1_04,20240113_1_04_09,플라잉킹,0
20240113,20240113_1_04,20240113_1_04_10,아크로마린,1
20240113,20240113_1_04,20240113_1_04_11,그린디어,0
20240113,20240113_1_05,20240113_1_05_01,은성노을,0
20240113,20240113_1_05,20240113_1_05_02,서머파티,0
20240113,20240113_1_05,20240113_1_05_03,태평무,0
20240113,20240113_1_05,20240113_1_05_04,아치러너,0
20240113,20240113_1_05,20240113_1_05_05,스마트별,0
20240113,20240113_1_05,20240113_1_05_06,젤로스,0
20240113,20240113_1_05,20240113_1_05_07,드림스카이,0
20240113,20240113_1_05,20240113_1_05_08,왈츠의여왕,1
20240113,20240113_1_05,20240113_1_05_09,위대한한마,0
20240113,20240113_1_05,20240113_1_05_10,실버퍼지,0
20240113,20240113_1_05,20240113_1_05_11,천마평정,0
20240113,20240113_1_06,20240113_1_06_01,베트캡틴,0
20240113,20240113_1_06,20240113_1_06_02,더플레이어,0
20240113,20240113_1_06,20240113_1_06_03,은파사랑,1
20240113,20240113_1_06,20240113_1_06_04,디자이어투윈,0
20240113,20240113_1_06,20240113_1_06_05,안양천둥,0
20240113,20240113_1_06,20240113_1_06_06,스톰가이,0
20240113,20240113_1_06,20240113_1_06_07,콰이어트참,0
20240113,20240113_1_06,20240113_1_06_08,유레카,0
20240113,20240113_1_06,20240113_1_06_09,퍼지킹,0
20240113,20240113_1_06,20240113_1_06_10,라스트피치,0
20240113,20240113_1_06,20240113_1_06_11,강서브이,0
20240113,20240113_1_07,20240113_1_07_01,메가드래곤,0
20240113,20240113_1_07,20240113_1_07_02,건곤일척,0
20240113,20240113_1_07,20240113_1_07_03,엑설런트퀸,0
20240113,20240113_1_07,20240113_1_07_04,블랙건,0
20240113,20240113_1_07,20240113_1_07_05,걸작원,0
20240113,20240113_1_07,20240113_1_07_06,드림여왕,0
20240113,20240113_1_07,20240113_1_07_07,신의반전,0
20240113,20240113_1_07,20240113_1_07_08,플라잉스타,0
20240113,20240113_1_07,20240113_1_07_09,지구라트,1
20240113,20240113_1_08,20240113_1_08_01,로열태리,0
20240113,20240113_1_08,20240113_1_08_02,선더호스,0
20240113,20240113_1_08,20240113_1_08_03,송암드래건,0
20240113,20240113_1_08,20240113_1_08_04,하이그랜드,0
20240113,20240113_1_08,20240113_1_08_05,강풍마,0
20240113,20240113_1_08,20240113_1_08_06,아메리칸포스원,0
20240113,20240113_1_08,20240113_1_08_07,원더풀조이,0
20240113,20240113_1_08,20240113_1_08_08,로열함성,0
20240113,20240113_1_08,20240113_1_08_09,오라칸,1
20240113,20240113_1_09,20240113_1_09_01,트라움퀸,0
20240113,20240113_1_09,20240113_1_09_02,한강크라운,0
20240113,20240113_1_09,20240113_1_09_03,행복한승자,0
20240113,20240113_1_09,20240113_1_09_04,돌배,0
20240113,20240113_1_09,20240113_1_09_05,두손챔프,0
20240113,20240113_1_09,20240113_1_09_06,파인팜,0
20240113,20240113_1_09,20240113_1_09_07,차돌다이아,1
20240113,20240113_1_09,20240113_1_09_08,문학홀리데이,0
20240113,20240113_1_09,20240113_1_09_09,벌교태양,0
20240113,20240113_1_09,20240113_1_09_10,논스톱드림,0
20240113,20240113_1_09,20240113_1_09_11,히든브레인,0
20240113,20240113_1_10,20240113_1_10_01,클레어베스트,0
20240113,20240113_1_10,20240113_1_10_02,그레이트선더,0
20240113,20240113_1_10,20240113_1_10_03,라온더위켄드,1
20240113,20240113_1_10,20240113_1_10_04,퀵실버키튼,0
20240113,20240113_1_10,20240113_1_10_05,두손판타스틱,0
20240113,20240113_1_10,20240113_1_10_06,광양으뜸,0
20240113,20240113_1_10,20240113_1_10_07,원더풀데블,0
20240113,20240113_1_10,20240113_1_10_08,메니챔프,0
20240113,20240113_1_10,20240113_1_10_09,골드파워,0
20240113,20240113_1_10,20240113_1_10_10,마이센터,0
20240113,20240113_1_11,20240113_1_11_01,글로벌영웅,0
20240113,20240113_1_11,20240113_1_11_02,탑퀄리티,0
20240113,20240113_1_11,20240113_1_11_03,한강의기상,0
20240113,20240113_1_11,20240113_1_11_04,스카이돌풍,0
20240113,20240113_1_11,20240113_1_11_05,퀴클리런,0
20240113,20240113_1_11,20240113_1_11_06,황금럭키,0
20240113,20240113_1_11,20240113_1_11_07,아르고스마일,1
20240113,20240113_1_11,20240113_1_11_08,대사리,0
20240113,20240113_1_11,20240113_1_11_09,울프플레이,0
20240113,20240113_1_11,20240113_1_11_10,럭키월드,0
20240113,20240113_1_11,20240113_1_11_11,스프링킹,0
20240114,20240114_1_01,20240114_1_01_01,마루별,0
20240114,20240114_1_01,20240114_1_01_02,글로리참,0
20240114,20240114_1_01,20240114_1_01_04,멋진최강,0
20240114,20240114_1_01,20240114_1_01_05,드래곤스퀘어,0
20240114,20240114_1_01,20240114_1_01_06,플라잉점프,0
20240114,20240114_1_01,20240114_1_01_07,크로마이트,0
20240114,20240114_1_01,20240114_1_01_08,함평장미,0
20240114,20240114_1_01,20240114_1_01_09,강한누리,0
20240114,20240114_1_01,20240114_1_01_10,호명퀸,1
20240114,20240114_1_01,20240114_1_01_11,토네르,0
20240114,20240114_1_02,20240114_1_02_01,베아트리스,0
20240114,20240114_1_02,20240114_1_02_02,캡틴타임,0
20240114,20240114_1_02,20240114_1_02_03,아씨장군,0
20240114,20240114_1_02,20240114_1_02_04,순간의찬스,0
20240114,20240114_1_02,20240114_1_02_05,스타체인저,0
20240114,20240114_1_02,20240114_1_02_06,제이에스파티,0
20240114,20240114_1_02,20240114_1_02_07,레이디하나비,0
20240114,20240114_1_02,20240114_1_02_08,티즈모닝,0
20240114,20240114_1_02,20240114_1_02_09,섀클포인트,1
20240114,20240114_1_02,20240114_1_02_10,신의블루,0
20240114,20240114_1_02,20240114_1_02_11,샤인볼트,0
20240114,20240114_1_03,20240114_1_03_01,글로리앤아너,0
20240114,20240114_1_03,20240114_1_03_02,보스베이비,0
20240114,20240114_1_03,20240114_1_03_03,리치게이트,0
20240114,20240114_1_03,20240114_1_03_04,당찬대보,0
20240114,20240114_1_03,20240114_1_03_05,해제여걸,0
20240114,20240114_1_03,20240114_1_03_06,아르고무적,0
20240114,20240114_1_03,20240114_1_03_07,아가판서스,0
20240114,20240114_1_03,20240114_1_03_08,파이팅케이,1
20240114,20240114_1_03,20240114_1_03_09,장군마루,0
20240114,20240114_1_04,20240114_1_04_01,피엔에스빌,0
20240114,20240114_1_04,20240114_1_04_02,한강차르,0
20240114,20240114_1_04,20240114_1_04_03,럭키허니,0
20240114,20240114_1_04,20240114_1_04_04,큐피드보우,0
20240114,20240114_1_04,20240114_1_04_05,테마탄생,0
20240114,20240114_1_04,20240114_1_04_06,레전드선,0
20240114,20240114_1_04,20240114_1_04_07,모닝볼드,0
20240114,20240114_1_04,20240114_1_04_08,탐라최강자,0
20240114,20240114_1_04,20240114_1_04_09,카리즈마,0
20240114,20240114_1_04,20240114_1_04_10,골드마이티,0
20240114,20240114_1_04,20240114_1_04_11,남산무적,1
20240114,20240114_1_05,20240114_1_05_01,희망의찬가,0
20240114,20240114_1_05,20240114_1_05_02,갤럭시삭스,0
20240114,20240114_1_05,20240114_1_05_03,디바인퓨처즈,0
20240114,20240114_1_05,20240114_1_05_04,희망워리어,0
20240114,20240114_1_05,20240114_1_05_05,물레방아,1
20240114,20240114_1_05,20240114_1_05_06,봄날의기억,0
20240114,20240114_1_05,20240114_1_05_07,고스트참,0
20240114,20240114_1_05,20240114_1_05_09,사랑다모아,0
20240114,20240114_1_06,20240114_1_06_01,새로운빛깔,0
20240114,20240114_1_06,20240114_1_06_02,이글포인트,0
20240114,20240114_1_06,20240114_1_06_03,감곡선샤인,0
20240114,20240114_1_06,20240114_1_06_04,그랜드실버,0
20240114,20240114_1_06,20240114_1_06_05,모닝프린스,1
20240114,20240114_1_06,20240114_1_06_06,투어퀸,0
20240114,20240114_1_06,20240114_1_06_07,메니원더풀,0
20240114,20240114_1_06,20240114_1_06_08,쿨프린세스,0
20240114,20240114_1_07,20240114_1_07_01,루미너스퀸,0
20240114,20240114_1_07,20240114_1_07_02,천둥호랑이,0
20240114,20240114_1_07,20240114_1_07_03,머스탱파워,0
20240114,20240114_1_07,20240114_1_07_04,에이피파텍,1
20240114,20240114_1_07,20240114_1_07_05,문학어플리트,0
20240114,20240114_1_07,20240114_1_07_06,케이엔라이트,0
20240114,20240114_1_07,20240114_1_07_07,럭셔리캡틴,0
20240114,20240114_1_07,20240114_1_07_08,문학드림,0
20240114,20240114_1_07,20240114_1_07_09,아메리카골드,0
20240114,20240114_1_07,20240114_1_07_10,메디치울프,0
20240114,20240114_1_08,20240114_1_08_01,메이킹스토리,0
20240114,20240114_1_08,20240114_1_08_02,은혜,0
20240114,20240114_1_08,20240114_1_08_03,선더블루,0
20240114,20240114_1_08,20240114_1_08_04,라온티모스,0
20240114,20240114_1_08,20240114_1_08_05,원평킬라,0
20240114,20240114_1_08,20240114_1_08_06,스틸플레이,0
20240114,20240114_1_08,20240114_1_08_07,미스찰리,0
20240114,20240114_1_08,20240114_1_08_08,마이티쎈,0
20240114,20240114_1_08,20240114_1_08_09,강한퀸,1
20240114,20240114_1_08,20240114_1_08_10,금성크라운,0
20240114,20240114_1_08,20240114_1_08_11,나올천지,0
20240114,20240114_1_09,20240114_1_09_01,너트플레이,0
20240114,20240114_1_09,20240114_1_09_02,소울메리트,0
20240114,20240114_1_09,20240114_1_09_03,별나라신사,0
20240114,20240114_1_09,20240114_1_09_04,마이티후,0
20240114,20240114_1_09,20240114_1_09_05,굿필승,0
20240114,20240114_1_09,20240114_1_09_06,더검푸,0
20240114,20240114_1_09,20240114_1_09_07,마이티수,0
20240114,20240114_1_09,20240114_1_09_08,빅스고,0
20240114,20240114_1_09,20240114_1_09_09,큐피드베이브,0
20240114,20240114_1_09,20240114_1_09_10,브리가디어제너럴,0
20240114,20240114_1_09,20240114_1_09_11,용암보스,1
20240120,20240120_1_01,20240120_1_01_01,라온스프린터,0
20240120,20240120_1_01,20240120_1_01_02,런와일드,0
20240120,20240120_1_01,20240120_1_01_03,올아이즈온미,0
20240120,20240120_1_01,20240120_1_01_04,스케일킹,0
20240120,20240120_1_01,20240120_1_01_05,용암세상,0
20240120,20240120_1_01,20240120_1_01_06,동진불패,1
20240120,20240120_1_01,20240120_1_01_07,이스트퀄리티,0
20240120,20240120_1_01,20240120_1_01_08,미스콩코드,0
20240120,20240120_1_01,20240120_1_01_09,섀도헌터,0
20240120,20240120_1_01,20240120_1_01_10,바주카보이,0
20240120,20240120_1_01,20240120_1_01_11,자이언트스텝,0
20240120,20240120_1_02,20240120_1_02_01,질주천하,0
20240120,20240120_1_02,20240120_1_02_02,내추럴사운드,0
20240120,20240120_1_02,20240120_1_02_03,비케이벨,0
20240120,20240120_1_02,20240120_1_02_04,클라우드하트,0
20240120,20240120_1_02,20240120_1_02_05,매직사운드,0
20240120,20240120_1_02,20240120_1_02_06,금악이글,0
20240120,20240120_1_02,20240120_1_02_07,케레르,1
20240120,20240120_1_02,20240120_1_02_08,내길의영광,0
20240120,20240120_1_02,20240120_1_02_09,피엔에스챔프,0
20240120,20240120_1_02,20240120_1_02_10,마루스타,0
20240120,20240120_1_03,20240120_1_03_01,스마트클레어,1
20240120,20240120_1_03,20240120_1_03_02,큐피드미르,0
20240120,20240120_1_03,20240120_1_03_03,안양쓰나미,0
20240120,20240120_1_03,20240120_1_03_04,온더록스,0
20240120,20240120_1_03,20240120_1_03_05,테스타블루,0
20240120,20240120_1_03,20240120_1_03_06,내길의리더,0
20240120,20240120_1_03,20240120_1_03_07,스터닝머니,0
20240120,20240120_1_03,20240120_1_03_08,베스트킹덤,0
20240120,20240120_1_03,20240120_1_03_09,맥스마,0
20240120,20240120_1_03,20240120_1_03_10,강철드래곤,0
20240120,20240120_1_03,20240120_1_03_11,그루퍼,0
20240120,20240120_1_04,20240120_1_04_01,영원빅맨,0
20240120,20240120_1_04,20240120_1_04_02,컴플리트하트,0
20240120,20240120_1_04,20240120_1_04_03,마이티닉,0
20240120,20240120_1_04,20240120_1_04_04,불타는심장,0
20240120,20240120_1_04,20240120_1_04_05,무한아르고,0
20240120,20240120_1_04,20240120_1_04_06,이클립스타운,0
20240120,20240120_1_04,20240120_1_04_07,사랑왕자,0
20240120,20240120_1_04,20240120_1_04_08,월드블레임,0
20240120,20240120_1_04,20240120_1_04_09,압권의반석,0
20240120,20240120_1_04,20240120_1_04_10,글로벌클래스,0
20240120,20240120_1_04,20240120_1_04_11,나이스치타,1
20240120,20240120_1_04,20240120_1_04_12,드래곤불패,0
20240120,20240120_1_05,20240120_1_05_01,씽씽씽,0
20240120,20240120_1_05,20240120_1_05_02,용비파워,0
20240120,20240120_1_05,20240120_1_05_03,원더풀티지,0
20240120,20240120_1_05,20240120_1_05_04,글로벌찬가,0
20240120,20240120_1_05,20240120_1_05_05,라온더탑,0
20240120,20240120_1_05,20240120_1_05_06,동트자웨이,0
20240120,20240120_1_05,20240120_1_05_07,퍼플윙크,0
20240120,20240120_1_05,20240120_1_05_08,만대로,0
20240120,20240120_1_05,20240120_1_05_09,프레시맨,1
20240120,20240120_1_05,20240120_1_05_10,장흥클래스,0
20240120,20240120_1_05,20240120_1_05_11,아로마,0
20240120,20240120_1_06,20240120_1_06_01,세이렌,0
20240120,20240120_1_06,20240120_1_06_02,대지의여걸,0
20240120,20240120_1_06,20240120_1_06_03,매직스트롱,0
20240120,20240120_1_06,20240120_1_06_04,강남불청객,1
20240120,20240120_1_06,20240120_1_06_05,채플프린세스,0
20240120,20240120_1_06,20240120_1_06_06,하이본미,0
20240120,20240120_1_06,20240120_1_06_07,선더브라보,0
20240120,20240120_1_06,20240120_1_06_08,레드태풍,0
20240120,20240120_1_06,20240120_1_06_09,에코존,0
20240120,20240120_1_06,20240120_1_06_10,인디언의별,0
20240120,20240120_1_07,20240120_1_07_01,정문파파고,0
20240120,20240120_1_07,20240120_1_07_02,내길의위너,0
20240120,20240120_1_07,20240120_1_07_03,메니참,0
20240120,20240120_1_07,20240120_1_07_04,다운더존,0
20240120,20240120_1_07,20240120_1_07_05,동행퍼스트,0
20240120,20240120_1_07,20240120_1_07_06,럭셔리킹,0
20240120,20240120_1_07,20240120_1_07_07,빈체로킹,0
20240120,20240120_1_07,20240120_1_07_08,미스하이플라이,0
20240120,20240120_1_07,20240120_1_07_09,히어아이엠,0
20240120,20240120_1_07,20240120_1_07_10,스마트태양,1
20240120,20240120_1_08,20240120_1_08_01,나인이글,0
20240120,20240120_1_08,20240120_1_08_02,내길의퀸,0
20240120,20240120_1_08,20240120_1_08_03,백두보이,0
20240120,20240120_1_08,20240120_1_08_04,콩코드퀸,0
20240120,20240120_1_08,20240120_1_08_05,은파챔피언,1
20240120,20240120_1_08,20240120_1_08_06,런던에이스,0
20240120,20240120_1_08,20240120_1_08_07,황금꽃,0
20240120,20240120_1_08,20240120_1_08_08,파워풀삭스,0
20240120,20240120_1_08,20240120_1_08_09,라온더맨,0
20240120,20240120_1_08,20240120_1_08_10,원더풀폭스,0
20240120,20240120_1_08,20240120_1_08_11,대흥클래스,0
20240120,20240120_1_09,20240120_1_09_01,성실인동,0
20240120,20240120_1_09,20240120_1_09_02,은파마운틴,0
20240120,20240120_1_09,20240120_1_09_03,한강스카이,0
20240120,20240120_1_09,20240120_1_09_04,데블케이,0
20240120,20240120_1_09,20240120_1_09_05,금아시크,0
20240120,20240120_1_09,20240120_1_09_06,희망챔프,0
20240120,20240120_1_09,20240120_1_09_07,정상킹덤,0
20240120,20240120_1_09,20240120_1_09_08,천군,0
20240120,20240120_1_09,20240120_1_09_09,우마포이,1
20240120,20240120_1_09,20240120_1_09_10,어나더레벨,0
20240120,20240120_1_09,20240120_1_09_11,아델머스탱,0
20240120,20240120_1_10,20240120_1_10_01,에클레어퓨리,0
20240120,20240120_1_10,20240120_1_10_02,패스트트랙,0
20240120,20240120_1_10,20240120_1_10_03,아침동자,0
20240120,20240120_1_10,20240120_1_10_04,글로벌매직,0
20240120,20240120_1_10,20240120_1_10_05,아이엠짱,1
20240120,20240120_1_10,20240120_1_10_06,라라케이,0
20240120,20240120_1_10,20240120_1_10_08,문학스톰,0
20240120,20240120_1_10,20240120_1_10_09,대완구,0
20240120,20240120_1_10,20240120_1_10_10,시크릿플레이,0
20240120,20240120_1_10,20240120_1_10_11,용비서울,0
20240120,20240120_1_11,20240120_1_11_01,디스챌린지,0
20240120,20240120_1_11,20240120_1_11_02,라온더아리아,0
20240120,20240120_1_11,20240120_1_11_03,베스트천상,0
20240120,20240120_1_11,20240120_1_11_04,최강블레이드,1
20240120,20240120_1_11,20240120_1_11_05,선드래곤,0
20240120,20240120_1_11,20240120_1_11_06,파이어걸,0
20240120,20240120_1_11,20240120_1_11_07,네모프린세스,0
20240120,20240120_1_11,20240120_1_11_08,싱싱메리,0
20240120,20240120_1_11,20240120_1_11_09,마이티룩,0
20240120,20240120_1_11,20240120_1_11_10,스카이망치,0
20240120,20240120_1_11,20240120_1_11_11,라스트펀치,0
20240121,20240121_1_01,20240121_1_01_01,그래티튜드,0
20240121,20240121_1_01,20240121_1_01_02,아놀드퀸,0
20240121,20240121_1_01,20240121_1_01_03,슬램드래곤,1
20240121,20240121_1_01,20240121_1_01_04,천마불패,0
20240121,20240121_1_01,20240121_1_01_05,슛업스파크,0
20240121,20240121_1_01,20240121_1_01_06,레전드탑,0
20240121,20240121_1_01,20240121_1_01_07,레인스타,0
20240121,20240121_1_01,20240121_1_01_08,블러드마운틴,0
20240121,20240121_1_01,20240121_1_01_09,새벽불빛,0
20240121,20240121_1_02,20240121_1_02_01,선더갤러퍼,0
20240121,20240121_1_02,20240121_1_02_02,성실여걸,0
20240121,20240121_1_02,20240121_1_02_03,메니윈,0
20240121,20240121_1_02,20240121_1_02_04,성신천하,0
20240121,20240121_1_02,20240121_1_02_05,파사루봉,0
20240121,20240121_1_02,20240121_1_02_06,붉은폭풍,1
20240121,20240121_1_02,20240121_1_02_07,클레어골드,0
20240121,20240121_1_02,20240121_1_02_08,용비천,0
20240121,20240121_1_02,20240121_1_02_09,한강글로리,0
20240121,20240121_1_02,20240121_1_02_10,더자이언트,0
20240121,20240121_1_02,20240121_1_02_11,테스타루비,0
20240121,20240121_1_03,20240121_1_03_01,선더에이원,0
20240121,20240121_1_03,20240121_1_03_02,스마트알파,0
20240121,20240121_1_03,20240121_1_03_03,천지마켓,0
20240121,20240121_1_03,20240121_1_03_04,머니터치,0
20240121,20240121_1_03,20240121_1_03_05,찬이고,0
20240121,20240121_1_03,20240121_1_03_06,뷰티원더풀,0
20240121,20240121_1_03,20240121_1_03_07,런던빅토리,1
20240121,20240121_1_03,20240121_1_03_08,볼린,0
20240121,20240121_1_04,20240121_1_04_01,천행챗,0
20240121,20240121_1_04,20240121_1_04_02,스파크선더,1
20240121,20240121_1_04,20240121_1_04_03,레이디코디,0
20240121,20240121_1_04,20240121_1_04_04,런던퀸,0
20240121,20240121_1_04,20240121_1_04_05,성실대로,0
20240121,20240121_1_04,20240121_1_04_06,휘파람,0
20240121,20240121_1_04,20240121_1_04_07,유쾌한사랑,0
20240121,20240121_1_04,20240121_1_04_08,엑설런트마타,0
20240121,20240121_1_04,20240121_1_04_09,제우시대,0
20240121,20240121_1_04,20240121_1_04_10,스피어골드,0
20240121,20240121_1_04,20240121_1_04_11,제로백포,0
20240121,20240121_1_05,20240121_1_05_01,클레어퀸,0
20240121,20240121_1_05,20240121_1_05_02,학산마초,0
20240121,20240121_1_05,20240121_1_05_03,라온탑플레이,0
20240121,20240121_1_05,20240121_1_05_04,글로리케이,0
20240121,20240121_1_05,20240121_1_05_05,벌교위수,0
20240121,20240121_1_05,20240121_1_05_06,천은총,0
20240121,20240121_1_05,20240121_1_05_07,스타트렉,1
20240121,20240121_1_05,20240121_1_05_08,멋진기록,0
20240121,20240121_1_05,20240121_1_05_09,매직모카신,0
20240121,20240121_1_05,20240121_1_05_10,짜릿한자유,0
20240121,20240121_1_05,20240121_1_05_11,송암아치걸,0
20240121,20240121_1_06,20240121_1_06_01,그린필스타,0
20240121,20240121_1_06,20240121_1_06_02,불화산,0
20240121,20240121_1_06,20240121_1_06_03,컴플리트리더,0
20240121,20240121_1_06,20240121_1_06_04,블랙벨트,0
20240121,20240121_1_06,20240121_1_06_05,카지노스타,0
20240121,20240121_1_06,20240121_1_06_06,행복여왕,0
20240121,20240121_1_06,20240121_1_06_07,스타러시,0
20240121,20240121_1_06,20240121_1_06_08,작두콩,1
20240121,20240121_1_06,20240121_1_06_09,에펠탑,0
20240121,20240121_1_06,20240121_1_06_10,메이드스타,0
20240121,20240121_1_07,20240121_1_07_01,콜긴,0
20240121,20240121_1_07,20240121_1_07_02,일동박수,0
20240121,20240121_1_07,20240121_1_07_03,달콩,0
20240121,20240121_1_07,20240121_1_07_04,티나케이,0
20240121,20240121_1_07,20240121_1_07_05,이클립스베리,1
20240121,20240121_1_07,20240121_1_07_06,마이티큐,0
20240121,20240121_1_07,20240121_1_07_07,쿠레레쿠스,0
20240121,20240121_1_07,20240121_1_07_08,나이스태양,0
20240121,20240121_1_07,20240121_1_07_09,새파랑,0
20240121,20240121_1_07,20240121_1_07_10,정성팩터,0
20240121,20240121_1_07,20240121_1_07_11,나노마신,0
20240121,20240121_1_08,20240121_1_08_01,주몽천하,1
20240121,20240121_1_08,20240121_1_08_02,선포레,0
20240121,20240121_1_08,20240121_1_08_03,순간터치,0
20240121,20240121_1_08,20240121_1_08_04,텐배거,0
20240121,20240121_1_08,20240121_1_08_05,빛나는질주,0
20240121,20240121_1_08,20240121_1_08_06,정우포에버,0
20240121,20240121_1_08,20240121_1_08_07,펀크레이지,0
20240121,20240121_1_08,20240121_1_08_08,블랙루키,0
20240121,20240121_1_08,20240121_1_08_09,갈색향기,0
20240121,20240121_1_08,20240121_1_08_10,마이티탭,0
20240121,20240121_1_09,20240121_1_09_01,미스윈스타,0
20240121,20240121_1_09,20240121_1_09_02,골든아너,1
20240121,20240121_1_09,20240121_1_09_03,퀸오브베스트,0
20240121,20240121_1_09,20240121_1_09_04,크레이지러브,0
20240121,20240121_1_09,20240121_1_09_05,황우최강,0
20240121,20240121_1_09,20240121_1_09_06,새벽밴드,0
20240121,20240121_1_09,20240121_1_09_07,은빛돌풍,0
20240121,20240121_1_09,20240121_1_09_08,럭키바운스,0
20240121,20240121_1_09,20240121_1_09_09,왈가닥,0
20240121,20240121_1_09,20240121_1_09_10,바이킹하트,0
20240121,20240121_1_10,20240121_1_10_01,엔딩파이어,0
20240121,20240121_1_10,20240121_1_10_04,도깨비,0
20240121,20240121_1_10,20240121_1_10_05,모닝다올,0
20240121,20240121_1_10,20240121_1_10_06,캡틴삼칠이,0
20240121,20240121_1_10,20240121_1_10_07,투혼특급,0
20240121,20240121_1_10,20240121_1_10_08,빅토리히트,0
20240121,20240121_1_10,20240121_1_10_09,몬탁챗,1
20240121,20240121_1_10,20240121_1_10_10,나이스빅걸,0
20240121,20240121_1_10,20240121_1_10_11,아이언볼트,0
20240127,20240127_1_01,20240127_1_01_01,디바로라,0
20240127,20240127_1_01,20240127_1_01_02,순천그레이,0
20240127,20240127_1_01,20240127_1_01_03,브리도매지션,0
20240127,20240127_1_01,20240127_1_01_04,매직사일런스,0
20240127,20240127_1_01,20240127_1_01_05,삼성여제,0
20240127,20240127_1_01,20240127_1_01_06,너만을위해서,0
20240127,20240127_1_01,20240127_1_01_07,러브오마인,0
20240127,20240127_1_01,20240127_1_01_08,천린,0
20240127,20240127_1_01,20240127_1_01_09,원더풀클래시,1
20240127,20240127_1_01,20240127_1_01_10,서해바다,0
20240127,20240127_1_01,20240127_1_01_11,아카펠,0
20240127,20240127_1_01,20240127_1_01_12,엘리트보스,0
20240127,20240127_1_02,20240127_1_02_01,루비포트,0
20240127,20240127_1_02,20240127_1_02_02,메리트선샤인,0
20240127,20240127_1_02,20240127_1_02_03,프린세스레아,0
20240127,20240127_1_02,20240127_1_02_04,플라잉라이언,0
20240127,20240127_1_02,20240127_1_02_05,스터닝챔프,0
20240127,20240127_1_02,20240127_1_02_06,다나은렉스,0
20240127,20240127_1_02,20240127_1_02_07,세광쏜살,0
20240127,20240127_1_02,20240127_1_02_08,금성여제,0
20240127,20240127_1_02,20240127_1_02_09,스마트노션,0
20240127,20240127_1_02,20240127_1_02_10,핑크윈드,0
20240127,20240127_1_02,20240127_1_02_11,매직플레저,1
20240127,20240127_1_03,20240127_1_03_01,컴플리트파티,0
20240127,20240127_1_03,20240127_1_03_02,국대파이터,1
20240127,20240127_1_03,20240127_1_03_03,멋진최강,0
20240127,20240127_1_03,20240127_1_03_04,원더풀시킹,0
20240127,20240127_1_03,20240127_1_03_05,스마트월드,0
20240127,20240127_1_03,20240127_1_03_06,드림카드,0
20240127,20240127_1_03,20240127_1_03_07,토종글로리,0
20240127,20240127_1_03,20240127_1_03_08,미스터파워,0
20240127,20240127_1_03,20240127_1_03_09,플라잉럭키,0
20240127,20240127_1_03,20240127_1_03_10,엘리트피스,0
20240127,20240127_1_03,20240127_1_03_11,선더여걸,0
20240127,20240127_1_04,20240127_1_04_01,브라이트위너,0
20240127,20240127_1_04,20240127_1_04_02,트리스탄왕자,0
20240127,20240127_1_04,20240127_1_04_04,원평강자,0
20240127,20240127_1_04,20240127_1_04_05,럭키파티,0
20240127,20240127_1_04,20240127_1_04_06,미래타워,1
20240127,20240127_1_04,20240127_1_04_07,큐피드챔프,0
20240127,20240127_1_04,20240127_1_04_08,쌍옥루,0
20240127,20240127_1_04,20240127_1_04_09,엔트로피,0
20240127,20240127_1_04,20240127_1_04_10,시티킹,0
20240127,20240127_1_04,20240127_1_04_11,원스피어,0
20240127,20240127_1_05,20240127_1_05_01,참좋은질주,0
20240127,20240127_1_05,20240127_1_05_02,나올스카이,0
20240127,20240127_1_05,20240127_1_05_03,톱티어,0
20240127,20240127_1_05,20240127_1_05_04,승리의영혼,0
20240127,20240127_1_05,20240127_1_05_05,거센챔프,0
20240127,20240127_1_05,20240127_1_05_06,스터닝레이디,0
20240127,20240127_1_05,20240127_1_05_07,모모케이,0
20240127,20240127_1_05,20240127_1_05_08,우주전쟁,0
20240127,20240127_1_05,20240127_1_05_09,뉴포인트,0
20240127,20240127_1_05,20240127_1_05_10,엘리트로열,0
20240127,20240127_1_05,20240127_1_05_11,그레이트스톰,1
20240127,20240127_1_06,20240127_1_06_01,용천지상,0
20240127,20240127_1_06,20240127_1_06_02,골든라인,0
20240127,20240127_1_06,20240127_1_06_03,지르콘,0
20240127,20240127_1_06,20240127_1_06_04,여왕삭스,0
20240127,20240127_1_06,20240127_1_06_05,벌교차돌,0
20240127,20240127_1_06,20240127_1_06_06,피지블레이드,0
20240127,20240127_1_06,20240127_1_06_07,청파의꿈,0
20240127,20240127_1_06,20240127_1_06_08,파인데이,0
20240127,20240127_1_06,20240127_1_06_09,호명에이스,0
20240127,20240127_1_06,20240127_1_06_10,스프링워터,1
20240127,20240127_1_06,20240127_1_06_11,라온더시대,0
20240127,20240127_1_07,20240127_1_07_01,달맞이,0
20240127,20240127_1_07,20240127_1_07_02,위너영,1
20240127,20240127_1_07,20240127_1_07_03,송암레이서,0
20240127,20240127_1_07,20240127_1_07_04,오천복,0
20240127,20240127_1_07,20240127_1_07_05,세광파이터,0
20240127,20240127_1_07,20240127_1_07_06,금아파이어리,0
20240127,20240127_1_07,20240127_1_07_07,선더프린스,0
20240127,20240127_1_07,20240127_1_07_08,올포유어드림,0
20240127,20240127_1_07,20240127_1_07_09,새터데이,0
20240127,20240127_1_07,20240127_1_07_10,옥천최강,0
20240127,20240127_1_07,20240127_1_07_11,히든블레이드,0
20240127,20240127_1_08,20240127_1_08_01,아르고리치,0
20240127,20240127_1_08,20240127_1_08_02,지모션,0
20240127,20240127_1_08,20240127_1_08_03,비트러너,0
20240127,20240127_1_08,20240127_1_08_04,퓨리오사,0
20240127,20240127_1_08,20240127_1_08_05,이다나은,0
20240127,20240127_1_08,20240127_1_08_06,원평코드,0
20240127,20240127_1_08,20240127_1_08_07,카우보이킹,0
20240127,20240127_1_08,20240127_1_08_08,헌터블레이드,0
20240127,20240127_1_08,20240127_1_08_09,탱자,0
20240127,20240127_1_08,20240127_1_08_10,논스톱선더,1
20240127,20240127_1_09,20240127_1_09_01,바덴바덴,0
20240127,20240127_1_09,20240127_1_09_02,오섬나탈리,0
20240127,20240127_1_09,20240127_1_09_03,위즈러너,0
20240127,20240127_1_09,20240127_1_09_04,키스유니버스,0
20240127,20240127_1_09,20240127_1_09_05,드론킬러,0
20240127,20240127_1_09,20240127_1_09_06,마의웨이,1
20240127,20240127_1_09,20240127_1_09_07,컴플리트드림,0
20240127,20240127_1_09,20240127_1_09_08,다이아키,0
20240127,20240127_1_09,20240127_1_09_09,거센반격,0
20240127,20240127_1_09,20240127_1_09_10,울트라드래곤,0
20240127,20240127_1_09,20240127_1_09_11,땡큐대천,0
20240127,20240127_1_10,20240127_1_10_01,글로벌선,0
20240127,20240127_1_10,20240127_1_10_02,행복한문막,0
20240127,20240127_1_10,20240127_1_10_03,드림아일,0
20240127,20240127_1_10,20240127_1_10_04,피닉스서브,0
20240127,20240127_1_10,20240127_1_10_05,우와륭,0
20240127,20240127_1_10,20240127_1_10_06,금아얼루어,0
20240127,20240127_1_10,20240127_1_10_07,영웅부활,1
20240127,20240127_1_10,20240127_1_10_08,히어로사랑,0
20240127,20240127_1_10,20240127_1_10_09,기분좋은말,0
20240127,20240127_1_10,20240127_1_10_10,런던액티브,0
20240127,20240127_1_10,20240127_1_10_11,별나라질주,0
20240127,20240127_1_11,20240127_1_11_01,퀸즈투어,0
20240127,20240127_1_11,20240127_1_11_02,베스트탑,0
20240127,20240127_1_11,20240127_1_11_03,록라인,0
20240127,20240127_1_11,20240127_1_11_04,럭키선,0
20240127,20240127_1_11,20240127_1_11_05,사이먼퀸,0
20240127,20240127_1_11,20240127_1_11_06,콩코드스퍼트,0
20240127,20240127_1_11,20240127_1_11_07,나올스나이퍼,1
20240127,20240127_1_11,20240127_1_11_09,에이스함성,0
20240127,20240127_1_11,20240127_1_11_10,루킹굿,0
20240127,20240127_1_11,20240127_1_11_11,마이티굿,0
20240128,20240128_1_01,20240128_1_01_01,맥스골드,1
20240128,20240128_1_01,20240128_1_01_02,피엔에스카,0
20240128,20240128_1_01,20240128_1_01_03,벌교삼족오,0
20240128,20240128_1_01,20240128_1_01_04,라온더클리퍼,0
20240128,20240128_1_01,20240128_1_01_05,심장이널원해,0
20240128,20240128_1_01,20240128_1_01_06,칼리프,0
20240128,20240128_1_01,20240128_1_01_07,강한번개,0
20240128,20240128_1_01,20240128_1_01_08,탱탱볼,0
20240128,20240128_1_01,20240128_1_01_09,맥스위크,0
20240128,20240128_1_01,20240128_1_01_10,베스트대로,0
20240128,20240128_1_01,20240128_1_01_11,프로시드,0
20240128,20240128_1_02,20240128_1_02_01,베스트토르,0
20240128,20240128_1_02,20240128_1_02_02,로열베스트,1
20240128,20240128_1_02,20240128_1_02_04,인피니트아너,0
20240128,20240128_1_02,20240128_1_02_05,네이비크롬,0
20240128,20240128_1_02,20240128_1_02_06,위너존,0
20240128,20240128_1_02,20240128_1_02_07,천구챗,0
20240128,20240128_1_02,20240128_1_02_08,선라이즈고,0
20240128,20240128_1_02,20240128_1_02_09,다산질주,0
20240128,20240128_1_02,20240128_1_02_10,머제스틱위너,0
20240128,20240128_1_02,20240128_1_02_11,주얼리패션,0
20240128,20240128_1_03,20240128_1_03_01,글로벌메니,1
20240128,20240128_1_03,20240128_1_03_02,백룡,0
20240128,20240128_1_03,20240128_1_03_03,용비수,0
20240128,20240128_1_03,20240128_1_03_04,드래곤판타지,0
20240128,20240128_1_03,20240128_1_03_05,원더풀리걸,0
20240128,20240128_1_03,20240128_1_03_06,성실파워,0
20240128,20240128_1_03,20240128_1_03_07,신의운명,0
20240128,20240128_1_03,20240128_1_03_08,샤우트쿠로,0
20240128,20240128_1_03,20240128_1_03_09,이에이치코코,0
20240128,20240128_1_03,20240128_1_03_10,클로버파티,0
20240128,20240128_1_03,20240128_1_03_11,나라올라,0
20240128,20240128_1_04,20240128_1_04_01,플랜비,0
20240128,20240128_1_04,20240128_1_04_02,글라디우스,1
20240128,20240128_1_04,20240128_1_04_03,슈팅리버스,0
20240128,20240128_1_04,20240128_1_04_04,젤로스,0
20240128,20240128_1_04,20240128_1_04_05,힐링헤이븐,0
20240128,20240128_1_04,20240128_1_04_06,아치메모리,0
20240128,20240128_1_04,20240128_1_04_07,해피익투스,0
20240128,20240128_1_04,20240128_1_04_08,모닝펄,0
20240128,20240128_1_04,20240128_1_04_09,무장,0
20240128,20240128_1_04,20240128_1_04_10,알사이먼,0
20240128,20240128_1_04,20240128_1_04_11,에브리참,0
20240128,20240128_1_05,20240128_1_05_01,스마트캣,0
20240128,20240128_1_05,20240128_1_05_02,내길의캡틴,0
20240128,20240128_1_05,20240128_1_05_03,크라운함성,1
20240128,20240128_1_05,20240128_1_05_04,새내비바,0
20240128,20240128_1_05,20240128_1_05_05,코리아골드,0
20240128,20240128_1_05,20240128_1_05_06,검의전설,0
20240128,20240128_1_05,20240128_1_05_07,백두멋쟁이,0
20240128,20240128_1_05,20240128_1_05_08,산삼은함양,0
20240128,20240128_1_05,20240128_1_05_09,천존챗,0
20240128,20240128_1_05,20240128_1_05_10,나올대왕,0
20240128,20240128_1_05,20240128_1_05_11,오스틴리더,0
20240128,20240128_1_06,20240128_1_06_01,리얼팩,0
20240128,20240128_1_06,20240128_1_06_02,최강나이스,1
20240128,20240128_1_06,20240128_1_06_03,골든드래곤,0
20240128,20240128_1_06,20240128_1_06_04,바람살,0
20240128,20240128_1_06,20240128_1_06_05,너를응원해,0
20240128,20240128_1_06,20240128_1_06_06,스마트블루,0
20240128,20240128_1_06,20240128_1_06_07,스탠바이미,0
20240128,20240128_1_06,20240128_1_06_08,파워에치드,0
20240128,20240128_1_06,20240128_1_06_09,스톰브레이커,0
20240128,20240128_1_06,20240128_1_06_10,세인트루카,0
20240128,20240128_1_06,20240128_1_06_11,러브문막,0
20240128,20240128_1_07,20240128_1_07_01,퀸톱,0
20240128,20240128_1_07,20240128_1_07_02,그레이찰리,0
20240128,20240128_1_07,20240128_1_07_03,매직포션,0
20240128,20240128_1_07,20240128_1_07_04,클림트월드,0
20240128,20240128_1_07,20240128_1_07_05,악동아르고,0
20240128,20240128_1_07,20240128_1_07_06,페어스카이즈,0
20240128,20240128_1_07,20240128_1_07_07,레전드케이,0
20240128,20240128_1_07,20240128_1_07_08,이스트점프,1
20240128,20240128_1_07,20240128_1_07_09,한강질주,0
20240128,20240128_1_07,20240128_1_07_10,히어로레전드,0
20240128,20240128_1_08,20240128_1_08_01,트로트퀸,0
20240128,20240128_1_08,20240128_1_08_02,바람의향기,0
20240128,20240128_1_08,20240128_1_08_03,단디,1
20240128,20240128_1_08,20240128_1_08_04,컴플리트포스,0
20240128,20240128_1_08,20240128_1_08_05,쏘아라투투,0
20240128,20240128_1_08,20240128_1_08_06,예술이야,0
20240128,20240128_1_08,20240128_1_08_07,한강히어로,0
20240128,20240128_1_08,20240128_1_08_08,유니콘킹덤,0
20240128,20240128_1_08,20240128_1_08_09,화수분,0
20240128,20240128_1_08,20240128_1_08_10,라온더판타,0
20240128,20240128_1_08,20240128_1_08_11,큐피드점보,0
20240128,20240128_1_09,20240128_1_09_01,페더럴킹,0
20240128,20240128_1_09,20240128_1_09_02,찬란한날,0
20240128,20240128_1_09,20240128_1_09_03,호크프린스,0
20240128,20240128_1_09,20240128_1_09_04,슈퍼군황,0
20240128,20240128_1_09,20240128_1_09_06,글로벌럭키,0
20240128,20240128_1_09,20240128_1_09_07,그린폭주,0
20240128,20240128_1_09,20240128_1_09_08,티즈인디,0
20240128,20240128_1_09,20240128_1_09_09,럭키파워,1
20240128,20240128_1_09,20240128_1_09_10,화씨벽,0
20240128,20240128_1_09,20240128_1_09_11,금성세계,0
20240128,20240128_1_10,20240128_1_10_01,머니장군,0
20240128,20240128_1_10,20240128_1_10_02,록임팩트,1
20240128,20240128_1_10,20240128_1_10_03,뉴문워리어,0
20240128,20240128_1_10,20240128_1_10_04,화이트참,0
20240128,20240128_1_10,20240128_1_10_05,청산영웅,0
20240128,20240128_1_10,20240128_1_10_06,굿해피,0
20240128,20240128_1_10,20240128_1_10_07,불의신화,0
20240128,20240128_1_10,20240128_1_10_08,문학태핏,0
20240128,20240128_1_10,20240128_1_10_09,스퍼트빗,0
20240128,20240128_1_10,20240128_1_10_10,영영삭스,0
20240128,20240128_1_10,20240128_1_10_11,베링맨,0
20240128,20240128_1_11,20240128_1_11_01,최강게임,0
20240128,20240128_1_11,20240128_1_11_02,마이티뉴,0
20240128,20240128_1_11,20240128_1_11_03,노던타임,0
20240128,20240128_1_11,20240128_1_11_04,리월마,1
20240128,20240128_1_11,20240128_1_11_05,서울탱크,0
20240128,20240128_1_11,20240128_1_11_06,라온더포인트,0
20240128,20240128_1_11,20240128_1_11_07,파크윈,0
20240128,20240128_1_11,20240128_1_11_08,글로벌보배,0
20240128,20240128_1_11,20240128_1_11_09,볼트맨,0
20240128,20240128_1_11,20240128_1_11_10,코브라볼,0
20240203,20240203_1_01,20240203_1_01_01,초강불패,0
20240203,20240203_1_01,20240203_1_01_02,드래곤킹덤,1
20240203,20240203_1_01,20240203_1_01_03,브라운골드,0
20240203,20240203_1_01,20240203_1_01_04,아르고가이,0
20240203,20240203_1_01,20240203_1_01_05,샤크텐,0
20240203,20240203_1_01,20240203_1_01_06,자이언트엠,0
20240203,20240203_1_01,20240203_1_01_07,라온더클래머,0
20240203,20240203_1_01,20240203_1_01_08,서부챔프,0
20240203,20240203_1_01,20240203_1_01_09,브리도걸,0
20240203,20240203_1_02,20240203_1_02_01,용비퀸,0
20240203,20240203_1_02,20240203_1_02_02,당찬낭보,0
20240203,20240203_1_02,20240203_1_02_03,서울돌풍,0
20240203,20240203_1_02,20240203_1_02_04,골든볼,0
20240203,20240203_1_02,20240203_1_02_05,선더스피드,0
20240203,20240203_1_02,20240203_1_02_06,벨로테로,1
20240203,20240203_1_02,20240203_1_02_07,히어로전사,0
20240203,20240203_1_02,20240203_1_02_08,산방봄날,0
20240203,20240203_1_02,20240203_1_02_09,크로키,0
20240203,20240203_1_02,20240203_1_02_10,강철여걸,0
20240203,20240203_1_02,20240203_1_02_11,그린콩코드,0
20240203,20240203_1_02,20240203_1_02_12,투아레그나인,0
20240203,20240203_1_03,20240203_1_03_01,스터닝퀸,0
20240203,20240203_1_03,20240203_1_03_02,금악명장,0
20240203,20240203_1_03,20240203_1_03_03,글로벌코디,0
20240203,20240203_1_03,20240203_1_03_04,그레이마린,0
20240203,20240203_1_03,20240203_1_03_05,라온히트맨,0
20240203,20240203_1_03,20240203_1_03_06,스피닝붐,0
20240203,20240203_1_03,20240203_1_03_07,서니로드,1
20240203,20240203_1_03,20240203_1_03_08,해피선더,0
20240203,20240203_1_03,20240203_1_03_09,원더풀패스,0
20240203,20240203_1_03,20240203_1_03_10,분당쓰나미,0
20240203,20240203_1_03,20240203_1_03_11,스위치송,0
20240203,20240203_1_03,20240203_1_03_12,엑설런트탄,0
20240203,20240203_1_04,20240203_1_04_01,매직케이,0
20240203,20240203_1_04,20240203_1_04_02,내추럴클래스,1
20240203,20240203_1_04,20240203_1_04_03,은성사랑,0
20240203,20240203_1_04,20240203_1_04_04,넥스트레벨,0
20240203,20240203_1_04,20240203_1_04_05,투투선더,0
20240203,20240203_1_04,20240203_1_04_06,트레비트,0
20240203,20240203_1_04,20240203_1_04_07,비카나르마,0
20240203,20240203_1_04,20240203_1_04_08,나올정상,0
20240203,20240203_1_04,20240203_1_04_09,사바나찰리,0
20240203,20240203_1_04,20240203_1_04_10,금성탈환,0
20240203,20240203_1_04,20240203_1_04_11,선갤런트,0
20240203,20240203_1_04,20240203_1_04_12,탱글이,0
20240203,20240203_1_05,20240203_1_05_01,탐라최강자,0
20240203,20240203_1_05,20240203_1_05_02,차돌런,0
20240203,20240203_1_05,20240203_1_05_03,성실영웅,0
20240203,20240203_1_05,20240203_1_05_04,우루스칸,0
20240203,20240203_1_05,20240203_1_05_05,클라우터,0
20240203,20240203_1_05,20240203_1_05_06,천리총,0
20240203,20240203_1_05,20240203_1_05_07,빅블레드,0
20240203,20240203_1_05,20240203_1_05_08,다온디,0
20240203,20240203_1_05,20240203_1_05_09,로터스미르,0
20240203,20240203_1_05,20240203_1_05_10,빛의카,0
20240203,20240203_1_05,20240203_1_05_11,아르고무적,1
20240203,20240203_1_05,20240203_1_05_12,항구스타,0
20240203,20240203_1_06,20240203_1_06_01,화산귀환,0
20240203,20240203_1_06,20240203_1_06_02,헤이마마,0
20240203,20240203_1_06,20240203_1_06_03,골든스나이퍼,0
20240203,20240203_1_06,20240203_1_06_04,민트플레이,0
20240203,20240203_1_06,20240203_1_06_05,굿카보,0
20240203,20240203_1_06,20240203_1_06_06,위너드래건,0
20240203,20240203_1_06,20240203_1_06_07,쓸모,0
20240203,20240203_1_06,20240203_1_06_08,라온에어포스,0
20240203,20240203_1_06,20240203_1_06_09,새내칸,0
20240203,20240203_1_06,20240203_1_06_10,네모스피릿,0
20240203,20240203_1_06,20240203_1_06_11,신의함성,1
20240203,20240203_1_06,20240203_1_06_12,명진불패,0
20240203,20240203_1_07,20240203_1_07_01,금빛천하,0
20240203,20240203_1_07,20240203_1_07_02,마이칸,0
20240203,20240203_1_07,20240203_1_07_03,도끼드래곤,0
20240203,20240203_1_07,20240203_1_07_04,드림플레이,0
20240203,20240203_1_07,20240203_1_07_05,메니포켓,0
20240203,20240203_1_07,20240203_1_07_06,쾌향,0
20240203,20240203_1_07,20240203_1_07_07,달금,0
20240203,20240203_1_07,20240203_1_07_08,메가드래곤,1
20240203,20240203_1_07,20240203_1_07_09,블루밍스타,0
20240203,20240203_1_07,20240203_1_07_10,새로운빛깔,0
20240203,20240203_1_08,20240203_1_08_01,호명퀸,0
20240203,20240203_1_08,20240203_1_08_02,천둥오름,0
20240203,20240203_1_08,20240203_1_08_03,골드베르크,0
20240203,20240203_1_08,20240203_1_08_04,검이불루,0
20240203,20240203_1_08,20240203_1_08_05,걸작스카이,0
20240203,20240203_1_08,20240203_1_08_06,메니샤크,0
20240203,20240203_1_08,20240203_1_08_07,큐피드시크,0
20240203,20240203_1_08,20240203_1_08_08,열정아르고,0
20240203,20240203_1_08,20240203_1_08_09,금악진주,1
20240203,20240203_1_08,20240203_1_08_10,레이디태풍,0
20240203,20240203_1_08,20240203_1_08_11,그린비바체,0
20240203,20240203_1_08,20240203_1_08_12,금악스타,0
20240203,20240203_1_09,20240203_1_09_01,터프맨,0
20240203,20240203_1_09,20240203_1_09_02,매직주니어,0
20240203,20240203_1_09,20240203_1_09_03,카우보이탱고,0
20240203,20240203_1_09,20240203_1_09_04,자이언트킬링,0
20240203,20240203_1_09,20240203_1_09_05,용비서울,0
20240203,20240203_1_09,20240203_1_09_06,엠제이베스트,0
20240203,20240203_1_09,20240203_1_09_07,컴플리트엔젤,0
20240203,20240203_1_09,20240203_1_09_08,글로벌파워,0
20240203,20240203_1_09,20240203_1_09_09,파르키우스,0
20240203,20240203_1_09,20240203_1_09_10,광양으뜸,0
20240203,20240203_1_09,20240203_1_09_11,라온더하이맨,1
20240203,20240203_1_09,20240203_1_09_12,마이센터,0
20240203,20240203_1_10,20240203_1_10_01,이글포인트,0
20240203,20240203_1_10,20240203_1_10_02,봄날의기억,0
20240203,20240203_1_10,20240203_1_10_03,오래다함께,0
20240203,20240203_1_10,20240203_1_10_04,메타블레이드,0
20240203,20240203_1_10,20240203_1_10_05,스프링꿈,0
20240203,20240203_1_10,20240203_1_10_06,비전파워,0
20240203,20240203_1_10,20240203_1_10_07,파워군주,1
20240203,20240203_1_10,20240203_1_10_08,스카이함성,0
20240203,20240203_1_10,20240203_1_10_09,킹심바,0
20240203,20240203_1_10,20240203_1_10_10,매디슨마운틴,0
20240203,20240203_1_10,20240203_1_10_11,티즈에너지,0
20240203,20240203_1_10,20240203_1_10_12,정상킹덤,0
20240203,20240203_1_11,20240203_1_11_01,벌말대장,0
20240203,20240203_1_11,20240203_1_11_02,원더풀키티,0
20240203,20240203_1_11,20240203_1_11_03,라온더골드,0
20240203,20240203_1_11,20240203_1_11_04,월드참,0
20240203,20240203_1_11,20240203_1_11_05,더퀸저스티스,0
20240203,20240203_1_11,20240203_1_11_06,그레이캣,0
20240203,20240203_1_11,20240203_1_11_07,매직그레이스,0
20240203,20240203_1_11,20240203_1_11_08,섬싱로스트,1
20240203,20240203_1_11,20240203_1_11_09,이스트반,0
20240203,20240203_1_11,20240203_1_11_10,문학보스,0
20240203,20240203_1_11,20240203_1_11_11,플라잉골드,0
20240203,20240203_1_11,20240203_1_11_12,대물,0
20240204,20240204_1_01,20240204_1_01_01,금순네,0
20240204,20240204_1_01,20240204_1_01_02,세명고스트,0
20240204,20240204_1_01,20240204_1_01_03,탑다이아,0
20240204,20240204_1_01,20240204_1_01_04,사려니니케,0
20240204,20240204_1_01,20240204_1_01_05,로열플러스,0
20240204,20240204_1_01,20240204_1_01_06,피엔에스파,0
20240204,20240204_1_01,20240204_1_01_07,히어로나라,0
20240204,20240204_1_01,20240204_1_01_08,핑크골드,1
20240204,20240204_1_01,20240204_1_01_09,다이아룩,0
20240204,20240204_1_01,20240204_1_01_10,레이디블루,0
20240204,20240204_1_01,20240204_1_01_11,이스트킹스톤,0
20240204,20240204_1_01,20240204_1_01_12,토호마켓,0
20240204,20240204_1_02,20240204_1_02_01,선샤인퀸,0
20240204,20240204_1_02,20240204_1_02_02,캡처,0
20240204,20240204_1_02,20240204_1_02_03,초코뷰티,0
20240204,20240204_1_02,20240204_1_02_04,로켓나라,0
20240204,20240204_1_02,20240204_1_02_05,런던골드,0
20240204,20240204_1_02,20240204_1_02_06,왕초,0
20240204,20240204_1_02,20240204_1_02_07,영광의월드,1
20240204,20240204_1_02,20240204_1_02_08,은파조이,0
20240204,20240204_1_02,20240204_1_02_09,퀸아비게일,0
20240204,20240204_1_02,20240204_1_02_10,플라잉커맨드,0
20240204,20240204_1_02,20240204_1_02_11,런던비상,0
20240204,20240204_1_02,20240204_1_02_12,대원용마,0
20240204,20240204_1_03,20240204_1_03_01,슛업스파크,0
20240204,20240204_1_03,20240204_1_03_02,배다리향기,0
20240204,20240204_1_03,20240204_1_03_03,대물삭스,0
20240204,20240204_1_03,20240204_1_03_04,원더풀스피릿,1
20240204,20240204_1_03,20240204_1_03_05,행복한버미,0
20240204,20240204_1_03,20240204_1_03_06,창조의기둥,0
20240204,20240204_1_03,20240204_1_03_07,하이호실버,0
20240204,20240204_1_03,20240204_1_03_08,제축일호,0
20240204,20240204_1_03,20240204_1_03_09,함평파이터,0
20240204,20240204_1_03,20240204_1_03_10,스터닝서브,0
20240204,20240204_1_03,20240204_1_03_11,아치신,0
20240204,20240204_1_03,20240204_1_03_12,글로리참,0
20240204,20240204_1_04,20240204_1_04_01,콰이어트참,0
20240204,20240204_1_04,20240204_1_04_02,희망워리어,0
20240204,20240204_1_04,20240204_1_04_03,대지의여걸,0
20240204,20240204_1_04,20240204_1_04_04,퍼지킹,1
20240204,20240204_1_04,20240204_1_04_05,강한누리,0
20240204,20240204_1_04,20240204_1_04_06,담쟁이아르고,0
20240204,20240204_1_04,20240204_1_04_07,세명레이디,0
20240204,20240204_1_04,20240204_1_04_08,하트케이,0
20240204,20240204_1_04,20240204_1_04_09,클레어파워,0
20240204,20240204_1_04,20240204_1_04_10,허니펀치,0
20240204,20240204_1_04,20240204_1_04_11,보스베이비,0
20240204,20240204_1_04,20240204_1_04_12,명성축제,0
20240204,20240204_1_05,20240204_1_05_01,월드킹맨,0
20240204,20240204_1_05,20240204_1_05_02,라온더대세,0
20240204,20240204_1_05,20240204_1_05_03,블랙벨트,1
20240204,20240204_1_05,20240204_1_05_04,질주에바다,0
20240204,20240204_1_05,20240204_1_05_05,케이엔티즈원,0
20240204,20240204_1_05,20240204_1_05_06,원더풀위싱,0
20240204,20240204_1_05,20240204_1_05_07,금성맨,0
20240204,20240204_1_05,20240204_1_05_08,메이드스타,0
20240204,20240204_1_05,20240204_1_05_09,갤럭시삭스,0
20240204,20240204_1_05,20240204_1_05_10,피엔에스더킹,0
20240204,20240204_1_05,20240204_1_05_11,디바인퓨처즈,0
20240204,20240204_1_05,20240204_1_05_12,정상럭키,0
20240204,20240204_1_06,20240204_1_06_01,파티파워,0
20240204,20240204_1_06,20240204_1_06_02,브라보플레이,1
20240204,20240204_1_06,20240204_1_06_03,베스트클론,0
20240204,20240204_1_06,20240204_1_06_04,당찬대보,0
20240204,20240204_1_06,20240204_1_06_05,가나파워,0
20240204,20240204_1_06,20240204_1_06_06,스터닝스카이,0
20240204,20240204_1_06,20240204_1_06_07,블랙버미,0
20240204,20240204_1_06,20240204_1_06_08,황우강자,0
20240204,20240204_1_06,20240204_1_06_09,피엔에스빌,0
20240204,20240204_1_06,20240204_1_06_10,스마트별,0
20240204,20240204_1_07,20240204_1_07_01,머니크라운,0
20240204,20240204_1_07,20240204_1_07_03,라온아메리칸,0
20240204,20240204_1_07,20240204_1_07_04,절대가치,0
20240204,20240204_1_07,20240204_1_07_05,업타운위즈,0
20240204,20240204_1_07,20240204_1_07_06,정상에이스,0
20240204,20240204_1_07,20240204_1_07_07,늘가을,0
20240204,20240204_1_07,20240204_1_07_08,아메리카골드,1
20240204,20240204_1_07,20240204_1_07_09,특급대로,0
20240204,20240204_1_07,20240204_1_07_10,히어로파이터,0
20240204,20240204_1_08,20240204_1_08_01,라온시티걸,0
20240204,20240204_1_08,20240204_1_08_02,두손클래식,0
20240204,20240204_1_08,20240204_1_08_03,남산무적,0
20240204,20240204_1_08,20240204_1_08_04,도리포,0
20240204,20240204_1_08,20240204_1_08_05,미스터퀄리티,0
20240204,20240204_1_08,20240204_1_08_06,월드섀넌스,0
20240204,20240204_1_08,20240204_1_08_07,블루레몬,1
20240204,20240204_1_08,20240204_1_08_09,리버태양,0
20240204,20240204_1_08,20240204_1_08_10,코스모런,0
20240204,20240204_1_08,20240204_1_08_11,영원파이터,0
20240204,20240204_1_08,20240204_1_08_12,금세,0
20240204,20240204_1_09,20240204_1_09_01,문학이글,0
20240204,20240204_1_09,20240204_1_09_02,미라클한강,1
20240204,20240204_1_09,20240204_1_09_03,최고게임,0
20240204,20240204_1_09,20240204_1_09_04,걸작최강,0
20240204,20240204_1_09,20240204_1_09_05,선더미르,0
20240204,20240204_1_09,20240204_1_09_06,태평파이터,0
20240204,20240204_1_09,20240204_1_09_07,에이스군주,0
20240204,20240204_1_09,20240204_1_09_08,터보삭스,0
20240204,20240204_1_09,20240204_1_09_09,킹칼레,0
20240204,20240204_1_09,20240204_1_09_10,젠틀야라,0
20240204,20240204_1_09,20240204_1_09_11,태칸,0
20240204,20240204_1_09,20240204_1_09_12,문학홀리데이,0
20240204,20240204_1_10,20240204_1_10_01,머니가락,1
20240204,20240204_1_10,20240204_1_10_02,스포블레이드,0
20240204,20240204_1_10,20240204_1_10_03,금세다,0
20240204,20240204_1_10,20240204_1_10_04,나의나라,0
20240204,20240204_1_10,20240204_1_10_05,만세,0
20240204,20240204_1_10,20240204_1_10_06,스트롱벌처,0
20240204,20240204_1_10,20240204_1_10_07,아침함성,0
20240204,20240204_1_10,20240204_1_10_08,메니챔프,0
20240204,20240204_1_10,20240204_1_10_09,톱클래스,0
20240204,20240204_1_10,20240204_1_10_10,베스트선,0
20240204,20240204_1_10,20240204_1_10_11,새내파워풀,0
20240204,20240204_1_10,20240204_1_10_12,불의날개,0
20240204,20240204_1_11,20240204_1_11_01,치프인디,1
20240204,20240204_1_11,20240204_1_11_02,릴패트론,0
20240204,20240204_1_11,20240204_1_11_03,몬스터케이,0
20240204,20240204_1_11,20240204_1_11_04,흑전사,0
20240204,20240204_1_11,20240204_1_11_05,백색광채,0
20240204,20240204_1_11,20240204_1_11_06,흥행질주,0
20240204,20240204_1_11,20240204_1_11_07,우리,0
20240204,20240204_1_11,20240204_1_11_08,돌아온뽀빠이,0
20240204,20240204_1_11,20240204_1_11_09,히든삭스,0
20240204,20240204_1_11,20240204_1_11_10,러블리케이,0
20240204,20240204_1_11,20240204_1_11_11,남산의별,0
20240204,20240204_1_11,20240204_1_11_12,브리가디어제너럴,0
20240217,20240217_1_01,20240217_1_01_01,올아이즈온미,0
20240217,20240217_1_01,20240217_1_01_02,바주카보이,0
20240217,20240217_1_01,20240217_1_01_03,에클레어파워,0
20240217,20240217_1_01,20240217_1_01_04,레이디폭스,0
20240217,20240217_1_01,20240217_1_01_05,포에틱누비,0
20240217,20240217_1_01,20240217_1_01_06,스페이스루비,1
20240217,20240217_1_01,20240217_1_01_07,마이티봄,0
20240217,20240217_1_01,20240217_1_01_08,캠프데이비드,0
20240217,20240217_1_01,20240217_1_01_09,에코포레,0
20240217,20240217_1_01,20240217_1_01_10,글로벌군주,0
20240217,20240217_1_01,20240217_1_01_11,세광질주,0
20240217,20240217_1_02,20240217_1_02_01,피엔에스레이,0
20240217,20240217_1_02,20240217_1_02_02,선더스톰,0
20240217,20240217_1_02,20240217_1_02_03,어메이징스타,0
20240217,20240217_1_02,20240217_1_02_04,소프트파워,0
20240217,20240217_1_02,20240217_1_02_05,히어로질주,0
20240217,20240217_1_02,20240217_1_02_06,큐피드드림,0
20240217,20240217_1_02,20240217_1_02_07,매직사운드,0
20240217,20240217_1_02,20240217_1_02_08,찬이고,0
20240217,20240217_1_02,20240217_1_02_09,레이디하나비,1
20240217,20240217_1_02,20240217_1_02_10,빅브리지,0
20240217,20240217_1_02,20240217_1_02_11,매직임팩트,0
20240217,20240217_1_02,20240217_1_02_12,리걸라희,0
20240217,20240217_1_03,20240217_1_03_01,파사루봉,1
20240217,20240217_1_03,20240217_1_03_02,턴테이블,0
20240217,20240217_1_03,20240217_1_03_03,정성타이거,0
20240217,20240217_1_03,20240217_1_03_04,그래티튜드,0
20240217,20240217_1_03,20240217_1_03_05,큐피드라이즈,0
20240217,20240217_1_03,20240217_1_03_06,뷰티풀화성,0
20240217,20240217_1_03,20240217_1_03_07,하이스트타임,0
20240217,20240217_1_03,20240217_1_03_08,빅토리실버,0
20240217,20240217_1_03,20240217_1_03_09,플라잉럭키,0
20240217,20240217_1_03,20240217_1_03_10,질주천하,0
20240217,20240217_1_03,20240217_1_03_11,질풍재즈,0
20240217,20240217_1_03,20240217_1_03_12,마루별,0
20240217,20240217_1_04,20240217_1_04_01,코리아골드,0
20240217,20240217_1_04,20240217_1_04_02,에코존,0
20240217,20240217_1_04,20240217_1_04_03,마구마,0
20240217,20240217_1_04,20240217_1_04_04,학산마초,0
20240217,20240217_1_04,20240217_1_04_05,비바청수,0
20240217,20240217_1_04,20240217_1_04_06,베트캡틴,1
20240217,20240217_1_04,20240217_1_04_07,카리즈마,0
20240217,20240217_1_04,20240217_1_04_08,비트레이서,0
20240217,20240217_1_04,20240217_1_04_09,서부특송,0
20240217,20240217_1_04,20240217_1_04_10,한강파워,0
20240217,20240217_1_04,20240217_1_04_11,걸작으뜸,0
20240217,20240217_1_05,20240217_1_05_01,드림스카이,0
20240217,20240217_1_05,20240217_1_05_03,빅에너지,0
20240217,20240217_1_05,20240217_1_05_04,트리스탄왕자,0
20240217,20240217_1_05,20240217_1_05_05,아치러너,0
20240217,20240217_1_05,20240217_1_05_06,벌교베리타스,0
20240217,20240217_1_05,20240217_1_05_07,멋진기록,0
20240217,20240217_1_05,20240217_1_05_09,동진불패,1
20240217,20240217_1_06,20240217_1_06_01,퍼스트슈,0
20240217,20240217_1_06,20240217_1_06_02,글로리앤아너,0
20240217,20240217_1_06,20240217_1_06_03,제우시대,0
20240217,20240217_1_06,20240217_1_06_04,항구스타,0
20240217,20240217_1_06,20240217_1_06_05,용암마렝고,0
20240217,20240217_1_06,20240217_1_06_06,기쁨함성,1
20240217,20240217_1_06,20240217_1_06_07,아가판서스,0
20240217,20240217_1_06,20240217_1_06_08,내길의위너,0
20240217,20240217_1_06,20240217_1_06_09,황우강자,0
20240217,20240217_1_06,20240217_1_06_10,유레카,0
20240217,20240217_1_07,20240217_1_07_01,피엔에스아이,0
20240217,20240217_1_07,20240217_1_07_02,불의여왕,0
20240217,20240217_1_07,20240217_1_07_03,선더호스,0
20240217,20240217_1_07,20240217_1_07_04,강남불청객,0
20240217,20240217_1_07,20240217_1_07_05,플라잉스타,1
20240217,20240217_1_07,20240217_1_07_06,클럽디,0
20240217,20240217_1_07,20240217_1_07_07,골든아너,0
20240217,20240217_1_07,20240217_1_07_08,제이모션,0
20240217,20240217_1_07,20240217_1_07_09,작두콩,0
20240217,20240217_1_07,20240217_1_07_10,주몽천하,0
20240217,20240217_1_08,20240217_1_08_01,피어리스,0
20240217,20240217_1_08,20240217_1_08_02,스타터,1
20240217,20240217_1_08,20240217_1_08_03,나이스빅걸,0
20240217,20240217_1_08,20240217_1_08_04,벌교태양,0
20240217,20240217_1_08,20240217_1_08_05,희망가득,0
20240217,20240217_1_08,20240217_1_08_06,풍운지마,0
20240217,20240217_1_08,20240217_1_08_07,마이티숀,0
20240217,20240217_1_08,20240217_1_08_08,뉴질랜드삭스,0
20240217,20240217_1_08,20240217_1_08_09,트라움퀸,0
20240217,20240217_1_08,20240217_1_08_10,별나라비마,0
20240217,20240217_1_08,20240217_1_08_11,달콩,0
20240217,20240217_1_08,20240217_1_08_12,원더풀폭스,0
20240217,20240217_1_09,20240217_1_09_01,국대클래스,0
20240217,20240217_1_09,20240217_1_09_02,자이언트펀치,0
20240217,20240217_1_09,20240217_1_09_03,강한퀸,0
20240217,20240217_1_09,20240217_1_09_04,슈퍼피니시,0
20240217,20240217_1_09,20240217_1_09_05,골드파워,0
20240217,20240217_1_09,20240217_1_09_06,한강보스,0
20240217,20240217_1_09,20240217_1_09_07,에이펙스,0
20240217,20240217_1_09,20240217_1_09_08,불의날개,0
20240217,20240217_1_09,20240217_1_09_09,원평리스트,1
20240217,20240217_1_09,20240217_1_09_10,신한특송,0
20240217,20240217_1_09,20240217_1_09_11,배다리왕자,0
20240217,20240217_1_09,20240217_1_09_12,케이엔골든킹,0
20240217,20240217_1_10,20240217_1_10_01,에이피파텍,0
20240217,20240217_1_10,20240217_1_10_02,불의신화,0
20240217,20240217_1_10,20240217_1_10_03,모닝프린스,0
20240217,20240217_1_10,20240217_1_10_04,야무진재수,0
20240217,20240217_1_10,20240217_1_10_05,문학태핏,0
20240217,20240217_1_10,20240217_1_10_06,베링맨,0
20240217,20240217_1_10,20240217_1_10_07,아이스스타,0
20240217,20240217_1_10,20240217_1_10_08,그레이스퀸,0
20240217,20240217_1_10,20240217_1_10_09,마이티웰,0
20240217,20240217_1_10,20240217_1_10_10,록임팩트,0
20240217,20240217_1_10,20240217_1_10_11,센스쟁이,0
20240217,20240217_1_10,20240217_1_10_12,천둥호랑이,1
20240217,20240217_1_11,20240217_1_11_01,아르고스마일,0
20240217,20240217_1_11,20240217_1_11_02,원더풀슬루,0
20240217,20240217_1_11,20240217_1_11_03,소울메리트,0
20240217,20240217_1_11,20240217_1_11_04,최강게임,0
20240217,20240217_1_11,20240217_1_11_05,굿필승,0
20240217,20240217_1_11,20240217_1_11_06,흥드림,0
20240217,20240217_1_11,20240217_1_11_07,별나라신사,0
20240217,20240217_1_11,20240217_1_11_08,너트플레이,1
20240217,20240217_1_11,20240217_1_11_09,참좋은친구,0
20240217,20240217_1_11,20240217_1_11_10,티즈바로우즈,0
20240217,20240217_1_11,20240217_1_11_12,발베니,0
20240218,20240218_1_01,20240218_1_01_01,크레이지샤,0
20240218,20240218_1_01,20240218_1_01_02,피엔에스가자,0
20240218,20240218_1_01,20240218_1_01_03,미스터트롯,1
20240218,20240218_1_01,20240218_1_01_04,솔레어,0
20240218,20240218_1_01,20240218_1_01_05,머스퀸플라이,0
20240218,20240218_1_01,20240218_1_01_06,하이호실버,0
20240218,20240218_1_01,20240218_1_01_07,댄싱강자,0
20240218,20240218_1_01,20240218_1_01_08,스터닝플래터,0
20240218,20240218_1_01,20240218_1_01_09,울트라히트,0
20240218,20240218_1_01,20240218_1_01_10,블루레이서,0
20240218,20240218_1_01,20240218_1_01_11,캔버스엔고,0
20240218,20240218_1_01,20240218_1_01_12,스타체인저,0
20240218,20240218_1_02,20240218_1_02_01,블러드마운틴,0
20240218,20240218_1_02,20240218_1_02_02,성신천하,0
20240218,20240218_1_02,20240218_1_02_03,레전드탑,0
20240218,20240218_1_02,20240218_1_02_04,천마불패,0
20240218,20240218_1_02,20240218_1_02_05,플라잉킹,0
20240218,20240218_1_02,20240218_1_02_06,크레이지창,0
20240218,20240218_1_02,20240218_1_02_07,토르의망치,1
20240218,20240218_1_02,20240218_1_02_08,강철드래곤,0
20240218,20240218_1_02,20240218_1_02_09,이에이치코코,0
20240218,20240218_1_02,20240218_1_02_10,에버더크라운,0
20240218,20240218_1_02,20240218_1_02_11,코스모킹,0
20240218,20240218_1_02,20240218_1_02_12,토네르,0
20240218,20240218_1_03,20240218_1_03_01,제이와이코코,0
20240218,20240218_1_03,20240218_1_03_02,오섬브레인,0
20240218,20240218_1_03,20240218_1_03_03,갈색도전자,0
20240218,20240218_1_03,20240218_1_03_04,아씨장군,0
20240218,20240218_1_03,20240218_1_03_05,영원포텐,0
20240218,20240218_1_03,20240218_1_03_06,페더럴프레스,0
20240218,20240218_1_03,20240218_1_03_07,투에이스,0
20240218,20240218_1_03,20240218_1_03_08,순간의찬스,1
20240218,20240218_1_03,20240218_1_03_09,글로벌코어,0
20240218,20240218_1_03,20240218_1_03_10,클레어골드,0
20240218,20240218_1_03,20240218_1_03_11,신풍여걸,0
20240218,20240218_1_03,20240218_1_03_12,포세이돈블루,0
20240218,20240218_1_04,20240218_1_04_01,태평무,0
20240218,20240218_1_04,20240218_1_04_02,매직플레저,0
20240218,20240218_1_04,20240218_1_04_03,성실대로,1
20240218,20240218_1_04,20240218_1_04_04,행운바람,0
20240218,20240218_1_04,20240218_1_04_05,위대한한마,0
20240218,20240218_1_04,20240218_1_04_06,그린필스타,0
20240218,20240218_1_04,20240218_1_04_07,천존챗,0
20240218,20240218_1_04,20240218_1_04_08,젤로스,0
20240218,20240218_1_04,20240218_1_04_09,포에이스,0
20240218,20240218_1_04,20240218_1_04_10,케레르,0
20240218,20240218_1_04,20240218_1_04_11,안양천둥,0
20240218,20240218_1_04,20240218_1_04_12,자이언트포스,0
20240218,20240218_1_05,20240218_1_05_01,찰나질주,0
20240218,20240218_1_05,20240218_1_05_02,아치클래스,0
20240218,20240218_1_05,20240218_1_05_03,포르투나,0
20240218,20240218_1_05,20240218_1_05_04,참좋은인연,0
20240218,20240218_1_05,20240218_1_05_05,지르콘,0
20240218,20240218_1_05,20240218_1_05_06,유쾌한사랑,0
20240218,20240218_1_05,20240218_1_05_07,레드태풍,0
20240218,20240218_1_05,20240218_1_05_08,큐피드보우,0
20240218,20240218_1_05,20240218_1_05_09,청계기상,0
20240218,20240218_1_05,20240218_1_05_10,아만바로우즈,1
20240218,20240218_1_06,20240218_1_06_01,천은총,0
20240218,20240218_1_06,20240218_1_06_02,용비파워,0
20240218,20240218_1_06,20240218_1_06_03,스마트클레어,0
20240218,20240218_1_06,20240218_1_06_04,불화산,0
20240218,20240218_1_06,20240218_1_06_05,스타러시,0
20240218,20240218_1_06,20240218_1_06_06,선더브라보,0
20240218,20240218_1_06,20240218_1_06_07,희망의찬가,0
20240218,20240218_1_06,20240218_1_06_08,원더풀남촌,0
20240218,20240218_1_06,20240218_1_06_09,아름다운사이,0
20240218,20240218_1_06,20240218_1_06_10,최강나이스,0
20240218,20240218_1_06,20240218_1_06_11,파워에치드,0
20240218,20240218_1_06,20240218_1_06_12,히어아이엠,1
20240218,20240218_1_07,20240218_1_07_01,새내퀸,0
20240218,20240218_1_07,20240218_1_07_02,[부산경남]한강세이버,0
20240218,20240218_1_07,20240218_1_07_03,베스트천상,0
20240218,20240218_1_07,20240218_1_07_04,[부산경남]미라클드리밍,0
20240218,20240218_1_07,20240218_1_07_05,[부산경남]상승보이,0
20240218,20240218_1_07,20240218_1_07_06,라온탑맨,0
20240218,20240218_1_07,20240218_1_07_07,[부산경남]대지초이스,0
20240218,20240218_1_07,20240218_1_07_08,바이스로이,0
20240218,20240218_1_07,20240218_1_07_09,대한질주,0
20240218,20240218_1_07,20240218_1_07_10,포에버드림,0
20240218,20240218_1_07,20240218_1_07_11,소베라니아,0
20240218,20240218_1_07,20240218_1_07_12,빅스고,1
20240218,20240218_1_07,20240218_1_07_13,라스트펀치,0
20240218,20240218_1_07,20240218_1_07_14,[부산경남]해피피버,0
20240218,20240218_1_07,20240218_1_07_15,장산레이저,0
20240218,20240218_1_07,20240218_1_07_16,와우와우,0
20240218,20240218_1_08,20240218_1_08_01,히든브레인,0
20240218,20240218_1_08,20240218_1_08_02,스마트태양,0
20240218,20240218_1_08,20240218_1_08_03,엑톤질주,0
20240218,20240218_1_08,20240218_1_08_04,나인이글,0
20240218,20240218_1_08,20240218_1_08_05,프레시맨,1
20240218,20240218_1_08,20240218_1_08_06,성은크라운,0
20240218,20240218_1_08,20240218_1_08_07,라온엠파이어,0
20240218,20240218_1_08,20240218_1_08_08,큐피드점보,0
20240218,20240218_1_08,20240218_1_08_09,아깽이,0
20240218,20240218_1_08,20240218_1_08_10,텐배거,0
20240218,20240218_1_08,20240218_1_08_11,아인슈페너,0
20240218,20240218_1_08,20240218_1_08_12,미르포인트,0
20240218,20240218_1_09,20240218_1_09_01,콩코드퀸,0
20240218,20240218_1_09,20240218_1_09_02,럭키붐,0
20240218,20240218_1_09,20240218_1_09_03,해운대갈매기,0
20240218,20240218_1_09,20240218_1_09_04,미스찰리,0
20240218,20240218_1_09,20240218_1_09_05,브라운퀸,0
20240218,20240218_1_09,20240218_1_09_06,신의이름,1
20240218,20240218_1_09,20240218_1_09_07,티시패밀리,0
20240218,20240218_1_09,20240218_1_09_08,나이스치타,0
20240218,20240218_1_09,20240218_1_09_09,메이킹스토리,0
20240218,20240218_1_09,20240218_1_09_10,드림릿지,0
20240218,20240218_1_09,20240218_1_09_11,올룩,0
20240218,20240218_1_09,20240218_1_09_12,모닝다올,0
20240218,20240218_1_10,20240218_1_10_01,시대의명작,0
20240218,20240218_1_10,20240218_1_10_02,그랜드실버,0
20240218,20240218_1_10,20240218_1_10_03,럭키파워,0
20240218,20240218_1_10,20240218_1_10_04,강풍마,1
20240218,20240218_1_10,20240218_1_10_05,하이그랜드,0
20240218,20240218_1_10,20240218_1_10_06,태평히어로,0
20240218,20240218_1_10,20240218_1_10_07,금아시크,0
20240218,20240218_1_10,20240218_1_10_08,시크릿왕자,0
20240218,20240218_1_10,20240218_1_10_09,컴플리트리더,0
20240218,20240218_1_10,20240218_1_10_10,투어퀸,0
20240218,20240218_1_10,20240218_1_10_12,돌배,0
20240218,20240218_1_11,20240218_1_11_01,한강의기상,0
20240218,20240218_1_11,20240218_1_11_02,럭키월드,0
20240218,20240218_1_11,20240218_1_11_03,장산미사일,0
20240218,20240218_1_11,20240218_1_11_04,야호골든캣,0
20240218,20240218_1_11,20240218_1_11_05,폴인러브,0
20240218,20240218_1_11,20240218_1_11_06,라온포레스트,1
20240218,20240218_1_11,20240218_1_11_07,도끼불패,0
20240218,20240218_1_11,20240218_1_11_08,타우루스퀸,0
20240218,20240218_1_11,20240218_1_11_09,마이티칩,0
20240218,20240218_1_11,20240218_1_11_10,루킹굿,0
20240218,20240218_1_11,20240218_1_11_11,스프링킹,0
20240218,20240218_1_11,20240218_1_11_12,더블에지,0
20240224,20240224_1_01,20240224_1_01_01,이스트라이징,0
20240224,20240224_1_01,20240224_1_01_02,엠케이리,0
20240224,20240224_1_01,20240224_1_01_03,엘리트피스,0
20240224,20240224_1_01,20240224_1_01_04,브리도킹스타,0
20240224,20240224_1_01,20240224_1_01_05,용기내요그대,0
20240224,20240224_1_01,20240224_1_01_06,천장사,0
20240224,20240224_1_01,20240224_1_01_07,자이언트스텝,1
20240224,20240224_1_01,20240224_1_01_08,탱탱볼,0
20240224,20240224_1_01,20240224_1_01_09,비트영웅,0
20240224,20240224_1_01,20240224_1_01_10,걸작스타,0
20240224,20240224_1_01,20240224_1_01_11,네순도르마,0
20240224,20240224_1_01,20240224_1_01_12,행복여전사,0
20240224,20240224_1_02,20240224_1_02_01,맥스위크,1
20240224,20240224_1_02,20240224_1_02_02,세명소드,0
20240224,20240224_1_02,20240224_1_02_03,바로다나은,0
20240224,20240224_1_02,20240224_1_02_04,엑설런트우먼,0
20240224,20240224_1_02,20240224_1_02_05,모쿠슈라,0
20240224,20240224_1_02,20240224_1_02_06,히어로골드,0
20240224,20240224_1_02,20240224_1_02_07,대명장,0
20240224,20240224_1_02,20240224_1_02_08,메티스선더,0
20240224,20240224_1_02,20240224_1_02_09,은파파트너,0
20240224,20240224_1_02,20240224_1_02_10,샤인볼트,0
20240224,20240224_1_02,20240224_1_02_11,너만을위해서,0
20240224,20240224_1_02,20240224_1_02_12,손에손잡고,0
20240224,20240224_1_03,20240224_1_03_01,신의블루,0
20240224,20240224_1_03,20240224_1_03_02,스마일골드,0
20240224,20240224_1_03,20240224_1_03_03,다나은렉스,0
20240224,20240224_1_03,20240224_1_03_04,스터닝챔프,0
20240224,20240224_1_03,20240224_1_03_05,디바로라,0
20240224,20240224_1_03,20240224_1_03_06,베아트리스,0
20240224,20240224_1_03,20240224_1_03_07,내추럴사운드,0
20240224,20240224_1_03,20240224_1_03_08,제너럴파워,0
20240224,20240224_1_03,20240224_1_03_09,스마트노션,0
20240224,20240224_1_03,20240224_1_03_10,엘린,0
20240224,20240224_1_03,20240224_1_03_11,용비천,0
20240224,20240224_1_03,20240224_1_03_12,레인스타,1
20240224,20240224_1_04,20240224_1_04_01,용비퀸,0
20240224,20240224_1_04,20240224_1_04_02,백룡,0
20240224,20240224_1_04,20240224_1_04_03,흥행불패,0
20240224,20240224_1_04,20240224_1_04_04,새내파크,0
20240224,20240224_1_04,20240224_1_04_05,천구챗,0
20240224,20240224_1_04,20240224_1_04_06,슛업스파크,0
20240224,20240224_1_04,20240224_1_04_07,티즈모닝,1
20240224,20240224_1_04,20240224_1_04_08,신의운명,0
20240224,20240224_1_04,20240224_1_04_09,캡처,0
20240224,20240224_1_04,20240224_1_04_10,토종글로리,0
20240224,20240224_1_04,20240224_1_04_11,선더드래곤,0
20240224,20240224_1_04,20240224_1_04_12,안양쓰나미,0
20240224,20240224_1_05,20240224_1_05_01,슬램드래곤,0
20240224,20240224_1_05,20240224_1_05_02,플라잉제스트,0
20240224,20240224_1_05,20240224_1_05_03,원더풀스위트,0
20240224,20240224_1_05,20240224_1_05_04,스톰가이,0
20240224,20240224_1_05,20240224_1_05_05,글로벌메니,0
20240224,20240224_1_05,20240224_1_05_06,슈퍼원,0
20240224,20240224_1_05,20240224_1_05_07,나올스카이,0
20240224,20240224_1_05,20240224_1_05_08,원더풀클래시,0
20240224,20240224_1_05,20240224_1_05_09,서천라이언,0
20240224,20240224_1_05,20240224_1_05_10,내길의리더,0
20240224,20240224_1_05,20240224_1_05_11,국대파이터,0
20240224,20240224_1_05,20240224_1_05_12,라스트피치,1
20240224,20240224_1_06,20240224_1_06_01,검의전설,0
20240224,20240224_1_06,20240224_1_06_02,장군마루,0
20240224,20240224_1_06,20240224_1_06_03,금악다이아,0
20240224,20240224_1_06,20240224_1_06_04,더선파이터,0
20240224,20240224_1_06,20240224_1_06_05,테마탄생,0
20240224,20240224_1_06,20240224_1_06_06,엘리트로열,0
20240224,20240224_1_06,20240224_1_06_07,내길의캡틴,1
20240224,20240224_1_06,20240224_1_06_08,아크로마린,0
20240224,20240224_1_06,20240224_1_06_09,한강글로리,0
20240224,20240224_1_06,20240224_1_06_10,엔트로피,0
20240224,20240224_1_06,20240224_1_06_11,정문파파고,0
20240224,20240224_1_06,20240224_1_06_12,글로벌진격,0
20240224,20240224_1_07,20240224_1_07_01,참좋은질주,0
20240224,20240224_1_07,20240224_1_07_02,금빛강호,0
20240224,20240224_1_07,20240224_1_07_03,사려니티케,0
20240224,20240224_1_07,20240224_1_07_04,로열베스트,0
20240224,20240224_1_07,20240224_1_07_05,글로리케이,0
20240224,20240224_1_07,20240224_1_07_06,아로마,0
20240224,20240224_1_07,20240224_1_07_07,에덴의동쪽,0
20240224,20240224_1_07,20240224_1_07_08,레이디코디,0
20240224,20240224_1_07,20240224_1_07_09,라온더탑,0
20240224,20240224_1_07,20240224_1_07_10,천행챗,1
20240224,20240224_1_07,20240224_1_07_11,가나파워,0
20240224,20240224_1_07,20240224_1_07_12,피지블레이드,0
20240224,20240224_1_08,20240224_1_08_01,황금꽃,0
20240224,20240224_1_08,20240224_1_08_02,대흥클래스,0
20240224,20240224_1_08,20240224_1_08_03,드론킬러,0
20240224,20240224_1_08,20240224_1_08_04,영원빅맨,0
20240224,20240224_1_08,20240224_1_08_05,옥천스나이퍼,0
20240224,20240224_1_08,20240224_1_08_06,마이티짱,0
20240224,20240224_1_08,20240224_1_08_07,젠틀야라,0
20240224,20240224_1_08,20240224_1_08_08,마의웨이,1
20240224,20240224_1_08,20240224_1_08_09,파워풀삭스,0
20240224,20240224_1_08,20240224_1_08_10,파워풀화성,0
20240224,20240224_1_08,20240224_1_08_11,월드베리언스,0
20240224,20240224_1_08,20240224_1_08_12,송암드래건,0
20240224,20240224_1_09,20240224_1_09_01,패스트트랙,0
20240224,20240224_1_09,20240224_1_09_02,황금해,0
20240224,20240224_1_09,20240224_1_09_03,탱자,0
20240224,20240224_1_09,20240224_1_09_04,파이팅대디,0
20240224,20240224_1_09,20240224_1_09_05,글로벌매직,0
20240224,20240224_1_09,20240224_1_09_06,파노라마킹,0
20240224,20240224_1_09,20240224_1_09_07,에스아이코코,0
20240224,20240224_1_09,20240224_1_09_08,새내타운,0
20240224,20240224_1_09,20240224_1_09_09,몬탁챗,0
20240224,20240224_1_09,20240224_1_09_10,클레어베스트,0
20240224,20240224_1_09,20240224_1_09_11,장산스포,1
20240224,20240224_1_09,20240224_1_09_12,유정챔프,0
20240224,20240224_1_10,20240224_1_10_01,멋진강호,0
20240224,20240224_1_10,20240224_1_10_02,나이스태양,0
20240224,20240224_1_10,20240224_1_10_03,스톰브레이커,1
20240224,20240224_1_10,20240224_1_10_04,데블케이,0
20240224,20240224_1_10,20240224_1_10_05,선더플래시,0
20240224,20240224_1_10,20240224_1_10_06,세광파이터,0
20240224,20240224_1_10,20240224_1_10_07,왈가닥,0
20240224,20240224_1_10,20240224_1_10_08,물레방아,0
20240224,20240224_1_10,20240224_1_10_09,펀크레이지,0
20240224,20240224_1_10,20240224_1_10_10,정우포에버,0
20240224,20240224_1_10,20240224_1_10_11,슈퍼엑톤,0
20240224,20240224_1_10,20240224_1_10_12,새로운빛깔,0
20240224,20240224_1_11,20240224_1_11_01,대사리,0
20240224,20240224_1_11,20240224_1_11_02,황금럭키,0
20240224,20240224_1_11,20240224_1_11_03,럭키선,0
20240224,20240224_1_11,20240224_1_11_04,위너블루,0
20240224,20240224_1_11,20240224_1_11_05,마이티굿,1
20240224,20240224_1_11,20240224_1_11_06,드래곤스타,0
20240224,20240224_1_11,20240224_1_11_07,베스트럭키,0
20240224,20240224_1_11,20240224_1_11_08,콩코드스퍼트,0
20240224,20240224_1_11,20240224_1_11_09,파이어파워,0
20240224,20240224_1_11,20240224_1_11_10,스카이돌풍,0
20240224,20240224_1_11,20240224_1_11_11,그레이캣,0
20240224,20240224_1_11,20240224_1_11_12,옐로우캣,0
20240225,20240225_1_01,20240225_1_01_01,스케일킹,0
20240225,20240225_1_01,20240225_1_01_02,프린스데이,0
20240225,20240225_1_01,20240225_1_01_03,머니터치,0
20240225,20240225_1_01,20240225_1_01_04,마루스타,0
20240225,20240225_1_01,20240225_1_01_05,위드미블루,0
20240225,20240225_1_01,20240225_1_01_06,아스트라이아,0
20240225,20240225_1_01,20240225_1_01_07,엘리트보스,0
20240225,20240225_1_01,20240225_1_01_08,금악명장,0
20240225,20240225_1_01,20240225_1_01_09,큐피드미르,0
20240225,20240225_1_01,20240225_1_01_10,스페셜힐,1
20240225,20240225_1_01,20240225_1_01_11,삼애번쩍,0
20240225,20240225_1_01,20240225_1_01_12,라온더클리퍼,0
20240225,20240225_1_02,20240225_1_02_01,예지몽,0
20240225,20240225_1_02,20240225_1_02_03,베스트토르,0
20240225,20240225_1_02,20240225_1_02_05,크로마이트,0
20240225,20240225_1_02,20240225_1_02_06,천린,0
20240225,20240225_1_02,20240225_1_02_07,더자이언트,0
20240225,20240225_1_02,20240225_1_02_08,글로리참,0
20240225,20240225_1_02,20240225_1_02_09,제이에스파티,0
20240225,20240225_1_02,20240225_1_02_10,스터닝머니,0
20240225,20240225_1_02,20240225_1_02_11,스마트월드,0
20240225,20240225_1_02,20240225_1_02_12,라온스프린터,1
20240225,20240225_1_03,20240225_1_03_01,대물삭스,0
20240225,20240225_1_03,20240225_1_03_02,넥스트레벨,0
20240225,20240225_1_03,20240225_1_03_03,용비수,0
20240225,20240225_1_03,20240225_1_03_04,샤크텐,0
20240225,20240225_1_03,20240225_1_03_05,성실여걸,0
20240225,20240225_1_03,20240225_1_03_06,투투선더,0
20240225,20240225_1_03,20240225_1_03_07,플라잉점프,0
20240225,20240225_1_03,20240225_1_03_08,선갤런트,0
20240225,20240225_1_03,20240225_1_03_09,나라올라,1
20240225,20240225_1_03,20240225_1_03_10,샤우트쿠로,0
20240225,20240225_1_03,20240225_1_03_11,성실파워,0
20240225,20240225_1_04,20240225_1_04_01,이클립스타운,1
20240225,20240225_1_04,20240225_1_04_02,하이멜로디,0
20240225,20240225_1_04,20240225_1_04_03,소울비트,0
20240225,20240225_1_04,20240225_1_04_04,용비불패,0
20240225,20240225_1_04,20240225_1_04_05,글로벌클래스,0
20240225,20240225_1_04,20240225_1_04_06,불타는심장,0
20240225,20240225_1_04,20240225_1_04_07,거센진격,0
20240225,20240225_1_04,20240225_1_04_08,마이티닉,0
20240225,20240225_1_04,20240225_1_04_09,컴플리트하트,0
20240225,20240225_1_04,20240225_1_04_10,드래곤불패,0
20240225,20240225_1_04,20240225_1_04_11,사랑왕자,0
20240225,20240225_1_04,20240225_1_04_12,월드블레임,0
20240225,20240225_1_05,20240225_1_05_01,뉴포인트,0
20240225,20240225_1_05,20240225_1_05_03,톱티어,0
20240225,20240225_1_05,20240225_1_05_04,라온더시대,0
20240225,20240225_1_05,20240225_1_05_05,휘파람,0
20240225,20240225_1_05,20240225_1_05_06,청파의꿈,1
20240225,20240225_1_05,20240225_1_05_07,청량산,0
20240225,20240225_1_05,20240225_1_05_08,스마트캣,0
20240225,20240225_1_05,20240225_1_05_09,골드마이티,0
20240225,20240225_1_05,20240225_1_05_10,원더풀섀도우,0
20240225,20240225_1_05,20240225_1_05_11,스프링워터,0
20240225,20240225_1_05,20240225_1_05_12,나올대왕,0
20240225,20240225_1_06,20240225_1_06_01,나노마신,0
20240225,20240225_1_06,20240225_1_06_02,로열태리,0
20240225,20240225_1_06,20240225_1_06_03,금전사,0
20240225,20240225_1_06,20240225_1_06_04,찬란한폭풍,0
20240225,20240225_1_06,20240225_1_06_05,럭키파티,0
20240225,20240225_1_06,20240225_1_06_06,로키킹덤,0
20240225,20240225_1_06,20240225_1_06_07,오라칸,1
20240225,20240225_1_06,20240225_1_06_08,순간터치,0
20240225,20240225_1_06,20240225_1_06_09,새파랑,0
20240225,20240225_1_06,20240225_1_06_10,선포레,0
20240225,20240225_1_07,20240225_1_07_01,메가드래곤,0
20240225,20240225_1_07,20240225_1_07_02,은파사랑,0
20240225,20240225_1_07,20240225_1_07_03,지구라트,0
20240225,20240225_1_07,20240225_1_07_04,골든드래곤,0
20240225,20240225_1_07,20240225_1_07_05,걸작원,0
20240225,20240225_1_07,20240225_1_07_06,차돌다이아,0
20240225,20240225_1_07,20240225_1_07_07,나이스타임,1
20240225,20240225_1_07,20240225_1_07_08,거센반격,0
20240225,20240225_1_07,20240225_1_07_09,미래타워,0
20240225,20240225_1_08,20240225_1_08_01,아치메모리,0
20240225,20240225_1_08,20240225_1_08_02,원더풀스피릿,0
20240225,20240225_1_08,20240225_1_08_03,샤프선샤인,0
20240225,20240225_1_08,20240225_1_08_04,오섬크레딧,1
20240225,20240225_1_08,20240225_1_08_05,희망워리어,0
20240225,20240225_1_08,20240225_1_08_06,해피플레이,0
20240225,20240225_1_08,20240225_1_08_07,무장,0
20240225,20240225_1_08,20240225_1_08_08,섀클포인트,0
20240225,20240225_1_08,20240225_1_08_09,루비포트,0
20240225,20240225_1_08,20240225_1_08_11,브라이트위너,0
20240225,20240225_1_08,20240225_1_08_12,서머파티,0
20240225,20240225_1_09,20240225_1_09_01,러브문막,0
20240225,20240225_1_09,20240225_1_09_02,매직스트롱,0
20240225,20240225_1_09,20240225_1_09_03,라파예트,0
20240225,20240225_1_09,20240225_1_09_04,리얼팩,0
20240225,20240225_1_09,20240225_1_09_05,카지노스타,0
20240225,20240225_1_09,20240225_1_09_06,세이렌,0
20240225,20240225_1_09,20240225_1_09_07,더플레이어,0
20240225,20240225_1_09,20240225_1_09_08,새벽불빛,0
20240225,20240225_1_09,20240225_1_09_09,그레이트스톰,1
20240225,20240225_1_09,20240225_1_09_10,디바인퓨처즈,0
20240225,20240225_1_09,20240225_1_09_11,스탠바이미,0
20240225,20240225_1_09,20240225_1_09_12,플랜비,0
20240225,20240225_1_10,20240225_1_10_01,논스톱선더,0
20240225,20240225_1_10,20240225_1_10_02,원더풀위크,0
20240225,20240225_1_10,20240225_1_10_03,영영삭스,0
20240225,20240225_1_10,20240225_1_10_04,아침함성,0
20240225,20240225_1_10,20240225_1_10_05,비트러너,0
20240225,20240225_1_10,20240225_1_10_06,이클립스베리,1
20240225,20240225_1_10,20240225_1_10_07,영광의미소,0
20240225,20240225_1_10,20240225_1_10_08,메디치울프,0
20240225,20240225_1_10,20240225_1_10_09,티즈인디,0
20240225,20240225_1_10,20240225_1_10_10,정상제트,0
20240225,20240225_1_10,20240225_1_10_11,루미너스퀸,0
20240225,20240225_1_11,20240225_1_11_01,왕벚꽃,0
20240225,20240225_1_11,20240225_1_11_02,아이언삭스,0
20240225,20240225_1_11,20240225_1_11_03,마이티룩,0
20240225,20240225_1_11,20240225_1_11_04,최고레이스,0
20240225,20240225_1_11,20240225_1_11_05,프리맥스,0
20240225,20240225_1_11,20240225_1_11_06,선더타임,0
20240225,20240225_1_11,20240225_1_11_07,라온비트,0
20240225,20240225_1_11,20240225_1_11_08,코스모,0
20240225,20240225_1_11,20240225_1_11_09,컴플리트밸류,1
20240225,20240225_1_11,20240225_1_11_10,스팟플래터,0
20240225,20240225_1_11,20240225_1_11_11,글로벌보배,0
20240225,20240225_1_11,20240225_1_11_12,마이티지,0
20240302,20240302_1_01,20240302_1_01_01,일링크스,0
20240302,20240302_1_01,20240302_1_01_02,마루별,0
20240302,20240302_1_01,20240302_1_01_03,스마트알파,0
20240302,20240302_1_01,20240302_1_01_04,아카펠,1
20240302,20240302_1_01,20240302_1_01_05,피엔에스카,0
20240302,20240302_1_01,20240302_1_01_06,정상히트,0
20240302,20240302_1_01,20240302_1_01_07,프로시드,0
20240302,20240302_1_01,20240302_1_01_08,칼리프,0
20240302,20240302_1_01,20240302_1_01_09,맥스마,0
20240302,20240302_1_01,20240302_1_01_10,베스트대로,0
20240302,20240302_1_02,20240302_1_02_01,논스톱플레이,0
20240302,20240302_1_02,20240302_1_02_02,피엔에스날라,0
20240302,20240302_1_02,20240302_1_02_03,메니윈,1
20240302,20240302_1_02,20240302_1_02_04,퀸아비게일,0
20240302,20240302_1_02,20240302_1_02_05,글로벌코디,0
20240302,20240302_1_02,20240302_1_02_06,순천그레이,0
20240302,20240302_1_02,20240302_1_02_07,매직사일런스,0
20240302,20240302_1_02,20240302_1_02_08,피엔에스주,0
20240302,20240302_1_02,20240302_1_02_09,미스터파워,0
20240302,20240302_1_02,20240302_1_02_10,은파조이,0
20240302,20240302_1_03,20240302_1_03_01,드래곤스퀘어,0
20240302,20240302_1_03,20240302_1_03_02,산방봄날,0
20240302,20240302_1_03,20240302_1_03_04,드림카드,0
20240302,20240302_1_03,20240302_1_03_05,자이언트엠,1
20240302,20240302_1_03,20240302_1_03_06,탱글이,0
20240302,20240302_1_03,20240302_1_03_07,배다리향기,0
20240302,20240302_1_03,20240302_1_03_08,금성탈환,0
20240302,20240302_1_03,20240302_1_03_09,미스콩코드,0
20240302,20240302_1_03,20240302_1_03_10,비카나르마,0
20240302,20240302_1_04,20240302_1_04_01,금악진주,0
20240302,20240302_1_04,20240302_1_04_02,큐피드시크,0
20240302,20240302_1_04,20240302_1_04_03,라온더대세,0
20240302,20240302_1_04,20240302_1_04_04,엑설런트마타,0
20240302,20240302_1_04,20240302_1_04_05,스페셜포스,0
20240302,20240302_1_04,20240302_1_04_06,스마트별,0
20240302,20240302_1_04,20240302_1_04_07,제로백포,0
20240302,20240302_1_04,20240302_1_04_08,헤이마마,0
20240302,20240302_1_04,20240302_1_04_09,글로벌찬가,1
20240302,20240302_1_04,20240302_1_04_10,벌교위수,0
20240302,20240302_1_04,20240302_1_04_11,바람살,0
20240302,20240302_1_05,20240302_1_05_01,레전드케이,1
20240302,20240302_1_05,20240302_1_05_02,금성환희,0
20240302,20240302_1_05,20240302_1_05_03,황우최강,0
20240302,20240302_1_05,20240302_1_05_04,다이아키,0
20240302,20240302_1_05,20240302_1_05_05,챌린지삭스,0
20240302,20240302_1_05,20240302_1_05_06,쾌향,0
20240302,20240302_1_05,20240302_1_05_07,새벽밴드,0
20240302,20240302_1_05,20240302_1_05_08,태양타고,0
20240302,20240302_1_05,20240302_1_05_09,바덴바덴,0
20240302,20240302_1_05,20240302_1_05_10,메니스피어,0
20240302,20240302_1_06,20240302_1_06_01,스마트삭스,0
20240302,20240302_1_06,20240302_1_06_02,굿선봉,0
20240302,20240302_1_06,20240302_1_06_03,골든스나이퍼,0
20240302,20240302_1_06,20240302_1_06_04,건곤일척,0
20240302,20240302_1_06,20240302_1_06_05,메니참,0
20240302,20240302_1_06,20240302_1_06_06,신의여인,0
20240302,20240302_1_06,20240302_1_06_07,학산마초,1
20240302,20240302_1_06,20240302_1_06_08,배다리쾌검,0
20240302,20240302_1_06,20240302_1_06_09,강서브이,0
20240302,20240302_1_06,20240302_1_06_10,탐라최강자,0
20240302,20240302_1_06,20240302_1_06_11,파티파워,0
20240302,20240302_1_07,20240302_1_07_01,달맞이,0
20240302,20240302_1_07,20240302_1_07_02,마이칸,0
20240302,20240302_1_07,20240302_1_07_03,희망챔프,1
20240302,20240302_1_07,20240302_1_07_04,더페이버릿,0
20240302,20240302_1_07,20240302_1_07_05,땡큐대천,0
20240302,20240302_1_07,20240302_1_07_06,원더풀조이,0
20240302,20240302_1_07,20240302_1_07_07,바람의검,0
20240302,20240302_1_07,20240302_1_07_08,블루인디,0
20240302,20240302_1_07,20240302_1_07_09,블랙건,0
20240302,20240302_1_07,20240302_1_07_10,원더풀퍼지,0
20240302,20240302_1_08,20240302_1_08_01,보스베이비,0
20240302,20240302_1_08,20240302_1_08_02,럭셔리킹,0
20240302,20240302_1_08,20240302_1_08_03,맥스골드,0
20240302,20240302_1_08,20240302_1_08_04,고스트참,0
20240302,20240302_1_08,20240302_1_08_05,피엔에스빌,1
20240302,20240302_1_08,20240302_1_08_06,카리즈마,0
20240302,20240302_1_08,20240302_1_08_07,클로버파티,0
20240302,20240302_1_08,20240302_1_08_08,에브리참,0
20240302,20240302_1_08,20240302_1_08_09,거센챔프,0
20240302,20240302_1_08,20240302_1_08_10,모닝펄,0
20240302,20240302_1_08,20240302_1_08_11,대지의여걸,0
20240302,20240302_1_09,20240302_1_09_01,심플스타일,0
20240302,20240302_1_09,20240302_1_09_02,돌격앞으로,0
20240302,20240302_1_09,20240302_1_09_03,로열함성,0
20240302,20240302_1_09,20240302_1_09_06,울트라드래곤,0
20240302,20240302_1_09,20240302_1_09_08,천군,0
20240302,20240302_1_09,20240302_1_09_09,우마포이,1
20240302,20240302_1_09,20240302_1_09_10,크레이지러브,0
20240302,20240302_1_09,20240302_1_09_11,더트서퍼,0
20240302,20240302_1_10,20240302_1_10_01,금아얼루어,0
20240302,20240302_1_10,20240302_1_10_02,헤이큐피드,0
20240302,20240302_1_10,20240302_1_10_03,글로벌강타,0
20240302,20240302_1_10,20240302_1_10_04,헌터블레이드,0
20240302,20240302_1_10,20240302_1_10_05,다프네,0
20240302,20240302_1_10,20240302_1_10_06,아침동자,0
20240302,20240302_1_10,20240302_1_10_07,바잉블레이드,0
20240302,20240302_1_10,20240302_1_10_08,새내파워풀,0
20240302,20240302_1_10,20240302_1_10_09,카우보이탱고,0
20240302,20240302_1_10,20240302_1_10_10,두손판타스틱,0
20240302,20240302_1_10,20240302_1_10_11,대완구,1
20240302,20240302_1_11,20240302_1_11_01,컴플리트포스,0
20240302,20240302_1_11,20240302_1_11_02,남산주몽,0
20240302,20240302_1_11,20240302_1_11_03,라온더퀄리티,0
20240302,20240302_1_11,20240302_1_11_04,더리퍼,0
20240302,20240302_1_11,20240302_1_11_05,제다이,0
20240302,20240302_1_11,20240302_1_11_06,컴플리트엔젤,0
20240302,20240302_1_11,20240302_1_11_07,문학송,0
20240302,20240302_1_11,20240302_1_11_08,파르키우스,0
20240302,20240302_1_11,20240302_1_11_09,캡틴삼칠이,1
20240302,20240302_1_11,20240302_1_11_10,행복한문막,0
20240302,20240302_1_11,20240302_1_11_11,별나라질주,0
20240303,20240303_1_01,20240303_1_01_01,사려니포아너,0
20240303,20240303_1_01,20240303_1_01_02,엑설런트탄,1
20240303,20240303_1_01,20240303_1_01_03,당찬낭보,0
20240303,20240303_1_01,20240303_1_01_04,피엔에스미,0
20240303,20240303_1_01,20240303_1_01_05,스팔타,0
20240303,20240303_1_01,20240303_1_01_06,강철전사,0
20240303,20240303_1_01,20240303_1_01_07,골든볼,0
20240303,20240303_1_01,20240303_1_01_08,금성여제,0
20240303,20240303_1_01,20240303_1_01_09,비트오션,0
20240303,20240303_1_01,20240303_1_01_10,주얼리패션,0
20240303,20240303_1_02,20240303_1_02_01,그린콩코드,0
20240303,20240303_1_02,20240303_1_02_02,플라잉라이언,0
20240303,20240303_1_02,20240303_1_02_03,피엔에스챔프,0
20240303,20240303_1_02,20240303_1_02_04,브라이트카이,0
20240303,20240303_1_02,20240303_1_02_05,캡틴타임,1
20240303,20240303_1_02,20240303_1_02_06,피엔에스파,0
20240303,20240303_1_02,20240303_1_02_07,원더풀패스,0
20240303,20240303_1_02,20240303_1_02_08,강철여걸,0
20240303,20240303_1_02,20240303_1_02_09,천지마켓,0
20240303,20240303_1_02,20240303_1_02_10,사려니니케,0
20240303,20240303_1_02,20240303_1_02_11,하이호실버,0
20240303,20240303_1_03,20240303_1_03_01,원스피어,0
20240303,20240303_1_03,20240303_1_03_02,호명퀸,0
20240303,20240303_1_03,20240303_1_03_03,장흥클래스,0
20240303,20240303_1_03,20240303_1_03_04,빅에너지,0
20240303,20240303_1_03,20240303_1_03_05,모모케이,0
20240303,20240303_1_03,20240303_1_03_06,클레어파워,0
20240303,20240303_1_03,20240303_1_03_07,채플프린세스,0
20240303,20240303_1_03,20240303_1_03_08,월드킹맨,1
20240303,20240303_1_03,20240303_1_03_09,벨로테로,0
20240303,20240303_1_03,20240303_1_03_10,원더풀리걸,0
20240303,20240303_1_03,20240303_1_03_11,슈팅리버스,0
20240303,20240303_1_04,20240303_1_04_01,강한누리,0
20240303,20240303_1_04,20240303_1_04_02,오스틴리더,0
20240303,20240303_1_04,20240303_1_04_03,서울최강자,1
20240303,20240303_1_04,20240303_1_04_04,만대로,0
20240303,20240303_1_04,20240303_1_04_05,세명레이디,0
20240303,20240303_1_04,20240303_1_04_06,천존챗,0
20240303,20240303_1_04,20240303_1_04_07,화산귀환,0
20240303,20240303_1_04,20240303_1_04_08,민트플레이,0
20240303,20240303_1_04,20240303_1_04_09,아이스크림,0
20240303,20240303_1_04,20240303_1_04_10,우주전쟁,0
20240303,20240303_1_04,20240303_1_04_11,실버퍼지,0
20240303,20240303_1_05,20240303_1_05_01,피엔에스더킹,0
20240303,20240303_1_05,20240303_1_05_02,로터스미르,0
20240303,20240303_1_05,20240303_1_05_03,정상럭키,0
20240303,20240303_1_05,20240303_1_05_04,메이드스타,0
20240303,20240303_1_05,20240303_1_05_05,케이엔티즈원,0
20240303,20240303_1_05,20240303_1_05_06,마에스트로,0
20240303,20240303_1_05,20240303_1_05_07,사랑다모아,0
20240303,20240303_1_05,20240303_1_05_08,슈퍼군황,0
20240303,20240303_1_05,20240303_1_05_09,불화산,1
20240303,20240303_1_05,20240303_1_05_10,에펠탑,0
20240303,20240303_1_06,20240303_1_06_01,내길의퀸,0
20240303,20240303_1_06,20240303_1_06_02,바이킹하트,0
20240303,20240303_1_06,20240303_1_06_03,옥천최강,0
20240303,20240303_1_06,20240303_1_06_04,퍼지킹,0
20240303,20240303_1_06,20240303_1_06_05,히든블레이드,0
20240303,20240303_1_06,20240303_1_06_06,봄날의기억,0
20240303,20240303_1_06,20240303_1_06_07,블랙벨트,0
20240303,20240303_1_06,20240303_1_06_08,화씨벽,0
20240303,20240303_1_06,20240303_1_06_09,우루스퀸,1
20240303,20240303_1_06,20240303_1_06_10,아르고무적,0
20240303,20240303_1_06,20240303_1_06_11,메니원더풀,0
20240303,20240303_1_07,20240303_1_07_01,은혜,1
20240303,20240303_1_07,20240303_1_07_02,블랙루키,0
20240303,20240303_1_07,20240303_1_07_03,원평퀸,0
20240303,20240303_1_07,20240303_1_07_04,갈색향기,0
20240303,20240303_1_07,20240303_1_07_05,우주의봄,0
20240303,20240303_1_07,20240303_1_07_06,큐피드점보,0
20240303,20240303_1_07,20240303_1_07_07,금아파이어리,0
20240303,20240303_1_07,20240303_1_07_08,태평파이터,0
20240303,20240303_1_07,20240303_1_07_09,아르고탑,0
20240303,20240303_1_07,20240303_1_07_10,화수분,0
20240303,20240303_1_07,20240303_1_07_11,미라클한강,0
20240303,20240303_1_08,20240303_1_08_01,행복한승자,0
20240303,20240303_1_08,20240303_1_08_02,빅토리히트,0
20240303,20240303_1_08,20240303_1_08_03,한강질주,0
20240303,20240303_1_08,20240303_1_08_04,걸작최강,1
20240303,20240303_1_08,20240303_1_08_05,문학홀리데이,0
20240303,20240303_1_08,20240303_1_08_06,라온더맨,0
20240303,20240303_1_08,20240303_1_08_07,클림트월드,0
20240303,20240303_1_08,20240303_1_08_09,논스톱힐,0
20240303,20240303_1_08,20240303_1_08_10,티시패밀리,0
20240303,20240303_1_08,20240303_1_08_11,창조의아침,0
20240303,20240303_1_09,20240303_1_09_01,라온더코브라,0
20240303,20240303_1_09,20240303_1_09_02,울트라삭스,0
20240303,20240303_1_09,20240303_1_09_03,리버태양,0
20240303,20240303_1_09,20240303_1_09_04,마이티쎈,0
20240303,20240303_1_09,20240303_1_09_05,스피드원,1
20240303,20240303_1_09,20240303_1_09_06,아라모아,0
20240303,20240303_1_09,20240303_1_09_07,밀리언파티,0
20240303,20240303_1_09,20240303_1_09_08,해피믹스,0
20240303,20240303_1_09,20240303_1_09_09,스위트주스바,0
20240303,20240303_1_09,20240303_1_09_10,트로트퀸,0
20240303,20240303_1_09,20240303_1_09_11,쏘아라투투,0
20240303,20240303_1_10,20240303_1_10_01,톱클래스,0
20240303,20240303_1_10,20240303_1_10_02,굿해피,0
20240303,20240303_1_10,20240303_1_10_03,아르고리치,0
20240303,20240303_1_10,20240303_1_10_04,이다나은,0
20240303,20240303_1_10,20240303_1_10_05,케이엔라이트,0
20240303,20240303_1_10,20240303_1_10_06,문학어플리트,0
20240303,20240303_1_10,20240303_1_10_07,머스탱파워,1
20240303,20240303_1_10,20240303_1_10_08,탑퀄리티,0
20240303,20240303_1_10,20240303_1_10_09,럭셔리캡틴,0
20240303,20240303_1_10,20240303_1_10_10,화이트참,0
20240303,20240303_1_10,20240303_1_10_11,문학드림,0
20240303,20240303_1_11,20240303_1_11_01,어서말을해,0
20240303,20240303_1_11,20240303_1_11_02,신의아들,0
20240303,20240303_1_11,20240303_1_11_03,선드래곤,0
20240303,20240303_1_11,20240303_1_11_05,소베라니아,0
20240303,20240303_1_11,20240303_1_11_06,금아애크미,0
20240303,20240303_1_11,20240303_1_11_07,라온더제트,1
20240303,20240303_1_11,20240303_1_11_08,디스챌린지,0
20240303,20240303_1_11,20240303_1_11_09,원더풀케이,0
20240303,20240303_1_11,20240303_1_11_10,최강블레이드,0
20240303,20240303_1_11,20240303_1_11_11,천마비상,0
20240309,20240309_1_01,20240309_1_01_01,원더풀시킹,0
20240309,20240309_1_01,20240309_1_01_02,플라잉커맨드,0
20240309,20240309_1_01,20240309_1_01_03,원평누리,0
20240309,20240309_1_01,20240309_1_01_04,비케이벨,0
20240309,20240309_1_01,20240309_1_01_05,디아나,1
20240309,20240309_1_01,20240309_1_01_06,주링스카이,0
20240309,20240309_1_01,20240309_1_01_07,오푸스퍼플,0
20240309,20240309_1_01,20240309_1_01_08,마루스타,0
20240309,20240309_1_01,20240309_1_01_09,함평파이터,0
20240309,20240309_1_01,20240309_1_01_10,아임더베스트,0
20240309,20240309_1_01,20240309_1_01_11,함평장미,0
20240309,20240309_1_02,20240309_1_02_01,투에이스,0
20240309,20240309_1_02,20240309_1_02_02,엘린,0
20240309,20240309_1_02,20240309_1_02_03,초강불패,0
20240309,20240309_1_02,20240309_1_02_04,테스타루비,0
20240309,20240309_1_02,20240309_1_02_05,컴플리트파티,0
20240309,20240309_1_02,20240309_1_02_06,네이비크롬,1
20240309,20240309_1_02,20240309_1_02_07,대원용마,0
20240309,20240309_1_02,20240309_1_02_08,이스트퀄리티,0
20240309,20240309_1_02,20240309_1_02_09,빅토리실버,0
20240309,20240309_1_02,20240309_1_02_10,토호마켓,0
20240309,20240309_1_02,20240309_1_02_11,머제스틱위너,0
20240309,20240309_1_03,20240309_1_03_01,원더풀티지,0
20240309,20240309_1_03,20240309_1_03_02,검의전설,0
20240309,20240309_1_03,20240309_1_03_03,굿카보,1
20240309,20240309_1_03,20240309_1_03_04,갤럭시삭스,0
20240309,20240309_1_03,20240309_1_03_05,스트롱참,0
20240309,20240309_1_03,20240309_1_03_06,붉은폭풍,0
20240309,20240309_1_03,20240309_1_03_07,명성축제,0
20240309,20240309_1_03,20240309_1_03_08,성실영웅,0
20240309,20240309_1_03,20240309_1_03_09,하트케이,0
20240309,20240309_1_04,20240309_1_04_01,담쟁이아르고,0
20240309,20240309_1_04,20240309_1_04_02,마파람,0
20240309,20240309_1_04,20240309_1_04_03,아로마,0
20240309,20240309_1_04,20240309_1_04_04,베스트클론,0
20240309,20240309_1_04,20240309_1_04_05,핑크골드,0
20240309,20240309_1_04,20240309_1_04_06,동트자웨이,0
20240309,20240309_1_04,20240309_1_04_07,검이불루,1
20240309,20240309_1_04,20240309_1_04_08,파인데이,0
20240309,20240309_1_04,20240309_1_04_09,새내칸,0
20240309,20240309_1_04,20240309_1_04_10,태평무,0
20240309,20240309_1_05,20240309_1_05_01,하이본미,0
20240309,20240309_1_05,20240309_1_05_02,아치메모리,1
20240309,20240309_1_05,20240309_1_05_03,클라우터,0
20240309,20240309_1_05,20240309_1_05_04,파워에치드,0
20240309,20240309_1_05,20240309_1_05_05,당찬대보,0
20240309,20240309_1_05,20240309_1_05_06,더선파이터,0
20240309,20240309_1_05,20240309_1_05_07,원더풀위싱,0
20240309,20240309_1_05,20240309_1_05_08,슬램드래곤,0
20240309,20240309_1_06,20240309_1_06_01,킹다이아,0
20240309,20240309_1_06,20240309_1_06_02,어나더레벨,0
20240309,20240309_1_06,20240309_1_06_03,새로운빛깔,1
20240309,20240309_1_06,20240309_1_06_04,미스터퀄리티,0
20240309,20240309_1_06,20240309_1_06_05,시선집중,0
20240309,20240309_1_06,20240309_1_06_06,도리포,0
20240309,20240309_1_06,20240309_1_06_07,매디슨마운틴,0
20240309,20240309_1_06,20240309_1_06_08,드림플레이,0
20240309,20240309_1_06,20240309_1_06_09,송암레이서,0
20240309,20240309_1_06,20240309_1_06_10,시크릿왕자,0
20240309,20240309_1_06,20240309_1_06_11,선더프린스,0
20240309,20240309_1_07,20240309_1_07_01,라로마네,0
20240309,20240309_1_07,20240309_1_07_02,선더블루,0
20240309,20240309_1_07,20240309_1_07_03,금성시대,0
20240309,20240309_1_07,20240309_1_07_04,남산무적,0
20240309,20240309_1_07,20240309_1_07_05,언패럴렐드,0
20240309,20240309_1_07,20240309_1_07_06,이무기,0
20240309,20240309_1_07,20240309_1_07_07,굿니센,1
20240309,20240309_1_07,20240309_1_07_08,원더풀폭스,0
20240309,20240309_1_07,20240309_1_07_09,랠리퀸,0
20240309,20240309_1_07,20240309_1_07_10,원평킬라,0
20240309,20240309_1_07,20240309_1_07_11,두손클래식,0
20240309,20240309_1_08,20240309_1_08_01,나이스빅걸,0
20240309,20240309_1_08,20240309_1_08_02,그레이스케이,0
20240309,20240309_1_08,20240309_1_08_03,신의반전,0
20240309,20240309_1_08,20240309_1_08_04,히어로레전드,0
20240309,20240309_1_08,20240309_1_08_05,벤칼프린세스,0
20240309,20240309_1_08,20240309_1_08_06,미스하이플라이,0
20240309,20240309_1_08,20240309_1_08_07,힐링헤이븐,0
20240309,20240309_1_08,20240309_1_08_08,히든브레인,0
20240309,20240309_1_08,20240309_1_08_09,별나라비마,0
20240309,20240309_1_08,20240309_1_08_10,오섬나탈리,0
20240309,20240309_1_08,20240309_1_08_11,아너로즈,1
20240309,20240309_1_09,20240309_1_09_01,그린백,0
20240309,20240309_1_09,20240309_1_09_02,비엔토,0
20240309,20240309_1_09,20240309_1_09_03,파인팜,0
20240309,20240309_1_09,20240309_1_09_04,플라이데이,0
20240309,20240309_1_09,20240309_1_09_05,도끼드래곤,0
20240309,20240309_1_09,20240309_1_09_06,비야리카,0
20240309,20240309_1_09,20240309_1_09_07,제이에스로드,0
20240309,20240309_1_09,20240309_1_09_08,블랙모션,1
20240309,20240309_1_09,20240309_1_09_09,토호스카이,0
20240309,20240309_1_09,20240309_1_09_10,오키드밸리,0
20240309,20240309_1_09,20240309_1_09_11,큐피드비상,0
20240309,20240309_1_10,20240309_1_10_01,블루레몬,1
20240309,20240309_1_10,20240309_1_10_02,글로벌선,0
20240309,20240309_1_10,20240309_1_10_03,파이팅대디,0
20240309,20240309_1_10,20240309_1_10_04,단디,0
20240309,20240309_1_10,20240309_1_10_05,라온더위켄드,0
20240309,20240309_1_10,20240309_1_10_06,글로벌파워,0
20240309,20240309_1_10,20240309_1_10_07,터프맨,0
20240309,20240309_1_10,20240309_1_10_08,블랙초콜릿,0
20240309,20240309_1_10,20240309_1_10_09,은파챔피언,0
20240309,20240309_1_10,20240309_1_10_10,히어로사랑,0
20240309,20240309_1_10,20240309_1_10_11,자이언트킬링,0
20240309,20240309_1_11,20240309_1_11_01,두손멍군,0
20240309,20240309_1_11,20240309_1_11_02,마이티칩,0
20240309,20240309_1_11,20240309_1_11_03,아르고스마일,0
20240309,20240309_1_11,20240309_1_11_04,로열로드,0
20240309,20240309_1_11,20240309_1_11_05,울프플레이,1
20240309,20240309_1_11,20240309_1_11_06,월드참,0
20240309,20240309_1_11,20240309_1_11_07,문학보스,0
20240309,20240309_1_11,20240309_1_11_08,베스트탑,0
20240310,20240310_1_01,20240310_1_01_01,블랙시대,0
20240310,20240310_1_01,20240310_1_01_02,분당쓰나미,1
20240310,20240310_1_01,20240310_1_01_03,용비퀸,0
20240310,20240310_1_01,20240310_1_01_04,히퍼드롬,0
20240310,20240310_1_01,20240310_1_01_05,라온히트맨,0
20240310,20240310_1_01,20240310_1_01_06,올아이즈온미,0
20240310,20240310_1_01,20240310_1_01_07,스타체인저,0
20240310,20240310_1_01,20240310_1_01_08,라온더클래머,0
20240310,20240310_1_01,20240310_1_01_09,정성바이스,0
20240310,20240310_1_01,20240310_1_01_10,선더여걸,0
20240310,20240310_1_03,20240310_1_03_01,젤로스,0
20240310,20240310_1_03,20240310_1_03_02,콰이어트참,0
20240310,20240310_1_03,20240310_1_03_03,벨비티,0
20240310,20240310_1_03,20240310_1_03_04,동행퍼스트,0
20240310,20240310_1_03,20240310_1_03_05,벌교차돌,1
20240310,20240310_1_03,20240310_1_03_06,천은총,0
20240310,20240310_1_03,20240310_1_03_07,골드베르크,0
20240310,20240310_1_03,20240310_1_03_08,금악스타,0
20240310,20240310_1_03,20240310_1_03_09,승리의영혼,0
20240310,20240310_1_03,20240310_1_03_10,명진불패,0
20240310,20240310_1_04,20240310_1_04_01,페더럴킹,0
20240310,20240310_1_04,20240310_1_04_02,원평타운,0
20240310,20240310_1_04,20240310_1_04_03,낭주여걸,0
20240310,20240310_1_04,20240310_1_04_04,라온더찰리,0
20240310,20240310_1_04,20240310_1_04_05,은혜드림,0
20240310,20240310_1_04,20240310_1_04_06,아르고공주,0
20240310,20240310_1_04,20240310_1_04_07,아라챔프,0
20240310,20240310_1_04,20240310_1_04_08,시티킹,0
20240310,20240310_1_04,20240310_1_04_09,브라이트한센,1
20240310,20240310_1_04,20240310_1_04_10,스타트렉,0
20240310,20240310_1_04,20240310_1_04_11,텐배거,0
20240310,20240310_1_05,20240310_1_05_01,경부도령,0
20240310,20240310_1_05,20240310_1_05_02,돌배,0
20240310,20240310_1_05,20240310_1_05_03,우루스칸,0
20240310,20240310_1_05,20240310_1_05_04,걸작선,0
20240310,20240310_1_05,20240310_1_05_05,빈체로카발로,1
20240310,20240310_1_05,20240310_1_05_06,찬란한불꽃,0
20240310,20240310_1_05,20240310_1_05_07,드림여왕,0
20240310,20240310_1_05,20240310_1_05_08,올포유어드림,0
20240310,20240310_1_05,20240310_1_05_09,은파마운틴,0
20240310,20240310_1_05,20240310_1_05_10,베스트전사,0
20240310,20240310_1_05,20240310_1_05_11,어서와,0
20240310,20240310_1_06,20240310_1_06_01,홀리데이참,0
20240310,20240310_1_06,20240310_1_06_02,아델머스탱,0
20240310,20240310_1_06,20240310_1_06_03,컴플리트드림,0
20240310,20240310_1_06,20240310_1_06_04,정상킹덤,0
20240310,20240310_1_06,20240310_1_06_05,티즈에너지,0
20240310,20240310_1_06,20240310_1_06_06,클럽디,1
20240310,20240310_1_06,20240310_1_06_07,글로벌럭키,0
20240310,20240310_1_06,20240310_1_06_08,기쁨환호,0
20240310,20240310_1_06,20240310_1_06_09,이글포인트,0
20240310,20240310_1_06,20240310_1_06_10,세광파이터,0
20240310,20240310_1_06,20240310_1_06_11,비전파워,0
20240310,20240310_1_07,20240310_1_07_01,원평코드,0
20240310,20240310_1_07,20240310_1_07_02,논스톱기상,0
20240310,20240310_1_07,20240310_1_07_03,성실인동,0
20240310,20240310_1_07,20240310_1_07_04,늘가을,1
20240310,20240310_1_07,20240310_1_07_05,원더풀데블,0
20240310,20240310_1_07,20240310_1_07_06,원더풀인디,0
20240310,20240310_1_07,20240310_1_07_07,나의나라,0
20240310,20240310_1_07,20240310_1_07_08,청산영웅,0
20240310,20240310_1_07,20240310_1_07_09,울트라킹,0
20240310,20240310_1_07,20240310_1_07_10,하이러너,0
20240310,20240310_1_07,20240310_1_07_11,카우보이킹,0
20240310,20240310_1_08,20240310_1_08_01,센스쟁이,0
20240310,20240310_1_08,20240310_1_08_02,매직아워,0
20240310,20240310_1_08,20240310_1_08_03,이스트점프,0
20240310,20240310_1_08,20240310_1_08_04,엠제이베스트,0
20240310,20240310_1_08,20240310_1_08_05,영웅부활,0
20240310,20240310_1_08,20240310_1_08_06,더스파이커,0
20240310,20240310_1_08,20240310_1_08_07,에클레어퓨리,0
20240310,20240310_1_08,20240310_1_08_08,옥룡,0
20240310,20240310_1_08,20240310_1_08_09,강력한지금,0
20240310,20240310_1_08,20240310_1_08_10,우와륭,0
20240310,20240310_1_08,20240310_1_08_11,천지광풍,1
20240310,20240310_1_09,20240310_1_09_01,월드섀넌스,0
20240310,20240310_1_09,20240310_1_09_02,선더미르,0
20240310,20240310_1_09,20240310_1_09_03,네모프린스,0
20240310,20240310_1_09,20240310_1_09_04,최고게임,0
20240310,20240310_1_09,20240310_1_09_05,성실공주핑크,0
20240310,20240310_1_09,20240310_1_09_06,태칸,0
20240310,20240310_1_09,20240310_1_09_07,에이스군주,0
20240310,20240310_1_09,20240310_1_09_08,라온더판타,0
20240310,20240310_1_09,20240310_1_09_09,유니콘킹덤,0
20240310,20240310_1_09,20240310_1_09_10,브라보플레이,1
20240310,20240310_1_09,20240310_1_09_11,페어스카이즈,0
20240310,20240310_1_10,20240310_1_10_01,록라인,0
20240310,20240310_1_10,20240310_1_10_02,플라잉골드,0
20240310,20240310_1_10,20240310_1_10_03,벌말대장,0
20240310,20240310_1_10,20240310_1_10_04,더퀸저스티스,0
20240310,20240310_1_10,20240310_1_10_05,모닝힐,0
20240310,20240310_1_10,20240310_1_10_06,슈어윈,0
20240310,20240310_1_10,20240310_1_10_07,글로벌영웅,1
20240310,20240310_1_10,20240310_1_10_08,러블리케이,0
20240310,20240310_1_10,20240310_1_10_09,스퍼트빗,0
20240310,20240310_1_11,20240310_1_11_01,파크윈,0
20240310,20240310_1_11,20240310_1_11_03,장산몬스터,0
20240310,20240310_1_11,20240310_1_11_04,볼트맨,1
20240310,20240310_1_11,20240310_1_11_05,리월마,0
20240310,20240310_1_11,20240310_1_11_06,남산의별,0
20240310,20240310_1_11,20240310_1_11_07,글로벌삭스,0
20240310,20240310_1_11,20240310_1_11_08,발베니,0
20240310,20240310_1_11,20240310_1_11_09,몬스터케이,0
20240310,20240310_1_11,20240310_1_11_10,장산레이저,0
20240316,20240316_1_01,20240316_1_01_01,비트영웅,0
20240316,20240316_1_01,20240316_1_01_02,오섬브레인,1
20240316,20240316_1_01,20240316_1_01_03,애플퀸,0
20240316,20240316_1_01,20240316_1_01_04,에클레어파워,0
20240316,20240316_1_01,20240316_1_01_05,하이엔드,0
20240316,20240316_1_01,20240316_1_01_06,스피드카라,0
20240316,20240316_1_01,20240316_1_01_07,히어로트리플,0
20240316,20240316_1_01,20240316_1_01_08,어메이징록,0
20240316,20240316_1_01,20240316_1_01_09,서부챔프,0
20240316,20240316_1_01,20240316_1_01_10,나우엘리트,0
20240316,20240316_1_01,20240316_1_01_11,바주카보이,0
20240316,20240316_1_02,20240316_1_02_01,이에이치코코,0
20240316,20240316_1_02,20240316_1_02_02,스터닝서브,0
20240316,20240316_1_02,20240316_1_02_03,선더갤러퍼,0
20240316,20240316_1_02,20240316_1_02_04,샤크텐,0
20240316,20240316_1_02,20240316_1_02_05,창조의기둥,0
20240316,20240316_1_02,20240316_1_02_06,신의운명,0
20240316,20240316_1_02,20240316_1_02_07,마이티봄,0
20240316,20240316_1_02,20240316_1_02_08,선갤런트,0
20240316,20240316_1_02,20240316_1_02_09,선더스피드,0
20240316,20240316_1_02,20240316_1_02_10,볼린,0
20240316,20240316_1_02,20240316_1_02_11,섀도헌터,1
20240316,20240316_1_03,20240316_1_03_01,선더에이원,1
20240316,20240316_1_03,20240316_1_03_02,마루별,0
20240316,20240316_1_03,20240316_1_03_03,아치로켓,0
20240316,20240316_1_03,20240316_1_03_04,히어로챔프,0
20240316,20240316_1_03,20240316_1_03_05,다나은렉스,0
20240316,20240316_1_03,20240316_1_03_06,댄싱강자,0
20240316,20240316_1_03,20240316_1_03_07,솔레어,0
20240316,20240316_1_03,20240316_1_03_08,인피니트아너,0
20240316,20240316_1_03,20240316_1_03_09,큐피드라이즈,0
20240316,20240316_1_03,20240316_1_03_10,플라잉킹,0
20240316,20240316_1_03,20240316_1_03_11,서울돌풍,0
20240316,20240316_1_04,20240316_1_04_01,원더풀웰스,0
20240316,20240316_1_04,20240316_1_04_02,글로리참,0
20240316,20240316_1_04,20240316_1_04_03,브라운골드,1
20240316,20240316_1_04,20240316_1_04_04,코스모킹,0
20240316,20240316_1_04,20240316_1_04_05,성실파워,0
20240316,20240316_1_04,20240316_1_04_06,용비천,0
20240316,20240316_1_04,20240316_1_04_07,투투선더,0
20240316,20240316_1_04,20240316_1_04_08,넥스트레벨,0
20240316,20240316_1_04,20240316_1_04_09,퀸아비게일,0
20240316,20240316_1_04,20240316_1_04_10,에버더크라운,0
20240316,20240316_1_04,20240316_1_04_11,블러드마운틴,0
20240316,20240316_1_05,20240316_1_05_01,한강파워,1
20240316,20240316_1_05,20240316_1_05_02,원스피어,0
20240316,20240316_1_05,20240316_1_05_03,해피익투스,0
20240316,20240316_1_05,20240316_1_05_04,디바인퓨처즈,0
20240316,20240316_1_05,20240316_1_05_05,리치게이트,0
20240316,20240316_1_05,20240316_1_05_06,테마탄생,0
20240316,20240316_1_05,20240316_1_05_07,메니참,0
20240316,20240316_1_05,20240316_1_05_08,미스터트롯,0
20240316,20240316_1_05,20240316_1_05_09,서니로드,0
20240316,20240316_1_05,20240316_1_05_10,용비파워,0
20240316,20240316_1_05,20240316_1_05_11,비트레이서,0
20240316,20240316_1_06,20240316_1_06_01,걸작스카이,0
20240316,20240316_1_06,20240316_1_06_02,허니펀치,0
20240316,20240316_1_06,20240316_1_06_03,산삼은함양,0
20240316,20240316_1_06,20240316_1_06_04,여왕삭스,0
20240316,20240316_1_06,20240316_1_06_05,제우시대,0
20240316,20240316_1_06,20240316_1_06_06,천마평정,1
20240316,20240316_1_06,20240316_1_06_07,위대한한마,0
20240316,20240316_1_06,20240316_1_06_08,송암아치걸,0
20240316,20240316_1_06,20240316_1_06_09,그린필스타,0
20240316,20240316_1_06,20240316_1_06_10,터치참,0
20240316,20240316_1_06,20240316_1_06_11,글로리케이,0
20240316,20240316_1_07,20240316_1_07_01,스카이함성,0
20240316,20240316_1_07,20240316_1_07_02,원더풀조이,0
20240316,20240316_1_07,20240316_1_07_03,금성세계,0
20240316,20240316_1_07,20240316_1_07_04,화랑투데이,1
20240316,20240316_1_07,20240316_1_07_05,로열태리,0
20240316,20240316_1_07,20240316_1_07_06,나노메타,0
20240316,20240316_1_07,20240316_1_07_07,펀크레이지,0
20240316,20240316_1_07,20240316_1_07_08,은빛돌풍,0
20240316,20240316_1_07,20240316_1_07_09,나노마신,0
20240316,20240316_1_08,20240316_1_08_01,메니샤크,0
20240316,20240316_1_08,20240316_1_08_02,레이디태풍,0
20240316,20240316_1_08,20240316_1_08_03,카리즈마,0
20240316,20240316_1_08,20240316_1_08_04,미스파이널,0
20240316,20240316_1_08,20240316_1_08_05,스프링워터,1
20240316,20240316_1_08,20240316_1_08_06,황우강자,0
20240316,20240316_1_08,20240316_1_08_07,글로리앤아너,0
20240316,20240316_1_08,20240316_1_08_08,스피어골드,0
20240316,20240316_1_08,20240316_1_08_09,골든라인,0
20240316,20240316_1_08,20240316_1_08_10,큐피드시크,0
20240316,20240316_1_08,20240316_1_08_11,용천지상,0
20240316,20240316_1_09,20240316_1_09_01,금세,0
20240316,20240316_1_09,20240316_1_09_02,바람의향기,0
20240316,20240316_1_09,20240316_1_09_03,콩코드퀸,0
20240316,20240316_1_09,20240316_1_09_04,아마존킹,0
20240316,20240316_1_09,20240316_1_09_05,나인이글,0
20240316,20240316_1_09,20240316_1_09_06,영원파이터,1
20240316,20240316_1_09,20240316_1_09_07,프레시맨,0
20240316,20240316_1_09,20240316_1_09_08,런던에이스,0
20240316,20240316_1_09,20240316_1_09_09,해피믹스,0
20240316,20240316_1_09,20240316_1_09_10,라온탑플레이,0
20240316,20240316_1_09,20240316_1_09_11,투혼특급,0
20240316,20240316_1_10,20240316_1_10_01,모닝프린스,0
20240316,20240316_1_10,20240316_1_10_02,베링맨,0
20240316,20240316_1_10,20240316_1_10_03,문학태핏,0
20240316,20240316_1_10,20240316_1_10_04,파워군주,0
20240316,20240316_1_10,20240316_1_10_05,머니크라운,0
20240316,20240316_1_10,20240316_1_10_06,천둥호랑이,0
20240316,20240316_1_10,20240316_1_10_07,머니가락,0
20240316,20240316_1_10,20240316_1_10_08,정상에이스,0
20240316,20240316_1_10,20240316_1_10_09,마이티웰,0
20240316,20240316_1_10,20240316_1_10_10,강풍마,1
20240316,20240316_1_10,20240316_1_10_11,히어로파이터,0
20240316,20240316_1_11,20240316_1_11_01,라스트펀치,0
20240316,20240316_1_11,20240316_1_11_02,대물,0
20240316,20240316_1_11,20240316_1_11_03,아이엠짱,1
20240316,20240316_1_11,20240316_1_11_04,야호골든캣,0
20240316,20240316_1_11,20240316_1_11_05,원더풀키티,0
20240316,20240316_1_11,20240316_1_11_06,장산포이즌,0
20240316,20240316_1_11,20240316_1_11_07,베스트천상,0
20240316,20240316_1_11,20240316_1_11_08,싱싱메리,0
20240316,20240316_1_11,20240316_1_11_09,라온더아리아,0
20240317,20240317_1_01,20240317_1_01_01,핑크윈드,0
20240317,20240317_1_01,20240317_1_01_02,하이호실버,0
20240317,20240317_1_01,20240317_1_01_03,탑다이아,0
20240317,20240317_1_01,20240317_1_01_04,제라퀸,0
20240317,20240317_1_01,20240317_1_01_05,클레어골드,0
20240317,20240317_1_01,20240317_1_01_07,금성리비어,0
20240317,20240317_1_01,20240317_1_01_08,매직사운드,0
20240317,20240317_1_01,20240317_1_01_09,레이디폭스,0
20240317,20240317_1_01,20240317_1_01_10,머스퀸플라이,1
20240317,20240317_1_01,20240317_1_01_11,플라잉럭키,0
20240317,20240317_1_02,20240317_1_02_01,모쿠슈라,0
20240317,20240317_1_02,20240317_1_02_02,여걸비상,0
20240317,20240317_1_02,20240317_1_02_03,스터닝퀸,0
20240317,20240317_1_02,20240317_1_02_04,금순네,0
20240317,20240317_1_02,20240317_1_02_05,부강질주,1
20240317,20240317_1_02,20240317_1_02_06,챔피언스필드,0
20240317,20240317_1_02,20240317_1_02_07,블루레이서,0
20240317,20240317_1_02,20240317_1_02_08,동키플레이,0
20240317,20240317_1_02,20240317_1_02_09,당찬낭보,0
20240317,20240317_1_02,20240317_1_02_10,제이와이코코,0
20240317,20240317_1_02,20240317_1_02_11,울트라히트,0
20240317,20240317_1_04,20240317_1_04_01,빅블레드,0
20240317,20240317_1_04,20240317_1_04_02,원평광야,0
20240317,20240317_1_04,20240317_1_04_03,드림스카이,0
20240317,20240317_1_04,20240317_1_04_04,멋진기록,0
20240317,20240317_1_04,20240317_1_04_05,천구챗,0
20240317,20240317_1_04,20240317_1_04_06,순간의찬스,0
20240317,20240317_1_04,20240317_1_04_07,씽씽씽,0
20240317,20240317_1_04,20240317_1_04_08,스터닝스카이,1
20240317,20240317_1_04,20240317_1_04_09,큐피드보우,0
20240317,20240317_1_04,20240317_1_04_10,승리공주,0
20240317,20240317_1_04,20240317_1_04_11,포에이스,0
20240317,20240317_1_05,20240317_1_05_01,국대파이터,1
20240317,20240317_1_05,20240317_1_05_02,거센챔프,0
20240317,20240317_1_05,20240317_1_05_03,걸작으뜸,0
20240317,20240317_1_05,20240317_1_05_04,세인트루카,0
20240317,20240317_1_05,20240317_1_05_05,파사루봉,0
20240317,20240317_1_05,20240317_1_05_06,쌍옥루,0
20240317,20240317_1_05,20240317_1_05_07,짜릿한자유,0
20240317,20240317_1_05,20240317_1_05_08,아메리칸포스원,0
20240317,20240317_1_05,20240317_1_05_09,다온디,0
20240317,20240317_1_05,20240317_1_05_10,토르의망치,0
20240317,20240317_1_05,20240317_1_05_11,럭셔리킹,0
20240317,20240317_1_06,20240317_1_06_01,동진불패,1
20240317,20240317_1_06,20240317_1_06_02,매직포션,0
20240317,20240317_1_06,20240317_1_06_03,스마트태양,0
20240317,20240317_1_06,20240317_1_06_04,월드베리언스,0
20240317,20240317_1_06,20240317_1_06_05,유니콘히트,0
20240317,20240317_1_06,20240317_1_06_06,도깨비,0
20240317,20240317_1_06,20240317_1_06_07,피엔에스아이,0
20240317,20240317_1_06,20240317_1_06_08,아르고탑,0
20240317,20240317_1_06,20240317_1_06_09,마이티킥,0
20240317,20240317_1_06,20240317_1_06_10,스프링꿈,0
20240317,20240317_1_06,20240317_1_06_11,아가판서스,0
20240317,20240317_1_07,20240317_1_07_01,더검푸,0
20240317,20240317_1_07,20240317_1_07_02,치프인디,0
20240317,20240317_1_07,20240317_1_07_03,나올스나이퍼,0
20240317,20240317_1_07,20240317_1_07_04,[부산경남]판타스틱맨,0
20240317,20240317_1_07,20240317_1_07_05,빅스고,0
20240317,20240317_1_07,20240317_1_07_06,티즈바로우즈,0
20240317,20240317_1_07,20240317_1_07_07,[부산경남]스피드영,0
20240317,20240317_1_07,20240317_1_07_08,용암보스,0
20240317,20240317_1_07,20240317_1_07_09,별나라신사,0
20240317,20240317_1_07,20240317_1_07_10,심장의고동,0
20240317,20240317_1_07,20240317_1_07_11,[부산경남]투혼의반석,0
20240317,20240317_1_07,20240317_1_07_12,흥행질주,0
20240317,20240317_1_07,20240317_1_07_13,너트플레이,0
20240317,20240317_1_07,20240317_1_07_14,[부산경남]글로벌히트,1
20240317,20240317_1_07,20240317_1_07_15,[부산경남]크레이지콘티,0
20240317,20240317_1_08,20240317_1_08_01,골든아너,0
20240317,20240317_1_08,20240317_1_08_02,퍼펙트건맨,0
20240317,20240317_1_08,20240317_1_08_03,오래다함께,0
20240317,20240317_1_08,20240317_1_08_04,광치기,0
20240317,20240317_1_08,20240317_1_08_05,빛나는질주,0
20240317,20240317_1_08,20240317_1_08_06,금성맨,0
20240317,20240317_1_08,20240317_1_08_07,슈퍼엑톤,0
20240317,20240317_1_08,20240317_1_08_08,봄날의기억,0
20240317,20240317_1_08,20240317_1_08_09,컴플리트리더,0
20240317,20240317_1_08,20240317_1_08_10,블랙벨트,1
20240317,20240317_1_08,20240317_1_08_11,쿨프린세스,0
20240317,20240317_1_09,20240317_1_09_01,선더플래시,0
20240317,20240317_1_09,20240317_1_09_02,백두보이,0
20240317,20240317_1_09,20240317_1_09_03,이스트웨스트,0
20240317,20240317_1_09,20240317_1_09_04,마이티큐,0
20240317,20240317_1_09,20240317_1_09_05,메니스피어,0
20240317,20240317_1_09,20240317_1_09_06,나올천지,0
20240317,20240317_1_09,20240317_1_09_07,뉴질랜드삭스,0
20240317,20240317_1_09,20240317_1_09_08,걸작드림,0
20240317,20240317_1_09,20240317_1_09_09,킹칼레,1
20240317,20240317_1_09,20240317_1_09_10,초인강자,0
20240317,20240317_1_09,20240317_1_09_11,퍼지데이,0
20240317,20240317_1_10,20240317_1_10_01,지모션,0
20240317,20240317_1_10,20240317_1_10_02,한강보스,0
20240317,20240317_1_10,20240317_1_10_03,라온더하이맨,0
20240317,20240317_1_10,20240317_1_10_04,금빛마,0
20240317,20240317_1_10,20240317_1_10_05,배다리왕자,0
20240317,20240317_1_10,20240317_1_10_06,아이스스타,0
20240317,20240317_1_10,20240317_1_10_07,더리퍼,0
20240317,20240317_1_10,20240317_1_10_08,슈퍼피니시,0
20240317,20240317_1_10,20240317_1_10_09,루미너스퀸,0
20240317,20240317_1_10,20240317_1_10_10,마이센터,1
20240317,20240317_1_10,20240317_1_10_11,용비서울,0
20240317,20240317_1_11,20240317_1_11_01,컴플리트타임,0
20240317,20240317_1_11,20240317_1_11_02,그레이캣,0
20240317,20240317_1_11,20240317_1_11_03,한강의기상,0
20240317,20240317_1_11,20240317_1_11_04,타우루스퀸,0
20240317,20240317_1_11,20240317_1_11_05,매직그레이스,0
20240317,20240317_1_11,20240317_1_11_06,서울탱크,0
20240317,20240317_1_11,20240317_1_11_07,장산미사일,0
20240317,20240317_1_11,20240317_1_11_08,스카이망치,1
20240323,20240323_1_01,20240323_1_01_01,브리도선더,1
20240323,20240323_1_01,20240323_1_01_02,고스트드래곤,0
20240323,20240323_1_01,20240323_1_01_03,에코포레,0
20240323,20240323_1_01,20240323_1_01_04,캠프데이비드,0
20240323,20240323_1_01,20240323_1_01_05,용기내요그대,0
20240323,20240323_1_01,20240323_1_01_06,소프트파워,0
20240323,20240323_1_01,20240323_1_01_07,어메이징스타,0
20240323,20240323_1_01,20240323_1_01_08,음성파워,0
20240323,20240323_1_01,20240323_1_01_09,세광질주,0
20240323,20240323_1_01,20240323_1_01_10,이클립스아너,0
20240323,20240323_1_02,20240323_1_02_01,위드미블루,0
20240323,20240323_1_02,20240323_1_02_02,모던댄스,0
20240323,20240323_1_02,20240323_1_02_04,트리플에이스,0
20240323,20240323_1_02,20240323_1_02_05,로열플러스,1
20240323,20240323_1_02,20240323_1_02_06,행복여전사,0
20240323,20240323_1_02,20240323_1_02_07,빅브리지,0
20240323,20240323_1_02,20240323_1_02_08,찬란한날개,0
20240323,20240323_1_02,20240323_1_02_09,불국시대,0
20240323,20240323_1_02,20240323_1_02_10,올누트,0
20240323,20240323_1_02,20240323_1_02_11,영원포텐,0
20240323,20240323_1_03,20240323_1_03_01,스위치송,0
20240323,20240323_1_03,20240323_1_03_02,성실여걸,0
20240323,20240323_1_03,20240323_1_03_04,투아레그나인,0
20240323,20240323_1_03,20240323_1_03_05,행복한버미,0
20240323,20240323_1_03,20240323_1_03_06,예지몽,0
20240323,20240323_1_03,20240323_1_03_07,안양쓰나미,1
20240323,20240323_1_03,20240323_1_03_08,선샤인퀸,0
20240323,20240323_1_03,20240323_1_03_09,엘리트피스,0
20240323,20240323_1_03,20240323_1_03_10,천린,0
20240323,20240323_1_03,20240323_1_03_11,논스톱열차,0
20240323,20240323_1_04,20240323_1_04_01,제이에스파티,0
20240323,20240323_1_04,20240323_1_04_02,백룡,0
20240323,20240323_1_04,20240323_1_04_03,질풍재즈,0
20240323,20240323_1_04,20240323_1_04_04,토네르,0
20240323,20240323_1_04,20240323_1_04_05,크레이지창,0
20240323,20240323_1_04,20240323_1_04_06,대물삭스,0
20240323,20240323_1_04,20240323_1_04_07,용비수,0
20240323,20240323_1_04,20240323_1_04_08,스마일골드,0
20240323,20240323_1_04,20240323_1_04_09,스터닝플래터,1
20240323,20240323_1_05,20240323_1_05_01,스마트삭스,0
20240323,20240323_1_05,20240323_1_05_02,청량산,0
20240323,20240323_1_05,20240323_1_05_03,벌교베리타스,1
20240323,20240323_1_05,20240323_1_05_04,항구스타,0
20240323,20240323_1_05,20240323_1_05_05,엘리트로열,0
20240323,20240323_1_05,20240323_1_05_06,라온에어포스,0
20240323,20240323_1_05,20240323_1_05_07,나올대왕,0
20240323,20240323_1_05,20240323_1_05_08,오스틴리더,0
20240323,20240323_1_05,20240323_1_05_09,태평무,0
20240323,20240323_1_05,20240323_1_05_10,포르투나,0
20240323,20240323_1_06,20240323_1_06_01,내길의캡틴,0
20240323,20240323_1_06,20240323_1_06_02,용암마렝고,0
20240323,20240323_1_06,20240323_1_06_03,라온더탑,0
20240323,20240323_1_06,20240323_1_06_04,그래티튜드,0
20240323,20240323_1_06,20240323_1_06_05,로열베스트,0
20240323,20240323_1_06,20240323_1_06_06,탐라최강자,0
20240323,20240323_1_06,20240323_1_06_07,강한누리,0
20240323,20240323_1_06,20240323_1_06_08,트리스탄왕자,0
20240323,20240323_1_06,20240323_1_06_09,익스펙트,0
20240323,20240323_1_06,20240323_1_06_10,정문파파고,1
20240323,20240323_1_06,20240323_1_06_11,선더브라보,0
20240323,20240323_1_07,20240323_1_07_01,원평강자,0
20240323,20240323_1_07,20240323_1_07_02,스타러시,0
20240323,20240323_1_07,20240323_1_07_03,갤럭시삭스,0
20240323,20240323_1_07,20240323_1_07_04,천은총,0
20240323,20240323_1_07,20240323_1_07_05,섀클포인트,0
20240323,20240323_1_07,20240323_1_07_06,레드태풍,0
20240323,20240323_1_07,20240323_1_07_07,클라우터,0
20240323,20240323_1_07,20240323_1_07_08,다운더존,1
20240323,20240323_1_07,20240323_1_07_09,에브리참,0
20240323,20240323_1_07,20240323_1_07_10,매직스트롱,0
20240323,20240323_1_07,20240323_1_07_11,클레어파워,0
20240323,20240323_1_08,20240323_1_08_01,대박스타,0
20240323,20240323_1_08,20240323_1_08_02,기쁨함성,0
20240323,20240323_1_08,20240323_1_08_03,참좋은질주,0
20240323,20240323_1_08,20240323_1_08_04,찬란한날,0
20240323,20240323_1_08,20240323_1_08_05,엑설런트퀸,0
20240323,20240323_1_08,20240323_1_08_06,신의함성,0
20240323,20240323_1_08,20240323_1_08_07,대흥클래스,0
20240323,20240323_1_08,20240323_1_08_08,베트캡틴,1
20240323,20240323_1_08,20240323_1_08_09,불의여왕,0
20240323,20240323_1_08,20240323_1_08_10,제이모션,0
20240323,20240323_1_08,20240323_1_08_11,송암레이서,0
20240323,20240323_1_09,20240323_1_09_01,트라움퀸,0
20240323,20240323_1_09,20240323_1_09_02,올룩,0
20240323,20240323_1_09,20240323_1_09_03,댄싱위즈,0
20240323,20240323_1_09,20240323_1_09_04,트로트퀸,0
20240323,20240323_1_09,20240323_1_09_05,나이스치타,0
20240323,20240323_1_09,20240323_1_09_06,터보삭스,0
20240323,20240323_1_09,20240323_1_09_07,불타는심장,1
20240323,20240323_1_09,20240323_1_09_08,마이티숀,0
20240323,20240323_1_09,20240323_1_09_09,글로벌클래스,0
20240323,20240323_1_09,20240323_1_09_10,청파의꿈,0
20240323,20240323_1_09,20240323_1_09_11,컬트트리플,0
20240323,20240323_1_10,20240323_1_10_01,티즈인디,0
20240323,20240323_1_10,20240323_1_10_02,특급대로,0
20240323,20240323_1_10,20240323_1_10_03,킹아너,0
20240323,20240323_1_10,20240323_1_10_04,비트러너,0
20240323,20240323_1_10,20240323_1_10_05,스트롱벌처,0
20240323,20240323_1_10,20240323_1_10_06,새내타운,0
20240323,20240323_1_10,20240323_1_10_07,하이그랜드,0
20240323,20240323_1_10,20240323_1_10_08,위너영,0
20240323,20240323_1_10,20240323_1_10_09,럭셔리캡틴,0
20240323,20240323_1_10,20240323_1_10_10,록임팩트,0
20240323,20240323_1_10,20240323_1_10_11,불의날개,1
20240323,20240323_1_11,20240323_1_11_01,최강게임,0
20240323,20240323_1_11,20240323_1_11_02,황금럭키,0
20240323,20240323_1_11,20240323_1_11_03,우리,0
20240323,20240323_1_11,20240323_1_11_04,장산몬스터,0
20240323,20240323_1_11,20240323_1_11_05,브리가디어제너럴,0
20240323,20240323_1_11,20240323_1_11_06,노던타임,0
20240323,20240323_1_11,20240323_1_11_07,돌아온뽀빠이,0
20240323,20240323_1_11,20240323_1_11_08,큐피드베이브,0
20240323,20240323_1_11,20240323_1_11_09,히든삭스,0
20240323,20240323_1_11,20240323_1_11_10,마이티굿,1
20240323,20240323_1_11,20240323_1_11_11,마이티뉴,0
20240324,20240324_1_01,20240324_1_01_01,드래곤골드,0
20240324,20240324_1_01,20240324_1_01_02,강철파워,0
20240324,20240324_1_01,20240324_1_01_03,뷰티원더풀,0
20240324,20240324_1_01,20240324_1_01_04,베스트위즈,0
20240324,20240324_1_01,20240324_1_01_05,러브오마인,0
20240324,20240324_1_01,20240324_1_01_06,세명소드,0
20240324,20240324_1_01,20240324_1_01_07,송당망치,1
20240324,20240324_1_01,20240324_1_01_08,아르고가이,0
20240324,20240324_1_01,20240324_1_01_09,하이스트타임,0
20240324,20240324_1_01,20240324_1_01_10,스피닝붐,0
20240324,20240324_1_01,20240324_1_01_11,마하가,0
20240324,20240324_1_02,20240324_1_02_01,라온더클리퍼,0
20240324,20240324_1_02,20240324_1_02_02,머니터치,0
20240324,20240324_1_02,20240324_1_02_03,위즈러버,0
20240324,20240324_1_02,20240324_1_02_04,글로벌코어,0
20240324,20240324_1_02,20240324_1_02_05,천지마켓,0
20240324,20240324_1_02,20240324_1_02_06,금성탈환,0
20240324,20240324_1_02,20240324_1_02_07,신의블루,0
20240324,20240324_1_02,20240324_1_02_08,클라우드하트,0
20240324,20240324_1_02,20240324_1_02_09,학산대세,0
20240324,20240324_1_02,20240324_1_02_10,스마트월드,1
20240324,20240324_1_02,20240324_1_02_11,뷰티풀화성,0
20240324,20240324_1_03,20240324_1_03_01,은성사랑,0
20240324,20240324_1_03,20240324_1_03_02,런던골드,0
20240324,20240324_1_03,20240324_1_03_03,베스트토르,1
20240324,20240324_1_03,20240324_1_03_04,브리도킹스타,0
20240324,20240324_1_03,20240324_1_03_05,더자이언트,0
20240324,20240324_1_03,20240324_1_03_06,내추럴사운드,0
20240324,20240324_1_03,20240324_1_03_07,제축일호,0
20240324,20240324_1_03,20240324_1_03_08,트레비트,0
20240324,20240324_1_03,20240324_1_03_09,논스톱플레이,0
20240324,20240324_1_03,20240324_1_03_10,슛업스파크,0
20240324,20240324_1_04,20240324_1_04_01,스톰가이,0
20240324,20240324_1_04,20240324_1_04_02,고스트참,0
20240324,20240324_1_04,20240324_1_04_03,탱탱볼,1
20240324,20240324_1_04,20240324_1_04_04,아크로마린,0
20240324,20240324_1_04,20240324_1_04_05,한강글로리,0
20240324,20240324_1_04,20240324_1_04_06,뉴포인트,0
20240324,20240324_1_04,20240324_1_04_07,유레카,0
20240324,20240324_1_04,20240324_1_04_09,골든스나이퍼,0
20240324,20240324_1_04,20240324_1_04_10,무장,0
20240324,20240324_1_04,20240324_1_04_11,자이언트엠,0
20240324,20240324_1_05,20240324_1_05_01,원더풀스피릿,0
20240324,20240324_1_05,20240324_1_05_02,레이디하나비,1
20240324,20240324_1_05,20240324_1_05_04,해피플레이,0
20240324,20240324_1_05,20240324_1_05_05,찬이고,0
20240324,20240324_1_05,20240324_1_05_06,케레르,0
20240324,20240324_1_05,20240324_1_05_07,그로우,0
20240324,20240324_1_05,20240324_1_05_08,원더풀섀도우,0
20240324,20240324_1_05,20240324_1_05_09,호명에이스,0
20240324,20240324_1_05,20240324_1_05_11,찰나질주,0
20240324,20240324_1_06,20240324_1_06_01,파워풀화성,0
20240324,20240324_1_06,20240324_1_06_02,메가드래곤,1
20240324,20240324_1_06,20240324_1_06_03,성은크라운,0
20240324,20240324_1_06,20240324_1_06_04,럭키파티,0
20240324,20240324_1_06,20240324_1_06_05,한강스카이,0
20240324,20240324_1_06,20240324_1_06_06,나이스태양,0
20240324,20240324_1_06,20240324_1_06_07,정우포에버,0
20240324,20240324_1_06,20240324_1_06_08,레전드케이,0
20240324,20240324_1_06,20240324_1_06_09,주몽천하,0
20240324,20240324_1_06,20240324_1_06_10,선더호스,0
20240324,20240324_1_07,20240324_1_07_01,[부산경남]강서자이언트,0
20240324,20240324_1_07,20240324_1_07_02,참좋은친구,0
20240324,20240324_1_07,20240324_1_07_03,원더풀슬루,0
20240324,20240324_1_07,20240324_1_07_04,퀴클리런,0
20240324,20240324_1_07,20240324_1_07_05,[부산경남]즐거운여정,1
20240324,20240324_1_07,20240324_1_07_06,라온더스퍼트,0
20240324,20240324_1_07,20240324_1_07_07,[부산경남]석세스타임,0
20240324,20240324_1_07,20240324_1_07_08,옐로우캣,0
20240324,20240324_1_07,20240324_1_07_09,메디치울프,0
20240324,20240324_1_08,20240324_1_08_01,스마트클레어,1
20240324,20240324_1_08,20240324_1_08_02,질주에바다,0
20240324,20240324_1_08,20240324_1_08_03,호명퀸,0
20240324,20240324_1_08,20240324_1_08_04,엔트로피,0
20240324,20240324_1_08,20240324_1_08_05,희망의찬가,0
20240324,20240324_1_08,20240324_1_08_07,러브문막,0
20240324,20240324_1_08,20240324_1_08_08,서부특송,0
20240324,20240324_1_08,20240324_1_08_09,참좋은인연,0
20240324,20240324_1_08,20240324_1_08_10,최강나이스,0
20240324,20240324_1_08,20240324_1_08_11,새벽불빛,0
20240324,20240324_1_09,20240324_1_09_01,벌교태양,0
20240324,20240324_1_09,20240324_1_09_02,작두콩,0
20240324,20240324_1_09,20240324_1_09_03,새파랑,1
20240324,20240324_1_09,20240324_1_09_04,그랜드실버,0
20240324,20240324_1_09,20240324_1_09_05,메타블레이드,0
20240324,20240324_1_09,20240324_1_09_06,선포레,0
20240324,20240324_1_09,20240324_1_09_07,젠틀야라,0
20240324,20240324_1_09,20240324_1_09_08,럭키파워,0
20240324,20240324_1_09,20240324_1_09_09,천군,0
20240324,20240324_1_09,20240324_1_09_10,데블케이,0
20240324,20240324_1_09,20240324_1_09_11,콜긴,0
20240324,20240324_1_10,20240324_1_10_01,골드파워,0
20240324,20240324_1_10,20240324_1_10_02,레이스위너,0
20240324,20240324_1_10,20240324_1_10_03,야무진재수,0
20240324,20240324_1_10,20240324_1_10_04,에이펙스,0
20240324,20240324_1_10,20240324_1_10_05,문학송,0
20240324,20240324_1_10,20240324_1_10_06,탱자,0
20240324,20240324_1_10,20240324_1_10_07,베스트토치,1
20240324,20240324_1_10,20240324_1_10_08,장산스포,0
20240324,20240324_1_10,20240324_1_10_09,헤이큐피드,0
20240324,20240324_1_10,20240324_1_10_10,신의이름,0
20240324,20240324_1_10,20240324_1_10_11,모닝다올,0
20240324,20240324_1_11,20240324_1_11_01,영영삭스,0
20240324,20240324_1_11,20240324_1_11_02,글로벌매직,0
20240324,20240324_1_11,20240324_1_11_03,퓨리오사,0
20240324,20240324_1_11,20240324_1_11_04,케이엔스케치,0
20240324,20240324_1_11,20240324_1_11_05,논스톱선더,0
20240324,20240324_1_11,20240324_1_11_06,자이언트펀치,0
20240324,20240324_1_11,20240324_1_11_07,와일드삭스,0
20240324,20240324_1_11,20240324_1_11_08,마의웨이,0
20240324,20240324_1_11,20240324_1_11_09,신한특송,0
20240324,20240324_1_11,20240324_1_11_10,베스트타임,0
20240324,20240324_1_11,20240324_1_11_11,시크릿플레이,1
20240330,20240330_1_01,20240330_1_01_01,너만을위해서,0
20240330,20240330_1_01,20240330_1_01_02,내길의스타,0
20240330,20240330_1_01,20240330_1_01_03,브리도매지션,0
20240330,20240330_1_01,20240330_1_01_04,청해제일,1
20240330,20240330_1_01,20240330_1_01_05,코탑,0
20240330,20240330_1_01,20240330_1_01_06,레이디블루,0
20240330,20240330_1_01,20240330_1_01_07,피엔에스레이,0
20240330,20240330_1_01,20240330_1_01_08,선더스톰,0
20240330,20240330_1_01,20240330_1_01_09,꿈의향기,0
20240330,20240330_1_01,20240330_1_01_10,피엔에스미,0
20240330,20240330_1_01,20240330_1_01_11,큐피드드림,0
20240330,20240330_1_02,20240330_1_02_01,크로키,0
20240330,20240330_1_02,20240330_1_02_02,선더여걸,0
20240330,20240330_1_02,20240330_1_02_03,갈색도전자,0
20240330,20240330_1_02,20240330_1_02_04,하이호실버,0
20240330,20240330_1_02,20240330_1_02_05,글로벌코디,1
20240330,20240330_1_02,20240330_1_02_06,피엔에스카,0
20240330,20240330_1_02,20240330_1_02_07,윈스토리,0
20240330,20240330_1_02,20240330_1_02_08,아놀드퀸,0
20240330,20240330_1_02,20240330_1_02_09,제이와이코코,0
20240330,20240330_1_02,20240330_1_02_10,캡처,0
20240330,20240330_1_02,20240330_1_02_11,턴테이블,0
20240330,20240330_1_03,20240330_1_03_02,글로리참,0
20240330,20240330_1_03,20240330_1_03_03,베스트대로,1
20240330,20240330_1_03,20240330_1_03_04,함평파이터,0
20240330,20240330_1_03,20240330_1_03_05,피엔에스주,0
20240330,20240330_1_03,20240330_1_03_06,사하라몽,0
20240330,20240330_1_03,20240330_1_03_07,엠케이스타,0
20240330,20240330_1_03,20240330_1_03_08,플라잉점프,0
20240330,20240330_1_03,20240330_1_03_09,레전드탑,0
20240330,20240330_1_03,20240330_1_03_10,멋진최강,0
20240330,20240330_1_03,20240330_1_03_11,라온히트맨,0
20240330,20240330_1_04,20240330_1_04_01,너를응원해,0
20240330,20240330_1_04,20240330_1_04_02,스타체인저,1
20240330,20240330_1_04,20240330_1_04_03,플랜비,0
20240330,20240330_1_04,20240330_1_04_04,기쁨환호,0
20240330,20240330_1_04,20240330_1_04_05,신의여인,0
20240330,20240330_1_04,20240330_1_04_06,행운바람,0
20240330,20240330_1_04,20240330_1_04_07,동행퍼스트,0
20240330,20240330_1_04,20240330_1_04_08,피엔에스더킹,0
20240330,20240330_1_04,20240330_1_04_09,원더풀남촌,0
20240330,20240330_1_04,20240330_1_04_10,더플레이어,0
20240330,20240330_1_04,20240330_1_04_11,슈퍼원,0
20240330,20240330_1_05,20240330_1_05_01,바로챔피언,0
20240330,20240330_1_05,20240330_1_05_02,검의전설,0
20240330,20240330_1_05,20240330_1_05_03,맥스위크,0
20240330,20240330_1_05,20240330_1_05_04,마파람,0
20240330,20240330_1_05,20240330_1_05_05,은성노을,0
20240330,20240330_1_05,20240330_1_05_06,라온스프린터,1
20240330,20240330_1_05,20240330_1_05_07,청계기상,0
20240330,20240330_1_05,20240330_1_05_08,모닝볼드,0
20240330,20240330_1_05,20240330_1_05_09,순간의찬스,0
20240330,20240330_1_06,20240330_1_06_01,희망가득,0
20240330,20240330_1_06,20240330_1_06_02,우주의봄,0
20240330,20240330_1_06,20240330_1_06_03,엑톤질주,0
20240330,20240330_1_06,20240330_1_06_04,코스모런,0
20240330,20240330_1_06,20240330_1_06_05,아인슈페너,0
20240330,20240330_1_06,20240330_1_06_06,태평파이터,0
20240330,20240330_1_06,20240330_1_06_07,바람의검,0
20240330,20240330_1_06,20240330_1_06_08,플라이데이,0
20240330,20240330_1_06,20240330_1_06_09,마이티탭,1
20240330,20240330_1_06,20240330_1_06_10,돌배,0
20240330,20240330_1_07,20240330_1_07_01,안양천둥,0
20240330,20240330_1_07,20240330_1_07_02,마구마,0
20240330,20240330_1_07,20240330_1_07_03,젤로스,0
20240330,20240330_1_07,20240330_1_07_04,내길의리더,0
20240330,20240330_1_07,20240330_1_07_05,원더풀스위트,0
20240330,20240330_1_07,20240330_1_07_06,나라올라,0
20240330,20240330_1_07,20240330_1_07_07,콰이어트참,0
20240330,20240330_1_07,20240330_1_07_08,글로벌메니,1
20240330,20240330_1_07,20240330_1_07_09,네모스피릿,0
20240330,20240330_1_07,20240330_1_07_10,자이언트스텝,0
20240330,20240330_1_08,20240330_1_08_01,텐배거,0
20240330,20240330_1_08,20240330_1_08_02,그린백,0
20240330,20240330_1_08,20240330_1_08_03,파인캠프,0
20240330,20240330_1_08,20240330_1_08_04,비엔토,0
20240330,20240330_1_08,20240330_1_08_05,낭주여걸,0
20240330,20240330_1_08,20240330_1_08_06,학산마초,0
20240330,20240330_1_08,20240330_1_08_07,거센반격,0
20240330,20240330_1_08,20240330_1_08_08,랠리퀸,0
20240330,20240330_1_08,20240330_1_08_09,스틸플레이,0
20240330,20240330_1_08,20240330_1_08_10,아르고무적,1
20240330,20240330_1_08,20240330_1_08_11,화수분,0
20240330,20240330_1_09,20240330_1_09_01,라스트피치,0
20240330,20240330_1_09,20240330_1_09_02,메이킹스토리,0
20240330,20240330_1_09,20240330_1_09_03,정성팩터,0
20240330,20240330_1_09,20240330_1_09_04,티나케이,0
20240330,20240330_1_09,20240330_1_09_05,악동아르고,0
20240330,20240330_1_09,20240330_1_09_06,뉴킹맨,0
20240330,20240330_1_09,20240330_1_09_07,찬란한폭풍,0
20240330,20240330_1_09,20240330_1_09_08,월드블레임,0
20240330,20240330_1_09,20240330_1_09_09,마이티짱,1
20240330,20240330_1_09,20240330_1_09_10,달콩,0
20240330,20240330_1_09,20240330_1_09_11,라온더맨,0
20240330,20240330_1_10,20240330_1_10_01,큐피드워리어,0
20240330,20240330_1_10,20240330_1_10_02,두손판타스틱,0
20240330,20240330_1_10,20240330_1_10_03,장비무지개,0
20240330,20240330_1_10,20240330_1_10_04,그레이스퀸,0
20240330,20240330_1_10,20240330_1_10_05,컴플리트레벨,1
20240330,20240330_1_10,20240330_1_10_06,울트라킹,0
20240330,20240330_1_10,20240330_1_10_07,매직주니어,0
20240330,20240330_1_10,20240330_1_10_08,바잉블레이드,0
20240330,20240330_1_10,20240330_1_10_09,비제이스톰,0
20240330,20240330_1_10,20240330_1_10_10,유쾌한날들,0
20240330,20240330_1_10,20240330_1_10_11,금아얼루어,0
20240330,20240330_1_11,20240330_1_11_01,스카이돌풍,0
20240330,20240330_1_11,20240330_1_11_02,에이스함성,0
20240330,20240330_1_11,20240330_1_11_03,스포블레이드,0
20240330,20240330_1_11,20240330_1_11_04,도끼불패,0
20240330,20240330_1_11,20240330_1_11_05,럭키월드,0
20240330,20240330_1_11,20240330_1_11_06,벌말대장,0
20240330,20240330_1_11,20240330_1_11_07,원더풀케이,0
20240330,20240330_1_11,20240330_1_11_08,루킹굿,0
20240330,20240330_1_11,20240330_1_11_09,드래곤스타,0
20240330,20240330_1_11,20240330_1_11_10,파이어파워,1
20240330,20240330_1_11,20240330_1_11_11,더블에지,0
20240331,20240331_1_01,20240331_1_01_01,블랙스펙터,0
20240331,20240331_1_01,20240331_1_01_02,손에손잡고,1
20240331,20240331_1_01,20240331_1_01_03,서스테인,0
20240331,20240331_1_01,20240331_1_01_04,사려니니케,0
20240331,20240331_1_01,20240331_1_01_05,히퍼드롬,0
20240331,20240331_1_01,20240331_1_01_06,섀클보이,0
20240331,20240331_1_01,20240331_1_01_07,스마트와이어,0
20240331,20240331_1_01,20240331_1_01_08,금성여제,0
20240331,20240331_1_01,20240331_1_01_09,은파파트너,0
20240331,20240331_1_01,20240331_1_01_10,피엔에스파,0
20240331,20240331_1_01,20240331_1_01_11,세명고스트,0
20240331,20240331_1_02,20240331_1_02_01,은파조이,0
20240331,20240331_1_02,20240331_1_02_02,피엔에스날라,0
20240331,20240331_1_02,20240331_1_02_03,정상히트,0
20240331,20240331_1_02,20240331_1_02_04,스터닝머니,1
20240331,20240331_1_02,20240331_1_02_05,피엔에스챔프,0
20240331,20240331_1_02,20240331_1_02_06,히어로질주,0
20240331,20240331_1_02,20240331_1_02_07,마루별,0
20240331,20240331_1_02,20240331_1_02_08,성실파워,0
20240331,20240331_1_02,20240331_1_02_09,천마불패,0
20240331,20240331_1_02,20240331_1_02_10,산방봄날,0
20240331,20240331_1_02,20240331_1_02_11,흥행불패,0
20240331,20240331_1_03,20240331_1_03_01,장군마루,0
20240331,20240331_1_03,20240331_1_03_02,가나파워,0
20240331,20240331_1_03,20240331_1_03_03,휘파람,0
20240331,20240331_1_03,20240331_1_03_04,아치클래스,0
20240331,20240331_1_03,20240331_1_03_05,천리총,0
20240331,20240331_1_03,20240331_1_03_06,벨비티,0
20240331,20240331_1_03,20240331_1_03_07,블랙버미,0
20240331,20240331_1_03,20240331_1_03_08,금악다이아,0
20240331,20240331_1_03,20240331_1_03_09,유쾌한사랑,0
20240331,20240331_1_03,20240331_1_03_10,금빛강호,1
20240331,20240331_1_03,20240331_1_03_11,사려니티케,0
20240331,20240331_1_04,20240331_1_04_01,레이디코디,0
20240331,20240331_1_04,20240331_1_04_02,아치러너,0
20240331,20240331_1_04,20240331_1_04_03,메니참,0
20240331,20240331_1_04,20240331_1_04_04,피지블레이드,0
20240331,20240331_1_04,20240331_1_04_05,알사이먼,0
20240331,20240331_1_04,20240331_1_04_06,티즈모닝,1
20240331,20240331_1_04,20240331_1_04_07,디아나,0
20240331,20240331_1_04,20240331_1_04_08,스마트별,0
20240331,20240331_1_04,20240331_1_04_09,레인스타,0
20240331,20240331_1_04,20240331_1_04_10,천존챗,0
20240331,20240331_1_05,20240331_1_05_01,사랑다모아,0
20240331,20240331_1_05,20240331_1_05_02,마에스트로,0
20240331,20240331_1_05,20240331_1_05_03,장흥클래스,0
20240331,20240331_1_05,20240331_1_05_04,원스피어,0
20240331,20240331_1_05,20240331_1_05_05,아름다운사이,0
20240331,20240331_1_05,20240331_1_05_06,파티파워,0
20240331,20240331_1_05,20240331_1_05_07,맥스골드,0
20240331,20240331_1_05,20240331_1_05_08,세명레이디,1
20240331,20240331_1_06,20240331_1_06_01,챌린지삭스,0
20240331,20240331_1_06,20240331_1_06_02,두손챔프,0
20240331,20240331_1_06,20240331_1_06_03,라로마네,0
20240331,20240331_1_06,20240331_1_06_04,미르포인트,0
20240331,20240331_1_06,20240331_1_06_05,은혜드림,0
20240331,20240331_1_06,20240331_1_06_06,피엔에스빌,0
20240331,20240331_1_06,20240331_1_06_07,라온더대세,1
20240331,20240331_1_06,20240331_1_06_08,오키드밸리,0
20240331,20240331_1_06,20240331_1_06_09,멋진강호,0
20240331,20240331_1_06,20240331_1_06_10,황금꽃,0
20240331,20240331_1_07,20240331_1_07_01,뉴돌콩,0
20240331,20240331_1_07,20240331_1_07_02,지르콘,0
20240331,20240331_1_07,20240331_1_07_03,빅토리히트,0
20240331,20240331_1_07,20240331_1_07_04,메니포켓,0
20240331,20240331_1_07,20240331_1_07_05,라온더코브라,0
20240331,20240331_1_07,20240331_1_07_06,티시패밀리,0
20240331,20240331_1_07,20240331_1_07_07,문학이글,0
20240331,20240331_1_07,20240331_1_07_08,컴플리트하트,0
20240331,20240331_1_07,20240331_1_07_09,영원빅맨,0
20240331,20240331_1_07,20240331_1_07_10,도깨비,0
20240331,20240331_1_07,20240331_1_07_11,천행챗,1
20240331,20240331_1_08,20240331_1_08_01,장군별,0
20240331,20240331_1_08,20240331_1_08_02,피엔에스아이,0
20240331,20240331_1_08,20240331_1_08_03,금성환희,0
20240331,20240331_1_08,20240331_1_08_04,달금,0
20240331,20240331_1_08,20240331_1_08_05,땡큐대천,0
20240331,20240331_1_08,20240331_1_08_06,돌격앞으로,0
20240331,20240331_1_08,20240331_1_08_07,미스하이플라이,0
20240331,20240331_1_08,20240331_1_08_08,쾌향,1
20240331,20240331_1_08,20240331_1_08_09,피어리스,0
20240331,20240331_1_08,20240331_1_08_10,미스윈스타,0
20240331,20240331_1_09,20240331_1_09_01,투어퀸,0
20240331,20240331_1_09,20240331_1_09_02,황우최강,0
20240331,20240331_1_09,20240331_1_09_03,히어아이엠,1
20240331,20240331_1_09,20240331_1_09_04,바이킹하트,0
20240331,20240331_1_09,20240331_1_09_05,페더럴킹,0
20240331,20240331_1_09,20240331_1_09_06,빛나는질주,0
20240331,20240331_1_09,20240331_1_09_07,에펠탑,0
20240331,20240331_1_09,20240331_1_09_08,이글포인트,0
20240331,20240331_1_09,20240331_1_09_09,봄날의기억,0
20240331,20240331_1_10,20240331_1_10_01,몬탁챗,0
20240331,20240331_1_10,20240331_1_10_02,럭키훈,0
20240331,20240331_1_10,20240331_1_10_03,케이엔라이트,0
20240331,20240331_1_10,20240331_1_10_04,탑퀄리티,1
20240331,20240331_1_10,20240331_1_10_05,문학드림,0
20240331,20240331_1_10,20240331_1_10_06,에이피파텍,0
20240331,20240331_1_10,20240331_1_10_07,화이트참,0
20240331,20240331_1_10,20240331_1_10_08,불의신화,0
20240331,20240331_1_10,20240331_1_10_10,오라칸,0
20240331,20240331_1_10,20240331_1_10_11,스피디루키,0
20240331,20240331_1_11,20240331_1_11_01,아이언삭스,0
20240331,20240331_1_11,20240331_1_11_02,흥드림,0
20240331,20240331_1_11,20240331_1_11_03,마이티룩,1
20240331,20240331_1_11,20240331_1_11_04,와우와우,0
20240331,20240331_1_11,20240331_1_11_05,콩코드스퍼트,0
20240331,20240331_1_11,20240331_1_11_06,라온자이언트,0
20240331,20240331_1_11,20240331_1_11_07,코스모,0
20240331,20240331_1_11,20240331_1_11_08,왕벚꽃,0
20240331,20240331_1_11,20240331_1_11_09,몬스터케이,0
20240331,20240331_1_11,20240331_1_11_10,포에버드림,0
20240331,20240331_1_11,20240331_1_11_11,바이스로이,0
20240406,20240406_1_01,20240406_1_01_01,파이널고,1
20240406,20240406_1_01,20240406_1_01_02,나올인디,0
20240406,20240406_1_01,20240406_1_01_03,함평장미,0
20240406,20240406_1_01,20240406_1_01_04,원더풀패스,0
20240406,20240406_1_01,20240406_1_01_05,오푸스퍼플,0
20240406,20240406_1_01,20240406_1_01_06,삼애번쩍,0
20240406,20240406_1_01,20240406_1_01_07,맥스마,0
20240406,20240406_1_01,20240406_1_01_08,메가스텝,0
20240406,20240406_1_01,20240406_1_01_09,크레이지샤,0
20240406,20240406_1_01,20240406_1_01_10,금성파워,0
20240406,20240406_1_02,20240406_1_02_01,드림카드,1
20240406,20240406_1_02,20240406_1_02_02,투에이스,0
20240406,20240406_1_02,20240406_1_02_03,신의운명,0
20240406,20240406_1_02,20240406_1_02_05,드래곤스퀘어,0
20240406,20240406_1_02,20240406_1_02_06,강철전사,0
20240406,20240406_1_02,20240406_1_02_07,나올정상,0
20240406,20240406_1_02,20240406_1_02_08,이에이치코코,0
20240406,20240406_1_03,20240406_1_03_01,누리데이,0
20240406,20240406_1_03,20240406_1_03_02,캡틴타임,0
20240406,20240406_1_03,20240406_1_03_03,대지의여걸,0
20240406,20240406_1_03,20240406_1_03_04,하이본미,0
20240406,20240406_1_03,20240406_1_03_05,월드킹맨,0
20240406,20240406_1_03,20240406_1_03_06,글로리앤아너,0
20240406,20240406_1_03,20240406_1_03_07,모모케이,0
20240406,20240406_1_03,20240406_1_03_08,투게더웨이,0
20240406,20240406_1_03,20240406_1_03_09,천은총,0
20240406,20240406_1_03,20240406_1_03_10,채플프린세스,0
20240406,20240406_1_03,20240406_1_03_11,슈팅리버스,1
20240406,20240406_1_04,20240406_1_04_01,우주전쟁,0
20240406,20240406_1_04,20240406_1_04_02,슬램드래곤,0
20240406,20240406_1_04,20240406_1_04_03,서천라이언,1
20240406,20240406_1_04,20240406_1_04_04,엑설런트탄,0
20240406,20240406_1_04,20240406_1_04_05,스페셜힐,0
20240406,20240406_1_04,20240406_1_04_06,원더풀시킹,0
20240406,20240406_1_04,20240406_1_04_07,플라잉카라반,0
20240406,20240406_1_04,20240406_1_04_08,메니샤크,0
20240406,20240406_1_04,20240406_1_04_09,명진불패,0
20240406,20240406_1_04,20240406_1_04_10,벨로테로,0
20240406,20240406_1_04,20240406_1_04_11,강서브이,0
20240406,20240406_1_05,20240406_1_05_01,새내비바,0
20240406,20240406_1_05,20240406_1_05_02,갤럭시삭스,0
20240406,20240406_1_05,20240406_1_05_03,파인데이,0
20240406,20240406_1_05,20240406_1_05_04,칠산대교,0
20240406,20240406_1_05,20240406_1_05_05,바람살,0
20240406,20240406_1_05,20240406_1_05_06,쏘아라미미,0
20240406,20240406_1_05,20240406_1_05_07,아이스크림,0
20240406,20240406_1_05,20240406_1_05_08,정성타이거,1
20240406,20240406_1_05,20240406_1_05_09,민트플레이,0
20240406,20240406_1_05,20240406_1_05_10,헤이마마,0
20240406,20240406_1_05,20240406_1_05_11,배다리쾌검,0
20240406,20240406_1_06,20240406_1_06_01,유니콘킹덤,0
20240406,20240406_1_06,20240406_1_06_02,라온시티걸,0
20240406,20240406_1_06,20240406_1_06_03,밀리언파티,1
20240406,20240406_1_06,20240406_1_06_04,드론킬러,0
20240406,20240406_1_06,20240406_1_06_05,성실공주핑크,0
20240406,20240406_1_06,20240406_1_06_06,아만바로우즈,0
20240406,20240406_1_06,20240406_1_06_07,네모프린스,0
20240406,20240406_1_06,20240406_1_06_08,해피믹스,0
20240406,20240406_1_06,20240406_1_06_09,히든브레인,0
20240406,20240406_1_06,20240406_1_06_10,컴플리트럭키,0
20240406,20240406_1_06,20240406_1_06_11,예술이야,0
20240406,20240406_1_07,20240406_1_07_01,유니콘히트,0
20240406,20240406_1_07,20240406_1_07_02,금성크라운,0
20240406,20240406_1_07,20240406_1_07_03,쏘아라투투,0
20240406,20240406_1_07,20240406_1_07_04,트로트퀸,0
20240406,20240406_1_07,20240406_1_07_05,울트라삭스,0
20240406,20240406_1_07,20240406_1_07_06,한강질주,0
20240406,20240406_1_07,20240406_1_07_07,파인팜,0
20240406,20240406_1_07,20240406_1_07_08,토호스카이,0
20240406,20240406_1_07,20240406_1_07_09,히든블레이드,1
20240406,20240406_1_08,20240406_1_08_01,제다이포스,0
20240406,20240406_1_08,20240406_1_08_02,매디슨마운틴,0
20240406,20240406_1_08,20240406_1_08_03,원평퀸,0
20240406,20240406_1_08,20240406_1_08_04,아치메모리,0
20240406,20240406_1_08,20240406_1_08_05,원더풀폭스,0
20240406,20240406_1_08,20240406_1_08_06,더페이버릿,0
20240406,20240406_1_08,20240406_1_08_07,별나라비마,0
20240406,20240406_1_08,20240406_1_08_08,태양타고,0
20240406,20240406_1_08,20240406_1_08_09,바덴바덴,1
20240406,20240406_1_08,20240406_1_08_10,히어로레전드,0
20240406,20240406_1_09,20240406_1_09_01,블루인디,0
20240406,20240406_1_09,20240406_1_09_02,그레이트스톰,1
20240406,20240406_1_09,20240406_1_09_03,벌교차돌,0
20240406,20240406_1_09,20240406_1_09_04,마이칸,0
20240406,20240406_1_09,20240406_1_09_05,우루스퀸,0
20240406,20240406_1_09,20240406_1_09_06,원더풀조이,0
20240406,20240406_1_09,20240406_1_09_08,송암드래건,0
20240406,20240406_1_10,20240406_1_10_01,논스톱기상,0
20240406,20240406_1_10,20240406_1_10_02,만세,0
20240406,20240406_1_10,20240406_1_10_03,클럽디,0
20240406,20240406_1_10,20240406_1_10_04,케이엔언더킹,0
20240406,20240406_1_10,20240406_1_10_05,원평코드,0
20240406,20240406_1_10,20240406_1_10_06,황금해,0
20240406,20240406_1_10,20240406_1_10_07,다이아키,0
20240406,20240406_1_10,20240406_1_10_08,이다나은,1
20240406,20240406_1_10,20240406_1_10_09,빅야크,0
20240406,20240406_1_10,20240406_1_10_10,지모션,0
20240406,20240406_1_10,20240406_1_10_11,더리퍼,0
20240406,20240406_1_11,20240406_1_11_01,스카이망치,0
20240406,20240406_1_11,20240406_1_11_02,울프플레이,1
20240406,20240406_1_11,20240406_1_11_03,대물,0
20240406,20240406_1_11,20240406_1_11_04,베스트럭키,0
20240406,20240406_1_11,20240406_1_11_05,매직그레이스,0
20240406,20240406_1_11,20240406_1_11_06,라온더골드,0
20240406,20240406_1_11,20240406_1_11_07,이스트반,0
20240406,20240406_1_11,20240406_1_11_08,신의아들,0
20240407,20240407_1_01,20240407_1_01_01,비케이벨,0
20240407,20240407_1_01,20240407_1_01_02,매직프린스,0
20240407,20240407_1_01,20240407_1_01_03,주얼리패션,0
20240407,20240407_1_01,20240407_1_01_04,스마트알파,0
20240407,20240407_1_01,20240407_1_01_05,빅토리실버,0
20240407,20240407_1_01,20240407_1_01_06,용비퀸,0
20240407,20240407_1_01,20240407_1_01_07,탱글이,0
20240407,20240407_1_01,20240407_1_01_08,하얀태양,1
20240407,20240407_1_01,20240407_1_01_09,스카이텐,0
20240407,20240407_1_01,20240407_1_01_10,질풍재즈,0
20240407,20240407_1_01,20240407_1_01_11,원더풀로드,0
20240407,20240407_1_02,20240407_1_02_01,플라잉라이언,0
20240407,20240407_1_02,20240407_1_02_03,내추럴사운드,0
20240407,20240407_1_02,20240407_1_02_04,배다리향기,1
20240407,20240407_1_02,20240407_1_02_05,플라잉럭키,0
20240407,20240407_1_02,20240407_1_02_06,칼리프,0
20240407,20240407_1_02,20240407_1_02_07,제너럴파워,0
20240407,20240407_1_02,20240407_1_02_08,넥스트레벨,0
20240407,20240407_1_03,20240407_1_03_01,스팔타,1
20240407,20240407_1_03,20240407_1_03_03,브라이트카이,0
20240407,20240407_1_03,20240407_1_03_04,퍼펙트티아라,0
20240407,20240407_1_03,20240407_1_03_05,댄싱강자,0
20240407,20240407_1_03,20240407_1_03_06,스터닝챔프,0
20240407,20240407_1_03,20240407_1_03_07,스케일킹,0
20240407,20240407_1_03,20240407_1_03_08,맥스파티,0
20240407,20240407_1_03,20240407_1_03_09,스파클링,0
20240407,20240407_1_03,20240407_1_03_10,엘리트보스,0
20240407,20240407_1_04,20240407_1_04_01,슈퍼군황,0
20240407,20240407_1_04,20240407_1_04_02,라온더시대,0
20240407,20240407_1_04,20240407_1_04_03,클라우터,0
20240407,20240407_1_04,20240407_1_04_04,금악진주,0
20240407,20240407_1_04,20240407_1_04_05,강철여걸,0
20240407,20240407_1_04,20240407_1_04_06,드래곤킹덤,1
20240407,20240407_1_04,20240407_1_04_07,원더풀티지,0
20240407,20240407_1_04,20240407_1_04_08,스마트삭스,0
20240407,20240407_1_04,20240407_1_04_09,걸작선,0
20240407,20240407_1_04,20240407_1_04_10,건곤일척,0
20240407,20240407_1_04,20240407_1_04_11,아로마,0
20240407,20240407_1_05,20240407_1_05_01,울트라드래곤,1
20240407,20240407_1_05,20240407_1_05_02,더트서퍼,0
20240407,20240407_1_05,20240407_1_05_03,옥천최강,0
20240407,20240407_1_05,20240407_1_05_04,로열함성,0
20240407,20240407_1_05,20240407_1_05_05,심플스타일,0
20240407,20240407_1_05,20240407_1_05_06,천군,0
20240407,20240407_1_05,20240407_1_05_07,고마나루,0
20240407,20240407_1_05,20240407_1_05_08,선포레,0
20240407,20240407_1_05,20240407_1_05_09,화씨벽,0
20240407,20240407_1_06,20240407_1_06_01,아르고공주,0
20240407,20240407_1_06,20240407_1_06_03,퍼지킹,0
20240407,20240407_1_06,20240407_1_06_04,아깽이,0
20240407,20240407_1_06,20240407_1_06_05,두손클래식,0
20240407,20240407_1_06,20240407_1_06_06,라온엠파이어,0
20240407,20240407_1_06,20240407_1_06_07,마이티쎈,0
20240407,20240407_1_06,20240407_1_06_08,월드섀넌스,0
20240407,20240407_1_06,20240407_1_06_09,아라모아,0
20240407,20240407_1_06,20240407_1_06_10,선더플래시,1
20240407,20240407_1_07,20240407_1_07_01,위즈러너,1
20240407,20240407_1_07,20240407_1_07_02,이스트웨스트,0
20240407,20240407_1_07,20240407_1_07_03,클림트월드,0
20240407,20240407_1_07,20240407_1_07_04,힐링헤이븐,0
20240407,20240407_1_07,20240407_1_07_05,금성시대,0
20240407,20240407_1_07,20240407_1_07_06,미스큐피드,0
20240407,20240407_1_07,20240407_1_07_07,최고게임,0
20240407,20240407_1_07,20240407_1_07_08,원평타운,0
20240407,20240407_1_07,20240407_1_07_09,창조의아침,0
20240407,20240407_1_07,20240407_1_07_10,알렉산더원,0
20240407,20240407_1_07,20240407_1_07_11,블루밍스타,0
20240407,20240407_1_08,20240407_1_08_01,매직아워,0
20240407,20240407_1_08,20240407_1_08_02,하이러너,0
20240407,20240407_1_08,20240407_1_08_03,금아파이어리,1
20240407,20240407_1_08,20240407_1_08_04,문학어플리트,0
20240407,20240407_1_08,20240407_1_08_06,헌터블레이드,0
20240407,20240407_1_08,20240407_1_08_07,더스파이커,0
20240407,20240407_1_08,20240407_1_08_08,별나라질주,0
20240407,20240407_1_08,20240407_1_08_09,라온더퀄리티,0
20240407,20240407_1_08,20240407_1_08_10,마이윈,0
20240407,20240407_1_08,20240407_1_08_11,스프링꿈,0
20240407,20240407_1_09,20240407_1_09_01,제다이,0
20240407,20240407_1_09,20240407_1_09_02,행복한문막,0
20240407,20240407_1_09,20240407_1_09_03,절대가치,0
20240407,20240407_1_09,20240407_1_09_04,골드파워,0
20240407,20240407_1_09,20240407_1_09_05,거센돌풍,1
20240407,20240407_1_09,20240407_1_09_06,단디,0
20240407,20240407_1_09,20240407_1_09_07,엠제이베스트,0
20240407,20240407_1_09,20240407_1_09_08,새내파워풀,0
20240407,20240407_1_09,20240407_1_09_09,글로벌선,0
20240407,20240407_1_09,20240407_1_09_10,다프네,0
20240407,20240407_1_09,20240407_1_09_11,아이스스타,0
20240407,20240407_1_10,20240407_1_10_01,스프링킹,0
20240407,20240407_1_10,20240407_1_10_02,그레이캣,0
20240407,20240407_1_10,20240407_1_10_03,싱싱메리,0
20240407,20240407_1_10,20240407_1_10_04,문학보스,0
20240407,20240407_1_10,20240407_1_10_05,서울탱크,0
20240407,20240407_1_10,20240407_1_10_06,모닝힐,1
20240407,20240407_1_10,20240407_1_10_07,베스트탑,0
20240407,20240407_1_10,20240407_1_10_08,야호골든캣,0
20240407,20240407_1_11,20240407_1_11_01,굿필승,0
20240407,20240407_1_11,20240407_1_11_02,장산레이저,0
20240407,20240407_1_11,20240407_1_11_03,소울메리트,0
20240407,20240407_1_11,20240407_1_11_05,글로벌삭스,0
20240407,20240407_1_11,20240407_1_11_06,흑전사,0
20240407,20240407_1_11,20240407_1_11_07,발베니,0
20240407,20240407_1_11,20240407_1_11_08,장산몬스터,0
20240407,20240407_1_11,20240407_1_11_09,남산의별,0
20240407,20240407_1_11,20240407_1_11_10,백색광채,0
20240407,20240407_1_11,20240407_1_11_11,아르고스마일,1
20240413,20240413_1_01,20240413_1_01_01,캡틴뮤직,0
20240413,20240413_1_01,20240413_1_01_02,위드디스쿠로,0
20240413,20240413_1_01,20240413_1_01_03,블랙시대,0
20240413,20240413_1_01,20240413_1_01_04,캔버스엔고,0
20240413,20240413_1_01,20240413_1_01_05,골드시대,1
20240413,20240413_1_01,20240413_1_01_06,라온더파르타,0
20240413,20240413_1_01,20240413_1_01_07,엑스팩터,0
20240413,20240413_1_01,20240413_1_01_08,타이거킹,0
20240413,20240413_1_01,20240413_1_01_09,베스트마야,0
20240413,20240413_1_01,20240413_1_01_10,나우엘리트,0
20240413,20240413_1_01,20240413_1_01_11,히어로골드,0
20240413,20240413_1_02,20240413_1_02_01,아씨장군,0
20240413,20240413_1_02,20240413_1_02_02,필승마,0
20240413,20240413_1_02,20240413_1_02_03,솔레어,1
20240413,20240413_1_02,20240413_1_02_04,주링스카이,0
20240413,20240413_1_02,20240413_1_02_05,엠케이리,0
20240413,20240413_1_02,20240413_1_02_06,천지마켓,0
20240413,20240413_1_02,20240413_1_02_07,대명장,0
20240413,20240413_1_02,20240413_1_02_08,오송의별,0
20240413,20240413_1_02,20240413_1_02_09,대원용마,0
20240413,20240413_1_03,20240413_1_03_01,테스타루비,0
20240413,20240413_1_03,20240413_1_03_03,라온더클래머,0
20240413,20240413_1_03,20240413_1_03_04,예지몽,1
20240413,20240413_1_03,20240413_1_03_05,포세이돈블루,0
20240413,20240413_1_03,20240413_1_03_06,백두대물,0
20240413,20240413_1_03,20240413_1_03_07,당찬낭보,0
20240413,20240413_1_03,20240413_1_03_08,피엔에스날라,0
20240413,20240413_1_03,20240413_1_03_09,토호마켓,0
20240413,20240413_1_03,20240413_1_03_10,논스톱플레이,0
20240413,20240413_1_04,20240413_1_04_01,용비천,0
20240413,20240413_1_04,20240413_1_04_02,금성탈환,0
20240413,20240413_1_04,20240413_1_04_03,블러드마운틴,0
20240413,20240413_1_04,20240413_1_04_04,에버더크라운,0
20240413,20240413_1_04,20240413_1_04_05,코스모킹,0
20240413,20240413_1_04,20240413_1_04_06,글로리참,0
20240413,20240413_1_04,20240413_1_04_07,선더갤러퍼,1
20240413,20240413_1_04,20240413_1_04_08,선갤런트,0
20240413,20240413_1_04,20240413_1_04_09,퀸아비게일,0
20240413,20240413_1_05,20240413_1_05_01,퍼스트슈,0
20240413,20240413_1_05,20240413_1_05_02,쓸모,0
20240413,20240413_1_05,20240413_1_05_03,골드베르크,0
20240413,20240413_1_05,20240413_1_05_04,스페셜포스,0
20240413,20240413_1_05,20240413_1_05_05,성실영웅,0
20240413,20240413_1_05,20240413_1_05_06,베스트클론,1
20240413,20240413_1_05,20240413_1_05_07,그린비바체,0
20240413,20240413_1_05,20240413_1_05_09,제우시대,0
20240413,20240413_1_05,20240413_1_05_10,용천지상,0
20240413,20240413_1_05,20240413_1_05_11,황우강자,0
20240413,20240413_1_06,20240413_1_06_01,두손챔프,0
20240413,20240413_1_06,20240413_1_06_03,키스유니버스,0
20240413,20240413_1_06,20240413_1_06_04,자이언트삭스,0
20240413,20240413_1_06,20240413_1_06_05,아마존킹,0
20240413,20240413_1_06,20240413_1_06_06,퀸매스터리,0
20240413,20240413_1_06,20240413_1_06_07,페어스카이즈,0
20240413,20240413_1_06,20240413_1_06_08,용비불패,0
20240413,20240413_1_06,20240413_1_06_09,럭키붐,0
20240413,20240413_1_06,20240413_1_06_10,에이스군주,1
20240413,20240413_1_06,20240413_1_06_11,문학홀리데이,0
20240413,20240413_1_07,20240413_1_07_01,원더풀위싱,0
20240413,20240413_1_07,20240413_1_07_02,브라운골드,1
20240413,20240413_1_07,20240413_1_07_03,샤크텐,0
20240413,20240413_1_07,20240413_1_07_04,동행퍼스트,0
20240413,20240413_1_07,20240413_1_07_05,럭셔리킹,0
20240413,20240413_1_07,20240413_1_07_06,파워에치드,0
20240413,20240413_1_07,20240413_1_07_07,케이엔티즈원,0
20240413,20240413_1_07,20240413_1_07_08,명성축제,0
20240413,20240413_1_08,20240413_1_08_01,퍼펙트건맨,0
20240413,20240413_1_08,20240413_1_08_02,럭키바운스,0
20240413,20240413_1_08,20240413_1_08_04,원더풀퍼지,0
20240413,20240413_1_08,20240413_1_08_05,달맞이,0
20240413,20240413_1_08,20240413_1_08_06,우청륭,0
20240413,20240413_1_08,20240413_1_08_07,미스터퀄리티,1
20240413,20240413_1_08,20240413_1_08_09,골든아너,0
20240413,20240413_1_08,20240413_1_08_10,은빛돌풍,0
20240413,20240413_1_09,20240413_1_09_01,티즈에너지,0
20240413,20240413_1_09,20240413_1_09_02,펀크레이지,1
20240413,20240413_1_09,20240413_1_09_03,킹다이아,0
20240413,20240413_1_09,20240413_1_09_04,홀리데이참,0
20240413,20240413_1_09,20240413_1_09_05,정상킹덤,0
20240413,20240413_1_09,20240413_1_09_06,메니원더풀,0
20240413,20240413_1_09,20240413_1_09_07,비전파워,0
20240413,20240413_1_09,20240413_1_09_08,새로운빛깔,0
20240413,20240413_1_10,20240413_1_10_01,내길의퀸,0
20240413,20240413_1_10,20240413_1_10_02,화랑투데이,1
20240413,20240413_1_10,20240413_1_10_03,펄포인트,0
20240413,20240413_1_10,20240413_1_10_04,드림플레이,0
20240413,20240413_1_10,20240413_1_10_05,비엔토,0
20240413,20240413_1_10,20240413_1_10_06,바이킹하트,0
20240413,20240413_1_10,20240413_1_10_07,불화산,0
20240413,20240413_1_10,20240413_1_10_08,빛나는질주,0
20240413,20240413_1_11,20240413_1_11_01,와일드삭스,0
20240413,20240413_1_11,20240413_1_11_02,자이언트킬링,0
20240413,20240413_1_11,20240413_1_11_03,한강보스,0
20240413,20240413_1_11,20240413_1_11_04,아라챔프,0
20240413,20240413_1_11,20240413_1_11_05,순간터치,0
20240413,20240413_1_11,20240413_1_11_06,특급대로,1
20240413,20240413_1_11,20240413_1_11_07,용비서울,0
20240413,20240413_1_11,20240413_1_11_08,배다리왕자,0
20240413,20240413_1_11,20240413_1_11_09,굿니센,0
20240413,20240413_1_11,20240413_1_11_10,톱클래스,0
20240413,20240413_1_11,20240413_1_11_11,리버태양,0
20240414,20240414_1_01,20240414_1_01_01,매직사운드,0
20240414,20240414_1_01,20240414_1_01_02,테스타블루,0
20240414,20240414_1_01,20240414_1_01_03,음성파워,0
20240414,20240414_1_01,20240414_1_01_04,탑다이아,0
20240414,20240414_1_01,20240414_1_01_05,서부챔프,1
20240414,20240414_1_01,20240414_1_01_06,대물삭스,0
20240414,20240414_1_01,20240414_1_01_07,피엔에스챔프,0
20240414,20240414_1_01,20240414_1_01_08,프로시드,0
20240414,20240414_1_01,20240414_1_01_09,마루별,0
20240414,20240414_1_01,20240414_1_01_10,올아이즈온미,0
20240414,20240414_1_02,20240414_1_02_01,무빙,0
20240414,20240414_1_02,20240414_1_02_02,이스트라이징,0
20240414,20240414_1_02,20240414_1_02_03,애플퀸,1
20240414,20240414_1_02,20240414_1_02_04,스마일골드,0
20240414,20240414_1_02,20240414_1_02_05,용기내요그대,0
20240414,20240414_1_02,20240414_1_02_06,샤인볼트,0
20240414,20240414_1_02,20240414_1_02_07,바이롱스타,0
20240414,20240414_1_02,20240414_1_02_08,컴플리트파티,0
20240414,20240414_1_02,20240414_1_02_09,멜로디참,0
20240414,20240414_1_02,20240414_1_02_10,삼성여제,0
20240414,20240414_1_02,20240414_1_02_11,영원하라,0
20240414,20240414_1_03,20240414_1_03_01,원더풀남촌,0
20240414,20240414_1_03,20240414_1_03_02,원더풀리걸,0
20240414,20240414_1_03,20240414_1_03_03,러브카우걸,0
20240414,20240414_1_03,20240414_1_03_04,신의여제,1
20240414,20240414_1_03,20240414_1_03_05,원평광야,0
20240414,20240414_1_03,20240414_1_03_06,더선파이터,0
20240414,20240414_1_03,20240414_1_03_07,송암스카이,0
20240414,20240414_1_03,20240414_1_03_08,서울최강자,0
20240414,20240414_1_03,20240414_1_03_09,빛의카,0
20240414,20240414_1_03,20240414_1_03_10,스트렝스,0
20240414,20240414_1_03,20240414_1_03_11,굿선봉,0
20240414,20240414_1_04,20240414_1_04_01,금악스타,1
20240414,20240414_1_04,20240414_1_04_02,용비파워,0
20240414,20240414_1_04,20240414_1_04_03,피엔에스더킹,0
20240414,20240414_1_04,20240414_1_04_05,하트케이,0
20240414,20240414_1_04,20240414_1_04_06,머스퀸플라이,0
20240414,20240414_1_04,20240414_1_04_07,로터스미르,0
20240414,20240414_1_04,20240414_1_04_08,서머파티,0
20240414,20240414_1_05,20240414_1_05_01,고스트참,0
20240414,20240414_1_05,20240414_1_05_02,짜릿한자유,1
20240414,20240414_1_05,20240414_1_05_03,마구마,0
20240414,20240414_1_05,20240414_1_05_04,빅스마트,0
20240414,20240414_1_05,20240414_1_05_05,원스피어,0
20240414,20240414_1_05,20240414_1_05_06,빅에너지,0
20240414,20240414_1_05,20240414_1_05_07,에브리참,0
20240414,20240414_1_05,20240414_1_05_08,리치게이트,0
20240414,20240414_1_06,20240414_1_06_01,강풍마,0
20240414,20240414_1_06,20240414_1_06_02,플라잉골드,0
20240414,20240414_1_06,20240414_1_06_03,마이센터,1
20240414,20240414_1_06,20240414_1_06_04,울트라갤럭시,0
20240414,20240414_1_06,20240414_1_06_05,로열로드,0
20240414,20240414_1_06,20240414_1_06_06,머스탱파워,0
20240414,20240414_1_06,20240414_1_06_07,월드참,0
20240414,20240414_1_06,20240414_1_06_08,블랙벨트,0
20240414,20240414_1_06,20240414_1_06_09,럭키선,0
20240414,20240414_1_06,20240414_1_06_10,늘가을,0
20240414,20240414_1_07,20240414_1_07_01,프리맥스,0
20240414,20240414_1_07,20240414_1_07_02,[부산경남]닥터시저,0
20240414,20240414_1_07,20240414_1_07_03,[부산경남]쏜살,0
20240414,20240414_1_07,20240414_1_07_04,섬싱로스트,0
20240414,20240414_1_07,20240414_1_07_05,컴플리트밸류,0
20240414,20240414_1_07,20240414_1_07_06,어마어마,0
20240414,20240414_1_07,20240414_1_07_07,마이티고,0
20240414,20240414_1_07,20240414_1_07_08,이스트제트,0
20240414,20240414_1_07,20240414_1_07_09,라온더포인트,0
20240414,20240414_1_07,20240414_1_07_10,[부산경남]킹오브글로리,0
20240414,20240414_1_07,20240414_1_07_11,대한질주,0
20240414,20240414_1_07,20240414_1_07_12,[부산경남]벌마의스타,1
20240414,20240414_1_07,20240414_1_07_13,모르피스,0
20240414,20240414_1_07,20240414_1_07_14,[부산경남]대망의길,0
20240414,20240414_1_07,20240414_1_07_15,레전드데이,0
20240414,20240414_1_07,20240414_1_07_16,[부산경남]해피피버,0
20240414,20240414_1_08,20240414_1_08_01,차돌다이아,0
20240414,20240414_1_08,20240414_1_08_02,동진불패,0
20240414,20240414_1_08,20240414_1_08_03,카우보이탱고,0
20240414,20240414_1_08,20240414_1_08_04,프레시맨,0
20240414,20240414_1_08,20240414_1_08_05,라온아메리칸,0
20240414,20240414_1_08,20240414_1_08_06,지구라트,0
20240414,20240414_1_08,20240414_1_08_07,금전사,0
20240414,20240414_1_08,20240414_1_08_08,블랙모션,0
20240414,20240414_1_08,20240414_1_08_09,행복한승자,0
20240414,20240414_1_08,20240414_1_08_10,블루레몬,0
20240414,20240414_1_08,20240414_1_08_11,빈체로카발로,1
20240414,20240414_1_08,20240414_1_08_12,미라클한강,0
20240414,20240414_1_08,20240414_1_08_13,브라이트한센,0
20240414,20240414_1_08,20240414_1_08_14,장산스포,0
20240414,20240414_1_09,20240414_1_09_01,더퀸저스티스,0
20240414,20240414_1_09,20240414_1_09_02,천마비상,0
20240414,20240414_1_09,20240414_1_09_03,폴인러브,0
20240414,20240414_1_09,20240414_1_09_04,라온더아리아,0
20240414,20240414_1_09,20240414_1_09_05,러블리케이,0
20240414,20240414_1_09,20240414_1_09_06,옐로우캣,1
20240414,20240414_1_09,20240414_1_09_07,원더풀데블,0
20240414,20240414_1_09,20240414_1_09_08,에클레어퓨리,0
20240414,20240414_1_09,20240414_1_09_09,소베라니아,0
20240414,20240414_1_10,20240414_1_10_01,블랙건,0
20240414,20240414_1_10,20240414_1_10_02,크라운함성,1
20240414,20240414_1_10,20240414_1_10_03,플라이데이,0
20240414,20240414_1_10,20240414_1_10_06,어서와,0
20240414,20240414_1_10,20240414_1_10_07,남산무적,0
20240414,20240414_1_10,20240414_1_10_08,갈색향기,0
20240414,20240414_1_10,20240414_1_10_09,피엔에스아이,0
20240414,20240414_1_10,20240414_1_10_10,파이널축제,0
20240414,20240414_1_10,20240414_1_10_11,올포유어드림,0
20240414,20240414_1_11,20240414_1_11_01,드림릿지,0
20240414,20240414_1_11,20240414_1_11_02,베스트전사,0
20240414,20240414_1_11,20240414_1_11_03,선더블루,0
20240414,20240414_1_11,20240414_1_11_04,스토미케이,0
20240414,20240414_1_11,20240414_1_11_05,제이에스로드,1
20240414,20240414_1_11,20240414_1_11_06,월드베리언스,0
20240414,20240414_1_11,20240414_1_11_07,경부도령,0
20240414,20240414_1_11,20240414_1_11_08,새내칸,0
20240414,20240414_1_11,20240414_1_11_09,미래타워,0
20240414,20240414_1_11,20240414_1_11_10,원평킬라,0
20240420,20240420_1_01,20240420_1_01_01,큐피드미르,0
20240420,20240420_1_01,20240420_1_01_02,은성사랑,0
20240420,20240420_1_01,20240420_1_01_03,학산대세,0
20240420,20240420_1_01,20240420_1_01_04,정상히트,0
20240420,20240420_1_01,20240420_1_01_05,볼린,0
20240420,20240420_1_01,20240420_1_01_06,우승탑,0
20240420,20240420_1_01,20240420_1_01_07,서울돌풍,1
20240420,20240420_1_01,20240420_1_01_08,캠프데이비드,0
20240420,20240420_1_02,20240420_1_02_01,투아레그나인,0
20240420,20240420_1_02,20240420_1_02_02,멋진최강,0
20240420,20240420_1_02,20240420_1_02_03,엘리트피스,0
20240420,20240420_1_02,20240420_1_02_04,선더스피드,1
20240420,20240420_1_02,20240420_1_02_05,위즈러버,0
20240420,20240420_1_02,20240420_1_02_06,피엔에스주,0
20240420,20240420_1_02,20240420_1_02_07,새로운가이,0
20240420,20240420_1_02,20240420_1_02_08,크로키,0
20240420,20240420_1_02,20240420_1_02_09,브리도걸,0
20240420,20240420_1_03,20240420_1_03_02,엑설런트마타,0
20240420,20240420_1_03,20240420_1_03_03,엘리트로열,0
20240420,20240420_1_03,20240420_1_03_04,무장,0
20240420,20240420_1_03,20240420_1_03_05,디아나,0
20240420,20240420_1_03,20240420_1_03_06,스마트삭스,0
20240420,20240420_1_03,20240420_1_03_07,마이선더,0
20240420,20240420_1_03,20240420_1_03_08,호명에이스,0
20240420,20240420_1_03,20240420_1_03_09,메니참,0
20240420,20240420_1_03,20240420_1_03_10,새내비바,0
20240420,20240420_1_03,20240420_1_03_11,드림스카이,1
20240420,20240420_1_04,20240420_1_04_01,걸작선,0
20240420,20240420_1_04,20240420_1_04_02,백룡,0
20240420,20240420_1_04,20240420_1_04_03,뉴질랜드삭스,0
20240420,20240420_1_04,20240420_1_04_04,정문파파고,0
20240420,20240420_1_04,20240420_1_04_05,천존챗,0
20240420,20240420_1_04,20240420_1_04_06,라온에어포스,1
20240420,20240420_1_04,20240420_1_04_07,마이티봄,0
20240420,20240420_1_04,20240420_1_04_08,글로리케이,0
20240420,20240420_1_04,20240420_1_04_09,내길의캡틴,0
20240420,20240420_1_04,20240420_1_04_10,큐피드보우,0
20240420,20240420_1_05,20240420_1_05_01,비트레이서,0
20240420,20240420_1_05,20240420_1_05_03,서니로드,1
20240420,20240420_1_05,20240420_1_05_04,서부특송,0
20240420,20240420_1_05,20240420_1_05_05,네이비크롬,0
20240420,20240420_1_05,20240420_1_05_06,쌍옥루,0
20240420,20240420_1_05,20240420_1_05_07,아크로마린,0
20240420,20240420_1_05,20240420_1_05_08,토르의망치,0
20240420,20240420_1_05,20240420_1_05_09,씽씽씽,0
20240420,20240420_1_05,20240420_1_05_10,오스틴리더,0
20240420,20240420_1_05,20240420_1_05_11,글로벌진격,0
20240420,20240420_1_06,20240420_1_06_01,시티킹,0
20240420,20240420_1_06,20240420_1_06_02,천마평정,0
20240420,20240420_1_06,20240420_1_06_03,오섬나탈리,0
20240420,20240420_1_06,20240420_1_06_04,황금꽃,0
20240420,20240420_1_06,20240420_1_06_05,무한아르고,0
20240420,20240420_1_06,20240420_1_06_06,작두콩,0
20240420,20240420_1_06,20240420_1_06_07,콜긴,0
20240420,20240420_1_06,20240420_1_06_08,나노마신,0
20240420,20240420_1_06,20240420_1_06_09,벤칼프린세스,1
20240420,20240420_1_06,20240420_1_06_10,매글데이,0
20240420,20240420_1_06,20240420_1_06_11,땡큐대천,0
20240420,20240420_1_07,20240420_1_07_01,스프링워터,0
20240420,20240420_1_07,20240420_1_07_03,콩코드퀸,0
20240420,20240420_1_07,20240420_1_07_04,금세,0
20240420,20240420_1_07,20240420_1_07_05,큐피드점보,0
20240420,20240420_1_07,20240420_1_07_06,라온탑플레이,0
20240420,20240420_1_07,20240420_1_07_07,청파의꿈,1
20240420,20240420_1_07,20240420_1_07_08,나인이글,0
20240420,20240420_1_07,20240420_1_07_09,걸작드림,0
20240420,20240420_1_08,20240420_1_08_01,굿해피,0
20240420,20240420_1_08,20240420_1_08_02,문학드림,0
20240420,20240420_1_08,20240420_1_08_03,새내파워풀,0
20240420,20240420_1_08,20240420_1_08_04,영영삭스,0
20240420,20240420_1_08,20240420_1_08_05,탭다운,0
20240420,20240420_1_08,20240420_1_08_07,티즈인디,0
20240420,20240420_1_08,20240420_1_08_08,천둥호랑이,0
20240420,20240420_1_08,20240420_1_08_09,파워군주,1
20240420,20240420_1_08,20240420_1_08_10,글로벌매직,0
20240420,20240420_1_09,20240420_1_09_01,록임팩트,0
20240420,20240420_1_09,20240420_1_09_02,케이엔스케치,0
20240420,20240420_1_09,20240420_1_09_03,불의신화,1
20240420,20240420_1_09,20240420_1_09_04,원더풀인디,0
20240420,20240420_1_09,20240420_1_09_05,나의나라,0
20240420,20240420_1_09,20240420_1_09_06,청산영웅,0
20240420,20240420_1_09,20240420_1_09_07,메가드래곤,0
20240420,20240420_1_09,20240420_1_09_08,럭셔리캡틴,0
20240420,20240420_1_09,20240420_1_09_09,모닝프린스,0
20240420,20240420_1_09,20240420_1_09_10,아침함성,0
20240420,20240420_1_09,20240420_1_09_11,카우보이킹,0
20240420,20240420_1_10,20240420_1_10_01,아가판서스,0
20240420,20240420_1_10,20240420_1_10_02,그레이스케이,0
20240420,20240420_1_10,20240420_1_10_03,비야리카,1
20240420,20240420_1_10,20240420_1_10_04,파워풀화성,0
20240420,20240420_1_10,20240420_1_10_05,신의반전,0
20240420,20240420_1_10,20240420_1_10_06,선더호스,0
20240420,20240420_1_10,20240420_1_10_07,랠리퀸,0
20240420,20240420_1_10,20240420_1_10_08,라온티모스,0
20240420,20240420_1_10,20240420_1_10_09,라로마네,0
20240420,20240420_1_10,20240420_1_10_10,런던에이스,0
20240420,20240420_1_10,20240420_1_10_11,아르고무적,0
20240420,20240420_1_11,20240420_1_11_01,장산포이즌,0
20240420,20240420_1_11,20240420_1_11_02,베스트천상,0
20240420,20240420_1_11,20240420_1_11_03,라온더제트,0
20240420,20240420_1_11,20240420_1_11_04,어서말을해,0
20240420,20240420_1_11,20240420_1_11_05,럭키월드,0
20240420,20240420_1_11,20240420_1_11_06,록라인,0
20240420,20240420_1_11,20240420_1_11_07,트로팅라일리,0
20240420,20240420_1_11,20240420_1_11_08,디스챌린지,0
20240420,20240420_1_11,20240420_1_11_09,선드래곤,0
20240420,20240420_1_11,20240420_1_11_10,천지광풍,0
20240420,20240420_1_11,20240420_1_11_11,새내퀸,1
20240421,20240421_1_01,20240421_1_01_01,피엔에스가자,0
20240421,20240421_1_01,20240421_1_01_02,울트라히트,0
20240421,20240421_1_01,20240421_1_01_03,프린스데이,0
20240421,20240421_1_01,20240421_1_01_04,코탑,0
20240421,20240421_1_01,20240421_1_01_05,아치로켓,0
20240421,20240421_1_01,20240421_1_01_06,히어로나라,0
20240421,20240421_1_01,20240421_1_01_07,정성바이스,0
20240421,20240421_1_01,20240421_1_01_08,라이트어블루,0
20240421,20240421_1_01,20240421_1_01_09,우승콩코드,1
20240421,20240421_1_01,20240421_1_01_10,파워트라이,0
20240421,20240421_1_01,20240421_1_01_11,강철파워,0
20240421,20240421_1_02,20240421_1_02_01,금성리비어,0
20240421,20240421_1_02,20240421_1_02_02,산방봄날,0
20240421,20240421_1_02,20240421_1_02_03,하이엔드,0
20240421,20240421_1_02,20240421_1_02_04,큐피드라이즈,0
20240421,20240421_1_02,20240421_1_02_06,인피니트아너,1
20240421,20240421_1_02,20240421_1_02_07,창조의기둥,0
20240421,20240421_1_02,20240421_1_02_08,강철드래곤,0
20240421,20240421_1_02,20240421_1_02_09,브리도킹스타,0
20240421,20240421_1_03,20240421_1_03_01,질주천하,0
20240421,20240421_1_03,20240421_1_03_02,제라퀸,0
20240421,20240421_1_03,20240421_1_03_03,엘리트보스,0
20240421,20240421_1_03,20240421_1_03_04,클레어골드,0
20240421,20240421_1_03,20240421_1_03_05,머니터치,0
20240421,20240421_1_03,20240421_1_03_06,초강불패,0
20240421,20240421_1_03,20240421_1_03_07,핑크윈드,1
20240421,20240421_1_03,20240421_1_03_08,선더여걸,0
20240421,20240421_1_03,20240421_1_03_09,세명소드,0
20240421,20240421_1_03,20240421_1_03_10,베아트리스,0
20240421,20240421_1_03,20240421_1_03_11,레이디폭스,0
20240421,20240421_1_04,20240421_1_04_01,호명퀸,0
20240421,20240421_1_04,20240421_1_04_02,레드태풍,0
20240421,20240421_1_04,20240421_1_04_03,장군별,0
20240421,20240421_1_04,20240421_1_04_04,붉은폭풍,0
20240421,20240421_1_04,20240421_1_04_05,멋진기록,0
20240421,20240421_1_04,20240421_1_04_06,라온더탑,1
20240421,20240421_1_04,20240421_1_04_07,나올대왕,0
20240421,20240421_1_04,20240421_1_04_08,갤럭시삭스,0
20240421,20240421_1_04,20240421_1_04_09,용암마렝고,0
20240421,20240421_1_04,20240421_1_04_10,투혼기상,0
20240421,20240421_1_05,20240421_1_05_01,슈퍼원,0
20240421,20240421_1_05,20240421_1_05_02,제축이호,0
20240421,20240421_1_05,20240421_1_05_03,로열베스트,0
20240421,20240421_1_05,20240421_1_05_04,골든라인,0
20240421,20240421_1_05,20240421_1_05_05,걸작으뜸,1
20240421,20240421_1_05,20240421_1_05_06,탐라최강자,0
20240421,20240421_1_05,20240421_1_05_07,천지스카이,0
20240421,20240421_1_05,20240421_1_05_08,스톰가이,0
20240421,20240421_1_05,20240421_1_05_09,해제여걸,0
20240421,20240421_1_05,20240421_1_05_10,내길의위너,0
20240421,20240421_1_05,20240421_1_05_11,메니스피어,0
20240421,20240421_1_06,20240421_1_06_01,유레카,0
20240421,20240421_1_06,20240421_1_06_02,더자이언트,0
20240421,20240421_1_06,20240421_1_06_03,스탠바이미,0
20240421,20240421_1_06,20240421_1_06_04,정상럭키,0
20240421,20240421_1_06,20240421_1_06_05,클레어파워,0
20240421,20240421_1_06,20240421_1_06_06,페더럴킹,0
20240421,20240421_1_06,20240421_1_06_07,맥스골드,0
20240421,20240421_1_06,20240421_1_06_08,런던빅토리,1
20240421,20240421_1_06,20240421_1_06_09,엔트로피,0
20240421,20240421_1_06,20240421_1_06_10,스타러시,0
20240421,20240421_1_07,20240421_1_07_01,볼트맨,0
20240421,20240421_1_07,20240421_1_07_02,[부산경남]정문코빗,0
20240421,20240421_1_07,20240421_1_07_03,너트플레이,0
20240421,20240421_1_07,20240421_1_07_04,원더풀슬루,0
20240421,20240421_1_07,20240421_1_07_05,심장의고동,0
20240421,20240421_1_07,20240421_1_07_06,티즈바로우즈,0
20240421,20240421_1_07,20240421_1_07_07,[부산경남]투혼의반석,0
20240421,20240421_1_07,20240421_1_07_08,[부산경남]크레이지콘티,0
20240421,20240421_1_07,20240421_1_07_09,별나라신사,0
20240421,20240421_1_07,20240421_1_07_10,[부산경남]스피드영,0
20240421,20240421_1_07,20240421_1_07_11,치프인디,0
20240421,20240421_1_07,20240421_1_07_12,흥행질주,0
20240421,20240421_1_07,20240421_1_07_13,마이티굿,0
20240421,20240421_1_07,20240421_1_07_14,[부산경남]글로벌히트,1
20240421,20240421_1_07,20240421_1_07_15,히든삭스,0
20240421,20240421_1_08,20240421_1_08_01,글로벌메니,0
20240421,20240421_1_08,20240421_1_08_02,정우포에버,0
20240421,20240421_1_08,20240421_1_08_03,컴플리트드림,0
20240421,20240421_1_08,20240421_1_08_04,럭키파티,0
20240421,20240421_1_08,20240421_1_08_05,스카이함성,0
20240421,20240421_1_08,20240421_1_08_06,세광파이터,1
20240421,20240421_1_08,20240421_1_08_07,로열함성,0
20240421,20240421_1_08,20240421_1_08_08,젠틀야라,0
20240421,20240421_1_09,20240421_1_09_01,원더풀폭스,0
20240421,20240421_1_09,20240421_1_09_02,지르콘,0
20240421,20240421_1_09,20240421_1_09_03,메이킹스토리,0
20240421,20240421_1_09,20240421_1_09_04,영원파이터,0
20240421,20240421_1_09,20240421_1_09_05,대흥클래스,0
20240421,20240421_1_09,20240421_1_09_06,오키드밸리,0
20240421,20240421_1_09,20240421_1_09_07,블루밍스타,0
20240421,20240421_1_09,20240421_1_09_08,스피드원,1
20240421,20240421_1_09,20240421_1_09_09,스파크선더,0
20240421,20240421_1_10,20240421_1_10_01,은혜드림,0
20240421,20240421_1_10,20240421_1_10_02,참좋은질주,0
20240421,20240421_1_10,20240421_1_10_03,성은크라운,0
20240421,20240421_1_10,20240421_1_10_04,세인트루카,0
20240421,20240421_1_10,20240421_1_10_05,라온더찰리,0
20240421,20240421_1_10,20240421_1_10_06,검이불루,0
20240421,20240421_1_10,20240421_1_10_07,레전드케이,0
20240421,20240421_1_10,20240421_1_10_08,불의여왕,0
20240421,20240421_1_10,20240421_1_10_09,스터닝스카이,1
20240421,20240421_1_11,20240421_1_11_01,캡틴삼칠이,0
20240421,20240421_1_11,20240421_1_11_02,우와륭,0
20240421,20240421_1_11,20240421_1_11_03,마의웨이,1
20240421,20240421_1_11,20240421_1_11_04,강한퀸,0
20240421,20240421_1_11,20240421_1_11_05,선더드림,0
20240421,20240421_1_11,20240421_1_11_06,라온더하이맨,0
20240421,20240421_1_11,20240421_1_11_07,더스파이커,0
20240421,20240421_1_11,20240421_1_11_08,원더풀위크,0
20240421,20240421_1_11,20240421_1_11_09,이스트점프,0
20240421,20240421_1_11,20240421_1_11_10,문학스톰,0
20240421,20240421_1_11,20240421_1_11_11,신의이름,0
20240427,20240427_1_01,20240427_1_01_01,러닝아티스트,0
20240427,20240427_1_01,20240427_1_01_02,행복여전사,0
20240427,20240427_1_01,20240427_1_01_03,유수부쟁선,0
20240427,20240427_1_01,20240427_1_01_04,울트라망치,0
20240427,20240427_1_01,20240427_1_01_05,카스,0
20240427,20240427_1_01,20240427_1_01_06,이글윙즈,0
20240427,20240427_1_01,20240427_1_01_07,우승돌진,0
20240427,20240427_1_01,20240427_1_01_08,고스트드래곤,1
20240427,20240427_1_01,20240427_1_01_09,빅브리지,0
20240427,20240427_1_01,20240427_1_01_10,사려니니케,0
20240427,20240427_1_01,20240427_1_01_11,이스트킹스톤,0
20240427,20240427_1_02,20240427_1_02_01,마루별,0
20240427,20240427_1_02,20240427_1_02_02,드래곤스퀘어,0
20240427,20240427_1_02,20240427_1_02_03,용비천,0
20240427,20240427_1_02,20240427_1_02_04,바주카보이,1
20240427,20240427_1_02,20240427_1_02_05,글로리참,0
20240427,20240427_1_02,20240427_1_02_06,피엔에스카,0
20240427,20240427_1_02,20240427_1_02_07,비트영웅,0
20240427,20240427_1_02,20240427_1_02_08,크레이지창,0
20240427,20240427_1_02,20240427_1_02_09,런던골드,0
20240427,20240427_1_02,20240427_1_02_10,피엔에스미,0
20240427,20240427_1_03,20240427_1_03_01,미스터트롯,1
20240427,20240427_1_03,20240427_1_03_02,라온더클리퍼,0
20240427,20240427_1_03,20240427_1_03_03,큐피드시크,0
20240427,20240427_1_03,20240427_1_03_05,포르투나,0
20240427,20240427_1_03,20240427_1_03_06,모닝볼드,0
20240427,20240427_1_03,20240427_1_03_07,파인데이,0
20240427,20240427_1_03,20240427_1_03_08,피지블레이드,0
20240427,20240427_1_03,20240427_1_03_09,금악다이아,0
20240427,20240427_1_03,20240427_1_03_10,휘파람,0
20240427,20240427_1_03,20240427_1_03_11,레이디코디,0
20240427,20240427_1_04,20240427_1_04_01,선더에이원,0
20240427,20240427_1_04,20240427_1_04_02,건곤일척,0
20240427,20240427_1_04,20240427_1_04_03,사려니티케,0
20240427,20240427_1_04,20240427_1_04_04,익스펙트,0
20240427,20240427_1_04,20240427_1_04_05,피엔에스더킹,0
20240427,20240427_1_04,20240427_1_04_06,블랙버미,0
20240427,20240427_1_04,20240427_1_04_07,화산귀환,0
20240427,20240427_1_04,20240427_1_04_08,트리스탄왕자,1
20240427,20240427_1_04,20240427_1_04_09,선더브라보,0
20240427,20240427_1_04,20240427_1_04_10,순간의찬스,0
20240427,20240427_1_05,20240427_1_05_01,젤로스,0
20240427,20240427_1_05,20240427_1_05_02,탱탱볼,1
20240427,20240427_1_05,20240427_1_05_03,만대로,0
20240427,20240427_1_05,20240427_1_05_04,아름다운사이,0
20240427,20240427_1_05,20240427_1_05_05,고스트참,0
20240427,20240427_1_05,20240427_1_05_06,더선파이터,0
20240427,20240427_1_05,20240427_1_05_07,브라이트위너,0
20240427,20240427_1_05,20240427_1_05_08,원더풀스피릿,0
20240427,20240427_1_05,20240427_1_05_09,골든스나이퍼,0
20240427,20240427_1_05,20240427_1_05_10,월드킹맨,0
20240427,20240427_1_06,20240427_1_06_01,아치러너,0
20240427,20240427_1_06,20240427_1_06_02,서울최강자,1
20240427,20240427_1_06,20240427_1_06_03,원더풀티지,0
20240427,20240427_1_06,20240427_1_06_04,천구챗,0
20240427,20240427_1_06,20240427_1_06_05,마에스트로,0
20240427,20240427_1_06,20240427_1_06_06,보스베이비,0
20240427,20240427_1_06,20240427_1_06_07,콰이어트참,0
20240427,20240427_1_06,20240427_1_06_08,맥스위크,0
20240427,20240427_1_06,20240427_1_06_09,마파람,0
20240427,20240427_1_06,20240427_1_06_10,그린필스타,0
20240427,20240427_1_06,20240427_1_06_11,스터닝레이디,0
20240427,20240427_1_07,20240427_1_07_01,나이스빅걸,0
20240427,20240427_1_07,20240427_1_07_02,엑톤질주,0
20240427,20240427_1_07,20240427_1_07_03,나이스태양,1
20240427,20240427_1_07,20240427_1_07_04,베트캡틴,0
20240427,20240427_1_07,20240427_1_07_05,미스윈스타,0
20240427,20240427_1_07,20240427_1_07_06,투어퀸,0
20240427,20240427_1_07,20240427_1_07_07,벌교태양,0
20240427,20240427_1_07,20240427_1_07_08,주몽천하,0
20240427,20240427_1_07,20240427_1_07_09,국대파이터,0
20240427,20240427_1_07,20240427_1_07_10,마이티닉,0
20240427,20240427_1_08,20240427_1_08_01,벌교베리타스,1
20240427,20240427_1_08,20240427_1_08_02,텐배거,0
20240427,20240427_1_08,20240427_1_08_03,태평파이터,0
20240427,20240427_1_08,20240427_1_08_04,한강크라운,0
20240427,20240427_1_08,20240427_1_08_05,엑설런트퀸,0
20240427,20240427_1_08,20240427_1_08_06,해피믹스,0
20240427,20240427_1_08,20240427_1_08_07,백두보이,0
20240427,20240427_1_08,20240427_1_08_08,금빛강호,0
20240427,20240427_1_08,20240427_1_08_09,바람의향기,0
20240427,20240427_1_08,20240427_1_08_10,천행챗,0
20240427,20240427_1_09,20240427_1_09_01,금빛마,1
20240427,20240427_1_09,20240427_1_09_02,터프맨,0
20240427,20240427_1_09,20240427_1_09_03,광양으뜸,0
20240427,20240427_1_09,20240427_1_09_04,은혜,0
20240427,20240427_1_09,20240427_1_09_05,컴플리트포스,0
20240427,20240427_1_09,20240427_1_09_06,헤이큐피드,0
20240427,20240427_1_09,20240427_1_09_07,블랙초콜릿,0
20240427,20240427_1_09,20240427_1_09_08,행복한문막,0
20240427,20240427_1_09,20240427_1_09_09,울트라킹,0
20240427,20240427_1_09,20240427_1_09_10,라온더위켄드,0
20240427,20240427_1_09,20240427_1_09_11,그레이스퀸,0
20240427,20240427_1_10,20240427_1_10_01,데블케이,0
20240427,20240427_1_10,20240427_1_10_02,그랜드실버,0
20240427,20240427_1_10,20240427_1_10_03,돌격앞으로,0
20240427,20240427_1_10,20240427_1_10_04,광치기,0
20240427,20240427_1_10,20240427_1_10_05,글로벌클래스,0
20240427,20240427_1_10,20240427_1_10_06,천군,0
20240427,20240427_1_10,20240427_1_10_07,홀리데이참,0
20240427,20240427_1_10,20240427_1_10_08,달콩,0
20240427,20240427_1_10,20240427_1_10_09,에펠탑,1
20240427,20240427_1_10,20240427_1_10_10,화씨벽,0
20240427,20240427_1_11,20240427_1_11_01,탑퀄리티,1
20240427,20240427_1_11,20240427_1_11_02,루킹굿,0
20240427,20240427_1_11,20240427_1_11_03,오래함께하자,0
20240427,20240427_1_11,20240427_1_11_04,마이티칩,0
20240427,20240427_1_11,20240427_1_11_05,대사리,0
20240427,20240427_1_11,20240427_1_11_06,타우루스퀸,0
20240427,20240427_1_11,20240427_1_11_07,그레이캣,0
20240427,20240427_1_11,20240427_1_11_08,두손멍군,0
20240427,20240427_1_11,20240427_1_11_09,황금럭키,0
20240427,20240427_1_11,20240427_1_11_10,스프링킹,0
20240427,20240427_1_11,20240427_1_11_11,한강의기상,0
20240428,20240428_1_01,20240428_1_01_01,브리도매지션,0
20240428,20240428_1_01,20240428_1_01_02,스피닝붐,0
20240428,20240428_1_01,20240428_1_01_03,영원포텐,0
20240428,20240428_1_01,20240428_1_01_04,레전드탑,0
20240428,20240428_1_01,20240428_1_01_05,어메이징스타,0
20240428,20240428_1_01,20240428_1_01_06,금악명장,0
20240428,20240428_1_01,20240428_1_01_07,머제스틱위너,0
20240428,20240428_1_01,20240428_1_01_08,러브오마인,1
20240428,20240428_1_01,20240428_1_01_09,금성여제,0
20240428,20240428_1_01,20240428_1_01_10,스마트와이어,0
20240428,20240428_1_01,20240428_1_01_11,으라차차,0
20240428,20240428_1_02,20240428_1_02_01,토네르,1
20240428,20240428_1_02,20240428_1_02_02,스터닝서브,0
20240428,20240428_1_02,20240428_1_02_03,트롤,0
20240428,20240428_1_02,20240428_1_02_04,어메이징록,0
20240428,20240428_1_02,20240428_1_02_05,올누트,0
20240428,20240428_1_02,20240428_1_02_06,천마불패,0
20240428,20240428_1_02,20240428_1_02_07,소프트파워,0
20240428,20240428_1_02,20240428_1_02_08,트레비트,0
20240428,20240428_1_02,20240428_1_02_09,스마트알파,0
20240428,20240428_1_02,20240428_1_02_10,나이트참,0
20240428,20240428_1_03,20240428_1_03_01,위대한한마,0
20240428,20240428_1_03,20240428_1_03_02,원평광야,0
20240428,20240428_1_03,20240428_1_03_04,신의여인,0
20240428,20240428_1_03,20240428_1_03_05,해피익투스,0
20240428,20240428_1_03,20240428_1_03_06,섀클포인트,1
20240428,20240428_1_03,20240428_1_03_07,천은총,0
20240428,20240428_1_03,20240428_1_03_08,스마트별,0
20240428,20240428_1_03,20240428_1_03_09,알사이먼,0
20240428,20240428_1_03,20240428_1_03_10,원더풀섀도우,0
20240428,20240428_1_03,20240428_1_03_11,모닝펄,0
20240428,20240428_1_04,20240428_1_04_01,자이언트엠,0
20240428,20240428_1_04,20240428_1_04_02,동행퍼스트,0
20240428,20240428_1_04,20240428_1_04_03,승리공주,0
20240428,20240428_1_04,20240428_1_04_04,빅에너지,0
20240428,20240428_1_04,20240428_1_04_05,안양천둥,0
20240428,20240428_1_04,20240428_1_04_06,큐피드챔프,0
20240428,20240428_1_04,20240428_1_04_07,은파조이,1
20240428,20240428_1_04,20240428_1_04_09,에브리참,0
20240428,20240428_1_04,20240428_1_04_10,질주에바다,0
20240428,20240428_1_04,20240428_1_04_11,나라올라,0
20240428,20240428_1_05,20240428_1_05_01,컴플리트리더,1
20240428,20240428_1_05,20240428_1_05_02,더플레이어,0
20240428,20240428_1_05,20240428_1_05_03,오래다함께,0
20240428,20240428_1_05,20240428_1_05_04,금성환희,0
20240428,20240428_1_05,20240428_1_05_05,킹다이아,0
20240428,20240428_1_05,20240428_1_05_06,슈퍼엑톤,0
20240428,20240428_1_05,20240428_1_05_07,찬란한날,0
20240428,20240428_1_05,20240428_1_05_08,빛나는질주,0
20240428,20240428_1_06,20240428_1_06_01,논스톱기상,0
20240428,20240428_1_06,20240428_1_06_02,점순이고,0
20240428,20240428_1_06,20240428_1_06_03,유쾌한날들,0
20240428,20240428_1_06,20240428_1_06_04,업타운위즈,1
20240428,20240428_1_06,20240428_1_06_05,루미너스퀸,0
20240428,20240428_1_06,20240428_1_06_06,비트러너,0
20240428,20240428_1_06,20240428_1_06_07,다프네,0
20240428,20240428_1_06,20240428_1_06_08,아침동자,0
20240428,20240428_1_06,20240428_1_06_09,자이언트펀치,0
20240428,20240428_1_06,20240428_1_06_10,쾌향,0
20240428,20240428_1_07,20240428_1_07_01,참좋은친구,0
20240428,20240428_1_07,20240428_1_07_02,금아얼루어,0
20240428,20240428_1_07,20240428_1_07_03,[부산경남]강서자이언트,0
20240428,20240428_1_07,20240428_1_07_04,[부산경남]로드투브이,0
20240428,20240428_1_07,20240428_1_07_05,원더풀키티,0
20240428,20240428_1_07,20240428_1_07_06,코스모,0
20240428,20240428_1_07,20240428_1_07_07,마이티룩,0
20240428,20240428_1_07,20240428_1_07_08,라온더스퍼트,0
20240428,20240428_1_07,20240428_1_07_09,연희일출,0
20240428,20240428_1_07,20240428_1_07_10,라온포레스트,0
20240428,20240428_1_07,20240428_1_07_11,파이어걸,0
20240428,20240428_1_07,20240428_1_07_12,[부산경남]즐거운여정,1
20240428,20240428_1_08,20240428_1_08_01,성실대로,0
20240428,20240428_1_08,20240428_1_08_02,트로트퀸,0
20240428,20240428_1_08,20240428_1_08_03,영광의월드,1
20240428,20240428_1_08,20240428_1_08_04,스틸플레이,0
20240428,20240428_1_08,20240428_1_08_05,학산마초,0
20240428,20240428_1_08,20240428_1_08_06,파워풀삭스,0
20240428,20240428_1_08,20240428_1_08_07,아르고공주,0
20240428,20240428_1_08,20240428_1_08_08,한강파워,0
20240428,20240428_1_08,20240428_1_08_09,퀸톱,0
20240428,20240428_1_08,20240428_1_08_10,그린백,0
20240428,20240428_1_09,20240428_1_09_01,나이스치타,0
20240428,20240428_1_09,20240428_1_09_02,문학송,0
20240428,20240428_1_09,20240428_1_09_03,뉴킹맨,0
20240428,20240428_1_09,20240428_1_09_04,산본쓰나미,0
20240428,20240428_1_09,20240428_1_09_05,아르고탑,0
20240428,20240428_1_09,20240428_1_09_06,킹칼레,0
20240428,20240428_1_09,20240428_1_09_07,선포레,0
20240428,20240428_1_09,20240428_1_09_08,봉화스테이,1
20240428,20240428_1_09,20240428_1_09_10,올룩,0
20240428,20240428_1_09,20240428_1_09_11,마이티숀,0
20240428,20240428_1_10,20240428_1_10_01,머니크라운,0
20240428,20240428_1_10,20240428_1_10_02,문학태핏,0
20240428,20240428_1_10,20240428_1_10_03,스피디루키,0
20240428,20240428_1_10,20240428_1_10_04,컴플리트엔젤,0
20240428,20240428_1_10,20240428_1_10_05,메디치울프,0
20240428,20240428_1_10,20240428_1_10_06,불의날개,0
20240428,20240428_1_10,20240428_1_10_07,하이그랜드,0
20240428,20240428_1_10,20240428_1_10_08,금세다,0
20240428,20240428_1_10,20240428_1_10_09,몬탁챗,1
20240428,20240428_1_10,20240428_1_10_10,클럽디,0
20240428,20240428_1_10,20240428_1_10_11,베링맨,0
20240428,20240428_1_11,20240428_1_11_01,발베니,0
20240428,20240428_1_11,20240428_1_11_02,글로벌보배,0
20240428,20240428_1_11,20240428_1_11_03,바이스로이,1
20240428,20240428_1_11,20240428_1_11_04,마이티팝,0
20240428,20240428_1_11,20240428_1_11_05,스카이망치,0
20240428,20240428_1_11,20240428_1_11_06,장산미사일,0
20240428,20240428_1_11,20240428_1_11_07,파크윈,0
20240428,20240428_1_11,20240428_1_11_08,포에버드림,0
20240428,20240428_1_11,20240428_1_11_09,스팟플래터,0
20240428,20240428_1_11,20240428_1_11_10,리월마,0
20240428,20240428_1_11,20240428_1_11_11,장산클리어,0
20240504,20240504_1_01,20240504_1_01_01,아임더베스트,0
20240504,20240504_1_01,20240504_1_01_02,은파파트너,0
20240504,20240504_1_01,20240504_1_01_03,이스트스카이,0
20240504,20240504_1_01,20240504_1_01_04,섀클보이,0
20240504,20240504_1_01,20240504_1_01_05,세광질주,1
20240504,20240504_1_01,20240504_1_01_06,히퍼드롬,0
20240504,20240504_1_01,20240504_1_01_07,스케일킹,0
20240504,20240504_1_01,20240504_1_01_08,스페셜루비,0
20240504,20240504_1_01,20240504_1_01_09,블랙스펙터,0
20240504,20240504_1_01,20240504_1_01_10,나우엘리트,0
20240504,20240504_1_01,20240504_1_01_11,더트스푼,0
20240504,20240504_1_02,20240504_1_02_01,내추럴사운드,0
20240504,20240504_1_02,20240504_1_02_02,선더스톰,0
20240504,20240504_1_02,20240504_1_02_03,카일리,0
20240504,20240504_1_02,20240504_1_02_04,용비수,1
20240504,20240504_1_02,20240504_1_02_05,함평파이터,0
20240504,20240504_1_02,20240504_1_02_06,스카이텐,0
20240504,20240504_1_02,20240504_1_02_07,캡처,0
20240504,20240504_1_02,20240504_1_02_08,비케이벨,0
20240504,20240504_1_02,20240504_1_02_09,크레이지샤,0
20240504,20240504_1_02,20240504_1_02_10,원평누리,0
20240504,20240504_1_03,20240504_1_03_01,금성파워,0
20240504,20240504_1_03,20240504_1_03_02,큐피드드림,0
20240504,20240504_1_03,20240504_1_03_03,투에이스,0
20240504,20240504_1_03,20240504_1_03_04,멋진최강,0
20240504,20240504_1_03,20240504_1_03_05,아치로켓,0
20240504,20240504_1_03,20240504_1_03_06,당찬낭보,0
20240504,20240504_1_03,20240504_1_03_07,스파클링,0
20240504,20240504_1_03,20240504_1_03_08,피엔에스파,0
20240504,20240504_1_03,20240504_1_03_09,용암세상,1
20240504,20240504_1_04,20240504_1_04_01,원더풀위싱,0
20240504,20240504_1_04,20240504_1_04_03,서머파티,0
20240504,20240504_1_04,20240504_1_04_04,매직위드유,0
20240504,20240504_1_04,20240504_1_04_05,스페셜힐,1
20240504,20240504_1_04,20240504_1_04_06,이에이치코코,0
20240504,20240504_1_04,20240504_1_04_07,슈퍼군황,0
20240504,20240504_1_04,20240504_1_04_08,갤럭시삭스,0
20240504,20240504_1_05,20240504_1_05_01,하얀태양,0
20240504,20240504_1_05,20240504_1_05_02,대지의여걸,0
20240504,20240504_1_05,20240504_1_05_03,벨비티,0
20240504,20240504_1_05,20240504_1_05_04,헤이마마,0
20240504,20240504_1_05,20240504_1_05_05,바람살,0
20240504,20240504_1_05,20240504_1_05_06,메니샤크,0
20240504,20240504_1_05,20240504_1_05_07,비바청수,0
20240504,20240504_1_05,20240504_1_05_08,여왕삭스,0
20240504,20240504_1_05,20240504_1_05_09,캡틴타임,1
20240504,20240504_1_06,20240504_1_06_01,글로리앤아너,0
20240504,20240504_1_06,20240504_1_06_02,장군마루,0
20240504,20240504_1_06,20240504_1_06_03,항구스타,0
20240504,20240504_1_06,20240504_1_06_04,스팔타,0
20240504,20240504_1_06,20240504_1_06_05,아로마,0
20240504,20240504_1_06,20240504_1_06_06,글로벌코디,0
20240504,20240504_1_06,20240504_1_06_07,플라잉카라반,1
20240504,20240504_1_06,20240504_1_06_08,가나파워,0
20240504,20240504_1_06,20240504_1_06_09,파이널고,0
20240504,20240504_1_06,20240504_1_06_10,천존챗,0
20240504,20240504_1_06,20240504_1_06_11,파티파워,0
20240504,20240504_1_07,20240504_1_07_01,네모프린스,0
20240504,20240504_1_07,20240504_1_07_02,우주의봄,0
20240504,20240504_1_07,20240504_1_07_03,나올영웅,0
20240504,20240504_1_07,20240504_1_07_04,문학이글,0
20240504,20240504_1_07,20240504_1_07_05,아너로즈,0
20240504,20240504_1_07,20240504_1_07_06,예술이야,0
20240504,20240504_1_07,20240504_1_07_07,히든브레인,0
20240504,20240504_1_07,20240504_1_07_08,원평킬라,1
20240504,20240504_1_08,20240504_1_08_01,월드섀넌스,0
20240504,20240504_1_08,20240504_1_08_02,시선집중,0
20240504,20240504_1_08,20240504_1_08_03,아라모아,0
20240504,20240504_1_08,20240504_1_08_04,피어리스,0
20240504,20240504_1_08,20240504_1_08_06,파인팜,0
20240504,20240504_1_08,20240504_1_08_07,토호스카이,0
20240504,20240504_1_08,20240504_1_08_08,드래곤킹덤,0
20240504,20240504_1_08,20240504_1_08_09,라온더코브라,1
20240504,20240504_1_08,20240504_1_08_10,두손클래식,0
20240504,20240504_1_08,20240504_1_08_11,블루인디,0
20240504,20240504_1_09,20240504_1_09_01,달금,0
20240504,20240504_1_09,20240504_1_09_02,투혼특급,0
20240504,20240504_1_09,20240504_1_09_03,미르포인트,0
20240504,20240504_1_09,20240504_1_09_04,원평타운,0
20240504,20240504_1_09,20240504_1_09_05,마이티짱,1
20240504,20240504_1_09,20240504_1_09_06,라온더맨,0
20240504,20240504_1_09,20240504_1_09_07,티시패밀리,0
20240504,20240504_1_09,20240504_1_09_08,마이티킥,0
20240504,20240504_1_10,20240504_1_10_01,빅야크,0
20240504,20240504_1_10,20240504_1_10_02,에이피파텍,0
20240504,20240504_1_10,20240504_1_10_03,케이엔언더킹,0
20240504,20240504_1_10,20240504_1_10_04,퀵실버키튼,0
20240504,20240504_1_10,20240504_1_10_05,오라칸,1
20240504,20240504_1_10,20240504_1_10_06,원평코드,0
20240504,20240504_1_10,20240504_1_10_07,럭키파워,0
20240504,20240504_1_10,20240504_1_10_08,새파랑,0
20240504,20240504_1_11,20240504_1_11_01,컴플리트타임,0
20240504,20240504_1_11,20240504_1_11_02,서울탱크,0
20240504,20240504_1_11,20240504_1_11_03,플라잉골드,0
20240504,20240504_1_11,20240504_1_11_04,럭셔리캡틴,0
20240504,20240504_1_11,20240504_1_11_05,문학보스,0
20240504,20240504_1_11,20240504_1_11_06,모닝힐,0
20240504,20240504_1_11,20240504_1_11_07,특급대로,0
20240504,20240504_1_11,20240504_1_11_08,매직그레이스,0
20240504,20240504_1_11,20240504_1_11_09,도끼불패,1
20240504,20240504_1_11,20240504_1_11_10,소베라니아,0
20240505,20240505_1_01,20240505_1_01_01,마하여신,0
20240505,20240505_1_01,20240505_1_01_02,세명고스트,0
20240505,20240505_1_01,20240505_1_01_03,피엔에스레이,0
20240505,20240505_1_01,20240505_1_01_04,우아센,1
20240505,20240505_1_01,20240505_1_01_05,티즈더패션,0
20240505,20240505_1_01,20240505_1_01_06,뷰티원더풀,0
20240505,20240505_1_01,20240505_1_01_07,천지마켓,0
20240505,20240505_1_01,20240505_1_01_08,레이디블루,0
20240505,20240505_1_01,20240505_1_01_09,다나은렉스,0
20240505,20240505_1_01,20240505_1_01_10,함평장미,0
20240505,20240505_1_01,20240505_1_01_11,매직사일런스,0
20240505,20240505_1_02,20240505_1_02_01,피엔에스챔프,0
20240505,20240505_1_02,20240505_1_02_02,피엔에스주,0
20240505,20240505_1_02,20240505_1_02_03,나올인디,0
20240505,20240505_1_02,20240505_1_02_04,댄싱강자,1
20240505,20240505_1_02,20240505_1_02_05,턴테이블,0
20240505,20240505_1_02,20240505_1_02_06,이스트퀄리티,0
20240505,20240505_1_02,20240505_1_02_07,갈색도전자,0
20240505,20240505_1_02,20240505_1_02_08,질풍재즈,0
20240505,20240505_1_02,20240505_1_02_09,크로마이트,0
20240505,20240505_1_03,20240505_1_03_01,라온히트맨,0
20240505,20240505_1_03,20240505_1_03_02,흥행불패,0
20240505,20240505_1_03,20240505_1_03_03,넥스트레벨,0
20240505,20240505_1_03,20240505_1_03_04,탱글이,0
20240505,20240505_1_03,20240505_1_03_05,히어로질주,0
20240505,20240505_1_03,20240505_1_03_06,피엔에스날라,0
20240505,20240505_1_03,20240505_1_03_07,음성파워,1
20240505,20240505_1_03,20240505_1_03_08,논스톱열차,0
20240505,20240505_1_03,20240505_1_03_09,매직프린스,0
20240505,20240505_1_03,20240505_1_03_10,이클립스아너,0
20240505,20240505_1_03,20240505_1_03_11,신의블루,0
20240505,20240505_1_04,20240505_1_04_01,빅블레드,0
20240505,20240505_1_04,20240505_1_04_02,유쾌한사랑,0
20240505,20240505_1_04,20240505_1_04_03,포에이스,1
20240505,20240505_1_04,20240505_1_04_04,레전드선,0
20240505,20240505_1_04,20240505_1_04_05,세명레이디,0
20240505,20240505_1_04,20240505_1_04_06,베스트대로,0
20240505,20240505_1_04,20240505_1_04_07,원더풀스위트,0
20240505,20240505_1_04,20240505_1_04_08,그로우,0
20240505,20240505_1_04,20240505_1_04_09,스마트월드,0
20240505,20240505_1_05,20240505_1_05_01,매직스트롱,0
20240505,20240505_1_05,20240505_1_05_02,메니참,0
20240505,20240505_1_05,20240505_1_05_03,스터닝머니,0
20240505,20240505_1_05,20240505_1_05_04,자이언트스텝,1
20240505,20240505_1_05,20240505_1_05_05,베스트토르,0
20240505,20240505_1_05,20240505_1_05_06,유레카,0
20240505,20240505_1_05,20240505_1_05_07,명진불패,0
20240505,20240505_1_05,20240505_1_05_08,에코존,0
20240505,20240505_1_06,20240505_1_06_01,클로버파티,0
20240505,20240505_1_06,20240505_1_06_02,빈체로킹,0
20240505,20240505_1_06,20240505_1_06_03,원스피어,0
20240505,20240505_1_06,20240505_1_06_04,금악진주,0
20240505,20240505_1_06,20240505_1_06_05,다운더존,0
20240505,20240505_1_06,20240505_1_06_06,기쁨환호,0
20240505,20240505_1_06,20240505_1_06_07,우주전쟁,1
20240505,20240505_1_06,20240505_1_06_08,히어로전사,0
20240505,20240505_1_06,20240505_1_06_09,안양쓰나미,0
20240505,20240505_1_07,20240505_1_07_01,원평퀸,0
20240505,20240505_1_07,20240505_1_07_03,황우최강,0
20240505,20240505_1_07,20240505_1_07_04,라스트피치,1
20240505,20240505_1_07,20240505_1_07_05,플라이데이,0
20240505,20240505_1_07,20240505_1_07_06,나노메타,0
20240505,20240505_1_07,20240505_1_07_07,매디슨마운틴,0
20240505,20240505_1_07,20240505_1_07_08,왈가닥,0
20240505,20240505_1_07,20240505_1_07_09,최강나이스,0
20240505,20240505_1_08,20240505_1_08_01,라온더판타,0
20240505,20240505_1_08,20240505_1_08_02,드론킬러,0
20240505,20240505_1_08,20240505_1_08_03,영원빅맨,1
20240505,20240505_1_08,20240505_1_08_04,최고게임,0
20240505,20240505_1_08,20240505_1_08_05,별나라비마,0
20240505,20240505_1_08,20240505_1_08_06,터보삭스,0
20240505,20240505_1_08,20240505_1_08_07,원더풀폭스,0
20240505,20240505_1_08,20240505_1_08_08,뉴돌콩,0
20240505,20240505_1_08,20240505_1_08_09,남산무적,0
20240505,20240505_1_08,20240505_1_08_10,도깨비,0
20240505,20240505_1_08,20240505_1_08_11,마이티큐,0
20240505,20240505_1_09,20240505_1_09_01,컴플리트레벨,1
20240505,20240505_1_09,20240505_1_09_02,마이윈,0
20240505,20240505_1_09,20240505_1_09_03,비제이스톰,0
20240505,20240505_1_09,20240505_1_09_04,베스트타임,0
20240505,20240505_1_09,20240505_1_09_05,글로벌강타,0
20240505,20240505_1_09,20240505_1_09_06,헌터블레이드,0
20240505,20240505_1_09,20240505_1_09_07,논스톱선더,0
20240505,20240505_1_09,20240505_1_09_08,장비무지개,0
20240505,20240505_1_09,20240505_1_09_09,스트롱벌처,0
20240505,20240505_1_09,20240505_1_09_10,선더플래시,0
20240505,20240505_1_09,20240505_1_09_11,매직아워,0
20240505,20240505_1_10,20240505_1_10_01,아르고스마일,0
20240505,20240505_1_10,20240505_1_10_02,아이언삭스,0
20240505,20240505_1_10,20240505_1_10_03,장산몬스터,0
20240505,20240505_1_10,20240505_1_10_04,소울메리트,0
20240505,20240505_1_10,20240505_1_10_05,노던타임,0
20240505,20240505_1_10,20240505_1_10_06,우리,0
20240505,20240505_1_10,20240505_1_10_07,브리가디어제너럴,0
20240505,20240505_1_10,20240505_1_10_08,남산의별,0
20240505,20240505_1_10,20240505_1_10_09,장산레이저,0
20240505,20240505_1_10,20240505_1_10_10,마이티뉴,0
20240505,20240505_1_10,20240505_1_10_11,나올스나이퍼,1
20240511,20240511_1_01,20240511_1_01_01,찬란한날개,0
20240511,20240511_1_01,20240511_1_01_02,사하라시스,1
20240511,20240511_1_01,20240511_1_01_03,피엔에스오오,0
20240511,20240511_1_01,20240511_1_01_04,주얼리패션,0
20240511,20240511_1_01,20240511_1_01_05,대명장,0
20240511,20240511_1_01,20240511_1_01_06,맥스파티,0
20240511,20240511_1_01,20240511_1_01_07,무빙,0
20240511,20240511_1_01,20240511_1_01_08,플라잉글로우,0
20240511,20240511_1_01,20240511_1_01_09,서전트라이트,0
20240511,20240511_1_01,20240511_1_01_10,타이거킹,0
20240511,20240511_1_01,20240511_1_01_11,라온더파르타,0
20240511,20240511_1_02,20240511_1_02_01,스마일골드,0
20240511,20240511_1_02,20240511_1_02_02,코탑,0
20240511,20240511_1_02,20240511_1_02_03,미스콩코드,0
20240511,20240511_1_02,20240511_1_02_04,사하라몽,0
20240511,20240511_1_02,20240511_1_02_05,꿈의향기,0
20240511,20240511_1_02,20240511_1_02_06,삼성여제,0
20240511,20240511_1_02,20240511_1_02_07,포에틱누비,0
20240511,20240511_1_02,20240511_1_02_08,그린콩코드,0
20240511,20240511_1_02,20240511_1_02_09,매직사운드,0
20240511,20240511_1_02,20240511_1_02_10,테스타루비,1
20240511,20240511_1_02,20240511_1_02_11,실버문,0
20240511,20240511_1_03,20240511_1_03_01,마루별,0
20240511,20240511_1_03,20240511_1_03_02,용비천,0
20240511,20240511_1_03,20240511_1_03_03,금성탈환,0
20240511,20240511_1_03,20240511_1_03_04,용기내요그대,0
20240511,20240511_1_03,20240511_1_03_05,골드뭉치,0
20240511,20240511_1_03,20240511_1_03_06,비트영웅,1
20240511,20240511_1_03,20240511_1_03_07,블러드마운틴,0
20240511,20240511_1_03,20240511_1_03_08,오푸스퍼플,0
20240511,20240511_1_03,20240511_1_03_09,코스모킹,0
20240511,20240511_1_04,20240511_1_04_01,클라우터,0
20240511,20240511_1_04,20240511_1_04_02,트라움킹,0
20240511,20240511_1_04,20240511_1_04_03,플라잉제스트,0
20240511,20240511_1_04,20240511_1_04_04,퍼플윙크,0
20240511,20240511_1_04,20240511_1_04_05,배다리쾌검,0
20240511,20240511_1_04,20240511_1_04_06,레이디태풍,1
20240511,20240511_1_04,20240511_1_04_07,정성타이거,0
20240511,20240511_1_04,20240511_1_04_08,벨로테로,0
20240511,20240511_1_05,20240511_1_05_01,아르고공주,0
20240511,20240511_1_05,20240511_1_05_02,히어로퀸,0
20240511,20240511_1_05,20240511_1_05_03,머스퀸플라이,0
20240511,20240511_1_05,20240511_1_05_04,스마트캣,0
20240511,20240511_1_05,20240511_1_05_05,엑설런트탄,0
20240511,20240511_1_05,20240511_1_05_06,은성노을,0
20240511,20240511_1_05,20240511_1_05_07,스마트삭스,0
20240511,20240511_1_05,20240511_1_05_08,슈퍼원,0
20240511,20240511_1_05,20240511_1_05_10,서천라이언,1
20240511,20240511_1_06,20240511_1_06_01,행운바람,0
20240511,20240511_1_06,20240511_1_06_02,장흥클래스,0
20240511,20240511_1_06,20240511_1_06_03,섀도헌터,1
20240511,20240511_1_06,20240511_1_06_04,성실영웅,0
20240511,20240511_1_06,20240511_1_06_05,네모스피릿,0
20240511,20240511_1_06,20240511_1_06_06,오섬브레인,0
20240511,20240511_1_06,20240511_1_06_07,최강현마,0
20240511,20240511_1_06,20240511_1_06_08,누리데이,0
20240511,20240511_1_06,20240511_1_06_09,피엔에스더킹,0
20240511,20240511_1_06,20240511_1_06_10,슈팅리버스,0
20240511,20240511_1_07,20240511_1_07_01,땡큐대천,0
20240511,20240511_1_07,20240511_1_07_02,라온더대세,0
20240511,20240511_1_07,20240511_1_07_04,어서와,0
20240511,20240511_1_07,20240511_1_07_05,짜릿한자유,0
20240511,20240511_1_07,20240511_1_07_06,티즈모닝,1
20240511,20240511_1_07,20240511_1_07_07,올포유어드림,0
20240511,20240511_1_07,20240511_1_07_08,원더풀퍼지,0
20240511,20240511_1_07,20240511_1_07_09,퍼지킹,0
20240511,20240511_1_07,20240511_1_07_10,달맞이,0
20240511,20240511_1_07,20240511_1_07_11,벌교차돌,0
20240511,20240511_1_08,20240511_1_08_01,트로트퀸,0
20240511,20240511_1_08,20240511_1_08_02,더페이버릿,0
20240511,20240511_1_08,20240511_1_08_03,컴플리트럭키,0
20240511,20240511_1_08,20240511_1_08_04,굿카보,1
20240511,20240511_1_08,20240511_1_08_05,런던스카이,0
20240511,20240511_1_08,20240511_1_08_06,콩코드퀸,0
20240511,20240511_1_08,20240511_1_08_07,차돌다이아,0
20240511,20240511_1_08,20240511_1_08_08,스톰브레이커,0
20240511,20240511_1_08,20240511_1_08_09,천마챗,0
20240511,20240511_1_08,20240511_1_08_10,한강질주,0
20240511,20240511_1_08,20240511_1_08_11,그레이스케이,0
20240511,20240511_1_09,20240511_1_09_01,엔딩파이어,0
20240511,20240511_1_09,20240511_1_09_02,두손챔프,0
20240511,20240511_1_09,20240511_1_09_03,빅토리퀸,0
20240511,20240511_1_09,20240511_1_09_04,제다이포스,0
20240511,20240511_1_09,20240511_1_09_05,용비불패,0
20240511,20240511_1_09,20240511_1_09_06,컬트트리플,0
20240511,20240511_1_09,20240511_1_09_07,키스유니버스,0
20240511,20240511_1_09,20240511_1_09_08,드림릿지,1
20240511,20240511_1_09,20240511_1_09_09,미스찰리,0
20240511,20240511_1_10,20240511_1_10_01,아치메모리,0
20240511,20240511_1_10,20240511_1_10_02,티즈에너지,0
20240511,20240511_1_10,20240511_1_10_03,위즈러너,0
20240511,20240511_1_10,20240511_1_10_04,빅토리히트,1
20240511,20240511_1_10,20240511_1_10_05,스카이함성,0
20240511,20240511_1_10,20240511_1_10_06,마이티탭,0
20240511,20240511_1_10,20240511_1_10_07,새로운빛깔,0
20240511,20240511_1_10,20240511_1_10_08,정상킹덤,0
20240511,20240511_1_10,20240511_1_10_09,태양타고,0
20240511,20240511_1_10,20240511_1_10_10,케이엔티즈원,0
20240511,20240511_1_10,20240511_1_10_11,강남불청객,0
20240511,20240511_1_11,20240511_1_11_01,화랑투데이,0
20240511,20240511_1_11,20240511_1_11_02,비트러너,0
20240511,20240511_1_11,20240511_1_11_03,성실인동,0
20240511,20240511_1_11,20240511_1_11_04,지모션,0
20240511,20240511_1_11,20240511_1_11_05,그레이트스톰,0
20240511,20240511_1_11,20240511_1_11_06,모닝프린스,0
20240511,20240511_1_11,20240511_1_11_07,펀크레이지,0
20240511,20240511_1_11,20240511_1_11_08,야호골든캣,0
20240511,20240511_1_11,20240511_1_11_09,컴플리트엔젤,1
20240511,20240511_1_11,20240511_1_11_10,불의신화,0
20240511,20240511_1_11,20240511_1_11_11,만세,0
20240512,20240512_1_01,20240512_1_01_01,플라잉라이언,0
20240512,20240512_1_01,20240512_1_01_02,선갤런트,0
20240512,20240512_1_01,20240512_1_01_03,메티스선더,0
20240512,20240512_1_01,20240512_1_01_04,포세이돈블루,0
20240512,20240512_1_01,20240512_1_01_05,엠케이리,0
20240512,20240512_1_01,20240512_1_01_06,칼리프,0
20240512,20240512_1_01,20240512_1_01_07,베스트위즈,1
20240512,20240512_1_01,20240512_1_01_08,라온더클래머,0
20240512,20240512_1_01,20240512_1_01_09,에버더크라운,0
20240512,20240512_1_02,20240512_1_02_01,신나는질주,0
20240512,20240512_1_02,20240512_1_02_02,천장사,0
20240512,20240512_1_02,20240512_1_02_04,피엔에스카,0
20240512,20240512_1_02,20240512_1_02_05,필승마,0
20240512,20240512_1_02,20240512_1_02_06,클라우드하트,0
20240512,20240512_1_02,20240512_1_02_07,강철드래곤,0
20240512,20240512_1_02,20240512_1_02_08,블랙시대,0
20240512,20240512_1_02,20240512_1_02_09,은성사랑,0
20240512,20240512_1_02,20240512_1_02_10,브라이트퀸,1
20240512,20240512_1_03,20240512_1_03_01,스트렝스,0
20240512,20240512_1_03,20240512_1_03_02,제우시대,0
20240512,20240512_1_03,20240512_1_03_03,원평광야,0
20240512,20240512_1_03,20240512_1_03_04,맥캘란,0
20240512,20240512_1_03,20240512_1_03_05,익스펙트,0
20240512,20240512_1_03,20240512_1_03_06,은혜드림,0
20240512,20240512_1_03,20240512_1_03_07,한강글로리,1
20240512,20240512_1_03,20240512_1_03_08,보스베이비,0
20240512,20240512_1_03,20240512_1_03_09,솔레어,0
20240512,20240512_1_03,20240512_1_03_10,원더풀남촌,0
20240512,20240512_1_04,20240512_1_04_01,송암스카이,0
20240512,20240512_1_04,20240512_1_04_02,예지몽,0
20240512,20240512_1_04,20240512_1_04_03,태평무,0
20240512,20240512_1_04,20240512_1_04_04,케레르,0
20240512,20240512_1_04,20240512_1_04_05,손에손잡고,1
20240512,20240512_1_04,20240512_1_04_06,로열플러스,0
20240512,20240512_1_04,20240512_1_04_07,드림스카이,0
20240512,20240512_1_04,20240512_1_04_08,라온더시대,0
20240512,20240512_1_05,20240512_1_05_01,세이렌,0
20240512,20240512_1_05,20240512_1_05_02,서부챔프,0
20240512,20240512_1_05,20240512_1_05_03,하이본미,0
20240512,20240512_1_05,20240512_1_05_04,용비파워,0
20240512,20240512_1_05,20240512_1_05_05,탑다이아,0
20240512,20240512_1_05,20240512_1_05_06,페더럴킹,0
20240512,20240512_1_05,20240512_1_05_07,에브리참,0
20240512,20240512_1_05,20240512_1_05_08,빅스마트,1
20240512,20240512_1_05,20240512_1_05_09,파워에치드,0
20240512,20240512_1_05,20240512_1_05_10,럭셔리킹,0
20240512,20240512_1_06,20240512_1_06_01,화수분,0
20240512,20240512_1_06,20240512_1_06_02,황금꽃,0
20240512,20240512_1_06,20240512_1_06_03,울트라삭스,0
20240512,20240512_1_06,20240512_1_06_04,아르고무적,0
20240512,20240512_1_06,20240512_1_06_05,클림트월드,0
20240512,20240512_1_06,20240512_1_06_06,라온스프린터,0
20240512,20240512_1_06,20240512_1_06_07,프레시맨,1
20240512,20240512_1_06,20240512_1_06_08,파워팔이영,0
20240512,20240512_1_06,20240512_1_06_09,새내칸,0
20240512,20240512_1_06,20240512_1_06_10,정성팩터,0
20240512,20240512_1_06,20240512_1_06_11,힐링헤이븐,0
20240512,20240512_1_07,20240512_1_07_01,금성맨,0
20240512,20240512_1_07,20240512_1_07_02,바이킹하트,0
20240512,20240512_1_07,20240512_1_07_03,심플스타일,0
20240512,20240512_1_07,20240512_1_07_04,빛나는질주,0
20240512,20240512_1_07,20240512_1_07_05,골든아너,0
20240512,20240512_1_07,20240512_1_07_06,브라운골드,0
20240512,20240512_1_07,20240512_1_07_07,스마트클레어,0
20240512,20240512_1_07,20240512_1_07_08,킹다이아,0
20240512,20240512_1_07,20240512_1_07_09,홀리데이참,0
20240512,20240512_1_07,20240512_1_07_10,불화산,0
20240512,20240512_1_07,20240512_1_07_11,메타블레이드,1
20240512,20240512_1_08,20240512_1_08_01,걸작원,0
20240512,20240512_1_08,20240512_1_08_02,메가드래곤,0
20240512,20240512_1_08,20240512_1_08_03,마이센터,0
20240512,20240512_1_08,20240512_1_08_04,[부산경남]라스트드래곤,0
20240512,20240512_1_08,20240512_1_08_05,은파사랑,1
20240512,20240512_1_08,20240512_1_08_06,[부산경남]플라잉칸,0
20240512,20240512_1_08,20240512_1_08_07,[부산경남]석세스백파,0
20240512,20240512_1_08,20240512_1_08_08,[부산경남]원더풀리어,0
20240512,20240512_1_08,20240512_1_08_09,[부산경남]월드드래곤,0
20240512,20240512_1_08,20240512_1_08_10,라라케이,0
20240512,20240512_1_08,20240512_1_08_11,지구라트,0
20240512,20240512_1_08,20240512_1_08_12,[부산경남]서귀퍼펙트,0
20240512,20240512_1_08,20240512_1_08_13,우마포이,0
20240512,20240512_1_08,20240512_1_08_14,나이스타임,0
20240512,20240512_1_08,20240512_1_08_16,[부산경남]한강클래스,0
20240512,20240512_1_09,20240512_1_09_01,베스트토치,0
20240512,20240512_1_09,20240512_1_09_02,큐피드워리어,0
20240512,20240512_1_09,20240512_1_09_03,미라클한강,0
20240512,20240512_1_09,20240512_1_09_04,골드파워,0
20240512,20240512_1_09,20240512_1_09_05,용비서울,0
20240512,20240512_1_09,20240512_1_09_06,엠제이베스트,0
20240512,20240512_1_09,20240512_1_09_07,밀리언파티,1
20240512,20240512_1_09,20240512_1_09_08,제다이,0
20240512,20240512_1_09,20240512_1_09_09,글로벌선,0
20240512,20240512_1_09,20240512_1_09_10,에이펙스,0
20240512,20240512_1_09,20240512_1_09_11,절대가치,0
20240512,20240512_1_10,20240512_1_10_01,걸작최강,1
20240512,20240512_1_10,20240512_1_10_02,파워빅토리,0
20240512,20240512_1_10,20240512_1_10_03,장산스포,0
20240512,20240512_1_10,20240512_1_10_04,더스파이커,0
20240512,20240512_1_10,20240512_1_10_05,불타는심장,0
20240512,20240512_1_10,20240512_1_10_06,금아파이어리,0
20240512,20240512_1_10,20240512_1_10_07,문학어플리트,0
20240512,20240512_1_10,20240512_1_10_08,배다리왕자,0
20240512,20240512_1_10,20240512_1_10_09,스프링꿈,0
20240512,20240512_1_10,20240512_1_10_10,스피디루키,0
20240518,20240518_1_01,20240518_1_01_01,그랜드라지,0
20240518,20240518_1_01,20240518_1_01_02,영웅자룡,0
20240518,20240518_1_01,20240518_1_01_03,정상히트,0
20240518,20240518_1_01,20240518_1_01_04,팬텀드래곤,0
20240518,20240518_1_01,20240518_1_01_05,원더풀로드,1
20240518,20240518_1_01,20240518_1_01_06,서스테인,0
20240518,20240518_1_01,20240518_1_01_07,맥스라이트닝,0
20240518,20240518_1_01,20240518_1_01_08,스피드히어로,0
20240518,20240518_1_01,20240518_1_01_09,피엔에스레이,0
20240518,20240518_1_01,20240518_1_01_10,새로운가이,0
20240518,20240518_1_01,20240518_1_01_11,큐피드미르,0
20240518,20240518_1_02,20240518_1_02_01,영원하라,0
20240518,20240518_1_02,20240518_1_02_02,베트대로,0
20240518,20240518_1_02,20240518_1_02_03,피엔에스미,0
20240518,20240518_1_02,20240518_1_02_04,이스트라이징,0
20240518,20240518_1_02,20240518_1_02_06,초강불패,0
20240518,20240518_1_02,20240518_1_02_07,어메이징록,0
20240518,20240518_1_02,20240518_1_02_08,엘리트보스,0
20240518,20240518_1_02,20240518_1_02_09,용비퀸,0
20240518,20240518_1_02,20240518_1_02_10,원더풀웰스,1
20240518,20240518_1_02,20240518_1_02_11,브리도매지션,0
20240518,20240518_1_03,20240518_1_03_01,피엔에스날라,0
20240518,20240518_1_03,20240518_1_03_02,엘리트로열,0
20240518,20240518_1_03,20240518_1_03_04,빛의카,1
20240518,20240518_1_03,20240518_1_03_05,황우강자,0
20240518,20240518_1_03,20240518_1_03_08,로열베스트,0
20240518,20240518_1_03,20240518_1_03_09,새내비바,0
20240518,20240518_1_03,20240518_1_03_10,굿선봉,0
20240518,20240518_1_03,20240518_1_03_11,제축이호,0
20240518,20240518_1_04,20240518_1_04_01,스페셜포스,0
20240518,20240518_1_04,20240518_1_04_02,대륜시대,0
20240518,20240518_1_04,20240518_1_04_03,산삼은함양,0
20240518,20240518_1_04,20240518_1_04_04,마이선더,0
20240518,20240518_1_04,20240518_1_04_05,골드베르크,0
20240518,20240518_1_04,20240518_1_04_06,엑설런트마타,0
20240518,20240518_1_04,20240518_1_04_07,강철여걸,1
20240518,20240518_1_04,20240518_1_04_08,콰이어트참,0
20240518,20240518_1_04,20240518_1_04_09,세명레이디,0
20240518,20240518_1_04,20240518_1_04_10,그린비바체,0
20240518,20240518_1_04,20240518_1_04_11,애플퀸,0
20240518,20240518_1_05,20240518_1_05_01,드래곤스퀘어,0
20240518,20240518_1_05,20240518_1_05_02,서머파티,0
20240518,20240518_1_05,20240518_1_05_03,더자이언트,0
20240518,20240518_1_05,20240518_1_05_04,선더갤러퍼,0
20240518,20240518_1_05,20240518_1_05_05,맥스골드,0
20240518,20240518_1_05,20240518_1_05_06,갤럭시삭스,0
20240518,20240518_1_05,20240518_1_05_07,아크로마린,1
20240518,20240518_1_05,20240518_1_05_08,자이언트엠,0
20240518,20240518_1_05,20240518_1_05_09,비트레이서,0
20240518,20240518_1_05,20240518_1_05_10,건곤일척,0
20240518,20240518_1_06,20240518_1_06_01,청파의꿈,0
20240518,20240518_1_06,20240518_1_06_02,나인이글,1
20240518,20240518_1_06,20240518_1_06_03,풍운지마,0
20240518,20240518_1_06,20240518_1_06_04,아마존킹,0
20240518,20240518_1_06,20240518_1_06_05,신의여제,0
20240518,20240518_1_06,20240518_1_06_06,샤인온미,0
20240518,20240518_1_06,20240518_1_06_07,라온시티걸,0
20240518,20240518_1_06,20240518_1_06_08,바람과함께,0
20240518,20240518_1_07,20240518_1_07_01,대물,0
20240518,20240518_1_07,20240518_1_07_02,최강블레이드,0
20240518,20240518_1_07,20240518_1_07_03,베스트천상,1
20240518,20240518_1_07,20240518_1_07_04,마의웨이,0
20240518,20240518_1_07,20240518_1_07_05,디스챌린지,0
20240518,20240518_1_07,20240518_1_07_06,라온더골드,0
20240518,20240518_1_07,20240518_1_07_07,빈체로카발로,0
20240518,20240518_1_07,20240518_1_07_08,싱싱메리,0
20240518,20240518_1_07,20240518_1_07_09,슈퍼피니시,0
20240518,20240518_1_07,20240518_1_07_10,한강보스,0
20240518,20240518_1_07,20240518_1_07_11,신의아들,0
20240518,20240518_1_08,20240518_1_08_01,브라운퀸,0
20240518,20240518_1_08,20240518_1_08_02,텐배거,0
20240518,20240518_1_08,20240518_1_08_03,오키드밸리,0
20240518,20240518_1_08,20240518_1_08_04,슈퍼엑톤,0
20240518,20240518_1_08,20240518_1_08_05,창조의아침,0
20240518,20240518_1_08,20240518_1_08_06,옥천스나이퍼,1
20240518,20240518_1_08,20240518_1_08_07,돌격앞으로,0
20240518,20240518_1_08,20240518_1_08_08,퍼지데이,0
20240518,20240518_1_08,20240518_1_08_09,쏘아라투투,0
20240518,20240518_1_09,20240518_1_09_01,베스트전사,0
20240518,20240518_1_09,20240518_1_09_02,은빛돌풍,0
20240518,20240518_1_09,20240518_1_09_03,매글데이,0
20240518,20240518_1_09,20240518_1_09_04,챌린지삭스,0
20240518,20240518_1_09,20240518_1_09_05,펄포인트,0
20240518,20240518_1_09,20240518_1_09_06,송암레이서,0
20240518,20240518_1_09,20240518_1_09_07,하트케이,0
20240518,20240518_1_09,20240518_1_09_08,바덴바덴,1
20240518,20240518_1_09,20240518_1_09_09,대박스타,0
20240518,20240518_1_09,20240518_1_09_10,참좋은질주,0
20240518,20240518_1_09,20240518_1_09_11,미래타워,0
20240518,20240518_1_10,20240518_1_10_01,뉴킹맨,0
20240518,20240518_1_10,20240518_1_10_02,월드블레임,0
20240518,20240518_1_10,20240518_1_10_03,지르콘,0
20240518,20240518_1_10,20240518_1_10_04,에이스군주,1
20240518,20240518_1_10,20240518_1_10_05,퀸매스터리,0
20240518,20240518_1_10,20240518_1_10_06,페어스카이즈,0
20240518,20240518_1_10,20240518_1_10_07,올룩,0
20240518,20240518_1_10,20240518_1_10_08,태칸,0
20240518,20240518_1_10,20240518_1_10_09,선포레,0
20240518,20240518_1_11,20240518_1_11_01,좋은관계,0
20240518,20240518_1_11,20240518_1_11_02,마이티웰,0
20240518,20240518_1_11,20240518_1_11_03,아침함성,0
20240518,20240518_1_11,20240518_1_11_04,베링맨,0
20240518,20240518_1_11,20240518_1_11_05,글로벌매직,0
20240518,20240518_1_11,20240518_1_11_06,문학드림,0
20240518,20240518_1_11,20240518_1_11_07,탭다운,0
20240518,20240518_1_11,20240518_1_11_08,굿해피,0
20240518,20240518_1_11,20240518_1_11_09,티즈인디,0
20240518,20240518_1_11,20240518_1_11_10,록임팩트,0
20240518,20240518_1_11,20240518_1_11_11,정상에이스,1
20240519,20240519_1_01,20240519_1_01_01,바이롱스타,0
20240519,20240519_1_01,20240519_1_01_02,브라이트카이,0
20240519,20240519_1_01,20240519_1_01_03,스터닝퀸,0
20240519,20240519_1_01,20240519_1_01_04,신풍여걸,0
20240519,20240519_1_01,20240519_1_01_05,메가스텝,0
20240519,20240519_1_01,20240519_1_01_06,컴플리트파티,0
20240519,20240519_1_01,20240519_1_01_07,초코뷰티,0
20240519,20240519_1_01,20240519_1_01_08,히어로골드,0
20240519,20240519_1_01,20240519_1_01_09,장비대운,1
20240519,20240519_1_01,20240519_1_01_10,스마트와이어,0
20240519,20240519_1_01,20240519_1_01_11,너만을위해서,0
20240519,20240519_1_02,20240519_1_02_01,주링스카이,0
20240519,20240519_1_02,20240519_1_02_02,내길의영광,0
20240519,20240519_1_02,20240519_1_02_04,라이트어블루,0
20240519,20240519_1_02,20240519_1_02_05,강철전사,0
20240519,20240519_1_02,20240519_1_02_06,브리도킹스타,0
20240519,20240519_1_02,20240519_1_02_07,볼린,1
20240519,20240519_1_02,20240519_1_02_08,원더풀제트,0
20240519,20240519_1_02,20240519_1_02_09,동키플레이,0
20240519,20240519_1_02,20240519_1_02_10,토호마켓,0
20240519,20240519_1_02,20240519_1_02_11,강철파워,0
20240519,20240519_1_03,20240519_1_03_01,배다리향기,0
20240519,20240519_1_03,20240519_1_03_02,유레카,0
20240519,20240519_1_03,20240519_1_03_03,거센챔프,0
20240519,20240519_1_03,20240519_1_03_04,더선파이터,0
20240519,20240519_1_03,20240519_1_03_05,원평강자,0
20240519,20240519_1_03,20240519_1_03_06,쌍옥루,0
20240519,20240519_1_03,20240519_1_03_07,백룡,0
20240519,20240519_1_03,20240519_1_03_08,테마탄생,0
20240519,20240519_1_03,20240519_1_03_09,골든스나이퍼,0
20240519,20240519_1_03,20240519_1_03_10,우승콩코드,1
20240519,20240519_1_03,20240519_1_03_11,스타러시,0
20240519,20240519_1_04,20240519_1_04_01,멋진기록,0
20240519,20240519_1_04,20240519_1_04_02,씽씽씽,0
20240519,20240519_1_04,20240519_1_04_03,선더스피드,0
20240519,20240519_1_04,20240519_1_04_04,빅에너지,0
20240519,20240519_1_04,20240519_1_04_05,만대로,0
20240519,20240519_1_04,20240519_1_04_06,용암마렝고,1
20240519,20240519_1_04,20240519_1_04_07,탐라최강자,0
20240519,20240519_1_04,20240519_1_04_08,장군별,0
20240519,20240519_1_04,20240519_1_04_09,나올대왕,0
20240519,20240519_1_04,20240519_1_04_10,천은총,0
20240519,20240519_1_04,20240519_1_04_11,마이티봄,0
20240519,20240519_1_05,20240519_1_05_01,바람의검,0
20240519,20240519_1_05,20240519_1_05_02,멋진강호,0
20240519,20240519_1_05,20240519_1_05_03,아가판서스,0
20240519,20240519_1_05,20240519_1_05_04,제이모션,0
20240519,20240519_1_05,20240519_1_05_05,금악스타,0
20240519,20240519_1_05,20240519_1_05_06,성은크라운,0
20240519,20240519_1_05,20240519_1_05_07,레전드케이,0
20240519,20240519_1_05,20240519_1_05_08,한강스카이,0
20240519,20240519_1_05,20240519_1_05_09,코스모런,0
20240519,20240519_1_05,20240519_1_05_10,케이엔포스트,0
20240519,20240519_1_05,20240519_1_05_11,글라디우스,1
20240519,20240519_1_06,20240519_1_06_01,아라챔프,0
20240519,20240519_1_06,20240519_1_06_02,퀵실버키튼,0
20240519,20240519_1_06,20240519_1_06_03,새내파워풀,0
20240519,20240519_1_06,20240519_1_06_04,글로벌파워,0
20240519,20240519_1_06,20240519_1_06_05,톱클래스,0
20240519,20240519_1_06,20240519_1_06_06,킹아너,0
20240519,20240519_1_06,20240519_1_06_07,와일드삭스,0
20240519,20240519_1_06,20240519_1_06_08,제이에스로드,0
20240519,20240519_1_06,20240519_1_06_09,블루레몬,1
20240519,20240519_1_06,20240519_1_06_10,카우보이탱고,0
20240519,20240519_1_07,20240519_1_07_01,로열로드,0
20240519,20240519_1_07,20240519_1_07_02,울트라갤럭시,0
20240519,20240519_1_07,20240519_1_07_03,드래곤스타,0
20240519,20240519_1_07,20240519_1_07_04,럭셔리캡틴,0
20240519,20240519_1_07,20240519_1_07_05,스포블레이드,0
20240519,20240519_1_07,20240519_1_07_06,더블에지,0
20240519,20240519_1_07,20240519_1_07_07,강풍마,1
20240519,20240519_1_07,20240519_1_07_08,파이어파워,0
20240519,20240519_1_07,20240519_1_07_09,금아애크미,0
20240519,20240519_1_07,20240519_1_07_10,럭키선,0
20240519,20240519_1_07,20240519_1_07_11,원더풀데블,0
20240519,20240519_1_07,20240519_1_07_12,새내타운,0
20240519,20240519_1_07,20240519_1_07_13,에이스함성,0
20240519,20240519_1_07,20240519_1_07_14,늘가을,0
20240519,20240519_1_08,20240519_1_08_01,[부산경남]벌교의꿈,0
20240519,20240519_1_08,20240519_1_08_02,라온더포인트,0
20240519,20240519_1_08,20240519_1_08_03,빅스고,0
20240519,20240519_1_08,20240519_1_08_04,울프플레이,0
20240519,20240519_1_08,20240519_1_08_05,레전드데이,0
20240519,20240519_1_08,20240519_1_08_06,[부산경남]벌마의스타,0
20240519,20240519_1_08,20240519_1_08_07,흥록대부,0
20240519,20240519_1_08,20240519_1_08_08,어마어마,0
20240519,20240519_1_08,20240519_1_08_09,[부산경남]대망의길,0
20240519,20240519_1_08,20240519_1_08_10,모르피스,0
20240519,20240519_1_08,20240519_1_08_11,[부산경남]판타스틱킹덤,0
20240519,20240519_1_08,20240519_1_08_12,[부산경남]쏜살,1
20240519,20240519_1_08,20240519_1_08_13,섬싱로스트,0
20240519,20240519_1_08,20240519_1_08_14,최고레이스,0
20240519,20240519_1_08,20240519_1_08_15,컴플리트밸류,0
20240519,20240519_1_08,20240519_1_08_16,라온비트,0
20240519,20240519_1_09,20240519_1_09_01,태평히어로,0
20240519,20240519_1_09,20240519_1_09_02,화씨벽,0
20240519,20240519_1_09,20240519_1_09_03,히어아이엠,0
20240519,20240519_1_09,20240519_1_09_04,선더호스,0
20240519,20240519_1_09,20240519_1_09_05,글로벌메니,0
20240519,20240519_1_09,20240519_1_09_06,컴플리트드림,0
20240519,20240519_1_09,20240519_1_09_07,물레방아,1
20240519,20240519_1_09,20240519_1_09_08,더트서퍼,0
20240519,20240519_1_09,20240519_1_09_09,어나더레벨,0
20240519,20240519_1_10,20240519_1_10_01,시크릿플레이,0
20240519,20240519_1_10,20240519_1_10_02,퓨리오사,0
20240519,20240519_1_10,20240519_1_10_03,강한퀸,0
20240519,20240519_1_10,20240519_1_10_04,아이스스타,0
20240519,20240519_1_10,20240519_1_10_05,원더풀위크,0
20240519,20240519_1_10,20240519_1_10_06,쾌향,1
20240519,20240519_1_10,20240519_1_10_07,리버태양,0
20240519,20240519_1_10,20240519_1_10_08,순간터치,0
20240519,20240519_1_10,20240519_1_10_09,하이러너,0
20240519,20240519_1_10,20240519_1_10_10,블랙초콜릿,0
20240525,20240525_1_01,20240525_1_01_01,파워트라이,0
20240525,20240525_1_01,20240525_1_01_02,여걸비상,0
20240525,20240525_1_01,20240525_1_01_03,티즈더패션,0
20240525,20240525_1_01,20240525_1_01_05,질풍윈,0
20240525,20240525_1_01,20240525_1_01_06,베아트리스,0
20240525,20240525_1_01,20240525_1_01_07,메리트선샤인,0
20240525,20240525_1_01,20240525_1_01_08,울트라히트,0
20240525,20240525_1_01,20240525_1_01_09,러닝아티스트,0
20240525,20240525_1_01,20240525_1_01_10,천적챗,0
20240525,20240525_1_01,20240525_1_01_11,킹오브드래곤,1
20240525,20240525_1_02,20240525_1_02_01,질주천하,0
20240525,20240525_1_02,20240525_1_02_02,신의운명,0
20240525,20240525_1_02,20240525_1_02_03,천지마켓,0
20240525,20240525_1_02,20240525_1_02_04,제라퀸,0
20240525,20240525_1_02,20240525_1_02_05,한강캡틴,0
20240525,20240525_1_02,20240525_1_02_06,강한번개,0
20240525,20240525_1_02,20240525_1_02_07,나이트참,1
20240525,20240525_1_02,20240525_1_02_08,투아레그나인,0
20240525,20240525_1_02,20240525_1_02_09,강철드래곤,0
20240525,20240525_1_02,20240525_1_02_10,피엔에스주,0
20240525,20240525_1_03,20240525_1_03_01,터치참,0
20240525,20240525_1_03,20240525_1_03_02,알사이먼,0
20240525,20240525_1_03,20240525_1_03_04,샤프선샤인,0
20240525,20240525_1_03,20240525_1_03_05,차돌런,0
20240525,20240525_1_03,20240525_1_03_06,함평파이터,0
20240525,20240525_1_03,20240525_1_03_07,플랜비,0
20240525,20240525_1_03,20240525_1_03_08,브라이트위너,0
20240525,20240525_1_03,20240525_1_03_09,아르고공주,1
20240525,20240525_1_03,20240525_1_03_10,신의여인,0
20240525,20240525_1_04,20240525_1_04_01,원더풀섀도우,0
20240525,20240525_1_04,20240525_1_04_02,스마트삭스,1
20240525,20240525_1_04,20240525_1_04_03,리치게이트,0
20240525,20240525_1_04,20240525_1_04_04,큐피드보우,0
20240525,20240525_1_04,20240525_1_04_05,메니스피어,0
20240525,20240525_1_04,20240525_1_04_06,순간의찬스,0
20240525,20240525_1_04,20240525_1_04_07,천구챗,0
20240525,20240525_1_04,20240525_1_04_08,퍼스트슈,0
20240525,20240525_1_04,20240525_1_04_09,그린필스타,0
20240525,20240525_1_04,20240525_1_04_10,청해제일,0
20240525,20240525_1_04,20240525_1_04_11,스트렝스,0
20240525,20240525_1_05,20240525_1_05_01,고스트드래곤,0
20240525,20240525_1_05,20240525_1_05_02,민트플레이,0
20240525,20240525_1_05,20240525_1_05_03,골든라인,0
20240525,20240525_1_05,20240525_1_05_04,라온더클리퍼,0
20240525,20240525_1_05,20240525_1_05_05,레이디코디,0
20240525,20240525_1_05,20240525_1_05_06,걸작으뜸,1
20240525,20240525_1_05,20240525_1_05_07,태평무,0
20240525,20240525_1_05,20240525_1_05_08,스톰가이,0
20240525,20240525_1_05,20240525_1_05_09,모닝볼드,0
20240525,20240525_1_06,20240525_1_06_01,대지의여걸,0
20240525,20240525_1_06,20240525_1_06_02,마파람,1
20240525,20240525_1_06,20240525_1_06_03,호명에이스,0
20240525,20240525_1_06,20240525_1_06_04,메니샤크,0
20240525,20240525_1_06,20240525_1_06_05,피엔에스카,0
20240525,20240525_1_06,20240525_1_06_06,모닝펄,0
20240525,20240525_1_06,20240525_1_06_07,기쁨환호,0
20240525,20240525_1_06,20240525_1_06_08,쇠와꽃,0
20240525,20240525_1_06,20240525_1_06_09,사하라몬드,0
20240525,20240525_1_06,20240525_1_06_10,천지스카이,0
20240525,20240525_1_06,20240525_1_06_11,익스펙트,0
20240525,20240525_1_07,20240525_1_07_01,한강파워,1
20240525,20240525_1_07,20240525_1_07_02,동진불패,0
20240525,20240525_1_07,20240525_1_07_03,히든블레이드,0
20240525,20240525_1_07,20240525_1_07_04,라온엠파이어,0
20240525,20240525_1_07,20240525_1_07_05,브라이트한센,0
20240525,20240525_1_07,20240525_1_07_06,학산마초,0
20240525,20240525_1_07,20240525_1_07_07,나이스태양,0
20240525,20240525_1_07,20240525_1_07_08,터치나인,0
20240525,20240525_1_07,20240525_1_07_09,스틸플레이,0
20240525,20240525_1_07,20240525_1_07_10,원평타운,0
20240525,20240525_1_07,20240525_1_07_11,미스윈스타,0
20240525,20240525_1_08,20240525_1_08_01,마이티쎈,0
20240525,20240525_1_08,20240525_1_08_02,젠틀야라,0
20240525,20240525_1_08,20240525_1_08_03,스위트주스바,0
20240525,20240525_1_08,20240525_1_08_05,성실대로,0
20240525,20240525_1_08,20240525_1_08_06,나이스빅걸,1
20240525,20240525_1_08,20240525_1_08_07,티나케이,0
20240525,20240525_1_08,20240525_1_08_08,금성크라운,0
20240525,20240525_1_08,20240525_1_08_09,파워풀화성,0
20240525,20240525_1_09,20240525_1_09_01,드림아일,0
20240525,20240525_1_09,20240525_1_09_02,신의이름,0
20240525,20240525_1_09,20240525_1_09_03,라온더하이맨,0
20240525,20240525_1_09,20240525_1_09_04,터프맨,0
20240525,20240525_1_09,20240525_1_09_05,매직주니어,0
20240525,20240525_1_09,20240525_1_09_06,은혜,0
20240525,20240525_1_09,20240525_1_09_07,선더드림,0
20240525,20240525_1_09,20240525_1_09_08,영원파이터,0
20240525,20240525_1_09,20240525_1_09_09,영웅부활,1
20240525,20240525_1_09,20240525_1_09_10,이스트점프,0
20240525,20240525_1_09,20240525_1_09_11,옥룡,0
20240525,20240525_1_10,20240525_1_10_01,로열함성,0
20240525,20240525_1_10,20240525_1_10_02,무한아르고,0
20240525,20240525_1_10,20240525_1_10_03,나노마신,0
20240525,20240525_1_10,20240525_1_10_04,논스톱힐,0
20240525,20240525_1_10,20240525_1_10_05,메이킹스토리,0
20240525,20240525_1_10,20240525_1_10_06,럭키파티,1
20240525,20240525_1_10,20240525_1_10_07,우청륭,0
20240525,20240525_1_10,20240525_1_10_08,이스트웨스트,0
20240525,20240525_1_10,20240525_1_10_09,국대파이터,0
20240525,20240525_1_10,20240525_1_10_10,오섬나탈리,0
20240525,20240525_1_11,20240525_1_11_01,그레이캣,0
20240525,20240525_1_11,20240525_1_11_02,파워군주,1
20240525,20240525_1_11,20240525_1_11_03,이다나은,0
20240525,20240525_1_11,20240525_1_11_04,더퀸저스티스,0
20240525,20240525_1_11,20240525_1_11_05,라온더아리아,0
20240525,20240525_1_11,20240525_1_11_06,질주본,0
20240525,20240525_1_11,20240525_1_11_07,럭키월드,0
20240525,20240525_1_11,20240525_1_11_08,머스탱파워,0
20240525,20240525_1_11,20240525_1_11_09,월드참,0
20240525,20240525_1_11,20240525_1_11_10,슈어윈,0
20240525,20240525_1_11,20240525_1_11_11,천둥호랑이,0
20240526,20240526_1_02,20240526_1_02_03,용비천,0
20240526,20240526_1_02,20240526_1_02_05,신의블루,0
20240526,20240526_1_02,20240526_1_02_06,제이와이코코,0
20240526,20240526_1_02,20240526_1_02_07,크로키,0
20240526,20240526_1_02,20240526_1_02_08,넥스트레벨,1
20240526,20240526_1_02,20240526_1_02_09,클레어골드,0
20240526,20240526_1_02,20240526_1_02_10,테스타블루,0
20240526,20240526_1_02,20240526_1_02_11,아놀드퀸,0
20240526,20240526_1_03,20240526_1_03_01,창조의기둥,0
20240526,20240526_1_03,20240526_1_03_02,마루별,0
20240526,20240526_1_03,20240526_1_03_03,멋진최강,0
20240526,20240526_1_03,20240526_1_03_04,캠프데이비드,1
20240526,20240526_1_03,20240526_1_03_05,트롤,0
20240526,20240526_1_03,20240526_1_03_06,런던골드,0
20240526,20240526_1_03,20240526_1_03_07,선갤런트,0
20240526,20240526_1_03,20240526_1_03_08,피엔에스오오,0
20240526,20240526_1_03,20240526_1_03_09,매직프린스,0
20240526,20240526_1_04,20240526_1_04_01,나라올라,1
20240526,20240526_1_04,20240526_1_04_02,안양천둥,0
20240526,20240526_1_04,20240526_1_04_03,헤이마마,0
20240526,20240526_1_04,20240526_1_04_04,원평광야,0
20240526,20240526_1_04,20240526_1_04_05,희망의찬가,0
20240526,20240526_1_04,20240526_1_04_06,포르투나,0
20240526,20240526_1_04,20240526_1_04_07,페더럴킹,0
20240526,20240526_1_04,20240526_1_04_08,토르의망치,0
20240526,20240526_1_05,20240526_1_05_01,오스틴리더,0
20240526,20240526_1_05,20240526_1_05_02,아름다운사이,0
20240526,20240526_1_05,20240526_1_05_03,고스트참,0
20240526,20240526_1_05,20240526_1_05_04,마에스트로,0
20240526,20240526_1_05,20240526_1_05_05,월드킹맨,1
20240526,20240526_1_05,20240526_1_05_06,그로우,0
20240526,20240526_1_05,20240526_1_05_07,인피니트아너,0
20240526,20240526_1_05,20240526_1_05_08,피지블레이드,0
20240526,20240526_1_05,20240526_1_05_09,천마불패,0
20240526,20240526_1_05,20240526_1_05_10,스마트별,0
20240526,20240526_1_05,20240526_1_05_11,매직위드유,0
20240526,20240526_1_06,20240526_1_06_01,퀸톱,0
20240526,20240526_1_06,20240526_1_06_02,그레이찰리,0
20240526,20240526_1_06,20240526_1_06_03,대흥클래스,0
20240526,20240526_1_06,20240526_1_06_04,라온탑플레이,0
20240526,20240526_1_06,20240526_1_06_05,블랙건,0
20240526,20240526_1_06,20240526_1_06_06,영광의월드,1
20240526,20240526_1_06,20240526_1_06_07,검이불루,0
20240526,20240526_1_06,20240526_1_06_08,찬란한폭풍,0
20240526,20240526_1_06,20240526_1_06_09,미스큐피드,0
20240526,20240526_1_07,20240526_1_07_01,아이언삭스,0
20240526,20240526_1_07,20240526_1_07_02,포에버드림,1
20240526,20240526_1_07,20240526_1_07_04,바이스로이,0
20240526,20240526_1_07,20240526_1_07_05,원평가속,0
20240526,20240526_1_07,20240526_1_07_06,새내퀸,0
20240526,20240526_1_07,20240526_1_07_07,코스모,0
20240526,20240526_1_07,20240526_1_07_08,프리맥스,0
20240526,20240526_1_07,20240526_1_07_09,와우와우,0
20240526,20240526_1_07,20240526_1_07_10,몬스터케이,0
20240526,20240526_1_07,20240526_1_07_11,라온자이언트,0
20240526,20240526_1_08,20240526_1_08_01,에펠탑,0
20240526,20240526_1_08,20240526_1_08_02,찬란한날,0
20240526,20240526_1_08,20240526_1_08_03,서니로드,0
20240526,20240526_1_08,20240526_1_08_04,은파조이,0
20240526,20240526_1_08,20240526_1_08_05,금성환희,0
20240526,20240526_1_08,20240526_1_08_06,우루스퀸,1
20240526,20240526_1_08,20240526_1_08_07,광치기,0
20240526,20240526_1_08,20240526_1_08_08,투어퀸,0
20240526,20240526_1_09,20240526_1_09_01,미스터퀄리티,0
20240526,20240526_1_09,20240526_1_09_02,화이트참,0
20240526,20240526_1_09,20240526_1_09_03,위너영,0
20240526,20240526_1_09,20240526_1_09_04,금세다,0
20240526,20240526_1_09,20240526_1_09_05,케이엔라이트,0
20240526,20240526_1_09,20240526_1_09_06,불의날개,0
20240526,20240526_1_09,20240526_1_09_07,원평코드,0
20240526,20240526_1_09,20240526_1_09_08,청산영웅,0
20240526,20240526_1_09,20240526_1_09_09,케이엔스케치,1
20240526,20240526_1_09,20240526_1_09_10,스트롱벌처,0
20240526,20240526_1_09,20240526_1_09_11,그레이스퀸,0
20240526,20240526_1_10,20240526_1_10_01,해피믹스,0
20240526,20240526_1_10,20240526_1_10_02,아르고탑,0
20240526,20240526_1_10,20240526_1_10_03,라온티모스,0
20240526,20240526_1_10,20240526_1_10_04,천행챗,0
20240526,20240526_1_10,20240526_1_10_05,화산귀환,0
20240526,20240526_1_10,20240526_1_10_06,정문파파고,0
20240526,20240526_1_10,20240526_1_10_07,벌교베리타스,1
20240526,20240526_1_10,20240526_1_10_08,태평파이터,0
20240526,20240526_1_10,20240526_1_10_09,천마챗,0
20240601,20240601_1_01,20240601_1_01_01,스카이텐,0
20240601,20240601_1_01,20240601_1_01_02,아임더베스트,0
20240601,20240601_1_01,20240601_1_01_03,원평누리,0
20240601,20240601_1_01,20240601_1_01_04,모쿠슈라,1
20240601,20240601_1_01,20240601_1_01_05,피엔에스미,0
20240601,20240601_1_01,20240601_1_01_06,매직사운드,0
20240601,20240601_1_01,20240601_1_01_07,함평장미,0
20240601,20240601_1_01,20240601_1_01_08,영원포텐,0
20240601,20240601_1_01,20240601_1_01_09,야호슈퍼캣,0
20240601,20240601_1_01,20240601_1_01_10,자존심공주,0
20240601,20240601_1_01,20240601_1_01_11,원더풀패스,0
20240601,20240601_1_02,20240601_1_02_01,오송의별,0
20240601,20240601_1_02,20240601_1_02_02,천장사,1
20240601,20240601_1_02,20240601_1_02_03,카일리,0
20240601,20240601_1_02,20240601_1_02_04,당찬낭보,0
20240601,20240601_1_02,20240601_1_02_05,라온히트맨,0
20240601,20240601_1_02,20240601_1_02_06,비케이벨,0
20240601,20240601_1_02,20240601_1_02_07,어메이징록,0
20240601,20240601_1_02,20240601_1_02_08,스피닝붐,0
20240601,20240601_1_02,20240601_1_02_09,위즈러버,0
20240601,20240601_1_02,20240601_1_02_10,스파클링,0
20240601,20240601_1_02,20240601_1_02_11,프로시드,0
20240601,20240601_1_03,20240601_1_03_01,제로백포,0
20240601,20240601_1_03,20240601_1_03_02,청계기상,0
20240601,20240601_1_03,20240601_1_03_03,스터닝챔프,0
20240601,20240601_1_03,20240601_1_03_04,골드시대,0
20240601,20240601_1_03,20240601_1_03_05,용암세상,1
20240601,20240601_1_03,20240601_1_03_06,선더에이원,0
20240601,20240601_1_03,20240601_1_03_07,댄싱강자,0
20240601,20240601_1_03,20240601_1_03_08,스팔타,0
20240601,20240601_1_04,20240601_1_04_01,히어로퀸,0
20240601,20240601_1_04,20240601_1_04_02,슬램드래곤,1
20240601,20240601_1_04,20240601_1_04_03,용비파워,0
20240601,20240601_1_04,20240601_1_04_04,유레카,0
20240601,20240601_1_04,20240601_1_04_05,질주에바다,0
20240601,20240601_1_04,20240601_1_04_06,글로벌진격,0
20240601,20240601_1_04,20240601_1_04_07,메니참,0
20240601,20240601_1_04,20240601_1_04_08,에코존,0
20240601,20240601_1_04,20240601_1_04_09,빅에너지,0
20240601,20240601_1_05,20240601_1_05_01,원더풀스위트,0
20240601,20240601_1_05,20240601_1_05_02,피엔에스날라,0
20240601,20240601_1_05,20240601_1_05_03,글로벌코디,1
20240601,20240601_1_05,20240601_1_05_04,라파예트,0
20240601,20240601_1_05,20240601_1_05_05,청량산,0
20240601,20240601_1_05,20240601_1_05_06,가나파워,0
20240601,20240601_1_05,20240601_1_05_07,매직스트롱,0
20240601,20240601_1_05,20240601_1_05_08,은파파트너,0
20240601,20240601_1_06,20240601_1_06_01,스프링워터,0
20240601,20240601_1_06,20240601_1_06_02,문학홀리데이,0
20240601,20240601_1_06,20240601_1_06_03,선더블루,0
20240601,20240601_1_06,20240601_1_06_04,예술이야,1
20240601,20240601_1_06,20240601_1_06_05,금세,0
20240601,20240601_1_06,20240601_1_06_06,벨록스보이,0
20240601,20240601_1_06,20240601_1_06_07,파워팔이영,0
20240601,20240601_1_06,20240601_1_06_08,킹칼레,0
20240601,20240601_1_06,20240601_1_06_09,마이티큐,0
20240601,20240601_1_06,20240601_1_06_10,컴플리트하트,0
20240601,20240601_1_06,20240601_1_06_11,별나라비마,0
20240601,20240601_1_07,20240601_1_07_01,토호스카이,0
20240601,20240601_1_07,20240601_1_07_02,아치메모리,0
20240601,20240601_1_07,20240601_1_07_03,이글포인트,0
20240601,20240601_1_07,20240601_1_07_04,퍼펙트건맨,0
20240601,20240601_1_07,20240601_1_07_05,드림플레이,0
20240601,20240601_1_07,20240601_1_07_06,원평퀸,1
20240601,20240601_1_07,20240601_1_07_07,바이킹하트,0
20240601,20240601_1_07,20240601_1_07_08,스페셜힐,0
20240601,20240601_1_08,20240601_1_08_01,원더풀위싱,0
20240601,20240601_1_08,20240601_1_08_02,바주카보이,0
20240601,20240601_1_08,20240601_1_08_03,블러드마운틴,1
20240601,20240601_1_08,20240601_1_08_04,동행퍼스트,0
20240601,20240601_1_08,20240601_1_08_05,음성파워,0
20240601,20240601_1_08,20240601_1_08_06,서울돌풍,0
20240601,20240601_1_08,20240601_1_08_07,정상럭키,0
20240601,20240601_1_08,20240601_1_08_08,바람살,0
20240601,20240601_1_09,20240601_1_09_01,럭키파워,0
20240601,20240601_1_09,20240601_1_09_02,히어로파이터,1
20240601,20240601_1_09,20240601_1_09_03,퀵실버키튼,0
20240601,20240601_1_09,20240601_1_09_04,메디치울프,0
20240601,20240601_1_09,20240601_1_09_05,베링맨,0
20240601,20240601_1_09,20240601_1_09_06,카우보이킹,0
20240601,20240601_1_09,20240601_1_09_07,하이그랜드,0
20240601,20240601_1_09,20240601_1_09_08,점순이고,0
20240601,20240601_1_09,20240601_1_09_09,스피디루키,0
20240601,20240601_1_09,20240601_1_09_10,문학태핏,0
20240601,20240601_1_10,20240601_1_10_01,자이언트킬링,0
20240601,20240601_1_10,20240601_1_10_02,행복한문막,1
20240601,20240601_1_10,20240601_1_10_03,용비서울,0
20240601,20240601_1_10,20240601_1_10_04,하이러너,0
20240601,20240601_1_10,20240601_1_10_05,비제이스톰,0
20240601,20240601_1_10,20240601_1_10_06,골드파워,0
20240601,20240601_1_10,20240601_1_10_07,자이언트펀치,0
20240601,20240601_1_10,20240601_1_10_08,울트라킹,0
20240601,20240601_1_10,20240601_1_10_09,은파챔피언,0
20240601,20240601_1_10,20240601_1_10_10,히어로사랑,0
20240601,20240601_1_10,20240601_1_10_11,아침동자,0
20240601,20240601_1_11,20240601_1_11_01,특급대로,0
20240601,20240601_1_11,20240601_1_11_02,대사리,1
20240601,20240601_1_11,20240601_1_11_04,베스트탑,0
20240601,20240601_1_11,20240601_1_11_05,선더타임,0
20240601,20240601_1_11,20240601_1_11_06,폴인러브,0
20240601,20240601_1_11,20240601_1_11_07,신한특송,0
20240601,20240601_1_11,20240601_1_11_08,파이어걸,0
20240602,20240602_1_01,20240602_1_01_01,성실여걸,0
20240602,20240602_1_01,20240602_1_01_02,최강타임,1
20240602,20240602_1_01,20240602_1_01_03,정성바이스,0
20240602,20240602_1_01,20240602_1_01_04,유수부쟁선,0
20240602,20240602_1_01,20240602_1_01_05,샤인볼트,0
20240602,20240602_1_01,20240602_1_01_06,스터닝서브,0
20240602,20240602_1_01,20240602_1_01_07,유테이크,0
20240602,20240602_1_01,20240602_1_01_08,투에이스,0
20240602,20240602_1_01,20240602_1_01_09,프린스데이,0
20240602,20240602_1_02,20240602_1_02_01,질풍재즈,0
20240602,20240602_1_02,20240602_1_02_02,크레이지창,0
20240602,20240602_1_02,20240602_1_02_03,레이디폭스,0
20240602,20240602_1_02,20240602_1_02_04,이클립스아너,1
20240602,20240602_1_02,20240602_1_02_05,에클레어스타,0
20240602,20240602_1_02,20240602_1_02_06,금성파워,0
20240602,20240602_1_02,20240602_1_02_07,큐피드라이즈,0
20240602,20240602_1_02,20240602_1_02_08,탱글이,0
20240602,20240602_1_02,20240602_1_02_09,머제스틱위너,0
20240602,20240602_1_02,20240602_1_02_10,내추럴사운드,0
20240602,20240602_1_03,20240602_1_03_01,러브카우걸,0
20240602,20240602_1_03,20240602_1_03_02,아치러너,0
20240602,20240602_1_03,20240602_1_03_03,서머파티,0
20240602,20240602_1_03,20240602_1_03_04,우아센,1
20240602,20240602_1_03,20240602_1_03_05,핑크윈드,0
20240602,20240602_1_03,20240602_1_03_06,디아나,0
20240602,20240602_1_03,20240602_1_03_07,휘파람,0
20240602,20240602_1_03,20240602_1_03_08,자이언트포스,0
20240602,20240602_1_03,20240602_1_03_09,금악진주,0
20240602,20240602_1_03,20240602_1_03_10,큐피드시크,0
20240602,20240602_1_04,20240602_1_04_01,월드섀넌스,0
20240602,20240602_1_04,20240602_1_04_02,더페이버릿,0
20240602,20240602_1_04,20240602_1_04_04,우루스칸,0
20240602,20240602_1_04,20240602_1_04_05,시선집중,0
20240602,20240602_1_04,20240602_1_04_06,천마평정,0
20240602,20240602_1_04,20240602_1_04_07,파워풀삭스,0
20240602,20240602_1_04,20240602_1_04_08,올포유어드림,0
20240602,20240602_1_04,20240602_1_04_09,레전드선,0
20240602,20240602_1_04,20240602_1_04_10,스파크선더,1
20240602,20240602_1_04,20240602_1_04_11,히트파워,0
20240602,20240602_1_05,20240602_1_05_01,트로트퀸,0
20240602,20240602_1_05,20240602_1_05_02,마이칸,0
20240602,20240602_1_05,20240602_1_05_03,땡큐대천,0
20240602,20240602_1_05,20240602_1_05_04,피엔에스아이,0
20240602,20240602_1_05,20240602_1_05_05,남산무적,0
20240602,20240602_1_05,20240602_1_05_06,드론킬러,0
20240602,20240602_1_05,20240602_1_05_07,주몽천하,0
20240602,20240602_1_05,20240602_1_05_08,캡틴타임,0
20240602,20240602_1_05,20240602_1_05_09,서울최강자,0
20240602,20240602_1_05,20240602_1_05_10,라온더찰리,1
20240602,20240602_1_06,20240602_1_06_01,스터닝스카이,0
20240602,20240602_1_06,20240602_1_06_02,라온아메리칸,0
20240602,20240602_1_06,20240602_1_06_03,장비무지개,0
20240602,20240602_1_06,20240602_1_06_04,선더플래시,0
20240602,20240602_1_06,20240602_1_06_05,다프네,0
20240602,20240602_1_06,20240602_1_06_06,월드레이서,0
20240602,20240602_1_06,20240602_1_06_07,헌터블레이드,0
20240602,20240602_1_06,20240602_1_06_08,벤칼프린세스,0
20240602,20240602_1_06,20240602_1_06_09,매직아워,1
20240602,20240602_1_06,20240602_1_06_10,논스톱선더,0
20240602,20240602_1_07,20240602_1_07_01,데블케이,0
20240602,20240602_1_07,20240602_1_07_02,천군,0
20240602,20240602_1_07,20240602_1_07_03,티즈에너지,0
20240602,20240602_1_07,20240602_1_07_04,스톰브레이커,1
20240602,20240602_1_07,20240602_1_07_05,홀리데이참,0
20240602,20240602_1_07,20240602_1_07_06,글로벌클래스,0
20240602,20240602_1_07,20240602_1_07_07,빛나는질주,0
20240602,20240602_1_07,20240602_1_07_08,매디슨마운틴,0
20240602,20240602_1_07,20240602_1_07_09,비전파워,0
20240602,20240602_1_08,20240602_1_08_01,승부사,1
20240602,20240602_1_08,20240602_1_08_02,배다리왕자,0
20240602,20240602_1_08,20240602_1_08_03,장산포이즌,0
20240602,20240602_1_08,20240602_1_08_04,타우루스퀸,0
20240602,20240602_1_08,20240602_1_08_05,대완구,0
20240602,20240602_1_08,20240602_1_08_06,모닝힐,0
20240602,20240602_1_08,20240602_1_08_07,금빛마,0
20240602,20240602_1_08,20240602_1_08_08,이스트반,0
20240602,20240602_1_08,20240602_1_08_09,선드래곤,0
20240602,20240602_1_09,20240602_1_09_01,마이티굿,0
20240602,20240602_1_09,20240602_1_09_02,티즈바로우즈,1
20240602,20240602_1_09,20240602_1_09_03,브리가디어제너럴,0
20240602,20240602_1_09,20240602_1_09_04,장산몬스터,0
20240602,20240602_1_09,20240602_1_09_05,마이티뉴,0
20240602,20240602_1_09,20240602_1_09_06,노던타임,0
20240602,20240602_1_09,20240602_1_09_07,소울메리트,0
20240602,20240602_1_09,20240602_1_09_08,나올스나이퍼,0
20240602,20240602_1_09,20240602_1_09_09,우리,0
20240602,20240602_1_09,20240602_1_09_10,치프인디,0
20240602,20240602_1_09,20240602_1_09_11,황금럭키,0
20240608,20240608_1_01,20240608_1_01_01,서전트라이트,0
20240608,20240608_1_01,20240608_1_01_02,선더럭키,0
20240608,20240608_1_01,20240608_1_01_03,엑스팩터,0
20240608,20240608_1_01,20240608_1_01_04,울트라망치,1
20240608,20240608_1_01,20240608_1_01_05,영웅자룡,0
20240608,20240608_1_01,20240608_1_01_06,영원판타스틱,0
20240608,20240608_1_01,20240608_1_01_07,소양강총각,0
20240608,20240608_1_01,20240608_1_01_08,혜원용마,0
20240608,20240608_1_01,20240608_1_01_09,피엔에스오오,0
20240608,20240608_1_01,20240608_1_01_10,뉴그레이삭스,0
20240608,20240608_1_01,20240608_1_01_11,리걸참,0
20240608,20240608_1_02,20240608_1_02_01,오푸스퍼플,0
20240608,20240608_1_02,20240608_1_02_02,투투선더,0
20240608,20240608_1_02,20240608_1_02_03,스피드히어로,0
20240608,20240608_1_02,20240608_1_02_04,강철파워,0
20240608,20240608_1_02,20240608_1_02_05,골드뭉치,1
20240608,20240608_1_02,20240608_1_02_06,글로리참,0
20240608,20240608_1_02,20240608_1_02_07,금성탈환,0
20240608,20240608_1_02,20240608_1_02_08,코스모킹,0
20240608,20240608_1_02,20240608_1_02_09,갈색도전자,0
20240608,20240608_1_02,20240608_1_02_10,용기내요그대,0
20240608,20240608_1_03,20240608_1_03_01,스터닝레이디,0
20240608,20240608_1_03,20240608_1_03_02,송암스카이,0
20240608,20240608_1_03,20240608_1_03_03,케레르,0
20240608,20240608_1_03,20240608_1_03_04,칠산대교,1
20240608,20240608_1_03,20240608_1_03_05,비바청수,0
20240608,20240608_1_03,20240608_1_03_06,글로리앤아너,0
20240608,20240608_1_03,20240608_1_03_07,드림스카이,0
20240608,20240608_1_03,20240608_1_03_08,위대한한마,0
20240608,20240608_1_03,20240608_1_03_09,해피익투스,0
20240608,20240608_1_04,20240608_1_04_01,은성노을,0
20240608,20240608_1_04,20240608_1_04_02,스페이스루비,1
20240608,20240608_1_04,20240608_1_04_03,네이비크롬,0
20240608,20240608_1_04,20240608_1_04_04,피엔에스더킹,0
20240608,20240608_1_04,20240608_1_04_05,골드마이티,0
20240608,20240608_1_04,20240608_1_04_06,하트시그널,0
20240608,20240608_1_04,20240608_1_04_07,성실영웅,0
20240608,20240608_1_04,20240608_1_04_08,베스트토르,0
20240608,20240608_1_05,20240608_1_05_01,꿈의향기,0
20240608,20240608_1_05,20240608_1_05_02,러브오마인,0
20240608,20240608_1_05,20240608_1_05_03,원더풀남촌,0
20240608,20240608_1_05,20240608_1_05_04,히어로전사,0
20240608,20240608_1_05,20240608_1_05_05,제우시대,0
20240608,20240608_1_05,20240608_1_05_06,붉은폭풍,0
20240608,20240608_1_05,20240608_1_05_07,호명에이스,0
20240608,20240608_1_05,20240608_1_05_08,용비수,0
20240608,20240608_1_05,20240608_1_05_09,함평파이터,0
20240608,20240608_1_05,20240608_1_05_10,만대로,1
20240608,20240608_1_05,20240608_1_05_11,멋진기록,0
20240608,20240608_1_06,20240608_1_06_01,솔레어,0
20240608,20240608_1_06,20240608_1_06_02,천은총,0
20240608,20240608_1_06,20240608_1_06_03,차돌런,0
20240608,20240608_1_06,20240608_1_06_04,피엔에스카,0
20240608,20240608_1_06,20240608_1_06_05,스트렝스,0
20240608,20240608_1_06,20240608_1_06_07,하이본미,1
20240608,20240608_1_06,20240608_1_06_08,그로우,0
20240608,20240608_1_06,20240608_1_06_09,슈퍼원,0
20240608,20240608_1_07,20240608_1_07_01,티시패밀리,0
20240608,20240608_1_07,20240608_1_07_02,슈퍼군황,0
20240608,20240608_1_07,20240608_1_07_03,플라이데이,0
20240608,20240608_1_07,20240608_1_07_04,브라운퀸,0
20240608,20240608_1_07,20240608_1_07_05,나이스치타,0
20240608,20240608_1_07,20240608_1_07_06,럭키붐,0
20240608,20240608_1_07,20240608_1_07_07,최고게임,0
20240608,20240608_1_07,20240608_1_07_08,새내파워풀,0
20240608,20240608_1_07,20240608_1_07_09,마이티숀,1
20240608,20240608_1_08,20240608_1_08_01,퀸매스터리,0
20240608,20240608_1_08,20240608_1_08_02,샤인온미,0
20240608,20240608_1_08,20240608_1_08_03,영원빅맨,0
20240608,20240608_1_08,20240608_1_08_04,금빛강호,0
20240608,20240608_1_08,20240608_1_08_05,두손챔프,0
20240608,20240608_1_08,20240608_1_08_06,엑설런트퀸,0
20240608,20240608_1_08,20240608_1_08_07,런던스카이,0
20240608,20240608_1_08,20240608_1_08_09,라온더코브라,1
20240608,20240608_1_08,20240608_1_08_10,도깨비,0
20240608,20240608_1_08,20240608_1_08_11,천마챗,0
20240608,20240608_1_09,20240608_1_09_01,절대가치,1
20240608,20240608_1_09,20240608_1_09_02,라온더위켄드,0
20240608,20240608_1_09,20240608_1_09_03,레이스위너,0
20240608,20240608_1_09,20240608_1_09_04,스프링꿈,0
20240608,20240608_1_09,20240608_1_09_05,우와륭,0
20240608,20240608_1_09,20240608_1_09_06,글로벌선,0
20240608,20240608_1_09,20240608_1_09_07,은혜,0
20240608,20240608_1_09,20240608_1_09_08,마이윈,0
20240608,20240608_1_09,20240608_1_09_09,글로벌강타,0
20240608,20240608_1_09,20240608_1_09_10,유쾌한날들,0
20240608,20240608_1_10,20240608_1_10_01,불화산,0
20240608,20240608_1_10,20240608_1_10_02,케이엔티즈원,0
20240608,20240608_1_10,20240608_1_10_03,바람의검,0
20240608,20240608_1_10,20240608_1_10_04,골든아너,1
20240608,20240608_1_10,20240608_1_10_05,컴플리트리더,0
20240608,20240608_1_10,20240608_1_10_06,오래다함께,0
20240608,20240608_1_10,20240608_1_10_07,히든브레인,0
20240608,20240608_1_10,20240608_1_10_08,성은크라운,0
20240608,20240608_1_11,20240608_1_11_01,에이스함성,0
20240608,20240608_1_11,20240608_1_11_02,스프링킹,0
20240608,20240608_1_11,20240608_1_11_03,서울탱크,0
20240608,20240608_1_11,20240608_1_11_05,컴플리트레벨,1
20240608,20240608_1_11,20240608_1_11_06,라누트,0
20240608,20240608_1_11,20240608_1_11_07,퀴클리런,0
20240608,20240608_1_11,20240608_1_11_08,몬탁챗,0
20240608,20240608_1_11,20240608_1_11_09,소베라니아,0
20240608,20240608_1_11,20240608_1_11_10,탑퀄리티,0
20240609,20240609_1_01,20240609_1_01_01,스케일킹,0
20240609,20240609_1_01,20240609_1_01_02,대물삭스,0
20240609,20240609_1_01,20240609_1_01_03,흥행불패,0
20240609,20240609_1_01,20240609_1_01_04,원더풀테크노,0
20240609,20240609_1_01,20240609_1_01_05,엘리트보스,0
20240609,20240609_1_01,20240609_1_01_06,에버더크라운,0
20240609,20240609_1_01,20240609_1_01_07,행복여전사,0
20240609,20240609_1_01,20240609_1_01_08,퀸아비게일,1
20240609,20240609_1_01,20240609_1_01_09,큐피드미르,0
20240609,20240609_1_01,20240609_1_01_10,금성여제,0
20240609,20240609_1_01,20240609_1_01_11,필승마,0
20240609,20240609_1_02,20240609_1_02_01,선샤인퀸,0
20240609,20240609_1_02,20240609_1_02_02,무빙,0
20240609,20240609_1_02,20240609_1_02_03,라온더클래머,0
20240609,20240609_1_02,20240609_1_02_04,천지마켓,0
20240609,20240609_1_02,20240609_1_02_05,트롤,0
20240609,20240609_1_02,20240609_1_02_06,스마일골드,0
20240609,20240609_1_02,20240609_1_02_07,피엔에스주,0
20240609,20240609_1_02,20240609_1_02_08,엠케이리,1
20240609,20240609_1_02,20240609_1_02_09,섀클보이,0
20240609,20240609_1_02,20240609_1_02_10,피엔에스파,0
20240609,20240609_1_02,20240609_1_02_11,트레비트,0
20240609,20240609_1_03,20240609_1_03_01,맥스파티,0
20240609,20240609_1_03,20240609_1_03_02,블랙시대,0
20240609,20240609_1_03,20240609_1_03_03,내길의영광,0
20240609,20240609_1_03,20240609_1_03_04,라온더파르타,0
20240609,20240609_1_03,20240609_1_03_05,올누트,0
20240609,20240609_1_03,20240609_1_03_06,학산대세,0
20240609,20240609_1_03,20240609_1_03_07,성신천하,0
20240609,20240609_1_03,20240609_1_03_08,블랙스펙터,1
20240609,20240609_1_03,20240609_1_03_09,위드미블루,0
20240609,20240609_1_04,20240609_1_04_01,순간의찬스,0
20240609,20240609_1_04,20240609_1_04_02,파이널고,0
20240609,20240609_1_04,20240609_1_04_03,이에이치코코,0
20240609,20240609_1_04,20240609_1_04_04,아로마,0
20240609,20240609_1_04,20240609_1_04_05,베스트대로,1
20240609,20240609_1_04,20240609_1_04_06,퍼플윙크,0
20240609,20240609_1_04,20240609_1_04_07,마이선더,0
20240609,20240609_1_04,20240609_1_04_08,파티파워,0
20240609,20240609_1_05,20240609_1_05_01,파워에치드,1
20240609,20240609_1_05,20240609_1_05_02,페더럴킹,0
20240609,20240609_1_05,20240609_1_05_03,비트영웅,0
20240609,20240609_1_05,20240609_1_05_04,에브리참,0
20240609,20240609_1_05,20240609_1_05_05,드래곤스퀘어,0
20240609,20240609_1_05,20240609_1_05_06,최강나이스,0
20240609,20240609_1_05,20240609_1_05_07,브라이트퀸,0
20240609,20240609_1_05,20240609_1_05_08,럭셔리킹,0
20240609,20240609_1_06,20240609_1_06_01,행복한승자,0
20240609,20240609_1_06,20240609_1_06_02,스마트삭스,0
20240609,20240609_1_06,20240609_1_06_03,티즈모닝,0
20240609,20240609_1_06,20240609_1_06_04,투혼특급,0
20240609,20240609_1_06,20240609_1_06_05,유니콘히트,1
20240609,20240609_1_06,20240609_1_06_06,아르고공주,0
20240609,20240609_1_06,20240609_1_06_07,두손클래식,0
20240609,20240609_1_06,20240609_1_06_08,섀클포인트,0
20240609,20240609_1_06,20240609_1_06_09,갈색향기,0
20240609,20240609_1_07,20240609_1_07_01,우주전쟁,0
20240609,20240609_1_07,20240609_1_07_02,정우포에버,1
20240609,20240609_1_07,20240609_1_07_03,로키킹덤,0
20240609,20240609_1_07,20240609_1_07_04,세인트루카,0
20240609,20240609_1_07,20240609_1_07_05,피엔에스빌,0
20240609,20240609_1_07,20240609_1_07_06,송암드래건,0
20240609,20240609_1_07,20240609_1_07_07,선더호스,0
20240609,20240609_1_07,20240609_1_07_08,원더풀퍼지,0
20240609,20240609_1_07,20240609_1_07_09,월드블레임,0
20240609,20240609_1_07,20240609_1_07_10,자이언트스텝,0
20240609,20240609_1_08,20240609_1_08_01,[부산경남]뱅뱅뱅,0
20240609,20240609_1_08,20240609_1_08_02,러브문막,0
20240609,20240609_1_08,20240609_1_08_03,이클립스베리,0
20240609,20240609_1_08,20240609_1_08_04,블루레몬,0
20240609,20240609_1_08,20240609_1_08_05,세이렌,1
20240609,20240609_1_08,20240609_1_08_07,[부산경남]글로벌태양,0
20240609,20240609_1_08,20240609_1_08_08,플라잉스타,0
20240609,20240609_1_08,20240609_1_08_09,명진불패,0
20240609,20240609_1_09,20240609_1_09_01,플라잉카라반,0
20240609,20240609_1_09,20240609_1_09_02,텐배거,0
20240609,20240609_1_09,20240609_1_09_03,라온에어포스,0
20240609,20240609_1_09,20240609_1_09_04,바람의향기,1
20240609,20240609_1_09,20240609_1_09_05,우주의봄,0
20240609,20240609_1_09,20240609_1_09_06,걸작드림,0
20240609,20240609_1_09,20240609_1_09_07,원평타운,0
20240609,20240609_1_09,20240609_1_09_08,런던에이스,0
20240609,20240609_1_09,20240609_1_09_09,백두보이,0
20240609,20240609_1_09,20240609_1_09_10,나올영웅,0
20240609,20240609_1_09,20240609_1_09_11,황금꽃,0
20240609,20240609_1_10,20240609_1_10_01,세광파이터,0
20240609,20240609_1_10,20240609_1_10_02,클럽디,0
20240609,20240609_1_10,20240609_1_10_03,케이엔언더킹,0
20240609,20240609_1_10,20240609_1_10_04,금세다,0
20240609,20240609_1_10,20240609_1_10_05,블랙벨트,1
20240609,20240609_1_10,20240609_1_10_06,원더풀케이,0
20240609,20240609_1_10,20240609_1_10_07,모닝프린스,0
20240609,20240609_1_10,20240609_1_10_08,킹에이스,0
20240609,20240609_1_10,20240609_1_10_09,그레이트스톰,0
20240609,20240609_1_10,20240609_1_10_10,펀크레이지,0
20240609,20240609_1_10,20240609_1_10_11,지구라트,0
20240615,20240615_1_01,20240615_1_01_01,한강퍼펙트,0
20240615,20240615_1_01,20240615_1_01_02,케이파워풀,0
20240615,20240615_1_01,20240615_1_01_03,왕최고,0
20240615,20240615_1_01,20240615_1_01_04,비트도깨비,0
20240615,20240615_1_01,20240615_1_01_05,실버레인,0
20240615,20240615_1_01,20240615_1_01_06,한마디말도,0
20240615,20240615_1_01,20240615_1_01_07,브리도트로피,0
20240615,20240615_1_01,20240615_1_01_08,골든메이커,0
20240615,20240615_1_01,20240615_1_01_09,청산질주,0
20240615,20240615_1_01,20240615_1_01_10,천궁스톰,0
20240615,20240615_1_01,20240615_1_01_11,엠지퍼스트,0
20240615,20240615_1_01,20240615_1_01_12,걸작시대,1
20240615,20240615_1_02,20240615_1_02_01,이스트퀄리티,0
20240615,20240615_1_02,20240615_1_02_02,마루별,0
20240615,20240615_1_02,20240615_1_02_03,용비천,0
20240615,20240615_1_02,20240615_1_02_04,유테이크,0
20240615,20240615_1_02,20240615_1_02_05,비케이벨,0
20240615,20240615_1_02,20240615_1_02_06,샤우트쿠로,0
20240615,20240615_1_02,20240615_1_02_07,골드참,0
20240615,20240615_1_02,20240615_1_02_08,캡틴피케이,1
20240615,20240615_1_02,20240615_1_02_09,피엔에스미,0
20240615,20240615_1_02,20240615_1_02_10,레전드탑,0
20240615,20240615_1_02,20240615_1_02_11,아씨장군,0
20240615,20240615_1_03,20240615_1_03_01,플라잉라이언,0
20240615,20240615_1_03,20240615_1_03_02,칼리프,0
20240615,20240615_1_03,20240615_1_03_03,베트대로,0
20240615,20240615_1_03,20240615_1_03_04,토호마켓,0
20240615,20240615_1_03,20240615_1_03_05,주얼리패션,0
20240615,20240615_1_03,20240615_1_03_06,아치로켓,0
20240615,20240615_1_03,20240615_1_03_07,브라이트카이,1
20240615,20240615_1_03,20240615_1_03_08,그린콩코드,0
20240615,20240615_1_03,20240615_1_03_09,상임대표,0
20240615,20240615_1_03,20240615_1_03_10,사하라몽,0
20240615,20240615_1_03,20240615_1_03_11,클라우드하트,0
20240615,20240615_1_04,20240615_1_04_01,원더풀스피릿,0
20240615,20240615_1_04,20240615_1_04_02,트라움킹,0
20240615,20240615_1_04,20240615_1_04_03,대륜시대,0
20240615,20240615_1_04,20240615_1_04_04,나올인디,0
20240615,20240615_1_04,20240615_1_04_05,쌍옥루,0
20240615,20240615_1_04,20240615_1_04_06,손에손잡고,0
20240615,20240615_1_04,20240615_1_04_07,금악다이아,1
20240615,20240615_1_04,20240615_1_04_08,유레카,0
20240615,20240615_1_04,20240615_1_04_09,빈체로킹,0
20240615,20240615_1_04,20240615_1_04_10,예지몽,0
20240615,20240615_1_05,20240615_1_05_02,용비파워,0
20240615,20240615_1_05,20240615_1_05_03,쓸모,0
20240615,20240615_1_05,20240615_1_05_04,더자이언트,1
20240615,20240615_1_05,20240615_1_05_05,탑다이아,0
20240615,20240615_1_05,20240615_1_05_06,스타러시,0
20240615,20240615_1_05,20240615_1_05_07,피엔에스날라,0
20240615,20240615_1_05,20240615_1_05_08,선더갤러퍼,0
20240615,20240615_1_06,20240615_1_06_01,히어로퀸,0
20240615,20240615_1_06,20240615_1_06_02,플라잉제스트,0
20240615,20240615_1_06,20240615_1_06_03,장군마루,0
20240615,20240615_1_06,20240615_1_06_04,부강질주,0
20240615,20240615_1_06,20240615_1_06_05,신의여인,0
20240615,20240615_1_06,20240615_1_06_06,나이트참,1
20240615,20240615_1_06,20240615_1_06_07,큐피드보우,0
20240615,20240615_1_06,20240615_1_06_08,엘리트로열,0
20240615,20240615_1_06,20240615_1_06_09,장흥클래스,0
20240615,20240615_1_06,20240615_1_06_10,세명레이디,0
20240615,20240615_1_07,20240615_1_07_01,더선파이터,1
20240615,20240615_1_07,20240615_1_07_02,트로트퀸,0
20240615,20240615_1_07,20240615_1_07_03,슈퍼엑톤,0
20240615,20240615_1_07,20240615_1_07_04,화수분,0
20240615,20240615_1_07,20240615_1_07_05,터치나인,0
20240615,20240615_1_07,20240615_1_07_06,올포유어드림,0
20240615,20240615_1_07,20240615_1_07_07,불의여왕,0
20240615,20240615_1_07,20240615_1_07_08,달금,0
20240615,20240615_1_07,20240615_1_07_09,피엔에스아이,0
20240615,20240615_1_08,20240615_1_08_01,동진불패,0
20240615,20240615_1_08,20240615_1_08_02,우승콩코드,1
20240615,20240615_1_08,20240615_1_08_03,히어로칸,0
20240615,20240615_1_08,20240615_1_08_04,키스유니버스,0
20240615,20240615_1_08,20240615_1_08_05,돌격앞으로,0
20240615,20240615_1_08,20240615_1_08_06,바람과함께,0
20240615,20240615_1_08,20240615_1_08_07,드림릿지,0
20240615,20240615_1_08,20240615_1_08_08,뉴돌콩,0
20240615,20240615_1_08,20240615_1_08_09,문학송,0
20240615,20240615_1_08,20240615_1_08_10,선포레,0
20240615,20240615_1_08,20240615_1_08_11,아마존킹,0
20240615,20240615_1_09,20240615_1_09_01,청파의꿈,1
20240615,20240615_1_09,20240615_1_09_02,빛의카,0
20240615,20240615_1_09,20240615_1_09_03,문학이글,0
20240615,20240615_1_09,20240615_1_09_04,네모프린스,0
20240615,20240615_1_09,20240615_1_09_05,유니콘킹덤,0
20240615,20240615_1_09,20240615_1_09_06,레전드케이,0
20240615,20240615_1_09,20240615_1_09_07,신의함성,0
20240615,20240615_1_09,20240615_1_09_08,그레이스케이,0
20240615,20240615_1_10,20240615_1_10_01,탭다운,0
20240615,20240615_1_10,20240615_1_10_02,빅토리히트,0
20240615,20240615_1_10,20240615_1_10_03,아침함성,0
20240615,20240615_1_10,20240615_1_10_04,에펠탑,0
20240615,20240615_1_10,20240615_1_10_05,머니크라운,1
20240615,20240615_1_10,20240615_1_10_06,럭키훈,0
20240615,20240615_1_10,20240615_1_10_07,원평코드,0
20240615,20240615_1_10,20240615_1_10_08,굿해피,0
20240615,20240615_1_11,20240615_1_11_01,대사리,0
20240615,20240615_1_11,20240615_1_11_02,그레이캣,0
20240615,20240615_1_11,20240615_1_11_03,럭셔리캡틴,0
20240615,20240615_1_11,20240615_1_11_04,컴플리트타임,0
20240615,20240615_1_11,20240615_1_11_05,디스챌린지,0
20240615,20240615_1_11,20240615_1_11_06,마의웨이,1
20240615,20240615_1_11,20240615_1_11_07,특급대로,0
20240615,20240615_1_11,20240615_1_11_08,대물,0
20240616,20240616_1_01,20240616_1_01_01,순천그레이,0
20240616,20240616_1_01,20240616_1_01_02,새로운가이,0
20240616,20240616_1_01,20240616_1_01_03,코잉,0
20240616,20240616_1_01,20240616_1_01_04,스페셜루비,0
20240616,20240616_1_01,20240616_1_01_05,런와일드,1
20240616,20240616_1_01,20240616_1_01_06,커맨드블루,0
20240616,20240616_1_01,20240616_1_01_07,위드디스쿠로,0
20240616,20240616_1_01,20240616_1_01_08,스카이로열,0
20240616,20240616_1_01,20240616_1_01_09,찬란한날개,0
20240616,20240616_1_01,20240616_1_01_10,희망밴드,0
20240616,20240616_1_01,20240616_1_01_11,멜로디참,0
20240616,20240616_1_02,20240616_1_02_01,빛의순간,0
20240616,20240616_1_02,20240616_1_02_02,스마트노션,0
20240616,20240616_1_02,20240616_1_02_03,피엔에스레이,0
20240616,20240616_1_02,20240616_1_02_04,라온히트맨,0
20240616,20240616_1_02,20240616_1_02_05,카스,1
20240616,20240616_1_02,20240616_1_02_06,한강캡틴,0
20240616,20240616_1_02,20240616_1_02_07,당대초월,0
20240616,20240616_1_02,20240616_1_02_08,주링스카이,0
20240616,20240616_1_02,20240616_1_02_09,영원자이언트,0
20240616,20240616_1_02,20240616_1_02_10,크리솔메이저,0
20240616,20240616_1_02,20240616_1_02_11,미스터파워,0
20240616,20240616_1_03,20240616_1_03_01,벨로테로,0
20240616,20240616_1_03,20240616_1_03_02,빅블레드,0
20240616,20240616_1_03,20240616_1_03_03,뷰티원더풀,0
20240616,20240616_1_03,20240616_1_03_04,송암아치걸,0
20240616,20240616_1_03,20240616_1_03_05,테스타루비,0
20240616,20240616_1_03,20240616_1_03_06,빅브리지,0
20240616,20240616_1_03,20240616_1_03_07,그린비바체,1
20240616,20240616_1_03,20240616_1_03_08,네모스피릿,0
20240616,20240616_1_03,20240616_1_03_09,강철여걸,0
20240616,20240616_1_03,20240616_1_03_10,마하비상,0
20240616,20240616_1_04,20240616_1_04_01,참좋은질주,0
20240616,20240616_1_04,20240616_1_04_02,퍼지킹,0
20240616,20240616_1_04,20240616_1_04_03,매글데이,1
20240616,20240616_1_04,20240616_1_04_04,펄포인트,0
20240616,20240616_1_04,20240616_1_04_05,라온더맨,0
20240616,20240616_1_04,20240616_1_04_06,파이널축제,0
20240616,20240616_1_04,20240616_1_04_07,우청륭,0
20240616,20240616_1_04,20240616_1_04_08,대박스타,0
20240616,20240616_1_04,20240616_1_04_09,용암마렝고,0
20240616,20240616_1_05,20240616_1_05_01,히든블레이드,0
20240616,20240616_1_05,20240616_1_05_02,별나라비마,0
20240616,20240616_1_05,20240616_1_05_03,월드베리언스,0
20240616,20240616_1_05,20240616_1_05_04,우왕륭,0
20240616,20240616_1_05,20240616_1_05_05,울트라삭스,1
20240616,20240616_1_05,20240616_1_05_06,파워팔이영,0
20240616,20240616_1_05,20240616_1_05_07,아르고무적,0
20240616,20240616_1_05,20240616_1_05_08,서천라이언,0
20240616,20240616_1_05,20240616_1_05_09,용비불패,0
20240616,20240616_1_05,20240616_1_05_10,제다이포스,0
20240616,20240616_1_06,20240616_1_06_01,라스트피치,0
20240616,20240616_1_06,20240616_1_06_02,바이킹하트,0
20240616,20240616_1_06,20240616_1_06_03,강남불청객,1
20240616,20240616_1_06,20240616_1_06_04,황우최강,0
20240616,20240616_1_06,20240616_1_06_05,제이모션,0
20240616,20240616_1_06,20240616_1_06_06,짜릿한자유,0
20240616,20240616_1_06,20240616_1_06_07,블루인디,0
20240616,20240616_1_06,20240616_1_06_08,킹다이아,0
20240616,20240616_1_06,20240616_1_06_09,빅스마트,0
20240616,20240616_1_07,20240616_1_07_01,한강스카이,0
20240616,20240616_1_07,20240616_1_07_02,정상킹덤,0
20240616,20240616_1_07,20240616_1_07_03,브라운골드,0
20240616,20240616_1_07,20240616_1_07_04,빛나는질주,0
20240616,20240616_1_07,20240616_1_07_05,심플스타일,0
20240616,20240616_1_07,20240616_1_07_06,홀리데이참,0
20240616,20240616_1_07,20240616_1_07_07,새로운빛깔,0
20240616,20240616_1_07,20240616_1_07_08,젠틀야라,1
20240616,20240616_1_07,20240616_1_07_09,퀵실버키튼,0
20240616,20240616_1_08,20240616_1_08_01,나이스타임,0
20240616,20240616_1_08,20240616_1_08_02,[부산경남]판타스틱필드,0
20240616,20240616_1_08,20240616_1_08_03,[부산경남]닥터킹덤,0
20240616,20240616_1_08,20240616_1_08_04,[부산경남]한강클래스,0
20240616,20240616_1_08,20240616_1_08_05,우마포이,0
20240616,20240616_1_08,20240616_1_08_06,[부산경남]그레이트위너,0
20240616,20240616_1_08,20240616_1_08_07,은파사랑,0
20240616,20240616_1_08,20240616_1_08_08,라라케이,0
20240616,20240616_1_08,20240616_1_08_10,물레방아,0
20240616,20240616_1_08,20240616_1_08_11,[부산경남]원더풀리어,0
20240616,20240616_1_08,20240616_1_08_12,[부산경남]석세스백파,1
20240616,20240616_1_08,20240616_1_08_13,마이센터,0
20240616,20240616_1_08,20240616_1_08_14,글로벌메니,0
20240616,20240616_1_08,20240616_1_08_15,스마트클레어,0
20240616,20240616_1_08,20240616_1_08_16,[부산경남]미러클마린,0
20240616,20240616_1_09,20240616_1_09_01,베스트토치,0
20240616,20240616_1_09,20240616_1_09_02,톱클래스,0
20240616,20240616_1_09,20240616_1_09_03,더스파이커,1
20240616,20240616_1_09,20240616_1_09_04,리버태양,0
20240616,20240616_1_09,20240616_1_09_05,별나라질주,0
20240616,20240616_1_09,20240616_1_09_06,울트라킹,0
20240616,20240616_1_09,20240616_1_09_07,매직주니어,0
20240616,20240616_1_09,20240616_1_09_08,거센반격,0
20240616,20240616_1_10,20240616_1_10_01,블랙초콜릿,0
20240616,20240616_1_10,20240616_1_10_02,에이펙스,0
20240616,20240616_1_10,20240616_1_10_03,제다이,0
20240616,20240616_1_10,20240616_1_10_04,금아얼루어,0
20240616,20240616_1_10,20240616_1_10_05,밀리언파티,1
20240616,20240616_1_10,20240616_1_10_06,베스트타임,0
20240616,20240616_1_10,20240616_1_10_07,콩코드퀸,0
20240616,20240616_1_10,20240616_1_10_08,단디,0
20240616,20240616_1_11,20240616_1_11_01,엠제이베스트,0
20240616,20240616_1_11,20240616_1_11_02,광양으뜸,0
20240616,20240616_1_11,20240616_1_11_03,옥룡,0
20240616,20240616_1_11,20240616_1_11_04,다이아키,0
20240616,20240616_1_11,20240616_1_11_05,금아파이어리,0
20240616,20240616_1_11,20240616_1_11_06,프레시맨,0
20240616,20240616_1_11,20240616_1_11_07,문학드림,0
20240616,20240616_1_11,20240616_1_11_08,원평리스트,1
20240622,20240622_1_01,20240622_1_01_01,호세,0
20240622,20240622_1_01,20240622_1_01_02,폭스트롯,0
20240622,20240622_1_01,20240622_1_01_03,아이엠고,0
20240622,20240622_1_01,20240622_1_01_04,예스마담,0
20240622,20240622_1_01,20240622_1_01_05,브라보하트,0
20240622,20240622_1_01,20240622_1_01_06,대승마,0
20240622,20240622_1_01,20240622_1_01_07,에코월드,0
20240622,20240622_1_01,20240622_1_01_08,안다미로,0
20240622,20240622_1_01,20240622_1_01_09,몬탁선샤인,0
20240622,20240622_1_01,20240622_1_01_10,거센여제,1
20240622,20240622_1_02,20240622_1_02_01,맥스라이트닝,0
20240622,20240622_1_02,20240622_1_02_02,오리온알파,0
20240622,20240622_1_02,20240622_1_02_03,그랜드라지,0
20240622,20240622_1_02,20240622_1_02_04,모던댄스,0
20240622,20240622_1_02,20240622_1_02_05,굿파이터,0
20240622,20240622_1_02,20240622_1_02_06,자존심공주,0
20240622,20240622_1_02,20240622_1_02_07,야호슈퍼캣,0
20240622,20240622_1_02,20240622_1_02_08,실버문,0
20240622,20240622_1_02,20240622_1_02_09,바로다나은,1
20240622,20240622_1_02,20240622_1_02_10,다올챗,0
20240622,20240622_1_02,20240622_1_02_11,이스트라이징,0
20240622,20240622_1_03,20240622_1_03_01,선더여걸,1
20240622,20240622_1_03,20240622_1_03_02,아르고가이,0
20240622,20240622_1_03,20240622_1_03_03,크로마이트,0
20240622,20240622_1_03,20240622_1_03_04,대명장,0
20240622,20240622_1_03,20240622_1_03_05,히어로골드,0
20240622,20240622_1_03,20240622_1_03_06,선샤인퀸,0
20240622,20240622_1_03,20240622_1_03_07,초강불패,0
20240622,20240622_1_03,20240622_1_03_08,이글윙즈,0
20240622,20240622_1_03,20240622_1_03_09,영원하라,0
20240622,20240622_1_03,20240622_1_03_10,질풍재즈,0
20240622,20240622_1_03,20240622_1_03_11,캡처,0
20240622,20240622_1_04,20240622_1_04_01,에버더크라운,0
20240622,20240622_1_04,20240622_1_04_02,강철드래곤,0
20240622,20240622_1_04,20240622_1_04_03,금성탈환,0
20240622,20240622_1_04,20240622_1_04_04,매직프린스,1
20240622,20240622_1_04,20240622_1_04_05,아놀드퀸,0
20240622,20240622_1_04,20240622_1_04_06,신의운명,0
20240622,20240622_1_04,20240622_1_04_07,질주천하,0
20240622,20240622_1_04,20240622_1_04_08,클레어골드,0
20240622,20240622_1_04,20240622_1_04_09,강철부대,0
20240622,20240622_1_05,20240622_1_05_01,나올대왕,0
20240622,20240622_1_05,20240622_1_05_02,쇠와꽃,0
20240622,20240622_1_05,20240622_1_05_03,드림카드,0
20240622,20240622_1_05,20240622_1_05_04,굿선봉,1
20240622,20240622_1_05,20240622_1_05_05,금악명장,0
20240622,20240622_1_05,20240622_1_05_06,컴플리트파티,0
20240622,20240622_1_05,20240622_1_05_07,클라우터,0
20240622,20240622_1_05,20240622_1_05_08,행운바람,0
20240622,20240622_1_05,20240622_1_05_09,오섬브레인,0
20240622,20240622_1_05,20240622_1_05_10,하얀태양,0
20240622,20240622_1_06,20240622_1_06_01,미스터스타,0
20240622,20240622_1_06,20240622_1_06_02,순간의찬스,0
20240622,20240622_1_06,20240622_1_06_03,걸작선,0
20240622,20240622_1_06,20240622_1_06_04,엑설런트탄,0
20240622,20240622_1_06,20240622_1_06_05,마에스트로,0
20240622,20240622_1_06,20240622_1_06_06,장군별,1
20240622,20240622_1_06,20240622_1_06_07,로열베스트,0
20240622,20240622_1_06,20240622_1_06_08,사하라몬드,0
20240622,20240622_1_06,20240622_1_06_09,골든라인,0
20240622,20240622_1_06,20240622_1_06_10,씽씽씽,0
20240622,20240622_1_07,20240622_1_07_01,안양천둥,0
20240622,20240622_1_07,20240622_1_07_02,천마불패,0
20240622,20240622_1_07,20240622_1_07_03,로터스미르,0
20240622,20240622_1_07,20240622_1_07_04,헤이마마,0
20240622,20240622_1_07,20240622_1_07_05,스터닝플래터,0
20240622,20240622_1_07,20240622_1_07_06,드래곤스퀘어,1
20240622,20240622_1_07,20240622_1_07_07,골든스나이퍼,0
20240622,20240622_1_07,20240622_1_07_08,천은총,0
20240622,20240622_1_07,20240622_1_07_09,캠프데이비드,0
20240622,20240622_1_07,20240622_1_07_10,볼린,0
20240622,20240622_1_07,20240622_1_07_11,금성환희,0
20240622,20240622_1_08,20240622_1_08_01,은파조이,0
20240622,20240622_1_08,20240622_1_08_02,이글포인트,0
20240622,20240622_1_08,20240622_1_08_03,금악스타,0
20240622,20240622_1_08,20240622_1_08_04,데블케이,0
20240622,20240622_1_08,20240622_1_08_05,럭키파티,1
20240622,20240622_1_08,20240622_1_08_06,아크로마린,0
20240622,20240622_1_08,20240622_1_08_07,화씨벽,0
20240622,20240622_1_08,20240622_1_08_08,태평히어로,0
20240622,20240622_1_09,20240622_1_09_01,스틸플레이,0
20240622,20240622_1_09,20240622_1_09_02,슈팅리버스,0
20240622,20240622_1_09,20240622_1_09_03,엔딩파이어,0
20240622,20240622_1_09,20240622_1_09_04,지르콘,0
20240622,20240622_1_09,20240622_1_09_05,컴플리트드림,0
20240622,20240622_1_09,20240622_1_09_06,벨록스보이,1
20240622,20240622_1_09,20240622_1_09_07,힐링헤이븐,0
20240622,20240622_1_09,20240622_1_09_08,올룩,0
20240622,20240622_1_09,20240622_1_09_09,하트케이,0
20240622,20240622_1_09,20240622_1_09_10,나이스빅걸,0
20240622,20240622_1_09,20240622_1_09_11,스카이함성,0
20240622,20240622_1_10,20240622_1_10_01,문학스톰,0
20240622,20240622_1_10,20240622_1_10_03,터프맨,0
20240622,20240622_1_10,20240622_1_10_04,장산스포,1
20240622,20240622_1_10,20240622_1_10_05,신의이름,0
20240622,20240622_1_10,20240622_1_10_06,제이에스로드,0
20240622,20240622_1_10,20240622_1_10_08,나인이글,0
20240622,20240622_1_10,20240622_1_10_09,선더드림,0
20240622,20240622_1_10,20240622_1_10_10,큐피드워리어,0
20240622,20240622_1_10,20240622_1_10_11,케이엔골든킹,0
20240622,20240622_1_11,20240622_1_11_01,라온더제트,0
20240622,20240622_1_11,20240622_1_11_02,빈체로카발로,0
20240622,20240622_1_11,20240622_1_11_03,어서말을해,0
20240622,20240622_1_11,20240622_1_11_04,신의아들,0
20240622,20240622_1_11,20240622_1_11_05,한강보스,0
20240622,20240622_1_11,20240622_1_11_06,슈퍼피니시,1
20240622,20240622_1_11,20240622_1_11_07,베스트럭키,0
20240622,20240622_1_11,20240622_1_11_08,라온더퀄리티,0
20240622,20240622_1_11,20240622_1_11_09,장산포이즌,0
20240622,20240622_1_11,20240622_1_11_10,싱싱메리,0
20240623,20240623_1_01,20240623_1_01_01,아치데이,0
20240623,20240623_1_01,20240623_1_01_02,이스트킹스톤,0
20240623,20240623_1_01,20240623_1_01_03,파워트라이,0
20240623,20240623_1_01,20240623_1_01_04,레이디블루,0
20240623,20240623_1_01,20240623_1_01_05,맥스탱고,0
20240623,20240623_1_01,20240623_1_01_06,원더풀제트,1
20240623,20240623_1_01,20240623_1_01_07,달리다굼,0
20240623,20240623_1_01,20240623_1_01_08,하이스트타임,0
20240623,20240623_1_01,20240623_1_01_09,사려니니케,0
20240623,20240623_1_01,20240623_1_01_10,러닝아티스트,0
20240623,20240623_1_01,20240623_1_01_11,삼애번쩍,0
20240623,20240623_1_02,20240623_1_02_01,세명고스트,0
20240623,20240623_1_02,20240623_1_02_02,초코뷰티,0
20240623,20240623_1_02,20240623_1_02_03,플라잉글로우,0
20240623,20240623_1_02,20240623_1_02_04,성신천하,0
20240623,20240623_1_02,20240623_1_02_05,나올정상,0
20240623,20240623_1_02,20240623_1_02_06,으라차차,0
20240623,20240623_1_02,20240623_1_02_07,정상히트,0
20240623,20240623_1_02,20240623_1_02_08,이스트스카이,0
20240623,20240623_1_02,20240623_1_02_09,함평장미,0
20240623,20240623_1_02,20240623_1_02_10,다나은렉스,1
20240623,20240623_1_02,20240623_1_02_11,그루퍼,0
20240623,20240623_1_03,20240623_1_03_01,마이티봄,0
20240623,20240623_1_03,20240623_1_03_02,피엔에스카,0
20240623,20240623_1_03,20240623_1_03_03,골드시대,0
20240623,20240623_1_03,20240623_1_03_04,백룡,0
20240623,20240623_1_03,20240623_1_03_05,차돌런,0
20240623,20240623_1_03,20240623_1_03_06,피엔에스더킹,0
20240623,20240623_1_03,20240623_1_03_07,인피니트아너,0
20240623,20240623_1_03,20240623_1_03_08,핑크윈드,1
20240623,20240623_1_03,20240623_1_03_09,산삼은함양,0
20240623,20240623_1_03,20240623_1_03_10,강서브이,0
20240623,20240623_1_03,20240623_1_03_11,스마트별,0
20240623,20240623_1_04,20240623_1_04_01,퍼스트슈,0
20240623,20240623_1_04,20240623_1_04_02,매직위드유,0
20240623,20240623_1_04,20240623_1_04_03,글로리케이,0
20240623,20240623_1_04,20240623_1_04_04,탐라최강자,0
20240623,20240623_1_04,20240623_1_04_05,천지스카이,0
20240623,20240623_1_04,20240623_1_04_06,투아레그나인,0
20240623,20240623_1_04,20240623_1_04_07,천구챗,0
20240623,20240623_1_04,20240623_1_04_08,애플퀸,1
20240623,20240623_1_04,20240623_1_04_09,그린필스타,0
20240623,20240623_1_04,20240623_1_04_10,다운더존,0
20240623,20240623_1_04,20240623_1_04_11,참좋은인연,0
20240623,20240623_1_05,20240623_1_05_01,뉴질랜드삭스,0
20240623,20240623_1_05,20240623_1_05_02,큐피드시크,0
20240623,20240623_1_05,20240623_1_05_03,원더풀섀도우,0
20240623,20240623_1_05,20240623_1_05_04,크로키,0
20240623,20240623_1_05,20240623_1_05_05,민트플레이,0
20240623,20240623_1_05,20240623_1_05_06,로열플러스,0
20240623,20240623_1_05,20240623_1_05_07,레이디코디,0
20240623,20240623_1_05,20240623_1_05_08,배다리쾌검,0
20240623,20240623_1_05,20240623_1_05_09,원더풀웰스,0
20240623,20240623_1_05,20240623_1_05_10,휘파람,0
20240623,20240623_1_05,20240623_1_05_11,골드베르크,1
20240623,20240623_1_06,20240623_1_06_01,빅토리퀸,0
20240623,20240623_1_06,20240623_1_06_02,문학홀리데이,0
20240623,20240623_1_06,20240623_1_06_03,메니스피어,0
20240623,20240623_1_06,20240623_1_06_04,뉴킹맨,0
20240623,20240623_1_06,20240623_1_06_05,컴플리트럭키,0
20240623,20240623_1_06,20240623_1_06_06,삭스킹,0
20240623,20240623_1_06,20240623_1_06_07,천행챗,0
20240623,20240623_1_06,20240623_1_06_08,쏘아라투투,0
20240623,20240623_1_06,20240623_1_06_10,아르고탑,0
20240623,20240623_1_06,20240623_1_06_11,페어스카이즈,1
20240623,20240623_1_07,20240623_1_07_01,글로벌매직,0
20240623,20240623_1_07,20240623_1_07_02,와일드삭스,0
20240623,20240623_1_07,20240623_1_07_04,마이티탭,0
20240623,20240623_1_07,20240623_1_07_05,그레이스퀸,0
20240623,20240623_1_07,20240623_1_07_06,나이스태양,0
20240623,20240623_1_07,20240623_1_07_07,한강파워,1
20240623,20240623_1_07,20240623_1_07_08,킹아너,0
20240623,20240623_1_07,20240623_1_07_09,바덴바덴,0
20240623,20240623_1_07,20240623_1_07_10,불의신화,0
20240623,20240623_1_07,20240623_1_07_11,에이피파텍,0
20240623,20240623_1_08,20240623_1_08_01,신의여제,0
20240623,20240623_1_08,20240623_1_08_02,포에이스,0
20240623,20240623_1_08,20240623_1_08_03,마이티쎈,0
20240623,20240623_1_08,20240623_1_08_04,파워풀화성,0
20240623,20240623_1_08,20240623_1_08_05,마파람,0
20240623,20240623_1_08,20240623_1_08_06,라온티모스,0
20240623,20240623_1_08,20240623_1_08_07,코스모런,1
20240623,20240623_1_08,20240623_1_08_09,기쁨함성,0
20240623,20240623_1_08,20240623_1_08_10,스마트삭스,0
20240623,20240623_1_08,20240623_1_08_11,알사이먼,0
20240623,20240623_1_09,20240623_1_09_01,드론킬러,0
20240623,20240623_1_09,20240623_1_09_02,트리스탄왕자,0
20240623,20240623_1_09,20240623_1_09_03,어나더레벨,0
20240623,20240623_1_09,20240623_1_09_04,서니로드,1
20240623,20240623_1_09,20240623_1_09_05,퀸톱,0
20240623,20240623_1_09,20240623_1_09_06,월드킹맨,0
20240623,20240623_1_09,20240623_1_09_07,시선집중,0
20240623,20240623_1_09,20240623_1_09_08,선더호스,0
20240623,20240623_1_09,20240623_1_09_09,은빛돌풍,0
20240623,20240623_1_09,20240623_1_09_10,순간터치,0
20240623,20240623_1_10,20240623_1_10_01,남산의별,0
20240623,20240623_1_10,20240623_1_10_02,마이티팝,0
20240623,20240623_1_10,20240623_1_10_03,파크윈,0
20240623,20240623_1_10,20240623_1_10_04,발베니,0
20240623,20240623_1_10,20240623_1_10_05,스카이망치,0
20240623,20240623_1_10,20240623_1_10_06,모닝힐,0
20240623,20240623_1_10,20240623_1_10_07,도끼불패,1
20240623,20240623_1_10,20240623_1_10_08,울프플레이,0
20240623,20240623_1_10,20240623_1_10_09,글로벌보배,0
20240623,20240623_1_10,20240623_1_10_10,장산레이저,0
20240629,20240629_1_01,20240629_1_01_01,아임더베스트,0
20240629,20240629_1_01,20240629_1_01_02,울트라히트,0
20240629,20240629_1_01,20240629_1_01_03,당찬낭보,0
20240629,20240629_1_01,20240629_1_01_04,히어로질주,0
20240629,20240629_1_01,20240629_1_01_05,천지마켓,0
20240629,20240629_1_01,20240629_1_01_06,선더스톰,0
20240629,20240629_1_01,20240629_1_01_07,베아트리스,0
20240629,20240629_1_01,20240629_1_01_08,어메이징스타,1
20240629,20240629_1_01,20240629_1_01_09,제라퀸,0
20240629,20240629_1_02,20240629_1_02_01,어메이징록,1
20240629,20240629_1_02,20240629_1_02_02,내추럴사운드,0
20240629,20240629_1_02,20240629_1_02_03,마루별,0
20240629,20240629_1_02,20240629_1_02_04,선갤런트,0
20240629,20240629_1_02,20240629_1_02_05,골드참,0
20240629,20240629_1_02,20240629_1_02_06,트롤,0
20240629,20240629_1_02,20240629_1_02_07,용기내요그대,0
20240629,20240629_1_02,20240629_1_02_08,탱글이,0
20240629,20240629_1_03,20240629_1_03_01,가나파워,0
20240629,20240629_1_03,20240629_1_03_02,용비퀸,0
20240629,20240629_1_03,20240629_1_03_03,모쿠슈라,0
20240629,20240629_1_03,20240629_1_03_04,은파파트너,0
20240629,20240629_1_03,20240629_1_03_05,피지블레이드,0
20240629,20240629_1_03,20240629_1_03_06,청계기상,0
20240629,20240629_1_03,20240629_1_03_07,디아나,1
20240629,20240629_1_03,20240629_1_03_08,슈퍼원,0
20240629,20240629_1_03,20240629_1_03_09,항구스타,0
20240629,20240629_1_03,20240629_1_03_10,찬이고,0
20240629,20240629_1_03,20240629_1_03_11,고스트드래곤,0
20240629,20240629_1_04,20240629_1_04_01,오푸스퍼플,0
20240629,20240629_1_04,20240629_1_04_02,스피드히어로,0
20240629,20240629_1_04,20240629_1_04_03,라이트어블루,0
20240629,20240629_1_04,20240629_1_04_04,창조의기둥,0
20240629,20240629_1_04,20240629_1_04_05,강철파워,0
20240629,20240629_1_04,20240629_1_04_06,글로리참,0
20240629,20240629_1_04,20240629_1_04_07,스마일골드,1
20240629,20240629_1_04,20240629_1_04_08,피엔에스레이,0
20240629,20240629_1_04,20240629_1_04_09,코스모킹,0
20240629,20240629_1_05,20240629_1_05_01,엑설런트마타,0
20240629,20240629_1_05,20240629_1_05_02,그로우,0
20240629,20240629_1_05,20240629_1_05_03,청해제일,0
20240629,20240629_1_05,20240629_1_05_04,브라이트위너,1
20240629,20240629_1_05,20240629_1_05_05,은성노을,0
20240629,20240629_1_05,20240629_1_05_06,원평광야,0
20240629,20240629_1_05,20240629_1_05_07,채플프린세스,0
20240629,20240629_1_05,20240629_1_05_08,메니참,0
20240629,20240629_1_05,20240629_1_05_09,바람살,0
20240629,20240629_1_06,20240629_1_06_01,스타케이,0
20240629,20240629_1_06,20240629_1_06_02,최강타임,1
20240629,20240629_1_06,20240629_1_06_03,라온더클리퍼,0
20240629,20240629_1_06,20240629_1_06_04,기쁨환호,0
20240629,20240629_1_06,20240629_1_06_05,골든볼,0
20240629,20240629_1_06,20240629_1_06_06,오송의별,0
20240629,20240629_1_06,20240629_1_06_07,해제여걸,0
20240629,20240629_1_06,20240629_1_06_08,새내비바,0
20240629,20240629_1_06,20240629_1_06_09,빅에너지,0
20240629,20240629_1_06,20240629_1_06_10,젤로스,0
20240629,20240629_1_07,20240629_1_07_01,찬란한폭풍,0
20240629,20240629_1_07,20240629_1_07_02,걸작으뜸,0
20240629,20240629_1_07,20240629_1_07_03,챌린지삭스,0
20240629,20240629_1_07,20240629_1_07_04,학산마초,0
20240629,20240629_1_07,20240629_1_07_05,투어퀸,1
20240629,20240629_1_07,20240629_1_07_06,베스트전사,0
20240629,20240629_1_07,20240629_1_07_07,라온더탑,0
20240629,20240629_1_07,20240629_1_07_08,정성타이거,0
20240629,20240629_1_07,20240629_1_07_09,땡큐대천,0
20240629,20240629_1_07,20240629_1_07_10,미르포인트,0
20240629,20240629_1_08,20240629_1_08_01,시크릿왕자,0
20240629,20240629_1_08,20240629_1_08_02,라온탑플레이,0
20240629,20240629_1_08,20240629_1_08_03,주몽천하,0
20240629,20240629_1_08,20240629_1_08_04,더페이버릿,0
20240629,20240629_1_08,20240629_1_08_05,섀도헌터,0
20240629,20240629_1_08,20240629_1_08_06,미스윈스타,0
20240629,20240629_1_08,20240629_1_08_07,엑톤질주,0
20240629,20240629_1_08,20240629_1_08_08,슬램드래곤,0
20240629,20240629_1_08,20240629_1_08_09,자이언트엠,0
20240629,20240629_1_08,20240629_1_08_10,더플레이어,1
20240629,20240629_1_09,20240629_1_09_01,크라운함성,1
20240629,20240629_1_09,20240629_1_09_02,아침동자,0
20240629,20240629_1_09,20240629_1_09_03,비제이스톰,0
20240629,20240629_1_09,20240629_1_09_04,선더플래시,0
20240629,20240629_1_09,20240629_1_09_05,영원파이터,0
20240629,20240629_1_09,20240629_1_09_06,논스톱선더,0
20240629,20240629_1_09,20240629_1_09_07,걸작원,0
20240629,20240629_1_09,20240629_1_09_08,헌터블레이드,0
20240629,20240629_1_09,20240629_1_09_09,강한퀸,0
20240629,20240629_1_09,20240629_1_09_10,케이엔언더킹,0
20240629,20240629_1_10,20240629_1_10_01,스페셜힐,0
20240629,20240629_1_10,20240629_1_10_02,그레이찰리,0
20240629,20240629_1_10,20240629_1_10_03,이스트웨스트,0
20240629,20240629_1_10,20240629_1_10_04,바람의검,0
20240629,20240629_1_10,20240629_1_10_05,정상킹덤,0
20240629,20240629_1_10,20240629_1_10_06,고마나루,0
20240629,20240629_1_10,20240629_1_10_07,나라올라,1
20240629,20240629_1_10,20240629_1_10_08,어서와,0
20240629,20240629_1_10,20240629_1_10_09,황금꽃,0
20240629,20240629_1_10,20240629_1_10_11,매디슨마운틴,0
20240629,20240629_1_11,20240629_1_11_01,블랙벨트,1
20240629,20240629_1_11,20240629_1_11_02,늘가을,0
20240629,20240629_1_11,20240629_1_11_03,금아애크미,0
20240629,20240629_1_11,20240629_1_11_04,드래곤스타,0
20240629,20240629_1_11,20240629_1_11_05,스포블레이드,0
20240629,20240629_1_11,20240629_1_11_06,파이어파워,0
20240629,20240629_1_11,20240629_1_11_07,슈어윈,0
20240629,20240629_1_11,20240629_1_11_08,럭셔리캡틴,0
20240630,20240630_1_01,20240630_1_01_01,캔버스엔고,0
20240630,20240630_1_01,20240630_1_01_02,카일리,0
20240630,20240630_1_01,20240630_1_01_03,대성스타,1
20240630,20240630_1_01,20240630_1_01_04,플라잉레드,0
20240630,20240630_1_01,20240630_1_01_05,금성파워,0
20240630,20240630_1_01,20240630_1_01_06,용암스타,0
20240630,20240630_1_01,20240630_1_01_07,가문파티,0
20240630,20240630_1_01,20240630_1_01_08,피엔에스메이,0
20240630,20240630_1_01,20240630_1_01_09,강한번개,0
20240630,20240630_1_02,20240630_1_02_01,대물삭스,0
20240630,20240630_1_02,20240630_1_02_02,머니터치,0
20240630,20240630_1_02,20240630_1_02_04,레전드탑,0
20240630,20240630_1_02,20240630_1_02_05,히퍼드롬,0
20240630,20240630_1_02,20240630_1_02_06,내길의영광,0
20240630,20240630_1_02,20240630_1_02_07,피엔에스미,0
20240630,20240630_1_02,20240630_1_02_08,에클레어스타,0
20240630,20240630_1_02,20240630_1_02_09,런던골드,0
20240630,20240630_1_02,20240630_1_02_10,대원용마,0
20240630,20240630_1_02,20240630_1_02_11,강철전사,1
20240630,20240630_1_03,20240630_1_03_01,아치러너,0
20240630,20240630_1_03,20240630_1_03_02,오스틴리더,0
20240630,20240630_1_03,20240630_1_03_03,익스펙트,0
20240630,20240630_1_03,20240630_1_03_04,아름다운사이,0
20240630,20240630_1_03,20240630_1_03_05,스트렝스,0
20240630,20240630_1_03,20240630_1_03_06,스톰가이,0
20240630,20240630_1_03,20240630_1_03_07,라파예트,1
20240630,20240630_1_03,20240630_1_03_08,스마트캣,0
20240630,20240630_1_03,20240630_1_03_09,피엔에스날라,0
20240630,20240630_1_03,20240630_1_03_10,유레카,0
20240630,20240630_1_03,20240630_1_03_11,클레어파워,0
20240630,20240630_1_04,20240630_1_04_01,퍼펙트건맨,0
20240630,20240630_1_04,20240630_1_04_02,금성리비어,0
20240630,20240630_1_04,20240630_1_04_03,바주카보이,0
20240630,20240630_1_04,20240630_1_04_04,파워에치드,1
20240630,20240630_1_04,20240630_1_04_05,동행퍼스트,0
20240630,20240630_1_04,20240630_1_04_06,희망의찬가,0
20240630,20240630_1_04,20240630_1_04_08,토르의망치,0
20240630,20240630_1_04,20240630_1_04_09,비트레이서,0
20240630,20240630_1_05,20240630_1_05_01,라온시티걸,0
20240630,20240630_1_05,20240630_1_05_02,정문파파고,0
20240630,20240630_1_05,20240630_1_05_04,선포레,0
20240630,20240630_1_05,20240630_1_05_05,거센진격,0
20240630,20240630_1_05,20240630_1_05_06,창조의아침,0
20240630,20240630_1_05,20240630_1_05_07,퍼지데이,0
20240630,20240630_1_05,20240630_1_05_08,차돌다이아,1
20240630,20240630_1_05,20240630_1_05_09,정성팩터,0
20240630,20240630_1_06,20240630_1_06_01,글라디우스,0
20240630,20240630_1_06,20240630_1_06_02,은혜,0
20240630,20240630_1_06,20240630_1_06_03,마이티짱,0
20240630,20240630_1_06,20240630_1_06_04,좋은관계,0
20240630,20240630_1_06,20240630_1_06_05,에이스군주,1
20240630,20240630_1_06,20240630_1_06_06,문학어플리트,0
20240630,20240630_1_06,20240630_1_06_07,미스터퀄리티,0
20240630,20240630_1_06,20240630_1_06_08,럭키파워,0
20240630,20240630_1_06,20240630_1_06_09,걸작최강,0
20240630,20240630_1_06,20240630_1_06_10,굿니센,0
20240630,20240630_1_07,20240630_1_07_01,만세,0
20240630,20240630_1_07,20240630_1_07_02,케이엔스케치,0
20240630,20240630_1_07,20240630_1_07_03,금세다,1
20240630,20240630_1_07,20240630_1_07_04,우루스퀸,0
20240630,20240630_1_07,20240630_1_07_05,청산영웅,0
20240630,20240630_1_07,20240630_1_07_07,매직아워,0
20240630,20240630_1_07,20240630_1_07_08,비트러너,0
20240630,20240630_1_07,20240630_1_07_09,퓨리오사,0
20240630,20240630_1_08,20240630_1_08_01,새내퀸,0
20240630,20240630_1_08,20240630_1_08_02,아이언삭스,0
20240630,20240630_1_08,20240630_1_08_03,코스모,0
20240630,20240630_1_08,20240630_1_08_04,포에버드림,0
20240630,20240630_1_08,20240630_1_08_05,흥드림,0
20240630,20240630_1_08,20240630_1_08_06,프리맥스,0
20240630,20240630_1_08,20240630_1_08_07,장산클리어,0
20240630,20240630_1_08,20240630_1_08_08,베스트천상,1
20240630,20240630_1_08,20240630_1_08_09,최고레이스,0
20240630,20240630_1_08,20240630_1_08_10,리월마,0
20240630,20240630_1_08,20240630_1_08_11,라온자이언트,0
20240706,20240706_1_01,20240706_1_01_01,태평레전드,0
20240706,20240706_1_01,20240706_1_01_02,오렌지타임,0
20240706,20240706_1_01,20240706_1_01_03,한센스타,1
20240706,20240706_1_01,20240706_1_01_04,큐피드잇,0
20240706,20240706_1_01,20240706_1_01_05,롱런불패,0
20240706,20240706_1_01,20240706_1_01_06,플라잉콩코드,0
20240706,20240706_1_01,20240706_1_01_07,와일드위즈,0
20240706,20240706_1_01,20240706_1_01_08,한센브레이싱,0
20240706,20240706_1_01,20240706_1_01_09,용비태양,0
20240706,20240706_1_01,20240706_1_01_10,천공의섬,0
20240706,20240706_1_01,20240706_1_01_11,원더풀노던,0
20240706,20240706_1_01,20240706_1_01_12,블랙러시안,0
20240706,20240706_1_02,20240706_1_02_01,신의블루,0
20240706,20240706_1_02,20240706_1_02_02,맥스에어리얼,0
20240706,20240706_1_02,20240706_1_02_03,스카이로열,0
20240706,20240706_1_02,20240706_1_02_04,엘리트보스,0
20240706,20240706_1_02,20240706_1_02_05,칸누트,0
20240706,20240706_1_02,20240706_1_02_06,라온더파르타,0
20240706,20240706_1_02,20240706_1_02_07,성실여걸,0
20240706,20240706_1_02,20240706_1_02_08,행복여전사,1
20240706,20240706_1_02,20240706_1_02_09,스카이텐,0
20240706,20240706_1_02,20240706_1_02_10,무빙,0
20240706,20240706_1_02,20240706_1_02_11,원평누리,0
20240706,20240706_1_03,20240706_1_03_01,하트시그널,0
20240706,20240706_1_03,20240706_1_03_02,샤프선샤인,0
20240706,20240706_1_03,20240706_1_03_03,킹오브드래곤,0
20240706,20240706_1_03,20240706_1_03_04,엠케이리,0
20240706,20240706_1_03,20240706_1_03_05,천은총,0
20240706,20240706_1_03,20240706_1_03_06,원더풀남촌,1
20240706,20240706_1_03,20240706_1_03_07,에코존,0
20240706,20240706_1_03,20240706_1_03_08,서부특송,0
20240706,20240706_1_03,20240706_1_03_09,이클립스아너,0
20240706,20240706_1_04,20240706_1_04_01,해피익투스,0
20240706,20240706_1_04,20240706_1_04_02,선더스피드,0
20240706,20240706_1_04,20240706_1_04_03,태평무,0
20240706,20240706_1_04,20240706_1_04_04,울트라망치,0
20240706,20240706_1_04,20240706_1_04_05,원더풀로드,0
20240706,20240706_1_04,20240706_1_04_06,파이널질주,0
20240706,20240706_1_04,20240706_1_04_07,퍼플윙크,1
20240706,20240706_1_04,20240706_1_04_08,메니샤크,0
20240706,20240706_1_04,20240706_1_04_09,제축이호,0
20240706,20240706_1_05,20240706_1_05_01,글로벌코디,0
20240706,20240706_1_05,20240706_1_05_02,히트파워,0
20240706,20240706_1_05,20240706_1_05_03,우주의봄,0
20240706,20240706_1_05,20240706_1_05_04,유니콘킹덤,0
20240706,20240706_1_05,20240706_1_05_05,천마평정,0
20240706,20240706_1_05,20240706_1_05_06,금빛강호,0
20240706,20240706_1_05,20240706_1_05_07,천마챗,0
20240706,20240706_1_05,20240706_1_05_08,화산귀환,1
20240706,20240706_1_05,20240706_1_05_09,예술이야,0
20240706,20240706_1_05,20240706_1_05_10,찬란한불꽃,0
20240706,20240706_1_06,20240706_1_06_01,월드섀넌스,1
20240706,20240706_1_06,20240706_1_06_02,나올영웅,0
20240706,20240706_1_06,20240706_1_06_03,별콩,0
20240706,20240706_1_06,20240706_1_06_04,그랜드실버,0
20240706,20240706_1_06,20240706_1_06_05,우왕륭,0
20240706,20240706_1_06,20240706_1_06_06,터보삭스,0
20240706,20240706_1_06,20240706_1_06_07,라온스프린터,0
20240706,20240706_1_06,20240706_1_06_08,블루밍스타,0
20240706,20240706_1_06,20240706_1_06_09,마이티큐,0
20240706,20240706_1_06,20240706_1_06_10,럭키하눌,0
20240706,20240706_1_07,20240706_1_07_01,원평퀸,0
20240706,20240706_1_07,20240706_1_07_02,올포유어드림,0
20240706,20240706_1_07,20240706_1_07_03,만대로,0
20240706,20240706_1_07,20240706_1_07_04,아치메모리,0
20240706,20240706_1_07,20240706_1_07_05,드림플레이,0
20240706,20240706_1_07,20240706_1_07_06,원더풀퍼지,0
20240706,20240706_1_07,20240706_1_07_07,스마트태양,0
20240706,20240706_1_07,20240706_1_07_08,킹다이아,0
20240706,20240706_1_07,20240706_1_07_10,유니콘히트,1
20240706,20240706_1_08,20240706_1_08_01,월드블레임,0
20240706,20240706_1_08,20240706_1_08_02,새로운빛깔,0
20240706,20240706_1_08,20240706_1_08_03,빛나는질주,0
20240706,20240706_1_08,20240706_1_08_04,로키킹덤,0
20240706,20240706_1_08,20240706_1_08_05,메이킹스토리,1
20240706,20240706_1_08,20240706_1_08_06,로열함성,0
20240706,20240706_1_08,20240706_1_08_07,뉴돌콩,0
20240706,20240706_1_08,20240706_1_08_08,광치기,0
20240706,20240706_1_08,20240706_1_08_09,킹칼레,0
20240706,20240706_1_08,20240706_1_08_10,블러드마운틴,0
20240706,20240706_1_09,20240706_1_09_01,문학태핏,0
20240706,20240706_1_09,20240706_1_09_02,화이트참,0
20240706,20240706_1_09,20240706_1_09_03,업타운위즈,0
20240706,20240706_1_09,20240706_1_09_04,원평코드,0
20240706,20240706_1_09,20240706_1_09_05,베링맨,0
20240706,20240706_1_09,20240706_1_09_06,빅토리히트,0
20240706,20240706_1_09,20240706_1_09_07,히어로파이터,0
20240706,20240706_1_09,20240706_1_09_08,월드레이서,0
20240706,20240706_1_09,20240706_1_09_09,점순이고,1
20240706,20240706_1_09,20240706_1_09_10,스피디루키,0
20240706,20240706_1_10,20240706_1_10_01,영웅부활,1
20240706,20240706_1_10,20240706_1_10_02,컴플리트캡틴,0
20240706,20240706_1_10,20240706_1_10_03,천지광풍,0
20240706,20240706_1_10,20240706_1_10_04,파이어걸,0
20240706,20240706_1_10,20240706_1_10_05,선드래곤,0
20240706,20240706_1_10,20240706_1_10_06,라온더골드,0
20240706,20240706_1_10,20240706_1_10_07,엠제이베스트,0
20240706,20240706_1_10,20240706_1_10_08,럭키월드,0
20240706,20240706_1_10,20240706_1_10_09,이스트반,0
20240707,20240707_1_01,20240707_1_01_01,리걸참,0
20240707,20240707_1_01,20240707_1_01_02,매직사운드,0
20240707,20240707_1_01,20240707_1_01_03,퍼지루비,0
20240707,20240707_1_01,20240707_1_01_04,서전트라이트,0
20240707,20240707_1_01,20240707_1_01_05,캡틴뮤직,0
20240707,20240707_1_01,20240707_1_01_06,유수부쟁선,0
20240707,20240707_1_01,20240707_1_01_07,아치로켓,0
20240707,20240707_1_01,20240707_1_01_08,스터닝퀸,1
20240707,20240707_1_01,20240707_1_01_09,함평장미,0
20240707,20240707_1_01,20240707_1_01_10,유테이크,0
20240707,20240707_1_01,20240707_1_01_11,트리플에이스,0
20240707,20240707_1_02,20240707_1_02_01,영원포텐,0
20240707,20240707_1_02,20240707_1_02_02,원더풀테크노,0
20240707,20240707_1_02,20240707_1_02_03,라온더클래머,0
20240707,20240707_1_02,20240707_1_02_04,한강캡틴,0
20240707,20240707_1_02,20240707_1_02_05,뷰티풀화성,0
20240707,20240707_1_02,20240707_1_02_06,크로마이트,0
20240707,20240707_1_02,20240707_1_02_07,투에이스,0
20240707,20240707_1_02,20240707_1_02_08,영웅자룡,1
20240707,20240707_1_02,20240707_1_02_09,머제스틱위너,0
20240707,20240707_1_02,20240707_1_02_10,포세이돈블루,0
20240707,20240707_1_02,20240707_1_02_11,맥스라이트닝,0
20240707,20240707_1_03,20240707_1_03_01,맥스위크,0
20240707,20240707_1_03,20240707_1_03_02,함평파이터,0
20240707,20240707_1_03,20240707_1_03_03,대륜시대,0
20240707,20240707_1_03,20240707_1_03_04,서머파티,1
20240707,20240707_1_03,20240707_1_03_05,베스트위즈,0
20240707,20240707_1_03,20240707_1_03_06,토네르,0
20240707,20240707_1_03,20240707_1_03_07,천장사,0
20240707,20240707_1_03,20240707_1_03_08,멋진기록,0
20240707,20240707_1_03,20240707_1_03_09,퀸아비게일,0
20240707,20240707_1_03,20240707_1_03_10,세광질주,0
20240707,20240707_1_03,20240707_1_03_11,서부챔프,0
20240707,20240707_1_04,20240707_1_04_01,카미노,0
20240707,20240707_1_04,20240707_1_04_02,피엔에스카,0
20240707,20240707_1_04,20240707_1_04_03,에브리참,0
20240707,20240707_1_04,20240707_1_04_04,자이언트포스,0
20240707,20240707_1_04,20240707_1_04_05,승리공주,0
20240707,20240707_1_04,20240707_1_04_06,하이본미,0
20240707,20240707_1_04,20240707_1_04_07,나올인디,0
20240707,20240707_1_04,20240707_1_04_08,비트영웅,1
20240707,20240707_1_04,20240707_1_04_09,용비파워,0
20240707,20240707_1_04,20240707_1_04_10,골드뭉치,0
20240707,20240707_1_05,20240707_1_05_01,찬란한날,0
20240707,20240707_1_05,20240707_1_05_02,새내파워풀,0
20240707,20240707_1_05,20240707_1_05_03,달금,0
20240707,20240707_1_05,20240707_1_05_04,검이불루,0
20240707,20240707_1_05,20240707_1_05_05,피어리스,0
20240707,20240707_1_05,20240707_1_05_07,우루스칸,0
20240707,20240707_1_05,20240707_1_05_08,스타터,1
20240707,20240707_1_05,20240707_1_05_09,일동박수,0
20240707,20240707_1_05,20240707_1_05_10,라온더대세,0
20240707,20240707_1_05,20240707_1_05_11,토호스카이,0
20240707,20240707_1_06,20240707_1_06_01,원평타운,0
20240707,20240707_1_06,20240707_1_06_02,클림트월드,0
20240707,20240707_1_06,20240707_1_06_03,트로트퀸,0
20240707,20240707_1_06,20240707_1_06_04,글로벌클래스,0
20240707,20240707_1_06,20240707_1_06_05,달맞이,0
20240707,20240707_1_06,20240707_1_06_06,울트라선더,0
20240707,20240707_1_06,20240707_1_06_07,스팔타,1
20240707,20240707_1_06,20240707_1_06_08,신의반전,0
20240707,20240707_1_06,20240707_1_06_09,메니포켓,0
20240707,20240707_1_06,20240707_1_06_10,관악산레오,0
20240707,20240707_1_06,20240707_1_06_11,컴플리트스텝,0
20240707,20240707_1_08,20240707_1_08_01,별나라신사,0
20240707,20240707_1_08,20240707_1_08_02,흥행질주,0
20240707,20240707_1_08,20240707_1_08_03,치프인디,0
20240707,20240707_1_08,20240707_1_08_04,글로벌영웅,0
20240707,20240707_1_08,20240707_1_08_05,마이티뉴,0
20240707,20240707_1_08,20240707_1_08_06,티즈바로우즈,0
20240707,20240707_1_08,20240707_1_08_07,강풍마,0
20240707,20240707_1_08,20240707_1_08_08,황금럭키,0
20240707,20240707_1_08,20240707_1_08_09,우리,0
20240707,20240707_1_08,20240707_1_08_10,히든삭스,0
20240707,20240707_1_08,20240707_1_08_11,나올스나이퍼,1
20240713,20240713_1_01,20240713_1_01_01,위너스퀸,0
20240713,20240713_1_01,20240713_1_01_02,고스트게일,0
20240713,20240713_1_01,20240713_1_01_03,한강패션드,0
20240713,20240713_1_01,20240713_1_01_04,호세,0
20240713,20240713_1_01,20240713_1_01_05,대승마,0
20240713,20240713_1_01,20240713_1_01_06,아이엠고,0
20240713,20240713_1_01,20240713_1_01_07,미스도르티,1
20240713,20240713_1_01,20240713_1_01_08,폭스트롯,0
20240713,20240713_1_01,20240713_1_01_09,안양기쁨,0
20240713,20240713_1_01,20240713_1_01_10,옥천윈스타,0
20240713,20240713_1_02,20240713_1_02_02,스피닝칸트,0
20240713,20240713_1_02,20240713_1_02_03,드림아너,0
20240713,20240713_1_02,20240713_1_02_04,천둥라이언,0
20240713,20240713_1_02,20240713_1_02_05,미라클하남,1
20240713,20240713_1_02,20240713_1_02_06,블레이밍워,0
20240713,20240713_1_02,20240713_1_02_07,슈퍼선더,0
20240713,20240713_1_02,20240713_1_02_08,글로리시티,0
20240713,20240713_1_02,20240713_1_02_09,어퓨어굿우먼,0
20240713,20240713_1_02,20240713_1_02_10,히어로삭스,0
20240713,20240713_1_03,20240713_1_03_01,메타,0
20240713,20240713_1_03,20240713_1_03_03,자존심공주,0
20240713,20240713_1_03,20240713_1_03_04,엠지퍼스트,0
20240713,20240713_1_03,20240713_1_03_05,새로운가이,0
20240713,20240713_1_03,20240713_1_03_06,팬텀드래곤,1
20240713,20240713_1_03,20240713_1_03_07,달리다굼,0
20240713,20240713_1_03,20240713_1_03_08,순라이크,0
20240713,20240713_1_03,20240713_1_03_09,인디에이스,0
20240713,20240713_1_03,20240713_1_03_10,히어로나라,0
20240713,20240713_1_03,20240713_1_03_11,샤이닝참,0
20240713,20240713_1_04,20240713_1_04_01,스파클링,0
20240713,20240713_1_04,20240713_1_04_02,메리트선샤인,0
20240713,20240713_1_04,20240713_1_04_03,샤인볼트,1
20240713,20240713_1_04,20240713_1_04_04,질풍재즈,0
20240713,20240713_1_04,20240713_1_04_05,굿파이터,0
20240713,20240713_1_04,20240713_1_04_06,스터닝서브,0
20240713,20240713_1_04,20240713_1_04_07,사하라몽,0
20240713,20240713_1_04,20240713_1_04_08,맥스파티,0
20240713,20240713_1_05,20240713_1_05_01,상임대표,0
20240713,20240713_1_05,20240713_1_05_02,강철부대,0
20240713,20240713_1_05,20240713_1_05_03,라온히트맨,0
20240713,20240713_1_05,20240713_1_05_04,클라우드하트,0
20240713,20240713_1_05,20240713_1_05_05,큐피드라이즈,0
20240713,20240713_1_05,20240713_1_05_06,마루별,0
20240713,20240713_1_05,20240713_1_05_07,매직임팩트,0
20240713,20240713_1_05,20240713_1_05_08,성신천하,1
20240713,20240713_1_05,20240713_1_05_09,엑스팩터,0
20240713,20240713_1_05,20240713_1_05_10,피엔에스미,0
20240713,20240713_1_05,20240713_1_05_11,영원판타스틱,0
20240713,20240713_1_06,20240713_1_06_01,원평광야,0
20240713,20240713_1_06,20240713_1_06_02,파사루봉,0
20240713,20240713_1_06,20240713_1_06_03,신의여인,0
20240713,20240713_1_06,20240713_1_06_04,탑다이아,0
20240713,20240713_1_06,20240713_1_06_05,쌍옥루,0
20240713,20240713_1_06,20240713_1_06_06,세명레이디,0
20240713,20240713_1_06,20240713_1_06_07,블랙스펙터,1
20240713,20240713_1_06,20240713_1_06_08,성실영웅,0
20240713,20240713_1_06,20240713_1_06_09,꿈의향기,0
20240713,20240713_1_06,20240713_1_06_10,보스베이비,0
20240713,20240713_1_07,20240713_1_07_01,아치러너,0
20240713,20240713_1_07,20240713_1_07_02,스터닝레이디,1
20240713,20240713_1_07,20240713_1_07_03,장흥클래스,0
20240713,20240713_1_07,20240713_1_07_04,원더풀스피릿,0
20240713,20240713_1_07,20240713_1_07_05,트라움킹,0
20240713,20240713_1_07,20240713_1_07_06,솔레어,0
20240713,20240713_1_07,20240713_1_07_07,내길의리더,0
20240713,20240713_1_07,20240713_1_07_08,차돌런,0
20240713,20240713_1_08,20240713_1_08_01,드림릿지,0
20240713,20240713_1_08,20240713_1_08_02,스포르차,0
20240713,20240713_1_08,20240713_1_08_03,베스트클론,0
20240713,20240713_1_08,20240713_1_08_04,라온에어포스,0
20240713,20240713_1_08,20240713_1_08_05,락시,0
20240713,20240713_1_08,20240713_1_08_06,도깨비,0
20240713,20240713_1_08,20240713_1_08_07,문학홀리데이,0
20240713,20240713_1_08,20240713_1_08_08,용비불패,0
20240713,20240713_1_08,20240713_1_08_09,파워팔이영,0
20240713,20240713_1_08,20240713_1_08_10,트라움퀸,1
20240713,20240713_1_08,20240713_1_08_11,산본쓰나미,0
20240713,20240713_1_09,20240713_1_09_01,섀클포인트,0
20240713,20240713_1_09,20240713_1_09_02,바이킹하트,0
20240713,20240713_1_09,20240713_1_09_03,메니원더풀,0
20240713,20240713_1_09,20240713_1_09_04,남산무적,0
20240713,20240713_1_09,20240713_1_09_05,자이언트스텝,1
20240713,20240713_1_09,20240713_1_09_06,송암드래건,0
20240713,20240713_1_09,20240713_1_09_07,짜릿한자유,0
20240713,20240713_1_09,20240713_1_09_08,파워풀삭스,0
20240713,20240713_1_09,20240713_1_09_09,세인트루카,0
20240713,20240713_1_09,20240713_1_09_10,퍼지킹,0
20240713,20240713_1_10,20240713_1_10_01,나이스치타,0
20240713,20240713_1_10,20240713_1_10_02,하이그랜드,1
20240713,20240713_1_10,20240713_1_10_03,펀크레이지,0
20240713,20240713_1_10,20240713_1_10_04,스터닝스카이,0
20240713,20240713_1_10,20240713_1_10_05,리버태양,0
20240713,20240713_1_10,20240713_1_10_06,메가드래곤,0
20240713,20240713_1_10,20240713_1_10_07,장비무지개,0
20240713,20240713_1_10,20240713_1_10_08,굿해피,0
20240713,20240713_1_10,20240713_1_10_09,케이엔골든킹,0
20240713,20240713_1_10,20240713_1_10_10,옥룡,0
20240714,20240714_1_01,20240714_1_01_01,정성바이스,0
20240714,20240714_1_01,20240714_1_01_02,한강퍼펙트,1
20240714,20240714_1_01,20240714_1_01_03,크레이지샤,0
20240714,20240714_1_01,20240714_1_01_04,디바페스티벌,0
20240714,20240714_1_01,20240714_1_01_05,스마트노션,0
20240714,20240714_1_01,20240714_1_01_06,리걸라희,0
20240714,20240714_1_01,20240714_1_01_07,피엔에스메이,0
20240714,20240714_1_01,20240714_1_01_08,다이아룩,0
20240714,20240714_1_01,20240714_1_01_09,다올챗,0
20240714,20240714_1_01,20240714_1_01_10,골든잭팟,0
20240714,20240714_1_01,20240714_1_01_11,그루퍼,0
20240714,20240714_1_02,20240714_1_02_01,코잉,0
20240714,20240714_1_02,20240714_1_02_02,스케일킹,0
20240714,20240714_1_02,20240714_1_02_03,질주천하,0
20240714,20240714_1_02,20240714_1_02_04,히어로챔프,0
20240714,20240714_1_02,20240714_1_02_05,필승마,0
20240714,20240714_1_02,20240714_1_02_06,흥행불패,1
20240714,20240714_1_02,20240714_1_02_07,금성여제,0
20240714,20240714_1_02,20240714_1_02_08,포에틱누비,0
20240714,20240714_1_02,20240714_1_02_09,투투선더,0
20240714,20240714_1_03,20240714_1_03_01,부강질주,0
20240714,20240714_1_03,20240714_1_03_02,벨로테로,0
20240714,20240714_1_03,20240714_1_03_03,프린스데이,0
20240714,20240714_1_03,20240714_1_03_04,강한누리,0
20240714,20240714_1_03,20240714_1_03_05,유레카,0
20240714,20240714_1_03,20240714_1_03_06,투혼기상,0
20240714,20240714_1_03,20240714_1_03_07,스마트월드,0
20240714,20240714_1_03,20240714_1_03_08,퍼플신화,0
20240714,20240714_1_03,20240714_1_03_09,드림스카이,0
20240714,20240714_1_03,20240714_1_03_10,은파파트너,0
20240714,20240714_1_03,20240714_1_03_11,케레르,1
20240714,20240714_1_04,20240714_1_04_01,피닉스클래스,0
20240714,20240714_1_04,20240714_1_04_02,로열베스트,0
20240714,20240714_1_04,20240714_1_04_03,쇠와꽃,0
20240714,20240714_1_04,20240714_1_04_04,걸작시대,0
20240714,20240714_1_04,20240714_1_04_05,원평축제,0
20240714,20240714_1_04,20240714_1_04_06,선더에이원,1
20240714,20240714_1_04,20240714_1_04_07,골드시대,0
20240714,20240714_1_04,20240714_1_04_08,스터닝챔프,0
20240714,20240714_1_05,20240714_1_05_01,마하비상,0
20240714,20240714_1_05,20240714_1_05_02,페더럴킹,0
20240714,20240714_1_05,20240714_1_05_03,더자이언트,1
20240714,20240714_1_05,20240714_1_05_04,스타러시,0
20240714,20240714_1_05,20240714_1_05_05,최강나이스,0
20240714,20240714_1_05,20240714_1_05_06,히어로퀸,0
20240714,20240714_1_05,20240714_1_05_07,퍼펙트건맨,0
20240714,20240714_1_05,20240714_1_05_08,헤이마마,0
20240714,20240714_1_06,20240714_1_06_01,플라잉카라반,1
20240714,20240714_1_06,20240714_1_06_02,두손클래식,0
20240714,20240714_1_06,20240714_1_06_03,슈퍼엑톤,0
20240714,20240714_1_06,20240714_1_06_04,퀸오브베스트,0
20240714,20240714_1_06,20240714_1_06_05,선더호스,0
20240714,20240714_1_06,20240714_1_06_06,우아센,0
20240714,20240714_1_06,20240714_1_06_07,대박스타,0
20240714,20240714_1_06,20240714_1_06_08,투혼특급,0
20240714,20240714_1_06,20240714_1_06_09,서울최강자,0
20240714,20240714_1_07,20240714_1_07_01,캡틴타임,0
20240714,20240714_1_07,20240714_1_07_02,히든블레이드,0
20240714,20240714_1_07,20240714_1_07_04,태평파이터,0
20240714,20240714_1_07,20240714_1_07_05,베스트대로,0
20240714,20240714_1_07,20240714_1_07_06,비야리카,0
20240714,20240714_1_07,20240714_1_07_07,아르고무적,0
20240714,20240714_1_07,20240714_1_07_08,화수분,0
20240714,20240714_1_07,20240714_1_07_09,라온엠파이어,0
20240714,20240714_1_07,20240714_1_07_10,미래타워,0
20240714,20240714_1_07,20240714_1_07_11,국대파이터,1
20240714,20240714_1_08,20240714_1_08_01,스프링꿈,0
20240714,20240714_1_08,20240714_1_08_02,유쾌한날들,0
20240714,20240714_1_08,20240714_1_08_03,광양으뜸,0
20240714,20240714_1_08,20240714_1_08_04,글로벌강타,0
20240714,20240714_1_08,20240714_1_08_05,벌교베리타스,0
20240714,20240714_1_08,20240714_1_08_06,별나라질주,0
20240714,20240714_1_08,20240714_1_08_07,라온더코브라,0
20240714,20240714_1_08,20240714_1_08_08,우와륭,0
20240714,20240714_1_08,20240714_1_08_09,용비서울,0
20240714,20240714_1_08,20240714_1_08_10,브라이트한센,1
20240714,20240714_1_08,20240714_1_08_11,마이윈,0
20240714,20240714_1_09,20240714_1_09_01,블루인디,0
20240714,20240714_1_09,20240714_1_09_02,천군,0
20240714,20240714_1_09,20240714_1_09_03,비전파워,0
20240714,20240714_1_09,20240714_1_09_04,불화산,0
20240714,20240714_1_09,20240714_1_09_05,홀리데이참,1
20240714,20240714_1_09,20240714_1_09_06,티즈모닝,0
20240714,20240714_1_09,20240714_1_09_07,케이엔티즈원,0
20240714,20240714_1_09,20240714_1_09_08,슈퍼군황,0
20240714,20240714_1_09,20240714_1_09_09,브라운퀸,0
20240714,20240714_1_09,20240714_1_09_10,젠틀야라,0
20240714,20240714_1_09,20240714_1_09_11,울트라드래곤,0
20240720,20240720_1_01,20240720_1_01_01,드래곤케이,0
20240720,20240720_1_01,20240720_1_01_02,벌교디와이,0
20240720,20240720_1_01,20240720_1_01_03,금아포모스트,0
20240720,20240720_1_01,20240720_1_01_04,프루프,0
20240720,20240720_1_01,20240720_1_01_05,글로벌함성,0
20240720,20240720_1_01,20240720_1_01_06,큐피드월드,0
20240720,20240720_1_01,20240720_1_01_07,리얼딜,1
20240720,20240720_1_01,20240720_1_01_08,투어펠릭스,0
20240720,20240720_1_01,20240720_1_01_09,스플렌디드,0
20240720,20240720_1_01,20240720_1_01_10,모어댄조크,0
20240720,20240720_1_01,20240720_1_01_11,황금마스크,0
20240720,20240720_1_02,20240720_1_02_01,스마트와이어,0
20240720,20240720_1_02,20240720_1_02_02,에클레어스타,1
20240720,20240720_1_02,20240720_1_02_03,베트대로,0
20240720,20240720_1_02,20240720_1_02_04,마루장군,0
20240720,20240720_1_02,20240720_1_02_05,크리솔메이저,0
20240720,20240720_1_02,20240720_1_02_06,초코뷰티,0
20240720,20240720_1_02,20240720_1_02_07,희망밴드,0
20240720,20240720_1_02,20240720_1_02_08,질풍윈,0
20240720,20240720_1_02,20240720_1_02_09,러닝아티스트,0
20240720,20240720_1_02,20240720_1_02_10,왕최고,0
20240720,20240720_1_03,20240720_1_03_01,다운더존,1
20240720,20240720_1_03,20240720_1_03_02,청량산,0
20240720,20240720_1_03,20240720_1_03_03,로열플러스,0
20240720,20240720_1_03,20240720_1_03_04,장군마루,0
20240720,20240720_1_03,20240720_1_03_05,원더풀시킹,0
20240720,20240720_1_03,20240720_1_03_06,에덴의동쪽,0
20240720,20240720_1_03,20240720_1_03_07,인피니트아너,0
20240720,20240720_1_03,20240720_1_03_08,대륜시대,0
20240720,20240720_1_03,20240720_1_03_09,빅브리지,0
20240720,20240720_1_04,20240720_1_04_01,베스트토르,0
20240720,20240720_1_04,20240720_1_04_02,원더풀웰스,0
20240720,20240720_1_04,20240720_1_04_03,은성노을,0
20240720,20240720_1_04,20240720_1_04_04,붉은폭풍,0
20240720,20240720_1_04,20240720_1_04_05,네모스피릿,0
20240720,20240720_1_04,20240720_1_04_06,파티파워,0
20240720,20240720_1_04,20240720_1_04_07,천마불패,0
20240720,20240720_1_04,20240720_1_04_08,글로벌진격,0
20240720,20240720_1_04,20240720_1_04_09,금악명장,1
20240720,20240720_1_04,20240720_1_04_10,명성축제,0
20240720,20240720_1_05,20240720_1_05_01,글로리앤아너,0
20240720,20240720_1_05,20240720_1_05_02,걸작선,0
20240720,20240720_1_05,20240720_1_05_03,고스트드래곤,0
20240720,20240720_1_05,20240720_1_05_04,뷰티원더풀,0
20240720,20240720_1_05,20240720_1_05_05,투아레그나인,0
20240720,20240720_1_05,20240720_1_05_06,휘파람,0
20240720,20240720_1_05,20240720_1_05_07,거센여제,0
20240720,20240720_1_05,20240720_1_05_08,엘리트로열,0
20240720,20240720_1_05,20240720_1_05_09,그래티튜드,0
20240720,20240720_1_05,20240720_1_05_10,클라우터,0
20240720,20240720_1_05,20240720_1_05_11,사하라몬드,1
20240720,20240720_1_06,20240720_1_06_01,익스펙트,0
20240720,20240720_1_06,20240720_1_06_02,서울돌풍,0
20240720,20240720_1_06,20240720_1_06_03,캠프데이비드,0
20240720,20240720_1_06,20240720_1_06_04,안양천둥,1
20240720,20240720_1_06,20240720_1_06_05,호명퀸,0
20240720,20240720_1_06,20240720_1_06_06,매직프린스,0
20240720,20240720_1_06,20240720_1_06_07,서머파티,0
20240720,20240720_1_06,20240720_1_06_08,음성파워,0
20240720,20240720_1_07,20240720_1_07_01,은파조이,0
20240720,20240720_1_07,20240720_1_07_02,데블케이,0
20240720,20240720_1_07,20240720_1_07_03,심플스타일,0
20240720,20240720_1_07,20240720_1_07_04,시크릿왕자,0
20240720,20240720_1_07,20240720_1_07_06,비트영웅,0
20240720,20240720_1_07,20240720_1_07_07,이글포인트,0
20240720,20240720_1_07,20240720_1_07_08,태평히어로,1
20240720,20240720_1_07,20240720_1_07_09,드래곤스퀘어,0
20240720,20240720_1_07,20240720_1_07_10,빛나는질주,0
20240720,20240720_1_07,20240720_1_07_11,성은크라운,0
20240720,20240720_1_08,20240720_1_08_01,힐링헤이븐,1
20240720,20240720_1_08,20240720_1_08_02,삭스킹,0
20240720,20240720_1_08,20240720_1_08_03,별나라비마,0
20240720,20240720_1_08,20240720_1_08_04,최고게임,0
20240720,20240720_1_08,20240720_1_08_06,컬트트리플,0
20240720,20240720_1_08,20240720_1_08_07,아마존킹,0
20240720,20240720_1_08,20240720_1_08_08,미스찰리,0
20240720,20240720_1_08,20240720_1_08_09,자이언트엠,0
20240720,20240720_1_08,20240720_1_08_10,용암마렝고,0
20240720,20240720_1_08,20240720_1_08_11,미스큐피드,0
20240720,20240720_1_09,20240720_1_09_01,시크릿플레이,0
20240720,20240720_1_09,20240720_1_09_02,금아얼루어,0
20240720,20240720_1_09,20240720_1_09_03,천행챗,0
20240720,20240720_1_09,20240720_1_09_04,영광의월드,0
20240720,20240720_1_09,20240720_1_09_05,절대가치,0
20240720,20240720_1_09,20240720_1_09_06,단디,0
20240720,20240720_1_09,20240720_1_09_07,비제이스톰,0
20240720,20240720_1_09,20240720_1_09_08,미라클한강,0
20240720,20240720_1_09,20240720_1_09_09,에이펙스,0
20240720,20240720_1_09,20240720_1_09_10,나인이글,0
20240720,20240720_1_09,20240720_1_09_11,터프맨,1
20240720,20240720_1_10,20240720_1_10_01,블루레몬,0
20240720,20240720_1_10,20240720_1_10_02,장산포이즌,0
20240720,20240720_1_10,20240720_1_10_03,오라칸,0
20240720,20240720_1_10,20240720_1_10_04,베스트탑,0
20240720,20240720_1_10,20240720_1_10_06,대사리,0
20240720,20240720_1_10,20240720_1_10_07,신한특송,0
20240720,20240720_1_10,20240720_1_10_08,마이센터,1
20240720,20240720_1_10,20240720_1_10_09,대완구,0
20240720,20240720_1_10,20240720_1_10_10,탑퀄리티,0
20240721,20240721_1_01,20240721_1_01_01,커맨드블루,0
20240721,20240721_1_01,20240721_1_01_02,학산대세,0
20240721,20240721_1_01,20240721_1_01_03,유테이크,0
20240721,20240721_1_01,20240721_1_01_04,플래시무브,1
20240721,20240721_1_01,20240721_1_01_05,혜원용마,0
20240721,20240721_1_01,20240721_1_01_06,세명고스트,0
20240721,20240721_1_01,20240721_1_01_07,플라잉라이언,0
20240721,20240721_1_01,20240721_1_01_08,카일리,0
20240721,20240721_1_01,20240721_1_01_09,머니터치,0
20240721,20240721_1_01,20240721_1_01_10,찬란한날개,0
20240721,20240721_1_01,20240721_1_01_11,간다고,0
20240721,20240721_1_02,20240721_1_02_01,주링스카이,1
20240721,20240721_1_02,20240721_1_02_02,선더럭키,0
20240721,20240721_1_02,20240721_1_02_03,서전트라이트,0
20240721,20240721_1_02,20240721_1_02_04,블랙시대,0
20240721,20240721_1_02,20240721_1_02_05,그린콩코드,0
20240721,20240721_1_02,20240721_1_02_06,미스터파워,0
20240721,20240721_1_02,20240721_1_02_07,대명장,0
20240721,20240721_1_02,20240721_1_02_08,비케이벨,0
20240721,20240721_1_02,20240721_1_02_09,주얼리패션,0
20240721,20240721_1_02,20240721_1_02_10,한마디말도,0
20240721,20240721_1_03,20240721_1_03_01,내길의영광,0
20240721,20240721_1_03,20240721_1_03_02,신의운명,0
20240721,20240721_1_03,20240721_1_03_03,용비천,0
20240721,20240721_1_03,20240721_1_03_04,영원자이언트,0
20240721,20240721_1_03,20240721_1_03_05,턴테이블,0
20240721,20240721_1_03,20240721_1_03_06,위즈러버,1
20240721,20240721_1_03,20240721_1_03_07,금성탈환,0
20240721,20240721_1_03,20240721_1_03_08,천지마켓,0
20240721,20240721_1_03,20240721_1_03_09,강철파워,0
20240721,20240721_1_03,20240721_1_03_10,이스트퀄리티,0
20240721,20240721_1_03,20240721_1_03_11,브리도걸,0
20240721,20240721_1_04,20240721_1_04_01,스트렝스,0
20240721,20240721_1_04,20240721_1_04_02,순간의찬스,0
20240721,20240721_1_04,20240721_1_04_03,강철여걸,0
20240721,20240721_1_04,20240721_1_04_05,레인스타,0
20240721,20240721_1_04,20240721_1_04_06,올룩,0
20240721,20240721_1_04,20240721_1_04_07,어메이징록,1
20240721,20240721_1_04,20240721_1_04_08,피엔에스카,0
20240721,20240721_1_04,20240721_1_04_09,명진불패,0
20240721,20240721_1_05,20240721_1_05_01,참좋은인연,0
20240721,20240721_1_05,20240721_1_05_02,캡틴피케이,0
20240721,20240721_1_05,20240721_1_05_03,그로우,0
20240721,20240721_1_05,20240721_1_05_04,나올대왕,0
20240721,20240721_1_05,20240721_1_05_05,가나파워,0
20240721,20240721_1_05,20240721_1_05_06,찬이고,0
20240721,20240721_1_05,20240721_1_05_07,선더여걸,0
20240721,20240721_1_05,20240721_1_05_08,빅블레드,0
20240721,20240721_1_05,20240721_1_05_09,마이티봄,0
20240721,20240721_1_05,20240721_1_05_10,금악진주,1
20240721,20240721_1_06,20240721_1_06_01,금성크라운,0
20240721,20240721_1_06,20240721_1_06_02,참좋은질주,0
20240721,20240721_1_06,20240721_1_06_03,터치나인,0
20240721,20240721_1_06,20240721_1_06_04,런던에이스,0
20240721,20240721_1_06,20240721_1_06_05,장군별,0
20240721,20240721_1_06,20240721_1_06_06,제다이포스,0
20240721,20240721_1_06,20240721_1_06_07,경부도령,0
20240721,20240721_1_06,20240721_1_06_08,킹다이아,1
20240721,20240721_1_06,20240721_1_06_09,월드킹맨,0
20240721,20240721_1_06,20240721_1_06_10,스틸플레이,0
20240721,20240721_1_06,20240721_1_06_11,파워풀화성,0
20240721,20240721_1_07,20240721_1_07_01,스타체인저,1
20240721,20240721_1_07,20240721_1_07_02,땡큐대천,0
20240721,20240721_1_07,20240721_1_07_03,럭키붐,0
20240721,20240721_1_07,20240721_1_07_04,더선파이터,0
20240721,20240721_1_07,20240721_1_07_05,나이스빅걸,0
20240721,20240721_1_07,20240721_1_07_06,대흥클래스,0
20240721,20240721_1_07,20240721_1_07_07,티나케이,0
20240721,20240721_1_07,20240721_1_07_08,벨록스보이,0
20240721,20240721_1_07,20240721_1_07_09,위즈러너,0
20240721,20240721_1_07,20240721_1_07_10,시선집중,0
20240721,20240721_1_08,20240721_1_08_01,쏘아라투투,0
20240721,20240721_1_08,20240721_1_08_02,뉴킹맨,0
20240721,20240721_1_08,20240721_1_08_03,바람과함께,0
20240721,20240721_1_08,20240721_1_08_05,걸작드림,0
20240721,20240721_1_08,20240721_1_08_06,두손챔프,0
20240721,20240721_1_08,20240721_1_08_07,샤인온미,0
20240721,20240721_1_08,20240721_1_08_08,천마챗,0
20240721,20240721_1_08,20240721_1_08_09,새내파워풀,0
20240721,20240721_1_08,20240721_1_08_10,빛의카,0
20240721,20240721_1_08,20240721_1_08_11,마이티쎈,1
20240721,20240721_1_09,20240721_1_09_01,천둥호랑이,0
20240721,20240721_1_09,20240721_1_09_02,강남불청객,1
20240721,20240721_1_09,20240721_1_09_03,베링맨,0
20240721,20240721_1_09,20240721_1_09_04,논스톱선더,0
20240721,20240721_1_09,20240721_1_09_05,아침함성,0
20240721,20240721_1_09,20240721_1_09_06,불의신화,0
20240721,20240721_1_09,20240721_1_09_07,스톰브레이커,0
20240721,20240721_1_09,20240721_1_09_08,머니크라운,0
20240721,20240721_1_09,20240721_1_09_10,물레방아,0
20240721,20240721_1_09,20240721_1_09_11,에펠탑,0
20240721,20240721_1_10,20240721_1_10_01,연희일출,0
20240721,20240721_1_10,20240721_1_10_02,아이언삭스,0
20240721,20240721_1_10,20240721_1_10_03,바이스로이,0
20240721,20240721_1_10,20240721_1_10_04,백색광채,0
20240721,20240721_1_10,20240721_1_10_05,라온더포인트,0
20240721,20240721_1_10,20240721_1_10_06,최고블랙,0
20240721,20240721_1_10,20240721_1_10_07,글로벌보배,1
20240721,20240721_1_10,20240721_1_10_08,와우와우,0
20240721,20240721_1_10,20240721_1_10_09,굿필승,0
20240721,20240721_1_10,20240721_1_10_10,포에버드림,0
20240721,20240721_1_10,20240721_1_10_11,남산의별,0
20240727,20240727_1_01,20240727_1_01_01,실버레인,1
20240727,20240727_1_01,20240727_1_01_02,은파뮤직,0
20240727,20240727_1_01,20240727_1_01_03,브리도트로피,0
20240727,20240727_1_01,20240727_1_01_04,애플스타일,0
20240727,20240727_1_01,20240727_1_01_05,청산질주,0
20240727,20240727_1_01,20240727_1_01_06,원더풀노던,0
20240727,20240727_1_01,20240727_1_01_07,예스마담,0
20240727,20240727_1_01,20240727_1_01_08,관악산글로벌,0
20240727,20240727_1_01,20240727_1_01_09,벌교의스타,0
20240727,20240727_1_02,20240727_1_02_01,용암스타,0
20240727,20240727_1_02,20240727_1_02_02,걸작스타,0
20240727,20240727_1_02,20240727_1_02_03,코잉,0
20240727,20240727_1_02,20240727_1_02_04,영원하라,0
20240727,20240727_1_02,20240727_1_02_05,크리솔크라운,0
20240727,20240727_1_02,20240727_1_02_06,플라잉레드,0
20240727,20240727_1_02,20240727_1_02_07,트리플에이스,0
20240727,20240727_1_02,20240727_1_02_08,울트라히트,1
20240727,20240727_1_02,20240727_1_02_09,질풍헤븐,0
20240727,20240727_1_02,20240727_1_02_10,아이언레그,0
20240727,20240727_1_02,20240727_1_02_11,레이디블루,0
20240727,20240727_1_03,20240727_1_03_01,뉴질랜드삭스,0
20240727,20240727_1_03,20240727_1_03_02,그린필스타,0
20240727,20240727_1_03,20240727_1_03_03,산삼은함양,1
20240727,20240727_1_03,20240727_1_03_04,서부특송,0
20240727,20240727_1_03,20240727_1_03_05,선더스피드,0
20240727,20240727_1_03,20240727_1_03_06,유레카,0
20240727,20240727_1_03,20240727_1_03_07,스톰가이,0
20240727,20240727_1_03,20240727_1_03_08,레전드탑,0
20240727,20240727_1_03,20240727_1_03_09,아름다운사이,0
20240727,20240727_1_04,20240727_1_04_01,스마트캣,0
20240727,20240727_1_04,20240727_1_04_02,네이비크롬,0
20240727,20240727_1_04,20240727_1_04_03,메니참,0
20240727,20240727_1_04,20240727_1_04_04,당찬낭보,0
20240727,20240727_1_04,20240727_1_04_05,용비퀸,0
20240727,20240727_1_04,20240727_1_04_06,골든라인,0
20240727,20240727_1_04,20240727_1_04_07,원평광야,0
20240727,20240727_1_04,20240727_1_04_08,장비대운,1
20240727,20240727_1_04,20240727_1_04_09,선더브라보,0
20240727,20240727_1_04,20240727_1_04_10,예지몽,0
20240727,20240727_1_04,20240727_1_04_11,안양쓰나미,0
20240727,20240727_1_05,20240727_1_05_01,민트플레이,0
20240727,20240727_1_05,20240727_1_05_02,배다리쾌검,0
20240727,20240727_1_05,20240727_1_05_03,레이디코디,1
20240727,20240727_1_05,20240727_1_05_04,브라이트카이,0
20240727,20240727_1_05,20240727_1_05_05,글로리케이,0
20240727,20240727_1_05,20240727_1_05_06,모쿠슈라,0
20240727,20240727_1_05,20240727_1_05_07,큐피드시크,0
20240727,20240727_1_05,20240727_1_05_08,골든볼,0
20240727,20240727_1_05,20240727_1_05_09,칠산대교,0
20240727,20240727_1_05,20240727_1_05_10,이스트라이징,0
20240727,20240727_1_05,20240727_1_05_11,제우시대,0
20240727,20240727_1_06,20240727_1_06_01,퀸톱,1
20240727,20240727_1_06,20240727_1_06_02,스파크선더,0
20240727,20240727_1_06,20240727_1_06_03,알사이먼,0
20240727,20240727_1_06,20240727_1_06_04,주몽천하,0
20240727,20240727_1_06,20240727_1_06_05,그레이찰리,0
20240727,20240727_1_06,20240727_1_06_06,선포레,0
20240727,20240727_1_06,20240727_1_06_07,거센진격,0
20240727,20240727_1_06,20240727_1_06_08,나이트참,0
20240727,20240727_1_06,20240727_1_06_09,러브카우걸,0
20240727,20240727_1_06,20240727_1_06_10,별콩,0
20240727,20240727_1_06,20240727_1_06_11,엔딩파이어,0
20240727,20240727_1_07,20240727_1_07_01,미스터퀄리티,1
20240727,20240727_1_07,20240727_1_07_02,걸작원,0
20240727,20240727_1_07,20240727_1_07_03,배다리왕자,0
20240727,20240727_1_07,20240727_1_07_04,서니로드,0
20240727,20240727_1_07,20240727_1_07_05,글라디우스,0
20240727,20240727_1_07,20240727_1_07_06,동진불패,0
20240727,20240727_1_07,20240727_1_07_07,순간터치,0
20240727,20240727_1_07,20240727_1_07_08,바이킹하트,0
20240727,20240727_1_07,20240727_1_07_09,스피드원,0
20240727,20240727_1_07,20240727_1_07_10,헌터블레이드,0
20240727,20240727_1_08,20240727_1_08_01,우주전쟁,0
20240727,20240727_1_08,20240727_1_08_02,브라이트위너,0
20240727,20240727_1_08,20240727_1_08_03,베스트전사,0
20240727,20240727_1_08,20240727_1_08_04,빅스마트,0
20240727,20240727_1_08,20240727_1_08_05,파워에치드,0
20240727,20240727_1_08,20240727_1_08_06,내길의퀸,0
20240727,20240727_1_08,20240727_1_08_07,바람의검,1
20240727,20240727_1_08,20240727_1_08_08,스페셜힐,0
20240727,20240727_1_08,20240727_1_08_10,매디슨마운틴,0
20240727,20240727_1_08,20240727_1_08_11,라스트피치,0
20240727,20240727_1_09,20240727_1_09_01,드래곤스타,0
20240727,20240727_1_09,20240727_1_09_02,새내타운,0
20240727,20240727_1_09,20240727_1_09_03,콩코드스퍼트,0
20240727,20240727_1_09,20240727_1_09_04,스포블레이드,0
20240727,20240727_1_09,20240727_1_09_05,타우루스퀸,1
20240727,20240727_1_09,20240727_1_09_06,라온더아리아,0
20240727,20240727_1_09,20240727_1_09_07,대물,0
20240727,20240727_1_09,20240727_1_09_08,블랙벨트,0
20240727,20240727_1_09,20240727_1_09_09,원더풀인디,0
20240727,20240727_1_09,20240727_1_09_10,퀴클리런,0
20240727,20240727_1_09,20240727_1_09_11,원평리스트,0
20240728,20240728_1_01,20240728_1_01_01,에코월드,0
20240728,20240728_1_01,20240728_1_01_02,남촌타운,0
20240728,20240728_1_01,20240728_1_01_03,이클립스더킹,0
20240728,20240728_1_01,20240728_1_01_04,학산다크호스,0
20240728,20240728_1_01,20240728_1_01_05,서울불청객,1
20240728,20240728_1_01,20240728_1_01_06,글로벌스타,0
20240728,20240728_1_01,20240728_1_01_07,엘도라도흥부,0
20240728,20240728_1_01,20240728_1_01_08,스팅제트,0
20240728,20240728_1_01,20240728_1_01_09,초원돌풍,0
20240728,20240728_1_01,20240728_1_01_10,원더풀세븐,0
20240728,20240728_1_02,20240728_1_02_01,고오고오,0
20240728,20240728_1_02,20240728_1_02_02,칸누트,0
20240728,20240728_1_02,20240728_1_02_03,사하라로즈,0
20240728,20240728_1_02,20240728_1_02_04,가문파티,0
20240728,20240728_1_02,20240728_1_02_05,제라퀸,0
20240728,20240728_1_02,20240728_1_02_06,안다미로,0
20240728,20240728_1_02,20240728_1_02_07,라온더파르타,0
20240728,20240728_1_02,20240728_1_02_08,멜로디참,0
20240728,20240728_1_02,20240728_1_02_09,금성여제,1
20240728,20240728_1_02,20240728_1_02_10,실버문,0
20240728,20240728_1_02,20240728_1_02_11,오푸스퍼플,0
20240728,20240728_1_03,20240728_1_03_01,무빙,0
20240728,20240728_1_03,20240728_1_03_02,블루레이서,1
20240728,20240728_1_03,20240728_1_03_03,클레어골드,0
20240728,20240728_1_03,20240728_1_03_04,논스톱열차,0
20240728,20240728_1_03,20240728_1_03_05,히어로질주,0
20240728,20240728_1_03,20240728_1_03_06,이글윙즈,0
20240728,20240728_1_03,20240728_1_03_07,크로마이트,0
20240728,20240728_1_03,20240728_1_03_08,맥스탱고,0
20240728,20240728_1_03,20240728_1_03_09,플라잉럭키,0
20240728,20240728_1_03,20240728_1_03_10,정상히트,0
20240728,20240728_1_03,20240728_1_03_11,한우리,0
20240728,20240728_1_04,20240728_1_04_01,마루별,0
20240728,20240728_1_04,20240728_1_04_02,스피드히어로,0
20240728,20240728_1_04,20240728_1_04_03,트롤,0
20240728,20240728_1_04,20240728_1_04_04,라이트어블루,0
20240728,20240728_1_04,20240728_1_04_05,원더풀테크노,1
20240728,20240728_1_04,20240728_1_04_06,나우엘리트,0
20240728,20240728_1_04,20240728_1_04_08,골드참,0
20240728,20240728_1_04,20240728_1_04_09,내추럴사운드,0
20240728,20240728_1_04,20240728_1_04_10,한강캡틴,0
20240728,20240728_1_04,20240728_1_04_11,코스모킹,0
20240728,20240728_1_05,20240728_1_05_01,오송의별,0
20240728,20240728_1_05,20240728_1_05_02,동행퍼스트,0
20240728,20240728_1_05,20240728_1_05_03,스마일골드,1
20240728,20240728_1_05,20240728_1_05_05,금성환희,0
20240728,20240728_1_05,20240728_1_05_06,탱글이,0
20240728,20240728_1_05,20240728_1_05_07,스마트별,0
20240728,20240728_1_05,20240728_1_05_08,스터닝플래터,0
20240728,20240728_1_05,20240728_1_05_09,금성리비어,0
20240728,20240728_1_06,20240728_1_06_01,천마포스,0
20240728,20240728_1_06,20240728_1_06_02,럭키프랭크,0
20240728,20240728_1_06,20240728_1_06_03,창창삭스,0
20240728,20240728_1_06,20240728_1_06_04,네이비캡틴,0
20240728,20240728_1_06,20240728_1_06_05,축배를들어라,0
20240728,20240728_1_06,20240728_1_06_06,울트라선더,1
20240728,20240728_1_06,20240728_1_06_07,뉴본,0
20240728,20240728_1_06,20240728_1_06_09,정상제우스,0
20240728,20240728_1_06,20240728_1_06_10,드래곤게이트,0
20240728,20240728_1_06,20240728_1_06_11,관악산스톰,0
20240728,20240728_1_06,20240728_1_06_12,문학크라운,0
20240728,20240728_1_07,20240728_1_07_01,런와일드,0
20240728,20240728_1_07,20240728_1_07_02,파이널질주,0
20240728,20240728_1_07,20240728_1_07_03,울트라망치,0
20240728,20240728_1_07,20240728_1_07_05,원더풀제트,1
20240728,20240728_1_07,20240728_1_07_06,천은총,0
20240728,20240728_1_07,20240728_1_07_07,동진특급,0
20240728,20240728_1_07,20240728_1_07_08,스터닝챔프,0
20240728,20240728_1_07,20240728_1_07_09,오스틴리더,0
20240728,20240728_1_08,20240728_1_08_01,대물삭스,1
20240728,20240728_1_08,20240728_1_08_02,용비수,0
20240728,20240728_1_08,20240728_1_08_03,행운바람,0
20240728,20240728_1_08,20240728_1_08_04,항구스타,0
20240728,20240728_1_08,20240728_1_08_05,페더럴킹,0
20240728,20240728_1_08,20240728_1_08_06,천지스카이,0
20240728,20240728_1_08,20240728_1_08_07,강한누리,0
20240728,20240728_1_08,20240728_1_08_08,바람살,0
20240728,20240728_1_08,20240728_1_08_09,쇠와꽃,0
20240728,20240728_1_09,20240728_1_09_01,라온티모스,0
20240728,20240728_1_09,20240728_1_09_02,스마트삭스,0
20240728,20240728_1_09,20240728_1_09_03,레전드선,0
20240728,20240728_1_09,20240728_1_09_04,그린비바체,0
20240728,20240728_1_09,20240728_1_09_05,드론킬러,1
20240728,20240728_1_09,20240728_1_09_06,트리스탄왕자,0
20240728,20240728_1_09,20240728_1_09_07,핑크윈드,0
20240728,20240728_1_09,20240728_1_09_08,불의여왕,0
20240728,20240728_1_09,20240728_1_09_10,마파람,0
20240728,20240728_1_09,20240728_1_09_11,금악다이아,0
20240728,20240728_1_10,20240728_1_10_01,문학이글,1
20240728,20240728_1_10,20240728_1_10_02,신의여제,0
20240728,20240728_1_10,20240728_1_10_03,퍼플윙크,0
20240728,20240728_1_10,20240728_1_10_04,황금꽃,0
20240728,20240728_1_10,20240728_1_10_05,골드베르크,0
20240728,20240728_1_10,20240728_1_10_06,금세,0
20240728,20240728_1_10,20240728_1_10_07,라온더판타,0
20240728,20240728_1_10,20240728_1_10_08,아르고탑,0
20240728,20240728_1_10,20240728_1_10_09,하트케이,0
20240728,20240728_1_10,20240728_1_10_10,파이널축제,0
20240728,20240728_1_10,20240728_1_10_11,포에이스,0
20240728,20240728_1_11,20240728_1_11_01,바람의향기,0
20240728,20240728_1_11,20240728_1_11_02,제이에스로드,0
20240728,20240728_1_11,20240728_1_11_03,마이티숀,0
20240728,20240728_1_11,20240728_1_11_04,와일드삭스,0
20240728,20240728_1_11,20240728_1_11_05,마이티짱,0
20240728,20240728_1_11,20240728_1_11_06,은파챔피언,0
20240728,20240728_1_11,20240728_1_11_07,파노라마킹,0
20240728,20240728_1_11,20240728_1_11_08,쾌향,0
20240728,20240728_1_11,20240728_1_11_09,베스트토치,0
20240728,20240728_1_11,20240728_1_11_10,남산주몽,0
20240728,20240728_1_11,20240728_1_11_11,선더드림,1
20240728,20240728_1_12,20240728_1_12_01,글로벌럭키,0
20240728,20240728_1_12,20240728_1_12_02,스카이함성,0
20240728,20240728_1_12,20240728_1_12_03,더트서퍼,0
20240728,20240728_1_12,20240728_1_12_04,이스트웨스트,0
20240728,20240728_1_12,20240728_1_12_06,정상킹덤,0
20240728,20240728_1_12,20240728_1_12_07,더페이버릿,0
20240728,20240728_1_12,20240728_1_12_08,글로벌매직,0
20240728,20240728_1_12,20240728_1_12_09,스마트클레어,1
20240728,20240728_1_12,20240728_1_12_10,아치메모리,0
20240728,20240728_1_13,20240728_1_13_01,세이렌,0
20240728,20240728_1_13,20240728_1_13_02,지구라트,1
20240728,20240728_1_13,20240728_1_13_03,그레이스퀸,0
20240728,20240728_1_13,20240728_1_13_04,세광파이터,0
20240728,20240728_1_13,20240728_1_13_05,금세다,0
20240728,20240728_1_13,20240728_1_13_06,한강파워,0
20240728,20240728_1_13,20240728_1_13_07,강한퀸,0
20240728,20240728_1_13,20240728_1_13_08,럭키파티,0
20240728,20240728_1_13,20240728_1_13_09,마이티탭,0
20240728,20240728_1_13,20240728_1_13_10,위너영,0
20240728,20240728_1_13,20240728_1_13_11,정우포에버,0
20240728,20240728_1_14,20240728_1_14_01,장산몬스터,0
20240728,20240728_1_14,20240728_1_14_02,옐로우캣,0
20240728,20240728_1_14,20240728_1_14_03,라온포레스트,1
20240728,20240728_1_14,20240728_1_14_04,스카이망치,0
20240728,20240728_1_14,20240728_1_14_05,도끼불패,0
20240728,20240728_1_14,20240728_1_14_06,컴플리트레벨,0
20240728,20240728_1_14,20240728_1_14_07,브리가디어제너럴,0
20240728,20240728_1_14,20240728_1_14_08,아르고스마일,0
20240728,20240728_1_14,20240728_1_14_09,마이티굿,0
20240728,20240728_1_14,20240728_1_14_10,몬스터케이,0
20240728,20240728_1_14,20240728_1_14_11,발베니,0
20240803,20240803_1_01,20240803_1_01_01,케이파워풀,0
20240803,20240803_1_01,20240803_1_01_02,연희히어로,0
20240803,20240803_1_01,20240803_1_01_03,천공의섬,0
20240803,20240803_1_01,20240803_1_01_05,어디가도,0
20240803,20240803_1_01,20240803_1_01_06,롱런불패,1
20240803,20240803_1_01,20240803_1_01_07,블러싱로즈,0
20240803,20240803_1_01,20240803_1_01_08,블랙러시안,0
20240803,20240803_1_01,20240803_1_01_09,글로벌타임,0
20240803,20240803_1_01,20240803_1_01_10,오렌지타임,0
20240803,20240803_1_02,20240803_1_02_01,질풍재즈,0
20240803,20240803_1_02,20240803_1_02_02,프로시드,0
20240803,20240803_1_02,20240803_1_02_03,그루퍼,1
20240803,20240803_1_02,20240803_1_02_04,대원용마,0
20240803,20240803_1_02,20240803_1_02_05,스카이로열,0
20240803,20240803_1_02,20240803_1_02_06,아치로켓,0
20240803,20240803_1_02,20240803_1_02_07,영원판타스틱,0
20240803,20240803_1_02,20240803_1_02_08,라온더클래머,0
20240803,20240803_1_02,20240803_1_02_09,금성파워,0
20240803,20240803_1_02,20240803_1_02_10,베트대로,0
20240803,20240803_1_02,20240803_1_02_11,섀클보이,0
20240803,20240803_1_03,20240803_1_03_01,스카이텐,0
20240803,20240803_1_03,20240803_1_03_02,신의블루,0
20240803,20240803_1_03,20240803_1_03_03,용비천,1
20240803,20240803_1_03,20240803_1_03_04,캡처,0
20240803,20240803_1_03,20240803_1_03_05,디바페스티벌,0
20240803,20240803_1_03,20240803_1_03_06,엘리트보스,0
20240803,20240803_1_03,20240803_1_03_07,빛의순간,0
20240803,20240803_1_03,20240803_1_03_08,성실여걸,0
20240803,20240803_1_03,20240803_1_03_09,런던골드,0
20240803,20240803_1_03,20240803_1_03_10,메리트선샤인,0
20240803,20240803_1_03,20240803_1_03_11,매직사일런스,0
20240803,20240803_1_04,20240803_1_04_01,가나파워,0
20240803,20240803_1_04,20240803_1_04_02,제로백포,0
20240803,20240803_1_04,20240803_1_04_03,글로벌클래스,0
20240803,20240803_1_04,20240803_1_04_04,카스,0
20240803,20240803_1_04,20240803_1_04_05,히어로전사,0
20240803,20240803_1_04,20240803_1_04_06,클로버파티,0
20240803,20240803_1_04,20240803_1_04_07,함평파이터,0
20240803,20240803_1_04,20240803_1_04_08,토호마켓,0
20240803,20240803_1_04,20240803_1_04_09,라파예트,1
20240803,20240803_1_05,20240803_1_05_01,삼애번쩍,1
20240803,20240803_1_05,20240803_1_05_02,다나은렉스,0
20240803,20240803_1_05,20240803_1_05_03,트로트퀸,0
20240803,20240803_1_05,20240803_1_05_04,테스타루비,0
20240803,20240803_1_05,20240803_1_05_05,그로우,0
20240803,20240803_1_05,20240803_1_05_06,마에스트로,0
20240803,20240803_1_05,20240803_1_05_07,댄싱강자,0
20240803,20240803_1_05,20240803_1_05_08,행복여전사,0
20240803,20240803_1_05,20240803_1_05_09,크레이지샤,0
20240803,20240803_1_05,20240803_1_05_10,로열베스트,0
20240803,20240803_1_06,20240803_1_06_01,피엔에스카,0
20240803,20240803_1_06,20240803_1_06_02,크로키,1
20240803,20240803_1_06,20240803_1_06_03,서머파티,0
20240803,20240803_1_06,20240803_1_06_04,은성노을,0
20240803,20240803_1_06,20240803_1_06_05,엑설런트마타,0
20240803,20240803_1_06,20240803_1_06_06,에코존,0
20240803,20240803_1_06,20240803_1_06_07,엠케이리,0
20240803,20240803_1_06,20240803_1_06_08,터치참,0
20240803,20240803_1_06,20240803_1_06_09,세명레이디,0
20240803,20240803_1_07,20240803_1_07_01,레이디태풍,0
20240803,20240803_1_07,20240803_1_07_02,예술이야,0
20240803,20240803_1_07,20240803_1_07_03,백두보이,0
20240803,20240803_1_07,20240803_1_07_04,우주의봄,0
20240803,20240803_1_07,20240803_1_07_05,화산귀환,0
20240803,20240803_1_07,20240803_1_07_06,라온탑플레이,1
20240803,20240803_1_07,20240803_1_07_07,금빛강호,0
20240803,20240803_1_07,20240803_1_07_08,네모프린스,0
20240803,20240803_1_07,20240803_1_07_09,나올천지,0
20240803,20240803_1_07,20240803_1_07_10,울트라삭스,0
20240803,20240803_1_07,20240803_1_07_11,엑톤질주,0
20240803,20240803_1_08,20240803_1_08_01,라온더맨,0
20240803,20240803_1_08,20240803_1_08_02,한강보스,0
20240803,20240803_1_08,20240803_1_08_03,아침동자,0
20240803,20240803_1_08,20240803_1_08_04,영원파이터,0
20240803,20240803_1_08,20240803_1_08_05,원평킬라,0
20240803,20240803_1_08,20240803_1_08_06,울트라킹,0
20240803,20240803_1_08,20240803_1_08_07,질주본,0
20240803,20240803_1_08,20240803_1_08_08,광양으뜸,0
20240803,20240803_1_08,20240803_1_08_09,거센반격,1
20240803,20240803_1_08,20240803_1_08_10,행복한문막,0
20240803,20240803_1_08,20240803_1_08_11,매직주니어,0
20240803,20240803_1_09,20240803_1_09_01,은파사랑,0
20240803,20240803_1_09,20240803_1_09_02,엠제이베스트,0
20240803,20240803_1_09,20240803_1_09_03,마의웨이,0
20240803,20240803_1_09,20240803_1_09_04,특급대로,0
20240803,20240803_1_09,20240803_1_09_05,서울탱크,0
20240803,20240803_1_09,20240803_1_09_06,크라운함성,1
20240803,20240803_1_09,20240803_1_09_07,컴플리트타임,0
20240803,20240803_1_09,20240803_1_09_08,천지광풍,0
20240803,20240803_1_09,20240803_1_09_09,에이스군주,0
20240803,20240803_1_09,20240803_1_09_10,월드참,0
20240803,20240803_1_09,20240803_1_09_11,캡틴브라보,0
20240804,20240804_1_01,20240804_1_01_01,하이클래스,0
20240804,20240804_1_01,20240804_1_01_02,파라도스,0
20240804,20240804_1_01,20240804_1_01_03,라이징모,1
20240804,20240804_1_01,20240804_1_01_04,걸작해피,0
20240804,20240804_1_01,20240804_1_01_05,찬란한영웅,0
20240804,20240804_1_01,20240804_1_01_06,레몬케이,0
20240804,20240804_1_01,20240804_1_01_07,라온더임팩트,0
20240804,20240804_1_01,20240804_1_01_08,거센강호,0
20240804,20240804_1_01,20240804_1_01_09,로열삭스,0
20240804,20240804_1_01,20240804_1_01_10,두손으뜸,0
20240804,20240804_1_01,20240804_1_01_11,세명스트롱,0
20240804,20240804_1_02,20240804_1_02_01,여걸비상,0
20240804,20240804_1_02,20240804_1_02_02,베스트마야,1
20240804,20240804_1_02,20240804_1_02_03,맥스에어리얼,0
20240804,20240804_1_02,20240804_1_02_04,캔버스엔고,0
20240804,20240804_1_02,20240804_1_02_05,용암기쁨,0
20240804,20240804_1_02,20240804_1_02_06,달리다굼,0
20240804,20240804_1_02,20240804_1_02_07,서해바다,0
20240804,20240804_1_02,20240804_1_02_08,스파클링,0
20240804,20240804_1_02,20240804_1_02_09,자존심공주,0
20240804,20240804_1_02,20240804_1_02_10,하이스트타임,0
20240804,20240804_1_02,20240804_1_02_11,아메노,0
20240804,20240804_1_03,20240804_1_03_01,모닝볼드,0
20240804,20240804_1_03,20240804_1_03_02,퀸아비게일,0
20240804,20240804_1_03,20240804_1_03_03,비바청수,1
20240804,20240804_1_03,20240804_1_03_04,스타러시,0
20240804,20240804_1_03,20240804_1_03_05,해피익투스,0
20240804,20240804_1_03,20240804_1_03_06,매직스트롱,0
20240804,20240804_1_03,20240804_1_03_07,세광질주,0
20240804,20240804_1_03,20240804_1_03_08,멋진기록,0
20240804,20240804_1_03,20240804_1_03_09,엑설런트탄,0
20240804,20240804_1_03,20240804_1_03_10,머스퀸플라이,0
20240804,20240804_1_03,20240804_1_03_11,천장사,0
20240804,20240804_1_04,20240804_1_04_01,퍼플신화,0
20240804,20240804_1_04,20240804_1_04_02,최강현마,0
20240804,20240804_1_04,20240804_1_04_03,하트시그널,0
20240804,20240804_1_04,20240804_1_04_04,성실영웅,0
20240804,20240804_1_04,20240804_1_04_05,서부챔프,1
20240804,20240804_1_04,20240804_1_04_06,마하비상,0
20240804,20240804_1_04,20240804_1_04_07,바주카보이,0
20240804,20240804_1_04,20240804_1_04_08,골든드래곤,0
20240804,20240804_1_04,20240804_1_04_09,빅에너지,0
20240804,20240804_1_04,20240804_1_04_10,용비파워,0
20240804,20240804_1_04,20240804_1_04_11,나올정상,0
20240804,20240804_1_05,20240804_1_05_01,왈가닥,0
20240804,20240804_1_05,20240804_1_05_02,달맞이,0
20240804,20240804_1_05,20240804_1_05_03,어메이징록,0
20240804,20240804_1_05,20240804_1_05_04,섀도헌터,1
20240804,20240804_1_05,20240804_1_05_06,찬란한폭풍,0
20240804,20240804_1_05,20240804_1_05_07,플라이데이,0
20240804,20240804_1_05,20240804_1_05_08,새내파워풀,0
20240804,20240804_1_05,20240804_1_05_09,빛나는질주,0
20240804,20240804_1_05,20240804_1_05_10,미르포인트,0
20240804,20240804_1_05,20240804_1_05_11,챌린지삭스,0
20240804,20240804_1_06,20240804_1_06_01,글로벌코디,1
20240804,20240804_1_06,20240804_1_06_02,빅토리퀸,0
20240804,20240804_1_06,20240804_1_06_03,메니스피어,0
20240804,20240804_1_06,20240804_1_06_04,정성팩터,0
20240804,20240804_1_06,20240804_1_06_05,스팔타,0
20240804,20240804_1_06,20240804_1_06_06,쏘아라투투,0
20240804,20240804_1_06,20240804_1_06_07,마이티킥,0
20240804,20240804_1_06,20240804_1_06_08,은빛돌풍,0
20240804,20240804_1_06,20240804_1_06_09,슈퍼선더,0
20240804,20240804_1_06,20240804_1_06_10,테스고대보,0
20240804,20240804_1_08,20240804_1_08_01,컴플리트럭키,0
20240804,20240804_1_08,20240804_1_08_02,위즈러너,1
20240804,20240804_1_08,20240804_1_08_03,정성타이거,0
20240804,20240804_1_08,20240804_1_08_04,천행챗,0
20240804,20240804_1_08,20240804_1_08_05,벌교태양,0
20240804,20240804_1_08,20240804_1_08_06,콜긴,0
20240804,20240804_1_08,20240804_1_08_07,대박스타,0
20240804,20240804_1_08,20240804_1_08_08,제축이호,0
20240804,20240804_1_08,20240804_1_08_09,럭키하눌,0
20240804,20240804_1_08,20240804_1_08_10,엑설런트퀸,0
20240804,20240804_1_09,20240804_1_09_01,퍼펙트건맨,0
20240804,20240804_1_09,20240804_1_09_02,비트영웅,0
20240804,20240804_1_09,20240804_1_09_04,달금,0
20240804,20240804_1_09,20240804_1_09_05,화씨벽,0
20240804,20240804_1_09,20240804_1_09_06,원더풀퍼지,0
20240804,20240804_1_09,20240804_1_09_07,토르의망치,1
20240804,20240804_1_09,20240804_1_09_08,토호스카이,0
20240804,20240804_1_09,20240804_1_09_09,시선집중,0
20240804,20240804_1_09,20240804_1_09_10,굿선봉,0
20240804,20240804_1_10,20240804_1_10_01,리버태양,0
20240804,20240804_1_10,20240804_1_10_02,에이피파텍,0
20240804,20240804_1_10,20240804_1_10_03,탭다운,0
20240804,20240804_1_10,20240804_1_10_04,콩코드퀸,0
20240804,20240804_1_10,20240804_1_10_05,스타터,1
20240804,20240804_1_10,20240804_1_10_06,티즈인디,0
20240804,20240804_1_10,20240804_1_10_07,신의이름,0
20240804,20240804_1_10,20240804_1_10_08,별나라질주,0
20240804,20240804_1_10,20240804_1_10_09,걸작최강,0
20240804,20240804_1_10,20240804_1_10_10,톱클래스,0
20240804,20240804_1_11,20240804_1_11_01,메타블레이드,0
20240804,20240804_1_11,20240804_1_11_02,케이엔언더킹,0
20240804,20240804_1_11,20240804_1_11_03,킹아너,0
20240804,20240804_1_11,20240804_1_11_04,우승콩코드,0
20240804,20240804_1_11,20240804_1_11_05,불의날개,0
20240804,20240804_1_11,20240804_1_11_06,우루스퀸,0
20240804,20240804_1_11,20240804_1_11_07,청산영웅,1
20240804,20240804_1_11,20240804_1_11_08,킹다이아,0
20240804,20240804_1_12,20240804_1_12_01,굿필승,0
20240804,20240804_1_12,20240804_1_12_02,[부산경남]투혼의반석,0
20240804,20240804_1_12,20240804_1_12_03,몬탁챗,0
20240804,20240804_1_12,20240804_1_12_04,글로벌삭스,0
20240804,20240804_1_12,20240804_1_12_05,원더풀슬루,0
20240804,20240804_1_12,20240804_1_12_06,[부산경남]글로벌히트,1
20240804,20240804_1_12,20240804_1_12_07,나올스나이퍼,0
20240804,20240804_1_12,20240804_1_12_08,[부산경남]즐거운여정,0
20240804,20240804_1_12,20240804_1_12_09,심장의고동,0
20240804,20240804_1_12,20240804_1_12_10,별나라신사,0
20240804,20240804_1_13,20240804_1_13_01,라온더퀄리티,0
20240804,20240804_1_13,20240804_1_13_02,화이트참,0
20240804,20240804_1_13,20240804_1_13_03,우마포이,0
20240804,20240804_1_13,20240804_1_13_04,비트러너,0
20240804,20240804_1_13,20240804_1_13_05,럭키파워,0
20240804,20240804_1_13,20240804_1_13_06,짜릿한자유,1
20240804,20240804_1_13,20240804_1_13_07,원평코드,0
20240804,20240804_1_13,20240804_1_13_08,메가드래곤,0
20240804,20240804_1_14,20240804_1_14_01,모르피스,0
20240804,20240804_1_14,20240804_1_14_02,최고레이스,0
20240804,20240804_1_14,20240804_1_14_03,컴플리트밸류,0
20240804,20240804_1_14,20240804_1_14_04,빅스고,0
20240804,20240804_1_14,20240804_1_14_05,코스모,0
20240804,20240804_1_14,20240804_1_14_06,라온자이언트,0
20240804,20240804_1_14,20240804_1_14_07,새내퀸,1
20240804,20240804_1_14,20240804_1_14_08,라온더스퍼트,0
20240804,20240804_1_14,20240804_1_14_09,베스트천상,0
20240804,20240804_1_14,20240804_1_14_10,레전드데이,0
20240804,20240804_1_14,20240804_1_14_11,리월마,0
20240817,20240817_1_01,20240817_1_01_01,대승마,0
20240817,20240817_1_01,20240817_1_01_02,동방포스,0
20240817,20240817_1_01,20240817_1_01_03,큐피드하트,0
20240817,20240817_1_01,20240817_1_01_04,폭스트롯,0
20240817,20240817_1_01,20240817_1_01_05,브리도트로피,0
20240817,20240817_1_01,20240817_1_01_06,엘도라도놀부,1
20240817,20240817_1_01,20240817_1_01_07,태평레전드,0
20240817,20240817_1_01,20240817_1_01_08,스마트뮤직,0
20240817,20240817_1_01,20240817_1_01_09,안양기쁨,0
20240817,20240817_1_01,20240817_1_01_10,플래시골드,0
20240817,20240817_1_02,20240817_1_02_01,머니터치,1
20240817,20240817_1_02,20240817_1_02_02,스터닝서브,0
20240817,20240817_1_02,20240817_1_02_03,희망밴드,0
20240817,20240817_1_02,20240817_1_02_04,상임대표,0
20240817,20240817_1_02,20240817_1_02_05,투에이스,0
20240817,20240817_1_02,20240817_1_02_06,영원포텐,0
20240817,20240817_1_02,20240817_1_02_07,어메이징스타,0
20240817,20240817_1_02,20240817_1_02_08,서전트라이트,0
20240817,20240817_1_02,20240817_1_02_09,하이엔드,0
20240817,20240817_1_02,20240817_1_02_10,위드디스쿠로,0
20240817,20240817_1_03,20240817_1_03_01,다이아룩,0
20240817,20240817_1_03,20240817_1_03_02,메가스텝,0
20240817,20240817_1_03,20240817_1_03_03,순라이크,0
20240817,20240817_1_03,20240817_1_03_04,메타,1
20240817,20240817_1_03,20240817_1_03_05,질풍미소,0
20240817,20240817_1_03,20240817_1_03_06,위너스퀸,0
20240817,20240817_1_03,20240817_1_03_07,옥천윈스타,0
20240817,20240817_1_03,20240817_1_03_08,호세,0
20240817,20240817_1_03,20240817_1_03_09,간다고,0
20240817,20240817_1_03,20240817_1_03_10,샤이닝참,0
20240817,20240817_1_03,20240817_1_03_11,에클레어,0
20240817,20240817_1_04,20240817_1_04_01,쇠와꽃,0
20240817,20240817_1_04,20240817_1_04_02,라온더클리퍼,0
20240817,20240817_1_04,20240817_1_04_03,휘파람,0
20240817,20240817_1_04,20240817_1_04_04,나올인디,0
20240817,20240817_1_04,20240817_1_04_05,엘리트로열,1
20240817,20240817_1_04,20240817_1_04_06,정성바이스,0
20240817,20240817_1_04,20240817_1_04_07,갤럭시삭스,0
20240817,20240817_1_04,20240817_1_04_08,손에손잡고,0
20240817,20240817_1_04,20240817_1_04_09,맥스위크,0
20240817,20240817_1_04,20240817_1_04_10,차돌런,0
20240817,20240817_1_04,20240817_1_04_11,거센여제,0
20240817,20240817_1_05,20240817_1_05_01,퍼플신화,0
20240817,20240817_1_05,20240817_1_05_02,꿈의향기,0
20240817,20240817_1_05,20240817_1_05_03,프린스데이,1
20240817,20240817_1_05,20240817_1_05_04,청해제일,0
20240817,20240817_1_05,20240817_1_05_05,태평무,0
20240817,20240817_1_05,20240817_1_05_06,비트레이서,0
20240817,20240817_1_05,20240817_1_05_07,천은총,0
20240817,20240817_1_05,20240817_1_05_08,피엔에스카,0
20240817,20240817_1_05,20240817_1_05_09,장흥클래스,0
20240817,20240817_1_05,20240817_1_05_10,강철전사,0
20240817,20240817_1_05,20240817_1_05_11,용비파워,0
20240817,20240817_1_06,20240817_1_06_01,탱탱볼,0
20240817,20240817_1_06,20240817_1_06_02,명진불패,0
20240817,20240817_1_06,20240817_1_06_03,블랙스펙터,0
20240817,20240817_1_06,20240817_1_06_04,라온시티걸,0
20240817,20240817_1_06,20240817_1_06_05,피어리스,0
20240817,20240817_1_06,20240817_1_06_06,남산무적,0
20240817,20240817_1_06,20240817_1_06_07,더플레이어,1
20240817,20240817_1_06,20240817_1_06_08,두손클래식,0
20240817,20240817_1_06,20240817_1_06_09,텐배거,0
20240817,20240817_1_06,20240817_1_06_10,슈퍼엑톤,0
20240817,20240817_1_06,20240817_1_06_11,슈팅리버스,0
20240817,20240817_1_07,20240817_1_07_01,스포르차,0
20240817,20240817_1_07,20240817_1_07_02,티시패밀리,1
20240817,20240817_1_07,20240817_1_07_03,산본쓰나미,0
20240817,20240817_1_07,20240817_1_07_04,창조의아침,0
20240817,20240817_1_07,20240817_1_07_05,트라움퀸,0
20240817,20240817_1_07,20240817_1_07_06,나이스퓨리,0
20240817,20240817_1_07,20240817_1_07_07,용비불패,0
20240817,20240817_1_07,20240817_1_07_08,서울최강자,0
20240817,20240817_1_07,20240817_1_07_09,파워팔이영,0
20240817,20240817_1_07,20240817_1_07_10,드림릿지,0
20240817,20240817_1_07,20240817_1_07_11,베스트대로,0
20240817,20240817_1_08,20240817_1_08_01,은혜,0
20240817,20240817_1_08,20240817_1_08_02,청파의꿈,0
20240817,20240817_1_08,20240817_1_08_03,용비서울,0
20240817,20240817_1_08,20240817_1_08_04,미라클한강,0
20240817,20240817_1_08,20240817_1_08_05,퓨리오사,1
20240817,20240817_1_08,20240817_1_08_06,하이러너,0
20240817,20240817_1_08,20240817_1_08_07,광양으뜸,0
20240817,20240817_1_08,20240817_1_08_08,라온더하이맨,0
20240817,20240817_1_08,20240817_1_08_09,국대파이터,0
20240817,20240817_1_08,20240817_1_08_10,컴플리트캡틴,0
20240817,20240817_1_08,20240817_1_08_11,자이언트킬링,0
20240817,20240817_1_09,20240817_1_09_01,불화산,0
20240817,20240817_1_09,20240817_1_09_02,빛나는질주,0
20240817,20240817_1_09,20240817_1_09_03,그랜드실버,0
20240817,20240817_1_09,20240817_1_09_04,섀클포인트,0
20240817,20240817_1_09,20240817_1_09_05,드래곤스퀘어,0
20240817,20240817_1_09,20240817_1_09_06,선더호스,0
20240817,20240817_1_09,20240817_1_09_07,데블케이,0
20240817,20240817_1_09,20240817_1_09_08,자이언트엠,1
20240817,20240817_1_09,20240817_1_09_09,은파조이,0
20240817,20240817_1_09,20240817_1_09_10,나라올라,0
20240817,20240817_1_09,20240817_1_09_11,성은크라운,0
20240817,20240817_1_10,20240817_1_10_01,그레이캣,0
20240817,20240817_1_10,20240817_1_10_02,이스트반,0
20240817,20240817_1_10,20240817_1_10_03,스포블레이드,0
20240817,20240817_1_10,20240817_1_10_04,늘가을,0
20240817,20240817_1_10,20240817_1_10_05,파이어파워,0
20240817,20240817_1_10,20240817_1_10_06,케이엔스케치,0
20240817,20240817_1_10,20240817_1_10_07,원더풀데블,0
20240817,20240817_1_10,20240817_1_10_08,하이그랜드,0
20240817,20240817_1_10,20240817_1_10_09,히어로파이터,1
20240817,20240817_1_10,20240817_1_10_10,점순이고,0
20240818,20240818_1_01,20240818_1_01_01,베아트리스,0
20240818,20240818_1_01,20240818_1_01_02,히어로질주,0
20240818,20240818_1_01,20240818_1_01_03,질풍윈,0
20240818,20240818_1_01,20240818_1_01_04,에클레어파워,0
20240818,20240818_1_01,20240818_1_01_05,유수부쟁선,0
20240818,20240818_1_01,20240818_1_01_06,마루장군,1
20240818,20240818_1_01,20240818_1_01_07,당대초월,0
20240818,20240818_1_01,20240818_1_01_08,남산미남,0
20240818,20240818_1_01,20240818_1_01_09,클라우드하트,0
20240818,20240818_1_01,20240818_1_01_10,용암스타,0
20240818,20240818_1_01,20240818_1_01_11,엠지퍼스트,0
20240818,20240818_1_02,20240818_1_02_01,엘도라도강남,0
20240818,20240818_1_02,20240818_1_02_02,태풍처럼,0
20240818,20240818_1_02,20240818_1_02_03,마터호른케이,0
20240818,20240818_1_02,20240818_1_02_04,럭키프랭크,0
20240818,20240818_1_02,20240818_1_02_05,글로리시티,0
20240818,20240818_1_02,20240818_1_02_07,관악산스톰,1
20240818,20240818_1_02,20240818_1_02_08,콩나물,0
20240818,20240818_1_02,20240818_1_02_09,히어로삭스,0
20240818,20240818_1_02,20240818_1_02_10,스피닝칸트,0
20240818,20240818_1_02,20240818_1_02_11,드림아너,0
20240818,20240818_1_02,20240818_1_02_12,히어로짱,0
20240818,20240818_1_03,20240818_1_03_01,포에틱누비,0
20240818,20240818_1_03,20240818_1_03_02,라온히트맨,0
20240818,20240818_1_03,20240818_1_03_03,크로마이트,0
20240818,20240818_1_03,20240818_1_03_04,스케일킹,0
20240818,20240818_1_03,20240818_1_03_05,엘리트피스,0
20240818,20240818_1_03,20240818_1_03_06,마루별,0
20240818,20240818_1_03,20240818_1_03_07,베스트킹덤,0
20240818,20240818_1_03,20240818_1_03_08,신의운명,1
20240818,20240818_1_03,20240818_1_03_09,트롤,0
20240818,20240818_1_03,20240818_1_03_10,골드참,0
20240818,20240818_1_03,20240818_1_03_11,선갤런트,0
20240818,20240818_1_04,20240818_1_04_01,선더브라보,0
20240818,20240818_1_04,20240818_1_04_02,스트렝스,0
20240818,20240818_1_04,20240818_1_04_03,부강질주,0
20240818,20240818_1_04,20240818_1_04_04,마이티봄,0
20240818,20240818_1_04,20240818_1_04_05,천구챗,0
20240818,20240818_1_04,20240818_1_04_06,원더풀스피릿,0
20240818,20240818_1_04,20240818_1_04_07,흥행불패,1
20240818,20240818_1_04,20240818_1_04_08,문더스트,0
20240818,20240818_1_04,20240818_1_04_09,원더풀로드,0
20240818,20240818_1_04,20240818_1_04_10,에클레어스타,0
20240818,20240818_1_04,20240818_1_04_11,탐라최강자,0
20240818,20240818_1_05,20240818_1_05_01,원평광야,1
20240818,20240818_1_05,20240818_1_05_02,로열플러스,0
20240818,20240818_1_05,20240818_1_05_03,오섬브레인,0
20240818,20240818_1_05,20240818_1_05_04,히트플라이,0
20240818,20240818_1_05,20240818_1_05_05,헤이마마,0
20240818,20240818_1_05,20240818_1_05_06,해제여걸,0
20240818,20240818_1_05,20240818_1_05_07,메니샤크,0
20240818,20240818_1_05,20240818_1_05_08,스터닝퀸,0
20240818,20240818_1_05,20240818_1_05_09,걸작선,0
20240818,20240818_1_05,20240818_1_05_10,크레이지샤,0
20240818,20240818_1_05,20240818_1_05_11,드림스카이,0
20240818,20240818_1_06,20240818_1_06_01,런던에이스,0
20240818,20240818_1_06,20240818_1_06_02,달빛조각사,1
20240818,20240818_1_06,20240818_1_06_03,참좋은질주,0
20240818,20240818_1_06,20240818_1_06_04,새내파워풀,0
20240818,20240818_1_06,20240818_1_06_05,화수분,0
20240818,20240818_1_06,20240818_1_06_06,라온더탑,0
20240818,20240818_1_06,20240818_1_06_07,황금꽃,0
20240818,20240818_1_06,20240818_1_06_08,샤인온미,0
20240818,20240818_1_06,20240818_1_06_09,미스터트롯,0
20240818,20240818_1_06,20240818_1_06_10,우루스칸,0
20240818,20240818_1_06,20240818_1_06_11,장군별,0
20240818,20240818_1_07,20240818_1_07_01,더선파이터,0
20240818,20240818_1_07,20240818_1_07_02,티나케이,0
20240818,20240818_1_07,20240818_1_07_03,고마나루,0
20240818,20240818_1_07,20240818_1_07_04,세인트루카,0
20240818,20240818_1_07,20240818_1_07_05,슈퍼군황,0
20240818,20240818_1_07,20240818_1_07_06,새로운빛깔,0
20240818,20240818_1_07,20240818_1_07_07,아치메모리,0
20240818,20240818_1_07,20240818_1_07_08,피엔에스아이,0
20240818,20240818_1_07,20240818_1_07_09,원평퀸,1
20240818,20240818_1_07,20240818_1_07_10,퀸오브베스트,0
20240818,20240818_1_08,20240818_1_08_01,벌교베리타스,0
20240818,20240818_1_08,20240818_1_08_02,자이언트펀치,0
20240818,20240818_1_08,20240818_1_08_03,와일드삭스,0
20240818,20240818_1_08,20240818_1_08_04,옥천스나이퍼,1
20240818,20240818_1_08,20240818_1_08_05,카우보이탱고,0
20240818,20240818_1_08,20240818_1_08_06,차돌다이아,0
20240818,20240818_1_08,20240818_1_08_07,나이스태양,0
20240818,20240818_1_08,20240818_1_08_08,패스트트랙,0
20240818,20240818_1_08,20240818_1_08_09,다이아키,0
20240818,20240818_1_08,20240818_1_08_10,코스모런,0
20240818,20240818_1_08,20240818_1_08_11,라온아메리칸,0
20240818,20240818_1_09,20240818_1_09_01,그레이스퀸,0
20240818,20240818_1_09,20240818_1_09_02,홀리데이참,0
20240818,20240818_1_09,20240818_1_09_03,바이킹하트,0
20240818,20240818_1_09,20240818_1_09_04,월드레이서,0
20240818,20240818_1_09,20240818_1_09_05,머니크라운,0
20240818,20240818_1_09,20240818_1_09_06,킹다이아,0
20240818,20240818_1_09,20240818_1_09_07,아메리카골드,1
20240818,20240818_1_09,20240818_1_09_08,플라잉스타,0
20240818,20240818_1_09,20240818_1_09_09,정상에이스,0
20240818,20240818_1_09,20240818_1_09_10,아침함성,0
20240818,20240818_1_09,20240818_1_09_11,금세다,0
20240818,20240818_1_10,20240818_1_10_01,마이티뉴,0
20240818,20240818_1_10,20240818_1_10_02,최고블랙,1
20240818,20240818_1_10,20240818_1_10_03,아이언삭스,0
20240818,20240818_1_10,20240818_1_10_04,흑전사,0
20240818,20240818_1_10,20240818_1_10_05,용암보스,0
20240818,20240818_1_10,20240818_1_10_06,블랙머스크,0
20240818,20240818_1_10,20240818_1_10_07,남산의별,0
20240818,20240818_1_10,20240818_1_10_08,흥행질주,0
20240818,20240818_1_10,20240818_1_10_09,굿필승,0
20240818,20240818_1_10,20240818_1_10_10,글로벌보배,0
20240818,20240818_1_10,20240818_1_10_11,티즈바로우즈,0
20240824,20240824_1_01,20240824_1_01_01,라온더케이샤,0
20240824,20240824_1_01,20240824_1_01_02,킹워리어,0
20240824,20240824_1_01,20240824_1_01_03,벌교디와이,0
20240824,20240824_1_01,20240824_1_01_04,벌교의스타,1
20240824,20240824_1_01,20240824_1_01_05,용비태양,0
20240824,20240824_1_01,20240824_1_01_06,용암칸타카,0
20240824,20240824_1_01,20240824_1_01_07,한센브레이싱,0
20240824,20240824_1_01,20240824_1_01_08,스플렌디드,0
20240824,20240824_1_01,20240824_1_01_09,라온이클립스,0
20240824,20240824_1_02,20240824_1_02_01,질주천하,0
20240824,20240824_1_02,20240824_1_02_02,골든메이커,0
20240824,20240824_1_02,20240824_1_02_03,한강패션드,0
20240824,20240824_1_02,20240824_1_02_04,글로벌함성,0
20240824,20240824_1_02,20240824_1_02_05,굿파이터,1
20240824,20240824_1_02,20240824_1_02_06,세명고스트,0
20240824,20240824_1_02,20240824_1_02_07,소프트파워,0
20240824,20240824_1_02,20240824_1_02_08,원평누리,0
20240824,20240824_1_02,20240824_1_02_09,다이나믹송,0
20240824,20240824_1_02,20240824_1_02_10,유테이크,0
20240824,20240824_1_02,20240824_1_02_11,고오고오,0
20240824,20240824_1_03,20240824_1_03_01,미스터파워,0
20240824,20240824_1_03,20240824_1_03_02,맥스라이트닝,0
20240824,20240824_1_03,20240824_1_03_03,영원자이언트,0
20240824,20240824_1_03,20240824_1_03_04,큐피드미르,1
20240824,20240824_1_03,20240824_1_03_05,맥스탱고,0
20240824,20240824_1_03,20240824_1_03_06,아메노,0
20240824,20240824_1_03,20240824_1_03_07,인디에이스,0
20240824,20240824_1_03,20240824_1_03_08,새내파크,0
20240824,20240824_1_03,20240824_1_03_09,무빙,0
20240824,20240824_1_03,20240824_1_03_10,블랙시대,0
20240824,20240824_1_03,20240824_1_03_11,용암기쁨,0
20240824,20240824_1_04,20240824_1_04_01,벨로테로,0
20240824,20240824_1_04,20240824_1_04_02,당찬낭보,0
20240824,20240824_1_04,20240824_1_04_03,제우시대,0
20240824,20240824_1_04,20240824_1_04_04,순간의찬스,0
20240824,20240824_1_04,20240824_1_04_05,피닉스클래스,0
20240824,20240824_1_04,20240824_1_04_06,찬이고,0
20240824,20240824_1_04,20240824_1_04_07,벌교위수,0
20240824,20240824_1_04,20240824_1_04_08,스페셜포스,0
20240824,20240824_1_04,20240824_1_04_09,호명퀸,1
20240824,20240824_1_04,20240824_1_04_10,아치러너,0
20240824,20240824_1_05,20240824_1_05_01,최강나이스,0
20240824,20240824_1_05,20240824_1_05_02,히어로퀸,1
20240824,20240824_1_05,20240824_1_05_03,라이트어블루,0
20240824,20240824_1_05,20240824_1_05_04,에덴의동쪽,0
20240824,20240824_1_05,20240824_1_05_05,뉴질랜드삭스,0
20240824,20240824_1_05,20240824_1_05_06,캠프데이비드,0
20240824,20240824_1_05,20240824_1_05_07,쌍옥루,0
20240824,20240824_1_05,20240824_1_05_08,동행퍼스트,0
20240824,20240824_1_05,20240824_1_05_09,매직프린스,0
20240824,20240824_1_05,20240824_1_05_10,레전드탑,0
20240824,20240824_1_05,20240824_1_05_11,골든스나이퍼,0
20240824,20240824_1_06,20240824_1_06_01,검이불루,0
20240824,20240824_1_06,20240824_1_06_02,정문파파고,0
20240824,20240824_1_06,20240824_1_06_03,마이티쎈,0
20240824,20240824_1_06,20240824_1_06_04,라온엠파이어,0
20240824,20240824_1_06,20240824_1_06_05,스마트삭스,0
20240824,20240824_1_06,20240824_1_06_06,태평파이터,0
20240824,20240824_1_06,20240824_1_06_07,금악명장,0
20240824,20240824_1_06,20240824_1_06_08,케레르,0
20240824,20240824_1_06,20240824_1_06_09,블루밍스타,0
20240824,20240824_1_06,20240824_1_06_10,사하라몬드,1
20240824,20240824_1_06,20240824_1_06_11,핑크윈드,0
20240824,20240824_1_07,20240824_1_07_01,우왕륭,1
20240824,20240824_1_07,20240824_1_07_02,보름달빛,0
20240824,20240824_1_07,20240824_1_07_03,두손챔프,0
20240824,20240824_1_07,20240824_1_07_04,삭스킹,0
20240824,20240824_1_07,20240824_1_07_05,아만바로우즈,0
20240824,20240824_1_07,20240824_1_07_06,선포레,0
20240824,20240824_1_07,20240824_1_07_07,천행챗,0
20240824,20240824_1_07,20240824_1_07_08,베스트클론,0
20240824,20240824_1_07,20240824_1_07_09,락시,0
20240824,20240824_1_07,20240824_1_07_10,그레이찰리,0
20240824,20240824_1_07,20240824_1_07_11,월드베리언스,0
20240824,20240824_1_08,20240824_1_08_01,만세,0
20240824,20240824_1_08,20240824_1_08_02,스톰브레이커,0
20240824,20240824_1_08,20240824_1_08_03,울트라킹,0
20240824,20240824_1_08,20240824_1_08_04,지구라트,0
20240824,20240824_1_08,20240824_1_08_05,유니콘히트,0
20240824,20240824_1_08,20240824_1_08_06,불의신화,0
20240824,20240824_1_08,20240824_1_08_07,베스트타임,0
20240824,20240824_1_08,20240824_1_08_08,한강파워,1
20240824,20240824_1_08,20240824_1_08_09,유쾌한날들,0
20240824,20240824_1_08,20240824_1_08_10,킹아너,0
20240824,20240824_1_09,20240824_1_09_01,원더풀폭스,0
20240824,20240824_1_09,20240824_1_09_02,용암마렝고,0
20240824,20240824_1_09,20240824_1_09_03,베스트전사,0
20240824,20240824_1_09,20240824_1_09_04,황우최강,0
20240824,20240824_1_09,20240824_1_09_05,어메이징록,0
20240824,20240824_1_09,20240824_1_09_06,만대로,1
20240824,20240824_1_09,20240824_1_09_07,스마트태양,0
20240824,20240824_1_09,20240824_1_09_08,더페이버릿,0
20240824,20240824_1_10,20240824_1_10_01,빅토리히트,1
20240824,20240824_1_10,20240824_1_10_02,힐링헤이븐,0
20240824,20240824_1_10,20240824_1_10_03,옥룡,0
20240824,20240824_1_10,20240824_1_10_04,강한퀸,0
20240824,20240824_1_10,20240824_1_10_05,펀크레이지,0
20240824,20240824_1_10,20240824_1_10_06,나이스치타,0
20240824,20240824_1_10,20240824_1_10_07,배다리왕자,0
20240824,20240824_1_10,20240824_1_10_08,스프링꿈,0
20240824,20240824_1_10,20240824_1_10_09,새파랑,0
20240824,20240824_1_10,20240824_1_10_10,마이티숀,0
20240824,20240824_1_11,20240824_1_11_01,대물,1
20240824,20240824_1_11,20240824_1_11_02,매직그레이스,0
20240824,20240824_1_11,20240824_1_11_03,오라칸,0
20240824,20240824_1_11,20240824_1_11_04,질주본,0
20240824,20240824_1_11,20240824_1_11_05,금빛마,0
20240824,20240824_1_11,20240824_1_11_06,라온더제트,0
20240824,20240824_1_11,20240824_1_11_07,장산스포,0
20240824,20240824_1_11,20240824_1_11_08,터프맨,0
20240824,20240824_1_11,20240824_1_11_09,라온더골드,0
20240824,20240824_1_11,20240824_1_11_10,아스펜태양,0
20240824,20240824_1_11,20240824_1_11_11,빈체로카발로,0
20240825,20240825_1_01,20240825_1_01_01,우영광,0
20240825,20240825_1_01,20240825_1_01_02,비트도깨비,0
20240825,20240825_1_01,20240825_1_01_03,더블블레이드,0
20240825,20240825_1_01,20240825_1_01_04,라라걸,0
20240825,20240825_1_01,20240825_1_01_05,퀸다이아,0
20240825,20240825_1_01,20240825_1_01_06,두손오픈,0
20240825,20240825_1_01,20240825_1_01_07,해맞이,0
20240825,20240825_1_01,20240825_1_01_08,오늘도스마일,1
20240825,20240825_1_01,20240825_1_01_09,비케이러브,0
20240825,20240825_1_01,20240825_1_01_10,엑설런트한센,0
20240825,20240825_1_01,20240825_1_01_11,스위치파워,0
20240825,20240825_1_01,20240825_1_01_12,스터닝월드,0
20240825,20240825_1_02,20240825_1_02_01,주얼리패션,0
20240825,20240825_1_02,20240825_1_02_02,에버더크라운,0
20240825,20240825_1_02,20240825_1_02_03,클레어골드,0
20240825,20240825_1_02,20240825_1_02_04,사바나찰리,0
20240825,20240825_1_02,20240825_1_02_05,머제스틱위너,0
20240825,20240825_1_02,20240825_1_02_06,아치로켓,0
20240825,20240825_1_02,20240825_1_02_07,성실여걸,1
20240825,20240825_1_02,20240825_1_02_08,트레비트,0
20240825,20240825_1_03,20240825_1_03_01,안다미로,1
20240825,20240825_1_03,20240825_1_03_02,선샤인퀸,0
20240825,20240825_1_03,20240825_1_03_03,비케이벨,0
20240825,20240825_1_03,20240825_1_03_04,카일리,0
20240825,20240825_1_03,20240825_1_03_05,고스트게일,0
20240825,20240825_1_03,20240825_1_03_06,히어로나라,0
20240825,20240825_1_03,20240825_1_03_07,초코뷰티,0
20240825,20240825_1_03,20240825_1_03_08,매직임팩트,0
20240825,20240825_1_03,20240825_1_03_09,예스마담,0
20240825,20240825_1_03,20240825_1_03_10,선더스톰,0
20240825,20240825_1_03,20240825_1_03_11,리걸라희,0
20240825,20240825_1_04,20240825_1_04_01,강철부대,0
20240825,20240825_1_04,20240825_1_04_02,금성탈환,0
20240825,20240825_1_04,20240825_1_04_03,엘리트보스,1
20240825,20240825_1_04,20240825_1_04_04,턴테이블,0
20240825,20240825_1_04,20240825_1_04_05,강철파워,0
20240825,20240825_1_04,20240825_1_04_06,강철드래곤,0
20240825,20240825_1_04,20240825_1_04_07,플라잉라이언,0
20240825,20240825_1_04,20240825_1_04_08,천지마켓,0
20240825,20240825_1_04,20240825_1_04_09,필승마,0
20240825,20240825_1_05,20240825_1_05_01,페더럴킹,0
20240825,20240825_1_05,20240825_1_05_02,원더풀시킹,0
20240825,20240825_1_05,20240825_1_05_03,송암스카이,0
20240825,20240825_1_05,20240825_1_05_04,스마트캣,1
20240825,20240825_1_05,20240825_1_05_05,청량산,0
20240825,20240825_1_05,20240825_1_05_06,금성환희,0
20240825,20240825_1_05,20240825_1_05_07,제로백포,0
20240825,20240825_1_05,20240825_1_05_08,대륜시대,0
20240825,20240825_1_06,20240825_1_06_01,선더스피드,1
20240825,20240825_1_06,20240825_1_06_02,샤프선샤인,0
20240825,20240825_1_06,20240825_1_06_03,네모스피릿,0
20240825,20240825_1_06,20240825_1_06_04,파티파워,0
20240825,20240825_1_06,20240825_1_06_05,글로리앤아너,0
20240825,20240825_1_06,20240825_1_06_06,장군마루,0
20240825,20240825_1_06,20240825_1_06_07,피지블레이드,0
20240825,20240825_1_06,20240825_1_06_08,투아레그나인,0
20240825,20240825_1_06,20240825_1_06_09,맥스골드,0
20240825,20240825_1_06,20240825_1_06_10,플라잉제스트,0
20240825,20240825_1_06,20240825_1_06_11,골드시대,0
20240825,20240825_1_07,20240825_1_07_01,인피니트아너,1
20240825,20240825_1_07,20240825_1_07_02,채플프린세스,0
20240825,20240825_1_07,20240825_1_07_03,은성노을,0
20240825,20240825_1_07,20240825_1_07_04,젤로스,0
20240825,20240825_1_07,20240825_1_07_05,골든드래곤,0
20240825,20240825_1_07,20240825_1_07_06,솔레어,0
20240825,20240825_1_07,20240825_1_07_07,나올대왕,0
20240825,20240825_1_07,20240825_1_07_08,원더풀웰스,0
20240825,20240825_1_08,20240825_1_08_01,한마디말도,0
20240825,20240825_1_08,20240825_1_08_02,걸작시대,0
20240825,20240825_1_08,20240825_1_08_03,캡틴피케이,1
20240825,20240825_1_08,20240825_1_08_04,리얼딜,0
20240825,20240825_1_08,20240825_1_08_05,에코월드,0
20240825,20240825_1_08,20240825_1_08_06,큐피드잇,0
20240825,20240825_1_08,20240825_1_08_07,한센스타,0
20240825,20240825_1_08,20240825_1_08_08,모어댄조크,0
20240825,20240825_1_08,20240825_1_08_09,롱런불패,0
20240825,20240825_1_08,20240825_1_08_10,대성스타,0
20240825,20240825_1_08,20240825_1_08_11,한강퍼펙트,0
20240825,20240825_1_08,20240825_1_08_12,서울불청객,0
20240825,20240825_1_08,20240825_1_08_13,이클립스더킹,0
20240825,20240825_1_09,20240825_1_09_01,내길의리더,0
20240825,20240825_1_09,20240825_1_09_02,백룡,0
20240825,20240825_1_09,20240825_1_09_03,큐피드라이즈,0
20240825,20240825_1_09,20240825_1_09_04,골든볼,0
20240825,20240825_1_09,20240825_1_09_05,명성축제,0
20240825,20240825_1_09,20240825_1_09_06,바람살,0
20240825,20240825_1_09,20240825_1_09_07,위즈러버,0
20240825,20240825_1_09,20240825_1_09_08,서부특송,1
20240825,20240825_1_09,20240825_1_09_09,대물삭스,0
20240825,20240825_1_09,20240825_1_09_10,보스베이비,0
20240825,20240825_1_09,20240825_1_09_11,천장사,0
20240825,20240825_1_10,20240825_1_10_01,스틸플레이,0
20240825,20240825_1_10,20240825_1_10_02,베트캡틴,1
20240825,20240825_1_10,20240825_1_10_03,올포유어드림,0
20240825,20240825_1_10,20240825_1_10_04,히든블레이드,0
20240825,20240825_1_10,20240825_1_10_05,스터닝레이디,0
20240825,20240825_1_10,20240825_1_10_06,터치나인,0
20240825,20240825_1_10,20240825_1_10_07,파워풀삭스,0
20240825,20240825_1_10,20240825_1_10_08,천마챗,0
20240825,20240825_1_10,20240825_1_10_09,컴플리트스텝,0
20240825,20240825_1_10,20240825_1_10_10,오키드밸리,0
20240825,20240825_1_11,20240825_1_11_01,에클레어퓨리,0
20240825,20240825_1_11,20240825_1_11_02,우와륭,1
20240825,20240825_1_11,20240825_1_11_03,캡틴삼칠이,0
20240825,20240825_1_11,20240825_1_11_04,신의이름,0
20240825,20240825_1_11,20240825_1_11_05,페어스카이즈,0
20240825,20240825_1_11,20240825_1_11_06,라온더코브라,0
20240825,20240825_1_11,20240825_1_11_07,선더플래시,0
20240825,20240825_1_11,20240825_1_11_08,큐피드워리어,0
20240825,20240825_1_11,20240825_1_11_09,절대가치,0
20240825,20240825_1_11,20240825_1_11_10,남산주몽,0
20240825,20240825_1_11,20240825_1_11_11,에이펙스,0
20240825,20240825_1_12,20240825_1_12_01,블루인디,0
20240825,20240825_1_12,20240825_1_12_02,뉴돌콩,0
20240825,20240825_1_12,20240825_1_12_03,이스트웨스트,0
20240825,20240825_1_12,20240825_1_12_04,로열함성,0
20240825,20240825_1_12,20240825_1_12_05,심플스타일,0
20240825,20240825_1_12,20240825_1_12_06,월드블레임,1
20240825,20240825_1_12,20240825_1_12_07,콜긴,0
20240825,20240825_1_12,20240825_1_12_08,젠틀야라,0
20240825,20240825_1_12,20240825_1_12_09,정상킹덤,0
20240825,20240825_1_12,20240825_1_12_10,매디슨마운틴,0
20240831,20240831_1_01,20240831_1_01_01,카라케이,0
20240831,20240831_1_01,20240831_1_01_03,관악산조이,0
20240831,20240831_1_01,20240831_1_01_04,왕최고,0
20240831,20240831_1_01,20240831_1_01_05,애플스타일,0
20240831,20240831_1_01,20240831_1_01_07,베스트조이,0
20240831,20240831_1_01,20240831_1_01_08,혁무상,0
20240831,20240831_1_01,20240831_1_01_09,칸맥스,1
20240831,20240831_1_01,20240831_1_01_10,크레이지마리,0
20240831,20240831_1_01,20240831_1_01_11,벌교그래미,0
20240831,20240831_1_01,20240831_1_01_12,금아포모스트,0
20240831,20240831_1_02,20240831_1_02_01,달리다굼,0
20240831,20240831_1_02,20240831_1_02_02,너만을위해서,0
20240831,20240831_1_02,20240831_1_02_03,러닝아티스트,0
20240831,20240831_1_02,20240831_1_02_04,불국시대,0
20240831,20240831_1_02,20240831_1_02_05,트리플에이스,0
20240831,20240831_1_02,20240831_1_02_06,엘도라도흥부,0
20240831,20240831_1_02,20240831_1_02_07,블랙스마일,0
20240831,20240831_1_02,20240831_1_02_08,영원하라,0
20240831,20240831_1_02,20240831_1_02_09,걸작스타,0
20240831,20240831_1_02,20240831_1_02_10,천궁스톰,1
20240831,20240831_1_02,20240831_1_02_11,선더럭키,0
20240831,20240831_1_03,20240831_1_03_01,가문파티,0
20240831,20240831_1_03,20240831_1_03_02,아놀드퀸,0
20240831,20240831_1_03,20240831_1_03_03,동키플레이,0
20240831,20240831_1_03,20240831_1_03_04,히어로골드,0
20240831,20240831_1_03,20240831_1_03_05,커맨드블루,0
20240831,20240831_1_03,20240831_1_03_06,실버문,1
20240831,20240831_1_03,20240831_1_03_07,미스콩코드,0
20240831,20240831_1_03,20240831_1_03_08,피엔에스파,0
20240831,20240831_1_03,20240831_1_03_09,이스트킹스톤,0
20240831,20240831_1_03,20240831_1_03_10,칸누트,0
20240831,20240831_1_03,20240831_1_03_11,스카이텐,0
20240831,20240831_1_04,20240831_1_04_01,울트라망치,1
20240831,20240831_1_04,20240831_1_04_02,삼애번쩍,0
20240831,20240831_1_04,20240831_1_04_03,우주의봄,0
20240831,20240831_1_04,20240831_1_04_04,분당쓰나미,0
20240831,20240831_1_04,20240831_1_04_05,뷰티원더풀,0
20240831,20240831_1_04,20240831_1_04_06,민트플레이,0
20240831,20240831_1_04,20240831_1_04_07,그로우,0
20240831,20240831_1_04,20240831_1_04_08,모쿠슈라,0
20240831,20240831_1_04,20240831_1_04_09,테스타루비,0
20240831,20240831_1_04,20240831_1_04_10,큐피드시크,0
20240831,20240831_1_04,20240831_1_04_11,파이널고,0
20240831,20240831_1_05,20240831_1_05_01,울트라히트,1
20240831,20240831_1_05,20240831_1_05_02,메니참,0
20240831,20240831_1_05,20240831_1_05_03,퀸아비게일,0
20240831,20240831_1_05,20240831_1_05_04,빅브리지,0
20240831,20240831_1_05,20240831_1_05_05,용비천,0
20240831,20240831_1_05,20240831_1_05_06,새내비바,0
20240831,20240831_1_05,20240831_1_05_07,서머파티,0
20240831,20240831_1_05,20240831_1_05_08,원평광야,0
20240831,20240831_1_05,20240831_1_05_09,컴플리트파티,0
20240831,20240831_1_05,20240831_1_05_10,브라이트카이,0
20240831,20240831_1_05,20240831_1_05_11,레인스타,0
20240831,20240831_1_06,20240831_1_06_01,피엔에스카,0
20240831,20240831_1_06,20240831_1_06_02,탑다이아,1
20240831,20240831_1_06,20240831_1_06_03,플랜비,0
20240831,20240831_1_06,20240831_1_06_04,한강글로리,0
20240831,20240831_1_06,20240831_1_06_05,금성리비어,0
20240831,20240831_1_06,20240831_1_06_06,희망의찬가,0
20240831,20240831_1_06,20240831_1_06_07,장흥클래스,0
20240831,20240831_1_06,20240831_1_06_08,러브문막,0
20240831,20240831_1_06,20240831_1_06_09,탱글이,0
20240831,20240831_1_06,20240831_1_06_10,토네르,0
20240831,20240831_1_06,20240831_1_06_11,오송의별,0
20240831,20240831_1_07,20240831_1_07_01,퍼플윙크,0
20240831,20240831_1_07,20240831_1_07_02,안양천둥,0
20240831,20240831_1_07,20240831_1_07_03,시크릿왕자,0
20240831,20240831_1_07,20240831_1_07_04,티즈모닝,0
20240831,20240831_1_07,20240831_1_07_05,제타마스터,0
20240831,20240831_1_07,20240831_1_07_06,내길의퀸,1
20240831,20240831_1_07,20240831_1_07_07,땡큐대천,0
20240831,20240831_1_07,20240831_1_07_08,더자이언트,0
20240831,20240831_1_07,20240831_1_07_09,라온더찰리,0
20240831,20240831_1_07,20240831_1_07_10,트리스탄왕자,0
20240831,20240831_1_08,20240831_1_08_01,불의여왕,0
20240831,20240831_1_08,20240831_1_08_02,시선집중,0
20240831,20240831_1_08,20240831_1_08_03,비야리카,0
20240831,20240831_1_08,20240831_1_08_04,하트케이,0
20240831,20240831_1_08,20240831_1_08_05,캡틴타임,0
20240831,20240831_1_08,20240831_1_08_06,금악다이아,0
20240831,20240831_1_08,20240831_1_08_07,메니스피어,0
20240831,20240831_1_08,20240831_1_08_08,천마평정,0
20240831,20240831_1_08,20240831_1_08_09,포에이스,0
20240831,20240831_1_08,20240831_1_08_10,레이디하나비,1
20240831,20240831_1_09,20240831_1_09_01,산삼은함양,0
20240831,20240831_1_09,20240831_1_09_02,은빛돌풍,0
20240831,20240831_1_09,20240831_1_09_03,글로벌매직,1
20240831,20240831_1_09,20240831_1_09_04,다운더존,0
20240831,20240831_1_09,20240831_1_09_05,나이트참,0
20240831,20240831_1_09,20240831_1_09_06,제축이호,0
20240831,20240831_1_09,20240831_1_09_07,풍운지마,0
20240831,20240831_1_09,20240831_1_09_08,라온티모스,0
20240831,20240831_1_09,20240831_1_09_09,월드킹맨,0
20240831,20240831_1_09,20240831_1_09_10,아르고탑,0
20240831,20240831_1_10,20240831_1_10_01,시대의명작,0
20240831,20240831_1_10,20240831_1_10_02,뉴킹맨,0
20240831,20240831_1_10,20240831_1_10_03,퀸톱,0
20240831,20240831_1_10,20240831_1_10_04,선더에이원,1
20240831,20240831_1_10,20240831_1_10_05,선더호스,0
20240831,20240831_1_10,20240831_1_10_06,어나더레벨,0
20240831,20240831_1_10,20240831_1_10_07,송암드래건,0
20240831,20240831_1_10,20240831_1_10_08,퀵실버키튼,0
20240831,20240831_1_10,20240831_1_10_09,나노메타,0
20240831,20240831_1_10,20240831_1_10_10,서부챔프,0
20240831,20240831_1_11,20240831_1_11_01,주몽천하,0
20240831,20240831_1_11,20240831_1_11_02,벤칼프린세스,1
20240831,20240831_1_11,20240831_1_11_04,자이언트스텝,0
20240831,20240831_1_11,20240831_1_11_05,클럽디,0
20240831,20240831_1_11,20240831_1_11_06,굿니센,0
20240831,20240831_1_11,20240831_1_11_07,정우포에버,0
20240831,20240831_1_11,20240831_1_11_08,럭키파티,0
20240831,20240831_1_11,20240831_1_11_09,베스트토치,0
20240831,20240831_1_11,20240831_1_11_10,서니로드,0
20240901,20240901_1_01,20240901_1_01_01,엠지베스트,0
20240901,20240901_1_01,20240901_1_01_02,드리머위즈,0
20240901,20240901_1_01,20240901_1_01_03,원평스톰,1
20240901,20240901_1_01,20240901_1_01_04,천둥라이언,0
20240901,20240901_1_01,20240901_1_01_05,월드피플,0
20240901,20240901_1_01,20240901_1_01_06,사이클론파워,0
20240901,20240901_1_01,20240901_1_01_07,네이비캡틴,0
20240901,20240901_1_01,20240901_1_01_08,춤추는장미,0
20240901,20240901_1_02,20240901_1_02_01,레이디블루,0
20240901,20240901_1_02,20240901_1_02_02,원더풀에너지,1
20240901,20240901_1_02,20240901_1_02_03,논스톱열차,0
20240901,20240901_1_02,20240901_1_02_04,맥스에어리얼,0
20240901,20240901_1_02,20240901_1_02_06,슈퍼블루문,0
20240901,20240901_1_02,20240901_1_02_07,아이언레그,0
20240901,20240901_1_02,20240901_1_02_08,이스트스카이,0
20240901,20240901_1_02,20240901_1_02_09,케이파워풀,0
20240901,20240901_1_02,20240901_1_02_10,아씨장군,0
20240901,20240901_1_02,20240901_1_02_11,하이엔드,0
20240901,20240901_1_03,20240901_1_03_01,마루별,0
20240901,20240901_1_03,20240901_1_03_03,골드참,0
20240901,20240901_1_03,20240901_1_03_04,선갤런트,0
20240901,20240901_1_03,20240901_1_03_05,피엔에스미,0
20240901,20240901_1_03,20240901_1_03_06,크리솔크라운,0
20240901,20240901_1_03,20240901_1_03_07,한강캡틴,1
20240901,20240901_1_03,20240901_1_03_08,오푸스퍼플,0
20240901,20240901_1_03,20240901_1_03_09,나우엘리트,0
20240901,20240901_1_03,20240901_1_03_10,대명장,0
20240901,20240901_1_04,20240901_1_04_01,빈체로킹,0
20240901,20240901_1_04,20240901_1_04_02,컴플리트드림,0
20240901,20240901_1_04,20240901_1_04_03,하얀태양,0
20240901,20240901_1_04,20240901_1_04_04,퍼플신화,0
20240901,20240901_1_04,20240901_1_04_05,천지스카이,0
20240901,20240901_1_04,20240901_1_04_06,트로트퀸,0
20240901,20240901_1_04,20240901_1_04_07,볼린,1
20240901,20240901_1_04,20240901_1_04_08,맥스위크,0
20240901,20240901_1_04,20240901_1_04_09,글로벌클래스,0
20240901,20240901_1_04,20240901_1_04_10,바주카보이,0
20240901,20240901_1_04,20240901_1_04_11,이스트퀄리티,0
20240901,20240901_1_05,20240901_1_05_01,항구스타,0
20240901,20240901_1_05,20240901_1_05_02,스마트월드,0
20240901,20240901_1_05,20240901_1_05_03,강서브이,0
20240901,20240901_1_05,20240901_1_05_04,서울돌풍,1
20240901,20240901_1_05,20240901_1_05_05,히어로전사,0
20240901,20240901_1_05,20240901_1_05_06,용비퀸,0
20240901,20240901_1_05,20240901_1_05_07,비바청수,0
20240901,20240901_1_05,20240901_1_05_08,강철여걸,0
20240901,20240901_1_05,20240901_1_05_09,샤인볼트,0
20240901,20240901_1_05,20240901_1_05_10,퍼스트슈,0
20240901,20240901_1_05,20240901_1_05_11,엠케이리,0
20240901,20240901_1_06,20240901_1_06_01,스트렝스,1
20240901,20240901_1_06,20240901_1_06_02,스톰가이,0
20240901,20240901_1_06,20240901_1_06_03,함평파이터,0
20240901,20240901_1_06,20240901_1_06_04,천마불패,0
20240901,20240901_1_06,20240901_1_06_06,붉은폭풍,0
20240901,20240901_1_06,20240901_1_06_07,그린필스타,0
20240901,20240901_1_06,20240901_1_06_08,피엔에스날라,0
20240901,20240901_1_06,20240901_1_06_09,세명레이디,0
20240901,20240901_1_06,20240901_1_06_10,스마트별,0
20240901,20240901_1_06,20240901_1_06_11,오스틴리더,0
20240901,20240901_1_07,20240901_1_07_01,예술이야,0
20240901,20240901_1_07,20240901_1_07_02,걸작드림,0
20240901,20240901_1_07,20240901_1_07_03,유니콘킹덤,0
20240901,20240901_1_07,20240901_1_07_04,빛의카,0
20240901,20240901_1_07,20240901_1_07_05,원더풀제트,0
20240901,20240901_1_07,20240901_1_07_06,라온더판타,1
20240901,20240901_1_07,20240901_1_07_07,글로벌진격,0
20240901,20240901_1_07,20240901_1_07_08,금빛강호,0
20240901,20240901_1_07,20240901_1_07_09,스프링워터,0
20240901,20240901_1_07,20240901_1_07_10,레이디코디,0
20240901,20240901_1_07,20240901_1_07_11,금악진주,0
20240901,20240901_1_08,20240901_1_08_01,엔딩파이어,0
20240901,20240901_1_08,20240901_1_08_02,투어퀸,0
20240901,20240901_1_08,20240901_1_08_03,사랑왕자,0
20240901,20240901_1_08,20240901_1_08_04,창창삭스,0
20240901,20240901_1_08,20240901_1_08_05,천마포스,0
20240901,20240901_1_08,20240901_1_08_06,벨록스보이,1
20240901,20240901_1_08,20240901_1_08_07,매글데이,0
20240901,20240901_1_08,20240901_1_08_08,최고게임,0
20240901,20240901_1_08,20240901_1_08_09,마이티닉,0
20240901,20240901_1_08,20240901_1_08_10,거센진격,0
20240901,20240901_1_08,20240901_1_08_11,제다이포스,0
20240901,20240901_1_09,20240901_1_09_01,천지광풍,1
20240901,20240901_1_09,20240901_1_09_02,미스터퀄리티,0
20240901,20240901_1_09,20240901_1_09_03,어서말을해,0
20240901,20240901_1_09,20240901_1_09_04,선드래곤,0
20240901,20240901_1_09,20240901_1_09_05,장산포이즌,0
20240901,20240901_1_09,20240901_1_09_06,천둥호랑이,0
20240901,20240901_1_09,20240901_1_09_07,대완구,0
20240901,20240901_1_09,20240901_1_09_08,원평리스트,0
20240901,20240901_1_09,20240901_1_09_09,특급대로,0
20240901,20240901_1_09,20240901_1_09_10,엠제이베스트,0
20240901,20240901_1_09,20240901_1_09_11,럭키월드,0
20240901,20240901_1_10,20240901_1_10_01,문학태핏,0
20240901,20240901_1_10,20240901_1_10_02,스피디루키,0
20240901,20240901_1_10,20240901_1_10_03,순간터치,1
20240901,20240901_1_10,20240901_1_10_04,태평히어로,0
20240901,20240901_1_10,20240901_1_10_05,머니가락,0
20240901,20240901_1_10,20240901_1_10_06,컴플리트엔젤,0
20240901,20240901_1_10,20240901_1_10_07,물레방아,0
20240901,20240901_1_10,20240901_1_10_08,마이티탭,0
20240901,20240901_1_10,20240901_1_10_09,별나라질주,0
20240907,20240907_1_01,20240907_1_01_01,컴플리트타임,0
20240907,20240907_1_01,20240907_1_01_02,업타운위즈,1
20240907,20240907_1_01,20240907_1_01_03,머스탱파워,0
20240907,20240907_1_01,20240907_1_01_04,메가드래곤,0
20240907,20240907_1_01,20240907_1_01_05,콩코드스퍼트,0
20240907,20240907_1_01,20240907_1_01_06,타우루스퀸,0
20240907,20240907_1_01,20240907_1_01_07,바람의검,0
20240907,20240907_1_01,20240907_1_01_08,바덴바덴,0
20240907,20240907_1_01,20240907_1_01_09,매직아워,0
20240907,20240907_1_01,20240907_1_01_10,옐로우캣,0
20240907,20240907_1_01,20240907_1_01_11,짜릿한자유,0
20240907,20240907_1_01,20240907_1_01_12,바이킹하트,0
20240907,20240907_1_02,20240907_1_02_01,행복한문막,0
20240907,20240907_1_02,20240907_1_02_02,싱싱메리,0
20240907,20240907_1_02,20240907_1_02_03,논스톱선더,0
20240907,20240907_1_02,20240907_1_02_04,퓨리오사,0
20240907,20240907_1_02,20240907_1_02_05,기분좋은말,0
20240907,20240907_1_02,20240907_1_02_06,브라이트한센,0
20240907,20240907_1_02,20240907_1_02_07,다프네,0
20240907,20240907_1_02,20240907_1_02_08,금아얼루어,0
20240907,20240907_1_02,20240907_1_02_09,밀리언파티,0
20240907,20240907_1_02,20240907_1_02_10,스타터,1
20240907,20240907_1_03,20240907_1_03_01,천마비상,0
20240907,20240907_1_03,20240907_1_03_02,블루레몬,1
20240907,20240907_1_03,20240907_1_03_03,대물,0
20240907,20240907_1_03,20240907_1_03_04,케이엔스케치,0
20240907,20240907_1_03,20240907_1_03_05,글라디우스,0
20240907,20240907_1_03,20240907_1_03_06,럭셔리캡틴,0
20240907,20240907_1_03,20240907_1_03_07,스피드원,0
20240907,20240907_1_03,20240907_1_03_08,신한특송,0
20240907,20240907_1_03,20240907_1_03_09,드림플레이,0
20240907,20240907_1_03,20240907_1_03_10,그레이캣,0
20240907,20240907_1_03,20240907_1_03_11,슈퍼피니시,0
20240907,20240907_1_04,20240907_1_04_01,아이언삭스,0
20240907,20240907_1_04,20240907_1_04_02,걸작최강,0
20240907,20240907_1_04,20240907_1_04_03,노던타임,0
20240907,20240907_1_04,20240907_1_04_04,마이센터,0
20240907,20240907_1_04,20240907_1_04_06,드래곤스타,0
20240907,20240907_1_04,20240907_1_04_07,강풍마,0
20240907,20240907_1_04,20240907_1_04_08,울트라갤럭시,0
20240907,20240907_1_04,20240907_1_04_09,남산의별,0
20240907,20240907_1_04,20240907_1_04_10,라온더아리아,0
20240907,20240907_1_04,20240907_1_04_11,블랙벨트,0
20240907,20240907_1_04,20240907_1_04_12,발베니,0
20240907,20240907_1_04,20240907_1_04_13,컴플리트레벨,1
20240907,20240907_1_04,20240907_1_04_14,탑퀄리티,0
20240907,20240907_1_05,20240907_1_05_01,라온포레스트,0
20240907,20240907_1_05,20240907_1_05_02,[부산경남]글로벌태양,0
20240907,20240907_1_05,20240907_1_05_03,[부산경남]골든플러스,0
20240907,20240907_1_05,20240907_1_05_04,[부산경남]그래핀랩월드,0
20240907,20240907_1_05,20240907_1_05_05,연희일출,0
20240907,20240907_1_05,20240907_1_05_06,코스모,0
20240907,20240907_1_05,20240907_1_05_07,참좋은친구,0
20240907,20240907_1_05,20240907_1_05_08,원더풀슬루,0
20240907,20240907_1_05,20240907_1_05_09,걸작원,0
20240907,20240907_1_05,20240907_1_05_10,베스트천상,0
20240907,20240907_1_05,20240907_1_05_11,[부산경남]판타스틱우먼,0
20240907,20240907_1_05,20240907_1_05_12,[부산경남]즐거운여정,1
20240907,20240907_1_05,20240907_1_05_13,이클립스베리,0
20240907,20240907_1_05,20240907_1_05_14,크라운함성,0
20240907,20240907_1_05,20240907_1_05_15,원더풀키티,0
20240907,20240907_1_06,20240907_1_06_01,굿카보,0
20240907,20240907_1_06,20240907_1_06_02,스터닝스카이,0
20240907,20240907_1_06,20240907_1_06_03,컴플리트캡틴,0
20240907,20240907_1_06,20240907_1_06_04,글로벌코디,0
20240907,20240907_1_06,20240907_1_06_05,라온탑플레이,0
20240907,20240907_1_06,20240907_1_06_06,거센반격,0
20240907,20240907_1_06,20240907_1_06_07,강남불청객,1
20240907,20240907_1_06,20240907_1_06_08,바람의향기,0
20240907,20240907_1_06,20240907_1_06_09,제이에스로드,0
20240907,20240907_1_06,20240907_1_06_10,나인이글,0
20240907,20240907_1_06,20240907_1_06_11,우마포이,0
20240907,20240907_1_06,20240907_1_06_12,콩코드퀸,0
20240907,20240907_1_06,20240907_1_06_13,영광의월드,0
20240907,20240907_1_06,20240907_1_06_14,프레시맨,0
20240907,20240907_1_07,20240907_1_07_01,관악산레오,0
20240907,20240907_1_07,20240907_1_07_02,마이티큐,0
20240907,20240907_1_07,20240907_1_07_03,별나라비마,0
20240907,20240907_1_07,20240907_1_07_04,빅토리퀸,0
20240907,20240907_1_07,20240907_1_07_05,컴플리트하트,0
20240907,20240907_1_07,20240907_1_07_06,도깨비,1
20240907,20240907_1_07,20240907_1_07_07,월드베리언스,0
20240907,20240907_1_07,20240907_1_07_08,비에스파워,0
20240907,20240907_1_07,20240907_1_07_09,터보삭스,0
20240907,20240907_1_07,20240907_1_07_10,문학홀리데이,0
20240907,20240907_1_08,20240907_1_08_01,초원돌풍,0
20240907,20240907_1_08,20240907_1_08_02,드래곤케이,0
20240907,20240907_1_08,20240907_1_08_03,퍼니탭,0
20240907,20240907_1_08,20240907_1_08_04,실버레인,1
20240907,20240907_1_08,20240907_1_08_05,청산질주,0
20240907,20240907_1_08,20240907_1_08_06,걸작시대,0
20240907,20240907_1_08,20240907_1_08_07,원더풀노던,0
20240907,20240907_1_08,20240907_1_08_08,새내클래식,0
20240907,20240907_1_08,20240907_1_08_09,이클립스블랙,0
20240907,20240907_1_08,20240907_1_08_10,레몬케이,0
20240907,20240907_1_08,20240907_1_08_11,이클립스에지,0
20240907,20240907_1_09,20240907_1_09_01,신의여인,0
20240907,20240907_1_09,20240907_1_09_02,모모케이,0
20240907,20240907_1_09,20240907_1_09_03,베스트토르,0
20240907,20240907_1_09,20240907_1_09_04,천은총,0
20240907,20240907_1_09,20240907_1_09_05,용비수,0
20240907,20240907_1_09,20240907_1_09_06,스파클링,0
20240907,20240907_1_09,20240907_1_09_07,원평축제,0
20240907,20240907_1_09,20240907_1_09_08,킹고태양,0
20240907,20240907_1_09,20240907_1_09_09,매직스트롱,1
20240907,20240907_1_09,20240907_1_09_10,빅에너지,0
20240907,20240907_1_09,20240907_1_09_11,행운바람,0
20240907,20240907_1_10,20240907_1_10_01,장비대운,1
20240907,20240907_1_10,20240907_1_10_02,비전파워,0
20240907,20240907_1_10,20240907_1_10_03,대박스타,0
20240907,20240907_1_10,20240907_1_10_04,원더풀폭스,0
20240907,20240907_1_10,20240907_1_10_05,남산무적,0
20240907,20240907_1_10,20240907_1_10_06,리걸하이,0
20240907,20240907_1_10,20240907_1_10_07,원더풀퍼지,0
20240907,20240907_1_10,20240907_1_10_08,스마트삭스,0
20240907,20240907_1_10,20240907_1_10_09,스팔타,0
20240907,20240907_1_11,20240907_1_11_01,플라이데이,0
20240907,20240907_1_11,20240907_1_11_02,토호스카이,0
20240907,20240907_1_11,20240907_1_11_03,알사이먼,0
20240907,20240907_1_11,20240907_1_11_04,스타체인저,1
20240907,20240907_1_11,20240907_1_11_05,브라이트위너,0
20240907,20240907_1_11,20240907_1_11_06,라스트피치,0
20240907,20240907_1_11,20240907_1_11_07,아가판서스,0
20240907,20240907_1_11,20240907_1_11_08,달맞이,0
20240907,20240907_1_11,20240907_1_11_09,슬램드래곤,0
20240907,20240907_1_11,20240907_1_11_10,블랙건,0
20240908,20240908_1_01,20240908_1_01_01,가야스타,0
20240908,20240908_1_01,20240908_1_01_02,논스톱서브,0
20240908,20240908_1_01,20240908_1_01_03,걸작해피,0
20240908,20240908_1_01,20240908_1_01_04,원페이머스,0
20240908,20240908_1_01,20240908_1_01_05,몬탁선샤인,0
20240908,20240908_1_01,20240908_1_01_06,학산클리어,0
20240908,20240908_1_01,20240908_1_01_07,거센폭주,1
20240908,20240908_1_01,20240908_1_01_08,불의세계,0
20240908,20240908_1_01,20240908_1_01_09,블루드래곤,0
20240908,20240908_1_02,20240908_1_02_02,사하라로즈,0
20240908,20240908_1_02,20240908_1_02_03,캔버스엔고,0
20240908,20240908_1_02,20240908_1_02_04,용암스타,0
20240908,20240908_1_02,20240908_1_02_05,아메노,0
20240908,20240908_1_02,20240908_1_02_06,커맨딩리드,0
20240908,20240908_1_02,20240908_1_02_07,피엔에스지아,0
20240908,20240908_1_02,20240908_1_02_08,혜원용마,0
20240908,20240908_1_02,20240908_1_02_09,프로미스,1
20240908,20240908_1_02,20240908_1_02_10,럭키페이머스,0
20240908,20240908_1_02,20240908_1_02_11,매직사운드,0
20240908,20240908_1_03,20240908_1_03_01,용암기쁨,0
20240908,20240908_1_03,20240908_1_03_02,디바페스티벌,0
20240908,20240908_1_03,20240908_1_03_03,천공의섬,1
20240908,20240908_1_03,20240908_1_03_04,상임대표,0
20240908,20240908_1_03,20240908_1_03_05,코잉,0
20240908,20240908_1_03,20240908_1_03_06,런던골드,0
20240908,20240908_1_03,20240908_1_03_07,섀클보이,0
20240908,20240908_1_03,20240908_1_03_08,강철드래곤,0
20240908,20240908_1_03,20240908_1_03_09,프로시드,0
20240908,20240908_1_03,20240908_1_03_10,금성파워,0
20240908,20240908_1_03,20240908_1_03_11,히어로나라,0
20240908,20240908_1_04,20240908_1_04_01,크로마이트,0
20240908,20240908_1_04,20240908_1_04_02,최강현마,0
20240908,20240908_1_04,20240908_1_04_03,승리공주,0
20240908,20240908_1_04,20240908_1_04_04,하트시그널,0
20240908,20240908_1_04,20240908_1_04_05,빅블레드,1
20240908,20240908_1_04,20240908_1_04_06,신의운명,0
20240908,20240908_1_04,20240908_1_04_07,골드뭉치,0
20240908,20240908_1_04,20240908_1_04_08,제로백포,0
20240908,20240908_1_05,20240908_1_05_01,쇠와꽃,0
20240908,20240908_1_05,20240908_1_05_02,청계기상,0
20240908,20240908_1_05,20240908_1_05_03,라온더클래머,0
20240908,20240908_1_05,20240908_1_05_04,다나은렉스,0
20240908,20240908_1_05,20240908_1_05_05,배다리쾌검,0
20240908,20240908_1_05,20240908_1_05_06,행복여전사,0
20240908,20240908_1_05,20240908_1_05_07,베스트마야,1
20240908,20240908_1_05,20240908_1_05_08,나올시대,0
20240908,20240908_1_05,20240908_1_05_09,대륜시대,0
20240908,20240908_1_05,20240908_1_05_10,마이선더,0
20240908,20240908_1_06,20240908_1_06_01,[부산경남]예스퍼펙트,0
20240908,20240908_1_06,20240908_1_06_03,섬싱로스트,0
20240908,20240908_1_06,20240908_1_06_04,블랙머스크,0
20240908,20240908_1_06,20240908_1_06_05,모르피스,0
20240908,20240908_1_06,20240908_1_06_06,어마어마,0
20240908,20240908_1_06,20240908_1_06_07,리메이크,1
20240908,20240908_1_06,20240908_1_06_08,재스퍼크로네,0
20240908,20240908_1_06,20240908_1_06_09,[부산경남]스피드영,0
20240908,20240908_1_06,20240908_1_06_10,[부산경남]벌마의스타,0
20240908,20240908_1_06,20240908_1_06_11,아나키스트,0
20240908,20240908_1_06,20240908_1_06_12,[부산경남]강서자이언트,0
20240908,20240908_1_06,20240908_1_06_13,빈체로카발로,0
20240908,20240908_1_06,20240908_1_06_14,[부산경남]대망의길,0
20240908,20240908_1_06,20240908_1_06_15,대한질주,0
20240908,20240908_1_06,20240908_1_06_16,라온더포인트,0
20240908,20240908_1_07,20240908_1_07_01,[부산경남]위너스맨,0
20240908,20240908_1_07,20240908_1_07_02,[부산경남]글로벌히트,0
20240908,20240908_1_07,20240908_1_07_03,빅스고,0
20240908,20240908_1_07,20240908_1_07_04,라이트워리어,0
20240908,20240908_1_07,20240908_1_07_06,흑전사,0
20240908,20240908_1_07,20240908_1_07_07,심장의고동,0
20240908,20240908_1_07,20240908_1_07_08,윌슨테소로,0
20240908,20240908_1_07,20240908_1_07_09,몬탁챗,0
20240908,20240908_1_07,20240908_1_07_10,[부산경남]갤럭시로드,0
20240908,20240908_1_07,20240908_1_07_11,크라운프라이드,1
20240908,20240908_1_08,20240908_1_08_01,학산마초,1
20240908,20240908_1_08,20240908_1_08_02,쏘아라투투,0
20240908,20240908_1_08,20240908_1_08_03,네모프린스,0
20240908,20240908_1_08,20240908_1_08_04,멋진강호,0
20240908,20240908_1_08,20240908_1_08_05,서천라이언,0
20240908,20240908_1_08,20240908_1_08_06,빛나는질주,0
20240908,20240908_1_08,20240908_1_08_07,대흥클래스,0
20240908,20240908_1_08,20240908_1_08_08,금악스타,0
20240908,20240908_1_08,20240908_1_08_09,명진불패,0
20240908,20240908_1_08,20240908_1_08_10,찬란한불꽃,0
20240908,20240908_1_09,20240908_1_09_01,머니장군,0
20240908,20240908_1_09,20240908_1_09_02,나이스빅걸,0
20240908,20240908_1_09,20240908_1_09_03,마이티짱,0
20240908,20240908_1_09,20240908_1_09_04,은파챔피언,1
20240908,20240908_1_09,20240908_1_09_05,쾌향,0
20240908,20240908_1_09,20240908_1_09_06,톱클래스,0
20240908,20240908_1_09,20240908_1_09_07,퍼지데이,0
20240908,20240908_1_09,20240908_1_09_08,드론킬러,0
20240908,20240908_1_09,20240908_1_09_09,신의이름,0
20240908,20240908_1_09,20240908_1_09_10,선더드림,0
20240908,20240908_1_09,20240908_1_09_11,리버태양,0
20240914,20240914_1_01,20240914_1_01_01,스파르탄,0
20240914,20240914_1_01,20240914_1_01_02,걸작축제,0
20240914,20240914_1_01,20240914_1_01_03,이스트강적,0
20240914,20240914_1_01,20240914_1_01_04,밍키핑키,0
20240914,20240914_1_01,20240914_1_01_05,학산카이로,0
20240914,20240914_1_01,20240914_1_01_06,청해스타,0
20240914,20240914_1_01,20240914_1_01_07,퍼펙트다나은,0
20240914,20240914_1_01,20240914_1_01_08,글로벌서브,0
20240914,20240914_1_01,20240914_1_01_09,아쿠아라인,1
20240914,20240914_1_01,20240914_1_01_10,라온니진스키,0
20240914,20240914_1_01,20240914_1_01_11,베스트샤크,0
20240914,20240914_1_01,20240914_1_01_12,마니노다지,0
20240914,20240914_1_02,20240914_1_02_01,두손으뜸,0
20240914,20240914_1_02,20240914_1_02_02,관악산원더풀,0
20240914,20240914_1_02,20240914_1_02_03,하이클래스,0
20240914,20240914_1_02,20240914_1_02_04,파이널축배,0
20240914,20240914_1_02,20240914_1_02_05,큐피드케이,0
20240914,20240914_1_02,20240914_1_02_06,스마트테이크,0
20240914,20240914_1_02,20240914_1_02_07,한센브레이싱,0
20240914,20240914_1_02,20240914_1_02_08,블러싱로즈,1
20240914,20240914_1_02,20240914_1_02_09,알파피메일,0
20240914,20240914_1_02,20240914_1_02_10,고스트게일,0
20240914,20240914_1_02,20240914_1_02_11,퀸다이아,0
20240914,20240914_1_03,20240914_1_03_01,하이퍼엑스,0
20240914,20240914_1_03,20240914_1_03_02,헤븐챗,0
20240914,20240914_1_03,20240914_1_03_03,페퍼엑스,0
20240914,20240914_1_03,20240914_1_03_04,관악산오투,0
20240914,20240914_1_03,20240914_1_03_05,자체발광,0
20240914,20240914_1_03,20240914_1_03_06,스마일링프린스,0
20240914,20240914_1_03,20240914_1_03_07,어퓨어굿우먼,1
20240914,20240914_1_03,20240914_1_03_08,메이저크라운,0
20240914,20240914_1_03,20240914_1_03_09,축배를들어라,0
20240914,20240914_1_03,20240914_1_03_10,윈캐처,0
20240914,20240914_1_03,20240914_1_03_11,마이티네오,0
20240914,20240914_1_03,20240914_1_03_12,브리도시리스,0
20240914,20240914_1_04,20240914_1_04_01,당대초월,0
20240914,20240914_1_04,20240914_1_04_02,스마트노션,0
20240914,20240914_1_04,20240914_1_04_03,영원자이언트,0
20240914,20240914_1_04,20240914_1_04_04,맥스파티,1
20240914,20240914_1_04,20240914_1_04_05,포에틱누비,0
20240914,20240914_1_04,20240914_1_04_06,질풍재즈,0
20240914,20240914_1_04,20240914_1_04_07,투에이스,0
20240914,20240914_1_04,20240914_1_04_08,플라잉럭키,0
20240914,20240914_1_04,20240914_1_04_09,필승마,0
20240914,20240914_1_04,20240914_1_04_10,폭스트롯,0
20240914,20240914_1_05,20240914_1_05_01,호세,0
20240914,20240914_1_05,20240914_1_05_02,피엔에스파,0
20240914,20240914_1_05,20240914_1_05_03,메리트선샤인,0
20240914,20240914_1_05,20240914_1_05_04,빛의순간,0
20240914,20240914_1_05,20240914_1_05_05,신의블루,0
20240914,20240914_1_05,20240914_1_05_06,질주천하,0
20240914,20240914_1_05,20240914_1_05_07,옥천윈스타,0
20240914,20240914_1_05,20240914_1_05_08,히어로질주,0
20240914,20240914_1_05,20240914_1_05_09,미스콩코드,1
20240914,20240914_1_05,20240914_1_05_10,스페셜루비,0
20240914,20240914_1_06,20240914_1_06_01,에클레어,1
20240914,20240914_1_06,20240914_1_06_02,서전트라이트,0
20240914,20240914_1_06,20240914_1_06_03,히어로챔프,0
20240914,20240914_1_06,20240914_1_06_04,한우리,0
20240914,20240914_1_06,20240914_1_06_05,금성탈환,0
20240914,20240914_1_06,20240914_1_06_06,피엔에스주,0
20240914,20240914_1_06,20240914_1_06_07,학산대세,0
20240914,20240914_1_06,20240914_1_06_08,희망밴드,0
20240914,20240914_1_06,20240914_1_06_09,캡틴뮤직,0
20240914,20240914_1_06,20240914_1_06_10,에클레어파워,0
20240914,20240914_1_07,20240914_1_07_01,스케일킹,0
20240914,20240914_1_07,20240914_1_07_02,내길의위너,1
20240914,20240914_1_07,20240914_1_07_03,바로다나은,0
20240914,20240914_1_07,20240914_1_07_04,송암스카이,0
20240914,20240914_1_07,20240914_1_07_05,크레이지샤,0
20240914,20240914_1_07,20240914_1_07_06,솔레어,0
20240914,20240914_1_07,20240914_1_07_07,마루장군,0
20240914,20240914_1_07,20240914_1_07_08,아카펠,0
20240914,20240914_1_07,20240914_1_07_09,가나파워,0
20240914,20240914_1_07,20240914_1_07_10,이스트라이징,0
20240914,20240914_1_07,20240914_1_07_11,모닝볼드,0
20240914,20240914_1_08,20240914_1_08_01,마이티봄,0
20240914,20240914_1_08,20240914_1_08_02,원더풀웰스,0
20240914,20240914_1_08,20240914_1_08_03,테마탄생,0
20240914,20240914_1_08,20240914_1_08_04,파사루봉,0
20240914,20240914_1_08,20240914_1_08_05,투아레그나인,0
20240914,20240914_1_08,20240914_1_08_06,원더풀스피릿,0
20240914,20240914_1_08,20240914_1_08_07,카스,0
20240914,20240914_1_08,20240914_1_08_08,아름다운사이,0
20240914,20240914_1_08,20240914_1_08_09,머스퀸플라이,0
20240914,20240914_1_08,20240914_1_08_10,명성축제,1
20240914,20240914_1_08,20240914_1_08_11,대물삭스,0
20240914,20240914_1_09,20240914_1_09_01,스파크선더,1
20240914,20240914_1_09,20240914_1_09_02,레전드선,0
20240914,20240914_1_09,20240914_1_09_03,블러드마운틴,0
20240914,20240914_1_09,20240914_1_09_04,드래곤스퀘어,0
20240914,20240914_1_09,20240914_1_09_05,스마일골드,0
20240914,20240914_1_09,20240914_1_09_06,퍼펙트건맨,0
20240914,20240914_1_09,20240914_1_09_07,케이엔티즈원,0
20240914,20240914_1_09,20240914_1_09_08,컴플리트럭키,0
20240914,20240914_1_09,20240914_1_09_09,블랙스펙터,0
20240914,20240914_1_09,20240914_1_09_10,선더호스,0
20240914,20240914_1_09,20240914_1_09_11,화씨벽,0
20240914,20240914_1_10,20240914_1_10_01,청산영웅,0
20240914,20240914_1_10,20240914_1_10_02,홀리데이참,0
20240914,20240914_1_10,20240914_1_10_03,모닝프린스,0
20240914,20240914_1_10,20240914_1_10_04,에이피파텍,0
20240914,20240914_1_10,20240914_1_10_05,세이렌,0
20240914,20240914_1_10,20240914_1_10_06,불의날개,0
20240914,20240914_1_10,20240914_1_10_07,아침함성,0
20240914,20240914_1_10,20240914_1_10_08,자이언트엠,0
20240914,20240914_1_10,20240914_1_10_09,금세다,0
20240914,20240914_1_10,20240914_1_10_10,럭키파워,0
20240914,20240914_1_10,20240914_1_10_11,패스트트랙,1
20240914,20240914_1_11,20240914_1_11_01,머니크라운,0
20240914,20240914_1_11,20240914_1_11_02,이스트반,0
20240914,20240914_1_11,20240914_1_11_03,아메리카골드,1
20240914,20240914_1_11,20240914_1_11_04,퀴클리런,0
20240914,20240914_1_11,20240914_1_11_05,원더풀데블,0
20240914,20240914_1_11,20240914_1_11_06,원더풀인디,0
20240914,20240914_1_11,20240914_1_11_07,서울탱크,0
20240914,20240914_1_11,20240914_1_11_08,스포블레이드,0
20240914,20240914_1_11,20240914_1_11_09,원평코드,0
20240915,20240915_1_01,20240915_1_01_01,스팅제트,1
20240915,20240915_1_01,20240915_1_01_02,문학보이,0
20240915,20240915_1_01,20240915_1_01_03,연희히어로,0
20240915,20240915_1_01,20240915_1_01_04,라온노던댄스,0
20240915,20240915_1_01,20240915_1_01_05,황금마스크,0
20240915,20240915_1_01,20240915_1_01_06,글로벌타임,0
20240915,20240915_1_01,20240915_1_01_07,은파뮤직,0
20240915,20240915_1_01,20240915_1_01_08,안양기쁨,0
20240915,20240915_1_01,20240915_1_01_09,라온스필레타,0
20240915,20240915_1_01,20240915_1_01_10,관악산체크인,0
20240915,20240915_1_02,20240915_1_02_01,브리도트로피,0
20240915,20240915_1_02,20240915_1_02_02,대원용마,0
20240915,20240915_1_02,20240915_1_02_03,퍼지루비,0
20240915,20240915_1_02,20240915_1_02_04,한강패션드,0
20240915,20240915_1_02,20240915_1_02_05,오렌지타임,0
20240915,20240915_1_02,20240915_1_02_07,블랙러시안,0
20240915,20240915_1_02,20240915_1_02_08,영원판타스틱,0
20240915,20240915_1_02,20240915_1_02_09,피엔에스스틱,0
20240915,20240915_1_02,20240915_1_02_10,사이클론스타,0
20240915,20240915_1_02,20240915_1_02_11,남산미남,1
20240915,20240915_1_03,20240915_1_03_01,피엔에스미,0
20240915,20240915_1_03,20240915_1_03_02,내추럴사운드,0
20240915,20240915_1_03,20240915_1_03_03,코스모킹,0
20240915,20240915_1_03,20240915_1_03_04,마루별,0
20240915,20240915_1_03,20240915_1_03_06,투투선더,0
20240915,20240915_1_03,20240915_1_03_07,강철부대,0
20240915,20240915_1_03,20240915_1_03_08,유테이크,0
20240915,20240915_1_03,20240915_1_03_09,라온히트맨,0
20240915,20240915_1_03,20240915_1_03_10,골드참,0
20240915,20240915_1_03,20240915_1_03_11,매직임팩트,1
20240915,20240915_1_04,20240915_1_04_01,퍼스트슈,0
20240915,20240915_1_04,20240915_1_04_02,용비파워,0
20240915,20240915_1_04,20240915_1_04_03,바람살,1
20240915,20240915_1_04,20240915_1_04_04,레전드탑,0
20240915,20240915_1_04,20240915_1_04_05,당찬대보,0
20240915,20240915_1_04,20240915_1_04_06,매직프린스,0
20240915,20240915_1_04,20240915_1_04_07,천장사,0
20240915,20240915_1_04,20240915_1_04_08,레인스타,0
20240915,20240915_1_04,20240915_1_04_09,골든스나이퍼,0
20240915,20240915_1_04,20240915_1_04_10,오섬브레인,0
20240915,20240915_1_04,20240915_1_04_11,당찬낭보,0
20240915,20240915_1_05,20240915_1_05_01,라이징모,0
20240915,20240915_1_05,20240915_1_05_02,한강퍼펙트,1
20240915,20240915_1_05,20240915_1_05_03,미스터파워,0
20240915,20240915_1_05,20240915_1_05_04,핑크골드,0
20240915,20240915_1_05,20240915_1_05_05,천구챗,0
20240915,20240915_1_05,20240915_1_05_06,부강질주,0
20240915,20240915_1_05,20240915_1_05_07,벨로테로,0
20240915,20240915_1_05,20240915_1_05_08,네이비크롬,0
20240915,20240915_1_05,20240915_1_05_09,청량산,0
20240915,20240915_1_05,20240915_1_05_10,엘도라도놀부,0
20240915,20240915_1_05,20240915_1_05_11,세명레이디,0
20240915,20240915_1_06,20240915_1_06_01,메니참,0
20240915,20240915_1_06,20240915_1_06_02,호명퀸,1
20240915,20240915_1_06,20240915_1_06_03,머니터치,0
20240915,20240915_1_06,20240915_1_06_04,원평광야,0
20240915,20240915_1_06,20240915_1_06_05,제우시대,0
20240915,20240915_1_06,20240915_1_06_06,샤프선샤인,0
20240915,20240915_1_06,20240915_1_06_07,꿈의향기,0
20240915,20240915_1_06,20240915_1_06_08,태평무,0
20240915,20240915_1_06,20240915_1_06_09,에클레어스타,0
20240915,20240915_1_06,20240915_1_06_10,토호마켓,0
20240915,20240915_1_06,20240915_1_06_11,성실여걸,0
20240915,20240915_1_07,20240915_1_07_01,러브카우걸,0
20240915,20240915_1_07,20240915_1_07_02,굿선봉,0
20240915,20240915_1_07,20240915_1_07_03,장군별,0
20240915,20240915_1_07,20240915_1_07_04,섀도헌터,0
20240915,20240915_1_07,20240915_1_07_05,매글데이,0
20240915,20240915_1_07,20240915_1_07_06,라파예트,0
20240915,20240915_1_07,20240915_1_07_07,골드베르크,0
20240915,20240915_1_07,20240915_1_07_08,라온스프린터,0
20240915,20240915_1_07,20240915_1_07_09,퍼지킹,0
20240915,20240915_1_07,20240915_1_07_10,금전사,1
20240915,20240915_1_07,20240915_1_07_11,아크로마린,0
20240915,20240915_1_08,20240915_1_08_01,섀클포인트,0
20240915,20240915_1_08,20240915_1_08_02,젠틀야라,0
20240915,20240915_1_08,20240915_1_08_03,럭키붐,0
20240915,20240915_1_08,20240915_1_08_04,메이킹스토리,1
20240915,20240915_1_08,20240915_1_08_05,스페셜힐,0
20240915,20240915_1_08,20240915_1_08_06,스카이함성,0
20240915,20240915_1_08,20240915_1_08_07,나노마신,0
20240915,20240915_1_08,20240915_1_08_08,새내파워풀,0
20240915,20240915_1_08,20240915_1_08_09,파워에치드,0
20240915,20240915_1_08,20240915_1_08_10,글로벌럭키,0
20240915,20240915_1_08,20240915_1_08_11,티즈에너지,0
20240915,20240915_1_09,20240915_1_09_01,광양으뜸,0
20240915,20240915_1_09,20240915_1_09_02,글로벌강타,0
20240915,20240915_1_09,20240915_1_09_03,하이러너,0
20240915,20240915_1_09,20240915_1_09_04,라온더맨,1
20240915,20240915_1_09,20240915_1_09_05,은혜,0
20240915,20240915_1_09,20240915_1_09_06,미라클한강,0
20240915,20240915_1_09,20240915_1_09_07,문학이글,0
20240915,20240915_1_09,20240915_1_09_08,한강보스,0
20240915,20240915_1_09,20240915_1_09_09,국대파이터,0
20240915,20240915_1_09,20240915_1_09_10,런던액티브,0
20240915,20240915_1_09,20240915_1_09_11,용비서울,0
20240915,20240915_1_10,20240915_1_10_01,원평가속,0
20240915,20240915_1_10,20240915_1_10_02,포에버드림,0
20240915,20240915_1_10,20240915_1_10_03,승부사,0
20240915,20240915_1_10,20240915_1_10_04,굿필승,1
20240915,20240915_1_10,20240915_1_10_05,아르고스마일,0
20240915,20240915_1_10,20240915_1_10_06,울프플레이,0
20240915,20240915_1_10,20240915_1_10_07,볼트맨,0
20240915,20240915_1_10,20240915_1_10_08,용암보스,0
20240915,20240915_1_10,20240915_1_10_09,리월마,0
20240915,20240915_1_10,20240915_1_10_10,도끼불패,0
20240928,20240928_1_01,20240928_1_01_01,원더풀새치,0
20240928,20240928_1_01,20240928_1_01_02,과천퀸,0
20240928,20240928_1_01,20240928_1_01_03,걸작크로우,0
20240928,20240928_1_01,20240928_1_01_04,엘도라도파티,0
20240928,20240928_1_01,20240928_1_01_05,대항비마,0
20240928,20240928_1_01,20240928_1_01_06,거센지존,0
20240928,20240928_1_01,20240928_1_01_07,라온더케이샤,0
20240928,20240928_1_01,20240928_1_01_08,금빛러너,0
20240928,20240928_1_01,20240928_1_01_09,용암사랑,0
20240928,20240928_1_01,20240928_1_01_10,마이티아미,1
20240928,20240928_1_01,20240928_1_01_11,레이스로즈,0
20240928,20240928_1_01,20240928_1_01_12,행복한승부,0
20240928,20240928_1_02,20240928_1_02_01,원펀치드래곤,0
20240928,20240928_1_02,20240928_1_02_02,태평레전드,1
20240928,20240928_1_02,20240928_1_02_03,리멤버어게인,0
20240928,20240928_1_02,20240928_1_02_04,섬싱다크,0
20240928,20240928_1_02,20240928_1_02_06,스마트뮤직,0
20240928,20240928_1_02,20240928_1_02_07,서울빙고,0
20240928,20240928_1_02,20240928_1_02_08,우승진리,0
20240928,20240928_1_02,20240928_1_02_09,하이크라운,0
20240928,20240928_1_02,20240928_1_02_11,찬페이머스,0
20240928,20240928_1_02,20240928_1_02_12,두손오픈,0
20240928,20240928_1_03,20240928_1_03_01,마이티조이,0
20240928,20240928_1_03,20240928_1_03_02,프라임크라운,0
20240928,20240928_1_03,20240928_1_03_03,용비히어로,0
20240928,20240928_1_03,20240928_1_03_04,파이널케이,1
20240928,20240928_1_03,20240928_1_03_05,핵다이아,0
20240928,20240928_1_03,20240928_1_03_06,위즈임파서블,0
20240928,20240928_1_03,20240928_1_03_07,엘도라도해남,0
20240928,20240928_1_03,20240928_1_03_08,정상해돋이,0
20240928,20240928_1_03,20240928_1_03_09,하이퍼선더,0
20240928,20240928_1_03,20240928_1_03_10,콩나물,0
20240928,20240928_1_03,20240928_1_03_11,코리안드림,0
20240928,20240928_1_03,20240928_1_03_12,월드피플,0
20240928,20240928_1_04,20240928_1_04_01,베스트킹덤,0
20240928,20240928_1_04,20240928_1_04_02,나우엘리트,0
20240928,20240928_1_04,20240928_1_04_03,에버더크라운,0
20240928,20240928_1_04,20240928_1_04_04,케이파워풀,1
20240928,20240928_1_04,20240928_1_04_05,용암스타,0
20240928,20240928_1_04,20240928_1_04_06,플래시골드,0
20240928,20240928_1_04,20240928_1_04_07,아놀드퀸,0
20240928,20240928_1_04,20240928_1_04_08,메가스텝,0
20240928,20240928_1_04,20240928_1_04_09,사바나찰리,0
20240928,20240928_1_04,20240928_1_04_10,선더스톰,0
20240928,20240928_1_04,20240928_1_04_11,트레비트,0
20240928,20240928_1_05,20240928_1_05_01,레전드탄생,0
20240928,20240928_1_05,20240928_1_05_02,용암칸타카,0
20240928,20240928_1_05,20240928_1_05_03,비트도깨비,0
20240928,20240928_1_05,20240928_1_05_04,용비태양,1
20240928,20240928_1_05,20240928_1_05_05,킹워리어,0
20240928,20240928_1_05,20240928_1_05_06,리걸참,0
20240928,20240928_1_05,20240928_1_05_07,슈퍼블루문,0
20240928,20240928_1_05,20240928_1_05_08,파워몬스터,0
20240928,20240928_1_05,20240928_1_05_09,거마의기적,0
20240928,20240928_1_05,20240928_1_05_10,해맞이,0
20240928,20240928_1_05,20240928_1_05_11,걸작스타,0
20240928,20240928_1_06,20240928_1_06_01,스터닝서브,1
20240928,20240928_1_06,20240928_1_06_02,피엔에스미,0
20240928,20240928_1_06,20240928_1_06_03,주얼리패션,0
20240928,20240928_1_06,20240928_1_06_04,새내파크,0
20240928,20240928_1_06,20240928_1_06_05,논스톱열차,0
20240928,20240928_1_06,20240928_1_06_06,대명장,0
20240928,20240928_1_06,20240928_1_06_07,강철파워,0
20240928,20240928_1_06,20240928_1_06_08,블랙시대,0
20240928,20240928_1_06,20240928_1_06_09,강철드래곤,0
20240928,20240928_1_06,20240928_1_06_10,아메노,0
20240928,20240928_1_06,20240928_1_06_11,마루별,0
20240928,20240928_1_07,20240928_1_07_01,그루퍼,0
20240928,20240928_1_07,20240928_1_07_02,바주카보이,0
20240928,20240928_1_07,20240928_1_07_03,토네르,0
20240928,20240928_1_07,20240928_1_07_04,금성환희,0
20240928,20240928_1_07,20240928_1_07_05,플랜비,0
20240928,20240928_1_07,20240928_1_07_06,희망의찬가,0
20240928,20240928_1_07,20240928_1_07_07,빛나는질주,0
20240928,20240928_1_07,20240928_1_07_08,한강캡틴,0
20240928,20240928_1_07,20240928_1_07_09,에덴의동쪽,0
20240928,20240928_1_07,20240928_1_07_10,비트레이서,0
20240928,20240928_1_07,20240928_1_07_11,백룡,1
20240928,20240928_1_08,20240928_1_08_01,찬이고,0
20240928,20240928_1_08,20240928_1_08_02,메타,0
20240928,20240928_1_08,20240928_1_08_03,메니샤크,0
20240928,20240928_1_08,20240928_1_08_04,스터닝퀸,1
20240928,20240928_1_08,20240928_1_08_05,민트플레이,0
20240928,20240928_1_08,20240928_1_08_06,아씨장군,0
20240928,20240928_1_08,20240928_1_08_07,드림스카이,0
20240928,20240928_1_08,20240928_1_08_08,미스도르티,0
20240928,20240928_1_08,20240928_1_08_09,미스파이널,0
20240928,20240928_1_08,20240928_1_08_10,선더여걸,0
20240928,20240928_1_08,20240928_1_08_11,거센여제,0
20240928,20240928_1_09,20240928_1_09_01,울트라히트,0
20240928,20240928_1_09,20240928_1_09_02,우루스칸,1
20240928,20240928_1_09,20240928_1_09_03,보름달빛,0
20240928,20240928_1_09,20240928_1_09_04,금세,0
20240928,20240928_1_09,20240928_1_09_05,미스터트롯,0
20240928,20240928_1_09,20240928_1_09_06,울트라삭스,0
20240928,20240928_1_09,20240928_1_09_07,한센스타,0
20240928,20240928_1_09,20240928_1_09_08,원더풀로드,0
20240928,20240928_1_09,20240928_1_09_09,태평파이터,0
20240928,20240928_1_09,20240928_1_09_10,화산귀환,0
20240928,20240928_1_09,20240928_1_09_11,샤인온미,0
20240928,20240928_1_10,20240928_1_10_01,네이비캡틴,0
20240928,20240928_1_10,20240928_1_10_02,우왕륭,0
20240928,20240928_1_10,20240928_1_10_03,마터호른케이,0
20240928,20240928_1_10,20240928_1_10_04,미스큐피드,0
20240928,20240928_1_10,20240928_1_10_05,원평스톰,1
20240928,20240928_1_10,20240928_1_10_06,마이티닉,0
20240928,20240928_1_10,20240928_1_10_07,락시,0
20240928,20240928_1_10,20240928_1_10_08,슈퍼선더,0
20240928,20240928_1_10,20240928_1_10_09,산본쓰나미,0
20240928,20240928_1_10,20240928_1_10_10,글로리시티,0
20240928,20240928_1_10,20240928_1_10_11,블레이밍워,0
20240928,20240928_1_11,20240928_1_11_01,우루스퀸,0
20240928,20240928_1_11,20240928_1_11_02,펀크레이지,0
20240928,20240928_1_11,20240928_1_11_03,만대로,0
20240928,20240928_1_11,20240928_1_11_04,홀리데이참,0
20240928,20240928_1_11,20240928_1_11_05,메타블레이드,0
20240928,20240928_1_11,20240928_1_11_06,서니로드,0
20240928,20240928_1_11,20240928_1_11_07,플라잉스타,1
20240928,20240928_1_11,20240928_1_11_08,골든아너,0
20240928,20240928_1_11,20240928_1_11_09,빅토리히트,0
20240928,20240928_1_11,20240928_1_11_10,마이티숀,0
20240928,20240928_1_11,20240928_1_11_11,힐링헤이븐,0
20240929,20240929_1_03,20240929_1_03_01,커맨드블루,0
20240929,20240929_1_03,20240929_1_03_02,용암기쁨,0
20240929,20240929_1_03,20240929_1_03_03,가문파티,0
20240929,20240929_1_03,20240929_1_03_04,이글윙즈,0
20240929,20240929_1_03,20240929_1_03_05,크리솔메이저,0
20240929,20240929_1_03,20240929_1_03_06,소프트파워,1
20240929,20240929_1_03,20240929_1_03_07,원더풀동촌,0
20240929,20240929_1_03,20240929_1_03_08,맥스라이트닝,0
20240929,20240929_1_03,20240929_1_03_09,캡틴뮤직,0
20240929,20240929_1_03,20240929_1_03_10,엘도라도흥부,0
20240929,20240929_1_03,20240929_1_03_11,스플렌디드,0
20240929,20240929_1_04,20240929_1_04_01,엘리트보스,0
20240929,20240929_1_04,20240929_1_04_02,강철여걸,0
20240929,20240929_1_04,20240929_1_04_03,대성스타,0
20240929,20240929_1_04,20240929_1_04_04,클레어골드,0
20240929,20240929_1_04,20240929_1_04_05,손에손잡고,0
20240929,20240929_1_04,20240929_1_04_06,용비천,0
20240929,20240929_1_04,20240929_1_04_07,서울불청객,1
20240929,20240929_1_04,20240929_1_04_08,음성파워,0
20240929,20240929_1_04,20240929_1_04_09,맥스탱고,0
20240929,20240929_1_04,20240929_1_04_10,정상히트,0
20240929,20240929_1_04,20240929_1_04_11,큐피드미르,0
20240929,20240929_1_05,20240929_1_05_01,걸작선,0
20240929,20240929_1_05,20240929_1_05_02,탐라최강자,0
20240929,20240929_1_05,20240929_1_05_03,굿파이터,1
20240929,20240929_1_05,20240929_1_05_04,정성바이스,0
20240929,20240929_1_05,20240929_1_05_05,엑설런트탄,0
20240929,20240929_1_05,20240929_1_05_06,금성여제,0
20240929,20240929_1_05,20240929_1_05_07,원평광야,0
20240929,20240929_1_05,20240929_1_05_08,라온더클리퍼,0
20240929,20240929_1_05,20240929_1_05_09,영웅자룡,0
20240929,20240929_1_05,20240929_1_05_10,나올대왕,0
20240929,20240929_1_05,20240929_1_05_11,아치러너,0
20240929,20240929_1_06,20240929_1_06_01,고마나루,0
20240929,20240929_1_06,20240929_1_06_02,히어로퀸,0
20240929,20240929_1_06,20240929_1_06_03,새로운빛깔,0
20240929,20240929_1_06,20240929_1_06_04,퍼플윙크,0
20240929,20240929_1_06,20240929_1_06_05,용암마렝고,0
20240929,20240929_1_06,20240929_1_06_06,블루인디,0
20240929,20240929_1_06,20240929_1_06_07,퀸톱,0
20240929,20240929_1_06,20240929_1_06_08,불화산,0
20240929,20240929_1_06,20240929_1_06_09,토르의망치,0
20240929,20240929_1_06,20240929_1_06_10,나라올라,1
20240929,20240929_1_06,20240929_1_06_11,데블케이,0
20240929,20240929_1_07,20240929_1_07_01,업타운위즈,0
20240929,20240929_1_07,20240929_1_07_02,파이어파워,0
20240929,20240929_1_07,20240929_1_07_03,은파사랑,0
20240929,20240929_1_07,20240929_1_07_04,늘가을,1
20240929,20240929_1_07,20240929_1_07_05,스톰브레이커,0
20240929,20240929_1_07,20240929_1_07_06,우승콩코드,0
20240929,20240929_1_07,20240929_1_07_07,월드참,0
20240929,20240929_1_07,20240929_1_07_08,하이그랜드,0
20240929,20240929_1_07,20240929_1_07_09,울트라갤럭시,0
20240929,20240929_1_07,20240929_1_07_10,점순이고,0
20240929,20240929_1_07,20240929_1_07_11,지구라트,0
20240929,20240929_1_07,20240929_1_07_12,블랙벨트,0
20240929,20240929_1_07,20240929_1_07_13,라온더퀄리티,0
20240929,20240929_1_07,20240929_1_07_14,한강파워,0
20240929,20240929_1_08,20240929_1_08_01,콜긴,1
20240929,20240929_1_08,20240929_1_08_02,볼린,0
20240929,20240929_1_08,20240929_1_08_03,스틸플레이,0
20240929,20240929_1_08,20240929_1_08_04,별콩,0
20240929,20240929_1_08,20240929_1_08_05,뉴본,0
20240929,20240929_1_08,20240929_1_08_06,드림릿지,0
20240929,20240929_1_08,20240929_1_08_07,달콩,0
20240929,20240929_1_08,20240929_1_08_08,티나케이,0
20240929,20240929_1_08,20240929_1_08_09,스마트캣,0
20240929,20240929_1_08,20240929_1_08_10,히어로레전드,0
20240929,20240929_1_09,20240929_1_09_01,나이트참,0
20240929,20240929_1_09,20240929_1_09_02,서울최강자,0
20240929,20240929_1_09,20240929_1_09_03,베스트대로,0
20240929,20240929_1_09,20240929_1_09_04,사하라몬드,0
20240929,20240929_1_09,20240929_1_09_05,미르포인트,0
20240929,20240929_1_09,20240929_1_09_06,인피니트아너,0
20240929,20240929_1_09,20240929_1_09_07,불의여왕,0
20240929,20240929_1_09,20240929_1_09_08,금악명장,0
20240929,20240929_1_09,20240929_1_09_09,행복한승자,0
20240929,20240929_1_09,20240929_1_09_10,서부특송,1
20240929,20240929_1_09,20240929_1_09_11,라온더대세,0
20240929,20240929_1_10,20240929_1_10_01,나이스태양,1
20240929,20240929_1_10,20240929_1_10_02,유니콘히트,0
20240929,20240929_1_10,20240929_1_10_03,자이언트펀치,0
20240929,20240929_1_10,20240929_1_10_04,월드섀넌스,0
20240929,20240929_1_10,20240929_1_10_05,카우보이탱고,0
20240929,20240929_1_10,20240929_1_10_09,원평킬라,0
20240929,20240929_1_10,20240929_1_10_10,킹아너,0
20240929,20240929_1_10,20240929_1_10_11,강한퀸,0
20240929,20240929_1_11,20240929_1_11_01,마이티뉴,0
20240929,20240929_1_11,20240929_1_11_02,마이티굿,1
20240929,20240929_1_11,20240929_1_11_03,황금럭키,0
20240929,20240929_1_11,20240929_1_11_04,노던타임,0
20240929,20240929_1_11,20240929_1_11_05,흥행질주,0
20240929,20240929_1_11,20240929_1_11_06,발베니,0
20240929,20240929_1_11,20240929_1_11_07,히든삭스,0
20240929,20240929_1_11,20240929_1_11_08,소울메리트,0
20240929,20240929_1_11,20240929_1_11_10,남산의별,0
20240929,20240929_1_11,20240929_1_11_11,최고블랙,0
20241005,20241005_1_01,20241005_1_01_01,러닝왕자,0
20241005,20241005_1_01,20241005_1_01_02,베스트레이스,0
20241005,20241005_1_01,20241005_1_01_03,팰로앨토,1
20241005,20241005_1_01,20241005_1_01_04,걸작해피,0
20241005,20241005_1_01,20241005_1_01_05,라온더프랑켈,0
20241005,20241005_1_01,20241005_1_01_06,원더풀리즌,0
20241005,20241005_1_01,20241005_1_01_07,스터닝펄,0
20241005,20241005_1_01,20241005_1_01_08,럭키서니,0
20241005,20241005_1_01,20241005_1_01_09,그레이팬텀,0
20241005,20241005_1_01,20241005_1_01_10,대즐러시,0
20241005,20241005_1_01,20241005_1_01_11,태기산킹,0
20241005,20241005_1_02,20241005_1_02_01,러닝아티스트,0
20241005,20241005_1_02,20241005_1_02_02,유수부쟁선,1
20241005,20241005_1_02,20241005_1_02_03,찬란한날개,0
20241005,20241005_1_02,20241005_1_02_04,엑설런트한센,0
20241005,20241005_1_02,20241005_1_02_05,원평누리,0
20241005,20241005_1_02,20241005_1_02_06,벌교디와이,0
20241005,20241005_1_02,20241005_1_02_07,퍼지루비,0
20241005,20241005_1_02,20241005_1_02_08,엠지퍼스트,0
20241005,20241005_1_02,20241005_1_02_09,논스톱서브,0
20241005,20241005_1_03,20241005_1_03_01,베아트리스,0
20241005,20241005_1_03,20241005_1_03_02,간다고,0
20241005,20241005_1_03,20241005_1_03_03,골든플라잉,0
20241005,20241005_1_03,20241005_1_03_04,내추럴사운드,0
20241005,20241005_1_03,20241005_1_03_05,그린콩코드,0
20241005,20241005_1_03,20241005_1_03_06,어메이징스타,0
20241005,20241005_1_03,20241005_1_03_07,비케이벨,0
20241005,20241005_1_03,20241005_1_03_08,스카이텐,0
20241005,20241005_1_03,20241005_1_03_09,세광쏜살,0
20241005,20241005_1_03,20241005_1_03_10,퍼니탭,1
20241005,20241005_1_03,20241005_1_03_11,플라잉라이언,0
20241005,20241005_1_04,20241005_1_04_01,당찬낭보,0
20241005,20241005_1_04,20241005_1_04_02,청계기상,0
20241005,20241005_1_04,20241005_1_04_03,스마트월드,0
20241005,20241005_1_04,20241005_1_04_04,골든스나이퍼,1
20241005,20241005_1_04,20241005_1_04_05,장흥클래스,0
20241005,20241005_1_04,20241005_1_04_06,탱글이,0
20241005,20241005_1_04,20241005_1_04_07,성실영웅,0
20241005,20241005_1_04,20241005_1_04_09,금성리비어,0
20241005,20241005_1_04,20241005_1_04_11,매직프린스,0
20241005,20241005_1_05,20241005_1_05_01,행복여전사,0
20241005,20241005_1_05,20241005_1_05_02,글로리앤아너,0
20241005,20241005_1_05,20241005_1_05_03,스페셜포스,0
20241005,20241005_1_05,20241005_1_05_04,스마트별,1
20241005,20241005_1_05,20241005_1_05_05,함평파이터,0
20241005,20241005_1_05,20241005_1_05_06,문더스트,0
20241005,20241005_1_05,20241005_1_05_07,엑설런트마타,0
20241005,20241005_1_05,20241005_1_05_09,파이널질주,0
20241005,20241005_1_05,20241005_1_05_10,해제여걸,0
20241005,20241005_1_05,20241005_1_05_11,우주의봄,0
20241005,20241005_1_06,20241005_1_06_01,킹고태양,0
20241005,20241005_1_06,20241005_1_06_02,은성노을,0
20241005,20241005_1_06,20241005_1_06_03,빈체로킹,0
20241005,20241005_1_06,20241005_1_06_04,피엔에스날라,0
20241005,20241005_1_06,20241005_1_06_05,프로미스,0
20241005,20241005_1_06,20241005_1_06_06,빅에너지,0
20241005,20241005_1_06,20241005_1_06_07,스타러시,0
20241005,20241005_1_06,20241005_1_06_08,큐피드라이즈,0
20241005,20241005_1_06,20241005_1_06_09,크로마이트,0
20241005,20241005_1_06,20241005_1_06_10,천지스카이,0
20241005,20241005_1_06,20241005_1_06_11,스파클링,1
20241005,20241005_1_07,20241005_1_07_01,스터닝레이디,0
20241005,20241005_1_07,20241005_1_07_02,베스트마야,1
20241005,20241005_1_07,20241005_1_07_03,케레르,0
20241005,20241005_1_07,20241005_1_07_04,삼애번쩍,0
20241005,20241005_1_07,20241005_1_07_05,탱탱볼,0
20241005,20241005_1_07,20241005_1_07_06,원더풀남촌,0
20241005,20241005_1_07,20241005_1_07_07,학산마초,0
20241005,20241005_1_07,20241005_1_07_08,스트렝스,0
20241005,20241005_1_07,20241005_1_07_10,더선파이터,0
20241005,20241005_1_07,20241005_1_07_11,프린스데이,0
20241005,20241005_1_08,20241005_1_08_01,정성타이거,0
20241005,20241005_1_08,20241005_1_08_02,참좋은질주,1
20241005,20241005_1_08,20241005_1_08_03,천마평정,0
20241005,20241005_1_08,20241005_1_08_04,아치메모리,0
20241005,20241005_1_08,20241005_1_08_05,더페이버릿,0
20241005,20241005_1_08,20241005_1_08_06,금악진주,0
20241005,20241005_1_08,20241005_1_08_07,퀸오브베스트,0
20241005,20241005_1_08,20241005_1_08_08,피어리스,0
20241005,20241005_1_08,20241005_1_08_09,레이디태풍,0
20241005,20241005_1_08,20241005_1_08_10,핑크윈드,0
20241005,20241005_1_09,20241005_1_09_01,베스트토치,0
20241005,20241005_1_09,20241005_1_09_02,자이언트킬링,0
20241005,20241005_1_09,20241005_1_09_03,광양으뜸,1
20241005,20241005_1_09,20241005_1_09_04,바이킹하트,0
20241005,20241005_1_09,20241005_1_09_05,달빛조각사,0
20241005,20241005_1_09,20241005_1_09_06,브라보플레이,0
20241005,20241005_1_09,20241005_1_09_07,라온더코브라,0
20241005,20241005_1_09,20241005_1_09_08,울트라킹,0
20241005,20241005_1_09,20241005_1_09_09,단디,0
20241005,20241005_1_09,20241005_1_09_10,절대가치,0
20241005,20241005_1_09,20241005_1_09_11,차돌다이아,0
20241005,20241005_1_10,20241005_1_10_01,심플스타일,0
20241005,20241005_1_10,20241005_1_10_02,이스트웨스트,1
20241005,20241005_1_10,20241005_1_10_03,어나더레벨,0
20241005,20241005_1_10,20241005_1_10_04,미스찰리,0
20241005,20241005_1_10,20241005_1_10_05,뉴질랜드삭스,0
20241005,20241005_1_10,20241005_1_10_06,케이엔티즈원,0
20241005,20241005_1_10,20241005_1_10_07,뉴돌콩,0
20241005,20241005_1_10,20241005_1_10_08,울트라드래곤,0
20241005,20241005_1_10,20241005_1_10_09,성은크라운,0
20241005,20241005_1_10,20241005_1_10_10,베스트전사,0
20241005,20241005_1_10,20241005_1_10_11,세인트루카,0
20241005,20241005_1_11,20241005_1_11_01,천둥호랑이,0
20241005,20241005_1_11,20241005_1_11_02,머니크라운,0
20241005,20241005_1_11,20241005_1_11_04,럭셔리캡틴,0
20241005,20241005_1_11,20241005_1_11_05,스퍼트빗,0
20241005,20241005_1_11,20241005_1_11_06,그레이캣,0
20241005,20241005_1_11,20241005_1_11_07,특급대로,0
20241005,20241005_1_11,20241005_1_11_08,히어로파이터,1
20241005,20241005_1_11,20241005_1_11_09,콩코드스퍼트,0
20241005,20241005_1_11,20241005_1_11_10,오라칸,0
20241005,20241005_1_11,20241005_1_11_11,몬탁챗,0
20241006,20241006_1_01,20241006_1_01_01,달리다굼,0
20241006,20241006_1_01,20241006_1_01_02,피엔에스파,0
20241006,20241006_1_01,20241006_1_01_03,새로운가이,0
20241006,20241006_1_01,20241006_1_01_05,골든잭팟,1
20241006,20241006_1_01,20241006_1_01_06,질풍재즈,0
20241006,20241006_1_01,20241006_1_01_07,너만을위해서,0
20241006,20241006_1_01,20241006_1_01_08,스카이로열,0
20241006,20241006_1_01,20241006_1_01_09,매직사일런스,0
20241006,20241006_1_02,20241006_1_02_01,뷰티풀화성,0
20241006,20241006_1_02,20241006_1_02_02,히어로챔프,1
20241006,20241006_1_02,20241006_1_02_03,선더럭키,0
20241006,20241006_1_02,20241006_1_02_04,강철부대,0
20241006,20241006_1_02,20241006_1_02_05,트롤,0
20241006,20241006_1_02,20241006_1_02_06,럭키페이머스,0
20241006,20241006_1_02,20241006_1_02_07,고오고오,0
20241006,20241006_1_02,20241006_1_02_08,영원포텐,0
20241006,20241006_1_02,20241006_1_02_09,오푸스퍼플,0
20241006,20241006_1_02,20241006_1_02_10,초코뷰티,0
20241006,20241006_1_03,20241006_1_03_01,프로시드,0
20241006,20241006_1_03,20241006_1_03_02,예스마담,0
20241006,20241006_1_03,20241006_1_03_03,선샤인퀸,0
20241006,20241006_1_03,20241006_1_03_04,상임대표,0
20241006,20241006_1_03,20241006_1_03_05,웨스턴건,1
20241006,20241006_1_03,20241006_1_03_06,투에이스,0
20241006,20241006_1_03,20241006_1_03_07,애플스타일,0
20241006,20241006_1_03,20241006_1_03_08,머제스틱위너,0
20241006,20241006_1_03,20241006_1_03_09,천지마켓,0
20241006,20241006_1_03,20241006_1_03_10,이클립스블랙,0
20241006,20241006_1_04,20241006_1_04_01,터치참,0
20241006,20241006_1_04,20241006_1_04_02,젤로스,0
20241006,20241006_1_04,20241006_1_04_03,그린필스타,0
20241006,20241006_1_04,20241006_1_04_04,네모스피릿,0
20241006,20241006_1_04,20241006_1_04_05,러브문막,1
20241006,20241006_1_04,20241006_1_04_06,빅브리지,0
20241006,20241006_1_04,20241006_1_04_07,제우시대,0
20241006,20241006_1_04,20241006_1_04_08,행운바람,0
20241006,20241006_1_04,20241006_1_04_09,메니참,0
20241006,20241006_1_04,20241006_1_04_10,위즈러버,0
20241006,20241006_1_04,20241006_1_04_11,브라이트카이,0
20241006,20241006_1_05,20241006_1_05_01,로열플러스,0
20241006,20241006_1_05,20241006_1_05_03,한강글로리,0
20241006,20241006_1_05,20241006_1_05_04,오송의별,0
20241006,20241006_1_05,20241006_1_05_05,해피익투스,0
20241006,20241006_1_05,20241006_1_05_06,페더럴킹,0
20241006,20241006_1_05,20241006_1_05_07,최강나이스,0
20241006,20241006_1_05,20241006_1_05_08,퍼플신화,0
20241006,20241006_1_05,20241006_1_05_09,퍼스트슈,1
20241006,20241006_1_05,20241006_1_05_10,에브리참,0
20241006,20241006_1_05,20241006_1_05_11,골든볼,0
20241006,20241006_1_06,20241006_1_06_01,오스틴리더,0
20241006,20241006_1_06,20241006_1_06_02,칸맥스,1
20241006,20241006_1_06,20241006_1_06_03,영원하라,0
20241006,20241006_1_06,20241006_1_06_04,항구스타,0
20241006,20241006_1_06,20241006_1_06_05,주링스카이,0
20241006,20241006_1_06,20241006_1_06_06,트라움킹,0
20241006,20241006_1_06,20241006_1_06_07,샤인볼트,0
20241006,20241006_1_06,20241006_1_06_08,골드시대,0
20241006,20241006_1_06,20241006_1_06_09,퀸아비게일,0
20241006,20241006_1_06,20241006_1_06_10,대륜시대,0
20241006,20241006_1_06,20241006_1_06_11,히어로전사,0
20241006,20241006_1_07,20241006_1_07_01,천마포스,0
20241006,20241006_1_07,20241006_1_07_02,히어로삭스,0
20241006,20241006_1_07,20241006_1_07_03,엘도라도강남,0
20241006,20241006_1_07,20241006_1_07_04,자체발광,0
20241006,20241006_1_07,20241006_1_07_05,정상제우스,0
20241006,20241006_1_07,20241006_1_07_06,천둥라이언,0
20241006,20241006_1_07,20241006_1_07_07,그레이찰리,1
20241006,20241006_1_07,20241006_1_07_08,럭키프랭크,0
20241006,20241006_1_07,20241006_1_07_09,삭스킹,0
20241006,20241006_1_07,20241006_1_07_10,헤븐챗,0
20241006,20241006_1_07,20241006_1_07_11,스피닝칸트,0
20241006,20241006_1_08,20241006_1_08_01,나이스빅걸,0
20241006,20241006_1_08,20241006_1_08_02,리버태양,0
20241006,20241006_1_08,20241006_1_08_03,더스파이커,0
20241006,20241006_1_08,20241006_1_08_04,스타체인저,0
20241006,20241006_1_08,20241006_1_08_05,정상에이스,1
20241006,20241006_1_08,20241006_1_08_06,별나라질주,0
20241006,20241006_1_08,20241006_1_08_07,위즈러너,0
20241006,20241006_1_08,20241006_1_08_08,원평퀸,0
20241006,20241006_1_08,20241006_1_08_09,마이티짱,0
20241006,20241006_1_08,20241006_1_08_10,울트라선더,0
20241006,20241006_1_09,20241006_1_09_01,골든드래곤,0
20241006,20241006_1_09,20241006_1_09_02,제타마스터,0
20241006,20241006_1_09,20241006_1_09_03,매디슨마운틴,1
20241006,20241006_1_09,20241006_1_09_04,브라이트위너,0
20241006,20241006_1_09,20241006_1_09_05,파워풀삭스,0
20241006,20241006_1_09,20241006_1_09_06,슈퍼엑톤,0
20241006,20241006_1_09,20241006_1_09_07,쓸모,0
20241006,20241006_1_09,20241006_1_09_08,블러드마운틴,0
20241006,20241006_1_09,20241006_1_09_09,컴플리트리더,0
20241006,20241006_1_09,20241006_1_09_10,오래다함께,0
20241006,20241006_1_09,20241006_1_09_11,남산무적,0
20241006,20241006_1_10,20241006_1_10_01,메가드래곤,0
20241006,20241006_1_10,20241006_1_10_02,화랑투데이,0
20241006,20241006_1_10,20241006_1_10_03,자이언트스텝,1
20241006,20241006_1_10,20241006_1_10_04,새내파워풀,0
20241006,20241006_1_10,20241006_1_10_05,글라디우스,0
20241006,20241006_1_10,20241006_1_10_06,마이티탭,0
20241006,20241006_1_10,20241006_1_10_07,럭키파티,0
20241006,20241006_1_10,20241006_1_10_08,선더에이원,0
20241006,20241006_1_10,20241006_1_10_09,불의신화,0
20241006,20241006_1_10,20241006_1_10_10,위너영,0
20241006,20241006_1_10,20241006_1_10_11,화이트참,0
20241006,20241006_1_11,20241006_1_11_01,새내퀸,0
20241006,20241006_1_11,20241006_1_11_02,글로벌삭스,0
20241006,20241006_1_11,20241006_1_11_03,글로벌보배,0
20241006,20241006_1_11,20241006_1_11_04,최고레이스,0
20241006,20241006_1_11,20241006_1_11_05,블랙머스크,1
20241006,20241006_1_11,20241006_1_11_06,바이스로이,0
20241006,20241006_1_11,20241006_1_11_07,라온자이언트,0
20241006,20241006_1_11,20241006_1_11_08,컴플리트밸류,0
20241006,20241006_1_11,20241006_1_11_09,모르피스,0
20241006,20241006_1_11,20241006_1_11_10,라온더스퍼트,0
20241006,20241006_1_11,20241006_1_11_11,레전드데이,0
20241012,20241012_1_01,20241012_1_01_01,벌교그래미,1
20241012,20241012_1_01,20241012_1_01_02,카라케이,0
20241012,20241012_1_01,20241012_1_01_04,관악산조이,0
20241012,20241012_1_01,20241012_1_01_05,월드화합,0
20241012,20241012_1_01,20241012_1_01_06,초원돌풍,0
20241012,20241012_1_01,20241012_1_01_07,행복한승부,0
20241012,20241012_1_01,20241012_1_01_08,비케이러브,0
20241012,20241012_1_01,20241012_1_01_09,두레이쇼,0
20241012,20241012_1_01,20241012_1_01_10,학산클리어,0
20241012,20241012_1_01,20241012_1_01_11,스위치파워,0
20241012,20241012_1_01,20241012_1_01_12,인시그니어,0
20241012,20241012_1_02,20241012_1_02_01,브리도시리스,0
20241012,20241012_1_02,20241012_1_02_02,마이티프리,0
20241012,20241012_1_02,20241012_1_02_03,슈어니스,0
20241012,20241012_1_02,20241012_1_02_04,시크릿삭스,1
20241012,20241012_1_02,20241012_1_02_05,관악산오투,0
20241012,20241012_1_02,20241012_1_02_06,하이칸,0
20241012,20241012_1_02,20241012_1_02_07,인디언메사,0
20241012,20241012_1_02,20241012_1_02_08,태풍처럼,0
20241012,20241012_1_02,20241012_1_02_09,페퍼엑스,0
20241012,20241012_1_02,20241012_1_02_10,나소챗,0
20241012,20241012_1_02,20241012_1_02_12,글로벌트레저,0
20241012,20241012_1_03,20241012_1_03_01,질풍미소,0
20241012,20241012_1_03,20241012_1_03_02,불국시대,0
20241012,20241012_1_03,20241012_1_03_03,오리온알파,0
20241012,20241012_1_03,20241012_1_03_04,샤이닝참,0
20241012,20241012_1_03,20241012_1_03_05,블랙스마일,0
20241012,20241012_1_03,20241012_1_03_06,우리가,0
20241012,20241012_1_03,20241012_1_03_07,안양기쁨,1
20241012,20241012_1_03,20241012_1_03_08,대승마,0
20241012,20241012_1_03,20241012_1_03_09,서해바다,0
20241012,20241012_1_03,20241012_1_03_10,한강패션드,0
20241012,20241012_1_03,20241012_1_03_11,에코월드,0
20241012,20241012_1_04,20241012_1_04_01,포에틱누비,0
20241012,20241012_1_04,20241012_1_04_02,플라잉럭키,0
20241012,20241012_1_04,20241012_1_04_03,커맨딩리드,0
20241012,20241012_1_04,20241012_1_04_05,에클레어파워,1
20241012,20241012_1_04,20241012_1_04_06,왕최고,0
20241012,20241012_1_04,20241012_1_04_07,맥스라이트닝,0
20241012,20241012_1_04,20241012_1_04_08,이글윙즈,0
20241012,20241012_1_04,20241012_1_04_09,트리플에이스,0
20241012,20241012_1_04,20241012_1_04_10,가야스타,0
20241012,20241012_1_04,20241012_1_04_11,당대초월,0
20241012,20241012_1_05,20241012_1_05_01,원더풀웰스,0
20241012,20241012_1_05,20241012_1_05_02,빅블레드,0
20241012,20241012_1_05,20241012_1_05_03,매직임팩트,0
20241012,20241012_1_05,20241012_1_05_04,레전드탑,0
20241012,20241012_1_05,20241012_1_05_05,용비천,0
20241012,20241012_1_05,20241012_1_05_06,신의운명,0
20241012,20241012_1_05,20241012_1_05_07,용비파워,1
20241012,20241012_1_05,20241012_1_05_08,오섬브레인,0
20241012,20241012_1_05,20241012_1_05_09,엠케이리,0
20241012,20241012_1_06,20241012_1_06_01,롱런불패,1
20241012,20241012_1_06,20241012_1_06_02,히트플라이,0
20241012,20241012_1_06,20241012_1_06_03,크레이지샤,0
20241012,20241012_1_06,20241012_1_06_04,부강질주,0
20241012,20241012_1_06,20241012_1_06_05,가나파워,0
20241012,20241012_1_06,20241012_1_06_06,엘도라도놀부,0
20241012,20241012_1_06,20241012_1_06_07,휘파람,0
20241012,20241012_1_06,20241012_1_06_08,그로우,0
20241012,20241012_1_06,20241012_1_06_09,테마탄생,0
20241012,20241012_1_06,20241012_1_06_10,레인스타,0
20241012,20241012_1_06,20241012_1_06_11,스터닝챔프,0
20241012,20241012_1_07,20241012_1_07_01,파워풀화성,0
20241012,20241012_1_07,20241012_1_07_02,슈팅리버스,0
20241012,20241012_1_07,20241012_1_07_03,컴플리트하트,0
20241012,20241012_1_07,20241012_1_07_04,티즈모닝,0
20241012,20241012_1_07,20241012_1_07_05,스톰가이,0
20241012,20241012_1_07,20241012_1_07_06,럭키하눌,0
20241012,20241012_1_07,20241012_1_07_07,마이티네오,1
20241012,20241012_1_07,20241012_1_07_08,금성크라운,0
20241012,20241012_1_07,20241012_1_07_09,창창삭스,0
20241012,20241012_1_07,20241012_1_07_10,선포레,0
20241012,20241012_1_07,20241012_1_07_11,스포르차,0
20241012,20241012_1_08,20241012_1_08_01,명성축제,0
20241012,20241012_1_08,20241012_1_08_02,미래타워,0
20241012,20241012_1_08,20241012_1_08_03,백두보이,1
20241012,20241012_1_08,20241012_1_08_04,미스윈스타,0
20241012,20241012_1_08,20241012_1_08_05,굿선봉,0
20241012,20241012_1_08,20241012_1_08_06,선더호스,0
20241012,20241012_1_08,20241012_1_08_07,메니스피어,0
20241012,20241012_1_08,20241012_1_08_08,나올영웅,0
20241012,20241012_1_08,20241012_1_08_09,산삼은함양,0
20241012,20241012_1_08,20241012_1_08_10,달맞이,0
20241012,20241012_1_09,20241012_1_09_01,스프링꿈,0
20241012,20241012_1_09,20241012_1_09_02,탭다운,0
20241012,20241012_1_09,20241012_1_09_03,스피드원,1
20241012,20241012_1_09,20241012_1_09_04,만세,0
20241012,20241012_1_09,20241012_1_09_05,머니가락,0
20241012,20241012_1_09,20241012_1_09_06,클럽디,0
20241012,20241012_1_09,20241012_1_09_07,월드블레임,0
20241012,20241012_1_09,20241012_1_09_09,그레이스퀸,0
20241012,20241012_1_09,20241012_1_09_10,베링맨,0
20241012,20241012_1_09,20241012_1_09_11,우마포이,0
20241012,20241012_1_10,20241012_1_10_01,행복한문막,0
20241012,20241012_1_10,20241012_1_10_02,글로벌코디,0
20241012,20241012_1_10,20241012_1_10_03,라온더찰리,0
20241012,20241012_1_10,20241012_1_10_04,드론킬러,0
20241012,20241012_1_10,20241012_1_10_05,베트캡틴,0
20241012,20241012_1_10,20241012_1_10_06,매글데이,1
20241012,20241012_1_10,20241012_1_10_07,블랙모션,0
20241012,20241012_1_10,20241012_1_10_08,드림플레이,0
20241012,20241012_1_10,20241012_1_10_09,용비서울,0
20241012,20241012_1_10,20241012_1_10_10,쾌향,0
20241012,20241012_1_10,20241012_1_10_11,와일드삭스,0
20241012,20241012_1_11,20241012_1_11_01,천지광풍,0
20241012,20241012_1_11,20241012_1_11_02,크라운함성,0
20241012,20241012_1_11,20241012_1_11_03,대사리,0
20241012,20241012_1_11,20241012_1_11_04,빈체로카발로,1
20241012,20241012_1_11,20241012_1_11_05,옥천스나이퍼,0
20241012,20241012_1_11,20241012_1_11_06,밀리언파티,0
20241012,20241012_1_11,20241012_1_11_07,은파챔피언,0
20241012,20241012_1_11,20241012_1_11_08,터프맨,0
20241012,20241012_1_11,20241012_1_11_09,에이스군주,0
20241012,20241012_1_11,20241012_1_11_10,금빛마,0
20241012,20241012_1_11,20241012_1_11_11,선더드림,0
20241013,20241013_1_01,20241013_1_01_01,빈체로큐,0
20241013,20241013_1_01,20241013_1_01_02,라이징원,0
20241013,20241013_1_01,20241013_1_01_03,월드조이,0
20241013,20241013_1_01,20241013_1_01_04,레이저런,0
20241013,20241013_1_01,20241013_1_01_05,이클립스에지,0
20241013,20241013_1_01,20241013_1_01_06,스터닝월드,0
20241013,20241013_1_01,20241013_1_01_07,보이저,0
20241013,20241013_1_01,20241013_1_01_08,스파르탄,0
20241013,20241013_1_01,20241013_1_01_09,큐피드잇,1
20241013,20241013_1_01,20241013_1_01_10,나이스위너,0
20241013,20241013_1_01,20241013_1_01_11,내길의여정,0
20241013,20241013_1_01,20241013_1_01_12,터보차지,0
20241013,20241013_1_02,20241013_1_02_01,세명스트롱,0
20241013,20241013_1_02,20241013_1_02_02,베스트샤크,0
20241013,20241013_1_02,20241013_1_02_03,글로벌함성,0
20241013,20241013_1_02,20241013_1_02_04,용암기쁨,0
20241013,20241013_1_02,20241013_1_02_06,모어댄조크,1
20241013,20241013_1_02,20241013_1_02_07,마니노다지,0
20241013,20241013_1_02,20241013_1_02_08,사이클론스타,0
20241013,20241013_1_02,20241013_1_02_09,아치데이,0
20241013,20241013_1_02,20241013_1_02_10,퍼펙트다나은,0
20241013,20241013_1_02,20241013_1_02_11,다이나믹송,0
20241013,20241013_1_03,20241013_1_03_01,맥스위크,0
20241013,20241013_1_03,20241013_1_03_02,미스터파워,0
20241013,20241013_1_03,20241013_1_03_03,머스퀸플라이,0
20241013,20241013_1_03,20241013_1_03_04,이스트퀄리티,0
20241013,20241013_1_03,20241013_1_03_06,천구챗,0
20241013,20241013_1_03,20241013_1_03_07,마루장군,1
20241013,20241013_1_03,20241013_1_03_08,원더풀폭스,0
20241013,20241013_1_03,20241013_1_03_09,모모케이,0
20241013,20241013_1_04,20241013_1_04_01,아치러너,0
20241013,20241013_1_04,20241013_1_04_02,신의블루,0
20241013,20241013_1_04,20241013_1_04_03,샤프선샤인,0
20241013,20241013_1_04,20241013_1_04_04,청해제일,0
20241013,20241013_1_04,20241013_1_04_05,미스콩코드,0
20241013,20241013_1_04,20241013_1_04_06,원평광야,0
20241013,20241013_1_04,20241013_1_04_07,태평무,0
20241013,20241013_1_04,20241013_1_04_08,원더풀시킹,1
20241013,20241013_1_04,20241013_1_04_09,벌교위수,0
20241013,20241013_1_04,20241013_1_04_10,크로키,0
20241013,20241013_1_04,20241013_1_04_11,테스타루비,0
20241013,20241013_1_05,20241013_1_05_01,대물삭스,0
20241013,20241013_1_05,20241013_1_05_02,쇠와꽃,0
20241013,20241013_1_05,20241013_1_05_03,꿈의향기,0
20241013,20241013_1_05,20241013_1_05_04,영웅자룡,0
20241013,20241013_1_05,20241013_1_05_05,컴플리트파티,1
20241013,20241013_1_05,20241013_1_05_06,원더풀에너지,0
20241013,20241013_1_05,20241013_1_05_07,순간의찬스,0
20241013,20241013_1_05,20241013_1_05_08,동키플레이,0
20241013,20241013_1_05,20241013_1_05_09,모닝볼드,0
20241013,20241013_1_06,20241013_1_06_01,골든라인,0
20241013,20241013_1_06,20241013_1_06_02,파티파워,0
20241013,20241013_1_06,20241013_1_06_03,장군마루,0
20241013,20241013_1_06,20241013_1_06_04,뷰티원더풀,0
20241013,20241013_1_06,20241013_1_06_05,남산미남,0
20241013,20241013_1_06,20241013_1_06_07,카리즈마,0
20241013,20241013_1_06,20241013_1_06_08,파이널고,0
20241013,20241013_1_06,20241013_1_06_09,큐피드시크,0
20241013,20241013_1_06,20241013_1_06_10,벌교의스타,1
20241013,20241013_1_06,20241013_1_06_11,거센폭주,0
20241013,20241013_1_07,20241013_1_07_01,[부산경남]석세스백파,0
20241013,20241013_1_07,20241013_1_07_02,[부산경남]글로벌히트,1
20241013,20241013_1_07,20241013_1_07_03,티즈바로우즈,0
20241013,20241013_1_07,20241013_1_07_04,강풍마,0
20241013,20241013_1_07,20241013_1_07_05,[부산경남]벌마의스타,0
20241013,20241013_1_07,20241013_1_07_06,[부산경남]스타마타,0
20241013,20241013_1_07,20241013_1_07_07,[부산경남]블랙맘바,0
20241013,20241013_1_07,20241013_1_07_08,드래곤스타,0
20241013,20241013_1_07,20241013_1_07_09,심장의고동,0
20241013,20241013_1_07,20241013_1_07_10,[부산경남]월드드래곤,0
20241013,20241013_1_07,20241013_1_07_11,나올스나이퍼,0
20241013,20241013_1_07,20241013_1_07_12,컴플리트레벨,0
20241013,20241013_1_07,20241013_1_07_13,[부산경남]그랜드선,0
20241013,20241013_1_07,20241013_1_07_14,[부산경남]갤럭시로드,0
20241013,20241013_1_07,20241013_1_07_15,[부산경남]스피드영,0
20241013,20241013_1_08,20241013_1_08_01,어메이징록,1
20241013,20241013_1_08,20241013_1_08_02,퍼펙트건맨,0
20241013,20241013_1_08,20241013_1_08_03,시대의명작,0
20241013,20241013_1_08,20241013_1_08_04,시크릿왕자,0
20241013,20241013_1_08,20241013_1_08_05,더자이언트,0
20241013,20241013_1_08,20241013_1_08_06,브라운골드,0
20241013,20241013_1_08,20241013_1_08_07,멋진강호,0
20241013,20241013_1_08,20241013_1_08_08,새로운빛깔,0
20241013,20241013_1_08,20241013_1_08_09,트리스탄왕자,0
20241013,20241013_1_08,20241013_1_08_11,땡큐대천,0
20241013,20241013_1_09,20241013_1_09_01,벌교태양,0
20241013,20241013_1_09,20241013_1_09_02,드림아너,1
20241013,20241013_1_09,20241013_1_09_03,컬트트리플,0
20241013,20241013_1_09,20241013_1_09_04,두손챔프,0
20241013,20241013_1_09,20241013_1_09_05,뉴본,0
20241013,20241013_1_09,20241013_1_09_06,월드베리언스,0
20241013,20241013_1_09,20241013_1_09_07,레전드케이,0
20241013,20241013_1_09,20241013_1_09_08,제다이포스,0
20241013,20241013_1_09,20241013_1_09_09,티시패밀리,0
20241013,20241013_1_09,20241013_1_09_10,정성팩터,0
20241013,20241013_1_09,20241013_1_09_11,비에스파워,0
20241013,20241013_1_10,20241013_1_10_01,은빛돌풍,0
20241013,20241013_1_10,20241013_1_10_02,스팔타,0
20241013,20241013_1_10,20241013_1_10_03,블루밍스타,0
20241013,20241013_1_10,20241013_1_10_04,스타트렉,0
20241013,20241013_1_10,20241013_1_10_05,라온티모스,0
20241013,20241013_1_10,20241013_1_10_07,제축이호,0
20241013,20241013_1_10,20241013_1_10_08,라온더탑,0
20241013,20241013_1_10,20241013_1_10_09,레이디코디,0
20241013,20241013_1_10,20241013_1_10_10,내길의위너,1
20241013,20241013_1_10,20241013_1_10_11,엘리트로열,0
20241013,20241013_1_11,20241013_1_11_01,토호스카이,0
20241013,20241013_1_11,20241013_1_11_02,유니콘히트,0
20241013,20241013_1_11,20241013_1_11_03,라온아메리칸,0
20241013,20241013_1_11,20241013_1_11_04,배다리왕자,0
20241013,20241013_1_11,20241013_1_11_06,문학어플리트,0
20241013,20241013_1_11,20241013_1_11_07,논스톱선더,0
20241013,20241013_1_11,20241013_1_11_08,케이엔골든킹,0
20241013,20241013_1_11,20241013_1_11_09,더플레이어,1
20241013,20241013_1_11,20241013_1_11_10,정우포에버,0
20241019,20241019_1_01,20241019_1_01_01,새내클래식,1
20241019,20241019_1_01,20241019_1_01_02,드래곤케이,0
20241019,20241019_1_01,20241019_1_01_03,학산카이로,0
20241019,20241019_1_01,20241019_1_01_04,스마트테이크,0
20241019,20241019_1_01,20241019_1_01_05,라온니진스키,0
20241019,20241019_1_01,20241019_1_01_06,혁무상,0
20241019,20241019_1_01,20241019_1_01_07,파사킹,0
20241019,20241019_1_01,20241019_1_01_08,천지레이디,0
20241019,20241019_1_01,20241019_1_01_09,명파워,0
20241019,20241019_1_02,20241019_1_02_01,매직사일런스,0
20241019,20241019_1_02,20241019_1_02_02,영원판타스틱,1
20241019,20241019_1_02,20241019_1_02_03,브리도트로피,0
20241019,20241019_1_02,20241019_1_02_04,청산질주,0
20241019,20241019_1_02,20241019_1_02_05,송당황태자,0
20241019,20241019_1_02,20241019_1_02_06,용암스타,0
20241019,20241019_1_02,20241019_1_02_07,메티스선더,0
20241019,20241019_1_02,20241019_1_02_08,질주천하,0
20241019,20241019_1_02,20241019_1_02_09,카일리,0
20241019,20241019_1_02,20241019_1_02_10,글로벌서브,0
20241019,20241019_1_03,20241019_1_03_01,라온히트맨,0
20241019,20241019_1_03,20241019_1_03_02,사바나찰리,0
20241019,20241019_1_03,20241019_1_03_03,피엔에스파,0
20241019,20241019_1_03,20241019_1_03_04,내추럴사운드,1
20241019,20241019_1_03,20241019_1_03_05,위드디스쿠로,0
20241019,20241019_1_03,20241019_1_03_06,피엔에스미,0
20241019,20241019_1_03,20241019_1_03_07,금성탈환,0
20241019,20241019_1_03,20241019_1_03_08,선갤런트,0
20241019,20241019_1_04,20241019_1_04_01,사하라로즈,0
20241019,20241019_1_04,20241019_1_04_02,히어로질주,1
20241019,20241019_1_04,20241019_1_04_03,다이아룩,0
20241019,20241019_1_04,20241019_1_04_04,히어로골드,0
20241019,20241019_1_04,20241019_1_04_05,메리트선샤인,0
20241019,20241019_1_04,20241019_1_04_06,아메노,0
20241019,20241019_1_04,20241019_1_04_07,칼리프,0
20241019,20241019_1_04,20241019_1_04_08,혜원용마,0
20241019,20241019_1_04,20241019_1_04_09,거마의기적,0
20241019,20241019_1_04,20241019_1_04_10,서전트라이트,0
20241019,20241019_1_04,20241019_1_04_11,옥천윈스타,0
20241019,20241019_1_05,20241019_1_05_01,나올인디,0
20241019,20241019_1_05,20241019_1_05_02,용비수,0
20241019,20241019_1_05,20241019_1_05_03,바로다나은,1
20241019,20241019_1_05,20241019_1_05_04,에클레어,0
20241019,20241019_1_05,20241019_1_05_05,제라퀸,0
20241019,20241019_1_05,20241019_1_05_06,당찬낭보,0
20241019,20241019_1_05,20241019_1_05_07,분당쓰나미,0
20241019,20241019_1_05,20241019_1_05_08,세명레이디,0
20241019,20241019_1_05,20241019_1_05_09,로열베스트,0
20241019,20241019_1_05,20241019_1_05_10,아쿠아라인,0
20241019,20241019_1_06,20241019_1_06_01,퀵실버키튼,0
20241019,20241019_1_06,20241019_1_06_02,슈퍼선더,0
20241019,20241019_1_06,20241019_1_06_03,프라임크라운,1
20241019,20241019_1_06,20241019_1_06_04,최고게임,0
20241019,20241019_1_06,20241019_1_06_05,축배를들어라,0
20241019,20241019_1_06,20241019_1_06_06,검이불루,0
20241019,20241019_1_06,20241019_1_06_07,빅토리퀸,0
20241019,20241019_1_06,20241019_1_06_08,마이티큐,0
20241019,20241019_1_06,20241019_1_06_09,정문파파고,0
20241019,20241019_1_06,20241019_1_06_10,티즈에너지,0
20241019,20241019_1_07,20241019_1_07_01,서울돌풍,0
20241019,20241019_1_07,20241019_1_07_02,레이디하나비,1
20241019,20241019_1_07,20241019_1_07_03,하트케이,0
20241019,20241019_1_07,20241019_1_07_04,스마트삭스,0
20241019,20241019_1_07,20241019_1_07_05,흥행불패,0
20241019,20241019_1_07,20241019_1_07_06,캡틴타임,0
20241019,20241019_1_07,20241019_1_07_07,올포유어드림,0
20241019,20241019_1_07,20241019_1_07_08,아만바로우즈,0
20241019,20241019_1_07,20241019_1_07_09,플라이데이,0
20241019,20241019_1_07,20241019_1_07_10,월드킹맨,0
20241019,20241019_1_07,20241019_1_07_11,히든블레이드,0
20241019,20241019_1_08,20241019_1_08_01,어퓨어굿우먼,0
20241019,20241019_1_08,20241019_1_08_02,에이펙스,0
20241019,20241019_1_08,20241019_1_08_03,벌교베리타스,0
20241019,20241019_1_08,20241019_1_08_04,청파의꿈,0
20241019,20241019_1_08,20241019_1_08_05,런던액티브,0
20241019,20241019_1_08,20241019_1_08_06,캡틴삼칠이,0
20241019,20241019_1_08,20241019_1_08_07,페어스카이즈,0
20241019,20241019_1_08,20241019_1_08_08,관악산스톰,0
20241019,20241019_1_08,20241019_1_08_09,은혜,0
20241019,20241019_1_08,20241019_1_08_10,우와륭,1
20241019,20241019_1_08,20241019_1_08_11,도깨비,0
20241019,20241019_1_09,20241019_1_09_01,달금,0
20241019,20241019_1_09,20241019_1_09_02,퍼지킹,0
20241019,20241019_1_09,20241019_1_09_03,그랜드실버,0
20241019,20241019_1_09,20241019_1_09_04,엑톤질주,0
20241019,20241019_1_09,20241019_1_09_05,비야리카,1
20241019,20241019_1_09,20241019_1_09_06,학산마초,0
20241019,20241019_1_09,20241019_1_09_07,글로벌진격,0
20241019,20241019_1_09,20241019_1_09_08,아르고공주,0
20241019,20241019_1_09,20241019_1_09_09,매직스트롱,0
20241019,20241019_1_09,20241019_1_09_10,성은크라운,0
20241019,20241019_1_09,20241019_1_09_11,아인슈페너,0
20241019,20241019_1_10,20241019_1_10_01,안양천둥,0
20241019,20241019_1_10,20241019_1_10_02,빅스마트,0
20241019,20241019_1_10,20241019_1_10_03,아가판서스,0
20241019,20241019_1_10,20241019_1_10_04,아르고무적,0
20241019,20241019_1_10,20241019_1_10_05,아크로마린,0
20241019,20241019_1_10,20241019_1_10_06,천행챗,0
20241019,20241019_1_10,20241019_1_10_07,섀클포인트,1
20241019,20241019_1_10,20241019_1_10_08,원더풀퍼지,0
20241019,20241019_1_10,20241019_1_10_09,신의반전,0
20241019,20241019_1_10,20241019_1_10_10,블랙스펙터,0
20241019,20241019_1_10,20241019_1_10_11,스페셜타임,0
20241019,20241019_1_11,20241019_1_11_01,타우루스퀸,0
20241019,20241019_1_11,20241019_1_11_02,매직아워,0
20241019,20241019_1_11,20241019_1_11_03,엠제이베스트,0
20241019,20241019_1_11,20241019_1_11_04,머스탱파워,0
20241019,20241019_1_11,20241019_1_11_05,대완구,0
20241019,20241019_1_11,20241019_1_11_06,강남불청객,0
20241019,20241019_1_11,20241019_1_11_07,스포블레이드,0
20241019,20241019_1_11,20241019_1_11_08,벤칼프린세스,0
20241019,20241019_1_11,20241019_1_11_09,블랙벨트,1
20241020,20241020_1_01,20241020_1_01_01,관악산글로벌,0
20241020,20241020_1_01,20241020_1_01_02,벌교박강굴,0
20241020,20241020_1_01,20241020_1_01_03,글로벌타임,0
20241020,20241020_1_01,20241020_1_01_04,문학보이,1
20241020,20241020_1_01,20241020_1_01_05,청해스타,0
20241020,20241020_1_01,20241020_1_01_06,알파피메일,0
20241020,20241020_1_01,20241020_1_01_07,은파뮤직,0
20241020,20241020_1_01,20241020_1_01_08,라온더어펌드,0
20241020,20241020_1_02,20241020_1_02_01,학산대세,0
20241020,20241020_1_02,20241020_1_02_02,원더풀노던,1
20241020,20241020_1_02,20241020_1_02_03,강철드래곤,0
20241020,20241020_1_02,20241020_1_02_04,영원자이언트,0
20241020,20241020_1_02,20241020_1_02_05,오렌지타임,0
20241020,20241020_1_02,20241020_1_02_06,턴테이블,0
20241020,20241020_1_02,20241020_1_02_07,크리솔메이저,0
20241020,20241020_1_02,20241020_1_02_08,크레이지창,0
20241020,20241020_1_02,20241020_1_02_09,투투선더,0
20241020,20241020_1_03,20241020_1_03_01,킹고태양,0
20241020,20241020_1_03,20241020_1_03_02,서머파티,0
20241020,20241020_1_03,20241020_1_03_03,오스틴리더,0
20241020,20241020_1_03,20241020_1_03_04,스케일킹,0
20241020,20241020_1_03,20241020_1_03_05,모쿠슈라,0
20241020,20241020_1_03,20241020_1_03_06,스팅제트,1
20241020,20241020_1_03,20241020_1_03_08,큐피드미르,0
20241020,20241020_1_03,20241020_1_03_09,라이트어블루,0
20241020,20241020_1_03,20241020_1_03_11,벨로테로,0
20241020,20241020_1_04,20241020_1_04_01,굿파이터,0
20241020,20241020_1_04,20241020_1_04_02,마이선더,0
20241020,20241020_1_04,20241020_1_04_03,매직사운드,0
20241020,20241020_1_04,20241020_1_04_04,두손오픈,1
20241020,20241020_1_04,20241020_1_04_05,걸작선,0
20241020,20241020_1_04,20241020_1_04_06,다나은렉스,0
20241020,20241020_1_04,20241020_1_04_07,배다리쾌검,0
20241020,20241020_1_04,20241020_1_04_08,미스파이널,0
20241020,20241020_1_04,20241020_1_04_09,머니터치,0
20241020,20241020_1_05,20241020_1_05_01,장흥클래스,0
20241020,20241020_1_05,20241020_1_05_02,정상히트,0
20241020,20241020_1_05,20241020_1_05_03,빛나는질주,0
20241020,20241020_1_05,20241020_1_05_04,금성파워,0
20241020,20241020_1_05,20241020_1_05_05,희망의찬가,0
20241020,20241020_1_05,20241020_1_05_06,베스트토르,1
20241020,20241020_1_05,20241020_1_05_07,바람살,0
20241020,20241020_1_05,20241020_1_05_08,파사루봉,0
20241020,20241020_1_05,20241020_1_05_09,원더풀티지,0
20241020,20241020_1_05,20241020_1_05_10,피엔에스날라,0
20241020,20241020_1_05,20241020_1_05_11,대륜시대,0
20241020,20241020_1_06,20241020_1_06_01,예술이야,0
20241020,20241020_1_06,20241020_1_06_02,신의여제,1
20241020,20241020_1_06,20241020_1_06_03,그린비바체,0
20241020,20241020_1_06,20241020_1_06_04,화산귀환,0
20241020,20241020_1_06,20241020_1_06_05,라온더판타,0
20241020,20241020_1_06,20241020_1_06_06,화수분,0
20241020,20241020_1_06,20241020_1_06_07,엑설런트퀸,0
20241020,20241020_1_06,20241020_1_06_08,도끼드래곤,0
20241020,20241020_1_06,20241020_1_06_09,네모프린스,0
20241020,20241020_1_06,20241020_1_06_10,보름달빛,0
20241020,20241020_1_06,20241020_1_06_11,베스트클론,0
20241020,20241020_1_07,20241020_1_07_01,남촌타운,0
20241020,20241020_1_07,20241020_1_07_02,리얼딜,0
20241020,20241020_1_07,20241020_1_07_03,용비태양,0
20241020,20241020_1_07,20241020_1_07_04,라이징모,0
20241020,20241020_1_07,20241020_1_07_05,한마디말도,0
20241020,20241020_1_07,20241020_1_07_06,실버레인,0
20241020,20241020_1_07,20241020_1_07_07,킹오브드래곤,0
20241020,20241020_1_07,20241020_1_07_08,블러싱로즈,0
20241020,20241020_1_07,20241020_1_07_09,한강퍼펙트,0
20241020,20241020_1_07,20241020_1_07_10,서울불청객,0
20241020,20241020_1_07,20241020_1_07_11,걸작시대,0
20241020,20241020_1_07,20241020_1_07_12,캡틴피케이,1
20241020,20241020_1_08,20241020_1_08_01,나노메타,0
20241020,20241020_1_08,20241020_1_08_03,스카이함성,0
20241020,20241020_1_08,20241020_1_08_04,글로벌럭키,0
20241020,20241020_1_08,20241020_1_08_05,대박스타,0
20241020,20241020_1_08,20241020_1_08_06,금악스타,0
20241020,20241020_1_08,20241020_1_08_07,나노마신,0
20241020,20241020_1_08,20241020_1_08_08,파워에치드,0
20241020,20241020_1_08,20241020_1_08_09,터치나인,0
20241020,20241020_1_08,20241020_1_08_10,골든드래곤,1
20241020,20241020_1_09,20241020_1_09_01,짜릿한자유,1
20241020,20241020_1_09,20241020_1_09_02,이스트점프,0
20241020,20241020_1_09,20241020_1_09_03,아침함성,0
20241020,20241020_1_09,20241020_1_09_04,금세다,0
20241020,20241020_1_09,20241020_1_09_05,옥룡,0
20241020,20241020_1_09,20241020_1_09_06,파노라마킹,0
20241020,20241020_1_09,20241020_1_09_07,킹아너,0
20241020,20241020_1_09,20241020_1_09_08,스마트클레어,0
20241020,20241020_1_10,20241020_1_10_01,신의이름,0
20241020,20241020_1_10,20241020_1_10_02,청산영웅,0
20241020,20241020_1_10,20241020_1_10_03,기분좋은말,0
20241020,20241020_1_10,20241020_1_10_05,장비무지개,0
20241020,20241020_1_10,20241020_1_10_06,자이언트엠,1
20241020,20241020_1_10,20241020_1_10_07,바람의검,0
20241020,20241020_1_10,20241020_1_10_08,에펠탑,0
20241020,20241020_1_11,20241020_1_11_01,굿필승,0
20241020,20241020_1_11,20241020_1_11_02,라온포레스트,1
20241020,20241020_1_11,20241020_1_11_03,럭키월드,0
20241020,20241020_1_11,20241020_1_11_04,장산포이즌,0
20241020,20241020_1_11,20241020_1_11_05,리월마,0
20241020,20241020_1_11,20241020_1_11_06,라온더아리아,0
20241020,20241020_1_11,20241020_1_11_07,울프플레이,0
20241020,20241020_1_11,20241020_1_11_08,마이센터,0
20241020,20241020_1_11,20241020_1_11_09,빅스고,0
20241020,20241020_1_11,20241020_1_11_10,남산의별,0
20241026,20241026_1_01,20241026_1_01_01,수향미인,0
20241026,20241026_1_01,20241026_1_01_02,레이스로즈,0
20241026,20241026_1_01,20241026_1_01_03,용암사랑,0
20241026,20241026_1_01,20241026_1_01_04,라온더벨몬트,0
20241026,20241026_1_01,20241026_1_01_05,그냥가라,0
20241026,20241026_1_01,20241026_1_01_06,거센지존,0
20241026,20241026_1_01,20241026_1_01_07,파이널리더,0
20241026,20241026_1_01,20241026_1_01_08,삼정레이디,0
20241026,20241026_1_01,20241026_1_01_09,관악산원더풀,0
20241026,20241026_1_01,20241026_1_01_10,더블블레이드,0
20241026,20241026_1_01,20241026_1_01_11,천마호령,1
20241026,20241026_1_01,20241026_1_01_12,대항비마,0
20241026,20241026_1_02,20241026_1_02_02,플라잉오크스,0
20241026,20241026_1_02,20241026_1_02_03,블루피오라,0
20241026,20241026_1_02,20241026_1_02_04,위닝챔피언,0
20241026,20241026_1_02,20241026_1_02_05,엠케이모찌,0
20241026,20241026_1_02,20241026_1_02_06,위즈캠페인,0
20241026,20241026_1_02,20241026_1_02_07,사탕소녀,0
20241026,20241026_1_02,20241026_1_02_08,마이티조이,1
20241026,20241026_1_02,20241026_1_02_09,핵다이아,0
20241026,20241026_1_02,20241026_1_02_10,오카네모치,0
20241026,20241026_1_02,20241026_1_02_11,탑티어,0
20241026,20241026_1_02,20241026_1_02_12,캡틴군주,0
20241026,20241026_1_03,20241026_1_03_01,파워몬스터,0
20241026,20241026_1_03,20241026_1_03_02,마하가,0
20241026,20241026_1_03,20241026_1_03_03,스마트뮤직,1
20241026,20241026_1_03,20241026_1_03_05,블루드래곤,0
20241026,20241026_1_03,20241026_1_03_06,큐피드하트,0
20241026,20241026_1_03,20241026_1_03_07,스트롱보스,0
20241026,20241026_1_03,20241026_1_03_08,용암칸타카,0
20241026,20241026_1_03,20241026_1_03_09,라온더임팩트,0
20241026,20241026_1_03,20241026_1_03_10,골든메이커,0
20241026,20241026_1_03,20241026_1_03_11,스마트에이원,0
20241026,20241026_1_04,20241026_1_04_01,블랙시대,0
20241026,20241026_1_04,20241026_1_04_02,오푸스퍼플,0
20241026,20241026_1_04,20241026_1_04_03,마루별,0
20241026,20241026_1_04,20241026_1_04_04,코스모킹,0
20241026,20241026_1_04,20241026_1_04_05,스플렌디드,0
20241026,20241026_1_04,20241026_1_04_06,내길의영광,0
20241026,20241026_1_04,20241026_1_04_07,크리솔크라운,1
20241026,20241026_1_04,20241026_1_04_08,논스톱열차,0
20241026,20241026_1_04,20241026_1_04_09,상임대표,0
20241026,20241026_1_05,20241026_1_05_01,엘리트보스,0
20241026,20241026_1_05,20241026_1_05_02,탱글이,0
20241026,20241026_1_05,20241026_1_05_03,대명장,0
20241026,20241026_1_05,20241026_1_05_04,스터닝플래터,0
20241026,20241026_1_05,20241026_1_05_05,당찬대보,0
20241026,20241026_1_05,20241026_1_05_06,한강캡틴,0
20241026,20241026_1_05,20241026_1_05_07,마이티봄,0
20241026,20241026_1_05,20241026_1_05_08,골든스나이퍼,1
20241026,20241026_1_05,20241026_1_05_09,퍼플신화,0
20241026,20241026_1_05,20241026_1_05_10,레전드탑,0
20241026,20241026_1_05,20241026_1_05_11,소프트파워,0
20241026,20241026_1_06,20241026_1_06_01,파이널질주,0
20241026,20241026_1_06,20241026_1_06_02,음성파워,0
20241026,20241026_1_06,20241026_1_06_03,맥스위크,0
20241026,20241026_1_06,20241026_1_06_04,성신천하,0
20241026,20241026_1_06,20241026_1_06_05,원더풀스피릿,0
20241026,20241026_1_06,20241026_1_06_06,스타케이,0
20241026,20241026_1_06,20241026_1_06_07,강철전사,0
20241026,20241026_1_06,20241026_1_06_08,청량산,0
20241026,20241026_1_06,20241026_1_06_09,스타러시,0
20241026,20241026_1_06,20241026_1_06_10,대성스타,1
20241026,20241026_1_06,20241026_1_06_11,맥스골드,0
20241026,20241026_1_07,20241026_1_07_01,라스트피치,0
20241026,20241026_1_07,20241026_1_07_02,볼린,0
20241026,20241026_1_07,20241026_1_07_03,스틸플레이,1
20241026,20241026_1_07,20241026_1_07_04,빛의카,0
20241026,20241026_1_07,20241026_1_07_05,울트라망치,0
20241026,20241026_1_07,20241026_1_07_06,인피니트아너,0
20241026,20241026_1_07,20241026_1_07_07,퍼플윙크,0
20241026,20241026_1_07,20241026_1_07_08,스마트캣,0
20241026,20241026_1_07,20241026_1_07_09,나이트참,0
20241026,20241026_1_07,20241026_1_07_10,새로운빛깔,0
20241026,20241026_1_08,20241026_1_08_01,스터닝스카이,1
20241026,20241026_1_08,20241026_1_08_02,주몽천하,0
20241026,20241026_1_08,20241026_1_08_03,한강히어로,0
20241026,20241026_1_08,20241026_1_08_05,스피디루키,0
20241026,20241026_1_08,20241026_1_08_06,글로벌매직,0
20241026,20241026_1_08,20241026_1_08_07,강한퀸,0
20241026,20241026_1_08,20241026_1_08_08,바이킹하트,0
20241026,20241026_1_08,20241026_1_08_09,카우보이탱고,0
20241026,20241026_1_08,20241026_1_08_10,스파크선더,0
20241026,20241026_1_09,20241026_1_09_01,서니로드,1
20241026,20241026_1_09,20241026_1_09_02,골든아너,0
20241026,20241026_1_09,20241026_1_09_03,성실인동,0
20241026,20241026_1_09,20241026_1_09_04,에이피파텍,0
20241026,20241026_1_09,20241026_1_09_05,빅토리히트,0
20241026,20241026_1_09,20241026_1_09_06,굿해피,0
20241026,20241026_1_09,20241026_1_09_07,힐링헤이븐,0
20241026,20241026_1_09,20241026_1_09_08,패스트트랙,0
20241026,20241026_1_09,20241026_1_09_09,새파랑,0
20241026,20241026_1_09,20241026_1_09_10,엔딩파이어,0
20241026,20241026_1_09,20241026_1_09_11,별나라질주,0
20241026,20241026_1_10,20241026_1_10_01,콩코드퀸,0
20241026,20241026_1_10,20241026_1_10_02,월드섀넌스,0
20241026,20241026_1_10,20241026_1_10_03,자이언트펀치,0
20241026,20241026_1_10,20241026_1_10_04,케이엔언더킹,0
20241026,20241026_1_10,20241026_1_10_05,문학어플리트,0
20241026,20241026_1_10,20241026_1_10_06,프레시맨,0
20241026,20241026_1_10,20241026_1_10_07,사하라몬드,0
20241026,20241026_1_10,20241026_1_10_08,영광의월드,1
20241026,20241026_1_10,20241026_1_10_09,비트러너,0
20241026,20241026_1_10,20241026_1_10_10,섀도헌터,0
20241026,20241026_1_10,20241026_1_10_11,탱자,0
20241026,20241026_1_11,20241026_1_11_01,광양으뜸,0
20241026,20241026_1_11,20241026_1_11_02,원평리스트,0
20241026,20241026_1_11,20241026_1_11_03,슈퍼피니시,0
20241026,20241026_1_11,20241026_1_11_04,거센반격,1
20241026,20241026_1_11,20241026_1_11_05,장산스포,0
20241026,20241026_1_11,20241026_1_11_06,대물,0
20241026,20241026_1_11,20241026_1_11_07,퓨리오사,0
20241026,20241026_1_11,20241026_1_11_08,라온더제트,0
20241026,20241026_1_11,20241026_1_11_09,신한특송,0
20241026,20241026_1_11,20241026_1_11_10,라온더골드,0
20241026,20241026_1_11,20241026_1_11_11,금아얼루어,0
20241027,20241027_1_01,20241027_1_01_01,베스트레이스,1
20241027,20241027_1_01,20241027_1_01_02,로드투어스퍼,0
20241027,20241027_1_01,20241027_1_01_03,강나루,0
20241027,20241027_1_01,20241027_1_01_04,그랜드파크,0
20241027,20241027_1_01,20241027_1_01_05,세명다이아,0
20241027,20241027_1_01,20241027_1_01_06,용비킹,0
20241027,20241027_1_01,20241027_1_01_07,지산포스,0
20241027,20241027_1_01,20241027_1_01_08,미스터스톰,0
20241027,20241027_1_01,20241027_1_01_09,퀸다이아,0
20241027,20241027_1_01,20241027_1_01_10,큐피드케이,0
20241027,20241027_1_02,20241027_1_02_01,원펀치드래곤,1
20241027,20241027_1_02,20241027_1_02_02,스파르탄,0
20241027,20241027_1_02,20241027_1_02_03,몬탁선샤인,0
20241027,20241027_1_02,20241027_1_02_04,태기산킹,0
20241027,20241027_1_02,20241027_1_02_05,황금마스크,0
20241027,20241027_1_02,20241027_1_02_06,금아포모스트,0
20241027,20241027_1_02,20241027_1_02_07,원더풀파피,0
20241027,20241027_1_02,20241027_1_02_08,그랜드쾌마,0
20241027,20241027_1_02,20241027_1_02_09,이클립스더킹,0
20241027,20241027_1_03,20241027_1_03_01,강철부대,0
20241027,20241027_1_03,20241027_1_03_02,플라잉럭키,0
20241027,20241027_1_03,20241027_1_03_03,주얼리패션,0
20241027,20241027_1_03,20241027_1_03_04,벌교디와이,0
20241027,20241027_1_03,20241027_1_03_05,히퍼드롬,0
20241027,20241027_1_03,20241027_1_03_06,캡처,1
20241027,20241027_1_03,20241027_1_03_07,너만을위해서,0
20241027,20241027_1_03,20241027_1_03_08,엘도라도흥부,0
20241027,20241027_1_03,20241027_1_03_09,원더풀동촌,0
20241027,20241027_1_03,20241027_1_03_10,한우리,0
20241027,20241027_1_04,20241027_1_04_01,트레비트,0
20241027,20241027_1_04,20241027_1_04_02,커맨드블루,0
20241027,20241027_1_04,20241027_1_04_03,고스트게일,0
20241027,20241027_1_04,20241027_1_04_04,슈퍼블루문,0
20241027,20241027_1_04,20241027_1_04_05,스피드카라,0
20241027,20241027_1_04,20241027_1_04_06,플래시골드,0
20241027,20241027_1_04,20241027_1_04_07,포세이돈블루,0
20241027,20241027_1_04,20241027_1_04_08,엘리트피스,0
20241027,20241027_1_04,20241027_1_04_09,우승진리,1
20241027,20241027_1_04,20241027_1_04_10,고오고오,0
20241027,20241027_1_05,20241027_1_05_01,붉은폭풍,0
20241027,20241027_1_05,20241027_1_05_02,나올대왕,1
20241027,20241027_1_05,20241027_1_05_03,거센여제,0
20241027,20241027_1_05,20241027_1_05_04,송암스카이,0
20241027,20241027_1_05,20241027_1_05_05,빅에너지,0
20241027,20241027_1_05,20241027_1_05_06,세광질주,0
20241027,20241027_1_05,20241027_1_05_07,태평레전드,0
20241027,20241027_1_05,20241027_1_05_08,맥스탱고,0
20241027,20241027_1_05,20241027_1_05_09,마이티캡,0
20241027,20241027_1_05,20241027_1_05_10,에덴의동쪽,0
20241027,20241027_1_05,20241027_1_05_11,금성여제,0
20241027,20241027_1_06,20241027_1_06_01,플랜비,0
20241027,20241027_1_06,20241027_1_06_02,찬이고,0
20241027,20241027_1_06,20241027_1_06_03,메니참,0
20241027,20241027_1_06,20241027_1_06_04,핑크골드,1
20241027,20241027_1_06,20241027_1_06_05,실버문,0
20241027,20241027_1_06,20241027_1_06_06,제우시대,0
20241027,20241027_1_06,20241027_1_06_07,토호마켓,0
20241027,20241027_1_06,20241027_1_06_08,순간의찬스,0
20241027,20241027_1_06,20241027_1_06_09,아씨장군,0
20241027,20241027_1_06,20241027_1_06_10,클레어골드,0
20241027,20241027_1_06,20241027_1_06_11,강철여걸,0
20241027,20241027_1_07,20241027_1_07_01,창조의아침,0
20241027,20241027_1_07,20241027_1_07_02,월드피플,0
20241027,20241027_1_07,20241027_1_07_03,헤븐챗,0
20241027,20241027_1_07,20241027_1_07_04,엠지베스트,0
20241027,20241027_1_07,20241027_1_07_05,히어로짱,0
20241027,20241027_1_07,20241027_1_07_06,블레이밍워,0
20241027,20241027_1_07,20241027_1_07_07,트라움퀸,0
20241027,20241027_1_07,20241027_1_07_08,네이비캡틴,0
20241027,20241027_1_07,20241027_1_07_09,콩나물,1
20241027,20241027_1_07,20241027_1_07_10,태칸,0
20241027,20241027_1_07,20241027_1_07_11,거센진격,0
20241027,20241027_1_08,20241027_1_08_01,런던에이스,0
20241027,20241027_1_08,20241027_1_08_02,금성환희,0
20241027,20241027_1_08,20241027_1_08_03,고마나루,0
20241027,20241027_1_08,20241027_1_08_04,비전파워,0
20241027,20241027_1_08,20241027_1_08_05,용암마렝고,0
20241027,20241027_1_08,20241027_1_08_06,킹칼레,0
20241027,20241027_1_08,20241027_1_08_07,케이엔티즈원,1
20241027,20241027_1_08,20241027_1_08_08,드래곤스퀘어,0
20241027,20241027_1_08,20241027_1_08_09,레전드선,0
20241027,20241027_1_08,20241027_1_08_10,토르의망치,0
20241027,20241027_1_08,20241027_1_08_11,데블케이,0
20241027,20241027_1_09,20241027_1_09_01,서부특송,1
20241027,20241027_1_09,20241027_1_09_02,걸작드림,0
20241027,20241027_1_09,20241027_1_09_03,러브카우걸,0
20241027,20241027_1_09,20241027_1_09_04,디아나,0
20241027,20241027_1_09,20241027_1_09_05,호명퀸,0
20241027,20241027_1_09,20241027_1_09_06,찬란한불꽃,0
20241027,20241027_1_09,20241027_1_09_07,울트라삭스,0
20241027,20241027_1_09,20241027_1_09_08,다운더존,0
20241027,20241027_1_09,20241027_1_09_09,라온시티걸,0
20241027,20241027_1_09,20241027_1_09_10,챌린지삭스,0
20241027,20241027_1_09,20241027_1_09_11,울트라히트,0
20241027,20241027_1_10,20241027_1_10_01,바람의향기,0
20241027,20241027_1_10,20241027_1_10_02,미라클한강,1
20241027,20241027_1_10,20241027_1_10_03,나인이글,0
20241027,20241027_1_10,20241027_1_10_04,매직주니어,0
20241027,20241027_1_10,20241027_1_10_05,문학이글,0
20241027,20241027_1_10,20241027_1_10_06,큐피드워리어,0
20241027,20241027_1_10,20241027_1_10_07,컴플리트캡틴,0
20241027,20241027_1_10,20241027_1_10_08,하이러너,0
20241027,20241027_1_10,20241027_1_10_09,라온더퀄리티,0
20241027,20241027_1_10,20241027_1_10_10,유쾌한날들,0
20241027,20241027_1_11,20241027_1_11_01,스카이망치,0
20241027,20241027_1_11,20241027_1_11_02,히든삭스,0
20241027,20241027_1_11,20241027_1_11_03,아메리카골드,0
20241027,20241027_1_11,20241027_1_11_04,글로벌삭스,1
20241027,20241027_1_11,20241027_1_11_05,치프인디,0
20241027,20241027_1_11,20241027_1_11_06,용암보스,0
20241027,20241027_1_11,20241027_1_11_07,마이티뉴,0
20241027,20241027_1_11,20241027_1_11_08,황금럭키,0
20241102,20241102_1_01,20241102_1_01_01,리멤버어게인,1
20241102,20241102_1_01,20241102_1_01_02,말스고,0
20241102,20241102_1_01,20241102_1_01_03,동방포스,0
20241102,20241102_1_01,20241102_1_01_04,터보차지,0
20241102,20241102_1_01,20241102_1_01_05,큐피드월드,0
20241102,20241102_1_01,20241102_1_01_06,걸작크로우,0
20241102,20241102_1_01,20241102_1_01_07,영광의스카이,0
20241102,20241102_1_01,20241102_1_01_08,섬싱다크,0
20241102,20241102_1_01,20241102_1_01_09,와일드해피,0
20241102,20241102_1_01,20241102_1_01_10,학산프린스,0
20241102,20241102_1_01,20241102_1_01_11,딕시맨,0
20241102,20241102_1_02,20241102_1_02_01,걸작해피,0
20241102,20241102_1_02,20241102_1_02_02,라온더케이샤,1
20241102,20241102_1_02,20241102_1_02_03,비트도깨비,0
20241102,20241102_1_02,20241102_1_02_04,거마의기적,0
20241102,20241102_1_02,20241102_1_02_05,블랙스마일,0
20241102,20241102_1_02,20241102_1_02_06,동진선더,0
20241102,20241102_1_02,20241102_1_02_08,효강이,0
20241102,20241102_1_02,20241102_1_02_09,가문파티,0
20241102,20241102_1_02,20241102_1_02_10,모던댄스,0
20241102,20241102_1_02,20241102_1_02_11,벌교라바,0
20241102,20241102_1_03,20241102_1_03_01,아놀드퀸,0
20241102,20241102_1_03,20241102_1_03_02,어메이징스타,1
20241102,20241102_1_03,20241102_1_03_03,스마트노션,0
20241102,20241102_1_03,20241102_1_03_04,킹워리어,0
20241102,20241102_1_03,20241102_1_03_05,코탑,0
20241102,20241102_1_03,20241102_1_03_07,뷰티풀화성,0
20241102,20241102_1_03,20241102_1_03_08,피엔에스파,0
20241102,20241102_1_03,20241102_1_03_09,과천퀸,0
20241102,20241102_1_03,20241102_1_03_10,영원포텐,0
20241102,20241102_1_04,20241102_1_04_01,글로리앤아너,0
20241102,20241102_1_04,20241102_1_04_02,세명레이디,0
20241102,20241102_1_04,20241102_1_04_03,드림스카이,0
20241102,20241102_1_04,20241102_1_04_04,대륜시대,0
20241102,20241102_1_04,20241102_1_04_05,뷰티원더풀,1
20241102,20241102_1_04,20241102_1_04_06,스페셜포스,0
20241102,20241102_1_04,20241102_1_04_07,파티파워,0
20241102,20241102_1_04,20241102_1_04_08,메타,0
20241102,20241102_1_04,20241102_1_04_09,원평광야,0
20241102,20241102_1_05,20241102_1_05_01,항구스타,0
20241102,20241102_1_05,20241102_1_05_02,위즈러버,0
20241102,20241102_1_05,20241102_1_05_03,제축일호,0
20241102,20241102_1_05,20241102_1_05_04,빅브리지,0
20241102,20241102_1_05,20241102_1_05_05,투아레그나인,1
20241102,20241102_1_05,20241102_1_05_06,원더풀웰스,0
20241102,20241102_1_05,20241102_1_05_07,유레카,0
20241102,20241102_1_05,20241102_1_05_08,서전트라이트,0
20241102,20241102_1_05,20241102_1_05_09,샤프선샤인,0
20241102,20241102_1_05,20241102_1_05_10,신의운명,0
20241102,20241102_1_06,20241102_1_06_01,오송의별,1
20241102,20241102_1_06,20241102_1_06_02,프로미스,0
20241102,20241102_1_06,20241102_1_06_03,골든볼,0
20241102,20241102_1_06,20241102_1_06_04,은성노을,0
20241102,20241102_1_06,20241102_1_06_05,빈체로킹,0
20241102,20241102_1_06,20241102_1_06_06,해피익투스,0
20241102,20241102_1_06,20241102_1_06_07,에브리참,0
20241102,20241102_1_06,20241102_1_06_08,청계기상,0
20241102,20241102_1_06,20241102_1_06_09,성실영웅,0
20241102,20241102_1_06,20241102_1_06_10,페더럴킹,0
20241102,20241102_1_06,20241102_1_06_11,퍼스트슈,0
20241102,20241102_1_07,20241102_1_07_01,슈퍼엑톤,0
20241102,20241102_1_07,20241102_1_07_02,불의여왕,0
20241102,20241102_1_07,20241102_1_07_03,남산무적,1
20241102,20241102_1_07,20241102_1_07_04,명진불패,0
20241102,20241102_1_07,20241102_1_07_05,피어리스,0
20241102,20241102_1_07,20241102_1_07_06,브라운골드,0
20241102,20241102_1_07,20241102_1_07_07,오래다함께,0
20241102,20241102_1_07,20241102_1_07_08,광치기,0
20241102,20241102_1_07,20241102_1_07_09,탑다이아,0
20241102,20241102_1_07,20241102_1_07_10,멋진강호,0
20241102,20241102_1_08,20241102_1_08_01,골드베르크,0
20241102,20241102_1_08,20241102_1_08_02,행복한승자,1
20241102,20241102_1_08,20241102_1_08_03,알사이먼,0
20241102,20241102_1_08,20241102_1_08_04,히어로레전드,0
20241102,20241102_1_08,20241102_1_08_05,산삼은함양,0
20241102,20241102_1_08,20241102_1_08_06,두손클래식,0
20241102,20241102_1_08,20241102_1_08_07,스마트삭스,0
20241102,20241102_1_08,20241102_1_08_08,아치메모리,0
20241102,20241102_1_09,20241102_1_09_02,스터닝퀸,0
20241102,20241102_1_09,20241102_1_09_03,굿카보,0
20241102,20241102_1_09,20241102_1_09_04,샤인온미,0
20241102,20241102_1_09,20241102_1_09_05,우루스칸,0
20241102,20241102_1_09,20241102_1_09_06,엑설런트탄,0
20241102,20241102_1_09,20241102_1_09_07,금악명장,0
20241102,20241102_1_09,20241102_1_09_08,유니콘킹덤,0
20241102,20241102_1_09,20241102_1_09_09,미스터트롯,0
20241102,20241102_1_09,20241102_1_09_10,라온탑플레이,1
20241102,20241102_1_09,20241102_1_09_11,금빛강호,0
20241102,20241102_1_10,20241102_1_10_01,자이언트킬링,0
20241102,20241102_1_10,20241102_1_10_02,새내파워풀,0
20241102,20241102_1_10,20241102_1_10_03,리버태양,0
20241102,20241102_1_10,20241102_1_10_04,드림플레이,0
20241102,20241102_1_10,20241102_1_10_05,블랙모션,0
20241102,20241102_1_10,20241102_1_10_06,글로벌코디,0
20241102,20241102_1_10,20241102_1_10_07,옥룡,0
20241102,20241102_1_10,20241102_1_10_08,차돌다이아,1
20241102,20241102_1_10,20241102_1_10_09,라온더맨,0
20241102,20241102_1_10,20241102_1_10_10,베스트선,0
20241102,20241102_1_11,20241102_1_11_01,이스트반,0
20241102,20241102_1_11,20241102_1_11_02,메가드래곤,1
20241102,20241102_1_11,20241102_1_11_03,몬탁챗,0
20241102,20241102_1_11,20241102_1_11_04,특급대로,0
20241102,20241102_1_11,20241102_1_11_05,머니크라운,0
20241102,20241102_1_11,20241102_1_11_06,선더드림,0
20241102,20241102_1_11,20241102_1_11_07,원더풀인디,0
20241102,20241102_1_11,20241102_1_11_08,그레이캣,0
20241103,20241103_1_01,20241103_1_01_01,트롤,0
20241103,20241103_1_01,20241103_1_01_02,아메노,0
20241103,20241103_1_01,20241103_1_01_03,질풍재즈,0
20241103,20241103_1_01,20241103_1_01_04,칸누트,1
20241103,20241103_1_01,20241103_1_01_05,러닝아티스트,0
20241103,20241103_1_01,20241103_1_01_06,서해바다,0
20241103,20241103_1_01,20241103_1_01_07,대즐러시,0
20241103,20241103_1_01,20241103_1_01_08,이클립스더퀸,0
20241103,20241103_1_01,20241103_1_01_09,원더풀새치,0
20241103,20241103_1_01,20241103_1_01_10,럭키서니,0
20241103,20241103_1_02,20241103_1_02_01,레몬케이,0
20241103,20241103_1_02,20241103_1_02_02,간다고,0
20241103,20241103_1_02,20241103_1_02_03,퍼지루비,0
20241103,20241103_1_02,20241103_1_02_04,캡틴뮤직,0
20241103,20241103_1_02,20241103_1_02_05,용암스타,0
20241103,20241103_1_02,20241103_1_02_06,엠지퍼스트,0
20241103,20241103_1_02,20241103_1_02_07,우마다치,0
20241103,20241103_1_02,20241103_1_02_08,맥스라이트닝,0
20241103,20241103_1_02,20241103_1_02_09,캔버스엔고,0
20241103,20241103_1_02,20241103_1_02_10,한센브레이싱,1
20241103,20241103_1_02,20241103_1_02_11,레전드탄생,0
20241103,20241103_1_03,20241103_1_03_01,피엔에스주,0
20241103,20241103_1_03,20241103_1_03_02,천지마켓,0
20241103,20241103_1_03,20241103_1_03_03,애플스타일,1
20241103,20241103_1_03,20241103_1_03_04,피엔에스미,0
20241103,20241103_1_03,20241103_1_03_05,턴테이블,0
20241103,20241103_1_03,20241103_1_03_06,선샤인퀸,0
20241103,20241103_1_03,20241103_1_03_07,나우엘리트,0
20241103,20241103_1_03,20241103_1_03_08,선더럭키,0
20241103,20241103_1_03,20241103_1_03_09,예스마담,0
20241103,20241103_1_04,20241103_1_04_01,케이파워풀,0
20241103,20241103_1_04,20241103_1_04_02,크로마이트,0
20241103,20241103_1_04,20241103_1_04_03,테마탄생,1
20241103,20241103_1_04,20241103_1_04_04,네모스피릿,0
20241103,20241103_1_04,20241103_1_04_05,천지스카이,0
20241103,20241103_1_04,20241103_1_04_06,태평무,0
20241103,20241103_1_04,20241103_1_04_07,퀸아비게일,0
20241103,20241103_1_04,20241103_1_04_08,서머파티,0
20241103,20241103_1_04,20241103_1_04_09,그린필스타,0
20241103,20241103_1_05,20241103_1_05_01,히어로챔프,0
20241103,20241103_1_05,20241103_1_05_02,머스퀸플라이,0
20241103,20241103_1_05,20241103_1_05_03,클로버파티,0
20241103,20241103_1_05,20241103_1_05_04,라온더클리퍼,0
20241103,20241103_1_05,20241103_1_05_05,영원하라,0
20241103,20241103_1_05,20241103_1_05_06,댄싱강자,0
20241103,20241103_1_05,20241103_1_05_07,엑설런트마타,0
20241103,20241103_1_05,20241103_1_05_08,메니샤크,0
20241103,20241103_1_05,20241103_1_05_09,그린콩코드,0
20241103,20241103_1_05,20241103_1_05_10,히어로전사,0
20241103,20241103_1_05,20241103_1_05_11,골드시대,1
20241103,20241103_1_06,20241103_1_06_01,해제여걸,0
20241103,20241103_1_06,20241103_1_06_02,정성바이스,0
20241103,20241103_1_06,20241103_1_06_03,마이티아미,1
20241103,20241103_1_06,20241103_1_06_04,함평파이터,0
20241103,20241103_1_06,20241103_1_06_05,나올시대,0
20241103,20241103_1_06,20241103_1_06_06,유수부쟁선,0
20241103,20241103_1_06,20241103_1_06_07,나올인디,0
20241103,20241103_1_06,20241103_1_06_08,우주의봄,0
20241103,20241103_1_06,20241103_1_06_09,레인스타,0
20241103,20241103_1_07,20241103_1_07_01,핑크윈드,0
20241103,20241103_1_07,20241103_1_07_02,시티킹,0
20241103,20241103_1_07,20241103_1_07_03,원더풀남촌,0
20241103,20241103_1_07,20241103_1_07_04,원평타운,0
20241103,20241103_1_07,20241103_1_07_05,탱탱볼,0
20241103,20241103_1_07,20241103_1_07_06,더선파이터,0
20241103,20241103_1_07,20241103_1_07_07,선더호스,1
20241103,20241103_1_07,20241103_1_07_08,라파예트,0
20241103,20241103_1_07,20241103_1_07_09,베스트대로,0
20241103,20241103_1_07,20241103_1_07_10,스파클링,0
20241103,20241103_1_08,20241103_1_08_01,선포레,0
20241103,20241103_1_08,20241103_1_08_02,럭키프랭크,0
20241103,20241103_1_08,20241103_1_08_03,나소챗,0
20241103,20241103_1_08,20241103_1_08_04,문학홀리데이,0
20241103,20241103_1_08,20241103_1_08_05,오키드밸리,0
20241103,20241103_1_08,20241103_1_08_06,파워풀화성,0
20241103,20241103_1_08,20241103_1_08_07,엘도라도강남,1
20241103,20241103_1_08,20241103_1_08_08,드림릿지,0
20241103,20241103_1_08,20241103_1_08_09,월드베리언스,0
20241103,20241103_1_08,20241103_1_08_10,댄싱위즈,0
20241103,20241103_1_09,20241103_1_09_01,어나더레벨,0
20241103,20241103_1_09,20241103_1_09_02,퍼펙트건맨,0
20241103,20241103_1_09,20241103_1_09_03,럭키붐,0
20241103,20241103_1_09,20241103_1_09_04,뉴돌콩,1
20241103,20241103_1_09,20241103_1_09_05,이스트웨스트,0
20241103,20241103_1_09,20241103_1_09_06,슈퍼선더,0
20241103,20241103_1_09,20241103_1_09_07,파워팔이영,0
20241103,20241103_1_09,20241103_1_09_08,뉴질랜드삭스,0
20241103,20241103_1_09,20241103_1_09_09,백룡,0
20241103,20241103_1_09,20241103_1_09_10,티즈에너지,0
20241103,20241103_1_10,20241103_1_10_01,원더풀폭스,0
20241103,20241103_1_10,20241103_1_10_02,태평파이터,1
20241103,20241103_1_10,20241103_1_10_03,산본쓰나미,0
20241103,20241103_1_10,20241103_1_10_04,러브문막,0
20241103,20241103_1_10,20241103_1_10_05,티나케이,0
20241103,20241103_1_10,20241103_1_10_06,아인슈페너,0
20241103,20241103_1_10,20241103_1_10_07,터보삭스,0
20241103,20241103_1_10,20241103_1_10_08,관악산레오,0
20241103,20241103_1_11,20241103_1_11_01,발베니,0
20241103,20241103_1_11,20241103_1_11_02,포에버드림,0
20241103,20241103_1_11,20241103_1_11_03,원평가속,0
20241103,20241103_1_11,20241103_1_11_04,천마비상,0
20241103,20241103_1_11,20241103_1_11_05,어서말을해,1
20241103,20241103_1_11,20241103_1_11_06,서울탱크,0
20241103,20241103_1_11,20241103_1_11_07,라온더포인트,0
20241103,20241103_1_11,20241103_1_11_08,선더타임,0
20241103,20241103_1_11,20241103_1_11_09,승부사,0
20241109,20241109_1_01,20241109_1_01_01,스터닝티크,0
20241109,20241109_1_01,20241109_1_01_02,아이엠고,0
20241109,20241109_1_01,20241109_1_01_03,위너글로리,0
20241109,20241109_1_01,20241109_1_01_04,그레이스루트,0
20241109,20241109_1_01,20241109_1_01_05,스터닝펄,1
20241109,20241109_1_01,20241109_1_01_06,섬돌모루,0
20241109,20241109_1_01,20241109_1_01_07,스위치파워,0
20241109,20241109_1_01,20241109_1_01_08,비케이러브,0
20241109,20241109_1_02,20241109_1_02_01,질주천하,0
20241109,20241109_1_02,20241109_1_02_02,대원용마,0
20241109,20241109_1_02,20241109_1_02_03,왕최고,0
20241109,20241109_1_02,20241109_1_02_04,글로벌서브,0
20241109,20241109_1_02,20241109_1_02_05,스파르탄,0
20241109,20241109_1_02,20241109_1_02_06,커맨딩리드,0
20241109,20241109_1_02,20241109_1_02_07,학산대세,1
20241109,20241109_1_02,20241109_1_02_08,오리온알파,0
20241109,20241109_1_02,20241109_1_02_09,아치데이,0
20241109,20241109_1_02,20241109_1_02_10,세명스트롱,0
20241109,20241109_1_02,20241109_1_02_11,스터닝월드,0
20241109,20241109_1_03,20241109_1_03_01,프로시드,0
20241109,20241109_1_03,20241109_1_03_02,강철드래곤,1
20241109,20241109_1_03,20241109_1_03_03,포에틱누비,0
20241109,20241109_1_03,20241109_1_03_04,코스모킹,0
20241109,20241109_1_03,20241109_1_03_05,마루별,0
20241109,20241109_1_03,20241109_1_03_06,이글윙즈,0
20241109,20241109_1_03,20241109_1_03_07,내길의영광,0
20241109,20241109_1_03,20241109_1_03_08,다이나믹송,0
20241109,20241109_1_04,20241109_1_04_01,터치참,0
20241109,20241109_1_04,20241109_1_04_02,빅에너지,0
20241109,20241109_1_04,20241109_1_04_03,꿈의향기,0
20241109,20241109_1_04,20241109_1_04_04,아쿠아라인,0
20241109,20241109_1_04,20241109_1_04_05,맥스파티,0
20241109,20241109_1_04,20241109_1_04_06,러브오마인,0
20241109,20241109_1_04,20241109_1_04_07,모닝볼드,0
20241109,20241109_1_04,20241109_1_04_08,쌍옥루,0
20241109,20241109_1_04,20241109_1_04_09,행운바람,0
20241109,20241109_1_04,20241109_1_04_10,엘도라도놀부,1
20241109,20241109_1_04,20241109_1_04_11,모모케이,0
20241109,20241109_1_05,20241109_1_05_01,메니참,0
20241109,20241109_1_05,20241109_1_05_02,라온더클래머,0
20241109,20241109_1_05,20241109_1_05_03,선더스톰,0
20241109,20241109_1_05,20241109_1_05_04,큐피드미르,0
20241109,20241109_1_05,20241109_1_05_05,크로키,0
20241109,20241109_1_05,20241109_1_05_06,팰로앨토,0
20241109,20241109_1_05,20241109_1_05_07,리치게이트,0
20241109,20241109_1_05,20241109_1_05_08,맥스위크,0
20241109,20241109_1_05,20241109_1_05_09,문학보이,1
20241109,20241109_1_05,20241109_1_05_10,미스터파워,0
20241109,20241109_1_05,20241109_1_05_11,천구챗,0
20241109,20241109_1_06,20241109_1_06_01,행복여전사,0
20241109,20241109_1_06,20241109_1_06_02,천궁스톰,0
20241109,20241109_1_06,20241109_1_06_03,골든잭팟,1
20241109,20241109_1_06,20241109_1_06_04,한강글로리,0
20241109,20241109_1_06,20241109_1_06_05,히어로질주,0
20241109,20241109_1_06,20241109_1_06_06,샤인볼트,0
20241109,20241109_1_06,20241109_1_06_07,쇠와꽃,0
20241109,20241109_1_06,20241109_1_06_08,아카펠,0
20241109,20241109_1_06,20241109_1_06_09,그로우,0
20241109,20241109_1_07,20241109_1_07_01,제축이호,1
20241109,20241109_1_07,20241109_1_07_02,부강질주,0
20241109,20241109_1_07,20241109_1_07_04,레이디코디,0
20241109,20241109_1_07,20241109_1_07_05,화수분,0
20241109,20241109_1_07,20241109_1_07_06,스페셜타임,0
20241109,20241109_1_07,20241109_1_07_07,서천라이언,0
20241109,20241109_1_07,20241109_1_07_08,라온스프린터,0
20241109,20241109_1_07,20241109_1_07_09,몬스터파워,0
20241109,20241109_1_07,20241109_1_07_10,달맞이,0
20241109,20241109_1_07,20241109_1_07_11,아마존킹,0
20241109,20241109_1_08,20241109_1_08_01,천둥라이언,0
20241109,20241109_1_08,20241109_1_08_02,우왕륭,1
20241109,20241109_1_08,20241109_1_08_03,자체발광,0
20241109,20241109_1_08,20241109_1_08_04,퀵실버키튼,0
20241109,20241109_1_08,20241109_1_08_05,그랜드실버,0
20241109,20241109_1_08,20241109_1_08_06,마터호른케이,0
20241109,20241109_1_08,20241109_1_08_07,정성팩터,0
20241109,20241109_1_08,20241109_1_08_08,천마포스,0
20241109,20241109_1_08,20241109_1_08_09,정상제우스,0
20241109,20241109_1_09,20241109_1_09_01,어메이징록,0
20241109,20241109_1_09,20241109_1_09_02,땡큐대천,0
20241109,20241109_1_09,20241109_1_09_03,아르고무적,1
20241109,20241109_1_09,20241109_1_09_04,성은크라운,0
20241109,20241109_1_09,20241109_1_09_05,파워에치드,0
20241109,20241109_1_09,20241109_1_09_06,불화산,0
20241109,20241109_1_09,20241109_1_09_07,매직프린스,0
20241109,20241109_1_09,20241109_1_09_08,세인트루카,0
20241109,20241109_1_10,20241109_1_10_01,대흥클래스,0
20241109,20241109_1_10,20241109_1_10_02,제다이포스,1
20241109,20241109_1_10,20241109_1_10_03,마이티킥,0
20241109,20241109_1_10,20241109_1_10_04,뉴본,0
20241109,20241109_1_10,20241109_1_10_05,터치나인,0
20241109,20241109_1_10,20241109_1_10_06,무한아르고,0
20241109,20241109_1_10,20241109_1_10_07,태풍처럼,0
20241109,20241109_1_10,20241109_1_10_08,금악스타,0
20241109,20241109_1_10,20241109_1_10_09,용비히어로,0
20241109,20241109_1_11,20241109_1_11_01,걸작원,0
20241109,20241109_1_11,20241109_1_11_02,참좋은질주,0
20241109,20241109_1_11,20241109_1_11_03,토호스카이,0
20241109,20241109_1_11,20241109_1_11_04,금전사,0
20241109,20241109_1_11,20241109_1_11_05,선더에이원,0
20241109,20241109_1_11,20241109_1_11_06,베트캡틴,0
20241109,20241109_1_11,20241109_1_11_07,펀크레이지,0
20241109,20241109_1_11,20241109_1_11_08,라온더찰리,0
20241109,20241109_1_11,20241109_1_11_09,만대로,1
20241109,20241109_1_11,20241109_1_11_10,금아파이어리,0
20241110,20241110_1_01,20241110_1_01_01,불의세계,0
20241110,20241110_1_01,20241110_1_01_02,마니노다지,0
20241110,20241110_1_01,20241110_1_01_03,금성보스,0
20241110,20241110_1_01,20241110_1_01_04,프리타임,1
20241110,20241110_1_01,20241110_1_01_05,이스트강적,0
20241110,20241110_1_01,20241110_1_01_06,천지레이디,0
20241110,20241110_1_01,20241110_1_01_08,누리천왕,0
20241110,20241110_1_01,20241110_1_01_09,발키리,0
20241110,20241110_1_01,20241110_1_01_10,세인트위너,0
20241110,20241110_1_01,20241110_1_01_11,서울빙고,0
20241110,20241110_1_01,20241110_1_01_12,글로리퀸,0
20241110,20241110_1_02,20241110_1_02_01,팔라티노,0
20241110,20241110_1_02,20241110_1_02_02,브라바조엠파이어,0
20241110,20241110_1_02,20241110_1_02_03,아트캐처,0
20241110,20241110_1_02,20241110_1_02_04,나비드,0
20241110,20241110_1_02,20241110_1_02_05,하이칸,0
20241110,20241110_1_02,20241110_1_02_06,위즈임파서블,0
20241110,20241110_1_02,20241110_1_02_07,굿최강,1
20241110,20241110_1_02,20241110_1_02_08,관악산블랙,0
20241110,20241110_1_02,20241110_1_02_09,하이퍼엑스,0
20241110,20241110_1_02,20241110_1_02_10,박차라,0
20241110,20241110_1_02,20241110_1_02_12,사다우카,0
20241110,20241110_1_03,20241110_1_03_01,불국시대,0
20241110,20241110_1_03,20241110_1_03_02,메리트선샤인,0
20241110,20241110_1_03,20241110_1_03_03,비케이벨,0
20241110,20241110_1_03,20241110_1_03_04,한우리,1
20241110,20241110_1_03,20241110_1_03_05,고오고오,0
20241110,20241110_1_03,20241110_1_03_06,퀸다이아,0
20241110,20241110_1_03,20241110_1_03_07,초코뷰티,0
20241110,20241110_1_03,20241110_1_03_08,우리가,0
20241110,20241110_1_03,20241110_1_03_09,드래곤케이,0
20241110,20241110_1_03,20241110_1_03_10,럭키페이머스,0
20241110,20241110_1_03,20241110_1_03_11,피엔에스메이,0
20241110,20241110_1_04,20241110_1_04_01,라온히트맨,0
20241110,20241110_1_04,20241110_1_04_02,피엔에스날라,0
20241110,20241110_1_04,20241110_1_04_03,성신천하,0
20241110,20241110_1_04,20241110_1_04_04,엠케이리,0
20241110,20241110_1_04,20241110_1_04_05,최강나이스,0
20241110,20241110_1_04,20241110_1_04_06,스마트월드,0
20241110,20241110_1_04,20241110_1_04_07,에클레어파워,0
20241110,20241110_1_04,20241110_1_04_08,희망의찬가,1
20241110,20241110_1_04,20241110_1_04_09,엘리트보스,0
20241110,20241110_1_05,20241110_1_05_01,스마트별,0
20241110,20241110_1_05,20241110_1_05_02,스마트태양,0
20241110,20241110_1_05,20241110_1_05_03,천마평정,0
20241110,20241110_1_05,20241110_1_05_04,미스윈스타,0
20241110,20241110_1_05,20241110_1_05_05,아르고공주,0
20241110,20241110_1_05,20241110_1_05_06,블랙건,0
20241110,20241110_1_05,20241110_1_05_07,라온티모스,1
20241110,20241110_1_05,20241110_1_05_08,슈팅리버스,0
20241110,20241110_1_05,20241110_1_05_09,천마챗,0
20241110,20241110_1_05,20241110_1_05_10,플라잉카라반,0
20241110,20241110_1_05,20241110_1_05_11,퍼지킹,0
20241110,20241110_1_06,20241110_1_06_01,펄포인트,0
20241110,20241110_1_06,20241110_1_06_02,베스트전사,0
20241110,20241110_1_06,20241110_1_06_03,벌교태양,0
20241110,20241110_1_06,20241110_1_06_04,더페이버릿,0
20241110,20241110_1_06,20241110_1_06_05,나노마신,0
20241110,20241110_1_06,20241110_1_06_06,오섬나탈리,0
20241110,20241110_1_06,20241110_1_06_07,프린스데이,1
20241110,20241110_1_06,20241110_1_06_08,용비파워,0
20241110,20241110_1_07,20241110_1_07_01,케이엔골든킹,0
20241110,20241110_1_07,20241110_1_07_02,벨록스보이,0
20241110,20241110_1_07,20241110_1_07_03,행복한문막,1
20241110,20241110_1_07,20241110_1_07_04,에클레어퓨리,0
20241110,20241110_1_07,20241110_1_07_05,비트러너,0
20241110,20241110_1_07,20241110_1_07_06,기분좋은말,0
20241110,20241110_1_07,20241110_1_07_07,캡틴삼칠이,0
20241110,20241110_1_07,20241110_1_07_08,파노라마킹,0
20241110,20241110_1_07,20241110_1_07_09,도깨비,0
20241110,20241110_1_07,20241110_1_07_10,한강보스,0
20241110,20241110_1_08,20241110_1_08_01,그레이스퀸,0
20241110,20241110_1_08,20241110_1_08_02,스톰브레이커,0
20241110,20241110_1_08,20241110_1_08_03,매글데이,0
20241110,20241110_1_08,20241110_1_08_04,럭키파티,0
20241110,20241110_1_08,20241110_1_08_05,클럽디,0
20241110,20241110_1_08,20241110_1_08_06,자이언트스텝,1
20241110,20241110_1_08,20241110_1_08_07,불의날개,0
20241110,20241110_1_08,20241110_1_08_08,화랑투데이,0
20241110,20241110_1_08,20241110_1_08_09,홀리데이참,0
20241110,20241110_1_08,20241110_1_08_10,화이트참,0
20241110,20241110_1_08,20241110_1_08_11,바람의검,0
20241110,20241110_1_09,20241110_1_09_01,퓨리오사,0
20241110,20241110_1_09,20241110_1_09_02,장산포이즌,0
20241110,20241110_1_09,20241110_1_09_03,오라칸,0
20241110,20241110_1_09,20241110_1_09_05,럭키월드,1
20241110,20241110_1_09,20241110_1_09_06,컴플리트타임,0
20241110,20241110_1_09,20241110_1_09_07,천지광풍,0
20241110,20241110_1_09,20241110_1_09_08,라온아메리칸,0
20241110,20241110_1_09,20241110_1_09_09,모닝힐,0
20241110,20241110_1_09,20241110_1_09_10,플라잉골드,0
20241116,20241116_1_01,20241116_1_01_01,추풍령,0
20241116,20241116_1_01,20241116_1_01_02,월드화합,0
20241116,20241116_1_01,20241116_1_01_03,광교의기상,0
20241116,20241116_1_01,20241116_1_01_04,초월마,0
20241116,20241116_1_01,20241116_1_01_05,골드퀸즈,1
20241116,20241116_1_01,20241116_1_01_06,내길의여정,0
20241116,20241116_1_01,20241116_1_01_07,내게로와줘,0
20241116,20241116_1_01,20241116_1_01_08,청룡의칼,0
20241116,20241116_1_01,20241116_1_01_09,이슬처럼,0
20241116,20241116_1_01,20241116_1_01_10,걸작축제,0
20241116,20241116_1_01,20241116_1_01_11,각자도생,0
20241116,20241116_1_01,20241116_1_01_12,혁명의질주,0
20241116,20241116_1_02,20241116_1_02_01,엑설런트한센,0
20241116,20241116_1_02,20241116_1_02_02,어퍼핸드,0
20241116,20241116_1_02,20241116_1_02_03,논스톱서브,0
20241116,20241116_1_02,20241116_1_02_04,누리가속,0
20241116,20241116_1_02,20241116_1_02_05,그레이팬텀,0
20241116,20241116_1_02,20241116_1_02_06,학산다크호스,1
20241116,20241116_1_02,20241116_1_02_07,라온노던댄스,0
20241116,20241116_1_02,20241116_1_02_08,블랙러시안,0
20241116,20241116_1_02,20241116_1_02_09,베스트샤크,0
20241116,20241116_1_02,20241116_1_02_10,비트오션,0
20241116,20241116_1_02,20241116_1_02_11,연희히어로,0
20241116,20241116_1_03,20241116_1_03_01,영원자이언트,0
20241116,20241116_1_03,20241116_1_03_02,히퍼드롬,0
20241116,20241116_1_03,20241116_1_03_03,새내파크,0
20241116,20241116_1_03,20241116_1_03_04,챔피언스필드,0
20241116,20241116_1_03,20241116_1_03_05,옥천윈스타,1
20241116,20241116_1_03,20241116_1_03_06,강나루,0
20241116,20241116_1_03,20241116_1_03_07,피엔에스미,0
20241116,20241116_1_03,20241116_1_03_08,베스트킹덤,0
20241116,20241116_1_03,20241116_1_03_09,투에이스,0
20241116,20241116_1_03,20241116_1_03_10,서해바다,0
20241116,20241116_1_03,20241116_1_03_11,논스톱열차,0
20241116,20241116_1_04,20241116_1_04_01,그루퍼,0
20241116,20241116_1_04,20241116_1_04_02,프로미스,1
20241116,20241116_1_04,20241116_1_04_03,머니터치,0
20241116,20241116_1_04,20241116_1_04_04,에클레어,0
20241116,20241116_1_04,20241116_1_04_05,스터닝머니,0
20241116,20241116_1_04,20241116_1_04_06,주링스카이,0
20241116,20241116_1_04,20241116_1_04_07,강철전사,0
20241116,20241116_1_04,20241116_1_04_08,성실여걸,0
20241116,20241116_1_04,20241116_1_04_09,새로운가이,0
20241116,20241116_1_04,20241116_1_04_10,영원판타스틱,0
20241116,20241116_1_04,20241116_1_04_11,마루장군,0
20241116,20241116_1_05,20241116_1_05_01,굿파이터,0
20241116,20241116_1_05,20241116_1_05_02,라이트어블루,0
20241116,20241116_1_05,20241116_1_05_03,대륜시대,0
20241116,20241116_1_05,20241116_1_05_04,청해제일,0
20241116,20241116_1_05,20241116_1_05_05,원더풀웰스,0
20241116,20241116_1_05,20241116_1_05_06,영웅자룡,0
20241116,20241116_1_05,20241116_1_05_07,거센강호,0
20241116,20241116_1_05,20241116_1_05_08,글로벌타임,0
20241116,20241116_1_05,20241116_1_05_09,태평레전드,1
20241116,20241116_1_05,20241116_1_05_10,강서브이,0
20241116,20241116_1_05,20241116_1_05_11,안양기쁨,0
20241116,20241116_1_06,20241116_1_06_01,파이널고,0
20241116,20241116_1_06,20241116_1_06_02,장군마루,0
20241116,20241116_1_06,20241116_1_06_03,원더풀티지,0
20241116,20241116_1_06,20241116_1_06_04,골든라인,0
20241116,20241116_1_06,20241116_1_06_05,청량산,0
20241116,20241116_1_06,20241116_1_06_06,리얼딜,1
20241116,20241116_1_06,20241116_1_06_07,송암스카이,0
20241116,20241116_1_06,20241116_1_06_08,스케일킹,0
20241116,20241116_1_06,20241116_1_06_09,라온이클립스,0
20241116,20241116_1_06,20241116_1_06_10,카리즈마,0
20241116,20241116_1_06,20241116_1_06_11,오스틴리더,0
20241116,20241116_1_07,20241116_1_07_01,브라이트위너,0
20241116,20241116_1_07,20241116_1_07_02,달금,0
20241116,20241116_1_07,20241116_1_07_03,하트케이,0
20241116,20241116_1_07,20241116_1_07_04,킹고태양,0
20241116,20241116_1_07,20241116_1_07_05,서울최강자,0
20241116,20241116_1_07,20241116_1_07_06,금성크라운,0
20241116,20241116_1_07,20241116_1_07_07,멋진강호,0
20241116,20241116_1_07,20241116_1_07_08,학산마초,0
20241116,20241116_1_07,20241116_1_07_09,캡틴타임,1
20241116,20241116_1_07,20241116_1_07_10,아인슈페너,0
20241116,20241116_1_08,20241116_1_08_01,드래곤스퀘어,1
20241116,20241116_1_08,20241116_1_08_02,런던에이스,0
20241116,20241116_1_08,20241116_1_08_03,컴플리트리더,0
20241116,20241116_1_08,20241116_1_08_04,빅스마트,0
20241116,20241116_1_08,20241116_1_08_05,블러드마운틴,0
20241116,20241116_1_08,20241116_1_08_06,시크릿왕자,0
20241116,20241116_1_08,20241116_1_08_07,퍼펙트건맨,0
20241116,20241116_1_08,20241116_1_08_08,새로운빛깔,0
20241116,20241116_1_09,20241116_1_09_01,비전파워,0
20241116,20241116_1_09,20241116_1_09_02,콜긴,0
20241116,20241116_1_09,20241116_1_09_03,트리스탄왕자,0
20241116,20241116_1_09,20241116_1_09_04,용비불패,0
20241116,20241116_1_09,20241116_1_09_05,정상킹덤,0
20241116,20241116_1_09,20241116_1_09_06,스카이함성,0
20241116,20241116_1_09,20241116_1_09_07,마이티닉,0
20241116,20241116_1_09,20241116_1_09_08,달콩,0
20241116,20241116_1_09,20241116_1_09_09,티즈에너지,1
20241116,20241116_1_09,20241116_1_09_10,두손챔프,0
20241116,20241116_1_09,20241116_1_09_11,골든스나이퍼,0
20241116,20241116_1_10,20241116_1_10_01,라온더코브라,0
20241116,20241116_1_10,20241116_1_10_02,국대파이터,0
20241116,20241116_1_10,20241116_1_10_03,브라보플레이,0
20241116,20241116_1_10,20241116_1_10_04,아침동자,0
20241116,20241116_1_10,20241116_1_10_05,스팔타,0
20241116,20241116_1_10,20241116_1_10_06,청파의꿈,0
20241116,20241116_1_10,20241116_1_10_07,베스트토치,1
20241116,20241116_1_10,20241116_1_10_08,단디,0
20241116,20241116_1_10,20241116_1_10_09,탱자,0
20241116,20241116_1_10,20241116_1_10_10,사하라몬드,0
20241116,20241116_1_10,20241116_1_10_11,장비대운,0
20241116,20241116_1_11,20241116_1_11_01,미스터퀄리티,0
20241116,20241116_1_11,20241116_1_11_02,크라운함성,1
20241116,20241116_1_11,20241116_1_11_03,글라디우스,0
20241116,20241116_1_11,20241116_1_11_04,밀리언파티,0
20241116,20241116_1_11,20241116_1_11_05,업타운위즈,0
20241116,20241116_1_11,20241116_1_11_06,정상에이스,0
20241116,20241116_1_11,20241116_1_11_07,벤칼프린세스,0
20241116,20241116_1_11,20241116_1_11_08,마의웨이,0
20241116,20241116_1_11,20241116_1_11_09,에이스군주,0
20241116,20241116_1_11,20241116_1_11_10,한강파워,0
20241117,20241117_1_01,20241117_1_01_01,라온더캐비아,0
20241117,20241117_1_01,20241117_1_01_02,하이크라운,0
20241117,20241117_1_01,20241117_1_01_03,학산카이로,0
20241117,20241117_1_01,20241117_1_01_04,이클립스블랙,0
20241117,20241117_1_01,20241117_1_01_05,월드조이,0
20241117,20241117_1_01,20241117_1_01_06,찬페이머스,1
20241117,20241117_1_01,20241117_1_01_07,명파워,0
20241117,20241117_1_01,20241117_1_01_08,레전드룰즈,0
20241117,20241117_1_01,20241117_1_01_09,두레이쇼,0
20241117,20241117_1_01,20241117_1_01_10,가야스타,0
20241117,20241117_1_01,20241117_1_01_11,원더풀리즌,0
20241117,20241117_1_02,20241117_1_02_01,레이디블루,0
20241117,20241117_1_02,20241117_1_02_02,피엔에스파,0
20241117,20241117_1_02,20241117_1_02_03,간다고,0
20241117,20241117_1_02,20241117_1_02_04,혜원용마,0
20241117,20241117_1_02,20241117_1_02_05,플라잉럭키,0
20241117,20241117_1_02,20241117_1_02_06,에코월드,1
20241117,20241117_1_02,20241117_1_02_07,샤이닝참,0
20241117,20241117_1_02,20241117_1_02_08,한강패션드,0
20241117,20241117_1_02,20241117_1_02_09,아메노,0
20241117,20241117_1_02,20241117_1_02_10,네순도르마,0
20241117,20241117_1_03,20241117_1_03_01,호명에이스,0
20241117,20241117_1_03,20241117_1_03_02,휘파람,0
20241117,20241117_1_03,20241117_1_03_03,걸작선,0
20241117,20241117_1_03,20241117_1_03_04,로열플러스,0
20241117,20241117_1_03,20241117_1_03_05,라이징모,0
20241117,20241117_1_03,20241117_1_03_06,미스파이널,0
20241117,20241117_1_03,20241117_1_03_07,원평광야,0
20241117,20241117_1_03,20241117_1_03_08,신의블루,0
20241117,20241117_1_03,20241117_1_03_09,큐피드시크,1
20241117,20241117_1_03,20241117_1_03_10,브라이트카이,0
20241117,20241117_1_04,20241117_1_04_01,용비천,0
20241117,20241117_1_04,20241117_1_04_02,매직임팩트,0
20241117,20241117_1_04,20241117_1_04_03,서머파티,0
20241117,20241117_1_04,20241117_1_04_04,퍼플신화,0
20241117,20241117_1_04,20241117_1_04_05,성실영웅,1
20241117,20241117_1_04,20241117_1_04_06,빅블레드,0
20241117,20241117_1_04,20241117_1_04_07,내추럴사운드,0
20241117,20241117_1_04,20241117_1_04_08,바람살,0
20241117,20241117_1_04,20241117_1_04_09,당대초월,0
20241117,20241117_1_04,20241117_1_04_10,컴플리트파티,0
20241117,20241117_1_04,20241117_1_04_11,스타러시,0
20241117,20241117_1_05,20241117_1_05_01,엑톤질주,0
20241117,20241117_1_05,20241117_1_05_02,예술이야,0
20241117,20241117_1_05,20241117_1_05_03,원더풀로드,0
20241117,20241117_1_05,20241117_1_05_04,두손오픈,1
20241117,20241117_1_05,20241117_1_05_05,스타트렉,0
20241117,20241117_1_05,20241117_1_05_06,화산귀환,0
20241117,20241117_1_05,20241117_1_05_07,천행챗,0
20241117,20241117_1_05,20241117_1_05_08,케레르,0
20241117,20241117_1_05,20241117_1_05_09,금악진주,0
20241117,20241117_1_05,20241117_1_05_10,칠산대교,0
20241117,20241117_1_05,20241117_1_05_11,오키드밸리,0
20241117,20241117_1_06,20241117_1_06_01,창조의아침,0
20241117,20241117_1_06,20241117_1_06_02,문학크라운,0
20241117,20241117_1_06,20241117_1_06_03,삭스킹,1
20241117,20241117_1_06,20241117_1_06_04,스토미케이,0
20241117,20241117_1_06,20241117_1_06_05,빅토리퀸,0
20241117,20241117_1_06,20241117_1_06_06,히어로삭스,0
20241117,20241117_1_06,20241117_1_06_07,스피닝칸트,0
20241117,20241117_1_06,20241117_1_06_08,콩나물,0
20241117,20241117_1_06,20241117_1_06_09,코리안드림,0
20241117,20241117_1_06,20241117_1_06_10,컴플리트하트,0
20241117,20241117_1_06,20241117_1_06_11,헤븐챗,0
20241117,20241117_1_07,20241117_1_07_01,시크릿삭스,0
20241117,20241117_1_07,20241117_1_07_02,울트라선더,0
20241117,20241117_1_07,20241117_1_07_03,관악산스톰,0
20241117,20241117_1_07,20241117_1_07_04,드림아너,0
20241117,20241117_1_07,20241117_1_07_05,마이티네오,0
20241117,20241117_1_07,20241117_1_07_06,파이널케이,0
20241117,20241117_1_07,20241117_1_07_07,롱런불패,0
20241117,20241117_1_07,20241117_1_07_08,네이비캡틴,0
20241117,20241117_1_07,20241117_1_07_09,관악산오투,0
20241117,20241117_1_07,20241117_1_07_10,페퍼엑스,0
20241117,20241117_1_07,20241117_1_07_11,원평스톰,1
20241117,20241117_1_08,20241117_1_08_01,위즈러너,1
20241117,20241117_1_08,20241117_1_08_02,신의이름,0
20241117,20241117_1_08,20241117_1_08_03,걸작최강,0
20241117,20241117_1_08,20241117_1_08_04,섀클포인트,0
20241117,20241117_1_08,20241117_1_08_05,에펠탑,0
20241117,20241117_1_08,20241117_1_08_06,탭다운,0
20241117,20241117_1_08,20241117_1_08_07,메이킹스토리,0
20241117,20241117_1_08,20241117_1_08_08,원평퀸,0
20241117,20241117_1_08,20241117_1_08_09,월드블레임,0
20241117,20241117_1_08,20241117_1_08_10,케이엔라이트,0
20241117,20241117_1_08,20241117_1_08_11,베링맨,0
20241117,20241117_1_09,20241117_1_09_01,탐라최강자,0
20241117,20241117_1_09,20241117_1_09_02,유니콘킹덤,0
20241117,20241117_1_09,20241117_1_09_03,스트렝스,0
20241117,20241117_1_09,20241117_1_09_04,티즈모닝,0
20241117,20241117_1_09,20241117_1_09_05,명성축제,1
20241117,20241117_1_09,20241117_1_09_06,벌교차돌,0
20241117,20241117_1_09,20241117_1_09_07,리걸하이,0
20241117,20241117_1_09,20241117_1_09_08,나노메타,0
20241117,20241117_1_09,20241117_1_09_09,올포유어드림,0
20241117,20241117_1_09,20241117_1_09_10,스마트삭스,0
20241117,20241117_1_09,20241117_1_09_11,미르포인트,0
20241117,20241117_1_10,20241117_1_10_01,나이스태양,0
20241117,20241117_1_10,20241117_1_10_02,달빛조각사,0
20241117,20241117_1_10,20241117_1_10_03,우승콩코드,0
20241117,20241117_1_10,20241117_1_10_04,에이펙스,0
20241117,20241117_1_10,20241117_1_10_05,쾌향,0
20241117,20241117_1_10,20241117_1_10_06,베스트마야,0
20241117,20241117_1_10,20241117_1_10_07,용비서울,0
20241117,20241117_1_10,20241117_1_10_08,드론킬러,1
20241117,20241117_1_10,20241117_1_10_09,바이킹하트,0
20241117,20241117_1_10,20241117_1_10_10,카우보이킹,0
20241117,20241117_1_10,20241117_1_10_11,굿니센,0
20241117,20241117_1_11,20241117_1_11_01,글로벌보배,0
20241117,20241117_1_11,20241117_1_11_02,굿필승,0
20241117,20241117_1_11,20241117_1_11_03,마이티굿,0
20241117,20241117_1_11,20241117_1_11_04,볼트맨,1
20241117,20241117_1_11,20241117_1_11_05,마이티고,0
20241117,20241117_1_11,20241117_1_11_06,라온더아리아,0
20241117,20241117_1_11,20241117_1_11_07,새내퀸,0
20241117,20241117_1_11,20241117_1_11_08,라온자이언트,0
20241117,20241117_1_11,20241117_1_11_10,스카이망치,0
20241123,20241123_1_01,20241123_1_01_01,조이라이트,0
20241123,20241123_1_01,20241123_1_01_02,파이널리더,0
20241123,20241123_1_01,20241123_1_01_03,또순이서울,0
20241123,20241123_1_01,20241123_1_01_04,그냥가라,1
20241123,20241123_1_01,20241123_1_01_05,신한에이스,0
20241123,20241123_1_01,20241123_1_01_06,싹다나은,0
20241123,20241123_1_01,20241123_1_01_08,미라클삭스,0
20241123,20241123_1_01,20241123_1_01_09,벽송,0
20241123,20241123_1_01,20241123_1_01_10,블레이징달봉,0
20241123,20241123_1_01,20241123_1_01_11,관악산조이,0
20241123,20241123_1_01,20241123_1_01_12,모던파티,0
20241123,20241123_1_02,20241123_1_02_01,용비킹,0
20241123,20241123_1_02,20241123_1_02_02,조이천하,0
20241123,20241123_1_02,20241123_1_02_03,청해스타,0
20241123,20241123_1_02,20241123_1_02_04,송당황태자,0
20241123,20241123_1_02,20241123_1_02_05,이클립스에지,1
20241123,20241123_1_02,20241123_1_02_06,로드투어스퍼,0
20241123,20241123_1_02,20241123_1_02_07,스터닝스텝,0
20241123,20241123_1_02,20241123_1_02_08,미스터스톰,0
20241123,20241123_1_02,20241123_1_02_09,레이스로즈,0
20241123,20241123_1_03,20241123_1_03_01,세광쏜살,0
20241123,20241123_1_03,20241123_1_03_02,커맨드블루,0
20241123,20241123_1_03,20241123_1_03_03,세명고스트,0
20241123,20241123_1_03,20241123_1_03_04,다이아룩,0
20241123,20241123_1_03,20241123_1_03_05,대승마,1
20241123,20241123_1_03,20241123_1_03_06,매직사일런스,0
20241123,20241123_1_03,20241123_1_03_07,카일리,0
20241123,20241123_1_03,20241123_1_03_08,큐피드하트,0
20241123,20241123_1_03,20241123_1_03_09,마하가,0
20241123,20241123_1_03,20241123_1_03_10,너만을위해서,0
20241123,20241123_1_04,20241123_1_04_01,엘도라도흥부,0
20241123,20241123_1_04,20241123_1_04_02,트레비트,0
20241123,20241123_1_04,20241123_1_04_03,메가스텝,0
20241123,20241123_1_04,20241123_1_04_04,고스트게일,0
20241123,20241123_1_04,20241123_1_04_05,은파뮤직,0
20241123,20241123_1_04,20241123_1_04_06,고오고오,0
20241123,20241123_1_04,20241123_1_04_07,금아포모스트,0
20241123,20241123_1_04,20241123_1_04_08,포에틱누비,0
20241123,20241123_1_04,20241123_1_04_09,오렌지타임,1
20241123,20241123_1_05,20241123_1_05_01,크로마이트,0
20241123,20241123_1_05,20241123_1_05_02,머스퀸플라이,0
20241123,20241123_1_05,20241123_1_05_03,금성여제,0
20241123,20241123_1_05,20241123_1_05_04,벌교그래미,0
20241123,20241123_1_05,20241123_1_05_05,금성파워,0
20241123,20241123_1_05,20241123_1_05_06,에덴의동쪽,0
20241123,20241123_1_05,20241123_1_05_07,글로벌클래스,0
20241123,20241123_1_05,20241123_1_05_08,모어댄조크,0
20241123,20241123_1_05,20241123_1_05_09,스마트뮤직,1
20241123,20241123_1_05,20241123_1_05_10,용비수,0
20241123,20241123_1_05,20241123_1_05_11,제축일호,0
20241123,20241123_1_06,20241123_1_06_01,대물삭스,0
20241123,20241123_1_06,20241123_1_06_02,포세이돈블루,0
20241123,20241123_1_06,20241123_1_06_03,컬트트리플,0
20241123,20241123_1_06,20241123_1_06_04,소프트파워,0
20241123,20241123_1_06,20241123_1_06_05,플랜비,0
20241123,20241123_1_06,20241123_1_06_06,천장사,1
20241123,20241123_1_06,20241123_1_06_07,은성노을,0
20241123,20241123_1_06,20241123_1_06_08,용비퀸,0
20241123,20241123_1_06,20241123_1_06_09,한강캡틴,0
20241123,20241123_1_06,20241123_1_06_10,정상히트,0
20241123,20241123_1_06,20241123_1_06_11,제우시대,0
20241123,20241123_1_07,20241123_1_07_01,엘리트로열,0
20241123,20241123_1_07,20241123_1_07_02,원더풀퍼지,0
20241123,20241123_1_07,20241123_1_07_03,아가판서스,0
20241123,20241123_1_07,20241123_1_07_04,라온더탑,0
20241123,20241123_1_07,20241123_1_07_05,파이널축제,0
20241123,20241123_1_07,20241123_1_07_06,스톰가이,0
20241123,20241123_1_07,20241123_1_07_07,인피니트아너,0
20241123,20241123_1_07,20241123_1_07_08,미래타워,0
20241123,20241123_1_07,20241123_1_07_09,백두보이,0
20241123,20241123_1_07,20241123_1_07_10,제이모션,1
20241123,20241123_1_07,20241123_1_07_11,서울돌풍,0
20241123,20241123_1_08,20241123_1_08_01,레이디태풍,0
20241123,20241123_1_08,20241123_1_08_02,블랙스펙터,0
20241123,20241123_1_08,20241123_1_08_03,금악스타,0
20241123,20241123_1_08,20241123_1_08_04,월드킹맨,0
20241123,20241123_1_08,20241123_1_08_05,광치기,1
20241123,20241123_1_08,20241123_1_08_06,레전드케이,0
20241123,20241123_1_08,20241123_1_08_07,은빛돌풍,0
20241123,20241123_1_08,20241123_1_08_08,금성환희,0
20241123,20241123_1_08,20241123_1_08_09,정성타이거,0
20241123,20241123_1_08,20241123_1_08_10,울트라삭스,0
20241123,20241123_1_08,20241123_1_08_11,매직스트롱,0
20241123,20241123_1_09,20241123_1_09_01,스마트클레어,0
20241123,20241123_1_09,20241123_1_09_02,금세다,0
20241123,20241123_1_09,20241123_1_09_03,위너영,0
20241123,20241123_1_09,20241123_1_09_04,킹아너,1
20241123,20241123_1_09,20241123_1_09_05,새내파워풀,0
20241123,20241123_1_09,20241123_1_09_06,스틸플레이,0
20241123,20241123_1_09,20241123_1_09_07,새내타운,0
20241123,20241123_1_09,20241123_1_09_08,옥룡,0
20241123,20241123_1_09,20241123_1_09_09,머니가락,0
20241123,20241123_1_10,20241123_1_10_01,마이티탭,0
20241123,20241123_1_10,20241123_1_10_02,케이엔골든킹,0
20241123,20241123_1_10,20241123_1_10_03,홀리데이참,0
20241123,20241123_1_10,20241123_1_10_04,불의신화,0
20241123,20241123_1_10,20241123_1_10_05,패스트트랙,0
20241123,20241123_1_10,20241123_1_10_06,우마포이,0
20241123,20241123_1_10,20241123_1_10_07,장비무지개,0
20241123,20241123_1_10,20241123_1_10_08,서니로드,1
20241123,20241123_1_10,20241123_1_10_09,지모션,0
20241123,20241123_1_10,20241123_1_10_10,골든아너,0
20241123,20241123_1_11,20241123_1_11_01,금빛마,0
20241123,20241123_1_11,20241123_1_11_02,은파챔피언,0
20241123,20241123_1_11,20241123_1_11_03,미라클한강,0
20241123,20241123_1_11,20241123_1_11_04,터프맨,0
20241123,20241123_1_11,20241123_1_11_05,광양으뜸,0
20241123,20241123_1_11,20241123_1_11_06,더플레이어,0
20241123,20241123_1_11,20241123_1_11_07,영광의월드,1
20241123,20241123_1_11,20241123_1_11_08,장산스포,0
20241123,20241123_1_11,20241123_1_11_09,아스펜태양,0
20241123,20241123_1_11,20241123_1_11_10,옥천스나이퍼,0
20241123,20241123_1_11,20241123_1_11_11,우와륭,0
20241124,20241124_1_01,20241124_1_01_01,원더풀치프,0
20241124,20241124_1_01,20241124_1_01_02,한강판타스틱,0
20241124,20241124_1_01,20241124_1_01_03,라라걸,0
20241124,20241124_1_01,20241124_1_01_04,자이언트보스,0
20241124,20241124_1_01,20241124_1_01_05,챔프함성,0
20241124,20241124_1_01,20241124_1_01_06,즐거운상상,0
20241124,20241124_1_01,20241124_1_01_07,문학축제,0
20241124,20241124_1_01,20241124_1_01_08,세명다이아,1
20241124,20241124_1_02,20241124_1_02_01,춤추는장미,0
20241124,20241124_1_02,20241124_1_02_02,메이저크라운,0
20241124,20241124_1_02,20241124_1_02_03,노블마이디어,0
20241124,20241124_1_02,20241124_1_02_04,벌교낙성,0
20241124,20241124_1_02,20241124_1_02_05,댄싱그레이티즈,0
20241124,20241124_1_02,20241124_1_02_06,브리도시리스,0
20241124,20241124_1_02,20241124_1_02_07,탑티어,1
20241124,20241124_1_02,20241124_1_02_08,드리머위즈,0
20241124,20241124_1_02,20241124_1_02_09,픽처,0
20241124,20241124_1_02,20241124_1_02_10,플라잉월드,0
20241124,20241124_1_03,20241124_1_03_01,용암스타,0
20241124,20241124_1_03,20241124_1_03_02,일링크스,0
20241124,20241124_1_03,20241124_1_03_03,캡틴뮤직,0
20241124,20241124_1_03,20241124_1_03_04,고스트크리솔,0
20241124,20241124_1_03,20241124_1_03_05,청산질주,0
20241124,20241124_1_03,20241124_1_03_06,라온니진스키,1
20241124,20241124_1_03,20241124_1_03_07,마루별,0
20241124,20241124_1_03,20241124_1_03_08,스플렌디드,0
20241124,20241124_1_04,20241124_1_04_01,용암기쁨,0
20241124,20241124_1_04,20241124_1_04_02,이스트스카이,0
20241124,20241124_1_04,20241124_1_04_03,질풍재즈,0
20241124,20241124_1_04,20241124_1_04_04,뷰티풀화성,0
20241124,20241124_1_04,20241124_1_04_05,사이클론스타,0
20241124,20241124_1_04,20241124_1_04_06,칼리프,0
20241124,20241124_1_04,20241124_1_04_07,가문파티,0
20241124,20241124_1_04,20241124_1_04_08,글로벌함성,1
20241124,20241124_1_04,20241124_1_04_09,브리도트로피,0
20241124,20241124_1_05,20241124_1_05_01,거센여제,0
20241124,20241124_1_05,20241124_1_05_02,벨로테로,0
20241124,20241124_1_05,20241124_1_05_03,동키플레이,0
20241124,20241124_1_05,20241124_1_05_04,메니샤크,0
20241124,20241124_1_05,20241124_1_05_05,클레어골드,0
20241124,20241124_1_05,20241124_1_05_06,찬이고,1
20241124,20241124_1_05,20241124_1_05_07,천마호령,0
20241124,20241124_1_05,20241124_1_05_08,파이널질주,0
20241124,20241124_1_05,20241124_1_05_09,아씨장군,0
20241124,20241124_1_05,20241124_1_05_10,배다리쾌검,0
20241124,20241124_1_05,20241124_1_05_11,강철여걸,0
20241124,20241124_1_06,20241124_1_06_01,케이엔티즈원,0
20241124,20241124_1_06,20241124_1_06_03,블루인디,0
20241124,20241124_1_06,20241124_1_06_04,그랜드실버,0
20241124,20241124_1_06,20241124_1_06_05,이스트웨스트,1
20241124,20241124_1_06,20241124_1_06_06,토르의망치,0
20241124,20241124_1_06,20241124_1_06_07,슈퍼선더,0
20241124,20241124_1_06,20241124_1_06_08,대박스타,0
20241124,20241124_1_06,20241124_1_06_09,더자이언트,0
20241124,20241124_1_07,20241124_1_07_01,삼애번쩍,0
20241124,20241124_1_07,20241124_1_07_02,네모프린스,0
20241124,20241124_1_07,20241124_1_07_03,블루밍스타,1
20241124,20241124_1_07,20241124_1_07_04,트로트퀸,0
20241124,20241124_1_07,20241124_1_07_05,라온더판타,0
20241124,20241124_1_07,20241124_1_07_06,그린비바체,0
20241124,20241124_1_07,20241124_1_07_07,텐배거,0
20241124,20241124_1_07,20241124_1_07_08,울트라망치,0
20241124,20241124_1_07,20241124_1_07_09,신의여제,0
20241124,20241124_1_07,20241124_1_07_10,걸작드림,0
20241124,20241124_1_08,20241124_1_08_01,인디언메사,0
20241124,20241124_1_08,20241124_1_08_02,나올영웅,0
20241124,20241124_1_08,20241124_1_08_03,호크프린스,0
20241124,20241124_1_08,20241124_1_08_04,킹칼레,0
20241124,20241124_1_08,20241124_1_08_05,럭키하눌,0
20241124,20241124_1_08,20241124_1_08_06,별나라비마,0
20241124,20241124_1_08,20241124_1_08_07,월드베리언스,0
20241124,20241124_1_08,20241124_1_08_08,드래곤게이트,0
20241124,20241124_1_08,20241124_1_08_09,천마챗,0
20241124,20241124_1_08,20241124_1_08_10,스피디루키,0
20241124,20241124_1_08,20241124_1_08_11,사탕소녀,1
20241124,20241124_1_09,20241124_1_09_01,히어로짱,0
20241124,20241124_1_09,20241124_1_09_02,나소챗,0
20241124,20241124_1_09,20241124_1_09_03,축배를들어라,0
20241124,20241124_1_09,20241124_1_09_04,선포레,0
20241124,20241124_1_09,20241124_1_09_05,최고게임,0
20241124,20241124_1_09,20241124_1_09_06,미스큐피드,0
20241124,20241124_1_09,20241124_1_09_07,더선파이터,0
20241124,20241124_1_09,20241124_1_09_08,원평킬라,0
20241124,20241124_1_09,20241124_1_09_09,태칸,1
20241124,20241124_1_09,20241124_1_09_10,아르고공주,0
20241124,20241124_1_09,20241124_1_09_11,별콩,0
20241124,20241124_1_10,20241124_1_10_01,아르고리치,0
20241124,20241124_1_10,20241124_1_10_02,와일드삭스,0
20241124,20241124_1_10,20241124_1_10_03,더스파이커,0
20241124,20241124_1_10,20241124_1_10_04,페어스카이즈,0
20241124,20241124_1_10,20241124_1_10_05,월드섀넌스,0
20241124,20241124_1_10,20241124_1_10_06,마이티짱,0
20241124,20241124_1_10,20241124_1_10_07,주몽천하,0
20241124,20241124_1_10,20241124_1_10_08,별나라질주,0
20241124,20241124_1_10,20241124_1_10_09,나이스치타,0
20241124,20241124_1_10,20241124_1_10_10,엔딩파이어,0
20241124,20241124_1_10,20241124_1_10_11,이스트점프,1
20241124,20241124_1_11,20241124_1_11_01,황금럭키,0
20241124,20241124_1_11,20241124_1_11_02,사려니퍼스트,0
20241124,20241124_1_11,20241124_1_11_03,남산의별,0
20241124,20241124_1_11,20241124_1_11_04,히어로파이터,0
20241124,20241124_1_11,20241124_1_11_05,노던타임,1
20241124,20241124_1_11,20241124_1_11_06,최고블랙,0
20241124,20241124_1_11,20241124_1_11_07,용암보스,0
20241124,20241124_1_11,20241124_1_11_08,강풍마,0
20241124,20241124_1_11,20241124_1_11_09,컴플리트레벨,0
20241130,20241130_1_01,20241130_1_01_01,큐피드케이,0
20241130,20241130_1_01,20241130_1_01_02,원더풀새치,1
20241130,20241130_1_01,20241130_1_01_03,문학해피,0
20241130,20241130_1_01,20241130_1_01_04,준마포스,0
20241130,20241130_1_01,20241130_1_01_05,알파피메일,0
20241130,20241130_1_01,20241130_1_01_06,대항비마,0
20241130,20241130_1_01,20241130_1_01_07,수향미인,0
20241130,20241130_1_01,20241130_1_01_08,내길의챔프,0
20241130,20241130_1_01,20241130_1_01_09,라온사일런스,0
20241130,20241130_1_02,20241130_1_02_01,사이클론파워,0
20241130,20241130_1_02,20241130_1_02_02,슈어니스,0
20241130,20241130_1_02,20241130_1_02_03,엘도라도해남,1
20241130,20241130_1_02,20241130_1_02_04,원더풀에이원,0
20241130,20241130_1_02,20241130_1_02_05,카라위너,0
20241130,20241130_1_02,20241130_1_02_06,블루피오라,0
20241130,20241130_1_02,20241130_1_02_07,윈캐처,0
20241130,20241130_1_02,20241130_1_02_08,마이티프리,0
20241130,20241130_1_02,20241130_1_02_09,엠케이모찌,0
20241130,20241130_1_02,20241130_1_02_10,글로리삭스,0
20241130,20241130_1_02,20241130_1_02_11,위즈캠페인,0
20241130,20241130_1_03,20241130_1_03_01,피엔에스지아,0
20241130,20241130_1_03,20241130_1_03_02,그랜드플라잉,0
20241130,20241130_1_03,20241130_1_03_03,원더풀동촌,0
20241130,20241130_1_03,20241130_1_03_04,두손으뜸,0
20241130,20241130_1_03,20241130_1_03_05,라온스필레타,0
20241130,20241130_1_03,20241130_1_03_06,파사킹,1
20241130,20241130_1_03,20241130_1_03_07,라온더임팩트,0
20241130,20241130_1_03,20241130_1_03_08,파워몬스터,0
20241130,20241130_1_03,20241130_1_03_09,흥행돌풍,0
20241130,20241130_1_03,20241130_1_03_10,신바람,0
20241130,20241130_1_04,20241130_1_04_01,다이나믹송,0
20241130,20241130_1_04,20241130_1_04_02,히어로골드,0
20241130,20241130_1_04,20241130_1_04_03,스피드카라,1
20241130,20241130_1_04,20241130_1_04_04,선갤런트,0
20241130,20241130_1_04,20241130_1_04_05,블랙시대,0
20241130,20241130_1_04,20241130_1_04_06,내길의영광,0
20241130,20241130_1_04,20241130_1_04_07,메리트선샤인,0
20241130,20241130_1_04,20241130_1_04_08,사바나찰리,0
20241130,20241130_1_05,20241130_1_05_01,용암칸타카,0
20241130,20241130_1_05,20241130_1_05_02,새내클래식,0
20241130,20241130_1_05,20241130_1_05_03,한센브레이싱,0
20241130,20241130_1_05,20241130_1_05_04,미스터파워,1
20241130,20241130_1_05,20241130_1_05_05,원평광야,0
20241130,20241130_1_05,20241130_1_05_06,맥스골드,0
20241130,20241130_1_05,20241130_1_05_07,메니윈,0
20241130,20241130_1_05,20241130_1_05_08,제라퀸,0
20241130,20241130_1_05,20241130_1_05_09,유수부쟁선,0
20241130,20241130_1_05,20241130_1_05_10,마이선더,0
20241130,20241130_1_05,20241130_1_05_11,혁무상,0
20241130,20241130_1_06,20241130_1_06_01,원더풀시킹,0
20241130,20241130_1_06,20241130_1_06_02,카스,0
20241130,20241130_1_06,20241130_1_06_03,모쿠슈라,0
20241130,20241130_1_06,20241130_1_06_04,천구챗,1
20241130,20241130_1_06,20241130_1_06_05,분당쓰나미,0
20241130,20241130_1_06,20241130_1_06_06,정성바이스,0
20241130,20241130_1_06,20241130_1_06_07,테마탄생,0
20241130,20241130_1_06,20241130_1_06_08,큐피드잇,0
20241130,20241130_1_06,20241130_1_06_09,당찬낭보,0
20241130,20241130_1_06,20241130_1_06_10,해제여걸,0
20241130,20241130_1_06,20241130_1_06_11,로열베스트,0
20241130,20241130_1_07,20241130_1_07_01,파워풀삭스,0
20241130,20241130_1_07,20241130_1_07_02,아마존킹,0
20241130,20241130_1_07,20241130_1_07_03,오래다함께,0
20241130,20241130_1_07,20241130_1_07_04,호명퀸,1
20241130,20241130_1_07,20241130_1_07_05,베스트대로,0
20241130,20241130_1_07,20241130_1_07_06,빛의카,0
20241130,20241130_1_07,20241130_1_07_07,고마나루,0
20241130,20241130_1_07,20241130_1_07_08,굿선봉,0
20241130,20241130_1_07,20241130_1_07_09,대성스타,0
20241130,20241130_1_07,20241130_1_07_10,검이불루,0
20241130,20241130_1_08,20241130_1_08_01,벌교위수,0
20241130,20241130_1_08,20241130_1_08_02,오섬브레인,1
20241130,20241130_1_08,20241130_1_08_03,세명레이디,0
20241130,20241130_1_08,20241130_1_08_04,칸누트,0
20241130,20241130_1_08,20241130_1_08_05,에브리참,0
20241130,20241130_1_08,20241130_1_08_06,아놀드퀸,0
20241130,20241130_1_08,20241130_1_08_07,맥스탱고,0
20241130,20241130_1_08,20241130_1_08_08,원더풀스피릿,0
20241130,20241130_1_08,20241130_1_08_09,서머파티,0
20241130,20241130_1_08,20241130_1_08_10,히어로질주,0
20241130,20241130_1_08,20241130_1_08_11,신의여인,0
20241130,20241130_1_09,20241130_1_09_01,스터닝레이디,0
20241130,20241130_1_09,20241130_1_09_02,스마트삭스,0
20241130,20241130_1_09,20241130_1_09_03,러브카우걸,0
20241130,20241130_1_09,20241130_1_09_04,시티킹,0
20241130,20241130_1_09,20241130_1_09_05,골드시대,0
20241130,20241130_1_09,20241130_1_09_06,성은크라운,0
20241130,20241130_1_09,20241130_1_09_07,골든드래곤,0
20241130,20241130_1_09,20241130_1_09_08,명진불패,0
20241130,20241130_1_09,20241130_1_09_09,아르고탑,1
20241130,20241130_1_09,20241130_1_09_10,슈팅리버스,0
20241130,20241130_1_10,20241130_1_10_01,베스트토르,1
20241130,20241130_1_10,20241130_1_10_02,비전파워,0
20241130,20241130_1_10,20241130_1_10_03,땡큐대천,0
20241130,20241130_1_10,20241130_1_10_04,뉴돌콩,0
20241130,20241130_1_10,20241130_1_10_05,용암마렝고,0
20241130,20241130_1_10,20241130_1_10_06,데블케이,0
20241130,20241130_1_10,20241130_1_10_07,아치메모리,0
20241130,20241130_1_10,20241130_1_10_08,아크로마린,0
20241130,20241130_1_10,20241130_1_10_09,볼린,0
20241130,20241130_1_11,20241130_1_11_01,짜릿한자유,0
20241130,20241130_1_11,20241130_1_11_02,유쾌한날들,0
20241130,20241130_1_11,20241130_1_11_03,대사리,0
20241130,20241130_1_11,20241130_1_11_04,스피드원,0
20241130,20241130_1_11,20241130_1_11_05,지구라트,0
20241130,20241130_1_11,20241130_1_11_06,점순이고,0
20241130,20241130_1_11,20241130_1_11_07,대완구,0
20241130,20241130_1_11,20241130_1_11_08,콩코드스퍼트,0
20241130,20241130_1_11,20241130_1_11_09,은파사랑,1
20241201,20241201_1_01,20241201_1_01_01,학산스피드,0
20241201,20241201_1_01,20241201_1_01_02,문학벨,0
20241201,20241201_1_01,20241201_1_01_03,화랑산정기,0
20241201,20241201_1_01,20241201_1_01_04,탭딘,0
20241201,20241201_1_01,20241201_1_01_05,쏘아라스타,0
20241201,20241201_1_01,20241201_1_01_06,누리으뜸,0
20241201,20241201_1_01,20241201_1_01_07,파라디소,0
20241201,20241201_1_01,20241201_1_01_08,원더풀파피,1
20241201,20241201_1_01,20241201_1_01_09,파인핑크,0
20241201,20241201_1_02,20241201_1_02_01,보이저,0
20241201,20241201_1_02,20241201_1_02_02,코탑,0
20241201,20241201_1_02,20241201_1_02_03,스위치파워,0
20241201,20241201_1_02,20241201_1_02_04,피엔에스파,0
20241201,20241201_1_02,20241201_1_02_05,사하라로즈,0
20241201,20241201_1_02,20241201_1_02_06,피엔에스주,0
20241201,20241201_1_02,20241201_1_02_07,블랙스마일,0
20241201,20241201_1_02,20241201_1_02_08,천지마켓,0
20241201,20241201_1_02,20241201_1_02_09,거마의기적,0
20241201,20241201_1_02,20241201_1_02_10,라온더벨몬트,0
20241201,20241201_1_02,20241201_1_02_11,초원돌풍,1
20241201,20241201_1_03,20241201_1_03_01,남촌타운,0
20241201,20241201_1_03,20241201_1_03_02,플래시골드,0
20241201,20241201_1_03,20241201_1_03_04,그랜드파크,0
20241201,20241201_1_03,20241201_1_03_05,선더럭키,0
20241201,20241201_1_03,20241201_1_03_06,에코포레,0
20241201,20241201_1_03,20241201_1_03_07,말스고,0
20241201,20241201_1_03,20241201_1_03_08,태기산킹,0
20241201,20241201_1_03,20241201_1_03_09,맥스라이트닝,0
20241201,20241201_1_03,20241201_1_03_10,엘리트피스,1
20241201,20241201_1_03,20241201_1_03_11,지산포스,0
20241201,20241201_1_04,20241201_1_04_01,토네르,0
20241201,20241201_1_04,20241201_1_04_02,샤프선샤인,0
20241201,20241201_1_04,20241201_1_04_03,페더럴킹,0
20241201,20241201_1_04,20241201_1_04_04,투아레그나인,0
20241201,20241201_1_04,20241201_1_04_05,승리공주,0
20241201,20241201_1_04,20241201_1_04_07,탱글이,0
20241201,20241201_1_04,20241201_1_04_08,코스모킹,0
20241201,20241201_1_04,20241201_1_04_09,신의운명,1
20241201,20241201_1_04,20241201_1_04_10,골든볼,0
20241201,20241201_1_05,20241201_1_05_01,메니참,0
20241201,20241201_1_05,20241201_1_05_02,우승진리,0
20241201,20241201_1_05,20241201_1_05_03,함평파이터,0
20241201,20241201_1_05,20241201_1_05_04,맥스위크,0
20241201,20241201_1_05,20241201_1_05_05,아치러너,0
20241201,20241201_1_05,20241201_1_05_06,한우리,0
20241201,20241201_1_05,20241201_1_05_07,태평무,0
20241201,20241201_1_05,20241201_1_05_08,원펀치드래곤,1
20241201,20241201_1_05,20241201_1_05_09,쌍옥루,0
20241201,20241201_1_05,20241201_1_05_10,드림카드,0
20241201,20241201_1_06,20241201_1_06_01,스팅제트,0
20241201,20241201_1_06,20241201_1_06_02,챌린지삭스,0
20241201,20241201_1_06,20241201_1_06_03,대흥클래스,0
20241201,20241201_1_06,20241201_1_06_04,미스윈스타,0
20241201,20241201_1_06,20241201_1_06_05,다운더존,0
20241201,20241201_1_06,20241201_1_06_06,새내칸,0
20241201,20241201_1_06,20241201_1_06_07,라온더대세,0
20241201,20241201_1_06,20241201_1_06_08,스파클링,1
20241201,20241201_1_06,20241201_1_06_09,아인슈페너,0
20241201,20241201_1_06,20241201_1_06_10,원더풀제트,0
20241201,20241201_1_07,20241201_1_07_01,몬탁챗,0
20241201,20241201_1_07,20241201_1_07_02,나올스나이퍼,0
20241201,20241201_1_07,20241201_1_07_03,[부산경남]소머치고,0
20241201,20241201_1_07,20241201_1_07_04,[부산경남]글로벌히트,1
20241201,20241201_1_07,20241201_1_07_05,너트플레이,0
20241201,20241201_1_07,20241201_1_07_06,[부산경남]클린샷,0
20241201,20241201_1_07,20241201_1_07_07,아메리카골드,0
20241201,20241201_1_07,20241201_1_07_08,[부산경남]스피드영,0
20241201,20241201_1_07,20241201_1_07_09,블랙벨트,0
20241201,20241201_1_07,20241201_1_07_10,[부산경남]석세스백파,0
20241201,20241201_1_07,20241201_1_07_11,[부산경남]투혼의반석,0
20241201,20241201_1_07,20241201_1_07_12,머니크라운,0
20241201,20241201_1_07,20241201_1_07_13,[부산경남]갤럭시로드,0
20241201,20241201_1_07,20241201_1_07_14,심장의고동,0
20241201,20241201_1_08,20241201_1_08_01,핵다이아,0
20241201,20241201_1_08,20241201_1_08_02,블레이밍워,0
20241201,20241201_1_08,20241201_1_08_03,엑설런트퀸,0
20241201,20241201_1_08,20241201_1_08_04,바로다나은,1
20241201,20241201_1_08,20241201_1_08_05,울트라히트,0
20241201,20241201_1_08,20241201_1_08_06,찬란한불꽃,0
20241201,20241201_1_08,20241201_1_08_07,골드베르크,0
20241201,20241201_1_08,20241201_1_08_08,드림스카이,0
20241201,20241201_1_08,20241201_1_08_09,문학홀리데이,0
20241201,20241201_1_09,20241201_1_09_01,파르키우스,0
20241201,20241201_1_09,20241201_1_09_02,문학이글,0
20241201,20241201_1_09,20241201_1_09_03,글로벌파워,0
20241201,20241201_1_09,20241201_1_09_04,블랙초콜릿,0
20241201,20241201_1_09,20241201_1_09_05,제이에스로드,1
20241201,20241201_1_09,20241201_1_09_06,매직주니어,0
20241201,20241201_1_09,20241201_1_09_07,라온더퀄리티,0
20241201,20241201_1_09,20241201_1_09_08,나인이글,0
20241201,20241201_1_09,20241201_1_09_09,한강히어로,0
20241201,20241201_1_09,20241201_1_09_10,블랙모션,0
20241201,20241201_1_09,20241201_1_09_11,하이러너,0
20241201,20241201_1_10,20241201_1_10_01,카우보이탱고,0
20241201,20241201_1_10,20241201_1_10_02,드림플레이,1
20241201,20241201_1_10,20241201_1_10_03,정우포에버,0
20241201,20241201_1_10,20241201_1_10_04,글로벌매직,0
20241201,20241201_1_10,20241201_1_10_05,킹다이아,0
20241201,20241201_1_10,20241201_1_10_06,빅토리히트,0
20241201,20241201_1_10,20241201_1_10_07,내길의퀸,0
20241201,20241201_1_10,20241201_1_10_08,에이피파텍,0
20241201,20241201_1_10,20241201_1_10_09,스마트캣,0
20241201,20241201_1_10,20241201_1_10_10,케이엔언더킹,0
20241201,20241201_1_11,20241201_1_11_01,특급대로,0
20241201,20241201_1_11,20241201_1_11_02,메가드래곤,1
20241201,20241201_1_11,20241201_1_11_03,머스탱파워,0
20241201,20241201_1_11,20241201_1_11_04,성실인동,0
20241201,20241201_1_11,20241201_1_11_05,그레이캣,0
20241201,20241201_1_11,20241201_1_11_06,퀴클리런,0
20241201,20241201_1_11,20241201_1_11_07,럭셔리캡틴,0
20241201,20241201_1_11,20241201_1_11_08,청산영웅,0
20241201,20241201_1_11,20241201_1_11_09,매직아워,0
20241207,20241207_1_01,20241207_1_01_01,하늘감동,0
20241207,20241207_1_01,20241207_1_01_02,나이스위너,0
20241207,20241207_1_01,20241207_1_01_03,학산프린스,0
20241207,20241207_1_01,20241207_1_01_04,벌교데스티노,1
20241207,20241207_1_01,20241207_1_01_05,블루선,0
20241207,20241207_1_01,20241207_1_01_06,와일드해피,0
20241207,20241207_1_01,20241207_1_01_07,스트리트루비,0
20241207,20241207_1_01,20241207_1_01_08,거센지존,0
20241207,20241207_1_01,20241207_1_01_09,라온데스퍼럿,0
20241207,20241207_1_01,20241207_1_01_10,여명의순간,0
20241207,20241207_1_01,20241207_1_01_11,롯폰기드래곤,0
20241207,20241207_1_02,20241207_1_02_01,레전드탄생,0
20241207,20241207_1_02,20241207_1_02_02,캔버스엔고,1
20241207,20241207_1_02,20241207_1_02_03,동방포스,0
20241207,20241207_1_02,20241207_1_02_04,스파르탄,0
20241207,20241207_1_02,20241207_1_02_05,동진선더,0
20241207,20241207_1_02,20241207_1_02_06,왕최고,0
20241207,20241207_1_02,20241207_1_02_07,그리폰,0
20241207,20241207_1_02,20241207_1_02_08,이스트킹스톤,0
20241207,20241207_1_02,20241207_1_02_09,주얼리패션,0
20241207,20241207_1_02,20241207_1_02_10,황금마스크,0
20241207,20241207_1_03,20241207_1_03_01,투에이스,0
20241207,20241207_1_03,20241207_1_03_02,고오고오,0
20241207,20241207_1_03,20241207_1_03_03,세명스트롱,0
20241207,20241207_1_03,20241207_1_03_04,벌교디와이,0
20241207,20241207_1_03,20241207_1_03_05,효강이,0
20241207,20241207_1_03,20241207_1_03_06,상임대표,0
20241207,20241207_1_03,20241207_1_03_07,용암기쁨,0
20241207,20241207_1_03,20241207_1_03_08,마루별,0
20241207,20241207_1_03,20241207_1_03_09,퀸다이아,1
20241207,20241207_1_04,20241207_1_04_01,그린콩코드,0
20241207,20241207_1_04,20241207_1_04_02,맥스파티,0
20241207,20241207_1_04,20241207_1_04_03,히어로챔프,0
20241207,20241207_1_04,20241207_1_04_04,빅브리지,0
20241207,20241207_1_04,20241207_1_04_06,어메이징스타,0
20241207,20241207_1_04,20241207_1_04_07,글로벌진격,0
20241207,20241207_1_04,20241207_1_04_08,민트플레이,0
20241207,20241207_1_04,20241207_1_04_09,마루장군,1
20241207,20241207_1_05,20241207_1_05_01,글로리앤아너,1
20241207,20241207_1_05,20241207_1_05_02,파티파워,0
20241207,20241207_1_05,20241207_1_05_03,우주의봄,0
20241207,20241207_1_05,20241207_1_05_04,나올인디,0
20241207,20241207_1_05,20241207_1_05_05,로열플러스,0
20241207,20241207_1_05,20241207_1_05_06,크로마이트,0
20241207,20241207_1_05,20241207_1_05_07,쇠와꽃,0
20241207,20241207_1_05,20241207_1_05_08,라온더케이샤,0
20241207,20241207_1_06,20241207_1_06_01,글로벌클래스,0
20241207,20241207_1_06,20241207_1_06_02,나올대왕,0
20241207,20241207_1_06,20241207_1_06_03,댄싱강자,0
20241207,20241207_1_06,20241207_1_06_04,고스트드래곤,0
20241207,20241207_1_06,20241207_1_06_05,토호마켓,0
20241207,20241207_1_06,20241207_1_06_06,굿파이터,0
20241207,20241207_1_06,20241207_1_06_07,엑설런트마타,0
20241207,20241207_1_06,20241207_1_06_08,그린필스타,0
20241207,20241207_1_06,20241207_1_06_09,아름다운사이,1
20241207,20241207_1_06,20241207_1_06_10,해피익투스,0
20241207,20241207_1_07,20241207_1_07_01,러브오마인,0
20241207,20241207_1_07,20241207_1_07_02,핑크골드,0
20241207,20241207_1_07,20241207_1_07_03,위즈러버,0
20241207,20241207_1_07,20241207_1_07_04,머니터치,0
20241207,20241207_1_07,20241207_1_07_05,모닝볼드,0
20241207,20241207_1_07,20241207_1_07_06,골드뭉치,1
20241207,20241207_1_07,20241207_1_07_07,대명장,0
20241207,20241207_1_07,20241207_1_07_08,레인스타,0
20241207,20241207_1_07,20241207_1_07_09,강철드래곤,0
20241207,20241207_1_07,20241207_1_07_10,청량산,0
20241207,20241207_1_08,20241207_1_08_01,선더호스,0
20241207,20241207_1_08,20241207_1_08_02,미스터트롯,0
20241207,20241207_1_08,20241207_1_08_03,파워풀화성,0
20241207,20241207_1_08,20241207_1_08_04,터치나인,0
20241207,20241207_1_08,20241207_1_08_05,스터닝퀸,0
20241207,20241207_1_08,20241207_1_08_06,올포유어드림,0
20241207,20241207_1_08,20241207_1_08_07,산삼은함양,0
20241207,20241207_1_08,20241207_1_08_08,최강타임,0
20241207,20241207_1_08,20241207_1_08_09,엘도라도놀부,0
20241207,20241207_1_08,20241207_1_08_10,핑크윈드,1
20241207,20241207_1_08,20241207_1_08_11,퍼지킹,0
20241207,20241207_1_09,20241207_1_09_01,캡틴삼칠이,0
20241207,20241207_1_09,20241207_1_09_02,벌교베리타스,0
20241207,20241207_1_09,20241207_1_09_03,한강보스,0
20241207,20241207_1_09,20241207_1_09_04,어퓨어굿우먼,0
20241207,20241207_1_09,20241207_1_09_05,글로벌코디,0
20241207,20241207_1_09,20241207_1_09_06,파노라마킹,0
20241207,20241207_1_09,20241207_1_09_07,도깨비,0
20241207,20241207_1_09,20241207_1_09_08,기분좋은말,0
20241207,20241207_1_09,20241207_1_09_09,이클립스타운,0
20241207,20241207_1_09,20241207_1_09_10,파이널케이,1
20241207,20241207_1_09,20241207_1_09_11,티시패밀리,0
20241207,20241207_1_10,20241207_1_10_01,장산포이즌,0
20241207,20241207_1_10,20241207_1_10_02,원더풀키티,1
20241207,20241207_1_10,20241207_1_10_03,신한특송,0
20241207,20241207_1_10,20241207_1_10_04,원평리스트,0
20241207,20241207_1_10,20241207_1_10_05,슈퍼피니시,0
20241207,20241207_1_10,20241207_1_10_06,서울탱크,0
20241207,20241207_1_10,20241207_1_10_07,금아얼루어,0
20241207,20241207_1_10,20241207_1_10_08,대물,0
20241207,20241207_1_10,20241207_1_10_09,매직그레이스,0
20241207,20241207_1_10,20241207_1_10_10,선더타임,0
20241207,20241207_1_11,20241207_1_11_01,행복한문막,0
20241207,20241207_1_11,20241207_1_11_02,스타터,0
20241207,20241207_1_11,20241207_1_11_03,오라칸,0
20241207,20241207_1_11,20241207_1_11_04,금빛마,1
20241207,20241207_1_11,20241207_1_11_05,선더드림,0
20241207,20241207_1_11,20241207_1_11_06,천마비상,0
20241207,20241207_1_11,20241207_1_11_07,플라잉골드,0
20241207,20241207_1_11,20241207_1_11_08,퓨리오사,0
20241207,20241207_1_11,20241207_1_11_09,모닝힐,0
20241207,20241207_1_11,20241207_1_11_10,자이언트펀치,0
20241208,20241208_1_01,20241208_1_01_01,크레이지마리,0
20241208,20241208_1_01,20241208_1_01_02,빈체로큐,0
20241208,20241208_1_01,20241208_1_01_03,어플리트런,0
20241208,20241208_1_01,20241208_1_01_04,노프라블럼,0
20241208,20241208_1_01,20241208_1_01_05,금계포란,0
20241208,20241208_1_01,20241208_1_01_06,터보차지,0
20241208,20241208_1_01,20241208_1_01_07,남촌서브,0
20241208,20241208_1_01,20241208_1_01_08,열정마,0
20241208,20241208_1_01,20241208_1_01_09,천지레이디,0
20241208,20241208_1_01,20241208_1_01_10,라온주얼스톤,1
20241208,20241208_1_01,20241208_1_01_11,영광의스카이,0
20241208,20241208_1_02,20241208_1_02_01,퍼지루비,0
20241208,20241208_1_02,20241208_1_02_02,글로벌서브,0
20241208,20241208_1_02,20241208_1_02_03,영원포텐,0
20241208,20241208_1_02,20241208_1_02_04,불국시대,0
20241208,20241208_1_02,20241208_1_02_05,레몬케이,0
20241208,20241208_1_02,20241208_1_02_06,비트도깨비,1
20241208,20241208_1_02,20241208_1_02_07,순라이크,0
20241208,20241208_1_02,20241208_1_02_08,스카이로열,0
20241208,20241208_1_02,20241208_1_02_09,아이리시맨,0
20241208,20241208_1_02,20241208_1_02_10,걸작스타,0
20241208,20241208_1_02,20241208_1_02_11,산방봄날,0
20241208,20241208_1_03,20241208_1_03_01,턴테이블,0
20241208,20241208_1_03,20241208_1_03_02,대즐러시,0
20241208,20241208_1_03,20241208_1_03_03,캡틴뮤직,0
20241208,20241208_1_03,20241208_1_03_04,이클립스더킹,1
20241208,20241208_1_03,20241208_1_03_05,너만을위해서,0
20241208,20241208_1_03,20241208_1_03_06,아치데이,0
20241208,20241208_1_03,20241208_1_03_07,하이폴리,0
20241208,20241208_1_03,20241208_1_03_08,러닝아티스트,0
20241208,20241208_1_03,20241208_1_03_09,벌교박강굴,0
20241208,20241208_1_03,20241208_1_03_10,용암스타,0
20241208,20241208_1_04,20241208_1_04_01,캡처,0
20241208,20241208_1_04,20241208_1_04_02,애플스타일,0
20241208,20241208_1_04,20241208_1_04_03,음성파워,0
20241208,20241208_1_04,20241208_1_04_04,학산대세,0
20241208,20241208_1_04,20241208_1_04_05,에클레어파워,0
20241208,20241208_1_04,20241208_1_04_06,네모스피릿,0
20241208,20241208_1_04,20241208_1_04_07,바주카보이,0
20241208,20241208_1_04,20241208_1_04_08,꿈의향기,0
20241208,20241208_1_04,20241208_1_04_09,터치참,0
20241208,20241208_1_04,20241208_1_04_10,베스트레이스,1
20241208,20241208_1_04,20241208_1_04_11,행운바람,0
20241208,20241208_1_05,20241208_1_05_01,나올영웅,0
20241208,20241208_1_05,20241208_1_05_02,엑설런트탄,0
20241208,20241208_1_05,20241208_1_05_03,레이디코디,0
20241208,20241208_1_05,20241208_1_05_04,라온시티걸,0
20241208,20241208_1_05,20241208_1_05_05,우루스칸,1
20241208,20241208_1_05,20241208_1_05_06,내길의위너,0
20241208,20241208_1_05,20241208_1_05_07,걸작시대,0
20241208,20241208_1_05,20241208_1_05_08,선더블루,0
20241208,20241208_1_05,20241208_1_05_09,트로트퀸,0
20241208,20241208_1_05,20241208_1_05_10,베스트클론,0
20241208,20241208_1_05,20241208_1_05_11,제축이호,0
20241208,20241208_1_06,20241208_1_06_01,헤븐챗,0
20241208,20241208_1_06,20241208_1_06_02,창창삭스,0
20241208,20241208_1_06,20241208_1_06_03,엘도라도강남,1
20241208,20241208_1_06,20241208_1_06_04,월드피플,0
20241208,20241208_1_06,20241208_1_06_05,자체발광,0
20241208,20241208_1_06,20241208_1_06_06,파워팔이영,0
20241208,20241208_1_06,20241208_1_06_07,글로벌트레저,0
20241208,20241208_1_06,20241208_1_06_08,거센진격,0
20241208,20241208_1_06,20241208_1_06_09,천마챗,0
20241208,20241208_1_06,20241208_1_06_10,럭키프랭크,0
20241208,20241208_1_06,20241208_1_06_11,퀵실버키튼,0
20241208,20241208_1_07,20241208_1_07_01,두손챔프,0
20241208,20241208_1_07,20241208_1_07_02,아르고공주,0
20241208,20241208_1_07,20241208_1_07_03,아만바로우즈,0
20241208,20241208_1_07,20241208_1_07_04,스마트별,1
20241208,20241208_1_07,20241208_1_07_05,알사이먼,0
20241208,20241208_1_07,20241208_1_07_06,천행챗,0
20241208,20241208_1_07,20241208_1_07_07,원더풀폭스,0
20241208,20241208_1_07,20241208_1_07_08,산본쓰나미,0
20241208,20241208_1_07,20241208_1_07_09,티나케이,0
20241208,20241208_1_07,20241208_1_07_10,천마평정,0
20241208,20241208_1_07,20241208_1_07_11,피어리스,0
20241208,20241208_1_08,20241208_1_08_01,남산무적,0
20241208,20241208_1_08,20241208_1_08_02,백룡,0
20241208,20241208_1_08,20241208_1_08_03,금악명장,0
20241208,20241208_1_08,20241208_1_08_04,퍼펙트건맨,0
20241208,20241208_1_08,20241208_1_08_05,안양천둥,0
20241208,20241208_1_08,20241208_1_08_06,런던에이스,0
20241208,20241208_1_08,20241208_1_08_07,세인트루카,1
20241208,20241208_1_08,20241208_1_08_08,파워에치드,0
20241208,20241208_1_08,20241208_1_08_09,블러드마운틴,0
20241208,20241208_1_08,20241208_1_08_10,슈퍼엑톤,0
20241208,20241208_1_09,20241208_1_09_01,케이엔골든킹,0
20241208,20241208_1_09,20241208_1_09_02,섀클포인트,0
20241208,20241208_1_09,20241208_1_09_03,불의날개,0
20241208,20241208_1_09,20241208_1_09_04,세이렌,0
20241208,20241208_1_09,20241208_1_09_05,매글데이,0
20241208,20241208_1_09,20241208_1_09_06,금세다,0
20241208,20241208_1_09,20241208_1_09_07,걸작원,0
20241208,20241208_1_09,20241208_1_09_08,나라올라,0
20241208,20241208_1_09,20241208_1_09_10,만대로,1
20241208,20241208_1_09,20241208_1_09_11,리버태양,0
20241208,20241208_1_10,20241208_1_10_01,리월마,0
20241208,20241208_1_10,20241208_1_10_02,빈체로카발로,1
20241208,20241208_1_10,20241208_1_10_03,울프플레이,0
20241208,20241208_1_10,20241208_1_10_04,포에버드림,0
20241208,20241208_1_10,20241208_1_10_05,라온자이언트,0
20241208,20241208_1_10,20241208_1_10_06,바이스로이,0
20241208,20241208_1_10,20241208_1_10_07,발베니,0
20241208,20241208_1_10,20241208_1_10_08,승부사,0
20241208,20241208_1_10,20241208_1_10_09,아이엠짱,0
20241208,20241208_1_10,20241208_1_10_10,어서말을해,0
20241214,20241214_1_01,20241214_1_01_01,발키리,0
20241214,20241214_1_01,20241214_1_01_02,레드드래곤,1
20241214,20241214_1_01,20241214_1_01_03,이클립스더퀸,0
20241214,20241214_1_01,20241214_1_01_04,인시그니어,0
20241214,20241214_1_01,20241214_1_01_05,베스트라지,0
20241214,20241214_1_01,20241214_1_01_06,럭키데이,0
20241214,20241214_1_01,20241214_1_01_07,크레이지애플,0
20241214,20241214_1_01,20241214_1_01_08,운주타임,0
20241214,20241214_1_01,20241214_1_01_09,위너글로리,0
20241214,20241214_1_01,20241214_1_01_10,섬돌모루,0
20241214,20241214_1_01,20241214_1_01_11,그레이스루트,0
20241214,20241214_1_02,20241214_1_02_01,강나루,1
20241214,20241214_1_02,20241214_1_02_02,그랜드쾌마,0
20241214,20241214_1_02,20241214_1_02_03,럭키서니,0
20241214,20241214_1_02,20241214_1_02_04,초월마,0
20241214,20241214_1_02,20241214_1_02_05,광교의기상,0
20241214,20241214_1_02,20241214_1_02_06,이스트강적,0
20241214,20241214_1_02,20241214_1_02_07,퍼펙트다나은,0
20241214,20241214_1_02,20241214_1_02_08,알리페르,0
20241214,20241214_1_02,20241214_1_02_09,관악산글로벌,0
20241214,20241214_1_03,20241214_1_03_01,하이칸,0
20241214,20241214_1_03,20241214_1_03_02,아트캐처,0
20241214,20241214_1_03,20241214_1_03_03,캡틴군주,0
20241214,20241214_1_03,20241214_1_03_04,팔라티노,0
20241214,20241214_1_03,20241214_1_03_05,그레이캔디,0
20241214,20241214_1_03,20241214_1_03_06,브라바조엠파이어,1
20241214,20241214_1_03,20241214_1_03_07,박차라,0
20241214,20241214_1_03,20241214_1_03_08,남산블랙,0
20241214,20241214_1_03,20241214_1_03_09,거센빅맨,0
20241214,20241214_1_03,20241214_1_03_10,에이스케이,0
20241214,20241214_1_03,20241214_1_03_11,나비드,0
20241214,20241214_1_03,20241214_1_03_12,나이스포스,0
20241214,20241214_1_04,20241214_1_04_01,호세,0
20241214,20241214_1_04,20241214_1_04_02,라온더프랑켈,0
20241214,20241214_1_04,20241214_1_04_03,마니노다지,0
20241214,20241214_1_04,20241214_1_04_04,트롤,0
20241214,20241214_1_04,20241214_1_04_05,큐피드하트,1
20241214,20241214_1_04,20241214_1_04_06,드래곤케이,0
20241214,20241214_1_04,20241214_1_04_07,엠지퍼스트,0
20241214,20241214_1_04,20241214_1_04_08,더블블레이드,0
20241214,20241214_1_04,20241214_1_04_09,베스트샤크,0
20241214,20241214_1_05,20241214_1_05_01,대물삭스,0
20241214,20241214_1_05,20241214_1_05_02,예스마담,0
20241214,20241214_1_05,20241214_1_05_03,스터닝플래터,0
20241214,20241214_1_05,20241214_1_05_04,빈체로킹,0
20241214,20241214_1_05,20241214_1_05_05,웨스턴건,0
20241214,20241214_1_05,20241214_1_05_06,주링스카이,0
20241214,20241214_1_05,20241214_1_05_07,컴플리트파티,0
20241214,20241214_1_05,20241214_1_05_08,메니참,0
20241214,20241214_1_05,20241214_1_05_09,케이파워풀,0
20241214,20241214_1_05,20241214_1_05_10,클레어골드,0
20241214,20241214_1_05,20241214_1_05_11,옥천윈스타,1
20241214,20241214_1_06,20241214_1_06_01,멋진강호,0
20241214,20241214_1_06,20241214_1_06_02,태풍처럼,0
20241214,20241214_1_06,20241214_1_06_03,라파예트,0
20241214,20241214_1_06,20241214_1_06_04,정성타이거,0
20241214,20241214_1_06,20241214_1_06_05,터보삭스,0
20241214,20241214_1_06,20241214_1_06_06,나노메타,0
20241214,20241214_1_06,20241214_1_06_07,스토미케이,0
20241214,20241214_1_06,20241214_1_06_08,용비히어로,0
20241214,20241214_1_06,20241214_1_06_09,네이비캡틴,1
20241214,20241214_1_06,20241214_1_06_10,미스찰리,0
20241214,20241214_1_07,20241214_1_07_01,학산마초,0
20241214,20241214_1_07,20241214_1_07_02,성은크라운,0
20241214,20241214_1_07,20241214_1_07_03,더선파이터,0
20241214,20241214_1_07,20241214_1_07_04,미래타워,1
20241214,20241214_1_07,20241214_1_07_05,레전드선,0
20241214,20241214_1_07,20241214_1_07_07,불의여왕,0
20241214,20241214_1_07,20241214_1_07_08,태평레전드,0
20241214,20241214_1_08,20241214_1_08_01,그로우,0
20241214,20241214_1_08,20241214_1_08_02,걸작선,0
20241214,20241214_1_08,20241214_1_08_03,메니샤크,0
20241214,20241214_1_08,20241214_1_08_04,행복여전사,0
20241214,20241214_1_08,20241214_1_08_05,팰로앨토,1
20241214,20241214_1_08,20241214_1_08_06,대륜시대,0
20241214,20241214_1_08,20241214_1_08_07,학산다크호스,0
20241214,20241214_1_08,20241214_1_08_08,원평광야,0
20241214,20241214_1_08,20241214_1_08_09,큐피드시크,0
20241214,20241214_1_08,20241214_1_08_10,제라퀸,0
20241214,20241214_1_08,20241214_1_08_11,함평파이터,0
20241214,20241214_1_09,20241214_1_09_01,클림트월드,0
20241214,20241214_1_09,20241214_1_09_02,하이퍼엑스,0
20241214,20241214_1_09,20241214_1_09_03,플라잉크루저,0
20241214,20241214_1_09,20241214_1_09_04,댄싱위즈,1
20241214,20241214_1_09,20241214_1_09_05,문학크라운,0
20241214,20241214_1_09,20241214_1_09_06,플라잉월드,0
20241214,20241214_1_09,20241214_1_09_07,스피닝칸트,0
20241214,20241214_1_09,20241214_1_09_08,스톰크라운,0
20241214,20241214_1_09,20241214_1_09_09,마이티조이,0
20241214,20241214_1_09,20241214_1_09_10,창조의아침,0
20241214,20241214_1_09,20241214_1_09_11,히어로삭스,0
20241214,20241214_1_10,20241214_1_10_01,히어로레전드,0
20241214,20241214_1_10,20241214_1_10_02,베스트전사,1
20241214,20241214_1_10,20241214_1_10_03,천마포스,0
20241214,20241214_1_10,20241214_1_10_04,나노마신,0
20241214,20241214_1_10,20241214_1_10_05,럭키붐,0
20241214,20241214_1_10,20241214_1_10_06,슈퍼선더,0
20241214,20241214_1_10,20241214_1_10_07,뉴질랜드삭스,0
20241214,20241214_1_10,20241214_1_10_08,성실영웅,0
20241214,20241214_1_10,20241214_1_10_09,오섬나탈리,0
20241214,20241214_1_10,20241214_1_10_10,울트라드래곤,0
20241214,20241214_1_11,20241214_1_11_01,원더풀인디,0
20241214,20241214_1_11,20241214_1_11_02,새내타운,0
20241214,20241214_1_11,20241214_1_11_03,힐링헤이븐,0
20241214,20241214_1_11,20241214_1_11_04,문학어플리트,0
20241214,20241214_1_11,20241214_1_11_05,신의이름,1
20241214,20241214_1_11,20241214_1_11_06,위즈러너,0
20241214,20241214_1_11,20241214_1_11_07,골든아너,0
20241214,20241214_1_11,20241214_1_11_08,탭다운,0
20241214,20241214_1_11,20241214_1_11_09,베스트마야,0
20241214,20241214_1_11,20241214_1_11_10,새파랑,0
20241215,20241215_1_01,20241215_1_01_01,크레이지망고,0
20241215,20241215_1_01,20241215_1_01_02,벌교라바,0
20241215,20241215_1_01,20241215_1_01_03,라이언하트,0
20241215,20241215_1_01,20241215_1_01_04,추풍령,0
20241215,20241215_1_01,20241215_1_01_05,빌리언보이,0
20241215,20241215_1_01,20241215_1_01_06,내게로와줘,0
20241215,20241215_1_01,20241215_1_01_07,원더풀캐시,0
20241215,20241215_1_01,20241215_1_01_08,딕시맨,0
20241215,20241215_1_01,20241215_1_01_09,블루드래곤,0
20241215,20241215_1_01,20241215_1_01_10,제이원파워,0
20241215,20241215_1_01,20241215_1_01_11,누리천왕,0
20241215,20241215_1_01,20241215_1_01_12,머스킷데이,1
20241215,20241215_1_02,20241215_1_02_01,초코뷰티,0
20241215,20241215_1_02,20241215_1_02_02,어퍼핸드,0
20241215,20241215_1_02,20241215_1_02_03,질주천하,0
20241215,20241215_1_02,20241215_1_02_04,누리질주,0
20241215,20241215_1_02,20241215_1_02_05,플라잉럭키,0
20241215,20241215_1_02,20241215_1_02_06,아이엠고,0
20241215,20241215_1_02,20241215_1_02_07,샤이닝참,0
20241215,20241215_1_02,20241215_1_02_08,피엔에스파,0
20241215,20241215_1_02,20241215_1_02_09,비케이러브,1
20241215,20241215_1_02,20241215_1_02_10,그레이팬텀,0
20241215,20241215_1_03,20241215_1_03_01,커맨딩리드,0
20241215,20241215_1_03,20241215_1_03_02,우리가,0
20241215,20241215_1_03,20241215_1_03_04,피엔에스주,0
20241215,20241215_1_03,20241215_1_03_05,간다고,1
20241215,20241215_1_03,20241215_1_03_06,프로시드,0
20241215,20241215_1_03,20241215_1_03_08,크레이지창,0
20241215,20241215_1_03,20241215_1_03_09,이글윙즈,0
20241215,20241215_1_03,20241215_1_03_10,피엔에스미,0
20241215,20241215_1_04,20241215_1_04_01,블루레이서,0
20241215,20241215_1_04,20241215_1_04_02,원더풀패스,0
20241215,20241215_1_04,20241215_1_04_03,안다미로,0
20241215,20241215_1_04,20241215_1_04_04,샤인볼트,0
20241215,20241215_1_04,20241215_1_04_05,비케이벨,0
20241215,20241215_1_04,20241215_1_04_06,붉은폭풍,0
20241215,20241215_1_04,20241215_1_04_07,안양기쁨,1
20241215,20241215_1_04,20241215_1_04_08,스터닝펄,0
20241215,20241215_1_04,20241215_1_04_09,서전트라이트,0
20241215,20241215_1_04,20241215_1_04_10,글로벌타임,0
20241215,20241215_1_04,20241215_1_04_11,영원하라,0
20241215,20241215_1_05,20241215_1_05_01,오스틴리더,0
20241215,20241215_1_05,20241215_1_05_02,장흥클래스,0
20241215,20241215_1_05,20241215_1_05_03,페더럴킹,0
20241215,20241215_1_05,20241215_1_05_04,히어로전사,0
20241215,20241215_1_05,20241215_1_05_05,엠케이리,0
20241215,20241215_1_05,20241215_1_05_06,성실여걸,0
20241215,20241215_1_05,20241215_1_05_07,스마트월드,0
20241215,20241215_1_05,20241215_1_05_08,최강현마,0
20241215,20241215_1_05,20241215_1_05_09,라온히트맨,1
20241215,20241215_1_05,20241215_1_05_10,퍼플신화,0
20241215,20241215_1_05,20241215_1_05_11,코스모킹,0
20241215,20241215_1_06,20241215_1_06_01,한강글로리,0
20241215,20241215_1_06,20241215_1_06_02,엑톤질주,0
20241215,20241215_1_06,20241215_1_06_03,두손오픈,0
20241215,20241215_1_06,20241215_1_06_04,쏘아라투투,0
20241215,20241215_1_06,20241215_1_06_05,라온스프린터,0
20241215,20241215_1_06,20241215_1_06_06,샤인온미,1
20241215,20241215_1_06,20241215_1_06_07,마이티아미,0
20241215,20241215_1_06,20241215_1_06_08,스페셜타임,0
20241215,20241215_1_06,20241215_1_06_09,정문파파고,0
20241215,20241215_1_07,20241215_1_07_01,콩코드퀸,0
20241215,20241215_1_07,20241215_1_07_02,제다이포스,0
20241215,20241215_1_07,20241215_1_07_03,나이스빅걸,0
20241215,20241215_1_07,20241215_1_07_04,빅토리히트,0
20241215,20241215_1_07,20241215_1_07_05,태평파이터,0
20241215,20241215_1_07,20241215_1_07_06,원평퀸,0
20241215,20241215_1_07,20241215_1_07_07,이스트점프,0
20241215,20241215_1_07,20241215_1_07_08,유니콘히트,1
20241215,20241215_1_07,20241215_1_07_09,참좋은질주,0
20241215,20241215_1_07,20241215_1_07_10,행복한승자,0
20241215,20241215_1_08,20241215_1_08_01,펄포인트,0
20241215,20241215_1_08,20241215_1_08_02,골든드래곤,0
20241215,20241215_1_08,20241215_1_08_03,신의반전,0
20241215,20241215_1_08,20241215_1_08_04,킹고태양,0
20241215,20241215_1_08,20241215_1_08_06,그랜드실버,1
20241215,20241215_1_08,20241215_1_08_07,어메이징록,0
20241215,20241215_1_08,20241215_1_08_08,매직임팩트,0
20241215,20241215_1_09,20241215_1_09_01,나소챗,0
20241215,20241215_1_09,20241215_1_09_02,원더풀남촌,0
20241215,20241215_1_09,20241215_1_09_03,위즈임파서블,0
20241215,20241215_1_09,20241215_1_09_04,정상제우스,0
20241215,20241215_1_09,20241215_1_09_05,더페이버릿,0
20241215,20241215_1_09,20241215_1_09_06,아치메모리,0
20241215,20241215_1_09,20241215_1_09_07,페퍼엑스,1
20241215,20241215_1_09,20241215_1_09_08,용비불패,0
20241215,20241215_1_09,20241215_1_09_09,천둥라이언,0
20241215,20241215_1_09,20241215_1_09_10,정성팩터,0
20241215,20241215_1_10,20241215_1_10_01,스팔타,0
20241215,20241215_1_10,20241215_1_10_02,금아파이어리,0
20241215,20241215_1_10,20241215_1_10_03,와일드삭스,0
20241215,20241215_1_10,20241215_1_10_04,플라잉카라반,0
20241215,20241215_1_10,20241215_1_10_05,우승콩코드,0
20241215,20241215_1_10,20241215_1_10_06,비야리카,0
20241215,20241215_1_10,20241215_1_10_07,광치기,0
20241215,20241215_1_10,20241215_1_10_08,제이모션,0
20241215,20241215_1_10,20241215_1_10_09,스터닝스카이,1
20241215,20241215_1_10,20241215_1_10_10,라온더찰리,0
20241215,20241215_1_10,20241215_1_10_11,강한퀸,0
20241215,20241215_1_11,20241215_1_11_01,쾌향,0
20241215,20241215_1_11,20241215_1_11_02,바이킹하트,0
20241215,20241215_1_11,20241215_1_11_03,금전사,0
20241215,20241215_1_11,20241215_1_11_04,아침동자,0
20241215,20241215_1_11,20241215_1_11_05,청파의꿈,0
20241215,20241215_1_11,20241215_1_11_06,베스트선,0
20241215,20241215_1_11,20241215_1_11_07,토호스카이,0
20241215,20241215_1_11,20241215_1_11_08,라온탑플레이,0
20241215,20241215_1_11,20241215_1_11_09,섀도헌터,1
20241215,20241215_1_11,20241215_1_11_10,레이디하나비,0
20241215,20241215_1_11,20241215_1_11_11,탱자,0
20241221,20241221_1_01,20241221_1_01_02,스피드레전드,0
20241221,20241221_1_01,20241221_1_01_03,남산소녀,0
20241221,20241221_1_01,20241221_1_01_04,굿프렌드,0
20241221,20241221_1_01,20241221_1_01_05,혁명의질주,0
20241221,20241221_1_01,20241221_1_01_06,신한에이스,1
20241221,20241221_1_01,20241221_1_01_07,레이디마고,0
20241221,20241221_1_01,20241221_1_01_08,파이널리더,0
20241221,20241221_1_01,20241221_1_01_09,미스페이머스,0
20241221,20241221_1_01,20241221_1_01_10,키아오라,0
20241221,20241221_1_01,20241221_1_01_11,이슬처럼,0
20241221,20241221_1_02,20241221_1_02_01,아모스최강,0
20241221,20241221_1_02,20241221_1_02_02,수향미인,0
20241221,20241221_1_02,20241221_1_02_03,조이천하,0
20241221,20241221_1_02,20241221_1_02_04,송당황태자,0
20241221,20241221_1_02,20241221_1_02_05,하이크라운,0
20241221,20241221_1_02,20241221_1_02_06,서부헤일로,0
20241221,20241221_1_02,20241221_1_02_07,월드조이,0
20241221,20241221_1_02,20241221_1_02_08,케이엔스톰,0
20241221,20241221_1_02,20241221_1_02_09,학산스피드,0
20241221,20241221_1_02,20241221_1_02_10,레전드와우,1
20241221,20241221_1_02,20241221_1_02_11,청룡의칼,0
20241221,20241221_1_02,20241221_1_02_12,한강판타스틱,0
20241221,20241221_1_03,20241221_1_03_01,브리도킹스타,0
20241221,20241221_1_03,20241221_1_03_02,케이사이먼,0
20241221,20241221_1_03,20241221_1_03_03,포에틱누비,0
20241221,20241221_1_03,20241221_1_03_04,뷰티풀화성,0
20241221,20241221_1_03,20241221_1_03_05,거마의기적,0
20241221,20241221_1_03,20241221_1_03_06,창조의기둥,0
20241221,20241221_1_03,20241221_1_03_07,트레비트,0
20241221,20241221_1_03,20241221_1_03_08,레이디폭스,0
20241221,20241221_1_03,20241221_1_03_09,용비킹,0
20241221,20241221_1_03,20241221_1_03_10,마루별,0
20241221,20241221_1_03,20241221_1_03_11,논스톱열차,1
20241221,20241221_1_04,20241221_1_04_01,차밍큐피드,0
20241221,20241221_1_04,20241221_1_04_02,스파르탄,0
20241221,20241221_1_04,20241221_1_04_03,스카이로열,0
20241221,20241221_1_04,20241221_1_04_04,내길의여정,0
20241221,20241221_1_04,20241221_1_04_05,원페이머스,0
20241221,20241221_1_04,20241221_1_04_06,서울빙고,1
20241221,20241221_1_04,20241221_1_04_07,신바람,0
20241221,20241221_1_04,20241221_1_04_08,라온더임팩트,0
20241221,20241221_1_04,20241221_1_04_09,커맨드블루,0
20241221,20241221_1_04,20241221_1_04_10,마하가,0
20241221,20241221_1_04,20241221_1_04_11,논스톱서브,0
20241221,20241221_1_05,20241221_1_05_01,큐피드미르,0
20241221,20241221_1_05,20241221_1_05_02,영웅자룡,0
20241221,20241221_1_05,20241221_1_05_03,모어댄조크,0
20241221,20241221_1_05,20241221_1_05_04,장군마루,0
20241221,20241221_1_05,20241221_1_05_05,글로벌함성,0
20241221,20241221_1_05,20241221_1_05_06,크로마이트,0
20241221,20241221_1_05,20241221_1_05_07,아치러너,0
20241221,20241221_1_05,20241221_1_05_08,용비태양,0
20241221,20241221_1_05,20241221_1_05_09,강철전사,0
20241221,20241221_1_05,20241221_1_05_10,쌍옥루,0
20241221,20241221_1_05,20241221_1_05_11,찬페이머스,1
20241221,20241221_1_06,20241221_1_06_01,은성노을,0
20241221,20241221_1_06,20241221_1_06_02,맥스위크,1
20241221,20241221_1_06,20241221_1_06_03,플랜비,0
20241221,20241221_1_06,20241221_1_06_04,정상히트,0
20241221,20241221_1_06,20241221_1_06_05,에브리참,0
20241221,20241221_1_06,20241221_1_06_06,탱글이,0
20241221,20241221_1_06,20241221_1_06_07,포세이돈블루,0
20241221,20241221_1_06,20241221_1_06_08,내추럴사운드,0
20241221,20241221_1_06,20241221_1_06_09,마이티봄,0
20241221,20241221_1_06,20241221_1_06_10,라이트어블루,0
20241221,20241221_1_06,20241221_1_06_11,영원판타스틱,0
20241221,20241221_1_07,20241221_1_07_01,성실대로,0
20241221,20241221_1_07,20241221_1_07_02,무한아르고,0
20241221,20241221_1_07,20241221_1_07_03,블레이밍워,0
20241221,20241221_1_07,20241221_1_07_04,관악산레오,1
20241221,20241221_1_07,20241221_1_07_05,제우시대,0
20241221,20241221_1_07,20241221_1_07_06,문학홀리데이,0
20241221,20241221_1_07,20241221_1_07_07,원더풀웰스,0
20241221,20241221_1_07,20241221_1_07_08,별나라비마,0
20241221,20241221_1_07,20241221_1_07_09,빅토리퀸,0
20241221,20241221_1_07,20241221_1_07_10,시크릿삭스,0
20241221,20241221_1_07,20241221_1_07_11,컴플리트하트,0
20241221,20241221_1_08,20241221_1_08_01,스피디루키,0
20241221,20241221_1_08,20241221_1_08_02,글로벌럭키,0
20241221,20241221_1_08,20241221_1_08_03,블루인디,0
20241221,20241221_1_08,20241221_1_08_04,땡큐대천,0
20241221,20241221_1_08,20241221_1_08_05,마이티닉,0
20241221,20241221_1_08,20241221_1_08_06,트리스탄왕자,0
20241221,20241221_1_08,20241221_1_08_07,티즈에너지,0
20241221,20241221_1_08,20241221_1_08_08,정상킹덤,0
20241221,20241221_1_08,20241221_1_08_09,빅블레드,0
20241221,20241221_1_08,20241221_1_08_10,뉴돌콩,1
20241221,20241221_1_08,20241221_1_08_11,스카이함성,0
20241221,20241221_1_09,20241221_1_09_01,레전드케이,0
20241221,20241221_1_09,20241221_1_09_02,케레르,0
20241221,20241221_1_09,20241221_1_09_03,서울돌풍,0
20241221,20241221_1_09,20241221_1_09_04,러브카우걸,0
20241221,20241221_1_09,20241221_1_09_05,미르포인트,0
20241221,20241221_1_09,20241221_1_09_06,라온티모스,0
20241221,20241221_1_09,20241221_1_09_07,스트렝스,0
20241221,20241221_1_09,20241221_1_09_08,골든잭팟,0
20241221,20241221_1_09,20241221_1_09_09,미스터파워,1
20241221,20241221_1_09,20241221_1_09_10,금성환희,0
20241221,20241221_1_09,20241221_1_09_11,티즈모닝,0
20241221,20241221_1_10,20241221_1_10_01,용비서울,0
20241221,20241221_1_10,20241221_1_10_02,베트캡틴,0
20241221,20241221_1_10,20241221_1_10_03,별나라질주,0
20241221,20241221_1_10,20241221_1_10_04,봉화스테이,0
20241221,20241221_1_10,20241221_1_10_05,더스파이커,0
20241221,20241221_1_10,20241221_1_10_06,우왕륭,0
20241221,20241221_1_10,20241221_1_10_07,콩나물,0
20241221,20241221_1_10,20241221_1_10_08,마이티짱,0
20241221,20241221_1_10,20241221_1_10_09,벨록스보이,0
20241221,20241221_1_10,20241221_1_10_10,마이티네오,1
20241221,20241221_1_10,20241221_1_10_11,탑티어,0
20241221,20241221_1_11,20241221_1_11_01,강남불청객,0
20241221,20241221_1_11,20241221_1_11_02,거센반격,0
20241221,20241221_1_11,20241221_1_11_03,영광의월드,1
20241221,20241221_1_11,20241221_1_11_04,더플레이어,0
20241221,20241221_1_11,20241221_1_11_05,차돌다이아,0
20241221,20241221_1_11,20241221_1_11_06,퓨리오사,0
20241221,20241221_1_11,20241221_1_11_07,미라클한강,0
20241221,20241221_1_11,20241221_1_11_08,마이티칩,0
20241221,20241221_1_11,20241221_1_11_09,라온더제트,0
20241221,20241221_1_11,20241221_1_11_10,동진최강,0
20241221,20241221_1_11,20241221_1_11_11,라온아메리칸,0
20241222,20241222_1_01,20241222_1_01_01,긴샤리보이,0
20241222,20241222_1_01,20241222_1_01_03,미스터카라,0
20241222,20241222_1_01,20241222_1_01_04,챔프함성,0
20241222,20241222_1_01,20241222_1_01_05,원더풀어롱,0
20241222,20241222_1_01,20241222_1_01_06,큐피드월드,0
20241222,20241222_1_01,20241222_1_01_07,임로,0
20241222,20241222_1_01,20241222_1_01_08,로드투어스퍼,0
20241222,20241222_1_01,20241222_1_01_09,드래곤킬러,0
20241222,20241222_1_01,20241222_1_01_10,글로리조이,0
20241222,20241222_1_01,20241222_1_01_11,다나은킹덤,0
20241222,20241222_1_01,20241222_1_01_12,우광명,1
20241222,20241222_1_02,20241222_1_02_01,그랜드플라잉,0
20241222,20241222_1_02,20241222_1_02_02,이스트스카이,0
20241222,20241222_1_02,20241222_1_02_03,세명고스트,0
20241222,20241222_1_02,20241222_1_02_04,베아트리스,0
20241222,20241222_1_02,20241222_1_02_05,럭키페이머스,1
20241222,20241222_1_02,20241222_1_02_06,한마디말도,0
20241222,20241222_1_02,20241222_1_02_07,불의세계,0
20241222,20241222_1_02,20241222_1_02_08,블랙러시안,0
20241222,20241222_1_02,20241222_1_02_09,희망밴드,0
20241222,20241222_1_02,20241222_1_02_10,히퍼드롬,0
20241222,20241222_1_02,20241222_1_02_11,스마트노션,0
20241222,20241222_1_03,20241222_1_03_01,세명스트롱,0
20241222,20241222_1_03,20241222_1_03_02,가야스타,0
20241222,20241222_1_03,20241222_1_03_03,청산질주,1
20241222,20241222_1_03,20241222_1_03_04,학산카이로,0
20241222,20241222_1_03,20241222_1_03_05,킹워리어,0
20241222,20241222_1_03,20241222_1_03_06,섬싱다크,0
20241222,20241222_1_03,20241222_1_03_07,라온노던댄스,0
20241222,20241222_1_03,20241222_1_03_08,사이클론스타,0
20241222,20241222_1_03,20241222_1_03_09,용암스타,0
20241222,20241222_1_03,20241222_1_03_10,블랙스마일,0
20241222,20241222_1_03,20241222_1_03_11,사하라로즈,0
20241222,20241222_1_04,20241222_1_04_01,천지스카이,0
20241222,20241222_1_04,20241222_1_04_02,새로운가이,0
20241222,20241222_1_04,20241222_1_04_03,한강캡틴,0
20241222,20241222_1_04,20241222_1_04_04,스터닝머니,0
20241222,20241222_1_04,20241222_1_04_05,이클립스에지,0
20241222,20241222_1_04,20241222_1_04_06,영원자이언트,0
20241222,20241222_1_04,20241222_1_04_07,원더풀노던,1
20241222,20241222_1_04,20241222_1_04_08,선더스톰,0
20241222,20241222_1_04,20241222_1_04_09,서머파티,0
20241222,20241222_1_04,20241222_1_04_10,거센여제,0
20241222,20241222_1_04,20241222_1_04_11,라이징모,0
20241222,20241222_1_05,20241222_1_05_01,카일리,0
20241222,20241222_1_05,20241222_1_05_02,그냥가라,0
20241222,20241222_1_05,20241222_1_05_03,용비수,0
20241222,20241222_1_05,20241222_1_05_04,원더풀시킹,0
20241222,20241222_1_05,20241222_1_05_05,퀸아비게일,0
20241222,20241222_1_05,20241222_1_05_06,태평무,0
20241222,20241222_1_05,20241222_1_05_07,미스파이널,1
20241222,20241222_1_05,20241222_1_05_08,머스퀸플라이,0
20241222,20241222_1_05,20241222_1_05_09,신의블루,0
20241222,20241222_1_05,20241222_1_05_10,다나은렉스,0
20241222,20241222_1_05,20241222_1_05_11,강철여걸,0
20241222,20241222_1_06,20241222_1_06_01,송당망치,0
20241222,20241222_1_06,20241222_1_06_02,미스콩코드,0
20241222,20241222_1_06,20241222_1_06_03,천궁스톰,0
20241222,20241222_1_06,20241222_1_06_04,모쿠슈라,0
20241222,20241222_1_06,20241222_1_06_05,벌교그래미,0
20241222,20241222_1_06,20241222_1_06_06,휘파람,0
20241222,20241222_1_06,20241222_1_06_07,고스트드래곤,0
20241222,20241222_1_06,20241222_1_06_08,스케일킹,1
20241222,20241222_1_06,20241222_1_06_09,세명레이디,0
20241222,20241222_1_06,20241222_1_06_10,카리즈마,0
20241222,20241222_1_06,20241222_1_06_11,로터스미르,0
20241222,20241222_1_07,20241222_1_07_01,울트라삭스,0
20241222,20241222_1_07,20241222_1_07_02,아인슈페너,0
20241222,20241222_1_07,20241222_1_07_03,화산귀환,0
20241222,20241222_1_07,20241222_1_07_04,나이트참,0
20241222,20241222_1_07,20241222_1_07_05,기쁨함성,0
20241222,20241222_1_07,20241222_1_07_06,예술이야,0
20241222,20241222_1_07,20241222_1_07_07,롱런불패,1
20241222,20241222_1_07,20241222_1_07_08,트로트퀸,0
20241222,20241222_1_07,20241222_1_07_09,걸작드림,0
20241222,20241222_1_07,20241222_1_07_10,화수분,0
20241222,20241222_1_07,20241222_1_07_11,벌교차돌,0
20241222,20241222_1_08,20241222_1_08_01,케이엔티즈원,0
20241222,20241222_1_08,20241222_1_08_02,컴플리트리더,0
20241222,20241222_1_08,20241222_1_08_03,퍼플윙크,0
20241222,20241222_1_08,20241222_1_08_04,대박스타,0
20241222,20241222_1_08,20241222_1_08_05,매직프린스,1
20241222,20241222_1_08,20241222_1_08_06,오송의별,0
20241222,20241222_1_08,20241222_1_08_07,하트케이,0
20241222,20241222_1_08,20241222_1_08_08,서울최강자,0
20241222,20241222_1_08,20241222_1_08_09,새로운빛깔,0
20241222,20241222_1_08,20241222_1_08_10,골든스나이퍼,0
20241222,20241222_1_09,20241222_1_09_01,스마트클레어,1
20241222,20241222_1_09,20241222_1_09_02,명성축제,0
20241222,20241222_1_09,20241222_1_09_03,우마포이,0
20241222,20241222_1_09,20241222_1_09_04,클럽디,0
20241222,20241222_1_09,20241222_1_09_05,킹아너,0
20241222,20241222_1_09,20241222_1_09_06,스틸플레이,0
20241222,20241222_1_09,20241222_1_09_07,스톰브레이커,0
20241222,20241222_1_09,20241222_1_09_08,드래곤스퀘어,0
20241222,20241222_1_09,20241222_1_09_09,세이렌,0
20241222,20241222_1_09,20241222_1_09_10,비트러너,0
20241222,20241222_1_09,20241222_1_09_11,새내파워풀,0
20241222,20241222_1_10,20241222_1_10_01,글로리시티,0
20241222,20241222_1_10,20241222_1_10_02,호크프린스,1
20241222,20241222_1_10,20241222_1_10_03,선포레,0
20241222,20241222_1_10,20241222_1_10_04,달금,0
20241222,20241222_1_10,20241222_1_10_05,천마챗,0
20241222,20241222_1_10,20241222_1_10_06,브리도시리스,0
20241222,20241222_1_10,20241222_1_10_07,최고게임,0
20241222,20241222_1_10,20241222_1_10_08,축배를들어라,0
20241222,20241222_1_10,20241222_1_10_09,태칸,0
20241222,20241222_1_11,20241222_1_11_01,라온더포인트,0
20241222,20241222_1_11,20241222_1_11_02,장산몬스터,0
20241222,20241222_1_11,20241222_1_11_03,히든삭스,0
20241222,20241222_1_11,20241222_1_11_04,크라운함성,1
20241222,20241222_1_11,20241222_1_11_05,그레이캣,0
20241222,20241222_1_11,20241222_1_11_06,럭키월드,0
20241222,20241222_1_11,20241222_1_11_07,스카이망치,0
20241222,20241222_1_11,20241222_1_11_08,엠제이베스트,0
20241222,20241222_1_11,20241222_1_11_09,발베니,0
20241222,20241222_1_11,20241222_1_11_10,마이센터,0
20241228,20241228_1_01,20241228_1_01_01,금성보스,0
20241228,20241228_1_01,20241228_1_01_02,관악산체크인,0
20241228,20241228_1_01,20241228_1_01_03,자이언트보스,0
20241228,20241228_1_01,20241228_1_01_04,타이거케이,0
20241228,20241228_1_01,20241228_1_01_05,이클립스럭키,0
20241228,20241228_1_01,20241228_1_01_06,과천보스,0
20241228,20241228_1_01,20241228_1_01_07,비에스스톰,0
20241228,20241228_1_01,20241228_1_01_08,사하라칸,1
20241228,20241228_1_01,20241228_1_01_09,캡틴라이즈,0
20241228,20241228_1_01,20241228_1_01_10,골드스피닝,0
20241228,20241228_1_01,20241228_1_01_11,쏘아라스타,0
20241228,20241228_1_01,20241228_1_01_12,즐거운상상,0
20241228,20241228_1_02,20241228_1_02_01,티아라수아,0
20241228,20241228_1_02,20241228_1_02_02,드리머위즈,0
20241228,20241228_1_02,20241228_1_02_03,댄싱그레이티즈,0
20241228,20241228_1_02,20241228_1_02_04,하이퍼선더,0
20241228,20241228_1_02,20241228_1_02_05,마이티스위트,1
20241228,20241228_1_02,20241228_1_02_06,플라잉오크스,0
20241228,20241228_1_02,20241228_1_02_07,블루피오라,0
20241228,20241228_1_02,20241228_1_02_08,스마일링프린스,0
20241228,20241228_1_02,20241228_1_02_09,플라잉스퍼트,0
20241228,20241228_1_02,20241228_1_02_10,하남엘도라도,0
20241228,20241228_1_02,20241228_1_02_11,픽처,0
20241228,20241228_1_02,20241228_1_02_12,용비챔프,0
20241228,20241228_1_03,20241228_1_03_01,어나더퀸,0
20241228,20241228_1_03,20241228_1_03_02,벽송,1
20241228,20241228_1_03,20241228_1_03_03,스터닝월드,0
20241228,20241228_1_03,20241228_1_03_04,문샤인,0
20241228,20241228_1_03,20241228_1_03_05,관악산조이,0
20241228,20241228_1_03,20241228_1_03_06,대항비마,0
20241228,20241228_1_03,20241228_1_03_07,모어댄아너,0
20241228,20241228_1_03,20241228_1_03_08,세광쏜살,0
20241228,20241228_1_03,20241228_1_03_09,용암사랑,0
20241228,20241228_1_03,20241228_1_03_10,두손으뜸,0
20241228,20241228_1_03,20241228_1_03_11,내길의챔프,0
20241228,20241228_1_04,20241228_1_04_01,금성탈환,0
20241228,20241228_1_04,20241228_1_04_02,스플렌디드,1
20241228,20241228_1_04,20241228_1_04_03,큐피드케이,0
20241228,20241228_1_04,20241228_1_04_04,라온더벨몬트,0
20241228,20241228_1_04,20241228_1_04_05,베스트킹덤,0
20241228,20241228_1_04,20241228_1_04_06,크레이지창,0
20241228,20241228_1_04,20241228_1_04_07,그랜드파크,0
20241228,20241228_1_04,20241228_1_04_08,고스트크리솔,0
20241228,20241228_1_04,20241228_1_04_09,이클립스블랙,0
20241228,20241228_1_04,20241228_1_04_10,화랑산정기,0
20241228,20241228_1_04,20241228_1_04_11,우마다치,0
20241228,20241228_1_05,20241228_1_05_01,용비천,0
20241228,20241228_1_05,20241228_1_05_02,엘리트피스,0
20241228,20241228_1_05,20241228_1_05_03,테마탄생,0
20241228,20241228_1_05,20241228_1_05_04,원더풀파피,0
20241228,20241228_1_05,20241228_1_05_05,금성파워,0
20241228,20241228_1_05,20241228_1_05_06,당대초월,0
20241228,20241228_1_05,20241228_1_05_07,소프트파워,0
20241228,20241228_1_05,20241228_1_05_08,드림카드,0
20241228,20241228_1_05,20241228_1_05_09,원더풀스피릿,0
20241228,20241228_1_05,20241228_1_05_10,거센강호,1
20241228,20241228_1_05,20241228_1_05_11,유수부쟁선,0
20241228,20241228_1_06,20241228_1_06_01,대승마,0
20241228,20241228_1_06,20241228_1_06_02,마이티캡,0
20241228,20241228_1_06,20241228_1_06_03,파이널고,0
20241228,20241228_1_06,20241228_1_06_04,탐라최강자,0
20241228,20241228_1_06,20241228_1_06_05,에덴의동쪽,0
20241228,20241228_1_06,20241228_1_06_06,세명다이아,0
20241228,20241228_1_06,20241228_1_06_07,거센폭주,0
20241228,20241228_1_06,20241228_1_06_08,서전트라이트,0
20241228,20241228_1_06,20241228_1_06_09,라온이클립스,1
20241228,20241228_1_06,20241228_1_06_10,리치게이트,0
20241228,20241228_1_06,20241228_1_06_11,제축일호,0
20241228,20241228_1_07,20241228_1_07_01,바주카보이,1
20241228,20241228_1_07,20241228_1_07_02,스피드카라,0
20241228,20241228_1_07,20241228_1_07_03,샤프선샤인,0
20241228,20241228_1_07,20241228_1_07_04,컬트트리플,0
20241228,20241228_1_07,20241228_1_07_05,스타러시,0
20241228,20241228_1_07,20241228_1_07_06,엘도라도흥부,0
20241228,20241228_1_07,20241228_1_07_07,바람살,0
20241228,20241228_1_07,20241228_1_07_08,최강나이스,0
20241228,20241228_1_07,20241228_1_07_09,당찬낭보,0
20241228,20241228_1_07,20241228_1_07_10,파이널질주,0
20241228,20241228_1_07,20241228_1_07_11,신의여인,0
20241228,20241228_1_08,20241228_1_08_01,리얼딜,0
20241228,20241228_1_08,20241228_1_08_02,파이널축제,0
20241228,20241228_1_08,20241228_1_08_03,대흥클래스,0
20241228,20241228_1_08,20241228_1_08_04,엘리트로열,0
20241228,20241228_1_08,20241228_1_08_05,새내칸,0
20241228,20241228_1_08,20241228_1_08_06,용암세상,1
20241228,20241228_1_08,20241228_1_08_07,찬란한불꽃,0
20241228,20241228_1_08,20241228_1_08_08,도끼드래곤,0
20241228,20241228_1_08,20241228_1_08_09,드림스카이,0
20241228,20241228_1_08,20241228_1_08_10,제축이호,0
20241228,20241228_1_08,20241228_1_08_11,라온더판타,0
20241228,20241228_1_09,20241228_1_09_01,리걸하이,0
20241228,20241228_1_09,20241228_1_09_02,골드시대,0
20241228,20241228_1_09,20241228_1_09_03,찬이고,0
20241228,20241228_1_09,20241228_1_09_04,한강퍼펙트,0
20241228,20241228_1_09,20241228_1_09_05,검이불루,0
20241228,20241228_1_09,20241228_1_09_06,제타마스터,0
20241228,20241228_1_09,20241228_1_09_07,남산무적,0
20241228,20241228_1_09,20241228_1_09_08,프린스데이,0
20241228,20241228_1_09,20241228_1_09_09,파워풀삭스,0
20241228,20241228_1_09,20241228_1_09_10,실버레인,1
20241228,20241228_1_10,20241228_1_10_01,킹다이아,0
20241228,20241228_1_10,20241228_1_10_02,럭키파티,0
20241228,20241228_1_10,20241228_1_10_03,티즈인디,0
20241228,20241228_1_10,20241228_1_10_04,장비대운,1
20241228,20241228_1_10,20241228_1_10_05,핑크윈드,0
20241228,20241228_1_10,20241228_1_10_06,드림플레이,0
20241228,20241228_1_10,20241228_1_10_07,스타체인저,0
20241228,20241228_1_10,20241228_1_10_08,토르의망치,0
20241228,20241228_1_10,20241228_1_10_09,장비무지개,0
20241228,20241228_1_10,20241228_1_10_10,지모션,0
20241228,20241228_1_11,20241228_1_11_01,호명퀸,0
20241228,20241228_1_11,20241228_1_11_02,스페셜타임,0
20241228,20241228_1_11,20241228_1_11_03,럭키하눌,0
20241228,20241228_1_11,20241228_1_11_04,핵다이아,0
20241228,20241228_1_11,20241228_1_11_05,매직임팩트,0
20241228,20241228_1_11,20241228_1_11_06,브라이트위너,0
20241228,20241228_1_11,20241228_1_11_07,천행챗,0
20241228,20241228_1_11,20241228_1_11_08,서부챔프,0
20241228,20241228_1_11,20241228_1_11_09,트라움퀸,0
20241228,20241228_1_11,20241228_1_11_10,사탕소녀,1
20241228,20241228_1_11,20241228_1_11_11,굿파이터,0
20241228,20241228_1_12,20241228_1_12_01,펀크레이지,0
20241228,20241228_1_12,20241228_1_12_02,서니로드,0
20241228,20241228_1_12,20241228_1_12_03,블루레몬,0
20241228,20241228_1_12,20241228_1_12_04,스피드원,0
20241228,20241228_1_12,20241228_1_12_05,럭셔리캡틴,0
20241228,20241228_1_12,20241228_1_12_06,한강파워,0
20241228,20241228_1_12,20241228_1_12_07,스포블레이드,0
20241228,20241228_1_12,20241228_1_12_08,청산영웅,0
20241228,20241228_1_12,20241228_1_12_09,이다나은,0
20241228,20241228_1_12,20241228_1_12_10,글라디우스,1
20241228,20241228_1_12,20241228_1_12_11,자이언트스텝,0
20241229,20241229_1_01,20241229_1_01_01,모던파티,0
20241229,20241229_1_01,20241229_1_01_02,플라잉데이,1
20241229,20241229_1_01,20241229_1_01_03,특급파티,0
20241229,20241229_1_01,20241229_1_01_04,겨울장미,0
20241229,20241229_1_01,20241229_1_01_05,인디언태핏,0
20241229,20241229_1_01,20241229_1_01_06,미스카라,0
20241229,20241229_1_01,20241229_1_01_07,준마포스,0
20241229,20241229_1_01,20241229_1_01_08,윈드스톰,0
20241229,20241229_1_01,20241229_1_01_09,내길의에이스,0
20241229,20241229_1_01,20241229_1_01_10,손을내밀어,0
20241229,20241229_1_01,20241229_1_01_11,컴플리트터치,0
20241229,20241229_1_02,20241229_1_02_01,엑설런트한센,0
20241229,20241229_1_02,20241229_1_02_02,메가스텝,1
20241229,20241229_1_02,20241229_1_02_03,파워몬스터,0
20241229,20241229_1_02,20241229_1_02_04,청해스타,0
20241229,20241229_1_02,20241229_1_02_05,태기산킹,0
20241229,20241229_1_02,20241229_1_02_06,피엔에스파,0
20241229,20241229_1_02,20241229_1_02_07,스트롱보스,0
20241229,20241229_1_02,20241229_1_02_08,폭스트롯,0
20241229,20241229_1_02,20241229_1_02_09,골든메이커,0
20241229,20241229_1_02,20241229_1_02_10,동진선더,0
20241229,20241229_1_02,20241229_1_02_11,라온사일런스,0
20241229,20241229_1_03,20241229_1_03_01,플라잉럭키,0
20241229,20241229_1_03,20241229_1_03_02,롯폰기드래곤,0
20241229,20241229_1_03,20241229_1_03_03,내길의영광,0
20241229,20241229_1_03,20241229_1_03_04,선갤런트,0
20241229,20241229_1_03,20241229_1_03_05,피엔에스주,0
20241229,20241229_1_03,20241229_1_03_06,사바나찰리,0
20241229,20241229_1_03,20241229_1_03_07,질풍재즈,0
20241229,20241229_1_03,20241229_1_03_08,은파뮤직,0
20241229,20241229_1_03,20241229_1_03_09,위드디스쿠로,1
20241229,20241229_1_03,20241229_1_03_10,메리트선샤인,0
20241229,20241229_1_04,20241229_1_04_01,금아포모스트,0
20241229,20241229_1_04,20241229_1_04_02,리멤버어게인,0
20241229,20241229_1_04,20241229_1_04_03,정성바이스,0
20241229,20241229_1_04,20241229_1_04_04,맥스파티,0
20241229,20241229_1_04,20241229_1_04_05,라온니진스키,0
20241229,20241229_1_04,20241229_1_04_06,에코월드,0
20241229,20241229_1_04,20241229_1_04_07,가문파티,1
20241229,20241229_1_04,20241229_1_04_08,퍼플신화,0
20241229,20241229_1_04,20241229_1_04_09,연희히어로,0
20241229,20241229_1_04,20241229_1_04_10,프리타임,0
20241229,20241229_1_04,20241229_1_04_11,용비퀸,0
20241229,20241229_1_05,20241229_1_05_01,아씨장군,0
20241229,20241229_1_05,20241229_1_05_02,칸누트,0
20241229,20241229_1_05,20241229_1_05_03,브라이트카이,0
20241229,20241229_1_05,20241229_1_05_04,왈츠의여왕,1
20241229,20241229_1_05,20241229_1_05_05,벨로테로,0
20241229,20241229_1_05,20241229_1_05_06,동키플레이,0
20241229,20241229_1_05,20241229_1_05_07,학산대세,0
20241229,20241229_1_05,20241229_1_05_08,천지마켓,0
20241229,20241229_1_05,20241229_1_05_09,청해제일,0
20241229,20241229_1_05,20241229_1_05_10,해제여걸,0
20241229,20241229_1_05,20241229_1_05_11,원더풀새치,0
20241229,20241229_1_06,20241229_1_06_01,흥행불패,0
20241229,20241229_1_06,20241229_1_06_02,스마트뮤직,1
20241229,20241229_1_06,20241229_1_06_03,미스윈스타,0
20241229,20241229_1_06,20241229_1_06_04,굿카보,0
20241229,20241229_1_06,20241229_1_06_05,은빛돌풍,0
20241229,20241229_1_06,20241229_1_06_06,천구챗,0
20241229,20241229_1_06,20241229_1_06_07,스마트삭스,0
20241229,20241229_1_06,20241229_1_06_08,스톰가이,0
20241229,20241229_1_06,20241229_1_06_09,슈팅리버스,0
20241229,20241229_1_06,20241229_1_06_10,시티킹,0
20241229,20241229_1_06,20241229_1_06_11,프로미스,0
20241229,20241229_1_07,20241229_1_07_01,시크릿왕자,0
20241229,20241229_1_07,20241229_1_07_02,엠지베스트,0
20241229,20241229_1_07,20241229_1_07_03,퍼펙트건맨,0
20241229,20241229_1_07,20241229_1_07_04,원더풀퍼지,0
20241229,20241229_1_07,20241229_1_07_05,볼린,1
20241229,20241229_1_07,20241229_1_07_06,데블케이,0
20241229,20241229_1_07,20241229_1_07_07,더자이언트,0
20241229,20241229_1_07,20241229_1_07_08,케이엔언더킹,0
20241229,20241229_1_07,20241229_1_07_09,스팅제트,0
20241229,20241229_1_07,20241229_1_07_10,텐배거,0
20241229,20241229_1_07,20241229_1_07_11,슈어니스,0
20241229,20241229_1_08,20241229_1_08_01,영원빅맨,0
20241229,20241229_1_08,20241229_1_08_02,헤븐챗,0
20241229,20241229_1_08,20241229_1_08_03,창조의아침,0
20241229,20241229_1_08,20241229_1_08_04,매직포션,1
20241229,20241229_1_08,20241229_1_08_05,럭키프랭크,0
20241229,20241229_1_08,20241229_1_08_06,카라위너,0
20241229,20241229_1_08,20241229_1_08_07,스포르차,0
20241229,20241229_1_08,20241229_1_08_08,로키킹덤,0
20241229,20241229_1_08,20241229_1_08_09,마이티킥,0
20241229,20241229_1_08,20241229_1_08_10,자체발광,0
20241229,20241229_1_08,20241229_1_08_11,마이티프리,0
20241229,20241229_1_09,20241229_1_09_01,한강히어로,0
20241229,20241229_1_09,20241229_1_09_02,하이러너,0
20241229,20241229_1_09,20241229_1_09_03,라온더맨,0
20241229,20241229_1_09,20241229_1_09_04,월드섀넌스,0
20241229,20241229_1_09,20241229_1_09_05,파르키우스,0
20241229,20241229_1_09,20241229_1_09_06,브라보플레이,0
20241229,20241229_1_09,20241229_1_09_07,한강보스,0
20241229,20241229_1_09,20241229_1_09_08,글로벌매직,0
20241229,20241229_1_09,20241229_1_09_09,달빛조각사,0
20241229,20241229_1_09,20241229_1_09_10,네모프린스,1
20241229,20241229_1_09,20241229_1_09_11,블루밍스타,0
20241229,20241229_1_10,20241229_1_10_01,화이트참,0
20241229,20241229_1_10,20241229_1_10_02,위너영,1
20241229,20241229_1_10,20241229_1_10_03,용암마렝고,0
20241229,20241229_1_10,20241229_1_10_04,울트라선더,0
20241229,20241229_1_10,20241229_1_10_05,문학태핏,0
20241229,20241229_1_10,20241229_1_10_06,콜긴,0
20241229,20241229_1_10,20241229_1_10_07,메이킹스토리,0
20241229,20241229_1_10,20241229_1_10_08,이스트웨스트,0
20241229,20241229_1_10,20241229_1_10_09,케이엔라이트,0
20241229,20241229_1_10,20241229_1_10_10,월드블레임,0
20241229,20241229_1_10,20241229_1_10_11,매글데이,0
20241229,20241229_1_11,20241229_1_11_01,용암보스,0
20241229,20241229_1_11,20241229_1_11_02,사려니퍼스트,0
20241229,20241229_1_11,20241229_1_11_03,메가드래곤,0
20241229,20241229_1_11,20241229_1_11_04,라온포레스트,0
20241229,20241229_1_11,20241229_1_11_05,빅스고,0
20241229,20241229_1_11,20241229_1_11_06,노던타임,0
20241229,20241229_1_11,20241229_1_11_07,티즈바로우즈,1
20241229,20241229_1_11,20241229_1_11_08,강풍마,0
20241229,20241229_1_11,20241229_1_11_09,글로벌삭스,0
20241229,20241229_1_11,20241229_1_11_10,심장의고동,0
20241229,20241229_1_11,20241229_1_11_11,마이티굿,0
20250104,20250104_1_01,20250104_1_01_01,마이티러브,1
20250104,20250104_1_01,20250104_1_01_02,지나송,0
20250104,20250104_1_01,20250104_1_01_03,위버멘쉬,0
20250104,20250104_1_01,20250104_1_01_04,과천퀸,0
20250104,20250104_1_01,20250104_1_01_05,또순이서울,0
20250104,20250104_1_01,20250104_1_01_06,살바도르,0
20250104,20250104_1_01,20250104_1_01_07,승리바로우즈,0
20250104,20250104_1_01,20250104_1_01_08,삼정레이디,0
20250104,20250104_1_01,20250104_1_01_09,클레어빅뱅,0
20250104,20250104_1_01,20250104_1_01_10,예스엔젤,0
20250104,20250104_1_01,20250104_1_01_11,히어로초이스,0
20250104,20250104_1_01,20250104_1_01_12,브라운슈거,0
20250104,20250104_1_02,20250104_1_02_01,원평누리,0
20250104,20250104_1_02,20250104_1_02_02,불국시대,0
20250104,20250104_1_02,20250104_1_02_03,학산클리어,0
20250104,20250104_1_02,20250104_1_02_04,스카이로열,0
20250104,20250104_1_02,20250104_1_02_05,캡틴뮤직,0
20250104,20250104_1_02,20250104_1_02_06,레이디버드,0
20250104,20250104_1_02,20250104_1_02_07,글로벌서브,0
20250104,20250104_1_02,20250104_1_02_08,영광의스카이,0
20250104,20250104_1_02,20250104_1_02_09,라온스필레타,0
20250104,20250104_1_02,20250104_1_02_10,레몬케이,1
20250104,20250104_1_02,20250104_1_02_11,천지레이디,0
20250104,20250104_1_03,20250104_1_03_01,지산포스,1
20250104,20250104_1_03,20250104_1_03_02,히퍼드롬,0
20250104,20250104_1_03,20250104_1_03_03,블루선,0
20250104,20250104_1_03,20250104_1_03_04,선더럭키,0
20250104,20250104_1_03,20250104_1_03_05,턴테이블,0
20250104,20250104_1_03,20250104_1_03_06,열정마,0
20250104,20250104_1_03,20250104_1_03_07,투에이스,0
20250104,20250104_1_03,20250104_1_03_08,마루별,0
20250104,20250104_1_03,20250104_1_03_09,터보차지,0
20250104,20250104_1_03,20250104_1_03_10,에코포레,0
20250104,20250104_1_03,20250104_1_03_11,상임대표,0
20250104,20250104_1_04,20250104_1_04_01,코탑,0
20250104,20250104_1_04,20250104_1_04_02,스위치파워,0
20250104,20250104_1_04,20250104_1_04_03,그레이스루트,1
20250104,20250104_1_04,20250104_1_04_04,고오고오,0
20250104,20250104_1_04,20250104_1_04_05,영원포텐,0
20250104,20250104_1_04,20250104_1_04_06,다이아룩,0
20250104,20250104_1_04,20250104_1_04_07,러닝아티스트,0
20250104,20250104_1_04,20250104_1_04_08,동방포스,0
20250104,20250104_1_04,20250104_1_04_09,레이디폭스,0
20250104,20250104_1_04,20250104_1_04_10,와일드해피,0
20250104,20250104_1_04,20250104_1_04_11,유테이크,0
20250104,20250104_1_05,20250104_1_05_01,가나파워,0
20250104,20250104_1_05,20250104_1_05_02,네모스피릿,0
20250104,20250104_1_05,20250104_1_05_03,아치러너,0
20250104,20250104_1_05,20250104_1_05_04,어메이징스타,1
20250104,20250104_1_05,20250104_1_05_05,쌍옥루,0
20250104,20250104_1_05,20250104_1_05_06,천마챗,0
20250104,20250104_1_05,20250104_1_05_07,함평파이터,0
20250104,20250104_1_05,20250104_1_05_08,쇠와꽃,0
20250104,20250104_1_06,20250104_1_06_01,메니샤크,0
20250104,20250104_1_06,20250104_1_06_02,나올시대,0
20250104,20250104_1_06,20250104_1_06_03,비트도깨비,0
20250104,20250104_1_06,20250104_1_06_04,원평광야,0
20250104,20250104_1_06,20250104_1_06_05,맥스골드,0
20250104,20250104_1_06,20250104_1_06_06,그로우,0
20250104,20250104_1_06,20250104_1_06_07,한센브레이싱,1
20250104,20250104_1_06,20250104_1_06_08,라온더케이샤,0
20250104,20250104_1_06,20250104_1_06_09,제우시대,0
20250104,20250104_1_06,20250104_1_06_10,금성여제,0
20250104,20250104_1_06,20250104_1_06_11,민트플레이,0
20250104,20250104_1_07,20250104_1_07_01,선더호스,0
20250104,20250104_1_07,20250104_1_07_02,티나케이,0
20250104,20250104_1_07,20250104_1_07_03,글로리삭스,0
20250104,20250104_1_07,20250104_1_07_04,아가판서스,0
20250104,20250104_1_07,20250104_1_07_05,엘도라도놀부,0
20250104,20250104_1_07,20250104_1_07_06,학산마초,0
20250104,20250104_1_07,20250104_1_07_07,라온더탑,0
20250104,20250104_1_07,20250104_1_07_08,원펀치드래곤,1
20250104,20250104_1_07,20250104_1_07_09,백두보이,0
20250104,20250104_1_07,20250104_1_07_10,빛의카,0
20250104,20250104_1_08,20250104_1_08_01,새로운빛깔,0
20250104,20250104_1_08,20250104_1_08_02,그랜드실버,1
20250104,20250104_1_08,20250104_1_08_03,킹고태양,0
20250104,20250104_1_08,20250104_1_08_04,슈퍼엑톤,0
20250104,20250104_1_08,20250104_1_08_05,파워팔이영,0
20250104,20250104_1_08,20250104_1_08_06,블러드마운틴,0
20250104,20250104_1_08,20250104_1_08_07,금악명장,0
20250104,20250104_1_08,20250104_1_08_08,퍼지킹,0
20250104,20250104_1_08,20250104_1_08_09,신의운명,0
20250104,20250104_1_08,20250104_1_08_10,빛나는질주,0
20250104,20250104_1_09,20250104_1_09_01,라온더대세,0
20250104,20250104_1_09,20250104_1_09_02,원더풀제트,1
20250104,20250104_1_09,20250104_1_09_03,스파클링,0
20250104,20250104_1_09,20250104_1_09_04,피어리스,0
20250104,20250104_1_09,20250104_1_09_05,터치나인,0
20250104,20250104_1_09,20250104_1_09_06,내길의위너,0
20250104,20250104_1_09,20250104_1_09_07,나올대왕,0
20250104,20250104_1_09,20250104_1_09_08,일동박수,0
20250104,20250104_1_09,20250104_1_09_09,스터닝레이디,0
20250104,20250104_1_09,20250104_1_09_10,마루장군,0
20250104,20250104_1_09,20250104_1_09_11,명진불패,0
20250104,20250104_1_10,20250104_1_10_01,스파크선더,0
20250104,20250104_1_10,20250104_1_10_02,바이킹하트,0
20250104,20250104_1_10,20250104_1_10_03,국대파이터,1
20250104,20250104_1_10,20250104_1_10_04,제이에스로드,0
20250104,20250104_1_10,20250104_1_10_05,캡틴타임,0
20250104,20250104_1_10,20250104_1_10_06,드론킬러,0
20250104,20250104_1_10,20250104_1_10_07,주몽천하,0
20250104,20250104_1_10,20250104_1_10_08,섀클포인트,0
20250104,20250104_1_10,20250104_1_10_09,리버태양,0
20250104,20250104_1_10,20250104_1_10_10,사하라몬드,0
20250104,20250104_1_10,20250104_1_10_11,콩코드퀸,0
20250104,20250104_1_11,20250104_1_11_01,드래곤불패,0
20250104,20250104_1_11,20250104_1_11_02,우루스칸,1
20250104,20250104_1_11,20250104_1_11_03,이클립스타운,0
20250104,20250104_1_11,20250104_1_11_04,페어스카이즈,0
20250104,20250104_1_11,20250104_1_11_05,두손오픈,0
20250104,20250104_1_11,20250104_1_11_06,매직주니어,0
20250104,20250104_1_11,20250104_1_11_07,단디,0
20250104,20250104_1_11,20250104_1_11_08,캡틴삼칠이,0
20250104,20250104_1_11,20250104_1_11_09,글로벌파워,0
20250104,20250104_1_11,20250104_1_11_10,파노라마킹,0
20250104,20250104_1_11,20250104_1_11_11,나인이글,0
20250105,20250105_1_01,20250105_1_01_01,하늘감동,0
20250105,20250105_1_01,20250105_1_01_02,스터닝스텝,0
20250105,20250105_1_01,20250105_1_01_03,문학벨,0
20250105,20250105_1_01,20250105_1_01_04,산방봄날,0
20250105,20250105_1_01,20250105_1_01_05,원더풀동촌,1
20250105,20250105_1_01,20250105_1_01_06,자존심공주,0
20250105,20250105_1_01,20250105_1_01_07,라온더어펌드,0
20250105,20250105_1_01,20250105_1_01_08,매직사일런스,0
20250105,20250105_1_01,20250105_1_01_09,레전드탄생,0
20250105,20250105_1_01,20250105_1_01_10,이스트킹스톤,0
20250105,20250105_1_01,20250105_1_01_11,미스터스톰,0
20250105,20250105_1_02,20250105_1_02_01,용암기쁨,0
20250105,20250105_1_02,20250105_1_02_02,황금마스크,0
20250105,20250105_1_02,20250105_1_02_03,하이폴리,0
20250105,20250105_1_02,20250105_1_02_04,용암스타,0
20250105,20250105_1_02,20250105_1_02_05,라온데스퍼럿,1
20250105,20250105_1_02,20250105_1_02_06,벌교디와이,0
20250105,20250105_1_02,20250105_1_02_07,브리도트로피,0
20250105,20250105_1_02,20250105_1_02_08,아치데이,0
20250105,20250105_1_02,20250105_1_02_09,트롤,0
20250105,20250105_1_02,20250105_1_02_10,그리폰,0
20250105,20250105_1_02,20250105_1_02_11,학산프린스,0
20250105,20250105_1_03,20250105_1_03_01,송암스카이,0
20250105,20250105_1_03,20250105_1_03_02,이클립스아너,0
20250105,20250105_1_03,20250105_1_03_03,마이선더,0
20250105,20250105_1_03,20250105_1_03_04,송당망치,0
20250105,20250105_1_03,20250105_1_03_05,로열베스트,0
20250105,20250105_1_03,20250105_1_03_06,라온주얼스톤,1
20250105,20250105_1_03,20250105_1_03_07,메니윈,0
20250105,20250105_1_03,20250105_1_03_08,꿈의향기,0
20250105,20250105_1_04,20250105_1_04_01,벌교데스티노,0
20250105,20250105_1_04,20250105_1_04_02,서머파티,0
20250105,20250105_1_04,20250105_1_04_03,메니참,0
20250105,20250105_1_04,20250105_1_04_04,한우리,1
20250105,20250105_1_04,20250105_1_04_05,히어로챔프,0
20250105,20250105_1_04,20250105_1_04_06,대명장,0
20250105,20250105_1_04,20250105_1_04_07,클레어골드,0
20250105,20250105_1_04,20250105_1_04_08,라온더클리퍼,0
20250105,20250105_1_04,20250105_1_04_09,정상킹덤,0
20250105,20250105_1_05,20250105_1_05_01,히어로질주,0
20250105,20250105_1_05,20250105_1_05_02,미스콩코드,0
20250105,20250105_1_05,20250105_1_05_03,그린콩코드,1
20250105,20250105_1_05,20250105_1_05_04,엑설런트마타,0
20250105,20250105_1_05,20250105_1_05_05,터치참,0
20250105,20250105_1_05,20250105_1_05_06,샤인볼트,0
20250105,20250105_1_05,20250105_1_05_07,영원하라,0
20250105,20250105_1_05,20250105_1_05_08,벌교위수,0
20250105,20250105_1_05,20250105_1_05_09,초원돌풍,0
20250105,20250105_1_05,20250105_1_05_10,에클레어,0
20250105,20250105_1_05,20250105_1_05_11,우주의봄,0
20250105,20250105_1_06,20250105_1_06_01,프로시드,1
20250105,20250105_1_06,20250105_1_06_02,골든볼,0
20250105,20250105_1_06,20250105_1_06_03,코스모킹,0
20250105,20250105_1_06,20250105_1_06_05,대즐러시,0
20250105,20250105_1_06,20250105_1_06_06,최강현마,0
20250105,20250105_1_06,20250105_1_06_07,레인스타,0
20250105,20250105_1_06,20250105_1_06_08,청량산,0
20250105,20250105_1_06,20250105_1_06_09,스카이함성,0
20250105,20250105_1_06,20250105_1_06_10,블랙시대,0
20250105,20250105_1_06,20250105_1_06_11,에브리참,0
20250105,20250105_1_07,20250105_1_07_01,관악산오투,1
20250105,20250105_1_07,20250105_1_07_02,산본쓰나미,0
20250105,20250105_1_07,20250105_1_07_03,알사이먼,0
20250105,20250105_1_07,20250105_1_07_04,오섬브레인,0
20250105,20250105_1_07,20250105_1_07_05,춤추는장미,0
20250105,20250105_1_07,20250105_1_07_06,원더풀폭스,0
20250105,20250105_1_07,20250105_1_07_07,블러싱로즈,0
20250105,20250105_1_07,20250105_1_07_08,레이디태풍,0
20250105,20250105_1_07,20250105_1_07_09,아르고공주,0
20250105,20250105_1_07,20250105_1_07_10,스마트별,0
20250105,20250105_1_07,20250105_1_07_11,뉴본,0
20250105,20250105_1_08,20250105_1_08_01,울트라히트,0
20250105,20250105_1_08,20250105_1_08_02,쏘아라투투,1
20250105,20250105_1_08,20250105_1_08_03,금악진주,0
20250105,20250105_1_08,20250105_1_08_04,원더풀로드,0
20250105,20250105_1_08,20250105_1_08_05,라온시티걸,0
20250105,20250105_1_08,20250105_1_08_06,두손클래식,0
20250105,20250105_1_08,20250105_1_08_07,성실대로,0
20250105,20250105_1_08,20250105_1_08_08,베스트클론,0
20250105,20250105_1_08,20250105_1_08_09,레이디코디,0
20250105,20250105_1_08,20250105_1_08_10,아마존킹,0
20250105,20250105_1_08,20250105_1_08_11,엑설런트퀸,0
20250105,20250105_1_09,20250105_1_09_01,세인트루카,0
20250105,20250105_1_09,20250105_1_09_02,챌린지삭스,0
20250105,20250105_1_09,20250105_1_09_03,퍼플윙크,0
20250105,20250105_1_09,20250105_1_09_04,아크로마린,0
20250105,20250105_1_09,20250105_1_09_05,마터호른케이,0
20250105,20250105_1_09,20250105_1_09_06,창창삭스,0
20250105,20250105_1_09,20250105_1_09_07,스토미케이,0
20250105,20250105_1_09,20250105_1_09_08,대성스타,1
20250105,20250105_1_09,20250105_1_09_09,파워에치드,0
20250105,20250105_1_09,20250105_1_09_10,나노마신,0
20250105,20250105_1_09,20250105_1_09_11,퀵실버키튼,0
20250105,20250105_1_10,20250105_1_10_01,걸작원,1
20250105,20250105_1_10,20250105_1_10_02,라온더퀄리티,0
20250105,20250105_1_10,20250105_1_10_03,성실인동,0
20250105,20250105_1_10,20250105_1_10_04,더페이버릿,0
20250105,20250105_1_10,20250105_1_10_05,비트러너,0
20250105,20250105_1_10,20250105_1_10_06,머니가락,0
20250105,20250105_1_10,20250105_1_10_07,케이엔골든킹,0
20250105,20250105_1_10,20250105_1_10_08,태평파이터,0
20250105,20250105_1_10,20250105_1_10_09,베스트토르,0
20250105,20250105_1_10,20250105_1_10_10,굿니센,0
20250105,20250105_1_10,20250105_1_10_11,킹아너,0
20250105,20250105_1_11,20250105_1_11_01,미스터퀄리티,0
20250105,20250105_1_11,20250105_1_11_02,지구라트,0
20250105,20250105_1_11,20250105_1_11_03,월드참,0
20250105,20250105_1_11,20250105_1_11_04,마의웨이,0
20250105,20250105_1_11,20250105_1_11_05,콩코드스퍼트,0
20250105,20250105_1_11,20250105_1_11_06,원평스톰,1
20250105,20250105_1_11,20250105_1_11_07,벤칼프린세스,0
20250105,20250105_1_11,20250105_1_11_08,오라칸,0
20250105,20250105_1_11,20250105_1_11_09,만대로,0
20250105,20250105_1_11,20250105_1_11_10,나이스태양,0
20250111,20250111_1_01,20250111_1_01_01,백두일성,1
20250111,20250111_1_01,20250111_1_01_02,선더마블,0
20250111,20250111_1_01,20250111_1_01_03,모닝원더,0
20250111,20250111_1_01,20250111_1_01_04,나올헌터,0
20250111,20250111_1_01,20250111_1_01_05,주화,0
20250111,20250111_1_01,20250111_1_01_06,크리솔피스,0
20250111,20250111_1_01,20250111_1_01_07,미스스톰,0
20250111,20250111_1_01,20250111_1_01_08,어플리트런,0
20250111,20250111_1_01,20250111_1_01_09,제축로그인,0
20250111,20250111_1_01,20250111_1_01_10,벌교라바,0
20250111,20250111_1_01,20250111_1_01_11,크레이지애플,0
20250111,20250111_1_01,20250111_1_01_12,탭딘,0
20250111,20250111_1_02,20250111_1_02_01,박차라,0
20250111,20250111_1_02,20250111_1_02_02,팔라티노,1
20250111,20250111_1_02,20250111_1_02_03,노블마이디어,0
20250111,20250111_1_02,20250111_1_02_04,플라잉월드,0
20250111,20250111_1_02,20250111_1_02_05,위닝챔피언,0
20250111,20250111_1_02,20250111_1_02_06,세인트러너,0
20250111,20250111_1_02,20250111_1_02_07,거센빅맨,0
20250111,20250111_1_02,20250111_1_02_08,에이스케이,0
20250111,20250111_1_02,20250111_1_02_09,캄인스톰,0
20250111,20250111_1_03,20250111_1_03_01,그랜드플라잉,0
20250111,20250111_1_03,20250111_1_03_02,마니노다지,0
20250111,20250111_1_03,20250111_1_03_03,월드조이,0
20250111,20250111_1_03,20250111_1_03_04,명파워,0
20250111,20250111_1_03,20250111_1_03_05,원더풀어롱,0
20250111,20250111_1_03,20250111_1_03_06,광교의기상,0
20250111,20250111_1_03,20250111_1_03_07,베스트라지,0
20250111,20250111_1_03,20250111_1_03_08,럭키서니,1
20250111,20250111_1_03,20250111_1_03_09,하이크라운,0
20250111,20250111_1_03,20250111_1_03_10,포에틱누비,0
20250111,20250111_1_03,20250111_1_03_11,딕시맨,0
20250111,20250111_1_04,20250111_1_04_01,제이원파워,0
20250111,20250111_1_04,20250111_1_04_02,조이라이트,0
20250111,20250111_1_04,20250111_1_04_03,추풍령,1
20250111,20250111_1_04,20250111_1_04_04,아이엠고,0
20250111,20250111_1_04,20250111_1_04_05,대원용마,0
20250111,20250111_1_04,20250111_1_04_06,더블블레이드,0
20250111,20250111_1_04,20250111_1_04_07,스파르탄,0
20250111,20250111_1_04,20250111_1_04_08,드래곤케이,0
20250111,20250111_1_04,20250111_1_04_09,원더풀치프,0
20250111,20250111_1_04,20250111_1_04_10,아이리시맨,0
20250111,20250111_1_04,20250111_1_04_11,엠지퍼스트,0
20250111,20250111_1_05,20250111_1_05_01,골드퀸즈,0
20250111,20250111_1_05,20250111_1_05_02,원더풀패스,0
20250111,20250111_1_05,20250111_1_05_03,오늘도스마일,1
20250111,20250111_1_05,20250111_1_05_04,로열플러스,0
20250111,20250111_1_05,20250111_1_05_05,그냥가라,0
20250111,20250111_1_05,20250111_1_05_06,걸작선,0
20250111,20250111_1_05,20250111_1_05_07,행복여전사,0
20250111,20250111_1_05,20250111_1_05_08,안다미로,0
20250111,20250111_1_05,20250111_1_05_09,큐피드시크,0
20250111,20250111_1_05,20250111_1_05_10,카일리,0
20250111,20250111_1_05,20250111_1_05_11,모쿠슈라,0
20250111,20250111_1_06,20250111_1_06_01,크레이지창,0
20250111,20250111_1_06,20250111_1_06_02,아놀드퀸,0
20250111,20250111_1_06,20250111_1_06_03,글로벌클래스,0
20250111,20250111_1_06,20250111_1_06_04,빈체로킹,0
20250111,20250111_1_06,20250111_1_06_05,빅토리퀸,0
20250111,20250111_1_06,20250111_1_06_06,퀸다이아,1
20250111,20250111_1_06,20250111_1_06_07,라이트어블루,0
20250111,20250111_1_06,20250111_1_06_08,파사킹,0
20250111,20250111_1_06,20250111_1_06_09,금성파워,0
20250111,20250111_1_07,20250111_1_07_01,글로벌트레저,0
20250111,20250111_1_07,20250111_1_07_02,정성팩터,0
20250111,20250111_1_07,20250111_1_07_03,킹칼레,0
20250111,20250111_1_07,20250111_1_07_04,월드피플,0
20250111,20250111_1_07,20250111_1_07_05,굿최강,0
20250111,20250111_1_07,20250111_1_07_06,히어로삭스,1
20250111,20250111_1_07,20250111_1_07_07,별콩,0
20250111,20250111_1_07,20250111_1_07_08,플라잉크루저,0
20250111,20250111_1_07,20250111_1_07_09,스피닝칸트,0
20250111,20250111_1_07,20250111_1_07_10,산삼은함양,0
20250111,20250111_1_07,20250111_1_07_11,마이티조이,0
20250111,20250111_1_08,20250111_1_08_01,매직프린스,0
20250111,20250111_1_08,20250111_1_08_02,천장사,1
20250111,20250111_1_08,20250111_1_08_03,파이널축제,0
20250111,20250111_1_08,20250111_1_08_04,라온히트맨,0
20250111,20250111_1_08,20250111_1_08_05,히어로전사,0
20250111,20250111_1_08,20250111_1_08_06,인피니트아너,0
20250111,20250111_1_08,20250111_1_08_07,서울최강자,0
20250111,20250111_1_08,20250111_1_08_08,브라운골드,0
20250111,20250111_1_08,20250111_1_08_09,성은크라운,0
20250111,20250111_1_09,20250111_1_09_01,스피디루키,0
20250111,20250111_1_09,20250111_1_09_02,캡틴군주,0
20250111,20250111_1_09,20250111_1_09_03,금성크라운,1
20250111,20250111_1_09,20250111_1_09_04,드림릿지,0
20250111,20250111_1_09,20250111_1_09_05,라파예트,0
20250111,20250111_1_09,20250111_1_09_06,남산블랙,0
20250111,20250111_1_09,20250111_1_09_07,말하는대로,0
20250111,20250111_1_09,20250111_1_09_08,용비불패,0
20250111,20250111_1_09,20250111_1_09_09,인디언메사,0
20250111,20250111_1_09,20250111_1_09_10,스마트삭스,0
20250111,20250111_1_09,20250111_1_09_11,아름다운사이,0
20250111,20250111_1_10,20250111_1_10_01,페퍼엑스,0
20250111,20250111_1_10,20250111_1_10_02,더스파이커,0
20250111,20250111_1_10,20250111_1_10_03,엔딩파이어,0
20250111,20250111_1_10,20250111_1_10_04,새내타운,0
20250111,20250111_1_10,20250111_1_10_05,드림아너,0
20250111,20250111_1_10,20250111_1_10_06,티시패밀리,0
20250111,20250111_1_10,20250111_1_10_07,나이스치타,0
20250111,20250111_1_10,20250111_1_10_08,광치기,0
20250111,20250111_1_10,20250111_1_10_09,제다이포스,0
20250111,20250111_1_10,20250111_1_10_10,아르고리치,0
20250111,20250111_1_10,20250111_1_10_11,파이널케이,1
20250111,20250111_1_11,20250111_1_11_01,몬탁챗,0
20250111,20250111_1_11,20250111_1_11_02,머스탱파워,0
20250111,20250111_1_11,20250111_1_11_03,대완구,0
20250111,20250111_1_11,20250111_1_11_04,머니크라운,1
20250111,20250111_1_11,20250111_1_11_05,선더드림,0
20250111,20250111_1_11,20250111_1_11_06,엠제이베스트,0
20250111,20250111_1_11,20250111_1_11_07,짜릿한자유,0
20250111,20250111_1_11,20250111_1_11_08,별나라질주,0
20250111,20250111_1_11,20250111_1_11_09,하이그랜드,0
20250111,20250111_1_11,20250111_1_11_10,특급대로,0
20250111,20250111_1_11,20250111_1_11_11,스포블레이드,0
20250112,20250112_1_01,20250112_1_01_01,비상데이,1
20250112,20250112_1_01,20250112_1_01_02,순라이크,0
20250112,20250112_1_01,20250112_1_01_03,카라케이,0
20250112,20250112_1_01,20250112_1_01_04,어나더퀸,0
20250112,20250112_1_01,20250112_1_01_05,벌교박강굴,0
20250112,20250112_1_01,20250112_1_01_06,라라걸,0
20250112,20250112_1_01,20250112_1_01_07,어퍼핸드,0
20250112,20250112_1_01,20250112_1_01_08,파워밴드,0
20250112,20250112_1_01,20250112_1_01_09,하이클래스,0
20250112,20250112_1_01,20250112_1_01_10,운주타임,0
20250112,20250112_1_01,20250112_1_01_11,퍼지루비,0
20250112,20250112_1_02,20250112_1_02_01,큐피드하트,0
20250112,20250112_1_02,20250112_1_02_02,세명레이디,0
20250112,20250112_1_02,20250112_1_02_03,댄싱강자,0
20250112,20250112_1_02,20250112_1_02_04,원더풀시킹,0
20250112,20250112_1_02,20250112_1_02_05,청계기상,0
20250112,20250112_1_02,20250112_1_02_06,제축일호,0
20250112,20250112_1_02,20250112_1_02_07,혁무상,1
20250112,20250112_1_02,20250112_1_02_08,주링스카이,0
20250112,20250112_1_02,20250112_1_02_09,왕최고,0
20250112,20250112_1_02,20250112_1_02_10,해제여걸,0
20250112,20250112_1_03,20250112_1_03_01,대물삭스,0
20250112,20250112_1_03,20250112_1_03_02,강나루,0
20250112,20250112_1_03,20250112_1_03_03,에클레어파워,0
20250112,20250112_1_03,20250112_1_03_04,행운바람,0
20250112,20250112_1_03,20250112_1_03_05,이클립스더킹,1
20250112,20250112_1_03,20250112_1_03_06,페더럴킹,0
20250112,20250112_1_03,20250112_1_03_07,핑크골드,0
20250112,20250112_1_03,20250112_1_03_08,비케이벨,0
20250112,20250112_1_03,20250112_1_03_09,파이널질주,0
20250112,20250112_1_03,20250112_1_03_10,애플스타일,0
20250112,20250112_1_04,20250112_1_04_01,맥스위크,0
20250112,20250112_1_04,20250112_1_04_02,간다고,0
20250112,20250112_1_04,20250112_1_04_03,모닝볼드,0
20250112,20250112_1_04,20250112_1_04_04,스마트월드,0
20250112,20250112_1_04,20250112_1_04_05,승리공주,0
20250112,20250112_1_04,20250112_1_04_06,당찬낭보,0
20250112,20250112_1_04,20250112_1_04_07,럭키붐,1
20250112,20250112_1_04,20250112_1_04_08,해피익투스,0
20250112,20250112_1_04,20250112_1_04_09,웨스턴건,0
20250112,20250112_1_04,20250112_1_04_10,엠케이리,0
20250112,20250112_1_04,20250112_1_04_11,케이파워풀,0
20250112,20250112_1_05,20250112_1_05_01,비케이러브,1
20250112,20250112_1_05,20250112_1_05_02,성실여걸,0
20250112,20250112_1_05,20250112_1_05_03,그린필스타,0
20250112,20250112_1_05,20250112_1_05_04,오스틴리더,0
20250112,20250112_1_05,20250112_1_05_07,여왕삭스,0
20250112,20250112_1_05,20250112_1_05_08,제라퀸,0
20250112,20250112_1_05,20250112_1_05_09,천궁스톰,0
20250112,20250112_1_06,20250112_1_06_01,보름달빛,0
20250112,20250112_1_06,20250112_1_06_02,글로리앤아너,0
20250112,20250112_1_06,20250112_1_06_04,플라잉카라반,0
20250112,20250112_1_06,20250112_1_06_05,예술이야,0
20250112,20250112_1_06,20250112_1_06_06,마이티쎈,0
20250112,20250112_1_06,20250112_1_06_07,한강글로리,0
20250112,20250112_1_06,20250112_1_06_08,트로트퀸,0
20250112,20250112_1_06,20250112_1_06_09,우아센,0
20250112,20250112_1_06,20250112_1_06_10,걸작시대,0
20250112,20250112_1_06,20250112_1_06_11,바로다나은,1
20250112,20250112_1_07,20250112_1_07_01,비전파워,0
20250112,20250112_1_07,20250112_1_07_02,달맞이,0
20250112,20250112_1_07,20250112_1_07_03,라온스프린터,0
20250112,20250112_1_07,20250112_1_07_04,정문파파고,0
20250112,20250112_1_07,20250112_1_07_05,라스트피치,0
20250112,20250112_1_07,20250112_1_07_06,천마평정,0
20250112,20250112_1_07,20250112_1_07_07,불의여왕,0
20250112,20250112_1_07,20250112_1_07_08,금성환희,0
20250112,20250112_1_07,20250112_1_07_09,골드뭉치,0
20250112,20250112_1_07,20250112_1_07_10,시티킹,1
20250112,20250112_1_08,20250112_1_08_01,블랙건,0
20250112,20250112_1_08,20250112_1_08_02,젠틀야라,0
20250112,20250112_1_08,20250112_1_08_03,슈퍼선더,0
20250112,20250112_1_08,20250112_1_08_04,펄포인트,0
20250112,20250112_1_08,20250112_1_08_05,글로벌럭키,0
20250112,20250112_1_08,20250112_1_08_06,달콩,0
20250112,20250112_1_08,20250112_1_08_07,콜긴,1
20250112,20250112_1_08,20250112_1_08_08,백룡,0
20250112,20250112_1_08,20250112_1_08_09,오섬나탈리,0
20250112,20250112_1_09,20250112_1_09_01,클럽디,0
20250112,20250112_1_09,20250112_1_09_02,마이티탭,0
20250112,20250112_1_09,20250112_1_09_03,베링맨,0
20250112,20250112_1_09,20250112_1_09_04,골든아너,0
20250112,20250112_1_09,20250112_1_09_05,에이피파텍,0
20250112,20250112_1_09,20250112_1_09_06,베스트마야,1
20250112,20250112_1_09,20250112_1_09_07,문학어플리트,0
20250112,20250112_1_09,20250112_1_09_08,굿해피,0
20250112,20250112_1_09,20250112_1_09_09,쾌향,0
20250112,20250112_1_09,20250112_1_09_10,탭다운,0
20250112,20250112_1_09,20250112_1_09_11,위즈러너,0
20250112,20250112_1_10,20250112_1_10_01,라온더코브라,1
20250112,20250112_1_10,20250112_1_10_02,아침동자,0
20250112,20250112_1_10,20250112_1_10_03,바람의향기,0
20250112,20250112_1_10,20250112_1_10_04,라온탑플레이,0
20250112,20250112_1_10,20250112_1_10_05,힐링헤이븐,0
20250112,20250112_1_10,20250112_1_10_06,스팔타,0
20250112,20250112_1_10,20250112_1_10_07,글로벌코디,0
20250112,20250112_1_10,20250112_1_10_08,와일드삭스,0
20250112,20250112_1_10,20250112_1_10_09,탱자,0
20250112,20250112_1_10,20250112_1_10_10,스타체인저,0
20250112,20250112_1_10,20250112_1_10_11,대흥클래스,0
20250112,20250112_1_11,20250112_1_11_01,마이티고,0
20250112,20250112_1_11,20250112_1_11_02,볼트맨,0
20250112,20250112_1_11,20250112_1_11_03,도끼불패,0
20250112,20250112_1_11,20250112_1_11_04,어서말을해,0
20250112,20250112_1_11,20250112_1_11_05,새내퀸,0
20250112,20250112_1_11,20250112_1_11_06,빈체로카발로,1
20250112,20250112_1_11,20250112_1_11_07,빅스고,0
20250112,20250112_1_11,20250112_1_11_08,바이스로이,0
20250112,20250112_1_11,20250112_1_11_09,글로벌보배,0
20250112,20250112_1_11,20250112_1_11_10,영웅부활,0
20250112,20250112_1_11,20250112_1_11_11,섬싱로스트,0
20250118,20250118_1_01,20250118_1_01_01,각자도생,0
20250118,20250118_1_01,20250118_1_01_02,남산소녀,1
20250118,20250118_1_01,20250118_1_01_03,스피드레전드,0
20250118,20250118_1_01,20250118_1_01_04,차밍큐피드,0
20250118,20250118_1_01,20250118_1_01_05,굿프렌드,0
20250118,20250118_1_01,20250118_1_01_06,라온더캐비아,0
20250118,20250118_1_01,20250118_1_01_07,라페스타,0
20250118,20250118_1_01,20250118_1_01_08,미스페이머스,0
20250118,20250118_1_01,20250118_1_01_09,키아오라,0
20250118,20250118_1_01,20250118_1_01_10,섬돌모루,0
20250118,20250118_1_01,20250118_1_01_11,로드투스피어,0
20250118,20250118_1_02,20250118_1_02_01,초코뷰티,0
20250118,20250118_1_02,20250118_1_02_02,용비킹,1
20250118,20250118_1_02,20250118_1_02_03,플라잉라이언,0
20250118,20250118_1_02,20250118_1_02_04,피엔에스주,0
20250118,20250118_1_02,20250118_1_02_05,뷰티풀화성,0
20250118,20250118_1_02,20250118_1_02_06,블랙러시안,0
20250118,20250118_1_02,20250118_1_02_07,챔피언스필드,0
20250118,20250118_1_02,20250118_1_02_08,트레비트,0
20250118,20250118_1_02,20250118_1_02_09,청해스타,0
20250118,20250118_1_02,20250118_1_02_10,우리가,0
20250118,20250118_1_02,20250118_1_02_11,퍼펙트다나은,0
20250118,20250118_1_03,20250118_1_03_01,레이디블루,0
20250118,20250118_1_03,20250118_1_03_02,섬싱다크,0
20250118,20250118_1_03,20250118_1_03_03,자존심공주,0
20250118,20250118_1_03,20250118_1_03_04,용암스타,0
20250118,20250118_1_03,20250118_1_03_05,블랙스마일,0
20250118,20250118_1_03,20250118_1_03_06,이스트강적,1
20250118,20250118_1_03,20250118_1_03_07,조이천하,0
20250118,20250118_1_03,20250118_1_03_08,상임대표,0
20250118,20250118_1_03,20250118_1_03_09,창조의기둥,0
20250118,20250118_1_03,20250118_1_03_10,질풍재즈,0
20250118,20250118_1_03,20250118_1_03_11,초월마,0
20250118,20250118_1_04,20250118_1_04_01,용비태양,0
20250118,20250118_1_04,20250118_1_04_02,아씨장군,0
20250118,20250118_1_04,20250118_1_04_03,팬텀드래곤,0
20250118,20250118_1_04,20250118_1_04_04,우광명,0
20250118,20250118_1_04,20250118_1_04_05,이클립스에지,0
20250118,20250118_1_04,20250118_1_04_06,영원판타스틱,0
20250118,20250118_1_04,20250118_1_04_07,누리천왕,1
20250118,20250118_1_04,20250118_1_04_08,엘리트피스,0
20250118,20250118_1_04,20250118_1_04_09,한강판타스틱,0
20250118,20250118_1_04,20250118_1_04_10,모어댄조크,0
20250118,20250118_1_04,20250118_1_04_11,학산카이로,0
20250118,20250118_1_05,20250118_1_05_01,천지스카이,0
20250118,20250118_1_05,20250118_1_05_02,라이징모,0
20250118,20250118_1_05,20250118_1_05_03,선샤인퀸,0
20250118,20250118_1_05,20250118_1_05_04,한강캡틴,1
20250118,20250118_1_05,20250118_1_05_05,천마챗,0
20250118,20250118_1_05,20250118_1_05_06,빅브리지,0
20250118,20250118_1_05,20250118_1_05_07,머스킷데이,0
20250118,20250118_1_05,20250118_1_05_08,영웅자룡,0
20250118,20250118_1_05,20250118_1_05_09,학산다크호스,0
20250118,20250118_1_05,20250118_1_05_10,글로벌함성,0
20250118,20250118_1_05,20250118_1_05_11,논스톱열차,0
20250118,20250118_1_06,20250118_1_06_01,하이퍼엑스,0
20250118,20250118_1_06,20250118_1_06_02,정상제우스,0
20250118,20250118_1_06,20250118_1_06_03,자체발광,0
20250118,20250118_1_06,20250118_1_06_04,나비드,0
20250118,20250118_1_06,20250118_1_06_05,천둥라이언,0
20250118,20250118_1_06,20250118_1_06_06,미스큐피드,0
20250118,20250118_1_06,20250118_1_06_07,태풍처럼,0
20250118,20250118_1_06,20250118_1_06_08,금세,1
20250118,20250118_1_06,20250118_1_06_09,거센진격,0
20250118,20250118_1_06,20250118_1_06_10,마이티닉,0
20250118,20250118_1_06,20250118_1_06_11,최고게임,0
20250118,20250118_1_07,20250118_1_07_01,최강타임,0
20250118,20250118_1_07,20250118_1_07_02,스트렝스,1
20250118,20250118_1_07,20250118_1_07_03,어메이징록,0
20250118,20250118_1_07,20250118_1_07_04,미스윈스타,0
20250118,20250118_1_07,20250118_1_07_05,태평레전드,0
20250118,20250118_1_07,20250118_1_07_06,우주전쟁,0
20250118,20250118_1_07,20250118_1_07_07,새로운빛깔,0
20250118,20250118_1_07,20250118_1_07_08,신의반전,0
20250118,20250118_1_07,20250118_1_07_09,칸맥스,0
20250118,20250118_1_07,20250118_1_07_10,굿선봉,0
20250118,20250118_1_08,20250118_1_08_01,마이티짱,0
20250118,20250118_1_08,20250118_1_08_02,미래타워,0
20250118,20250118_1_08,20250118_1_08_03,탑티어,0
20250118,20250118_1_08,20250118_1_08_04,제이모션,0
20250118,20250118_1_08,20250118_1_08_05,행복한승자,0
20250118,20250118_1_08,20250118_1_08_06,이스트점프,1
20250118,20250118_1_08,20250118_1_08_07,스마트캣,0
20250118,20250118_1_08,20250118_1_08_08,베스트전사,0
20250118,20250118_1_08,20250118_1_08_09,선더에이원,0
20250118,20250118_1_08,20250118_1_08_10,나이스빅걸,0
20250118,20250118_1_09,20250118_1_09_01,용비히어로,0
20250118,20250118_1_09,20250118_1_09_02,엠케이모찌,0
20250118,20250118_1_09,20250118_1_09_03,용암세상,1
20250118,20250118_1_09,20250118_1_09_05,스터닝퀸,0
20250118,20250118_1_09,20250118_1_09_06,메이저크라운,0
20250118,20250118_1_09,20250118_1_09_07,하이칸,0
20250118,20250118_1_09,20250118_1_09_08,위즈캠페인,0
20250118,20250118_1_09,20250118_1_09_09,브리도시리스,0
20250118,20250118_1_09,20250118_1_09_10,헤븐챗,0
20250118,20250118_1_09,20250118_1_09_11,문학크라운,0
20250118,20250118_1_10,20250118_1_10_01,라온티모스,1
20250118,20250118_1_10,20250118_1_10_02,레이디하나비,0
20250118,20250118_1_10,20250118_1_10_03,더선파이터,0
20250118,20250118_1_10,20250118_1_10_04,용비서울,0
20250118,20250118_1_10,20250118_1_10_05,섀도헌터,0
20250118,20250118_1_10,20250118_1_10_06,강한퀸,0
20250118,20250118_1_10,20250118_1_10_07,금아파이어리,0
20250118,20250118_1_10,20250118_1_10_08,원평킬라,0
20250118,20250118_1_10,20250118_1_10_09,롱런불패,0
20250118,20250118_1_10,20250118_1_10_10,벌교베리타스,0
20250118,20250118_1_10,20250118_1_10_11,유니콘히트,0
20250118,20250118_1_11,20250118_1_11_01,슈퍼피니시,1
20250118,20250118_1_11,20250118_1_11_02,차돌다이아,0
20250118,20250118_1_11,20250118_1_11_03,마이티칩,0
20250118,20250118_1_11,20250118_1_11_04,천지광풍,0
20250118,20250118_1_11,20250118_1_11_05,베스트토치,0
20250118,20250118_1_11,20250118_1_11_06,금전사,0
20250118,20250118_1_11,20250118_1_11_07,파워군주,0
20250118,20250118_1_11,20250118_1_11_08,스타터,0
20250118,20250118_1_11,20250118_1_11_09,미라클한강,0
20250118,20250118_1_11,20250118_1_11_10,은파챔피언,0
20250118,20250118_1_11,20250118_1_11_11,행복한문막,0
20250119,20250119_1_01,20250119_1_01_01,임로,1
20250119,20250119_1_01,20250119_1_01_02,호세,0
20250119,20250119_1_01,20250119_1_01_03,달빛소나타,0
20250119,20250119_1_01,20250119_1_01_04,금계포란,0
20250119,20250119_1_01,20250119_1_01_05,문학축제,0
20250119,20250119_1_01,20250119_1_01_06,스카이로열,0
20250119,20250119_1_01,20250119_1_01_07,나이스위너,0
20250119,20250119_1_01,20250119_1_01_08,빌리언보이,0
20250119,20250119_1_01,20250119_1_01_09,원더풀캐시,0
20250119,20250119_1_01,20250119_1_01_10,더블나인,0
20250119,20250119_1_01,20250119_1_01_11,누리질주,0
20250119,20250119_1_02,20250119_1_02_01,파이널리더,0
20250119,20250119_1_02,20250119_1_02_02,희망밴드,0
20250119,20250119_1_02,20250119_1_02_03,청룡의칼,0
20250119,20250119_1_02,20250119_1_02_04,피엔에스파,0
20250119,20250119_1_02,20250119_1_02_05,커맨드블루,0
20250119,20250119_1_02,20250119_1_02_06,레전드탄생,1
20250119,20250119_1_02,20250119_1_02_07,질주천하,0
20250119,20250119_1_02,20250119_1_02_08,고오고오,0
20250119,20250119_1_02,20250119_1_02_09,브리도킹스타,0
20250119,20250119_1_02,20250119_1_02_10,여명의순간,0
20250119,20250119_1_02,20250119_1_02_11,그랜드쾌마,0
20250119,20250119_1_03,20250119_1_03_01,알파피메일,0
20250119,20250119_1_03,20250119_1_03_02,학산스피드,1
20250119,20250119_1_03,20250119_1_03_03,크리솔메이저,0
20250119,20250119_1_03,20250119_1_03_04,이글윙즈,0
20250119,20250119_1_03,20250119_1_03_05,투에이스,0
20250119,20250119_1_03,20250119_1_03_06,흥행돌풍,0
20250119,20250119_1_03,20250119_1_03_07,라온노던댄스,0
20250119,20250119_1_03,20250119_1_03_08,베아트리스,0
20250119,20250119_1_03,20250119_1_03_09,메리트선샤인,0
20250119,20250119_1_03,20250119_1_03_10,세명고스트,0
20250119,20250119_1_03,20250119_1_03_11,드래곤킬러,0
20250119,20250119_1_04,20250119_1_04_01,터보삭스,0
20250119,20250119_1_04,20250119_1_04_02,태평무,0
20250119,20250119_1_04,20250119_1_04_03,터치참,0
20250119,20250119_1_04,20250119_1_04_04,매직플레저,0
20250119,20250119_1_04,20250119_1_04_05,레드드래곤,0
20250119,20250119_1_04,20250119_1_04_06,용비천,0
20250119,20250119_1_04,20250119_1_04_07,토호마켓,0
20250119,20250119_1_04,20250119_1_04_08,퀸아비게일,0
20250119,20250119_1_04,20250119_1_04_09,스페셜포스,0
20250119,20250119_1_04,20250119_1_04_10,신한에이스,0
20250119,20250119_1_04,20250119_1_04_11,오리온알파,1
20250119,20250119_1_05,20250119_1_05_01,함평파이터,0
20250119,20250119_1_05,20250119_1_05_02,내길의여정,1
20250119,20250119_1_05,20250119_1_05_04,금성여제,0
20250119,20250119_1_05,20250119_1_05_05,영원자이언트,0
20250119,20250119_1_05,20250119_1_05_06,메니샤크,0
20250119,20250119_1_05,20250119_1_05_07,금악스타,0
20250119,20250119_1_05,20250119_1_05_08,쇠와꽃,0
20250119,20250119_1_05,20250119_1_05_09,용암칸타카,0
20250119,20250119_1_05,20250119_1_05_10,리치게이트,0
20250119,20250119_1_05,20250119_1_05_11,송암스카이,0
20250119,20250119_1_06,20250119_1_06_01,로열베스트,0
20250119,20250119_1_06,20250119_1_06_02,탱글이,0
20250119,20250119_1_06,20250119_1_06_03,크리솔크라운,0
20250119,20250119_1_06,20250119_1_06_04,신의블루,0
20250119,20250119_1_06,20250119_1_06_05,퍼플신화,1
20250119,20250119_1_06,20250119_1_06_06,플랜비,0
20250119,20250119_1_06,20250119_1_06_07,피엔에스날라,0
20250119,20250119_1_06,20250119_1_06_08,정상킹덤,0
20250119,20250119_1_06,20250119_1_06_09,바람살,0
20250119,20250119_1_06,20250119_1_06_10,청량산,0
20250119,20250119_1_06,20250119_1_06_11,내추럴사운드,0
20250119,20250119_1_07,20250119_1_07_01,기쁨함성,0
20250119,20250119_1_07,20250119_1_07_02,베스트레이스,1
20250119,20250119_1_07,20250119_1_07_03,용비파워,0
20250119,20250119_1_07,20250119_1_07_04,문학보이,0
20250119,20250119_1_07,20250119_1_07_05,찬페이머스,0
20250119,20250119_1_07,20250119_1_07_06,천구챗,0
20250119,20250119_1_07,20250119_1_07_07,한강퍼펙트,0
20250119,20250119_1_07,20250119_1_07_08,미스터파워,0
20250119,20250119_1_07,20250119_1_07_09,울트라망치,0
20250119,20250119_1_07,20250119_1_07_10,팰로앨토,0
20250119,20250119_1_07,20250119_1_07_11,새내칸,0
20250119,20250119_1_08,20250119_1_08_01,마이티휘,0
20250119,20250119_1_08,20250119_1_08_02,샤인온미,1
20250119,20250119_1_08,20250119_1_08_03,무한아르고,0
20250119,20250119_1_08,20250119_1_08_04,문학홀리데이,0
20250119,20250119_1_08,20250119_1_08_05,마이티아미,0
20250119,20250119_1_08,20250119_1_08_06,디아나,0
20250119,20250119_1_08,20250119_1_08_07,논스톱드림,0
20250119,20250119_1_08,20250119_1_08_08,럭키하눌,0
20250119,20250119_1_08,20250119_1_08_09,칠산대교,0
20250119,20250119_1_08,20250119_1_08_10,별나라비마,0
20250119,20250119_1_08,20250119_1_08_11,관악산레오,0
20250119,20250119_1_09,20250119_1_09_01,트리스탄왕자,1
20250119,20250119_1_09,20250119_1_09_02,케이엔티즈원,0
20250119,20250119_1_09,20250119_1_09_03,성실영웅,0
20250119,20250119_1_09,20250119_1_09_04,퍼지킹,0
20250119,20250119_1_09,20250119_1_09_05,고마나루,0
20250119,20250119_1_09,20250119_1_09_06,골든스나이퍼,0
20250119,20250119_1_09,20250119_1_09_07,블루인디,0
20250119,20250119_1_09,20250119_1_09_08,빛나는질주,0
20250119,20250119_1_09,20250119_1_09_09,옥천윈스타,0
20250119,20250119_1_09,20250119_1_09_10,안양천둥,0
20250119,20250119_1_09,20250119_1_09_11,제타마스터,0
20250119,20250119_1_10,20250119_1_10_01,지모션,0
20250119,20250119_1_10,20250119_1_10_02,금세다,0
20250119,20250119_1_10,20250119_1_10_03,스틸플레이,0
20250119,20250119_1_10,20250119_1_10_04,홀리데이참,0
20250119,20250119_1_10,20250119_1_10_05,불의날개,0
20250119,20250119_1_10,20250119_1_10_06,스톰브레이커,0
20250119,20250119_1_10,20250119_1_10_07,케이엔골든킹,0
20250119,20250119_1_10,20250119_1_10_08,세이렌,1
20250119,20250119_1_10,20250119_1_10_09,새내파워풀,0
20250119,20250119_1_10,20250119_1_10_10,정우포에버,0
20250119,20250119_1_10,20250119_1_10_11,매글데이,0
20250119,20250119_1_11,20250119_1_11_01,럭키월드,0
20250119,20250119_1_11,20250119_1_11_02,굿필승,0
20250119,20250119_1_11,20250119_1_11_03,히어로파이터,1
20250119,20250119_1_11,20250119_1_11_04,최고블랙,0
20250119,20250119_1_11,20250119_1_11_05,포에버드림,0
20250119,20250119_1_11,20250119_1_11_06,라온더아리아,0
20250119,20250119_1_11,20250119_1_11_07,금빛마,0
20250119,20250119_1_11,20250119_1_11_08,플라잉스타,0
20250119,20250119_1_11,20250119_1_11_09,늘가을,0
20250119,20250119_1_11,20250119_1_11_10,컴플리트레벨,0
20250125,20250125_1_01,20250125_1_01_01,오섬퀸,0
20250125,20250125_1_01,20250125_1_01_02,에이스매치,0
20250125,20250125_1_01,20250125_1_01_04,스타밸리,0
20250125,20250125_1_01,20250125_1_01_05,삼정위너,0
20250125,20250125_1_01,20250125_1_01_06,기대하라,0
20250125,20250125_1_01,20250125_1_01_07,데스티노,1
20250125,20250125_1_01,20250125_1_01_08,오섬스텝,0
20250125,20250125_1_01,20250125_1_01_09,패션스타,0
20250125,20250125_1_01,20250125_1_01_10,빛나라,0
20250125,20250125_1_01,20250125_1_01_11,비상벨,0
20250125,20250125_1_01,20250125_1_01_12,선더파이어,0
20250125,20250125_1_02,20250125_1_02_01,그레이캔디,0
20250125,20250125_1_02,20250125_1_02_02,용비챔프,0
20250125,20250125_1_02,20250125_1_02_03,원더풀에이원,0
20250125,20250125_1_02,20250125_1_02_04,플라잉스퍼트,0
20250125,20250125_1_02,20250125_1_02_05,마이티에버,1
20250125,20250125_1_02,20250125_1_02_06,카라위너,0
20250125,20250125_1_02,20250125_1_02_07,하남엘도라도,0
20250125,20250125_1_02,20250125_1_02_08,글로리영광,0
20250125,20250125_1_02,20250125_1_02_09,티아라수아,0
20250125,20250125_1_02,20250125_1_02_10,관악산블랙,0
20250125,20250125_1_03,20250125_1_03_01,와카와카,0
20250125,20250125_1_03,20250125_1_03_02,스트롱보스,0
20250125,20250125_1_03,20250125_1_03_03,챔프함성,1
20250125,20250125_1_03,20250125_1_03_04,남촌서브,0
20250125,20250125_1_03,20250125_1_03_05,내게로와줘,0
20250125,20250125_1_03,20250125_1_03_06,모던파티,0
20250125,20250125_1_03,20250125_1_03_07,크리솔니케,0
20250125,20250125_1_03,20250125_1_03_08,말스고,0
20250125,20250125_1_03,20250125_1_03_09,아이리시맨,0
20250125,20250125_1_03,20250125_1_03_10,큐피드월드,0
20250125,20250125_1_03,20250125_1_03_11,캡틴라이즈,0
20250125,20250125_1_04,20250125_1_04_01,선갤런트,0
20250125,20250125_1_04,20250125_1_04_02,내길의영광,0
20250125,20250125_1_04,20250125_1_04_03,커맨딩리드,0
20250125,20250125_1_04,20250125_1_04_04,은파뮤직,1
20250125,20250125_1_04,20250125_1_04_05,마루별,0
20250125,20250125_1_04,20250125_1_04_06,산방봄날,0
20250125,20250125_1_04,20250125_1_04_07,사바나찰리,0
20250125,20250125_1_04,20250125_1_04_09,플라잉럭키,0
20250125,20250125_1_04,20250125_1_04_10,다이나믹송,0
20250125,20250125_1_04,20250125_1_04_11,고스트크리솔,0
20250125,20250125_1_05,20250125_1_05_01,혁명의질주,0
20250125,20250125_1_05,20250125_1_05_02,문샤인,0
20250125,20250125_1_05,20250125_1_05_03,이슬처럼,0
20250125,20250125_1_05,20250125_1_05_04,위너글로리,0
20250125,20250125_1_05,20250125_1_05_05,샤이닝참,0
20250125,20250125_1_05,20250125_1_05_06,큐피드케이,0
20250125,20250125_1_05,20250125_1_05_07,수향미인,0
20250125,20250125_1_05,20250125_1_05_08,마하가,0
20250125,20250125_1_05,20250125_1_05_09,내길의챔프,0
20250125,20250125_1_05,20250125_1_05_10,발키리,0
20250125,20250125_1_05,20250125_1_05_11,퍼지스텝,1
20250125,20250125_1_06,20250125_1_06_01,오렌지타임,0
20250125,20250125_1_06,20250125_1_06_02,샤인볼트,0
20250125,20250125_1_06,20250125_1_06_03,실버문,0
20250125,20250125_1_06,20250125_1_06_04,주링스카이,0
20250125,20250125_1_06,20250125_1_06_05,로터스미르,0
20250125,20250125_1_06,20250125_1_06_06,붉은폭풍,0
20250125,20250125_1_06,20250125_1_06_07,강철전사,0
20250125,20250125_1_06,20250125_1_06_08,쏘아라스타,0
20250125,20250125_1_06,20250125_1_06_09,송당망치,1
20250125,20250125_1_06,20250125_1_06_10,새로운가이,0
20250125,20250125_1_06,20250125_1_06_11,에덴의동쪽,0
20250125,20250125_1_07,20250125_1_07_01,은성노을,0
20250125,20250125_1_07,20250125_1_07_02,사하라칸,1
20250125,20250125_1_07,20250125_1_07_03,투아레그나인,0
20250125,20250125_1_07,20250125_1_07_04,성신천하,0
20250125,20250125_1_07,20250125_1_07_05,레전드와우,0
20250125,20250125_1_07,20250125_1_07_06,청산질주,0
20250125,20250125_1_07,20250125_1_07_07,음성파워,0
20250125,20250125_1_07,20250125_1_07_08,당대초월,0
20250125,20250125_1_07,20250125_1_07_09,스터닝머니,0
20250125,20250125_1_07,20250125_1_07_10,캡처,0
20250125,20250125_1_07,20250125_1_07_11,스플렌디드,0
20250125,20250125_1_08,20250125_1_08_01,댄싱그레이티즈,0
20250125,20250125_1_08,20250125_1_08_02,은빛돌풍,0
20250125,20250125_1_08,20250125_1_08_03,글로리시티,0
20250125,20250125_1_08,20250125_1_08_04,창창삭스,1
20250125,20250125_1_08,20250125_1_08_05,글로벌컴퓨팅,0
20250125,20250125_1_08,20250125_1_08_06,블루피오라,0
20250125,20250125_1_08,20250125_1_08_07,드리머위즈,0
20250125,20250125_1_08,20250125_1_08_08,프로미스,0
20250125,20250125_1_08,20250125_1_08_09,미스파이널,0
20250125,20250125_1_08,20250125_1_08_10,슈어니스,0
20250125,20250125_1_08,20250125_1_08_11,매직포션,0
20250125,20250125_1_09,20250125_1_09_01,네모프린스,1
20250125,20250125_1_09,20250125_1_09_02,한강보스,0
20250125,20250125_1_09,20250125_1_09_03,엘도라도해남,0
20250125,20250125_1_09,20250125_1_09_04,우왕륭,0
20250125,20250125_1_09,20250125_1_09_05,문학이글,0
20250125,20250125_1_09,20250125_1_09_06,불타는심장,0
20250125,20250125_1_09,20250125_1_09_07,블루밍스타,0
20250125,20250125_1_09,20250125_1_09_08,월드섀넌스,0
20250125,20250125_1_09,20250125_1_09_09,에클레어퓨리,0
20250125,20250125_1_09,20250125_1_09_10,시크릿삭스,0
20250125,20250125_1_09,20250125_1_09_11,파르키우스,0
20250125,20250125_1_10,20250125_1_10_01,시크릿왕자,0
20250125,20250125_1_10,20250125_1_10_02,스팅제트,0
20250125,20250125_1_10,20250125_1_10_03,바주카보이,0
20250125,20250125_1_10,20250125_1_10_04,프로시드,1
20250125,20250125_1_10,20250125_1_10_05,데블케이,0
20250125,20250125_1_10,20250125_1_10_06,브라운골드,0
20250125,20250125_1_10,20250125_1_10_07,희망의찬가,0
20250125,20250125_1_10,20250125_1_10_08,원더풀퍼지,0
20250125,20250125_1_10,20250125_1_10_09,브라이트위너,0
20250125,20250125_1_10,20250125_1_10_10,빅블레드,0
20250125,20250125_1_10,20250125_1_10_11,찬이고,0
20250125,20250125_1_11,20250125_1_11_01,파이어파워,0
20250125,20250125_1_11,20250125_1_11_02,머스탱파워,0
20250125,20250125_1_11,20250125_1_11_03,청산영웅,0
20250125,20250125_1_11,20250125_1_11_04,선드래곤,0
20250125,20250125_1_11,20250125_1_11_05,퀴클리런,0
20250125,20250125_1_11,20250125_1_11_06,펀크레이지,0
20250125,20250125_1_11,20250125_1_11_07,울트라갤럭시,0
20250125,20250125_1_11,20250125_1_11_08,그레이캣,0
20250125,20250125_1_11,20250125_1_11_09,스피드원,1
20250125,20250125_1_11,20250125_1_11_10,자이언트스텝,0
20250125,20250125_1_11,20250125_1_11_11,점순이고,0
20250126,20250126_1_01,20250126_1_01_01,스마트에이원,0
20250126,20250126_1_01,20250126_1_01_02,인디언태핏,0
20250126,20250126_1_01,20250126_1_01_03,긴샤리보이,1
20250126,20250126_1_01,20250126_1_01_04,진주의심장,0
20250126,20250126_1_01,20250126_1_01_05,베스트샤크,0
20250126,20250126_1_01,20250126_1_01_06,내길의에이스,0
20250126,20250126_1_01,20250126_1_01_07,서부스카이,0
20250126,20250126_1_01,20250126_1_01_08,드래곤판타지,0
20250126,20250126_1_01,20250126_1_01_09,화이트로맨스,0
20250126,20250126_1_01,20250126_1_01_10,트롤,0
20250126,20250126_1_03,20250126_1_03_01,천지마켓,0
20250126,20250126_1_03,20250126_1_03_02,그로우,0
20250126,20250126_1_03,20250126_1_03_03,선더스톰,0
20250126,20250126_1_03,20250126_1_03_04,파이널질주,1
20250126,20250126_1_03,20250126_1_03_05,세명다이아,0
20250126,20250126_1_03,20250126_1_03_06,플라잉데이,0
20250126,20250126_1_03,20250126_1_03_07,가문파티,0
20250126,20250126_1_03,20250126_1_03_08,메니참,0
20250126,20250126_1_03,20250126_1_03_09,에코월드,0
20250126,20250126_1_03,20250126_1_03_10,스터닝펄,0
20250126,20250126_1_03,20250126_1_03_11,레인스타,0
20250126,20250126_1_04,20250126_1_04_01,휘파람,0
20250126,20250126_1_04,20250126_1_04_02,세광질주,0
20250126,20250126_1_04,20250126_1_04_03,나올인디,0
20250126,20250126_1_04,20250126_1_04_04,우주의봄,0
20250126,20250126_1_04,20250126_1_04_05,원평광야,0
20250126,20250126_1_04,20250126_1_04_06,서울빙고,0
20250126,20250126_1_04,20250126_1_04_07,배다리쾌검,0
20250126,20250126_1_04,20250126_1_04_08,스케일킹,0
20250126,20250126_1_04,20250126_1_04_09,그래티튜드,0
20250126,20250126_1_04,20250126_1_04_10,그냥가라,1
20250126,20250126_1_04,20250126_1_04_11,벌교그래미,0
20250126,20250126_1_05,20250126_1_05_01,러브오마인,1
20250126,20250126_1_05,20250126_1_05_02,용비수,0
20250126,20250126_1_05,20250126_1_05_03,럭키페이머스,0
20250126,20250126_1_05,20250126_1_05_04,슈퍼선더,0
20250126,20250126_1_05,20250126_1_05_05,최강나이스,0
20250126,20250126_1_05,20250126_1_05_06,스피드카라,0
20250126,20250126_1_05,20250126_1_05_07,마이티봄,0
20250126,20250126_1_05,20250126_1_05_08,드림카드,0
20250126,20250126_1_05,20250126_1_05_09,포세이돈블루,0
20250126,20250126_1_05,20250126_1_05_10,샤프선샤인,0
20250126,20250126_1_05,20250126_1_05_11,엘도라도흥부,0
20250126,20250126_1_06,20250126_1_06_01,벨로테로,1
20250126,20250126_1_06,20250126_1_06_02,캡틴피케이,0
20250126,20250126_1_06,20250126_1_06_03,남산무적,0
20250126,20250126_1_06,20250126_1_06_04,엠지베스트,0
20250126,20250126_1_06,20250126_1_06_05,컴플리트하트,0
20250126,20250126_1_06,20250126_1_06_06,히어로짱,0
20250126,20250126_1_06,20250126_1_06_07,축배를들어라,0
20250126,20250126_1_06,20250126_1_06_08,파워풀삭스,0
20250126,20250126_1_06,20250126_1_06_09,핵다이아,0
20250126,20250126_1_06,20250126_1_06_10,태칸,0
20250126,20250126_1_06,20250126_1_06_11,드래곤게이트,0
20250126,20250126_1_07,20250126_1_07_01,트로트퀸,0
20250126,20250126_1_07,20250126_1_07_02,신의여제,0
20250126,20250126_1_07,20250126_1_07_03,원더풀로드,0
20250126,20250126_1_07,20250126_1_07_04,내길의위너,0
20250126,20250126_1_07,20250126_1_07_06,벌교차돌,0
20250126,20250126_1_07,20250126_1_07_07,케레르,0
20250126,20250126_1_07,20250126_1_07_08,하트케이,0
20250126,20250126_1_07,20250126_1_07_09,안양기쁨,0
20250126,20250126_1_07,20250126_1_07_10,엑설런트탄,1
20250126,20250126_1_07,20250126_1_07_11,제축이호,0
20250126,20250126_1_08,20250126_1_08_01,거센강호,1
20250126,20250126_1_08,20250126_1_08_02,오송의별,0
20250126,20250126_1_08,20250126_1_08_03,테마탄생,0
20250126,20250126_1_08,20250126_1_08_04,금빛천하,0
20250126,20250126_1_08,20250126_1_08_05,호명퀸,0
20250126,20250126_1_08,20250126_1_08_06,아르고탑,0
20250126,20250126_1_08,20250126_1_08_07,벌교의스타,0
20250126,20250126_1_08,20250126_1_08_08,슬램드래곤,0
20250126,20250126_1_08,20250126_1_08_09,서울불청객,0
20250126,20250126_1_08,20250126_1_08_10,검이불루,0
20250126,20250126_1_09,20250126_1_09_01,참좋은질주,0
20250126,20250126_1_09,20250126_1_09_02,베트캡틴,1
20250126,20250126_1_09,20250126_1_09_03,우마포이,0
20250126,20250126_1_09,20250126_1_09_04,카우보이탱고,0
20250126,20250126_1_09,20250126_1_09_05,킹다이아,0
20250126,20250126_1_09,20250126_1_09_06,티즈인디,0
20250126,20250126_1_09,20250126_1_09_07,드래곤스퀘어,0
20250126,20250126_1_09,20250126_1_09_08,킹아너,0
20250126,20250126_1_09,20250126_1_09_09,핑크윈드,0
20250126,20250126_1_09,20250126_1_09_10,드림플레이,0
20250126,20250126_1_10,20250126_1_10_01,바이킹하트,0
20250126,20250126_1_10,20250126_1_10_02,뉴돌콩,0
20250126,20250126_1_10,20250126_1_10_03,월드블레임,0
20250126,20250126_1_10,20250126_1_10_04,신의이름,0
20250126,20250126_1_10,20250126_1_10_05,럭키파티,1
20250126,20250126_1_10,20250126_1_10_06,메이킹스토리,0
20250126,20250126_1_10,20250126_1_10_07,호크프린스,0
20250126,20250126_1_10,20250126_1_10_08,울트라드래곤,0
20250126,20250126_1_10,20250126_1_10_09,엘도라도강남,0
20250126,20250126_1_10,20250126_1_10_10,프린스데이,0
20250126,20250126_1_10,20250126_1_10_11,이스트웨스트,0
20250126,20250126_1_11,20250126_1_11_01,티즈바로우즈,0
20250126,20250126_1_11,20250126_1_11_02,남산의별,0
20250126,20250126_1_11,20250126_1_11_03,장산몬스터,0
20250126,20250126_1_11,20250126_1_11_04,강풍마,0
20250126,20250126_1_11,20250126_1_11_05,용암보스,0
20250126,20250126_1_11,20250126_1_11_06,글로벌영웅,0
20250126,20250126_1_11,20250126_1_11_07,마이티굿,0
20250126,20250126_1_11,20250126_1_11_08,타우루스퀸,0
20250126,20250126_1_11,20250126_1_11_09,글로벌삭스,0
20250126,20250126_1_11,20250126_1_11_10,노던타임,0
20250126,20250126_1_11,20250126_1_11_11,너트플레이,1
20250208,20250208_1_01,20250208_1_01_01,알리페르,0
20250208,20250208_1_01,20250208_1_01_02,마스터콰이곤,0
20250208,20250208_1_01,20250208_1_01_03,텐코리아,0
20250208,20250208_1_01,20250208_1_01_04,제축로그인,1
20250208,20250208_1_01,20250208_1_01_05,빈체로큐,0
20250208,20250208_1_01,20250208_1_01_06,퀀텀케이,0
20250208,20250208_1_01,20250208_1_01_07,라이언하트,0
20250208,20250208_1_01,20250208_1_01_08,모닝원더,0
20250208,20250208_1_01,20250208_1_01_09,살바도르,0
20250208,20250208_1_01,20250208_1_01_10,손을내밀어,0
20250208,20250208_1_01,20250208_1_01_11,파이널축배,0
20250208,20250208_1_02,20250208_1_02_01,겨울장미,0
20250208,20250208_1_02,20250208_1_02_02,글로리데이,0
20250208,20250208_1_02,20250208_1_02_03,레이스로즈,0
20250208,20250208_1_02,20250208_1_02_04,어퍼핸드,0
20250208,20250208_1_02,20250208_1_02_05,삼정레이디,1
20250208,20250208_1_02,20250208_1_02_06,글로리퀸,0
20250208,20250208_1_02,20250208_1_02_07,라온더벨몬트,0
20250208,20250208_1_02,20250208_1_02_08,럭키데이,0
20250208,20250208_1_02,20250208_1_02_09,이클립스더퀸,0
20250208,20250208_1_02,20250208_1_02_10,지산프렌드,0
20250208,20250208_1_02,20250208_1_02_11,특급파티,0
20250208,20250208_1_03,20250208_1_03_01,영원포텐,0
20250208,20250208_1_03,20250208_1_03_02,선더럭키,0
20250208,20250208_1_03,20250208_1_03_03,롯폰기드래곤,0
20250208,20250208_1_03,20250208_1_03_04,마루별,0
20250208,20250208_1_03,20250208_1_03_05,히퍼드롬,1
20250208,20250208_1_03,20250208_1_03_06,폭스트롯,0
20250208,20250208_1_03,20250208_1_03_07,피엔에스주,0
20250208,20250208_1_03,20250208_1_03_08,그랜드플라잉,0
20250208,20250208_1_03,20250208_1_03_09,피엔에스파,0
20250208,20250208_1_03,20250208_1_03_10,베스트킹덤,0
20250208,20250208_1_03,20250208_1_03_11,플라잉럭키,0
20250208,20250208_1_04,20250208_1_04_01,라이트어블루,0
20250208,20250208_1_04,20250208_1_04_02,로열플러스,0
20250208,20250208_1_04,20250208_1_04_03,캔버스엔고,0
20250208,20250208_1_04,20250208_1_04_04,마이선더,0
20250208,20250208_1_04,20250208_1_04_05,굿파이터,0
20250208,20250208_1_04,20250208_1_04_06,글로벌서브,0
20250208,20250208_1_04,20250208_1_04_07,레몬케이,1
20250208,20250208_1_04,20250208_1_04_08,솔레어,0
20250208,20250208_1_04,20250208_1_04_09,연희히어로,0
20250208,20250208_1_04,20250208_1_04_10,가나파워,0
20250208,20250208_1_04,20250208_1_04_11,남산미남,0
20250208,20250208_1_05,20250208_1_05_01,대명장,0
20250208,20250208_1_05,20250208_1_05_02,내추럴사운드,0
20250208,20250208_1_05,20250208_1_05_03,정성바이스,0
20250208,20250208_1_05,20250208_1_05_04,쌍옥루,0
20250208,20250208_1_05,20250208_1_05_05,원더풀스피릿,0
20250208,20250208_1_05,20250208_1_05_06,거센여제,0
20250208,20250208_1_05,20250208_1_05_07,강나루,1
20250208,20250208_1_05,20250208_1_05_08,행운바람,0
20250208,20250208_1_05,20250208_1_05_09,벌교디와이,0
20250208,20250208_1_05,20250208_1_05_10,메니참,0
20250208,20250208_1_05,20250208_1_05_11,스터닝플래터,0
20250208,20250208_1_06,20250208_1_06_01,학산마초,1
20250208,20250208_1_06,20250208_1_06_03,알사이먼,0
20250208,20250208_1_06,20250208_1_06_04,파이널고,0
20250208,20250208_1_06,20250208_1_06_05,골드시대,0
20250208,20250208_1_06,20250208_1_06_06,미스윈스타,0
20250208,20250208_1_06,20250208_1_06_07,왈츠의여왕,0
20250208,20250208_1_06,20250208_1_06_08,어메이징스타,0
20250208,20250208_1_06,20250208_1_06_09,나올대왕,0
20250208,20250208_1_06,20250208_1_06_10,골든잭팟,0
20250208,20250208_1_06,20250208_1_06_11,라온주얼스톤,0
20250208,20250208_1_07,20250208_1_07_01,라온더찰리,0
20250208,20250208_1_07,20250208_1_07_02,슈팅리버스,0
20250208,20250208_1_07,20250208_1_07_04,골든드래곤,0
20250208,20250208_1_07,20250208_1_07_05,한우리,1
20250208,20250208_1_07,20250208_1_07_06,선더호스,0
20250208,20250208_1_07,20250208_1_07_07,글로리삭스,0
20250208,20250208_1_07,20250208_1_07_08,땡큐대천,0
20250208,20250208_1_07,20250208_1_07_09,선포레,0
20250208,20250208_1_07,20250208_1_07_10,오래다함께,0
20250208,20250208_1_08,20250208_1_08_01,파이널축제,0
20250208,20250208_1_08,20250208_1_08_02,나노마신,1
20250208,20250208_1_08,20250208_1_08_03,아름다운사이,0
20250208,20250208_1_08,20250208_1_08_04,마이티킥,0
20250208,20250208_1_08,20250208_1_08_05,금성환희,0
20250208,20250208_1_08,20250208_1_08_06,굿최강,0
20250208,20250208_1_08,20250208_1_08_07,아치메모리,0
20250208,20250208_1_08,20250208_1_08_08,킹칼레,0
20250208,20250208_1_08,20250208_1_08_09,티나케이,0
20250208,20250208_1_08,20250208_1_08_10,히어로삭스,0
20250208,20250208_1_09,20250208_1_09_01,탑다이아,0
20250208,20250208_1_09,20250208_1_09_02,스페셜타임,0
20250208,20250208_1_09,20250208_1_09_03,금악명장,0
20250208,20250208_1_09,20250208_1_09_04,멋진강호,0
20250208,20250208_1_09,20250208_1_09_05,터치나인,0
20250208,20250208_1_09,20250208_1_09_06,아크로마린,0
20250208,20250208_1_09,20250208_1_09_07,엘도라도놀부,0
20250208,20250208_1_09,20250208_1_09_08,터치참,0
20250208,20250208_1_09,20250208_1_09_09,슈퍼엑톤,0
20250208,20250208_1_09,20250208_1_09_10,브라이트카이,0
20250208,20250208_1_09,20250208_1_09_11,이클립스더킹,1
20250208,20250208_1_10,20250208_1_10_01,스마트클레어,0
20250208,20250208_1_10,20250208_1_10_02,골든아너,0
20250208,20250208_1_10,20250208_1_10_03,스마트캣,0
20250208,20250208_1_10,20250208_1_10_04,컴플리트리더,0
20250208,20250208_1_10,20250208_1_10_05,그랜드실버,0
20250208,20250208_1_10,20250208_1_10_06,비트러너,0
20250208,20250208_1_10,20250208_1_10_07,베스트토르,0
20250208,20250208_1_10,20250208_1_10_08,더페이버릿,0
20250208,20250208_1_10,20250208_1_10_09,클럽디,1
20250208,20250208_1_10,20250208_1_10_10,장비대운,0
20250208,20250208_1_10,20250208_1_10_11,새내파워풀,0
20250208,20250208_1_11,20250208_1_11_01,동진최강,0
20250208,20250208_1_11,20250208_1_11_02,라온더맨,0
20250208,20250208_1_11,20250208_1_11_03,최강블레이드,0
20250208,20250208_1_11,20250208_1_11_04,블랙초콜릿,1
20250208,20250208_1_11,20250208_1_11_05,영웅부활,0
20250208,20250208_1_11,20250208_1_11_06,밀리언파티,0
20250208,20250208_1_11,20250208_1_11_07,선더타임,0
20250208,20250208_1_11,20250208_1_11_08,거센반격,0
20250208,20250208_1_11,20250208_1_11_09,대물,0
20250208,20250208_1_11,20250208_1_11_10,컴플리트타임,0
20250208,20250208_1_11,20250208_1_11_11,장산스포,0
20250209,20250209_1_01,20250209_1_01_01,스터닝스텝,0
20250209,20250209_1_01,20250209_1_01_02,달빛그림자,0
20250209,20250209_1_01,20250209_1_01_03,예스엔젤,0
20250209,20250209_1_01,20250209_1_01_04,드림라이즈,0
20250209,20250209_1_01,20250209_1_01_05,원페이머스,0
20250209,20250209_1_01,20250209_1_01_06,과천보스,0
20250209,20250209_1_01,20250209_1_01_07,이클립스럭키,1
20250209,20250209_1_01,20250209_1_01_08,어플리트런,0
20250209,20250209_1_01,20250209_1_01_09,히어로초이스,0
20250209,20250209_1_01,20250209_1_01_10,타이거케이,0
20250209,20250209_1_01,20250209_1_01_11,컴플리트터치,0
20250209,20250209_1_02,20250209_1_02_01,혜원용마,0
20250209,20250209_1_02,20250209_1_02_02,하이폴리,0
20250209,20250209_1_02,20250209_1_02_03,에코포레,0
20250209,20250209_1_02,20250209_1_02_04,그리폰,0
20250209,20250209_1_02,20250209_1_02_05,관악산체크인,0
20250209,20250209_1_02,20250209_1_02_06,과천퀸,0
20250209,20250209_1_02,20250209_1_02_07,학산프린스,0
20250209,20250209_1_02,20250209_1_02_08,황금마스크,0
20250209,20250209_1_02,20250209_1_02_09,원더풀엔비,0
20250209,20250209_1_02,20250209_1_02_10,아치데이,0
20250209,20250209_1_02,20250209_1_02_11,자이언트보스,1
20250209,20250209_1_03,20250209_1_03_01,불의세계,0
20250209,20250209_1_03,20250209_1_03_02,엠지퍼스트,0
20250209,20250209_1_03,20250209_1_03_03,열정마,0
20250209,20250209_1_03,20250209_1_03_04,또순이서울,0
20250209,20250209_1_03,20250209_1_03_05,우마다치,0
20250209,20250209_1_03,20250209_1_03_06,송당황태자,0
20250209,20250209_1_03,20250209_1_03_07,가야스타,0
20250209,20250209_1_03,20250209_1_03_08,와일드해피,0
20250209,20250209_1_03,20250209_1_03_09,딕시맨,0
20250209,20250209_1_03,20250209_1_03_10,다나은킹덤,1
20250209,20250209_1_03,20250209_1_03_11,태기산킹,0
20250209,20250209_1_04,20250209_1_04_02,제라퀸,0
20250209,20250209_1_04,20250209_1_04_03,유수부쟁선,0
20250209,20250209_1_04,20250209_1_04_04,메니윈,0
20250209,20250209_1_04,20250209_1_04_05,금아포모스트,0
20250209,20250209_1_04,20250209_1_04_06,엑설런트마타,0
20250209,20250209_1_04,20250209_1_04_07,라온니진스키,0
20250209,20250209_1_04,20250209_1_04_08,프리타임,0
20250209,20250209_1_04,20250209_1_04_09,아씨장군,0
20250209,20250209_1_04,20250209_1_04_10,원더풀스위트,0
20250209,20250209_1_04,20250209_1_04_11,오스틴리더,1
20250209,20250209_1_05,20250209_1_05_01,비상데이,1
20250209,20250209_1_05,20250209_1_05_02,큐피드하트,0
20250209,20250209_1_05,20250209_1_05_03,비트도깨비,0
20250209,20250209_1_05,20250209_1_05_04,그로우,0
20250209,20250209_1_05,20250209_1_05_05,마이티러브,0
20250209,20250209_1_05,20250209_1_05_06,메니샤크,0
20250209,20250209_1_05,20250209_1_05_07,히어로질주,0
20250209,20250209_1_05,20250209_1_05_08,대승마,0
20250209,20250209_1_05,20250209_1_05_09,미스콩코드,0
20250209,20250209_1_05,20250209_1_05_10,벽송,0
20250209,20250209_1_05,20250209_1_05_11,안다미로,0
20250209,20250209_1_06,20250209_1_06_01,토네르,0
20250209,20250209_1_06,20250209_1_06_02,빅에너지,0
20250209,20250209_1_06,20250209_1_06_03,에클레어파워,0
20250209,20250209_1_06,20250209_1_06_04,스카이함성,1
20250209,20250209_1_06,20250209_1_06_05,피엔에스날라,0
20250209,20250209_1_06,20250209_1_06_06,최강현마,0
20250209,20250209_1_06,20250209_1_06_07,정상히트,0
20250209,20250209_1_06,20250209_1_06_08,대즐러시,0
20250209,20250209_1_06,20250209_1_06_09,페더럴킹,0
20250209,20250209_1_06,20250209_1_06_10,골든볼,0
20250209,20250209_1_06,20250209_1_06_11,코스모킹,0
20250209,20250209_1_07,20250209_1_07_01,천둥라이언,0
20250209,20250209_1_07,20250209_1_07_02,세인트루카,1
20250209,20250209_1_07,20250209_1_07_03,스피디루키,0
20250209,20250209_1_07,20250209_1_07_04,스토미케이,0
20250209,20250209_1_07,20250209_1_07_05,히어로레전드,0
20250209,20250209_1_07,20250209_1_07_06,월드킹맨,0
20250209,20250209_1_07,20250209_1_07_07,빛나는질주,0
20250209,20250209_1_07,20250209_1_07_08,성은크라운,0
20250209,20250209_1_07,20250209_1_07_09,백룡,0
20250209,20250209_1_07,20250209_1_07_10,티즈에너지,0
20250209,20250209_1_07,20250209_1_07_11,신의운명,0
20250209,20250209_1_08,20250209_1_08_01,위닝챔피언,0
20250209,20250209_1_08,20250209_1_08_02,플라잉월드,0
20250209,20250209_1_08,20250209_1_08_03,럭키프랭크,1
20250209,20250209_1_08,20250209_1_08_04,마이티조이,0
20250209,20250209_1_08,20250209_1_08_05,하이퍼선더,0
20250209,20250209_1_08,20250209_1_08_06,위즈임파서블,0
20250209,20250209_1_08,20250209_1_08_07,천구챗,0
20250209,20250209_1_08,20250209_1_08_08,정상해돋이,0
20250209,20250209_1_08,20250209_1_08_09,박차라,0
20250209,20250209_1_08,20250209_1_08_10,쏘아라투투,0
20250209,20250209_1_08,20250209_1_08_11,영원빅맨,0
20250209,20250209_1_09,20250209_1_09_01,팔라티노,0
20250209,20250209_1_09,20250209_1_09_02,네이비캡틴,0
20250209,20250209_1_09,20250209_1_09_03,국대파이터,0
20250209,20250209_1_09,20250209_1_09_04,태평파이터,1
20250209,20250209_1_09,20250209_1_09_05,위즈러너,0
20250209,20250209_1_09,20250209_1_09_06,호크프린스,0
20250209,20250209_1_09,20250209_1_09_07,스팔타,0
20250209,20250209_1_09,20250209_1_09_08,비야리카,0
20250209,20250209_1_09,20250209_1_09_09,드래곤불패,0
20250209,20250209_1_09,20250209_1_09_10,봉화스테이,0
20250209,20250209_1_09,20250209_1_09_11,이클립스타운,0
20250209,20250209_1_10,20250209_1_10_01,원평스톰,1
20250209,20250209_1_10,20250209_1_10_02,이스트반,0
20250209,20250209_1_10,20250209_1_10_03,지구라트,0
20250209,20250209_1_10,20250209_1_10_04,새내타운,0
20250209,20250209_1_10,20250209_1_10_05,걸작원,0
20250209,20250209_1_10,20250209_1_10_06,별나라질주,0
20250209,20250209_1_10,20250209_1_10_07,하이그랜드,0
20250209,20250209_1_10,20250209_1_10_08,대완구,0
20250209,20250209_1_10,20250209_1_10_09,은파사랑,0
20250209,20250209_1_10,20250209_1_10_10,매직아워,0
20250209,20250209_1_10,20250209_1_10_11,선드래곤,0
20250209,20250209_1_11,20250209_1_11_01,한강파워,0
20250209,20250209_1_11,20250209_1_11_02,컴플리트레벨,1
20250209,20250209_1_11,20250209_1_11_03,포에버드림,0
20250209,20250209_1_11,20250209_1_11_04,라온더아리아,0
20250209,20250209_1_11,20250209_1_11_05,마이티룩,0
20250209,20250209_1_11,20250209_1_11_06,라온포레스트,0
20250209,20250209_1_11,20250209_1_11_07,금빛마,0
20250209,20250209_1_11,20250209_1_11_08,마이센터,0
20250209,20250209_1_11,20250209_1_11_09,아이엠짱,0
20250209,20250209_1_11,20250209_1_11_10,볼트맨,0
20250209,20250209_1_11,20250209_1_11_11,빅스고,0
20250215,20250215_1_01,20250215_1_01_01,문학파이터,0
20250215,20250215_1_01,20250215_1_01_02,학산챔프,1
20250215,20250215_1_01,20250215_1_01_03,스텝바이스텝,0
20250215,20250215_1_01,20250215_1_01_04,스마트워리어,0
20250215,20250215_1_01,20250215_1_01_05,비카드래곤,0
20250215,20250215_1_01,20250215_1_01_06,시크릿울프,0
20250215,20250215_1_01,20250215_1_01_07,서울농부,0
20250215,20250215_1_01,20250215_1_01_08,다정한,0
20250215,20250215_1_01,20250215_1_01_09,은파질주,0
20250215,20250215_1_01,20250215_1_01_10,넘버원삭스,0
20250215,20250215_1_01,20250215_1_01_11,스위트송,0
20250215,20250215_1_01,20250215_1_01_12,베스트드림,0
20250215,20250215_1_02,20250215_1_02_01,벌교라바,1
20250215,20250215_1_02,20250215_1_02_02,어나더퀸,0
20250215,20250215_1_02,20250215_1_02_03,파워밴드,0
20250215,20250215_1_02,20250215_1_02_04,달빛소나타,0
20250215,20250215_1_02,20250215_1_02_05,라온더캐비아,0
20250215,20250215_1_02,20250215_1_02_06,조이라이트,0
20250215,20250215_1_02,20250215_1_02_07,위버멘쉬,0
20250215,20250215_1_02,20250215_1_02_08,굿프렌드,0
20250215,20250215_1_02,20250215_1_02_09,벌교박강굴,0
20250215,20250215_1_02,20250215_1_02_10,브라운슈거,0
20250215,20250215_1_03,20250215_1_03_01,미스터스톰,1
20250215,20250215_1_03,20250215_1_03_02,천지레이디,0
20250215,20250215_1_03,20250215_1_03_03,블루드래곤,0
20250215,20250215_1_03,20250215_1_03_04,월드조이,0
20250215,20250215_1_03,20250215_1_03_05,청룡의칼,0
20250215,20250215_1_03,20250215_1_03_06,라온더임팩트,0
20250215,20250215_1_03,20250215_1_03_07,말스고,0
20250215,20250215_1_03,20250215_1_03_08,퍼지루비,0
20250215,20250215_1_03,20250215_1_03_09,관악산글로벌,0
20250215,20250215_1_03,20250215_1_03_10,마하가,0
20250215,20250215_1_03,20250215_1_03_11,선더마블,0
20250215,20250215_1_04,20250215_1_04_01,큐피드시크,0
20250215,20250215_1_04,20250215_1_04_02,원더풀패스,0
20250215,20250215_1_04,20250215_1_04_03,학산클리어,0
20250215,20250215_1_04,20250215_1_04_04,그레이스루트,0
20250215,20250215_1_04,20250215_1_04_05,메가스텝,0
20250215,20250215_1_04,20250215_1_04_06,초원돌풍,1
20250215,20250215_1_04,20250215_1_04_07,라온데스퍼럿,0
20250215,20250215_1_04,20250215_1_04_08,핑크골드,0
20250215,20250215_1_04,20250215_1_04_09,칸누트,0
20250215,20250215_1_04,20250215_1_04_10,파이널질주,0
20250215,20250215_1_04,20250215_1_04_11,학산대세,0
20250215,20250215_1_05,20250215_1_05_01,블루레이서,1
20250215,20250215_1_05,20250215_1_05_02,용암칸타카,0
20250215,20250215_1_05,20250215_1_05_03,금성여제,0
20250215,20250215_1_05,20250215_1_05_04,민트플레이,0
20250215,20250215_1_05,20250215_1_05_05,그래티튜드,0
20250215,20250215_1_05,20250215_1_05_06,엘리트피스,0
20250215,20250215_1_05,20250215_1_05_07,송암스카이,0
20250215,20250215_1_05,20250215_1_05_08,행복여전사,0
20250215,20250215_1_05,20250215_1_05_09,모쿠슈라,0
20250215,20250215_1_05,20250215_1_05_10,에덴의동쪽,0
20250215,20250215_1_05,20250215_1_05_11,해제여걸,0
20250215,20250215_1_06,20250215_1_06_01,머스킷데이,1
20250215,20250215_1_06,20250215_1_06_02,광교의기상,0
20250215,20250215_1_06,20250215_1_06_03,천지스카이,0
20250215,20250215_1_06,20250215_1_06_04,학산스피드,0
20250215,20250215_1_06,20250215_1_06_05,크레이지창,0
20250215,20250215_1_06,20250215_1_06_06,금성파워,0
20250215,20250215_1_06,20250215_1_06_07,파사킹,0
20250215,20250215_1_06,20250215_1_06_08,뷰티풀화성,0
20250215,20250215_1_06,20250215_1_06_09,컴플리트파티,0
20250215,20250215_1_06,20250215_1_06_10,샤크텐,0
20250215,20250215_1_06,20250215_1_06_11,글로벌함성,0
20250215,20250215_1_07,20250215_1_07_01,블레이밍워,0
20250215,20250215_1_07,20250215_1_07_02,관악산오투,0
20250215,20250215_1_07,20250215_1_07_03,마이티휘,0
20250215,20250215_1_07,20250215_1_07_04,미스큐피드,0
20250215,20250215_1_07,20250215_1_07_05,우아센,1
20250215,20250215_1_07,20250215_1_07_06,스마트별,0
20250215,20250215_1_07,20250215_1_07_07,디아나,0
20250215,20250215_1_07,20250215_1_07_08,트라움퀸,0
20250215,20250215_1_07,20250215_1_07_09,퀸다이아,0
20250215,20250215_1_07,20250215_1_07_10,블러싱로즈,0
20250215,20250215_1_07,20250215_1_07_11,춤추는장미,0
20250215,20250215_1_08,20250215_1_08_01,태풍처럼,0
20250215,20250215_1_08,20250215_1_08_02,나비드,0
20250215,20250215_1_08,20250215_1_08_03,바주카보이,0
20250215,20250215_1_08,20250215_1_08_04,캡틴군주,0
20250215,20250215_1_08,20250215_1_08_05,마터호른케이,0
20250215,20250215_1_08,20250215_1_08_06,마이티닉,0
20250215,20250215_1_08,20250215_1_08_07,최고게임,0
20250215,20250215_1_08,20250215_1_08_08,엠지베스트,1
20250215,20250215_1_08,20250215_1_08_09,팰로앨토,0
20250215,20250215_1_08,20250215_1_08_10,런던빅토리,0
20250215,20250215_1_08,20250215_1_08_11,별콩,0
20250215,20250215_1_09,20250215_1_09_01,천장사,0
20250215,20250215_1_09,20250215_1_09_02,킹고태양,0
20250215,20250215_1_09,20250215_1_09_03,파워에치드,1
20250215,20250215_1_09,20250215_1_09_04,볼린,0
20250215,20250215_1_09,20250215_1_09_05,라온히트맨,0
20250215,20250215_1_09,20250215_1_09_06,블랙스펙터,0
20250215,20250215_1_09,20250215_1_09_07,고마나루,0
20250215,20250215_1_09,20250215_1_09_08,골드뭉치,0
20250215,20250215_1_09,20250215_1_09_09,퍼플신화,0
20250215,20250215_1_09,20250215_1_09_10,피어리스,0
20250215,20250215_1_09,20250215_1_09_11,골든스나이퍼,0
20250215,20250215_1_10,20250215_1_10_01,하이러너,0
20250215,20250215_1_10,20250215_1_10_02,파노라마킹,0
20250215,20250215_1_10,20250215_1_10_03,두손오픈,0
20250215,20250215_1_10,20250215_1_10_04,어퓨어굿우먼,0
20250215,20250215_1_10,20250215_1_10_05,우루스칸,1
20250215,20250215_1_10,20250215_1_10_06,매직주니어,0
20250215,20250215_1_10,20250215_1_10_07,페어스카이즈,0
20250215,20250215_1_10,20250215_1_10_08,마이티스위트,0
20250215,20250215_1_10,20250215_1_10_09,원평킬라,0
20250215,20250215_1_10,20250215_1_10_10,힐링헤이븐,0
20250215,20250215_1_10,20250215_1_10_11,아침동자,0
20250215,20250215_1_11,20250215_1_11_02,글라디우스,1
20250215,20250215_1_11,20250215_1_11_03,금전사,0
20250215,20250215_1_11,20250215_1_11_04,월드참,0
20250215,20250215_1_11,20250215_1_11_05,콩코드스퍼트,0
20250215,20250215_1_11,20250215_1_11_06,라온아메리칸,0
20250215,20250215_1_11,20250215_1_11_07,만대로,0
20250215,20250215_1_11,20250215_1_11_08,이스트점프,0
20250215,20250215_1_11,20250215_1_11_09,선더드림,0
20250215,20250215_1_11,20250215_1_11_10,마이티네오,0
20250216,20250216_1_01,20250216_1_01_01,크레이지망고,0
20250216,20250216_1_01,20250216_1_01_02,로드투어스퍼,0
20250216,20250216_1_01,20250216_1_01_03,스트롱보스,0
20250216,20250216_1_01,20250216_1_01_04,보디체크,0
20250216,20250216_1_01,20250216_1_01_05,나올헌터,0
20250216,20250216_1_01,20250216_1_01_06,논스톱서브,0
20250216,20250216_1_01,20250216_1_01_07,지로드,0
20250216,20250216_1_01,20250216_1_01_08,비에스스톰,0
20250216,20250216_1_01,20250216_1_01_09,스터닝월드,0
20250216,20250216_1_01,20250216_1_01_10,용암사랑,0
20250216,20250216_1_01,20250216_1_01_11,스파르탄,1
20250216,20250216_1_02,20250216_1_02_01,동진선더,0
20250216,20250216_1_02,20250216_1_02_03,패션스타,0
20250216,20250216_1_02,20250216_1_02_04,관악산원더풀,0
20250216,20250216_1_02,20250216_1_02_05,라온더어펌드,0
20250216,20250216_1_02,20250216_1_02_06,터보차지,1
20250216,20250216_1_02,20250216_1_02_07,그레이팬텀,0
20250216,20250216_1_02,20250216_1_02_08,키아오라,0
20250216,20250216_1_02,20250216_1_02_09,더블블레이드,0
20250216,20250216_1_02,20250216_1_02_10,카라케이,0
20250216,20250216_1_02,20250216_1_02_11,원더풀어롱,0
20250216,20250216_1_03,20250216_1_03_01,조이천하,0
20250216,20250216_1_03,20250216_1_03_02,고오고오,0
20250216,20250216_1_03,20250216_1_03_03,레이디블루,1
20250216,20250216_1_03,20250216_1_03_04,블랙스마일,0
20250216,20250216_1_03,20250216_1_03_05,용암기쁨,0
20250216,20250216_1_03,20250216_1_03_06,대항비마,0
20250216,20250216_1_03,20250216_1_03_07,질주천하,0
20250216,20250216_1_03,20250216_1_03_08,희망밴드,0
20250216,20250216_1_03,20250216_1_03_09,섬싱다크,0
20250216,20250216_1_03,20250216_1_03_10,이글윙즈,0
20250216,20250216_1_03,20250216_1_03_11,승리바로우즈,0
20250216,20250216_1_04,20250216_1_04_01,이클립스에지,0
20250216,20250216_1_04,20250216_1_04_02,학산카이로,0
20250216,20250216_1_04,20250216_1_04_03,이스트강적,1
20250216,20250216_1_04,20250216_1_04_04,대물삭스,0
20250216,20250216_1_04,20250216_1_04_05,백두일성,0
20250216,20250216_1_04,20250216_1_04_06,오렌지타임,0
20250216,20250216_1_04,20250216_1_04_07,당찬낭보,0
20250216,20250216_1_04,20250216_1_04_08,빅토리퀸,0
20250216,20250216_1_04,20250216_1_04_09,애플스타일,0
20250216,20250216_1_04,20250216_1_04_10,리멤버어게인,0
20250216,20250216_1_04,20250216_1_04_11,네모스피릿,0
20250216,20250216_1_05,20250216_1_05_01,바람살,0
20250216,20250216_1_05,20250216_1_05_02,강철전사,0
20250216,20250216_1_05,20250216_1_05_03,강철드래곤,0
20250216,20250216_1_05,20250216_1_05_04,이클립스아너,1
20250216,20250216_1_05,20250216_1_05_05,럭키서니,0
20250216,20250216_1_05,20250216_1_05_06,한강판타스틱,0
20250216,20250216_1_05,20250216_1_05_07,엠케이리,0
20250216,20250216_1_05,20250216_1_05_08,크리솔크라운,0
20250216,20250216_1_05,20250216_1_05_09,댄싱강자,0
20250216,20250216_1_05,20250216_1_05_10,영웅자룡,0
20250216,20250216_1_05,20250216_1_05_11,럭키페이머스,0
20250216,20250216_1_06,20250216_1_06_01,대흥클래스,0
20250216,20250216_1_06,20250216_1_06_02,라온이클립스,0
20250216,20250216_1_06,20250216_1_06_03,리얼딜,0
20250216,20250216_1_06,20250216_1_06_04,엑설런트퀸,0
20250216,20250216_1_06,20250216_1_06_05,레이디코디,0
20250216,20250216_1_06,20250216_1_06_06,도끼드래곤,0
20250216,20250216_1_06,20250216_1_06_07,한강글로리,0
20250216,20250216_1_06,20250216_1_06_08,매직스트롱,0
20250216,20250216_1_06,20250216_1_06_09,오늘도스마일,1
20250216,20250216_1_06,20250216_1_06_10,레전드케이,0
20250216,20250216_1_06,20250216_1_06_11,금악진주,0
20250216,20250216_1_07,20250216_1_07_01,말로홈런,0
20250216,20250216_1_07,20250216_1_07_02,브리도시리스,0
20250216,20250216_1_07,20250216_1_07_03,나소챗,0
20250216,20250216_1_07,20250216_1_07_04,용비히어로,0
20250216,20250216_1_07,20250216_1_07_05,하이칸,0
20250216,20250216_1_07,20250216_1_07_06,스포르차,0
20250216,20250216_1_07,20250216_1_07_07,메이저크라운,0
20250216,20250216_1_07,20250216_1_07_08,스피닝칸트,0
20250216,20250216_1_07,20250216_1_07_09,월드피플,1
20250216,20250216_1_07,20250216_1_07_10,스마일링프린스,0
20250216,20250216_1_07,20250216_1_07_11,에이스케이,0
20250216,20250216_1_08,20250216_1_08_01,[부산경남]한강클래스,0
20250216,20250216_1_08,20250216_1_08_02,크라운함성,1
20250216,20250216_1_08,20250216_1_08_03,[부산경남]대망의길,0
20250216,20250216_1_08,20250216_1_08_04,빈체로카발로,0
20250216,20250216_1_08,20250216_1_08_05,나올스나이퍼,0
20250216,20250216_1_08,20250216_1_08_06,[부산경남]스타마타,0
20250216,20250216_1_08,20250216_1_08_07,섬싱로스트,0
20250216,20250216_1_08,20250216_1_08_08,영광의월드,0
20250216,20250216_1_08,20250216_1_08_09,대한질주,0
20250216,20250216_1_08,20250216_1_08_10,새내퀸,0
20250216,20250216_1_08,20250216_1_08_11,라온더포인트,0
20250216,20250216_1_08,20250216_1_08_12,[부산경남]스피드영,0
20250216,20250216_1_09,20250216_1_09_01,비전파워,0
20250216,20250216_1_09,20250216_1_09_02,원더풀노던,0
20250216,20250216_1_09,20250216_1_09_03,태평레전드,1
20250216,20250216_1_09,20250216_1_09_04,옥천윈스타,0
20250216,20250216_1_09,20250216_1_09_05,백두보이,0
20250216,20250216_1_09,20250216_1_09_06,슬램드래곤,0
20250216,20250216_1_09,20250216_1_09_07,서울최강자,0
20250216,20250216_1_09,20250216_1_09_08,유레카,0
20250216,20250216_1_09,20250216_1_09_09,한강캡틴,0
20250216,20250216_1_09,20250216_1_09_10,최강타임,0
20250216,20250216_1_10,20250216_1_10_01,라온더대세,0
20250216,20250216_1_10,20250216_1_10_02,원더풀제트,0
20250216,20250216_1_10,20250216_1_10_03,드론킬러,0
20250216,20250216_1_10,20250216_1_10_04,유니콘히트,0
20250216,20250216_1_10,20250216_1_10_05,캡틴타임,0
20250216,20250216_1_10,20250216_1_10_06,탱자,0
20250216,20250216_1_10,20250216_1_10_07,광치기,1
20250216,20250216_1_10,20250216_1_10_08,더선파이터,0
20250216,20250216_1_10,20250216_1_10_09,핑크윈드,0
20250216,20250216_1_10,20250216_1_10_10,용비서울,0
20250216,20250216_1_10,20250216_1_10_11,자이언트펀치,0
20250216,20250216_1_11,20250216_1_11_01,굿해피,0
20250216,20250216_1_11,20250216_1_11_02,지모션,0
20250216,20250216_1_11,20250216_1_11_03,드래곤스퀘어,0
20250216,20250216_1_11,20250216_1_11_04,토르의망치,0
20250216,20250216_1_11,20250216_1_11_05,홀리데이참,0
20250216,20250216_1_11,20250216_1_11_06,더스파이커,0
20250216,20250216_1_11,20250216_1_11_07,탭다운,0
20250216,20250216_1_11,20250216_1_11_08,자이언트킬링,1
20250216,20250216_1_11,20250216_1_11_09,리버태양,0
20250216,20250216_1_11,20250216_1_11_10,케이엔라이트,0
20250216,20250216_1_11,20250216_1_11_11,헤이큐피드,0
20250222,20250222_1_01,20250222_1_01_01,원더풀캐시,0
20250222,20250222_1_01,20250222_1_01_02,내길의에이스,0
20250222,20250222_1_01,20250222_1_01_03,기대하라,0
20250222,20250222_1_01,20250222_1_01_04,두레이쇼,0
20250222,20250222_1_01,20250222_1_01_05,플라잉라이언,1
20250222,20250222_1_01,20250222_1_01_06,스타밸리,0
20250222,20250222_1_01,20250222_1_01_07,코탑,0
20250222,20250222_1_01,20250222_1_01_08,차밍큐피드,0
20250222,20250222_1_01,20250222_1_01_09,스마트밍크,0
20250222,20250222_1_01,20250222_1_01_10,엑설런트한센,0
20250222,20250222_1_01,20250222_1_01_11,미스카라,0
20250222,20250222_1_02,20250222_1_02_01,칸비그레이트,0
20250222,20250222_1_02,20250222_1_02_02,캄인스톰,0
20250222,20250222_1_02,20250222_1_02_03,사다우카,0
20250222,20250222_1_02,20250222_1_02_04,위즈리얼리티,1
20250222,20250222_1_02,20250222_1_02_05,윈캐처,0
20250222,20250222_1_02,20250222_1_02_06,노블마이디어,0
20250222,20250222_1_02,20250222_1_02_07,글로벌파로아,0
20250222,20250222_1_02,20250222_1_02_08,티아라수아,0
20250222,20250222_1_02,20250222_1_02_09,그레이캔디,0
20250222,20250222_1_02,20250222_1_02_10,세인트러너,0
20250222,20250222_1_02,20250222_1_02_11,플라잉오크스,0
20250222,20250222_1_02,20250222_1_02_12,탄성의반석,0
20250222,20250222_1_03,20250222_1_03_01,자존심공주,0
20250222,20250222_1_03,20250222_1_03_02,파이널리더,0
20250222,20250222_1_03,20250222_1_03_03,캡틴라이즈,1
20250222,20250222_1_03,20250222_1_03_04,딕시맨,0
20250222,20250222_1_03,20250222_1_03_05,베아트리스,0
20250222,20250222_1_03,20250222_1_03_06,즐거운상상,0
20250222,20250222_1_03,20250222_1_03_07,베스트샤크,0
20250222,20250222_1_03,20250222_1_03_08,히어로초이스,0
20250222,20250222_1_03,20250222_1_03_09,화랑산정기,0
20250222,20250222_1_03,20250222_1_03_10,이스트스카이,0
20250222,20250222_1_03,20250222_1_03_11,더블나인,0
20250222,20250222_1_04,20250222_1_04_01,새내파크,0
20250222,20250222_1_04,20250222_1_04_02,선갤런트,0
20250222,20250222_1_04,20250222_1_04_03,크리솔메이저,1
20250222,20250222_1_04,20250222_1_04_04,피엔에스파,0
20250222,20250222_1_04,20250222_1_04_05,일링크스,0
20250222,20250222_1_04,20250222_1_04_06,그랜드플라잉,0
20250222,20250222_1_04,20250222_1_04_07,산방봄날,0
20250222,20250222_1_04,20250222_1_04_08,사바나찰리,0
20250222,20250222_1_04,20250222_1_04_09,마루별,0
20250222,20250222_1_04,20250222_1_04_10,챔피언스필드,0
20250222,20250222_1_04,20250222_1_04_11,러닝아티스트,0
20250222,20250222_1_05,20250222_1_05_01,쌍옥루,0
20250222,20250222_1_05,20250222_1_05_02,그린필스타,0
20250222,20250222_1_05,20250222_1_05_03,큐피드잇,0
20250222,20250222_1_05,20250222_1_05_04,간다고,0
20250222,20250222_1_05,20250222_1_05_05,세명레이디,0
20250222,20250222_1_05,20250222_1_05_06,레전드탄생,0
20250222,20250222_1_05,20250222_1_05_07,용비태양,0
20250222,20250222_1_05,20250222_1_05_08,카스,0
20250222,20250222_1_05,20250222_1_05_09,아치러너,0
20250222,20250222_1_05,20250222_1_05_10,우광명,1
20250222,20250222_1_05,20250222_1_05_11,왕최고,0
20250222,20250222_1_06,20250222_1_06_01,원평광야,0
20250222,20250222_1_06,20250222_1_06_03,플라잉데이,1
20250222,20250222_1_06,20250222_1_06_04,은성노을,0
20250222,20250222_1_06,20250222_1_06_05,에코월드,0
20250222,20250222_1_06,20250222_1_06_06,비케이벨,0
20250222,20250222_1_06,20250222_1_06_07,서전트라이트,0
20250222,20250222_1_06,20250222_1_06_08,천지마켓,0
20250222,20250222_1_06,20250222_1_06_09,그로우,0
20250222,20250222_1_06,20250222_1_06_10,용비수,0
20250222,20250222_1_06,20250222_1_06_11,빅브리지,0
20250222,20250222_1_07,20250222_1_07_01,한강퍼펙트,1
20250222,20250222_1_07,20250222_1_07_02,서머파티,0
20250222,20250222_1_07,20250222_1_07_03,강철여걸,0
20250222,20250222_1_07,20250222_1_07_04,오리온알파,0
20250222,20250222_1_07,20250222_1_07_05,마이티쎈,0
20250222,20250222_1_07,20250222_1_07_06,신의반전,0
20250222,20250222_1_07,20250222_1_07_07,은빛돌풍,0
20250222,20250222_1_07,20250222_1_07_08,벌교차돌,0
20250222,20250222_1_07,20250222_1_07_09,러브카우걸,0
20250222,20250222_1_07,20250222_1_07_10,스톰가이,0
20250222,20250222_1_07,20250222_1_07_11,글로리앤아너,0
20250222,20250222_1_08,20250222_1_08_01,레이디하나비,0
20250222,20250222_1_08,20250222_1_08_02,강한퀸,0
20250222,20250222_1_08,20250222_1_08_03,아라모아,0
20250222,20250222_1_08,20250222_1_08_04,스파크선더,0
20250222,20250222_1_08,20250222_1_08_05,사탕소녀,0
20250222,20250222_1_08,20250222_1_08_06,나이스빅걸,0
20250222,20250222_1_08,20250222_1_08_07,퀸톱,1
20250222,20250222_1_08,20250222_1_08_08,행복한승자,0
20250222,20250222_1_08,20250222_1_08_09,내길의퀸,0
20250222,20250222_1_08,20250222_1_08_10,제다이포스,0
20250222,20250222_1_09,20250222_1_09_01,플라잉카라반,0
20250222,20250222_1_09,20250222_1_09_02,파르키우스,0
20250222,20250222_1_09,20250222_1_09_03,신의여제,0
20250222,20250222_1_09,20250222_1_09_04,라온더코브라,0
20250222,20250222_1_09,20250222_1_09_05,제이모션,0
20250222,20250222_1_09,20250222_1_09_06,월드섀넌스,0
20250222,20250222_1_09,20250222_1_09_07,바로다나은,1
20250222,20250222_1_09,20250222_1_09_08,달빛조각사,0
20250222,20250222_1_09,20250222_1_09_10,샤인온미,0
20250222,20250222_1_09,20250222_1_09_11,내길의위너,0
20250222,20250222_1_10,20250222_1_10_01,펄포인트,0
20250222,20250222_1_10,20250222_1_10_02,새로운빛깔,0
20250222,20250222_1_10,20250222_1_10_03,블루피오라,0
20250222,20250222_1_10,20250222_1_10_04,매직포션,1
20250222,20250222_1_10,20250222_1_10_05,럭키붐,0
20250222,20250222_1_10,20250222_1_10_06,엠케이모찌,0
20250222,20250222_1_10,20250222_1_10_07,정상제우스,0
20250222,20250222_1_10,20250222_1_10_08,젠틀야라,0
20250222,20250222_1_10,20250222_1_10_09,찬이고,0
20250222,20250222_1_10,20250222_1_10_10,창조의아침,0
20250222,20250222_1_10,20250222_1_10_11,아르고공주,0
20250222,20250222_1_11,20250222_1_11_01,신의이름,0
20250222,20250222_1_11,20250222_1_11_02,파워군주,0
20250222,20250222_1_11,20250222_1_11_03,나이스태양,0
20250222,20250222_1_11,20250222_1_11_04,청산영웅,0
20250222,20250222_1_11,20250222_1_11_05,위너영,1
20250222,20250222_1_11,20250222_1_11_06,업타운위즈,0
20250222,20250222_1_11,20250222_1_11_07,서니로드,0
20250222,20250222_1_11,20250222_1_11_08,점순이고,0
20250222,20250222_1_11,20250222_1_11_09,럭키파티,0
20250222,20250222_1_11,20250222_1_11_10,이다나은,0
20250222,20250222_1_11,20250222_1_11_11,서울탱크,0
20250223,20250223_1_01,20250223_1_01_01,크레이지마리,0
20250223,20250223_1_01,20250223_1_01_02,스타킬러,0
20250223,20250223_1_01,20250223_1_01_03,과천보스,0
20250223,20250223_1_01,20250223_1_01_04,레이저런,0
20250223,20250223_1_01,20250223_1_01_05,투어펠릭스,0
20250223,20250223_1_01,20250223_1_01_06,제이원파워,0
20250223,20250223_1_01,20250223_1_01_07,미스페이머스,0
20250223,20250223_1_01,20250223_1_01_08,라온스필레타,1
20250223,20250223_1_01,20250223_1_01_09,루지,0
20250223,20250223_1_01,20250223_1_01_10,그레이트참,0
20250223,20250223_1_01,20250223_1_01_11,로드투스피어,0
20250223,20250223_1_02,20250223_1_02_01,비상벨,0
20250223,20250223_1_02,20250223_1_02_02,모던파티,0
20250223,20250223_1_02,20250223_1_02_03,라페스타,0
20250223,20250223_1_02,20250223_1_02_04,준마포스,0
20250223,20250223_1_02,20250223_1_02_05,걸작해피,0
20250223,20250223_1_02,20250223_1_02_06,아이엠고,1
20250223,20250223_1_02,20250223_1_02_07,스위치파워,0
20250223,20250223_1_02,20250223_1_02_08,레이디버드,0
20250223,20250223_1_02,20250223_1_02_09,청해스타,0
20250223,20250223_1_02,20250223_1_02_10,모던댄스,0
20250223,20250223_1_02,20250223_1_02_11,삼정위너,0
20250223,20250223_1_03,20250223_1_03_01,용암스타,0
20250223,20250223_1_03,20250223_1_03_02,라온노던댄스,0
20250223,20250223_1_03,20250223_1_03_03,강철파워,0
20250223,20250223_1_03,20250223_1_03_04,발키리,0
20250223,20250223_1_03,20250223_1_03_05,금성보스,0
20250223,20250223_1_03,20250223_1_03_06,탭딘,1
20250223,20250223_1_03,20250223_1_03_07,그랜드쾌마,0
20250223,20250223_1_03,20250223_1_03_08,다이나믹송,0
20250223,20250223_1_03,20250223_1_03_09,관악산체크인,0
20250223,20250223_1_03,20250223_1_03_10,원더풀엔비,0
20250223,20250223_1_03,20250223_1_03_11,트레비트,0
20250223,20250223_1_05,20250223_1_05_01,은파뮤직,0
20250223,20250223_1_05,20250223_1_05_02,마이티봄,0
20250223,20250223_1_05,20250223_1_05_04,드림카드,1
20250223,20250223_1_05,20250223_1_05_05,청량산,0
20250223,20250223_1_05,20250223_1_05_06,스피드카라,0
20250223,20250223_1_05,20250223_1_05_07,슈퍼블루문,0
20250223,20250223_1_05,20250223_1_05_08,엘도라도흥부,0
20250223,20250223_1_05,20250223_1_05_09,용비킹,0
20250223,20250223_1_05,20250223_1_05_10,슈퍼선더,0
20250223,20250223_1_05,20250223_1_05_11,지산포스,0
20250223,20250223_1_06,20250223_1_06_01,성실영웅,1
20250223,20250223_1_06,20250223_1_06_02,용비파워,0
20250223,20250223_1_06,20250223_1_06_03,라이징모,0
20250223,20250223_1_06,20250223_1_06_04,러브오마인,0
20250223,20250223_1_06,20250223_1_06_05,오송의별,0
20250223,20250223_1_06,20250223_1_06_06,탑다이아,0
20250223,20250223_1_06,20250223_1_06_07,트리스탄왕자,0
20250223,20250223_1_06,20250223_1_06_08,파워풀삭스,0
20250223,20250223_1_06,20250223_1_06_09,오섬브레인,0
20250223,20250223_1_06,20250223_1_06_10,제타마스터,0
20250223,20250223_1_06,20250223_1_06_11,희망의찬가,0
20250223,20250223_1_07,20250223_1_07_01,브라바조엠파이어,1
20250223,20250223_1_07,20250223_1_07_02,논스톱드림,0
20250223,20250223_1_07,20250223_1_07_03,마이티에버,0
20250223,20250223_1_07,20250223_1_07_04,거센진격,0
20250223,20250223_1_07,20250223_1_07_05,금빛천하,0
20250223,20250223_1_07,20250223_1_07_06,자체발광,0
20250223,20250223_1_07,20250223_1_07_07,픽처,0
20250223,20250223_1_07,20250223_1_07_08,슈어니스,0
20250223,20250223_1_07,20250223_1_07_09,그냥가라,0
20250223,20250223_1_07,20250223_1_07_10,글로벌트레저,0
20250223,20250223_1_07,20250223_1_07_11,미스터트롯,0
20250223,20250223_1_08,20250223_1_08_01,롱런불패,0
20250223,20250223_1_08,20250223_1_08_02,찬페이머스,1
20250223,20250223_1_08,20250223_1_08_03,칸맥스,0
20250223,20250223_1_08,20250223_1_08_04,베스트레이스,0
20250223,20250223_1_08,20250223_1_08_05,대성스타,0
20250223,20250223_1_08,20250223_1_08_06,스마트뮤직,0
20250223,20250223_1_08,20250223_1_08_07,문학보이,0
20250223,20250223_1_08,20250223_1_08_08,실버레인,0
20250223,20250223_1_08,20250223_1_08_09,원펀치드래곤,0
20250223,20250223_1_08,20250223_1_08_10,웨스턴건,0
20250223,20250223_1_08,20250223_1_08_11,캡틴피케이,0
20250223,20250223_1_08,20250223_1_08_12,스플렌디드,0
20250223,20250223_1_08,20250223_1_08_13,안양기쁨,0
20250223,20250223_1_09,20250223_1_09_01,에이피파텍,0
20250223,20250223_1_09,20250223_1_09_02,미래타워,0
20250223,20250223_1_09,20250223_1_09_03,콜긴,0
20250223,20250223_1_09,20250223_1_09_04,드림아너,0
20250223,20250223_1_09,20250223_1_09_05,용암세상,0
20250223,20250223_1_09,20250223_1_09_06,메이킹스토리,0
20250223,20250223_1_09,20250223_1_09_07,이스트웨스트,0
20250223,20250223_1_09,20250223_1_09_08,매글데이,1
20250223,20250223_1_09,20250223_1_09_09,베스트전사,0
20250223,20250223_1_09,20250223_1_09_10,스트렝스,0
20250223,20250223_1_09,20250223_1_09_11,우마포이,0
20250223,20250223_1_10,20250223_1_10_01,오라칸,0
20250223,20250223_1_10,20250223_1_10_02,스카이망치,0
20250223,20250223_1_10,20250223_1_10_03,베스트토치,0
20250223,20250223_1_10,20250223_1_10_04,옥천스나이퍼,0
20250223,20250223_1_10,20250223_1_10_05,금아파이어리,0
20250223,20250223_1_10,20250223_1_10_06,은파챔피언,0
20250223,20250223_1_10,20250223_1_10_07,행복한문막,0
20250223,20250223_1_10,20250223_1_10_08,파이널케이,1
20250223,20250223_1_10,20250223_1_10_09,천지광풍,0
20250223,20250223_1_10,20250223_1_10_10,블루레몬,0
20250223,20250223_1_10,20250223_1_10_11,원더풀키티,0
20250223,20250223_1_11,20250223_1_11_01,히든삭스,0
20250223,20250223_1_11,20250223_1_11_02,마이티칩,1
20250223,20250223_1_11,20250223_1_11_03,드래곤스타,0
20250223,20250223_1_11,20250223_1_11_04,장산몬스터,0
20250223,20250223_1_11,20250223_1_11_05,메가드래곤,0
20250223,20250223_1_11,20250223_1_11_06,용암보스,0
20250223,20250223_1_11,20250223_1_11_07,최고블랙,0
20250223,20250223_1_11,20250223_1_11_08,강풍마,0
20250223,20250223_1_11,20250223_1_11_09,아르고스마일,0
20250223,20250223_1_11,20250223_1_11_10,황금럭키,0
20250223,20250223_1_11,20250223_1_11_11,블랙벨트,0
20250301,20250301_1_01,20250301_1_01_01,위즈골드,0
20250301,20250301_1_01,20250301_1_01_02,이클립스탱고,0
20250301,20250301_1_01,20250301_1_01_03,최강스피드,0
20250301,20250301_1_01,20250301_1_01_04,선더파이어,0
20250301,20250301_1_01,20250301_1_01_05,은파스위트,0
20250301,20250301_1_01,20250301_1_01_06,터치더스카이,0
20250301,20250301_1_01,20250301_1_01_07,감동의물결,0
20250301,20250301_1_01,20250301_1_01_08,위고하이,1
20250301,20250301_1_01,20250301_1_01_09,선캐처,0
20250301,20250301_1_01,20250301_1_01_10,에이스매치,0
20250301,20250301_1_02,20250301_1_02_01,오섬스텝,0
20250301,20250301_1_02,20250301_1_02_02,인디언태핏,0
20250301,20250301_1_02,20250301_1_02_03,혁명의질주,0
20250301,20250301_1_02,20250301_1_02_04,원평누리,0
20250301,20250301_1_02,20250301_1_02_05,스트리트루비,0
20250301,20250301_1_02,20250301_1_02_06,세광쏜살,0
20250301,20250301_1_02,20250301_1_02_07,윈드스톰,0
20250301,20250301_1_02,20250301_1_02_08,큐피드월드,0
20250301,20250301_1_02,20250301_1_02_10,지나송,1
20250301,20250301_1_02,20250301_1_02_11,관악산조이,0
20250301,20250301_1_03,20250301_1_03_01,서해바다,0
20250301,20250301_1_03,20250301_1_03_02,다이아룩,0
20250301,20250301_1_03,20250301_1_03_03,아치데이,0
20250301,20250301_1_03,20250301_1_03_04,이스트킹스톤,1
20250301,20250301_1_03,20250301_1_03_05,드래곤판타지,0
20250301,20250301_1_03,20250301_1_03_06,황금마스크,0
20250301,20250301_1_03,20250301_1_03_07,서부스카이,0
20250301,20250301_1_03,20250301_1_03_08,스카이로열,0
20250301,20250301_1_03,20250301_1_03_09,세명고스트,0
20250301,20250301_1_03,20250301_1_03_10,블랙러시안,0
20250301,20250301_1_04,20250301_1_04_01,선샤인퀸,0
20250301,20250301_1_04,20250301_1_04_02,소프트파워,0
20250301,20250301_1_04,20250301_1_04_03,행운바람,0
20250301,20250301_1_04,20250301_1_04_04,청산질주,1
20250301,20250301_1_04,20250301_1_04_05,로터스미르,0
20250301,20250301_1_04,20250301_1_04_06,성신천하,0
20250301,20250301_1_04,20250301_1_04_07,천지스카이,0
20250301,20250301_1_04,20250301_1_04_08,빈체로킹,0
20250301,20250301_1_04,20250301_1_04_09,퍼지스텝,0
20250301,20250301_1_04,20250301_1_04_10,선더스톰,0
20250301,20250301_1_04,20250301_1_04_11,메니참,0
20250301,20250301_1_05,20250301_1_05_01,신의블루,0
20250301,20250301_1_05,20250301_1_05_02,메니샤크,0
20250301,20250301_1_05,20250301_1_05_03,로열베스트,0
20250301,20250301_1_05,20250301_1_05_04,메타,0
20250301,20250301_1_05,20250301_1_05_05,임로,0
20250301,20250301_1_05,20250301_1_05_06,쏘아라스타,1
20250301,20250301_1_05,20250301_1_05_07,송암스카이,0
20250301,20250301_1_05,20250301_1_05_08,분당쓰나미,0
20250301,20250301_1_05,20250301_1_05_09,글로벌서브,0
20250301,20250301_1_05,20250301_1_05_10,세광질주,0
20250301,20250301_1_05,20250301_1_05_11,여왕삭스,0
20250301,20250301_1_06,20250301_1_06_01,제축이호,0
20250301,20250301_1_06,20250301_1_06_02,트로트퀸,0
20250301,20250301_1_06,20250301_1_06_03,천구챗,0
20250301,20250301_1_06,20250301_1_06_04,하트케이,0
20250301,20250301_1_06,20250301_1_06_05,새내칸,0
20250301,20250301_1_06,20250301_1_06_06,뷰티원더풀,0
20250301,20250301_1_06,20250301_1_06_07,굿선봉,0
20250301,20250301_1_06,20250301_1_06_08,엑설런트탄,1
20250301,20250301_1_06,20250301_1_06_09,멋진강호,0
20250301,20250301_1_06,20250301_1_06_10,마이티아미,0
20250301,20250301_1_06,20250301_1_06_11,스타트렉,0
20250301,20250301_1_07,20250301_1_07_01,흥행불패,0
20250301,20250301_1_07,20250301_1_07_02,성실대로,0
20250301,20250301_1_07,20250301_1_07_03,탐라최강자,0
20250301,20250301_1_07,20250301_1_07_04,서울최강자,0
20250301,20250301_1_07,20250301_1_07_05,남산무적,0
20250301,20250301_1_07,20250301_1_07_06,기쁨함성,0
20250301,20250301_1_07,20250301_1_07_07,달맞이,0
20250301,20250301_1_07,20250301_1_07_08,파이널축제,0
20250301,20250301_1_07,20250301_1_07_09,우주전쟁,0
20250301,20250301_1_07,20250301_1_07_10,프로시드,0
20250301,20250301_1_07,20250301_1_07_11,벨로테로,1
20250301,20250301_1_08,20250301_1_08_01,시크릿왕자,0
20250301,20250301_1_08,20250301_1_08_02,골드뭉치,1
20250301,20250301_1_08,20250301_1_08_03,은파조이,0
20250301,20250301_1_08,20250301_1_08_04,축배를들어라,0
20250301,20250301_1_08,20250301_1_08_05,라온스프린터,0
20250301,20250301_1_08,20250301_1_08_06,블랙건,0
20250301,20250301_1_08,20250301_1_08_07,메이저크라운,0
20250301,20250301_1_08,20250301_1_08_08,빅블레드,0
20250301,20250301_1_08,20250301_1_08_09,케이엔티즈원,0
20250301,20250301_1_08,20250301_1_08_10,레전드선,0
20250301,20250301_1_08,20250301_1_08_11,드래곤게이트,0
20250301,20250301_1_09,20250301_1_09_01,용비서울,0
20250301,20250301_1_09,20250301_1_09_02,스타체인저,0
20250301,20250301_1_09,20250301_1_09_03,글로벌매직,0
20250301,20250301_1_09,20250301_1_09_04,벌교베리타스,1
20250301,20250301_1_09,20250301_1_09_05,머니가락,0
20250301,20250301_1_09,20250301_1_09_06,하이러너,0
20250301,20250301_1_09,20250301_1_09_07,브라보플레이,0
20250301,20250301_1_09,20250301_1_09_08,한강보스,0
20250301,20250301_1_09,20250301_1_09_09,단디,0
20250301,20250301_1_09,20250301_1_09_10,네모프린스,0
20250301,20250301_1_09,20250301_1_09_11,우승콩코드,0
20250301,20250301_1_10,20250301_1_10_01,엘도라도강남,1
20250301,20250301_1_10,20250301_1_10_02,기분좋은말,0
20250301,20250301_1_10,20250301_1_10_03,정우포에버,0
20250301,20250301_1_10,20250301_1_10_04,킹다이아,0
20250301,20250301_1_10,20250301_1_10_05,걸작최강,0
20250301,20250301_1_10,20250301_1_10_06,호크프린스,0
20250301,20250301_1_10,20250301_1_10_07,네이비캡틴,0
20250301,20250301_1_10,20250301_1_10_08,드림플레이,0
20250301,20250301_1_10,20250301_1_10_10,참좋은질주,0
20250302,20250302_1_01,20250302_1_01_01,빌리언보이,0
20250302,20250302_1_01,20250302_1_01_02,세인트위너,0
20250302,20250302_1_01,20250302_1_01_03,두손으뜸,0
20250302,20250302_1_01,20250302_1_01_04,대원용마,0
20250302,20250302_1_01,20250302_1_01_05,라라걸,0
20250302,20250302_1_01,20250302_1_01_06,커맨드블루,0
20250302,20250302_1_01,20250302_1_01_07,지로드,0
20250302,20250302_1_01,20250302_1_01_08,사이클론스타,1
20250302,20250302_1_01,20250302_1_01_09,글로리조이,0
20250302,20250302_1_01,20250302_1_01_10,남촌서브,0
20250302,20250302_1_01,20250302_1_01_11,세명스트롱,0
20250302,20250302_1_02,20250302_1_02_01,큐피드케이,0
20250302,20250302_1_02,20250302_1_02_02,고오고오,1
20250302,20250302_1_02,20250302_1_02_03,문샤인,0
20250302,20250302_1_02,20250302_1_02_04,스마트노션,0
20250302,20250302_1_02,20250302_1_02_05,상임대표,0
20250302,20250302_1_02,20250302_1_02_06,더트스푼,0
20250302,20250302_1_02,20250302_1_02_07,호세,0
20250302,20250302_1_02,20250302_1_02_08,킹워리어,0
20250302,20250302_1_02,20250302_1_02_09,턴테이블,0
20250302,20250302_1_02,20250302_1_02_10,이클립스더퀸,0
20250302,20250302_1_03,20250302_1_03_01,알파피메일,0
20250302,20250302_1_03,20250302_1_03_02,블루선,0
20250302,20250302_1_03,20250302_1_03_03,우마다치,0
20250302,20250302_1_03,20250302_1_03_04,하이폴리,0
20250302,20250302_1_03,20250302_1_03_05,트롤,1
20250302,20250302_1_03,20250302_1_03_06,제너럴파워,0
20250302,20250302_1_03,20250302_1_03_07,메리트선샤인,0
20250302,20250302_1_03,20250302_1_03_08,포에틱누비,0
20250302,20250302_1_03,20250302_1_03_09,케이엔스톰,0
20250302,20250302_1_03,20250302_1_03_10,퍼펙트다나은,0
20250302,20250302_1_04,20250302_1_04_01,선더여걸,0
20250302,20250302_1_04,20250302_1_04_02,터보삭스,0
20250302,20250302_1_04,20250302_1_04_03,세명다이아,0
20250302,20250302_1_04,20250302_1_04_04,섬돌모루,0
20250302,20250302_1_04,20250302_1_04_05,동키플레이,0
20250302,20250302_1_04,20250302_1_04_06,마이선더,0
20250302,20250302_1_04,20250302_1_04_07,안다미로,0
20250302,20250302_1_04,20250302_1_04_08,스페셜포스,0
20250302,20250302_1_04,20250302_1_04_09,벌교그래미,1
20250302,20250302_1_04,20250302_1_04_10,걸작선,0
20250302,20250302_1_04,20250302_1_04_11,아씨장군,0
20250302,20250302_1_05,20250302_1_05_01,손에손잡고,0
20250302,20250302_1_05,20250302_1_05_02,서울빙고,0
20250302,20250302_1_05,20250302_1_05_03,레전드와우,0
20250302,20250302_1_05,20250302_1_05_04,레인스타,0
20250302,20250302_1_05,20250302_1_05_05,스케일킹,0
20250302,20250302_1_05,20250302_1_05_06,샤인볼트,0
20250302,20250302_1_05,20250302_1_05_07,모어댄조크,1
20250302,20250302_1_05,20250302_1_05_08,원더풀시킹,0
20250302,20250302_1_05,20250302_1_05_09,천궁스톰,0
20250302,20250302_1_05,20250302_1_05_10,누리천왕,0
20250302,20250302_1_05,20250302_1_05_11,비바청수,0
20250302,20250302_1_06,20250302_1_06_01,토네르,0
20250302,20250302_1_06,20250302_1_06_02,붉은폭풍,0
20250302,20250302_1_06,20250302_1_06_03,음성파워,0
20250302,20250302_1_06,20250302_1_06_04,플랜비,0
20250302,20250302_1_06,20250302_1_06_05,럭키페이머스,0
20250302,20250302_1_06,20250302_1_06_06,원더풀파피,0
20250302,20250302_1_06,20250302_1_06_07,카일리,0
20250302,20250302_1_06,20250302_1_06_08,강철전사,0
20250302,20250302_1_06,20250302_1_06_09,에클레어파워,1
20250302,20250302_1_06,20250302_1_06_10,캡처,0
20250302,20250302_1_06,20250302_1_06_11,히퍼드롬,0
20250302,20250302_1_07,20250302_1_07_01,울트라삭스,0
20250302,20250302_1_07,20250302_1_07_02,별나라비마,1
20250302,20250302_1_07,20250302_1_07_03,문학홀리데이,0
20250302,20250302_1_07,20250302_1_07_04,원더풀에이원,0
20250302,20250302_1_07,20250302_1_07_05,드림스카이,0
20250302,20250302_1_07,20250302_1_07_06,보름달빛,0
20250302,20250302_1_07,20250302_1_07_07,컴플리트하트,0
20250302,20250302_1_07,20250302_1_07_08,관악산레오,0
20250302,20250302_1_07,20250302_1_07_09,빛의카,0
20250302,20250302_1_07,20250302_1_07_10,하남엘도라도,0
20250302,20250302_1_07,20250302_1_07_11,핵다이아,0
20250302,20250302_1_08,20250302_1_08_01,미스윈스타,1
20250302,20250302_1_08,20250302_1_08_02,천둥라이언,0
20250302,20250302_1_08,20250302_1_08_03,글로리시티,0
20250302,20250302_1_08,20250302_1_08_04,창창삭스,0
20250302,20250302_1_08,20250302_1_08_05,테마탄생,0
20250302,20250302_1_08,20250302_1_08_06,정성팩터,0
20250302,20250302_1_08,20250302_1_08_07,럭키하눌,0
20250302,20250302_1_08,20250302_1_08_08,벌교의스타,0
20250302,20250302_1_08,20250302_1_08_09,글로리삭스,0
20250302,20250302_1_08,20250302_1_08_10,승리공주,0
20250302,20250302_1_09,20250302_1_09_01,터치참,1
20250302,20250302_1_09,20250302_1_09_02,비케이러브,0
20250302,20250302_1_09,20250302_1_09_03,걸작드림,0
20250302,20250302_1_09,20250302_1_09_04,케레르,0
20250302,20250302_1_09,20250302_1_09_05,런던에이스,0
20250302,20250302_1_09,20250302_1_09_06,호명퀸,0
20250302,20250302_1_09,20250302_1_09_08,스터닝레이디,0
20250302,20250302_1_09,20250302_1_09_09,아름다운사이,0
20250302,20250302_1_09,20250302_1_09_10,리걸하이,0
20250302,20250302_1_09,20250302_1_09_11,한센브레이싱,0
20250302,20250302_1_10,20250302_1_10_01,컴플리트리더,0
20250302,20250302_1_10,20250302_1_10_02,불의날개,0
20250302,20250302_1_10,20250302_1_10_03,새내파워풀,0
20250302,20250302_1_10,20250302_1_10_04,케이엔골든킹,0
20250302,20250302_1_10,20250302_1_10_05,마이티탭,0
20250302,20250302_1_10,20250302_1_10_06,스틸플레이,1
20250302,20250302_1_10,20250302_1_10_07,장비무지개,0
20250302,20250302_1_10,20250302_1_10_08,바이킹하트,0
20250302,20250302_1_10,20250302_1_10_09,굿니센,0
20250302,20250302_1_10,20250302_1_10_10,홀리데이참,0
20250302,20250302_1_10,20250302_1_10_11,세이렌,0
20250302,20250302_1_11,20250302_1_11_01,퓨리오사,1
20250302,20250302_1_11,20250302_1_11_02,대사리,0
20250302,20250302_1_11,20250302_1_11_04,미스터퀄리티,0
20250302,20250302_1_11,20250302_1_11_05,선더타임,0
20250302,20250302_1_11,20250302_1_11_06,신한특송,0
20250302,20250302_1_11,20250302_1_11_07,엠제이베스트,0
20250302,20250302_1_11,20250302_1_11_08,라온더제트,0
20250302,20250302_1_11,20250302_1_11_09,컴플리트타임,0
20250302,20250302_1_11,20250302_1_11_10,베트캡틴,0
20250302,20250302_1_11,20250302_1_11_11,미라클한강,0
20250308,20250308_1_01,20250308_1_01_01,나이스위너,0
20250308,20250308_1_01,20250308_1_01_02,브라운슈거,0
20250308,20250308_1_01,20250308_1_01_03,타이거케이,0
20250308,20250308_1_01,20250308_1_01_04,달빛그림자,0
20250308,20250308_1_01,20250308_1_01_05,자존심공주,0
20250308,20250308_1_01,20250308_1_01_06,용암기쁨,0
20250308,20250308_1_01,20250308_1_01_07,아이언사운드,0
20250308,20250308_1_01,20250308_1_01_08,용암스타,0
20250308,20250308_1_01,20250308_1_01_09,머니포시즌,0
20250308,20250308_1_01,20250308_1_01_10,레전드룰즈,0
20250308,20250308_1_01,20250308_1_01_11,예스엔젤,1
20250308,20250308_1_02,20250308_1_02_01,학산프린스,0
20250308,20250308_1_02,20250308_1_02_02,태기산킹,1
20250308,20250308_1_02,20250308_1_02_03,말스고,0
20250308,20250308_1_02,20250308_1_02_04,그리폰,0
20250308,20250308_1_02,20250308_1_02_05,이슬처럼,0
20250308,20250308_1_02,20250308_1_02_06,모던파티,0
20250308,20250308_1_02,20250308_1_02_07,이글윙즈,0
20250308,20250308_1_02,20250308_1_02_08,불의세계,0
20250308,20250308_1_02,20250308_1_02_09,마루별,0
20250308,20250308_1_02,20250308_1_02_10,강철파워,0
20250308,20250308_1_03,20250308_1_03_01,미스콩코드,0
20250308,20250308_1_03,20250308_1_03_02,벽송,0
20250308,20250308_1_03,20250308_1_03_03,히어로질주,0
20250308,20250308_1_03,20250308_1_03_04,내추럴사운드,0
20250308,20250308_1_03,20250308_1_03_05,원평광야,0
20250308,20250308_1_03,20250308_1_03_06,주링스카이,0
20250308,20250308_1_03,20250308_1_03_07,대승마,1
20250308,20250308_1_03,20250308_1_03_08,제라퀸,0
20250308,20250308_1_03,20250308_1_03_09,엑설런트마타,0
20250308,20250308_1_03,20250308_1_03_10,에클레어,0
20250308,20250308_1_04,20250308_1_04_01,탱글이,0
20250308,20250308_1_04,20250308_1_04_02,대즐러시,0
20250308,20250308_1_04,20250308_1_04_03,케이파워풀,1
20250308,20250308_1_04,20250308_1_04_04,크레이지창,0
20250308,20250308_1_04,20250308_1_04_05,최강현마,0
20250308,20250308_1_04,20250308_1_04_06,코스모킹,0
20250308,20250308_1_04,20250308_1_04_07,샤크텐,0
20250308,20250308_1_04,20250308_1_04_08,블랙시대,0
20250308,20250308_1_04,20250308_1_04_09,샤프선샤인,0
20250308,20250308_1_04,20250308_1_04_10,라온니진스키,0
20250308,20250308_1_04,20250308_1_04_11,스터닝머니,0
20250308,20250308_1_05,20250308_1_05_01,오래다함께,0
20250308,20250308_1_05,20250308_1_05_02,킹고태양,0
20250308,20250308_1_05,20250308_1_05_03,엘도라도놀부,0
20250308,20250308_1_05,20250308_1_05_04,선더호스,0
20250308,20250308_1_05,20250308_1_05_05,아르고공주,0
20250308,20250308_1_05,20250308_1_05_06,백룡,0
20250308,20250308_1_05,20250308_1_05_07,퍼지킹,0
20250308,20250308_1_05,20250308_1_05_08,달금,0
20250308,20250308_1_05,20250308_1_05_09,이클립스더킹,1
20250308,20250308_1_05,20250308_1_05_10,성은크라운,0
20250308,20250308_1_05,20250308_1_05_11,금악명장,0
20250308,20250308_1_06,20250308_1_06_01,금악스타,0
20250308,20250308_1_06,20250308_1_06_02,천행챗,0
20250308,20250308_1_06,20250308_1_06_03,찬란한불꽃,0
20250308,20250308_1_06,20250308_1_06_04,금악진주,1
20250308,20250308_1_06,20250308_1_06_05,아르고탑,0
20250308,20250308_1_06,20250308_1_06_06,칠산대교,0
20250308,20250308_1_06,20250308_1_06_07,금빛강호,0
20250308,20250308_1_06,20250308_1_06_08,우주의봄,0
20250308,20250308_1_06,20250308_1_06_09,사하라몬드,0
20250308,20250308_1_06,20250308_1_06_10,골드베르크,0
20250308,20250308_1_06,20250308_1_06_11,라온시티걸,0
20250308,20250308_1_07,20250308_1_07_01,서울불청객,1
20250308,20250308_1_07,20250308_1_07_02,벌교태양,0
20250308,20250308_1_07,20250308_1_07_03,울트라히트,0
20250308,20250308_1_07,20250308_1_07_05,원더풀노던,0
20250308,20250308_1_07,20250308_1_07_06,대박스타,0
20250308,20250308_1_07,20250308_1_07_07,위즈캠페인,0
20250308,20250308_1_07,20250308_1_07_08,말로홈런,0
20250308,20250308_1_07,20250308_1_07_09,나노마신,0
20250308,20250308_1_07,20250308_1_07_10,킹칼레,0
20250308,20250308_1_07,20250308_1_07_11,댄싱그레이티즈,0
20250308,20250308_1_08,20250308_1_08_01,라온티모스,0
20250308,20250308_1_08,20250308_1_08_02,학산마초,0
20250308,20250308_1_08,20250308_1_08_03,새내타운,0
20250308,20250308_1_08,20250308_1_08_04,쾌향,0
20250308,20250308_1_08,20250308_1_08_05,한우리,0
20250308,20250308_1_08,20250308_1_08_06,거센강호,0
20250308,20250308_1_08,20250308_1_08_07,원평퀸,0
20250308,20250308_1_08,20250308_1_08_08,헤이큐피드,0
20250308,20250308_1_08,20250308_1_08_09,섀도헌터,1
20250308,20250308_1_08,20250308_1_08_10,금세,0
20250308,20250308_1_08,20250308_1_08_11,골드시대,0
20250308,20250308_1_09,20250308_1_09_01,탑티어,1
20250308,20250308_1_09,20250308_1_09_02,대흥클래스,0
20250308,20250308_1_09,20250308_1_09_03,울트라선더,0
20250308,20250308_1_09,20250308_1_09_04,글로벌코디,0
20250308,20250308_1_09,20250308_1_09_05,아침동자,0
20250308,20250308_1_09,20250308_1_09_06,파워빅토리,0
20250308,20250308_1_09,20250308_1_09_07,콩나물,0
20250308,20250308_1_09,20250308_1_09_08,시크릿삭스,0
20250308,20250308_1_09,20250308_1_09_09,관악산스톰,0
20250308,20250308_1_09,20250308_1_09_10,동진불패,0
20250308,20250308_1_09,20250308_1_09_11,에클레어퓨리,0
20250308,20250308_1_10,20250308_1_10_01,에이스군주,0
20250308,20250308_1_10,20250308_1_10_02,스포블레이드,0
20250308,20250308_1_10,20250308_1_10_03,몬탁챗,0
20250308,20250308_1_10,20250308_1_10_04,별나라질주,0
20250308,20250308_1_10,20250308_1_10_05,파이어파워,0
20250308,20250308_1_10,20250308_1_10_06,펀크레이지,0
20250308,20250308_1_10,20250308_1_10_07,클럽디,0
20250308,20250308_1_10,20250308_1_10_08,마의웨이,1
20250308,20250308_1_10,20250308_1_10_09,머스탱파워,0
20250308,20250308_1_10,20250308_1_10_10,플라잉골드,0
20250308,20250308_1_10,20250308_1_10_11,하이그랜드,0
20250309,20250309_1_01,20250309_1_01_01,베스트라지,0
20250309,20250309_1_01,20250309_1_01_02,컴플리트터치,0
20250309,20250309_1_01,20250309_1_01_03,케이사이먼,0
20250309,20250309_1_01,20250309_1_01_04,라이언하트,1
20250309,20250309_1_01,20250309_1_01_05,진주의심장,0
20250309,20250309_1_01,20250309_1_01_06,스피드레전드,0
20250309,20250309_1_01,20250309_1_01_07,어플리트런,0
20250309,20250309_1_01,20250309_1_01_08,드림라이즈,0
20250309,20250309_1_01,20250309_1_01_09,금계포란,0
20250309,20250309_1_01,20250309_1_01_10,트리플팔메토,0
20250309,20250309_1_01,20250309_1_01_11,시크릿울프,0
20250309,20250309_1_02,20250309_1_02_01,파이널리더,0
20250309,20250309_1_02,20250309_1_02_02,수향미인,1
20250309,20250309_1_02,20250309_1_02_03,모닝원더,0
20250309,20250309_1_02,20250309_1_02_04,폭스트롯,0
20250309,20250309_1_02,20250309_1_02_05,용암사랑,0
20250309,20250309_1_02,20250309_1_02_06,영원포텐,0
20250309,20250309_1_02,20250309_1_02_07,글로리데이,0
20250309,20250309_1_02,20250309_1_02_08,러브스칼렛,0
20250309,20250309_1_02,20250309_1_02_09,패션스타,0
20250309,20250309_1_02,20250309_1_02_10,피엔에스파,0
20250309,20250309_1_03,20250309_1_03_01,굿파이터,0
20250309,20250309_1_03,20250309_1_03_02,서전트라이트,0
20250309,20250309_1_03,20250309_1_03_03,원더풀스위트,0
20250309,20250309_1_03,20250309_1_03_04,청해제일,0
20250309,20250309_1_03,20250309_1_03_05,벌교디와이,0
20250309,20250309_1_03,20250309_1_03_06,오렌지타임,0
20250309,20250309_1_03,20250309_1_03_07,대물삭스,0
20250309,20250309_1_03,20250309_1_03_08,정상히트,0
20250309,20250309_1_03,20250309_1_03_09,긴샤리보이,1
20250309,20250309_1_03,20250309_1_03_10,추풍령,0
20250309,20250309_1_03,20250309_1_03_11,학산카이로,0
20250309,20250309_1_04,20250309_1_04_01,다나은킹덤,1
20250309,20250309_1_04,20250309_1_04_02,빅에너지,0
20250309,20250309_1_04,20250309_1_04_03,정성바이스,0
20250309,20250309_1_04,20250309_1_04_04,우승진리,0
20250309,20250309_1_04,20250309_1_04_05,원더풀스피릿,0
20250309,20250309_1_04,20250309_1_04_06,캠프데이비드,0
20250309,20250309_1_04,20250309_1_04_07,스마트월드,0
20250309,20250309_1_04,20250309_1_04_08,퀸아비게일,0
20250309,20250309_1_04,20250309_1_04_09,뷰티풀화성,0
20250309,20250309_1_04,20250309_1_04_10,맥스파티,0
20250309,20250309_1_04,20250309_1_04_11,빅토리퀸,0
20250309,20250309_1_05,20250309_1_05_01,그래티튜드,0
20250309,20250309_1_05,20250309_1_05_02,런와일드,1
20250309,20250309_1_05,20250309_1_05_03,벌교위수,0
20250309,20250309_1_05,20250309_1_05_04,쇠와꽃,0
20250309,20250309_1_05,20250309_1_05_05,큐피드하트,0
20250309,20250309_1_05,20250309_1_05_06,해피익투스,0
20250309,20250309_1_05,20250309_1_05_07,용암칸타카,0
20250309,20250309_1_05,20250309_1_05_08,리치게이트,0
20250309,20250309_1_05,20250309_1_05_09,새로운가이,0
20250309,20250309_1_05,20250309_1_05_10,금성여제,0
20250309,20250309_1_05,20250309_1_05_11,나올인디,0
20250309,20250309_1_06,20250309_1_06_01,레이디태풍,0
20250309,20250309_1_06,20250309_1_06_02,거센빅맨,0
20250309,20250309_1_06,20250309_1_06_03,오스틴리더,0
20250309,20250309_1_06,20250309_1_06_04,울트라망치,0
20250309,20250309_1_06,20250309_1_06_05,럭키프랭크,0
20250309,20250309_1_06,20250309_1_06_06,나소챗,0
20250309,20250309_1_06,20250309_1_06_07,두손챔프,0
20250309,20250309_1_06,20250309_1_06_08,하이퍼선더,0
20250309,20250309_1_06,20250309_1_06_09,미스찰리,1
20250309,20250309_1_06,20250309_1_06_11,원더풀남촌,0
20250309,20250309_1_07,20250309_1_07_01,강나루,1
20250309,20250309_1_07,20250309_1_07_02,용비파워,0
20250309,20250309_1_07,20250309_1_07_03,시티킹,0
20250309,20250309_1_07,20250309_1_07_04,어메이징록,0
20250309,20250309_1_07,20250309_1_07_05,인피니트아너,0
20250309,20250309_1_07,20250309_1_07_06,블러드마운틴,0
20250309,20250309_1_07,20250309_1_07_07,금빛천하,0
20250309,20250309_1_07,20250309_1_07_08,땡큐대천,0
20250309,20250309_1_07,20250309_1_07_09,일동박수,0
20250309,20250309_1_07,20250309_1_07_10,검이불루,0
20250309,20250309_1_08,20250309_1_08_01,선더블루,0
20250309,20250309_1_08,20250309_1_08_02,골든잭팟,1
20250309,20250309_1_08,20250309_1_08_03,아치메모리,0
20250309,20250309_1_08,20250309_1_08_04,라파예트,0
20250309,20250309_1_08,20250309_1_08_05,위즈임파서블,0
20250309,20250309_1_08,20250309_1_08_06,정상해돋이,0
20250309,20250309_1_08,20250309_1_08_07,티나케이,0
20250309,20250309_1_08,20250309_1_08_08,스피디루키,0
20250309,20250309_1_08,20250309_1_08_09,데블케이,0
20250309,20250309_1_08,20250309_1_08_10,퍼플윙크,0
20250309,20250309_1_08,20250309_1_08_11,용비불패,0
20250309,20250309_1_09,20250309_1_09_01,아르고리치,1
20250309,20250309_1_09,20250309_1_09_02,우루스퀸,0
20250309,20250309_1_09,20250309_1_09_03,스마트캣,0
20250309,20250309_1_09,20250309_1_09_04,금세다,0
20250309,20250309_1_09,20250309_1_09_05,엔딩파이어,0
20250309,20250309_1_09,20250309_1_09_06,원더풀인디,0
20250309,20250309_1_09,20250309_1_09_07,토호스카이,0
20250309,20250309_1_09,20250309_1_09_08,티즈인디,0
20250309,20250309_1_09,20250309_1_09_09,뉴돌콩,0
20250309,20250309_1_09,20250309_1_09_10,선더에이원,0
20250309,20250309_1_10,20250309_1_10_01,위즈러너,0
20250309,20250309_1_10,20250309_1_10_02,성실인동,0
20250309,20250309_1_10,20250309_1_10_03,새파랑,1
20250309,20250309_1_10,20250309_1_10_04,섀클포인트,0
20250309,20250309_1_10,20250309_1_10_05,팔라티노,0
20250309,20250309_1_10,20250309_1_10_06,바람의향기,0
20250309,20250309_1_10,20250309_1_10_07,세인트루카,0
20250309,20250309_1_10,20250309_1_10_08,문학태핏,0
20250309,20250309_1_10,20250309_1_10_09,이스트반,0
20250309,20250309_1_11,20250309_1_11_01,마이티룩,0
20250309,20250309_1_11,20250309_1_11_02,슈퍼피니시,1
20250309,20250309_1_11,20250309_1_11_03,금빛마,0
20250309,20250309_1_11,20250309_1_11_04,컴플리트레벨,0
20250309,20250309_1_11,20250309_1_11_05,영광의월드,0
20250309,20250309_1_11,20250309_1_11_06,빅스고,0
20250309,20250309_1_11,20250309_1_11_07,럭키월드,0
20250309,20250309_1_11,20250309_1_11_08,장산포이즌,0
20250309,20250309_1_11,20250309_1_11_09,승부사,0
20250309,20250309_1_11,20250309_1_11_10,글로벌보배,0
20250309,20250309_1_11,20250309_1_11_11,울트라갤럭시,0
20250315,20250315_1_01,20250315_1_01_01,보디체크,0
20250315,20250315_1_01,20250315_1_01_02,오섬퀸,0
20250315,20250315_1_01,20250315_1_01_03,황미르,0
20250315,20250315_1_01,20250315_1_01_04,퍼펙트게임,0
20250315,20250315_1_01,20250315_1_01_05,퀀텀케이,0
20250315,20250315_1_01,20250315_1_01_06,화이트칼라,1
20250315,20250315_1_01,20250315_1_01_07,베스트드림,0
20250315,20250315_1_01,20250315_1_01_08,청룡기운,0
20250315,20250315_1_02,20250315_1_02_01,키아오라,0
20250315,20250315_1_02,20250315_1_02_02,손을내밀어,1
20250315,20250315_1_02,20250315_1_02_03,스위트송,0
20250315,20250315_1_02,20250315_1_02_04,대항비마,0
20250315,20250315_1_02,20250315_1_02_05,벌교박강굴,0
20250315,20250315_1_02,20250315_1_02_06,문학파이터,0
20250315,20250315_1_02,20250315_1_02_07,레이스로즈,0
20250315,20250315_1_02,20250315_1_02_08,굿프렌드,0
20250315,20250315_1_02,20250315_1_02_09,크레이지마리,0
20250315,20250315_1_02,20250315_1_02_10,어퍼핸드,0
20250315,20250315_1_02,20250315_1_02_11,운주타임,0
20250315,20250315_1_03,20250315_1_03_01,조이천하,0
20250315,20250315_1_03,20250315_1_03_02,청룡의칼,1
20250315,20250315_1_03,20250315_1_03_03,겨울장미,0
20250315,20250315_1_03,20250315_1_03_04,라온더임팩트,0
20250315,20250315_1_03,20250315_1_03_05,플라잉럭키,0
20250315,20250315_1_03,20250315_1_03_06,스터닝스텝,0
20250315,20250315_1_03,20250315_1_03_07,라온더캐비아,0
20250315,20250315_1_03,20250315_1_03_08,하이크라운,0
20250315,20250315_1_03,20250315_1_03_09,흥행돌풍,0
20250315,20250315_1_03,20250315_1_03_10,원더풀엔비,0
20250315,20250315_1_03,20250315_1_03_11,골든메이커,0
20250315,20250315_1_04,20250315_1_04_01,가문파티,0
20250315,20250315_1_04,20250315_1_04_02,한강판타스틱,1
20250315,20250315_1_04,20250315_1_04_03,캔버스엔고,0
20250315,20250315_1_04,20250315_1_04_04,캡틴라이즈,0
20250315,20250315_1_04,20250315_1_04_05,혁무상,0
20250315,20250315_1_04,20250315_1_04_06,포세이돈블루,0
20250315,20250315_1_04,20250315_1_04_07,파사루봉,0
20250315,20250315_1_04,20250315_1_04_08,성신천하,0
20250315,20250315_1_04,20250315_1_04_09,민트플레이,0
20250315,20250315_1_04,20250315_1_04_10,아치러너,0
20250315,20250315_1_04,20250315_1_04_11,학산스피드,0
20250315,20250315_1_05,20250315_1_05_01,캡처,0
20250315,20250315_1_05,20250315_1_05_02,스타러시,0
20250315,20250315_1_05,20250315_1_05_03,롯폰기드래곤,0
20250315,20250315_1_05,20250315_1_05_04,피엔에스날라,0
20250315,20250315_1_05,20250315_1_05_05,태평무,0
20250315,20250315_1_05,20250315_1_05_06,크로마이트,0
20250315,20250315_1_05,20250315_1_05_07,골든볼,0
20250315,20250315_1_05,20250315_1_05_08,맥스위크,1
20250315,20250315_1_05,20250315_1_05_09,스토미케이,0
20250315,20250315_1_05,20250315_1_05_10,크리솔메이저,0
20250315,20250315_1_05,20250315_1_05_11,영웅자룡,0
20250315,20250315_1_06,20250315_1_06_01,시대의명작,0
20250315,20250315_1_06,20250315_1_06_02,트로트퀸,0
20250315,20250315_1_06,20250315_1_06_03,베스트클론,0
20250315,20250315_1_06,20250315_1_06_04,천구챗,0
20250315,20250315_1_06,20250315_1_06_05,레이디코디,0
20250315,20250315_1_06,20250315_1_06_06,스마트삭스,0
20250315,20250315_1_06,20250315_1_06_07,나올대왕,0
20250315,20250315_1_06,20250315_1_06_08,아만바로우즈,0
20250315,20250315_1_06,20250315_1_06_09,레몬케이,1
20250315,20250315_1_06,20250315_1_06_10,새내칸,0
20250315,20250315_1_06,20250315_1_06_11,화산귀환,0
20250315,20250315_1_07,20250315_1_07_01,하이칸,0
20250315,20250315_1_07,20250315_1_07_02,자체발광,0
20250315,20250315_1_07,20250315_1_07_03,히어로레전드,0
20250315,20250315_1_07,20250315_1_07_04,최고게임,1
20250315,20250315_1_07,20250315_1_07_05,블레이밍워,0
20250315,20250315_1_07,20250315_1_07_06,피어리스,0
20250315,20250315_1_07,20250315_1_07_07,캡틴군주,0
20250315,20250315_1_07,20250315_1_07_08,선포레,0
20250315,20250315_1_07,20250315_1_07_09,비전파워,0
20250315,20250315_1_07,20250315_1_07_10,블루인디,0
20250315,20250315_1_08,20250315_1_08_01,블루밍스타,0
20250315,20250315_1_08,20250315_1_08_02,파노라마킹,0
20250315,20250315_1_08,20250315_1_08_03,한강히어로,0
20250315,20250315_1_08,20250315_1_08_04,탱자,0
20250315,20250315_1_08,20250315_1_08_05,문학이글,0
20250315,20250315_1_08,20250315_1_08_06,와일드삭스,0
20250315,20250315_1_08,20250315_1_08_07,스팔타,1
20250315,20250315_1_08,20250315_1_08_08,두손오픈,0
20250315,20250315_1_08,20250315_1_08_09,베스트선,0
20250315,20250315_1_08,20250315_1_08_10,글로벌파워,0
20250315,20250315_1_08,20250315_1_08_11,주몽천하,0
20250315,20250315_1_09,20250315_1_09_01,청파의꿈,0
20250315,20250315_1_09,20250315_1_09_02,스마트클레어,0
20250315,20250315_1_09,20250315_1_09_03,비트러너,0
20250315,20250315_1_09,20250315_1_09_04,홀리데이참,1
20250315,20250315_1_09,20250315_1_09_05,불의신화,0
20250315,20250315_1_09,20250315_1_09_06,더선파이터,0
20250315,20250315_1_09,20250315_1_09_07,더페이버릿,0
20250315,20250315_1_09,20250315_1_09_08,원평코드,0
20250315,20250315_1_09,20250315_1_09_09,광치기,0
20250315,20250315_1_10,20250315_1_10_01,스카이망치,0
20250315,20250315_1_10,20250315_1_10_02,라온아메리칸,0
20250315,20250315_1_10,20250315_1_10_03,마이티네오,1
20250315,20250315_1_10,20250315_1_10_04,원평리스트,0
20250315,20250315_1_10,20250315_1_10_05,만대로,0
20250315,20250315_1_10,20250315_1_10_06,자이언트스텝,0
20250315,20250315_1_10,20250315_1_10_07,금전사,0
20250315,20250315_1_10,20250315_1_10_08,대물,0
20250315,20250315_1_10,20250315_1_10_09,드론킬러,0
20250315,20250315_1_10,20250315_1_10_10,콩코드스퍼트,0
20250316,20250316_1_01,20250316_1_01_02,스타킬러,0
20250316,20250316_1_01,20250316_1_01_03,크레이지망고,1
20250316,20250316_1_01,20250316_1_01_04,블랙스마일,0
20250316,20250316_1_01,20250316_1_01_05,파워밴드,0
20250316,20250316_1_01,20250316_1_01_06,플라잉여걸,0
20250316,20250316_1_01,20250316_1_01_07,스카이로열,0
20250316,20250316_1_01,20250316_1_01_08,칼리프,0
20250316,20250316_1_01,20250316_1_01_09,섬싱다크,0
20250316,20250316_1_01,20250316_1_01_10,지로드,0
20250316,20250316_1_01,20250316_1_01_11,다이아룩,0
20250316,20250316_1_02,20250316_1_02_01,퍼지루비,0
20250316,20250316_1_02,20250316_1_02_03,대원용마,0
20250316,20250316_1_02,20250316_1_02_04,스텝바이스텝,0
20250316,20250316_1_02,20250316_1_02_05,논스톱서브,0
20250316,20250316_1_02,20250316_1_02_06,월드조이,1
20250316,20250316_1_02,20250316_1_02_07,초코뷰티,0
20250316,20250316_1_02,20250316_1_02_08,새내파크,0
20250316,20250316_1_02,20250316_1_02_09,즐거운상상,0
20250316,20250316_1_02,20250316_1_02_10,명파워,0
20250316,20250316_1_02,20250316_1_02_11,화이트로맨스,0
20250316,20250316_1_03,20250316_1_03_01,베스트킹덤,0
20250316,20250316_1_03,20250316_1_03_02,산방봄날,0
20250316,20250316_1_03,20250316_1_03_03,챔피언스필드,0
20250316,20250316_1_03,20250316_1_03_04,이클립스블랙,1
20250316,20250316_1_03,20250316_1_03_05,다이나믹송,0
20250316,20250316_1_03,20250316_1_03_06,선더럭키,0
20250316,20250316_1_03,20250316_1_03_07,일링크스,0
20250316,20250316_1_03,20250316_1_03_08,에코포레,0
20250316,20250316_1_03,20250316_1_03_09,커맨딩리드,0
20250316,20250316_1_03,20250316_1_03_10,히어로골드,0
20250316,20250316_1_03,20250316_1_03_11,선갤런트,0
20250316,20250316_1_04,20250316_1_04_01,맥스탱고,0
20250316,20250316_1_04,20250316_1_04_02,벌교라바,0
20250316,20250316_1_04,20250316_1_04_03,해제여걸,0
20250316,20250316_1_04,20250316_1_04_04,세명레이디,0
20250316,20250316_1_04,20250316_1_04_05,꿈의향기,0
20250316,20250316_1_04,20250316_1_04_06,토호마켓,1
20250316,20250316_1_04,20250316_1_04_08,레드드래곤,0
20250316,20250316_1_04,20250316_1_04_09,머스퀸플라이,0
20250316,20250316_1_04,20250316_1_04_10,큐피드시크,0
20250316,20250316_1_04,20250316_1_04_11,그로우,0
20250316,20250316_1_05,20250316_1_05_01,로열플러스,1
20250316,20250316_1_05,20250316_1_05_03,거센폭주,0
20250316,20250316_1_05,20250316_1_05_04,스파르탄,0
20250316,20250316_1_05,20250316_1_05_05,머니터치,0
20250316,20250316_1_05,20250316_1_05_06,용비천,0
20250316,20250316_1_05,20250316_1_05_07,챔프함성,0
20250316,20250316_1_05,20250316_1_05_08,솔레어,0
20250316,20250316_1_05,20250316_1_05_09,스터닝펄,0
20250316,20250316_1_05,20250316_1_05_10,엘리트피스,0
20250316,20250316_1_05,20250316_1_05_11,배다리쾌검,0
20250316,20250316_1_06,20250316_1_06_01,스페셜타임,0
20250316,20250316_1_06,20250316_1_06_02,아인슈페너,0
20250316,20250316_1_06,20250316_1_06_03,카라위너,0
20250316,20250316_1_06,20250316_1_06_04,문학크라운,0
20250316,20250316_1_06,20250316_1_06_05,텐배거,0
20250316,20250316_1_06,20250316_1_06_06,스포르차,0
20250316,20250316_1_06,20250316_1_06_08,드리머위즈,1
20250316,20250316_1_06,20250316_1_06_09,럭키하눌,0
20250316,20250316_1_06,20250316_1_06_10,플라잉월드,0
20250316,20250316_1_06,20250316_1_06_11,한강글로리,0
20250316,20250316_1_07,20250316_1_07_01,빅스마트,0
20250316,20250316_1_07,20250316_1_07_02,서울돌풍,0
20250316,20250316_1_07,20250316_1_07_03,엠케이리,1
20250316,20250316_1_07,20250316_1_07_04,브라운골드,0
20250316,20250316_1_07,20250316_1_07_05,아크로마린,0
20250316,20250316_1_07,20250316_1_07_06,서머파티,0
20250316,20250316_1_07,20250316_1_07_07,새로운빛깔,0
20250316,20250316_1_07,20250316_1_07_08,금성환희,0
20250316,20250316_1_07,20250316_1_07_09,히어로전사,0
20250316,20250316_1_07,20250316_1_07_10,브라이트카이,0
20250316,20250316_1_07,20250316_1_07_11,머스킷데이,0
20250316,20250316_1_08,20250316_1_08_01,원평스톰,0
20250316,20250316_1_08,20250316_1_08_02,[부산경남]스피드영,0
20250316,20250316_1_08,20250316_1_08_03,너트플레이,0
20250316,20250316_1_08,20250316_1_08_04,[부산경남]미러클마린,0
20250316,20250316_1_08,20250316_1_08_05,볼트맨,0
20250316,20250316_1_08,20250316_1_08_06,아르고스마일,0
20250316,20250316_1_08,20250316_1_08_07,원더풀슬루,0
20250316,20250316_1_08,20250316_1_08_08,티즈바로우즈,0
20250316,20250316_1_08,20250316_1_08_09,머니크라운,0
20250316,20250316_1_08,20250316_1_08_10,드래곤스타,0
20250316,20250316_1_08,20250316_1_08_11,[부산경남]판타스틱맨,0
20250316,20250316_1_08,20250316_1_08_12,[부산경남]석세스백파,1
20250316,20250316_1_08,20250316_1_08_13,[부산경남]투혼의반석,0
20250316,20250316_1_08,20250316_1_08_14,블랙벨트,0
20250316,20250316_1_08,20250316_1_08_15,나올스나이퍼,0
20250316,20250316_1_08,20250316_1_08_16,황금럭키,0
20250316,20250316_1_09,20250316_1_09_01,이클립스아너,1
20250316,20250316_1_09,20250316_1_09_03,안양천둥,0
20250316,20250316_1_09,20250316_1_09_04,슈퍼엑톤,0
20250316,20250316_1_09,20250316_1_09_05,뉴질랜드삭스,0
20250316,20250316_1_09,20250316_1_09_06,태풍처럼,0
20250316,20250316_1_09,20250316_1_09_07,퍼펙트건맨,0
20250316,20250316_1_09,20250316_1_09_08,별콩,0
20250316,20250316_1_09,20250316_1_09_09,파워팔이영,0
20250316,20250316_1_09,20250316_1_09_10,티즈에너지,0
20250316,20250316_1_09,20250316_1_09_11,파워에치드,0
20250316,20250316_1_10,20250316_1_10_01,도끼드래곤,0
20250316,20250316_1_10,20250316_1_10_02,강철여걸,0
20250316,20250316_1_10,20250316_1_10_03,원더풀로드,0
20250316,20250316_1_10,20250316_1_10_04,스마트별,0
20250316,20250316_1_10,20250316_1_10_05,퍼플신화,0
20250316,20250316_1_10,20250316_1_10_06,나노메타,0
20250316,20250316_1_10,20250316_1_10_07,유레카,0
20250316,20250316_1_10,20250316_1_10_08,알사이먼,0
20250316,20250316_1_10,20250316_1_10_09,명진불패,0
20250316,20250316_1_10,20250316_1_10_10,왈츠의여왕,0
20250316,20250316_1_10,20250316_1_10_11,한강캡틴,1
20250316,20250316_1_11,20250316_1_11_01,페어스카이즈,0
20250316,20250316_1_11,20250316_1_11_02,더스파이커,0
20250316,20250316_1_11,20250316_1_11_03,힐링헤이븐,0
20250316,20250316_1_11,20250316_1_11_04,태평파이터,0
20250316,20250316_1_11,20250316_1_11_05,페퍼엑스,1
20250316,20250316_1_11,20250316_1_11_06,히어로삭스,0
20250316,20250316_1_11,20250316_1_11_07,드래곤불패,0
20250316,20250316_1_11,20250316_1_11_08,우왕륭,0
20250316,20250316_1_11,20250316_1_11_09,마이티숀,0
20250316,20250316_1_11,20250316_1_11_10,어퓨어굿우먼,0
20250316,20250316_1_11,20250316_1_11_11,라온더대세,0
20250322,20250322_1_01,20250322_1_01_01,스마트밍크,0
20250322,20250322_1_01,20250322_1_01_02,금계포란,1
20250322,20250322_1_01,20250322_1_01_03,글로리퀸,0
20250322,20250322_1_01,20250322_1_01_04,스타밸리,0
20250322,20250322_1_01,20250322_1_01_05,세명고스트,0
20250322,20250322_1_01,20250322_1_01_06,걸작해피,0
20250322,20250322_1_01,20250322_1_01_07,지산프렌드,0
20250322,20250322_1_01,20250322_1_01_08,모던파티,0
20250322,20250322_1_01,20250322_1_01_09,누리질주,0
20250322,20250322_1_01,20250322_1_01_10,조이풀레이스,0
20250322,20250322_1_02,20250322_1_02_01,칸비그레이트,0
20250322,20250322_1_02,20250322_1_02_02,슈프림삭스,0
20250322,20250322_1_02,20250322_1_02_03,글로벌컴퓨팅,0
20250322,20250322_1_02,20250322_1_02_04,명맨,0
20250322,20250322_1_02,20250322_1_02_05,탄성의반석,0
20250322,20250322_1_02,20250322_1_02_06,플라잉스퍼트,0
20250322,20250322_1_02,20250322_1_02_07,아트캐처,0
20250322,20250322_1_02,20250322_1_02_08,블루넬로,0
20250322,20250322_1_02,20250322_1_02_09,나이스포스,1
20250322,20250322_1_02,20250322_1_02_10,글로벌파로아,0
20250322,20250322_1_02,20250322_1_02_11,캄인스톰,0
20250322,20250322_1_03,20250322_1_03_01,러닝아티스트,0
20250322,20250322_1_03,20250322_1_03_02,하이폴리,1
20250322,20250322_1_03,20250322_1_03_03,베스트샤크,0
20250322,20250322_1_03,20250322_1_03_04,그레이팬텀,0
20250322,20250322_1_03,20250322_1_03_05,카라케이,0
20250322,20250322_1_03,20250322_1_03_06,히어로초이스,0
20250322,20250322_1_03,20250322_1_03_07,레이디버드,0
20250322,20250322_1_03,20250322_1_03_08,스트롱보스,0
20250322,20250322_1_03,20250322_1_03_09,트레비트,0
20250322,20250322_1_04,20250322_1_04_01,로열베스트,0
20250322,20250322_1_04,20250322_1_04_02,청해제일,0
20250322,20250322_1_04,20250322_1_04_03,칸누트,0
20250322,20250322_1_04,20250322_1_04_04,학산대세,0
20250322,20250322_1_04,20250322_1_04_05,쌍옥루,0
20250322,20250322_1_04,20250322_1_04_06,성실여걸,0
20250322,20250322_1_04,20250322_1_04_07,파사킹,1
20250322,20250322_1_04,20250322_1_04_08,천지마켓,0
20250322,20250322_1_04,20250322_1_04_09,메니참,0
20250322,20250322_1_04,20250322_1_04_10,레이디블루,0
20250322,20250322_1_04,20250322_1_04_11,슈퍼블루문,0
20250322,20250322_1_05,20250322_1_05_01,학산클리어,0
20250322,20250322_1_05,20250322_1_05_02,금성여제,0
20250322,20250322_1_05,20250322_1_05_03,송암스카이,1
20250322,20250322_1_05,20250322_1_05_04,조이라이트,0
20250322,20250322_1_05,20250322_1_05_05,라온더어펌드,0
20250322,20250322_1_05,20250322_1_05_06,아이엠고,0
20250322,20250322_1_05,20250322_1_05_07,터보차지,0
20250322,20250322_1_05,20250322_1_05_08,모쿠슈라,0
20250322,20250322_1_05,20250322_1_05_09,마이티러브,0
20250322,20250322_1_05,20250322_1_05_10,메니샤크,0
20250322,20250322_1_05,20250322_1_05_11,학산챔프,0
20250322,20250322_1_06,20250322_1_06_01,윈캐처,0
20250322,20250322_1_06,20250322_1_06_02,나비드,0
20250322,20250322_1_06,20250322_1_06_03,빛나는질주,0
20250322,20250322_1_06,20250322_1_06_04,엠케이모찌,0
20250322,20250322_1_06,20250322_1_06_05,거센진격,1
20250322,20250322_1_06,20250322_1_06_06,올포유어드림,0
20250322,20250322_1_06,20250322_1_06_07,히어로짱,0
20250322,20250322_1_06,20250322_1_06_08,글로벌클래스,0
20250322,20250322_1_06,20250322_1_06_09,달콩,0
20250322,20250322_1_06,20250322_1_06_10,남산무적,0
20250322,20250322_1_06,20250322_1_06_11,아르고공주,0
20250322,20250322_1_07,20250322_1_07_01,이스트웨스트,0
20250322,20250322_1_07,20250322_1_07_02,엠지베스트,0
20250322,20250322_1_07,20250322_1_07_03,사탕소녀,0
20250322,20250322_1_07,20250322_1_07_05,나이스빅걸,0
20250322,20250322_1_07,20250322_1_07_06,골든아너,0
20250322,20250322_1_07,20250322_1_07_07,굿해피,0
20250322,20250322_1_07,20250322_1_07_08,케이엔라이트,0
20250322,20250322_1_07,20250322_1_07_09,에이피파텍,0
20250322,20250322_1_07,20250322_1_07_10,드림아너,0
20250322,20250322_1_07,20250322_1_07_11,매직포션,1
20250322,20250322_1_08,20250322_1_08_01,시티킹,0
20250322,20250322_1_08,20250322_1_08_02,두손클래식,0
20250322,20250322_1_08,20250322_1_08_03,라파예트,0
20250322,20250322_1_08,20250322_1_08_04,용비파워,0
20250322,20250322_1_08,20250322_1_08_05,슈팅리버스,0
20250322,20250322_1_08,20250322_1_08_06,신의반전,0
20250322,20250322_1_08,20250322_1_08_07,원더풀폭스,0
20250322,20250322_1_08,20250322_1_08_08,트라움킹,1
20250322,20250322_1_08,20250322_1_08_09,터치나인,0
20250322,20250322_1_08,20250322_1_08_10,아가판서스,0
20250322,20250322_1_09,20250322_1_09_01,킹아너,0
20250322,20250322_1_09,20250322_1_09_02,라온더찰리,0
20250322,20250322_1_09,20250322_1_09_03,캡틴타임,0
20250322,20250322_1_09,20250322_1_09_04,태평레전드,1
20250322,20250322_1_09,20250322_1_09_05,바로다나은,0
20250322,20250322_1_09,20250322_1_09_06,베스트토르,0
20250322,20250322_1_09,20250322_1_09_07,카우보이탱고,0
20250322,20250322_1_09,20250322_1_09_08,새내파워풀,0
20250322,20250322_1_09,20250322_1_09_09,플라잉카라반,0
20250322,20250322_1_09,20250322_1_09_10,우아센,0
20250322,20250322_1_10,20250322_1_10_01,라온더맨,0
20250322,20250322_1_10,20250322_1_10_02,밀리언파티,0
20250322,20250322_1_10,20250322_1_10_03,업타운위즈,0
20250322,20250322_1_10,20250322_1_10_04,우와륭,0
20250322,20250322_1_10,20250322_1_10_05,오라칸,0
20250322,20250322_1_10,20250322_1_10_06,영웅부활,1
20250322,20250322_1_10,20250322_1_10_07,장산스포,0
20250322,20250322_1_10,20250322_1_10_08,파이어걸,0
20250322,20250322_1_10,20250322_1_10_09,강남불청객,0
20250322,20250322_1_10,20250322_1_10_10,차돌다이아,0
20250322,20250322_1_10,20250322_1_10_11,블랙초콜릿,0
20250323,20250323_1_01,20250323_1_01_01,몬탁선샤인,0
20250323,20250323_1_01,20250323_1_01_02,더블나인,0
20250323,20250323_1_01,20250323_1_01_03,비카드래곤,0
20250323,20250323_1_01,20250323_1_01_04,청해스타,0
20250323,20250323_1_01,20250323_1_01_06,하늘감동,1
20250323,20250323_1_01,20250323_1_01_07,브리도킹스타,0
20250323,20250323_1_01,20250323_1_01_08,윈드스톰,0
20250323,20250323_1_01,20250323_1_01_09,과천보스,0
20250323,20250323_1_01,20250323_1_01_10,레이저런,0
20250323,20250323_1_01,20250323_1_01_11,스피드레전드,0
20250323,20250323_1_02,20250323_1_02_01,불국시대,0
20250323,20250323_1_02,20250323_1_02_02,코탑,1
20250323,20250323_1_02,20250323_1_02_03,동진선더,0
20250323,20250323_1_02,20250323_1_02_04,메리트선샤인,0
20250323,20250323_1_02,20250323_1_02_05,마스터콰이곤,0
20250323,20250323_1_02,20250323_1_02_06,혜원용마,0
20250323,20250323_1_02,20250323_1_02_07,천지레이디,0
20250323,20250323_1_02,20250323_1_02_08,스마트워리어,0
20250323,20250323_1_02,20250323_1_02_09,알리페르,0
20250323,20250323_1_02,20250323_1_02_10,비상벨,0
20250323,20250323_1_03,20250323_1_03_01,매직사운드,0
20250323,20250323_1_03,20250323_1_03_02,댄싱강자,0
20250323,20250323_1_03,20250323_1_03_03,이클립스럭키,0
20250323,20250323_1_03,20250323_1_03_04,원평광야,0
20250323,20250323_1_03,20250323_1_03_05,남산소녀,0
20250323,20250323_1_03,20250323_1_03_06,자이언트보스,1
20250323,20250323_1_03,20250323_1_03_07,그린필스타,0
20250323,20250323_1_03,20250323_1_03_08,유수부쟁선,0
20250323,20250323_1_03,20250323_1_03_09,초원돌풍,0
20250323,20250323_1_03,20250323_1_03_10,이클립스에지,0
20250323,20250323_1_03,20250323_1_03_11,학산다크호스,0
20250323,20250323_1_04,20250323_1_04_01,행복여전사,0
20250323,20250323_1_04,20250323_1_04_02,금아포모스트,0
20250323,20250323_1_04,20250323_1_04_03,비케이벨,0
20250323,20250323_1_04,20250323_1_04_04,최강나이스,0
20250323,20250323_1_04,20250323_1_04_05,크레이지창,0
20250323,20250323_1_04,20250323_1_04_06,예스마담,0
20250323,20250323_1_04,20250323_1_04_07,신의블루,0
20250323,20250323_1_04,20250323_1_04_09,간다고,1
20250323,20250323_1_04,20250323_1_04_10,행운바람,0
20250323,20250323_1_04,20250323_1_04_11,럭키서니,0
20250323,20250323_1_05,20250323_1_05_01,히퍼드롬,0
20250323,20250323_1_05,20250323_1_05_02,산본쓰나미,0
20250323,20250323_1_05,20250323_1_05_03,엘도라도흥부,0
20250323,20250323_1_05,20250323_1_05_04,금성파워,0
20250323,20250323_1_05,20250323_1_05_05,대명장,0
20250323,20250323_1_05,20250323_1_05_06,슈퍼선더,1
20250323,20250323_1_05,20250323_1_05_07,퀸아비게일,0
20250323,20250323_1_05,20250323_1_05_08,애플스타일,0
20250323,20250323_1_05,20250323_1_05_09,세광질주,0
20250323,20250323_1_05,20250323_1_05_10,은성노을,0
20250323,20250323_1_05,20250323_1_05_11,핑크골드,0
20250323,20250323_1_06,20250323_1_06_01,마이티쎈,0
20250323,20250323_1_06,20250323_1_06_02,오늘도스마일,1
20250323,20250323_1_06,20250323_1_06_03,컴플리트스텝,0
20250323,20250323_1_06,20250323_1_06_04,문학보이,0
20250323,20250323_1_06,20250323_1_06_05,디아나,0
20250323,20250323_1_06,20250323_1_06_06,울트라삭스,0
20250323,20250323_1_06,20250323_1_06_07,파이널고,0
20250323,20250323_1_06,20250323_1_06_08,산삼은함양,0
20250323,20250323_1_06,20250323_1_06_09,블루레이서,0
20250323,20250323_1_06,20250323_1_06_10,파워풀화성,0
20250323,20250323_1_06,20250323_1_06_11,벌교차돌,0
20250323,20250323_1_07,20250323_1_07_01,스마일링프린스,0
20250323,20250323_1_07,20250323_1_07_02,용비불패,0
20250323,20250323_1_07,20250323_1_07_03,클림트월드,0
20250323,20250323_1_07,20250323_1_07_04,사다우카,0
20250323,20250323_1_07,20250323_1_07_05,오리온알파,1
20250323,20250323_1_07,20250323_1_07_06,플라잉크루저,0
20250323,20250323_1_07,20250323_1_07_07,러브카우걸,0
20250323,20250323_1_07,20250323_1_07_08,아마존킹,0
20250323,20250323_1_07,20250323_1_07_09,티아라수아,0
20250323,20250323_1_07,20250323_1_07_10,글로리영광,0
20250323,20250323_1_07,20250323_1_07_11,천행챗,0
20250323,20250323_1_08,20250323_1_08_01,글라디우스,1
20250323,20250323_1_08,20250323_1_08_02,타우루스퀸,0
20250323,20250323_1_08,20250323_1_08_03,라온포레스트,0
20250323,20250323_1_08,20250323_1_08_04,[부산경남]금아휴즈히트,0
20250323,20250323_1_08,20250323_1_08_05,퀸톱,0
20250323,20250323_1_08,20250323_1_08_06,[부산경남]글로벌태양,0
20250323,20250323_1_08,20250323_1_08_07,[부산경남]뱅뱅뱅,0
20250323,20250323_1_08,20250323_1_08_08,걸작원,0
20250323,20250323_1_08,20250323_1_08_09,크라운함성,0
20250323,20250323_1_08,20250323_1_08_10,이스트점프,0
20250323,20250323_1_08,20250323_1_08_11,행복한승자,0
20250323,20250323_1_08,20250323_1_08_12,베스트토치,0
20250323,20250323_1_08,20250323_1_08_13,플라잉스타,0
20250323,20250323_1_08,20250323_1_08_14,[부산경남]강서자이언트,0
20250323,20250323_1_09,20250323_1_09_01,드림카드,1
20250323,20250323_1_09,20250323_1_09_02,희망의찬가,0
20250323,20250323_1_09,20250323_1_09_03,런던빅토리,0
20250323,20250323_1_09,20250323_1_09_04,블랙스펙터,0
20250323,20250323_1_09,20250323_1_09_05,제타마스터,0
20250323,20250323_1_09,20250323_1_09_06,러브오마인,0
20250323,20250323_1_09,20250323_1_09_07,볼린,0
20250323,20250323_1_09,20250323_1_09_08,천장사,0
20250323,20250323_1_09,20250323_1_09_09,펄포인트,0
20250323,20250323_1_09,20250323_1_09_10,바주카보이,0
20250323,20250323_1_09,20250323_1_09_11,더자이언트,0
20250323,20250323_1_10,20250323_1_10_01,태칸,0
20250323,20250323_1_10,20250323_1_10_02,마이티에버,1
20250323,20250323_1_10,20250323_1_10_03,픽처,0
20250323,20250323_1_10,20250323_1_10_04,창창삭스,0
20250323,20250323_1_10,20250323_1_10_05,브리도시리스,0
20250323,20250323_1_10,20250323_1_10_06,이스트강적,0
20250323,20250323_1_10,20250323_1_10_08,논스톱드림,0
20250323,20250323_1_10,20250323_1_10_09,슈어니스,0
20250323,20250323_1_10,20250323_1_10_10,글로리삭스,0
20250323,20250323_1_10,20250323_1_10_11,스피닝칸트,0
20250323,20250323_1_11,20250323_1_11_01,원평킬라,0
20250323,20250323_1_11,20250323_1_11_02,월드피플,0
20250323,20250323_1_11,20250323_1_11_03,매직주니어,0
20250323,20250323_1_11,20250323_1_11_04,마이티조이,1
20250323,20250323_1_11,20250323_1_11_05,샤인온미,0
20250323,20250323_1_11,20250323_1_11_06,도깨비,0
20250323,20250323_1_11,20250323_1_11_07,내길의위너,0
20250323,20250323_1_11,20250323_1_11_08,기분좋은말,0
20250323,20250323_1_11,20250323_1_11_09,봉화스테이,0
20250323,20250323_1_11,20250323_1_11_10,시크릿삭스,0
20250323,20250323_1_11,20250323_1_11_11,댄싱위즈,0
20250329,20250329_1_01,20250329_1_01_01,루지,0
20250329,20250329_1_01,20250329_1_01_02,망파,0
20250329,20250329_1_01,20250329_1_01_03,원페이머스,0
20250329,20250329_1_01,20250329_1_01_04,올누트,1
20250329,20250329_1_01,20250329_1_01_05,그레이트참,0
20250329,20250329_1_01,20250329_1_01_06,세인트위너,0
20250329,20250329_1_01,20250329_1_01_07,문학벨,0
20250329,20250329_1_01,20250329_1_01_08,선캐처,0
20250329,20250329_1_01,20250329_1_01_09,빛나라,0
20250329,20250329_1_01,20250329_1_01_10,드래곤킬러,0
20250329,20250329_1_01,20250329_1_01_11,블레이징달봉,0
20250329,20250329_1_03,20250329_1_03_01,빅브리지,0
20250329,20250329_1_03,20250329_1_03_02,퍼지스텝,0
20250329,20250329_1_03,20250329_1_03_03,히어로질주,0
20250329,20250329_1_03,20250329_1_03_05,플라잉라이언,0
20250329,20250329_1_03,20250329_1_03_06,서전트라이트,0
20250329,20250329_1_03,20250329_1_03_07,매직플레저,0
20250329,20250329_1_03,20250329_1_03_08,비트도깨비,0
20250329,20250329_1_03,20250329_1_03_09,용비천,0
20250329,20250329_1_03,20250329_1_03_10,아치데이,1
20250329,20250329_1_03,20250329_1_03_11,주링스카이,0
20250329,20250329_1_04,20250329_1_04_01,용비태양,1
20250329,20250329_1_04,20250329_1_04_02,학산카이로,0
20250329,20250329_1_04,20250329_1_04_03,고오고오,0
20250329,20250329_1_04,20250329_1_04_04,왕최고,0
20250329,20250329_1_04,20250329_1_04_05,백두일성,0
20250329,20250329_1_04,20250329_1_04_06,성신천하,0
20250329,20250329_1_04,20250329_1_04_07,남산미남,0
20250329,20250329_1_04,20250329_1_04_08,추풍령,0
20250329,20250329_1_04,20250329_1_04_09,큐피드미르,0
20250329,20250329_1_04,20250329_1_04_10,미스터스톰,0
20250329,20250329_1_04,20250329_1_04_11,메니윈,0
20250329,20250329_1_05,20250329_1_05_01,비바청수,0
20250329,20250329_1_05,20250329_1_05_02,플랜비,0
20250329,20250329_1_05,20250329_1_05_03,강철전사,0
20250329,20250329_1_05,20250329_1_05_04,마이티봄,0
20250329,20250329_1_05,20250329_1_05_05,영원자이언트,0
20250329,20250329_1_05,20250329_1_05_06,지산포스,1
20250329,20250329_1_05,20250329_1_05_07,스피드카라,0
20250329,20250329_1_05,20250329_1_05_08,컬트트리플,0
20250329,20250329_1_05,20250329_1_05_09,용비킹,0
20250329,20250329_1_05,20250329_1_05_10,청량산,0
20250329,20250329_1_06,20250329_1_06_01,흥행불패,0
20250329,20250329_1_06,20250329_1_06_02,유레카,0
20250329,20250329_1_06,20250329_1_06_03,아라모아,0
20250329,20250329_1_06,20250329_1_06_04,라온주얼스톤,1
20250329,20250329_1_06,20250329_1_06_05,은빛돌풍,0
20250329,20250329_1_06,20250329_1_06_06,금악명장,0
20250329,20250329_1_06,20250329_1_06_07,오섬브레인,0
20250329,20250329_1_06,20250329_1_06_08,파이널축제,0
20250329,20250329_1_06,20250329_1_06_09,챌린지삭스,0
20250329,20250329_1_06,20250329_1_06_10,우광명,0
20250329,20250329_1_06,20250329_1_06_11,매직스트롱,0
20250329,20250329_1_07,20250329_1_07_01,위즈리얼리티,0
20250329,20250329_1_07,20250329_1_07_02,소울비트,0
20250329,20250329_1_07,20250329_1_07_03,세인트러너,0
20250329,20250329_1_07,20250329_1_07_05,영원빅맨,1
20250329,20250329_1_07,20250329_1_07_06,럭키프랭크,0
20250329,20250329_1_07,20250329_1_07_07,문학홀리데이,0
20250329,20250329_1_07,20250329_1_07_08,보름달빛,0
20250329,20250329_1_07,20250329_1_07_09,천구챗,0
20250329,20250329_1_07,20250329_1_07_10,투혼특급,0
20250329,20250329_1_07,20250329_1_07_11,관악산레오,0
20250329,20250329_1_08,20250329_1_08_01,대흥클래스,0
20250329,20250329_1_08,20250329_1_08_02,블랙모션,0
20250329,20250329_1_08,20250329_1_08_03,파르키우스,0
20250329,20250329_1_08,20250329_1_08_04,한강퍼펙트,0
20250329,20250329_1_08,20250329_1_08_05,라온탑플레이,0
20250329,20250329_1_08,20250329_1_08_06,리얼딜,1
20250329,20250329_1_08,20250329_1_08_07,달빛조각사,0
20250329,20250329_1_08,20250329_1_08_08,신의여제,0
20250329,20250329_1_08,20250329_1_08_09,벌교베리타스,0
20250329,20250329_1_08,20250329_1_08_10,네모프린스,0
20250329,20250329_1_08,20250329_1_08_11,글로벌매직,0
20250329,20250329_1_09,20250329_1_09_01,스토미케이,0
20250329,20250329_1_09,20250329_1_09_02,창조의아침,0
20250329,20250329_1_09,20250329_1_09_03,벌교의스타,1
20250329,20250329_1_09,20250329_1_09_04,정상제우스,0
20250329,20250329_1_09,20250329_1_09_06,메이저크라운,0
20250329,20250329_1_09,20250329_1_09_07,블랙건,0
20250329,20250329_1_09,20250329_1_09_08,프로시드,0
20250329,20250329_1_09,20250329_1_09_09,스카이함성,0
20250329,20250329_1_09,20250329_1_09_10,새로운빛깔,0
20250329,20250329_1_09,20250329_1_09_11,럭키붐,0
20250329,20250329_1_10,20250329_1_10_01,선드래곤,0
20250329,20250329_1_10,20250329_1_10_02,몬탁챗,0
20250329,20250329_1_10,20250329_1_10_03,은파사랑,0
20250329,20250329_1_10,20250329_1_10_04,히든삭스,0
20250329,20250329_1_10,20250329_1_10_05,점순이고,0
20250329,20250329_1_10,20250329_1_10_06,신의이름,1
20250329,20250329_1_10,20250329_1_10_07,청산영웅,0
20250329,20250329_1_10,20250329_1_10_08,그레이캣,0
20250329,20250329_1_10,20250329_1_10_09,럭키파티,0
20250329,20250329_1_10,20250329_1_10_10,엠제이베스트,0
20250329,20250329_1_10,20250329_1_10_11,울트라갤럭시,0
20250330,20250330_1_01,20250330_1_01_01,럭키데이,0
20250330,20250330_1_01,20250330_1_01_02,클럽큐,0
20250330,20250330_1_01,20250330_1_01_03,내길의에이스,0
20250330,20250330_1_01,20250330_1_01_04,라페스타,0
20250330,20250330_1_01,20250330_1_01_05,미라클삭스,0
20250330,20250330_1_01,20250330_1_01_06,스트리트루비,0
20250330,20250330_1_01,20250330_1_01_07,크리솔니케,0
20250330,20250330_1_01,20250330_1_01_08,미스페이머스,0
20250330,20250330_1_01,20250330_1_01_09,기대하라,0
20250330,20250330_1_01,20250330_1_01_10,스마트테이크,1
20250330,20250330_1_01,20250330_1_01_11,은파스위트,0
20250330,20250330_1_02,20250330_1_02_01,서울농부,0
20250330,20250330_1_02,20250330_1_02_02,라온사일런스,0
20250330,20250330_1_02,20250330_1_02_03,제이원파워,1
20250330,20250330_1_02,20250330_1_02_04,남촌서브,0
20250330,20250330_1_02,20250330_1_02_05,프루프,0
20250330,20250330_1_02,20250330_1_02_06,내게로와줘,0
20250330,20250330_1_02,20250330_1_02_07,선더파이어,0
20250330,20250330_1_02,20250330_1_02_08,위즈골드,0
20250330,20250330_1_02,20250330_1_02_09,투어펠릭스,0
20250330,20250330_1_02,20250330_1_02_10,인디언태핏,0
20250330,20250330_1_02,20250330_1_02_11,문학축제,0
20250330,20250330_1_03,20250330_1_03_01,사바나찰리,0
20250330,20250330_1_03,20250330_1_03_02,최강골드,1
20250330,20250330_1_03,20250330_1_03_03,또순이서울,0
20250330,20250330_1_03,20250330_1_03_04,이글윙즈,0
20250330,20250330_1_03,20250330_1_03_06,고스트크리솔,0
20250330,20250330_1_03,20250330_1_03_07,포에틱누비,0
20250330,20250330_1_03,20250330_1_03_08,금성보스,0
20250330,20250330_1_03,20250330_1_03_09,큐피드케이,0
20250330,20250330_1_03,20250330_1_03_10,관악산글로벌,0
20250330,20250330_1_03,20250330_1_03_11,마루별,0
20250330,20250330_1_04,20250330_1_04_01,라온노던댄스,0
20250330,20250330_1_04,20250330_1_04_02,투아레그나인,0
20250330,20250330_1_04,20250330_1_04_03,당대초월,0
20250330,20250330_1_04,20250330_1_04_04,여왕삭스,0
20250330,20250330_1_04,20250330_1_04_05,논스톱열차,0
20250330,20250330_1_04,20250330_1_04_06,그랜드쾌마,0
20250330,20250330_1_04,20250330_1_04_07,맥스파티,1
20250330,20250330_1_04,20250330_1_04_08,카일리,0
20250330,20250330_1_04,20250330_1_04_09,로터스미르,0
20250330,20250330_1_04,20250330_1_04_10,트롤,0
20250330,20250330_1_04,20250330_1_04_11,머니터치,0
20250330,20250330_1_05,20250330_1_05_01,장군마루,0
20250330,20250330_1_05,20250330_1_05_02,세명다이아,0
20250330,20250330_1_05,20250330_1_05_03,파워팔이영,0
20250330,20250330_1_05,20250330_1_05_04,글로벌서브,0
20250330,20250330_1_05,20250330_1_05_05,안다미로,1
20250330,20250330_1_05,20250330_1_05_06,손에손잡고,0
20250330,20250330_1_05,20250330_1_05_07,라온더케이샤,0
20250330,20250330_1_05,20250330_1_05_08,빅토리퀸,0
20250330,20250330_1_05,20250330_1_05_09,쇠와꽃,0
20250330,20250330_1_05,20250330_1_05_10,그래티튜드,0
20250330,20250330_1_05,20250330_1_05_11,마이선더,0
20250330,20250330_1_06,20250330_1_06_01,텐배거,0
20250330,20250330_1_06,20250330_1_06_02,제축이호,1
20250330,20250330_1_06,20250330_1_06_03,정문파파고,0
20250330,20250330_1_06,20250330_1_06_04,헤이큐피드,0
20250330,20250330_1_06,20250330_1_06_05,그냥가라,0
20250330,20250330_1_06,20250330_1_06_06,우주전쟁,0
20250330,20250330_1_06,20250330_1_06_07,새내칸,0
20250330,20250330_1_06,20250330_1_06_08,블러싱로즈,0
20250330,20250330_1_06,20250330_1_06_09,트로트퀸,0
20250330,20250330_1_06,20250330_1_06_10,드림스카이,0
20250330,20250330_1_06,20250330_1_06_11,안양기쁨,0
20250330,20250330_1_07,20250330_1_07_01,서머파티,0
20250330,20250330_1_07,20250330_1_07_02,비상데이,0
20250330,20250330_1_07,20250330_1_07_03,서울최강자,0
20250330,20250330_1_07,20250330_1_07_04,탐라최강자,0
20250330,20250330_1_07,20250330_1_07_05,블러드마운틴,0
20250330,20250330_1_07,20250330_1_07_06,퍼지킹,0
20250330,20250330_1_07,20250330_1_07_07,에클레어파워,0
20250330,20250330_1_07,20250330_1_07_08,브라이트위너,0
20250330,20250330_1_07,20250330_1_07_09,테마탄생,1
20250330,20250330_1_07,20250330_1_07_10,성실영웅,0
20250330,20250330_1_07,20250330_1_07_11,트리스탄왕자,0
20250330,20250330_1_08,20250330_1_08_01,아름다운사이,0
20250330,20250330_1_08,20250330_1_08_02,핵다이아,0
20250330,20250330_1_08,20250330_1_08_03,달금,0
20250330,20250330_1_08,20250330_1_08_04,런던에이스,1
20250330,20250330_1_08,20250330_1_08_05,걸작드림,0
20250330,20250330_1_08,20250330_1_08_06,리걸하이,0
20250330,20250330_1_08,20250330_1_08_07,컴플리트하트,0
20250330,20250330_1_08,20250330_1_08_08,트라움퀸,0
20250330,20250330_1_08,20250330_1_08_09,아치메모리,0
20250330,20250330_1_08,20250330_1_08_10,서부챔프,0
20250330,20250330_1_09,20250330_1_09_01,비야리카,0
20250330,20250330_1_09,20250330_1_09_02,장비대운,1
20250330,20250330_1_09,20250330_1_09_03,울트라선더,0
20250330,20250330_1_09,20250330_1_09_04,마이티스위트,0
20250330,20250330_1_09,20250330_1_09_05,킹다이아,0
20250330,20250330_1_09,20250330_1_09_06,핑크윈드,0
20250330,20250330_1_09,20250330_1_09_07,미스윈스타,0
20250330,20250330_1_09,20250330_1_09_08,스파크선더,0
20250330,20250330_1_09,20250330_1_09_09,콜긴,0
20250330,20250330_1_09,20250330_1_09_10,참좋은질주,0
20250330,20250330_1_09,20250330_1_09_11,한강보스,0
20250330,20250330_1_10,20250330_1_10_01,토르의망치,0
20250330,20250330_1_10,20250330_1_10_02,그랜드실버,0
20250330,20250330_1_10,20250330_1_10_03,미래타워,0
20250330,20250330_1_10,20250330_1_10_04,지모션,0
20250330,20250330_1_10,20250330_1_10_05,금세다,0
20250330,20250330_1_10,20250330_1_10_06,케이엔골든킹,0
20250330,20250330_1_10,20250330_1_10_07,매글데이,0
20250330,20250330_1_10,20250330_1_10_08,용암세상,1
20250330,20250330_1_10,20250330_1_10_09,대성스타,0
20250330,20250330_1_10,20250330_1_10_10,파워풀삭스,0
20250330,20250330_1_10,20250330_1_10_11,내길의퀸,0
20250330,20250330_1_11,20250330_1_11_01,아르고스마일,0
20250330,20250330_1_11,20250330_1_11_02,히어로파이터,0
20250330,20250330_1_11,20250330_1_11_03,장산몬스터,0
20250330,20250330_1_11,20250330_1_11_04,사려니퍼스트,0
20250330,20250330_1_11,20250330_1_11_05,글로벌삭스,0
20250330,20250330_1_11,20250330_1_11_06,글로벌영웅,0
20250330,20250330_1_11,20250330_1_11_07,최고블랙,0
20250330,20250330_1_11,20250330_1_11_08,마의웨이,1
20250330,20250330_1_11,20250330_1_11_09,메가드래곤,0
20250330,20250330_1_11,20250330_1_11_10,한강파워,0
20250330,20250330_1_11,20250330_1_11_11,마이티칩,0
20250405,20250405_1_01,20250405_1_01_01,스마트마루,0
20250405,20250405_1_01,20250405_1_01_02,팔로우미,0
20250405,20250405_1_01,20250405_1_01_03,질주의여왕,1
20250405,20250405_1_01,20250405_1_01_04,해맞이,0
20250405,20250405_1_01,20250405_1_01_05,패션스타,0
20250405,20250405_1_01,20250405_1_01_06,엑설런트한센,0
20250405,20250405_1_01,20250405_1_01_07,내길의챔프,0
20250405,20250405_1_01,20250405_1_01_08,글로리데이,0
20250405,20250405_1_01,20250405_1_01_09,브라운슈거,0
20250405,20250405_1_01,20250405_1_01_10,굿프렌드,0
20250405,20250405_1_01,20250405_1_01_11,라온파라노마,0
20250405,20250405_1_02,20250405_1_02_01,이클립스더퀸,1
20250405,20250405_1_02,20250405_1_02_02,송당황태자,0
20250405,20250405_1_02,20250405_1_02_03,빌리언보이,0
20250405,20250405_1_02,20250405_1_02_04,혁명의질주,0
20250405,20250405_1_02,20250405_1_02_05,승리바로우즈,0
20250405,20250405_1_02,20250405_1_02_06,불의세계,0
20250405,20250405_1_02,20250405_1_02_07,모닝원더,0
20250405,20250405_1_02,20250405_1_02_08,화랑산정기,0
20250405,20250405_1_02,20250405_1_02_09,텐코리아,0
20250405,20250405_1_02,20250405_1_02_10,영동신화,0
20250405,20250405_1_02,20250405_1_02_11,관악산위시미,0
20250405,20250405_1_03,20250405_1_03_01,연희히어로,1
20250405,20250405_1_03,20250405_1_03_02,리멤버어게인,0
20250405,20250405_1_03,20250405_1_03_03,나소챗,0
20250405,20250405_1_03,20250405_1_03_04,천지마켓,0
20250405,20250405_1_03,20250405_1_03_05,그리폰,0
20250405,20250405_1_03,20250405_1_03_06,머스퀸플라이,0
20250405,20250405_1_03,20250405_1_03_07,그린필스타,0
20250405,20250405_1_03,20250405_1_03_08,이스트킹스톤,0
20250405,20250405_1_03,20250405_1_03_09,에클레어,0
20250405,20250405_1_03,20250405_1_03_10,용비수,0
20250405,20250405_1_03,20250405_1_03_11,꿈의향기,0
20250405,20250405_1_04,20250405_1_04_01,선더스톰,0
20250405,20250405_1_04,20250405_1_04_02,당찬낭보,0
20250405,20250405_1_04,20250405_1_04_03,캠프데이비드,1
20250405,20250405_1_04,20250405_1_04_04,메가스텝,0
20250405,20250405_1_04,20250405_1_04_05,내추럴사운드,0
20250405,20250405_1_04,20250405_1_04_06,위드디스쿠로,0
20250405,20250405_1_04,20250405_1_04_07,태평무,0
20250405,20250405_1_04,20250405_1_04_08,레전드탄생,0
20250405,20250405_1_04,20250405_1_04_10,코스모킹,0
20250405,20250405_1_04,20250405_1_04_11,음성파워,0
20250405,20250405_1_05,20250405_1_05_01,지나송,0
20250405,20250405_1_05,20250405_1_05_02,골드퀸즈,0
20250405,20250405_1_05,20250405_1_05_03,해피익투스,0
20250405,20250405_1_05,20250405_1_05_04,분당쓰나미,0
20250405,20250405_1_05,20250405_1_05_05,금성환희,0
20250405,20250405_1_05,20250405_1_05_06,나올인디,0
20250405,20250405_1_05,20250405_1_05_07,큐피드하트,0
20250405,20250405_1_05,20250405_1_05_08,천궁스톰,1
20250405,20250405_1_05,20250405_1_05_09,선더여걸,0
20250405,20250405_1_05,20250405_1_05_10,메니참,0
20250405,20250405_1_06,20250405_1_06_01,한강캡틴,1
20250405,20250405_1_06,20250405_1_06_02,정성팩터,0
20250405,20250405_1_06,20250405_1_06_03,자체발광,0
20250405,20250405_1_06,20250405_1_06_04,원평타운,0
20250405,20250405_1_06,20250405_1_06_05,멋진강호,0
20250405,20250405_1_06,20250405_1_06_06,하이퍼엑스,0
20250405,20250405_1_06,20250405_1_06_07,빛의카,0
20250405,20250405_1_06,20250405_1_06_08,하트케이,0
20250405,20250405_1_06,20250405_1_06_09,골든스나이퍼,0
20250405,20250405_1_06,20250405_1_06_10,킹칼레,0
20250405,20250405_1_06,20250405_1_06_11,태칸,0
20250405,20250405_1_07,20250405_1_07_01,울트라망치,0
20250405,20250405_1_07,20250405_1_07_03,학산스피드,1
20250405,20250405_1_07,20250405_1_07_04,미스콩코드,0
20250405,20250405_1_07,20250405_1_07_05,글로리앤아너,0
20250405,20250405_1_07,20250405_1_07_06,아인슈페너,0
20250405,20250405_1_07,20250405_1_07_07,비케이러브,0
20250405,20250405_1_07,20250405_1_07_08,라온스프린터,0
20250405,20250405_1_07,20250405_1_07_09,스케일킹,0
20250405,20250405_1_07,20250405_1_07_10,백두보이,0
20250405,20250405_1_07,20250405_1_07_11,오스틴리더,0
20250405,20250405_1_08,20250405_1_08_01,글로리시티,0
20250405,20250405_1_08,20250405_1_08_02,달맞이,0
20250405,20250405_1_08,20250405_1_08_03,금빛천하,0
20250405,20250405_1_08,20250405_1_08_04,골든드래곤,0
20250405,20250405_1_08,20250405_1_08_05,블루인디,0
20250405,20250405_1_08,20250405_1_08_06,원더풀폭스,0
20250405,20250405_1_08,20250405_1_08_07,축배를들어라,0
20250405,20250405_1_08,20250405_1_08_08,백룡,0
20250405,20250405_1_08,20250405_1_08_10,나노마신,1
20250405,20250405_1_09,20250405_1_09_01,미스터퀄리티,0
20250405,20250405_1_09,20250405_1_09_02,매직그레이스,0
20250405,20250405_1_09,20250405_1_09_03,천지광풍,0
20250405,20250405_1_09,20250405_1_09_04,엘도라도강남,1
20250405,20250405_1_09,20250405_1_09_05,섀도헌터,0
20250405,20250405_1_09,20250405_1_09_06,럭셔리캡틴,0
20250405,20250405_1_09,20250405_1_09_07,발베니,0
20250405,20250405_1_09,20250405_1_09_09,서울탱크,0
20250405,20250405_1_09,20250405_1_09_10,베트캡틴,0
20250405,20250405_1_10,20250405_1_10_01,토호스카이,0
20250405,20250405_1_10,20250405_1_10_02,아르고리치,1
20250405,20250405_1_10,20250405_1_10_03,스톰브레이커,0
20250405,20250405_1_10,20250405_1_10_04,홀리데이참,0
20250405,20250405_1_10,20250405_1_10_05,세인트루카,0
20250405,20250405_1_10,20250405_1_10_06,문학태핏,0
20250405,20250405_1_10,20250405_1_10_07,뉴돌콩,0
20250405,20250405_1_10,20250405_1_10_08,자이언트펀치,0
20250405,20250405_1_10,20250405_1_10_09,펀크레이지,0
20250405,20250405_1_10,20250405_1_10_10,울트라드래곤,0
20250406,20250406_1_01,20250406_1_01_01,스터닝월드,0
20250406,20250406_1_01,20250406_1_01_02,거센지존,0
20250406,20250406_1_01,20250406_1_01_03,라온더빅레드,0
20250406,20250406_1_01,20250406_1_01_04,용암사랑,0
20250406,20250406_1_01,20250406_1_01_05,브리도트로피,1
20250406,20250406_1_01,20250406_1_01_06,케이사이먼,0
20250406,20250406_1_01,20250406_1_01_07,뉴카우보이,0
20250406,20250406_1_01,20250406_1_01_08,드림라이즈,0
20250406,20250406_1_01,20250406_1_01_09,미스스톰,0
20250406,20250406_1_01,20250406_1_01_10,최강스피드,0
20250406,20250406_1_01,20250406_1_01_11,크레이지애플,0
20250406,20250406_1_02,20250406_1_02_01,강철파워,0
20250406,20250406_1_02,20250406_1_02_02,러닝아티스트,0
20250406,20250406_1_02,20250406_1_02_03,스타킬러,0
20250406,20250406_1_02,20250406_1_02_04,하이크라운,0
20250406,20250406_1_02,20250406_1_02_05,과천퀸,0
20250406,20250406_1_02,20250406_1_02_06,세명스트롱,1
20250406,20250406_1_02,20250406_1_02_07,자존심공주,0
20250406,20250406_1_02,20250406_1_02_08,서해바다,0
20250406,20250406_1_02,20250406_1_02_09,이클립스탱고,0
20250406,20250406_1_02,20250406_1_02_10,러브스칼렛,0
20250406,20250406_1_02,20250406_1_02_11,용암스타,0
20250406,20250406_1_03,20250406_1_03_01,아메노,0
20250406,20250406_1_03,20250406_1_03_02,학산프린스,0
20250406,20250406_1_03,20250406_1_03_03,말스고,0
20250406,20250406_1_03,20250406_1_03_04,블루드래곤,0
20250406,20250406_1_03,20250406_1_03_05,킹워리어,1
20250406,20250406_1_03,20250406_1_03_06,라라걸,0
20250406,20250406_1_03,20250406_1_03_07,황금마스크,0
20250406,20250406_1_03,20250406_1_03_08,이슬처럼,0
20250406,20250406_1_03,20250406_1_03_09,파이널리더,0
20250406,20250406_1_03,20250406_1_03_10,일링크스,0
20250406,20250406_1_03,20250406_1_03_11,제너럴파워,0
20250406,20250406_1_04,20250406_1_04_01,탭딘,0
20250406,20250406_1_04,20250406_1_04_02,원더풀파피,0
20250406,20250406_1_04,20250406_1_04_03,정성바이스,0
20250406,20250406_1_04,20250406_1_04_04,원더풀위싱,0
20250406,20250406_1_04,20250406_1_04_05,터보삭스,0
20250406,20250406_1_04,20250406_1_04_06,탱글이,0
20250406,20250406_1_04,20250406_1_04_07,예스엔젤,0
20250406,20250406_1_04,20250406_1_04_08,벌교디와이,0
20250406,20250406_1_04,20250406_1_04_09,우마다치,0
20250406,20250406_1_04,20250406_1_04_10,원더풀스위트,1
20250406,20250406_1_04,20250406_1_04_11,골든볼,0
20250406,20250406_1_05,20250406_1_05_01,하이폴리,0
20250406,20250406_1_05,20250406_1_05_02,스페셜포스,0
20250406,20250406_1_05,20250406_1_05_03,호세,0
20250406,20250406_1_05,20250406_1_05_04,세광질주,0
20250406,20250406_1_05,20250406_1_05_05,거센폭주,1
20250406,20250406_1_05,20250406_1_05_06,천지스카이,0
20250406,20250406_1_05,20250406_1_05_08,메니샤크,0
20250406,20250406_1_05,20250406_1_05_09,라이트어블루,0
20250406,20250406_1_05,20250406_1_05_10,쏘아라스타,0
20250406,20250406_1_06,20250406_1_06_01,한강글로리,0
20250406,20250406_1_06,20250406_1_06_02,금빛강호,0
20250406,20250406_1_06,20250406_1_06_03,오송의별,0
20250406,20250406_1_06,20250406_1_06_04,선포레,0
20250406,20250406_1_06,20250406_1_06_05,케이파워풀,1
20250406,20250406_1_06,20250406_1_06_06,인피니트아너,0
20250406,20250406_1_06,20250406_1_06_07,스피디루키,0
20250406,20250406_1_06,20250406_1_06_08,정상해돋이,0
20250406,20250406_1_06,20250406_1_06_09,빛나는질주,0
20250406,20250406_1_06,20250406_1_06_10,선더블루,0
20250406,20250406_1_06,20250406_1_06_11,티나케이,0
20250406,20250406_1_07,20250406_1_07_01,하이러너,0
20250406,20250406_1_07,20250406_1_07_02,스마트삭스,0
20250406,20250406_1_07,20250406_1_07_03,찬란한불꽃,0
20250406,20250406_1_07,20250406_1_07_04,금악진주,0
20250406,20250406_1_07,20250406_1_07_06,스터닝레이디,0
20250406,20250406_1_07,20250406_1_07_08,일동박수,0
20250406,20250406_1_07,20250406_1_07_09,아르고공주,0
20250406,20250406_1_07,20250406_1_07_10,검이불루,1
20250406,20250406_1_07,20250406_1_07_11,슈팅리버스,0
20250406,20250406_1_08,20250406_1_08_01,학산마초,0
20250406,20250406_1_08,20250406_1_08_02,베스트전사,1
20250406,20250406_1_08,20250406_1_08_03,한우리,0
20250406,20250406_1_08,20250406_1_08_04,엑설런트탄,0
20250406,20250406_1_08,20250406_1_08_05,쾌향,0
20250406,20250406_1_08,20250406_1_08_06,라온티모스,0
20250406,20250406_1_08,20250406_1_08_07,동진불패,0
20250406,20250406_1_08,20250406_1_08_08,새내파워풀,0
20250406,20250406_1_08,20250406_1_08_09,우승콩코드,0
20250406,20250406_1_08,20250406_1_08_10,머니가락,0
20250406,20250406_1_08,20250406_1_08_11,제이모션,0
20250406,20250406_1_09,20250406_1_09_01,성은크라운,0
20250406,20250406_1_09,20250406_1_09_02,미스터파워,0
20250406,20250406_1_09,20250406_1_09_03,컴플리트리더,1
20250406,20250406_1_09,20250406_1_09_04,스톰가이,0
20250406,20250406_1_09,20250406_1_09_05,원더풀남촌,0
20250406,20250406_1_09,20250406_1_09_06,시크릿왕자,0
20250406,20250406_1_09,20250406_1_09_07,선더호스,0
20250406,20250406_1_09,20250406_1_09_08,슈퍼엑톤,0
20250406,20250406_1_09,20250406_1_09_09,골드뭉치,0
20250406,20250406_1_10,20250406_1_10_01,이스트반,0
20250406,20250406_1_10,20250406_1_10_02,월드블레임,0
20250406,20250406_1_10,20250406_1_10_03,원더풀인디,0
20250406,20250406_1_10,20250406_1_10_04,사하라몬드,0
20250406,20250406_1_10,20250406_1_10_05,나라올라,1
20250406,20250406_1_10,20250406_1_10_06,금아파이어리,0
20250406,20250406_1_10,20250406_1_10_07,마이티탭,0
20250406,20250406_1_10,20250406_1_10_08,메이킹스토리,0
20250406,20250406_1_10,20250406_1_10_09,엔딩파이어,0
20250406,20250406_1_11,20250406_1_11_01,블랙벨트,0
20250406,20250406_1_11,20250406_1_11_02,포에버드림,0
20250406,20250406_1_11,20250406_1_11_03,아이엠짱,1
20250406,20250406_1_11,20250406_1_11_04,글로벌보배,0
20250406,20250406_1_11,20250406_1_11_05,대사리,0
20250406,20250406_1_11,20250406_1_11_06,남산의별,0
20250406,20250406_1_11,20250406_1_11_08,럭키월드,0
20250406,20250406_1_11,20250406_1_11_09,라온더포인트,0
20250406,20250406_1_11,20250406_1_11_10,컴플리트레벨,0
20250406,20250406_1_11,20250406_1_11_11,마이센터,0
20250412,20250412_1_01,20250412_1_01_01,황미르,0
20250412,20250412_1_01,20250412_1_01_02,럭키데이,1
20250412,20250412_1_01,20250412_1_01_03,원더풀캐시,0
20250412,20250412_1_01,20250412_1_01_04,트리플팔메토,0
20250412,20250412_1_01,20250412_1_01_05,걸작축제,0
20250412,20250412_1_01,20250412_1_01_06,라온더캐비아,0
20250412,20250412_1_01,20250412_1_01_07,누리으뜸,0
20250412,20250412_1_01,20250412_1_01_08,럭키에이원,0
20250412,20250412_1_01,20250412_1_01_09,크레이지마리,0
20250412,20250412_1_01,20250412_1_01_10,골드캐처,0
20250412,20250412_1_01,20250412_1_01_11,진주의심장,0
20250412,20250412_1_02,20250412_1_02_01,알리페르,0
20250412,20250412_1_02,20250412_1_02_02,영원포텐,0
20250412,20250412_1_02,20250412_1_02_03,드래곤판타지,0
20250412,20250412_1_02,20250412_1_02_04,홀리카이저,0
20250412,20250412_1_02,20250412_1_02_05,오섬스텝,0
20250412,20250412_1_02,20250412_1_02_06,빈체로큐,1
20250412,20250412_1_02,20250412_1_02_07,즐거운상상,0
20250412,20250412_1_02,20250412_1_02_08,여명의순간,0
20250412,20250412_1_02,20250412_1_02_09,벌교박강굴,0
20250412,20250412_1_02,20250412_1_02_10,시크릿울프,0
20250412,20250412_1_02,20250412_1_02_11,새내파크,0
20250412,20250412_1_03,20250412_1_03_01,히어로골드,0
20250412,20250412_1_03,20250412_1_03_02,산방봄날,0
20250412,20250412_1_03,20250412_1_03_03,캡틴뮤직,0
20250412,20250412_1_03,20250412_1_03_04,마루별,0
20250412,20250412_1_03,20250412_1_03_05,챔피언스필드,0
20250412,20250412_1_03,20250412_1_03_06,히어로초이스,0
20250412,20250412_1_03,20250412_1_03_07,퍼펙트게임,0
20250412,20250412_1_03,20250412_1_03_08,커맨딩리드,0
20250412,20250412_1_03,20250412_1_03_09,에코포레,1
20250412,20250412_1_04,20250412_1_04_01,롯폰기드래곤,0
20250412,20250412_1_04,20250412_1_04_02,스터닝머니,0
20250412,20250412_1_04,20250412_1_04_03,월드조이,0
20250412,20250412_1_04,20250412_1_04_04,퍼펙트건맨,0
20250412,20250412_1_04,20250412_1_04_05,토네르,1
20250412,20250412_1_04,20250412_1_04_06,글로벌클래스,0
20250412,20250412_1_04,20250412_1_04_07,페더럴킹,0
20250412,20250412_1_04,20250412_1_04_08,퀸아비게일,0
20250412,20250412_1_04,20250412_1_04_09,샤크텐,0
20250412,20250412_1_05,20250412_1_05_01,원더풀패스,0
20250412,20250412_1_05,20250412_1_05_02,새로운가이,0
20250412,20250412_1_05,20250412_1_05_03,빅에너지,0
20250412,20250412_1_05,20250412_1_05_04,레인스타,0
20250412,20250412_1_05,20250412_1_05_05,금성여제,0
20250412,20250412_1_05,20250412_1_05_06,스파르탄,0
20250412,20250412_1_05,20250412_1_05_07,임로,1
20250412,20250412_1_05,20250412_1_05_08,학산대세,0
20250412,20250412_1_05,20250412_1_05_09,민트플레이,0
20250412,20250412_1_05,20250412_1_05_10,라온스필레타,0
20250412,20250412_1_05,20250412_1_05_11,내길의여정,0
20250412,20250412_1_06,20250412_1_06_01,뉴질랜드삭스,0
20250412,20250412_1_06,20250412_1_06_02,신의운명,0
20250412,20250412_1_06,20250412_1_06_03,땡큐대천,0
20250412,20250412_1_06,20250412_1_06_04,안양천둥,0
20250412,20250412_1_06,20250412_1_06_05,드래곤게이트,0
20250412,20250412_1_06,20250412_1_06_06,빅블레드,0
20250412,20250412_1_06,20250412_1_06_07,서머파티,1
20250412,20250412_1_06,20250412_1_06_09,더자이언트,0
20250412,20250412_1_07,20250412_1_07_01,파워풀삭스,0
20250412,20250412_1_07,20250412_1_07_02,우루스퀸,0
20250412,20250412_1_07,20250412_1_07_03,드래곤스퀘어,0
20250412,20250412_1_07,20250412_1_07_04,불의날개,1
20250412,20250412_1_07,20250412_1_07_05,스틸플레이,0
20250412,20250412_1_07,20250412_1_07_06,굿니센,0
20250412,20250412_1_07,20250412_1_07_07,더선파이터,0
20250412,20250412_1_07,20250412_1_07_08,원더풀제트,0
20250412,20250412_1_07,20250412_1_07_09,바람의검,0
20250412,20250412_1_07,20250412_1_07_10,비트러너,0
20250412,20250412_1_07,20250412_1_07_11,킹아너,0
20250412,20250412_1_08,20250412_1_08_01,기쁨함성,0
20250412,20250412_1_08,20250412_1_08_02,바주카보이,0
20250412,20250412_1_08,20250412_1_08_03,시티킹,1
20250412,20250412_1_08,20250412_1_08_04,오래다함께,0
20250412,20250412_1_08,20250412_1_08_05,명진불패,0
20250412,20250412_1_08,20250412_1_08_06,대승마,0
20250412,20250412_1_08,20250412_1_08_07,새로운빛깔,0
20250412,20250412_1_08,20250412_1_08_08,대즐러시,0
20250412,20250412_1_08,20250412_1_08_09,파워풀화성,0
20250412,20250412_1_09,20250412_1_09_01,미스윈스타,0
20250412,20250412_1_09,20250412_1_09_02,골드시대,0
20250412,20250412_1_09,20250412_1_09_03,파워빅토리,0
20250412,20250412_1_09,20250412_1_09_04,콜긴,0
20250412,20250412_1_09,20250412_1_09_05,원펀치드래곤,1
20250412,20250412_1_09,20250412_1_09_06,정우포에버,0
20250412,20250412_1_09,20250412_1_09_07,스타체인저,0
20250412,20250412_1_09,20250412_1_09_08,명성축제,0
20250412,20250412_1_09,20250412_1_09_09,드림플레이,0
20250412,20250412_1_09,20250412_1_09_10,페어스카이즈,0
20250412,20250412_1_10,20250412_1_10_01,새내타운,1
20250412,20250412_1_10,20250412_1_10_02,엠제이베스트,0
20250412,20250412_1_10,20250412_1_10_03,행복한문막,0
20250412,20250412_1_10,20250412_1_10_04,대물,0
20250412,20250412_1_10,20250412_1_10_05,동진최강,0
20250412,20250412_1_10,20250412_1_10_06,거센반격,0
20250412,20250412_1_10,20250412_1_10_07,업타운위즈,0
20250412,20250412_1_10,20250412_1_10_08,원평리스트,0
20250412,20250412_1_10,20250412_1_10_09,파이어걸,0
20250412,20250412_1_10,20250412_1_10_10,미라클한강,0
20250412,20250412_1_10,20250412_1_10_11,터프맨,0
20250413,20250413_1_01,20250413_1_01_01,미스터카라,0
20250413,20250413_1_01,20250413_1_01_02,레이스로즈,1
20250413,20250413_1_01,20250413_1_01_03,레전드룰즈,0
20250413,20250413_1_01,20250413_1_01_04,타이거케이,0
20250413,20250413_1_01,20250413_1_01_05,다이아룩,0
20250413,20250413_1_01,20250413_1_01_06,두레이쇼,0
20250413,20250413_1_01,20250413_1_01_07,두손으뜸,0
20250413,20250413_1_01,20250413_1_01_08,모던파티,0
20250413,20250413_1_01,20250413_1_01_09,청해스타,0
20250413,20250413_1_01,20250413_1_01_10,용암기쁨,0
20250413,20250413_1_01,20250413_1_01_11,영광의스카이,0
20250413,20250413_1_03,20250413_1_03_01,그래티튜드,0
20250413,20250413_1_03,20250413_1_03_02,주링스카이,0
20250413,20250413_1_03,20250413_1_03_03,해제여걸,0
20250413,20250413_1_03,20250413_1_03_04,원평광야,0
20250413,20250413_1_03,20250413_1_03_05,원더풀스피릿,0
20250413,20250413_1_03,20250413_1_03_06,파이널질주,0
20250413,20250413_1_03,20250413_1_03_07,어퍼핸드,1
20250413,20250413_1_03,20250413_1_03_08,엑설런트마타,0
20250413,20250413_1_03,20250413_1_03_09,굿파이터,0
20250413,20250413_1_04,20250413_1_04_02,화이트칼라,0
20250413,20250413_1_04,20250413_1_04_03,서울빙고,0
20250413,20250413_1_04,20250413_1_04_04,그로우,0
20250413,20250413_1_04,20250413_1_04_05,쌍옥루,0
20250413,20250413_1_04,20250413_1_04_06,트롤,0
20250413,20250413_1_04,20250413_1_04_07,크로마이트,0
20250413,20250413_1_04,20250413_1_04_08,학산다크호스,1
20250413,20250413_1_04,20250413_1_04_09,라이언하트,0
20250413,20250413_1_04,20250413_1_04_10,엘리트피스,0
20250413,20250413_1_04,20250413_1_04_11,레전드와우,0
20250413,20250413_1_05,20250413_1_05_01,레전드선,0
20250413,20250413_1_05,20250413_1_05_02,맥스위크,1
20250413,20250413_1_05,20250413_1_05_03,희망의찬가,0
20250413,20250413_1_05,20250413_1_05_04,찬이고,0
20250413,20250413_1_05,20250413_1_05_05,다나은킹덤,0
20250413,20250413_1_05,20250413_1_05_06,청산질주,0
20250413,20250413_1_05,20250413_1_05_07,히어로전사,0
20250413,20250413_1_05,20250413_1_05_08,용암마렝고,0
20250413,20250413_1_05,20250413_1_05_09,라온히트맨,0
20250413,20250413_1_05,20250413_1_05_10,고마나루,0
20250413,20250413_1_06,20250413_1_06_01,파이널케이,1
20250413,20250413_1_06,20250413_1_06_02,이클립스더킹,0
20250413,20250413_1_06,20250413_1_06_03,태풍처럼,0
20250413,20250413_1_06,20250413_1_06_04,드림아너,0
20250413,20250413_1_06,20250413_1_06_05,캡틴군주,0
20250413,20250413_1_06,20250413_1_06_06,팔라티노,0
20250413,20250413_1_06,20250413_1_06_07,티아라수아,0
20250413,20250413_1_06,20250413_1_06_08,엠케이모찌,0
20250413,20250413_1_06,20250413_1_06_09,머스킷데이,0
20250413,20250413_1_07,20250413_1_07_01,나이스타임,0
20250413,20250413_1_07,20250413_1_07_02,만대로,0
20250413,20250413_1_07,20250413_1_07_03,광치기,0
20250413,20250413_1_07,20250413_1_07_04,서니로드,0
20250413,20250413_1_07,20250413_1_07_05,위너영,0
20250413,20250413_1_07,20250413_1_07_06,자이언트스텝,1
20250413,20250413_1_07,20250413_1_07_07,스피드원,0
20250413,20250413_1_07,20250413_1_07_08,더플레이어,0
20250413,20250413_1_07,20250413_1_07_09,드론킬러,0
20250413,20250413_1_07,20250413_1_07_10,스마트캣,0
20250413,20250413_1_08,20250413_1_08_01,슈퍼피니시,0
20250413,20250413_1_08,20250413_1_08_02,[부산경남]킹애니데이,0
20250413,20250413_1_08,20250413_1_08_03,대한질주,0
20250413,20250413_1_08,20250413_1_08_04,빈체로카발로,1
20250413,20250413_1_08,20250413_1_08_05,[부산경남]블랙맘바,0
20250413,20250413_1_08,20250413_1_08_06,[부산경남]최고의꿈,0
20250413,20250413_1_08,20250413_1_08_07,빅스고,0
20250413,20250413_1_08,20250413_1_08_08,[부산경남]쏜살,0
20250413,20250413_1_08,20250413_1_08_09,어서말을해,0
20250413,20250413_1_08,20250413_1_08_10,영광의월드,0
20250413,20250413_1_08,20250413_1_08_11,블랙머스크,0
20250413,20250413_1_08,20250413_1_08_12,섬싱로스트,0
20250413,20250413_1_08,20250413_1_08_13,마이티고,0
20250413,20250413_1_08,20250413_1_08_14,바이스로이,0
20250413,20250413_1_08,20250413_1_08_15,어마어마,0
20250413,20250413_1_09,20250413_1_09_01,제다이포스,0
20250413,20250413_1_09,20250413_1_09_02,세이렌,0
20250413,20250413_1_09,20250413_1_09_03,이스트점프,0
20250413,20250413_1_09,20250413_1_09_04,블루레몬,1
20250413,20250413_1_09,20250413_1_09_05,퓨리오사,0
20250413,20250413_1_09,20250413_1_09_06,컴플리트타임,0
20250413,20250413_1_09,20250413_1_09_07,성실인동,0
20250413,20250413_1_09,20250413_1_09_08,사탕소녀,0
20250413,20250413_1_09,20250413_1_09_09,벨로테로,0
20250413,20250413_1_09,20250413_1_09_10,장비무지개,0
20250413,20250413_1_09,20250413_1_09_11,바람의향기,0
20250413,20250413_1_09,20250413_1_09_12,점순이고,0
20250413,20250413_1_09,20250413_1_09_13,기분좋은말,0
20250413,20250413_1_10,20250413_1_10_01,카라위너,0
20250413,20250413_1_10,20250413_1_10_02,트로트퀸,0
20250413,20250413_1_10,20250413_1_10_03,풍운지마,0
20250413,20250413_1_10,20250413_1_10_04,위즈캠페인,1
20250413,20250413_1_10,20250413_1_10_06,울트라히트,0
20250413,20250413_1_10,20250413_1_10_07,벌교차돌,0
20250413,20250413_1_10,20250413_1_10_08,나올대왕,0
20250413,20250413_1_10,20250413_1_10_09,우주의봄,0
20250413,20250413_1_10,20250413_1_10_10,하이퍼선더,0
20250413,20250413_1_10,20250413_1_10_11,마이티아미,0
20250413,20250413_1_11,20250413_1_11_01,에클레어퓨리,0
20250413,20250413_1_11,20250413_1_11_02,드림아일,0
20250413,20250413_1_11,20250413_1_11_03,탑티어,1
20250413,20250413_1_11,20250413_1_11_04,어퓨어굿우먼,0
20250413,20250413_1_11,20250413_1_11_05,콩나물,0
20250413,20250413_1_11,20250413_1_11_06,금세,0
20250413,20250413_1_11,20250413_1_11_07,라온더코브라,0
20250413,20250413_1_11,20250413_1_11_08,용비서울,0
20250413,20250413_1_11,20250413_1_11_09,서부특송,0
20250413,20250413_1_11,20250413_1_11_10,글로벌코디,0
20250413,20250413_1_11,20250413_1_11_11,별나라비마,0
20250419,20250419_1_01,20250419_1_01_01,우억수로,1
20250419,20250419_1_01,20250419_1_01_02,차밍큐피드,0
20250419,20250419_1_01,20250419_1_01_03,딕시맨,0
20250419,20250419_1_01,20250419_1_01_04,주화,0
20250419,20250419_1_01,20250419_1_01_05,레이디버드,0
20250419,20250419_1_01,20250419_1_01_06,골드스피닝,0
20250419,20250419_1_01,20250419_1_01_07,코스모밍,0
20250419,20250419_1_01,20250419_1_01_08,붉은태양,0
20250419,20250419_1_01,20250419_1_01_09,어플리트런,0
20250419,20250419_1_01,20250419_1_01_10,문학댄스,0
20250419,20250419_1_01,20250419_1_01_11,파이널축배,0
20250419,20250419_1_02,20250419_1_02_01,문학축제,1
20250419,20250419_1_02,20250419_1_02_02,초코뷰티,0
20250419,20250419_1_02,20250419_1_02_03,조이천하,0
20250419,20250419_1_02,20250419_1_02_04,섬싱다크,0
20250419,20250419_1_02,20250419_1_02_05,이스트스카이,0
20250419,20250419_1_02,20250419_1_02_06,선더럭키,0
20250419,20250419_1_02,20250419_1_02_07,골든메이커,0
20250419,20250419_1_02,20250419_1_02_08,아메노,0
20250419,20250419_1_02,20250419_1_02_09,그랜드파크,0
20250419,20250419_1_02,20250419_1_02_10,비상벨,0
20250419,20250419_1_02,20250419_1_02_11,세광쏜살,0
20250419,20250419_1_03,20250419_1_03_01,매직위드유,0
20250419,20250419_1_03,20250419_1_03_02,제축로그인,1
20250419,20250419_1_03,20250419_1_03_03,골든볼,0
20250419,20250419_1_03,20250419_1_03_04,혁무상,0
20250419,20250419_1_03,20250419_1_03_05,핑크골드,0
20250419,20250419_1_03,20250419_1_03_06,뷰티풀화성,0
20250419,20250419_1_03,20250419_1_03_07,파사루봉,0
20250419,20250419_1_03,20250419_1_03_08,카스,0
20250419,20250419_1_03,20250419_1_03_09,라온니진스키,0
20250419,20250419_1_03,20250419_1_03_10,웨스턴건,0
20250419,20250419_1_03,20250419_1_03_11,메니참,0
20250419,20250419_1_04,20250419_1_04_01,송암스카이,0
20250419,20250419_1_04,20250419_1_04_02,동키플레이,1
20250419,20250419_1_04,20250419_1_04_03,맥스탱고,0
20250419,20250419_1_04,20250419_1_04_04,학산챔프,0
20250419,20250419_1_04,20250419_1_04_05,원더풀시킹,0
20250419,20250419_1_04,20250419_1_04_06,벌교라바,0
20250419,20250419_1_04,20250419_1_04_07,그린콩코드,0
20250419,20250419_1_04,20250419_1_04_08,칸누트,0
20250419,20250419_1_04,20250419_1_04_09,메니샤크,0
20250419,20250419_1_04,20250419_1_04_10,여왕삭스,0
20250419,20250419_1_04,20250419_1_04_11,비바청수,0
20250419,20250419_1_05,20250419_1_05_01,스마일링프린스,0
20250419,20250419_1_05,20250419_1_05_02,이스트강적,1
20250419,20250419_1_05,20250419_1_05_03,대박스타,0
20250419,20250419_1_05,20250419_1_05_04,탄성의반석,0
20250419,20250419_1_05,20250419_1_05_05,우주전쟁,0
20250419,20250419_1_05,20250419_1_05_06,한강판타스틱,0
20250419,20250419_1_05,20250419_1_05_07,스피닝칸트,0
20250419,20250419_1_05,20250419_1_05_08,텐배거,0
20250419,20250419_1_05,20250419_1_05_09,선포레,0
20250419,20250419_1_05,20250419_1_05_10,라파예트,0
20250419,20250419_1_05,20250419_1_05_11,천둥라이언,0
20250419,20250419_1_06,20250419_1_06_01,비전파워,1
20250419,20250419_1_06,20250419_1_06_02,원더풀폭스,0
20250419,20250419_1_06,20250419_1_06_03,마이티쎈,0
20250419,20250419_1_06,20250419_1_06_04,서울돌풍,0
20250419,20250419_1_06,20250419_1_06_05,윈캐처,0
20250419,20250419_1_06,20250419_1_06_06,글로벌트레저,0
20250419,20250419_1_06,20250419_1_06_07,티즈에너지,0
20250419,20250419_1_06,20250419_1_06_08,블러드마운틴,0
20250419,20250419_1_06,20250419_1_06_09,천구챗,0
20250419,20250419_1_06,20250419_1_06_10,남산무적,0
20250419,20250419_1_06,20250419_1_06_11,러브오마인,0
20250419,20250419_1_07,20250419_1_07_01,스페셜타임,0
20250419,20250419_1_07,20250419_1_07_02,스터닝퀸,0
20250419,20250419_1_07,20250419_1_07_03,런와일드,0
20250419,20250419_1_07,20250419_1_07_04,긴샤리보이,0
20250419,20250419_1_07,20250419_1_07_05,터치참,0
20250419,20250419_1_07,20250419_1_07_06,킹고태양,0
20250419,20250419_1_07,20250419_1_07_07,모어댄조크,1
20250419,20250419_1_07,20250419_1_07_08,아르고탑,0
20250419,20250419_1_07,20250419_1_07_09,최강타임,0
20250419,20250419_1_07,20250419_1_07_10,나노메타,0
20250419,20250419_1_07,20250419_1_07_11,레이디태풍,0
20250419,20250419_1_08,20250419_1_08_01,플라잉오크스,0
20250419,20250419_1_08,20250419_1_08_02,노블마이디어,0
20250419,20250419_1_08,20250419_1_08_03,캄인스톰,0
20250419,20250419_1_08,20250419_1_08_04,프리더원,1
20250419,20250419_1_08,20250419_1_08_05,그레이캔디,0
20250419,20250419_1_08,20250419_1_08_06,에이스케이,0
20250419,20250419_1_08,20250419_1_08_07,사다우카,0
20250419,20250419_1_08,20250419_1_08_08,관악산타이거,0
20250419,20250419_1_08,20250419_1_08_09,명맨,0
20250419,20250419_1_08,20250419_1_08_10,블루넬로,0
20250419,20250419_1_08,20250419_1_08_11,스톰크라운,0
20250419,20250419_1_09,20250419_1_09_01,케이엔라이트,0
20250419,20250419_1_09,20250419_1_09_02,티즈인디,0
20250419,20250419_1_09,20250419_1_09_03,새파랑,0
20250419,20250419_1_09,20250419_1_09_04,굿해피,0
20250419,20250419_1_09,20250419_1_09_05,케이엔골든킹,0
20250419,20250419_1_09,20250419_1_09_06,주몽천하,0
20250419,20250419_1_09,20250419_1_09_07,골든아너,0
20250419,20250419_1_09,20250419_1_09_08,한강히어로,0
20250419,20250419_1_09,20250419_1_09_09,울트라선더,0
20250419,20250419_1_09,20250419_1_09_10,엠지베스트,0
20250419,20250419_1_09,20250419_1_09_11,매직포션,1
20250419,20250419_1_10,20250419_1_10_01,몬탁챗,0
20250419,20250419_1_10,20250419_1_10_02,나이스태양,1
20250419,20250419_1_10,20250419_1_10_03,클럽디,0
20250419,20250419_1_10,20250419_1_10_04,에이스군주,0
20250419,20250419_1_10,20250419_1_10_05,장산포이즌,0
20250419,20250419_1_10,20250419_1_10_06,머스탱파워,0
20250419,20250419_1_10,20250419_1_10_07,하이그랜드,0
20250419,20250419_1_10,20250419_1_10_08,매글데이,0
20250419,20250419_1_10,20250419_1_10_09,지구라트,0
20250419,20250419_1_10,20250419_1_10_10,이스트웨스트,0
20250419,20250419_1_10,20250419_1_10_11,별나라질주,0
20250420,20250420_1_01,20250420_1_01_01,대한코코즈,0
20250420,20250420_1_01,20250420_1_01_03,몬탁선샤인,0
20250420,20250420_1_01,20250420_1_01_04,대원용마,0
20250420,20250420_1_01,20250420_1_01_05,세명고스트,0
20250420,20250420_1_01,20250420_1_01_06,스마트밍크,0
20250420,20250420_1_01,20250420_1_01_08,지산프렌드,0
20250420,20250420_1_01,20250420_1_01_09,플라잉콩코드,1
20250420,20250420_1_01,20250420_1_01_10,스카이로열,0
20250420,20250420_1_01,20250420_1_01_11,청룡기운,0
20250420,20250420_1_02,20250420_1_02_01,차밍퀸,0
20250420,20250420_1_02,20250420_1_02_02,스마트노션,0
20250420,20250420_1_02,20250420_1_02_04,오섬퀸,1
20250420,20250420_1_02,20250420_1_02_05,파이널리더,0
20250420,20250420_1_02,20250420_1_02_06,폭스트롯,0
20250420,20250420_1_02,20250420_1_02_07,키아오라,0
20250420,20250420_1_02,20250420_1_02_10,은파스위트,0
20250420,20250420_1_02,20250420_1_02_11,어나더퀸,0
20250420,20250420_1_03,20250420_1_03_01,블랙스마일,0
20250420,20250420_1_03,20250420_1_03_02,스텝바이스텝,0
20250420,20250420_1_03,20250420_1_03_03,퍼지루비,0
20250420,20250420_1_03,20250420_1_03_04,강철파워,0
20250420,20250420_1_03,20250420_1_03_05,퀀텀케이,1
20250420,20250420_1_03,20250420_1_03_08,프루프,0
20250420,20250420_1_03,20250420_1_03_09,빛의순간,0
20250420,20250420_1_04,20250420_1_04_01,이클립스에지,0
20250420,20250420_1_04,20250420_1_04_02,투아레그나인,0
20250420,20250420_1_04,20250420_1_04_03,금성파워,0
20250420,20250420_1_04,20250420_1_04_04,거센여제,0
20250420,20250420_1_04,20250420_1_04_05,학산카이로,0
20250420,20250420_1_04,20250420_1_04_06,당대초월,0
20250420,20250420_1_04,20250420_1_04_07,대물삭스,0
20250420,20250420_1_04,20250420_1_04_09,우승진리,1
20250420,20250420_1_04,20250420_1_04_10,붉은폭풍,0
20250420,20250420_1_05,20250420_1_05_01,배다리쾌검,0
20250420,20250420_1_05,20250420_1_05_02,학산클리어,0
20250420,20250420_1_05,20250420_1_05_03,로열플러스,0
20250420,20250420_1_05,20250420_1_05_04,위고하이,1
20250420,20250420_1_05,20250420_1_05_05,원평강자,0
20250420,20250420_1_05,20250420_1_05_06,캡처,0
20250420,20250420_1_05,20250420_1_05_07,행복여전사,0
20250420,20250420_1_05,20250420_1_05_08,솔레어,0
20250420,20250420_1_05,20250420_1_05_09,벌교위수,0
20250420,20250420_1_05,20250420_1_05_10,제라퀸,0
20250420,20250420_1_05,20250420_1_05_11,하늘감동,0
20250420,20250420_1_06,20250420_1_06_02,럭키페이머스,0
20250420,20250420_1_06,20250420_1_06_03,은파뮤직,0
20250420,20250420_1_06,20250420_1_06_04,블랙시대,0
20250420,20250420_1_06,20250420_1_06_05,엘도라도흥부,0
20250420,20250420_1_06,20250420_1_06_06,세명레이디,0
20250420,20250420_1_06,20250420_1_06_07,고오고오,0
20250420,20250420_1_06,20250420_1_06_08,슈퍼블루문,1
20250420,20250420_1_06,20250420_1_06_09,청룡의칼,0
20250420,20250420_1_06,20250420_1_06_10,이클립스블랙,0
20250420,20250420_1_06,20250420_1_06_11,코탑,0
20250420,20250420_1_07,20250420_1_07_01,[부산경남]투혼의반석,0
20250420,20250420_1_07,20250420_1_07_02,[부산경남]미러클마린,0
20250420,20250420_1_07,20250420_1_07_03,유메노호노오,0
20250420,20250420_1_07,20250420_1_07_04,티즈바로우즈,0
20250420,20250420_1_07,20250420_1_07_05,노던타임,0
20250420,20250420_1_07,20250420_1_07_06,볼트맨,0
20250420,20250420_1_07,20250420_1_07_07,마이티굿,0
20250420,20250420_1_07,20250420_1_07_08,블랙벨트,0
20250420,20250420_1_07,20250420_1_07_09,[부산경남]석세스백파,0
20250420,20250420_1_07,20250420_1_07_10,나올스나이퍼,0
20250420,20250420_1_07,20250420_1_07_11,너트플레이,0
20250420,20250420_1_07,20250420_1_07_12,[부산경남]글로벌히트,1
20250420,20250420_1_07,20250420_1_07_13,늘가을,0
20250420,20250420_1_07,20250420_1_07_15,[부산경남]스피드영,0
20250420,20250420_1_08,20250420_1_08_01,피어리스,0
20250420,20250420_1_08,20250420_1_08_02,매직프린스,0
20250420,20250420_1_08,20250420_1_08_03,테마탄생,0
20250420,20250420_1_08,20250420_1_08_05,월드킹맨,0
20250420,20250420_1_08,20250420_1_08_06,드림카드,0
20250420,20250420_1_08,20250420_1_08_07,퍼지킹,1
20250420,20250420_1_08,20250420_1_08_08,데블케이,0
20250420,20250420_1_08,20250420_1_08_09,퍼플신화,0
20250420,20250420_1_08,20250420_1_08_10,제타마스터,0
20250420,20250420_1_08,20250420_1_08_11,볼린,0
20250420,20250420_1_09,20250420_1_09_01,나비드,0
20250420,20250420_1_09,20250420_1_09_02,용비파워,0
20250420,20250420_1_09,20250420_1_09_03,스토미케이,0
20250420,20250420_1_09,20250420_1_09_04,클림트월드,0
20250420,20250420_1_09,20250420_1_09_05,시대의명작,0
20250420,20250420_1_09,20250420_1_09_06,플라잉월드,0
20250420,20250420_1_09,20250420_1_09_07,드래곤킹덤,1
20250420,20250420_1_09,20250420_1_09_08,터치나인,0
20250420,20250420_1_09,20250420_1_09_09,아트캐처,0
20250420,20250420_1_09,20250420_1_09_10,투혼특급,0
20250420,20250420_1_09,20250420_1_09_11,하이칸,0
20250420,20250420_1_10,20250420_1_10_01,마이티숀,0
20250420,20250420_1_10,20250420_1_10_02,내길의위너,0
20250420,20250420_1_10,20250420_1_10_03,네이비캡틴,0
20250420,20250420_1_10,20250420_1_10_04,히어로삭스,0
20250420,20250420_1_10,20250420_1_10_05,페퍼엑스,0
20250420,20250420_1_10,20250420_1_10_06,위즈러너,0
20250420,20250420_1_10,20250420_1_10_07,드래곤불패,0
20250420,20250420_1_10,20250420_1_10_08,행복한승자,1
20250420,20250420_1_10,20250420_1_10_09,세광파이터,0
20250420,20250420_1_10,20250420_1_10_10,도끼드래곤,0
20250420,20250420_1_10,20250420_1_10_11,마이티짱,0
20250420,20250420_1_11,20250420_1_11_01,탱자,0
20250420,20250420_1_11,20250420_1_11_02,킹다이아,0
20250420,20250420_1_11,20250420_1_11_03,거센강호,1
20250420,20250420_1_11,20250420_1_11_04,오리온알파,0
20250420,20250420_1_11,20250420_1_11_05,월드섀넌스,0
20250420,20250420_1_11,20250420_1_11_06,블랙모션,0
20250420,20250420_1_11,20250420_1_11_07,베스트선,0
20250420,20250420_1_11,20250420_1_11_08,매직스트롱,0
20250420,20250420_1_11,20250420_1_11_09,라온더대세,0
20250420,20250420_1_11,20250420_1_11_10,플라잉카라반,0
20250420,20250420_1_11,20250420_1_11_11,와일드삭스,0
20250426,20250426_1_01,20250426_1_01_01,비카드래곤,0
20250426,20250426_1_01,20250426_1_01_02,은파질주,0
20250426,20250426_1_01,20250426_1_01_03,로드투어스퍼,0
20250426,20250426_1_01,20250426_1_01_04,더선몬스터,0
20250426,20250426_1_01,20250426_1_01_05,자존심공주,0
20250426,20250426_1_01,20250426_1_01_06,순라이크,0
20250426,20250426_1_01,20250426_1_01_07,신천하트,0
20250426,20250426_1_01,20250426_1_01_08,블레이징달봉,0
20250426,20250426_1_01,20250426_1_01_09,문학벨,0
20250426,20250426_1_01,20250426_1_01_10,황미르,0
20250426,20250426_1_01,20250426_1_01_11,노프라블럼,1
20250426,20250426_1_02,20250426_1_02_01,큐피드월드,0
20250426,20250426_1_02,20250426_1_02_02,트리플제니,0
20250426,20250426_1_02,20250426_1_02_03,굿프렌드,0
20250426,20250426_1_02,20250426_1_02_04,용암사랑,0
20250426,20250426_1_02,20250426_1_02_05,기대하라,0
20250426,20250426_1_02,20250426_1_02_06,운주타임,0
20250426,20250426_1_02,20250426_1_02_07,그레이팬텀,0
20250426,20250426_1_02,20250426_1_02_08,선캐처,0
20250426,20250426_1_02,20250426_1_02_09,글로리퀸,0
20250426,20250426_1_02,20250426_1_02_10,윈드스톰,0
20250426,20250426_1_02,20250426_1_02_11,스터닝스텝,1
20250426,20250426_1_03,20250426_1_03_01,스트롱보스,0
20250426,20250426_1_03,20250426_1_03_02,관악산체크인,0
20250426,20250426_1_03,20250426_1_03_03,포에틱누비,0
20250426,20250426_1_03,20250426_1_03_04,질주천하,0
20250426,20250426_1_03,20250426_1_03_05,미스카라,0
20250426,20250426_1_03,20250426_1_03_06,블랙러시안,0
20250426,20250426_1_03,20250426_1_03_07,선더마블,0
20250426,20250426_1_03,20250426_1_03_09,커맨드블루,1
20250426,20250426_1_03,20250426_1_03_10,텐코리아,0
20250426,20250426_1_04,20250426_1_04_01,머니터치,0
20250426,20250426_1_04,20250426_1_04_02,성실여걸,1
20250426,20250426_1_04,20250426_1_04_03,캡틴라이즈,0
20250426,20250426_1_04,20250426_1_04_04,컴플리트파티,0
20250426,20250426_1_04,20250426_1_04_05,빈체로킹,0
20250426,20250426_1_04,20250426_1_04_07,소프트파워,0
20250426,20250426_1_04,20250426_1_04_08,맥스파티,0
20250426,20250426_1_04,20250426_1_04_09,브리도킹스타,0
20250426,20250426_1_04,20250426_1_04_10,올포유어드림,0
20250426,20250426_1_04,20250426_1_04_11,아치데이,0
20250426,20250426_1_05,20250426_1_05_01,원평광야,0
20250426,20250426_1_05,20250426_1_05_02,벽송,0
20250426,20250426_1_05,20250426_1_05_03,미스터스톰,0
20250426,20250426_1_05,20250426_1_05_06,빅토리퀸,0
20250426,20250426_1_05,20250426_1_05_07,조이라이트,0
20250426,20250426_1_05,20250426_1_05_08,원더풀동촌,0
20250426,20250426_1_05,20250426_1_05_09,그로우,0
20250426,20250426_1_05,20250426_1_05_10,챔프함성,0
20250426,20250426_1_05,20250426_1_05_11,사이클론스타,1
20250426,20250426_1_06,20250426_1_06_01,알사이먼,0
20250426,20250426_1_06,20250426_1_06_02,컴플리트스텝,0
20250426,20250426_1_06,20250426_1_06_03,베스트클론,0
20250426,20250426_1_06,20250426_1_06_04,안양기쁨,0
20250426,20250426_1_06,20250426_1_06_05,스타트렉,0
20250426,20250426_1_06,20250426_1_06_06,트로트퀸,0
20250426,20250426_1_06,20250426_1_06_07,큐피드잇,1
20250426,20250426_1_06,20250426_1_06_08,블루레이서,0
20250426,20250426_1_06,20250426_1_06_09,라온이클립스,0
20250426,20250426_1_06,20250426_1_06_10,레몬케이,0
20250426,20250426_1_06,20250426_1_06_11,파이널고,0
20250426,20250426_1_07,20250426_1_07_01,오섬브레인,0
20250426,20250426_1_07,20250426_1_07_02,비상데이,0
20250426,20250426_1_07,20250426_1_07_03,소울비트,0
20250426,20250426_1_07,20250426_1_07_04,글로리영광,0
20250426,20250426_1_07,20250426_1_07_05,럭키프랭크,1
20250426,20250426_1_07,20250426_1_07_06,플라잉스퍼트,0
20250426,20250426_1_07,20250426_1_07_07,글로벌파로아,0
20250426,20250426_1_07,20250426_1_07_08,말로홈런,0
20250426,20250426_1_07,20250426_1_07_09,굿최강,0
20250426,20250426_1_07,20250426_1_07_10,창창삭스,0
20250426,20250426_1_07,20250426_1_07_11,디아나,0
20250426,20250426_1_08,20250426_1_08_01,글로벌럭키,0
20250426,20250426_1_08,20250426_1_08_02,케레르,0
20250426,20250426_1_08,20250426_1_08_03,브라이트위너,0
20250426,20250426_1_08,20250426_1_08_04,펄포인트,0
20250426,20250426_1_08,20250426_1_08_05,핵다이아,0
20250426,20250426_1_08,20250426_1_08_06,런던에이스,0
20250426,20250426_1_08,20250426_1_08_07,승리공주,0
20250426,20250426_1_08,20250426_1_08_08,블레이밍워,1
20250426,20250426_1_08,20250426_1_08_09,빅스마트,0
20250426,20250426_1_08,20250426_1_08_10,안다미로,0
20250426,20250426_1_08,20250426_1_08_11,어메이징록,0
20250426,20250426_1_09,20250426_1_09_01,한강보스,0
20250426,20250426_1_09,20250426_1_09_02,금세다,0
20250426,20250426_1_09,20250426_1_09_03,스마트클레어,0
20250426,20250426_1_09,20250426_1_09_04,지모션,0
20250426,20250426_1_09,20250426_1_09_05,라온더찰리,0
20250426,20250426_1_09,20250426_1_09_06,강한퀸,0
20250426,20250426_1_09,20250426_1_09_07,베스트토르,0
20250426,20250426_1_09,20250426_1_09_08,홀리데이참,0
20250426,20250426_1_09,20250426_1_09_09,태평레전드,1
20250426,20250426_1_09,20250426_1_09_10,에이피파텍,0
20250426,20250426_1_09,20250426_1_09_11,아르고리치,0
20250426,20250426_1_10,20250426_1_10_01,신한특송,0
20250426,20250426_1_10,20250426_1_10_02,베스트토치,0
20250426,20250426_1_10,20250426_1_10_03,마이티네오,0
20250426,20250426_1_10,20250426_1_10_04,이다나은,0
20250426,20250426_1_10,20250426_1_10_05,블랙초콜릿,0
20250426,20250426_1_10,20250426_1_10_06,엠제이베스트,0
20250426,20250426_1_10,20250426_1_10_07,은파챔피언,0
20250426,20250426_1_10,20250426_1_10_08,제이에스로드,0
20250426,20250426_1_10,20250426_1_10_09,스팔타,1
20250426,20250426_1_10,20250426_1_10_10,라온아메리칸,0
20250426,20250426_1_10,20250426_1_10_11,콩코드스퍼트,0
20250427,20250427_1_01,20250427_1_01_01,슬링스타,0
20250427,20250427_1_01,20250427_1_01_02,용암스타,0
20250427,20250427_1_01,20250427_1_01_03,혜원용마,0
20250427,20250427_1_01,20250427_1_01_04,루지,0
20250427,20250427_1_01,20250427_1_01_05,각자도생,0
20250427,20250427_1_01,20250427_1_01_06,스피드레전드,0
20250427,20250427_1_01,20250427_1_01_07,내게로와줘,0
20250427,20250427_1_01,20250427_1_01_08,세인트위너,0
20250427,20250427_1_01,20250427_1_01_09,싹다나은,1
20250427,20250427_1_01,20250427_1_01_10,누리질주,0
20250427,20250427_1_02,20250427_1_02_01,비케이벨,0
20250427,20250427_1_02,20250427_1_02_02,캔버스엔고,0
20250427,20250427_1_02,20250427_1_02_03,백두일성,0
20250427,20250427_1_02,20250427_1_02_04,로터스미르,0
20250427,20250427_1_02,20250427_1_02_05,자이언트보스,1
20250427,20250427_1_02,20250427_1_02_06,원더풀웰스,0
20250427,20250427_1_02,20250427_1_02_07,터보차지,0
20250427,20250427_1_02,20250427_1_02_08,금아포모스트,0
20250427,20250427_1_02,20250427_1_02_09,레인스타,0
20250427,20250427_1_02,20250427_1_02_10,히어로질주,0
20250427,20250427_1_02,20250427_1_02_11,누리천왕,0
20250427,20250427_1_03,20250427_1_03_01,스트리트루비,0
20250427,20250427_1_03,20250427_1_03_02,다이나믹송,0
20250427,20250427_1_03,20250427_1_03_03,선갤런트,0
20250427,20250427_1_03,20250427_1_03_04,엑스팩터,0
20250427,20250427_1_03,20250427_1_03_05,마루별,0
20250427,20250427_1_03,20250427_1_03_06,희망밴드,0
20250427,20250427_1_03,20250427_1_03_07,사바나찰리,0
20250427,20250427_1_03,20250427_1_03_08,금성보스,1
20250427,20250427_1_03,20250427_1_03_09,베스트샤크,0
20250427,20250427_1_03,20250427_1_03_10,관악산글로벌,0
20250427,20250427_1_04,20250427_1_04_01,태평무,0
20250427,20250427_1_04,20250427_1_04_02,최강골드,1
20250427,20250427_1_04,20250427_1_04_03,스피드카라,0
20250427,20250427_1_04,20250427_1_04_04,최강현마,0
20250427,20250427_1_04,20250427_1_04_05,마이티봄,0
20250427,20250427_1_04,20250427_1_04_06,플랜비,0
20250427,20250427_1_04,20250427_1_04_07,크리솔메이저,0
20250427,20250427_1_04,20250427_1_04_08,패션스타,0
20250427,20250427_1_04,20250427_1_04_09,청량산,0
20250427,20250427_1_04,20250427_1_04_10,빛나는질주,0
20250427,20250427_1_04,20250427_1_04_11,금성환희,0
20250427,20250427_1_05,20250427_1_05_01,그레이스루트,0
20250427,20250427_1_05,20250427_1_05_02,레이디블루,0
20250427,20250427_1_05,20250427_1_05_03,큐피드시크,0
20250427,20250427_1_05,20250427_1_05_04,올누트,0
20250427,20250427_1_05,20250427_1_05_05,칼리프,0
20250427,20250427_1_05,20250427_1_05_06,원더풀어롱,0
20250427,20250427_1_05,20250427_1_05_07,수향미인,0
20250427,20250427_1_05,20250427_1_05_08,카라케이,0
20250427,20250427_1_05,20250427_1_05_09,레드드래곤,0
20250427,20250427_1_05,20250427_1_05_10,선샤인퀸,0
20250427,20250427_1_05,20250427_1_05_11,퍼지스텝,1
20250427,20250427_1_06,20250427_1_06_01,섬돌모루,0
20250427,20250427_1_06,20250427_1_06_02,댄싱강자,0
20250427,20250427_1_06,20250427_1_06_03,로열베스트,0
20250427,20250427_1_06,20250427_1_06_04,성신천하,0
20250427,20250427_1_06,20250427_1_06_05,글로벌서브,1
20250427,20250427_1_06,20250427_1_06_06,라온더어펌드,0
20250427,20250427_1_06,20250427_1_06_07,초원돌풍,0
20250427,20250427_1_06,20250427_1_06_08,스터닝펄,0
20250427,20250427_1_06,20250427_1_06_09,추풍령,0
20250427,20250427_1_06,20250427_1_06_10,선더여걸,0
20250427,20250427_1_06,20250427_1_06_11,오렌지타임,0
20250427,20250427_1_07,20250427_1_07_01,새내칸,0
20250427,20250427_1_07,20250427_1_07_02,참좋은질주,0
20250427,20250427_1_07,20250427_1_07_03,위즈리얼리티,0
20250427,20250427_1_07,20250427_1_07_04,옥천윈스타,0
20250427,20250427_1_07,20250427_1_07_05,거센진격,0
20250427,20250427_1_07,20250427_1_07_06,최고게임,1
20250427,20250427_1_07,20250427_1_07_07,새로운빛깔,0
20250427,20250427_1_07,20250427_1_07_08,트라움킹,0
20250427,20250427_1_07,20250427_1_07_09,엠케이리,0
20250427,20250427_1_07,20250427_1_07_10,라온주얼스톤,0
20250427,20250427_1_08,20250427_1_08_01,[부산경남]글로벌태양,0
20250427,20250427_1_08,20250427_1_08_02,글라디우스,0
20250427,20250427_1_08,20250427_1_08_03,새내퀸,0
20250427,20250427_1_08,20250427_1_08_04,퀸톱,0
20250427,20250427_1_08,20250427_1_08_05,원더풀슬루,0
20250427,20250427_1_08,20250427_1_08_06,[부산경남]퍼펙트액션,0
20250427,20250427_1_08,20250427_1_08_07,라온포레스트,0
20250427,20250427_1_08,20250427_1_08_08,[부산경남]강서자이언트,0
20250427,20250427_1_08,20250427_1_08_09,[부산경남]백두의꿈,0
20250427,20250427_1_08,20250427_1_08_10,태평파이터,0
20250427,20250427_1_08,20250427_1_08_11,바로다나은,0
20250427,20250427_1_08,20250427_1_08_12,블루레몬,0
20250427,20250427_1_08,20250427_1_08_13,크라운함성,0
20250427,20250427_1_08,20250427_1_08_14,[부산경남]즐거운여정,1
20250427,20250427_1_08,20250427_1_08_15,플라잉스타,0
20250427,20250427_1_08,20250427_1_08_16,마이티룩,0
20250427,20250427_1_09,20250427_1_09_01,월드피플,0
20250427,20250427_1_09,20250427_1_09_02,대흥클래스,0
20250427,20250427_1_09,20250427_1_09_03,미라클하남,0
20250427,20250427_1_09,20250427_1_09_04,마이티조이,0
20250427,20250427_1_09,20250427_1_09_05,스파크선더,1
20250427,20250427_1_09,20250427_1_09_06,스트렝스,0
20250427,20250427_1_09,20250427_1_09_07,드리머위즈,0
20250427,20250427_1_09,20250427_1_09_08,제축이호,0
20250427,20250427_1_09,20250427_1_09_09,매직주니어,0
20250427,20250427_1_09,20250427_1_09_10,힐링헤이븐,0
20250427,20250427_1_09,20250427_1_09_11,두손오픈,0
20250427,20250427_1_10,20250427_1_10_01,블랙건,0
20250427,20250427_1_10,20250427_1_10_02,런던빅토리,0
20250427,20250427_1_10,20250427_1_10_03,스마트뮤직,0
20250427,20250427_1_10,20250427_1_10_04,파워에치드,0
20250427,20250427_1_10,20250427_1_10_05,아크로마린,0
20250427,20250427_1_10,20250427_1_10_06,탑다이아,0
20250427,20250427_1_10,20250427_1_10_07,한강글로리,0
20250427,20250427_1_10,20250427_1_10_08,성은크라운,0
20250427,20250427_1_10,20250427_1_10_09,용비태양,0
20250427,20250427_1_10,20250427_1_10_10,천장사,1
20250427,20250427_1_10,20250427_1_10_11,금악명장,0
20250427,20250427_1_11,20250427_1_11_01,장산몬스터,0
20250427,20250427_1_11,20250427_1_11_02,머니크라운,0
20250427,20250427_1_11,20250427_1_11_03,파이어파워,0
20250427,20250427_1_11,20250427_1_11_04,강풍마,1
20250427,20250427_1_11,20250427_1_11_05,남산의별,0
20250427,20250427_1_11,20250427_1_11_06,아르고스마일,0
20250427,20250427_1_11,20250427_1_11_08,글로벌삭스,0
20250427,20250427_1_11,20250427_1_11_09,메가드래곤,0
20250427,20250427_1_11,20250427_1_11_10,마의웨이,0
20250427,20250427_1_11,20250427_1_11_11,마이티칩,0
20250503,20250503_1_01,20250503_1_01_01,더블나인,0
20250503,20250503_1_01,20250503_1_01_02,실크스펙터,0
20250503,20250503_1_01,20250503_1_01_03,최강스피드,1
20250503,20250503_1_01,20250503_1_01_04,용암기쁨,0
20250503,20250503_1_01,20250503_1_01_05,브라운슈거,0
20250503,20250503_1_01,20250503_1_01_06,지산위너,0
20250503,20250503_1_01,20250503_1_01_07,비상벨,0
20250503,20250503_1_01,20250503_1_01_08,레이저런,0
20250503,20250503_1_01,20250503_1_01_09,특급파티,0
20250503,20250503_1_01,20250503_1_01_10,크레이지애플,0
20250503,20250503_1_01,20250503_1_01_11,케이사이먼,0
20250503,20250503_1_02,20250503_1_02_01,원평누리,0
20250503,20250503_1_02,20250503_1_02_02,플라잉라이언,1
20250503,20250503_1_02,20250503_1_02_03,쇠와꽃,0
20250503,20250503_1_02,20250503_1_02_04,히트플라이,0
20250503,20250503_1_02,20250503_1_02_05,지나송,0
20250503,20250503_1_02,20250503_1_02_06,아이엠고,0
20250503,20250503_1_02,20250503_1_02_07,손에손잡고,0
20250503,20250503_1_02,20250503_1_02_08,세명레이디,0
20250503,20250503_1_02,20250503_1_02_09,호세,0
20250503,20250503_1_02,20250503_1_02_10,신의블루,0
20250503,20250503_1_02,20250503_1_02_11,굿파이터,0
20250503,20250503_1_03,20250503_1_03_01,천지마켓,0
20250503,20250503_1_03,20250503_1_03_02,질주의여왕,0
20250503,20250503_1_03,20250503_1_03_03,아치러너,0
20250503,20250503_1_03,20250503_1_03_04,크로마이트,0
20250503,20250503_1_03,20250503_1_03_06,세광질주,0
20250503,20250503_1_03,20250503_1_03_07,정성바이스,1
20250503,20250503_1_03,20250503_1_03_08,원더풀파피,0
20250503,20250503_1_03,20250503_1_03_09,큐피드하트,0
20250503,20250503_1_03,20250503_1_03_10,마이티러브,0
20250503,20250503_1_03,20250503_1_03_11,제이원파워,0
20250503,20250503_1_04,20250503_1_04_01,고오고오,0
20250503,20250503_1_04,20250503_1_04_02,나소챗,0
20250503,20250503_1_04,20250503_1_04_03,페더럴킹,0
20250503,20250503_1_04,20250503_1_04_04,샤크텐,0
20250503,20250503_1_04,20250503_1_04_05,영원자이언트,0
20250503,20250503_1_04,20250503_1_04_06,내추럴사운드,0
20250503,20250503_1_04,20250503_1_04_07,음성파워,0
20250503,20250503_1_04,20250503_1_04_08,당찬낭보,0
20250503,20250503_1_04,20250503_1_04_09,벌교디와이,1
20250503,20250503_1_05,20250503_1_05_01,바람살,0
20250503,20250503_1_05,20250503_1_05_02,강철전사,0
20250503,20250503_1_05,20250503_1_05_03,탱글이,0
20250503,20250503_1_05,20250503_1_05_04,빅브리지,0
20250503,20250503_1_05,20250503_1_05_05,파워밴드,0
20250503,20250503_1_05,20250503_1_05_06,포세이돈블루,0
20250503,20250503_1_05,20250503_1_05_07,피엔에스날라,0
20250503,20250503_1_05,20250503_1_05_08,선더스톰,0
20250503,20250503_1_05,20250503_1_05_09,롯폰기드래곤,1
20250503,20250503_1_06,20250503_1_06_01,선더블루,0
20250503,20250503_1_06,20250503_1_06_02,오스틴리더,0
20250503,20250503_1_06,20250503_1_06_03,캠프데이비드,0
20250503,20250503_1_06,20250503_1_06_04,명진불패,0
20250503,20250503_1_06,20250503_1_06_05,원더풀폭스,0
20250503,20250503_1_06,20250503_1_06_06,서부챔프,0
20250503,20250503_1_06,20250503_1_06_07,파사킹,1
20250503,20250503_1_06,20250503_1_06_08,인피니트아너,0
20250503,20250503_1_06,20250503_1_06_09,서울최강자,0
20250503,20250503_1_06,20250503_1_06_10,탐라최강자,0
20250503,20250503_1_06,20250503_1_06_11,천행챗,0
20250503,20250503_1_07,20250503_1_07_01,티나케이,0
20250503,20250503_1_07,20250503_1_07_02,골든드래곤,0
20250503,20250503_1_07,20250503_1_07_03,영원빅맨,1
20250503,20250503_1_07,20250503_1_07_04,스마트별,0
20250503,20250503_1_07,20250503_1_07_05,글로리시티,0
20250503,20250503_1_07,20250503_1_07_06,용비불패,0
20250503,20250503_1_07,20250503_1_07_07,정상해돋이,0
20250503,20250503_1_07,20250503_1_07_08,엠케이모찌,0
20250503,20250503_1_07,20250503_1_07_09,스피디루키,0
20250503,20250503_1_07,20250503_1_07_10,럭키하눌,0
20250503,20250503_1_08,20250503_1_08_01,골드베르크,0
20250503,20250503_1_08,20250503_1_08_02,어메이징스타,0
20250503,20250503_1_08,20250503_1_08_03,토호마켓,0
20250503,20250503_1_08,20250503_1_08_04,쏘아라투투,0
20250503,20250503_1_08,20250503_1_08_05,문학보이,0
20250503,20250503_1_08,20250503_1_08_06,학산스피드,1
20250503,20250503_1_08,20250503_1_08_07,엑설런트퀸,0
20250503,20250503_1_08,20250503_1_08_08,찬란한불꽃,0
20250503,20250503_1_08,20250503_1_08_09,화산귀환,0
20250503,20250503_1_08,20250503_1_08_10,벌교그래미,0
20250503,20250503_1_08,20250503_1_08_11,울트라삭스,0
20250503,20250503_1_09,20250503_1_09_01,원평킬라,0
20250503,20250503_1_09,20250503_1_09_02,파노라마킹,0
20250503,20250503_1_09,20250503_1_09_03,브라보플레이,1
20250503,20250503_1_09,20250503_1_09_04,도깨비,0
20250503,20250503_1_09,20250503_1_09_05,문학이글,0
20250503,20250503_1_09,20250503_1_09_06,시크릿삭스,0
20250503,20250503_1_09,20250503_1_09_07,글로벌매직,0
20250503,20250503_1_09,20250503_1_09_08,파르키우스,0
20250503,20250503_1_09,20250503_1_09_09,단디,0
20250503,20250503_1_09,20250503_1_09_10,블루밍스타,0
20250503,20250503_1_10,20250503_1_10_01,마이티탭,0
20250503,20250503_1_10,20250503_1_10_02,태평히어로,0
20250503,20250503_1_10,20250503_1_10_03,토르의망치,0
20250503,20250503_1_10,20250503_1_10_04,사하라몬드,0
20250503,20250503_1_10,20250503_1_10_05,골드뭉치,0
20250503,20250503_1_10,20250503_1_10_06,우마포이,0
20250503,20250503_1_10,20250503_1_10_07,벌교의스타,1
20250503,20250503_1_10,20250503_1_10_08,킹아너,0
20250503,20250503_1_10,20250503_1_10_09,미래타워,0
20250503,20250503_1_10,20250503_1_10_10,세인트루카,0
20250503,20250503_1_10,20250503_1_10_11,스톰브레이커,0
20250504,20250504_1_01,20250504_1_01_01,드래곤판타지,0
20250504,20250504_1_01,20250504_1_01_02,몬탁선샤인,0
20250504,20250504_1_01,20250504_1_01_03,영동신화,0
20250504,20250504_1_01,20250504_1_01_04,학산프린스,0
20250504,20250504_1_01,20250504_1_01_05,라온파라노마,0
20250504,20250504_1_01,20250504_1_01_06,스타킬러,0
20250504,20250504_1_01,20250504_1_01_07,히어로골드,0
20250504,20250504_1_01,20250504_1_01_08,관악산위시미,0
20250504,20250504_1_01,20250504_1_01_09,빛나라,0
20250504,20250504_1_01,20250504_1_01_10,하이크라운,1
20250504,20250504_1_01,20250504_1_01_11,이클립스탱고,0
20250504,20250504_1_02,20250504_1_02_02,팡팡레이디,0
20250504,20250504_1_02,20250504_1_02_03,남촌서브,0
20250504,20250504_1_02,20250504_1_02_04,해맞이,0
20250504,20250504_1_02,20250504_1_02_05,모닝원더,1
20250504,20250504_1_02,20250504_1_02_06,걸작축제,0
20250504,20250504_1_02,20250504_1_02_07,에너지파워,0
20250504,20250504_1_02,20250504_1_02_08,위너글로리,0
20250504,20250504_1_02,20250504_1_02_09,글로리데이,0
20250504,20250504_1_03,20250504_1_03_01,아가판서스,0
20250504,20250504_1_03,20250504_1_03_02,쏘아라스타,1
20250504,20250504_1_03,20250504_1_03_03,금계포란,0
20250504,20250504_1_03,20250504_1_03_04,메니참,0
20250504,20250504_1_03,20250504_1_03_05,브리도트로피,0
20250504,20250504_1_03,20250504_1_03_06,퀸아비게일,0
20250504,20250504_1_03,20250504_1_03_07,장군마루,0
20250504,20250504_1_03,20250504_1_03_08,라온노던댄스,0
20250504,20250504_1_03,20250504_1_03_09,분당쓰나미,0
20250504,20250504_1_03,20250504_1_03_10,마이선더,0
20250504,20250504_1_03,20250504_1_03_11,스마트테이크,0
20250504,20250504_1_04,20250504_1_04_01,글로벌클래스,0
20250504,20250504_1_04,20250504_1_04_02,에코월드,0
20250504,20250504_1_04,20250504_1_04_03,하이폴리,0
20250504,20250504_1_04,20250504_1_04_04,청해제일,0
20250504,20250504_1_04,20250504_1_04_05,민트플레이,1
20250504,20250504_1_04,20250504_1_04_06,학산대세,0
20250504,20250504_1_04,20250504_1_04_07,천지스카이,0
20250504,20250504_1_04,20250504_1_04_08,트롤,0
20250504,20250504_1_04,20250504_1_04_09,카일리,0
20250504,20250504_1_04,20250504_1_04_10,송당황태자,0
20250504,20250504_1_04,20250504_1_04_11,블루인디,0
20250504,20250504_1_05,20250504_1_05_02,슈팅리버스,0
20250504,20250504_1_05,20250504_1_05_03,브라이트카이,0
20250504,20250504_1_05,20250504_1_05_04,성실영웅,0
20250504,20250504_1_05,20250504_1_05_05,챌린지삭스,0
20250504,20250504_1_05,20250504_1_05_06,벌교차돌,0
20250504,20250504_1_05,20250504_1_05_07,검이불루,0
20250504,20250504_1_05,20250504_1_05_08,아름다운사이,0
20250504,20250504_1_05,20250504_1_05_09,팰로앨토,1
20250504,20250504_1_05,20250504_1_05_10,골든스나이퍼,0
20250504,20250504_1_05,20250504_1_05_11,원평타운,0
20250504,20250504_1_06,20250504_1_06_01,금악진주,0
20250504,20250504_1_06,20250504_1_06_02,일동박수,1
20250504,20250504_1_06,20250504_1_06_03,블랙스펙터,0
20250504,20250504_1_06,20250504_1_06_04,아라모아,0
20250504,20250504_1_06,20250504_1_06_05,스마트삭스,0
20250504,20250504_1_06,20250504_1_06_06,파이널축제,0
20250504,20250504_1_06,20250504_1_06_07,은빛돌풍,0
20250504,20250504_1_06,20250504_1_06_08,선더호스,0
20250504,20250504_1_06,20250504_1_06_09,라온시티걸,0
20250504,20250504_1_06,20250504_1_06_10,멋진강호,0
20250504,20250504_1_06,20250504_1_06_11,원더풀남촌,0
20250504,20250504_1_07,20250504_1_07_01,위즈러너,1
20250504,20250504_1_07,20250504_1_07_02,콜긴,0
20250504,20250504_1_07,20250504_1_07_03,호크프린스,0
20250504,20250504_1_07,20250504_1_07_04,카우보이킹,0
20250504,20250504_1_07,20250504_1_07_05,더스파이커,0
20250504,20250504_1_07,20250504_1_07_06,원평퀸,0
20250504,20250504_1_07,20250504_1_07_07,금빛천하,0
20250504,20250504_1_07,20250504_1_07_08,엔딩파이어,0
20250504,20250504_1_07,20250504_1_07_09,나노마신,0
20250504,20250504_1_07,20250504_1_07_10,바람의검,0
20250504,20250504_1_08,20250504_1_08_01,우승할결심,0
20250504,20250504_1_08,20250504_1_08_02,관악산레오,0
20250504,20250504_1_08,20250504_1_08_03,거센빅맨,0
20250504,20250504_1_08,20250504_1_08_05,울트라망치,0
20250504,20250504_1_08,20250504_1_08_06,사바나건,0
20250504,20250504_1_08,20250504_1_08_07,나이스포스,1
20250504,20250504_1_08,20250504_1_08_08,문학홀리데이,0
20250504,20250504_1_08,20250504_1_08_09,윈캐처,0
20250504,20250504_1_08,20250504_1_08_10,춤추는장미,0
20250504,20250504_1_08,20250504_1_08_11,하남엘도라도,0
20250504,20250504_1_09,20250504_1_09_01,캡틴타임,0
20250504,20250504_1_09,20250504_1_09_02,우승콩코드,1
20250504,20250504_1_09,20250504_1_09_03,한우리,0
20250504,20250504_1_09,20250504_1_09_04,핑크윈드,0
20250504,20250504_1_09,20250504_1_09_05,리얼딜,0
20250504,20250504_1_09,20250504_1_09_06,학산마초,0
20250504,20250504_1_09,20250504_1_09_07,더선파이터,0
20250504,20250504_1_09,20250504_1_09_08,선더에이원,0
20250504,20250504_1_09,20250504_1_09_09,블랙모션,0
20250504,20250504_1_09,20250504_1_09_10,한강캡틴,0
20250504,20250504_1_09,20250504_1_09_11,걸작드림,0
20250504,20250504_1_10,20250504_1_10_01,시크릿왕자,0
20250504,20250504_1_10,20250504_1_10_02,창조의아침,0
20250504,20250504_1_10,20250504_1_10_03,아치메모리,0
20250504,20250504_1_10,20250504_1_10_04,럭키붐,0
20250504,20250504_1_10,20250504_1_10_05,서머파티,0
20250504,20250504_1_10,20250504_1_10_06,프로시드,1
20250504,20250504_1_10,20250504_1_10_07,용암마렝고,0
20250504,20250504_1_10,20250504_1_10_08,슈퍼선더,0
20250504,20250504_1_10,20250504_1_10_09,스카이함성,0
20250504,20250504_1_10,20250504_1_10_10,백룡,0
20250504,20250504_1_11,20250504_1_11_01,자이언트펀치,0
20250504,20250504_1_11,20250504_1_11_02,카우보이탱고,0
20250504,20250504_1_11,20250504_1_11_03,머스탱파워,0
20250504,20250504_1_11,20250504_1_11_04,선드래곤,0
20250504,20250504_1_11,20250504_1_11_05,선더드림,0
20250504,20250504_1_11,20250504_1_11_06,걸작원,1
20250504,20250504_1_11,20250504_1_11_07,스카이망치,0
20250504,20250504_1_11,20250504_1_11_08,히든삭스,0
20250504,20250504_1_11,20250504_1_11_09,플라잉골드,0
20250504,20250504_1_11,20250504_1_11_10,신의이름,0
20250504,20250504_1_11,20250504_1_11_11,엘도라도강남,0
20250510,20250510_1_01,20250510_1_01_01,새내파크,0
20250510,20250510_1_01,20250510_1_01_02,알리페르,0
20250510,20250510_1_01,20250510_1_01_03,스위치파워,0
20250510,20250510_1_01,20250510_1_01_04,동진선더,0
20250510,20250510_1_01,20250510_1_01_05,베스트샤크,0
20250510,20250510_1_01,20250510_1_01_06,오섬스텝,0
20250510,20250510_1_01,20250510_1_01_07,다이아룩,0
20250510,20250510_1_01,20250510_1_01_08,로열삭스,1
20250510,20250510_1_02,20250510_1_02_01,제너럴파워,0
20250510,20250510_1_02,20250510_1_02_02,말스고,0
20250510,20250510_1_02,20250510_1_02_03,여명의순간,0
20250510,20250510_1_02,20250510_1_02_04,블랙사탕,0
20250510,20250510_1_02,20250510_1_02_05,누리으뜸,0
20250510,20250510_1_02,20250510_1_02_06,즐거운상상,0
20250510,20250510_1_02,20250510_1_02_07,빌리언보이,1
20250510,20250510_1_02,20250510_1_02_08,스마트주얼리,0
20250510,20250510_1_03,20250510_1_03_01,이클립스럭키,0
20250510,20250510_1_03,20250510_1_03_02,예스엔젤,0
20250510,20250510_1_03,20250510_1_03_03,메니샤크,0
20250510,20250510_1_03,20250510_1_03_04,송암스카이,1
20250510,20250510_1_03,20250510_1_03_05,내길의여정,0
20250510,20250510_1_03,20250510_1_03_06,금성여제,0
20250510,20250510_1_03,20250510_1_03_07,제라퀸,0
20250510,20250510_1_03,20250510_1_03_08,서전트라이트,0
20250510,20250510_1_04,20250510_1_04_01,쌍옥루,0
20250510,20250510_1_04,20250510_1_04_02,컴플리트파티,0
20250510,20250510_1_04,20250510_1_04_03,원더풀스피릿,0
20250510,20250510_1_04,20250510_1_04_04,프리타임,0
20250510,20250510_1_04,20250510_1_04_05,어퍼핸드,0
20250510,20250510_1_04,20250510_1_04_06,투아레그나인,0
20250510,20250510_1_04,20250510_1_04_07,논스톱서브,0
20250510,20250510_1_04,20250510_1_04_08,여왕삭스,0
20250510,20250510_1_04,20250510_1_04_09,매직위드유,0
20250510,20250510_1_04,20250510_1_04_10,엑설런트마타,1
20250510,20250510_1_04,20250510_1_04_11,왕최고,0
20250510,20250510_1_05,20250510_1_05_01,금빛강호,0
20250510,20250510_1_05,20250510_1_05_02,빛의카,0
20250510,20250510_1_05,20250510_1_05_03,오송의별,0
20250510,20250510_1_05,20250510_1_05_04,정성팩터,0
20250510,20250510_1_05,20250510_1_05_05,하이러너,0
20250510,20250510_1_05,20250510_1_05_06,하트케이,0
20250510,20250510_1_05,20250510_1_05_07,정문파파고,0
20250510,20250510_1_05,20250510_1_05_08,태칸,0
20250510,20250510_1_05,20250510_1_05_09,슈프림삭스,1
20250510,20250510_1_05,20250510_1_05_10,컴플리트하트,0
20250510,20250510_1_05,20250510_1_05_11,스마일링프린스,0
20250510,20250510_1_06,20250510_1_06_01,땡큐대천,0
20250510,20250510_1_06,20250510_1_06_02,브라운골드,1
20250510,20250510_1_06,20250510_1_06_03,기쁨함성,0
20250510,20250510_1_06,20250510_1_06_04,파워풀화성,0
20250510,20250510_1_06,20250510_1_06_05,오래다함께,0
20250510,20250510_1_06,20250510_1_06_06,블러드마운틴,0
20250510,20250510_1_06,20250510_1_06_07,시대의명작,0
20250510,20250510_1_06,20250510_1_06_08,바주카보이,0
20250510,20250510_1_07,20250510_1_07_01,드래곤게이트,1
20250510,20250510_1_07,20250510_1_07_02,더자이언트,0
20250510,20250510_1_07,20250510_1_07_03,거센진격,0
20250510,20250510_1_07,20250510_1_07_04,축배를들어라,0
20250510,20250510_1_07,20250510_1_07_05,선포레,0
20250510,20250510_1_07,20250510_1_07_06,찬이고,0
20250510,20250510_1_07,20250510_1_07_07,원더풀스위트,0
20250510,20250510_1_07,20250510_1_07_08,지산포스,0
20250510,20250510_1_07,20250510_1_07_09,킹칼레,0
20250510,20250510_1_07,20250510_1_07_10,강서스피드,0
20250510,20250510_1_08,20250510_1_08_01,명성축제,0
20250510,20250510_1_08,20250510_1_08_02,케이엔라이트,0
20250510,20250510_1_08,20250510_1_08_03,한강히어로,0
20250510,20250510_1_08,20250510_1_08_04,케이엔골든킹,0
20250510,20250510_1_08,20250510_1_08_05,월드블레임,0
20250510,20250510_1_08,20250510_1_08_06,바이킹하트,0
20250510,20250510_1_08,20250510_1_08_07,벨로테로,0
20250510,20250510_1_08,20250510_1_08_08,울트라선더,0
20250510,20250510_1_08,20250510_1_08_09,스마트캣,0
20250510,20250510_1_08,20250510_1_08_10,정우포에버,0
20250510,20250510_1_08,20250510_1_08_11,뉴돌콩,1
20250510,20250510_1_09,20250510_1_09_01,신의여제,0
20250510,20250510_1_09,20250510_1_09_02,금세,0
20250510,20250510_1_09,20250510_1_09_03,라온탑플레이,0
20250510,20250510_1_09,20250510_1_09_04,킹다이아,0
20250510,20250510_1_09,20250510_1_09_05,천둥호랑이,0
20250510,20250510_1_09,20250510_1_09_06,라라케이,0
20250510,20250510_1_09,20250510_1_09_07,제이모션,0
20250510,20250510_1_09,20250510_1_09_08,금아파이어리,1
20250510,20250510_1_09,20250510_1_09_09,샤인온미,0
20250510,20250510_1_09,20250510_1_09_10,엑설런트탄,0
20250510,20250510_1_09,20250510_1_09_11,달빛조각사,0
20250510,20250510_1_10,20250510_1_10_01,영광의월드,1
20250510,20250510_1_10,20250510_1_10_02,금빛마,0
20250510,20250510_1_10,20250510_1_10_03,바이스로이,0
20250510,20250510_1_10,20250510_1_10_04,승부사,0
20250510,20250510_1_10,20250510_1_10_05,어서말을해,0
20250510,20250510_1_10,20250510_1_10_06,마이센터,0
20250510,20250510_1_10,20250510_1_10_07,대사리,0
20250510,20250510_1_10,20250510_1_10_08,사려니퍼스트,0
20250511,20250511_1_01,20250511_1_01_02,두손으뜸,1
20250511,20250511_1_01,20250511_1_01_03,골드스피닝,0
20250511,20250511_1_01,20250511_1_01_04,로드투스피어,0
20250511,20250511_1_01,20250511_1_01_05,글로리퀸,0
20250511,20250511_1_01,20250511_1_01_06,라온더캐비아,0
20250511,20250511_1_01,20250511_1_01_07,스피드레전드,0
20250511,20250511_1_01,20250511_1_01_08,진주의심장,0
20250511,20250511_1_02,20250511_1_02_01,스텝바이스텝,0
20250511,20250511_1_02,20250511_1_02_02,승리바로우즈,0
20250511,20250511_1_02,20250511_1_02_03,베아트리스,0
20250511,20250511_1_02,20250511_1_02_04,시크릿울프,0
20250511,20250511_1_02,20250511_1_02_05,강철파워,0
20250511,20250511_1_02,20250511_1_02_06,퍼지루비,0
20250511,20250511_1_02,20250511_1_02_07,스위트송,1
20250511,20250511_1_02,20250511_1_02_08,라페스타,0
20250511,20250511_1_03,20250511_1_03_01,차밍퀸,1
20250511,20250511_1_03,20250511_1_03_02,파이널리더,0
20250511,20250511_1_03,20250511_1_03_03,겨울장미,0
20250511,20250511_1_03,20250511_1_03_04,문샤인,0
20250511,20250511_1_03,20250511_1_03_05,준마포스,0
20250511,20250511_1_03,20250511_1_03_06,라온사일런스,0
20250511,20250511_1_03,20250511_1_03_07,불국시대,0
20250511,20250511_1_03,20250511_1_03_08,청해스타,0
20250511,20250511_1_03,20250511_1_03_09,인디언태핏,0
20250511,20250511_1_03,20250511_1_03_10,세명고스트,0
20250511,20250511_1_03,20250511_1_03_11,턴테이블,0
20250511,20250511_1_04,20250511_1_04_01,골드퀸즈,0
20250511,20250511_1_04,20250511_1_04_02,새로운가이,0
20250511,20250511_1_04,20250511_1_04_03,비바청수,0
20250511,20250511_1_04,20250511_1_04_04,크리솔니케,0
20250511,20250511_1_04,20250511_1_04_05,산본쓰나미,0
20250511,20250511_1_04,20250511_1_04_06,큐피드미르,0
20250511,20250511_1_04,20250511_1_04_07,상임대표,0
20250511,20250511_1_04,20250511_1_04_08,아카펠,1
20250511,20250511_1_04,20250511_1_04_09,당대초월,0
20250511,20250511_1_04,20250511_1_04_10,세명스트롱,0
20250511,20250511_1_04,20250511_1_04_11,원평광야,0
20250511,20250511_1_05,20250511_1_05_01,럭키페이머스,0
20250511,20250511_1_05,20250511_1_05_02,월드조이,0
20250511,20250511_1_05,20250511_1_05_03,슈퍼블루문,0
20250511,20250511_1_05,20250511_1_05_04,에클레어,0
20250511,20250511_1_05,20250511_1_05_05,라이트어블루,0
20250511,20250511_1_05,20250511_1_05_06,엘리트피스,0
20250511,20250511_1_05,20250511_1_05_07,코스모킹,0
20250511,20250511_1_05,20250511_1_05_08,스플렌디드,1
20250511,20250511_1_05,20250511_1_05_09,에코포레,0
20250511,20250511_1_06,20250511_1_06_01,퍼플신화,0
20250511,20250511_1_06,20250511_1_06_02,슈퍼엑톤,0
20250511,20250511_1_06,20250511_1_06_03,맥스위크,0
20250511,20250511_1_06,20250511_1_06_04,데블케이,0
20250511,20250511_1_06,20250511_1_06_05,안양천둥,0
20250511,20250511_1_06,20250511_1_06_06,퍼지킹,0
20250511,20250511_1_06,20250511_1_06_07,스톰가이,0
20250511,20250511_1_06,20250511_1_06_08,머스킷데이,1
20250511,20250511_1_06,20250511_1_06_09,탑다이아,0
20250511,20250511_1_07,20250511_1_07_01,찬페이머스,0
20250511,20250511_1_07,20250511_1_07_02,칸맥스,0
20250511,20250511_1_07,20250511_1_07_03,이클립스더킹,0
20250511,20250511_1_07,20250511_1_07_04,[부산경남]오아시스레드,0
20250511,20250511_1_07,20250511_1_07_05,청산질주,0
20250511,20250511_1_07,20250511_1_07_06,원더풀노던,0
20250511,20250511_1_07,20250511_1_07_07,[부산경남]운주가이,0
20250511,20250511_1_07,20250511_1_07_08,대성스타,0
20250511,20250511_1_07,20250511_1_07_09,베스트레이스,0
20250511,20250511_1_07,20250511_1_07_10,[부산경남]스톰파이터,0
20250511,20250511_1_07,20250511_1_07_11,롱런불패,0
20250511,20250511_1_07,20250511_1_07_12,[부산경남]용비패왕,0
20250511,20250511_1_07,20250511_1_07_13,[부산경남]오아시스블루,1
20250511,20250511_1_07,20250511_1_07_14,[부산경남]마이드림데이,0
20250511,20250511_1_07,20250511_1_07_15,[부산경남]영스카이워커,0
20250511,20250511_1_07,20250511_1_07_16,엘도라도놀부,0
20250511,20250511_1_08,20250511_1_08_01,천궁스톰,0
20250511,20250511_1_08,20250511_1_08_02,예술이야,0
20250511,20250511_1_08,20250511_1_08_03,아마존킹,0
20250511,20250511_1_08,20250511_1_08_04,글로리앤아너,0
20250511,20250511_1_08,20250511_1_08_05,나올대왕,0
20250511,20250511_1_08,20250511_1_08_06,미스콩코드,0
20250511,20250511_1_08,20250511_1_08_07,원더풀로드,0
20250511,20250511_1_08,20250511_1_08_08,천구챗,0
20250511,20250511_1_08,20250511_1_08_09,울트라히트,1
20250511,20250511_1_08,20250511_1_08_10,스케일킹,0
20250511,20250511_1_08,20250511_1_08_11,걸작시대,0
20250511,20250511_1_09,20250511_1_09_01,칸비그레이트,0
20250511,20250511_1_09,20250511_1_09_02,그레이캔디,0
20250511,20250511_1_09,20250511_1_09_03,마이티프리,0
20250511,20250511_1_09,20250511_1_09_04,그냥가라,0
20250511,20250511_1_09,20250511_1_09_05,카라위너,0
20250511,20250511_1_09,20250511_1_09_06,브리도시리스,0
20250511,20250511_1_09,20250511_1_09_08,텐배거,0
20250511,20250511_1_09,20250511_1_09_09,캄인스톰,0
20250511,20250511_1_09,20250511_1_09_10,티아라수아,1
20250511,20250511_1_09,20250511_1_09_11,샤이닝로드,0
20250511,20250511_1_10,20250511_1_10_01,파워빅토리,0
20250511,20250511_1_10,20250511_1_10_02,프레시맨,0
20250511,20250511_1_10,20250511_1_10_03,국대파이터,0
20250511,20250511_1_10,20250511_1_10_04,히어로삭스,0
20250511,20250511_1_10,20250511_1_10_05,토호스카이,0
20250511,20250511_1_10,20250511_1_10_06,원더풀제트,0
20250511,20250511_1_10,20250511_1_10_07,드림아너,0
20250511,20250511_1_10,20250511_1_10_08,용비서울,0
20250511,20250511_1_10,20250511_1_10_09,콩나물,1
20250511,20250511_1_10,20250511_1_10_10,에클레어퓨리,0
20250511,20250511_1_10,20250511_1_10_11,매직스트롱,0
20250511,20250511_1_11,20250511_1_11_01,원더풀키티,0
20250511,20250511_1_11,20250511_1_11_02,새내타운,1
20250511,20250511_1_11,20250511_1_11_03,드론킬러,0
20250511,20250511_1_11,20250511_1_11_04,서울탱크,0
20250511,20250511_1_11,20250511_1_11_05,이스트점프,0
20250511,20250511_1_11,20250511_1_11_06,드림플레이,0
20250511,20250511_1_11,20250511_1_11_07,미스터퀄리티,0
20250511,20250511_1_11,20250511_1_11_08,섀도헌터,0
20250511,20250511_1_11,20250511_1_11_09,매직그레이스,0
20250511,20250511_1_11,20250511_1_11_10,베트캡틴,0
