tree
version=v4
num_class=1
num_tree_per_iteration=1
label_index=0
max_feature_idx=5
feature_names=age age__pr oh_sex_암 wgBudam_chg wgBudam__pr te_owName
feature_infos=[-1.3752059930365912:6.5630695797511107] [-1.8939728913311753:1.8939728913311753] [-0.84414875814115775:1.1846253285997028] [-5.5979912947839576:5.2564608578829315] [-1.7206271258092962:1.7206271258092962] [-2.1854044564063937:4.3626429647007265]
tree_sizes=13706 13809 13704 13724 13703 13764 13685 13700 13713 13653 13806 13747 13753 13747

Tree=0
num_leaves=127
num_cat=0
split_feature=0 5 2 3 5 4 4 5 5 3 3 3 3 5 3 5 5 5 3 4 4 3 0 5 5 3 5 3 2 4 5 5 5 5 5 5 0 4 4 3 4 4 5 4 5 5 4 3 5 3 4 5 4 4 3 4 4 4 5 4 3 5 4 5 5 5 5 5 4 5 4 4 5 0 4 4 4 4 4 3 5 5 4 5 4 4 3 5 0 5 3 4 4 4 5 3 5 4 0 5 5 4 4 4 5 4 3 4 0 5 5 0 4 5 5 5 5 4 4 5 5 3 5 4 5 5
split_gain=11.9323 7.93011 6.16464 6.37994 5.77084 9.24937 6.98942 5.63398 5.45362 7.29642 4.96871 4.74057 4.63319 6.0084 5.41562 4.56668 6.5271 7.72428 4.47503 4.26999 4.2 3.99933 3.99286 7.17512 4.1429 6.18608 4.47286 4.86676 3.80823 4.05649 3.78019 3.61764 5.96408 3.82873 3.61432 4.02692 5.36116 5.13158 4.0108 3.07778 5.04647 4.4985 3.2183 3.24073 3.06321 6.07736 6.02025 4.87465 4.59926 4.41143 3.79512 3.13175 5.59011 4.25015 3.41671 3.12841 6.0313 5.83017 3.32219 3.87996 4.15713 4.59079 3.3943 3.02583 4.33577 7.61789 3.60068 3.45111 4.23694 2.94565 2.90984 2.89328 2.85001 2.84362 3.40518 4.8915 3.10477 2.74186 2.64656 6.678 2.61855 2.60091 2.5635 2.56197 2.54704 9.71808 5.66272 4.77881 3.69459 2.66063 2.54431 2.49775 2.8838 2.4813 4.07988 2.44301 2.42361 4.57654 2.38922 4.1305 3.84943 3.18199 2.98017 2.59473 2.38261 5.3722 2.37852 3.85883 4.69605 4.1078 3.0735 2.36567 2.33712 2.26261 2.72158 3.63876 2.52632 2.70819 2.47341 2.43243 2.4392 2.26196 8.7552 5.77952 4.64091 3.77918
threshold=1.0000000180025095e-35 -1.2579639647386689 1.0000000180025095e-35 0.17937839937745148 0.41478388995097254 -0.93250770804349947 -1.2167291818222876 0.46943891969214885 2.3606284744814552 1.0000000180025095e-35 -0.87105245410644094 3.3306709598291291 2.9805273420011651 0.59126019623186521 0.5295220172054157 -0.9138241700399361 -0.044345096610467621 -0.020717302878443946 0.5295220172054157 0.32848336038177478 1.1210146425727237 3.6808145776570935 0.60936290016033468 0.13634277505727901 0.10439424217268213 0.87966563503337991 0.044967974186710793 2.6303837241732011 1.0000000180025095e-35 -1.5707240050001527 0.33188577748505671 1.0492487716656662 0.74690628751864507 1.6489061304567738 1.7834991048278619 0.77423102990091952 1.403190457439105 1.0851682441183632 0.94721392279400651 1.0000000180025095e-35 -1.4208208841910095 0.77341320301528982 -1.1930589639944242 -0.23044113292088789 0.26219933799479295 0.29126511723362686 1.2709177633818667 1.9300964885172729 0.80264698053179528 -1.9214833075903333 1.3573836214717783 0.082799226861421271 0.46404792180917381 0.62009613949620745 0.17937839937745148 -0.36324350433751801 -0.16424168019088733 -0.66674301125110214 0.099978243705862516 1.1978211914287795 0.5295220172054157 0.12209039049702991 0.41361228985800397 -0.25330350189476702 -0.7214120044898823 -0.51043862340003743 -1.0862286097196183 -0.35894564986253419 0.72716979721702424 0.20749325042003952 1.2709177633818667 -0.23044113292088789 0.044967974186710793 -0.97829221439720593 1.2167291818222881 0.94721392279400651 -0.78811941776579653 0.46404792180917381 0.38971469088843053 -0.52090883627847673 1.6043683155538833 -1.2261954806601505 0.72716979721702424 0.16454842747750376 -0.63545888169093312 0.12762893515618401 0.87966563503337991 -1.2462756443966447 1.403190457439105 -1.6477614370855918 -3.3220577789021903 -0.99345732859227198 -1.3070148359512921 1.4208208841910099 -0.35476317760853027 1.0000000180025095e-35 -0.19558031697400655 -1.3070148359512921 0.60936290016033468 0.17126349883501465 0.17126349883501465 1.0851682441183632 1.4901859928884085 1.6544491594320159 2.1656714473773664 0.50389794398700838 0.17937839937745148 0.75106739618659757 -0.97829221439720593 -1.0004417389587077 -1.0538825222000068 0.60936290016033468 0.14990312080914311 -0.12584193324916368 -0.45615935245997691 -0.63041349196350815 -0.74050856881288685 0.78811941776579653 0.89340254609328851 -0.29255966338106981 -0.18505534005496024 1.0000000180025095e-35 0.39605952304991249 1.2167291818222881 2.8109308277165219 1.6489061304567738
decision_type=2 2 2 2 2 2 2 2 2 2 2 2 2 2 2 2 2 2 2 2 2 2 2 2 2 2 2 2 2 2 2 2 2 2 2 2 2 2 2 2 2 2 2 2 2 2 2 2 2 2 2 2 2 2 2 2 2 2 2 2 2 2 2 2 2 2 2 2 2 2 2 2 2 2 2 2 2 2 2 2 2 2 2 2 2 2 2 2 2 2 2 2 2 2 2 2 2 2 2 2 2 2 2 2 2 2 2 2 2 2 2 2 2 2 2 2 2 2 2 2 2 2 2 2 2 2
left_child=1 18 3 8 22 6 -6 -7 34 10 19 15 13 14 -9 39 28 -18 73 -10 104 -14 24 -24 26 -26 27 63 93 -30 84 32 -22 -33 35 78 37 38 80 40 -3 42 -42 -44 46 71 49 90 50 -19 -49 52 91 -54 72 57 -57 -53 -58 60 61 62 -60 64 66 -66 -5 -67 -69 -25 -16 -46 -55 76 75 -75 -1 -62 81 -80 -37 112 -12 -48 95 86 88 -87 89 -86 -47 92 -51 -17 -95 96 -4 -98 99 102 113 -101 -81 -104 -15 -106 107 108 -41 -110 -109 -39 -2 114 115 116 117 -100 -115 -116 -121 122 -92 124 -124 -123
right_child=2 11 30 4 5 7 -8 12 9 -11 82 -13 21 20 70 16 17 44 -20 -21 31 -23 23 69 25 -27 -28 -29 29 -31 -32 33 -34 -35 -36 36 -38 111 -40 106 41 -43 43 -45 45 47 83 48 -50 51 -52 55 53 54 -56 56 58 -59 59 -61 77 -63 -64 -65 65 67 -68 68 -70 -71 -72 -73 -74 74 -76 -77 -78 -79 79 98 -82 -83 -84 -85 85 87 -88 -89 -90 -91 121 -93 -94 94 -96 -97 97 -99 100 101 -102 -103 103 -105 105 -107 -108 110 109 -111 -112 -113 -114 118 119 -117 -118 -119 -120 120 -122 125 123 -125 -126 -127
leaf_value=0.0063892441638645188 -0.013883452182698685 -0.013308411449494042 -0.008028848406051909 0.0078738907867238229 -0.0072348355095750152 -0.03288001453487914 0.057789495313699056 0.031635337322588303 -0.012524678037509823 -0.0044254287406578887 0.065602980214198012 0.024293957431568716 0.022353752706350923 -0.021268173265313467 -0.01486236548185773 0.0016966325840234173 0.019823059687968263 0.019588946744016778 -0.019395906531738848 0.029473037434749921 -0.01504759354245515 -0.013426234056005822 -0.0092975033733112677 0.035007140244738499 -0.021348206272453148 0.0084270579535795937 0.025486063954815751 0.024476443270607485 -0.019002559990924525 -0.0028515140220528572 -0.0011273702962868487 -0.020811874961966313 0.017669578297728486 -0.00082320297576528193 -0.012266123346446717 0.0098964167500975534 -0.011510705467471702 0.028162952513554884 -0.021059552631910686 0.0083834474610225175 0.00031712100297125455 -0.0063556527538142903 0.02006786072173319 0.053094581058282922 -0.00051443319692168904 -0.017115845576586852 -0.0076314011740925124 -0.021372098783286168 0.019853587478558428 -0.0064007212270750062 0.011910894678194067 -0.0022327400736429064 0.042424892839009853 -0.015967621901987552 0.028222156850063452 -0.02860193721546804 -0.016738844765355382 0.027295729285323773 0 0.025894327837342294 0.0014090681663426149 -0.0033089622735055875 0.032761350961315751 -0.0082827011636034068 0.027453634009506674 -0.0099557046632769725 -0.010677396513409728 0.036051975799863543 -0.0010141514158427988 0.0026011692486554265 0.014462286938098069 0.026606007704281162 0.013556035033883319 -0.001398010631137137 -0.017740896203998539 0.024452581173975318 -0.022912989269313382 -0.024115733915061961 -0.012330169798486385 -0.0032465461369048979 -0.0088291012856486755 0.0029653167390016368 0.017509361604134573 -0.028437792771728934 -0.015229341803612767 0.0066517742995084502 -0.023584102262980359 -0.012213108663225305 -0.015761073054140321 0.01128285526643371 -0.019483461374544452 -0.0077508582859730588 0.029283485832234262 0.001976917267894944 -0.014389158205802098 -0.01294669758175942 -0.011131001300267479 0.026202609221458575 -0.020069546923076467 0.0047458259761319083 0.021640759139205535 -0.021839831651843677 0.025161804760331263 0.0026967269196075646 0.019746984659346989 -0.024591768763696266 0.010428082864612404 0.022831604882617818 -0.017702585232655006 0.0050251708204570884 -0.0028886256130100209 0 0.014693359853458647 0.0098019539566702694 0.02988489596157232 -0.025049127054808207 0.028136871653589229 0.0078318702653086391 -0.018993724522608453 -0.012264111877042112 0.02022606468378723 0.0027030045116135651 0.0059360793066304991 0.02322038479422096 -0.012631347633223029 -0.0030878513402280349
leaf_weight=3.8017526958137742 13.886553908232601 3.6849535750225213 31.040461526252329 14.642049330286676 2.230488836299628 8.3159174453467113 2.2793065472505978 4.4142152061685911 3.3917043264955282 9.1768162357620895 2.8995933560654521 7.3649762449786058 6.9019306921400112 44.444664116483182 7.4553978545591217 359.78727660514414 22.273611890617758 9.961356742307542 19.819162083556876 3.3789751976728439 7.6114510045445085 3.434291091747582 74.138132462045178 3.6014946259092522 13.76518539665267 10.009493795223532 7.6359801804646841 7.6585578005760899 13.920907560735939 266.98660157504492 140.79224936608807 18.87785743875429 10.962917054072021 15.957684979774056 18.103654643520713 47.431150009389967 11.450344807934014 14.761325223371388 3.8539468767121425 18.510492607718334 3.5418445365503493 3.8232318479567757 10.656686068978166 4.5835336074232975 4.3709467314183739 5.0712568946182719 23.131122672930363 4.6019765399396402 26.034815735649318 3.1969325938262045 5.818065083498368 23.327788045629863 4.1837280141189721 4.8722622641362232 4.4673967300914219 8.4474596986547095 11.776654149871318 6.98640836123377 4.8783850809559208 3.8460973007604471 5.4459248837083569 28.077523262239993 5.7444520439021289 23.08109384868294 14.273131480440496 12.780977658927439 22.494978872127835 3.2661500740796345 7.3717021895572543 6.4868640713393688 3.7396397748962045 13.29243987938389 4.8735026465728879 48.885483838617802 8.1318107526749355 6.5743116033263496 10.702036568429319 9.4357658131048066 48.386605990119278 46.950140931643546 6.8413870185613623 199.46606635092758 2.9702923842705786 6.7993526495993128 2.6994181526824823 12.898128046188502 4.8382400274276725 98.510419792030007 4.6949220169335595 51.478503922291566 11.601639484986661 19.672908932669088 3.1797789670527008 30.612545705866069 23.153859311714768 92.174929502420127 4.8264812974375673 5.0471150870434922 3.5501660630106917 4.9558821064420071 9.770810679998247 13.507224628701804 6.0359411360695967 15.458269656635821 3.8760839286260298 3.944040535017848 38.20352666079998 10.014033334329726 20.640847730450336 9.8806664792355132 6.1072295047342768 3.4302455261349669 2.1640301160514346 3.0700632748194057 5.1629390064626932 3.6093438351526883 2.4033395303413263 8.9813243634998781 7.2856153012253344 3.5593913923949003 2.7958768038079125 411.7252732826455 191.27245016774395 15.788380807265638 11.910934609360991 133.15752756933216
leaf_count=60 431 59 767 207 40 100 52 55 44 107 40 59 87 578 81 4127 217 107 248 27 82 43 1517 54 144 98 75 102 279 3611 2182 183 104 141 234 693 261 144 50 272 47 36 144 59 78 42 169 53 190 47 41 343 43 40 37 94 129 85 45 36 56 311 47 251 175 138 269 44 68 129 39 108 48 815 86 71 145 72 692 647 100 4142 32 55 70 227 106 1481 152 1066 125 257 47 218 160 2603 131 102 73 73 163 151 86 166 44 38 450 102 331 135 99 53 51 53 101 76 44 185 123 74 45 4381 1744 113 82 1162
internal_value=-0.00018887 0.00129143 -0.00237078 -0.000924519 -0.00396771 -0.00861204 0.0296086 -0.0100664 0.00117807 0.0155304 0.0295002 0.00172734 -0.00836536 -0.0100301 0.00687324 0.0016241 0.00121591 0.00270897 -0.00698371 0.00914425 -0.012596 0.0100653 -0.000896391 -0.00600796 0.00224566 -0.00885713 0.00466081 0.00290132 -0.0010362 -0.00372712 -0.00523638 -0.00641164 0.00402557 -0.0120175 0.000525027 0.00102901 0.00681193 0.00971308 0.005105 0.0070397 0.0160796 0.0213582 0.0271873 0.0328432 0.00231594 0.00310265 -0.00108144 0.00270815 0.0133019 0.00120523 -0.00311004 -9.65894e-05 0.00649948 0.0187183 0.00921288 -0.00287425 -0.00606306 0.00513113 -0.00290091 0.00012337 -0.00211202 0.00305552 0.0189731 0.000952973 0.00391295 0.0109691 -0.00326983 8.65571e-05 0.0122285 0.0165543 -0.00443797 0.0200661 -0.00103712 -0.00359041 -0.000720457 0.00199206 -0.015122 -0.0150855 -0.00024306 -0.00286873 0.00736464 0.00200566 0.0477944 -0.0132216 -0.007094 -0.0046421 0.00462548 -0.00996263 0.00734907 0.00965545 0.00219314 -0.00239181 0.0125442 0.000788957 -0.00515021 -0.0102392 -0.00390447 0.00833171 0.000513962 -0.00246648 0.00568088 -0.0146724 0.000946774 0.00997681 -0.0186206 -0.00252771 0.00457947 0.000998913 -0.0031751 -0.0103238 0.0133131 0.0232475 -0.00921884 0.00132091 0.00554335 -0.00152721 0.00518437 -0.000749905 -0.0100813 0.0163791 0.00242802 0.00234516 0.00483463 0.00621941 0.0047764 0.00127929
internal_weight=3321.95 1978.61 1343.34 894.341 365.652 144.446 4.5098 139.936 528.689 21.8174 12.6406 1880.7 131.62 121.284 15.6093 1873.33 1743.69 1049.22 97.9146 6.77068 105.675 10.3362 221.206 84.2265 136.979 23.7747 113.205 105.569 694.461 280.908 449.001 53.4099 18.5744 34.8355 506.872 488.768 87.7684 76.3181 58.1265 129.647 26.2902 22.6053 18.7821 15.2402 1026.95 834.646 192.305 816.982 36.4549 162.374 10.42 152.413 44.4465 18.3969 14.2132 107.966 77.6523 30.3142 69.2048 57.4281 53.5821 38.7004 10.6228 97.9101 74.829 37.692 37.137 23.4188 10.6379 10.0884 11.195 17.6634 9.74576 78.0954 63.5916 55.4598 14.5038 14.8817 401 185.483 54.2725 215.517 5.86989 29.9305 308.209 175.12 63.7111 111.409 58.8728 54.1779 780.527 26.0496 6.37671 413.554 53.7664 133.089 40.9141 9.8736 137.096 86.9075 50.1889 18.4631 68.4444 21.4942 52.2648 7.82012 103.357 65.1533 49.032 30.5215 16.1213 18.1916 16.0506 40.4181 30.0624 18.5442 14.9348 12.5315 10.3557 11.5182 6.35527 775.456 230.573 218.972 203.183 544.883
internal_count=45003 22017 22986 14099 4938 1667 92 1575 9161 250 143 20592 1475 1345 175 20533 18799 10404 1425 71 1170 130 3271 1700 1571 242 1329 1254 8395 3890 8887 510 186 324 8911 8677 1301 1040 843 1734 345 286 250 203 10187 8119 2068 7933 284 1844 94 1737 519 168 125 1218 790 428 696 567 531 403 92 1152 901 425 476 250 112 183 120 186 88 1177 972 886 205 128 7376 2752 793 4624 72 224 6705 3102 1394 1708 1288 1136 7649 351 94 4505 378 3603 1000 233 2060 1123 937 224 899 252 660 82 1389 939 738 466 201 197 482 774 598 378 302 258 176 220 119 7607 2064 1939 1826 5543
is_linear=0
shrinkage=0.03


Tree=1
num_leaves=127
num_cat=0
split_feature=1 5 5 1 3 5 1 5 3 1 5 1 2 5 0 3 3 3 3 3 5 3 1 2 3 5 1 5 5 0 5 3 5 5 3 1 1 0 3 0 3 5 3 1 2 1 0 5 5 1 5 5 1 0 2 0 0 3 1 5 5 5 5 1 0 1 5 5 5 0 5 1 5 5 5 5 3 5 5 5 5 5 5 0 3 3 0 0 5 3 5 5 1 5 1 5 0 3 5 5 5 3 1 1 0 1 5 3 3 1 1 5 5 1 5 1 5 5 3 5 1 5 3 1 1 5
split_gain=20.3876 9.71775 7.86961 6.3968 5.26689 4.35558 6.39446 5.08988 6.0658 6.98608 3.92694 3.9672 3.86768 3.7587 4.35355 5.05044 4.56632 4.01711 3.88263 3.68819 4.43142 3.56416 8.11355 3.53127 3.38371 3.20453 2.79566 2.79066 4.2479 4.24328 3.58578 2.77007 2.69172 4.88239 4.56351 7.33096 4.03131 4.00052 3.47394 3.04953 3.05466 2.95193 2.85435 2.69734 3.42349 3.52154 3.19332 3.13258 5.95323 2.96747 6.44976 5.62425 7.93703 7.02162 6.04356 3.71499 4.06292 5.45999 3.30182 6.39073 3.25069 3.46926 6.64021 3.13604 3.10395 3.025 3.0206 3.00044 3.89073 2.94163 4.08363 2.80591 2.75577 2.74163 3.32603 3.5497 5.04482 2.67244 10.7578 2.66346 2.63221 2.57328 7.32588 2.75009 2.56304 2.55229 3.65732 2.55205 4.29291 3.26097 2.87757 2.80011 3.57771 2.51696 4.60537 3.19664 2.61128 4.22968 3.01839 3.22957 2.51468 2.50318 2.49724 4.64145 2.69716 2.47008 2.42393 3.02392 6.65771 5.0213 5.48044 2.4222 3.91374 2.69038 3.12397 4.64633 3.43893 2.6701 3.51129 2.7817 6.94729 4.06918 3.91806 2.52787 2.43779 2.41
threshold=-0.82673419859694153 -0.68019266039281112 -0.60190796990249396 0.65387159343576295 -2.6217705432462615 0.16454842747750376 1.6940535305795514 -0.39639057339617328 0.87966563503337991 1.0672386927342339 -1.2261954806601505 -1.0426416421974649 1.0000000180025095e-35 0.42186211056552364 -0.97829221439720593 1.0000000180025095e-35 -0.87105245410644094 -2.2716269254182975 2.9805273420011651 1.0000000180025095e-35 2.8109308277165219 3.3306709598291291 -0.36157664289049696 -1.0000000180025095e-35 2.6303837241732011 -0.082630932909666596 -1.3651363047906522 0.93531977655478105 0.83323371331253226 0.60936290016033468 1.5399392090785453 -1.9214833075903333 -0.51043862340003743 -0.36659662018374523 0.17937839937745148 -0.44718804378652743 -0.36157664289049696 1.0000000180025095e-35 0.5295220172054157 -0.97829221439720593 -0.52090883627847673 -0.57272158308335708 2.2802401063452371 -0.6994786246393544 1.0000000180025095e-35 -0.77337226396022973 -0.97829221439720593 -0.12584193324916368 0.54810442702139606 -0.18078832144524853 0.83323371331253226 -0.2338425805554061 0.19991936075162423 -1.0000000180025095e-35 1.0000000180025095e-35 1.0000000180025095e-35 1.403190457439105 1.0000000180025095e-35 0.48927633026055362 1.3448619410663916 2.0598693084000925 1.5399392090785453 1.6043683155538833 0.6070425933753768 -0.97829221439720593 -1.0000000180025095e-35 -0.29255966338106981 0.044967974186710793 0.37696956165644624 1.0000000180025095e-35 1.4347702483674103 0.22359402189326383 2.4818128817287461 1.6043683155538833 0.86287626637442449 0.40441662750408763 -0.52090883627847673 -0.29705127116454927 -0.30921853875971755 0.22707832903534694 -0.6572229909179651 -0.2144639515607101 -0.15755161344826063 0.60936290016033468 2.6303837241732011 1.0000000180025095e-35 1.403190457439105 0.60936290016033468 -0.051854355669685638 -2.9719141610742255 -0.18886705695854819 -0.013328932017476515 1.5016499352697179 -1.3710913512943168 0.19991936075162423 -0.73112886685701717 -0.97829221439720593 0.17937839937745148 -1.0191680218268384 -1.2261954806601505 0.45077673482341823 2.2802401063452371 1.0672386927342339 1.6129988909688584 0.60936290016033468 -1.7289676773136862 -1.3104812324011621 1.2298092528613442 0.17937839937745148 0.51079874948022608 1.6940535305795514 0.082799226861421271 -0.051854355669685638 -0.86751905162372012 -0.027348803460874978 -1.2114047389358489 0.015428816185407849 -0.15755161344826063 1.0000000180025095e-35 -0.18886705695854819 -1.3393094017270453 -0.25330350189476702 2.2802401063452371 -1.5323962484406779 -1.3393094017270453 -0.64600018511023538
decision_type=2 2 2 2 2 2 2 2 2 2 2 2 2 2 2 2 2 2 2 2 2 2 2 2 2 2 2 2 2 2 2 2 2 2 2 2 2 2 2 2 2 2 2 2 2 2 2 2 2 2 2 2 2 2 2 2 2 2 2 2 2 2 2 2 2 2 2 2 2 2 2 2 2 2 2 2 2 2 2 2 2 2 2 2 2 2 2 2 2 2 2 2 2 2 2 2 2 2 2 2 2 2 2 2 2 2 2 2 2 2 2 2 2 2 2 2 2 2 2 2 2 2 2 2 2 2
left_child=2 12 10 4 -3 7 27 -5 77 -10 11 -1 -2 14 15 16 -4 25 19 20 -15 32 -23 -13 105 26 -16 28 29 -7 101 -14 36 37 43 -36 -6 -34 39 125 80 -42 -37 44 46 -46 -35 -48 79 81 51 52 54 -54 -51 65 63 -58 60 -60 61 69 -63 -57 -56 -53 -55 -67 71 70 -52 -69 -62 74 75 76 -47 78 102 -49 -41 -45 -83 -84 -11 -32 -87 88 90 -89 -79 -90 -93 94 -33 96 97 98 99 -95 -70 -29 104 -104 -9 -12 -98 108 -108 -110 -111 112 117 114 115 -114 -116 119 -119 121 -121 122 -19 -123 -118 -38
right_child=1 3 13 5 21 6 -8 8 9 84 24 23 31 18 17 -17 -18 111 -20 -21 -22 22 -24 -25 -26 -27 -28 30 -30 -31 85 93 33 34 35 42 38 -39 -40 40 41 -43 -44 49 45 73 47 48 -50 50 58 55 53 66 64 56 57 -59 59 -61 72 62 -64 -65 -66 67 -68 68 100 -71 -72 -73 -74 -75 -76 -77 -78 87 -80 -81 -82 82 83 -85 -86 86 -88 89 91 -91 -92 92 -94 95 -96 -97 106 -99 -100 -101 -102 -103 103 -105 -106 -107 107 -109 109 110 -112 -113 113 -115 116 -117 124 118 -120 120 -122 123 -124 -125 -126 -127
leaf_value=-0.0043405387550351365 -0.0033145842347659261 -0.01274241963141017 0.0084398178837143279 -0.0084360751793970488 0.013287909643326171 -0.011311240148446118 -0.021389495373964597 -0.0069901200641935548 -0.0032304732922931452 0.037548881052259495 -0.002981773758818316 0.0033113718396424081 0.0099399992268134965 0.0070914983791381895 0.01352284935353875 0.012399787429471889 -0.01625363871799505 -0.00072941191648397997 0.022436171944253045 0.0010123857242509706 -0.011428652573498193 -0.015730017056521061 0.039852652605639978 0.03649865012038403 0.036103622463055811 0.020501998743365439 -0.012802441884408645 -0.018934512238699335 0.019572779674373965 0.0032241314774334113 0.013149591841033528 -0.024854130730422402 -0.0017985673753126183 -0.018708258645316646 -0.0091421521673299283 0.0013768112003215871 0.0064721599669508552 -0.015019788159192424 0.013601696501054609 0.0096039674775799336 -0.0018884820709769885 0.015210807103042413 -0.011075829520177057 -0.0088993876381609147 -0.011002022697259382 -0.0089001071782855157 -0.011838282482707867 0.010842499440926303 -0.0025562264993407016 -0.010729694117801034 0.0080124125957986535 0.024543194343911511 -0.0029016429810129253 0.056252099285133632 0.033235891396022205 -0.010379770252018508 0.041015173793945842 -0.013711094676959785 0.016397749485818125 -0.024897795756989846 -0.0077886902060105862 0.054577119090381668 0.013873372831941649 0.016308718268389033 0.0017690690021215914 -0.0059144576444357666 0.016538622701413628 0.014280198405338408 -0.015870657250122294 0.017855020034588102 -0.017716082872680936 -0.0087997880899298615 0.010582811732842281 -0.003817463860474179 0.051896541509417325 -0.0074942429991818839 0.037258798361718283 0.0045654418411597078 0.045584354656569459 0.0409837519619691 -0.027121160568381545 0.020554884261257535 -0.00052669680303844065 -0.014027568959340748 0 -0.013766223242386796 0.018057829977064007 0.025826616649560843 0.03556467902091634 -0.0089515989608072322 -0.015535365173553204 -0.0024652572858450592 0.030016442512030148 -0.0039633306843066957 -0.0063206587552921004 -0.018810938703886476 0.0064773322415231614 -0.025426010280046176 -0.0020190509232553802 0.036757491942608925 0.0014222918557267492 0.0088991604765390527 -0.025545691389920265 0.010999798329736771 0.031373878837977244 0.010669053434092121 -0.011552928315258185 -0.026895817155200816 0.014855738099624032 -0.019490852686950829 0.022615531314776456 -0.0054721460991469326 0.037920710884201611 0.027492909162766598 -0.013664078307892286 -0.0027624136896198968 0.020684211905608135 0.0026504141706799786 -0.014291635939201009 0.036943871095046349 -0.0017845373633387095 0.0049456122481514528 0.021753483268791535 -0.017046475897513458 -0.00058674958261160492 -0.023282868891512071
leaf_weight=36.671333265025169 266.0989998690784 27.093503659125417 12.307287355884911 61.940645503113046 33.343331201933324 33.951143658952788 26.368843358788581 2.5413323240354684 8.5340389260090905 9.190144061110912 12.228724664077161 9.506892148870973 5.9909795508719972 207.98916998930508 5.7578402385115623 46.335819753818214 12.603447292000054 126.56802378920838 8.5847586956806463 319.79488515108824 11.314174083061515 3.0763381533324718 5.0539845579769445 3.4640433238819233 3.7005328536033621 12.122109079733489 6.8265523146837968 30.664599525043741 6.7296388093382111 36.267585992114618 6.6929324194788959 23.213674337603152 54.511771416757256 4.5797064043581477 101.27345743589103 222.20786383473023 2.6139227016828945 33.049583048094064 13.76967023545876 1.790805237367749 24.066518301202443 13.191801150329416 16.875748936086893 33.24556275899522 2.6731546558439758 2.3199904253706354 6.3074761349707833 7.5694704130291957 14.75089296326041 16.430012213531882 31.995268628001213 3.8288736296817651 4.3463735827244827 4.9977023475803426 4.620813311310485 68.776271726419509 2.5792336380109182 2.2199287712574005 5.2693334328941983 6.2988403714261949 13.999950089026244 3.9921715948730734 18.994819743558764 3.2417194256559005 6.3407369637861866 43.614877705578692 4.4331062557175729 31.01076024863869 8.5226144012995046 20.696303279604763 5.6568517945706835 4.7033453071489921 13.342077467124907 2.7090241964906445 3.032141111791133 3.3148882165551177 7.0241390382871032 11.847564994823189 4.360270192846655 4.6947444966062903 4.6792098181322208 13.503432590048758 192.69079362391494 13.673429552465675 1.8948598634451617 14.617021834477784 3.1182775916531673 1.5562538830563415 3.1899028834886876 50.148201923351735 11.764569551683961 10.502233000472186 3.1570098865777245 2.087764434516429 27.03657042235136 18.805074471049011 9.8101249963510764 2.2706251246854654 6.4973168876022092 4.7246374704409391 35.22259268630296 2.4700929196551433 6.6435149265453202 4.4032455631531775 2.2683885809965432 142.31885463418439 79.168435153085738 6.6831828001886597 17.606481698574502 9.883450289256869 2.7634158483706406 128.45438421467406 4.4302416341379285 4.5467353444546452 10.02876116987318 4.2507632467895728 6.5389475012198099 16.177508475258946 30.193230041302741 5.0859763366170254 12.546125688124446 5.2996057700365808 6.3736278638243666 20.265558626502752 12.72073096036911 8.5033141963649523
leaf_count=350 4945 394 104 1467 456 613 640 58 117 195 81 115 142 1620 45 435 102 1183 65 2547 77 34 75 56 30 111 66 601 129 801 127 469 835 47 965 2724 54 572 179 40 421 196 236 484 25 32 74 94 149 227 426 60 54 93 92 1230 43 44 91 106 154 55 247 67 132 696 89 439 134 316 72 70 144 25 38 46 113 222 104 52 94 189 2534 186 59 225 65 32 63 1313 224 208 53 40 866 368 190 32 97 82 488 38 141 110 48 1424 1758 122 261 212 66 1085 36 46 80 43 51 146 274 43 112 34 46 202 105 148
internal_value=-0.00022968 -0.00204779 0.00280428 -0.000916747 9.65785e-05 -0.00446339 -0.00810127 -0.00140421 0.00191149 0.0168764 0.00812171 0.000675521 -0.00577479 0.00172871 -0.000176422 0.00661844 -0.00408303 -0.00135425 0.00343391 0.00308477 0.00607486 0.000395532 0.0190734 0.0143672 0.0104198 0.0101226 -0.000427971 -0.00533556 -0.00151247 -0.00382182 -0.0102818 -0.0087551 0.000251561 -0.000177884 0.000406933 -0.0024188 0.00489203 -0.00693597 0.000636716 -0.00274986 0.00085644 0.00432667 0.000442872 0.00183298 0.0079185 0.0173407 0.00229161 0.00572613 0.0102103 0.00123577 0.00296543 0.000150637 0.010138 0.0278623 0.000450145 -0.00189266 -0.00706053 0.0171842 0.00862471 -0.00604082 0.010254 0.0132346 0.0230481 -0.00893047 0.0169542 0.00124285 0.041247 0.000301819 0.00378229 0.00899478 0.00371101 0.0110021 0.00112728 0.0219678 0.0265613 0.0169181 0.0257558 -0.000800327 0.00878117 0.0248267 -0.0166297 -0.00124943 -4.40648e-05 -0.00149905 0.0315907 -0.00131591 -0.00734551 -0.00300594 0.00255148 -0.00737772 -0.00555204 0.0137505 0.00637295 -0.0093457 -0.0152588 -0.00739037 -0.00573014 0.00548174 0.0123726 0.0249841 -0.00215914 -0.0165718 -0.00326501 -0.0110257 0.0128729 0.00955741 -0.00717336 -0.00839784 -0.00700752 0.00478019 -0.00908751 -0.00210631 -0.000449225 0.00776949 0.00468579 0.0194622 -9.28176e-05 -0.00206078 -0.0083865 -0.000340575 0.0106089 -0.00163626 0.000480451 -0.0123601 0.00715147 -0.0160824
internal_weight=3324.79 2079.79 1245.01 1597.15 1242.32 354.822 160.88 193.942 132.002 19.619 207.89 49.6423 482.641 1037.12 489.433 71.2466 24.9107 418.187 547.683 539.098 219.303 1215.23 8.13032 12.9709 158.248 24.7065 12.5844 134.511 76.9484 70.2187 57.5629 216.542 1207.1 1105.14 1017.58 340.357 101.959 87.5614 68.6152 54.8456 43.7283 37.2583 239.084 677.223 58.9756 21.0733 37.9023 33.3226 27.0151 618.248 365.135 244.889 41.1687 13.7772 27.3916 203.72 76.8172 4.79916 120.246 11.5682 108.677 81.3354 22.987 72.018 10.9616 126.903 9.43081 123.074 79.4593 58.3484 37.6521 35.7141 27.342 18.4002 15.6912 12.659 9.34413 112.382 20.2168 12.2642 6.47002 253.113 219.868 206.364 11.085 24.4282 17.7353 92.1657 40.4613 51.7045 23.6121 16.8491 13.6592 210.551 50.2502 160.301 141.495 15.5803 13.3097 6.8124 43.7452 33.1347 15.8565 11.0468 4.80972 154.548 125.915 116.105 109.422 30.2533 12.6469 393.48 265.026 42.5162 37.9694 8.681 29.2884 222.51 46.3707 176.139 17.6321 158.507 132.942 25.5652 19.2597 11.1172
internal_count=45097 34383 10714 24733 17080 7653 3239 4414 2947 371 2056 521 9650 8658 4349 641 206 3708 4309 4244 1697 16686 109 171 1535 222 111 2599 1543 1414 1056 4705 16577 14989 13582 3925 1588 1407 1132 953 751 617 2960 9657 695 279 416 369 295 8962 5569 3958 687 236 451 3271 1384 87 1611 197 1414 1116 302 1297 224 1887 182 1827 1131 814 498 509 298 254 229 191 145 2576 461 146 134 3393 2909 2720 254 417 290 2115 770 1345 446 324 261 4563 1335 3228 2860 251 219 122 622 639 357 251 106 1505 2609 2419 2297 539 278 3486 2401 361 315 79 236 2040 420 1620 155 1465 1229 236 156 202
is_linear=0
shrinkage=0.03


Tree=2
num_leaves=127
num_cat=0
split_feature=1 5 3 1 4 5 3 5 5 1 2 5 1 5 5 3 1 4 1 4 4 5 5 3 3 1 4 5 4 5 1 1 1 3 3 1 4 5 5 1 4 5 5 4 4 4 3 1 4 1 5 3 4 4 4 5 2 5 2 5 4 2 4 1 4 4 4 5 4 1 1 5 5 5 5 5 5 5 4 1 5 3 1 4 1 1 5 5 1 5 5 5 3 4 4 3 5 5 5 5 4 1 5 3 5 1 4 4 4 4 5 5 4 5 5 1 4 3 5 5 4 5 5 1 5 3
split_gain=18.244 13.4423 8.83888 8.91664 5.89893 6.18374 8.83458 6.55308 5.67881 5.56285 5.74458 5.09293 8.06655 11.0005 6.23822 5.46609 4.81668 4.41623 4.15715 5.93494 6.02802 6.62897 7.45634 4.85244 10.9195 5.25169 5.17576 8.46457 4.86889 6.45619 8.00754 4.11596 4.11137 4.96245 4.05358 3.97444 3.9362 4.00902 5.57291 7.06177 5.56502 3.84362 6.94353 4.71332 3.81797 5.04666 3.74679 3.6565 3.51875 3.43941 3.36624 5.38349 4.75977 4.50186 7.34165 3.93711 3.34504 5.18998 3.31613 8.05114 3.31411 3.23396 7.59046 7.31427 5.09229 4.23636 3.18032 3.14507 3.06291 3.04941 4.09458 3.01349 5.04826 3.01239 3.661 2.98603 3.74282 9.90135 7.03251 3.04849 4.55948 4.83565 4.69612 6.54293 6.17927 3.60278 3.35184 4.02619 3.02277 2.98313 3.06691 2.98241 4.44752 2.95576 2.8569 2.84693 6.05 2.79735 4.15504 3.19565 2.75989 3.77138 4.69313 2.89134 2.74556 2.72384 2.622 4.78436 5.92951 3.57758 4.53421 5.36035 2.65491 4.86991 4.26342 2.58742 2.58597 4.54717 4.26093 4.94584 4.63746 3.32447 7.5275 5.89218 4.72707 7.93478
threshold=0.22359402189326383 -1.2261954806601505 3.3306709598291291 -0.36157664289049696 -0.66674301125110214 0.95853550931775422 0.17937839937745148 1.5605914261499627 0.83323371331253226 0.80042901955067547 1.0000000180025095e-35 0.69593177880481993 -0.41336709929847076 -0.32532644312028985 -0.31217163488239691 1.2298092528613442 0.6070425933753768 -1.1005309863130883 -0.19991936075162406 -1.2167291818222876 -1.0000000180025095e-35 1.7834991048278619 2.4818128817287461 1.2298092528613442 0.17937839937745148 -1.1600583959403445 -0.94721392279400629 1.3448619410663916 1.0851682441183632 1.2530001846503167 -1.3393094017270453 -0.82673419859694153 -0.36157664289049696 -1.5713396897623693 -0.87105245410644094 -0.74302013429146097 -1.1266010942798961 -0.072095916268244353 0.10439424217268213 -0.77337226396022973 -1.4208208841910095 2.1656714473773664 2.0598693084000925 0.48043484681688153 0.23761041261175989 0.94721392279400651 -2.9719141610742255 -1.3393094017270453 0.32848336038177478 0.18078832144524859 -0.93957967511279938 1.0000000180025095e-35 0.94721392279400651 0.16424168019088739 -0.48043484681688131 -0.97200865671259729 1.0000000180025095e-35 1.9094533980960859 1.0000000180025095e-35 1.6753013024953116 0.78811941776579653 1.0000000180025095e-35 0.14990312080914311 -0.77337226396022973 0.46404792180917381 0.48043484681688153 0.89340254609328851 -1.0004417389587077 0.18162175216875917 -0.77337226396022973 -0.575476378519857 0.99100649773228267 1.2530001846503167 2.786234289006658 2.4818128817287461 -0.29255966338106981 0.48046293018383429 0.59126019623186521 1.6544491594320159 -1.1944942666918206 -0.12584193324916368 -1.5713396897623693 -0.85133124913371006 0.77341320301528982 -0.6994786246393544 -0.575476378519857 -0.064408414322451382 -0.034311872996219954 -1.6324242539568699 1.0000000180025095e-35 0.49919938844262063 -1.1107954617499161 0.17937839937745148 -1.3070148359512921 0.18162175216875917 -1.9214833075903333 0.06820590199373712 0.22707832903534694 0.41496799610198759 0.12209039049702991 0.59402603152940003 -0.44718804378652743 0.99100649773228267 2.2802401063452371 -1.1319464520281413 0.18078832144524859 0.32848336038177478 0.67501525704826237 0.77341320301528982 -0.52280593438051681 -1.5352463387347999 -1.3309539097139267 -0.88899068166813622 -1.5766342263982038 -1.3471368473879781 -0.18078832144524853 1.5174975345679209 0.87966563503337991 0.082799226861421271 -1.3710913512943168 1.6544491594320159 -0.26257008980403096 -0.2144639515607101 1.6940535305795514 -1.0380054186662038 0.5295220172054157
decision_type=2 2 2 2 2 2 2 2 2 2 2 2 2 2 2 2 2 2 2 2 2 2 2 2 2 2 2 2 2 2 2 2 2 2 2 2 2 2 2 2 2 2 2 2 2 2 2 2 2 2 2 2 2 2 2 2 2 2 2 2 2 2 2 2 2 2 2 2 2 2 2 2 2 2 2 2 2 2 2 2 2 2 2 2 2 2 2 2 2 2 2 2 2 2 2 2 2 2 2 2 2 2 2 2 2 2 2 2 2 2 2 2 2 2 2 2 2 2 2 2 2 2 2 2 2 2
left_child=1 32 11 31 9 8 7 -7 116 10 16 12 13 46 -15 36 89 34 23 -20 21 105 -23 24 28 71 27 -26 35 -30 -31 -4 33 -1 -18 61 37 69 39 40 -39 42 -22 68 -10 -46 -3 -17 -34 -50 51 53 55 54 67 91 -9 -58 73 60 -60 62 -13 65 -64 94 -45 -48 -43 93 -71 -25 -73 74 -28 88 79 78 -78 95 85 -82 83 -83 97 -81 -86 -88 -38 -2 -91 92 -53 -16 -63 96 -77 99 -99 -84 -27 102 -102 -104 -12 115 109 -108 -109 112 -111 -112 114 -114 -35 -21 121 118 119 -118 -121 124 -123 -124 125 -6
right_child=4 2 3 -5 5 6 -8 56 44 -11 104 18 -14 14 15 47 17 -19 19 20 41 22 -24 25 26 100 58 -29 29 30 -32 -33 48 106 -36 -37 75 38 -40 -41 -42 43 -44 66 45 -47 50 -49 49 -51 -52 52 -54 -55 -56 -57 57 -59 59 -61 -62 63 64 -65 -66 -67 -68 -69 -70 70 -72 72 -74 -75 -76 76 77 -79 -80 80 81 82 84 -85 86 -87 87 -89 -90 90 -92 -93 -94 -95 -96 -97 -98 98 -100 -101 101 -103 103 -105 -106 -107 107 108 -110 110 111 -113 113 -115 -116 -117 117 -119 -120 120 -122 122 123 -125 -126 -127
leaf_value=-0.025868687432933496 -0.010482204505503807 -0.013280530461901025 0.019285708947787392 0.056821662211762144 0.0076563944338221262 -0.010902065643323852 -0.020976000117023563 0.018781715909864261 -0.012323747352081872 -0.012903684584775152 0.008575097003332038 0.012043105431141092 -0.0024081404062503741 -0.031030381880317662 -0.018332246986815532 -0.018992802235845856 0.0044103616536528322 -0.0015080967452505989 -0.014964377757184559 0.009253373810378487 0.0052633056418101704 -0.020615434989499744 0.030553160325655849 0.03396006368517273 -0.019425721893164612 0.015623677961392107 -0.010520781882061353 0.037748496454174774 0.0264172094425985 0.02506394017218001 -0.007053302237471565 -0.012518872059861519 -0.021877843121717436 -0.0088628180152380484 0.060039650314027186 -0.0039984685242275431 -0.012173109819271982 0.0069453706315093493 0.0055081876164751022 -0.0092833418545330507 0.056065125827716715 0.014717937750463171 -0.023011678723777965 0.039969163751343115 0.054661211979743801 0.0089144521637498607 0.0020739115840512625 -0.0034057539257735126 -0.010257701638556155 0.020855454399777595 0.0049064504741721813 -0.0065168445205027459 0.022974429230687841 0.0039612361391753986 0.06705864634605882 0.020901877195582119 0.019906991337056115 -0.028057155257757791 0.0023024711108022926 -0.016610646473192856 0.026329681478500372 -0.0035069953085613047 -0.010326480917109703 0.031109254863807296 0.0054137439783614226 0.020528376914381932 0.01057909039571246 0.037244108340319007 -0.013497010611089542 0.042338208788804108 -0.010083485215121143 -0.011714873075096877 0.017793446497893616 -0.030065850027266972 0.01453323929505548 0.032972733775450055 0.016976289389482094 -0.0042030602746707191 -0.020684894079986492 -0.015153495373329488 -0.018010829946502171 0.0017184170775056816 0.01366080128714583 -0.016578040259081422 0.016731752146365481 0.0011659373850458669 -0.030918866151434046 -0.001886858546161785 0.014764391433936709 0.029408195219389369 -0.0021240024952672225 -0.011963199764047253 0.023215684851278867 0.0066246720703058521 -0.027476694518716427 -0.00018656439210972407 -0.0034282423384140253 0.038520595437959847 -0.00076071739767397117 -0.01085965722757219 -0.029122443498198647 0.017585950112338371 -0.0091684075093856395 0.014443714185822189 -0.011419801722227146 0 -0.025814494647138218 0.024008590087840745 -0.0077625425447424949 -0.0080230965265754121 0.037055839729531588 0.0014754294997891019 0.017198361232843545 -0.03035649122561054 0.027787380562688001 0.037031623947320472 -0.023934148433137327 0.012284380986154567 -0.013732541186509024 0.01909822911270519 -0.00075917579588603336 0.01993344213999464 0.00032243848950876179 -0.016959078448244885 -0.0085665051792838277 -0.017928166887697942
leaf_weight=7.5377519070170811 10.791017511859542 8.0606739884242398 9.8215203369036317 3.9178532143123439 44.47168411873281 27.710330757545307 37.186283564078622 14.092158611398192 2.2308802842162541 119.08950785780326 6.269891321193426 95.099817809066735 611.24413424672821 4.9557875217869869 10.341635545715693 19.574411373156181 2.1311421985737979 3.0862686610780639 9.0620902091031876 5.0122478678822509 92.948645232245326 5.9271237114444357 3.0615363458637148 7.0440317145548752 2.9776650331914416 8.0280103613622469 81.193455551983789 4.8905594008974731 17.759137579239905 9.4378626924008149 20.053514127619565 4.586824414320291 28.220837521133944 7.31531493505463 2.8178407596424222 68.400788429193199 3.6586682926863459 3.6173149626702061 33.247889709891751 2.8754131649620822 5.9909609118476501 6.1499243690632301 7.5125953247770658 7.0647252183407527 2.7202829457819444 6.9403295638039708 5.9600898143835366 43.2724314997904 19.308025734731931 2.7906997026875606 327.22743194317445 10.196950441692023 11.374421247281132 6.6463474817574015 3.6149303866550335 6.6696805246174327 2.7718351697549215 3.3989612814038992 15.013309354893865 14.823462388478218 7.3345323242247096 68.976772224064916 28.986453784164041 5.020308547653257 47.195011281874031 5.2397973053157321 7.9215885568410158 3.07765241432935 5.6909793596714735 1.7469694116152825 1.8834476703777898 5.6747434679418829 24.670323675964028 6.0172248538583508 4.6550683528184882 6.4277642220258704 47.69029437052086 58.210490258876234 4.0004698596894732 47.111179865431041 13.766655704006551 42.949557371903211 19.159837729297582 28.311903390102088 6.2109704394824794 15.673841983079909 3.9247221432160577 37.744521657936275 19.718996105715632 3.7615179503336531 5.9855619580484927 15.771884371992202 6.5944177152123293 5.9633581023663291 3.8945005582645527 153.53229517497675 8.534255810081957 7.0133419819176179 3.2080900371074677 5.3147399122826746 6.0875912178307798 5.2343978537246612 11.3320958185941 6.5051120016723862 42.927696352591738 2.7037891866639248 8.4654366672039014 5.6308203395456102 24.93962760688737 6.455298894550654 7.3878210382536063 7.4782654484733913 1.8546824040822683 5.9569443971849987 3.3368459269404411 16.474151872098453 4.5868893056176594 28.109796358738095 18.558928860817105 14.85357890371233 30.831183159258217 14.512372855097054 129.55125448270701 19.51558947423473 145.67258279374801 13.335855286335571
leaf_count=88 253 69 69 57 1080 479 551 231 52 3838 195 839 9184 56 139 122 42 90 172 81 1116 86 40 45 44 93 641 55 133 52 158 44 585 141 84 855 25 41 426 57 72 67 77 65 51 93 85 344 265 46 3434 125 104 68 44 76 37 48 159 106 48 635 225 60 330 38 67 36 60 37 45 32 144 39 35 51 420 530 27 465 152 477 217 208 77 197 48 439 211 85 133 187 79 73 27 1171 66 83 34 53 45 43 81 43 1027 53 97 57 215 88 103 75 35 107 70 265 74 446 258 231 432 267 2311 509 2898 340
internal_value=-0.00029165 0.00090643 0.00141921 0.021639 -0.00438266 -0.00279799 -0.0102006 -0.00152903 -0.00144842 -0.00884684 -0.00251162 0.00125685 0.000337082 0.00190768 -0.000461667 -0.000181285 0.00796201 0.0262161 0.00330955 0.00743777 0.00880631 0.0200619 -0.00157307 0.00209026 0.00102429 0.00918756 -0.00617789 0.0160225 0.0037063 0.012615 0.00361142 0.00881081 -0.00821248 -0.00411103 0.0413569 0.00235812 0.000704031 0.00757682 0.0124046 0.0287786 0.0402533 0.00571554 0.00291334 0.0156195 0.0181765 0.0259965 0.00579886 -0.00852895 -0.0149757 -0.00546597 0.00622604 0.0122043 0.00672969 0.0253738 0.0352879 0.00149147 0.0110577 -0.00632237 -0.00766746 -1.36798e-05 0.0111066 0.00408785 0.00643483 -0.00073115 -0.000592618 -0.00318287 0.0262551 0.0168667 0.000928589 -0.00341819 0.0181898 0.0169774 0.0119818 -0.0106986 -0.00897601 -0.00015104 -0.000646786 0.0042225 0.0136674 -0.00200309 -0.00424134 -0.00161199 -1.82718e-05 -0.005638 0.00480497 -0.011078 -0.00214238 -0.00535215 0.0100991 0 0.0113696 -0.00289914 0.00563986 -0.00917583 -0.00518325 0.00104663 0.0131079 0.0142677 0.0269553 0.00800106 0.00103743 -0.00326382 -0.00846835 -8.83351e-05 -0.00869176 0.0279635 -0.00169472 -0.00715624 -0.00124043 0.00363446 0.0118054 0.0205676 -0.00576867 -0.0180548 0.00376003 0.0313847 -0.00199583 0.00232687 -0.00181441 0.00270895 0.00590364 -0.00314882 2.0563e-05 -0.00201797 -0.00569903 0.00149868
internal_weight=3346.06 2588.15 2451.47 18.3262 757.911 561.051 85.1596 47.9733 475.891 196.86 77.7709 2433.15 1682.07 1070.83 665.632 660.676 28.5733 8.03525 751.075 169.529 160.467 33.1788 8.98866 581.546 506.969 74.5763 136.905 7.86822 370.064 47.2505 29.4914 14.4083 136.678 86.3588 4.94898 322.813 597.83 65.667 45.7316 12.4837 9.60828 127.288 100.461 26.8272 11.8915 9.66061 405.194 62.8468 50.3196 22.0987 397.134 69.9064 50.6074 19.299 12.6527 39.2329 20.263 6.1708 129.037 37.1713 22.3478 254.413 171.281 83.1314 76.1815 78.1111 14.9863 9.03774 11.8409 19.9354 3.63042 37.3891 30.3451 91.8657 85.8485 532.163 508.785 109.901 51.6908 398.884 230.389 167.604 153.838 71.2615 82.5762 62.785 47.8802 41.6692 23.3777 20.5381 9.74708 32.5633 16.7914 16.305 72.8713 168.494 14.962 34.696 10.2214 24.4746 37.1872 29.1592 23.9248 17.8372 49.1976 24.1902 78.8211 39.0359 30.5704 39.7852 21.3214 14.8661 18.4638 7.81163 10.6522 21.4864 464 96.9404 68.8306 50.2717 45.6848 367.059 163.579 149.067 203.48 57.8075
internal_count=45285 29150 27178 170 16135 10388 1346 795 9042 5747 1909 27008 19854 10670 6363 6307 687 216 7154 2149 1977 525 126 5005 4479 526 1127 99 3352 343 210 113 1972 1076 126 3009 5841 890 596 170 113 1452 1193 259 196 144 4307 466 896 311 4238 804 571 233 165 467 316 85 1028 313 207 2154 1394 760 555 700 132 121 127 294 82 221 176 715 676 4951 4715 977 447 3738 2450 1788 1636 685 951 662 564 487 236 471 218 391 204 212 662 1288 117 387 117 270 305 212 169 124 1222 399 988 369 272 619 266 178 353 142 211 346 8846 1441 995 737 663 7405 3087 2820 4318 1420
is_linear=0
shrinkage=0.03


Tree=3
num_leaves=127
num_cat=0
split_feature=1 2 1 1 3 0 1 3 4 4 1 4 0 3 4 1 0 2 4 4 3 3 3 3 4 3 3 1 4 1 1 3 4 4 1 3 4 3 4 4 1 1 1 0 3 4 4 4 0 4 4 4 4 0 1 3 4 4 4 1 4 4 3 4 4 1 3 4 4 4 1 4 3 3 3 1 4 1 3 1 3 4 1 4 1 3 4 4 1 4 4 1 3 1 1 1 1 4 1 3 4 1 3 1 1 1 4 4 3 1 1 0 4 1 1 3 4 1 4 1 4 3 1 4 3 3
split_gain=21.1514 7.51177 7.23976 5.00308 4.85325 7.05681 4.65359 4.14271 4.008 4.30333 5.65012 5.29405 6.26206 5.00723 4.04235 4.83625 3.75052 3.68567 12.5907 4.93449 4.76777 6.05847 3.97119 4.50564 3.47253 6.03839 5.85811 3.40512 3.38898 3.27139 5.60066 3.12033 3.10584 3.08739 3.07535 3.07995 3.07252 4.18231 2.97239 6.21174 3.86331 3.5087 4.11699 2.96494 2.7813 2.76901 3.75871 3.57291 5.18197 2.66139 4.62059 3.93758 3.41957 2.60398 2.59055 2.57335 3.59983 3.95096 3.92974 3.18575 4.48513 2.53208 3.69026 5.40148 8.28259 3.6918 2.68494 2.4898 10.2778 3.73423 3.37037 2.8192 4.30718 4.17957 3.64433 3.20843 3.16481 2.73332 2.47023 3.81433 3.1868 5.39876 5.73779 4.29349 2.90591 3.1601 2.59955 2.49471 2.46972 2.80662 2.44856 2.43017 2.36044 2.32585 2.58711 2.29105 2.87249 4.26891 4.71234 6.09434 3.18617 4.79685 3.00951 2.93794 2.92819 3.15383 2.22381 2.20267 2.77592 2.19901 2.34646 2.19438 2.14227 3.25186 3.23923 2.47525 3.09873 2.27595 2.12753 6.12747 2.11844 2.06751 2.05011 2.17125 2.04117 2.02873
threshold=-0.22359402189326377 1.0000000180025095e-35 0.85133124913371028 -1.1600583959403445 0.17937839937745148 0.60936290016033468 1.3651363047906526 -3.3220577789021903 -1.0000000180025095e-35 -0.5996124832365729 -0.74302013429146097 -0.78811941776579653 1.0000000180025095e-35 -0.87105245410644094 -0.32848336038177456 -0.65387159343576273 1.0000000180025095e-35 1.0000000180025095e-35 0.36324350433751823 -0.18162175216875906 2.9805273420011651 1.0000000180025095e-35 -0.52090883627847673 0.87966563503337991 -0.48043484681688131 -0.52090883627847673 0.5295220172054157 -0.19991936075162406 0.12762893515618401 0.33001042803497771 0.45528194503153263 0.87966563503337991 -0.44970936242742959 0.50389794398700838 -1.0672386927342334 0.17937839937745148 -1.5390053736405369 -0.87105245410644094 1.3573836214717783 1.4653692554969284 -0.39232295606145767 -0.52883658654052279 -0.86751905162372012 -0.97829221439720593 0.87966563503337991 1.1978211914287795 0.18162175216875917 1.4208208841910099 1.0000000180025095e-35 -1.1691440726652909 -0.94721392279400629 -1.3070148359512921 -1.5390053736405369 0.60936290016033468 -0.30352129668768829 1.0000000180025095e-35 -0.96955972962269843 -0.63545888169093312 -1.4448855992372935 -1.5639624632961975 -0.23044113292088789 1.0077958879740165 -0.52090883627847673 0.36324350433751823 0.67501525704826237 -0.65387159343576273 1.2298092528613442 0.77341320301528982 0.89340254609328851 1.0851682441183632 -1.4806057920327043 0.32848336038177478 -1.9214833075903333 -1.221196071934405 -1.9214833075903333 -1.5323962484406779 0.41361228985800397 -1.3651363047906522 0.17937839937745148 -0.44718804378652743 1.2298092528613442 1.5174975345679209 -1.0426416421974649 0.52280593438051703 -0.55466348960412981 -0.52090883627847673 1.0077958879740165 0.78811941776579653 1.6940535305795514 0.75106739618659757 1.5390053736405374 1.0264538397074554 0.17937839937745148 -1.7289676773136862 -1.3651363047906522 -1.1944942666918206 -1.3651363047906522 0.72716979721702424 -1.2869302979557984 0.5295220172054157 1.5174975345679209 -1.2869302979557984 2.2802401063452371 -1.3184965128113177 -1.5323962484406779 -1.5639624632961975 0.16424168019088739 0.78811941776579653 1.9300964885172729 -0.36157664289049696 -0.44718804378652743 1.403190457439105 0.94721392279400651 1.0426416421974654 1.194494266691821 1.9300964885172729 1.6544491594320159 0.82673419859694175 0.52280593438051703 -0.65387159343576273 -1.1005309863130883 1.5799528706893085 -1.6703788694379111 -0.23044113292088789 -2.6217705432462615 -1.5713396897623693
decision_type=2 2 2 2 2 2 2 2 2 2 2 2 2 2 2 2 2 2 2 2 2 2 2 2 2 2 2 2 2 2 2 2 2 2 2 2 2 2 2 2 2 2 2 2 2 2 2 2 2 2 2 2 2 2 2 2 2 2 2 2 2 2 2 2 2 2 2 2 2 2 2 2 2 2 2 2 2 2 2 2 2 2 2 2 2 2 2 2 2 2 2 2 2 2 2 2 2 2 2 2 2 2 2 2 2 2 2 2 2 2 2 2 2 2 2 2 2 2 2 2 2 2 2 2 2 2
left_child=3 4 -3 17 -2 27 -7 -5 9 10 11 43 -13 14 15 -11 78 19 22 36 21 67 49 55 26 -26 34 -6 -23 45 -31 -20 -27 -32 -15 -36 37 124 54 41 -41 42 -40 -9 -42 46 106 -47 -49 51 -51 52 125 109 61 -24 58 -58 -57 60 -59 62 -18 -64 118 -66 -67 71 -69 70 -70 72 -21 -74 -73 -75 -76 -77 84 80 83 82 -82 -80 85 -10 -84 -85 89 -8 -71 -4 -45 -78 -95 96 102 98 99 -98 103 -102 104 -99 105 -30 -29 -33 -109 110 -12 -93 117 115 -115 116 -114 -35 119 -65 -94 -88 -52 -124 -1 -19
right_child=1 2 91 7 5 6 88 8 16 13 53 12 -14 24 -16 -17 38 18 31 20 -22 28 23 -25 25 32 -28 29 95 30 33 107 -34 112 35 -37 -38 -39 39 40 44 -43 -44 92 -46 47 -48 48 -50 50 122 -53 -54 -55 -56 56 57 59 -60 -61 -62 -63 63 64 65 66 -68 68 69 90 -72 74 73 75 76 77 93 -79 79 -81 81 -83 86 87 -86 -87 121 -89 -90 -91 -92 111 120 94 -96 -97 97 100 -100 -101 101 -103 -104 -105 -106 -107 -108 108 -110 -111 -112 -113 113 114 -116 -117 -118 -119 -120 -121 -122 -123 123 -125 -126 -127
leaf_value=-0.00079404952515494819 0.00055168407715018683 -0.0032628707291959759 -0.019220252671535844 -0.017785734633915345 -0.019226074207135884 -0.014218619938619994 -0.0074818190302901591 -0.0068767338155493159 -0.0017395400202467697 -0.021600539749467206 -0.0041366550380011243 -0.013861676476858027 0.016881668771329024 -0.010311971413753528 0.0098561333867551986 0.01300993988870478 -0.015143323162473512 0.028705009743261969 0.018975868630422381 0.023286926614507281 0.022624746937791405 -0.010520661422420424 -0.021324787377479008 0.012557103355214847 0.033829140166322581 -0.016060058449367462 0.047858343017662133 0.0059313019699510491 -0.00054521323358075414 -0.021172231224934061 -0.014264010992930091 0.017291685740193016 0.0059916122961731723 0.02950189785739599 0.021559849980038931 -0.0039445277945925764 0.010460784819558396 0.015434224935398085 0 -0.0086131094086782413 -0.0028973280205780989 -0.0059347808812424243 0.035784561060744458 0.01244516146307157 0.025736729903819793 0.020333620281941828 -0.0042600686019882306 -0.021112216925393622 0.010765138657743412 -0.021251498586342198 -0.0061785504157913134 0.03307175224917043 -0.01348443395478504 -0.021161399601396593 0.0094325443539483803 -0.014543048398248274 -0.023150650392901203 0.025666409928140812 0.0085106525611756152 -0.011167471679598492 -0.011018648564593347 -0.014237231832238774 -0.010222485902845769 0.032055079438546588 -0.013923716415969416 0.013894376307213159 -0.012576266582469221 0.039262236990403578 -0.020738777471394104 0.018550660829284107 0.0067501584594375176 -0.019537391361189482 -0.010786766529141911 0.00056210228296853454 -0.011184898706354536 0.038252849823410276 -0.0068610046182283196 0.0026990922895409886 0.0030529417237449507 0.008280150111445124 -0.024212251474965401 0.014148641313593937 0.013786642703381627 -0.019792204854013389 -0.0021060029667340158 0.0070077904652632236 0.0089629473694259176 -0.0066927692309733736 -0.0086109111214275474 0.014609447094374627 -0.0020766193682755112 -0.0070821350243180951 -0.015029631669857327 0.020651464546682451 -0.0010220322190487169 -0.014610412098589719 0.038177699971910076 0.003451185507856178 -0.00083661282859879475 0.00029893130909808833 -0.0019325815377584038 0.025311586746554513 0.013014827496481134 -0.014754708064692857 -0.0074748538870974667 0.01886745959735726 0.033817514156472779 -0.011821107831246137 0.011152574229020879 -0.012357779680470679 0.0064591636656483901 -0.016998924539197654 -0.010682224769111485 0.029560750020696511 0 -0.023673921931175623 0.012973246714892786 -0.00049637157542823816 0.036835149309094949 -0.012145703335245809 0.0083092437161131141 -0.012784716373473693 0.0018206278102455473 0.021608532208520902 -0.031450446133250515 7.8073600032421776e-05
leaf_weight=3.8505182573571801 590.15569943957962 422.29586484337051 25.567670334130526 9.7849627118557674 7.19746836926788 75.726060499669984 7.6211077421903637 9.0445223422721011 48.567031952552497 12.638646684587004 57.381938755977899 21.560743503738198 7.1026786016300312 3.7581818588078049 10.891640332527457 4.079081870615485 22.631237340159714 3.5835670134983957 31.195963572710752 13.608850341290234 10.178234959952531 24.200333193875849 12.891465394757686 8.4744904050603491 5.8566743624396613 5.2535764258354893 4.4087526290677479 14.028882363345476 67.045890778303146 13.31003191648051 10.052851060405372 7.0355096664279726 67.804678723681718 4.175607092678546 19.157020004931841 4.8127098116092375 160.90134464611765 4.6145039964467269 4.3315141517668971 36.658406995236874 5.6325439503416401 3.9846240067854515 8.1090730894356966 73.05433775158599 4.8835815452039242 16.592057418078184 46.299983792006969 5.4023283254355201 15.121087921499566 7.8203047225251785 13.146363092586396 4.5135029628872863 5.7908624205738315 6.5824614693410686 8.0047899540513736 8.5951355397701281 16.994466444477439 5.1388067295774817 20.58698423858732 24.581624444239427 4.907488550059492 33.914959583431482 35.313239425420761 4.9571093199774614 15.077900245785711 10.966176320798697 3.8513924861326805 9.7591347610577923 6.441969932988286 17.087716910056773 7.7155845649540407 6.7850066944956771 11.075479130260645 11.434190084226431 9.1784079484641534 4.4603257402777672 5.9965987019240847 3.5769798159599322 34.038397770840675 29.804025685414672 8.7637785933911783 21.628504164516926 10.203545815777035 16.230237698182464 74.290556469466537 146.42905189003795 5.1524796131998292 71.226772035937756 20.489395813783631 11.94010378140956 6.6478925719857207 117.7011100173404 5.0331766873132437 13.068679684540259 7.1194613687694099 7.0548459319397798 10.366108765825635 16.131899931468073 9.2846278827637416 6.0265260320156804 13.16158662363887 8.9987708237022144 11.726174294948576 13.878120186273007 54.669743075210135 7.4459853917360297 2.4956219610758117 9.6304903998971003 7.490322344005107 16.837582436390221 26.677589979488403 25.157425809185952 11.13702470157296 4.5395361986011258 8.2516222940757853 4.7350564934313288 7.4318875055760136 3.6626763213425875 5.4609270999208084 4.4751019375398746 7.2677707024849934 9.8290526573546213 16.689388062804937 6.5127377025783089 3.6050160983577371 4.7610312821343541
leaf_count=33 10541 7432 614 122 75 1304 211 133 432 133 1038 281 104 47 127 57 224 31 197 97 74 211 119 80 72 91 62 239 378 181 207 38 873 54 286 61 1449 59 33 309 48 39 71 1111 40 165 566 45 147 65 81 43 48 126 91 104 188 39 235 220 33 304 409 42 123 119 32 66 37 112 49 42 81 73 60 37 30 43 354 328 62 142 100 142 801 1442 42 549 595 219 42 2881 84 80 51 50 88 111 96 43 75 54 65 98 374 50 33 55 42 300 531 861 145 54 124 58 70 58 68 59 110 72 149 39 39 57
internal_value=-8.41833e-05 -0.00276913 -0.00538446 0.0020486 -0.00100674 -0.00417718 -0.00988584 0.000701733 0.000892972 0.00340867 0.000872426 0.00525236 -0.00583018 0.00756759 -0.00368124 -0.0127287 -0.000462719 0.00386048 0.000549044 0.0051386 0.0032588 0.00268018 -0.00359901 -0.0072296 0.0103989 0.00680441 0.0186634 -0.00033633 -7.29142e-05 0.000568258 -0.00448546 0.0128108 0.00416994 -6.63165e-06 0.0124126 0.016366 0.00936125 -0.00474565 -0.0038138 0.00153779 -0.00398859 0.0169002 0.0243347 0.00867473 0.0112197 0.00401171 9.17032e-05 0.0103918 0.00164372 0.00227974 -0.00171144 0.0114913 0.00267254 -0.00411709 -0.00618175 -0.00916462 -0.00695097 -0.0116452 0.00136428 -0.00542309 0.00809942 -0.00718011 -0.00470665 -0.00157061 0.00525965 -0.0038392 0.00646434 0.00780274 0.0132898 0.00568613 -0.00610295 0.0046212 0.00983607 0.00320033 -0.000873882 0.0114411 0.00306333 0.0248112 0.00100153 -0.00145025 -0.00314217 0.00273814 -0.00464238 -0.00585697 0.00289458 0.00481606 0.00271747 -0.00935394 -0.00147372 0.00591143 0.0128017 -0.0106356 0.0104179 0.00839577 0.0131791 0.00107511 0.00165885 0.00624936 0.0160222 0.0252424 0.00117207 0.00961627 -0.000882666 -0.00507568 -0.00225772 0.0015797 0.0120034 0.00429205 -0.00154382 -0.00277893 -0.000702236 -0.00895536 0.00343382 0.000105608 0.0118156 -0.00642005 -0.000882086 0.0166747 0.0228052 0.0116425 -0.00142678 -0.00502468 0.00286868 0.0081623 -0.0179387 0.0144491
internal_weight=3321.93 1471.09 590.722 1850.84 880.366 290.21 115.777 1063.4 1053.62 369.204 230.543 123.063 28.6634 138.661 27.6094 16.7177 684.416 787.437 220.341 567.097 394.125 383.947 164.988 102.17 111.052 78.9149 32.1367 174.434 249.991 167.236 67.2963 55.3523 73.0583 53.9863 27.7279 23.9697 172.971 12.07 208.253 63.5997 47.1745 16.4252 12.4406 94.3998 10.5161 99.94 62.8245 37.1155 20.5234 62.8178 44.1688 18.649 14.1355 107.48 144.653 93.696 80.8045 51.6224 29.1821 34.6279 10.0463 136.648 102.733 80.1018 44.7886 29.8955 14.8176 133.956 47.6523 37.8932 14.1576 86.304 44.1558 30.547 42.1482 19.4715 35.3631 8.03731 476.163 206.877 177.073 55.5774 33.9489 121.495 269.287 194.996 25.1851 87.457 40.0506 19.5612 23.7356 168.426 85.3553 26.1847 20.1881 225.79 218.735 77.8476 25.6773 16.3926 52.1704 22.1604 140.888 30.01 129.162 74.4919 16.5245 24.1563 17.1208 100.897 84.0595 142.859 43.9334 36.0951 12.7912 23.304 18.5689 7.83828 14.8931 9.43221 12.3009 14.9815 36.3485 23.2021 7.45553 8.3446
internal_count=45215 26879 11788 18336 15091 4550 2329 12226 12104 5627 3818 1823 385 1809 317 190 6477 6110 1863 4247 2667 2593 1531 1018 1492 1036 456 2221 1693 2146 951 332 964 770 394 347 1580 131 2011 540 397 143 104 1438 88 1195 838 357 192 513 334 179 136 1995 1471 938 819 480 339 292 72 1380 1076 852 443 274 151 900 306 240 86 594 331 234 263 153 221 80 4466 1791 1463 418 276 1045 2675 1874 214 691 1025 430 154 4356 1305 161 131 1482 1432 565 227 131 338 129 867 209 802 428 272 135 97 1869 1569 3742 563 451 178 273 215 112 169 101 194 114 269 188 72 88
is_linear=0
shrinkage=0.03


Tree=4
num_leaves=127
num_cat=0
split_feature=1 5 5 5 1 4 5 5 4 5 5 0 5 5 1 1 1 4 0 1 4 4 4 1 5 2 5 0 4 4 5 5 5 5 4 4 4 4 0 5 5 4 5 4 5 5 5 4 4 1 4 2 5 4 5 4 4 4 5 5 4 5 4 1 4 1 4 5 4 1 1 5 4 5 4 5 0 5 1 1 5 1 4 4 5 4 5 4 4 5 4 4 2 0 5 4 4 4 1 5 5 5 1 1 4 5 4 4 1 5 1 0 5 1 1 5 4 5 5 5 1 0 4 5 5 5
split_gain=17.7691 7.06963 8.02893 6.32237 6.23912 7.69426 9.0663 7.36083 7.18347 4.39669 5.70352 4.67334 4.12307 4.10802 4.07634 4.4026 4.22296 3.99388 8.47273 7.69575 4.90591 5.80825 4.2485 6.35153 5.50229 4.19413 4.13504 3.82466 3.73308 3.7264 3.70264 4.23714 3.90031 4.49845 4.18401 6.39573 4.05764 3.92668 3.7558 3.63334 3.59458 3.54944 3.53773 3.50516 5.10492 3.41507 3.39865 3.23081 2.91581 5.45016 5.25909 3.87744 3.84424 4.57379 3.61566 8.51294 3.72725 2.96813 2.90653 2.94751 2.89208 4.50636 3.09998 2.8606 2.81293 4.43723 3.37886 3.92861 3.06897 6.02707 4.1931 2.8861 2.73208 2.70066 2.66137 2.6347 2.61539 4.63775 4.77922 2.95814 2.60319 6.80494 13.332 6.97948 5.75677 3.60794 2.94119 2.78866 5.63987 4.21868 5.7818 3.55478 2.87199 2.7644 2.71448 2.59444 6.07348 4.16325 3.97542 3.69164 3.45402 4.49113 4.60677 3.70799 3.24342 3.52875 3.07308 2.64613 5.53531 4.05045 3.13465 2.84337 3.40242 3.16246 6.66351 2.535 2.51697 3.25178 2.43133 2.42775 2.42311 3.57409 2.4515 6.12516 2.57043 2.5416
threshold=-0.82673419859694153 -0.69343497272456733 -1.1930589639944242 -0.66729241326846489 0.19991936075162423 -0.66674301125110214 0.95853550931775422 0.83323371331253226 -0.40625918248275045 -0.93957967511279938 -0.75145595278061783 -0.97829221439720593 -0.64600018511023538 0.43660041905895941 -1.7131845698859265 -1.2114047389358489 -1.4806057920327043 1.0000000180025095e-35 0.60936290016033468 1.0672386927342339 1.0538841145581943 1.0851682441183632 -0.26628753137524819 0.55466348960413014 0.27834526684370164 1.0000000180025095e-35 0.53159418144610937 1.403190457439105 1.1978211914287795 -0.66674301125110214 1.6753013024953116 1.1707786206892243 1.3448619410663916 1.4347702483674103 -0.18162175216875906 1.3573836214717783 0.36324350433751823 -0.88899068166813622 0.60936290016033468 1.5399392090785453 -0.42667761331355636 -0.52280593438051681 0.27834526684370164 -0.26628753137524819 0.16454842747750376 -1.710394124089502 -0.33808875753493661 1.1978211914287795 0.96955972962269865 -1.3831741418509491 1.5563854456184092 1.0000000180025095e-35 -0.28730714676814101 1.1210146425727237 -0.50192672780764158 -1.0538841145581936 -0.18162175216875906 1.2709177633818667 0.19218214449680762 0.11106217516366058 -0.16424168019088733 -1.0538825222000068 1.3573836214717783 1.6703788694379116 0.18162175216875917 -0.52883658654052279 1.5174975345679209 -0.75145595278061783 0.16424168019088739 -1.0000000180025095e-35 0.55466348960413014 -1.6021182951570454 1.3573836214717783 -1.0191680218268384 -0.23044113292088789 -0.68019266039281112 -0.97829221439720593 0.65366936687472088 -1.694053530579551 -1.3393094017270453 2.0945788246333383 -1.0000000180025095e-35 0.50389794398700838 -0.16424168019088733 2.0598693084000925 -0.66674301125110214 2.786234289006658 1.5707240050001532 0.78811941776579653 1.3448619410663916 0.94721392279400651 1.0851682441183632 1.0000000180025095e-35 1.0000000180025095e-35 1.6753013024953116 -0.18162175216875906 -0.36324350433751801 -0.55148305314400514 -1.7289676773136862 0.35344348032326317 0.087184749842003875 -0.49368535219087623 -1.3831741418509491 -1.4806057920327043 -0.26628753137524819 -0.13969884638349464 0.14990312080914311 0.20312959124137533 -1.4806057920327043 0.19218214449680762 -1.1600583959403445 -0.97829221439720593 -0.40530395996178853 -1.4806057920327043 -1.5639624632961975 0.41478388995097254 -0.75106739618659735 -0.22639637182634406 1.4140427534948377 -0.27240798726831589 0.91542023081006807 0.60936290016033468 1.5390053736405374 -0.48943836424211867 -0.13969884638349464 -0.40530395996178853
decision_type=2 2 2 2 2 2 2 2 2 2 2 2 2 2 2 2 2 2 2 2 2 2 2 2 2 2 2 2 2 2 2 2 2 2 2 2 2 2 2 2 2 2 2 2 2 2 2 2 2 2 2 2 2 2 2 2 2 2 2 2 2 2 2 2 2 2 2 2 2 2 2 2 2 2 2 2 2 2 2 2 2 2 2 2 2 2 2 2 2 2 2 2 2 2 2 2 2 2 2 2 2 2 2 2 2 2 2 2 2 2 2 2 2 2 2 2 2 2 2 2 2 2 2 2 2 2
left_child=1 2 28 45 12 -6 7 17 118 11 14 -4 -5 48 -11 16 -16 18 22 41 25 -22 -7 -24 -25 46 -27 -9 -1 -13 31 38 -33 36 39 -36 37 -34 76 -35 74 -20 120 44 -42 -2 -19 -12 51 -50 52 75 53 -51 55 -53 -57 -55 59 -48 61 -31 73 -44 68 -66 71 -68 -47 -70 -71 -67 -38 -62 -21 -3 77 79 -79 -15 84 83 86 85 87 -82 -83 88 -14 92 -91 -92 -90 119 -93 96 97 99 -97 100 101 102 -77 -102 105 -98 -100 108 -108 111 -110 112 -109 114 -113 -111 -103 -118 -8 -89 122 -122 125 -124 -125 -23
right_child=3 13 9 4 5 6 8 27 -10 10 47 29 80 30 15 -17 -18 20 19 40 21 42 23 24 -26 26 -28 -29 -30 60 -32 32 33 34 35 -37 72 -39 -40 -41 43 -43 63 -45 -46 64 58 -49 49 50 -52 54 -54 57 -56 56 -58 -59 -60 -61 62 -63 -64 -65 65 66 67 -69 69 70 -72 -73 -74 -75 -76 95 -78 78 -80 -81 81 82 -84 -85 -86 -87 -88 93 89 90 91 94 -94 -95 -96 98 104 -99 106 -101 103 116 -104 -105 -106 -107 107 109 110 115 -112 113 -114 -115 -116 -117 117 -119 -120 -121 121 -123 123 124 -126 -127
leaf_value=0.003086097543521865 -0.014238552565244781 -0.015959682465121368 -0.00062903839229693393 0.017091717428237962 -0.0096644070493482996 -0.013215233708636672 -0.00018429983636290186 0.030542916200369592 -0.011719257060861995 -0.021463636659402423 0.012976707092862754 0.0084680268720673385 -0.00065902544218062473 0.019603547590218283 -9.8618941444387844e-05 -0.003603904207566446 0.023765818750892245 -0.014254107966223121 -0.00074275924218403266 0.00030679615151739886 0.033306677890928615 -0.020909556049955928 -0.01657590289212885 0.03048038308307488 -0.014357921407069957 -0.017925453769778603 0.010651205817923389 -0.0075469145743744144 -0.015602909186432024 0.06832998056456778 3.4741983265018367e-06 0.019696217469434132 0.009907232138924138 0.033226467905772265 -0.0019814434845397931 0.026174079888245837 0.019733652179014932 -0.020180027602069887 -0.020360331617676017 0.0066362824376130876 -0.0057240991748544676 0.040308837660939324 -0.0029003425412927573 -0.015204393576222426 0.041298939778044864 -0.0022578164745665381 0.0030007509748624247 0.040906822172069396 0.0045517353008904492 -0.024452944114318174 0.0018748862565147314 -0.023415476768678455 -0.018868175694097444 0.02326288318431079 -0.0044229610908645351 0.033674150435086328 0.0030847450354256657 -0.0030570243628924489 -0.0067892349980712809 0.028457744669496236 0.0013439649123598138 0.013813080432681091 0.042671529870629395 -0.024999177662521337 0.0040335415194075776 0.010351503663475443 0.0046169706947067762 -0.021123354234043053 -0.010156883663344773 0.05364713094248888 0.0034496606096318504 -0.010303914711827724 -0.0047696077313239792 0.027075991825422235 0.052913937568234037 0.042057849891529435 0.0052524457653552719 0.0034244753781180856 -0.019696651899357917 -0.0071925890440315571 0.0019052610090523321 -0.013757032149519592 0.040103357653349846 -0.0095244315070324471 -0.020860515660410223 0.033999321977663914 0.011350171731179295 0.0058280457309942534 0.0046644212345131495 -0.028283082241081142 0.019817649543262591 -0.017051335599926998 0.014618850386088912 -0.00042266884220568319 0.008111161570861735 -0.012257868963645002 0.051152972853844 -0.0098612722183208414 -0.0061746548167375308 -0.018036870108109278 0.0019071068301408625 -0.0043353796816453976 0 0.033626828351549877 0.0080269519301288672 0.011349845209661633 -0.0087265257855663244 -0.0014877925710164391 0.047683748521821653 -0.015258632562858351 0.011109974234244464 -0.00061587901942006988 0.029207938352533748 4.0313183865851735e-05 0.039305009245417327 0.0078725561169592957 0.028887647003768648 -0.0032724427889361473 0.040615473778737622 -0.017056361112742117 0.018327729947989528 0.0017449105055692515 0.038079380482134779 -0.0099882871122215187 0.010860456686312837 -0.00082131409976366376
leaf_weight=45.901984892785549 29.885063668712974 4.9520018314942709 7.5233400613069525 12.716101385653017 126.8984433405567 18.161210896912962 1.9506824621930707 9.9498633774928731 84.682713302165212 4.5555137218907467 16.610833128914241 10.656763186678289 627.91642854426755 9.8412400120869261 11.026243172585966 23.791292012203485 14.963515236973761 15.274974341271443 2.031166552565991 1.6895636310800912 4.1854848484508684 7.0793918785639134 5.7195996921509531 8.6791728988755477 2.5321747665293506 33.181047268211842 4.4467870360240331 2.4408044628798953 11.083677492104469 3.5395654048770666 158.79125928971916 28.930951237678528 4.6443116851151016 11.3720851065591 26.975263462401927 8.7985104825347644 8.2072329297661764 12.426983448676767 4.8759298156946889 8.8858482530340535 4.9178662076592472 11.270162511849778 32.000242218375206 7.8545234040357128 2.2703630300238729 219.9269959856756 33.263827923685312 4.9075934402644625 46.945339918558602 5.206940075382593 31.167355807498097 4.4141377033665803 37.34656842937693 4.7331763990223399 121.3394791695755 7.5629032868891963 6.9524871851317558 10.751777033321558 23.959836346330121 3.8016935151536009 8.178150687366724 3.0840808525681487 4.5129437083378425 5.5207525659352532 32.280347645748407 5.4083713316358617 31.67903977073729 5.3733513313345602 4.6585207423195243 2.7187990811653417 2.9842188432812691 163.10151957976632 6.5168364476412526 6.2617815667763397 1.1033251564949775 4.3184320004656911 213.32671715831384 14.040846855379639 16.549316030927006 4.7887191548943511 7.4452843042090535 7.601663125795314 11.814049152657388 28.967185418121517 10.636195950675754 4.9416944803670031 7.1640750057995319 4.3788643367588547 180.60496051573864 6.760575215797874 5.9368822174146798 7.7928815353661758 30.495466232765466 39.605839575640857 5.8790941629558802 15.374932147562502 4.7577186012640595 14.24602066259831 23.603196277283132 3.74184476584196 5.6402715360745779 27.102949211373918 4.1732986671849996 8.4125799173489195 8.4322251370176655 4.5577243566513079 4.390098273754119 4.523610768839716 3.8685550298541775 13.35969039052725 5.6795019395649424 8.8533666068688017 8.5069376430474133 48.645886824466302 5.3290479045826862 5.1441791867837301 4.5138644985854626 5.1418659482151394 2.2488620434887707 21.437810428440571 19.251792938448489 29.342140121851116 3.4632676951587227 11.063006778247658 8.4951580213382805 20.450319513678551
leaf_count=515 851 50 77 227 3475 400 48 157 1302 34 160 123 9545 64 90 259 124 335 57 57 53 87 89 166 55 620 84 42 72 40 1121 219 51 105 192 51 57 99 46 79 156 242 436 213 77 5311 590 35 271 44 199 61 287 40 1285 92 55 73 447 78 79 35 34 85 354 100 477 72 64 52 68 2627 42 57 33 35 1830 86 145 46 90 105 106 240 112 54 76 31 1899 72 56 72 298 360 48 91 56 145 233 53 42 305 51 97 78 48 32 43 36 94 61 56 72 428 37 46 48 50 45 167 291 578 39 132 101 273
internal_value=0.000126547 0.00296699 0.00851454 -0.0015737 -0.000636763 -0.00321372 -0.0012499 0.00101874 -0.00970967 0.0129005 0.00828579 0.0204696 0.000746712 0.00203512 0.00290248 0.00557008 0.0139016 9.99739e-05 0.00661517 0.0177685 -0.00160114 0.0021229 -0.00341606 0.00707864 0.0197611 -0.00620976 -0.0142823 0.0228124 -0.000703561 0.0248303 0.00387139 0.0054748 0.0102248 0.00688443 0.0119358 0.00538524 -0.0020185 -0.0117334 0.00332739 0.022565 0.00417723 0.0342167 0.000911087 -0.0020844 0.0119914 -0.00451661 -0.00205666 0.0210135 0.000135769 -0.00361877 -0.00795462 0.00146846 -0.0132263 -0.00250477 -0.00249168 0.00933817 0.0203591 0.00572915 0.00112864 0.00636961 0.0309598 0.048481 0.0225632 -0.00679436 -0.00386054 -0.00614657 -0.00777151 0.000348246 -0.00147019 0.0137107 0.0322612 -0.00956612 0.00908416 0.0137277 0.0303516 0.00372801 0.0038624 -0.002602 -0.00921666 0.0107416 0.000521117 0.00614937 0.017702 -0.00144771 0.00010571 0.0165164 -0.00143791 0.000370637 0.000827442 0.00475681 -0.00632652 0.00210297 0.00617872 -0.00554815 -0.00621136 0.00420662 0.00805343 0.00422942 0.00166647 0.00756454 0.00950197 0.00514202 0.0235441 0.0220675 0.0234331 0.0349577 0.0033921 0.00554196 0.0173598 0.00360117 0.0293286 0.00668962 0.0189914 0.00383366 0.0157877 -0.00860029 0.000300506 0.0127803 0.0246964 -0.0129904 0.00389586 0.00861222 -0.000658812 0.0063523 -0.000698848 -0.00664409
internal_weight=3308.55 1239.26 176.597 2069.29 1571.28 549.18 422.282 333.4 88.8823 119.612 75.855 43.7566 1022.1 1062.66 54.3366 49.7811 25.9898 321.009 66.2291 31.137 254.78 140.852 35.0922 16.9309 11.2113 113.928 37.6278 12.3907 56.9857 36.2333 538.972 380.181 116.758 87.8271 56.0317 35.7738 31.7954 17.0713 263.423 20.2579 17.8356 13.3013 136.666 15.0428 7.18823 498.016 76.3003 21.5184 523.69 136.151 89.2058 387.539 58.0385 20.6919 140.269 18.9295 14.5154 15.485 61.0254 37.0655 25.5765 6.62365 18.9529 37.521 468.131 237.843 205.562 37.0524 230.289 10.3615 5.70302 168.51 14.7241 14.4399 2.79289 247.27 258.547 45.2201 30.5902 14.63 1009.38 67.934 26.5798 41.3542 941.445 12.387 14.7657 930.809 865.386 237.47 26.3694 19.6089 211.1 65.4225 13.672 242.318 95.0388 77.2911 147.279 63.0451 59.3033 45.2504 8.49173 14.0529 17.7477 9.31544 131.904 108.301 13.9382 94.3627 9.54806 75.8588 13.0305 62.8283 14.1824 18.5039 36.7587 9.65573 4.19954 25.8167 99.1451 48.5939 50.5511 23.0214 19.5582 27.5297
internal_count=45038 10661 1734 34377 24401 10843 7368 5973 1395 1147 702 445 13558 8927 507 473 214 5774 1545 835 4229 2075 710 310 221 2154 704 199 587 368 4233 3112 895 676 427 243 249 150 2217 184 536 299 2022 446 233 9976 1450 195 4694 914 643 3780 444 157 1493 208 147 113 1115 668 245 75 170 521 9125 3630 3276 549 5495 184 120 2727 99 136 90 2287 2171 341 231 110 13331 671 287 384 12660 144 181 12548 11990 2445 248 176 2197 558 120 2237 1008 826 1229 681 628 489 86 139 182 104 1138 905 129 776 97 636 115 521 93 140 403 98 93 198 1501 869 632 272 233 360
is_linear=0
shrinkage=0.03


Tree=5
num_leaves=127
num_cat=0
split_feature=1 4 1 3 1 4 1 3 4 0 0 2 3 0 4 1 4 4 0 2 3 4 3 4 2 4 4 4 4 3 4 3 3 1 1 4 4 4 4 3 1 1 3 1 1 3 4 3 3 4 0 3 4 4 4 1 0 1 3 4 4 1 4 4 1 3 3 3 1 3 0 4 4 3 1 3 4 3 3 3 3 4 4 4 0 0 3 1 1 4 4 4 4 1 1 1 0 1 1 4 1 4 0 3 4 4 3 4 1 4 1 4 1 1 0 3 1 1 3 4 4 0 3 4 3 4
split_gain=12.5687 9.48027 6.14427 6.02852 5.79536 4.17045 3.82915 7.65802 3.58944 5.34468 3.99596 3.56745 4.95317 3.51099 4.59012 3.46231 9.87251 5.47475 5.3282 3.45114 3.30991 3.1231 10.1277 11.3257 7.5189 4.72903 4.56786 3.85341 3.67361 3.6669 3.83551 4.53977 4.05666 3.73854 3.68402 6.05206 4.84722 3.61244 3.58916 4.43384 4.11531 3.08434 3.01608 3.59655 5.35424 4.31781 2.97222 3.82829 3.20623 3.98374 2.94409 2.7391 4.10589 3.8838 2.8792 5.78435 3.49587 2.61806 5.0169 4.8364 5.05793 4.21045 5.43274 4.34074 4.021 3.33627 4.81301 3.09375 2.59899 3.54024 2.59724 5.25332 8.23713 4.32003 4.19763 2.95539 4.30233 2.90146 2.7068 2.61856 2.59178 2.83728 3.69894 5.69051 3.48288 2.76685 2.57467 3.52952 3.0187 2.57304 2.57611 2.46448 4.70108 2.41815 2.41808 2.41548 3.13789 2.37364 2.35886 2.34075 7.45811 2.61677 3.17818 2.69969 3.6169 3.17661 2.64068 2.48627 2.3332 2.30218 2.38351 2.29962 2.29529 2.25422 2.19419 3.89332 4.08274 4.67957 2.18503 2.17931 2.60638 3.43003 2.12476 2.0724 2.72745 3.1149
threshold=0.52883658654052312 -0.63545888169093312 0.80042901955067547 3.3306709598291291 -0.36157664289049696 -1.1005309863130883 -1.120600627370945 -3.3220577789021903 -0.29980624161828634 0.60936290016033468 1.403190457439105 1.0000000180025095e-35 -0.87105245410644094 1.403190457439105 0.75106739618659757 0.45528194503153263 0.29980624161828662 -1.1005309863130883 1.0000000180025095e-35 1.0000000180025095e-35 0.17937839937745148 -0.20312959124137528 0.5295220172054157 -0.32848336038177456 1.0000000180025095e-35 -0.96955972962269843 0.11880520630587994 -1.2167291818222876 -0.78811941776579653 0.17937839937745148 0.72716979721702424 1.2298092528613442 1.2298092528613442 -1.4806057920327043 -1.4806057920327043 1.3573836214717783 1.0077958879740165 -0.40625918248275045 0.50389794398700838 -0.52090883627847673 -1.5323962484406779 -0.91542023081006796 -1.5713396897623693 -1.3831741418509491 -1.8308404616201359 1.0000000180025095e-35 0.41361228985800397 0.87966563503337991 1.9300964885172729 1.3573836214717783 2.9908455719966458 1.5799528706893085 1.5174975345679209 1.5563854456184092 1.1210146425727237 -0.86751905162372012 -0.97829221439720593 -0.71934547314982122 -0.52090883627847673 0.75106739618659757 0.89340254609328851 -0.65387159343576273 0.77341320301528982 0.29980624161828662 -0.85133124913371006 -1.9214833075903333 -2.6217705432462615 0.5295220172054157 0.6070425933753768 -0.87105245410644094 1.0000000180025095e-35 -1.1691440726652909 -1.4448855992372935 -2.2716269254182975 -0.82673419859694153 -1.9214833075903333 -1.1005309863130883 -1.5713396897623693 1.0000000180025095e-35 0.87966563503337991 0.17937839937745148 1.3921437654275215 0.72716979721702424 0.11880520630587994 1.0000000180025095e-35 2.1970180147178753 -1.9214833075903333 -1.5016499352697175 -1.4649961253459087 -0.78811941776579653 -0.75106739618659735 -0.99345732859227198 -0.5996124832365729 0.69947862463935451 -1.7289676773136862 0.74302013429146108 0.60936290016033468 1.8308404616201364 -0.87899767520754535 0.23761041261175989 -1.2114047389358489 0.36324350433751823 1.0000000180025095e-35 -1.221196071934405 0.89340254609328851 1.5174975345679209 -1.0000000180025095e-35 0.72716979721702424 1.5323962484406783 1.2709177633818667 -0.28097400036231718 -0.52280593438051681 1.8308404616201364 0.82673419859694175 1.403190457439105 1.0000000180025095e-35 1.5016499352697179 1.3651363047906526 0.17937839937745148 -1.3070148359512921 -0.94721392279400629 0.60936290016033468 -0.52090883627847673 -0.40625918248275045 -0.87105245410644094 -0.88899068166813622
decision_type=2 2 2 2 2 2 2 2 2 2 2 2 2 2 2 2 2 2 2 2 2 2 2 2 2 2 2 2 2 2 2 2 2 2 2 2 2 2 2 2 2 2 2 2 2 2 2 2 2 2 2 2 2 2 2 2 2 2 2 2 2 2 2 2 2 2 2 2 2 2 2 2 2 2 2 2 2 2 2 2 2 2 2 2 2 2 2 2 2 2 2 2 2 2 2 2 2 2 2 2 2 2 2 2 2 2 2 2 2 2 2 2 2 2 2 2 2 2 2 2 2 2 2 2 2 2
left_child=3 2 5 6 41 19 21 -8 9 93 20 12 13 -10 108 51 17 -17 -19 68 -11 22 23 24 42 -26 86 -24 -29 33 32 -32 -31 38 -33 36 -36 -27 39 -28 94 -5 111 44 91 -45 95 -48 49 -49 80 53 -53 54 57 122 -57 59 65 70 64 62 63 -60 -61 66 -59 -62 -2 -70 73 72 -72 -9 98 -75 -77 -78 -74 89 81 82 83 113 -83 97 -23 -88 -89 -79 -91 -44 -93 -3 -40 -13 112 -85 -73 100 -35 -101 103 107 -105 106 -106 -103 -15 110 -58 -1 -97 -14 115 116 117 119 -76 -4 121 -121 -56 124 -67 -126
right_child=1 8 114 4 -6 -7 7 15 11 10 -12 46 50 14 -16 16 -18 18 -20 -21 -22 26 27 -25 25 37 29 28 -30 30 31 34 -34 99 35 -37 -38 -39 40 -41 -42 -43 43 45 -46 -47 47 48 -50 -51 -52 52 -54 -55 55 56 109 58 61 60 67 -63 -64 -65 -66 123 -68 -69 69 -71 71 74 78 75 118 76 77 79 -80 -81 -82 84 -84 85 -86 -87 87 88 -90 90 -92 92 -94 -95 -96 96 -98 -99 -100 101 -102 102 -104 104 105 -107 -108 -109 -110 -111 -112 -113 -114 -115 -116 -117 -118 -119 -120 120 -122 -123 -124 -125 125 -127
leaf_value=0.0035511772811762112 0.0006976482519925755 -0.021258714043911633 -0.014657182423387077 0.014675713429446466 0.040933130581548918 -0.0091101832563829626 -0.020748676630848249 -0.019521838688493741 -0.022074350624150647 0.03362846092027278 0.00079883815983249279 0.013174395483925525 0.011289429867875999 0.034429659714715337 -0.022922095816240457 -0.0035280584151841684 -0.0050142794909293449 0.0014697216226052217 0.06087214980343203 -0.0010832161067961933 0 0.008211125238828422 0.046473049556713615 0.029277982354971071 0.0022963758776194131 -0.011872870325163345 0.0021917405519197792 -0.0030930701072275761 0.023897018657872065 0.009102951554867126 -0.0072503622032391605 0.0094021959471956365 -0.0083868129745481267 0.031405268007639195 0.0022782524283148403 0.005495127547348426 -0.030536800406683027 0.0058111578309613769 -1.7593620299443035e-05 -0.018372048137592842 -0.0072487786420561869 -0.011250928292352011 0.001178866497071584 0.027610373691671075 -0.00079609688810207348 0.0073522279670175878 -0.014096950710455218 -0.0034224385901385759 -0.013609341610594019 0.029833026762333195 -0.020545967127900577 -0.0089256331052743592 0.0037298051329206407 -0.005253151251820614 -0.023447116853065053 -0.016336174302485722 0.01866016511089259 -0.011828727277150558 -0.0091217559318800302 -0.024192879815801004 0.0069483831257548829 0.00077618635266319682 -0.028839934872626542 0.01973457740214966 0.0026383923084022654 -0.010759232757292254 0.0093891631462899323 -0.013880508867389367 0.002707884571012462 0.05279187065205191 -0.00070707022320463107 0.0047506011344461531 0.065757640287844268 0.022849270422102996 0.00031649926844826945 -0.0084602303156114007 -0.015313983412444266 0.016074395783796762 0.021136021750167346 -0.0088326674032065001 -0.0021513968868677653 -0.0070272880042987545 -0.0035739285565708446 0.020452308336878871 0.014808134111326456 -0.012030838203965308 -0.013155185553952753 0.018692216543934211 -0.0038973954234263778 -0.015352463883766777 0.00552446332450361 0.039930377795307788 0.0030462003143173298 0.0011416817274276004 0.013528600122770084 -5.6507159027965655e-05 -0.01397004123907339 -0.0095428476388005924 0.020252922826096774 -0.006996445969097289 -0.0088349021821001808 -0.013203018492963276 -0.0042866366731840978 0.020518928555475553 0.010667293114636675 0.017726429134758383 -0.0062379100296534699 0.0092745067678717211 -0.0027496154844741062 0.0043140184377293972 0.0060944106355494089 -0.011889404266634337 0.02888653243398152 -0.01785370565505762 -0.0059123843888036556 -0.020259548203523665 -0.022692069610471242 0.031489851238685466 -0.022210251100852698 -0.0053361041888445914 -0.010247775683808615 0.038189856215400587 -0.0035381618960579329 -0.012751333770755137 -0.0055012256682949482 0.015387454689626124
leaf_weight=46.394629752147011 3.3153594047762454 4.6709772851318148 9.5810657874681109 11.695037333294753 5.3261355394497505 20.538201483897865 14.771030225791035 6.703271114267408 14.565420868806543 10.361386190168561 10.055694669717921 8.3348223501816374 2.3865983062423748 2.5552326692268243 2.8717285683378577 2.3420208245515823 12.904502287041394 1.9801348056644217 4.7807683555874974 11.280545970890671 3.6555566028691819 10.610086103901265 4.4901094054803279 13.384491253644226 70.269477233756334 56.116691692732275 20.685248017311096 6.0447128047235354 13.444997437298294 56.087089906446636 92.591976128984243 36.18420222907298 14.07541286991909 11.495911177713426 6.2289379853755227 24.691231954842806 9.2221101857721788 11.820691263303159 17.314645016565919 15.748226840049027 18.239757274277508 5.1273788851685831 6.0500164916738894 16.82937768381089 45.567972306162119 23.589813274797052 57.179653963074088 6.9800572702661174 6.8024111725389949 4.5845801187679172 4.7926292850170276 67.281142430845648 33.759123175579589 101.71752344071865 5.3689696509391096 4.972563800867646 25.380197057500482 14.13683002424659 18.058755827834833 15.406294932588937 25.985882464796305 845.15856640879065 8.8446459309197945 5.2067498455289742 6.7096601566299787 25.1820267746225 25.289805151573091 7.3888921360485247 2.2818199982866645 2.7878695419058204 5.928487865254283 29.944141901098185 2.8808046579360944 5.8153686886653295 9.672285052482037 25.929877775488421 5.3832669043913475 20.348026935942471 4.3714443035423756 9.9704839489422721 118.71966644586064 7.3648230503313235 59.428739487659186 24.128790420014418 31.992744397372007 2.2865394023247054 39.53369434375054 5.2151971450075498 35.823572344146669 4.5518345059826961 118.20345214102417 6.9361415803432473 5.7160756587982151 17.173592622857541 33.816307842731476 16.98061570641585 14.748666407074777 1.9021035935729731 12.626398299355065 10.702497437130658 5.5076267253607503 7.2249188534915438 15.44856258202344 29.493093428201973 13.873099489137525 15.056296011433004 17.758912622928626 8.5471447221934778 2.1731755128130317 107.74538752483204 33.211094104219228 9.6040876079350692 1.8448826456442464 7.6681771646253765 29.754264655523002 59.142891105962917 8.8340514334849995 2.7119054212234905 5.1671502464450887 2.5145213194191456 4.5632547633722442 2.4091429058462381 24.368199829012156 51.850948548410088 14.740209050010892 9.7974362433888
leaf_count=390 71 109 306 82 81 514 207 90 245 305 372 154 58 56 75 65 166 37 117 339 98 71 59 100 751 557 128 77 113 399 566 190 102 99 41 147 60 91 85 114 124 51 47 203 431 284 1004 114 140 59 198 790 291 880 40 66 227 243 245 130 217 12822 87 58 65 504 392 59 46 83 78 333 35 85 140 426 53 322 70 103 2040 107 1062 456 483 91 280 45 338 54 1344 50 37 423 193 365 373 63 147 92 62 54 122 251 102 98 131 52 60 1061 390 83 32 213 1254 1786 275 78 58 68 112 67 189 709 366 181
internal_value=0.000130037 -0.00377155 -0.0100232 0.0010041 0.0162567 5.69526e-05 0.000871374 6.14702e-05 -0.00150973 0.0063303 0.0158264 -0.00243006 -0.000585731 -0.0138855 0.0022014 0.000248757 0.0118117 0.0340968 0.046292 0.00975358 0.0256362 0.00245658 0.00474888 0.00325607 0.00198707 -0.00311748 0.00109588 0.0231605 0.0156372 0.00227087 -0.000350885 -0.00280998 0.0054836 0.00487579 0.00256198 -0.00360954 -0.017791 -0.00871278 0.000609135 -0.00687008 0.00462165 0.0064172 0.00638814 0.00937327 0.00477385 0.0163225 -0.0068035 -0.0103211 0.0013997 0.0108474 0.000582459 9.45349e-05 -0.00467274 0.000392015 0.000769431 0.00410908 0.00624062 0.000263912 -0.00048052 0.00261435 -0.00535501 0.000362641 -0.0101262 -0.00199302 -0.0161609 -0.00571331 0.00160265 0.00198012 0.0232142 0.0349038 0.00429251 0.00920798 0.0256563 0.00247753 0.00500568 0.00336658 0.002616 0.00448902 0.0450451 0.00529979 0.00106832 0.00387231 0.0010649 0.00823376 0.0105749 0.0150323 -0.00501436 -0.00687203 -0.000578994 0.00635972 0.00460829 0.0178489 0.0249301 -0.00423773 0.00897152 -0.000299847 -0.00401591 0.0178776 0.00977674 0.00816598 0.0184377 0.00651959 0.00794624 0.0100577 0.0123727 0.00684151 0.00118409 -0.00101649 0.0193213 0.00702706 0.0118097 0.000688269 0.00394254 -0.0102694 -0.0134114 -0.0157718 -0.00664031 0.000449018 -0.008245 -0.00516538 0.00461812 0.0183064 -0.00787616 -0.00857033 -0.00398551 0.00299772
internal_weight=3317.34 605.924 159.715 2711.42 22.1486 40.2038 2689.27 1781.84 446.209 45.9172 24.0726 400.292 282.836 22.1656 7.60014 1767.06 22.0074 9.10292 6.7609 19.6656 14.0169 907.435 336.259 312.279 298.895 138.207 571.176 23.9798 19.4897 479.993 239.081 168.918 70.1625 240.912 76.3265 40.1423 15.451 67.9374 105.804 36.4335 69.3707 16.8224 160.688 104.689 64.2702 40.4192 117.456 75.5467 18.367 11.5646 260.671 1745.06 101.04 1644.02 1542.3 201.046 171.309 1341.25 1018.27 322.987 55.4907 877.269 32.1102 23.2655 22.116 140.997 39.4266 33.3748 8.38505 5.06969 267.496 70.5907 13.1807 196.906 57.41 190.202 184.387 158.457 7.25225 153.074 255.878 137.159 97.8009 38.3722 39.3576 28.3174 91.1825 80.5725 41.0388 143.103 122.755 18.7022 12.6522 21.8446 51.131 41.909 33.5742 26.0309 42.5705 135.108 17.0035 118.105 107.402 91.9535 76.1814 46.6883 31.632 15.7721 4.72841 166.337 58.5913 55.9987 18.8255 10.0548 119.511 89.7568 30.6139 21.7799 14.8394 19.068 9.48692 4.92366 29.7372 101.571 49.7197 24.5376
internal_count=45129 13754 4999 31375 214 1053 31161 23942 8755 1307 775 7448 5207 436 191 23735 385 219 154 539 403 7219 3273 3024 2924 1399 3946 249 190 3212 1505 1004 501 1707 438 248 101 648 644 242 402 133 1525 1052 565 487 2241 1317 313 173 4771 23350 1081 22269 21389 1973 1744 19416 15607 3809 471 13212 390 303 195 2395 635 276 200 129 3338 861 183 2477 678 2387 2302 1876 105 1823 4573 2533 1943 881 590 610 734 663 383 1720 1398 134 87 532 278 924 770 519 480 1063 161 902 810 688 582 331 233 106 116 1678 617 473 397 271 3946 2692 906 631 198 553 247 135 229 1760 1051 547
is_linear=0
shrinkage=0.03


Tree=6
num_leaves=127
num_cat=0
split_feature=1 5 5 5 3 5 2 5 3 1 1 5 5 5 0 3 5 5 0 5 5 5 5 3 1 1 1 3 0 5 5 1 5 1 3 3 5 3 1 5 5 1 5 5 3 1 1 1 3 5 3 1 5 5 5 3 1 3 3 3 1 5 1 1 1 5 1 1 3 1 1 2 5 5 5 3 5 5 5 5 1 5 1 1 5 5 5 3 1 1 0 5 3 1 1 3 5 1 5 3 1 5 5 5 1 5 0 1 5 5 1 2 3 0 1 1 1 5 3 3 1 3 5 5 5 3
split_gain=14.4177 5.80124 5.60209 7.01989 9.46435 5.60035 5.61229 5.14937 5.26859 4.86404 6.41119 4.56281 4.55671 4.78482 3.97994 3.53531 3.51747 6.0929 5.00255 3.41475 6.39394 5.53203 5.05649 3.41143 3.36926 4.44969 5.33648 3.92937 3.85202 5.35708 3.20496 4.30204 3.12147 5.95039 4.14867 5.69218 6.03042 5.10443 4.57651 3.48654 7.29662 4.45706 4.01544 6.73225 6.67807 3.98746 4.52299 4.43916 3.67682 3.51316 3.45659 5.75088 3.10554 3.09339 4.81398 3.69512 4.49427 3.28631 3.08015 3.07457 3.04826 3.02745 2.91562 2.9127 2.74688 2.71761 4.12385 7.80963 4.03029 3.06785 3.04607 2.67241 4.00127 4.54831 2.56611 2.56361 2.49488 2.4749 5.37142 2.38539 3.11828 3.03106 2.38445 4.73568 2.3328 5.16467 2.3327 5.59751 3.86392 3.50146 2.97147 3.5173 2.76749 2.97239 5.77598 3.85864 2.69057 2.48716 2.29495 2.28492 2.78494 3.40775 2.27184 2.93185 2.27063 8.22882 5.98579 5.05037 2.26139 2.80113 2.24461 4.44282 5.58464 3.23375 2.75724 2.24131 3.7898 3.78308 2.29355 2.20833 3.19289 2.20263 3.3355 4.61221 2.17762 2.17232
threshold=-0.52883658654052279 2.0945788246333383 -0.40530395996178853 0.42186211056552364 1.2298092528613442 1.9721322312027332 1.0000000180025095e-35 -1.2579639647386689 -1.221196071934405 1.6940535305795514 1.6129988909688584 -1.392275992967337 -0.93957967511279938 -1.0004417389587077 2.1970180147178753 -0.87105245410644094 0.95853550931775422 1.0492487716656662 1.0000000180025095e-35 0.061520890705019898 0.64328253279747727 -0.57272158308335708 -0.9018271587722887 0.17937839937745148 -1.6324242539568699 -1.2114047389358489 -0.65387159343576273 2.2802401063452371 1.0000000180025095e-35 -0.820779277182622 -1.0732832086369852 -1.1944942666918206 2.8109308277165219 -1.5016499352697175 0.17937839937745148 1.9300964885172729 0.61293753653973848 1.2298092528613442 -0.77337226396022973 2.3606284744814552 1.6489061304567738 -1.0672386927342334 1.4347702483674103 1.3698392549925715 -1.221196071934405 -1.6703788694379111 -1.2114047389358489 -1.0426416421974649 -0.52090883627847673 0.99100649773228267 0.87966563503337991 -1.5323962484406779 0.62003014450895233 -0.35894564986253419 -0.28730714676814101 1.0000000180025095e-35 -1.1600583959403445 -0.87105245410644094 0.5295220172054157 -0.87105245410644094 -0.6994786246393544 -0.75145595278061783 -1.4806057920327043 -1.3831741418509491 -0.86751905162372012 -0.60190796990249396 0.86751905162372023 0.74302013429146108 3.3306709598291291 0.39232295606145767 1.3651363047906526 1.0000000180025095e-35 0.74171610634566165 1.6753013024953116 -0.51659519755616834 -0.87105245410644094 -0.57272158308335708 -0.86043012753948489 -1.0732832086369852 -0.42667761331355636 -1.3393094017270453 -0.50192672780764158 -1.0672386927342334 -0.77337226396022973 -0.69343497272456733 -0.80705155014674224 1.3448619410663916 0.17937839937745148 -0.18078832144524853 0.18078832144524859 0.60936290016033468 1.5605914261499627 0.87966563503337991 1.0264538397074554 1.194494266691821 2.2802401063452371 0.57547489229867488 -0.22359402189326377 -0.79828224810116855 0.87966563503337991 -0.85133124913371006 -0.56614858836008286 0.77423102990091952 0.86287626637442449 -1.3651363047906522 1.0250661367386906 -0.97829221439720593 -1.5904515946434867 -0.09696350272390887 -0.27240798726831589 0.29311485222982481 1.0000000180025095e-35 0.17937839937745148 0.60936290016033468 0.6070425933753768 -1.2114047389358489 -1.5904515946434867 0.48046293018383429 -2.2716269254182975 -0.52090883627847673 -0.98340900126811015 -2.2716269254182975 -0.044345096610467621 0.13634277505727901 -0.50192672780764158 -2.2716269254182975
decision_type=2 2 2 2 2 2 2 2 2 2 2 2 2 2 2 2 2 2 2 2 2 2 2 2 2 2 2 2 2 2 2 2 2 2 2 2 2 2 2 2 2 2 2 2 2 2 2 2 2 2 2 2 2 2 2 2 2 2 2 2 2 2 2 2 2 2 2 2 2 2 2 2 2 2 2 2 2 2 2 2 2 2 2 2 2 2 2 2 2 2 2 2 2 2 2 2 2 2 2 2 2 2 2 2 2 2 2 2 2 2 2 2 2 2 2 2 2 2 2 2 2 2 2 2 2 2
left_child=2 5 7 4 53 6 9 8 -1 10 65 23 13 30 19 63 -8 -18 -19 21 -21 22 -12 -10 61 27 28 76 29 -27 -9 -32 34 -34 39 36 37 -36 52 40 42 -42 43 49 -44 -41 48 -48 -47 102 71 -52 -37 59 55 56 75 -58 84 -4 -61 -17 -45 -14 74 66 67 -2 86 -70 -68 -38 -73 -74 -65 -55 -26 78 -69 80 81 -78 -35 -84 85 -28 92 88 -88 -90 -91 -92 -67 95 -95 -94 -96 -97 -72 100 -31 -102 115 -104 107 -106 -107 -51 109 -11 113 112 114 -3 -112 116 -5 -117 -119 120 -108 122 -56 -124 -86 -66
right_child=1 110 3 32 -6 -7 16 12 11 108 14 -13 15 -15 -16 24 17 18 -20 20 -22 -23 -24 -25 25 26 58 -29 -30 99 31 -33 33 82 35 38 50 -39 -40 45 41 -43 44 62 -46 46 47 -49 -50 104 51 -53 -54 54 121 -57 57 -59 -60 60 -62 -63 -64 64 125 68 70 77 69 -71 98 72 73 -75 -76 -77 79 -79 -80 -81 -82 -83 83 -85 124 -87 87 -89 89 90 91 -93 93 94 96 97 -98 -99 -100 -101 101 -103 103 -105 105 106 119 -109 -110 -111 111 -113 -114 -115 -116 117 -118 118 -120 -121 -122 -123 123 -125 -126 -127
leaf_value=-0.023913790509819441 -0.0024058537190930376 0.012433443692195506 0.01190604666804084 0.010977166438222755 -0.013056436227822571 -0.018112954227376889 -0.0045673428534684013 0.012613209549853694 0.017175264696579144 -0.0071991187105901527 0 -0.0084964586874443932 0.0060078938822872695 0.026091971906421336 -0.0093809963347431993 -0.0178767029874102 0.020111554894234582 0.0066706135479105656 -0.010325016075423387 0.07707154112749294 0.0044694519463576001 -0.010395457745563946 0.057218058702605323 -0.0030799085765073056 0.017121608150060919 -0.011646647986846398 0.018922435323297512 0.040712226000857388 -0.01047740526232626 0.015917991751916976 0.014421777740344269 -0.016808926541624154 0.012643548736746371 -0.024216798764068265 0.014935282100394484 -0.011930407729745398 -0.010384703404772115 -0.015289424519619439 0.031795125410090164 -0.0055193639309820989 0.0015677549298365374 -0.014105315942953923 -0.00222391804121905 -0.024667711355506893 0.024089924033646862 0.049537006359251588 -0.014247917904612585 0.019017751043651675 0.011913146908028025 0.015724833949996096 0.017115723115905104 -0.0036147851716626673 0.0095168897574000894 0 -0.0082812783604061246 0.013969861357495278 -0.0026566039552692973 0.034541241618414924 0.034748654139722113 -0.016681122179448421 0.010493037437983934 0.0032346610625988599 -0.0009032709896423884 -0.020684329245918853 -0.015784981827051629 0.00049959901289622823 -0.014574968707603168 0.0068890127709951903 0.031356385442632161 -0.0052970960786070751 0.0080995647181983186 -0.021765556990811345 0.014842283473918562 -0.0099304836281486324 0.0048458658054745564 -0.025606985227390563 0.023399444174627772 0.0026570353641421195 0.056842511919421954 0.020342010793373725 -0.018477795417163333 -0.0090837487383869445 0.016146650710970298 -0.021631545241851114 0.025990648823761189 -0.024536399189748634 -0.010539208373617499 -0.01448900080770647 0.016058186808828499 -0.014431195518125725 -0.0039473789272625034 0.032588969160711134 0.0075677242842491334 0.043701975496140612 0.01260920240122698 0.0095127275528381662 -0.021488167567997592 -0.017303652877780108 -0.01563310817525056 -0.0039990024714855578 0.010438137086315368 -0.015531249387029765 -0.011905785575311507 0.0037624609207839005 0.047648707615997953 -0.020175239498589414 0.018514442136930778 -0.0096310988068575801 -0.016298587708600508 0.014403652564113667 -0.00058974406628553339 -0.021741220319708706 -0.013117406134688044 -0.011139598379956246 0.034058139451462799 -0.0062739430741401677 -0.0035745661097355227 -0.0072159689335260669 0.015924842283432467 0.022840175236295095 -0.0079567222521473909 -0.00094252355247054372 0.029468969419484639 -0.0040701917137840266 -0.0012702173292121102 0.012168611002270228
leaf_weight=7.8165907110087565 162.19372196821496 47.275864606141113 4.5240644905716207 27.394774325191975 53.085312320457888 17.960307589732111 595.5320248069911 45.103749761823565 17.152043880894784 34.54971693479456 2.5542213525623083 23.428818857762963 21.370913955383003 19.289326295256615 3.0436224602162829 7.5071235732175436 13.108710417523978 30.372736102202907 29.875811489764601 1.7408398045226925 2.1893891338258982 4.3969382811337727 2.2129101268947124 11.912025657016782 33.606528739910573 13.882393087260423 4.0203551989980042 4.2600035723298779 18.1968889166601 33.490571240894496 5.9655304895713916 8.1805627904832345 9.5957799088209885 10.49371604435146 28.408852806314826 6.3663840470835558 71.080622120993212 5.1259742723777881 6.5017486535944036 6.0083323940634754 48.430490578524768 23.307731060311198 12.129131882451473 7.4419681355357197 26.657340496778488 5.6985767036676407 4.4878570428118136 9.6674910681322146 5.2579251956194675 16.523712010122839 15.25574472453445 45.221189931966364 33.606133428867906 7.8477106925565758 6.0787752829492119 39.280274993274361 3.7584022339433432 3.2545922975987187 5.8396803853102019 23.131250413134701 3.5472800103016153 20.47613665740937 11.129083648324011 14.27972681540996 2.5522790243849158 502.03921557404101 37.774163992144167 4.7044751392677426 5.7077761066611838 2.4085531174205244 11.303185754921286 5.1115848133340505 15.85397751722485 10.018534407019613 3.9530469588935402 5.4807651955634364 4.3701569400727749 4.7511048372834903 2.9905999815091491 4.3003081288188687 5.7759644184261569 4.0392659567296505 4.7848723530769366 5.1466259257867897 7.8343290649354493 3.8104662010446235 14.611517354380338 28.65145494742319 18.297963418997824 8.3445746074430662 5.8974621589295548 2.6613027220591903 50.985345153647359 4.366480676457285 6.2114074383862299 3.4563552443869403 1.9134231135249136 9.9050479754805547 4.2064780779182902 10.314668841660021 11.681008063722404 6.0710786203853777 14.087817654944955 36.180756352841854 5.8454178590327492 3.9668569266796103 7.5358963133767247 10.839941768907009 20.578937829704955 5.3458113986998788 2.8095500320196169 5.8375820349901906 5.911402546800673 4.962517922744154 5.1574112437665462 8.8876420878805202 35.998656618408859 3.4462648401968172 46.549945740494877 16.13699731556699 6.8894793689250928 364.66043745671777 8.5322088971734029 5.4341408065520218 3.3412651023827458 7.3427476258948428
leaf_count=101 2580 476 45 179 390 213 12022 485 259 1108 66 269 152 215 91 57 202 431 516 41 46 91 41 126 280 149 61 30 225 384 54 102 55 76 242 43 567 34 56 35 351 221 82 47 238 38 43 91 36 109 82 318 224 58 58 416 49 42 71 229 50 137 98 142 36 7752 809 98 73 56 318 51 158 76 37 43 34 90 64 35 60 39 43 42 117 50 177 366 237 134 110 57 587 62 118 38 33 155 103 86 147 81 136 340 63 37 65 84 571 164 42 81 79 59 91 99 311 46 532 171 80 3527 76 61 50 112
internal_value=0.000379577 -0.00151613 0.00243863 0.00141785 -0.00116416 -0.0018811 -0.00169045 0.00555526 -0.00243679 -0.000228431 0.000320065 0.00109248 0.00702407 0.0133273 0.0184958 0.00500534 -0.00380262 0.00234315 -0.00173911 0.0253941 0.0463458 0.0124376 0.0321686 0.0089475 0.00675669 0.00830181 0.00489263 0.0152071 0.00150949 0.00453935 0.0087578 -0.00335797 0.00344887 -0.00583242 0.00389521 0.000779583 -0.00145684 0.00991946 0.0101103 0.00576798 0.00491513 -0.00360709 0.00698442 0.00557531 0.0159367 0.0153293 0.0204528 0.00802892 0.034239 0.00693777 -0.0038686 0.00175918 0.00581997 0.000181737 0.000836811 0.00869661 -0.00152316 0.0163881 0.0169748 -0.00878972 -0.012711 -0.0027468 -0.0113535 -0.00210302 -0.00836322 -2.52174e-05 -0.00284846 -0.000581903 0.000940084 0.0207623 -0.0100744 -0.00721707 5.34668e-05 0.00512539 -0.015029 -0.0116428 0.0123373 0.0213752 0.0309525 0.00305338 -0.00298455 0.00817088 -0.0148375 -0.00334398 0.0098999 -0.00226866 0.000659613 -0.00415312 0.001901 0.00729609 -0.0023885 0.00932037 0.00132317 0.00659006 0.019483 0.00378145 0.0027755 -0.00997849 0.000924126 0.00836539 0.0109406 0.0010422 0.00459133 -0.000716641 0.0127173 0.0172241 0.010793 0.00558905 -0.00839747 -0.00394967 0.00675712 -0.00168246 0.0074473 0.00997054 0.0228019 0.0067859 0.00274003 0.010973 0.0141607 0.0154195 0.00598125 -0.000392913 0.00903273 0.0168188 0.0181589 0.003896
internal_weight=3321.65 1728.8 1592.85 1201.69 528.615 1656.84 1638.88 391.166 60.3095 969.994 909.52 52.4929 330.856 78.5392 16.1379 252.317 668.889 73.3573 60.2485 13.0943 3.93023 9.16407 4.76713 29.0641 202.818 174.835 118.483 56.3522 93.6366 75.4397 59.2498 14.1461 673.072 30.021 643.051 242.551 196.076 33.5348 46.4743 400.5 369.38 71.7382 297.642 258.855 38.7865 31.1202 25.1119 14.1553 10.9565 240.284 162.542 60.4769 39.9725 475.53 444.327 59.6217 20.3415 7.01299 24.8461 31.2026 26.6785 27.9833 18.5711 49.4987 28.1278 893.382 227.924 174.64 665.458 8.11633 53.2838 102.065 30.9841 25.8725 18.2328 13.3285 52.0922 12.4462 7.69508 18.4857 14.1854 8.40942 20.4252 9.9315 19.0064 7.83082 657.342 78.4643 49.8128 35.2013 16.9033 8.55876 578.877 76.8381 12.4913 64.3467 8.12483 13.3614 15.5097 61.5573 51.2427 17.7521 172.546 50.2686 67.7383 40.3746 34.5292 27.3637 60.4745 39.8955 71.9543 19.7159 13.8784 52.2384 7.96696 122.277 63.3934 58.8839 49.9962 30.5624 14.4254 384.706 20.0451 13.9663 11.1756 9.89503
internal_count=45274 30448 14826 10643 5044 29620 29407 4183 755 16236 14393 654 3428 856 376 2572 13171 1149 947 285 87 198 107 385 2093 1899 1421 478 1072 847 641 156 5599 216 5383 1851 1528 276 323 3532 3289 572 2717 2397 320 243 208 134 74 2252 1252 400 267 4654 4330 608 192 91 349 324 279 194 145 479 327 14017 4062 2832 9955 129 1230 852 285 234 179 101 448 252 162 168 133 73 161 85 278 111 9826 1081 715 538 301 167 8745 993 213 780 151 193 421 698 612 228 1643 476 609 416 353 193 1843 1272 828 293 212 535 133 1167 490 677 578 316 145 3722 195 137 167 148
is_linear=0
shrinkage=0.03


Tree=7
num_leaves=127
num_cat=0
split_feature=1 4 1 5 5 3 4 1 5 4 5 5 4 1 3 2 3 1 4 1 5 5 5 2 3 2 4 4 5 5 1 5 5 3 1 5 1 5 4 5 5 5 5 4 4 5 3 1 3 3 3 5 4 4 5 5 5 1 4 5 5 1 3 4 5 2 4 3 3 3 5 5 5 1 5 1 4 4 1 3 5 5 5 4 4 5 5 5 4 4 5 4 5 4 4 5 5 4 5 3 5 1 4 3 5 3 3 4 3 5 5 1 3 4 4 4 1 1 1 1 1 4 4 4 4 5
split_gain=17.2785 7.47019 7.28185 5.47104 4.95182 4.83456 6.31721 4.61215 4.47425 4.77147 4.84573 4.40434 4.06181 4.68669 3.98811 4.86357 6.43915 6.33197 3.79072 4.27818 3.68875 5.87734 3.63083 3.77535 3.55332 4.8644 5.46511 6.07611 5.09677 6.55424 5.02166 4.35682 4.76892 6.48581 5.46413 4.31655 3.79432 3.40944 3.41914 3.20938 11.2299 4.1302 3.19689 3.56908 4.35878 3.12947 3.12601 3.38581 5.01143 4.0037 3.10299 3.51287 3.05717 4.48735 5.48051 4.11536 4.38691 3.24028 5.18463 3.03649 4.13246 2.96093 4.28918 3.88511 4.06254 3.40635 2.9501 2.94639 2.94024 3.80228 2.89381 2.87716 4.73974 5.68764 5.09419 4.01026 2.84753 4.02074 2.81794 2.79041 2.77582 3.07233 5.43579 5.34714 3.56132 2.75337 3.68221 4.41063 3.73803 2.74107 3.12992 6.6566 4.41646 4.10659 2.89874 2.73285 3.2574 2.723 6.90657 6.39382 4.96594 7.81126 3.21273 2.72178 2.67511 2.66676 2.66166 2.59662 2.57036 2.51714 4.95146 4.04456 2.78696 6.25624 5.04675 2.56767 3.26303 6.84996 2.48761 2.60855 2.48654 4.23509 5.69401 4.54872 5.51513 5.18522
threshold=0.80042901955067547 -1.1005309863130883 -0.52883658654052279 -0.60190796990249396 -1.2099766582907407 -1.221196071934405 0.32848336038177478 -0.44718804378652743 0.53159418144610937 1.2709177633818667 -0.30425409165963208 -1.392275992967337 1.5563854456184092 -1.2869302979557984 1.2298092528613442 1.0000000180025095e-35 0.5295220172054157 -1.0672386927342334 -0.18162175216875906 -1.0672386927342334 0.22707832903534694 0.036657163901715369 0.74690628751864507 1.0000000180025095e-35 0.17937839937745148 1.0000000180025095e-35 -0.16424168019088733 -0.66674301125110214 1.5605914261499627 0.91142581876281559 0.98340900126811048 0.59126019623186521 -0.51043862340003743 0.87966563503337991 1.5016499352697179 0.80264698053179528 1.5323962484406783 -0.97200865671259729 -0.66674301125110214 -0.079848874993009397 0.12209039049702991 -0.2144639515607101 0.62003014450895233 -0.5996124832365729 1.5390053736405374 -0.41355762252635825 -2.6217705432462615 0.26154863737430512 0.17937839937745148 -1.9214833075903333 -1.5713396897623693 2.5053966976740676 1.2167291818222881 0.78811941776579653 0.91142581876281559 1.7658696896813988 1.5126219193650166 -0.28097400036231718 1.6544491594320159 0.48046293018383429 0.33188577748505671 -0.18078832144524853 0.87966563503337991 -0.16424168019088733 1.6043683155538833 -1.0000000180025095e-35 -1.5563854456184085 1.2298092528613442 1.0000000180025095e-35 1.9300964885172729 0.56280419087638178 0.06820590199373712 -0.16315955976897975 -0.575476378519857 -0.28730714676814101 -0.71934547314982122 -1.0000000180025095e-35 -1.2401922789924147 0.85133124913371028 -0.52090883627847673 0.86287626637442449 0.97764698707489561 1.1707786206892243 0.94721392279400651 0.78811941776579653 1.320257396341104 -0.22639637182634406 0.12209039049702991 0.29980624161828662 0.75106739618659757 1.7834991048278619 0.48043484681688153 2.8109308277165219 -1.2167291818222876 0.52280593438051703 -0.75145595278061783 -0.67368417313360041 -0.7734132030152896 0.06820590199373712 0.17937839937745148 0.087184749842003875 -1.4806057920327043 -0.96955972962269843 0.87966563503337991 -1.2579639647386689 -0.52090883627847673 -2.2716269254182975 1.3573836214717783 1.2298092528613442 -1.0732832086369852 -1.0191680218268384 -1.2869302979557984 1.0000000180025095e-35 0.23761041261175989 0.14990312080914311 -1.3450934277159972 -1.2869302979557984 -0.86751905162372012 1.6940535305795514 0.91542023081006807 -0.28097400036231718 1.0077958879740165 -0.88899068166813622 -0.16424168019088733 0.62009613949620745 -0.7726077552734546
decision_type=2 2 2 2 2 2 2 2 2 2 2 2 2 2 2 2 2 2 2 2 2 2 2 2 2 2 2 2 2 2 2 2 2 2 2 2 2 2 2 2 2 2 2 2 2 2 2 2 2 2 2 2 2 2 2 2 2 2 2 2 2 2 2 2 2 2 2 2 2 2 2 2 2 2 2 2 2 2 2 2 2 2 2 2 2 2 2 2 2 2 2 2 2 2 2 2 2 2 2 2 2 2 2 2 2 2 2 2 2 2 2 2 2 2 2 2 2 2 2 2 2 2 2 2 2 2
left_child=2 -2 3 4 5 -1 -7 37 9 14 12 -8 13 -11 15 18 17 -17 19 59 21 -18 23 42 25 28 27 -27 29 30 39 32 34 -34 107 -32 -29 -4 -39 41 -41 -3 79 -44 -45 -16 -24 49 50 -48 -49 80 53 61 -55 56 57 -54 -59 60 97 63 89 64 65 -51 -19 -65 -12 -70 -10 72 73 74 -68 -74 77 -73 -33 95 -52 83 -83 -82 -84 86 88 -88 -40 90 93 92 -92 -63 -95 -9 -97 100 99 -99 102 -102 -5 -57 -13 -62 -21 -26 -14 112 111 -111 114 -114 -6 116 -112 -118 119 -35 121 122 -81 -124 125 -125
right_child=1 24 7 8 109 6 11 22 70 10 68 104 108 -15 45 16 20 66 -20 106 -22 -23 46 -25 31 26 -28 36 -30 -31 35 78 33 118 -36 -37 -38 38 85 40 -42 -43 43 44 -46 -47 47 48 -50 52 51 -53 55 54 -56 103 -58 58 -60 -61 105 62 -64 67 -66 -67 71 -69 69 -71 -72 76 75 -75 -76 -77 -78 -79 -80 120 81 82 84 -85 -86 -87 87 -89 -90 -91 91 -93 -94 94 -96 96 -98 98 -100 -101 101 -103 -104 -105 -106 -107 -108 -109 -110 110 115 -113 113 -115 -116 -117 117 -119 -120 -121 -122 -123 123 124 -126 -127
leaf_value=-0.018878985314625413 -0.015573948150272857 0.012881464175932495 0.0084803073133389254 0.0056599806217719501 0.046667793252293255 0.011763974696940979 0.0067312306702525925 -0.015866557622552478 0.01472859005426749 0.034235979291892885 0.003936679273881521 -0.022162465868641724 -0.015365479158801392 0.0013644337947080099 0.012169227789007317 -0.010277038890304513 0.012738963839351948 -0.021086589966985501 0.001114790211065425 -0.01733853201100384 0.025905297241127025 -0.021559054968849748 -0.017053991944330295 -0.0037994691373473451 -0.025240069640876314 -0.0099434511533664244 -0.015391172656168409 0.018829791803758988 0.022976790646190404 -0.019062673095056021 -0.0015602671546820527 0.0092405766256320153 -0.0079799505520873198 -0.011756798595700861 -0.00045530092756249221 0.038240435448087931 -0.0073260016534001165 -0.029505158428185956 0.0042162229441099677 0.071919395515696982 0.0023326889700777619 -0.024382085684514141 0.019352988140088689 -0.018268817686701782 0.013275406281948895 -0.012908152418171233 0.032779165494386323 -0.023529469189734923 -0.014826202703782952 -0.02214954415119259 -0.012747427689394164 -0.019998643772925977 -0.012007154474574165 0.015943837614393483 -0.011944485394727471 0.010485543726936495 -0.021757412274341897 0.029956332405377369 -0.0046604940047716798 0.034996471652512906 -0.024813130694286627 -0.0086111416841923322 -0.012752271966308869 -0.014111446731584883 0.021159603490990758 0.0063075007526326695 0.0034856360876850314 0.013713440112468892 -0.014529351863644561 0.0012703949580834348 0.002629360526603041 0.015074375779752073 0.02916002370025627 0.02198806397085476 -0.022514481940609146 -0.0026993533524647556 0.010937574558840367 -0.018659415253762492 -0.020220228456214767 -0.023018082992856771 0.056537104369930175 -0.01799655094860177 0.004581613766056712 -0.0031546619706783571 0.032875365320225093 -0.023227485745174505 0.021889035839959756 -0.0054669568306734452 -0.028336066075709675 0.035253576760452286 -0.014308791990459018 0.025043702095006823 0.014906294219809921 0.017379763329562363 -0.0031754123621114344 0.024071210274690721 -0.0037775935319784909 0.033354562791095582 -0.0049711416840631604 -0.003522034722976589 -0.0025068039694666833 0.049586371206916315 -0.017145845382153285 0.040879670384069568 0 0.0057886229999556497 0.0030717995161204125 -0.0054546063988941398 0.0068526614771455196 0.010019354612502595 0.038528325520030458 -0.024771477361227451 -0.004943228911499154 0.02547159365363267 -0.0016917961813662163 0.0067606285916055314 -0.018835961684892287 0.03240769887434726 -0.0064968716999691924 0.018696419735465205 0.00053309487877916675 -0.002531409354162443 0.039822371638810063 0.02283303732252916 0.022995016983384745 -0.01344635888954311
leaf_weight=10.425366828218101 59.653276664437726 11.583117036847396 7.5799526995979241 18.334569314494729 4.8750342763960388 31.56775335688144 13.050309495534746 15.201364285778252 17.545983597636223 5.6252093217335633 12.436403878033159 13.749768258538095 9.8180177621543425 10.213110194541512 4.3357080407440654 87.307291150980745 14.470047480892395 3.8986727218143633 221.59344451967627 5.9207855258136979 8.4919958650134486 5.3240832597948602 6.3407221501693121 398.58018315536174 21.221834067953754 26.639556625392288 40.400318106403574 15.26166311139241 8.2801253516226989 13.538909427821634 101.94000604073517 2.5165246967226294 33.753565817605704 2.0607702685520115 24.197744007222354 1.5101382313296188 6.3634706588927648 7.7153457272797814 4.3783403672277874 2.4158625290729088 5.7922780620865524 2.3947183247655657 2.4825884387828436 21.960557818412784 3.8910002990960484 28.791632510256022 3.4333103988319627 2.5609670290723434 21.491013470571488 4.54874064028263 3.5835864110849824 3.2033329205587497 3.785187670961025 6.8564494410529724 32.042554534040391 7.1750254835933429 3.8634383399039498 8.7063744151964801 5.8830706914886823 4.0119757838547221 3.7793319281190634 6.8363877407973623 7.6456173900514832 20.604093051049862 9.482917180284856 10.806235513882713 18.138254395220429 3.1377514824271193 64.794477611780167 16.69341853260994 583.71263898501638 3.1323133027181074 11.085861640051005 7.6023549959063557 9.5001388816162926 4.5801293728873125 5.8158733546733847 13.932882093358785 29.145227008870279 2.6749189826659849 2.3582172160968211 4.9269099710509208 12.010278293862941 1.941015596501529 5.5972896981984368 7.977498880121856 6.5552406166680219 16.671614025253803 7.7956420821137726 2.7027830285951486 18.225134426960729 6.4299767748452714 5.1650223913602522 47.249874974600971 6.4835429280064991 3.090412685647606 47.298241929151118 20.060886010061953 7.9459404395893207 4.8927822764962903 4.7789048198610544 4.1963771041482669 6.7864823816344169 4.9628502130508423 7.5914366180077222 4.6346244756132347 32.831271591130644 9.6554710352793318 7.260989060625433 3.9764074664562941 4.5862017585895956 6.9663364812731725 11.867679012939336 10.68940197303891 2.6258486937731504 159.489269556012 3.8353729620575905 3.5654850541613978 4.9835818824358276 20.642513880273327 382.88234017882496 24.890736360102892 5.4826840641908339 4.1333719962276509 15.277765640756114 10.397621445823463
leaf_count=125 2154 228 113 186 71 461 126 286 151 33 88 118 68 77 40 830 162 78 1953 80 64 50 95 7132 479 800 837 388 151 290 2507 38 684 34 661 35 203 171 68 48 117 39 56 278 44 237 47 43 311 78 67 41 34 68 305 56 42 86 55 38 37 122 119 240 134 161 252 43 437 113 4863 51 147 120 114 69 54 201 522 64 56 94 222 26 75 73 89 185 83 39 207 51 64 665 88 44 785 193 75 41 40 41 69 40 61 48 498 153 47 33 51 82 160 86 25 1603 48 78 140 369 5648 268 102 53 178 137
internal_value=-0.000256902 -0.00575834 0.000594734 0.0019573 0.00568576 -0.000823582 0.00222474 -0.0010793 0.0011191 -0.000520203 -0.00575769 -0.00653149 0.00399518 0.0145573 0.00065596 0.00129514 -0.0024871 -0.00477619 0.00345649 0.00777616 0.0104699 0.00277632 -0.000680389 -0.00158898 -0.00419045 -0.00187454 -0.00739166 -0.000458212 0.00145015 0 0.00220478 -0.00782343 -0.00502086 0.000695805 -0.0113504 -0.000589996 0.0110169 -0.00922857 -0.0120257 0.0148292 0.0287258 0.00509544 4.20776e-05 -0.00958384 -0.0130917 -0.00927771 0.00224386 0.00274409 -0.00366978 0.00440282 0.00309672 0.00583261 0.00380707 0.00225318 -0.00667722 0.0119261 0.00371875 0.0100767 0.0164014 0.011723 0.0100038 0.00462855 0.00754382 -0.0013865 0.0067103 -0.00277801 0.00141981 -0.00990719 -0.00921343 -0.0112801 0.00301129 0.00291513 0.00687414 0.00053677 -0.00582072 0.0200625 -0.00568642 -0.0118098 -0.0175756 0.000598997 0.00919842 0.0125897 0.00721633 0.0335116 0.0150206 -0.00825437 -0.00425239 0.00271463 -0.0169696 0.00936042 0.00817608 9.35529e-05 -0.00738785 0.0120404 0.014832 -0.00512164 -0.00157603 0.0125061 0.0186212 0.0261513 0.00615763 0.0240778 -0.000806726 0.0253069 -0.0147143 -0.00881388 -0.000328873 -0.0195124 -0.00589713 0.00803279 0.00661129 -0.0120975 0.0160725 0.0098119 0.031178 0.0078858 0.020952 0.00641339 0.0112866 0.0154262 0.00145708 0.00694187 0.0131351 0.0165168 0.0109794 -0.00212775
internal_weight=3314.04 443.951 2870.09 1583.14 288.862 76.3846 65.9593 1286.96 1294.27 693.016 126.842 34.3915 32.9173 15.8383 566.175 533.047 193.28 164.994 339.767 118.174 28.2861 19.7941 1228.28 938.244 384.297 236.12 88.665 48.2647 147.455 139.175 125.636 148.177 116.515 61.4404 55.075 103.45 21.6251 58.6736 51.0937 22.186 8.20814 13.9778 539.664 28.3341 25.8516 33.1273 290.04 283.699 57.6726 226.026 36.1816 33.6206 222.593 188.217 38.899 34.3759 22.2381 18.3746 14.5894 79.4219 75.4099 149.318 100.738 48.5797 24.8379 15.355 77.6865 23.7418 93.9243 81.4879 601.259 73.7878 50.9067 35.2407 27.6384 15.666 22.8811 17.0652 31.6618 511.329 30.4173 26.8337 22.5345 4.29923 17.6076 43.3783 35.4008 23.2269 12.174 93.0927 90.3899 29.8201 23.3902 60.5698 53.7334 65.59 50.3887 66.9959 32.8996 24.9537 34.0963 8.97528 25.1211 12.1379 21.3412 8.41396 38.7521 30.8773 17.079 212.477 182.419 10.9427 30.058 22.5571 7.50088 171.476 11.9871 7.40086 27.6869 22.7033 445.739 62.8571 37.9664 35.2914 29.8088 14.531
internal_count=45281 10877 34404 14773 3128 891 766 19631 11645 6631 863 305 225 110 5768 5491 2192 1916 3299 1346 276 212 18849 15075 8723 5643 2228 1391 3415 3264 2974 3080 2520 1227 1293 2542 591 782 669 432 165 267 7943 378 322 277 3774 3679 935 2744 624 581 2697 2384 373 313 217 175 141 768 730 2011 1355 656 373 239 1086 283 638 550 5014 1008 702 486 366 216 306 252 560 7565 540 473 391 82 297 498 425 274 151 1236 1197 322 271 875 753 1115 829 645 309 234 336 81 255 96 179 85 578 632 115 2237 1895 115 342 246 96 1780 177 126 543 403 6450 802 534 470 368 190
is_linear=0
shrinkage=0.03


Tree=8
num_leaves=127
num_cat=0
split_feature=0 2 5 4 5 4 4 3 5 3 5 5 3 5 5 4 5 4 4 3 3 5 4 4 0 3 3 5 3 4 5 5 4 5 5 3 3 4 5 5 0 5 4 3 5 5 3 4 5 4 4 4 5 5 4 4 4 3 4 3 5 4 5 3 4 5 5 5 4 4 5 5 3 5 0 5 5 4 0 3 5 5 5 5 5 5 4 3 5 4 4 5 4 3 5 3 5 0 4 5 5 5 5 4 4 5 5 0 5 5 4 5 5 4 5 3 4 4 5 0 4 4 5 5 5 0
split_gain=8.57405 7.29076 7.88458 6.61773 4.83842 5.31749 4.79103 4.5964 4.83698 4.19275 8.44742 7.71725 5.80281 4.50232 5.25065 8.02517 4.32058 4.27597 3.85463 5.18468 6.55477 3.68604 3.59819 6.87319 8.57122 4.85508 3.54824 3.37245 3.32828 3.32024 3.18998 5.28732 5.86179 5.161 4.84614 3.47164 2.84219 2.95201 2.76849 2.73942 2.7327 4.78473 5.29405 4.88447 4.36444 4.22043 5.10906 3.62656 3.44383 2.91744 6.6011 2.72286 2.78679 5.63188 5.55273 5.45395 5.10308 3.06402 5.3451 2.71539 4.7794 5.27998 6.50165 3.94116 3.46535 3.58444 6.41119 3.81106 3.45975 3.21479 4.4271 3.79709 3.18211 5.28572 6.083 2.95084 2.94185 2.86647 3.59273 2.82144 2.66834 2.66425 4.66835 2.64808 3.0023 2.64353 2.52289 4.78794 3.2688 3.11269 2.74684 2.56349 3.21951 3.97778 2.51424 2.9525 2.50372 3.00355 5.29023 3.13775 3.42541 3.464 2.56311 6.62036 4.95815 3.5589 2.48514 2.60331 2.48249 2.44696 3.37831 2.41601 2.75761 2.52895 2.4013 3.35447 3.80165 2.80368 2.55964 6.74926 4.52135 2.34423 4.3086 4.29428 2.87456 2.26193
threshold=0.60936290016033468 1.0000000180025095e-35 0.49919938844262063 -0.18162175216875906 1.6489061304567738 -0.44970936242742959 -1.5174975345679205 1.2298092528613442 0.69593177880481993 0.17937839937745148 -0.29705127116454927 -0.51659519755616834 2.9805273420011651 2.8109308277165219 2.0945788246333383 0.48043484681688153 2.0598693084000925 0.18162175216875917 -0.32848336038177456 -0.87105245410644094 1.0000000180025095e-35 2.6470919155434287 1.3573836214717783 1.6544491594320159 1.0000000180025095e-35 1.9300964885172729 0.5295220172054157 2.4818128817287461 0.5295220172054157 -0.20312959124137528 -0.45615935245997691 0.67694056334233366 -1.0180377161038332 1.9094533980960859 0.97764698707489561 2.9805273420011651 1.0000000180025095e-35 -0.18162175216875906 0.39605952304991249 -1.0191680218268384 1.0000000180025095e-35 0.80264698053179528 -0.32848336038177456 0.87966563503337991 0.66816515530450438 1.0492487716656662 0.5295220172054157 0.32848336038177478 1.3698392549925715 -0.16424168019088733 0.50389794398700838 -0.16424168019088733 -0.051854355669685638 0.082799226861421271 1.2167291818222881 0.89340254609328851 1.0077958879740165 1.2298092528613442 1.4901859928884085 1.0000000180025095e-35 -0.05759885736610279 0.77341320301528982 0.061520890705019898 -2.6217705432462615 0.11880520630587994 1.7045452806789461 1.5126219193650166 1.4772097854121984 0.1378707632860012 0.48043484681688153 0.099978243705862516 -0.40530395996178853 -0.87105245410644094 1.4772097854121984 -1.0000000180025095e-35 0.62697303331651377 -0.94627733252154778 0.11880520630587994 -1.0000000180025095e-35 -0.87105245410644094 1.0250661367386906 0.64328253279747727 0.77041653946950672 1.4932034991566783 1.2863433587542312 0.27834526684370164 1.3573836214717783 1.9300964885172729 0.62697303331651377 0.36324350433751823 1.5390053736405374 -0.034311872996219954 -1.0000000180025095e-35 -2.9719141610742255 2.4818128817287461 -1.0000000180025095e-35 -1.4886456330330644 -0.97829221439720593 -1.3921437654275211 -0.18157726968602791 0.061520890705019898 0.35344348032326317 -0.30425409165963208 -1.1691440726652909 -1.0851682441183625 -0.25330350189476702 -1.2579639647386689 1.0000000180025095e-35 1.3448619410663916 2.3606284744814552 0.52280593438051703 0.48046293018383429 0.65366936687472088 0.18162175216875917 -0.97200865671259729 1.5799528706893085 1.3921437654275215 0.67501525704826237 -0.7214120044898823 1.0000000180025095e-35 1.2709177633818667 0.94721392279400651 0.26219933799479295 0.59126019623186521 0.49919938844262063 1.0000000180025095e-35
decision_type=2 2 2 2 2 2 2 2 2 2 2 2 2 2 2 2 2 2 2 2 2 2 2 2 2 2 2 2 2 2 2 2 2 2 2 2 2 2 2 2 2 2 2 2 2 2 2 2 2 2 2 2 2 2 2 2 2 2 2 2 2 2 2 2 2 2 2 2 2 2 2 2 2 2 2 2 2 2 2 2 2 2 2 2 2 2 2 2 2 2 2 2 2 2 2 2 2 2 2 2 2 2 2 2 2 2 2 2 2 2 2 2 2 2 2 2 2 2 2 2 2 2 2 2 2 2
left_child=1 3 22 18 5 -4 -2 40 -9 13 11 17 51 14 16 21 59 -11 26 -20 29 -16 25 24 -24 96 39 28 36 -21 -8 86 33 34 -33 -34 -6 -38 -14 -1 41 44 -43 49 -7 46 81 -46 -47 -44 108 -12 55 56 109 -53 -54 58 -56 60 63 62 -62 -5 -61 66 67 69 75 70 71 76 73 74 -63 85 -66 78 -65 -80 -10 -42 -83 84 -77 -64 88 90 91 -90 -88 92 93 -32 95 -17 -3 98 -98 102 -101 -102 103 -100 -105 -104 107 -19 -51 121 -111 -72 -113 -114 -108 117 -117 -116 -119 -120 -121 122 -55 -124 -123 -125
right_child=6 2 4 9 27 7 30 8 80 10 12 -13 38 -15 15 94 -18 106 19 20 -22 -23 23 -25 -26 -27 -28 -29 -30 -31 31 32 35 -35 -36 -37 37 -39 -40 -41 45 42 43 -45 47 48 -48 -49 -50 50 -52 52 53 54 57 -57 -58 -59 -60 64 61 72 68 77 65 -67 -68 -69 -70 -71 111 -73 -74 -75 -76 83 -78 -79 79 -81 -82 82 -84 -85 -86 -87 87 -89 89 -91 -92 -93 -94 -95 -96 -97 97 -99 99 100 101 -103 105 104 -106 -107 114 -109 -110 110 -112 112 113 -115 115 116 -118 118 119 120 -122 124 123 125 -126 -127
leaf_value=-0.0052632895816972104 -0.01524136991732644 -0.01154222038996041 0 0.020742507940460155 -0.011250911261158634 0.013706707968070093 -0.0063160001828234504 -0.026677486108264998 0.020484448388277184 0.016348494476626924 0.01452293578725573 0.014575912981816149 -0.0050044232076111974 -0.011813997240453823 -0.015343136178432368 0.047528201015810845 -0.019257110842766982 -0.017511633202667104 -0.0020421671002462853 0.063995247444637221 0.011212344955984499 0.016014852224222199 -0.0003357183978641606 -0.0086721577268490998 0.032229336410002363 -0.021293416703397992 0.015248820419845295 0.0044446938764382141 -0.018452574194740431 0.016213086258748417 0.034060057938118143 0.030482474307105885 -0.010333467160104918 0.053894330085701631 -0.015378507649743287 0.018389702500358519 -0.0039174656213485631 0.016177114760060868 0.018452210427359339 0.0045625313144257136 -0.014679135600126961 -0.0062913002457540635 0.047068502466225841 -0.0056521831784409815 -0.01752546550632016 -0.021987269939009884 0.032312360210863228 0.012642229848056713 0.0068338461810369955 0.017551289100492314 0.040881310574428564 0.001549174330283676 0.029078624297402753 -0.019177091929868315 0.0066344867282611452 -0.01751965765528157 -0.0014657797817516313 0.0051960885669303956 -0.0097298892676856135 -0.0052557939391739798 0.026852546426573941 0.036754408968468308 0.0080976912398557019 -0.005005803549956978 -0.0021093222710671104 -0.0098621107856144974 0.024698406263853247 -0.022738977194609815 -0.0072722698082519398 0.003197197371021779 0.026575902138130696 -0.0041802446632010814 0.0045053246739188797 -0.008123741602502961 0.0012704364541268854 0.0066490389172530135 0.017857355200107471 -0.0078981025403540243 0 0.040706026210858295 -0.0049316837988337718 0.031910050606678737 -0.0067848470845437965 -0.0064342719031852853 0.038772270287081231 -0.024357213765607465 0.026698187496373472 -0.0096624492010187035 0.035986071421988765 -0.0047205649914797958 0.0071976302448658871 -0.0045965703213502532 0.0082790915281042606 -0.0073166862637776857 0.01285201929772095 0.01291001885043728 -0.012834366627363406 -0.0035046647134559942 -0.021392003584216231 -0.012716817446958678 0.016795158351482924 -0.0094134119447376648 0.045556429298847081 0.045018481125782675 0.0073673433932476967 0.005968430037637292 0.0099328656203999163 0.0027246883728366381 -0.0042716327431566656 -0.011722254520522172 0.017403737273408056 -0.006669030589639126 -0.0045695556481247183 0.021630579723473053 0.0068618314398769436 0.025028638046182369 -0.0032762942771091636 -0.015395180404751709 -0.014952281932958854 -0.0063423644713396163 0.034859269947296247 -0.0037120235296596161 0.0075415884067563275 -0.0037748778226840978 -0.021143882854451956 -0.016197702019771186
leaf_weight=26.991001119371504 28.53240028815344 29.027145138010383 107.59215232997667 4.2194986762478939 19.1979118026793 21.596522277686745 145.01957074343227 5.1841782224364605 5.0104418662376693 12.87598101235926 5.8682726975530377 48.994952597655356 5.6041031950153437 18.387659018859267 9.0325841596350056 5.8787066023796797 7.2914422061294308 14.05387078365311 10.714863184839485 3.4340577237308025 17.519393819849938 4.0703417826443902 15.808970339596272 18.528986802324653 12.165805098135024 12.471020349767057 25.25945590948686 34.141926686745137 16.162192670162767 3.4474697895348099 1.2498227534815693 2.34245797106996 81.998013051859743 1.4126175437122581 4.4367335950955749 3.004899503896012 16.587802282068882 9.4576981896534544 14.715030427556483 279.12126195506426 4.9207579502835896 5.3202694165520361 5.9168312354013315 3.991521004587411 9.2768157655373198 7.1280818274244648 6.3763969102874389 4.5291421092115334 6.0021841102279723 14.626325203105813 10.339584010653196 20.600749144796282 7.8663985361345139 19.536868306342512 26.982418596744537 35.945350370137021 10.473405169323085 58.627432120418234 48.934191183187068 34.763424338307232 5.8044609748758367 12.503695710562173 3.6020775567740229 9.3944803318008763 9.2931026243604737 14.320788986049591 13.332039412576703 3.658851421903818 61.381510308478028 361.94844879512675 14.935484420042483 26.501815441064537 41.955082064028829 4.7930693980306378 6.7858252907171854 7.2281021215021592 18.925646893912926 92.043183754663914 2.5853980453684926 2.6643097773194304 8.6867493353784067 3.9550069049000722 5.6189103769138455 3.7199270213022819 3.9923145296052098 3.5045123314484954 9.8727263798937219 8.9708179738372547 3.3277263534255317 2.2416865238919854 20.632448696531355 74.703696008073166 44.305240511428565 27.813596622087061 13.461962402332572 5.2016285136342066 16.372734737815335 536.77301442586759 5.5571942380629471 13.861930888378994 10.579350468935447 6.4803428016602984 3.1152388099581003 2.6246440382674328 33.711331773083657 5.1898346294183266 19.76474841684103 8.4713198239915073 5.9437256471719584 5.5876390337944013 6.817241944372654 5.7059365762397674 3.6567520597018328 13.69105100026354 12.495400488842277 7.0659026228822759 8.3102317126467806 22.893638333771371 11.721317081712193 3.4241773784160614 4.8678553896024823 13.741310131736098 21.587815626058728 45.7904520528391 26.374354532919824 18.676403696648777
leaf_count=495 942 687 1561 44 189 201 3811 50 49 155 59 471 59 154 88 42 58 136 99 39 205 32 120 171 141 207 326 294 142 41 26 61 1422 29 112 54 202 104 123 3802 64 55 58 25 92 94 68 39 75 151 90 223 73 197 199 296 85 388 345 471 52 80 37 112 154 129 131 41 554 4125 169 348 402 31 68 70 275 972 34 51 82 56 82 33 35 43 168 155 73 34 335 1627 822 796 108 45 239 8607 100 187 133 72 58 33 491 68 192 116 58 47 51 71 51 156 133 79 74 221 97 44 49 117 217 428 224 193
internal_value=0.000275249 0.000890682 -0.00107788 0.00206087 0.00269734 0.0049531 -0.00351965 0.00890863 -0.00450823 0.00112808 -0.000861205 0.00460058 -0.00330106 0.00246157 0.00279453 0.0136144 0.00226142 0.000612093 0.00565122 0.0150236 0.0224209 -0.0049444 -0.00284772 0.0051222 0.0143463 -0.00340737 0.00460678 -0.0029774 -0.0071573 0.0455325 -0.00270387 -0.000848238 -0.00668513 0.0161344 0.0019639 -0.00908118 -0.00274567 0.00359675 0.0119108 0.00367207 0.0111468 0.0141177 0.0204243 0.0240454 0.00548091 0.00373646 0.011963 -0.00724069 -0.00904884 0.0274079 0.0221932 -0.00416643 -0.00451156 -0.00336188 -0.00439255 -0.0106142 0.0123065 7.10046e-05 -0.00386399 0.00248881 1.17538e-05 0.00341197 -0.0013242 -0.00470972 0.00374677 0.00440639 0.00486593 0.00422997 -0.00361493 0.00450301 0.00948053 0.00382522 0.00978072 0.0183055 0.0250973 0.00631112 0.011332 -0.00592749 0.00597977 0.0237741 0.00492261 0.00130978 0.0104225 0.0136699 0.0205617 -0.00856725 0.001973 0.00863825 0.000196281 0.0209205 0.0142511 -0.000698198 0.0032392 -0.00436381 0.0234459 0.0339391 -0.00303502 -0.00262341 0.00218444 0.00537165 -0.0020342 0.00670341 0.0099428 0.00649602 0.0113003 0.0244403 -0.00128124 -0.00998128 0.0112008 -0.0081862 0.0041647 0.0172426 0.0102177 0.0159963 0.000935753 -0.00163825 0.0102818 -0.00512331 -0.00875875 -0.000653076 0.0186708 -0.00927937 -0.00677193 -0.0037332 -0.0154812 -0.00761211
internal_weight=3305.09 2845.22 1059.83 1785.39 337.563 242.016 459.864 134.423 18.8814 1418.9 568.669 174.939 393.729 850.235 831.847 37.6452 794.202 125.944 366.488 35.1158 24.4009 13.1029 722.268 46.5038 27.9748 675.764 331.372 95.5475 61.4056 6.88153 431.332 286.312 93.1947 8.19181 6.77919 85.0029 45.2434 26.0455 20.3191 306.112 115.542 81.5407 46.1383 40.818 35.4025 34.0013 20.8711 13.806 13.1303 36.8265 30.9096 373.41 367.542 310.996 292.656 56.5461 18.3398 134.544 75.9166 786.911 266.177 155.271 89.2329 110.907 520.733 485.97 471.649 458.317 83.4284 454.658 92.7098 54.7206 66.0377 24.0826 19.2895 22.0469 28.2187 106.687 14.6442 5.24971 13.6972 14.4947 9.57392 14.9403 11.2204 7.10659 193.118 39.476 153.642 5.56941 30.5052 148.072 73.3687 29.0634 24.5423 11.0803 663.293 634.266 97.4926 81.1199 30.9216 17.0597 50.1982 41.8932 36.336 8.30507 113.068 22.5252 20.5701 158.112 12.4049 37.9892 23.0537 17.3478 90.5433 70.7785 15.3761 55.4024 42.907 20.0133 8.29203 145.707 105.592 86.0547 40.1157 64.4669
internal_count=45026 34559 15195 19364 3881 2950 10467 1389 181 14357 5091 1767 3324 9266 9112 315 8797 1296 5007 384 285 120 11314 432 261 10882 4623 931 637 80 9525 5714 1678 202 173 1476 495 306 182 4297 1208 769 437 382 332 439 270 131 169 357 299 3142 3083 2564 2406 519 158 932 544 8739 2618 1405 824 1213 6121 5650 5521 5390 772 5349 1224 777 581 179 148 218 429 1169 197 85 131 202 138 138 105 80 4036 658 3378 107 503 3271 1644 822 195 87 10675 9988 1381 1142 392 205 750 624 524 126 1141 252 209 1474 98 447 278 207 889 697 153 544 411 190 93 1376 1035 838 341 621
is_linear=0
shrinkage=0.03


Tree=9
num_leaves=127
num_cat=0
split_feature=1 5 4 5 2 4 5 5 5 4 3 1 5 5 3 4 1 5 1 1 5 1 5 3 1 5 5 3 3 3 5 1 1 2 3 4 5 4 4 5 1 1 3 4 5 1 5 1 5 4 5 5 1 1 4 4 5 4 3 4 1 4 2 4 1 4 4 4 1 4 3 1 2 5 5 3 5 5 4 4 4 5 1 4 4 5 1 5 5 4 4 4 3 3 1 3 5 1 2 1 4 3 3 4 1 1 4 1 1 4 4 1 5 5 5 4 4 4 1 5 4 3 3 4 3 3
split_gain=19.3477 10.4991 5.54502 8.66978 4.24457 4.21294 16.4617 4.21059 4.65954 5.86231 6.36967 5.90879 4.17927 4.87273 7.78818 6.56311 5.73473 4.14156 4.1804 3.94644 3.78733 8.34486 8.56547 4.84004 4.73029 3.88676 7.01464 3.97517 3.85393 3.79111 3.78173 8.77292 3.73075 3.8387 4.11947 3.49732 4.24364 5.00463 5.39786 5.7975 4.26169 3.38462 3.35819 3.31506 3.24848 5.3775 6.29406 6.53125 4.66448 4.45042 3.23696 3.77463 5.61209 5.32529 3.17919 4.01287 3.46222 3.15436 7.72834 7.33081 7.18274 6.67748 5.55546 6.78103 7.60739 6.17434 4.44671 4.40146 5.54345 3.83904 5.82811 5.84419 3.9814 7.93262 5.49526 6.05137 3.82432 3.88302 4.81704 4.67316 4.45082 3.86461 3.75531 3.53783 4.99411 3.43103 3.33501 3.14295 3.06373 3.05135 2.99662 4.30959 2.98701 5.11628 4.65471 2.98432 5.74246 4.1211 3.5391 5.32958 4.09133 3.74868 2.97388 3.75571 5.94468 3.55005 4.24531 2.98964 3.30726 3.55902 2.97068 4.59264 5.80151 3.69813 4.33398 3.26 3.9448 6.10234 7.39402 3.52235 5.85913 3.05486 2.94451 5.65577 4.64957 2.77094
threshold=-0.82673419859694153 -0.68019266039281112 -0.32848336038177456 -0.36659662018374523 1.0000000180025095e-35 -0.16424168019088733 -0.46891899847428314 -0.60190796990249396 -1.2579639647386689 0.32848336038177478 -1.221196071934405 -1.0426416421974649 0.22707832903534694 0.082799226861421271 -0.87105245410644094 -0.75106739618659735 -1.2869302979557984 -0.044345096610467621 -1.5639624632961975 -1.7131845698859265 0.41478388995097254 0.65387159343576295 0.83323371331253226 2.6303837241732011 -0.18078832144524853 1.0492487716656662 1.0151854695986022 1.5799528706893085 1.2298092528613442 0.17937839937745148 0.57547489229867488 0.41336709929847087 -0.39232295606145767 1.0000000180025095e-35 -1.0000000180025095e-35 0.14990312080914311 -0.93957967511279938 -1.1691440726652909 -1.0851682441183625 -0.79828224810116855 1.0672386927342339 1.8308404616201364 2.6303837241732011 0.67501525704826237 -0.93957967511279938 -1.4806057920327043 -0.820779277182622 -1.0426416421974649 -1.0004417389587077 -0.96955972962269843 2.1656714473773664 0.66816515530450438 1.5323962484406783 1.1206006273709457 1.3921437654275215 1.5390053736405374 1.3698392549925715 -0.16424168019088733 0.5295220172054157 -0.44970936242742959 -1.5323962484406779 -0.29980624161828634 1.0000000180025095e-35 -0.5996124832365729 -1.2869302979557984 -1.5390053736405369 -1.5390053736405369 -0.93250770804349947 -1.694053530579551 0.46404792180917381 -2.2716269254182975 -1.0426416421974649 1.0000000180025095e-35 1.5126219193650166 1.9721322312027332 0.17937839937745148 0.48046293018383429 1.6753013024953116 1.2401922789924149 0.96955972962269865 0.63545888169093323 0.74171610634566165 -1.5323962484406779 -1.0538841145581936 -1.3450934277159972 1.320257396341104 -1.3393094017270453 1.7834991048278619 -1.392275992967337 -1.5563854456184085 0.16424168019088739 1.0851682441183632 -0.87105245410644094 -1.9214833075903333 -1.1944942666918206 0.87966563503337991 -0.22619752205110832 -1.5323962484406779 1.0000000180025095e-35 -1.0672386927342334 1.4653692554969284 1.0000000180025095e-35 1.0000000180025095e-35 0.18162175216875917 -0.55466348960412981 -0.6994786246393544 0.75106739618659757 0.52883658654052312 0.16500521401748863 -1.1005309863130883 1.1210146425727237 -1.1944942666918206 -0.18157726968602791 -0.34789276788993678 -0.28730714676814101 0.89340254609328851 -0.7734132030152896 -0.66674301125110214 -1.5323962484406779 -0.41766301576325121 0.63545888169093323 -1.5713396897623693 -0.87105245410644094 -1.0538841145581936 0.5295220172054157 0.17937839937745148
decision_type=2 2 2 2 2 2 2 2 2 2 2 2 2 2 2 2 2 2 2 2 2 2 2 2 2 2 2 2 2 2 2 2 2 2 2 2 2 2 2 2 2 2 2 2 2 2 2 2 2 2 2 2 2 2 2 2 2 2 2 2 2 2 2 2 2 2 2 2 2 2 2 2 2 2 2 2 2 2 2 2 2 2 2 2 2 2 2 2 2 2 2 2 2 2 2 2 2 2 2 2 2 2 2 2 2 2 2 2 2 2 2 2 2 2 2 2 2 2 2 2 2 2 2 2 2 2
left_child=7 4 3 32 102 6 -4 8 9 10 -1 -12 13 17 15 -15 -17 95 19 -19 -7 22 -22 24 25 26 -24 -27 -26 50 -8 87 33 34 -3 36 -6 -38 -39 -40 -41 -37 44 -11 48 49 47 -47 -10 -46 51 52 53 -23 57 56 -56 58 59 62 -61 -60 63 64 65 -14 89 83 -69 70 -59 -72 74 -74 75 76 86 78 79 80 -78 -82 -77 84 -67 -73 -71 -32 -45 -64 -20 -92 93 -62 -94 98 97 -97 100 -100 110 -101 -2 104 -104 -105 -107 108 -106 -110 111 115 113 -113 -115 116 -9 -118 121 -120 -121 -119 -48 -124 -125 -16
right_child=1 2 5 -5 35 20 30 12 42 43 11 -13 54 14 125 16 -18 18 90 -21 21 29 23 -25 28 27 -28 -29 -30 -31 31 -33 -34 -35 -36 41 37 38 39 40 -42 -43 -44 88 45 46 122 -49 -50 -51 -52 -53 -54 -55 55 -57 -58 69 61 60 92 -63 66 -65 -66 67 -68 68 -70 72 71 85 73 -75 -76 82 77 -79 -80 -81 81 -83 -84 -85 -86 -87 -88 -89 -90 -91 91 -93 94 -95 -96 96 -98 -99 99 101 -102 -103 103 105 107 106 -108 -109 109 -111 -112 112 -114 114 -116 -117 117 118 119 120 -122 -123 123 124 -126 -127
leaf_value=-0.018517010501988798 -0.0088209236594530786 0.041304037834072126 0.051903633823508696 -0.0011561280562575316 -0.0096287736373840763 0.0018761746413838104 -0.0035299057405086928 -0.0015264034494594178 0.0084751320989535396 -0.032996173027791266 0.0051559151110995233 0.042481148959930125 -0.022770394337430028 0.03103045868190718 -0.0043634388254234664 -0.020558955216219626 0.017817752513671112 0.011781338296341417 0.0042149281585046969 -0.019894102918291669 -0.0059060917254075036 -0.0027169847272687721 0.0002341483306372381 0.02350532469831439 0.0081208131681034385 -0.0068029538210545868 0.040075500163794693 0.013399108056529545 -0.0096947573454789389 -0.017222548481928706 0.031270531405184196 -0.017913032654047485 -0.015036196798074572 -0.008689932652944406 -0.0060333024685393678 -0.01686922901429682 -0.015076061712038133 0.042319810944905473 0.013804517057175492 -0.017840369064137346 0.01662667199464965 0.0097357654453824414 0.033591688438492806 0.0091612308590888133 0.01742859013579175 0.005949903659565629 0.00020655535686302359 -0.030303069379603323 0.027493404859490221 -0.0091802524999783728 0.017481825538543563 -0.013420904045577001 -0.024538510964612452 0.037891612049009107 0.0083118083762564361 0.0060353860397393813 0.037754304443328064 0.023950311449433919 0.032819393207814573 0.028341467690015033 -0.0070214900793193254 -0.0068504999822840244 0.00080100844431392276 -0.011015751949091596 0.023792832417862887 0.028553905757089628 -0.0077644678205908866 0.01380277872799677 -0.01608188044684989 0.0061660726871063951 -0.0086070453375676776 0.020605442760753174 0.021282279609180246 -0.00956780496754084 0.013013891480873452 0.0034233399284277701 0.023144469339003933 -0.012521077092108894 -0.010678517259643002 0.030166011689868873 0.017685919581216097 -0.0093996542818748311 -0.01347644922231947 0.030922673706447888 -0.0056737471766328549 -0.0058923856079732039 -0.020115018451122766 0 -0.015745106899232756 0.032502983609712946 0.032388456022566799 0.004704607700608791 -0.016605109007552833 0.029824277756155784 0.010812658127992422 0.019802555115988961 -0.022987169759379408 -0.0056614597365114384 -0.0082318712796856687 0.024365325581862465 -0.01117639060743081 0.0002198827130476062 -0.016801758556833874 0.013503829184598694 0.0096551083365954381 -0.011934417447378299 -0.0010397729391982747 0.0023201524810490515 0 0.050759876974070847 0.017697103629498528 -0.005421340930674339 -0.019232829847619638 0.031878613642220062 0 -0.010655969189557931 0.043720886383533261 0.015182163443758244 -4.6328056668034497e-05 0.032723476558532798 -0.0060440396067862681 -0.0079182486513676553 -0.011832754469986929 0.029527583891702576 0.0057884117634592882 -0.016963613793192535
leaf_weight=5.0178944384679225 58.094923184951767 2.5697123995050788 5.9600240928120902 358.65624173387187 100.68340725032613 612.06200174754485 32.862916291225702 18.85427465476095 43.445865308865905 4.6025482770055559 13.057957038283352 4.7552568600513014 6.1394861266016951 7.1051123319193747 31.22295409347862 6.8130521895363936 5.3351136967539761 5.6358388625085354 16.789120235014707 6.5683030877262336 135.30370529228821 5.7393121682107431 18.801758116576824 9.4137252690270525 116.53655436052941 82.045265374006703 4.1020559575408688 8.7817525565624219 11.060182571643962 37.783867177946377 11.340055097825827 5.3435130137950173 66.25144460296724 11.604119793511927 2.494128975085915 54.221482666442171 11.90698234294541 2.4641606034710994 18.827127684839066 12.732730929739779 3.2757066229823968 3.884702341631054 4.1533519132062784 6.6547768805176064 5.9378017177805296 15.63081488478929 9.6855994062498194 5.1058631632477036 16.144222373142838 29.338229204062372 4.4930806104093781 26.50677692797035 3.1042782720178357 4.4135385924018919 8.7438495205715281 69.299704885110259 6.7240244373679152 5.4992098435759535 14.658168922178449 18.409121360629797 4.8462650049477816 4.4942643530666819 8.6057256315834803 16.082037454470992 23.174843837507069 4.8490250101312986 67.984206780325621 9.0883747488260287 11.468039859086273 7.1832642927765837 82.969507663336117 10.150603884831073 25.110864665359259 9.692140791565178 28.86189560778439 15.845771931111811 10.092567580752076 6.1803162321448317 6.898295557126402 12.033558053895829 6.0205941684544113 13.563819730654357 39.661985930521041 8.1014499617740512 10.159485981799662 6.4304038099944583 8.3731269566342217 3.7789911553263655 9.5688038640655542 3.1891112625598899 12.47665705252439 9.1817296650260669 9.5201732246205193 7.7189418543130142 10.800902576185765 6.5480583757162085 12.735537547618149 22.549932285823164 59.539439574815333 7.3963054865598705 13.035114558413623 19.511219858191907 7.5168928084895006 9.412035452667622 14.411522686481478 47.03778639761731 100.41200661333278 20.60801560850814 1.778868530411273 3.6887899800203732 15.870017932727931 17.804729290306565 13.452287503518162 5.9736545383930197 8.4656945969909447 6.4823540332727125 4.7990528829395691 6.0473306477069881 5.5885068876668766 18.287993870675596 3.7927947249263516 17.975849128328257 4.1028426433913401 25.638143096584827 11.56983367865905 34.53516640746966
leaf_count=63 1297 45 113 7457 2606 8530 532 174 438 43 156 85 51 59 297 51 45 33 203 46 1577 91 195 110 1344 779 44 68 125 634 155 116 1707 219 51 890 339 50 332 266 99 96 31 56 55 132 98 60 141 203 65 497 69 80 61 417 36 37 155 114 36 35 99 151 293 46 692 56 99 43 611 109 163 59 181 84 70 41 51 88 40 100 303 69 85 67 65 43 64 34 98 63 90 65 107 41 83 177 565 95 87 259 120 94 291 725 1512 747 42 95 118 203 132 65 91 51 43 36 57 177 34 122 66 273 103 259
internal_value=0.000269685 -0.001523 -0.000348571 -0.00319986 -0.00545011 0.000755624 0.00847587 0.00320577 0.00703319 -0.00162581 0.00862478 0.0170078 0.00240705 9.06335e-05 -0.0062742 0.0100603 -0.00340357 0.00172684 0.00954439 -0.00525483 0.000321665 -0.00170426 0.000143511 0.00343038 0.00254115 -0.00188077 0.00887323 -0.00469237 0.00648984 -0.0103321 0.00270079 0.0125453 -0.0118849 0.000613169 0.0203439 -0.00865212 -0.00612547 0.00103201 0.0065118 0.00278488 -0.0100483 -0.0149052 0.00926113 -0.012881 0.00843985 0.00518914 0.00987269 -0.00382186 0.0140458 -0.00426167 -0.00413268 -0.00701752 0.00561854 0.0164816 0.00397359 0.00936123 0.0228083 0.00309661 0.00565061 0.00398635 0.0138058 0.0234837 0.000921743 0.00605493 0.00995523 0.00311591 -0.00477565 0.00725099 -0.00270276 0.000999635 -0.00356522 -0.0053381 0.00355111 0.0125799 0.00143308 -0.00128075 0.00451105 0.00824399 0.0111438 0.0149886 0.00795392 -0.000472649 -0.00862378 0.0159742 0.00629018 0.0104078 -0.0081589 0.0239398 -0.00541582 0.0114775 0.0143322 0.0215103 0.00498423 0.0159221 -0.00206788 0.000297015 -0.00699446 0.000436702 0.00158874 -0.00323927 0.00427951 0.0075997 -0.00288285 -0.00114972 0.00609046 -0.00340897 -0.00459245 0.0107155 0.018747 0.0370493 0.00577296 0.00413954 -0.00338581 0.00351502 0.0143659 0.00836838 0.0101626 0.0140747 0.0104879 0.0207852 0.0259611 -0.00160898 0.0154654 0.0188826 0.0225691 -0.0111808
internal_weight=3305.37 2051.97 1581.01 441.576 470.957 1139.43 59.2855 1253.41 214.41 43.6572 22.8311 17.8132 1039 420.373 85.0114 19.2533 12.1482 335.362 50.6516 12.2041 1080.15 468.086 386.045 250.741 241.328 113.731 22.9038 90.827 127.597 82.0409 53.3255 20.4626 82.9194 16.668 5.06384 207.996 149.89 49.2067 37.2997 34.8356 16.0084 58.1062 170.753 20.8261 166.599 107.009 71.7331 20.7367 59.5901 35.276 44.257 39.7639 13.2571 10.1529 618.625 84.7676 15.4679 533.858 239.29 220.137 51.2954 19.1524 168.842 89.0627 72.9807 49.8059 79.779 43.6664 20.5564 294.568 105.05 99.5505 189.518 34.803 154.715 125.853 70.3455 54.7892 48.6088 41.7105 29.677 19.5844 55.5078 23.11 15.0085 16.581 15.5564 15.119 16.2236 11.7948 38.4475 21.6584 32.8863 12.5652 20.3211 284.71 41.8335 29.098 242.877 86.447 156.43 26.9075 262.961 204.866 48.0041 156.862 147.45 40.4872 19.8792 5.46766 143.395 127.525 45.6964 32.2441 14.4393 81.8282 75.3458 56.4915 51.6925 27.6693 22.0808 24.0232 50.9964 41.3108 37.208 65.7581
internal_count=44981 34247 24646 9479 9601 15167 959 10734 2067 467 304 241 8667 3764 711 155 96 3053 443 79 14208 5678 4242 2665 2555 1086 239 847 1469 1436 846 314 2022 315 96 4678 3692 1086 747 697 365 986 1600 163 1569 990 732 192 579 258 802 737 240 171 4903 514 97 4389 2277 2087 412 190 1675 850 699 406 825 355 155 2112 824 787 1288 222 1066 885 498 390 349 298 210 140 387 200 131 176 108 198 120 133 364 161 298 101 197 2610 301 218 2309 919 1390 354 4923 3626 1295 2331 2237 1175 428 137 1303 1185 491 359 156 694 643 469 426 268 211 158 540 442 376 556
is_linear=0
shrinkage=0.03


Tree=10
num_leaves=127
num_cat=0
split_feature=1 5 1 5 5 5 5 5 1 1 1 1 5 5 5 5 5 5 5 1 5 1 5 1 1 5 3 5 1 2 0 3 1 1 5 1 5 5 2 1 0 1 5 5 5 5 5 2 1 3 1 0 5 5 1 3 0 5 5 1 5 1 1 3 1 3 3 5 1 3 0 5 5 5 3 5 3 1 5 3 5 1 5 1 1 3 1 1 5 1 1 1 3 5 1 1 5 5 1 3 1 5 5 5 5 5 5 1 1 0 1 3 1 1 1 5 5 1 5 0 5 5 5 3 5 3
split_gain=16.933 5.71545 4.97975 4.81357 3.74815 7.90822 3.40427 4.90999 3.32322 5.09303 9.86818 7.93714 3.48154 15.0338 3.43084 3.24417 7.17337 8.02568 3.9268 4.86169 4.17464 3.89796 6.37144 3.01517 2.98121 2.90915 2.82584 2.64857 2.38849 2.3865 2.43948 2.35476 5.23395 9.0686 2.34577 2.32539 3.158 5.11174 2.3142 7.59779 4.4691 4.45464 2.95687 2.77664 2.48592 2.30746 2.25697 2.10602 3.4963 5.15374 3.91881 3.71482 3.63042 6.07294 4.01279 4.06542 4.18099 3.26808 4.22081 3.1976 2.95897 2.90038 2.83093 3.4195 2.81636 3.16859 4.88475 3.64272 2.77772 2.75336 2.66794 2.6379 2.4362 3.89534 3.6371 2.42852 4.06905 4.43389 3.07598 4.32706 3.41407 4.31284 3.06668 3.82174 2.84253 6.56692 3.18279 2.80307 3.05032 2.65347 2.57969 2.48289 2.40622 2.39634 4.8133 2.37107 2.89019 2.26913 2.8636 2.268 4.3713 4.44947 4.43018 2.83629 2.09357 3.1625 3.44823 5.90922 2.27982 2.24632 2.81847 2.08779 4.1796 2.9579 6.72842 5.56677 3.64516 3.553 3.29574 4.80158 3.42753 2.62933 2.96225 2.54025 5.874 2.4316
threshold=-0.74302013429146097 -0.92839867654807751 1.6940535305795514 -0.89192084864064969 0.061520890705019898 -0.44286142927223199 0.77423102990091952 1.4932034991566783 1.8308404616201364 0.86751905162372023 0.41336709929847087 -0.18078832144524853 -1.4886456330330644 -1.3471368473879781 -1.1319464520281413 -1.2579639647386689 -0.69343497272456733 -0.67368417313360041 -0.61766558720155429 -1.5639624632961975 0.26219933799479295 -0.98340900126811015 -0.73112886685701717 0.74302013429146108 -1.7289676773136862 0.27834526684370164 1.5799528706893085 -1.1233062408723014 1.7131845698859269 1.0000000180025095e-35 1.0000000180025095e-35 3.3306709598291291 -0.36157664289049696 0.29311485222982481 -1.6477614370855918 0.52883658654052312 -1.5766342263982038 -1.6477614370855918 1.0000000180025095e-35 -1.1944942666918206 1.0000000180025095e-35 -1.6703788694379111 0.19218214449680762 0.036657163901715369 -0.40530395996178853 -1.3104812324011621 -1.3710913512943168 1.0000000180025095e-35 0.91542023081006807 -1.9214833075903333 0.69947862463935451 2.1970180147178753 0.69593177880481993 -0.38663978224440487 1.5323962484406783 1.0000000180025095e-35 1.403190457439105 -0.66729241326846489 -0.84911058583886889 -1.0000000180025095e-35 -0.44286142927223199 1.6129988909688584 1.0426416421974654 0.17937839937745148 0.85133124913371028 0.87966563503337991 0.5295220172054157 1.5399392090785453 1.1509527570397144 -1.5713396897623693 1.403190457439105 -0.51659519755616834 -0.56614858836008286 -0.79828224810116855 0.5295220172054157 0.61293753653973848 1.0000000180025095e-35 0.45528194503153263 -0.22639637182634406 0.17937839937745148 -0.36659662018374523 -0.18078832144524853 -0.71703272832297993 0.15176064834384409 -0.55466348960412981 1.0000000180025095e-35 0.74302013429146108 -0.36157664289049696 -0.27240798726831589 -0.55466348960412981 -0.575476378519857 0.45528194503153263 0.17937839937745148 -0.28730714676814101 1.2401012978954127 -0.65387159343576273 0.91142581876281559 -0.73112886685701717 1.3184965128113182 0.87966563503337991 0.98340900126811048 0.57547489229867488 -0.27240798726831589 -0.32532644312028985 -0.30425409165963208 0.06820590199373712 1.0000000180025095e-35 -0.98340900126811015 -1.4806057920327043 1.0000000180025095e-35 -0.98340900126811015 2.9805273420011651 -1.4649961253459087 -1.6129988909688577 -1.3831741418509491 2.8109308277165219 0.41478388995097254 -1.6703788694379111 2.5053966976740676 1.0000000180025095e-35 0.54810442702139606 1.1390695557537891 0.99100649773228267 0.5295220172054157 0.37696956165644624 1.0000000180025095e-35
decision_type=2 2 2 2 2 2 2 2 2 2 2 2 2 2 2 2 2 2 2 2 2 2 2 2 2 2 2 2 2 2 2 2 2 2 2 2 2 2 2 2 2 2 2 2 2 2 2 2 2 2 2 2 2 2 2 2 2 2 2 2 2 2 2 2 2 2 2 2 2 2 2 2 2 2 2 2 2 2 2 2 2 2 2 2 2 2 2 2 2 2 2 2 2 2 2 2 2 2 2 2 2 2 2 2 2 2 2 2 2 2 2 2 2 2 2 2 2 2 2 2 2 2 2 2 2 2
left_child=15 8 3 -3 5 28 -6 -8 9 10 11 -2 -11 -14 35 34 21 -18 19 -19 38 24 27 -16 -17 -22 -26 -23 -4 30 -13 47 -33 -34 -1 -12 37 -37 39 40 -20 44 -41 -42 -40 -10 -38 48 50 93 57 52 53 61 55 68 -57 58 59 -5 -52 62 71 -64 65 66 69 -67 -54 -49 -62 -51 73 -66 -75 78 77 -77 80 84 82 87 83 -71 85 -80 -86 88 -82 -84 -78 -85 -72 -50 -95 96 -59 -65 -99 100 -55 102 103 -102 108 106 109 -108 -43 -106 -111 113 -113 116 118 123 -27 -118 119 120 -115 122 -122 -116 -125 -119
right_child=1 2 4 31 6 -7 7 -9 45 12 14 29 13 -15 23 16 17 18 20 -21 25 22 -24 -25 26 111 -28 -29 -30 -31 -32 32 33 -35 -36 36 46 -39 41 42 43 104 -44 -45 -46 -47 -48 64 49 51 60 -53 54 99 -56 56 -58 95 -60 -61 70 -63 63 97 72 67 -68 -69 -70 75 92 -73 -74 74 -76 76 90 -79 79 -81 81 -83 89 91 86 -87 -88 -89 -90 -91 -92 -93 -94 94 -96 -97 -98 98 -100 -101 101 -103 -104 -105 105 -107 107 -109 -110 110 -112 112 -114 114 115 -117 117 125 -120 -121 121 -123 -124 124 -126 -127
leaf_value=0.010017133975484689 -0.00065443916190280522 0.013510968986640757 0.00029588470704246451 -0.0076010469215547216 -0.024814674076646018 0.0083715414078011936 0.013353214800394204 -0.02582410236803713 -0.0047790466813349202 -0.024233154671541943 0.033785563193233906 -0.014980159052100858 0.02832392690996512 -0.015666212711673049 -0.013022378445189853 -0.0027502359068559555 -0.022787947173595908 -0.0080572053504496949 0.0033914988528017825 0.021938326295054499 0.024102530105904067 0.010329088667926555 0.031875778996590595 0.014596958375541036 0.011531047929819033 -0.010053550350940769 0.030528261283979927 -0.0082220818149736901 -0.02253162841954141 -0.019994109603082337 -0.00044671517016549919 -0.020316577952055322 0.049849991781439708 -0.0058983372445053899 -0.0078864619119323291 0.0049032453768874731 -0.014276272809127374 0.061269469318520391 0.0022851824720308434 -0.0028007252255672389 0.02447540964308614 0.010493070466808899 -0.021346001046214085 0.0023347652673323862 -0.021672467759352464 0.014801417749591098 0.0096612284124424404 -0.01296182205117472 -0.00016417895055638833 -0.0041255308028574937 0.0046593346777717062 -0.013252934337548494 0.02823889419015466 0.027255551439248477 0.022206174514473768 -0.02206076743148758 0.010003523675356184 -0.014377888454186721 -0.0094709907686251291 0.024320401400839693 -0.016500393014526233 0.019925224787651012 -0.018899022346201548 0.022896756413589719 -0.019719485844292367 -0.012155390407819081 0.0073027047837938199 0.0115729751260314 -0.0081417431168518389 -0.0018968268133955541 0.017394005787811168 0.030358346805892698 -0.0097751825594289965 0.01946191551899519 -0.01522952168797473 -0.013573035530228934 -0.016490744631464358 0.019114456457935122 0.039711866216056657 -0.020210803239138535 0.014855450917122379 0.014874975942968001 0.0083187864432671225 0.034860165354273762 -0.0071332042685631238 -0.0040295705239375319 0.014835085989836299 -0.018039707030812844 -0.017630943706180343 -0.008673741972242582 0.0065295098794878751 0.0019794994042002302 -0.018982091199401887 -0.00020086808817347654 0.055469720743127407 0.0004517834009661723 0.0065162001005082456 0.011667022331322887 -0.024726280966251877 0.024111653462034605 -0.002834715752135431 0.029415098739127933 -0.0037520574334004484 0.037831300918215807 0.0051331736494485631 -0.0076440164225076122 -0.0022542875465245264 0.045477818774043374 -0.0086990036026983446 0.0029555939262002361 -0.02702121034836568 -0.0035544522740018946 0.030641726959361522 0.0092780934110653999 0.0058979442836577037 -0.014151254770880953 0.0058185787733499132 0.033457756734760008 0.01039809426371318 -0.021133318889592603 -0.0067689210219197644 -0.00023294304663228196 -0.028861689908830312 0.025225148883254282 -0.0019494682092507402 0.0099926523182761913
leaf_weight=6.7884480017237356 78.710834491997957 19.620364063186571 5.2040355855133393 4.1314281807281077 17.988138535758484 23.500677240081131 6.0858667561333259 3.8333213538862765 9.1869817394763249 19.477470114361495 4.5608540931716588 24.345372083829716 7.2625200096517792 45.076720259850845 8.4279815694317204 11.027208737097679 10.703884107060729 5.8645233213901546 155.81999630993232 17.225967008154839 5.155570898205041 8.1181591581553203 4.1583251864649347 4.6830800329335025 94.890871709678322 10.238401217386125 7.424622298218309 27.394476072397083 14.767868292983621 35.31513111339882 18.468896355014294 2.5410191914997986 4.221385417506097 4.7377780235838145 41.087837218306959 4.1842949688434601 4.213935696519914 1.5210832860320831 4.6002953797578838 136.87860560370609 15.2872636243701 5.4186406768858424 7.3228940116241565 8.2138451943173987 15.32775275222957 10.545931333675979 9.942839733092109 18.967506744862476 1.9006969425827263 4.2597248177044094 9.7883773595094663 11.106948484666644 2.9124151882715585 8.8940123650245351 3.2272071922197929 16.130688880104575 3.8779865540564051 19.52944584609941 62.342173871118575 5.5230241450481099 31.614462865050882 3.3154641273431471 15.711618118919434 2.6345094135031104 4.0585541957989362 41.535102661233395 55.98441986949183 5.8091322700493029 2.8026317218318582 20.623655383009467 3.7833303231745949 2.2925572879612472 73.449121900368482 9.7613660665228945 2.718097621574997 21.168612868990753 3.6178388013504437 3.5150458524003616 3.2673259647563073 16.594228744274005 7.6764885471202442 25.007058537332341 8.5748807215131801 4.2155038956552726 97.218659013327851 10.306012958753854 5.3148104869760564 6.7481557307764879 2.7072124248370537 60.199238627799787 81.984664909774438 3.9753368129022419 1.4799906141124664 1.9562549903057505 3.0685706683434546 667.89840039534465 7.4847487541846922 3.0161147643811983 2.7780650206841528 11.87363763572648 2.0154224680736661 4.6725879600271574 30.898927418980755 3.252068932633839 43.894278687737824 23.007212129887193 4.2036181660369039 3.7367811743170014 41.361178830265999 5.9058939646929502 3.892782570794223 5.2781028226017952 6.1072923825122398 14.121842659609682 264.01967138797045 14.173216461203991 134.92917610798031 6.6060887761414078 10.037460805848239 16.477957806549966 22.379404193256054 29.779363844776526 6.9717419398948541 6.7726184092462054 89.439047128893435 12.321061724796889
leaf_count=88 1238 354 132 63 508 667 162 106 379 570 91 371 213 1202 169 73 112 33 1203 195 44 101 47 125 852 65 50 346 447 733 322 28 50 104 452 100 113 31 34 1320 130 46 72 60 125 403 218 343 43 89 179 270 60 159 58 264 75 209 873 96 547 61 370 49 89 558 760 70 62 321 92 43 1748 287 65 304 40 58 39 254 120 455 128 87 1717 168 134 112 36 1187 1171 83 36 46 67 8769 79 57 49 193 42 80 668 81 473 226 39 46 470 68 58 31 49 114 2576 116 818 40 59 126 182 218 46 47 688 74
internal_value=-0.000114427 -0.00191619 -0.00123487 -0.000880184 -0.00893498 -0.00320044 -0.0173444 -0.00249076 -0.00582818 -0.006716 -0.00413258 -0.00744822 -0.0135141 -0.00908938 0.00947807 0.00244431 0.00272585 0.00191528 0.00216681 0.0141773 0.00190634 0.00881727 0.000618284 -0.00260923 0.0116302 0.00345782 0.0132208 -0.00373239 -0.01671 -0.0141599 -0.00893259 -0.00107132 0.0118799 0.0224359 -0.0051335 0.0159323 0.010266 0.0272744 -0.000229476 0.00119617 0.00531277 -0.00328448 -0.00390368 0.0172706 -0.0161537 0.0057499 0.00186621 -0.00117686 -0.00030053 0.00401161 -0.00106401 0.0025934 0.00412453 0.00694124 -0.00499907 -0.00922764 -0.0155231 -0.000540376 -0.00657941 0.0109474 -0.00941462 -0.00311163 -0.00624495 -0.0109854 -0.00257724 -0.00169036 -0.000909395 -0.0090027 0.0113956 -0.0020767 -0.0132538 0.00996486 -0.00744824 0.00268331 0.0111141 -0.00149704 0.00222943 -0.00823842 -0.00301921 -0.00627236 7.16425e-05 0.00713072 -0.00298746 0.00505277 -0.00409906 0.00829632 -0.00583322 -0.00420492 0.00531738 -0.00642323 0.00534277 0.02118 0.00528887 0.0275833 0.0368623 8.95449e-05 -0.00845578 0.00388782 -0.00641158 0.0124996 0.00924749 0.00469625 0.000716422 0.0238235 -0.00120314 0.00158603 0.00514646 0.0224473 -0.00624006 0.00216942 -0.0100751 0.00325258 0.0155396 0.00300475 0.00178737 0.00363637 0.00647219 0.00764909 -0.00508891 -0.0069499 -0.00347732 -0.00667716 -0.0128935 0.00438176 0.000172381 0.0196012
internal_weight=3303.96 1939.6 1653.67 1582.29 71.3799 43.4726 27.9073 9.91919 285.924 266.191 194.374 156.84 71.8167 52.3392 37.5341 1364.36 1316.49 1163.47 1152.77 23.0905 1129.68 153.014 39.671 13.1111 113.343 654.808 102.315 35.5126 19.9719 78.1294 42.8143 1562.67 11.5002 8.95916 47.8763 24.423 19.8622 5.70538 474.871 323.523 179.321 151.348 144.201 23.5011 19.928 19.7329 14.1568 1551.17 956.173 142.598 813.575 135.673 124.566 95.6147 28.9509 25.7237 20.0087 766.909 71.9966 9.65445 46.6662 34.0081 30.6926 24.1403 594.998 505.011 457.667 47.3442 5.71505 401.682 36.8778 6.55228 89.9871 16.538 12.4795 382.715 110.286 24.6837 272.429 132.701 139.728 42.1389 97.5886 28.8145 116.107 13.5733 102.533 17.1319 10.3837 68.7741 85.6025 8.19084 5.26332 6.92552 5.02483 694.913 27.0142 8.42869 5.79418 61.6067 49.733 40.839 36.1664 5.26749 131.42 84.6406 61.6334 7.9404 46.7798 53.693 9.79868 649.652 11.3854 638.267 474.172 374.405 164.095 153.856 99.7678 89.7303 73.2524 59.1305 29.3511 360.231 96.2117 18.9272
internal_count=45011 32999 26721 24699 2022 1246 776 268 6278 5496 3511 2664 1985 1415 847 12012 11472 10003 9891 228 9663 1469 494 294 975 5293 902 447 579 1426 693 24345 182 154 540 553 462 131 4370 2785 1393 1585 1392 190 159 782 331 24163 13829 2886 10943 2730 2460 1941 519 461 339 10089 1032 159 854 718 657 525 10334 8145 7517 628 122 6757 675 132 2189 441 352 6414 1573 362 4841 2312 2529 723 1806 491 2058 207 1851 268 156 1315 1211 170 128 156 113 9057 288 155 106 1223 1030 871 791 123 1426 910 684 85 516 599 126 5249 80 5169 4172 3427 997 932 745 686 560 446 228 3311 735 114
is_linear=0
shrinkage=0.03


Tree=11
num_leaves=127
num_cat=0
split_feature=1 5 5 5 5 4 1 1 0 3 3 4 5 5 5 3 3 3 1 1 5 3 4 5 5 1 4 1 1 3 4 4 1 0 5 1 1 5 1 5 0 5 5 1 4 5 3 1 4 1 5 1 5 4 5 5 4 4 4 3 4 0 5 4 3 4 3 3 1 4 3 4 4 4 1 3 1 4 5 3 5 1 3 1 5 3 4 3 5 5 3 1 0 4 5 5 5 5 5 5 3 4 1 5 1 4 1 3 4 5 3 1 4 4 5 5 5 4 3 0 5 4 4 4 1 1
split_gain=17.8515 5.68297 7.34298 7.29055 4.73713 4.68011 6.79189 4.63794 4.6181 6.17414 5.1234 4.19186 7.93611 4.05531 7.68514 7.1612 5.63831 3.98506 4.17465 6.83149 3.89096 3.86224 3.75229 3.69606 3.59321 3.44184 6.55522 3.39517 3.38778 3.38735 3.34781 3.34179 3.28352 3.47752 3.99127 3.27117 4.22322 4.19245 3.64841 3.69872 4.71397 4.84942 3.45844 3.39668 3.3922 5.66546 5.4502 4.54293 3.88121 5.47763 7.42597 4.76924 3.5146 3.28045 4.06546 3.22284 3.53914 3.16378 4.48608 3.11603 4.4286 5.0159 4.5449 5.08668 3.34641 3.32137 2.96745 2.92835 2.92354 2.90321 2.85578 4.99808 2.82836 2.91411 3.65567 2.79037 2.92743 2.72911 3.63942 2.72536 6.55625 3.06063 5.61923 8.89389 5.27031 3.1964 5.87328 4.21778 3.67423 2.7002 2.75444 2.9979 2.6274 5.72351 2.5822 2.56857 3.70348 3.43283 4.16599 2.54409 2.54156 2.53767 3.22845 2.51322 5.49778 7.442 7.30477 6.26991 6.14713 5.10697 3.96585 2.55396 5.39889 5.00297 4.67639 4.61629 4.28503 4.18164 3.98038 3.3649 3.078 3.63635 3.06801 5.25661 4.75236 4.29777
threshold=-0.6994786246393544 -0.60190796990249396 0.245946941788597 -0.820779277182622 -1.6477614370855918 -0.88899068166813622 -1.3831741418509491 -0.80042901955067514 2.1970180147178753 -3.3220577789021903 -2.9719141610742255 0.52280593438051703 -0.27240798726831589 -0.93957967511279938 -1.1930589639944242 0.87966563503337991 1.0000000180025095e-35 3.3306709598291291 -0.36157664289049696 0.29311485222982481 2.4818128817287461 0.5295220172054157 -0.88899068166813622 0.27834526684370164 -1.2868259603507284 -1.4806057920327043 -0.75106739618659735 -1.2114047389358489 1.4649961253459092 1.9300964885172729 -0.52280593438051681 -0.36324350433751801 0.19991936075162423 0.60936290016033468 2.8109308277165219 -1.6129988909688577 -1.6703788694379111 1.1209561107386488 -1.3651363047906522 2.0945788246333383 1.0000000180025095e-35 1.7658696896813988 1.5399392090785453 -1.4806057920327043 0.94721392279400651 0.37696956165644624 0.5295220172054157 -1.0935438717804995 0.36324350433751823 -1.0672386927342334 0.48046293018383429 -0.85133124913371006 0.74690628751864507 0.20312959124137533 1.0250661367386906 0.77423102990091952 0.52280593438051703 1.5390053736405374 1.1978211914287795 1.9300964885172729 1.3573836214717783 1.0000000180025095e-35 1.7834991048278619 -0.96955972962269843 0.17937839937745148 0.75106739618659757 0.17937839937745148 1.2298092528613442 0.65387159343576295 -0.66674301125110214 0.5295220172054157 1.0851682441183632 -0.5996124832365729 -0.16424168019088733 -0.98340900126811015 -1.221196071934405 -1.0426416421974649 -0.96955972962269843 0.48046293018383429 0.87966563503337991 0.59126019623186521 0.19991936075162423 0.17937839937745148 0.85133124913371028 0.87837310528770118 1.0000000180025095e-35 1.5390053736405374 0.17937839937745148 -0.50192672780764158 -0.86043012753948489 0.17937839937745148 -1.4806057920327043 1.0000000180025095e-35 1.4208208841910099 -0.38663978224440487 0.12209039049702991 0.42186211056552364 -0.082630932909666596 -0.29255966338106981 0.19218214449680762 1.0000000180025095e-35 0.36324350433751823 1.8308404616201364 1.5126219193650166 -0.19991936075162406 0.32848336038177478 0.41336709929847087 0.5295220172054157 0.20312959124137533 1.4772097854121984 1.0000000180025095e-35 -0.36157664289049696 1.1210146425727237 1.2709177633818667 -0.26257008980403096 -0.05759885736610279 0.16454842747750376 0.89340254609328851 0.87966563503337991 1.0000000180025095e-35 -0.22619752205110832 -1.0000000180025095e-35 -0.40625918248275045 0.18162175216875917 1.6493347262008988 -0.22359402189326377
decision_type=2 2 2 2 2 2 2 2 2 2 2 2 2 2 2 2 2 2 2 2 2 2 2 2 2 2 2 2 2 2 2 2 2 2 2 2 2 2 2 2 2 2 2 2 2 2 2 2 2 2 2 2 2 2 2 2 2 2 2 2 2 2 2 2 2 2 2 2 2 2 2 2 2 2 2 2 2 2 2 2 2 2 2 2 2 2 2 2 2 2 2 2 2 2 2 2 2 2 2 2 2 2 2 2 2 2 2 2 2 2 2 2 2 2 2 2 2 2 2 2 2 2 2 2 2 2
left_child=1 3 11 7 101 6 77 13 9 -6 -10 -3 57 14 22 16 -16 20 -19 -20 59 -8 24 27 -1 69 -27 -7 -12 35 -28 -32 33 34 -22 36 37 55 39 40 41 70 -39 -41 48 -46 47 -47 53 50 -50 52 -51 -40 -55 56 -25 58 94 60 62 64 103 -64 68 -61 -60 -59 95 -5 71 -37 -24 74 -74 -15 89 78 -4 81 -81 84 83 -83 85 86 -63 -87 -89 90 91 -77 -31 -94 -13 97 -97 98 -62 -14 -49 102 -2 109 105 -105 107 108 -106 111 -108 112 115 116 118 117 -114 -11 122 -120 121 -116 -113 124 -124 -125
right_child=4 2 5 25 8 23 21 -9 10 17 28 12 99 75 15 -17 -18 18 19 -21 32 -23 72 29 -26 26 30 -29 -30 92 31 -33 -34 -35 -36 38 -38 42 44 43 -42 -43 -44 -45 45 46 -48 100 49 51 -52 -53 -54 54 -56 -57 -58 67 66 65 61 79 63 -65 -66 -67 -68 -69 -70 -71 -72 -73 73 -75 -76 76 -78 -79 -80 80 -82 82 -84 -85 -86 87 -88 88 -90 -91 -92 -93 93 -95 -96 96 -98 -99 -100 -101 -102 -103 -104 104 106 -107 110 -109 -110 -111 -112 114 113 -115 120 -117 -118 -119 119 -121 -122 -123 123 125 -126 -127
leaf_value=0.0019712316415605538 -0.023037020604748375 0.0013015083777959762 -0.024595880067953057 0.020671756594684305 -0.020068122430319218 0.0011374037120967899 0.013519255580813081 -0.011568779159939317 0.032165412324760466 0.0051776192882180723 -0.028047950702764265 -0.0066850156262152419 -0.0077337233636989074 -0.022547780361223055 0.025158885018333119 0.044493418720250817 0.0018899720802912174 -0.013662770171752561 0.045767569822244995 -0.00013529748093740328 0.023412224136780388 0.042212490679866467 -0.023305175874587226 -0.0031645140291437558 0.039330690376471522 -0.0017181093927799913 0.045280982700971077 0.033782028574044332 -0.0078369043529343593 0.0144555798846649 -0.0055978741598071043 0.020957276448462483 -0.0051679099409982412 -0.012499774188990139 0.0026048403112845201 -0.0085733263684619875 0.020211444440258557 0.018656217715434506 0.002953190787908302 -0.0062795571844636326 -0.02179266846703239 -0.024510413156358768 0.0032475715754487797 0.021663524046209366 0.023569170386427422 0.010902098962589299 -0.013136457940569441 -0.015764567364869538 -0.013034917436386649 0.0079742231465063564 0.024994644287803174 0.017067311891504192 -0.014849039255775959 0.0078692775952641982 -0.02208998225604767 -0.011880680564035942 0.01626530364490885 -0.015634439049717088 0.030001989798619559 -0.019530521719746157 0.013984239851703967 -0.0063347809627333903 0.016635856893600049 -0.013375266715769911 -0.011160070371041341 -0.0038449169862137876 0.0059556340487075888 0.0069391598599319914 -0.012414327598173925 -0.001789364293769648 0.012872224510726823 0.017336569563732165 -8.7036241835180677e-05 -0.0042033598437134986 0.035767917582525628 -0.010527599594977892 -0.017593520609231226 0.018652861230667069 0.0014887706639237046 0.020189043451234383 -0.0081327548125570553 -0.007095984205232918 -0.0091370974934624552 0.017521480529703395 0.02788312898917486 -0.014834943168028445 0.043377663110483522 0.02744819379520529 -0.0015439892471097703 0.017801790150122957 -0.017850330346810838 0.020859190463513602 0.014384720388363912 -0.023846655806950275 0.010167587163500557 -0.025267923405815188 0.0060186152168037587 0.035260701342902163 -0.020653627346470523 -0.024821094476735906 0.00051510175351494468 -0.0018102937465448942 0.0083664433512478549 0.010810931556477372 0.0086547167821278363 -0.028521122605696794 0.016547558720150322 -0.013176610306000432 0.045695623671028605 -0.020425632588850044 -0.019445940417421967 -0.0067412509366693608 0.010916758489511496 -0.0081531590613221055 -0.0029209237906862879 -0.0046582715248853889 0.047922189436566287 -0.011398169790565082 0.0028020855063957363 -0.020018851791776072 -0.0009364828799752734 0.017237850668498901 0.0022833305989699241 0.013710445082791586 0.029547709861341274 -0.005559241119336528
leaf_weight=6.205882313195616 18.852653550216932 276.91351669000869 4.4734744038432828 5.8813132764771607 14.674760546535252 5.5689935833215714 56.130401506554335 16.786893302574754 1.3300836104899634 128.20320618548431 10.296750255394725 18.708985989447687 113.75067198555917 5.1689367927610865 14.827924525365232 6.276732168160378 24.186187540180981 2.821831837296485 4.8478657305240613 5.5544668799266219 18.646011852659285 4.0619741892442098 4.4122828142717472 25.488902826793492 3.0056807189248484 12.896756430622188 4.6299661858938626 5.5668562985956651 27.955439902376384 32.982887886239041 4.1090495856478801 44.079398992937058 14.287346579134462 4.0326581001281729 15.461723081301896 34.957922578258149 15.13327184319496 21.296980328857899 110.88213524688035 6.514348273165524 15.667958073318003 7.5863803457468739 34.585685968399048 7.2974638920277339 5.9984179288148871 24.775130841881037 37.607776117976755 12.697406958788632 4.7823020610958364 9.0140631385147589 26.733905116096139 11.042424170300363 14.421818006783722 5.6290903231129041 10.019008283969013 18.924577405676246 11.329599007964132 11.590531250461938 9.1795050892978924 15.726207775762303 11.020268039777871 3.5111064333468667 4.7247350336983791 48.631877230014652 31.664008887950331 49.871414597611874 10.29711420368403 7.7937255557626477 9.1885175751522166 19.671380324289203 10.811921950429676 7.2162718605250111 6.3688323609530926 37.30617670994252 3.0964255416765791 4.0137367197312432 5.8088204734958735 5.8623399920761576 38.228610563965049 26.253347503021359 9.2699460850635642 23.415646851528436 34.869402295909822 27.787412137258798 9.905546270310877 11.003849416971207 3.4613312631845474 4.9370258925482604 10.860816251486542 7.9382376167923203 5.6172522986307731 5.064253977034241 7.507188141345976 5.0041035786271095 12.976108998060225 3.8431257633492342 10.366422495804725 3.8257479816675213 3.2156844735145578 7.9540296718478194 22.264880006201565 13.454179672291501 2.7806598851457229 7.8481240132823569 8.1495929406955927 7.535312483087182 3.2186550279147905 3.0017529164906582 8.9287883820943517 12.133218260132706 6.9962431858293712 179.48150387272472 8.6170335458591598 4.7029116703197351 13.349798919167371 113.02471903781407 4.2038789130747309 14.281691489741204 7.0389165573287782 23.526525323279202 536.28694033245119 17.63560231984593 85.945731999352574 10.012107618385924 5.2265274138189843 185.64287127996795
leaf_count=103 569 2977 48 51 242 43 702 229 41 1999 237 152 825 45 152 50 252 31 54 127 175 49 64 168 46 182 59 49 1064 200 49 394 177 46 148 290 86 117 1152 44 118 49 191 45 41 177 241 103 35 80 193 106 121 55 87 113 63 74 63 343 129 46 84 587 260 641 70 47 141 125 67 46 72 301 42 28 74 43 309 294 96 301 485 479 91 124 39 42 100 67 37 47 72 34 109 36 108 36 41 53 178 269 176 106 129 71 70 41 105 195 123 4814 86 45 323 1515 33 157 112 411 9271 250 1605 123 157 3012
internal_value=0.000143614 0.00272307 0.0018269 0.00684338 -0.00174126 0.00382213 0.00951029 0.00284632 -0.00153105 -0.00130679 -0.0115524 -0.00105236 -0.00444753 0.00467496 0.00755545 0.0167545 0.0112164 -0.00114275 0.0146609 0.0231317 -0.00126826 0.0161628 0.000447609 0.00271548 0.017113 0.0135416 0.0171505 0.0191427 -0.0139297 0.00234874 0.0217597 0.0185641 0.00669926 0.0112398 0.0144081 0.00163509 0.00579704 0.00365411 0.000248862 -0.00499626 -0.00760594 -0.00359328 0.00939732 0.00874745 0.00186686 -0.00248381 -0.00434303 0.00126863 0.00421848 0.0100637 0.0189083 0.00158934 -0.00598075 0.00109124 -0.0113072 -0.00211475 0.003007 0.0034972 0.00740074 -0.00151204 -0.0012578 0.00251838 -0.00188274 -0.0104054 -0.00396361 -0.00788719 0.0183471 -0.00651605 0.00159528 0.00385122 -0.000144321 -0.00377163 -0.00276465 -0.000316829 0.0136527 -0.00425231 -0.000172603 0.0010447 -0.00167549 0.00541088 0.0126959 0.00331161 0 0.00628594 0.00968219 0.00360948 0.0203131 -0.0012024 0.00843249 0.00472674 -0.00282935 0.00701656 0.0101182 -0.00131773 0.000224825 0.0059276 -0.0033509 0.0131774 0.00512112 -0.0090681 -0.0055878 -0.0125218 -0.0186767 -0.00154739 0.00528495 -0.00883699 0.012605 0.0227778 0.0296425 -0.00178465 -0.00737287 -0.00159813 0.000979789 0.0166203 -0.00226268 -0.000141813 0.0258571 0.00342741 -0.00438513 -0.0147461 -0.00039389 0.00863904 -0.00366947 -0.00172015 0.00418245 -0.00449321
internal_weight=3301.92 1394.58 1147.23 247.352 1907.34 678.066 108.757 156.084 1872.25 1832.67 39.5823 469.164 192.251 139.297 105.686 45.2908 39.0141 1818 13.2242 10.4023 1804.77 60.1924 60.3953 569.31 9.21156 91.2679 65.7152 11.1358 38.2522 558.174 52.8184 48.1884 52.4277 38.1404 34.1077 512.68 126.759 111.626 385.921 90.0523 76.2405 60.5725 55.8827 13.8118 295.868 103.344 97.3452 59.7374 192.525 65.9945 31.5162 34.4783 23.4359 126.53 15.6481 55.7431 36.8185 70.546 51.1617 1752.35 1686.75 238.399 1448.35 53.3566 73.1238 65.5976 19.4766 19.3843 41.4598 25.5527 52.9861 42.1742 51.1837 46.7714 9.46526 33.6112 28.4423 48.5644 42.7021 165.275 35.5233 129.752 86.0725 51.2031 43.6797 33.7741 6.97244 26.8017 15.7978 22.6335 14.6952 9.07799 45.4942 12.5113 31.6851 32.2712 14.2095 18.0617 14.236 121.705 34.9623 35.0875 21.6333 1394.99 45.6785 15.3834 30.295 20.0801 17.0784 1349.31 10.2149 1337.18 273.033 17.5238 1064.15 255.51 12.8209 142.485 496.874 30.5654 567.272 30.9854 466.309 286.827 91.1723 195.655
internal_count=44966 12354 9885 2469 32612 5515 1151 1609 31598 30256 1342 4370 1393 1380 1082 454 404 30014 212 181 29802 751 628 4364 149 860 684 92 1301 4272 502 443 546 369 323 3966 738 652 3228 659 570 452 308 89 2569 740 699 458 1829 535 228 307 201 1294 142 344 231 515 394 29256 28272 2848 25424 671 751 984 133 121 491 176 403 336 479 415 114 298 253 400 357 2097 390 1707 1265 780 442 351 85 266 142 179 112 75 306 106 261 350 144 206 170 878 281 1014 745 24753 645 177 468 275 234 24108 193 23913 3835 164 20078 3671 119 2156 10234 523 9844 573 9711 4897 1762 3135
is_linear=0
shrinkage=0.03


Tree=12
num_leaves=127
num_cat=0
split_feature=5 1 2 3 5 3 3 5 5 1 5 1 5 5 5 1 1 5 5 5 4 4 3 4 1 4 1 3 4 5 5 5 1 5 4 4 4 3 5 5 5 1 5 5 5 1 1 5 3 1 1 4 5 4 3 3 1 1 5 5 5 4 1 5 3 4 4 4 3 5 5 5 1 5 4 3 1 4 5 5 4 5 5 2 4 5 5 1 3 1 4 4 5 4 3 1 4 4 4 4 4 5 1 3 4 1 1 4 1 5 5 1 4 4 1 5 1 5 4 4 3 3 3 4 4 5
split_gain=10.52 8.3626 5.01232 5.12155 4.94357 4.0077 5.66558 3.80006 4.22397 5.08151 6.19547 7.47717 5.72495 5.0086 4.96118 3.72902 3.38114 5.53595 5.74428 3.90409 3.91528 5.97191 5.24536 6.7526 4.93188 3.7886 4.26202 3.30321 3.00052 2.99656 8.53223 3.32753 3.37946 5.88018 2.91144 4.09417 6.62698 3.67558 4.13752 7.43074 4.82279 4.85556 2.89093 7.28536 3.66573 4.29731 3.02938 3.85604 2.92708 2.82682 7.12246 6.31611 4.09462 4.49392 6.49079 5.84348 4.78472 7.44307 4.53193 4.45276 4.31931 5.47985 3.82736 3.55736 3.63927 3.31344 3.22563 3.16383 3.15122 3.38872 2.76697 5.37353 4.78721 6.64723 5.69827 3.84338 3.30339 4.04668 3.08875 3.69483 2.83205 2.76552 4.51587 2.70955 2.70884 2.66206 5.26653 4.52607 3.26652 3.29159 4.91873 5.7032 4.42517 5.15235 3.05607 4.60563 2.82226 2.80273 4.34555 4.06531 3.43516 3.19103 2.65059 2.61871 2.58798 2.58368 5.7345 6.35379 4.13228 3.77128 3.53379 5.47278 2.56926 4.41762 2.75318 2.6676 2.55836 2.54126 2.53865 2.5155 2.78178 2.50423 2.45106 5.91512 4.63561 5.0197
threshold=-1.2579639647386689 0.48927633026055362 1.0000000180025095e-35 0.17937839937745148 2.1656714473773664 3.3306709598291291 4.0309581954850584 -1.1233062408723014 -0.32532644312028985 0.91542023081006807 -0.2034739719689542 1.6940535305795514 0.91142581876281559 -0.57272158308335708 -0.17647462234267047 1.6493347262008988 -0.71934547314982122 -0.51659519755616834 0.42186211056552364 2.4818128817287461 1.2167291818222881 1.2709177633818667 1.5799528706893085 1.1210146425727237 0.45528194503153263 0.67501525704826237 -0.65387159343576273 1.0000000180025095e-35 1.3921437654275215 -0.035381071694822561 -0.23950293610356888 0.061520890705019898 -0.48927633026055362 0.67694056334233366 -1.0538841145581936 1.1210146425727237 1.1691440726652913 2.6303837241732011 -0.32532644312028985 0.29126511723362686 0.036657163901715369 1.6703788694379116 -0.66729241326846489 -0.49368535219087623 -0.80705155014674224 -0.36157664289049696 -0.33001042803497738 -0.39996179768432927 1.0000000180025095e-35 -1.6129988909688577 -1.3831741418509491 0.75106739618659757 2.8109308277165219 -0.9220796648567765 -1.9214833075903333 1.0000000180025095e-35 -1.0672386927342334 -1.1944942666918206 1.4140427534948377 1.5605914261499627 1.0250661367386906 1.0077958879740165 -0.77337226396022973 1.9094533980960859 -2.6217705432462615 0.14990312080914311 -0.48043484681688131 -1.2565792040001222 1.0000000180025095e-35 1.1707786206892243 0.14964205156109642 -0.40530395996178853 0.85133124913371028 -0.33808875753493661 -0.18162175216875906 -0.52090883627847673 0.6070425933753768 -0.99345732859227198 0.33188577748505671 0.41478388995097254 -0.32848336038177456 1.7834991048278619 1.7658696896813988 1.0000000180025095e-35 0.32848336038177478 -0.82657124511541036 -0.9138241700399361 -1.0426416421974649 -0.87105245410644094 -1.5639624632961975 -1.0538841145581936 0.63545888169093323 -0.61766558720155429 -0.48043484681688131 0.17937839937745148 -1.3393094017270453 -1.3450934277159972 -0.66674301125110214 -0.16424168019088733 -0.7734132030152896 0.89340254609328851 -1.0004417389587077 -1.2114047389358489 -1.5713396897623693 1.0538841145581943 0.41336709929847087 0.85133124913371028 0.52280593438051703 -1.0000000180025095e-35 -1.5352463387347999 -1.3471368473879781 1.7131845698859269 1.5174975345679209 1.1210146425727237 1.7534858911500171 -0.78611616743735568 0.16500521401748863 0.41496799610198759 -1.4208208841910095 -1.1691440726652909 -1.5713396897623693 1.0000000180025095e-35 1.0000000180025095e-35 0.12762893515618401 0.16424168019088739 -0.035381071694822561
decision_type=2 2 2 2 2 2 2 2 2 2 2 2 2 2 2 2 2 2 2 2 2 2 2 2 2 2 2 2 2 2 2 2 2 2 2 2 2 2 2 2 2 2 2 2 2 2 2 2 2 2 2 2 2 2 2 2 2 2 2 2 2 2 2 2 2 2 2 2 2 2 2 2 2 2 2 2 2 2 2 2 2 2 2 2 2 2 2 2 2 2 2 2 2 2 2 2 2 2 2 2 2 2 2 2 2 2 2 2 2 2 2 2 2 2 2 2 2 2 2 2 2 2 2 2 2 2
left_child=105 5 3 4 7 16 -7 -3 13 -10 -11 12 14 27 -12 -16 17 85 117 20 22 -22 24 -24 25 81 -27 -9 103 30 -28 -31 33 -33 118 37 -37 38 -36 40 41 -40 44 -44 45 -23 48 -48 -45 51 -51 63 53 58 59 56 57 66 67 -55 61 -58 -57 64 -20 -62 -56 -52 -53 -70 71 -4 73 74 -73 -75 84 -78 -72 80 -80 82 122 -26 -77 86 97 94 119 -90 96 92 -92 -94 95 -88 -91 99 -99 -2 101 102 -100 -14 -74 108 107 -107 -1 -108 111 -111 113 114 -29 -114 -110 -19 -5 -87 -121 -21 123 -18 -124 -126
right_child=1 2 70 34 -6 6 -8 8 9 10 11 -13 28 -15 15 -17 19 18 49 121 21 42 23 -25 83 26 29 112 -30 31 -32 32 -34 -35 35 36 -38 -39 39 -41 -42 -43 43 46 -46 -47 47 -49 -50 50 52 68 -54 54 55 62 60 -59 -60 -61 65 -63 -64 -65 -66 -67 -68 -69 69 -71 78 72 104 75 -76 76 77 -79 79 -81 -82 -83 -84 -85 -86 88 87 -89 89 90 91 -93 93 -95 -96 -97 -98 98 100 -101 -102 -103 -104 -105 -106 106 109 -109 116 110 -112 -113 115 -115 -116 -117 -118 -119 -120 120 -122 -123 124 -125 125 -127
leaf_value=-0.0059623183072128301 0.0034545655274654673 0.021348998240075731 -0.0094963374956851185 -0.0097688852131933169 0.025483422990911435 0.021770872864983627 -0.012871730053729338 -0.0093725817864425149 -0.0040560269578444165 0.026586029589010518 -0.021703561737948251 -0.014474226322781525 0.010237873483766756 -0.016672764828397635 0.014887983740161662 0.052996579564184534 9.2838421179072366e-05 -0.00098236814234610469 0.022490415084285599 0.022974168040358133 0.023320450814045237 0.023848086076534665 -0.01842966394209988 0.023975192425303833 0.035809352402776641 -0.023356185720871898 -0.0047588388917601697 0.014120243425969703 0.015937938867970892 -0.024650430733854287 0.013923283356555448 0.024528681199267006 -0.0075223348726956817 -0.0086138094437953269 -0.024396847382757301 0.037399714203512541 -0.0036089685814934191 0.022214097651213099 -0.018689268374328011 -0.020717157675847725 0.023884405897837517 0.025376595640072962 0.026388975354371246 0.014150658487865486 -0.021115392086395846 -0.0090345914393199014 -0.01898350037672299 0.0067437114262728359 -0.0061441435062896963 -0.0054508414486590315 -0.0057615268505412558 0.031463794337707955 -0.010702242128619987 -0.025213469113976178 -0.013228185619297018 -3.9022456508653552e-05 0.0274120830608197 0.035948667954381439 0.024322609466649325 0.0061234679289484959 0.0085105939427367987 -0.0097482842588316795 0.013196939416549926 -0.0071372117957802734 0.0034298418679361634 -0.016326328185617446 0.013310848171665423 0.013390605663593078 0 0.019770755766223096 -0.025560275082448944 0.0015951251452274676 -0.0071958543695456586 0.033103786067451457 0.077066551874660189 -0.029476017300501353 0.040675989082685875 -0.00065792915509468224 0.026570091218201312 -0.011404417106923501 -0.0071850394683115161 -0.0082074695579980334 0.034978295249056685 0.0012348866413309141 0.0053997179129105779 0.017294552688201858 -0.0082242817305182552 -0.03019169251205843 0.00013551709694671586 0.0075592853423468737 0.031721930556324246 0.0079130498507303474 0.032787049638707426 -0.0062537020575638589 -0.017803730179740528 0.026714596706887039 -0.026257082412888346 0.023662250749081883 0.0011118252154471188 -0.028543379922646689 0.013460345981433757 0.011727961245655991 -0.023555887634290503 -0.020664969171008195 0.011779471768381356 0.026878057423165406 -0.015321725321062825 -0.0093787854600812896 -0.024830919421150337 0.024192574359166791 -0.01107066470169874 -0.021057949841110458 0.038018174322390436 -0.020684155526497203 -0.014883630793485324 0.00037773126724582532 -0.0069661438330396704 -0.017954615183257725 0.033062815540552917 0.0051424812932520684 -0.015066809290407837 0.0047548462112369629 -0.00082053668079266754 -0.013679984671773926 0.00025420506179542351 0.010067832641764125
leaf_weight=87.443897040793672 17.021424928214405 7.0457397559657684 77.301564163761213 1.2947139348834755 6.8169019641354671 16.614506613928828 4.746171088423579 18.69211632036604 48.081131775863469 12.754500299226491 2.1288188137113968 13.982882015407084 2.4650522232986978 23.115307820960879 34.39375332696364 1.8149970183148969 122.62219912566798 487.62020484462118 9.326651335693894 7.7391842352226368 11.721589257940648 4.4185271104797712 26.652659386629242 2.9209798211231819 4.0597987025976172 9.2271932326257211 84.500988497631624 14.272113635670403 3.2085423646494737 7.8355118590407065 28.623569495975971 7.7705402630381313 93.947567273396999 9.7022956339642388 20.384997518500313 2.7675615558400741 58.507593113929033 1.7121183064300556 7.2027306742966193 16.411329684779048 7.2299797702580682 2.1063752886839211 10.594379274174569 6.2653189152479163 9.4119895952753705 9.457813042681666 4.5890721860341719 82.009478900399699 51.036214872263372 93.008250552229583 12.524823652580382 9.3864149972796422 15.435958704911171 10.781087452545764 4.3174000456929233 165.39785437472165 9.4176518656313402 13.617094745859502 18.506357367150486 5.5338560026139012 7.1613063830882338 4.6525453794747582 21.246911474037915 23.885796498507261 82.716401134617627 10.876296332105992 17.656933996360749 17.162512947805226 13.772560551762583 17.096366629004478 11.375615471508352 1.6236357064917686 34.634026029612869 2.6552523234859171 1.4509654883295322 3.9100261135026804 1.8305649040266931 7.9679999039508322 3.547661894466728 48.549025423839339 3.5455730038229367 34.157811085693538 2.3869671635329714 3.8555882973596454 2.7260101744905114 4.9882042640820172 6.864407205022875 5.9201812753453842 18.952376184985042 3.8662559520453215 25.153702299576253 38.342169307172298 3.7290100390091538 7.6019182433374208 5.6729882555082431 4.9941757600754517 3.1431124778464428 14.183485072106121 7.059747678693383 3.4436864173039785 19.007204852998257 6.924883107654753 7.0341810593381515 8.8504454817157221 6.8687667609192422 9.9100899449549633 24.003615339752287 6.4064219221472731 20.780143847456202 8.4078214503824729 8.9335171233396959 2.3092333339154711 3.0974431717768312 5.1347578922286621 2.6908098673447958 3.2041178741492322 13.156611106358467 7.1039422106696284 2.2232083412818602 11.915339244529608 10.607133630663153 38.043935704394244 351.36942802112026 35.227726688608527 98.123968189349398 90.119042004691437
leaf_count=1216 216 214 2052 29 106 153 47 534 863 283 51 443 50 564 722 50 2301 4494 55 99 129 45 411 33 60 93 1066 383 47 83 358 77 1068 89 479 36 922 52 118 367 142 52 108 57 102 124 54 842 428 695 183 47 123 101 43 1392 89 105 187 41 61 43 203 143 532 92 143 218 71 83 270 43 949 70 28 77 50 140 90 992 68 412 32 75 39 52 53 78 134 59 307 303 51 82 40 49 40 145 59 41 128 69 73 204 117 265 787 115 392 247 282 95 55 81 98 43 284 72 78 103 92 349 6213 484 1361 1118
internal_value=-7.07298e-05 0.000338366 -0.0030526 -0.00074666 0.00204687 0.00105117 0.013708 0.00113274 0.00029414 0.00355105 0.00817657 0.00427958 0.00947264 -0.00555353 0.0154616 0.0182518 0.000938771 0.00200631 0.00110462 -0.000175171 -0.000507873 0.0034346 -0.00125094 -0.013496 -0.000866366 -0.0010712 -0.0043213 7.52815e-05 -0.00612011 -0.00345578 2.25361e-05 -0.00675297 -0.00525959 0.0064929 -0.00568354 -0.00657122 -0.00113778 -0.0124376 -0.0139936 -0.00694009 0.00696127 -0.00693308 0.0019836 0.00349046 -0.00762151 0.00213355 0.00161341 0.00514497 -0.00366901 0.00312007 0.00183976 0.00656974 0.00388736 0.00463428 0.00309049 0.00429456 0.0117832 0.0192249 0.0130043 -0.0146713 0.0031119 0.0150938 0.00151402 0.00292288 0.00561444 -0.00637889 0.0076172 0.00528829 0.016674 0.0112365 -0.00669341 -0.00422348 0.00218001 0.0131539 0.0481207 0.00525787 -0.000709675 0.00983795 -0.0117062 -0.00841962 0.0105238 0 0.00041491 0.0213321 -0.0159256 0.00626309 0.0024652 -0.00962234 0.00910307 0.0115821 0.0141631 0.0164219 0.0248342 0.00796829 -0.00126008 0.00718997 -0.00861499 0.00637795 0.0099119 -0.00286892 0.00450825 -0.0036945 -0.0117459 -0.0134046 -0.00378157 -0.00707505 -0.00187593 0.0127496 -0.00958296 -0.00757276 0.00203109 0.0132212 0.0065031 0.00120449 0.00877994 0.0219632 -0.0183886 -0.00126786 0.0179621 0 -0.00448361 0.00832402 0.000242417 -0.00302876 0.0012087 0.00499659
internal_weight=3295.31 3113.96 539.577 331.59 211.749 2574.38 21.3607 204.933 197.887 127.68 79.599 66.8445 52.8616 70.2067 38.3376 36.2088 2553.02 1304.63 1078.21 1248.39 1202.61 189.504 1013.1 29.5736 983.53 975.615 241.608 47.0914 14.524 232.38 113.125 119.256 111.42 17.4728 119.841 116.323 61.2752 55.0475 53.3354 32.9504 16.5391 9.30911 177.783 154.494 23.2883 13.8763 143.9 86.5986 57.3015 583.481 427.297 156.184 334.289 318.853 270.659 254.344 67.6992 35.5914 48.1937 16.3149 32.1078 14.0702 186.645 115.929 92.0431 18.0376 21.9743 29.6873 40.2553 30.8689 207.987 140.969 63.6672 22.1645 3.0746 19.0899 16.4346 9.79856 67.0179 55.6423 7.09323 734.007 699.849 7.91539 6.63604 226.426 98.1264 23.4518 128.299 100.789 81.8362 74.8268 36.4846 11.3309 17.5316 11.8586 7.00937 74.6746 54.2095 20.4651 40.026 21.0188 14.0939 11.3155 41.5028 181.351 59.9707 16.3165 121.381 43.6542 19.6506 10.7171 28.3992 22.0977 16.9629 6.30156 33.9368 494.724 3.51792 27.5107 22.5225 45.7831 697.462 157.85 539.612 188.243
internal_count=44995 41312 12051 7066 4791 29261 200 4685 4471 2713 1850 1567 1124 1758 823 772 29061 11390 9216 17671 17223 1889 15334 444 14890 14755 2834 1194 301 2741 1424 1317 1234 166 2275 2168 958 1210 1158 679 312 170 1760 1489 271 169 1381 896 485 4650 3719 931 3024 2901 2313 2171 576 291 588 142 285 132 1595 730 587 153 186 401 201 154 4985 3565 1513 447 71 376 306 190 1420 1150 158 11921 11509 135 116 2174 951 220 1223 976 842 743 440 133 142 102 99 731 474 257 329 201 132 254 1066 3683 1791 380 1892 1411 624 342 660 562 481 98 676 4566 107 247 195 448 11477 2785 8692 2479
is_linear=0
shrinkage=0.03


Tree=13
num_leaves=127
num_cat=0
split_feature=1 4 4 2 4 0 5 0 1 5 5 4 5 0 4 5 5 5 5 4 4 4 1 0 1 4 4 5 5 4 1 1 1 1 1 4 1 5 1 1 5 1 5 1 1 4 5 1 4 4 5 0 5 0 1 4 5 5 1 5 1 4 1 1 5 1 4 5 1 5 1 4 5 5 4 4 5 4 0 4 5 0 4 5 5 1 4 5 5 5 5 0 5 5 4 1 1 0 1 1 5 1 1 5 5 4 5 5 5 4 1 4 4 5 5 1 1 1 5 5 4 5 1 1 4 5
split_gain=15.8608 5.85401 4.00086 7.61331 5.73014 7.1959 6.00648 5.46813 5.73975 4.95663 11.941 6.60503 4.96335 4.69155 5.48194 4.29981 7.20842 3.99033 5.70481 9.54934 13.7109 5.9828 6.13387 5.32734 4.41724 3.95371 3.84836 9.23975 6.688 5.79778 3.74072 3.69574 3.6807 3.67375 3.58164 3.55728 4.32198 3.54848 7.43807 5.00462 4.57361 3.97208 5.85541 4.89533 5.87548 4.00081 7.58445 3.49091 3.41444 4.8865 4.24905 3.36997 7.22322 3.6453 3.09913 4.89359 8.15889 4.17848 3.61554 3.0722 3.06368 3.05737 10.8183 6.52942 3.05378 2.92932 7.60814 2.90883 4.40992 4.92507 3.43935 2.81664 2.94903 2.81486 2.81167 2.81132 4.58188 4.71043 4.47397 6.15903 5.03071 6.54475 5.3253 4.09776 7.25418 4.32572 4.72602 4.02247 4.02586 6.16838 5.29375 3.60449 3.33172 3.26422 6.1874 5.0081 3.75423 3.49242 3.21248 3.1693 3.09149 7.28377 4.29039 6.99009 3.73424 3.05072 3.75056 3.04597 2.95636 3.49505 3.38515 2.90905 3.70762 4.74992 4.68347 4.08172 3.20169 4.52406 2.8216 3.21233 2.80263 4.59495 3.92224 5.25075 3.80191 5.55521
threshold=-0.6994786246393544 -0.5996124832365729 0.94721392279400651 1.0000000180025095e-35 -0.18162175216875906 1.0000000180025095e-35 1.0250661367386906 1.0000000180025095e-35 -0.77337226396022973 -0.30425409165963208 -0.064408414322451382 1.0077958879740165 -1.2579639647386689 0.60936290016033468 -0.32848336038177456 -0.7214120044898823 -0.60190796990249396 -0.66729241326846489 -0.48943836424211867 1.0000000180025095e-35 1.5390053736405374 -0.26628753137524819 -0.22359402189326377 1.0000000180025095e-35 0.6070425933753768 1.4901859928884085 0.36324350433751823 -0.044345096610467621 1.4932034991566783 0.63545888169093323 -1.1944942666918206 -1.3831741418509491 1.1746274181813543 -0.60704259337537658 0.80042901955067547 -1.5707240050001527 -1.2869302979557984 -0.93957967511279938 -0.85133124913371006 -1.3393094017270453 -1.1724510153683643 -1.1600583959403445 1.1707786206892243 -1.5639624632961975 -1.3393094017270453 -1.2401922789924147 -0.18505534005496024 -1.4806057920327043 0.46404792180917381 0.72716979721702424 -1.4097849702152991 -0.97829221439720593 0.66816515530450438 1.0000000180025095e-35 1.6129988909688584 -0.23044113292088789 -1.1930589639944242 -1.0538825222000068 -0.18078832144524853 -0.73112886685701717 -1.4806057920327043 1.4653692554969284 -1.2869302979557984 -1.0672386927342334 1.7658696896813988 -1.694053530579551 -0.32848336038177456 1.1707786206892243 -0.82673419859694153 0.45077673482341823 -1.6324242539568699 1.3921437654275215 0.99100649773228267 -0.55794635618211708 -0.16424168019088733 0.50389794398700838 0.43660041905895941 -0.55148305314400514 1.0000000180025095e-35 1.4901859928884085 1.2863433587542312 0.60936290016033468 0.63545888169093323 0.83323371331253226 0.91142581876281559 -0.48927633026055362 1.0538841145581943 0.57547489229867488 -0.35894564986253419 -0.2034739719689542 -0.020717302878443946 0.60936290016033468 -0.41766301576325121 1.7834991048278619 1.0000000180025095e-35 0.57547637851985722 0.45528194503153263 1.0000000180025095e-35 1.1746274181813543 1.8308404616201364 2.0945788246333383 -1.0000000180025095e-35 -1.0000000180025095e-35 0.13634277505727901 0.26219933799479295 0.67501525704826237 0.90622356671858617 1.2530001846503167 -0.044345096610467621 0.96955972962269865 1.5323962484406783 -0.18162175216875906 0.12762893515618401 0.29126511723362686 0.14964205156109642 1.0000000180025095e-35 0.45528194503153263 0.65387159343576295 -0.41766301576325121 0.41478388995097254 -0.88899068166813622 -0.33808875753493661 -1.3184965128113177 -1.4806057920327043 -1.1005309863130883 1.4140427534948377
decision_type=2 2 2 2 2 2 2 2 2 2 2 2 2 2 2 2 2 2 2 2 2 2 2 2 2 2 2 2 2 2 2 2 2 2 2 2 2 2 2 2 2 2 2 2 2 2 2 2 2 2 2 2 2 2 2 2 2 2 2 2 2 2 2 2 2 2 2 2 2 2 2 2 2 2 2 2 2 2 2 2 2 2 2 2 2 2 2 2 2 2 2 2 2 2 2 2 2 2 2 2 2 2 2 2 2 2 2 2 2 2 2 2 2 2 2 2 2 2 2 2 2 2 2 2 2 2
left_child=2 34 3 4 5 15 -6 9 31 12 -11 -12 -4 14 -7 -1 -17 48 19 21 24 22 -19 -23 -21 -10 37 30 29 -29 -28 -9 -22 -20 -2 36 -18 38 39 -5 -41 42 45 64 -45 46 47 -39 50 -50 -3 52 -47 60 58 57 -57 -56 59 74 -53 62 -14 -64 -44 -37 73 68 71 -70 -69 72 -13 -67 -52 76 92 107 79 100 82 -82 87 85 -85 -84 98 88 -80 -90 -91 -86 -35 95 -95 96 -79 -96 -87 118 102 -102 103 -77 -105 -106 -107 -78 109 -100 -110 -94 113 -113 116 -116 -114 -118 -88 -120 124 -122 123 -123 -75 -126
right_child=1 17 7 26 6 13 -8 8 25 10 11 67 61 -15 -16 16 35 18 33 20 32 23 -24 -25 -26 -27 27 28 -30 -31 -32 -33 -34 75 -36 65 -38 41 -40 40 -42 -43 43 44 -46 51 -48 -49 49 -51 54 53 -54 -55 55 56 -58 -59 -60 -61 -62 -63 63 -65 -66 66 -68 70 69 -71 -72 -73 -74 120 -76 78 77 93 80 -81 81 -83 83 84 91 86 99 -89 89 90 -92 -93 111 94 97 -97 -98 -99 108 -101 101 -103 -104 104 105 106 -108 -109 110 -111 -112 112 114 -115 115 -117 117 -119 119 -121 121 122 -124 -125 125 -127
leaf_value=-0.0052985128466615334 -0.0030739008887214971 -0.011780011917431655 -0.012287691423749959 -0.00096239554024649739 0.0052469926785168068 0.016509715039125152 -0.0035869455391037636 0.0013383501377914515 0.027359758411884108 -0.016754611827182908 -0.018503444049719604 -0.0033005711600486752 0.031985144366260286 -0.0033734560379014345 0.047604038862909141 0.03438177741361885 -0.02782936484935954 0.036468586915023256 -0.0091825999241270159 -0.00025401526300262349 0.034997967045907151 0.015371761927731969 -0.0093975449665528697 0.054051887389017665 -0.019164410810229671 -0.0061888808992550306 0.0047395936546362656 0.042824582129214972 -0.0048335658944359625 0.011329200184566858 -0.020635447463895167 -0.014093548658667538 -0.001826819082362631 0.0094680381827815033 -0.0092270784156682478 0.013368137396453114 0.011973002505730352 0.0016600764573113898 -0.017751922857625311 0.0086595015131318218 0.041345737710449998 0.00154165462431157 0.030327625696200473 -0.018908096573971609 0.010832301586346311 0.009756181201817404 -0.010507392559274367 0.038083275720433407 -0.014940866832690386 -0.0035738717638839424 0.023580912124754799 -0.0099806445545528536 -0.026353021084634682 0.0031719565304759423 -0.00093961613889821216 0.051493052837897117 -0.016490776083944569 0.064840362573985344 -0.0031635230223692355 -0.010153415440052922 -0.024173268877675378 0.0030436263964175921 -0.016896566702506353 0.012670310512611596 0.0018501559947864368 -0.024610244989475692 0.026202018559041636 0.019628364372319677 0.035385848314244565 -0.0013868094026652112 0.0042323466717916706 0.0037789088520747676 -0.025740497528321107 0.00060021449137483509 0.0043181463143200337 0.019200570825719555 0.043735675136439042 0.0039904348898432652 -0.012498864346764059 -0.0073959680120880764 -0.0010362504886659437 -0.019650769848426813 0.014564807424009823 0.034151220567679851 -0.0072152144397331823 -0.013517997225061675 -0.015874167240077026 -0.0065153389471136972 0.056588579311447618 -0.013963525179226687 0.026123033507821768 0.015225411939143434 -0.011804085667595055 0.0055286566496575281 -0.025638114812616259 -0.009416709479434196 0.030463879473736744 0 0.02225969569550448 -0.017900501786510637 -0.005875808924155612 0.035529679517625361 0.00079588483311796195 -0.021076844990749161 -0.014129751278312522 0.016089371333227631 -0.0014609979737501707 0 0.0061286973493818869 -0.018314799104454119 -0.026832503386158297 0.0052763832081033192 -0.014173646997107934 -0.018198200384150317 0.013877671840071456 -0.013323825906100694 0.030383689694863138 -0.0071086388327355008 0.0049603525516221511 -0.0054606330618336201 0.021788691611047954 -0.0079663208405942355 -0.012091879207817253 0.016765284365229251 0.0076129509850977051 0.048904957308526793
leaf_weight=26.01713313953951 324.99379780819436 21.971139155328274 9.1188070345669967 10.435081726405771 274.19760211440735 55.930964102502912 91.367737522814423 18.249729927629232 5.890342900529502 34.00369203928858 11.841577066574244 48.149544896092266 18.759753013961014 8.3233125908300263 5.2473597945645443 7.6688136719167224 4.9464865019544959 2.7239915658719838 42.01736417459324 45.192770729074255 10.64170665014535 8.421254472807048 7.8449697848409414 6.1808326353784659 13.903295373078434 5.0648495256900787 9.3635733202099818 9.4181631756946498 8.2613469157367927 13.41773055680096 9.6712635830044729 52.235545362345874 2.778163948096334 12.389145328197626 116.69128193962388 47.185214606113732 3.3009566403925401 4.5905815353617072 7.0201210086233905 9.0232605654746312 7.2899200655519953 129.59371362277307 7.3504932625219208 10.729288062080739 11.154391903430225 15.340588676743211 16.309681315440685 4.5864323647692817 43.974834026303142 149.44596251961775 11.390634019859137 30.072029417642621 6.1658700900152317 8.1988567840307933 1.1026204838417473 1.1525179385207591 5.0477294467855227 1.7389868879690764 68.669264025054872 5.6049250820651642 30.702017817646269 34.950706344097853 9.0781957451254112 19.094217375852175 6.3361993683502078 2.5680849133059374 11.744886038824914 18.012002419680357 5.6646841727197152 6.0137203307822347 46.75985661894083 52.087952381014475 5.0772593170404425 20.316552725154907 17.529245363548398 39.200343500357121 2.8043844914063802 111.75097588798963 2.0524731050245508 34.039459987543523 45.956664793659002 26.444734586868435 12.449417840689419 7.0545487580820909 15.890668204054238 48.252866714727134 7.2702916064299634 5.5512918257154515 3.6267790794372603 3.5996125908568528 7.7764114420860926 9.3819660441949946 55.690220108488575 18.024844798725098 14.457592521794142 24.633158778255165 4.1265689639840266 6.6028951229527584 6.9573712670244294 7.365821100305765 5.7893728334456673 8.5247274646535498 101.07492300868034 4.4550835117697707 5.4940806468948713 22.286865539848804 19.869578317273408 2.3930571926757693 5.0705734454095346 1.6052260007709263 4.3211028133518994 53.306709601485636 57.99669497855939 8.0312318187206966 13.912723114714028 6.4259765597525975 2.7419177014380685 11.73464564559981 98.040749552194029 35.266223251725023 5.9039232186041692 15.712074249982836 27.267744631972185 13.319244083017102 10.512698221020392 3.5009438849519929
leaf_count=318 6908 482 68 95 2415 584 685 113 52 244 82 338 118 93 45 96 50 47 439 609 106 130 171 121 293 42 56 63 50 88 91 400 65 255 4026 329 46 53 117 135 84 1655 48 88 101 133 172 61 760 2366 204 246 41 74 44 37 151 48 1354 83 321 217 73 159 50 26 109 85 41 49 284 316 28 251 245 427 50 1502 40 326 459 441 119 77 177 700 111 86 56 61 120 162 1085 254 149 567 80 94 148 167 45 71 1307 43 51 230 179 34 95 51 106 894 798 137 187 133 47 273 1330 419 80 124 316 120 127 32
internal_value=7.83723e-05 -0.00169781 0.00250391 0.00351736 0.0054994 0.00881867 0.00302713 -2.44901e-05 -0.00692053 0.00174496 -0.000615483 0.00227519 0.00762394 0.017104 0.0199477 0.00585323 0.00755908 -0.000783455 5.25909e-05 0.00694959 0.00128118 0.0224923 0.00429492 0.0343517 -0.00499777 0.0123782 5.54544e-05 0.00769854 0.0175943 0.0256963 -0.00838974 -0.0100932 0.0275685 -0.000596103 -0.00472349 0.00610594 -0.0120024 -0.00117235 0.0078569 0.0150836 0.0249838 -0.00229155 -0.00557799 0.00491396 -0.00380701 -0.00883634 0.00151589 0.0221116 -0.00369651 -0.00623718 0 -0.0117699 -0.00117391 -0.014967 0.00237081 0.0182963 0.00112607 0.0449346 0.000784417 0.00858926 -0.0174743 0.00999908 0.0149447 0.00278733 0.018372 0.00713938 0.00436527 0.00373912 0.000865051 0.0175975 0.00879268 -0.00111028 -0.00593163 0.00151144 0.01254 -0.00022414 -0.0021448 0.00133002 0.00108682 0.00423573 -0.00105241 -0.0080512 0.00075896 -0.00047165 0.0093399 -0.00191945 -0.00295494 0.0144039 0.0213627 0.0266742 0.013093 0.00126367 -0.00504072 0.000423319 -0.00711659 0.00257734 0.00521144 -0.0178352 -0.00955195 2.15123e-05 0.00619212 0.0192971 0.00510678 0.00978609 0.00241867 0.00506512 0.00790567 0.027053 0.00109952 0.0132197 -0.00987077 -0.0059524 -0.00375655 0.00191201 -0.00751524 0.00492117 -0.0110657 0.00130308 0.00110156 0.00216102 0.00248232 -0.00128871 -0.00409915 0.0034608 0.00924304 0.0206988
internal_weight=3310.82 1910.71 1400.11 1000.06 635.032 269.466 365.565 400.052 81.4405 318.612 227.61 193.607 91.0017 69.5016 61.1783 199.965 173.948 1469.02 1141.4 97.687 72.5159 25.171 10.569 14.6021 59.0961 10.9552 365.031 50.1321 31.0972 22.8359 19.0348 70.4853 13.4199 1043.71 441.685 166.279 8.24744 314.899 33.7684 26.7483 16.3132 281.13 151.536 35.5704 21.8837 115.966 25.4867 9.17701 327.628 193.421 134.207 90.4794 21.5065 68.9729 112.236 9.04185 6.20025 2.84161 103.194 34.5248 60.774 81.8829 46.9322 28.1724 13.6867 158.031 110.846 181.765 116.993 11.6784 64.7719 105.315 53.2268 99.1013 28.9199 1001.69 407.023 184.793 594.669 240.734 353.935 72.4014 281.533 258.927 32.3272 226.6 214.15 22.6066 17.0553 15.0028 11.376 25.2726 222.229 179.596 39.0853 140.511 115.878 21.0605 66.2071 147.943 206.695 14.3141 192.381 91.306 52.1056 47.6505 42.1564 5.19744 17.9543 8.5626 9.39168 209.84 154.15 61.3379 92.812 20.3387 72.4733 14.4766 140.577 133.307 96.5332 62.203 56.2991 29.0313 34.3302 14.0136
internal_count=45209 32832 12377 9668 5846 2746 3100 2709 607 2102 1467 1223 635 722 629 2024 1706 21898 16124 1542 1073 469 218 251 902 94 3822 348 201 151 147 513 171 14582 10934 1610 96 3474 431 314 219 3043 1388 287 189 1101 286 114 5774 3126 2648 815 174 641 2166 280 188 92 1886 532 567 567 350 232 98 1514 1185 1141 772 90 369 682 366 1076 449 14143 6539 2730 7604 2679 4925 900 4025 3662 416 3246 3127 363 277 237 181 339 3809 2646 497 2149 1582 243 1100 2027 2353 116 2237 930 503 460 409 84 400 199 201 3554 2469 1031 1438 320 1118 320 1860 1749 1050 640 560 244 410 159
is_linear=0
shrinkage=0.03


end of trees

feature_importances:
te_owName=574
wgBudam__pr=419
age__pr=377
wgBudam_chg=268
age=89
oh_sex_암=37

parameters:
[boosting: gbdt]
[objective: custom]
[metric: custom]
[tree_learner: serial]
[device_type: cpu]
[data_sample_strategy: bagging]
[data: ]
[valid: ]
[num_iterations: 14]
[learning_rate: 0.03]
[num_leaves: 127]
[num_threads: 1]
[seed: 42]
[deterministic: 0]
[force_col_wise: 0]
[force_row_wise: 0]
[histogram_pool_size: -1]
[max_depth: -1]
[min_data_in_leaf: 35]
[min_sum_hessian_in_leaf: 0.001]
[bagging_fraction: 0.8]
[pos_bagging_fraction: 1]
[neg_bagging_fraction: 1]
[bagging_freq: 1]
[bagging_seed: 400]
[bagging_by_query: 0]
[feature_fraction: 0.8]
[feature_fraction_bynode: 1]
[feature_fraction_seed: 30056]
[extra_trees: 0]
[extra_seed: 12879]
[early_stopping_round: 0]
[early_stopping_min_delta: 0]
[first_metric_only: 0]
[max_delta_step: 0]
[lambda_l1: 0.1]
[lambda_l2: 1]
[linear_lambda: 0]
[min_gain_to_split: 0]
[drop_rate: 0.1]
[max_drop: 50]
[skip_drop: 0.5]
[xgboost_dart_mode: 0]
[uniform_drop: 0]
[drop_seed: 17869]
[top_rate: 0.2]
[other_rate: 0.1]
[min_data_per_group: 100]
[max_cat_threshold: 32]
[cat_l2: 10]
[cat_smooth: 10]
[max_cat_to_onehot: 4]
[top_k: 20]
[monotone_constraints: ]
[monotone_constraints_method: basic]
[monotone_penalty: 0]
[feature_contri: ]
[forcedsplits_filename: ]
[refit_decay_rate: 0.9]
[cegb_tradeoff: 1]
[cegb_penalty_split: 0]
[cegb_penalty_feature_lazy: ]
[cegb_penalty_feature_coupled: ]
[path_smooth: 0]
[interaction_constraints: ]
[verbosity: -1]
[saved_feature_importance_type: 0]
[use_quantized_grad: 0]
[num_grad_quant_bins: 4]
[quant_train_renew_leaf: 0]
[stochastic_rounding: 1]
[linear_tree: 0]
[max_bin: 255]
[max_bin_by_feature: ]
[min_data_in_bin: 3]
[bin_construct_sample_cnt: 200000]
[data_random_seed: 175]
[is_enable_sparse: 1]
[enable_bundle: 1]
[use_missing: 1]
[zero_as_missing: 0]
[feature_pre_filter: 1]
[pre_partition: 0]
[two_round: 0]
[header: 0]
[label_column: ]
[weight_column: ]
[group_column: ]
[ignore_column: ]
[categorical_feature: ]
[forcedbins_filename: ]
[precise_float_parser: 0]
[parser_config_file: ]
[objective_seed: 16083]
[num_class: 1]
[is_unbalance: 0]
[scale_pos_weight: 1]
[sigmoid: 1]
[boost_from_average: 0]
[reg_sqrt: 0]
[alpha: 0.9]
[fair_c: 1]
[poisson_max_delta_step: 0.7]
[tweedie_variance_power: 1.5]
[lambdarank_truncation_level: 30]
[lambdarank_norm: 1]
[label_gain: ]
[lambdarank_position_bias_regularization: 0]
[eval_at: ]
[multi_error_top_k: 1]
[auc_mu_weights: ]
[num_machines: 1]
[local_listen_port: 12400]
[time_out: 120]
[machine_list_filename: ]
[machines: ]
[gpu_platform_id: -1]
[gpu_device_id: -1]
[gpu_device_id_list: ]
[gpu_use_dp: 0]
[num_gpu: 1]

end of parameters

pandas_categorical:null
